id,time,rlu_norm,plate_row,plate_col,virus_cc,popPred_medianCOV,popPred,indivPred_SAEM,indivPred_mode,indWRes_SAEM,indWRes_mode
130_bNAb_Combinations|1313842|cc|1|1|nan|2946,0,0.00107969,1,1,0,0,0,0,0,0.00893526,0.00893526
130_bNAb_Combinations|1313842|cc|2|1|nan|2946,0,0.000918885,2,1,0,0,0,0,0,0.00760448,0.00760448
130_bNAb_Combinations|1313842|cc|3|1|nan|2946,0,0.00110266,3,1,0,0,0,0,0,0.00912537,0.00912537
130_bNAb_Combinations|1313842|cc|4|1|nan|2946,0,0.00133238,4,1,0,0,0,0,0,0.0110265,0.0110265
130_bNAb_Combinations|1313842|cc|5|1|nan|2946,0,0.00153913,5,1,0,0,0,0,0,0.0127375,0.0127375
130_bNAb_Combinations|1313842|cc|6|1|nan|2946,0,0.00149319,6,1,0,0,0,0,0,0.0123573,0.0123573
130_bNAb_Combinations|1313842|cc|7|1|nan|2946,0,0.00149319,7,1,0,0,0,0,0,0.0123573,0.0123573
130_bNAb_Combinations|1313842|cc|8|1|nan|2946,0,0.000826997,8,1,0,0,0,0,0,0.00684403,0.00684403
130_bNAb_Combinations|1313842|sample|10|nan|2946,0.0003648,0.782305,1,10,1,0.744044,0.814193,0.814193,0.814193,-0.263902,-0.263902
130_bNAb_Combinations|1313842|sample|10|nan|2946,0.001824,0.882187,2,10,1,0.801364,0.855822,0.855822,0.855822,0.218191,0.218191
130_bNAb_Combinations|1313842|sample|10|nan|2946,0.00912,0.889573,3,10,1,0.839598,0.884027,0.884027,0.884027,0.045898,0.045898
130_bNAb_Combinations|1313842|sample|10|nan|2946,0.0456,0.751223,4,10,1,0.786967,0.850418,0.850418,0.850418,-0.82091,-0.82091
130_bNAb_Combinations|1313842|sample|10|nan|2946,0.228,0.542866,5,10,1,0.468955,0.629909,0.629909,0.629909,-0.720347,-0.720347
130_bNAb_Combinations|1313842|sample|10|nan|2946,1.14,0.150628,6,10,1,0.0713484,0.112332,0.112332,0.112332,0.316935,0.316935
130_bNAb_Combinations|1313842|sample|10|nan|2946,5.7,0.0141738,7,10,1,0.0644445,0.0687986,0.0687986,0.0687986,-0.452061,-0.452061
130_bNAb_Combinations|1313842|sample|10|nan|2946,28.5,0.000252693,8,10,1,0.0597781,0.0654111,0.0654111,0.0654111,-0.539236,-0.539236
130_bNAb_Combinations|1313842|sample|11|nan|2946,0.0003712,0.787795,1,11,1,0.744042,0.814135,0.814135,0.814135,-0.217987,-0.217987
130_bNAb_Combinations|1313842|sample|11|nan|2946,0.001856,0.899692,2,11,1,0.801344,0.855487,0.855487,0.855487,0.365833,0.365833
130_bNAb_Combinations|1313842|sample|11|nan|2946,0.00928,0.943259,3,11,1,0.794933,0.849961,0.849961,0.849961,0.772114,0.772114
130_bNAb_Combinations|1313842|sample|11|nan|2946,0.0464,0.770876,4,11,1,0.743993,0.813122,0.813122,0.813122,-0.349617,-0.349617
130_bNAb_Combinations|1313842|sample|11|nan|2946,0.2319999999999999,0.591682,5,11,1,0.438323,0.602539,0.602539,0.602539,-0.0898515,-0.0898514
130_bNAb_Combinations|1313842|sample|11|nan|2946,1.16,0.238543,6,11,1,0.0671987,0.109474,0.109474,0.109474,1.06814,1.06814
130_bNAb_Combinations|1313842|sample|11|nan|2946,5.8,0.0150238,7,11,1,0.0644445,0.0478489,0.0478489,0.0478489,-0.271653,-0.271653
130_bNAb_Combinations|1313842|sample|11|nan|2946,29,0,8,11,1,0.0597781,0.0454929,0.0454929,0.0454929,-0.376489,-0.376489
130_bNAb_Combinations|1313842|sample|12|nan|2946,0.0003712,0.726907,1,12,1,0.744042,0.814135,0.814135,0.814135,-0.721878,-0.721878
130_bNAb_Combinations|1313842|sample|12|nan|2946,0.001856,0.725805,2,12,1,0.743319,0.813365,0.813365,0.813365,-0.724629,-0.724629
130_bNAb_Combinations|1313842|sample|12|nan|2946,0.00928,0.699823,3,12,1,0.737372,0.808111,0.808111,0.808111,-0.896164,-0.896164
130_bNAb_Combinations|1313842|sample|12|nan|2946,0.0464,0.628667,4,12,1,0.69012,0.773086,0.773086,0.773086,-1.19518,-1.19518
130_bNAb_Combinations|1313842|sample|12|nan|2946,0.2319999999999999,0.46638,5,12,1,0.406584,0.572872,0.572872,0.572872,-0.881297,-0.881297
130_bNAb_Combinations|1313842|sample|12|nan|2946,1.16,0.173084,6,12,1,0.0623329,0.104084,0.104084,0.104084,0.571023,0.571023
130_bNAb_Combinations|1313842|sample|12|nan|2946,5.8,0.0100848,7,12,1,0.0597781,0.045493,0.045493,0.045493,-0.29303,-0.29303
130_bNAb_Combinations|1313842|sample|12|nan|2946,29,0.00119455,8,12,1,0.0597781,0.0454929,0.0454929,0.0454929,-0.366603,-0.366603
130_bNAb_Combinations|1313842|sample|3|nan|2946,0.000064,0.866394,1,3,1,0.744131,0.814267,0.814267,0.814267,0.431391,0.431391
130_bNAb_Combinations|1313842|sample|3|nan|2946,0.00032,0.944316,2,3,1,0.802142,0.856435,0.856435,0.856435,0.727275,0.727275
130_bNAb_Combinations|1313842|sample|3|nan|2946,0.0016,0.961051,3,3,1,0.846361,0.889028,0.889028,0.889028,0.596041,0.596041
130_bNAb_Combinations|1313842|sample|3|nan|2946,0.008,0.986159,4,3,1,0.840784,0.888987,0.888987,0.888987,0.804177,0.804177
130_bNAb_Combinations|1313842|sample|3|nan|2946,0.04,0.882578,5,3,1,0.796156,0.888055,0.888055,0.888055,-0.0453281,-0.0453281
130_bNAb_Combinations|1313842|sample|3|nan|2946,0.2,0.77709,6,3,1,0.513308,0.867411,0.867411,0.867411,-0.747478,-0.747478
130_bNAb_Combinations|1313842|sample|3|nan|2946,1,0.473111,7,3,1,0.0718155,0.500446,0.500446,0.500446,-0.226215,-0.226215
130_bNAb_Combinations|1313842|sample|3|nan|2946,5,0.151731,8,3,1,0.0597781,0.0654109,0.0654109,0.0654109,0.714364,0.714364
130_bNAb_Combinations|1313842|sample|4|nan|2946,0.000064,0.844789,1,4,1,0.744131,0.814267,0.814267,0.814267,0.25259,0.25259
130_bNAb_Combinations|1313842|sample|4|nan|2946,0.00032,0.96429,2,4,1,0.802142,0.856435,0.856435,0.856435,0.892577,0.892577
130_bNAb_Combinations|1313842|sample|4|nan|2946,0.0016,0.942363,3,4,1,0.846361,0.889028,0.889028,0.889028,0.441385,0.441385
130_bNAb_Combinations|1313842|sample|4|nan|2946,0.008,0.926512,4,4,1,0.875231,0.91418,0.91418,0.91418,0.102059,0.102059
130_bNAb_Combinations|1313842|sample|4|nan|2946,0.04,0.878374,5,4,1,0.828774,0.913222,0.913222,0.913222,-0.288393,-0.288393
130_bNAb_Combinations|1313842|sample|4|nan|2946,0.2,0.73798,6,4,1,0.513308,0.867411,0.867411,0.867411,-1.07114,-1.07114
130_bNAb_Combinations|1313842|sample|4|nan|2946,1,0.443512,7,4,1,0.0718155,0.500446,0.500446,0.500446,-0.471174,-0.471174
130_bNAb_Combinations|1313842|sample|4|nan|2946,5,0.140934,8,4,1,0.0597781,0.0654109,0.0654109,0.0654109,0.625012,0.625012
130_bNAb_Combinations|1313842|sample|5|nan|2946,0.0006144,0.829983,1,5,1,0.743949,0.814267,0.814267,0.814267,0.130065,0.130065
130_bNAb_Combinations|1313842|sample|5|nan|2946,0.003072,0.89357,2,5,1,0.800514,0.856429,0.856429,0.856429,0.307371,0.307371
130_bNAb_Combinations|1313842|sample|5|nan|2946,0.01536,0.91946,3,5,1,0.832268,0.888877,0.888877,0.888877,0.253096,0.253096
130_bNAb_Combinations|1313842|sample|5|nan|2946,0.0768,0.844513,4,5,1,0.762396,0.910691,0.910691,0.910691,-0.547672,-0.547672
130_bNAb_Combinations|1313842|sample|5|nan|2946,0.384,0.634686,5,5,1,0.288317,0.838349,0.838349,0.838349,-1.68547,-1.68547
130_bNAb_Combinations|1313842|sample|5|nan|2946,1.92,0.273162,6,5,1,0.0680679,0.169648,0.169648,0.169648,0.856651,0.856651
130_bNAb_Combinations|1313842|sample|5|nan|2946,9.6,0.101927,7,5,1,0.0644445,0.068797,0.068797,0.068797,0.274179,0.274179
130_bNAb_Combinations|1313842|sample|5|nan|2946,48,0.049482,8,5,1,0.0597781,0.0654096,0.0654096,0.0654096,-0.131813,-0.131813
130_bNAb_Combinations|1313842|sample|6|nan|2946,0.0006144,0.807137,1,6,1,0.743949,0.814267,0.814267,0.814267,-0.0590008,-0.0590008
130_bNAb_Combinations|1313842|sample|6|nan|2946,0.003072,0.913073,2,6,1,0.800514,0.856429,0.856429,0.856429,0.468776,0.468776
130_bNAb_Combinations|1313842|sample|6|nan|2946,0.01536,0.905757,3,6,1,0.832268,0.888877,0.888877,0.888877,0.139695,0.139695
130_bNAb_Combinations|1313842|sample|6|nan|2946,0.0768,0.884312,4,6,1,0.762396,0.910691,0.910691,0.910691,-0.218303,-0.218303
130_bNAb_Combinations|1313842|sample|6|nan|2946,0.384,0.63016,5,6,1,0.288317,0.838349,0.838349,0.838349,-1.72293,-1.72293
130_bNAb_Combinations|1313842|sample|6|nan|2946,1.92,0.318692,6,6,1,0.0680679,0.169648,0.169648,0.169648,1.23345,1.23345
130_bNAb_Combinations|1313842|sample|6|nan|2946,9.6,0.14291,7,6,1,0.0644445,0.068797,0.068797,0.068797,0.613339,0.613339
130_bNAb_Combinations|1313842|sample|6|nan|2946,48,0.0423376,8,6,1,0.0597781,0.0654096,0.0654096,0.0654096,-0.190938,-0.190938
130_bNAb_Combinations|1313842|sample|7|nan|2946,0.0000768,0.796949,1,7,1,0.744129,0.814257,0.814257,0.814257,-0.143235,-0.143235
130_bNAb_Combinations|1313842|sample|7|nan|2946,0.000384,1,2,7,1,0.802118,0.856352,0.856352,0.856352,1.18879,1.18879
130_bNAb_Combinations|1313842|sample|7|nan|2946,0.00192,0.911982,3,7,1,0.846153,0.88835,0.88835,0.88835,0.195572,0.195572
130_bNAb_Combinations|1313842|sample|7|nan|2946,0.0096,0.8727,4,7,1,0.873453,0.908731,0.908731,0.908731,-0.298182,-0.298182
130_bNAb_Combinations|1313842|sample|7|nan|2946,0.048,0.846259,5,7,1,0.815031,0.871887,0.871887,0.871887,-0.212089,-0.212089
130_bNAb_Combinations|1313842|sample|7|nan|2946,0.24,0.530266,6,7,1,0.450839,0.615624,0.615624,0.615624,-0.706407,-0.706407
130_bNAb_Combinations|1313842|sample|7|nan|2946,1.2,0.187832,7,7,1,0.0665837,0.100974,0.100974,0.100974,0.718811,0.718811
130_bNAb_Combinations|1313842|sample|7|nan|2946,6,0.0118536,8,7,1,0.0597781,0.0654111,0.0654111,0.0654111,-0.443229,-0.443229
130_bNAb_Combinations|1313842|sample|8|nan|2946,0.0000768,0.807666,1,8,1,0.744129,0.814257,0.814257,0.814257,-0.0545476,-0.0545476
130_bNAb_Combinations|1313842|sample|8|nan|2946,0.000384,0.9013,2,8,1,0.802118,0.856352,0.856352,0.856352,0.371977,0.371977
130_bNAb_Combinations|1313842|sample|8|nan|2946,0.00192,0.96043,3,8,1,0.846153,0.88835,0.88835,0.88835,0.596518,0.596518
130_bNAb_Combinations|1313842|sample|8|nan|2946,0.0096,0.907296,4,8,1,0.873453,0.908731,0.908731,0.908731,-0.0118737,-0.0118737
130_bNAb_Combinations|1313842|sample|8|nan|2946,0.048,0.786233,5,8,1,0.815031,0.871887,0.871887,0.871887,-0.708852,-0.708852
130_bNAb_Combinations|1313842|sample|8|nan|2946,0.24,0.560359,6,8,1,0.450839,0.615624,0.615624,0.615624,-0.457361,-0.457361
130_bNAb_Combinations|1313842|sample|8|nan|2946,1.2,0.163389,7,8,1,0.0665837,0.100974,0.100974,0.100974,0.516531,0.516531
130_bNAb_Combinations|1313842|sample|8|nan|2946,6,0.0142427,8,8,1,0.0597781,0.0654111,0.0654111,0.0654111,-0.423457,-0.423457
130_bNAb_Combinations|1313842|sample|9|nan|2946,0.0003648,0.848418,1,9,1,0.744044,0.814193,0.814193,0.814193,0.28324,0.28324
130_bNAb_Combinations|1313842|sample|9|nan|2946,0.001824,0.929671,2,9,1,0.801364,0.855822,0.855822,0.855822,0.611152,0.611152
130_bNAb_Combinations|1313842|sample|9|nan|2946,0.00912,0.902196,3,9,1,0.839598,0.884027,0.884027,0.884027,0.150364,0.150364
130_bNAb_Combinations|1313842|sample|9|nan|2946,0.0456,0.850118,4,9,1,0.819209,0.874518,0.874518,0.874518,-0.201925,-0.201925
130_bNAb_Combinations|1313842|sample|9|nan|2946,0.228,0.545806,5,9,1,0.488168,0.64776,0.64776,0.64776,-0.843744,-0.843744
130_bNAb_Combinations|1313842|sample|9|nan|2946,1.14,0.154396,6,9,1,0.0713484,0.112332,0.112332,0.112332,0.348113,0.348113
130_bNAb_Combinations|1313842|sample|9|nan|2946,5.7,0.0108658,7,9,1,0.0644445,0.0687986,0.0687986,0.0687986,-0.479438,-0.479438
130_bNAb_Combinations|1313842|sample|9|nan|2946,28.5,0.000413498,8,9,1,0.0597781,0.0654111,0.0654111,0.0654111,-0.537905,-0.537905
130_bNAb_Combinations|1313842|vc|1|2|nan|2946,0,0.842836,1,2,1,0.744141,0.814267,0.814267,0.814267,0.236431,0.236431
130_bNAb_Combinations|1313842|vc|2|2|nan|2946,0,0.947647,2,2,1,0.80223,0.856436,0.856436,0.856436,0.75484,0.75484
130_bNAb_Combinations|1313842|vc|3|2|nan|2946,0,0.949806,3,2,1,0.80223,0.856436,0.856436,0.856436,0.772711,0.772711
130_bNAb_Combinations|1313842|vc|4|2|nan|2946,0,0.93376,4,2,1,0.80223,0.856436,0.856436,0.856436,0.639918,0.639918
130_bNAb_Combinations|1313842|vc|5|2|nan|2946,0,0.949576,5,2,1,0.80223,0.856436,0.856436,0.856436,0.77081,0.77081
130_bNAb_Combinations|1313842|vc|6|2|nan|2946,0,0.978843,6,2,1,0.80223,0.856436,0.856436,0.856436,1.01301,1.01301
130_bNAb_Combinations|1313842|vc|7|2|nan|2946,0,0.900864,7,2,1,0.80223,0.856436,0.856436,0.856436,0.367677,0.367677
130_bNAb_Combinations|1313842|vc|8|2|nan|2946,0,0.690864,8,2,1,0.744141,0.814267,0.814267,0.814267,-1.02125,-1.02125
130_bNAb_Combinations|1313860|cc|1|1|PVO.4|5024,0,0.000722109,1,1,0,0,0,0,0,0.005976,0.005976
130_bNAb_Combinations|1313860|cc|2|1|PVO.4|5024,0,0.000902636,2,1,0,0,0,0,0,0.00747,0.00747
130_bNAb_Combinations|1313860|cc|3|1|PVO.4|5024,0,0.0011634,3,1,0,0,0,0,0,0.009628,0.009628
130_bNAb_Combinations|1313860|cc|4|1|PVO.4|5024,0,0.00162474,4,1,0,0,0,0,0,0.013446,0.013446
130_bNAb_Combinations|1313860|cc|5|1|PVO.4|5024,0,0.00138404,5,1,0,0,0,0,0,0.011454,0.011454
130_bNAb_Combinations|1313860|cc|6|1|PVO.4|5024,0,0.0016448,6,1,0,0,0,0,0,0.013612,0.013612
130_bNAb_Combinations|1313860|cc|7|1|PVO.4|5024,0,0.00178521,7,1,0,0,0,0,0,0.014774,0.014774
130_bNAb_Combinations|1313860|cc|8|1|PVO.4|5024,0,0.00148433,8,1,0,0,0,0,0,0.012284,0.012284
130_bNAb_Combinations|1313860|sample|10|PVO.4|5024,0.0003648,0.940566,1,10,1,0.744044,0.850616,0.850616,0.850616,0.744405,0.744405
130_bNAb_Combinations|1313860|sample|10|PVO.4|5024,0.001824,0.927278,2,10,1,0.801364,0.882774,0.882774,0.882774,0.368304,0.368304
130_bNAb_Combinations|1313860|sample|10|PVO.4|5024,0.00912,0.889708,3,10,1,0.839598,0.888577,0.888577,0.888577,0.00935809,0.00935809
130_bNAb_Combinations|1313860|sample|10|PVO.4|5024,0.0456,0.686274,4,10,1,0.786967,0.685213,0.685213,0.685213,0.00878223,0.00878219
130_bNAb_Combinations|1313860|sample|10|PVO.4|5024,0.228,0.317477,5,10,1,0.468955,0.0950923,0.0950923,0.0950923,1.8404,1.8404
130_bNAb_Combinations|1313860|sample|10|PVO.4|5024,1.14,0.0365267,6,10,1,0.0713484,0.0731676,0.0731676,0.0731676,-0.303232,-0.303232
130_bNAb_Combinations|1313860|sample|10|PVO.4|5024,5.7,0.000641874,7,10,1,0.0644445,0.0710639,0.0710639,0.0710639,-0.582796,-0.582796
130_bNAb_Combinations|1313860|sample|10|PVO.4|5024,28.5,0.000441289,8,10,1,0.0597781,0.0683423,0.0683423,0.0683423,-0.561933,-0.561933
130_bNAb_Combinations|1313860|sample|11|PVO.4|5024,0.0003712,0.89049,1,11,1,0.744042,0.848873,0.848873,0.848873,0.344413,0.344413
130_bNAb_Combinations|1313860|sample|11|PVO.4|5024,0.001856,0.925934,2,11,1,0.801344,0.875154,0.875154,0.875154,0.420243,0.420243
130_bNAb_Combinations|1313860|sample|11|PVO.4|5024,0.00928,0.859359,3,11,1,0.794933,0.839755,0.839755,0.839755,0.162241,0.162241
130_bNAb_Combinations|1313860|sample|11|PVO.4|5024,0.0464,0.674941,4,11,1,0.743993,0.689452,0.689452,0.689452,-0.120094,-0.120094
130_bNAb_Combinations|1313860|sample|11|PVO.4|5024,0.2319999999999999,0.244805,5,11,1,0.438323,0.287419,0.287419,0.287419,-0.352663,-0.352663
130_bNAb_Combinations|1313860|sample|11|PVO.4|5024,1.16,0.0178521,6,11,1,0.0671987,0.0724642,0.0724642,0.0724642,-0.451957,-0.451957
130_bNAb_Combinations|1313860|sample|11|PVO.4|5024,5.8,0.00070205,7,11,1,0.0644445,0.0710643,0.0710643,0.0710643,-0.582301,-0.582301
130_bNAb_Combinations|1313860|sample|11|PVO.4|5024,29,0.000160469,8,11,1,0.0597781,0.0683427,0.0683427,0.0683427,-0.56426,-0.56426
130_bNAb_Combinations|1313860|sample|12|PVO.4|5024,0.0003712,0.939283,1,12,1,0.744042,0.848873,0.848873,0.848873,0.748208,0.748208
130_bNAb_Combinations|1313860|sample|12|PVO.4|5024,0.001856,0.916777,2,12,1,0.743319,0.841637,0.841637,0.841637,0.621841,0.621841
130_bNAb_Combinations|1313860|sample|12|PVO.4|5024,0.00928,0.891313,3,12,1,0.737372,0.807594,0.807594,0.807594,0.692836,0.692836
130_bNAb_Combinations|1313860|sample|12|PVO.4|5024,0.0464,0.651633,4,12,1,0.69012,0.663048,0.663048,0.663048,-0.0944665,-0.0944664
130_bNAb_Combinations|1313860|sample|12|PVO.4|5024,0.2319999999999999,0.224295,5,12,1,0.406584,0.276411,0.276411,0.276411,-0.431302,-0.431302
130_bNAb_Combinations|1313860|sample|12|PVO.4|5024,1.16,0.00968829,6,12,1,0.0623329,0.069689,0.069689,0.069689,-0.496552,-0.496552
130_bNAb_Combinations|1313860|sample|12|PVO.4|5024,5.8,0.000661933,7,12,1,0.0597781,0.0683427,0.0683427,0.0683427,-0.56011,-0.56011
130_bNAb_Combinations|1313860|sample|12|PVO.4|5024,29,0,8,12,1,0.0597781,0.0683427,0.0683427,0.0683427,-0.565588,-0.565588
130_bNAb_Combinations|1313860|sample|3|PVO.4|5024,0.000064,0.942953,1,3,1,0.744131,0.850772,0.850772,0.850772,0.762875,0.762875
130_bNAb_Combinations|1313860|sample|3|PVO.4|5024,0.00032,0.869078,2,3,1,0.802142,0.884652,0.884652,0.884652,-0.12889,-0.12889
130_bNAb_Combinations|1313860|sample|3|PVO.4|5024,0.0016,0.85281,3,3,1,0.846361,0.91084,0.91084,0.91084,-0.480244,-0.480244
130_bNAb_Combinations|1313860|sample|3|PVO.4|5024,0.008,0.886438,4,3,1,0.840784,0.910839,0.910839,0.910839,-0.201931,-0.201931
130_bNAb_Combinations|1313860|sample|3|PVO.4|5024,0.04,0.784701,5,3,1,0.796156,0.910737,0.910737,0.910737,-1.04304,-1.04304
130_bNAb_Combinations|1313860|sample|3|PVO.4|5024,0.2,0.757893,6,3,1,0.513308,0.904558,0.904558,0.904558,-1.21376,-1.21376
130_bNAb_Combinations|1313860|sample|3|PVO.4|5024,1,0.495868,7,3,1,0.0718155,0.584551,0.584551,0.584551,-0.733924,-0.733924
130_bNAb_Combinations|1313860|sample|3|PVO.4|5024,5,0.0938942,8,3,1,0.0597781,0.0683421,0.0683421,0.0683421,0.211463,0.211463
130_bNAb_Combinations|1313860|sample|4|PVO.4|5024,0.000064,0.963754,1,4,1,0.744131,0.850772,0.850772,0.850772,0.935017,0.935017
130_bNAb_Combinations|1313860|sample|4|PVO.4|5024,0.00032,0.848879,2,4,1,0.802142,0.884652,0.884652,0.884652,-0.296052,-0.296052
130_bNAb_Combinations|1313860|sample|4|PVO.4|5024,0.0016,0.847455,3,4,1,0.846361,0.91084,0.91084,0.91084,-0.524566,-0.524566
130_bNAb_Combinations|1313860|sample|4|PVO.4|5024,0.008,0.867142,4,4,1,0.875231,0.931081,0.931081,0.931081,-0.529146,-0.529146
130_bNAb_Combinations|1313860|sample|4|PVO.4|5024,0.04,0.805653,5,4,1,0.828774,0.930978,0.930978,0.930978,-1.03716,-1.03716
130_bNAb_Combinations|1313860|sample|4|PVO.4|5024,0.2,0.707095,6,4,1,0.513308,0.904558,0.904558,0.904558,-1.63416,-1.63416
130_bNAb_Combinations|1313860|sample|4|PVO.4|5024,1,0.503972,7,4,1,0.0718155,0.584551,0.584551,0.584551,-0.66686,-0.66686
130_bNAb_Combinations|1313860|sample|4|PVO.4|5024,5,0.0983672,8,4,1,0.0597781,0.0683421,0.0683421,0.0683421,0.248481,0.248481
130_bNAb_Combinations|1313860|sample|5|PVO.4|5024,0.0006144,0.899286,1,5,1,0.743949,0.850772,0.850772,0.850772,0.401493,0.401493
130_bNAb_Combinations|1313860|sample|5|PVO.4|5024,0.003072,0.907339,2,5,1,0.800514,0.884652,0.884652,0.884652,0.187756,0.187756
130_bNAb_Combinations|1313860|sample|5|PVO.4|5024,0.01536,0.855779,3,5,1,0.832268,0.910831,0.910831,0.910831,-0.455602,-0.455602
130_bNAb_Combinations|1313860|sample|5|PVO.4|5024,0.0768,0.837576,4,5,1,0.762396,0.930525,0.930525,0.930525,-0.769224,-0.769224
130_bNAb_Combinations|1313860|sample|5|PVO.4|5024,0.384,0.66436,5,5,1,0.288317,0.897604,0.897604,0.897604,-1.93027,-1.93027
130_bNAb_Combinations|1313860|sample|5|PVO.4|5024,1.92,0.280479,6,5,1,0.0680679,0.146729,0.146729,0.146729,1.10688,1.10688
130_bNAb_Combinations|1313860|sample|5|PVO.4|5024,9.6,0.0437879,7,5,1,0.0644445,0.0710637,0.0710637,0.0710637,-0.225728,-0.225728
130_bNAb_Combinations|1313860|sample|5|PVO.4|5024,48,0.00302884,8,5,1,0.0597781,0.0683421,0.0683421,0.0683421,-0.540517,-0.540517
130_bNAb_Combinations|1313860|sample|6|PVO.4|5024,0.0006144,0.902947,1,6,1,0.743949,0.850772,0.850772,0.850772,0.431788,0.431788
130_bNAb_Combinations|1313860|sample|6|PVO.4|5024,0.003072,1,2,6,1,0.800514,0.884652,0.884652,0.884652,0.954593,0.954593
130_bNAb_Combinations|1313860|sample|6|PVO.4|5024,0.01536,0.888003,3,6,1,0.832268,0.910831,0.910831,0.910831,-0.188923,-0.188923
130_bNAb_Combinations|1313860|sample|6|PVO.4|5024,0.0768,0.842731,4,6,1,0.762396,0.930525,0.930525,0.930525,-0.726562,-0.726562
130_bNAb_Combinations|1313860|sample|6|PVO.4|5024,0.384,0.660529,5,6,1,0.288317,0.897604,0.897604,0.897604,-1.96198,-1.96198
130_bNAb_Combinations|1313860|sample|6|PVO.4|5024,1.92,0.278232,6,6,1,0.0680679,0.146729,0.146729,0.146729,1.08829,1.08829
130_bNAb_Combinations|1313860|sample|6|PVO.4|5024,9.6,0.029446,7,6,1,0.0644445,0.0710637,0.0710637,0.0710637,-0.344418,-0.344418
130_bNAb_Combinations|1313860|sample|6|PVO.4|5024,48,0.00204597,8,6,1,0.0597781,0.0683421,0.0683421,0.0683421,-0.548651,-0.548651
130_bNAb_Combinations|1313860|sample|7|PVO.4|5024,0.0000768,0.964978,1,7,1,0.744129,0.850757,0.850757,0.850757,0.945262,0.945262
130_bNAb_Combinations|1313860|sample|7|PVO.4|5024,0.000384,0.899587,2,7,1,0.802118,0.884478,0.884478,0.884478,0.12504,0.12504
130_bNAb_Combinations|1313860|sample|7|PVO.4|5024,0.00192,0.93161,3,7,1,0.846153,0.908749,0.908749,0.908749,0.189193,0.189193
130_bNAb_Combinations|1313860|sample|7|PVO.4|5024,0.0096,0.845689,4,7,1,0.873453,0.906499,0.906499,0.906499,-0.503248,-0.503248
130_bNAb_Combinations|1313860|sample|7|PVO.4|5024,0.048,0.647902,5,7,1,0.815031,0.684666,0.684666,0.684666,-0.304252,-0.304252
130_bNAb_Combinations|1313860|sample|7|PVO.4|5024,0.24,0.298712,6,7,1,0.450839,0.0894881,0.0894881,0.0894881,1.73149,1.73149
130_bNAb_Combinations|1313860|sample|7|PVO.4|5024,1.2,0.0363862,7,7,1,0.0665837,0.0710639,0.0710639,0.0710639,-0.286984,-0.286984
130_bNAb_Combinations|1313860|sample|7|PVO.4|5024,6,0.00108316,8,7,1,0.0597781,0.0683423,0.0683423,0.0683423,-0.556621,-0.556621
130_bNAb_Combinations|1313860|sample|8|PVO.4|5024,0.0000768,0.950786,1,8,1,0.744129,0.850757,0.850757,0.850757,0.827817,0.827817
130_bNAb_Combinations|1313860|sample|8|PVO.4|5024,0.000384,0.92461,2,8,1,0.802118,0.884478,0.884478,0.884478,0.332125,0.332125
130_bNAb_Combinations|1313860|sample|8|PVO.4|5024,0.00192,0.843312,3,8,1,0.846153,0.908749,0.908749,0.908749,-0.541538,-0.541538
130_bNAb_Combinations|1313860|sample|8|PVO.4|5024,0.0096,0.847094,4,8,1,0.873453,0.906499,0.906499,0.906499,-0.491628,-0.491628
130_bNAb_Combinations|1313860|sample|8|PVO.4|5024,0.048,0.634433,5,8,1,0.815031,0.684666,0.684666,0.684666,-0.415721,-0.415721
130_bNAb_Combinations|1313860|sample|8|PVO.4|5024,0.24,0.29454,6,8,1,0.450839,0.0894881,0.0894881,0.0894881,1.69696,1.69696
130_bNAb_Combinations|1313860|sample|8|PVO.4|5024,1.2,0.0356641,7,8,1,0.0665837,0.0710639,0.0710639,0.0710639,-0.29296,-0.29296
130_bNAb_Combinations|1313860|sample|8|PVO.4|5024,6,0.00112328,8,8,1,0.0597781,0.0683423,0.0683423,0.0683423,-0.556289,-0.556289
130_bNAb_Combinations|1313860|sample|9|PVO.4|5024,0.0003648,0.996159,1,9,1,0.744044,0.850616,0.850616,0.850616,1.20447,1.20447
130_bNAb_Combinations|1313860|sample|9|PVO.4|5024,0.001824,0.900911,2,9,1,0.801364,0.882774,0.882774,0.882774,0.150097,0.150097
130_bNAb_Combinations|1313860|sample|9|PVO.4|5024,0.00912,0.872167,3,9,1,0.839598,0.888577,0.888577,0.888577,-0.135809,-0.135809
130_bNAb_Combinations|1313860|sample|9|PVO.4|5024,0.0456,0.672464,4,9,1,0.819209,0.700441,0.700441,0.700441,-0.231534,-0.231534
130_bNAb_Combinations|1313860|sample|9|PVO.4|5024,0.228,0.315531,5,9,1,0.488168,0.0972057,0.0972057,0.0972057,1.80681,1.80681
130_bNAb_Combinations|1313860|sample|9|PVO.4|5024,1.14,0.0348417,6,9,1,0.0713484,0.0731676,0.0731676,0.0731676,-0.317176,-0.317176
130_bNAb_Combinations|1313860|sample|9|PVO.4|5024,5.7,0.0010631,7,9,1,0.0644445,0.0710639,0.0710639,0.0710639,-0.57931,-0.57931
130_bNAb_Combinations|1313860|sample|9|PVO.4|5024,28.5,0.000762226,8,9,1,0.0597781,0.0683423,0.0683423,0.0683423,-0.559277,-0.559277
130_bNAb_Combinations|1313860|vc|1|2|PVO.4|5024,0,0.954858,1,2,1,0.744141,0.850772,0.850772,0.850772,0.861396,0.861396
130_bNAb_Combinations|1313860|vc|2|2|PVO.4|5024,0,0.902094,2,2,1,0.80223,0.884652,0.884652,0.884652,0.144346,0.144346
130_bNAb_Combinations|1313860|vc|3|2|PVO.4|5024,0,0.86299,3,2,1,0.80223,0.884652,0.884652,0.884652,-0.179271,-0.179271
130_bNAb_Combinations|1313860|vc|4|2|PVO.4|5024,0,0.843613,4,2,1,0.80223,0.884652,0.884652,0.884652,-0.339627,-0.339627
130_bNAb_Combinations|1313860|vc|5|2|PVO.4|5024,0,0.869359,5,2,1,0.80223,0.884652,0.884652,0.884652,-0.126566,-0.126566
130_bNAb_Combinations|1313860|vc|6|2|PVO.4|5024,0,0.81162,6,2,1,0.80223,0.884652,0.884652,0.884652,-0.604396,-0.604396
130_bNAb_Combinations|1313860|vc|7|2|PVO.4|5024,0,0.761714,7,2,1,0.80223,0.884652,0.884652,0.884652,-1.0174,-1.0174
130_bNAb_Combinations|1313860|vc|8|2|PVO.4|5024,0,0.747362,8,2,1,0.744141,0.850772,0.850772,0.850772,-0.855791,-0.855791
130_bNAb_Combinations|1313884|cc|1|1|nan|4168,0,0.000363452,1,1,0,0,0,0,0,0.00300784,0.00300784
130_bNAb_Combinations|1313884|cc|2|1|nan|4168,0,0.000879936,2,1,0,0,0,0,0,0.00728214,0.00728214
130_bNAb_Combinations|1313884|cc|3|1|nan|4168,0,0.000248678,3,1,0,0,0,0,0,0.002058,0.002058
130_bNAb_Combinations|1313884|cc|4|1|nan|4168,0,5.73872e-05,4,1,0,0,0,0,0,0.000474922,0.000474922
130_bNAb_Combinations|1313884|cc|5|1|nan|4168,0,0,5,1,0,0,0,0,0,0,0
130_bNAb_Combinations|1313884|cc|6|1|nan|4168,0,0.000325194,6,1,0,0,0,0,0,0.00269123,0.00269123
130_bNAb_Combinations|1313884|cc|7|1|nan|4168,0,0.000554743,7,1,0,0,0,0,0,0.00459092,0.00459092
130_bNAb_Combinations|1313884|cc|8|1|nan|4168,0,0.000248678,8,1,0,0,0,0,0,0.002058,0.002058
130_bNAb_Combinations|1313884|sample|10|nan|4168,0.0003648,0.774009,1,10,1,0.744044,0.817669,0.817669,0.817669,-0.361321,-0.361321
130_bNAb_Combinations|1313884|sample|10|nan|4168,0.001824,0.732346,2,10,1,0.801364,0.856902,0.856902,0.856902,-1.03079,-1.03079
130_bNAb_Combinations|1313884|sample|10|nan|4168,0.00912,0.69975,3,10,1,0.839598,0.85955,0.85955,0.85955,-1.32246,-1.32246
130_bNAb_Combinations|1313884|sample|10|nan|4168,0.0456,0.452067,4,10,1,0.786967,0.559279,0.559279,0.559279,-0.887255,-0.887255
130_bNAb_Combinations|1313884|sample|10|nan|4168,0.228,0.221036,5,10,1,0.468955,0.143369,0.143369,0.143369,0.642756,0.642756
130_bNAb_Combinations|1313884|sample|10|nan|4168,1.14,0.135271,6,10,1,0.0713484,0.143092,0.143092,0.143092,-0.0647215,-0.0647215
130_bNAb_Combinations|1313884|sample|10|nan|4168,5.7,0.0867311,7,10,1,0.0644445,0.137958,0.137958,0.137958,-0.423945,-0.423945
130_bNAb_Combinations|1313884|sample|10|nan|4168,28.5,0.0454124,8,10,1,0.0597781,0.131317,0.131317,0.131317,-0.71093,-0.71093
130_bNAb_Combinations|1313884|sample|11|nan|4168,0.0003712,0.771905,1,11,1,0.744042,0.815917,0.815917,0.815917,-0.364236,-0.364236
130_bNAb_Combinations|1313884|sample|11|nan|4168,0.001856,0.762522,2,11,1,0.801344,0.848798,0.848798,0.848798,-0.713994,-0.713994
130_bNAb_Combinations|1313884|sample|11|nan|4168,0.00928,0.738841,3,11,1,0.794933,0.806606,0.806606,0.806606,-0.560814,-0.560814
130_bNAb_Combinations|1313884|sample|11|nan|4168,0.0464,0.560166,4,11,1,0.743993,0.620844,0.620844,0.620844,-0.502161,-0.502161
130_bNAb_Combinations|1313884|sample|11|nan|4168,0.2319999999999999,0.294645,5,11,1,0.438323,0.184449,0.18445,0.184449,0.91195,0.91195
130_bNAb_Combinations|1313884|sample|11|nan|4168,1.16,0.069228,6,11,1,0.0671987,0.0545258,0.0545258,0.0545258,0.121672,0.121672
130_bNAb_Combinations|1313884|sample|11|nan|4168,5.8,0.0138494,7,11,1,0.0644445,0.0544589,0.0544589,0.0544589,-0.336074,-0.336074
130_bNAb_Combinations|1313884|sample|11|nan|4168,29,0.00181726,8,11,1,0.0597781,0.0518373,0.0518373,0.0518373,-0.413954,-0.413954
130_bNAb_Combinations|1313884|sample|12|nan|4168,0.0003712,0.813233,1,12,1,0.744042,0.815917,0.815917,0.815917,-0.0222122,-0.0222122
130_bNAb_Combinations|1313884|sample|12|nan|4168,0.001856,0.742858,2,12,1,0.743319,0.807938,0.807938,0.807938,-0.538592,-0.538592
130_bNAb_Combinations|1313884|sample|12|nan|4168,0.00928,0.718258,3,12,1,0.737372,0.767778,0.767778,0.767778,-0.409819,-0.409819
130_bNAb_Combinations|1313884|sample|12|nan|4168,0.0464,0.538636,4,12,1,0.69012,0.590958,0.590958,0.590958,-0.433006,-0.433006
130_bNAb_Combinations|1313884|sample|12|nan|4168,0.2319999999999999,0.244077,5,12,1,0.406584,0.175571,0.175571,0.175571,0.566945,0.566945
130_bNAb_Combinations|1313884|sample|12|nan|4168,1.16,0.0551873,6,12,1,0.0623329,0.051901,0.051901,0.051901,0.0271965,0.0271965
130_bNAb_Combinations|1313884|sample|12|nan|4168,5.8,0.00767075,7,12,1,0.0597781,0.0518373,0.0518373,0.0518373,-0.365512,-0.365512
130_bNAb_Combinations|1313884|sample|12|nan|4168,29,0.00585349,8,12,1,0.0597781,0.0518373,0.0518373,0.0518373,-0.380551,-0.380551
130_bNAb_Combinations|1313884|sample|3|nan|4168,0.000064,0.896254,1,3,1,0.744131,0.81783,0.81783,0.81783,0.649015,0.649015
130_bNAb_Combinations|1313884|sample|3|nan|4168,0.00032,0.883198,2,3,1,0.802142,0.859189,0.859189,0.859189,0.198689,0.198689
130_bNAb_Combinations|1313884|sample|3|nan|4168,0.0016,0.945425,3,3,1,0.846361,0.891159,0.891159,0.891159,0.449093,0.449093
130_bNAb_Combinations|1313884|sample|3|nan|4168,0.008,0.973478,4,3,1,0.840784,0.891158,0.891158,0.891158,0.681257,0.681257
130_bNAb_Combinations|1313884|sample|3|nan|4168,0.04,0.977246,5,3,1,0.796156,0.891129,0.891129,0.891129,0.712688,0.712688
130_bNAb_Combinations|1313884|sample|3|nan|4168,0.2,0.815472,6,3,1,0.513308,0.889955,0.889955,0.889955,-0.616406,-0.616406
130_bNAb_Combinations|1313884|sample|3|nan|4168,1,0.719559,7,3,1,0.0718155,0.814248,0.814248,0.814248,-0.783628,-0.783628
130_bNAb_Combinations|1313884|sample|3|nan|4168,5,0.315142,8,3,1,0.0597781,0.139129,0.139129,0.139129,1.45664,1.45664
130_bNAb_Combinations|1313884|sample|4|nan|4168,0.000064,0.855298,1,4,1,0.744131,0.81783,0.81783,0.81783,0.310079,0.310079
130_bNAb_Combinations|1313884|sample|4|nan|4168,0.00032,0.910725,2,4,1,0.802142,0.859189,0.859189,0.859189,0.426494,0.426494
130_bNAb_Combinations|1313884|sample|4|nan|4168,0.0016,0.951039,3,4,1,0.846361,0.891159,0.891159,0.891159,0.495556,0.495556
130_bNAb_Combinations|1313884|sample|4|nan|4168,0.008,1,4,4,1,0.875231,0.915869,0.915869,0.915869,0.696248,0.696248
130_bNAb_Combinations|1313884|sample|4|nan|4168,0.04,0.93895,5,4,1,0.828774,0.915839,0.915839,0.915839,0.19126,0.19126
130_bNAb_Combinations|1313884|sample|4|nan|4168,0.2,0.839584,6,4,1,0.513308,0.889955,0.889955,0.889955,-0.416859,-0.416859
130_bNAb_Combinations|1313884|sample|4|nan|4168,1,0.743183,7,4,1,0.0718155,0.814248,0.814248,0.814248,-0.588118,-0.588118
130_bNAb_Combinations|1313884|sample|4|nan|4168,5,0.341148,8,4,1,0.0597781,0.139129,0.139129,0.139129,1.67186,1.67186
130_bNAb_Combinations|1313884|sample|5|nan|4168,0.0006144,0.922661,1,5,1,0.743949,0.81783,0.81783,0.81783,0.867559,0.867559
130_bNAb_Combinations|1313884|sample|5|nan|4168,0.003072,0.913852,2,5,1,0.800514,0.859189,0.859189,0.859189,0.452378,0.452378
130_bNAb_Combinations|1313884|sample|5|nan|4168,0.01536,0.961512,3,5,1,0.832268,0.891155,0.891155,0.891155,0.582258,0.582258
130_bNAb_Combinations|1313884|sample|5|nan|4168,0.0768,0.95651,4,5,1,0.762396,0.915731,0.915731,0.915731,0.337474,0.337474
130_bNAb_Combinations|1313884|sample|5|nan|4168,0.384,0.877392,5,5,1,0.288317,0.910375,0.910375,0.910375,-0.272954,-0.272954
130_bNAb_Combinations|1313884|sample|5|nan|4168,1.92,0.606372,6,5,1,0.0680679,0.703095,0.703095,0.703095,-0.800457,-0.800457
130_bNAb_Combinations|1313884|sample|5|nan|4168,9.6,0.20403,7,5,1,0.0644445,0.0690449,0.0690449,0.0690449,1.11711,1.11711
130_bNAb_Combinations|1313884|sample|5|nan|4168,48,0.0395206,8,5,1,0.0597781,0.0656949,0.0656949,0.0656949,-0.216612,-0.216612
130_bNAb_Combinations|1313884|sample|6|nan|4168,0.0006144,0.914177,1,6,1,0.743949,0.81783,0.81783,0.81783,0.797349,0.797349
130_bNAb_Combinations|1313884|sample|6|nan|4168,0.003072,0.90533,2,6,1,0.800514,0.859189,0.859189,0.859189,0.381852,0.381852
130_bNAb_Combinations|1313884|sample|6|nan|4168,0.01536,0.984926,3,6,1,0.832268,0.891155,0.891155,0.891155,0.776026,0.776026
130_bNAb_Combinations|1313884|sample|6|nan|4168,0.0768,0.925091,4,6,1,0.762396,0.915731,0.915731,0.915731,0.0774544,0.0774544
130_bNAb_Combinations|1313884|sample|6|nan|4168,0.384,0.830947,5,6,1,0.288317,0.910375,0.910375,0.910375,-0.657325,-0.657325
130_bNAb_Combinations|1313884|sample|6|nan|4168,1.92,0.605607,6,6,1,0.0680679,0.703095,0.703095,0.703095,-0.806789,-0.806789
130_bNAb_Combinations|1313884|sample|6|nan|4168,9.6,0.219678,7,6,1,0.0644445,0.0690449,0.0690449,0.0690449,1.2466,1.2466
130_bNAb_Combinations|1313884|sample|6|nan|4168,48,0.0417587,8,6,1,0.0597781,0.0656949,0.0656949,0.0656949,-0.19809,-0.19809
130_bNAb_Combinations|1313884|sample|7|nan|4168,0.0000768,0.836418,1,7,1,0.744129,0.817817,0.817817,0.817817,0.153936,0.153936
130_bNAb_Combinations|1313884|sample|7|nan|4168,0.000384,0.922776,2,7,1,0.802118,0.859006,0.859006,0.859006,0.527743,0.527743
130_bNAb_Combinations|1313884|sample|7|nan|4168,0.00192,0.897153,3,7,1,0.846153,0.888581,0.888581,0.888581,0.0709401,0.0709401
130_bNAb_Combinations|1313884|sample|7|nan|4168,0.0096,0.78389,4,7,1,0.873453,0.880633,0.880633,0.880633,-0.800627,-0.800627
130_bNAb_Combinations|1313884|sample|7|nan|4168,0.048,0.503936,5,7,1,0.815031,0.553597,0.553597,0.553597,-0.410988,-0.410987
130_bNAb_Combinations|1313884|sample|7|nan|4168,0.24,0.280795,6,7,1,0.450839,0.143232,0.143232,0.143232,1.13844,1.13844
130_bNAb_Combinations|1313884|sample|7|nan|4168,1.2,0.161478,7,7,1,0.0665837,0.137958,0.137958,0.137958,0.194641,0.194641
130_bNAb_Combinations|1313884|sample|7|nan|4168,6,0.0913986,8,7,1,0.0597781,0.131317,0.131317,0.131317,-0.330359,-0.330359
130_bNAb_Combinations|1313884|sample|8|nan|4168,0.0000768,0.913412,1,8,1,0.744129,0.817817,0.817817,0.817817,0.791123,0.791123
130_bNAb_Combinations|1313884|sample|8|nan|4168,0.000384,0.818351,2,8,1,0.802118,0.859006,0.859006,0.859006,-0.336457,-0.336457
130_bNAb_Combinations|1313884|sample|8|nan|4168,0.00192,0.894723,3,8,1,0.846153,0.888581,0.888581,0.888581,0.050835,0.050835
130_bNAb_Combinations|1313884|sample|8|nan|4168,0.0096,0.810594,4,8,1,0.873453,0.880633,0.880633,0.880633,-0.57963,-0.57963
130_bNAb_Combinations|1313884|sample|8|nan|4168,0.048,0.521984,5,8,1,0.815031,0.553597,0.553597,0.553597,-0.261624,-0.261624
130_bNAb_Combinations|1313884|sample|8|nan|4168,0.24,0.263512,6,8,1,0.450839,0.143232,0.143232,0.143232,0.995408,0.995408
130_bNAb_Combinations|1313884|sample|8|nan|4168,1.2,0.145199,7,8,1,0.0665837,0.137958,0.137958,0.137958,0.0599217,0.0599217
130_bNAb_Combinations|1313884|sample|8|nan|4168,6,0.0915325,8,8,1,0.0597781,0.131317,0.131317,0.131317,-0.329251,-0.329251
130_bNAb_Combinations|1313884|sample|9|nan|4168,0.0003648,0.835442,1,9,1,0.744044,0.817669,0.817669,0.817669,0.147084,0.147084
130_bNAb_Combinations|1313884|sample|9|nan|4168,0.001824,0.770136,2,9,1,0.801364,0.856902,0.856902,0.856902,-0.718056,-0.718056
130_bNAb_Combinations|1313884|sample|9|nan|4168,0.00912,0.72326,3,9,1,0.839598,0.85955,0.85955,0.85955,-1.1279,-1.1279
130_bNAb_Combinations|1313884|sample|9|nan|4168,0.0456,0.460312,4,9,1,0.819209,0.574787,0.574787,0.574787,-0.947368,-0.947368
130_bNAb_Combinations|1313884|sample|9|nan|4168,0.228,0.270179,5,9,1,0.488168,0.147344,0.147344,0.147344,1.01655,1.01655
130_bNAb_Combinations|1313884|sample|9|nan|4168,1.14,0.154668,6,9,1,0.0713484,0.143092,0.143092,0.143092,0.0958023,0.0958023
130_bNAb_Combinations|1313884|sample|9|nan|4168,5.7,0.0824654,7,9,1,0.0644445,0.137958,0.137958,0.137958,-0.459248,-0.459248
130_bNAb_Combinations|1313884|sample|9|nan|4168,28.5,0.0480713,8,9,1,0.0597781,0.131317,0.131317,0.131317,-0.688925,-0.688925
130_bNAb_Combinations|1313884|vc|1|2|nan|4168,0,0.9016,1,2,1,0.744141,0.81783,0.81783,0.81783,0.693262,0.693262
130_bNAb_Combinations|1313884|vc|2|2|nan|4168,0,0.943493,2,2,1,0.80223,0.859189,0.859189,0.859189,0.697674,0.697674
130_bNAb_Combinations|1313884|vc|3|2|nan|4168,0,0.895508,3,2,1,0.80223,0.859189,0.859189,0.859189,0.30056,0.30056
130_bNAb_Combinations|1313884|vc|4|2|nan|4168,0,0.872534,4,2,1,0.80223,0.859189,0.859189,0.859189,0.110433,0.110433
130_bNAb_Combinations|1313884|vc|5|2|nan|4168,0,0.872572,5,2,1,0.80223,0.859189,0.859189,0.859189,0.110749,0.110749
130_bNAb_Combinations|1313884|vc|6|2|nan|4168,0,0.86009,6,2,1,0.80223,0.859189,0.859189,0.859189,0.00745369,0.00745369
130_bNAb_Combinations|1313884|vc|7|2|nan|4168,0,0.851932,7,2,1,0.80223,0.859189,0.859189,0.859189,-0.0600645,-0.0600645
130_bNAb_Combinations|1313884|vc|8|2|nan|4168,0,0.811301,8,2,1,0.744141,0.81783,0.81783,0.81783,-0.0540284,-0.0540284
130_bNAb_Combinations|1313920|cc|1|1|nan|1798,0,0.00106207,1,1,0,0,0,0,0,0.0087894,0.0087894
130_bNAb_Combinations|1313920|cc|2|1|nan|1798,0,0.00146853,2,1,0,0,0,0,0,0.0121532,0.0121532
130_bNAb_Combinations|1313920|cc|3|1|nan|1798,0,0.00173077,3,1,0,0,0,0,0,0.0143235,0.0143235
130_bNAb_Combinations|1313920|cc|4|1|nan|1798,0,0.00124563,4,1,0,0,0,0,0,0.0103086,0.0103086
130_bNAb_Combinations|1313920|cc|5|1|nan|1798,0,0.0014292,5,1,0,0,0,0,0,0.0118277,0.0118277
130_bNAb_Combinations|1313920|cc|6|1|nan|1798,0,0.0014292,6,1,0,0,0,0,0,0.0118277,0.0118277
130_bNAb_Combinations|1313920|cc|7|1|nan|1798,0,0.0012063,7,1,0,0,0,0,0,0.00998302,0.00998302
130_bNAb_Combinations|1313920|cc|8|1|nan|1798,0,0.00215035,8,1,0,0,0,0,0,0.0177958,0.0177958
130_bNAb_Combinations|1313920|sample|10|nan|1798,0.0003648,0.782696,1,10,1,0.744044,0.376472,0.376472,0.376472,3.36181,3.36181
130_bNAb_Combinations|1313920|sample|10|nan|1798,0.001824,0.776855,2,10,1,0.801364,0.41205,0.41205,0.41205,3.01904,3.01904
130_bNAb_Combinations|1313920|sample|10|nan|1798,0.00912,0.694879,3,10,1,0.839598,0.435728,0.435728,0.435728,2.14468,2.14468
130_bNAb_Combinations|1313920|sample|10|nan|1798,0.0456,0.420198,4,10,1,0.786967,0.435728,0.435728,0.435728,-0.128523,-0.128523
130_bNAb_Combinations|1313920|sample|10|nan|1798,0.228,0.0873778,5,10,1,0.468955,0.435728,0.435728,0.435728,-2.88286,-2.88286
130_bNAb_Combinations|1313920|sample|10|nan|1798,1.14,0.00264861,6,10,1,0.0713484,0.435728,0.435728,0.435728,-3.58406,-3.58406
130_bNAb_Combinations|1313920|sample|10|nan|1798,5.7,0.000629372,7,10,1,0.0644445,0.41205,0.41205,0.41205,-3.40482,-3.40482
130_bNAb_Combinations|1313920|sample|10|nan|1798,28.5,7.86715e-05,8,10,1,0.0597781,0.376472,0.376472,0.376472,-3.11494,-3.11494
130_bNAb_Combinations|1313920|sample|11|nan|1798,0.0003712,0.869963,1,11,1,0.744042,0.779699,0.779699,0.779699,0.746999,0.746999
130_bNAb_Combinations|1313920|sample|11|nan|1798,0.001856,0.691286,2,11,1,0.801344,0.853204,0.853204,0.853204,-1.33999,-1.33999
130_bNAb_Combinations|1313920|sample|11|nan|1798,0.00928,0.783024,3,11,1,0.794933,0.850816,0.850816,0.850816,-0.56103,-0.56103
130_bNAb_Combinations|1313920|sample|11|nan|1798,0.0464,0.669481,4,11,1,0.743993,0.819702,0.819702,0.819702,-1.24319,-1.24319
130_bNAb_Combinations|1313920|sample|11|nan|1798,0.2319999999999999,0.434162,5,11,1,0.438323,0.506272,0.506272,0.506272,-0.59677,-0.59677
130_bNAb_Combinations|1313920|sample|11|nan|1798,1.16,0.115116,6,11,1,0.0671987,0.0689051,0.0689051,0.0689051,0.382431,0.382431
130_bNAb_Combinations|1313920|sample|11|nan|1798,5.8,0.00319931,7,11,1,0.0644445,0.068553,0.068553,0.068553,-0.540852,-0.540852
130_bNAb_Combinations|1313920|sample|11|nan|1798,29,0.000760491,8,11,1,0.0597781,0.0626339,0.0626339,0.0626339,-0.512049,-0.512049
130_bNAb_Combinations|1313920|sample|12|nan|1798,0.0003712,0.815542,1,12,1,0.744042,0.779699,0.779699,0.779699,0.296624,0.296624
130_bNAb_Combinations|1313920|sample|12|nan|1798,0.001856,0.74085,2,12,1,0.743319,0.779535,0.779535,0.779535,-0.320151,-0.320151
130_bNAb_Combinations|1313920|sample|12|nan|1798,0.00928,0.723103,3,12,1,0.737372,0.777353,0.777353,0.777353,-0.448961,-0.448961
130_bNAb_Combinations|1313920|sample|12|nan|1798,0.0464,0.623072,4,12,1,0.69012,0.748925,0.748925,0.748925,-1.04153,-1.04153
130_bNAb_Combinations|1313920|sample|12|nan|1798,0.2319999999999999,0.462477,5,12,1,0.406584,0.462559,0.462559,0.462559,-0.000675098,-0.000675156
130_bNAb_Combinations|1313920|sample|12|nan|1798,1.16,0.11273,6,12,1,0.0623329,0.0629555,0.0629555,0.0629555,0.411919,0.411919
130_bNAb_Combinations|1313920|sample|12|nan|1798,5.8,0.00295018,7,12,1,0.0597781,0.0626339,0.0626339,0.0626339,-0.493928,-0.493928
130_bNAb_Combinations|1313920|sample|12|nan|1798,29,0,8,12,1,0.0597781,0.0626339,0.0626339,0.0626339,-0.518343,-0.518343
130_bNAb_Combinations|1313920|sample|3|nan|1798,0.000064,0.927104,1,3,1,0.744131,0.779668,0.779668,0.779668,1.22015,1.22015
130_bNAb_Combinations|1313920|sample|3|nan|1798,0.00032,0.90564,2,3,1,0.802142,0.853094,0.853094,0.853094,0.434861,0.434861
130_bNAb_Combinations|1313920|sample|3|nan|1798,0.0016,0.884681,3,3,1,0.846361,0.900401,0.900401,0.900401,-0.130097,-0.130097
130_bNAb_Combinations|1313920|sample|3|nan|1798,0.008,0.948877,4,3,1,0.840784,0.889651,0.889651,0.889651,0.490137,0.490137
130_bNAb_Combinations|1313920|sample|3|nan|1798,0.04,0.855769,5,3,1,0.796156,0.824862,0.824862,0.824862,0.255781,0.255781
130_bNAb_Combinations|1313920|sample|3|nan|1798,0.2,0.458209,6,3,1,0.513308,0.518984,0.518984,0.518984,-0.502961,-0.502961
130_bNAb_Combinations|1313920|sample|3|nan|1798,1,0.22622,7,3,1,0.0718155,0.0843818,0.0843818,0.0843818,1.17382,1.17382
130_bNAb_Combinations|1313920|sample|3|nan|1798,5,0.122223,8,3,1,0.0597781,0.0626345,0.0626345,0.0626345,0.493138,0.493138
130_bNAb_Combinations|1313920|sample|4|nan|1798,0.000064,0.895872,1,4,1,0.744131,0.779668,0.779668,0.779668,0.961672,0.961672
130_bNAb_Combinations|1313920|sample|4|nan|1798,0.00032,0.93585,2,4,1,0.802142,0.853094,0.853094,0.853094,0.684871,0.684871
130_bNAb_Combinations|1313920|sample|4|nan|1798,0.0016,0.876977,3,4,1,0.846361,0.900401,0.900401,0.900401,-0.193847,-0.193847
130_bNAb_Combinations|1313920|sample|4|nan|1798,0.008,0.971855,4,4,1,0.875231,0.921824,0.921824,0.921824,0.41405,0.41405
130_bNAb_Combinations|1313920|sample|4|nan|1798,0.04,0.784276,5,4,1,0.828774,0.854691,0.854691,0.854691,-0.582738,-0.582738
130_bNAb_Combinations|1313920|sample|4|nan|1798,0.2,0.443294,6,4,1,0.513308,0.518984,0.518984,0.518984,-0.626392,-0.626392
130_bNAb_Combinations|1313920|sample|4|nan|1798,1,0.218818,7,4,1,0.0718155,0.0843818,0.0843818,0.0843818,1.11256,1.11256
130_bNAb_Combinations|1313920|sample|4|nan|1798,5,0.123534,8,4,1,0.0597781,0.0626345,0.0626345,0.0626345,0.503989,0.503989
130_bNAb_Combinations|1313920|sample|5|nan|1798,0.0006144,0.907764,1,5,1,0.743949,0.779124,0.779124,0.779124,1.06459,1.06459
130_bNAb_Combinations|1313920|sample|5|nan|1798,0.003072,0.859919,2,5,1,0.800514,0.849339,0.849339,0.849339,0.0875556,0.0875556
130_bNAb_Combinations|1313920|sample|5|nan|1798,0.01536,0.783712,3,5,1,0.832268,0.875672,0.875672,0.875672,-0.761037,-0.761037
130_bNAb_Combinations|1313920|sample|5|nan|1798,0.0768,0.672202,4,5,1,0.762396,0.774157,0.774157,0.774157,-0.843754,-0.843754
130_bNAb_Combinations|1313920|sample|5|nan|1798,0.384,0.368891,5,5,1,0.288317,0.307637,0.307637,0.307637,0.506925,0.506925
130_bNAb_Combinations|1313920|sample|5|nan|1798,1.92,0.184222,6,5,1,0.0680679,0.0727208,0.0727208,0.0727208,0.922761,0.922761
130_bNAb_Combinations|1313920|sample|5|nan|1798,9.6,0.127972,7,5,1,0.0644445,0.0685537,0.0685537,0.0685537,0.491734,0.491734
130_bNAb_Combinations|1313920|sample|5|nan|1798,48,0.0587283,8,5,1,0.0597781,0.0626345,0.0626345,0.0626345,-0.032327,-0.032327
130_bNAb_Combinations|1313920|sample|6|nan|1798,0.0006144,0.830286,1,6,1,0.743949,0.779124,0.779124,0.779124,0.423401,0.423401
130_bNAb_Combinations|1313920|sample|6|nan|1798,0.003072,0.853841,2,6,1,0.800514,0.849339,0.849339,0.849339,0.0372607,0.0372607
130_bNAb_Combinations|1313920|sample|6|nan|1798,0.01536,0.751916,3,6,1,0.832268,0.875672,0.875672,0.875672,-1.02418,-1.02418
130_bNAb_Combinations|1313920|sample|6|nan|1798,0.0768,0.612799,4,6,1,0.762396,0.774157,0.774157,0.774157,-1.33536,-1.33536
130_bNAb_Combinations|1313920|sample|6|nan|1798,0.384,0.297509,5,6,1,0.288317,0.307637,0.307636,0.307637,-0.0838095,-0.0838096
130_bNAb_Combinations|1313920|sample|6|nan|1798,1.92,0.174251,6,6,1,0.0680679,0.0727208,0.0727208,0.0727208,0.840239,0.840239
130_bNAb_Combinations|1313920|sample|6|nan|1798,9.6,0.113582,7,6,1,0.0644445,0.0685537,0.0685537,0.0685537,0.372643,0.372643
130_bNAb_Combinations|1313920|sample|6|nan|1798,48,0.057994,8,6,1,0.0597781,0.0626345,0.0626345,0.0626345,-0.0384036,-0.0384036
130_bNAb_Combinations|1313920|sample|7|nan|1798,0.0000768,0.81364,1,7,1,0.744129,0.376472,0.376472,0.376472,3.6179,3.6179
130_bNAb_Combinations|1313920|sample|7|nan|1798,0.000384,0.811293,2,7,1,0.802118,0.41205,0.41205,0.41205,3.30404,3.30404
130_bNAb_Combinations|1313920|sample|7|nan|1798,0.00192,0.832548,3,7,1,0.846153,0.435728,0.435728,0.435728,3.28399,3.28399
130_bNAb_Combinations|1313920|sample|7|nan|1798,0.0096,0.838533,4,7,1,0.873453,0.451485,0.451485,0.451485,3.20312,3.20312
130_bNAb_Combinations|1313920|sample|7|nan|1798,0.048,0.504533,5,7,1,0.815031,0.451485,0.451485,0.451485,0.439017,0.439017
130_bNAb_Combinations|1313920|sample|7|nan|1798,0.24,0.121528,6,7,1,0.450839,0.435728,0.435728,0.435728,-2.60024,-2.60024
130_bNAb_Combinations|1313920|sample|7|nan|1798,1.2,0.00317308,7,7,1,0.0665837,0.41205,0.41205,0.41205,-3.38377,-3.38377
130_bNAb_Combinations|1313920|sample|7|nan|1798,6,0.000773603,8,7,1,0.0597781,0.376472,0.376472,0.376472,-3.10919,-3.10919
130_bNAb_Combinations|1313920|sample|8|nan|1798,0.0000768,0.853369,1,8,1,0.744129,0.376472,0.376472,0.376472,3.94669,3.94669
130_bNAb_Combinations|1313920|sample|8|nan|1798,0.000384,0.858752,2,8,1,0.802118,0.41205,0.41205,0.41205,3.6968,3.6968
130_bNAb_Combinations|1313920|sample|8|nan|1798,0.00192,0.804488,3,8,1,0.846153,0.435728,0.435728,0.435728,3.05178,3.05178
130_bNAb_Combinations|1313920|sample|8|nan|1798,0.0096,0.786951,4,8,1,0.873453,0.451485,0.451485,0.451485,2.77624,2.77624
130_bNAb_Combinations|1313920|sample|8|nan|1798,0.048,0.487829,5,8,1,0.815031,0.451485,0.451485,0.451485,0.300774,0.300774
130_bNAb_Combinations|1313920|sample|8|nan|1798,0.24,0.111628,6,8,1,0.450839,0.435728,0.435728,0.435728,-2.68217,-2.68217
130_bNAb_Combinations|1313920|sample|8|nan|1798,1.2,0.0031862,7,8,1,0.0665837,0.41205,0.41205,0.41205,-3.38366,-3.38366
130_bNAb_Combinations|1313920|sample|8|nan|1798,6,0.000694932,8,8,1,0.0597781,0.376472,0.376472,0.376472,-3.10984,-3.10984
130_bNAb_Combinations|1313920|sample|9|nan|1798,0.0003648,0.799965,1,9,1,0.744044,0.376472,0.376472,0.376472,3.50472,3.50472
130_bNAb_Combinations|1313920|sample|9|nan|1798,0.001824,0.747006,2,9,1,0.801364,0.41205,0.41205,0.41205,2.77201,2.77201
130_bNAb_Combinations|1313920|sample|9|nan|1798,0.00912,0.676214,3,9,1,0.839598,0.435728,0.435728,0.435728,1.99021,1.99021
130_bNAb_Combinations|1313920|sample|9|nan|1798,0.0456,0.461861,4,9,1,0.819209,0.451485,0.451485,0.451485,0.0858681,0.0858681
130_bNAb_Combinations|1313920|sample|9|nan|1798,0.228,0.0981493,5,9,1,0.488168,0.451485,0.451485,0.451485,-2.92412,-2.92412
130_bNAb_Combinations|1313920|sample|9|nan|1798,1.14,0.00317308,6,9,1,0.0713484,0.435728,0.435728,0.435728,-3.57972,-3.57972
130_bNAb_Combinations|1313920|sample|9|nan|1798,5.7,0.000485141,7,9,1,0.0644445,0.41205,0.41205,0.41205,-3.40602,-3.40602
130_bNAb_Combinations|1313920|sample|9|nan|1798,28.5,0.000563812,8,9,1,0.0597781,0.376472,0.376472,0.376472,-3.11093,-3.11093
130_bNAb_Combinations|1313920|vc|1|2|nan|1798,0,0.838599,1,2,1,0.744141,0.779712,0.779712,0.779712,0.487331,0.487331
130_bNAb_Combinations|1313920|vc|2|2|nan|1798,0,0.91969,2,2,1,0.80223,0.853399,0.853399,0.853399,0.548608,0.548608
130_bNAb_Combinations|1313920|vc|3|2|nan|1798,0,0.872133,3,2,1,0.80223,0.853399,0.853399,0.853399,0.155038,0.155038
130_bNAb_Combinations|1313920|vc|4|2|nan|1798,0,0.947723,4,2,1,0.80223,0.853399,0.853399,0.853399,0.780604,0.780604
130_bNAb_Combinations|1313920|vc|5|2|nan|1798,0,1,5,2,1,0.80223,0.853399,0.853399,0.853399,1.21324,1.21324
130_bNAb_Combinations|1313920|vc|6|2|nan|1798,0,0.938505,6,2,1,0.80223,0.853399,0.853399,0.853399,0.704321,0.704321
130_bNAb_Combinations|1313920|vc|7|2|nan|1798,0,0.844873,7,2,1,0.80223,0.853399,0.853399,0.853399,-0.0705568,-0.0705568
130_bNAb_Combinations|1313920|vc|8|2|nan|1798,0,0.756315,8,2,1,0.744141,0.779712,0.779712,0.779712,-0.193631,-0.193631
130_bNAb_Combinations|1313938|cc|1|1|TRO.11|8301,0,0.000314857,1,1,0,0,0,0,0,0.00260568,0.00260568
130_bNAb_Combinations|1313938|cc|2|1|TRO.11|8301,0,0.000558156,2,1,0,0,0,0,0,0.00461916,0.00461916
130_bNAb_Combinations|1313938|cc|3|1|TRO.11|8301,0,0.000586779,3,1,0,0,0,0,0,0.00485604,0.00485604
130_bNAb_Combinations|1313938|cc|4|1|TRO.11|8301,0,0.000686961,4,1,0,0,0,0,0,0.00568512,0.00568512
130_bNAb_Combinations|1313938|cc|5|1|TRO.11|8301,0,0.000615402,5,1,0,0,0,0,0,0.00509292,0.00509292
130_bNAb_Combinations|1313938|cc|6|1|TRO.11|8301,0,0.001102,6,1,0,0,0,0,0,0.00911988,0.00911988
130_bNAb_Combinations|1313938|cc|7|1|TRO.11|8301,0,0.00120218,7,1,0,0,0,0,0,0.00994896,0.00994896
130_bNAb_Combinations|1313938|cc|8|1|TRO.11|8301,0,0.000457974,8,1,0,0,0,0,0,0.00379008,0.00379008
130_bNAb_Combinations|1313938|sample|10|TRO.11|8301,0.0003648,0.972099,1,10,1,0.744044,0.870588,0.870588,0.870588,0.84008,0.84008
130_bNAb_Combinations|1313938|sample|10|TRO.11|8301,0.001824,0.800331,2,10,1,0.801364,0.849794,0.849794,0.849794,-0.409343,-0.409343
130_bNAb_Combinations|1313938|sample|10|TRO.11|8301,0.00912,0.620841,3,10,1,0.839598,0.650324,0.650324,0.650324,-0.243998,-0.243998
130_bNAb_Combinations|1313938|sample|10|TRO.11|8301,0.0456,0.181823,4,10,1,0.786967,0.174646,0.174646,0.174646,0.0593898,0.0593898
130_bNAb_Combinations|1313938|sample|10|TRO.11|8301,0.228,0.00905929,5,10,1,0.468955,0.0746423,0.0746423,0.0746423,-0.54275,-0.54275
130_bNAb_Combinations|1313938|sample|10|TRO.11|8301,1.14,0.000415039,6,10,1,0.0713484,0.0746341,0.0746341,0.0746341,-0.614219,-0.614219
130_bNAb_Combinations|1313938|sample|10|TRO.11|8301,5.7,0.000314857,7,10,1,0.0644445,0.0729611,0.0729611,0.0729611,-0.601203,-0.601203
130_bNAb_Combinations|1313938|sample|10|TRO.11|8301,28.5,0.000887324,8,10,1,0.0597781,0.0707967,0.0707967,0.0707967,-0.578553,-0.578553
130_bNAb_Combinations|1313938|sample|11|TRO.11|8301,0.0003712,0.957351,1,11,1,0.744042,0.881324,0.881324,0.881324,0.629184,0.629184
130_bNAb_Combinations|1313938|sample|11|TRO.11|8301,0.001856,0.926724,2,11,1,0.801344,0.908267,0.908267,0.908267,0.152747,0.152747
130_bNAb_Combinations|1313938|sample|11|TRO.11|8301,0.00928,0.826421,3,11,1,0.794933,0.908135,0.908135,0.908135,-0.67625,-0.67625
130_bNAb_Combinations|1313938|sample|11|TRO.11|8301,0.0464,0.657393,4,11,1,0.743993,0.885674,0.885674,0.885674,-1.8892,-1.8892
130_bNAb_Combinations|1313938|sample|11|TRO.11|8301,0.2319999999999999,0.217337,5,11,1,0.438323,0.0804524,0.0804524,0.0804524,1.13283,1.13283
130_bNAb_Combinations|1313938|sample|11|TRO.11|8301,1.16,0.00788574,6,11,1,0.0671987,0.0729612,0.0729612,0.0729612,-0.538549,-0.538549
130_bNAb_Combinations|1313938|sample|11|TRO.11|8301,5.8,4.2935e-05,7,11,1,0.0644445,0.0729612,0.0729612,0.0729612,-0.603454,-0.603454
130_bNAb_Combinations|1313938|sample|11|TRO.11|8301,29,0.00034348,8,11,1,0.0597781,0.0707968,0.0707968,0.0707968,-0.583055,-0.583055
130_bNAb_Combinations|1313938|sample|12|TRO.11|8301,0.0003712,0.867789,1,12,1,0.744042,0.881324,0.881324,0.881324,-0.112014,-0.112014
130_bNAb_Combinations|1313938|sample|12|TRO.11|8301,0.001856,0.853241,2,12,1,0.743319,0.881323,0.881323,0.881323,-0.232402,-0.232402
130_bNAb_Combinations|1313938|sample|12|TRO.11|8301,0.00928,0.83694,3,12,1,0.737372,0.881195,0.881195,0.881195,-0.366247,-0.366247
130_bNAb_Combinations|1313938|sample|12|TRO.11|8301,0.0464,0.620225,4,12,1,0.69012,0.8594,0.8594,0.8594,-1.97935,-1.97935
130_bNAb_Combinations|1313938|sample|12|TRO.11|8301,0.2319999999999999,0.188106,5,12,1,0.406584,0.0780657,0.0780657,0.0780657,0.910664,0.910664
130_bNAb_Combinations|1313938|sample|12|TRO.11|8301,1.16,0.00864425,6,12,1,0.0623329,0.0707968,0.0707968,0.0707968,-0.514359,-0.514359
130_bNAb_Combinations|1313938|sample|12|TRO.11|8301,5.8,0,7,12,1,0.0597781,0.0707968,0.0707968,0.0707968,-0.585897,-0.585897
130_bNAb_Combinations|1313938|sample|12|TRO.11|8301,29,0.000143117,8,12,1,0.0597781,0.0707968,0.0707968,0.0707968,-0.584713,-0.584713
130_bNAb_Combinations|1313938|sample|3|TRO.11|8301,0.000064,0.999256,1,3,1,0.744131,0.881323,0.881323,0.881323,0.975983,0.975983
130_bNAb_Combinations|1313938|sample|3|TRO.11|8301,0.00032,1,2,3,1,0.802142,0.908259,0.908259,0.908259,0.759227,0.759227
130_bNAb_Combinations|1313938|sample|3|TRO.11|8301,0.0016,0.897106,3,3,1,0.846361,0.928986,0.928986,0.928986,-0.263828,-0.263828
130_bNAb_Combinations|1313938|sample|3|TRO.11|8301,0.008,0.970361,4,3,1,0.840784,0.927782,0.927782,0.927782,0.352367,0.352367
130_bNAb_Combinations|1313938|sample|3|TRO.11|8301,0.04,0.880483,5,3,1,0.796156,0.913377,0.913377,0.913377,-0.272223,-0.272223
130_bNAb_Combinations|1313938|sample|3|TRO.11|8301,0.2,0.715899,6,3,1,0.513308,0.757459,0.757459,0.757459,-0.343939,-0.343939
130_bNAb_Combinations|1313938|sample|3|TRO.11|8301,1,0.31236,7,3,1,0.0718155,0.129042,0.129042,0.129042,1.51709,1.51709
130_bNAb_Combinations|1313938|sample|3|TRO.11|8301,5,0.0404162,8,3,1,0.0597781,0.0707966,0.0707966,0.0707966,-0.251421,-0.251421
130_bNAb_Combinations|1313938|sample|4|TRO.11|8301,0.000064,0.979763,1,4,1,0.744131,0.881323,0.881323,0.881323,0.814667,0.814667
130_bNAb_Combinations|1313938|sample|4|TRO.11|8301,0.00032,0.958596,2,4,1,0.802142,0.908259,0.908259,0.908259,0.41658,0.41658
130_bNAb_Combinations|1313938|sample|4|TRO.11|8301,0.0016,0.947948,3,4,1,0.846361,0.928986,0.928986,0.928986,0.156931,0.156931
130_bNAb_Combinations|1313938|sample|4|TRO.11|8301,0.008,0.949609,4,4,1,0.875231,0.943858,0.943858,0.943858,0.0475924,0.0475924
130_bNAb_Combinations|1313938|sample|4|TRO.11|8301,0.04,0.862629,5,4,1,0.828774,0.929203,0.929203,0.929203,-0.550948,-0.550948
130_bNAb_Combinations|1313938|sample|4|TRO.11|8301,0.2,0.698095,6,4,1,0.513308,0.757459,0.757459,0.757459,-0.491278,-0.491278
130_bNAb_Combinations|1313938|sample|4|TRO.11|8301,1,0.273174,7,4,1,0.0718155,0.129042,0.129042,0.129042,1.1928,1.1928
130_bNAb_Combinations|1313938|sample|4|TRO.11|8301,5,0.0442374,8,4,1,0.0597781,0.0707966,0.0707966,0.0707966,-0.219798,-0.219798
130_bNAb_Combinations|1313938|sample|5|TRO.11|8301,0.0006144,0.941673,1,5,1,0.743949,0.8813,0.8813,0.8813,0.499627,0.499627
130_bNAb_Combinations|1313938|sample|5|TRO.11|8301,0.003072,0.958739,2,5,1,0.800514,0.907976,0.907976,0.907976,0.420105,0.420105
130_bNAb_Combinations|1313938|sample|5|TRO.11|8301,0.01536,0.915761,3,5,1,0.832268,0.925497,0.925497,0.925497,-0.0805694,-0.0805694
130_bNAb_Combinations|1313938|sample|5|TRO.11|8301,0.0768,0.82456,4,5,1,0.762396,0.902,0.902,0.902,-0.640871,-0.640871
130_bNAb_Combinations|1313938|sample|5|TRO.11|8301,0.384,0.514634,5,5,1,0.288317,0.545749,0.545749,0.545749,-0.257503,-0.257503
130_bNAb_Combinations|1313938|sample|5|TRO.11|8301,1.92,0.141399,6,5,1,0.0680679,0.07517,0.07517,0.07517,0.548099,0.548099
130_bNAb_Combinations|1313938|sample|5|TRO.11|8301,9.6,0.0210382,7,5,1,0.0644445,0.072961,0.072961,0.072961,-0.429701,-0.429701
130_bNAb_Combinations|1313938|sample|5|TRO.11|8301,48,0.00739914,8,5,1,0.0597781,0.0707966,0.0707966,0.0707966,-0.524663,-0.524663
130_bNAb_Combinations|1313938|sample|6|TRO.11|8301,0.0006144,0.9722,1,6,1,0.743949,0.8813,0.8813,0.8813,0.75226,0.75226
130_bNAb_Combinations|1313938|sample|6|TRO.11|8301,0.003072,0.899854,2,6,1,0.800514,0.907976,0.907976,0.907976,-0.0672165,-0.0672165
130_bNAb_Combinations|1313938|sample|6|TRO.11|8301,0.01536,0.850665,3,6,1,0.832268,0.925497,0.925497,0.925497,-0.619294,-0.619294
130_bNAb_Combinations|1313938|sample|6|TRO.11|8301,0.0768,0.801476,4,6,1,0.762396,0.902,0.902,0.902,-0.831915,-0.831915
130_bNAb_Combinations|1313938|sample|6|TRO.11|8301,0.384,0.527478,5,6,1,0.288317,0.545749,0.545749,0.545749,-0.151203,-0.151203
130_bNAb_Combinations|1313938|sample|6|TRO.11|8301,1.92,0.143947,6,6,1,0.0680679,0.07517,0.07517,0.07517,0.569181,0.569181
130_bNAb_Combinations|1313938|sample|6|TRO.11|8301,9.6,0.0206374,7,6,1,0.0644445,0.072961,0.072961,0.072961,-0.433018,-0.433018
130_bNAb_Combinations|1313938|sample|6|TRO.11|8301,48,0.00800023,8,6,1,0.0597781,0.0707966,0.0707966,0.0707966,-0.519688,-0.519688
130_bNAb_Combinations|1313938|sample|7|TRO.11|8301,0.0000768,0.947047,1,7,1,0.744129,0.879231,0.879231,0.879231,0.561227,0.561227
130_bNAb_Combinations|1313938|sample|7|TRO.11|8301,0.000384,0.922266,2,7,1,0.802118,0.896595,0.896595,0.896595,0.212451,0.212451
130_bNAb_Combinations|1313938|sample|7|TRO.11|8301,0.00192,0.797075,3,7,1,0.846153,0.866086,0.866086,0.866086,-0.571122,-0.571122
130_bNAb_Combinations|1313938|sample|7|TRO.11|8301,0.0096,0.572639,4,7,1,0.873453,0.648905,0.648905,0.648905,-0.631162,-0.631161
130_bNAb_Combinations|1313938|sample|7|TRO.11|8301,0.048,0.211555,5,7,1,0.815031,0.166284,0.166284,0.166284,0.374658,0.374658
130_bNAb_Combinations|1313938|sample|7|TRO.11|8301,0.24,0.00928828,6,7,1,0.450839,0.0746385,0.0746385,0.0746385,-0.540823,-0.540823
130_bNAb_Combinations|1313938|sample|7|TRO.11|8301,1.2,0.000157428,7,7,1,0.0665837,0.0729611,0.0729611,0.0729611,-0.602506,-0.602506
130_bNAb_Combinations|1313938|sample|7|TRO.11|8301,6,0.001102,8,7,1,0.0597781,0.0707967,0.0707967,0.0707967,-0.576777,-0.576777
130_bNAb_Combinations|1313938|sample|8|TRO.11|8301,0.0000768,0.992465,1,8,1,0.744129,0.879231,0.879231,0.879231,0.937097,0.937097
130_bNAb_Combinations|1313938|sample|8|TRO.11|8301,0.000384,0.918846,2,8,1,0.802118,0.896595,0.896595,0.896595,0.184144,0.184144
130_bNAb_Combinations|1313938|sample|8|TRO.11|8301,0.00192,0.798592,3,8,1,0.846153,0.866086,0.866086,0.866086,-0.558568,-0.558568
130_bNAb_Combinations|1313938|sample|8|TRO.11|8301,0.0096,0.614093,4,8,1,0.873453,0.648905,0.648905,0.648905,-0.2881,-0.2881
130_bNAb_Combinations|1313938|sample|8|TRO.11|8301,0.048,0.216235,5,8,1,0.815031,0.166284,0.166284,0.166284,0.413387,0.413387
130_bNAb_Combinations|1313938|sample|8|TRO.11|8301,0.24,0.0118501,6,8,1,0.450839,0.0746385,0.0746385,0.0746385,-0.519622,-0.519622
130_bNAb_Combinations|1313938|sample|8|TRO.11|8301,1.2,0.000787142,7,8,1,0.0665837,0.0729611,0.0729611,0.0729611,-0.597294,-0.597294
130_bNAb_Combinations|1313938|sample|8|TRO.11|8301,6,0.000543844,8,8,1,0.0597781,0.0707967,0.0707967,0.0707967,-0.581396,-0.581396
130_bNAb_Combinations|1313938|sample|9|TRO.11|8301,0.0003648,0.965087,1,9,1,0.744044,0.870588,0.870588,0.870588,0.782045,0.782045
130_bNAb_Combinations|1313938|sample|9|TRO.11|8301,0.001824,0.834471,2,9,1,0.801364,0.849794,0.849794,0.849794,-0.126805,-0.126805
130_bNAb_Combinations|1313938|sample|9|TRO.11|8301,0.00912,0.637786,3,9,1,0.839598,0.650324,0.650324,0.650324,-0.103765,-0.103765
130_bNAb_Combinations|1313938|sample|9|TRO.11|8301,0.0456,0.173393,4,9,1,0.819209,0.177672,0.177672,0.177672,-0.0354144,-0.0354144
130_bNAb_Combinations|1313938|sample|9|TRO.11|8301,0.228,0.00868719,5,9,1,0.488168,0.0759356,0.0759356,0.0759356,-0.556532,-0.556532
130_bNAb_Combinations|1313938|sample|9|TRO.11|8301,1.14,0.00025761,6,9,1,0.0713484,0.0746341,0.0746341,0.0746341,-0.615522,-0.615522
130_bNAb_Combinations|1313938|sample|9|TRO.11|8301,5.7,0.000543844,7,9,1,0.0644445,0.0729611,0.0729611,0.0729611,-0.599308,-0.599308
130_bNAb_Combinations|1313938|sample|9|TRO.11|8301,28.5,0.00104475,8,9,1,0.0597781,0.0707967,0.0707967,0.0707967,-0.57725,-0.57725
130_bNAb_Combinations|1313938|vc|1|2|TRO.11|8301,0,0.914116,1,2,1,0.744141,0.881324,0.881324,0.881324,0.271377,0.271377
130_bNAb_Combinations|1313938|vc|2|2|TRO.11|8301,0,0.902924,2,2,1,0.80223,0.908268,0.908268,0.908268,-0.0442249,-0.0442249
130_bNAb_Combinations|1313938|vc|3|2|TRO.11|8301,0,0.968414,3,2,1,0.80223,0.908268,0.908268,0.908268,0.497757,0.497757
130_bNAb_Combinations|1313938|vc|4|2|TRO.11|8301,0,0.926266,4,2,1,0.80223,0.908268,0.908268,0.908268,0.148951,0.148951
130_bNAb_Combinations|1313938|vc|5|2|TRO.11|8301,0,0.902967,5,2,1,0.80223,0.908268,0.908268,0.908268,-0.0438696,-0.0438696
130_bNAb_Combinations|1313938|vc|6|2|TRO.11|8301,0,0.92744,6,2,1,0.80223,0.908268,0.908268,0.908268,0.158663,0.158663
130_bNAb_Combinations|1313938|vc|7|2|TRO.11|8301,0,0.886129,7,2,1,0.80223,0.908268,0.908268,0.908268,-0.183214,-0.183214
130_bNAb_Combinations|1313938|vc|8|2|TRO.11|8301,0,0.777732,8,2,1,0.744141,0.881324,0.881324,0.881324,-0.857298,-0.857298
130_bNAb_Combinations|1313956|cc|1|1|Ce1176_A3|7023,0,0.000508745,1,1,0,0,0,0,0,0.00421025,0.00421025
130_bNAb_Combinations|1313956|cc|2|1|Ce1176_A3|7023,0,0.000481245,2,1,0,0,0,0,0,0.00398267,0.00398267
130_bNAb_Combinations|1313956|cc|3|1|Ce1176_A3|7023,0,0.000632494,3,1,0,0,0,0,0,0.00523437,0.00523437
130_bNAb_Combinations|1313956|cc|4|1|Ce1176_A3|7023,0,0.00112749,4,1,0,0,0,0,0,0.00933083,0.00933083
130_bNAb_Combinations|1313956|cc|5|1|Ce1176_A3|7023,0,0.00140249,5,1,0,0,0,0,0,0.0116066,0.0116066
130_bNAb_Combinations|1313956|cc|6|1|Ce1176_A3|7023,0,0.00147124,6,1,0,0,0,0,0,0.0121756,0.0121756
130_bNAb_Combinations|1313956|cc|7|1|Ce1176_A3|7023,0,0.00120999,7,1,0,0,0,0,0,0.0100136,0.0100136
130_bNAb_Combinations|1313956|cc|8|1|Ce1176_A3|7023,0,0.00149874,8,1,0,0,0,0,0,0.0124032,0.0124032
130_bNAb_Combinations|1313956|sample|10|Ce1176_A3|7023,0.0003648,0.703622,1,10,1,0.744044,0.318309,0.318309,0.318309,3.18876,3.18876
130_bNAb_Combinations|1313956|sample|10|Ce1176_A3|7023,0.001824,0.749608,2,10,1,0.801364,0.34518,0.34518,0.34518,3.34695,3.34695
130_bNAb_Combinations|1313956|sample|10|Ce1176_A3|7023,0.00912,0.514314,3,10,1,0.839598,0.365054,0.365054,0.365054,1.23524,1.23524
130_bNAb_Combinations|1313956|sample|10|Ce1176_A3|7023,0.0456,0.208599,4,10,1,0.786967,0.365054,0.365054,0.365054,-1.29478,-1.29478
130_bNAb_Combinations|1313956|sample|10|Ce1176_A3|7023,0.228,0.00944616,5,10,1,0.468955,0.365054,0.365054,0.365054,-2.94292,-2.94292
130_bNAb_Combinations|1313956|sample|10|Ce1176_A3|7023,1.14,0.000343747,6,10,1,0.0713484,0.365054,0.365054,0.365054,-3.01825,-3.01825
130_bNAb_Combinations|1313956|sample|10|Ce1176_A3|7023,5.7,0.000233748,7,10,1,0.0644445,0.34518,0.34518,0.34518,-2.85469,-2.85469
130_bNAb_Combinations|1313956|sample|10|Ce1176_A3|7023,28.5,0.000398746,8,10,1,0.0597781,0.319383,0.319383,0.319383,-2.63983,-2.63983
130_bNAb_Combinations|1313956|sample|11|Ce1176_A3|7023,0.0003712,0.688607,1,11,1,0.744042,0.755166,0.755166,0.755166,-0.55083,-0.55083
130_bNAb_Combinations|1313956|sample|11|Ce1176_A3|7023,0.001856,0.732462,2,11,1,0.801344,0.818634,0.818634,0.818634,-0.713141,-0.713141
130_bNAb_Combinations|1313956|sample|11|Ce1176_A3|7023,0.00928,0.765771,3,11,1,0.794933,0.815449,0.815449,0.815449,-0.411125,-0.411125
130_bNAb_Combinations|1313956|sample|11|Ce1176_A3|7023,0.0464,0.662853,4,11,1,0.743993,0.780408,0.780408,0.780408,-0.972853,-0.972853
130_bNAb_Combinations|1313956|sample|11|Ce1176_A3|7023,0.2319999999999999,0.428576,5,11,1,0.438323,0.48216,0.48216,0.48216,-0.44345,-0.44345
130_bNAb_Combinations|1313956|sample|11|Ce1176_A3|7023,1.16,0.0788005,6,11,1,0.0671987,0.0667654,0.0667654,0.0667654,0.0995991,0.0995991
130_bNAb_Combinations|1313956|sample|11|Ce1176_A3|7023,5.8,0.00151248,7,11,1,0.0644445,0.0657859,0.0657859,0.0657859,-0.531912,-0.531912
130_bNAb_Combinations|1313956|sample|11|Ce1176_A3|7023,29,0.000233748,8,11,1,0.0597781,0.0606646,0.0606646,0.0606646,-0.500112,-0.500112
130_bNAb_Combinations|1313956|sample|12|Ce1176_A3|7023,0.0003712,0.632164,1,12,1,0.744042,0.755166,0.755166,0.755166,-1.01794,-1.01794
130_bNAb_Combinations|1313956|sample|12|Ce1176_A3|7023,0.001856,0.613698,2,12,1,0.743319,0.754906,0.754906,0.754906,-1.1686,-1.1686
130_bNAb_Combinations|1313956|sample|12|Ce1176_A3|7023,0.00928,0.591375,3,12,1,0.737372,0.751968,0.751968,0.751968,-1.32904,-1.32904
130_bNAb_Combinations|1313956|sample|12|Ce1176_A3|7023,0.0464,0.519222,4,12,1,0.69012,0.719655,0.719655,0.719655,-1.65873,-1.65873
130_bNAb_Combinations|1313956|sample|12|Ce1176_A3|7023,0.2319999999999999,0.330526,5,12,1,0.406584,0.444625,0.444625,0.444625,-0.944259,-0.944259
130_bNAb_Combinations|1313956|sample|12|Ce1176_A3|7023,1.16,0.0625069,6,12,1,0.0623329,0.0615679,0.0615679,0.0615679,0.00777078,0.00777078
130_bNAb_Combinations|1313956|sample|12|Ce1176_A3|7023,5.8,0.00237873,7,12,1,0.0597781,0.0606646,0.0606646,0.0606646,-0.48236,-0.48236
130_bNAb_Combinations|1313956|sample|12|Ce1176_A3|7023,29,0.000769992,8,12,1,0.0597781,0.0606646,0.0606646,0.0606646,-0.495674,-0.495674
130_bNAb_Combinations|1313956|sample|3|Ce1176_A3|7023,0.000064,0.742974,1,3,1,0.744131,0.755072,0.755072,0.755072,-0.100122,-0.100122
130_bNAb_Combinations|1313956|sample|3|Ce1176_A3|7023,0.00032,0.893054,2,3,1,0.802142,0.818342,0.818342,0.818342,0.618297,0.618297
130_bNAb_Combinations|1313956|sample|3|Ce1176_A3|7023,0.0016,0.908543,3,3,1,0.846361,0.863137,0.863137,0.863137,0.375765,0.375765
130_bNAb_Combinations|1313956|sample|3|Ce1176_A3|7023,0.008,0.937844,4,3,1,0.840784,0.852465,0.852465,0.852465,0.706574,0.706574
130_bNAb_Combinations|1313956|sample|3|Ce1176_A3|7023,0.04,0.777115,5,3,1,0.796156,0.805213,0.805213,0.805213,-0.232532,-0.232532
130_bNAb_Combinations|1313956|sample|3|Ce1176_A3|7023,0.2,0.561758,6,3,1,0.513308,0.629233,0.629233,0.629233,-0.558415,-0.558415
130_bNAb_Combinations|1313956|sample|3|Ce1176_A3|7023,1,0.368964,7,3,1,0.0718155,0.29217,0.29217,0.29217,0.635526,0.635526
130_bNAb_Combinations|1313956|sample|3|Ce1176_A3|7023,5,0.208888,8,3,1,0.0597781,0.20923,0.20923,0.20923,-0.00283098,-0.00283098
130_bNAb_Combinations|1313956|sample|4|Ce1176_A3|7023,0.000064,0.71326,1,4,1,0.744131,0.755072,0.755072,0.755072,-0.346023,-0.346023
130_bNAb_Combinations|1313956|sample|4|Ce1176_A3|7023,0.00032,0.883119,2,4,1,0.802142,0.818342,0.818342,0.818342,0.536083,0.536083
130_bNAb_Combinations|1313956|sample|4|Ce1176_A3|7023,0.0016,0.934819,3,4,1,0.846361,0.863137,0.863137,0.863137,0.593219,0.593219
130_bNAb_Combinations|1313956|sample|4|Ce1176_A3|7023,0.008,0.950487,4,4,1,0.875231,0.886788,0.886788,0.886788,0.527157,0.527157
130_bNAb_Combinations|1313956|sample|4|Ce1176_A3|7023,0.04,0.817519,5,4,1,0.828774,0.837633,0.837633,0.837633,-0.16646,-0.16646
130_bNAb_Combinations|1313956|sample|4|Ce1176_A3|7023,0.2,0.59253,6,4,1,0.513308,0.629233,0.629233,0.629233,-0.303752,-0.303752
130_bNAb_Combinations|1313956|sample|4|Ce1176_A3|7023,1,0.33859,7,4,1,0.0718155,0.29217,0.29217,0.29217,0.384162,0.384162
130_bNAb_Combinations|1313956|sample|4|Ce1176_A3|7023,5,0.207004,8,4,1,0.0597781,0.20923,0.20923,0.20923,-0.0184203,-0.0184203
130_bNAb_Combinations|1313956|sample|5|Ce1176_A3|7023,0.0006144,0.687672,1,5,1,0.743949,0.754156,0.754156,0.754156,-0.550207,-0.550207
130_bNAb_Combinations|1313956|sample|5|Ce1176_A3|7023,0.003072,0.893274,2,5,1,0.800514,0.813742,0.813742,0.813742,0.658184,0.658184
130_bNAb_Combinations|1313956|sample|5|Ce1176_A3|7023,0.01536,0.886089,3,5,1,0.832268,0.840928,0.840928,0.840928,0.373747,0.373747
130_bNAb_Combinations|1313956|sample|5|Ce1176_A3|7023,0.0768,0.71535,4,5,1,0.762396,0.787901,0.787901,0.787901,-0.600409,-0.600409
130_bNAb_Combinations|1313956|sample|5|Ce1176_A3|7023,0.384,0.488319,5,5,1,0.288317,0.518294,0.518294,0.518294,-0.248059,-0.248059
130_bNAb_Combinations|1313956|sample|5|Ce1176_A3|7023,1.92,0.393054,6,5,1,0.0680679,0.250305,0.250305,0.250305,1.18136,1.18136
130_bNAb_Combinations|1313956|sample|5|Ce1176_A3|7023,9.6,0.204928,7,5,1,0.0644445,0.22687,0.22687,0.22687,-0.181587,-0.181587
130_bNAb_Combinations|1313956|sample|5|Ce1176_A3|7023,48,0.100326,8,5,1,0.0597781,0.209209,0.209209,0.209209,-0.901088,-0.901088
130_bNAb_Combinations|1313956|sample|6|Ce1176_A3|7023,0.0006144,0.700267,1,6,1,0.743949,0.754156,0.754156,0.754156,-0.445974,-0.445974
130_bNAb_Combinations|1313956|sample|6|Ce1176_A3|7023,0.003072,0.779562,2,6,1,0.800514,0.813742,0.813742,0.813742,-0.282864,-0.282864
130_bNAb_Combinations|1313956|sample|6|Ce1176_A3|7023,0.01536,0.830994,3,6,1,0.832268,0.840928,0.840928,0.840928,-0.0822122,-0.0822122
130_bNAb_Combinations|1313956|sample|6|Ce1176_A3|7023,0.0768,0.671062,4,6,1,0.762396,0.787901,0.787901,0.787901,-0.966929,-0.966929
130_bNAb_Combinations|1313956|sample|6|Ce1176_A3|7023,0.384,0.520893,5,6,1,0.288317,0.518294,0.518294,0.518294,0.0215112,0.0215112
130_bNAb_Combinations|1313956|sample|6|Ce1176_A3|7023,1.92,0.352251,6,6,1,0.0680679,0.250305,0.250305,0.250305,0.843683,0.843683
130_bNAb_Combinations|1313956|sample|6|Ce1176_A3|7023,9.6,0.186758,7,6,1,0.0644445,0.22687,0.22687,0.22687,-0.331961,-0.331961
130_bNAb_Combinations|1313956|sample|6|Ce1176_A3|7023,48,0.0915191,8,6,1,0.0597781,0.209209,0.209209,0.209209,-0.973971,-0.973971
130_bNAb_Combinations|1313956|sample|7|Ce1176_A3|7023,0.0000768,0.644896,1,7,1,0.744129,0.318309,0.318309,0.318309,2.70276,2.70276
130_bNAb_Combinations|1313956|sample|7|Ce1176_A3|7023,0.000384,0.807536,2,7,1,0.802118,0.34518,0.34518,0.34518,3.82635,3.82635
130_bNAb_Combinations|1313956|sample|7|Ce1176_A3|7023,0.00192,0.874608,3,7,1,0.846153,0.365054,0.365054,0.365054,4.21695,4.21695
130_bNAb_Combinations|1313956|sample|7|Ce1176_A3|7023,0.0096,0.712752,4,7,1,0.873453,0.379752,0.379752,0.379752,2.75583,2.75583
130_bNAb_Combinations|1313956|sample|7|Ce1176_A3|7023,0.048,0.234181,5,7,1,0.815031,0.379752,0.379752,0.379752,-1.20471,-1.20471
130_bNAb_Combinations|1313956|sample|7|Ce1176_A3|7023,0.24,0.0112199,6,7,1,0.450839,0.365054,0.365054,0.365054,-2.92824,-2.92824
130_bNAb_Combinations|1313956|sample|7|Ce1176_A3|7023,1.2,0.000769992,7,7,1,0.0665837,0.34518,0.34518,0.34518,-2.85026,-2.85026
130_bNAb_Combinations|1313956|sample|7|Ce1176_A3|7023,6,0.000536245,8,7,1,0.0597781,0.318309,0.318309,0.318309,-2.62981,-2.62981
130_bNAb_Combinations|1313956|sample|8|Ce1176_A3|7023,0.0000768,0.696355,1,8,1,0.744129,0.318309,0.318309,0.318309,3.12862,3.12862
130_bNAb_Combinations|1313956|sample|8|Ce1176_A3|7023,0.000384,0.873701,2,8,1,0.802118,0.34518,0.34518,0.34518,4.37391,4.37391
130_bNAb_Combinations|1313956|sample|8|Ce1176_A3|7023,0.00192,0.872793,3,8,1,0.846153,0.365054,0.365054,0.365054,4.20193,4.20193
130_bNAb_Combinations|1313956|sample|8|Ce1176_A3|7023,0.0096,0.757666,4,8,1,0.873453,0.379752,0.379752,0.379752,3.12752,3.12752
130_bNAb_Combinations|1313956|sample|8|Ce1176_A3|7023,0.048,0.240416,5,8,1,0.815031,0.379752,0.379752,0.379752,-1.15311,-1.15311
130_bNAb_Combinations|1313956|sample|8|Ce1176_A3|7023,0.24,0.0117424,6,8,1,0.450839,0.365054,0.365054,0.365054,-2.92392,-2.92392
130_bNAb_Combinations|1313956|sample|8|Ce1176_A3|7023,1.2,0.000178748,7,8,1,0.0665837,0.34518,0.34518,0.34518,-2.85515,-2.85515
130_bNAb_Combinations|1313956|sample|8|Ce1176_A3|7023,6,0.000316247,8,8,1,0.0597781,0.318309,0.318309,0.318309,-2.63163,-2.63163
130_bNAb_Combinations|1313956|sample|9|Ce1176_A3|7023,0.0003648,0.758106,1,9,1,0.744044,0.318309,0.318309,0.318309,3.63965,3.63965
130_bNAb_Combinations|1313956|sample|9|Ce1176_A3|7023,0.001824,0.682688,2,9,1,0.801364,0.34518,0.34518,0.34518,2.79313,2.79313
130_bNAb_Combinations|1313956|sample|9|Ce1176_A3|7023,0.00912,0.715818,3,9,1,0.839598,0.365054,0.365054,0.365054,2.90284,2.90284
130_bNAb_Combinations|1313956|sample|9|Ce1176_A3|7023,0.0456,0.196719,4,9,1,0.819209,0.379752,0.379752,0.379752,-1.51473,-1.51473
130_bNAb_Combinations|1313956|sample|9|Ce1176_A3|7023,0.228,0.00966615,5,9,1,0.488168,0.379752,0.379752,0.379752,-3.06274,-3.06274
130_bNAb_Combinations|1313956|sample|9|Ce1176_A3|7023,1.14,0.000756242,6,9,1,0.0713484,0.365054,0.365054,0.365054,-3.01484,-3.01484
130_bNAb_Combinations|1313956|sample|9|Ce1176_A3|7023,5.7,0.000439996,7,9,1,0.0644445,0.34518,0.34518,0.34518,-2.85299,-2.85299
130_bNAb_Combinations|1313956|sample|9|Ce1176_A3|7023,28.5,0,8,9,1,0.0597781,0.319383,0.319383,0.319383,-2.64313,-2.64313
130_bNAb_Combinations|1313956|vc|1|2|Ce1176_A3|7023,0,0.749127,1,2,1,0.744141,0.755192,0.755192,0.755192,-0.0501906,-0.0501906
130_bNAb_Combinations|1313956|vc|2|2|Ce1176_A3|7023,0,0.930921,2,2,1,0.80223,0.818945,0.818945,0.818945,0.926688,0.926688
130_bNAb_Combinations|1313956|vc|3|2|Ce1176_A3|7023,0,1,3,2,1,0.80223,0.818945,0.818945,0.818945,1.49837,1.49837
130_bNAb_Combinations|1313956|vc|4|2|Ce1176_A3|7023,0,0.968987,4,2,1,0.80223,0.818945,0.818945,0.818945,1.24172,1.24172
130_bNAb_Combinations|1313956|vc|5|2|Ce1176_A3|7023,0,0.924369,5,2,1,0.80223,0.818945,0.818945,0.818945,0.872467,0.872467
130_bNAb_Combinations|1313956|vc|6|2|Ce1176_A3|7023,0,0.980379,6,2,1,0.80223,0.818945,0.818945,0.818945,1.33599,1.33599
130_bNAb_Combinations|1313956|vc|7|2|Ce1176_A3|7023,0,0.892036,7,2,1,0.80223,0.818945,0.818945,0.818945,0.604888,0.604888
130_bNAb_Combinations|1313956|vc|8|2|Ce1176_A3|7023,0,0.653015,8,2,1,0.744141,0.755192,0.755192,0.755192,-0.845587,-0.845587
130_bNAb_Combinations|1313974|cc|1|1|nan|1176,0,0,1,1,0,0,0,0,0,0,0
130_bNAb_Combinations|1313974|cc|2|1|nan|1176,0,0.00187935,2,1,0,0,0,0,0,0.015553,0.015553
130_bNAb_Combinations|1313974|cc|3|1|nan|1176,0,0.00338282,3,1,0,0,0,0,0,0.0279954,0.0279954
130_bNAb_Combinations|1313974|cc|4|1|nan|1176,0,0.00250579,4,1,0,0,0,0,0,0.0207374,0.0207374
130_bNAb_Combinations|1313974|cc|5|1|nan|1176,0,0.00425985,5,1,0,0,0,0,0,0.0352535,0.0352535
130_bNAb_Combinations|1313974|cc|6|1|nan|1176,0,0.00200464,6,1,0,0,0,0,0,0.0165899,0.0165899
130_bNAb_Combinations|1313974|cc|7|1|nan|1176,0,0.00701623,7,1,0,0,0,0,0,0.0580646,0.0580646
130_bNAb_Combinations|1313974|cc|8|1|nan|1176,0,0.00275637,8,1,0,0,0,0,0,0.0228111,0.0228111
130_bNAb_Combinations|1313974|sample|10|nan|1176,0.0003648,0.564806,1,10,1,0.744044,0.744141,0.744141,0.744141,-1.48413,-1.48413
130_bNAb_Combinations|1313974|sample|10|nan|1176,0.001824,0.969555,2,10,1,0.801364,0.802222,0.802222,0.802222,1.3848,1.3848
130_bNAb_Combinations|1313974|sample|10|nan|1176,0.00912,0.987972,3,10,1,0.839598,0.846985,0.846985,0.846985,1.16678,1.16678
130_bNAb_Combinations|1313974|sample|10|nan|1176,0.0456,0.768277,4,10,1,0.786967,0.844753,0.844753,0.844753,-0.6329,-0.6329
130_bNAb_Combinations|1313974|sample|10|nan|1176,0.228,0.6812,5,10,1,0.468955,0.809433,0.809433,0.809433,-1.06122,-1.06122
130_bNAb_Combinations|1313974|sample|10|nan|1176,1.14,0.388273,6,10,1,0.0713484,0.416768,0.416768,0.416768,-0.235818,-0.235818
130_bNAb_Combinations|1313974|sample|10|nan|1176,5.7,0.221387,7,10,1,0.0644445,0.064445,0.064445,0.064445,1.29881,1.29881
130_bNAb_Combinations|1313974|sample|10|nan|1176,28.5,0.0676565,8,10,1,0.0597781,0.0597768,0.0597768,0.0597768,0.0652103,0.0652103
130_bNAb_Combinations|1313974|sample|11|nan|1176,0.0003712,0.686964,1,11,1,0.744042,0.743153,0.743153,0.743153,-0.46501,-0.46501
130_bNAb_Combinations|1313974|sample|11|nan|1176,0.001856,0.787446,2,11,1,0.801344,0.792574,0.792574,0.792574,-0.0424364,-0.0424364
130_bNAb_Combinations|1313974|sample|11|nan|1176,0.00928,0.683957,3,11,1,0.794933,0.718742,0.718742,0.718742,-0.287872,-0.287872
130_bNAb_Combinations|1313974|sample|11|nan|1176,0.0464,0.431373,4,11,1,0.743993,0.31163,0.31163,0.31163,0.990961,0.990961
130_bNAb_Combinations|1313974|sample|11|nan|1176,0.2319999999999999,0.127921,5,11,1,0.438323,0.0644814,0.0644814,0.0644814,0.525009,0.525009
130_bNAb_Combinations|1313974|sample|11|nan|1176,1.16,0.00889557,6,11,1,0.0671987,0.0644431,0.0644431,0.0644431,-0.459698,-0.459698
130_bNAb_Combinations|1313974|sample|11|nan|1176,5.8,0.00664036,7,11,1,0.0644445,0.0644431,0.0644431,0.0644431,-0.478362,-0.478362
130_bNAb_Combinations|1313974|sample|11|nan|1176,29,0.0085197,8,11,1,0.0597781,0.0597768,0.0597768,0.0597768,-0.424192,-0.424192
130_bNAb_Combinations|1313974|sample|12|nan|1176,0.0003712,0.62507,1,12,1,0.744042,0.743153,0.743153,0.743153,-0.977222,-0.977222
130_bNAb_Combinations|1313974|sample|12|nan|1176,0.001856,0.659149,2,12,1,0.743319,0.735184,0.735184,0.735184,-0.629243,-0.629243
130_bNAb_Combinations|1313974|sample|12|nan|1176,0.00928,0.546764,3,12,1,0.737372,0.666698,0.666698,0.666698,-0.99254,-0.99254
130_bNAb_Combinations|1313974|sample|12|nan|1176,0.0464,0.27877,4,12,1,0.69012,0.289065,0.289065,0.289065,-0.085201,-0.0852011
130_bNAb_Combinations|1313974|sample|12|nan|1176,0.2319999999999999,0.0630207,5,12,1,0.406584,0.0598123,0.0598123,0.0598123,0.0265519,0.0265519
130_bNAb_Combinations|1313974|sample|12|nan|1176,1.16,0.00413456,6,12,1,0.0623329,0.0597768,0.0597768,0.0597768,-0.460482,-0.460482
130_bNAb_Combinations|1313974|sample|12|nan|1176,5.8,0.0072668,7,12,1,0.0597781,0.0597768,0.0597768,0.0597768,-0.43456,-0.43456
130_bNAb_Combinations|1313974|sample|12|nan|1176,29,0.00375869,8,12,1,0.0597781,0.0597768,0.0597768,0.0597768,-0.463593,-0.463593
130_bNAb_Combinations|1313974|sample|3|nan|1176,0.000064,0.544885,1,3,1,0.744131,0.744072,0.744072,0.744072,-1.64843,-1.64843
130_bNAb_Combinations|1313974|sample|3|nan|1176,0.00032,0.833553,2,3,1,0.802142,0.801446,0.801446,0.801446,0.265705,0.265705
130_bNAb_Combinations|1313974|sample|3|nan|1176,0.0016,0.76765,3,3,1,0.846361,0.838436,0.838436,0.838436,-0.585804,-0.585804
130_bNAb_Combinations|1313974|sample|3|nan|1176,0.008,0.763766,4,3,1,0.840784,0.760128,0.760128,0.760128,0.0301123,0.0301123
130_bNAb_Combinations|1313974|sample|3|nan|1176,0.04,0.33966,5,3,1,0.796156,0.291751,0.291751,0.291751,0.39649,0.39649
130_bNAb_Combinations|1313974|sample|3|nan|1176,0.2,0.074798,6,3,1,0.513308,0.0680518,0.0680518,0.0680518,0.0558298,0.0558298
130_bNAb_Combinations|1313974|sample|3|nan|1176,1,0.0275637,7,3,1,0.0718155,0.0644431,0.0644431,0.0644431,-0.305205,-0.305205
130_bNAb_Combinations|1313974|sample|3|nan|1176,5,0.0219257,8,3,1,0.0597781,0.0597768,0.0597768,0.0597768,-0.313247,-0.313247
130_bNAb_Combinations|1313974|sample|4|nan|1176,0.000064,0.596254,1,4,1,0.744131,0.744072,0.744072,0.744072,-1.22331,-1.22331
130_bNAb_Combinations|1313974|sample|4|nan|1176,0.00032,0.751363,2,4,1,0.802142,0.801446,0.801446,0.801446,-0.414481,-0.414481
130_bNAb_Combinations|1313974|sample|4|nan|1176,0.0016,0.81952,3,4,1,0.846361,0.838436,0.838436,0.838436,-0.156541,-0.156541
130_bNAb_Combinations|1313974|sample|4|nan|1176,0.008,0.746852,4,4,1,0.875231,0.79127,0.79127,0.79127,-0.36759,-0.36759
130_bNAb_Combinations|1313974|sample|4|nan|1176,0.04,0.327758,5,4,1,0.828774,0.303704,0.303704,0.303704,0.199067,0.199067
130_bNAb_Combinations|1313974|sample|4|nan|1176,0.2,0.106747,6,4,1,0.513308,0.0680518,0.0680518,0.0680518,0.320231,0.320231
130_bNAb_Combinations|1313974|sample|4|nan|1176,1,0.0308213,7,4,1,0.0718155,0.0644431,0.0644431,0.0644431,-0.278246,-0.278246
130_bNAb_Combinations|1313974|sample|4|nan|1176,5,0.0120278,8,4,1,0.0597781,0.0597768,0.0597768,0.0597768,-0.395159,-0.395159
130_bNAb_Combinations|1313974|sample|5|nan|1176,0.0006144,0.585729,1,5,1,0.743949,0.742252,0.742252,0.742252,-1.29534,-1.29534
130_bNAb_Combinations|1313974|sample|5|nan|1176,0.003072,0.613794,2,5,1,0.800514,0.781021,0.781021,0.781021,-1.38393,-1.38393
130_bNAb_Combinations|1313974|sample|5|nan|1176,0.01536,0.526467,3,5,1,0.832268,0.6408,0.6408,0.6408,-0.946192,-0.946192
130_bNAb_Combinations|1313974|sample|5|nan|1176,0.0768,0.174278,4,5,1,0.762396,0.102755,0.102755,0.102755,0.591906,0.591906
130_bNAb_Combinations|1313974|sample|5|nan|1176,0.384,0.0800601,5,5,1,0.288317,0.070838,0.070838,0.070838,0.0763203,0.0763203
130_bNAb_Combinations|1313974|sample|5|nan|1176,1.92,0.03458,6,5,1,0.0680679,0.06805,0.06805,0.06805,-0.27699,-0.27699
130_bNAb_Combinations|1313974|sample|5|nan|1176,9.6,0.0281902,7,5,1,0.0644445,0.0644431,0.0644431,0.0644431,-0.300021,-0.300021
130_bNAb_Combinations|1313974|sample|5|nan|1176,48,0.00826912,8,5,1,0.0597781,0.0597768,0.0597768,0.0597768,-0.426265,-0.426265
130_bNAb_Combinations|1313974|sample|6|nan|1176,0.0006144,0.51469,1,6,1,0.743949,0.742252,0.742252,0.742252,-1.88325,-1.88325
130_bNAb_Combinations|1313974|sample|6|nan|1176,0.003072,0.808369,2,6,1,0.800514,0.781021,0.781021,0.781021,0.226326,0.226326
130_bNAb_Combinations|1313974|sample|6|nan|1176,0.01536,0.47986,3,6,1,0.832268,0.6408,0.6408,0.6408,-1.33191,-1.33191
130_bNAb_Combinations|1313974|sample|6|nan|1176,0.0768,0.164756,4,6,1,0.762396,0.102755,0.102755,0.102755,0.513104,0.513104
130_bNAb_Combinations|1313974|sample|6|nan|1176,0.384,0.0816889,5,6,1,0.288317,0.070838,0.070838,0.070838,0.0897996,0.0897996
130_bNAb_Combinations|1313974|sample|6|nan|1176,1.92,0.045856,6,6,1,0.0680679,0.06805,0.06805,0.06805,-0.183672,-0.183672
130_bNAb_Combinations|1313974|sample|6|nan|1176,9.6,0.023805,7,6,1,0.0644445,0.0644431,0.0644431,0.0644431,-0.336311,-0.336311
130_bNAb_Combinations|1313974|sample|6|nan|1176,48,0.00789325,8,6,1,0.0597781,0.0597768,0.0597768,0.0597768,-0.429376,-0.429376
130_bNAb_Combinations|1313974|sample|7|nan|1176,0.0000768,0.626699,1,7,1,0.744129,0.744141,0.744141,0.744141,-0.971923,-0.971923
130_bNAb_Combinations|1313974|sample|7|nan|1176,0.000384,0.800727,2,7,1,0.802118,0.80223,0.80223,0.80223,-0.0124417,-0.0124417
130_bNAb_Combinations|1313974|sample|7|nan|1176,0.00192,0.993736,3,7,1,0.846153,0.847122,0.847122,0.847122,1.21334,1.21334
130_bNAb_Combinations|1313974|sample|7|nan|1176,0.0096,1,4,7,1,0.873453,0.881671,0.881671,0.881671,0.979261,0.979261
130_bNAb_Combinations|1313974|sample|7|nan|1176,0.048,0.854476,5,7,1,0.815031,0.879133,0.879133,0.879133,-0.204053,-0.204053
130_bNAb_Combinations|1313974|sample|7|nan|1176,0.24,0.743344,6,7,1,0.450839,0.806026,0.806026,0.806026,-0.518743,-0.518743
130_bNAb_Combinations|1313974|sample|7|nan|1176,1.2,0.326505,7,7,1,0.0665837,0.370947,0.370947,0.370947,-0.367794,-0.367794
130_bNAb_Combinations|1313974|sample|7|nan|1176,6,0.132932,8,7,1,0.0597781,0.0597773,0.0597773,0.0597773,0.605414,0.605414
130_bNAb_Combinations|1313974|sample|8|nan|1176,0.0000768,0.625321,1,8,1,0.744129,0.744141,0.744141,0.744141,-0.983328,-0.983328
130_bNAb_Combinations|1313974|sample|8|nan|1176,0.000384,0.783938,2,8,1,0.802118,0.80223,0.80223,0.80223,-0.151382,-0.151382
130_bNAb_Combinations|1313974|sample|8|nan|1176,0.00192,0.983211,3,8,1,0.846153,0.847122,0.847122,0.847122,1.12624,1.12624
130_bNAb_Combinations|1313974|sample|8|nan|1176,0.0096,0.927081,4,8,1,0.873453,0.881671,0.881671,0.881671,0.375804,0.375804
130_bNAb_Combinations|1313974|sample|8|nan|1176,0.048,0.862056,5,8,1,0.815031,0.879133,0.879133,0.879133,-0.141323,-0.141323
130_bNAb_Combinations|1313974|sample|8|nan|1176,0.24,0.641108,6,8,1,0.450839,0.806026,0.806026,0.806026,-1.36483,-1.36483
130_bNAb_Combinations|1313974|sample|8|nan|1176,1.2,0.408069,7,8,1,0.0665837,0.370947,0.370947,0.370947,0.307207,0.307207
130_bNAb_Combinations|1313974|sample|8|nan|1176,6,0.107499,8,8,1,0.0597781,0.0597773,0.0597773,0.0597773,0.39493,0.39493
130_bNAb_Combinations|1313974|sample|9|nan|1176,0.0003648,0.584727,1,9,1,0.744044,0.744141,0.744141,0.744141,-1.31927,-1.31927
130_bNAb_Combinations|1313974|sample|9|nan|1176,0.001824,0.879471,2,9,1,0.801364,0.802222,0.802222,0.802222,0.639296,0.639296
130_bNAb_Combinations|1313974|sample|9|nan|1176,0.00912,0.847836,3,9,1,0.839598,0.846985,0.846985,0.846985,0.00704211,0.00704211
130_bNAb_Combinations|1313974|sample|9|nan|1176,0.0456,0.917183,4,9,1,0.819209,0.879362,0.879362,0.879362,0.313,0.313
130_bNAb_Combinations|1313974|sample|9|nan|1176,0.228,0.733697,5,9,1,0.488168,0.842595,0.842595,0.842595,-0.901218,-0.901218
130_bNAb_Combinations|1313974|sample|9|nan|1176,1.14,0.394788,6,9,1,0.0713484,0.416768,0.416768,0.416768,-0.181901,-0.181901
130_bNAb_Combinations|1313974|sample|9|nan|1176,5.7,0.20109,7,9,1,0.0644445,0.064445,0.064445,0.064445,1.13084,1.13084
130_bNAb_Combinations|1313974|sample|9|nan|1176,28.5,0.0780555,8,9,1,0.0597781,0.0597768,0.0597768,0.0597768,0.15127,0.15127
130_bNAb_Combinations|1313974|vc|1|2|nan|1176,0,0.615047,1,2,1,0.744141,0.744141,0.744141,0.744141,-1.06835,-1.06835
130_bNAb_Combinations|1313974|vc|2|2|nan|1176,0,0.671678,2,2,1,0.80223,0.802231,0.802231,0.802231,-1.08042,-1.08042
130_bNAb_Combinations|1313974|vc|3|2|nan|1176,0,0.718411,3,2,1,0.80223,0.802231,0.802231,0.802231,-0.693669,-0.693669
130_bNAb_Combinations|1313974|vc|4|2|nan|1176,0,0.81739,4,2,1,0.80223,0.802231,0.802231,0.802231,0.125457,0.125457
130_bNAb_Combinations|1313974|vc|5|2|nan|1176,0,0.786068,5,2,1,0.80223,0.802231,0.802231,0.802231,-0.13376,-0.13376
130_bNAb_Combinations|1313974|vc|6|2|nan|1176,0,0.718662,6,2,1,0.80223,0.802231,0.802231,0.802231,-0.691595,-0.691595
130_bNAb_Combinations|1313974|vc|7|2|nan|1176,0,0.706008,7,2,1,0.80223,0.802231,0.802231,0.802231,-0.796319,-0.796319
130_bNAb_Combinations|1313974|vc|8|2|nan|1176,0,0.513437,8,2,1,0.744141,0.744141,0.744141,0.744141,-1.90925,-1.90925
130_bNAb_Combinations|1313992|cc|1|1|RHPA4259.7|5371,0,0.000660826,1,1,0,0,0,0,0,0.00546884,0.00546884
130_bNAb_Combinations|1313992|cc|2|1|RHPA4259.7|5371,0,0.00171458,2,1,0,0,0,0,0,0.0141894,0.0141894
130_bNAb_Combinations|1313992|cc|3|1|RHPA4259.7|5371,0,0.00114305,3,1,0,0,0,0,0,0.00945962,0.00945962
130_bNAb_Combinations|1313992|cc|4|1|RHPA4259.7|5371,0,0.00148239,4,1,0,0,0,0,0,0.0122679,0.0122679
130_bNAb_Combinations|1313992|cc|5|1|RHPA4259.7|5371,0,0.00150025,5,1,0,0,0,0,0,0.0124157,0.0124157
130_bNAb_Combinations|1313992|cc|6|1|RHPA4259.7|5371,0,0.00133951,6,1,0,0,0,0,0,0.0110855,0.0110855
130_bNAb_Combinations|1313992|cc|7|1|RHPA4259.7|5371,0,0.001661,7,1,0,0,0,0,0,0.013746,0.013746
130_bNAb_Combinations|1313992|cc|8|1|RHPA4259.7|5371,0,0.00142881,8,1,0,0,0,0,0,0.0118245,0.0118245
130_bNAb_Combinations|1313992|sample|10|RHPA4259.7|5371,0.0003648,0.6759,1,10,1,0.744044,0.0631139,0.0631139,0.0631139,5.07127,5.07127
130_bNAb_Combinations|1313992|sample|10|RHPA4259.7|5371,0.001824,0.701074,2,10,1,0.801364,0.069183,0.069183,0.069183,5.22938,5.22938
130_bNAb_Combinations|1313992|sample|10|RHPA4259.7|5371,0.00912,0.541985,3,10,1,0.839598,0.0731125,0.0731125,0.0731125,3.88028,3.88028
130_bNAb_Combinations|1313992|sample|10|RHPA4259.7|5371,0.0456,0.23562,4,10,1,0.786967,0.0731125,0.0731125,0.0731125,1.34488,1.34488
130_bNAb_Combinations|1313992|sample|10|RHPA4259.7|5371,0.228,0.0160206,5,10,1,0.468955,0.0731125,0.0731125,0.0731125,-0.472479,-0.472479
130_bNAb_Combinations|1313992|sample|10|RHPA4259.7|5371,1.14,0.00158956,6,10,1,0.0713484,0.0731125,0.0731125,0.0731125,-0.591907,-0.591907
130_bNAb_Combinations|1313992|sample|10|RHPA4259.7|5371,5.7,0.000392924,7,10,1,0.0644445,0.069183,0.069183,0.069183,-0.56929,-0.56929
130_bNAb_Combinations|1313992|sample|10|RHPA4259.7|5371,28.5,0.000928729,8,10,1,0.0597781,0.0631139,0.0631139,0.0631139,-0.51463,-0.51463
130_bNAb_Combinations|1313992|sample|11|RHPA4259.7|5371,0.0003712,0.650289,1,11,1,0.744042,0.779136,0.779136,0.779136,-1.06631,-1.06631
130_bNAb_Combinations|1313992|sample|11|RHPA4259.7|5371,0.001856,0.618283,2,11,1,0.801344,0.823574,0.823574,0.823574,-1.69894,-1.69894
130_bNAb_Combinations|1313992|sample|11|RHPA4259.7|5371,0.00928,0.451639,3,11,1,0.794933,0.679513,0.679513,0.679513,-1.88583,-1.88583
130_bNAb_Combinations|1313992|sample|11|RHPA4259.7|5371,0.0464,0.163215,4,11,1,0.743993,0.26591,0.26591,0.26591,-0.849881,-0.849881
130_bNAb_Combinations|1313992|sample|11|RHPA4259.7|5371,0.2319999999999999,0.0123414,5,11,1,0.438323,0.0696672,0.0696672,0.0696672,-0.474415,-0.474415
130_bNAb_Combinations|1313992|sample|11|RHPA4259.7|5371,1.16,0,6,11,1,0.0671987,0.0691833,0.0691833,0.0691833,-0.572545,-0.572545
130_bNAb_Combinations|1313992|sample|11|RHPA4259.7|5371,5.8,0.000839428,7,11,1,0.0644445,0.0691833,0.0691833,0.0691833,-0.565598,-0.565598
130_bNAb_Combinations|1313992|sample|11|RHPA4259.7|5371,29,0.000500085,8,11,1,0.0597781,0.0631142,0.0631142,0.0631142,-0.51818,-0.51818
130_bNAb_Combinations|1313992|sample|12|RHPA4259.7|5371,0.0003712,0.617105,1,12,1,0.744042,0.779136,0.779136,0.779136,-1.34093,-1.34093
130_bNAb_Combinations|1313992|sample|12|RHPA4259.7|5371,0.001856,0.643716,2,12,1,0.743319,0.751327,0.751327,0.751327,-0.890558,-0.890558
130_bNAb_Combinations|1313992|sample|12|RHPA4259.7|5371,0.00928,0.450916,3,12,1,0.737372,0.619903,0.619903,0.619903,-1.3985,-1.3985
130_bNAb_Combinations|1313992|sample|12|RHPA4259.7|5371,0.0464,0.208089,4,12,1,0.69012,0.242584,0.242584,0.242584,-0.285469,-0.28547
130_bNAb_Combinations|1313992|sample|12|RHPA4259.7|5371,0.2319999999999999,0.0184138,5,12,1,0.406584,0.0635556,0.0635556,0.0635556,-0.373583,-0.373583
130_bNAb_Combinations|1313992|sample|12|RHPA4259.7|5371,1.16,0.000125021,6,12,1,0.0623329,0.0631142,0.0631142,0.0631142,-0.521284,-0.521284
130_bNAb_Combinations|1313992|sample|12|RHPA4259.7|5371,5.8,0.000500085,7,12,1,0.0597781,0.0631142,0.0631142,0.0631142,-0.51818,-0.51818
130_bNAb_Combinations|1313992|sample|12|RHPA4259.7|5371,29,0.000285763,8,12,1,0.0597781,0.0631142,0.0631142,0.0631142,-0.519953,-0.519953
130_bNAb_Combinations|1313992|sample|3|RHPA4259.7|5371,0.000064,0.754539,1,3,1,0.744131,0.785684,0.785684,0.785684,-0.257747,-0.257747
130_bNAb_Combinations|1313992|sample|3|RHPA4259.7|5371,0.00032,0.910976,2,3,1,0.802142,0.861224,0.861224,0.861224,0.411739,0.411739
130_bNAb_Combinations|1313992|sample|3|RHPA4259.7|5371,0.0016,0.927479,3,3,1,0.846361,0.909991,0.909991,0.909991,0.144723,0.144723
130_bNAb_Combinations|1313992|sample|3|RHPA4259.7|5371,0.008,0.944785,4,3,1,0.840784,0.908145,0.908145,0.908145,0.303229,0.303229
130_bNAb_Combinations|1313992|sample|3|RHPA4259.7|5371,0.04,0.905162,5,3,1,0.796156,0.88565,0.88565,0.88565,0.161481,0.161481
130_bNAb_Combinations|1313992|sample|3|RHPA4259.7|5371,0.2,0.651807,6,3,1,0.513308,0.652909,0.652909,0.652909,-0.00911717,-0.00911708
130_bNAb_Combinations|1313992|sample|3|RHPA4259.7|5371,1,0.224351,7,3,1,0.0718155,0.0778258,0.0778258,0.0778258,1.2126,1.2126
130_bNAb_Combinations|1313992|sample|3|RHPA4259.7|5371,5,0.0158956,8,3,1,0.0597781,0.0631129,0.0631129,0.0631129,-0.39076,-0.39076
130_bNAb_Combinations|1313992|sample|4|RHPA4259.7|5371,0.000064,0.699119,1,4,1,0.744131,0.785684,0.785684,0.785684,-0.716391,-0.716391
130_bNAb_Combinations|1313992|sample|4|RHPA4259.7|5371,0.00032,0.930694,2,4,1,0.802142,0.861224,0.861224,0.861224,0.574917,0.574917
130_bNAb_Combinations|1313992|sample|4|RHPA4259.7|5371,0.0016,0.969602,3,4,1,0.846361,0.909991,0.909991,0.909991,0.493325,0.493325
130_bNAb_Combinations|1313992|sample|4|RHPA4259.7|5371,0.008,1,4,4,1,0.875231,0.939748,0.939748,0.939748,0.498633,0.498633
130_bNAb_Combinations|1313992|sample|4|RHPA4259.7|5371,0.04,0.855217,5,4,1,0.828774,0.91647,0.91647,0.91647,-0.506922,-0.506922
130_bNAb_Combinations|1313992|sample|4|RHPA4259.7|5371,0.2,0.614506,6,4,1,0.513308,0.652909,0.652909,0.652909,-0.317811,-0.317811
130_bNAb_Combinations|1313992|sample|4|RHPA4259.7|5371,1,0.229173,7,4,1,0.0718155,0.0778258,0.0778258,0.0778258,1.25251,1.25251
130_bNAb_Combinations|1313992|sample|4|RHPA4259.7|5371,5,0.0174851,8,4,1,0.0597781,0.0631129,0.0631129,0.0631129,-0.377605,-0.377605
130_bNAb_Combinations|1313992|sample|5|RHPA4259.7|5371,0.0006144,0.682232,1,5,1,0.743949,0.785653,0.785653,0.785653,-0.855889,-0.855889
130_bNAb_Combinations|1313992|sample|5|RHPA4259.7|5371,0.003072,0.897884,2,5,1,0.800514,0.86081,0.86081,0.86081,0.306823,0.306823
130_bNAb_Combinations|1313992|sample|5|RHPA4259.7|5371,0.01536,0.905895,3,5,1,0.832268,0.904598,0.904598,0.904598,0.0107317,0.0107317
130_bNAb_Combinations|1313992|sample|5|RHPA4259.7|5371,0.0768,0.832025,4,5,1,0.762396,0.873372,0.873372,0.873372,-0.342176,-0.342176
130_bNAb_Combinations|1313992|sample|5|RHPA4259.7|5371,0.384,0.471151,5,5,1,0.288317,0.389,0.389,0.389,0.679869,0.679869
130_bNAb_Combinations|1313992|sample|5|RHPA4259.7|5371,1.92,0.0757807,6,5,1,0.0680679,0.0731148,0.0731148,0.0731148,0.0220622,0.0220622
130_bNAb_Combinations|1313992|sample|5|RHPA4259.7|5371,9.6,0.0066797,7,5,1,0.0644445,0.0691819,0.0691819,0.0691819,-0.517253,-0.517253
130_bNAb_Combinations|1313992|sample|5|RHPA4259.7|5371,48,0.00155384,8,5,1,0.0597781,0.0631129,0.0631129,0.0631129,-0.509449,-0.509449
130_bNAb_Combinations|1313992|sample|6|RHPA4259.7|5371,0.0006144,0.679213,1,6,1,0.743949,0.785653,0.785653,0.785653,-0.880868,-0.880868
130_bNAb_Combinations|1313992|sample|6|RHPA4259.7|5371,0.003072,0.909244,2,6,1,0.800514,0.86081,0.86081,0.86081,0.400828,0.400828
130_bNAb_Combinations|1313992|sample|6|RHPA4259.7|5371,0.01536,0.882409,3,6,1,0.832268,0.904598,0.904598,0.904598,-0.183634,-0.183634
130_bNAb_Combinations|1313992|sample|6|RHPA4259.7|5371,0.0768,0.759665,4,6,1,0.762396,0.873372,0.873372,0.873372,-0.941014,-0.941014
130_bNAb_Combinations|1313992|sample|6|RHPA4259.7|5371,0.384,0.442039,5,6,1,0.288317,0.389,0.389,0.389,0.438944,0.438944
130_bNAb_Combinations|1313992|sample|6|RHPA4259.7|5371,1.92,0.0812102,6,6,1,0.0680679,0.0731148,0.0731148,0.0731148,0.0669954,0.0669954
130_bNAb_Combinations|1313992|sample|6|RHPA4259.7|5371,9.6,0.00728695,7,6,1,0.0644445,0.0691819,0.0691819,0.0691819,-0.512228,-0.512228
130_bNAb_Combinations|1313992|sample|6|RHPA4259.7|5371,48,0.000660826,8,6,1,0.0597781,0.0631129,0.0631129,0.0631129,-0.516839,-0.516839
130_bNAb_Combinations|1313992|sample|7|RHPA4259.7|5371,0.0000768,0.658728,1,7,1,0.744129,0.0631139,0.0631139,0.0631139,4.92916,4.92916
130_bNAb_Combinations|1313992|sample|7|RHPA4259.7|5371,0.000384,0.835624,2,7,1,0.802118,0.069183,0.069183,0.069183,6.34288,6.34288
130_bNAb_Combinations|1313992|sample|7|RHPA4259.7|5371,0.00192,0.789589,3,7,1,0.846153,0.0731125,0.0731125,0.0731125,5.92939,5.92939
130_bNAb_Combinations|1313992|sample|7|RHPA4259.7|5371,0.0096,0.635402,4,7,1,0.873453,0.0756568,0.0756568,0.0756568,4.63232,4.63232
130_bNAb_Combinations|1313992|sample|7|RHPA4259.7|5371,0.048,0.221618,5,7,1,0.815031,0.0756568,0.0756568,0.0756568,1.20794,1.20794
130_bNAb_Combinations|1313992|sample|7|RHPA4259.7|5371,0.24,0.0149132,6,7,1,0.450839,0.0731125,0.0731125,0.0731125,-0.481643,-0.481643
130_bNAb_Combinations|1313992|sample|7|RHPA4259.7|5371,1.2,0.00198248,7,7,1,0.0665837,0.069183,0.069183,0.069183,-0.556135,-0.556135
130_bNAb_Combinations|1313992|sample|7|RHPA4259.7|5371,6,0.00167886,8,7,1,0.0597781,0.0631139,0.0631139,0.0631139,-0.508422,-0.508422
130_bNAb_Combinations|1313992|sample|8|RHPA4259.7|5371,0.0000768,0.639796,1,8,1,0.744129,0.0631139,0.0631139,0.0631139,4.77248,4.77248
130_bNAb_Combinations|1313992|sample|8|RHPA4259.7|5371,0.000384,0.832418,2,8,1,0.802118,0.069183,0.069183,0.069183,6.31635,6.31635
130_bNAb_Combinations|1313992|sample|8|RHPA4259.7|5371,0.00192,0.855234,3,8,1,0.846153,0.0731125,0.0731125,0.0731125,6.47265,6.47265
130_bNAb_Combinations|1313992|sample|8|RHPA4259.7|5371,0.0096,0.694582,4,8,1,0.873453,0.0756568,0.0756568,0.0756568,5.12208,5.12208
130_bNAb_Combinations|1313992|sample|8|RHPA4259.7|5371,0.048,0.261848,5,8,1,0.815031,0.0756568,0.0756568,0.0756568,1.54087,1.54087
130_bNAb_Combinations|1313992|sample|8|RHPA4259.7|5371,0.24,0.0198069,6,8,1,0.450839,0.0731125,0.0731125,0.0731125,-0.441144,-0.441144
130_bNAb_Combinations|1313992|sample|8|RHPA4259.7|5371,1.2,0.00117877,7,8,1,0.0665837,0.069183,0.069183,0.069183,-0.562786,-0.562786
130_bNAb_Combinations|1313992|sample|8|RHPA4259.7|5371,6,0.000464364,8,8,1,0.0597781,0.0631139,0.0631139,0.0631139,-0.518473,-0.518473
130_bNAb_Combinations|1313992|sample|9|RHPA4259.7|5371,0.0003648,0.59653,1,9,1,0.744044,0.0631139,0.0631139,0.0631139,4.41442,4.41442
130_bNAb_Combinations|1313992|sample|9|RHPA4259.7|5371,0.001824,0.754182,2,9,1,0.801364,0.069183,0.069183,0.069183,5.66888,5.66888
130_bNAb_Combinations|1313992|sample|9|RHPA4259.7|5371,0.00912,0.593958,3,9,1,0.839598,0.0731125,0.0731125,0.0731125,4.31039,4.31039
130_bNAb_Combinations|1313992|sample|9|RHPA4259.7|5371,0.0456,0.260651,4,9,1,0.819209,0.0756568,0.0756568,0.0756568,1.53097,1.53097
130_bNAb_Combinations|1313992|sample|9|RHPA4259.7|5371,0.228,0.0158598,5,9,1,0.488168,0.0756568,0.0756568,0.0756568,-0.494865,-0.494865
130_bNAb_Combinations|1313992|sample|9|RHPA4259.7|5371,1.14,0.000964449,6,9,1,0.0713484,0.0731125,0.0731125,0.0731125,-0.59708,-0.59708
130_bNAb_Combinations|1313992|sample|9|RHPA4259.7|5371,5.7,0.000267903,7,9,1,0.0644445,0.069183,0.069183,0.069183,-0.570325,-0.570325
130_bNAb_Combinations|1313992|sample|9|RHPA4259.7|5371,28.5,0.000839428,8,9,1,0.0597781,0.0631139,0.0631139,0.0631139,-0.515369,-0.515369
130_bNAb_Combinations|1313992|vc|1|2|RHPA4259.7|5371,0,0.779132,1,2,1,0.744141,0.785684,0.785684,0.785684,-0.0542251,-0.0542251
130_bNAb_Combinations|1313992|vc|2|2|RHPA4259.7|5371,0,0.953474,2,2,1,0.80223,0.861236,0.861236,0.861236,0.763341,0.763341
130_bNAb_Combinations|1313992|vc|3|2|RHPA4259.7|5371,0,0.91795,3,2,1,0.80223,0.861236,0.861236,0.861236,0.469354,0.469354
130_bNAb_Combinations|1313992|vc|4|2|RHPA4259.7|5371,0,0.938007,4,2,1,0.80223,0.861236,0.861236,0.861236,0.635341,0.635341
130_bNAb_Combinations|1313992|vc|5|2|RHPA4259.7|5371,0,0.961699,5,2,1,0.80223,0.861236,0.861236,0.861236,0.831406,0.831406
130_bNAb_Combinations|1313992|vc|6|2|RHPA4259.7|5371,0,0.866995,6,2,1,0.80223,0.861236,0.861236,0.861236,0.0476621,0.0476621
130_bNAb_Combinations|1313992|vc|7|2|RHPA4259.7|5371,0,0.852279,7,2,1,0.80223,0.861236,0.861236,0.861236,-0.0741305,-0.0741305
130_bNAb_Combinations|1313992|vc|8|2|RHPA4259.7|5371,0,0.715353,8,2,1,0.744141,0.785684,0.785684,0.785684,-0.582042,-0.582042
130_bNAb_Combinations|1314016|cc|1|1|nan|3430,0,0.0013549,1,1,0,0,0,0,0,0.0112128,0.0112128
130_bNAb_Combinations|1314016|cc|2|1|nan|3430,0,0.00201049,2,1,0,0,0,0,0,0.0166383,0.0166383
130_bNAb_Combinations|1314016|cc|3|1|nan|3430,0,0.00170455,3,1,0,0,0,0,0,0.0141064,0.0141064
130_bNAb_Combinations|1314016|cc|4|1|nan|3430,0,0.00253497,4,1,0,0,0,0,0,0.0209788,0.0209788
130_bNAb_Combinations|1314016|cc|5|1|nan|3430,0,0.00104895,5,1,0,0,0,0,0,0.00868087,0.00868087
130_bNAb_Combinations|1314016|cc|6|1|nan|3430,0,0.000743007,6,1,0,0,0,0,0,0.00614895,0.00614895
130_bNAb_Combinations|1314016|cc|7|1|nan|3430,0,0,7,1,0,0,0,0,0,0,0
130_bNAb_Combinations|1314016|cc|8|1|nan|3430,0,0.00187937,8,1,0,0,0,0,0,0.0155532,0.0155532
130_bNAb_Combinations|1314016|sample|10|nan|3430,0.0003648,0.774781,1,10,1,0.744044,0.833583,0.833583,0.833583,-0.486627,-0.486627
130_bNAb_Combinations|1314016|sample|10|nan|3430,0.001824,0.738134,2,10,1,0.801364,0.858107,0.858107,0.858107,-0.992874,-0.992874
130_bNAb_Combinations|1314016|sample|10|nan|3430,0.00912,0.636976,3,10,1,0.839598,0.790665,0.790665,0.790665,-1.2719,-1.2719
130_bNAb_Combinations|1314016|sample|10|nan|3430,0.0456,0.400415,4,10,1,0.786967,0.34246,0.34246,0.34246,0.479621,0.479621
130_bNAb_Combinations|1314016|sample|10|nan|3430,0.228,0.120367,5,10,1,0.468955,0.0693707,0.0693707,0.0693707,0.422035,0.422035
130_bNAb_Combinations|1314016|sample|10|nan|3430,1.14,0.0218531,6,10,1,0.0713484,0.0692183,0.0692183,0.0692183,-0.391983,-0.391983
130_bNAb_Combinations|1314016|sample|10|nan|3430,5.7,0.0119318,7,10,1,0.0644445,0.0670007,0.0670007,0.0670007,-0.455737,-0.455737
130_bNAb_Combinations|1314016|sample|10|nan|3430,28.5,0.00895979,8,10,1,0.0597781,0.0641318,0.0641318,0.0641318,-0.456591,-0.456591
130_bNAb_Combinations|1314016|sample|11|nan|3430,0.0003712,1,1,11,1,0.744042,0.833701,0.833701,0.833701,1.37625,1.37625
130_bNAb_Combinations|1314016|sample|11|nan|3430,0.001856,0.764248,2,11,1,0.801344,0.858742,0.858742,0.858742,-0.782005,-0.782005
130_bNAb_Combinations|1314016|sample|11|nan|3430,0.00928,0.669886,3,11,1,0.794933,0.767532,0.767532,0.767532,-0.808092,-0.808092
130_bNAb_Combinations|1314016|sample|11|nan|3430,0.0464,0.36392,4,11,1,0.743993,0.332227,0.332227,0.332227,0.262291,0.262291
130_bNAb_Combinations|1314016|sample|11|nan|3430,0.2319999999999999,0.066521,5,11,1,0.438323,0.0702257,0.0702257,0.0702257,-0.0306595,-0.0306595
130_bNAb_Combinations|1314016|sample|11|nan|3430,1.16,0.00305944,6,11,1,0.0671987,0.0701096,0.0701096,0.0701096,-0.554891,-0.554891
130_bNAb_Combinations|1314016|sample|11|nan|3430,5.8,0.000437063,7,11,1,0.0644445,0.0701096,0.0701096,0.0701096,-0.576594,-0.576594
130_bNAb_Combinations|1314016|sample|11|nan|3430,29,0.00227273,8,11,1,0.0597781,0.0671076,0.0671076,0.0671076,-0.536558,-0.536558
130_bNAb_Combinations|1314016|sample|12|nan|3430,0.0003712,0.984091,1,12,1,0.744042,0.833701,0.833701,0.833701,1.24459,1.24459
130_bNAb_Combinations|1314016|sample|12|nan|3430,0.001856,0.80153,2,12,1,0.743319,0.821971,0.821971,0.821971,-0.169168,-0.169168
130_bNAb_Combinations|1314016|sample|12|nan|3430,0.00928,0.693553,3,12,1,0.737372,0.734667,0.734667,0.734667,-0.340248,-0.340248
130_bNAb_Combinations|1314016|sample|12|nan|3430,0.0464,0.359899,4,12,1,0.69012,0.318001,0.318001,0.318001,0.346742,0.346742
130_bNAb_Combinations|1314016|sample|12|nan|3430,0.2319999999999999,0.0557255,5,12,1,0.406584,0.0672187,0.0672187,0.0672187,-0.0951149,-0.0951149
130_bNAb_Combinations|1314016|sample|12|nan|3430,1.16,0.000305944,6,12,1,0.0623329,0.0671076,0.0671076,0.0671076,-0.552835,-0.552835
130_bNAb_Combinations|1314016|sample|12|nan|3430,5.8,0.00104895,7,12,1,0.0597781,0.0671076,0.0671076,0.0671076,-0.546686,-0.546686
130_bNAb_Combinations|1314016|sample|12|nan|3430,29,0.00161713,8,12,1,0.0597781,0.0671076,0.0671076,0.0671076,-0.541983,-0.541983
130_bNAb_Combinations|1314016|sample|3|nan|3430,0.000064,0.934375,1,3,1,0.744131,0.799851,0.799851,0.799851,1.11328,1.11328
130_bNAb_Combinations|1314016|sample|3|nan|3430,0.00032,0.84434,2,3,1,0.802142,0.767667,0.767667,0.767667,0.63453,0.63453
130_bNAb_Combinations|1314016|sample|3|nan|3430,0.0016,0.64458,3,3,1,0.846361,0.619613,0.619613,0.619613,0.206627,0.206627
130_bNAb_Combinations|1314016|sample|3|nan|3430,0.008,0.217177,4,3,1,0.840784,0.314671,0.314671,0.314671,-0.806837,-0.806837
130_bNAb_Combinations|1314016|sample|3|nan|3430,0.04,0.0300699,5,3,1,0.796156,0.0942901,0.0942901,0.0942901,-0.531471,-0.531471
130_bNAb_Combinations|1314016|sample|3|nan|3430,0.2,0.0116259,6,3,1,0.513308,0.0724489,0.0724489,0.0724489,-0.503357,-0.503357
130_bNAb_Combinations|1314016|sample|3|nan|3430,1,0.00983392,7,3,1,0.0718155,0.0701095,0.0701095,0.0701095,-0.498826,-0.498826
130_bNAb_Combinations|1314016|sample|3|nan|3430,5,0.00957168,8,3,1,0.0597781,0.0671075,0.0671075,0.0671075,-0.476152,-0.476152
130_bNAb_Combinations|1314016|sample|4|nan|3430,0.000064,0.986801,1,4,1,0.744131,0.799851,0.799851,0.799851,1.54715,1.54715
130_bNAb_Combinations|1314016|sample|4|nan|3430,0.00032,0.92017,2,4,1,0.802142,0.767667,0.767667,0.767667,1.26208,1.26208
130_bNAb_Combinations|1314016|sample|4|nan|3430,0.0016,0.701202,3,4,1,0.846361,0.619613,0.619613,0.619613,0.675213,0.675213
130_bNAb_Combinations|1314016|sample|4|nan|3430,0.008,0.233566,4,4,1,0.875231,0.322463,0.322463,0.322463,-0.735686,-0.735686
130_bNAb_Combinations|1314016|sample|4|nan|3430,0.04,0.0290647,5,4,1,0.828774,0.0966251,0.0966251,0.0966251,-0.559114,-0.559114
130_bNAb_Combinations|1314016|sample|4|nan|3430,0.2,0.0108392,6,4,1,0.513308,0.0724489,0.0724489,0.0724489,-0.509868,-0.509868
130_bNAb_Combinations|1314016|sample|4|nan|3430,1,0.0083042,7,4,1,0.0718155,0.0701095,0.0701095,0.0701095,-0.511486,-0.511486
130_bNAb_Combinations|1314016|sample|4|nan|3430,5,0.00472028,8,4,1,0.0597781,0.0671075,0.0671075,0.0671075,-0.516302,-0.516302
130_bNAb_Combinations|1314016|sample|5|nan|3430,0.0006144,0.749082,1,5,1,0.743949,0.68494,0.68494,0.68494,0.530828,0.530828
130_bNAb_Combinations|1314016|sample|5|nan|3430,0.003072,0.389576,2,5,1,0.800514,0.491041,0.491041,0.491041,-0.839697,-0.839697
130_bNAb_Combinations|1314016|sample|5|nan|3430,0.01536,0.0907343,3,5,1,0.832268,0.195265,0.195265,0.195265,-0.865071,-0.865071
130_bNAb_Combinations|1314016|sample|5|nan|3430,0.0768,0.0207168,4,5,1,0.762396,0.0772623,0.0772623,0.0772623,-0.467957,-0.467957
130_bNAb_Combinations|1314016|sample|5|nan|3430,0.384,0.0156906,5,5,1,0.288317,0.0742236,0.0742236,0.0742236,-0.484406,-0.484406
130_bNAb_Combinations|1314016|sample|5|nan|3430,1.92,0.00690559,6,5,1,0.0680679,0.0724299,0.0724299,0.0724299,-0.542264,-0.542264
130_bNAb_Combinations|1314016|sample|5|nan|3430,9.6,0.00743007,7,5,1,0.0644445,0.0701095,0.0701095,0.0701095,-0.51872,-0.51872
130_bNAb_Combinations|1314016|sample|5|nan|3430,48,0.0101836,8,5,1,0.0597781,0.0671075,0.0671075,0.0671075,-0.471089,-0.471089
130_bNAb_Combinations|1314016|sample|6|nan|3430,0.0006144,0.677579,1,6,1,0.743949,0.68494,0.68494,0.68494,-0.0609175,-0.0609174
130_bNAb_Combinations|1314016|sample|6|nan|3430,0.003072,0.36038,2,6,1,0.800514,0.491041,0.491041,0.491041,-1.08131,-1.08131
130_bNAb_Combinations|1314016|sample|6|nan|3430,0.01536,0.088243,3,6,1,0.832268,0.195265,0.195265,0.195265,-0.885688,-0.885688
130_bNAb_Combinations|1314016|sample|6|nan|3430,0.0768,0.0203234,4,6,1,0.762396,0.0772623,0.0772623,0.0772623,-0.471213,-0.471213
130_bNAb_Combinations|1314016|sample|6|nan|3430,0.384,0.0114948,5,6,1,0.288317,0.0742236,0.0742236,0.0742236,-0.519129,-0.519129
130_bNAb_Combinations|1314016|sample|6|nan|3430,1.92,0.00655594,6,6,1,0.0680679,0.0724299,0.0724299,0.0724299,-0.545157,-0.545157
130_bNAb_Combinations|1314016|sample|6|nan|3430,9.6,0.0083479,7,6,1,0.0644445,0.0701095,0.0701095,0.0701095,-0.511124,-0.511124
130_bNAb_Combinations|1314016|sample|6|nan|3430,48,0.00467657,8,6,1,0.0597781,0.0671075,0.0671075,0.0671075,-0.516663,-0.516663
130_bNAb_Combinations|1314016|sample|7|nan|3430,0.0000768,0.664773,1,7,1,0.744129,0.835149,0.835149,0.835149,-1.41,-1.41
130_bNAb_Combinations|1314016|sample|7|nan|3430,0.000384,0.829917,2,7,1,0.802118,0.870745,0.870745,0.870745,-0.337881,-0.337881
130_bNAb_Combinations|1314016|sample|7|nan|3430,0.00192,0.764467,3,7,1,0.846153,0.885494,0.885494,0.885494,-1.00159,-1.00159
130_bNAb_Combinations|1314016|sample|7|nan|3430,0.0096,0.770411,4,7,1,0.873453,0.803126,0.803126,0.803126,-0.270739,-0.270739
130_bNAb_Combinations|1314016|sample|7|nan|3430,0.048,0.49139,5,7,1,0.815031,0.330648,0.330648,0.330648,1.33026,1.33026
130_bNAb_Combinations|1314016|sample|7|nan|3430,0.24,0.156862,6,7,1,0.450839,0.069304,0.069304,0.069304,0.724609,0.724609
130_bNAb_Combinations|1314016|sample|7|nan|3430,1.2,0.0207168,7,7,1,0.0665837,0.0670007,0.0670007,0.0670007,-0.383035,-0.383035
130_bNAb_Combinations|1314016|sample|7|nan|3430,6,0.00895979,8,7,1,0.0597781,0.0641318,0.0641318,0.0641318,-0.456591,-0.456591
130_bNAb_Combinations|1314016|sample|8|nan|3430,0.0000768,0.754545,1,8,1,0.744129,0.835149,0.835149,0.835149,-0.667057,-0.667057
130_bNAb_Combinations|1314016|sample|8|nan|3430,0.000384,0.798864,2,8,1,0.802118,0.870745,0.870745,0.870745,-0.594871,-0.594871
130_bNAb_Combinations|1314016|sample|8|nan|3430,0.00192,0.800874,3,8,1,0.846153,0.885494,0.885494,0.885494,-0.700296,-0.700296
130_bNAb_Combinations|1314016|sample|8|nan|3430,0.0096,0.751836,4,8,1,0.873453,0.803126,0.803126,0.803126,-0.424463,-0.424463
130_bNAb_Combinations|1314016|sample|8|nan|3430,0.048,0.501442,5,8,1,0.815031,0.330648,0.330648,0.330648,1.41345,1.41345
130_bNAb_Combinations|1314016|sample|8|nan|3430,0.24,0.11875,6,8,1,0.450839,0.069304,0.069304,0.069304,0.409204,0.409204
130_bNAb_Combinations|1314016|sample|8|nan|3430,1.2,0.0323427,7,8,1,0.0665837,0.0670007,0.0670007,0.0670007,-0.286822,-0.286822
130_bNAb_Combinations|1314016|sample|8|nan|3430,6,0.010271,8,8,1,0.0597781,0.0641318,0.0641318,0.0641318,-0.44574,-0.44574
130_bNAb_Combinations|1314016|sample|9|nan|3430,0.0003648,0.854218,1,9,1,0.744044,0.833583,0.833583,0.833583,0.170768,0.170768
130_bNAb_Combinations|1314016|sample|9|nan|3430,0.001824,0.730004,2,9,1,0.801364,0.858107,0.858107,0.858107,-1.06015,-1.06015
130_bNAb_Combinations|1314016|sample|9|nan|3430,0.00912,0.572749,3,9,1,0.839598,0.790665,0.790665,0.790665,-1.80342,-1.80342
130_bNAb_Combinations|1314016|sample|9|nan|3430,0.0456,0.403955,4,9,1,0.819209,0.350941,0.350941,0.350941,0.438736,0.438736
130_bNAb_Combinations|1314016|sample|9|nan|3430,0.228,0.124956,5,9,1,0.488168,0.0710885,0.0710885,0.0710885,0.445797,0.445797
130_bNAb_Combinations|1314016|sample|9|nan|3430,1.14,0.0266608,6,9,1,0.0713484,0.0692183,0.0692183,0.0692183,-0.352195,-0.352195
130_bNAb_Combinations|1314016|sample|9|nan|3430,5.7,0.0117133,7,9,1,0.0644445,0.0670007,0.0670007,0.0670007,-0.457546,-0.457546
130_bNAb_Combinations|1314016|sample|9|nan|3430,28.5,0.00231643,8,9,1,0.0597781,0.0641318,0.0641318,0.0641318,-0.51157,-0.51157
130_bNAb_Combinations|1314016|vc|1|2|nan|3430,0,0.961123,1,2,1,0.744141,0.835398,0.835398,0.835398,1.04047,1.04047
130_bNAb_Combinations|1314016|vc|2|2|nan|3430,0,0.986976,2,2,1,0.80223,0.872769,0.872769,0.872769,0.945144,0.945144
130_bNAb_Combinations|1314016|vc|3|2|nan|3430,0,0.934987,3,2,1,0.80223,0.872769,0.872769,0.872769,0.514898,0.514898
130_bNAb_Combinations|1314016|vc|4|2|nan|3430,0,0.886582,4,2,1,0.80223,0.872769,0.872769,0.872769,0.114312,0.114312
130_bNAb_Combinations|1314016|vc|5|2|nan|3430,0,0.904633,5,2,1,0.80223,0.872769,0.872769,0.872769,0.263696,0.263696
130_bNAb_Combinations|1314016|vc|6|2|nan|3430,0,0.928955,6,2,1,0.80223,0.872769,0.872769,0.872769,0.464983,0.464983
130_bNAb_Combinations|1314016|vc|7|2|nan|3430,0,0.883566,7,2,1,0.80223,0.872769,0.872769,0.872769,0.0893549,0.0893549
130_bNAb_Combinations|1314016|vc|8|2|nan|3430,0,0.902404,8,2,1,0.744141,0.835398,0.835398,0.835398,0.554523,0.554523
130_bNAb_Combinations|1314040|cc|1|1|nan|4166,0,0.000767291,1,1,0,0,0,0,0,0.00634992,0.00634992
130_bNAb_Combinations|1314040|cc|2|1|nan|4166,0,0.000630275,2,1,0,0,0,0,0,0.00521601,0.00521601
130_bNAb_Combinations|1314040|cc|3|1|nan|4166,0,0,3,1,0,0,0,0,0,0,0
130_bNAb_Combinations|1314040|cc|4|1|nan|4166,0,0.00104132,4,1,0,0,0,0,0,0.00861775,0.00861775
130_bNAb_Combinations|1314040|cc|5|1|nan|4166,0,0.00117834,5,1,0,0,0,0,0,0.00975167,0.00975167
130_bNAb_Combinations|1314040|cc|6|1|nan|4166,0,0.00202784,6,1,0,0,0,0,0,0.0167819,0.0167819
130_bNAb_Combinations|1314040|cc|7|1|nan|4166,0,0.001699,7,1,0,0,0,0,0,0.0140605,0.0140605
130_bNAb_Combinations|1314040|cc|8|1|nan|4166,0,0.00219226,8,1,0,0,0,0,0,0.0181426,0.0181426
130_bNAb_Combinations|1314040|sample|10|nan|4166,0.0003648,0.809588,1,10,1,0.744044,0.783003,0.783003,0.783003,0.220011,0.220011
130_bNAb_Combinations|1314040|sample|10|nan|4166,0.001824,0.790529,2,10,1,0.801364,0.826742,0.826742,0.826742,-0.299689,-0.299689
130_bNAb_Combinations|1314040|sample|10|nan|4166,0.00912,0.456991,3,10,1,0.839598,0.606285,0.606285,0.606285,-1.23553,-1.23553
130_bNAb_Combinations|1314040|sample|10|nan|4166,0.0456,0.0730023,4,10,1,0.786967,0.0828141,0.0828141,0.0828141,-0.0812003,-0.0812003
130_bNAb_Combinations|1314040|sample|10|nan|4166,0.228,0.0016442,5,10,1,0.468955,0.073177,0.073177,0.073177,-0.591988,-0.591988
130_bNAb_Combinations|1314040|sample|10|nan|4166,1.14,0.00145237,6,10,1,0.0713484,0.073177,0.073177,0.073177,-0.593576,-0.593576
130_bNAb_Combinations|1314040|sample|10|nan|4166,5.7,0.000876905,7,10,1,0.0644445,0.0692493,0.0692493,0.0692493,-0.565833,-0.565833
130_bNAb_Combinations|1314040|sample|10|nan|4166,28.5,0.00142497,8,10,1,0.0597781,0.063165,0.063165,0.063165,-0.510945,-0.510945
130_bNAb_Combinations|1314040|sample|11|nan|4166,0.0003712,0.722789,1,11,1,0.744042,0.757863,0.757863,0.757863,-0.290271,-0.290271
130_bNAb_Combinations|1314040|sample|11|nan|4166,0.001856,0.682835,2,11,1,0.801344,0.762482,0.762482,0.762482,-0.659143,-0.659143
130_bNAb_Combinations|1314040|sample|11|nan|4166,0.00928,0.694111,3,11,1,0.794933,0.575448,0.575448,0.575448,0.982029,0.982029
130_bNAb_Combinations|1314040|sample|11|nan|4166,0.0464,0.1565,4,11,1,0.743993,0.246423,0.246423,0.246423,-0.744181,-0.744181
130_bNAb_Combinations|1314040|sample|11|nan|4166,0.2319999999999999,0.0120848,5,11,1,0.438323,0.0746431,0.0746431,0.0746431,-0.517717,-0.517717
130_bNAb_Combinations|1314040|sample|11|nan|4166,1.16,0.000876905,6,11,1,0.0671987,0.0692491,0.0692491,0.0692491,-0.565832,-0.565832
130_bNAb_Combinations|1314040|sample|11|nan|4166,5.8,0.000959114,7,11,1,0.0644445,0.0692491,0.0692491,0.0692491,-0.565151,-0.565151
130_bNAb_Combinations|1314040|sample|11|nan|4166,6,0.00120574,8,11,1,0.0597781,0.0631648,0.0631648,0.0631648,-0.512758,-0.512758
130_bNAb_Combinations|1314040|sample|12|nan|4166,0.0003712,0.634577,1,12,1,0.744042,0.757863,0.757863,0.757863,-1.02029,-1.02029
130_bNAb_Combinations|1314040|sample|12|nan|4166,0.001856,0.570344,2,12,1,0.743319,0.69549,0.69549,0.69549,-1.03567,-1.03567
130_bNAb_Combinations|1314040|sample|12|nan|4166,0.00928,0.44666,3,12,1,0.737372,0.524888,0.524888,0.524888,-0.647403,-0.647403
130_bNAb_Combinations|1314040|sample|12|nan|4166,0.0464,0.130275,4,12,1,0.69012,0.224772,0.224772,0.224772,-0.782034,-0.782034
130_bNAb_Combinations|1314040|sample|12|nan|4166,0.2319999999999999,0.00937192,5,12,1,0.406584,0.0680849,0.0680849,0.0680849,-0.485895,-0.485895
130_bNAb_Combinations|1314040|sample|12|nan|4166,1.16,0.000685082,6,12,1,0.0623329,0.0631648,0.0631648,0.0631648,-0.517067,-0.517067
130_bNAb_Combinations|1314040|sample|12|nan|4166,5.8,0.000959114,7,12,1,0.0597781,0.0631648,0.0631648,0.0631648,-0.514799,-0.514799
130_bNAb_Combinations|1314040|sample|12|nan|4166,29,0.00142497,8,12,1,0.0597781,0.0631648,0.0631648,0.0631648,-0.510944,-0.510944
130_bNAb_Combinations|1314040|sample|3|nan|4166,0.000064,0.931259,1,3,1,0.744131,0.776526,0.776526,0.776526,1.28053,1.28053
130_bNAb_Combinations|1314040|sample|3|nan|4166,0.00032,0.9236,2,3,1,0.802142,0.818399,0.818399,0.818399,0.870614,0.870614
130_bNAb_Combinations|1314040|sample|3|nan|4166,0.0016,0.710882,3,3,1,0.846361,0.734633,0.734633,0.734633,-0.196563,-0.196563
130_bNAb_Combinations|1314040|sample|3|nan|4166,0.008,0.333703,4,3,1,0.840784,0.378042,0.378042,0.378042,-0.366939,-0.366939
130_bNAb_Combinations|1314040|sample|3|nan|4166,0.04,0.08358,5,3,1,0.796156,0.0451065,0.0451065,0.0451065,0.318397,0.318397
130_bNAb_Combinations|1314040|sample|3|nan|4166,0.2,0.0126329,6,3,1,0.513308,0.025483,0.025483,0.025483,-0.106344,-0.106344
130_bNAb_Combinations|1314040|sample|3|nan|4166,1,0.0107147,7,3,1,0.0718155,0.0241151,0.0241151,0.0241151,-0.110899,-0.110899
130_bNAb_Combinations|1314040|sample|3|nan|4166,5,0.00452154,8,3,1,0.0597781,0.0219963,0.0219963,0.0219963,-0.144617,-0.144617
130_bNAb_Combinations|1314040|sample|4|nan|4166,0.000064,0.849679,1,4,1,0.744131,0.776526,0.776526,0.776526,0.605402,0.605402
130_bNAb_Combinations|1314040|sample|4|nan|4166,0.00032,0.922147,2,4,1,0.802142,0.818399,0.818399,0.818399,0.858594,0.858594
130_bNAb_Combinations|1314040|sample|4|nan|4166,0.0016,0.857325,3,4,1,0.846361,0.734633,0.734633,0.734633,1.01536,1.01536
130_bNAb_Combinations|1314040|sample|4|nan|4166,0.008,0.429779,4,4,1,0.875231,0.391141,0.391141,0.391141,0.319759,0.319759
130_bNAb_Combinations|1314040|sample|4|nan|4166,0.04,0.0907322,5,4,1,0.828774,0.0466694,0.0466694,0.0466694,0.364653,0.364653
130_bNAb_Combinations|1314040|sample|4|nan|4166,0.2,0.0240601,6,4,1,0.513308,0.025483,0.025483,0.025483,-0.011776,-0.011776
130_bNAb_Combinations|1314040|sample|4|nan|4166,1,0.0110435,7,4,1,0.0718155,0.0241151,0.0241151,0.0241151,-0.108177,-0.108177
130_bNAb_Combinations|1314040|sample|4|nan|4166,5,0.00460375,8,4,1,0.0597781,0.0219963,0.0219963,0.0219963,-0.143937,-0.143937
130_bNAb_Combinations|1314040|sample|5|nan|4166,0.0006144,0.779376,1,5,1,0.743949,0.716865,0.716865,0.716865,0.517329,0.517329
130_bNAb_Combinations|1314040|sample|5|nan|4166,0.003072,0.614409,2,5,1,0.800514,0.588468,0.588468,0.588468,0.214675,0.214675
130_bNAb_Combinations|1314040|sample|5|nan|4166,0.01536,0.200195,3,5,1,0.832268,0.197549,0.197549,0.197549,0.0218906,0.0218907
130_bNAb_Combinations|1314040|sample|5|nan|4166,0.0768,0.0378713,4,5,1,0.762396,0.027429,0.027429,0.027429,0.086418,0.086418
130_bNAb_Combinations|1314040|sample|5|nan|4166,0.384,0.0177847,5,5,1,0.288317,0.0263658,0.0263658,0.0263658,-0.0710152,-0.0710152
130_bNAb_Combinations|1314040|sample|5|nan|4166,1.92,0.0106325,6,5,1,0.0680679,0.0254829,0.0254829,0.0254829,-0.122898,-0.122898
130_bNAb_Combinations|1314040|sample|5|nan|4166,9.6,0.00548065,7,5,1,0.0644445,0.0241151,0.0241151,0.0241151,-0.154214,-0.154214
130_bNAb_Combinations|1314040|sample|5|nan|4166,48,0.00260331,8,5,1,0.0597781,0.0219963,0.0219963,0.0219963,-0.160492,-0.160492
130_bNAb_Combinations|1314040|sample|6|nan|4166,0.0006144,0.836677,1,6,1,0.743949,0.716865,0.716865,0.716865,0.991532,0.991532
130_bNAb_Combinations|1314040|sample|6|nan|4166,0.003072,0.59672,2,6,1,0.800514,0.588468,0.588468,0.588468,0.0682863,0.0682864
130_bNAb_Combinations|1314040|sample|6|nan|4166,0.01536,0.231763,3,6,1,0.832268,0.197549,0.197549,0.197549,0.283145,0.283145
130_bNAb_Combinations|1314040|sample|6|nan|4166,0.0768,0.0379261,4,6,1,0.762396,0.027429,0.027429,0.027429,0.0868716,0.0868716
130_bNAb_Combinations|1314040|sample|6|nan|4166,0.384,0.0173463,5,6,1,0.288317,0.0263658,0.0263658,0.0263658,-0.0746437,-0.0746437
130_bNAb_Combinations|1314040|sample|6|nan|4166,1.92,0.00800175,6,6,1,0.0680679,0.0254829,0.0254829,0.0254829,-0.14467,-0.14467
130_bNAb_Combinations|1314040|sample|6|nan|4166,9.6,0.00649457,7,6,1,0.0644445,0.0241151,0.0241151,0.0241151,-0.145823,-0.145823
130_bNAb_Combinations|1314040|sample|6|nan|4166,48,0.00227447,8,6,1,0.0597781,0.0219963,0.0219963,0.0219963,-0.163213,-0.163213
130_bNAb_Combinations|1314040|sample|7|nan|4166,0.0000768,0.895881,1,7,1,0.744129,0.785956,0.785956,0.785956,0.909714,0.909714
130_bNAb_Combinations|1314040|sample|7|nan|4166,0.000384,1,2,7,1,0.802118,0.85815,0.85815,0.85815,1.17391,1.17391
130_bNAb_Combinations|1314040|sample|7|nan|4166,0.00192,0.885057,3,7,1,0.846153,0.870871,0.870871,0.870871,0.117402,0.117402
130_bNAb_Combinations|1314040|sample|7|nan|4166,0.0096,0.541804,4,7,1,0.873453,0.608703,0.608703,0.608703,-0.553646,-0.553646
130_bNAb_Combinations|1314040|sample|7|nan|4166,0.048,0.108462,5,7,1,0.815031,0.0828314,0.0828314,0.0828314,0.212114,0.212114
130_bNAb_Combinations|1314040|sample|7|nan|4166,0.24,0.00367204,6,7,1,0.450839,0.073177,0.073177,0.073177,-0.575206,-0.575206
130_bNAb_Combinations|1314040|sample|7|nan|4166,1.2,0.00134276,7,7,1,0.0665837,0.0692493,0.0692493,0.0692493,-0.561978,-0.561978
130_bNAb_Combinations|1314040|sample|7|nan|4166,6,0.00120574,8,7,1,0.0597781,0.063165,0.063165,0.063165,-0.51276,-0.51276
130_bNAb_Combinations|1314040|sample|8|nan|4166,0.0000768,0.844966,1,8,1,0.744129,0.785956,0.785956,0.785956,0.488351,0.488351
130_bNAb_Combinations|1314040|sample|8|nan|4166,0.000384,0.936,2,8,1,0.802118,0.85815,0.85815,0.85815,0.644262,0.644262
130_bNAb_Combinations|1314040|sample|8|nan|4166,0.00192,0.95599,3,8,1,0.846153,0.870871,0.870871,0.870871,0.70443,0.70443
130_bNAb_Combinations|1314040|sample|8|nan|4166,0.0096,0.549326,4,8,1,0.873453,0.608703,0.608703,0.608703,-0.491394,-0.491394
130_bNAb_Combinations|1314040|sample|8|nan|4166,0.048,0.117697,5,8,1,0.815031,0.0828314,0.0828314,0.0828314,0.28854,0.28854
130_bNAb_Combinations|1314040|sample|8|nan|4166,0.24,0.00523402,6,8,1,0.450839,0.073177,0.073177,0.073177,-0.56228,-0.56228
130_bNAb_Combinations|1314040|sample|8|nan|4166,1.2,0.00183602,7,8,1,0.0665837,0.0692493,0.0692493,0.0692493,-0.557896,-0.557896
130_bNAb_Combinations|1314040|sample|8|nan|4166,29,0.00120574,8,8,1,0.0597781,0.063165,0.063165,0.063165,-0.51276,-0.51276
130_bNAb_Combinations|1314040|sample|9|nan|4166,0.0003648,0.860586,1,9,1,0.744044,0.783003,0.783003,0.783003,0.642054,0.642054
130_bNAb_Combinations|1314040|sample|9|nan|4166,0.001824,0.800655,2,9,1,0.801364,0.826742,0.826742,0.826742,-0.215892,-0.215892
130_bNAb_Combinations|1314040|sample|9|nan|4166,0.00912,0.529856,3,9,1,0.839598,0.606285,0.606285,0.606285,-0.63251,-0.63251
130_bNAb_Combinations|1314040|sample|9|nan|4166,0.0456,0.113285,4,9,1,0.819209,0.0856835,0.0856835,0.0856835,0.228424,0.228424
130_bNAb_Combinations|1314040|sample|9|nan|4166,0.228,0.00408309,5,9,1,0.488168,0.0757125,0.0757125,0.0757125,-0.592788,-0.592788
130_bNAb_Combinations|1314040|sample|9|nan|4166,1.14,0.000959114,6,9,1,0.0713484,0.073177,0.073177,0.073177,-0.597658,-0.597658
130_bNAb_Combinations|1314040|sample|9|nan|4166,5.7,0.00134276,7,9,1,0.0644445,0.0692493,0.0692493,0.0692493,-0.561978,-0.561978
130_bNAb_Combinations|1314040|sample|9|nan|4166,28.5,0.00109613,8,9,1,0.0597781,0.063165,0.063165,0.063165,-0.513667,-0.513667
130_bNAb_Combinations|1314040|vc|1|2|nan|4166,0,0.872575,1,2,1,0.744141,0.786316,0.786316,0.786316,0.713857,0.713857
130_bNAb_Combinations|1314040|vc|2|2|nan|4166,0,0.811123,2,2,1,0.80223,0.862057,0.862057,0.862057,-0.421519,-0.421519
130_bNAb_Combinations|1314040|vc|3|2|nan|4166,0,0.8264,3,2,1,0.80223,0.862057,0.862057,0.862057,-0.295087,-0.295087
130_bNAb_Combinations|1314040|vc|4|2|nan|4166,0,0.88503,4,2,1,0.80223,0.862057,0.862057,0.862057,0.190115,0.190115
130_bNAb_Combinations|1314040|vc|5|2|nan|4166,0,0.762811,5,2,1,0.80223,0.862057,0.862057,0.862057,-0.821337,-0.821337
130_bNAb_Combinations|1314040|vc|6|2|nan|4166,0,0.755714,6,2,1,0.80223,0.862057,0.862057,0.862057,-0.880074,-0.880074
130_bNAb_Combinations|1314040|vc|7|2|nan|4166,0,0.742903,7,2,1,0.80223,0.862057,0.862057,0.862057,-0.986095,-0.986095
130_bNAb_Combinations|1314040|vc|8|2|nan|4166,0,0.592911,8,2,1,0.744141,0.786316,0.786316,0.786316,-1.60058,-1.60058
130_bNAb_Combinations|1314058|cc|1|1|nan|2944,0,0.00196858,1,1,0,0,0,0,0,0.0162915,0.0162915
130_bNAb_Combinations|1314058|cc|2|1|nan|2944,0,0.000401752,2,1,0,0,0,0,0,0.0033248,0.0033248
130_bNAb_Combinations|1314058|cc|3|1|nan|2944,0,0.00192841,3,1,0,0,0,0,0,0.015959,0.015959
130_bNAb_Combinations|1314058|cc|4|1|nan|2944,0,0.00156683,4,1,0,0,0,0,0,0.0129667,0.0129667
130_bNAb_Combinations|1314058|cc|5|1|nan|2944,0,0.00192841,5,1,0,0,0,0,0,0.015959,0.015959
130_bNAb_Combinations|1314058|cc|6|1|nan|2944,0,0.00273191,6,1,0,0,0,0,0,0.0226086,0.0226086
130_bNAb_Combinations|1314058|cc|7|1|nan|2944,0,0.00228998,7,1,0,0,0,0,0,0.0189514,0.0189514
130_bNAb_Combinations|1314058|cc|8|1|nan|2944,0,0,8,1,0,0,0,0,0,0,0
130_bNAb_Combinations|1314058|sample|10|nan|2944,0.0003648,0.569001,1,10,1,0.744044,0.783168,0.783168,0.783168,-1.77239,-1.77239
130_bNAb_Combinations|1314058|sample|10|nan|2944,0.001824,0.774678,2,10,1,0.801364,0.80512,0.80512,0.80512,-0.25193,-0.25193
130_bNAb_Combinations|1314058|sample|10|nan|2944,0.00912,0.604516,3,10,1,0.839598,0.546711,0.546711,0.546711,0.478381,0.478381
130_bNAb_Combinations|1314058|sample|10|nan|2944,0.0456,0.103933,4,10,1,0.786967,0.0453884,0.0453884,0.0453884,0.484502,0.484502
130_bNAb_Combinations|1314058|sample|10|nan|2944,0.228,0.00494155,5,10,1,0.468955,0.0213497,0.0213497,0.0213497,-0.13579,-0.13579
130_bNAb_Combinations|1314058|sample|10|nan|2944,1.14,0.00176771,6,10,1,0.0713484,0.0213497,0.0213497,0.0213497,-0.162056,-0.162056
130_bNAb_Combinations|1314058|sample|10|nan|2944,5.7,0.00212928,7,10,1,0.0644445,0.0202202,0.0202202,0.0202202,-0.149716,-0.149716
130_bNAb_Combinations|1314058|sample|10|nan|2944,28.5,0.00152666,8,10,1,0.0597781,0.018422,0.018422,0.018422,-0.139822,-0.139822
130_bNAb_Combinations|1314058|sample|11|nan|2944,0.0003712,0.654956,1,11,1,0.744042,0.790407,0.790407,0.790407,-1.12097,-1.12097
130_bNAb_Combinations|1314058|sample|11|nan|2944,0.001856,0.910209,2,11,1,0.801344,0.858543,0.858543,0.858543,0.427567,0.427567
130_bNAb_Combinations|1314058|sample|11|nan|2944,0.00928,0.826323,3,11,1,0.794933,0.80686,0.80686,0.80686,0.161069,0.161069
130_bNAb_Combinations|1314058|sample|11|nan|2944,0.0464,0.531096,4,11,1,0.743993,0.559039,0.559039,0.559039,-0.231255,-0.231255
130_bNAb_Combinations|1314058|sample|11|nan|2944,0.2319999999999999,0.155357,5,11,1,0.438323,0.0767417,0.0767417,0.0767417,0.650604,0.650604
130_bNAb_Combinations|1314058|sample|11|nan|2944,1.16,0.00719135,6,11,1,0.0671987,0.0193151,0.0193151,0.0193151,-0.100333,-0.100333
130_bNAb_Combinations|1314058|sample|11|nan|2944,5.8,0.000964204,7,11,1,0.0644445,0.019315,0.019315,0.019315,-0.151866,-0.151866
130_bNAb_Combinations|1314058|sample|11|nan|2944,29,0.00116508,8,11,1,0.0597781,0.0175972,0.0175972,0.0175972,-0.135989,-0.135989
130_bNAb_Combinations|1314058|sample|12|nan|2944,0.0003712,0.691174,1,12,1,0.744042,0.790407,0.790407,0.790407,-0.821234,-0.821234
130_bNAb_Combinations|1314058|sample|12|nan|2944,0.001856,0.787493,2,12,1,0.743319,0.782192,0.782192,0.782192,0.043876,0.043876
130_bNAb_Combinations|1314058|sample|12|nan|2944,0.00928,0.705837,3,12,1,0.737372,0.735105,0.735105,0.735105,-0.242208,-0.242208
130_bNAb_Combinations|1314058|sample|12|nan|2944,0.0464,0.438512,4,12,1,0.69012,0.509323,0.509323,0.509323,-0.586015,-0.586015
130_bNAb_Combinations|1314058|sample|12|nan|2944,0.2319999999999999,0.141899,5,12,1,0.406584,0.0699169,0.0699169,0.0699169,0.595704,0.595704
130_bNAb_Combinations|1314058|sample|12|nan|2944,1.16,0.0106062,6,12,1,0.0623329,0.0175974,0.0175974,0.0175974,-0.0578568,-0.0578568
130_bNAb_Combinations|1314058|sample|12|nan|2944,5.8,0.000763328,7,12,1,0.0597781,0.0175972,0.0175972,0.0175972,-0.139314,-0.139314
130_bNAb_Combinations|1314058|sample|12|nan|2944,29,0.000682978,8,12,1,0.0597781,0.0175972,0.0175972,0.0175972,-0.139978,-0.139978
130_bNAb_Combinations|1314058|sample|3|nan|2944,0.000064,0.7568,1,3,1,0.744131,0.712099,0.712099,0.712099,0.369935,0.369935
130_bNAb_Combinations|1314058|sample|3|nan|2944,0.00032,0.711502,2,3,1,0.802142,0.640688,0.640689,0.640688,0.586037,0.586037
130_bNAb_Combinations|1314058|sample|3|nan|2944,0.0016,0.556567,3,3,1,0.846361,0.391978,0.391978,0.391978,1.3621,1.3621
130_bNAb_Combinations|1314058|sample|3|nan|2944,0.008,0.0999156,4,3,1,0.840784,0.124012,0.124012,0.124012,-0.199412,-0.199412
130_bNAb_Combinations|1314058|sample|3|nan|2944,0.04,0.00779398,5,3,1,0.796156,0.07399,0.07399,0.07399,-0.547823,-0.547823
130_bNAb_Combinations|1314058|sample|3|nan|2944,0.2,0.0069503,6,3,1,0.513308,0.0737397,0.0737397,0.0737397,-0.552733,-0.552733
130_bNAb_Combinations|1314058|sample|3|nan|2944,1,0.00361576,7,3,1,0.0718155,0.0698384,0.0698384,0.0698384,-0.548043,-0.548043
130_bNAb_Combinations|1314058|sample|3|nan|2944,5,0.00610662,8,3,1,0.0597781,0.0636276,0.0636276,0.0636276,-0.47603,-0.47603
130_bNAb_Combinations|1314058|sample|4|nan|2944,0.000064,0.636756,1,4,1,0.744131,0.712099,0.712099,0.712099,-0.623515,-0.623515
130_bNAb_Combinations|1314058|sample|4|nan|2944,0.00032,0.746153,2,4,1,0.802142,0.640688,0.640689,0.640688,0.872801,0.872801
130_bNAb_Combinations|1314058|sample|4|nan|2944,0.0016,0.537845,3,4,1,0.846361,0.391978,0.391978,0.391978,1.20716,1.20716
130_bNAb_Combinations|1314058|sample|4|nan|2944,0.008,0.0750874,4,4,1,0.875231,0.128133,0.128133,0.128133,-0.438991,-0.438991
130_bNAb_Combinations|1314058|sample|4|nan|2944,0.04,0.0161906,5,4,1,0.828774,0.0764489,0.0764489,0.0764489,-0.498684,-0.498684
130_bNAb_Combinations|1314058|sample|4|nan|2944,0.2,0.00445944,6,4,1,0.513308,0.0737397,0.0737397,0.0737397,-0.573347,-0.573347
130_bNAb_Combinations|1314058|sample|4|nan|2944,1,0.0061468,7,4,1,0.0718155,0.0698384,0.0698384,0.0698384,-0.527097,-0.527097
130_bNAb_Combinations|1314058|sample|4|nan|2944,5,0.00337471,8,4,1,0.0597781,0.0636276,0.0636276,0.0636276,-0.498638,-0.498638
130_bNAb_Combinations|1314058|sample|5|nan|2944,0.0006144,0.421638,1,5,1,0.743949,0.497367,0.497367,0.497367,-0.626714,-0.626714
130_bNAb_Combinations|1314058|sample|5|nan|2944,0.003072,0.241091,2,5,1,0.800514,0.248121,0.248121,0.248121,-0.0581789,-0.0581788
130_bNAb_Combinations|1314058|sample|5|nan|2944,0.01536,0.0357559,3,5,1,0.832268,0.0848099,0.0848099,0.0848099,-0.405959,-0.405959
130_bNAb_Combinations|1314058|sample|5|nan|2944,0.0768,0.0111687,4,5,1,0.762396,0.0761938,0.0761938,0.0761938,-0.538132,-0.538132
130_bNAb_Combinations|1314058|sample|5|nan|2944,0.384,0.00397734,5,5,1,0.288317,0.0761903,0.0761903,0.0761903,-0.597618,-0.597618
130_bNAb_Combinations|1314058|sample|5|nan|2944,1.92,0.0050219,6,5,1,0.0680679,0.0737397,0.0737397,0.0737397,-0.568693,-0.568693
130_bNAb_Combinations|1314058|sample|5|nan|2944,9.6,0.00289261,7,5,1,0.0644445,0.0698384,0.0698384,0.0698384,-0.554028,-0.554028
130_bNAb_Combinations|1314058|sample|5|nan|2944,48,0.00337471,8,5,1,0.0597781,0.0636276,0.0636276,0.0636276,-0.498638,-0.498638
130_bNAb_Combinations|1314058|sample|6|nan|2944,0.0006144,0.459122,1,6,1,0.743949,0.497367,0.497367,0.497367,-0.31651,-0.31651
130_bNAb_Combinations|1314058|sample|6|nan|2944,0.003072,0.181552,2,6,1,0.800514,0.248121,0.248121,0.248121,-0.550914,-0.550914
130_bNAb_Combinations|1314058|sample|6|nan|2944,0.01536,0.0224981,3,6,1,0.832268,0.0848099,0.0848099,0.0848099,-0.515678,-0.515678
130_bNAb_Combinations|1314058|sample|6|nan|2944,0.0768,0.00879836,4,6,1,0.762396,0.0761938,0.0761938,0.0761938,-0.557748,-0.557748
130_bNAb_Combinations|1314058|sample|6|nan|2944,0.384,0.00377647,5,6,1,0.288317,0.0761903,0.0761903,0.0761903,-0.59928,-0.59928
130_bNAb_Combinations|1314058|sample|6|nan|2944,1.92,0.00425857,6,6,1,0.0680679,0.0737397,0.0737397,0.0737397,-0.57501,-0.57501
130_bNAb_Combinations|1314058|sample|6|nan|2944,9.6,0.00349524,7,6,1,0.0644445,0.0698384,0.0698384,0.0698384,-0.54904,-0.54904
130_bNAb_Combinations|1314058|sample|6|nan|2944,48,0.00317384,8,6,1,0.0597781,0.0636276,0.0636276,0.0636276,-0.500301,-0.500301
130_bNAb_Combinations|1314058|sample|7|nan|2944,0.0000768,0.772267,1,7,1,0.744129,0.790678,0.790678,0.790678,-0.152361,-0.152361
130_bNAb_Combinations|1314058|sample|7|nan|2944,0.000384,0.792997,2,7,1,0.802118,0.859002,0.859002,0.859002,-0.546242,-0.546242
130_bNAb_Combinations|1314058|sample|7|nan|2944,0.00192,0.847113,3,7,1,0.846153,0.845998,0.845998,0.845998,0.00923146,0.00923146
130_bNAb_Combinations|1314058|sample|7|nan|2944,0.0096,0.388996,4,7,1,0.873453,0.546923,0.546923,0.546923,-1.30697,-1.30697
130_bNAb_Combinations|1314058|sample|7|nan|2944,0.048,0.102889,5,7,1,0.815031,0.0418555,0.0418555,0.0418555,0.505095,0.505095
130_bNAb_Combinations|1314058|sample|7|nan|2944,0.24,0.00903941,6,7,1,0.450839,0.0213497,0.0213497,0.0213497,-0.101877,-0.101877
130_bNAb_Combinations|1314058|sample|7|nan|2944,1.2,0.00305331,7,7,1,0.0665837,0.0202202,0.0202202,0.0202202,-0.142069,-0.142069
130_bNAb_Combinations|1314058|sample|7|nan|2944,6,0.00325419,8,7,1,0.0597781,0.018422,0.018422,0.018422,-0.125525,-0.125525
130_bNAb_Combinations|1314058|sample|8|nan|2944,0.0000768,0.84412,1,8,1,0.744129,0.790678,0.790678,0.790678,0.44228,0.44228
130_bNAb_Combinations|1314058|sample|8|nan|2944,0.000384,0.940119,2,8,1,0.802118,0.859002,0.859002,0.859002,0.6713,0.6713
130_bNAb_Combinations|1314058|sample|8|nan|2944,0.00192,0.824917,3,8,1,0.846153,0.845998,0.845998,0.845998,-0.174464,-0.174464
130_bNAb_Combinations|1314058|sample|8|nan|2944,0.0096,0.591097,4,8,1,0.873453,0.546923,0.546923,0.546923,0.365572,0.365572
130_bNAb_Combinations|1314058|sample|8|nan|2944,0.048,0.135872,5,8,1,0.815031,0.0418555,0.0418555,0.0418555,0.778062,0.778062
130_bNAb_Combinations|1314058|sample|8|nan|2944,0.24,0.00361576,6,8,1,0.450839,0.0213497,0.0213497,0.0213497,-0.146762,-0.146762
130_bNAb_Combinations|1314058|sample|8|nan|2944,1.2,0.00329436,7,8,1,0.0665837,0.0202202,0.0202202,0.0202202,-0.140074,-0.140074
130_bNAb_Combinations|1314058|sample|8|nan|2944,6,0.00289261,8,8,1,0.0597781,0.018422,0.018422,0.018422,-0.128517,-0.128517
130_bNAb_Combinations|1314058|sample|9|nan|2944,0.0003648,0.631373,1,9,1,0.744044,0.783168,0.783168,0.783168,-1.25622,-1.25622
130_bNAb_Combinations|1314058|sample|9|nan|2944,0.001824,0.855028,2,9,1,0.801364,0.80512,0.80512,0.80512,0.41303,0.41303
130_bNAb_Combinations|1314058|sample|9|nan|2944,0.00912,0.528323,3,9,1,0.839598,0.546711,0.546711,0.546711,-0.152167,-0.152167
130_bNAb_Combinations|1314058|sample|9|nan|2944,0.0456,0.0948536,4,9,1,0.819209,0.0468968,0.0468968,0.0468968,0.396878,0.396878
130_bNAb_Combinations|1314058|sample|9|nan|2944,0.228,0.00401752,5,9,1,0.488168,0.0220593,0.0220593,0.0220593,-0.149309,-0.149309
130_bNAb_Combinations|1314058|sample|9|nan|2944,1.14,0.00309349,6,9,1,0.0713484,0.0213497,0.0213497,0.0213497,-0.151084,-0.151084
130_bNAb_Combinations|1314058|sample|9|nan|2944,5.7,0.00200876,7,9,1,0.0644445,0.0202202,0.0202202,0.0202202,-0.150714,-0.150714
130_bNAb_Combinations|1314058|sample|9|nan|2944,28.5,0.00369612,8,9,1,0.0597781,0.018422,0.018422,0.018422,-0.121868,-0.121868
130_bNAb_Combinations|1314058|vc|1|2|nan|2944,0,0.691535,1,2,1,0.744141,0.792078,0.792078,0.792078,-0.832072,-0.832072
130_bNAb_Combinations|1314058|vc|2|2|nan|2944,0,0.932385,2,2,1,0.80223,0.869395,0.869395,0.869395,0.52129,0.52129
130_bNAb_Combinations|1314058|vc|3|2|nan|2944,0,1,3,2,1,0.80223,0.869395,0.869395,0.869395,1.08085,1.08085
130_bNAb_Combinations|1314058|vc|4|2|nan|2944,0,0.97479,4,2,1,0.80223,0.869395,0.869395,0.869395,0.872223,0.872223
130_bNAb_Combinations|1314058|vc|5|2|nan|2944,0,0.982805,5,2,1,0.80223,0.869395,0.869395,0.869395,0.938553,0.938553
130_bNAb_Combinations|1314058|vc|6|2|nan|2944,0,0.897594,6,2,1,0.80223,0.869395,0.869395,0.869395,0.233363,0.233363
130_bNAb_Combinations|1314058|vc|7|2|nan|2944,0,0.932385,7,2,1,0.80223,0.869395,0.869395,0.869395,0.52129,0.52129
130_bNAb_Combinations|1314058|vc|8|2|nan|2944,0,0.756117,8,2,1,0.744141,0.792078,0.792078,0.792078,-0.29761,-0.29761
130_bNAb_Combinations|1342240|cc|1|1|nan|1798,0,0.000747678,1,1,0,0,0,0,0,0.00618761,0.00618761
130_bNAb_Combinations|1342240|cc|2|1|nan|1798,0,0.000889479,2,1,0,0,0,0,0,0.00736112,0.00736112
130_bNAb_Combinations|1342240|cc|3|1|nan|1798,0,0.00106995,3,1,0,0,0,0,0,0.00885468,0.00885468
130_bNAb_Combinations|1342240|cc|4|1|nan|1798,0,0.0011473,4,1,0,0,0,0,0,0.00949477,0.00949477
130_bNAb_Combinations|1342240|cc|5|1|nan|1798,0,0.00125043,5,1,0,0,0,0,0,0.0103482,0.0103482
130_bNAb_Combinations|1342240|cc|6|1|nan|1798,0,0.00109574,6,1,0,0,0,0,0,0.00906804,0.00906804
130_bNAb_Combinations|1342240|cc|7|1|nan|1798,0,0.00113441,7,1,0,0,0,0,0,0.00938809,0.00938809
130_bNAb_Combinations|1342240|cc|8|1|nan|1798,0,0.00134066,8,1,0,0,0,0,0,0.011095,0.011095
130_bNAb_Combinations|1342240|sample|3|nan|1798,0.0010624,0.835221,1,3,1,0.743746,0.8793,0.8793,0.8793,-0.36479,-0.36479
130_bNAb_Combinations|1342240|sample|3|nan|1798,0.005312,0.877793,2,3,1,0.798713,0.905647,0.905647,0.905647,-0.23051,-0.23051
130_bNAb_Combinations|1342240|sample|3|nan|1798,0.02656,0.931355,3,3,1,0.816934,0.912804,0.912804,0.912804,0.15353,0.15353
130_bNAb_Combinations|1342240|sample|3|nan|1798,0.1328,0.830071,4,3,1,0.629884,0.747109,0.747109,0.747109,0.686569,0.686569
130_bNAb_Combinations|1342240|sample|3|nan|1798,0.664,0.362418,5,3,1,0.120579,0.110765,0.110765,0.110765,2.08262,2.08262
130_bNAb_Combinations|1342240|sample|3|nan|1798,3.32,0.0234358,6,3,1,0.0680515,0.0745404,0.0745404,0.0745404,-0.422929,-0.422929
130_bNAb_Combinations|1342240|sample|3|nan|1798,83,0.000966825,8,3,1,0.0597781,0.0706402,0.0706402,0.0706402,-0.576601,-0.576601
130_bNAb_Combinations|1342240|sample|4|nan|1798,0.0010624,0.808053,1,4,1,0.743746,0.8793,0.8793,0.8793,-0.589624,-0.589624
130_bNAb_Combinations|1342240|sample|4|nan|1798,0.005312,0.88955,2,4,1,0.798713,0.905647,0.905647,0.905647,-0.133215,-0.133215
130_bNAb_Combinations|1342240|sample|4|nan|1798,0.02656,0.902873,3,4,1,0.816934,0.912804,0.912804,0.912804,-0.0821861,-0.0821861
130_bNAb_Combinations|1342240|sample|4|nan|1798,0.1328,0.803702,4,4,1,0.655691,0.760283,0.760283,0.760283,0.35933,0.35933
130_bNAb_Combinations|1342240|sample|4|nan|1798,0.664,0.370758,5,4,1,0.125519,0.112718,0.112718,0.112718,2.13548,2.13548
130_bNAb_Combinations|1342240|sample|4|nan|1798,3.32,0.0203936,6,4,1,0.0680515,0.0745404,0.0745404,0.0745404,-0.448107,-0.448107
130_bNAb_Combinations|1342240|sample|4|nan|1798,16.6,3.8673e-05,7,4,1,0.0644445,0.0728401,0.0728401,0.0728401,-0.602487,-0.602487
130_bNAb_Combinations|1342240|sample|4|nan|1798,83,0.000747678,8,4,1,0.0597781,0.0706402,0.0706402,0.0706402,-0.578414,-0.578414
130_bNAb_Combinations|1342240|sample|8|nan|1798,16.6,0.000721896,7,8,1,0.0644445,0.0728401,0.0728401,0.0728401,-0.596833,-0.596833
130_bNAb_Combinations|1342240|vc|1|2|nan|1798,0,0.862537,1,2,1,0.744141,0.879382,0.879382,0.879382,-0.139404,-0.139404
130_bNAb_Combinations|1342240|vc|2|2|nan|1798,0,0.923324,2,2,1,0.80223,0.906767,0.906767,0.906767,0.137027,0.137027
130_bNAb_Combinations|1342240|vc|3|2|nan|1798,0,0.944627,3,2,1,0.80223,0.906767,0.906767,0.906767,0.313321,0.313321
130_bNAb_Combinations|1342240|vc|4|2|nan|1798,0,1,4,2,1,0.80223,0.906767,0.906767,0.906767,0.771577,0.771577
130_bNAb_Combinations|1342240|vc|5|2|nan|1798,0,0.995817,5,2,1,0.80223,0.906767,0.906767,0.906767,0.736958,0.736958
130_bNAb_Combinations|1342240|vc|6|2|nan|1798,0,0.979742,6,2,1,0.80223,0.906767,0.906767,0.906767,0.603925,0.603925
130_bNAb_Combinations|1342240|vc|7|2|nan|1798,0,0.912625,7,2,1,0.80223,0.906767,0.906767,0.906767,0.0484806,0.0484806
130_bNAb_Combinations|1342240|vc|8|2|nan|1798,0,0.732654,8,2,1,0.744141,0.879382,0.879382,0.879382,-1.21429,-1.21429
130_bNAb_Combinations|1342258|cc|1|1|TRO.11|8301,0,0.000586773,1,1,0,0,0,0,0,0.00485599,0.00485599
130_bNAb_Combinations|1342258|cc|2|1|TRO.11|8301,0,0.000602214,2,1,0,0,0,0,0,0.00498378,0.00498378
130_bNAb_Combinations|1342258|cc|3|1|TRO.11|8301,0,0.000756628,3,1,0,0,0,0,0,0.00626167,0.00626167
130_bNAb_Combinations|1342258|cc|4|1|TRO.11|8301,0,0.000694863,4,1,0,0,0,0,0,0.00575052,0.00575052
130_bNAb_Combinations|1342258|cc|5|1|TRO.11|8301,0,0.000957366,5,1,0,0,0,0,0,0.00792294,0.00792294
130_bNAb_Combinations|1342258|cc|6|1|TRO.11|8301,0,0.000648538,6,1,0,0,0,0,0,0.00536715,0.00536715
130_bNAb_Combinations|1342258|cc|7|1|TRO.11|8301,0,0.00103457,7,1,0,0,0,0,0,0.00856188,0.00856188
130_bNAb_Combinations|1342258|cc|8|1|TRO.11|8301,0,0.00112722,8,1,0,0,0,0,0,0.00932862,0.00932862
130_bNAb_Combinations|1342258|sample|3|TRO.11|8301,0.0010624,1,1,3,1,0.743746,0.922616,0.922616,0.922616,0.640411,0.640411
130_bNAb_Combinations|1342258|sample|3|TRO.11|8301,0.005312,0.977008,2,3,1,0.798713,0.940182,0.940182,0.940182,0.304761,0.304761
130_bNAb_Combinations|1342258|sample|3|TRO.11|8301,0.02656,0.852774,3,3,1,0.816934,0.949773,0.949773,0.949773,-0.802743,-0.802743
130_bNAb_Combinations|1342258|sample|3|TRO.11|8301,0.1328,0.409135,4,3,1,0.629884,0.4732,0.4732,0.4732,-0.530188,-0.530188
130_bNAb_Combinations|1342258|sample|3|TRO.11|8301,0.664,0.0368586,5,3,1,0.120579,0.0766185,0.0766185,0.0766185,-0.329043,-0.329043
130_bNAb_Combinations|1342258|sample|3|TRO.11|8301,3.32,0.000988249,6,3,1,0.0680515,0.0766185,0.0766185,0.0766185,-0.625898,-0.625898
130_bNAb_Combinations|1342258|sample|3|TRO.11|8301,16.6,0.000617656,7,3,1,0.0644445,0.0755267,0.0755267,0.0755267,-0.619929,-0.619929
130_bNAb_Combinations|1342258|sample|3|TRO.11|8301,83,0.0017912,8,3,1,0.0597781,0.0741138,0.0741138,0.0741138,-0.598525,-0.598525
130_bNAb_Combinations|1342258|sample|4|TRO.11|8301,0.0010624,0.951962,1,4,1,0.743746,0.922616,0.922616,0.922616,0.242858,0.242858
130_bNAb_Combinations|1342258|sample|4|TRO.11|8301,0.005312,0.975433,2,4,1,0.798713,0.940182,0.940182,0.940182,0.291726,0.291726
130_bNAb_Combinations|1342258|sample|4|TRO.11|8301,0.02656,0.81302,3,4,1,0.816934,0.949773,0.949773,0.949773,-1.13174,-1.13174
130_bNAb_Combinations|1342258|sample|4|TRO.11|8301,0.1328,0.42409,4,4,1,0.655691,0.47841,0.47841,0.47841,-0.449542,-0.449542
130_bNAb_Combinations|1342258|sample|4|TRO.11|8301,0.664,0.0475286,5,4,1,0.125519,0.0774621,0.0774621,0.0774621,-0.247722,-0.247722
130_bNAb_Combinations|1342258|sample|4|TRO.11|8301,3.32,0.000586773,6,4,1,0.0680515,0.0766185,0.0766185,0.0766185,-0.62922,-0.62922
130_bNAb_Combinations|1342258|sample|4|TRO.11|8301,16.6,0.00101913,7,4,1,0.0644445,0.0755267,0.0755267,0.0755267,-0.616607,-0.616607
130_bNAb_Combinations|1342258|sample|4|TRO.11|8301,83,0.00205371,8,4,1,0.0597781,0.0741138,0.0741138,0.0741138,-0.596352,-0.596352
130_bNAb_Combinations|1342258|vc|1|2|TRO.11|8301,0,0.96755,1,2,1,0.744141,0.922616,0.922616,0.922616,0.37186,0.37186
130_bNAb_Combinations|1342258|vc|2|2|TRO.11|8301,0,0.984057,2,2,1,0.80223,0.940205,0.940205,0.940205,0.362906,0.362906
130_bNAb_Combinations|1342258|vc|3|2|TRO.11|8301,0,0.968554,3,2,1,0.80223,0.940205,0.940205,0.940205,0.234606,0.234606
130_bNAb_Combinations|1342258|vc|4|2|TRO.11|8301,0,0.996418,4,2,1,0.80223,0.940205,0.940205,0.940205,0.465202,0.465202
130_bNAb_Combinations|1342258|vc|5|2|TRO.11|8301,0,0.95952,5,2,1,0.80223,0.940205,0.940205,0.940205,0.159849,0.159849
130_bNAb_Combinations|1342258|vc|6|2|TRO.11|8301,0,0.92514,6,2,1,0.80223,0.940205,0.940205,0.940205,-0.124674,-0.124674
130_bNAb_Combinations|1342258|vc|7|2|TRO.11|8301,0,0.920917,7,2,1,0.80223,0.940205,0.940205,0.940205,-0.159624,-0.159624
130_bNAb_Combinations|1342258|vc|8|2|TRO.11|8301,0,0.827859,8,2,1,0.744141,0.922616,0.922616,0.922616,-0.784186,-0.784186
130_bNAb_Combinations|1342276|cc|1|1|Ce1176_A3|7023,0,0.00106045,1,1,0,0,0,0,0,0.00877605,0.00877605
130_bNAb_Combinations|1342276|cc|2|1|Ce1176_A3|7023,0,0.000899371,2,1,0,0,0,0,0,0.00744298,0.00744298
130_bNAb_Combinations|1342276|cc|3|1|Ce1176_A3|7023,0,0.00139604,3,1,0,0,0,0,0,0.0115533,0.0115533
130_bNAb_Combinations|1342276|cc|4|1|Ce1176_A3|7023,0,0.000885948,4,1,0,0,0,0,0,0.00733189,0.00733189
130_bNAb_Combinations|1342276|cc|5|1|Ce1176_A3|7023,0,0.000939641,5,1,0,0,0,0,0,0.00777625,0.00777625
130_bNAb_Combinations|1342276|cc|6|1|Ce1176_A3|7023,0,0.00115442,6,1,0,0,0,0,0,0.00955368,0.00955368
130_bNAb_Combinations|1342276|cc|7|1|Ce1176_A3|7023,0,0.00167793,7,1,0,0,0,0,0,0.0138862,0.0138862
130_bNAb_Combinations|1342276|cc|8|1|Ce1176_A3|7023,0,0.0012618,8,1,0,0,0,0,0,0.0104424,0.0104424
130_bNAb_Combinations|1342276|sample|3|Ce1176_A3|7023,0.0010624,0.725068,1,3,1,0.743746,0.744019,0.744019,0.744019,-0.156838,-0.156838
130_bNAb_Combinations|1342276|sample|3|Ce1176_A3|7023,0.005312,0.881934,2,3,1,0.798713,0.80075,0.80075,0.80075,0.671859,0.671859
130_bNAb_Combinations|1342276|sample|3|Ce1176_A3|7023,0.02656,0.891317,3,3,1,0.816934,0.829668,0.829668,0.829668,0.51019,0.51019
130_bNAb_Combinations|1342276|sample|3|Ce1176_A3|7023,0.1328,0.705718,4,3,1,0.629884,0.671228,0.671228,0.671228,0.285425,0.285425
130_bNAb_Combinations|1342276|sample|3|Ce1176_A3|7023,0.664,0.239233,5,3,1,0.120579,0.111755,0.111755,0.111755,1.05498,1.05498
130_bNAb_Combinations|1342276|sample|3|Ce1176_A3|7023,3.32,0.012269,6,3,1,0.0680515,0.0680501,0.0680501,0.0680501,-0.461631,-0.461631
130_bNAb_Combinations|1342276|sample|3|Ce1176_A3|7023,16.6,0.00138262,7,3,1,0.0644445,0.0644432,0.0644432,0.0644432,-0.521874,-0.521874
130_bNAb_Combinations|1342276|sample|3|Ce1176_A3|7023,83,0.00073829,8,3,1,0.0597781,0.0597769,0.0597769,0.0597769,-0.48859,-0.48859
130_bNAb_Combinations|1342276|sample|4|Ce1176_A3|7023,0.0010624,0.749337,1,4,1,0.743746,0.744019,0.744019,0.744019,0.0440117,0.0440117
130_bNAb_Combinations|1342276|sample|4|Ce1176_A3|7023,0.005312,0.874437,2,4,1,0.798713,0.80075,0.80075,0.80075,0.609816,0.609816
130_bNAb_Combinations|1342276|sample|4|Ce1176_A3|7023,0.02656,0.920365,3,4,1,0.816934,0.829668,0.829668,0.829668,0.750587,0.750587
130_bNAb_Combinations|1342276|sample|4|Ce1176_A3|7023,0.1328,0.749364,4,4,1,0.655691,0.698729,0.698729,0.698729,0.419048,0.419048
130_bNAb_Combinations|1342276|sample|4|Ce1176_A3|7023,0.664,0.256838,5,4,1,0.125519,0.116333,0.116333,0.116333,1.16278,1.16278
130_bNAb_Combinations|1342276|sample|4|Ce1176_A3|7023,3.32,0.0164035,6,4,1,0.0680515,0.0680501,0.0680501,0.0680501,-0.427415,-0.427415
130_bNAb_Combinations|1342276|sample|4|Ce1176_A3|7023,16.6,0.000402703,7,4,1,0.0644445,0.0644432,0.0644432,0.0644432,-0.529984,-0.529984
130_bNAb_Combinations|1342276|sample|4|Ce1176_A3|7023,83,0.000617479,8,4,1,0.0597781,0.0597769,0.0597769,0.0597769,-0.489589,-0.489589
130_bNAb_Combinations|1342276|vc|1|2|Ce1176_A3|7023,0,0.763009,1,2,1,0.744141,0.744141,0.744141,0.744141,0.156149,0.156149
130_bNAb_Combinations|1342276|vc|2|2|Ce1176_A3|7023,0,0.910553,2,2,1,0.80223,0.80223,0.80223,0.80223,0.896455,0.896455
130_bNAb_Combinations|1342276|vc|3|2|Ce1176_A3|7023,0,1,3,2,1,0.80223,0.80223,0.80223,0.80223,1.6367,1.6367
130_bNAb_Combinations|1342276|vc|4|2|Ce1176_A3|7023,0,0.978623,4,2,1,0.80223,0.80223,0.80223,0.80223,1.45979,1.45979
130_bNAb_Combinations|1342276|vc|5|2|Ce1176_A3|7023,0,0.915016,5,2,1,0.80223,0.80223,0.80223,0.80223,0.933393,0.933393
130_bNAb_Combinations|1342276|vc|6|2|Ce1176_A3|7023,0,0.948528,6,2,1,0.80223,0.80223,0.80223,0.80223,1.21073,1.21073
130_bNAb_Combinations|1342276|vc|7|2|Ce1176_A3|7023,0,0.841536,7,2,1,0.80223,0.80223,0.80223,0.80223,0.32529,0.32529
130_bNAb_Combinations|1342276|vc|8|2|Ce1176_A3|7023,0,0.749606,8,2,1,0.744141,0.744141,0.744141,0.744141,0.0452266,0.0452266
130_bNAb_Combinations|1342294|cc|1|1|nan|1176,0,0.00986891,1,1,0,0,0,0,0,0.0816727,0.0816727
130_bNAb_Combinations|1342294|cc|2|1|nan|1176,0,0.00692296,2,1,0,0,0,0,0,0.0572928,0.0572928
130_bNAb_Combinations|1342294|cc|3|1|nan|1176,0,0.00368243,3,1,0,0,0,0,0,0.0304749,0.0304749
130_bNAb_Combinations|1342294|cc|4|1|nan|1176,0,0.0107527,4,1,0,0,0,0,0,0.0889867,0.0889867
130_bNAb_Combinations|1342294|cc|5|1|nan|1176,0,0.000736485,5,1,0,0,0,0,0,0.00609498,0.00609498
130_bNAb_Combinations|1342294|cc|6|1|nan|1176,0,0,6,1,0,0,0,0,0,0,0
130_bNAb_Combinations|1342294|cc|7|1|nan|1176,0,0.00618648,7,1,0,0,0,0,0,0.0511978,0.0511978
130_bNAb_Combinations|1342294|cc|8|1|nan|1176,0,0.0048608,8,1,0,0,0,0,0,0.0402269,0.0402269
130_bNAb_Combinations|1342294|sample|3|nan|1176,0.0010624,0.7384,1,3,1,0.743746,0.785681,0.785681,0.785681,-0.391286,-0.391286
130_bNAb_Combinations|1342294|sample|3|nan|1176,0.005312,0.840477,2,3,1,0.798713,0.82363,0.82363,0.82363,0.13942,0.13942
130_bNAb_Combinations|1342294|sample|3|nan|1176,0.02656,0.51554,3,3,1,0.816934,0.579894,0.579894,0.579894,-0.532577,-0.532577
130_bNAb_Combinations|1342294|sample|3|nan|1176,0.1328,0.173221,4,3,1,0.629884,0.0818941,0.0818941,0.0818941,0.755803,0.755803
130_bNAb_Combinations|1342294|sample|3|nan|1176,0.664,0.0191486,5,3,1,0.120579,0.0735515,0.0735515,0.0735515,-0.450226,-0.450226
130_bNAb_Combinations|1342294|sample|3|nan|1176,3.32,0.00559729,6,3,1,0.0680515,0.0735515,0.0735515,0.0735515,-0.562373,-0.562373
130_bNAb_Combinations|1342294|sample|3|nan|1176,83,0.0050081,8,3,1,0.0597781,0.0634701,0.0634701,0.0634701,-0.483818,-0.483818
130_bNAb_Combinations|1342294|sample|4|nan|1176,0.0010624,0.680071,1,4,1,0.743746,0.785681,0.785681,0.785681,-0.874008,-0.874008
130_bNAb_Combinations|1342294|sample|4|nan|1176,0.005312,0.847842,2,4,1,0.798713,0.82363,0.82363,0.82363,0.200369,0.200369
130_bNAb_Combinations|1342294|sample|4|nan|1176,0.02656,0.692444,3,4,1,0.816934,0.579894,0.579894,0.579894,0.931437,0.931437
130_bNAb_Combinations|1342294|sample|4|nan|1176,0.1328,0.216085,4,4,1,0.655691,0.0846559,0.0846559,0.0846559,1.08767,1.08767
130_bNAb_Combinations|1342294|sample|4|nan|1176,0.664,0.0187067,5,4,1,0.125519,0.076032,0.076032,0.076032,-0.47441,-0.47441
130_bNAb_Combinations|1342294|sample|4|nan|1176,3.32,0.00456621,6,4,1,0.0680515,0.0735515,0.0735515,0.0735515,-0.570906,-0.570906
130_bNAb_Combinations|1342294|sample|4|nan|1176,16.6,0.00618648,7,4,1,0.0644445,0.0696396,0.0696396,0.0696396,-0.525123,-0.525123
130_bNAb_Combinations|1342294|sample|4|nan|1176,83,0.00265135,8,4,1,0.0597781,0.0634701,0.0634701,0.0634701,-0.503322,-0.503322
130_bNAb_Combinations|1342294|sample|8|nan|1176,16.6,0.00883783,7,8,1,0.0644445,0.0696396,0.0696396,0.0696396,-0.503181,-0.503181
130_bNAb_Combinations|1342294|vc|1|2|nan|1176,0,0.903962,1,2,1,0.744141,0.790118,0.790118,0.790118,0.942148,0.942148
130_bNAb_Combinations|1342294|vc|2|2|nan|1176,0,0.772868,2,2,1,0.80223,0.86692,0.86692,0.86692,-0.778356,-0.778356
130_bNAb_Combinations|1342294|vc|3|2|nan|1176,0,0.798792,3,2,1,0.80223,0.86692,0.86692,0.86692,-0.563813,-0.563813
130_bNAb_Combinations|1342294|vc|4|2|nan|1176,0,1,4,2,1,0.80223,0.86692,0.86692,0.86692,1.10133,1.10133
130_bNAb_Combinations|1342294|vc|5|2|nan|1176,0,0.928708,5,2,1,0.80223,0.86692,0.86692,0.86692,0.511341,0.511341
130_bNAb_Combinations|1342294|vc|6|2|nan|1176,0,0.843276,6,2,1,0.80223,0.86692,0.86692,0.86692,-0.195676,-0.195676
130_bNAb_Combinations|1342294|vc|7|2|nan|1176,0,0.868906,7,2,1,0.80223,0.86692,0.86692,0.86692,0.0164288,0.0164288
130_bNAb_Combinations|1342294|vc|8|2|nan|1176,0,0.751657,8,2,1,0.744141,0.790118,0.790118,0.790118,-0.318293,-0.318293
130_bNAb_Combinations|1342312|cc|1|1|RHPA4259.7|5371,0,0.00173044,1,1,0,0,0,0,0,0.0143207,0.0143207
130_bNAb_Combinations|1342312|cc|2|1|RHPA4259.7|5371,0,0.00228271,2,1,0,0,0,0,0,0.0188911,0.0188911
130_bNAb_Combinations|1342312|cc|3|1|RHPA4259.7|5371,0,0.00237475,3,1,0,0,0,0,0,0.0196529,0.0196529
130_bNAb_Combinations|1342312|cc|4|1|RHPA4259.7|5371,0,0.00189612,4,1,0,0,0,0,0,0.0156918,0.0156918
130_bNAb_Combinations|1342312|cc|5|1|RHPA4259.7|5371,0,0.00136226,5,1,0,0,0,0,0,0.0112737,0.0112737
130_bNAb_Combinations|1342312|cc|6|1|RHPA4259.7|5371,0,0.00187771,6,1,0,0,0,0,0,0.0155395,0.0155395
130_bNAb_Combinations|1342312|cc|7|1|RHPA4259.7|5371,0,0.00250361,7,1,0,0,0,0,0,0.0207193,0.0207193
130_bNAb_Combinations|1342312|cc|8|1|RHPA4259.7|5371,0,0.0020618,8,1,0,0,0,0,0,0.017063,0.017063
130_bNAb_Combinations|1342312|sample|3|RHPA4259.7|5371,0.0010624,0.763952,1,3,1,0.743746,0.850665,0.850665,0.850665,-0.717615,-0.717617
130_bNAb_Combinations|1342312|sample|3|RHPA4259.7|5371,0.005312,0.818875,2,3,1,0.798713,0.788829,0.788829,0.788829,0.248654,0.248652
130_bNAb_Combinations|1342312|sample|3|RHPA4259.7|5371,0.02656,0.538378,3,3,1,0.816934,0.463873,0.463873,0.463873,0.616587,0.616586
130_bNAb_Combinations|1342312|sample|3|RHPA4259.7|5371,0.1328,0.0814411,4,3,1,0.629884,0.0875412,0.0875411,0.0875412,-0.0504828,-0.0504831
130_bNAb_Combinations|1342312|sample|3|RHPA4259.7|5371,0.664,0.00397633,5,3,1,0.120579,0.0741976,0.0741976,0.0741976,-0.581134,-0.581135
130_bNAb_Combinations|1342312|sample|3|RHPA4259.7|5371,3.32,0.00173044,6,3,1,0.0680515,0.0741976,0.0741976,0.0741976,-0.599721,-0.599721
130_bNAb_Combinations|1342312|sample|3|RHPA4259.7|5371,16.6,0.00147271,7,3,1,0.0644445,0.0723962,0.0723962,0.0723962,-0.586946,-0.586946
130_bNAb_Combinations|1342312|sample|3|RHPA4259.7|5371,83,0.0012334,8,3,1,0.0597781,0.0700656,0.0700656,0.0700656,-0.569639,-0.569639
130_bNAb_Combinations|1342312|sample|4|RHPA4259.7|5371,0.0010624,0.732077,1,4,1,0.743746,0.850665,0.850665,0.850665,-0.981406,-0.981407
130_bNAb_Combinations|1342312|sample|4|RHPA4259.7|5371,0.005312,0.824591,2,4,1,0.798713,0.788829,0.788829,0.788829,0.295958,0.295956
130_bNAb_Combinations|1342312|sample|4|RHPA4259.7|5371,0.02656,0.536592,3,4,1,0.816934,0.463873,0.463873,0.463873,0.601809,0.601808
130_bNAb_Combinations|1342312|sample|4|RHPA4259.7|5371,0.1328,0.0694384,4,4,1,0.655691,0.089184,0.0891839,0.089184,-0.163409,-0.163409
130_bNAb_Combinations|1342312|sample|4|RHPA4259.7|5371,0.664,0.00323997,5,4,1,0.125519,0.07559,0.07559,0.07559,-0.598752,-0.598752
130_bNAb_Combinations|1342312|sample|4|RHPA4259.7|5371,3.32,0.00138067,6,4,1,0.0680515,0.0741976,0.0741976,0.0741976,-0.602615,-0.602616
130_bNAb_Combinations|1342312|sample|4|RHPA4259.7|5371,16.6,0.00134385,7,4,1,0.0644445,0.0723962,0.0723962,0.0723962,-0.588012,-0.588012
130_bNAb_Combinations|1342312|sample|4|RHPA4259.7|5371,83,0.00163839,8,4,1,0.0597781,0.0700656,0.0700656,0.0700656,-0.566287,-0.566287
130_bNAb_Combinations|1342312|vc|1|2|RHPA4259.7|5371,0,0.805648,1,2,1,0.744141,0.872219,0.872219,0.872219,-0.550928,-0.550929
130_bNAb_Combinations|1342312|vc|2|2|RHPA4259.7|5371,0,0.988964,2,2,1,0.80223,0.901232,0.901232,0.901232,0.726052,0.72605
130_bNAb_Combinations|1342312|vc|3|2|RHPA4259.7|5371,0,0.95037,3,2,1,0.80223,0.901232,0.901232,0.901232,0.406655,0.406652
130_bNAb_Combinations|1342312|vc|4|2|RHPA4259.7|5371,0,0.951677,4,2,1,0.80223,0.901232,0.901232,0.901232,0.417471,0.417469
130_bNAb_Combinations|1342312|vc|5|2|RHPA4259.7|5371,0,1,5,2,1,0.80223,0.901232,0.901232,0.901232,0.817385,0.817382
130_bNAb_Combinations|1342312|vc|6|2|RHPA4259.7|5371,0,0.952339,6,2,1,0.80223,0.901232,0.901232,0.901232,0.422956,0.422954
130_bNAb_Combinations|1342312|vc|7|2|RHPA4259.7|5371,0,0.995186,7,2,1,0.80223,0.901232,0.901232,0.901232,0.777546,0.777543
130_bNAb_Combinations|1342312|vc|8|2|RHPA4259.7|5371,0,0.750412,8,2,1,0.744141,0.872219,0.872219,0.872219,-1.00805,-1.00805
130_bNAb_Combinations|1342336|cc|1|1|nan|3430,0,0,1,1,0,0,0,0,0,0,0
130_bNAb_Combinations|1342336|cc|2|1|nan|3430,0,0,2,1,0,0,0,0,0,0,0
130_bNAb_Combinations|1342336|cc|3|1|nan|3430,0,0.00041405,3,1,0,0,0,0,0,0.00342658,0.00342658
130_bNAb_Combinations|1342336|cc|4|1|nan|3430,0,0.00119614,4,1,0,0,0,0,0,0.00989901,0.00989901
130_bNAb_Combinations|1342336|cc|5|1|nan|3430,0,0.00174821,5,1,0,0,0,0,0,0.0144678,0.0144678
130_bNAb_Combinations|1342336|cc|6|1|nan|3430,0,0.00207025,6,1,0,0,0,0,0,0.0171329,0.0171329
130_bNAb_Combinations|1342336|cc|7|1|nan|3430,0,0.00110413,7,1,0,0,0,0,0,0.00913755,0.00913755
130_bNAb_Combinations|1342336|cc|8|1|nan|3430,0,0.0016562,8,1,0,0,0,0,0,0.0137063,0.0137063
130_bNAb_Combinations|1342336|sample|3|nan|3430,0.0010624,0.85338,1,3,1,0.743746,0.859784,0.859784,0.859784,-0.0529945,-0.0529945
130_bNAb_Combinations|1342336|sample|3|nan|3430,0.005312,0.846134,2,3,1,0.798713,0.888665,0.888665,0.888665,-0.351977,-0.351977
130_bNAb_Combinations|1342336|sample|3|nan|3430,0.02656,0.598923,3,3,1,0.816934,0.600127,0.600127,0.600127,-0.0099634,-0.00996342
130_bNAb_Combinations|1342336|sample|3|nan|3430,0.1328,0.155913,4,3,1,0.629884,0.0904581,0.0904581,0.0904581,0.541688,0.541688
130_bNAb_Combinations|1342336|sample|3|nan|3430,0.664,0.00768293,5,3,1,0.120579,0.0785892,0.0785892,0.0785892,-0.586803,-0.586803
130_bNAb_Combinations|1342336|sample|3|nan|3430,16.6,0.00115014,7,3,1,0.0644445,0.0760108,0.0760108,0.0760108,-0.619529,-0.619529
130_bNAb_Combinations|1342336|sample|3|nan|3430,83,0.00276033,8,3,1,0.0597781,0.0696138,0.0696138,0.0696138,-0.553263,-0.553263
130_bNAb_Combinations|1342336|sample|4|nan|3430,0.0010624,0.773193,1,4,1,0.743746,0.859784,0.859784,0.859784,-0.716609,-0.716609
130_bNAb_Combinations|1342336|sample|4|nan|3430,0.005312,0.819405,2,4,1,0.798713,0.888665,0.888665,0.888665,-0.573182,-0.573182
130_bNAb_Combinations|1342336|sample|4|nan|3430,0.02656,0.59009,3,4,1,0.816934,0.600127,0.600127,0.600127,-0.0830639,-0.0830638
130_bNAb_Combinations|1342336|sample|4|nan|3430,0.1328,0.181814,4,4,1,0.655691,0.0916543,0.0916543,0.0916543,0.74614,0.74614
130_bNAb_Combinations|1342336|sample|4|nan|3430,0.664,0.00570469,5,4,1,0.125519,0.0796284,0.0796284,0.0796284,-0.611775,-0.611775
130_bNAb_Combinations|1342336|sample|4|nan|3430,3.32,0.000966117,6,4,1,0.0680515,0.0785892,0.0785892,0.0785892,-0.64239,-0.64239
130_bNAb_Combinations|1342336|sample|4|nan|3430,16.6,0.0008281,7,4,1,0.0644445,0.0760108,0.0760108,0.0760108,-0.622194,-0.622194
130_bNAb_Combinations|1342336|sample|4|nan|3430,83,0.00289835,8,4,1,0.0597781,0.0696138,0.0696138,0.0696138,-0.552121,-0.552121
130_bNAb_Combinations|1342336|sample|5|nan|3430,3.32,0.00156419,6,5,1,0.0680515,0.0785892,0.0785892,0.0785892,-0.63744,-0.63744
130_bNAb_Combinations|1342336|vc|1|2|nan|3430,0,0.92255,1,2,1,0.744141,0.866597,0.866597,0.866597,0.463052,0.463052
130_bNAb_Combinations|1342336|vc|2|2|nan|3430,0,0.992179,2,2,1,0.80223,0.946231,0.946231,0.946231,0.380255,0.380255
130_bNAb_Combinations|1342336|vc|3|2|nan|3430,0,1,3,2,1,0.80223,0.946231,0.946231,0.946231,0.444979,0.444979
130_bNAb_Combinations|1342336|vc|4|2|nan|3430,0,0.999402,4,2,1,0.80223,0.946231,0.946231,0.946231,0.440029,0.440029
130_bNAb_Combinations|1342336|vc|5|2|nan|3430,0,0.95802,5,2,1,0.80223,0.946231,0.946231,0.946231,0.0975617,0.0975617
130_bNAb_Combinations|1342336|vc|6|2|nan|3430,0,0.951441,6,2,1,0.80223,0.946231,0.946231,0.946231,0.0431172,0.0431172
130_bNAb_Combinations|1342336|vc|7|2|nan|3430,0,0.88701,7,2,1,0.80223,0.946231,0.946231,0.946231,-0.490097,-0.490097
130_bNAb_Combinations|1342336|vc|8|2|nan|3430,0,0.926598,8,2,1,0.744141,0.866597,0.866597,0.866597,0.496556,0.496556
130_bNAb_Combinations|1342348|cc|1|1|nan|4166,0,0.000451154,1,1,0,0,0,0,0,0.00373365,0.00373365
130_bNAb_Combinations|1342348|cc|2|1|nan|4166,0,0.000773408,2,1,0,0,0,0,0,0.00640054,0.00640054
130_bNAb_Combinations|1342348|cc|3|1|nan|4166,0,0.00125679,3,1,0,0,0,0,0,0.0104009,0.0104009
130_bNAb_Combinations|1342348|cc|4|1|nan|4166,0,0.00128901,4,1,0,0,0,0,0,0.0106676,0.0106676
130_bNAb_Combinations|1342348|cc|5|1|nan|4166,0,0.000998985,5,1,0,0,0,0,0,0.00826736,0.00826736
130_bNAb_Combinations|1342348|cc|6|1|nan|4166,0,0.000773408,6,1,0,0,0,0,0,0.00640054,0.00640054
130_bNAb_Combinations|1342348|cc|7|1|nan|4166,0,0.000386704,7,1,0,0,0,0,0,0.00320027,0.00320027
130_bNAb_Combinations|1342348|cc|8|1|nan|4166,0,0.000644506,8,1,0,0,0,0,0,0.00533378,0.00533378
130_bNAb_Combinations|1342348|sample|3|nan|4166,0.0010624,0.836295,1,3,1,0.743746,0.763694,0.763694,0.763694,0.600832,0.600832
130_bNAb_Combinations|1342348|sample|3|nan|4166,0.005312,0.838358,2,3,1,0.798713,0.696552,0.696552,0.696552,1.17355,1.17355
130_bNAb_Combinations|1342348|sample|3|nan|4166,0.02656,0.39555,3,3,1,0.816934,0.40357,0.40357,0.40357,-0.0663707,-0.0663708
130_bNAb_Combinations|1342348|sample|3|nan|4166,0.1328,0.0558787,4,3,1,0.629884,0.10926,0.10926,0.10926,-0.441769,-0.441769
130_bNAb_Combinations|1342348|sample|3|nan|4166,0.664,0.00054783,5,3,1,0.120579,0.0766203,0.0766203,0.0766203,-0.629558,-0.629558
130_bNAb_Combinations|1342348|sample|3|nan|4166,3.32,0,6,3,1,0.0680515,0.0766042,0.0766042,0.0766042,-0.633958,-0.633958
130_bNAb_Combinations|1342348|sample|3|nan|4166,16.6,0.000515605,7,3,1,0.0644445,0.0731567,0.0731567,0.0731567,-0.601161,-0.601161
130_bNAb_Combinations|1342348|sample|3|nan|4166,83,0.000676732,8,3,1,0.0597781,0.0665192,0.0665192,0.0665192,-0.544897,-0.544897
130_bNAb_Combinations|1342348|sample|4|nan|4166,0.0010624,0.820247,1,4,1,0.743746,0.763694,0.763694,0.763694,0.468021,0.468021
130_bNAb_Combinations|1342348|sample|4|nan|4166,0.005312,0.753734,2,4,1,0.798713,0.696552,0.696552,0.696552,0.473225,0.473225
130_bNAb_Combinations|1342348|sample|4|nan|4166,0.02656,0.405797,3,4,1,0.816934,0.40357,0.40357,0.40357,0.0184363,0.0184364
130_bNAb_Combinations|1342348|sample|4|nan|4166,0.1328,0.0446321,4,4,1,0.655691,0.111814,0.111814,0.111814,-0.555979,-0.555979
130_bNAb_Combinations|1342348|sample|4|nan|4166,0.664,0.00161127,5,4,1,0.125519,0.0784113,0.0784113,0.0784113,-0.635579,-0.635579
130_bNAb_Combinations|1342348|sample|4|nan|4166,3.32,0.000934534,6,4,1,0.0680515,0.0766042,0.0766042,0.0766042,-0.626224,-0.626224
130_bNAb_Combinations|1342348|sample|4|nan|4166,16.6,0.00174017,7,4,1,0.0644445,0.0731567,0.0731567,0.0731567,-0.591026,-0.591026
130_bNAb_Combinations|1342348|sample|4|nan|4166,83,0.00157904,8,4,1,0.0597781,0.0665192,0.0665192,0.0665192,-0.53743,-0.53743
130_bNAb_Combinations|1342348|vc|1|2|nan|4166,0,0.800445,1,2,1,0.744141,0.828075,0.828075,0.828075,-0.228659,-0.228659
130_bNAb_Combinations|1342348|vc|2|2|nan|4166,0,0.905725,2,2,1,0.80223,0.910702,0.910702,0.910702,-0.0411933,-0.0411933
130_bNAb_Combinations|1342348|vc|3|2|nan|4166,0,1,3,2,1,0.80223,0.910702,0.910702,0.910702,0.739006,0.739006
130_bNAb_Combinations|1342348|vc|4|2|nan|4166,0,0.920162,4,2,1,0.80223,0.910702,0.910702,0.910702,0.0782834,0.0782834
130_bNAb_Combinations|1342348|vc|5|2|nan|4166,0,0.841097,5,2,1,0.80223,0.910702,0.910702,0.910702,-0.576038,-0.576038
130_bNAb_Combinations|1342348|vc|6|2|nan|4166,0,0.905435,6,2,1,0.80223,0.910702,0.910702,0.910702,-0.0435935,-0.0435935
130_bNAb_Combinations|1342348|vc|7|2|nan|4166,0,0.801959,7,2,1,0.80223,0.910702,0.910702,0.910702,-0.899932,-0.899932
130_bNAb_Combinations|1342348|vc|8|2|nan|4166,0,0.723716,8,2,1,0.744141,0.828075,0.828075,0.828075,-0.863646,-0.863646
130_bNAb_Combinations|1342372|cc|1|1|nan|2944,0,0.00214128,1,1,0,0,0,0,0,0.0177207,0.0177207
130_bNAb_Combinations|1342372|cc|2|1|nan|2944,0,0.00406844,2,1,0,0,0,0,0,0.0336694,0.0336694
130_bNAb_Combinations|1342372|cc|3|1|nan|2944,0,0.00282649,3,1,0,0,0,0,0,0.0233914,0.0233914
130_bNAb_Combinations|1342372|cc|4|1|nan|2944,0,0.00355453,4,1,0,0,0,0,0,0.0294164,0.0294164
130_bNAb_Combinations|1342372|cc|5|1|nan|2944,0,0.00321192,5,1,0,0,0,0,0,0.0265811,0.0265811
130_bNAb_Combinations|1342372|cc|6|1|nan|2944,0,0.0020128,6,1,0,0,0,0,0,0.0166575,0.0166575
130_bNAb_Combinations|1342372|cc|7|1|nan|2944,0,0.00111347,7,1,0,0,0,0,0,0.00921478,0.00921478
130_bNAb_Combinations|1342372|cc|8|1|nan|2944,0,0.000642385,8,1,0,0,0,0,0,0.00531622,0.00531622
130_bNAb_Combinations|1342372|sample|3|nan|2944,0.0010624,0.787264,1,3,1,0.743746,0.838171,0.838171,0.838171,-0.421298,-0.421298
130_bNAb_Combinations|1342372|sample|3|nan|2944,0.005312,0.896555,2,3,1,0.798713,0.844623,0.844623,0.844623,0.429777,0.429777
130_bNAb_Combinations|1342372|sample|3|nan|2944,0.02656,0.630907,3,3,1,0.816934,0.714131,0.714131,0.714131,-0.688743,-0.688743
130_bNAb_Combinations|1342372|sample|3|nan|2944,0.1328,0.303313,4,3,1,0.629884,0.227154,0.227154,0.227154,0.630268,0.630268
130_bNAb_Combinations|1342372|sample|3|nan|2944,0.664,0.0365731,5,3,1,0.120579,0.0203107,0.0203107,0.0203107,0.134584,0.134584
130_bNAb_Combinations|1342372|sample|3|nan|2944,3.32,0.00179868,6,3,1,0.0680515,0.0201441,0.0201441,0.0201441,-0.151822,-0.151822
130_bNAb_Combinations|1342372|sample|3|nan|2944,16.6,0.000942164,7,3,1,0.0644445,0.0195353,0.0195353,0.0195353,-0.153873,-0.153873
130_bNAb_Combinations|1342372|sample|3|nan|2944,83,0.0014989,8,3,1,0.0597781,0.0187478,0.0187478,0.0187478,-0.142748,-0.142748
130_bNAb_Combinations|1342372|sample|4|nan|2944,0.0010624,0.711912,1,4,1,0.743746,0.838171,0.838171,0.838171,-1.04489,-1.04489
130_bNAb_Combinations|1342372|sample|4|nan|2944,0.005312,0.776814,2,4,1,0.798713,0.844623,0.844623,0.844623,-0.561166,-0.561166
130_bNAb_Combinations|1342372|sample|4|nan|2944,0.02656,0.656731,3,4,1,0.816934,0.714131,0.714131,0.714131,-0.475031,-0.475031
130_bNAb_Combinations|1342372|sample|4|nan|2944,0.1328,0.279309,4,4,1,0.655691,0.23246,0.23246,0.23246,0.387707,0.387707
130_bNAb_Combinations|1342372|sample|4|nan|2944,0.664,0.0268517,5,4,1,0.125519,0.0207851,0.0207851,0.0207851,0.0502053,0.0502053
130_bNAb_Combinations|1342372|sample|4|nan|2944,3.32,0.00239824,6,4,1,0.0680515,0.0201441,0.0201441,0.0201441,-0.14686,-0.14686
130_bNAb_Combinations|1342372|sample|4|nan|2944,16.6,0.00145607,7,4,1,0.0644445,0.0195353,0.0195353,0.0195353,-0.14962,-0.14962
130_bNAb_Combinations|1342372|sample|4|nan|2944,83,0.0033404,8,4,1,0.0597781,0.0187478,0.0187478,0.0187478,-0.127508,-0.127508
130_bNAb_Combinations|1342372|vc|1|2|nan|2944,0,0.866191,1,2,1,0.744141,0.843865,0.843865,0.843865,0.184767,0.184767
130_bNAb_Combinations|1342372|vc|2|2|nan|2944,0,0.961949,2,2,1,0.80223,0.879314,0.879314,0.879314,0.683872,0.683872
130_bNAb_Combinations|1342372|vc|3|2|nan|2944,0,0.934862,3,2,1,0.80223,0.879314,0.879314,0.879314,0.459705,0.459705
130_bNAb_Combinations|1342372|vc|4|2|nan|2944,0,1,4,2,1,0.80223,0.879314,0.879314,0.879314,0.99877,0.99877
130_bNAb_Combinations|1342372|vc|5|2|nan|2944,0,0.921672,5,2,1,0.80223,0.879314,0.879314,0.879314,0.350545,0.350545
130_bNAb_Combinations|1342372|vc|6|2|nan|2944,0,0.914177,6,2,1,0.80223,0.879314,0.879314,0.879314,0.288522,0.288522
130_bNAb_Combinations|1342372|vc|7|2|nan|2944,0,0.942057,7,2,1,0.80223,0.879314,0.879314,0.879314,0.519246,0.519246
130_bNAb_Combinations|1342372|vc|8|2|nan|2944,0,0.751547,8,2,1,0.744141,0.843865,0.843865,0.843865,-0.764002,-0.764002
130_bNAb_Combinations|1342384|cc|1|1|nan|2946,0,0.000377127,1,1,0,0,0,0,0,0.00312102,0.00312102
130_bNAb_Combinations|1342384|cc|2|1|nan|2946,0,0.0014378,2,1,0,0,0,0,0,0.0118989,0.0118989
130_bNAb_Combinations|1342384|cc|3|1|nan|2946,0,0.00120209,3,1,0,0,0,0,0,0.00994824,0.00994824
130_bNAb_Combinations|1342384|cc|4|1|nan|2946,0,0.0012728,4,1,0,0,0,0,0,0.0105334,0.0105334
130_bNAb_Combinations|1342384|cc|5|1|nan|2946,0,0.000966389,5,1,0,0,0,0,0,0.0079976,0.0079976
130_bNAb_Combinations|1342384|cc|6|1|nan|2946,0,0.00162636,6,1,0,0,0,0,0,0.0134594,0.0134594
130_bNAb_Combinations|1342384|cc|7|1|nan|2946,0,0.000848536,7,1,0,0,0,0,0,0.00702228,0.00702228
130_bNAb_Combinations|1342384|cc|8|1|nan|2946,0,0.00219205,8,1,0,0,0,0,0,0.0181409,0.0181409
130_bNAb_Combinations|1342384|sample|3|nan|2946,0.0010624,0.852284,1,3,1,0.743746,0.861697,0.861697,0.861697,-0.0778992,-0.0778992
130_bNAb_Combinations|1342384|sample|3|nan|2946,0.005312,0.967355,2,3,1,0.798713,0.938959,0.938959,0.938959,0.234998,0.234998
130_bNAb_Combinations|1342384|sample|3|nan|2946,0.02656,0.934439,3,3,1,0.816934,0.950433,0.950433,0.950433,-0.132366,-0.132366
130_bNAb_Combinations|1342384|sample|3|nan|2946,0.1328,0.7873,4,3,1,0.629884,0.813988,0.813988,0.813988,-0.220861,-0.220861
130_bNAb_Combinations|1342384|sample|3|nan|2946,0.664,0.423797,5,3,1,0.120579,0.29992,0.29992,0.29992,1.02517,1.02517
130_bNAb_Combinations|1342384|sample|3|nan|2946,3.32,0.0580305,6,3,1,0.0680515,0.0546512,0.0546512,0.0546512,0.0279658,0.0279658
130_bNAb_Combinations|1342384|sample|3|nan|2946,16.6,0.00157922,7,3,1,0.0644445,0.0526642,0.0526642,0.0526642,-0.422767,-0.422767
130_bNAb_Combinations|1342384|sample|3|nan|2946,83,0.00113138,8,3,1,0.0597781,0.0481702,0.0481702,0.0481702,-0.389282,-0.389282
130_bNAb_Combinations|1342384|sample|4|nan|2946,0.0010624,0.86071,1,4,1,0.743746,0.861697,0.861697,0.861697,-0.00816405,-0.00816405
130_bNAb_Combinations|1342384|sample|4|nan|2946,0.005312,0.945269,2,4,1,0.798713,0.938959,0.938959,0.938959,0.0522239,0.0522239
130_bNAb_Combinations|1342384|sample|4|nan|2946,0.02656,0.912624,3,4,1,0.816934,0.950433,0.950433,0.950433,-0.312898,-0.312898
130_bNAb_Combinations|1342384|sample|4|nan|2946,0.1328,0.777,4,4,1,0.655691,0.825615,0.825615,0.825615,-0.402323,-0.402323
130_bNAb_Combinations|1342384|sample|4|nan|2946,0.664,0.449052,5,4,1,0.125519,0.304204,0.304204,0.304204,1.19873,1.19873
130_bNAb_Combinations|1342384|sample|4|nan|2946,3.32,0.0637345,6,4,1,0.0680515,0.0546512,0.0546512,0.0546512,0.0751711,0.0751711
130_bNAb_Combinations|1342384|sample|4|nan|2946,16.6,0.000824966,7,4,1,0.0644445,0.0526642,0.0526642,0.0526642,-0.429009,-0.429009
130_bNAb_Combinations|1342384|sample|4|nan|2946,83,0.00122566,8,4,1,0.0597781,0.0481702,0.0481702,0.0481702,-0.388502,-0.388502
130_bNAb_Combinations|1342384|vc|1|2|nan|2946,0,0.93029,1,2,1,0.744141,0.862187,0.862187,0.862187,0.563605,0.563605
130_bNAb_Combinations|1342384|vc|2|2|nan|2946,0,0.910809,2,2,1,0.80223,0.942624,0.942624,0.942624,-0.263291,-0.263291
130_bNAb_Combinations|1342384|vc|3|2|nan|2946,0,1,3,2,1,0.80223,0.942624,0.942624,0.942624,0.474829,0.474829
130_bNAb_Combinations|1342384|vc|4|2|nan|2946,0,0.996582,4,2,1,0.80223,0.942624,0.942624,0.942624,0.446545,0.446545
130_bNAb_Combinations|1342384|vc|5|2|nan|2946,0,0.999953,5,2,1,0.80223,0.942624,0.942624,0.942624,0.474439,0.474439
130_bNAb_Combinations|1342384|vc|6|2|nan|2946,0,0.889549,6,2,1,0.80223,0.942624,0.942624,0.942624,-0.439238,-0.439238
130_bNAb_Combinations|1342384|vc|7|2|nan|2946,0,0.878541,7,2,1,0.80223,0.942624,0.942624,0.942624,-0.530333,-0.530333
130_bNAb_Combinations|1342384|vc|8|2|nan|2946,0,0.78624,8,2,1,0.744141,0.862187,0.862187,0.862187,-0.628526,-0.628526
130_bNAb_Combinations|1342396|cc|1|1|PVO.4|5024,0,0.000406233,1,1,0,0,0,0,0,0.00336189,0.00336189
130_bNAb_Combinations|1342396|cc|2|1|PVO.4|5024,0,0.00130897,2,1,0,0,0,0,0,0.0108328,0.0108328
130_bNAb_Combinations|1342396|cc|3|1|PVO.4|5024,0,0.00155723,3,1,0,0,0,0,0,0.0128872,0.0128872
130_bNAb_Combinations|1342396|cc|4|1|PVO.4|5024,0,0.000835035,4,1,0,0,0,0,0,0.00691055,0.00691055
130_bNAb_Combinations|1342396|cc|5|1|PVO.4|5024,0,0.000654487,5,1,0,0,0,0,0,0.00541638,0.00541638
130_bNAb_Combinations|1342396|cc|6|1|PVO.4|5024,0,0.000631919,6,1,0,0,0,0,0,0.00522961,0.00522961
130_bNAb_Combinations|1342396|cc|7|1|PVO.4|5024,0,0.000880172,7,1,0,0,0,0,0,0.0072841,0.0072841
130_bNAb_Combinations|1342396|cc|8|1|PVO.4|5024,0,0.00139925,8,1,0,0,0,0,0,0.0115798,0.0115798
130_bNAb_Combinations|1342396|sample|3|PVO.4|5024,0.0010624,0.997833,1,3,1,0.743746,0.89344,0.89344,0.89344,0.863932,0.863932
130_bNAb_Combinations|1342396|sample|3|PVO.4|5024,0.005312,0.936549,2,3,1,0.798713,0.894542,0.894542,0.894542,0.347633,0.347633
130_bNAb_Combinations|1342396|sample|3|PVO.4|5024,0.02656,0.845349,3,3,1,0.816934,0.812713,0.812713,0.812713,0.270092,0.270092
130_bNAb_Combinations|1342396|sample|3|PVO.4|5024,0.1328,0.395513,4,3,1,0.629884,0.476579,0.476579,0.476579,-0.670876,-0.670876
130_bNAb_Combinations|1342396|sample|3|PVO.4|5024,0.664,0.0558345,5,3,1,0.120579,0.0968958,0.0968958,0.0968958,-0.339813,-0.339813
130_bNAb_Combinations|1342396|sample|3|PVO.4|5024,3.32,0.00187319,6,3,1,0.0680515,0.0754849,0.0754849,0.0754849,-0.609193,-0.609193
130_bNAb_Combinations|1342396|sample|3|PVO.4|5024,16.6,0.000383665,7,3,1,0.0644445,0.0740617,0.0740617,0.0740617,-0.609742,-0.609742
130_bNAb_Combinations|1342396|sample|3|PVO.4|5024,83,4.5137e-05,8,3,1,0.0597781,0.0722205,0.0722205,0.0722205,-0.597306,-0.597306
130_bNAb_Combinations|1342396|sample|4|PVO.4|5024,0.0010624,1,1,4,1,0.743746,0.89344,0.89344,0.89344,0.881862,0.881862
130_bNAb_Combinations|1342396|sample|4|PVO.4|5024,0.005312,0.917851,2,4,1,0.798713,0.894542,0.894542,0.894542,0.192892,0.192892
130_bNAb_Combinations|1342396|sample|4|PVO.4|5024,0.02656,0.813708,3,4,1,0.816934,0.812713,0.812713,0.812713,0.00823762,0.00823768
130_bNAb_Combinations|1342396|sample|4|PVO.4|5024,0.1328,0.442377,4,4,1,0.655691,0.483524,0.483524,0.483524,-0.340523,-0.340523
130_bNAb_Combinations|1342396|sample|4|PVO.4|5024,0.664,0.0734831,5,4,1,0.125519,0.0983079,0.0983079,0.0983079,-0.205444,-0.205444
130_bNAb_Combinations|1342396|sample|4|PVO.4|5024,3.32,0.000744761,6,4,1,0.0680515,0.0754849,0.0754849,0.0754849,-0.618531,-0.618531
130_bNAb_Combinations|1342396|sample|4|PVO.4|5024,16.6,0,7,4,1,0.0644445,0.0740617,0.0740617,0.0740617,-0.612917,-0.612917
130_bNAb_Combinations|1342396|sample|4|PVO.4|5024,83,0.00128641,8,4,1,0.0597781,0.0722205,0.0722205,0.0722205,-0.587033,-0.587033
130_bNAb_Combinations|1342396|vc|1|2|PVO.4|5024,0,0.943804,1,2,1,0.744141,0.899045,0.899045,0.899045,0.370421,0.370421
130_bNAb_Combinations|1342396|vc|2|2|PVO.4|5024,0,0.908609,2,2,1,0.80223,0.921965,0.921965,0.921965,-0.110535,-0.110535
130_bNAb_Combinations|1342396|vc|3|2|PVO.4|5024,0,0.910922,3,2,1,0.80223,0.921965,0.921965,0.921965,-0.0913911,-0.0913911
130_bNAb_Combinations|1342396|vc|4|2|PVO.4|5024,0,0.912705,4,2,1,0.80223,0.921965,0.921965,0.921965,-0.0766361,-0.0766361
130_bNAb_Combinations|1342396|vc|5|2|PVO.4|5024,0,0.907345,5,2,1,0.80223,0.921965,0.921965,0.921965,-0.120994,-0.120994
130_bNAb_Combinations|1342396|vc|6|2|PVO.4|5024,0,0.878886,6,2,1,0.80223,0.921965,0.921965,0.921965,-0.356514,-0.356514
130_bNAb_Combinations|1342396|vc|7|2|PVO.4|5024,0,0.860549,7,2,1,0.80223,0.921965,0.921965,0.921965,-0.508266,-0.508266
130_bNAb_Combinations|1342396|vc|8|2|PVO.4|5024,0,0.761022,8,2,1,0.744141,0.899045,0.899045,0.899045,-1.14224,-1.14224
130_bNAb_Combinations|1342408|cc|1|1|nan|4168,0,0.0014393,1,1,0,0,0,0,0,0.0119113,0.0119113
130_bNAb_Combinations|1342408|cc|2|1|nan|4168,0,0.0014393,2,1,0,0,0,0,0,0.0119113,0.0119113
130_bNAb_Combinations|1342408|cc|3|1|nan|4168,0,0.000729786,3,1,0,0,0,0,0,0.00603954,0.00603954
130_bNAb_Combinations|1342408|cc|4|1|nan|4168,0,0.00152039,4,1,0,0,0,0,0,0.0125824,0.0125824
130_bNAb_Combinations|1342408|cc|5|1|nan|4168,0,0.000973049,5,1,0,0,0,0,0,0.00805272,0.00805272
130_bNAb_Combinations|1342408|cc|6|1|nan|4168,0,0.00105414,6,1,0,0,0,0,0,0.00872378,0.00872378
130_bNAb_Combinations|1342408|cc|7|1|nan|4168,0,0.00154066,7,1,0,0,0,0,0,0.0127501,0.0127501
130_bNAb_Combinations|1342408|cc|8|1|nan|4168,0,0.00145957,8,1,0,0,0,0,0,0.0120791,0.0120791
130_bNAb_Combinations|1342408|sample|3|nan|4168,0.0010624,0.884744,1,3,1,0.743746,0.888394,0.888394,0.888394,-0.0302027,-0.0302027
130_bNAb_Combinations|1342408|sample|3|nan|4168,0.005312,0.890796,2,3,1,0.798713,0.932498,0.932498,0.932498,-0.345118,-0.345118
130_bNAb_Combinations|1342408|sample|3|nan|4168,0.02656,0.776077,3,3,1,0.816934,0.822559,0.822559,0.822559,-0.38467,-0.38467
130_bNAb_Combinations|1342408|sample|3|nan|4168,0.1328,0.462381,4,3,1,0.629884,0.393355,0.393355,0.393355,0.571241,0.571241
130_bNAb_Combinations|1342408|sample|3|nan|4168,0.664,0.16701,5,3,1,0.120579,0.0671906,0.0671906,0.0671906,0.826078,0.826078
130_bNAb_Combinations|1342408|sample|3|nan|4168,3.32,0.0252587,6,3,1,0.0680515,0.0627051,0.0627051,0.0627051,-0.309897,-0.309897
130_bNAb_Combinations|1342408|sample|3|nan|4168,16.6,0.00823037,7,3,1,0.0644445,0.0612535,0.0612535,0.0612535,-0.438807,-0.438807
130_bNAb_Combinations|1342408|sample|3|nan|4168,83,0.0027367,8,3,1,0.0597781,0.0566983,0.0566983,0.0566983,-0.446573,-0.446573
130_bNAb_Combinations|1342408|sample|4|nan|4168,0.0010624,0.931106,1,4,1,0.743746,0.888394,0.888394,0.888394,0.353476,0.353476
130_bNAb_Combinations|1342408|sample|4|nan|4168,0.005312,0.912324,2,4,1,0.798713,0.932498,0.932498,0.932498,-0.166952,-0.166952
130_bNAb_Combinations|1342408|sample|4|nan|4168,0.02656,0.764897,3,4,1,0.816934,0.822559,0.822559,0.822559,-0.477192,-0.477192
130_bNAb_Combinations|1342408|sample|4|nan|4168,0.1328,0.50485,4,4,1,0.655691,0.396256,0.396256,0.396256,0.898696,0.898696
130_bNAb_Combinations|1342408|sample|4|nan|4168,0.664,0.189005,5,4,1,0.125519,0.0676862,0.0676863,0.0676862,1.004,1.004
130_bNAb_Combinations|1342408|sample|4|nan|4168,3.32,0.0320092,6,4,1,0.0680515,0.0627051,0.0627051,0.0627051,-0.254032,-0.254032
130_bNAb_Combinations|1342408|sample|4|nan|4168,16.6,0.00490579,7,4,1,0.0644445,0.0612535,0.0612535,0.0612535,-0.466321,-0.466321
130_bNAb_Combinations|1342408|sample|4|nan|4168,83,0.00336513,8,4,1,0.0597781,0.0566983,0.0566983,0.0566983,-0.441373,-0.441373
130_bNAb_Combinations|1342408|vc|1|2|nan|4168,0,0.949635,1,2,1,0.744141,0.894521,0.894521,0.894521,0.456108,0.456108
130_bNAb_Combinations|1342408|vc|2|2|nan|4168,0,0.965274,2,2,1,0.80223,0.966388,0.966388,0.966388,-0.00921852,-0.00921852
130_bNAb_Combinations|1342408|vc|3|2|nan|4168,0,1,3,2,1,0.80223,0.966388,0.966388,0.966388,0.278163,0.278163
130_bNAb_Combinations|1342408|vc|4|2|nan|4168,0,0.969906,4,2,1,0.80223,0.966388,0.966388,0.966388,0.0291158,0.0291158
130_bNAb_Combinations|1342408|vc|5|2|nan|4168,0,0.940482,5,2,1,0.80223,0.966388,0.966388,0.966388,-0.214395,-0.214395
130_bNAb_Combinations|1342408|vc|6|2|nan|4168,0,0.930052,6,2,1,0.80223,0.966388,0.966388,0.966388,-0.30071,-0.30071
130_bNAb_Combinations|1342408|vc|7|2|nan|4168,0,0.924538,7,2,1,0.80223,0.966388,0.966388,0.966388,-0.346342,-0.346342
130_bNAb_Combinations|1342408|vc|8|2|nan|4168,0,0.903212,8,2,1,0.744141,0.894521,0.894521,0.894521,0.0719259,0.0719259
704_VRC01_Concordance|1200432|cc|1|1|PVO.4|5024,0,0.00146144,1,1,0,0,0,0,0,0.0120945,0.0120945
704_VRC01_Concordance|1200432|cc|2|1|PVO.4|5024,0,0.00217593,2,1,0,0,0,0,0,0.0180074,0.0180074
704_VRC01_Concordance|1200432|cc|3|1|PVO.4|5024,0,0.0011042,3,1,0,0,0,0,0,0.0091381,0.0091381
704_VRC01_Concordance|1200432|cc|4|1|PVO.4|5024,0,0.00198107,4,1,0,0,0,0,0,0.0163948,0.0163948
704_VRC01_Concordance|1200432|cc|5|1|PVO.4|5024,0,0.00298784,5,1,0,0,0,0,0,0.0247266,0.0247266
704_VRC01_Concordance|1200432|cc|6|1|PVO.4|5024,0,0.00175373,6,1,0,0,0,0,0,0.0145135,0.0145135
704_VRC01_Concordance|1200432|cc|7|1|PVO.4|5024,0,0.00233831,7,1,0,0,0,0,0,0.0193513,0.0193513
704_VRC01_Concordance|1200432|cc|8|1|PVO.4|5024,0,0.00334508,8,1,0,0,0,0,0,0.0276831,0.0276831
704_VRC01_Concordance|1200432|sample|10|PVO.4|5024,0.002286236854138,0.850689,1,10,1,0.743061,0.74414,0.74414,0.74414,0.881777,0.881777
704_VRC01_Concordance|1200432|sample|10|PVO.4|5024,0.0068587105624142,0.988097,2,10,1,0.797316,0.802211,0.802211,0.802211,1.53835,1.53835
704_VRC01_Concordance|1200432|sample|10|PVO.4|5024,0.0205761316872428,0.866635,3,10,1,0.825411,0.846831,0.846831,0.846831,0.163898,0.163898
704_VRC01_Concordance|1200432|sample|10|PVO.4|5024,0.0617283950617284,0.879642,4,10,1,0.759309,0.842654,0.842654,0.842654,0.306104,0.306104
704_VRC01_Concordance|1200432|sample|10|PVO.4|5024,0.1851851851851852,0.740724,5,10,1,0.537887,0.78289,0.78289,0.78289,-0.348953,-0.348953
704_VRC01_Concordance|1200432|sample|10|PVO.4|5024,0.5555555555555556,0.485621,6,10,1,0.160142,0.283949,0.283949,0.283949,1.66899,1.66899
704_VRC01_Concordance|1200432|sample|10|PVO.4|5024,1.66666666666667,0.212201,7,10,1,0.0645392,0.0644431,0.0644431,0.0644431,1.22281,1.22281
704_VRC01_Concordance|1200432|sample|10|PVO.4|5024,5,0.0380949,8,10,1,0.0597781,0.0597768,0.0597768,0.0597768,-0.179434,-0.179434
704_VRC01_Concordance|1200432|sample|11|PVO.4|5024,0.0457247370827617,0.868454,1,11,1,0.691109,0.742259,0.742259,0.742259,1.04436,1.04436
704_VRC01_Concordance|1200432|sample|11|PVO.4|5024,0.1371742112482853,0.719452,2,11,1,0.588995,0.772507,0.772507,0.772507,-0.43907,-0.43907
704_VRC01_Concordance|1200432|sample|11|PVO.4|5024,0.411522633744856,0.42653,3,11,1,0.239042,0.463854,0.463854,0.463854,-0.308882,-0.308882
704_VRC01_Concordance|1200432|sample|11|PVO.4|5024,1.23456790123457,0.188591,4,11,1,0.0661606,0.0645277,0.0645277,0.0645277,1.02672,1.02672
704_VRC01_Concordance|1200432|sample|11|PVO.4|5024,3.7037037037037,0.036601,5,11,1,0.0644445,0.0644431,0.0644431,0.0644431,-0.230414,-0.230414
704_VRC01_Concordance|1200432|sample|11|PVO.4|5024,11.1111111111111,0.00789179,6,11,1,0.0644445,0.0644431,0.0644431,0.0644431,-0.468005,-0.468005
704_VRC01_Concordance|1200432|sample|11|PVO.4|5024,33.3333333333333,0.00133154,7,11,1,0.0644445,0.0644431,0.0644431,0.0644431,-0.522296,-0.522296
704_VRC01_Concordance|1200432|sample|11|PVO.4|5024,100,0.000389718,8,11,1,0.0597781,0.0597768,0.0597768,0.0597768,-0.491473,-0.491473
704_VRC01_Concordance|1200432|sample|12|PVO.4|5024,0.0457247370827617,0.755582,1,12,1,0.691109,0.742259,0.742259,0.742259,0.110256,0.110256
704_VRC01_Concordance|1200432|sample|12|PVO.4|5024,0.1371742112482853,0.635256,2,12,1,0.546346,0.71657,0.71657,0.71657,-0.672929,-0.672929
704_VRC01_Concordance|1200432|sample|12|PVO.4|5024,0.411522633744856,0.416203,3,12,1,0.221733,0.430266,0.430266,0.430266,-0.116387,-0.116387
704_VRC01_Concordance|1200432|sample|12|PVO.4|5024,1.23456790123457,0.135362,4,12,1,0.0613699,0.0598553,0.0598553,0.0598553,0.624876,0.624876
704_VRC01_Concordance|1200432|sample|12|PVO.4|5024,3.7037037037037,0.0341003,5,12,1,0.0597781,0.0597768,0.0597768,0.0597768,-0.212492,-0.212492
704_VRC01_Concordance|1200432|sample|12|PVO.4|5024,11.1111111111111,0.00308527,6,12,1,0.0597781,0.0597768,0.0597768,0.0597768,-0.469165,-0.469165
704_VRC01_Concordance|1200432|sample|12|PVO.4|5024,33.3333333333333,0.000292288,7,12,1,0.0597781,0.0597768,0.0597768,0.0597768,-0.49228,-0.49228
704_VRC01_Concordance|1200432|sample|12|PVO.4|5024,100,0.000292288,8,12,1,0.0597781,0.0597768,0.0597768,0.0597768,-0.49228,-0.49228
704_VRC01_Concordance|1200432|sample|3|PVO.4|5024,0.0457247370827617,0.931426,1,3,1,0.691109,0.742259,0.742259,0.742259,1.5655,1.5655
704_VRC01_Concordance|1200432|sample|3|PVO.4|5024,0.1371742112482853,0.65242,2,3,1,0.588995,0.772507,0.772507,0.772507,-0.993807,-0.993807
704_VRC01_Concordance|1200432|sample|3|PVO.4|5024,0.411522633744856,0.404284,3,3,1,0.252421,0.489816,0.489816,0.489816,-0.707842,-0.707842
704_VRC01_Concordance|1200432|sample|3|PVO.4|5024,1.23456790123457,0.116071,4,3,1,0.0698636,0.0681393,0.0681393,0.0681393,0.396671,0.396671
704_VRC01_Concordance|1200432|sample|3|PVO.4|5024,3.7037037037037,0.0223763,5,3,1,0.0680515,0.06805,0.06805,0.06805,-0.377984,-0.377984
704_VRC01_Concordance|1200432|sample|3|PVO.4|5024,11.1111111111111,0.00337756,6,3,1,0.0680515,0.06805,0.06805,0.06805,-0.535214,-0.535214
704_VRC01_Concordance|1200432|sample|3|PVO.4|5024,33.3333333333333,0.00295536,7,3,1,0.0644445,0.0644431,0.0644431,0.0644431,-0.508858,-0.508858
704_VRC01_Concordance|1200432|sample|3|PVO.4|5024,100,0.00168878,8,3,1,0.0597781,0.0597768,0.0597768,0.0597768,-0.480722,-0.480722
704_VRC01_Concordance|1200432|sample|4|PVO.4|5024,0.0457247370827617,0.855821,1,4,1,0.691109,0.742259,0.742259,0.742259,0.939808,0.939808
704_VRC01_Concordance|1200432|sample|4|PVO.4|5024,0.1371742112482853,0.721108,2,4,1,0.588995,0.772507,0.772507,0.772507,-0.425363,-0.425363
704_VRC01_Concordance|1200432|sample|4|PVO.4|5024,0.411522633744856,0.572009,3,4,1,0.252421,0.489816,0.489816,0.489816,0.680209,0.680209
704_VRC01_Concordance|1200432|sample|4|PVO.4|5024,1.23456790123457,0.23966,4,4,1,0.0727259,0.070931,0.070931,0.070931,1.39636,1.39636
704_VRC01_Concordance|1200432|sample|4|PVO.4|5024,3.7037037037037,0.0572236,5,4,1,0.0708395,0.070838,0.070838,0.070838,-0.112669,-0.112669
704_VRC01_Concordance|1200432|sample|4|PVO.4|5024,11.1111111111111,0.00779436,6,4,1,0.0680515,0.06805,0.06805,0.06805,-0.498661,-0.498661
704_VRC01_Concordance|1200432|sample|4|PVO.4|5024,33.3333333333333,0.0027605,7,4,1,0.0644445,0.0644431,0.0644431,0.0644431,-0.51047,-0.51047
704_VRC01_Concordance|1200432|sample|4|PVO.4|5024,100,0.00116915,8,4,1,0.0597781,0.0597768,0.0597768,0.0597768,-0.485023,-0.485023
704_VRC01_Concordance|1200432|sample|5|PVO.4|5024,0.002286236854138,0.883215,1,5,1,0.743061,0.74414,0.74414,0.74414,1.15095,1.15095
704_VRC01_Concordance|1200432|sample|5|PVO.4|5024,0.0068587105624142,0.89653,2,5,1,0.797316,0.802211,0.802211,0.802211,0.780558,0.780558
704_VRC01_Concordance|1200432|sample|5|PVO.4|5024,0.0205761316872428,0.878603,3,5,1,0.825411,0.846831,0.846831,0.846831,0.262939,0.262939
704_VRC01_Concordance|1200432|sample|5|PVO.4|5024,0.0617283950617284,0.790088,4,5,1,0.790418,0.877177,0.877177,0.877177,-0.72073,-0.72073
704_VRC01_Concordance|1200432|sample|5|PVO.4|5024,0.1851851851851852,0.721465,5,5,1,0.559924,0.814964,0.814964,0.814964,-0.773776,-0.773776
704_VRC01_Concordance|1200432|sample|5|PVO.4|5024,0.5555555555555556,0.483543,6,5,1,0.160142,0.283949,0.283949,0.283949,1.65179,1.65179
704_VRC01_Concordance|1200432|sample|5|PVO.4|5024,1.66666666666667,0.199503,7,5,1,0.0645392,0.0644431,0.0644431,0.0644431,1.11772,1.11772
704_VRC01_Concordance|1200432|sample|5|PVO.4|5024,5,0.0347498,8,5,1,0.0597781,0.0597768,0.0597768,0.0597768,-0.207117,-0.207117
704_VRC01_Concordance|1200432|sample|6|PVO.4|5024,0.002286236854138,0.994382,1,6,1,0.743061,0.74414,0.74414,0.74414,2.07094,2.07094
704_VRC01_Concordance|1200432|sample|6|PVO.4|5024,0.0068587105624142,0.986474,2,6,1,0.797316,0.802211,0.802211,0.802211,1.52491,1.52491
704_VRC01_Concordance|1200432|sample|6|PVO.4|5024,0.0205761316872428,0.991621,3,6,1,0.825411,0.846831,0.846831,0.846831,1.19825,1.19825
704_VRC01_Concordance|1200432|sample|6|PVO.4|5024,0.0617283950617284,0.869396,4,6,1,0.790418,0.877177,0.877177,0.877177,-0.0643993,-0.0643993
704_VRC01_Concordance|1200432|sample|6|PVO.4|5024,0.1851851851851852,0.779355,5,6,1,0.559924,0.814964,0.814964,0.814964,-0.294697,-0.294697
704_VRC01_Concordance|1200432|sample|6|PVO.4|5024,0.5555555555555556,0.468051,6,6,1,0.160142,0.283949,0.283949,0.283949,1.52359,1.52359
704_VRC01_Concordance|1200432|sample|6|PVO.4|5024,1.66666666666667,0.186123,7,6,1,0.0645392,0.0644431,0.0644431,0.0644431,1.00699,1.00699
704_VRC01_Concordance|1200432|sample|6|PVO.4|5024,5,0.0497215,8,6,1,0.0597781,0.0597768,0.0597768,0.0597768,-0.083215,-0.083215
704_VRC01_Concordance|1200432|sample|7|PVO.4|5024,0.0457247370827617,0.822711,1,7,1,0.691109,0.742259,0.742259,0.742259,0.665799,0.665799
704_VRC01_Concordance|1200432|sample|7|PVO.4|5024,0.1371742112482853,0.758505,2,7,1,0.588995,0.772507,0.772507,0.772507,-0.115877,-0.115877
704_VRC01_Concordance|1200432|sample|7|PVO.4|5024,0.411522633744856,0.445919,3,7,1,0.252421,0.489816,0.489816,0.489816,-0.363282,-0.363282
704_VRC01_Concordance|1200432|sample|7|PVO.4|5024,1.23456790123457,0.173424,4,7,1,0.0727259,0.070931,0.070931,0.070931,0.848212,0.848212
704_VRC01_Concordance|1200432|sample|7|PVO.4|5024,3.7037037037037,0.0308202,5,7,1,0.0708395,0.070838,0.070838,0.070838,-0.331178,-0.331178
704_VRC01_Concordance|1200432|sample|7|PVO.4|5024,11.1111111111111,0.00402709,6,7,1,0.0680515,0.06805,0.06805,0.06805,-0.529838,-0.529838
704_VRC01_Concordance|1200432|sample|7|PVO.4|5024,33.3333333333333,0.00243574,7,7,1,0.0644445,0.0644431,0.0644431,0.0644431,-0.513158,-0.513158
704_VRC01_Concordance|1200432|sample|7|PVO.4|5024,100,0.00113668,8,7,1,0.0597781,0.0597768,0.0597768,0.0597768,-0.485292,-0.485292
704_VRC01_Concordance|1200432|sample|8|PVO.4|5024,0.0457247370827617,0.796746,1,8,1,0.691109,0.742259,0.742259,0.742259,0.450919,0.450919
704_VRC01_Concordance|1200432|sample|8|PVO.4|5024,0.1371742112482853,0.73569,2,8,1,0.588995,0.772507,0.772507,0.772507,-0.304686,-0.304686
704_VRC01_Concordance|1200432|sample|8|PVO.4|5024,0.411522633744856,0.466265,3,8,1,0.252421,0.489816,0.489816,0.489816,-0.194899,-0.194899
704_VRC01_Concordance|1200432|sample|8|PVO.4|5024,1.23456790123457,0.184954,4,8,1,0.0727259,0.070931,0.070931,0.070931,0.943624,0.943624
704_VRC01_Concordance|1200432|sample|8|PVO.4|5024,3.7037037037037,0.0379325,5,8,1,0.0708395,0.070838,0.070838,0.070838,-0.272317,-0.272317
704_VRC01_Concordance|1200432|sample|8|PVO.4|5024,11.1111111111111,0.00399461,6,8,1,0.0680515,0.06805,0.06805,0.06805,-0.530107,-0.530107
704_VRC01_Concordance|1200432|sample|8|PVO.4|5024,33.3333333333333,0.00168878,7,8,1,0.0644445,0.0644431,0.0644431,0.0644431,-0.51934,-0.51934
704_VRC01_Concordance|1200432|sample|8|PVO.4|5024,100,0,8,8,1,0.0597781,0.0597768,0.0597768,0.0597768,-0.494698,-0.494698
704_VRC01_Concordance|1200432|sample|9|PVO.4|5024,0.002286236854138,0.844113,1,9,1,0.743061,0.74414,0.74414,0.74414,0.827352,0.827352
704_VRC01_Concordance|1200432|sample|9|PVO.4|5024,0.0068587105624142,0.938782,2,9,1,0.797316,0.802211,0.802211,0.802211,1.13022,1.13022
704_VRC01_Concordance|1200432|sample|9|PVO.4|5024,0.0205761316872428,0.856568,3,9,1,0.825411,0.846831,0.846831,0.846831,0.0805799,0.0805799
704_VRC01_Concordance|1200432|sample|9|PVO.4|5024,0.0617283950617284,0.895653,4,9,1,0.790418,0.877177,0.877177,0.877177,0.152899,0.152899
704_VRC01_Concordance|1200432|sample|9|PVO.4|5024,0.1851851851851852,0.785119,5,9,1,0.559924,0.814964,0.814964,0.814964,-0.246991,-0.246991
704_VRC01_Concordance|1200432|sample|9|PVO.4|5024,0.5555555555555556,0.449345,6,9,1,0.160142,0.283949,0.283949,0.283949,1.36878,1.36878
704_VRC01_Concordance|1200432|sample|9|PVO.4|5024,1.66666666666667,0.160499,7,9,1,0.0645392,0.0644431,0.0644431,0.0644431,0.794934,0.794934
704_VRC01_Concordance|1200432|sample|9|PVO.4|5024,5,0.0365685,8,9,1,0.0597781,0.0597768,0.0597768,0.0597768,-0.192066,-0.192066
704_VRC01_Concordance|1200432|vc|1|2|PVO.4|5024,0,0.927366,1,2,1,0.744141,0.744141,0.744141,0.744141,1.51633,1.51633
704_VRC01_Concordance|1200432|vc|2|2|PVO.4|5024,0,0.913369,2,2,1,0.80223,0.80223,0.80223,0.80223,0.919756,0.919756
704_VRC01_Concordance|1200432|vc|3|2|PVO.4|5024,0,1,3,2,1,0.80223,0.80223,0.80223,0.80223,1.63669,1.63669
704_VRC01_Concordance|1200432|vc|4|2|PVO.4|5024,0,0.936054,4,2,1,0.80223,0.80223,0.80223,0.80223,1.10749,1.10749
704_VRC01_Concordance|1200432|vc|5|2|PVO.4|5024,0,0.990712,5,2,1,0.80223,0.80223,0.80223,0.80223,1.55983,1.55983
704_VRC01_Concordance|1200432|vc|6|2|PVO.4|5024,0,0.919832,6,2,1,0.80223,0.80223,0.80223,0.80223,0.973241,0.973241
704_VRC01_Concordance|1200432|vc|7|2|PVO.4|5024,0,0.864589,7,2,1,0.80223,0.80223,0.80223,0.80223,0.516067,0.516067
704_VRC01_Concordance|1200432|vc|8|2|PVO.4|5024,0,0.869461,8,2,1,0.744141,0.744141,0.744141,0.744141,1.03712,1.03712
