id,time,rlu_norm,plate_row,plate_col,virus_cc,popPred_medianCOV,popPred,indivPred_SAEM,indivPred_mode,indWRes_SAEM,indWRes_mode
130_bNAb_Combinations|1313842|cc|1|1|nan|2946,0,0.00107969,1,1,0,nan,nan,0,0,0.604889,0.604889
130_bNAb_Combinations|1313842|cc|2|1|nan|2946,0,0.000918885,2,1,0,nan,nan,0,0,0.514799,0.514799
130_bNAb_Combinations|1313842|cc|3|1|nan|2946,0,0.00110266,3,1,0,nan,nan,0,0,0.617759,0.617759
130_bNAb_Combinations|1313842|cc|4|1|nan|2946,0,0.00133238,4,1,0,nan,nan,0,0,0.746459,0.746459
130_bNAb_Combinations|1313842|cc|5|1|nan|2946,0,0.00153913,5,1,0,nan,nan,0,0,0.862289,0.862289
130_bNAb_Combinations|1313842|cc|6|1|nan|2946,0,0.00149319,6,1,0,nan,nan,0,0,0.836549,0.836549
130_bNAb_Combinations|1313842|cc|7|1|nan|2946,0,0.00149319,7,1,0,nan,nan,0,0,0.836549,0.836549
130_bNAb_Combinations|1313842|cc|8|1|nan|2946,0,0.000826997,8,1,0,nan,nan,0,0,0.463319,0.463319
130_bNAb_Combinations|1313842|sample|10|nan|2946,0.0003648,0.782305,1,10,1,0.826436,0.826446,0.815439,0.817615,-0.418075,-0.444366
130_bNAb_Combinations|1313842|sample|10|nan|2946,0.001824,0.882187,2,10,1,0.954213,0.954218,0.924216,0.925544,-0.469116,-0.483264
130_bNAb_Combinations|1313842|sample|10|nan|2946,0.00912,0.889573,3,10,1,0.987921,0.987923,0.906598,0.906054,-0.193647,-0.187578
130_bNAb_Combinations|1313842|sample|10|nan|2946,0.0456,0.751223,4,10,1,0.987921,0.987923,0.775777,0.773955,-0.325267,-0.30183
130_bNAb_Combinations|1313842|sample|10|nan|2946,0.228,0.542866,5,10,1,0.987921,0.987923,0.503324,0.500683,0.797163,0.85474
130_bNAb_Combinations|1313842|sample|10|nan|2946,1.14,0.150628,6,10,1,0.987921,0.987923,0.160193,0.159164,-0.562493,-0.504892
130_bNAb_Combinations|1313842|sample|10|nan|2946,5.7,0.0141738,7,10,1,0.954213,0.954218,0.0110409,0.0115824,1.1055,0.898133
130_bNAb_Combinations|1313842|sample|10|nan|2946,28.5,0.000252693,8,10,1,0.826436,0.826446,0.0010141,0.00155054,-0.404725,-0.671674
130_bNAb_Combinations|1313842|sample|11|nan|2946,0.0003712,0.787795,1,11,1,0.826436,0.826446,0.820869,0.823127,-0.414614,-0.441727
130_bNAb_Combinations|1313842|sample|11|nan|2946,0.001856,0.899692,2,11,1,0.954213,0.954218,0.940212,0.941679,-0.444734,-0.46013
130_bNAb_Combinations|1313842|sample|11|nan|2946,0.00928,0.943259,3,11,1,0.954213,0.954218,0.913048,0.913652,0.341255,0.334209
130_bNAb_Combinations|1313842|sample|11|nan|2946,0.0464,0.770876,4,11,1,0.954213,0.954218,0.829028,0.827741,-0.721967,-0.707058
130_bNAb_Combinations|1313842|sample|11|nan|2946,0.2319999999999999,0.591682,5,11,1,0.954213,0.954218,0.605908,0.602099,-0.239709,-0.176603
130_bNAb_Combinations|1313842|sample|11|nan|2946,1.16,0.238543,6,11,1,0.954213,0.954218,0.228432,0.225439,0.430466,0.564746
130_bNAb_Combinations|1313842|sample|11|nan|2946,5.8,0.0150238,7,11,1,0.954213,0.954218,0.0156118,0.0155167,-0.179932,-0.151237
130_bNAb_Combinations|1313842|sample|11|nan|2946,29,0,8,11,1,0.826436,0.826446,0.000338319,0.000427215,-0.186188,-0.234023
130_bNAb_Combinations|1313842|sample|12|nan|2946,0.0003712,0.726907,1,12,1,0.826436,0.826446,0.818132,0.820507,-1.14731,-1.17385
130_bNAb_Combinations|1313842|sample|12|nan|2946,0.001856,0.725805,2,12,1,0.826436,0.826446,0.806411,0.808708,-1.02817,-1.05453
130_bNAb_Combinations|1313842|sample|12|nan|2946,0.00928,0.699823,3,12,1,0.826436,0.826446,0.772197,0.774301,-0.963095,-0.988461
130_bNAb_Combinations|1313842|sample|12|nan|2946,0.0464,0.628667,4,12,1,0.826436,0.826446,0.678379,0.68006,-0.750543,-0.774066
130_bNAb_Combinations|1313842|sample|12|nan|2946,0.2319999999999999,0.46638,5,12,1,0.826436,0.826446,0.463561,0.464579,0.0615316,0.0392336
130_bNAb_Combinations|1313842|sample|12|nan|2946,1.16,0.173084,6,12,1,0.826436,0.826446,0.159144,0.159724,0.824584,0.787713
130_bNAb_Combinations|1313842|sample|12|nan|2946,5.8,0.0100848,7,12,1,0.826436,0.826446,0.0110503,0.0116121,-0.340598,-0.528833
130_bNAb_Combinations|1313842|sample|12|nan|2946,29,0.00119455,8,12,1,0.826436,0.826446,0.000262464,0.000820057,0.515001,0.201033
130_bNAb_Combinations|1313842|sample|3|nan|2946,0.000064,0.866394,1,3,1,0.826436,0.826446,0.822288,0.82483,0.551974,0.518587
130_bNAb_Combinations|1313842|sample|3|nan|2946,0.00032,0.944316,2,3,1,0.954213,0.954218,0.946885,0.949202,-0.0280021,-0.0531322
130_bNAb_Combinations|1313842|sample|3|nan|2946,0.0016,0.961051,3,3,1,0.987921,0.987923,0.97232,0.974,-0.119682,-0.137291
130_bNAb_Combinations|1313842|sample|3|nan|2946,0.008,0.986159,4,3,1,0.987921,0.987923,0.948314,0.950917,0.411899,0.382536
130_bNAb_Combinations|1313842|sample|3|nan|2946,0.04,0.882578,5,3,1,0.987921,0.987923,0.8875,0.89178,-0.0571707,-0.106377
130_bNAb_Combinations|1313842|sample|3|nan|2946,0.2,0.77709,6,3,1,0.987921,0.987923,0.746049,0.752393,0.427186,0.33709
130_bNAb_Combinations|1313842|sample|3|nan|2946,1,0.473111,7,3,1,0.954213,0.954218,0.4639,0.470201,0.200853,0.0626425
130_bNAb_Combinations|1313842|sample|3|nan|2946,5,0.151731,8,3,1,0.826436,0.826446,0.150317,0.150699,0.0879927,0.064099
130_bNAb_Combinations|1313842|sample|4|nan|2946,0.000064,0.844789,1,4,1,0.826436,0.826446,0.822594,0.824076,0.27766,0.258669
130_bNAb_Combinations|1313842|sample|4|nan|2946,0.00032,0.96429,2,4,1,0.954213,0.954218,0.947706,0.947189,0.180608,0.186342
130_bNAb_Combinations|1313842|sample|4|nan|2946,0.0016,0.942363,3,4,1,0.987921,0.987923,0.974233,0.969306,-0.337818,-0.28701
130_bNAb_Combinations|1313842|sample|4|nan|2946,0.008,0.926512,4,4,1,0.996814,0.996814,0.96149,0.949259,-0.375577,-0.247334
130_bNAb_Combinations|1313842|sample|4|nan|2946,0.04,0.878374,5,4,1,0.996814,0.996814,0.903746,0.879558,-0.289482,-0.0138729
130_bNAb_Combinations|1313842|sample|4|nan|2946,0.2,0.73798,6,4,1,0.987921,0.987923,0.756976,0.719286,-0.25774,0.266588
130_bNAb_Combinations|1313842|sample|4|nan|2946,1,0.443512,7,4,1,0.954213,0.954218,0.468431,0.435826,-0.538361,0.177952
130_bNAb_Combinations|1313842|sample|4|nan|2946,5,0.140934,8,4,1,0.826436,0.826446,0.134743,0.140208,0.424463,0.048083
130_bNAb_Combinations|1313842|sample|5|nan|2946,0.0006144,0.829983,1,5,1,0.826436,0.826446,0.812995,0.813849,0.214975,0.203955
130_bNAb_Combinations|1313842|sample|5|nan|2946,0.003072,0.89357,2,5,1,0.954213,0.954218,0.920816,0.919049,-0.305217,-0.285961
130_bNAb_Combinations|1313842|sample|5|nan|2946,0.01536,0.91946,3,5,1,0.987921,0.987923,0.908139,0.901477,0.128555,0.205682
130_bNAb_Combinations|1313842|sample|5|nan|2946,0.0768,0.844513,4,5,1,0.996814,0.996814,0.81134,0.798531,0.42062,0.592177
130_bNAb_Combinations|1313842|sample|5|nan|2946,0.384,0.634686,5,5,1,0.996814,0.996814,0.605255,0.587964,0.496415,0.810516
130_bNAb_Combinations|1313842|sample|5|nan|2946,1.92,0.273162,6,5,1,0.987921,0.987923,0.312195,0.299001,-1.24133,-0.85585
130_bNAb_Combinations|1313842|sample|5|nan|2946,9.6,0.101927,7,5,1,0.954213,0.954218,0.10236,0.0983894,-0.0375931,0.317809
130_bNAb_Combinations|1313842|sample|5|nan|2946,48,0.049482,8,5,1,0.826436,0.826446,0.0505619,0.049149,-0.163906,0.0515971
130_bNAb_Combinations|1313842|sample|6|nan|2946,0.0006144,0.807137,1,6,1,0.826436,0.826446,0.818328,0.820044,-0.140704,-0.161958
130_bNAb_Combinations|1313842|sample|6|nan|2946,0.003072,0.913073,2,6,1,0.954213,0.954218,0.93433,0.934475,-0.234749,-0.236314
130_bNAb_Combinations|1313842|sample|6|nan|2946,0.01536,0.905757,3,6,1,0.987921,0.987923,0.93718,0.934018,-0.345985,-0.312208
130_bNAb_Combinations|1313842|sample|6|nan|2946,0.0768,0.884312,4,6,1,0.996814,0.996814,0.865517,0.85813,0.223723,0.314267
130_bNAb_Combinations|1313842|sample|6|nan|2946,0.384,0.63016,5,6,1,0.996814,0.996814,0.682733,0.672025,-0.788809,-0.637883
130_bNAb_Combinations|1313842|sample|6|nan|2946,1.92,0.318692,6,6,1,0.987921,0.987923,0.372231,0.365989,-1.4412,-1.29381
130_bNAb_Combinations|1313842|sample|6|nan|2946,9.6,0.14291,7,6,1,0.954213,0.954218,0.109783,0.114798,2.71204,2.21503
130_bNAb_Combinations|1313842|sample|6|nan|2946,48,0.0423376,8,6,1,0.826436,0.826446,0.0440297,0.0512546,-0.283528,-1.34001
130_bNAb_Combinations|1313842|sample|7|nan|2946,0.0000768,0.796949,1,7,1,0.826436,0.826446,0.822356,0.824625,-0.317932,-0.345394
130_bNAb_Combinations|1313842|sample|7|nan|2946,0.000384,1,2,7,1,0.954213,0.954218,0.946269,0.947792,0.586034,0.568529
130_bNAb_Combinations|1313842|sample|7|nan|2946,0.00192,0.911982,3,7,1,0.987921,0.987923,0.968016,0.967688,-0.597686,-0.594387
130_bNAb_Combinations|1313842|sample|7|nan|2946,0.0096,0.8727,4,7,1,0.996814,0.996814,0.938268,0.93568,-0.72112,-0.694539
130_bNAb_Combinations|1313842|sample|7|nan|2946,0.048,0.846259,5,7,1,0.996814,0.996814,0.827757,0.822062,0.230045,0.3029
130_bNAb_Combinations|1313842|sample|7|nan|2946,0.24,0.530266,6,7,1,0.987921,0.987923,0.561051,0.553346,-0.558838,-0.424621
130_bNAb_Combinations|1313842|sample|7|nan|2946,1.2,0.187832,7,7,1,0.954213,0.954218,0.18091,0.178109,0.364853,0.519739
130_bNAb_Combinations|1313842|sample|7|nan|2946,6,0.0118536,8,7,1,0.826436,0.826446,0.0101467,0.0119258,0.620926,-0.0247292
130_bNAb_Combinations|1313842|sample|8|nan|2946,0.0000768,0.807666,1,8,1,0.826436,0.826446,0.821799,0.824067,-0.176971,-0.204825
130_bNAb_Combinations|1313842|sample|8|nan|2946,0.000384,0.9013,2,8,1,0.954213,0.954218,0.944583,0.946122,-0.472908,-0.488941
130_bNAb_Combinations|1313842|sample|8|nan|2946,0.00192,0.96043,3,8,1,0.987921,0.987923,0.963599,0.963362,-0.0339438,-0.0314151
130_bNAb_Combinations|1313842|sample|8|nan|2946,0.0096,0.907296,4,8,1,0.996814,0.996814,0.927723,0.925469,-0.227163,-0.202576
130_bNAb_Combinations|1313842|sample|8|nan|2946,0.048,0.786233,5,8,1,0.996814,0.996814,0.806316,0.801549,-0.256198,-0.196523
130_bNAb_Combinations|1313842|sample|8|nan|2946,0.24,0.560359,6,8,1,0.987921,0.987923,0.531674,0.525572,0.548502,0.672653
130_bNAb_Combinations|1313842|sample|8|nan|2946,1.2,0.163389,7,8,1,0.954213,0.954218,0.167874,0.165526,-0.252874,-0.122041
130_bNAb_Combinations|1313842|sample|8|nan|2946,6,0.0142427,8,8,1,0.826436,0.826446,0.0131943,0.0139911,0.345067,0.080804
130_bNAb_Combinations|1313842|sample|9|nan|2946,0.0003648,0.848418,1,9,1,0.826436,0.826446,0.816748,0.818221,0.398969,0.379739
130_bNAb_Combinations|1313842|sample|9|nan|2946,0.001824,0.929671,2,9,1,0.954213,0.954218,0.927849,0.927203,0.0202591,0.0274607
130_bNAb_Combinations|1313842|sample|9|nan|2946,0.00912,0.902196,3,9,1,0.987921,0.987923,0.915033,0.909837,-0.144698,-0.0866054
130_bNAb_Combinations|1313842|sample|9|nan|2946,0.0456,0.850118,4,9,1,0.996814,0.996814,0.799525,0.788068,0.650775,0.80947
130_bNAb_Combinations|1313842|sample|9|nan|2946,0.228,0.545806,5,9,1,0.996814,0.996814,0.5295,0.514174,0.313041,0.62473
130_bNAb_Combinations|1313842|sample|9|nan|2946,1.14,0.154396,6,9,1,0.987921,0.987923,0.170675,0.162999,-0.904386,-0.498141
130_bNAb_Combinations|1313842|sample|9|nan|2946,5.7,0.0108658,7,9,1,0.954213,0.954218,0.0109022,0.0107684,-0.0128836,0.0347081
130_bNAb_Combinations|1313842|sample|9|nan|2946,28.5,0.000413498,8,9,1,0.826436,0.826446,0.000369879,0.000614814,0.0239655,-0.109212
130_bNAb_Combinations|1313842|vc|1|2|nan|2946,0,0.842836,1,2,1,nan,nan,0.824024,0.835195,0.234942,0.0941777
130_bNAb_Combinations|1313842|vc|2|2|nan|2946,0,0.947647,2,2,1,nan,nan,0.95223,0.954218,-0.0496847,-0.0710939
130_bNAb_Combinations|1313842|vc|3|2|nan|2946,0,0.949806,3,2,1,nan,nan,0.95223,0.941219,-0.0262772,0.0941458
130_bNAb_Combinations|1313842|vc|4|2|nan|2946,0,0.93376,4,2,1,nan,nan,0.95223,0.92525,-0.200215,0.0948817
130_bNAb_Combinations|1313842|vc|5|2|nan|2946,0,0.949576,5,2,1,nan,nan,0.95223,0.941026,-0.0287674,0.0937672
130_bNAb_Combinations|1313842|vc|6|2|nan|2946,0,0.978843,6,2,1,nan,nan,0.95223,0.969995,0.288479,0.0941837
130_bNAb_Combinations|1313842|vc|7|2|nan|2946,0,0.900864,7,2,1,nan,nan,0.95223,0.892716,-0.556806,0.0940833
130_bNAb_Combinations|1313842|vc|8|2|nan|2946,0,0.690864,8,2,1,nan,nan,0.824024,0.684587,-1.66302,0.0939352
130_bNAb_Combinations|1313860|cc|1|1|PVO.4|5024,0,0.000722109,1,1,0,nan,nan,0,0,0.404556,0.404556
130_bNAb_Combinations|1313860|cc|2|1|PVO.4|5024,0,0.000902636,2,1,0,nan,nan,0,0,0.505695,0.505695
130_bNAb_Combinations|1313860|cc|3|1|PVO.4|5024,0,0.0011634,3,1,0,nan,nan,0,0,0.651785,0.651785
130_bNAb_Combinations|1313860|cc|4|1|PVO.4|5024,0,0.00162474,4,1,0,nan,nan,0,0,0.910252,0.910252
130_bNAb_Combinations|1313860|cc|5|1|PVO.4|5024,0,0.00138404,5,1,0,nan,nan,0,0,0.7754,0.7754
130_bNAb_Combinations|1313860|cc|6|1|PVO.4|5024,0,0.0016448,6,1,0,nan,nan,0,0,0.921489,0.921489
130_bNAb_Combinations|1313860|cc|7|1|PVO.4|5024,0,0.00178521,7,1,0,nan,nan,0,0,1.00015,1.00015
130_bNAb_Combinations|1313860|cc|8|1|PVO.4|5024,0,0.00148433,8,1,0,nan,nan,0,0,0.831588,0.831588
130_bNAb_Combinations|1313860|sample|10|PVO.4|5024,0.0003648,0.940566,1,10,1,0.826436,0.916979,0.901601,0.90426,0.445611,0.414008
130_bNAb_Combinations|1313860|sample|10|PVO.4|5024,0.001824,0.927278,2,10,1,0.954213,0.978099,0.940847,0.936928,-0.148832,-0.106286
130_bNAb_Combinations|1313860|sample|10|PVO.4|5024,0.00912,0.889708,3,10,1,0.987921,0.994222,0.883987,0.871316,0.0667063,0.217488
130_bNAb_Combinations|1313860|sample|10|PVO.4|5024,0.0456,0.686274,4,10,1,0.987921,0.994222,0.688305,0.665916,-0.0302326,0.312959
130_bNAb_Combinations|1313860|sample|10|PVO.4|5024,0.228,0.317477,5,10,1,0.987921,0.994222,0.324084,0.304894,-0.20284,0.409201
130_bNAb_Combinations|1313860|sample|10|PVO.4|5024,1.14,0.0365267,6,10,1,0.987921,0.994222,0.0421703,0.0394593,-0.9745,-0.529959
130_bNAb_Combinations|1313860|sample|10|PVO.4|5024,5.7,0.000641874,7,10,1,0.954213,0.978099,0.000975387,0.000879243,-0.177627,-0.127039
130_bNAb_Combinations|1313860|sample|10|PVO.4|5024,28.5,0.000441289,8,10,1,0.826436,0.916979,0.000484033,0.000375146,-0.0233456,0.0363302
130_bNAb_Combinations|1313860|sample|11|PVO.4|5024,0.0003712,0.89049,1,11,1,0.826436,0.916979,0.90394,0.908347,-0.153423,-0.202729
130_bNAb_Combinations|1313860|sample|11|PVO.4|5024,0.001856,0.925934,2,11,1,0.954213,0.978099,0.945685,0.946277,-0.215556,-0.221882
130_bNAb_Combinations|1313860|sample|11|PVO.4|5024,0.00928,0.859359,3,11,1,0.954213,0.978099,0.87306,0.871493,-0.161703,-0.143461
130_bNAb_Combinations|1313860|sample|11|PVO.4|5024,0.0464,0.674941,4,11,1,0.954213,0.978099,0.660883,0.655929,0.217707,0.296582
130_bNAb_Combinations|1313860|sample|11|PVO.4|5024,0.2319999999999999,0.244805,5,11,1,0.954213,0.978099,0.258414,0.25408,-0.516763,-0.357776
130_bNAb_Combinations|1313860|sample|11|PVO.4|5024,1.16,0.0178521,6,11,1,0.954213,0.978099,0.0149056,0.0151388,0.920485,0.841801
130_bNAb_Combinations|1313860|sample|11|PVO.4|5024,5.8,0.00070205,7,11,1,0.954213,0.978099,0.000325879,0.000911209,0.207154,-0.111759
130_bNAb_Combinations|1313860|sample|11|PVO.4|5024,29,0.000160469,8,11,1,0.826436,0.916979,0.000291526,0.000841045,-0.0723022,-0.364951
130_bNAb_Combinations|1313860|sample|12|PVO.4|5024,0.0003712,0.939283,1,12,1,0.826436,0.916979,0.902315,0.907111,0.422446,0.365735
130_bNAb_Combinations|1313860|sample|12|PVO.4|5024,0.001856,0.916777,2,12,1,0.826436,0.916979,0.879089,0.883698,0.44181,0.385797
130_bNAb_Combinations|1313860|sample|12|PVO.4|5024,0.00928,0.891313,3,12,1,0.826436,0.916979,0.804345,0.808414,1.11209,1.05484
130_bNAb_Combinations|1313860|sample|12|PVO.4|5024,0.0464,0.651633,4,12,1,0.826436,0.916979,0.596058,0.598835,0.951408,0.899794
130_bNAb_Combinations|1313860|sample|12|PVO.4|5024,0.2319999999999999,0.224295,5,12,1,0.826436,0.916979,0.224289,0.225248,0.000264042,-0.041125
130_bNAb_Combinations|1313860|sample|12|PVO.4|5024,1.16,0.00968829,6,12,1,0.826436,0.916979,0.0125618,0.012759,-0.964778,-1.02455
130_bNAb_Combinations|1313860|sample|12|PVO.4|5024,5.8,0.000661933,7,12,1,0.826436,0.916979,0.000116048,0.000273052,0.303951,0.214747
130_bNAb_Combinations|1313860|sample|12|PVO.4|5024,29,0,8,12,1,0.826436,0.916979,0.000102403,0.000259322,-0.0570596,-0.143305
130_bNAb_Combinations|1313860|sample|3|PVO.4|5024,0.000064,0.942953,1,3,1,0.826436,0.916979,0.91114,0.916081,0.360091,0.302559
130_bNAb_Combinations|1313860|sample|3|PVO.4|5024,0.00032,0.869078,2,3,1,0.954213,0.978099,0.97304,0.975171,-1.10329,-1.1235
130_bNAb_Combinations|1313860|sample|3|PVO.4|5024,0.0016,0.85281,3,3,1,0.987921,0.994222,0.98399,0.985148,-1.37694,-1.3875
130_bNAb_Combinations|1313860|sample|3|PVO.4|5024,0.008,0.886438,4,3,1,0.987921,0.994222,0.964899,0.966745,-0.839553,-0.857699
130_bNAb_Combinations|1313860|sample|3|PVO.4|5024,0.04,0.784701,5,3,1,0.987921,0.994222,0.90936,0.912708,-1.4137,-1.44646
130_bNAb_Combinations|1313860|sample|3|PVO.4|5024,0.2,0.757893,6,3,1,0.987921,0.994222,0.760848,0.766594,-0.0399003,-0.116616
130_bNAb_Combinations|1313860|sample|3|PVO.4|5024,1,0.495868,7,3,1,0.954213,0.978099,0.441522,0.448338,1.24272,1.07098
130_bNAb_Combinations|1313860|sample|3|PVO.4|5024,5,0.0938942,8,3,1,0.826436,0.916979,0.0956977,0.0970648,-0.165817,-0.288068
130_bNAb_Combinations|1313860|sample|4|PVO.4|5024,0.000064,0.963754,1,4,1,0.826436,0.916979,0.911097,0.916097,0.596044,0.536564
130_bNAb_Combinations|1313860|sample|4|PVO.4|5024,0.00032,0.848879,2,4,1,0.954213,0.978099,0.972921,0.975218,-1.31655,-1.33784
130_bNAb_Combinations|1313860|sample|4|PVO.4|5024,0.0016,0.847455,3,4,1,0.987921,0.994222,0.983686,0.98528,-1.4304,-1.44484
130_bNAb_Combinations|1313860|sample|4|PVO.4|5024,0.008,0.867142,4,4,1,0.996814,0.998476,0.968754,0.971233,-1.08304,-1.10668
130_bNAb_Combinations|1313860|sample|4|PVO.4|5024,0.04,0.805653,5,4,1,0.996814,0.998476,0.912133,0.917499,-1.20396,-1.25738
130_bNAb_Combinations|1313860|sample|4|PVO.4|5024,0.2,0.707095,6,4,1,0.987921,0.994222,0.758432,0.768558,-0.69525,-0.821685
130_bNAb_Combinations|1313860|sample|4|PVO.4|5024,1,0.503972,7,4,1,0.954213,0.978099,0.440758,0.451573,1.44788,1.17257
130_bNAb_Combinations|1313860|sample|4|PVO.4|5024,5,0.0983672,8,4,1,0.826436,0.916979,0.100848,0.100243,-0.218262,-0.165881
130_bNAb_Combinations|1313860|sample|5|PVO.4|5024,0.0006144,0.899286,1,5,1,0.826436,0.916979,0.908594,0.91302,-0.105647,-0.155144
130_bNAb_Combinations|1313860|sample|5|PVO.4|5024,0.003072,0.907339,2,5,1,0.954213,0.978099,0.964396,0.96509,-0.61084,-0.617829
130_bNAb_Combinations|1313860|sample|5|PVO.4|5024,0.01536,0.855779,3,5,1,0.987921,0.994222,0.95643,0.953899,-1.08635,-1.06178
130_bNAb_Combinations|1313860|sample|5|PVO.4|5024,0.0768,0.837576,4,5,1,0.996814,0.998476,0.885878,0.878723,-0.561998,-0.482566
130_bNAb_Combinations|1313860|sample|5|PVO.4|5024,0.384,0.66436,5,5,1,0.996814,0.998476,0.687794,0.674906,-0.349097,-0.160022
130_bNAb_Combinations|1313860|sample|5|PVO.4|5024,1.92,0.280479,6,5,1,0.987921,0.994222,0.317672,0.306587,-1.16353,-0.844585
130_bNAb_Combinations|1313860|sample|5|PVO.4|5024,9.6,0.0437879,7,5,1,0.954213,0.978099,0.0367838,0.0367434,1.32662,1.33525
130_bNAb_Combinations|1313860|sample|5|PVO.4|5024,48,0.00302884,8,5,1,0.826436,0.916979,0.00229687,0.00415219,0.365412,-0.515435
130_bNAb_Combinations|1313860|sample|6|PVO.4|5024,0.0006144,0.902947,1,6,1,0.826436,0.916979,0.907206,0.911574,-0.0484175,-0.0976026
130_bNAb_Combinations|1313860|sample|6|PVO.4|5024,0.003072,1,2,6,1,0.954213,0.978099,0.960504,0.961108,0.424515,0.417766
130_bNAb_Combinations|1313860|sample|6|PVO.4|5024,0.01536,0.888003,3,6,1,0.987921,0.994222,0.946523,0.943943,-0.638105,-0.6116
130_bNAb_Combinations|1313860|sample|6|PVO.4|5024,0.0768,0.842731,4,6,1,0.996814,0.998476,0.863375,0.856544,-0.246317,-0.166099
130_bNAb_Combinations|1313860|sample|6|PVO.4|5024,0.384,0.660529,5,6,1,0.996814,0.998476,0.648134,0.636732,0.195628,0.382105
130_bNAb_Combinations|1313860|sample|6|PVO.4|5024,1.92,0.278232,6,6,1,0.987921,0.994222,0.281555,0.272632,-0.116458,0.20227
130_bNAb_Combinations|1313860|sample|6|PVO.4|5024,9.6,0.029446,7,6,1,0.954213,0.978099,0.0298741,0.0296475,-0.092593,-0.043787
130_bNAb_Combinations|1313860|sample|6|PVO.4|5024,48,0.00204597,8,6,1,0.826436,0.916979,0.000809345,0.00192558,0.664201,0.0611793
130_bNAb_Combinations|1313860|sample|7|PVO.4|5024,0.0000768,0.964978,1,7,1,0.826436,0.916979,0.908355,0.91248,0.642826,0.593356
130_bNAb_Combinations|1313860|sample|7|PVO.4|5024,0.000384,0.899587,2,7,1,0.954213,0.978099,0.963607,0.963485,-0.68594,-0.684716
130_bNAb_Combinations|1313860|sample|7|PVO.4|5024,0.00192,0.93161,3,7,1,0.987921,0.994222,0.954011,0.949504,-0.24238,-0.194515
130_bNAb_Combinations|1313860|sample|7|PVO.4|5024,0.0096,0.845689,4,7,1,0.996814,0.998476,0.879136,0.86787,-0.392076,-0.263315
130_bNAb_Combinations|1313860|sample|7|PVO.4|5024,0.048,0.647902,5,7,1,0.996814,0.998476,0.673322,0.654425,-0.386598,-0.101984
130_bNAb_Combinations|1313860|sample|7|PVO.4|5024,0.24,0.298712,6,7,1,0.987921,0.994222,0.303995,0.289327,-0.172263,0.320617
130_bNAb_Combinations|1313860|sample|7|PVO.4|5024,1.2,0.0363862,7,7,1,0.954213,0.978099,0.0364066,0.0353344,-0.00388516,0.20457
130_bNAb_Combinations|1313860|sample|7|PVO.4|5024,6,0.00108316,8,7,1,0.826436,0.916979,0.000620952,0.00133257,0.250666,-0.130476
130_bNAb_Combinations|1313860|sample|8|PVO.4|5024,0.0000768,0.950786,1,8,1,0.826436,0.916979,0.907209,0.9121,0.495341,0.437438
130_bNAb_Combinations|1313860|sample|8|PVO.4|5024,0.000384,0.92461,2,8,1,0.954213,0.978099,0.960427,0.962446,-0.385001,-0.405867
130_bNAb_Combinations|1313860|sample|8|PVO.4|5024,0.00192,0.843312,3,8,1,0.987921,0.994222,0.94606,0.946945,-1.12089,-1.12951
130_bNAb_Combinations|1313860|sample|8|PVO.4|5024,0.0096,0.847094,4,8,1,0.996814,0.998476,0.861656,0.862336,-0.174092,-0.182079
130_bNAb_Combinations|1313860|sample|8|PVO.4|5024,0.048,0.634433,5,8,1,0.996814,0.998476,0.64453,0.645485,-0.160227,-0.175138
130_bNAb_Combinations|1313860|sample|8|PVO.4|5024,0.24,0.29454,6,8,1,0.987921,0.994222,0.281535,0.282478,0.45582,0.421428
130_bNAb_Combinations|1313860|sample|8|PVO.4|5024,1.2,0.0356641,7,8,1,0.954213,0.978099,0.0341444,0.0345618,0.302215,0.217494
130_bNAb_Combinations|1313860|sample|8|PVO.4|5024,6,0.00112328,8,8,1,0.826436,0.916979,0.00109572,0.00137922,0.0145872,-0.13358
130_bNAb_Combinations|1313860|sample|9|PVO.4|5024,0.0003648,0.996159,1,9,1,0.826436,0.916979,0.898485,0.903223,1.12081,1.06096
130_bNAb_Combinations|1313860|sample|9|PVO.4|5024,0.001824,0.900911,2,9,1,0.954213,0.978099,0.932537,0.934223,-0.349924,-0.367928
130_bNAb_Combinations|1313860|sample|9|PVO.4|5024,0.00912,0.872167,3,9,1,0.987921,0.994222,0.865112,0.865319,0.084005,0.081526
130_bNAb_Combinations|1313860|sample|9|PVO.4|5024,0.0456,0.672464,4,9,1,0.996814,0.998476,0.659279,0.658817,0.204663,0.211979
130_bNAb_Combinations|1313860|sample|9|PVO.4|5024,0.228,0.315531,5,9,1,0.996814,0.998476,0.298492,0.298227,0.565292,0.57455
130_bNAb_Combinations|1313860|sample|9|PVO.4|5024,1.14,0.0348417,6,9,1,0.987921,0.994222,0.0382689,0.0385711,-0.632231,-0.684363
130_bNAb_Combinations|1313860|sample|9|PVO.4|5024,5.7,0.0010631,7,9,1,0.954213,0.978099,0.000708507,0.00107137,0.191441,-0.0043798
130_bNAb_Combinations|1313860|sample|9|PVO.4|5024,28.5,0.000762226,8,9,1,0.826436,0.916979,0.000207425,0.000546933,0.307429,0.117205
130_bNAb_Combinations|1313860|vc|1|2|PVO.4|5024,0,0.954858,1,2,1,nan,nan,0.912095,0.946222,0.483539,0.0941999
130_bNAb_Combinations|1313860|vc|2|2|PVO.4|5024,0,0.902094,2,2,1,nan,nan,0.976136,0.893938,-0.783325,0.0940549
130_bNAb_Combinations|1313860|vc|3|2|PVO.4|5024,0,0.86299,3,2,1,nan,nan,0.976136,0.855185,-1.19703,0.0940019
130_bNAb_Combinations|1313860|vc|4|2|PVO.4|5024,0,0.843613,4,2,1,nan,nan,0.976136,0.835982,-1.40202,0.0939751
130_bNAb_Combinations|1313860|vc|5|2|PVO.4|5024,0,0.869359,5,2,1,nan,nan,0.976136,0.861496,-1.12965,0.0940109
130_bNAb_Combinations|1313860|vc|6|2|PVO.4|5024,0,0.81162,6,2,1,nan,nan,0.976136,0.804275,-1.74049,0.0939277
130_bNAb_Combinations|1313860|vc|7|2|PVO.4|5024,0,0.761714,7,2,1,nan,nan,0.976136,0.754738,-2.26847,0.0949259
130_bNAb_Combinations|1313860|vc|8|2|PVO.4|5024,0,0.747362,8,2,1,nan,nan,0.912095,0.740557,-1.86268,0.0943303
130_bNAb_Combinations|1313884|cc|1|1|nan|4168,0,0.000363452,1,1,0,nan,nan,0,0,0.203621,0.203621
130_bNAb_Combinations|1313884|cc|2|1|nan|4168,0,0.000879936,2,1,0,nan,nan,0,0,0.492978,0.492978
130_bNAb_Combinations|1313884|cc|3|1|nan|4168,0,0.000248678,3,1,0,nan,nan,0,0,0.13932,0.13932
130_bNAb_Combinations|1313884|cc|4|1|nan|4168,0,5.73872e-05,4,1,0,nan,nan,0,0,0.0321508,0.0321508
130_bNAb_Combinations|1313884|cc|5|1|nan|4168,0,0,5,1,0,nan,nan,0,0,0,0
130_bNAb_Combinations|1313884|cc|6|1|nan|4168,0,0.000325194,6,1,0,nan,nan,0,0,0.182188,0.182188
130_bNAb_Combinations|1313884|cc|7|1|nan|4168,0,0.000554743,7,1,0,nan,nan,0,0,0.310791,0.310791
130_bNAb_Combinations|1313884|cc|8|1|nan|4168,0,0.000248678,8,1,0,nan,nan,0,0,0.13932,0.13932
130_bNAb_Combinations|1313884|sample|10|nan|4168,0.0003648,0.774009,1,10,1,0.826436,0.847089,0.765325,0.764487,0.116582,0.127966
130_bNAb_Combinations|1313884|sample|10|nan|4168,0.001824,0.732346,2,10,1,0.954213,0.959662,0.788948,0.781482,-0.737592,-0.646273
130_bNAb_Combinations|1313884|sample|10|nan|4168,0.00912,0.69975,3,10,1,0.987921,0.989359,0.671313,0.658978,0.433741,0.633204
130_bNAb_Combinations|1313884|sample|10|nan|4168,0.0456,0.452067,4,10,1,0.987921,0.989359,0.464698,0.452048,-0.274981,0.000443478
130_bNAb_Combinations|1313884|sample|10|nan|4168,0.228,0.221036,5,10,1,0.987921,0.989359,0.248519,0.240232,-1.0822,-0.780059
130_bNAb_Combinations|1313884|sample|10|nan|4168,1.14,0.135271,6,10,1,0.987921,0.989359,0.117327,0.113854,1.38758,1.69956
130_bNAb_Combinations|1313884|sample|10|nan|4168,5.7,0.0867311,7,10,1,0.954213,0.959662,0.0798766,0.0779415,0.731259,0.956463
130_bNAb_Combinations|1313884|sample|10|nan|4168,28.5,0.0454124,8,10,1,0.826436,0.847089,0.0676297,0.0661852,-2.70609,-2.57316
130_bNAb_Combinations|1313884|sample|11|nan|4168,0.0003712,0.771905,1,11,1,0.826436,0.847089,0.809537,0.808179,-0.4782,-0.461704
130_bNAb_Combinations|1313884|sample|11|nan|4168,0.001856,0.762522,2,11,1,0.954213,0.959662,0.872301,0.86143,-1.29673,-1.18275
130_bNAb_Combinations|1313884|sample|11|nan|4168,0.00928,0.738841,3,11,1,0.954213,0.959662,0.769252,0.749692,-0.406206,-0.148632
130_bNAb_Combinations|1313884|sample|11|nan|4168,0.0464,0.560166,4,11,1,0.954213,0.959662,0.57481,0.548689,-0.259672,0.21287
130_bNAb_Combinations|1313884|sample|11|nan|4168,0.2319999999999999,0.294645,5,11,1,0.954213,0.959662,0.298561,0.278307,-0.129904,0.578843
130_bNAb_Combinations|1313884|sample|11|nan|4168,1.16,0.069228,6,11,1,0.954213,0.959662,0.0760389,0.0713066,-0.756006,-0.242833
130_bNAb_Combinations|1313884|sample|11|nan|4168,5.8,0.0138494,7,11,1,0.954213,0.959662,0.00891076,0.0101393,1.87675,1.35
130_bNAb_Combinations|1313884|sample|11|nan|4168,29,0.00181726,8,11,1,0.826436,0.847089,0.00361732,0.00489797,-0.845655,-1.36904
130_bNAb_Combinations|1313884|sample|12|nan|4168,0.0003712,0.813233,1,12,1,0.826436,0.847089,0.798804,0.808173,0.185769,0.0644086
130_bNAb_Combinations|1313884|sample|12|nan|4168,0.001856,0.742858,2,12,1,0.826436,0.847089,0.747748,0.760362,-0.0671524,-0.236465
130_bNAb_Combinations|1313884|sample|12|nan|4168,0.00928,0.718258,3,12,1,0.826436,0.847089,0.644999,0.661697,1.16167,0.874888
130_bNAb_Combinations|1313884|sample|12|nan|4168,0.0464,0.538636,4,12,1,0.826436,0.847089,0.465554,0.484195,1.58821,1.13927
130_bNAb_Combinations|1313884|sample|12|nan|4168,0.2319999999999999,0.244077,5,12,1,0.826436,0.847089,0.23211,0.245401,0.502069,-0.0527629
130_bNAb_Combinations|1313884|sample|12|nan|4168,1.16,0.0551873,6,12,1,0.826436,0.847089,0.0587447,0.0625684,-0.482949,-0.954954
130_bNAb_Combinations|1313884|sample|12|nan|4168,5.8,0.00767075,7,12,1,0.826436,0.847089,0.00809741,0.00854045,-0.16704,-0.334974
130_bNAb_Combinations|1313884|sample|12|nan|4168,29,0.00585349,8,12,1,0.826436,0.847089,0.00417782,0.00448616,0.768003,0.61838
130_bNAb_Combinations|1313884|sample|3|nan|4168,0.000064,0.896254,1,3,1,0.826436,0.847089,0.841011,0.84615,0.67629,0.609735
130_bNAb_Combinations|1313884|sample|3|nan|4168,0.00032,0.883198,2,3,1,0.954213,0.959662,0.954332,0.956845,-0.769424,-0.794551
130_bNAb_Combinations|1313884|sample|3|nan|4168,0.0016,0.945425,3,3,1,0.987921,0.989359,0.980829,0.981689,-0.372795,-0.381526
130_bNAb_Combinations|1313884|sample|3|nan|4168,0.008,0.973478,4,3,1,0.987921,0.989359,0.96855,0.96919,0.0525297,0.0456806
130_bNAb_Combinations|1313884|sample|3|nan|4168,0.04,0.977246,5,3,1,0.987921,0.989359,0.936823,0.936928,0.445248,0.44404
130_bNAb_Combinations|1313884|sample|3|nan|4168,0.2,0.815472,6,3,1,0.987921,0.989359,0.858192,0.857073,-0.512738,-0.499945
130_bNAb_Combinations|1313884|sample|3|nan|4168,1,0.719559,7,3,1,0.954213,0.959662,0.661646,0.659284,0.895858,0.935646
130_bNAb_Combinations|1313884|sample|3|nan|4168,5,0.315142,8,3,1,0.826436,0.847089,0.328629,0.324161,-0.408632,-0.276824
130_bNAb_Combinations|1313884|sample|4|nan|4168,0.000064,0.855298,1,4,1,0.826436,0.847089,0.841452,0.846358,0.169426,0.108772
130_bNAb_Combinations|1313884|sample|4|nan|4168,0.00032,0.910725,2,4,1,0.954213,0.959662,0.955554,0.957414,-0.484292,-0.503416
130_bNAb_Combinations|1313884|sample|4|nan|4168,0.0016,0.951039,3,4,1,0.987921,0.989359,0.983854,0.983079,-0.344494,-0.33661
130_bNAb_Combinations|1313884|sample|4|nan|4168,0.008,1,4,4,1,0.996814,0.997193,0.983996,0.980107,0.167985,0.209622
130_bNAb_Combinations|1313884|sample|4|nan|4168,0.04,0.93895,5,4,1,0.996814,0.997193,0.960779,0.951547,-0.234561,-0.136648
130_bNAb_Combinations|1313884|sample|4|nan|4168,0.2,0.839584,6,4,1,0.987921,0.989359,0.890303,0.871659,-0.587243,-0.379153
130_bNAb_Combinations|1313884|sample|4|nan|4168,1,0.743183,7,4,1,0.954213,0.959662,0.712952,0.683338,0.434855,0.897154
130_bNAb_Combinations|1313884|sample|4|nan|4168,5,0.341148,8,4,1,0.826436,0.847089,0.372468,0.348311,-0.842598,-0.205384
130_bNAb_Combinations|1313884|sample|5|nan|4168,0.0006144,0.922661,1,5,1,0.826436,0.847089,0.83854,0.842985,1.03279,0.973176
130_bNAb_Combinations|1313884|sample|5|nan|4168,0.003072,0.913852,2,5,1,0.954213,0.959662,0.946826,0.947556,-0.359432,-0.367108
130_bNAb_Combinations|1313884|sample|5|nan|4168,0.01536,0.961512,3,5,1,0.987921,0.989359,0.960275,0.957091,0.0132973,0.0476903
130_bNAb_Combinations|1313884|sample|5|nan|4168,0.0768,0.95651,4,5,1,0.996814,0.997193,0.92303,0.914593,0.374171,0.472705
130_bNAb_Combinations|1313884|sample|5|nan|4168,0.384,0.877392,5,5,1,0.996814,0.997193,0.812446,0.796676,0.822406,1.04186
130_bNAb_Combinations|1313884|sample|5|nan|4168,1.92,0.606372,6,5,1,0.987921,0.989359,0.577108,0.55608,0.51691,0.920841
130_bNAb_Combinations|1313884|sample|5|nan|4168,9.6,0.20403,7,5,1,0.954213,0.959662,0.242873,0.229727,-1.5625,-1.08836
130_bNAb_Combinations|1313884|sample|5|nan|4168,48,0.0395206,8,5,1,0.826436,0.847089,0.0386083,0.0383027,0.167314,0.224548
130_bNAb_Combinations|1313884|sample|6|nan|4168,0.0006144,0.914177,1,6,1,0.826436,0.847089,0.839212,0.843105,0.919664,0.867967
130_bNAb_Combinations|1313884|sample|6|nan|4168,0.003072,0.90533,2,6,1,0.954213,0.959662,0.948623,0.94787,-0.471041,-0.463205
130_bNAb_Combinations|1313884|sample|6|nan|4168,0.01536,0.984926,3,6,1,0.987921,0.989359,0.9645,0.957818,0.218654,0.292172
130_bNAb_Combinations|1313884|sample|6|nan|4168,0.0768,0.925091,4,6,1,0.996814,0.997193,0.932153,0.916152,-0.0781756,0.100638
130_bNAb_Combinations|1313884|sample|6|nan|4168,0.384,0.830947,5,6,1,0.996814,0.997193,0.829593,0.799645,0.0167954,0.402564
130_bNAb_Combinations|1313884|sample|6|nan|4168,1.92,0.605607,6,6,1,0.987921,0.989359,0.600599,0.560511,0.0851054,0.819372
130_bNAb_Combinations|1313884|sample|6|nan|4168,9.6,0.219678,7,6,1,0.954213,0.959662,0.25667,0.233881,-1.41353,-0.591674
130_bNAb_Combinations|1313884|sample|6|nan|4168,48,0.0417587,8,6,1,0.826436,0.847089,0.0355025,0.0408219,1.21294,0.16542
130_bNAb_Combinations|1313884|sample|7|nan|4168,0.0000768,0.836418,1,7,1,0.826436,0.847089,0.81272,0.819857,0.299986,0.20785
130_bNAb_Combinations|1313884|sample|7|nan|4168,0.000384,0.922776,2,7,1,0.954213,0.959662,0.88841,0.894931,0.398728,0.320764
130_bNAb_Combinations|1313884|sample|7|nan|4168,0.00192,0.897153,3,7,1,0.987921,0.989359,0.845506,0.852875,0.62898,0.53467
130_bNAb_Combinations|1313884|sample|7|nan|4168,0.0096,0.78389,4,7,1,0.996814,0.997193,0.721739,0.730114,0.883401,0.755812
130_bNAb_Combinations|1313884|sample|7|nan|4168,0.048,0.503936,5,7,1,0.996814,0.997193,0.521689,0.527779,-0.345734,-0.459167
130_bNAb_Combinations|1313884|sample|7|nan|4168,0.24,0.280795,6,7,1,0.987921,0.989359,0.297879,0.296081,-0.567845,-0.510971
130_bNAb_Combinations|1313884|sample|7|nan|4168,1.2,0.161478,7,7,1,0.954213,0.959662,0.155273,0.14601,0.375196,0.987951
130_bNAb_Combinations|1313884|sample|7|nan|4168,6,0.0913986,8,7,1,0.826436,0.847089,0.106219,0.0964609,-1.24791,-0.462342
130_bNAb_Combinations|1313884|sample|8|nan|4168,0.0000768,0.913412,1,8,1,0.826436,0.847089,0.818005,0.819348,1.2001,1.18131
130_bNAb_Combinations|1313884|sample|8|nan|4168,0.000384,0.818351,2,8,1,0.954213,0.959662,0.898723,0.893831,-0.922037,-0.870556
130_bNAb_Combinations|1313884|sample|8|nan|4168,0.00192,0.894723,3,8,1,0.987921,0.989359,0.862046,0.850804,0.390488,0.531613
130_bNAb_Combinations|1313884|sample|8|nan|4168,0.0096,0.810594,4,8,1,0.996814,0.997193,0.742864,0.726589,0.936006,1.18626
130_bNAb_Combinations|1313884|sample|8|nan|4168,0.048,0.521984,5,8,1,0.996814,0.997193,0.537763,0.522559,-0.29842,-0.0111812
130_bNAb_Combinations|1313884|sample|8|nan|4168,0.24,0.263512,6,8,1,0.987921,0.989359,0.293385,0.289659,-1.00724,-0.89227
130_bNAb_Combinations|1313884|sample|8|nan|4168,1.2,0.145199,7,8,1,0.954213,0.959662,0.13061,0.139347,1.02783,0.38951
130_bNAb_Combinations|1313884|sample|8|nan|4168,6,0.0915325,8,8,1,0.826436,0.847089,0.0795234,0.0904947,1.28576,0.099963
130_bNAb_Combinations|1313884|sample|9|nan|4168,0.0003648,0.835442,1,9,1,0.826436,0.847089,0.79404,0.787074,0.536139,0.631766
130_bNAb_Combinations|1313884|sample|9|nan|4168,0.001824,0.770136,2,9,1,0.954213,0.959662,0.841556,0.821494,-0.873784,-0.643332
130_bNAb_Combinations|1313884|sample|9|nan|4168,0.00912,0.72326,3,9,1,0.987921,0.989359,0.746936,0.714443,-0.325451,0.12657
130_bNAb_Combinations|1313884|sample|9|nan|4168,0.0456,0.460312,4,9,1,0.996814,0.997193,0.548888,0.512359,-1.64237,-1.03142
130_bNAb_Combinations|1313884|sample|9|nan|4168,0.228,0.270179,5,9,1,0.996814,0.997193,0.299797,0.276549,-0.978574,-0.227039
130_bNAb_Combinations|1313884|sample|9|nan|4168,1.14,0.154668,6,9,1,0.987921,0.989359,0.127369,0.122779,1.966,2.37101
130_bNAb_Combinations|1313884|sample|9|nan|4168,5.7,0.0824654,7,9,1,0.954213,0.959662,0.0785073,0.0796036,0.428194,0.306144
130_bNAb_Combinations|1313884|sample|9|nan|4168,28.5,0.0480713,8,9,1,0.826436,0.847089,0.0660981,0.0674417,-2.2353,-2.36448
130_bNAb_Combinations|1313884|vc|1|2|nan|4168,0,0.9016,1,2,1,nan,nan,0.841926,0.893434,0.729763,0.0942234
130_bNAb_Combinations|1313884|vc|2|2|nan|4168,0,0.943493,2,2,1,nan,nan,0.957087,0.934964,-0.14663,0.0941294
130_bNAb_Combinations|1313884|vc|3|2|nan|4168,0,0.895508,3,2,1,nan,nan,0.957087,0.887409,-0.664197,0.0940702
130_bNAb_Combinations|1313884|vc|4|2|nan|4168,0,0.872534,4,2,1,nan,nan,0.957087,0.864641,-0.911994,0.0940369
130_bNAb_Combinations|1313884|vc|5|2|nan|4168,0,0.872572,5,2,1,nan,nan,0.957087,0.864679,-0.911581,0.0940371
130_bNAb_Combinations|1313884|vc|6|2|nan|4168,0,0.86009,6,2,1,nan,nan,0.957087,0.852309,-1.04621,0.0940224
130_bNAb_Combinations|1313884|vc|7|2|nan|4168,0,0.851932,7,2,1,nan,nan,0.957087,0.844224,-1.13421,0.094
130_bNAb_Combinations|1313884|vc|8|2|nan|4168,0,0.811301,8,2,1,nan,nan,0.841926,0.803946,-0.374509,0.0940989
130_bNAb_Combinations|1313920|cc|1|1|nan|1798,0,0.00106207,1,1,0,nan,nan,0,0,0.595015,0.595015
130_bNAb_Combinations|1313920|cc|2|1|nan|1798,0,0.00146853,2,1,0,nan,nan,0,0,0.822736,0.822736
130_bNAb_Combinations|1313920|cc|3|1|nan|1798,0,0.00173077,3,1,0,nan,nan,0,0,0.969654,0.969654
130_bNAb_Combinations|1313920|cc|4|1|nan|1798,0,0.00124563,4,1,0,nan,nan,0,0,0.697857,0.697857
130_bNAb_Combinations|1313920|cc|5|1|nan|1798,0,0.0014292,5,1,0,nan,nan,0,0,0.800699,0.800699
130_bNAb_Combinations|1313920|cc|6|1|nan|1798,0,0.0014292,6,1,0,nan,nan,0,0,0.800699,0.800699
130_bNAb_Combinations|1313920|cc|7|1|nan|1798,0,0.0012063,7,1,0,nan,nan,0,0,0.675819,0.675819
130_bNAb_Combinations|1313920|cc|8|1|nan|1798,0,0.00215035,8,1,0,nan,nan,0,0,1.20472,1.20472
130_bNAb_Combinations|1313920|sample|10|nan|1798,0.0003648,0.782696,1,10,1,0.826436,0.811777,0.790528,0.787068,-0.101864,-0.0571058
130_bNAb_Combinations|1313920|sample|10|nan|1798,0.001824,0.776855,2,10,1,0.954213,0.946153,0.863399,0.860957,-1.0326,-1.00624
130_bNAb_Combinations|1313920|sample|10|nan|1798,0.00912,0.694879,3,10,1,0.987921,0.984595,0.742606,0.739143,-0.659792,-0.61471
130_bNAb_Combinations|1313920|sample|10|nan|1798,0.0456,0.420198,4,10,1,0.987921,0.984595,0.420684,0.416793,-0.0116389,0.0822747
130_bNAb_Combinations|1313920|sample|10|nan|1798,0.228,0.0873778,5,10,1,0.987921,0.984595,0.0835807,0.0825922,0.390424,0.496861
130_bNAb_Combinations|1313920|sample|10|nan|1798,1.14,0.00264861,6,10,1,0.987921,0.984595,0.00180055,0.0021373,0.433569,0.257195
130_bNAb_Combinations|1313920|sample|10|nan|1798,5.7,0.000629372,7,10,1,0.954213,0.946153,0.000376121,0.000716524,0.139098,-0.0470325
130_bNAb_Combinations|1313920|sample|10|nan|1798,28.5,7.86715e-05,8,10,1,0.826436,0.811777,0.000323229,0.000614414,-0.134694,-0.290641
130_bNAb_Combinations|1313920|sample|11|nan|1798,0.0003712,0.869963,1,11,1,0.826436,0.811777,0.809066,0.806168,0.774275,0.813968
130_bNAb_Combinations|1313920|sample|11|nan|1798,0.001856,0.691286,2,11,1,0.954213,0.946153,0.926,0.925229,-2.61491,-2.60845
130_bNAb_Combinations|1313920|sample|11|nan|1798,0.00928,0.783024,3,11,1,0.954213,0.946153,0.880963,0.880405,-1.14574,-1.13992
130_bNAb_Combinations|1313920|sample|11|nan|1798,0.0464,0.669481,4,11,1,0.954213,0.946153,0.751134,0.751053,-1.11629,-1.11529
130_bNAb_Combinations|1313920|sample|11|nan|1798,0.2319999999999999,0.434162,5,11,1,0.954213,0.946153,0.455262,0.455866,-0.468513,-0.481314
130_bNAb_Combinations|1313920|sample|11|nan|1798,1.16,0.115116,6,11,1,0.954213,0.946153,0.102627,0.103485,1.08267,1.00126
130_bNAb_Combinations|1313920|sample|11|nan|1798,5.8,0.00319931,7,11,1,0.954213,0.946153,0.00241969,0.00322961,0.386941,-0.0144866
130_bNAb_Combinations|1313920|sample|11|nan|1798,29,0.000760491,8,11,1,0.826436,0.811777,0.000258758,0.000953411,0.277274,-0.102862
130_bNAb_Combinations|1313920|sample|12|nan|1798,0.0003712,0.815542,1,12,1,0.826436,0.811777,0.811711,0.80841,0.0485451,0.0907433
130_bNAb_Combinations|1313920|sample|12|nan|1798,0.001856,0.74085,2,12,1,0.826436,0.811777,0.804046,0.800072,-0.808409,-0.761258
130_bNAb_Combinations|1313920|sample|12|nan|1798,0.00928,0.723103,3,12,1,0.826436,0.811777,0.777395,0.771647,-0.717761,-0.646439
130_bNAb_Combinations|1313920|sample|12|nan|1798,0.0464,0.623072,4,12,1,0.826436,0.811777,0.690026,0.68054,-0.994262,-0.864975
130_bNAb_Combinations|1313920|sample|12|nan|1798,0.2319999999999999,0.462477,5,12,1,0.826436,0.811777,0.455513,0.44291,0.154544,0.446082
130_bNAb_Combinations|1313920|sample|12|nan|1798,1.16,0.11273,6,12,1,0.826436,0.811777,0.115121,0.109905,-0.187993,0.231
130_bNAb_Combinations|1313920|sample|12|nan|1798,5.8,0.00295018,7,12,1,0.826436,0.811777,0.00235461,0.00266145,0.296507,0.141689
130_bNAb_Combinations|1313920|sample|12|nan|1798,29,0,8,12,1,0.826436,0.811777,0.000145974,0.000535958,-0.0811502,-0.291938
130_bNAb_Combinations|1313920|sample|3|nan|1798,0.000064,0.927104,1,3,1,0.826436,0.811777,0.801469,0.795469,1.61219,1.70162
130_bNAb_Combinations|1313920|sample|3|nan|1798,0.00032,0.90564,2,3,1,0.954213,0.946153,0.91525,0.907954,-0.108293,-0.0262815
130_bNAb_Combinations|1313920|sample|3|nan|1798,0.0016,0.884681,3,3,1,0.987921,0.984595,0.917415,0.905723,-0.368028,-0.239572
130_bNAb_Combinations|1313920|sample|3|nan|1798,0.008,0.948877,4,3,1,0.987921,0.984595,0.850449,0.832004,1.19187,1.44591
130_bNAb_Combinations|1313920|sample|3|nan|1798,0.04,0.855769,5,3,1,0.987921,0.984595,0.729093,0.703409,1.78285,2.22059
130_bNAb_Combinations|1313920|sample|3|nan|1798,0.2,0.458209,6,3,1,0.987921,0.984595,0.538651,0.510344,-1.51893,-1.03709
130_bNAb_Combinations|1313920|sample|3|nan|1798,1,0.22622,7,3,1,0.954213,0.946153,0.299845,0.279817,-2.43215,-1.88928
130_bNAb_Combinations|1313920|sample|3|nan|1798,5,0.122223,8,3,1,0.826436,0.811777,0.121117,0.113752,0.0831935,0.672706
130_bNAb_Combinations|1313920|sample|4|nan|1798,0.000064,0.895872,1,4,1,0.826436,0.811777,0.792964,0.791668,1.33438,1.35335
130_bNAb_Combinations|1313920|sample|4|nan|1798,0.00032,0.93585,2,4,1,0.954213,0.946153,0.898212,0.900347,0.432022,0.406573
130_bNAb_Combinations|1313920|sample|4|nan|1798,0.0016,0.876977,3,4,1,0.987921,0.984595,0.888286,0.892761,-0.131228,-0.182254
130_bNAb_Combinations|1313920|sample|4|nan|1798,0.008,0.971855,4,4,1,0.996814,0.995593,0.815202,0.821535,1.97712,1.88289
130_bNAb_Combinations|1313920|sample|4|nan|1798,0.04,0.784276,5,4,1,0.996814,0.995593,0.679096,0.685628,1.58637,1.47405
130_bNAb_Combinations|1313920|sample|4|nan|1798,0.2,0.443294,6,4,1,0.987921,0.984595,0.483002,0.485631,-0.832929,-0.883438
130_bNAb_Combinations|1313920|sample|4|nan|1798,1,0.218818,7,4,1,0.954213,0.946153,0.272948,0.267155,-1.953,-1.77932
130_bNAb_Combinations|1313920|sample|4|nan|1798,5,0.123534,8,4,1,0.826436,0.811777,0.126508,0.114591,-0.215438,0.705763
130_bNAb_Combinations|1313920|sample|5|nan|1798,0.0006144,0.907764,1,5,1,0.826436,0.811777,0.765028,0.761434,1.91679,1.9741
130_bNAb_Combinations|1313920|sample|5|nan|1798,0.003072,0.859919,2,5,1,0.954213,0.946153,0.835884,0.833658,0.295997,0.324257
130_bNAb_Combinations|1313920|sample|5|nan|1798,0.01536,0.783712,3,5,1,0.987921,0.984595,0.770053,0.767923,0.182262,0.211255
130_bNAb_Combinations|1313920|sample|5|nan|1798,0.0768,0.672202,4,5,1,0.996814,0.995593,0.617302,0.615478,0.908468,0.941353
130_bNAb_Combinations|1313920|sample|5|nan|1798,0.384,0.368891,5,5,1,0.996814,0.995593,0.404886,0.40456,-0.894269,-0.886854
130_bNAb_Combinations|1313920|sample|5|nan|1798,1.92,0.184222,6,5,1,0.987921,0.984595,0.206039,0.208188,-1.02137,-1.1114
130_bNAb_Combinations|1313920|sample|5|nan|1798,9.6,0.127972,7,5,1,0.954213,0.946153,0.101009,0.10467,2.36905,1.98673
130_bNAb_Combinations|1313920|sample|5|nan|1798,48,0.0587283,8,5,1,0.826436,0.811777,0.0682157,0.0714925,-1.14779,-1.48818
130_bNAb_Combinations|1313920|sample|6|nan|1798,0.0006144,0.830286,1,6,1,0.826436,0.811777,0.750223,0.743175,1.09585,1.20335
130_bNAb_Combinations|1313920|sample|6|nan|1798,0.003072,0.853841,2,6,1,0.954213,0.946153,0.809458,0.800832,0.564044,0.680766
130_bNAb_Combinations|1313920|sample|6|nan|1798,0.01536,0.751916,3,6,1,0.987921,0.984595,0.732252,0.720354,0.275589,0.44946
130_bNAb_Combinations|1313920|sample|6|nan|1798,0.0768,0.612799,4,6,1,0.996814,0.995593,0.574268,0.559473,0.683844,0.97065
130_bNAb_Combinations|1313920|sample|6|nan|1798,0.384,0.297509,5,6,1,0.996814,0.995593,0.371788,0.356624,-2.00175,-1.65745
130_bNAb_Combinations|1313920|sample|6|nan|1798,1.92,0.174251,6,6,1,0.987921,0.984595,0.195869,0.183053,-1.06006,-0.459039
130_bNAb_Combinations|1313920|sample|6|nan|1798,9.6,0.113582,7,6,1,0.954213,0.946153,0.1067,0.0961313,0.577245,1.59836
130_bNAb_Combinations|1313920|sample|6|nan|1798,48,0.057994,8,6,1,0.826436,0.811777,0.0759003,0.0669439,-1.99051,-1.09883
130_bNAb_Combinations|1313920|sample|7|nan|1798,0.0000768,0.81364,1,7,1,0.826436,0.811777,0.811276,0.808136,0.0299844,0.0700641
130_bNAb_Combinations|1313920|sample|7|nan|1798,0.000384,0.811293,2,7,1,0.954213,0.946153,0.933009,0.931441,-1.34604,-1.33089
130_bNAb_Combinations|1313920|sample|7|nan|1798,0.00192,0.832548,3,7,1,0.987921,0.984595,0.934515,0.932309,-1.12586,-1.10405
130_bNAb_Combinations|1313920|sample|7|nan|1798,0.0096,0.838533,4,7,1,0.996814,0.995593,0.828526,0.82384,0.124318,0.183545
130_bNAb_Combinations|1313920|sample|7|nan|1798,0.048,0.504533,5,7,1,0.996814,0.995593,0.526973,0.519991,-0.432784,-0.301992
130_bNAb_Combinations|1313920|sample|7|nan|1798,0.24,0.121528,6,7,1,0.987921,0.984595,0.118121,0.115578,0.261959,0.466053
130_bNAb_Combinations|1313920|sample|7|nan|1798,1.2,0.00317308,7,7,1,0.954213,0.946153,0.00233307,0.00282763,0.418627,0.168219
130_bNAb_Combinations|1313920|sample|7|nan|1798,6,0.000773603,8,7,1,0.826436,0.811777,0.000664191,0.00111712,0.0592042,-0.181653
130_bNAb_Combinations|1313920|sample|8|nan|1798,0.0000768,0.853369,1,8,1,0.826436,0.811777,0.810977,0.807344,0.537757,0.586414
130_bNAb_Combinations|1313920|sample|8|nan|1798,0.000384,0.858752,2,8,1,0.954213,0.946153,0.931995,0.928797,-0.810848,-0.778057
130_bNAb_Combinations|1313920|sample|8|nan|1798,0.00192,0.804488,3,8,1,0.987921,0.984595,0.931623,0.924925,-1.40801,-1.3433
130_bNAb_Combinations|1313920|sample|8|nan|1798,0.0096,0.786951,4,8,1,0.996814,0.995593,0.821647,0.806744,-0.434541,-0.252366
130_bNAb_Combinations|1313920|sample|8|nan|1798,0.048,0.487829,5,8,1,0.996814,0.995593,0.51647,0.494881,-0.563221,-0.1445
130_bNAb_Combinations|1313920|sample|8|nan|1798,0.24,0.111628,6,8,1,0.987921,0.984595,0.113675,0.105652,-0.162642,0.505498
130_bNAb_Combinations|1313920|sample|8|nan|1798,1.2,0.0031862,7,8,1,0.954213,0.946153,0.00215028,0.00275639,0.520763,0.209986
130_bNAb_Combinations|1313920|sample|8|nan|1798,6,0.000694932,8,8,1,0.826436,0.811777,0.000547764,0.00114958,0.0801137,-0.240029
130_bNAb_Combinations|1313920|sample|9|nan|1798,0.0003648,0.799965,1,9,1,0.826436,0.811777,0.795122,0.790956,0.0626243,0.117106
130_bNAb_Combinations|1313920|sample|9|nan|1798,0.001824,0.747006,2,9,1,0.954213,0.946153,0.876257,0.871764,-1.52,-1.47456
130_bNAb_Combinations|1313920|sample|9|nan|1798,0.00912,0.676214,3,9,1,0.987921,0.984595,0.769478,0.76148,-1.24536,-1.15023
130_bNAb_Combinations|1313920|sample|9|nan|1798,0.0456,0.461861,4,9,1,0.996814,0.995593,0.459087,0.449144,0.0611039,0.286061
130_bNAb_Combinations|1313920|sample|9|nan|1798,0.228,0.0981493,5,9,1,0.996814,0.995593,0.0959443,0.0929493,0.202284,0.489839
130_bNAb_Combinations|1313920|sample|9|nan|1798,1.14,0.00317308,6,9,1,0.987921,0.984595,0.00180014,0.00246298,0.701927,0.351722
130_bNAb_Combinations|1313920|sample|9|nan|1798,5.7,0.000485141,7,9,1,0.954213,0.946153,0.000231007,0.000914787,0.140648,-0.22953
130_bNAb_Combinations|1313920|sample|9|nan|1798,28.5,0.000563812,8,9,1,0.826436,0.811777,0.000198446,0.000784567,0.202554,-0.118718
130_bNAb_Combinations|1313920|vc|1|2|nan|1798,0,0.838599,1,2,1,nan,nan,0.814729,0.830994,0.301432,0.0941971
130_bNAb_Combinations|1313920|vc|2|2|nan|1798,0,0.91969,2,2,1,nan,nan,0.94705,0.911372,-0.298179,0.0941182
130_bNAb_Combinations|1313920|vc|3|2|nan|1798,0,0.872133,3,2,1,nan,nan,0.94705,0.946153,-0.816457,-0.807425
130_bNAb_Combinations|1313920|vc|4|2|nan|1798,0,0.947723,4,2,1,nan,nan,0.94705,0.939154,0.00732896,0.0941563
130_bNAb_Combinations|1313920|vc|5|2|nan|1798,0,1,5,2,1,nan,nan,0.94705,0.990962,0.577049,0.0942179
130_bNAb_Combinations|1313920|vc|6|2|nan|1798,0,0.938505,6,2,1,nan,nan,0.94705,0.930019,-0.0931258,0.094142
130_bNAb_Combinations|1313920|vc|7|2|nan|1798,0,0.844873,7,2,1,nan,nan,0.94705,0.837227,-1.11353,0.094016
130_bNAb_Combinations|1313920|vc|8|2|nan|1798,0,0.756315,8,2,1,nan,nan,0.814729,0.748233,-0.737658,0.110915
130_bNAb_Combinations|1313938|cc|1|1|TRO.11|8301,0,0.000314857,1,1,0,nan,nan,0,0,0.176396,0.176396
130_bNAb_Combinations|1313938|cc|2|1|TRO.11|8301,0,0.000558156,2,1,0,nan,nan,0,0,0.312703,0.312703
130_bNAb_Combinations|1313938|cc|3|1|TRO.11|8301,0,0.000586779,3,1,0,nan,nan,0,0,0.328739,0.328739
130_bNAb_Combinations|1313938|cc|4|1|TRO.11|8301,0,0.000686961,4,1,0,nan,nan,0,0,0.384865,0.384865
130_bNAb_Combinations|1313938|cc|5|1|TRO.11|8301,0,0.000615402,5,1,0,nan,nan,0,0,0.344775,0.344775
130_bNAb_Combinations|1313938|cc|6|1|TRO.11|8301,0,0.001102,6,1,0,nan,nan,0,0,0.617387,0.617387
130_bNAb_Combinations|1313938|cc|7|1|TRO.11|8301,0,0.00120218,7,1,0,nan,nan,0,0,0.673514,0.673514
130_bNAb_Combinations|1313938|cc|8|1|TRO.11|8301,0,0.000457974,8,1,0,nan,nan,0,0,0.256577,0.256577
130_bNAb_Combinations|1313938|sample|10|TRO.11|8301,0.0003648,0.972099,1,10,1,0.826436,0.930709,0.880686,0.883267,1.06973,1.03656
130_bNAb_Combinations|1313938|sample|10|TRO.11|8301,0.001824,0.800331,2,10,1,0.954213,0.981721,0.831122,0.829569,-0.381338,-0.362763
130_bNAb_Combinations|1313938|sample|10|TRO.11|8301,0.00912,0.620841,3,10,1,0.987921,0.995178,0.585841,0.581443,0.609295,0.690879
130_bNAb_Combinations|1313938|sample|10|TRO.11|8301,0.0456,0.181823,4,10,1,0.987921,0.995178,0.189979,0.187322,-0.411223,-0.280839
130_bNAb_Combinations|1313938|sample|10|TRO.11|8301,0.228,0.00905929,5,10,1,0.987921,0.995178,0.00822004,0.00843375,0.327083,0.241879
130_bNAb_Combinations|1313938|sample|10|TRO.11|8301,1.14,0.000415039,6,10,1,0.987921,0.995178,0.000249134,0.000613449,0.0917306,-0.107643
130_bNAb_Combinations|1313938|sample|10|TRO.11|8301,5.7,0.000314857,7,10,1,0.954213,0.981721,0.000239798,0.000599395,0.0415211,-0.154482
130_bNAb_Combinations|1313938|sample|10|TRO.11|8301,28.5,0.000887324,8,10,1,0.826436,0.930709,0.000226733,0.000568249,0.365678,0.173512
130_bNAb_Combinations|1313938|sample|11|TRO.11|8301,0.0003712,0.957351,1,11,1,0.826436,0.930709,0.917186,0.921638,0.451693,0.399719
130_bNAb_Combinations|1313938|sample|11|TRO.11|8301,0.001856,0.926724,2,11,1,0.954213,0.981721,0.944818,0.947846,-0.197642,-0.229993
130_bNAb_Combinations|1313938|sample|11|TRO.11|8301,0.00928,0.826421,3,11,1,0.954213,0.981721,0.86073,0.865867,-0.410596,-0.469341
130_bNAb_Combinations|1313938|sample|11|TRO.11|8301,0.0464,0.657393,4,11,1,0.954213,0.981721,0.621382,0.629187,0.592086,0.458173
130_bNAb_Combinations|1313938|sample|11|TRO.11|8301,0.2319999999999999,0.217337,5,11,1,0.954213,0.981721,0.208248,0.213264,0.421398,0.184765
130_bNAb_Combinations|1313938|sample|11|TRO.11|8301,1.16,0.00788574,6,11,1,0.954213,0.981721,0.00820255,0.00856524,-0.123551,-0.261479
130_bNAb_Combinations|1313938|sample|11|TRO.11|8301,5.8,4.2935e-05,7,11,1,0.954213,0.981721,0.000158685,0.000331549,-0.0643051,-0.15889
130_bNAb_Combinations|1313938|sample|11|TRO.11|8301,29,0.00034348,8,11,1,0.826436,0.930709,0.000145457,0.000309857,0.110089,0.0185318
130_bNAb_Combinations|1313938|sample|12|TRO.11|8301,0.0003712,0.867789,1,12,1,0.826436,0.930709,0.917953,0.920554,-0.56368,-0.591258
130_bNAb_Combinations|1313938|sample|12|TRO.11|8301,0.001856,0.853241,2,12,1,0.826436,0.930709,0.895539,0.895521,-0.486934,-0.486741
130_bNAb_Combinations|1313938|sample|12|TRO.11|8301,0.00928,0.83694,3,12,1,0.826436,0.930709,0.81942,0.813164,0.220006,0.300803
130_bNAb_Combinations|1313938|sample|12|TRO.11|8301,0.0464,0.620225,4,12,1,0.826436,0.930709,0.597758,0.582631,0.383564,0.657959
130_bNAb_Combinations|1313938|sample|12|TRO.11|8301,0.2319999999999999,0.188106,5,12,1,0.826436,0.930709,0.203964,0.192992,-0.749373,-0.242839
130_bNAb_Combinations|1313938|sample|12|TRO.11|8301,1.16,0.00864425,6,12,1,0.826436,0.930709,0.0082248,0.00786528,0.163446,0.307628
130_bNAb_Combinations|1313938|sample|12|TRO.11|8301,5.8,0,7,12,1,0.826436,0.930709,0.000349103,0.000422203,-0.192015,-0.231338
130_bNAb_Combinations|1313938|sample|12|TRO.11|8301,29,0.000143117,8,12,1,0.826436,0.930709,0.000344739,0.000417437,-0.110922,-0.150346
130_bNAb_Combinations|1313938|sample|3|TRO.11|8301,0.000064,0.999256,1,3,1,0.826436,0.930709,0.925276,0.929059,0.824834,0.779533
130_bNAb_Combinations|1313938|sample|3|TRO.11|8301,0.00032,1,2,3,1,0.954213,0.981721,0.975513,0.976527,0.25922,0.248236
130_bNAb_Combinations|1313938|sample|3|TRO.11|8301,0.0016,0.897106,3,3,1,0.987921,0.995178,0.980487,0.979528,-0.87828,-0.869018
130_bNAb_Combinations|1313938|sample|3|TRO.11|8301,0.008,0.970361,4,3,1,0.987921,0.995178,0.952309,0.949213,0.195666,0.229948
130_bNAb_Combinations|1313938|sample|3|TRO.11|8301,0.04,0.880483,5,3,1,0.987921,0.995178,0.872015,0.864798,0.100057,0.186848
130_bNAb_Combinations|1313938|sample|3|TRO.11|8301,0.2,0.715899,6,3,1,0.987921,0.995178,0.671386,0.659508,0.678863,0.875062
130_bNAb_Combinations|1313938|sample|3|TRO.11|8301,1,0.31236,7,3,1,0.954213,0.981721,0.316035,0.307274,-0.115555,0.164168
130_bNAb_Combinations|1313938|sample|3|TRO.11|8301,5,0.0404162,8,3,1,0.826436,0.930709,0.0472426,0.0465021,-1.08819,-0.98115
130_bNAb_Combinations|1313938|sample|4|TRO.11|8301,0.000064,0.979763,1,4,1,0.826436,0.930709,0.92449,0.928443,0.61678,0.570276
130_bNAb_Combinations|1313938|sample|4|TRO.11|8301,0.00032,0.958596,2,4,1,0.954213,0.981721,0.973394,0.974889,-0.156987,-0.172586
130_bNAb_Combinations|1313938|sample|4|TRO.11|8301,0.0016,0.947948,3,4,1,0.987921,0.995178,0.975179,0.975476,-0.288366,-0.291417
130_bNAb_Combinations|1313938|sample|4|TRO.11|8301,0.008,0.949609,4,4,1,0.996814,0.998728,0.943669,0.943246,0.0649574,0.0696177
130_bNAb_Combinations|1313938|sample|4|TRO.11|8301,0.04,0.862629,5,4,1,0.996814,0.998728,0.849922,0.848914,0.153971,0.166379
130_bNAb_Combinations|1313938|sample|4|TRO.11|8301,0.2,0.698095,6,4,1,0.987921,0.995178,0.632291,0.631048,1.06383,1.086
130_bNAb_Combinations|1313938|sample|4|TRO.11|8301,1,0.273174,7,4,1,0.954213,0.981721,0.287523,0.287186,-0.493077,-0.482033
130_bNAb_Combinations|1313938|sample|4|TRO.11|8301,5,0.0442374,8,4,1,0.826436,0.930709,0.0444715,0.0451515,-0.0389466,-0.150478
130_bNAb_Combinations|1313938|sample|5|TRO.11|8301,0.0006144,0.941673,1,5,1,0.826436,0.930709,0.914677,0.918465,0.30441,0.260631
130_bNAb_Combinations|1313938|sample|5|TRO.11|8301,0.003072,0.958739,2,5,1,0.954213,0.981721,0.945319,0.946483,0.146523,0.133655
130_bNAb_Combinations|1313938|sample|5|TRO.11|8301,0.01536,0.915761,3,5,1,0.987921,0.995178,0.900272,0.899951,0.177399,0.181135
130_bNAb_Combinations|1313938|sample|5|TRO.11|8301,0.0768,0.82456,4,5,1,0.996814,0.998728,0.760458,0.759111,0.865862,0.885595
130_bNAb_Combinations|1313938|sample|5|TRO.11|8301,0.384,0.514634,5,5,1,0.996814,0.998728,0.482539,0.480842,0.673843,0.71189
130_bNAb_Combinations|1313938|sample|5|TRO.11|8301,1.92,0.141399,6,5,1,0.987921,0.995178,0.160038,0.159081,-1.0971,-1.04634
130_bNAb_Combinations|1313938|sample|5|TRO.11|8301,9.6,0.0210382,7,5,1,0.954213,0.981721,0.0211971,0.0206999,-0.0418284,0.0901633
130_bNAb_Combinations|1313938|sample|5|TRO.11|8301,48,0.00739914,8,5,1,0.826436,0.930709,0.00742347,0.00695624,-0.00976931,0.181085
130_bNAb_Combinations|1313938|sample|6|TRO.11|8301,0.0006144,0.9722,1,6,1,0.826436,0.930709,0.912853,0.918359,0.670505,0.604727
130_bNAb_Combinations|1313938|sample|6|TRO.11|8301,0.003072,0.899854,2,6,1,0.954213,0.981721,0.941014,0.946232,-0.451381,-0.505855
130_bNAb_Combinations|1313938|sample|6|TRO.11|8301,0.01536,0.850665,3,6,1,0.987921,0.995178,0.891325,0.899434,-0.470251,-0.559049
130_bNAb_Combinations|1313938|sample|6|TRO.11|8301,0.0768,0.801476,4,6,1,0.996814,0.998728,0.745197,0.75825,0.775374,0.585527
130_bNAb_Combinations|1313938|sample|6|TRO.11|8301,0.384,0.527478,5,6,1,0.996814,0.998728,0.465614,0.479983,1.34428,1.00232
130_bNAb_Combinations|1313938|sample|6|TRO.11|8301,1.92,0.143947,6,6,1,0.987921,0.995178,0.152582,0.158965,-0.530391,-0.889295
130_bNAb_Combinations|1313938|sample|6|TRO.11|8301,9.6,0.0206374,7,6,1,0.954213,0.981721,0.0197774,0.0210314,0.23474,-0.104128
130_bNAb_Combinations|1313938|sample|6|TRO.11|8301,48,0.00800023,8,6,1,0.826436,0.930709,0.00619301,0.00728324,0.761476,0.28947
130_bNAb_Combinations|1313938|sample|7|TRO.11|8301,0.0000768,0.947047,1,7,1,0.826436,0.930709,0.914515,0.91855,0.366897,0.320007
130_bNAb_Combinations|1313938|sample|7|TRO.11|8301,0.000384,0.922266,2,7,1,0.954213,0.981721,0.937404,0.939185,-0.166638,-0.1859
130_bNAb_Combinations|1313938|sample|7|TRO.11|8301,0.00192,0.797075,3,7,1,0.987921,0.995178,0.856495,0.857564,-0.714558,-0.726529
130_bNAb_Combinations|1313938|sample|7|TRO.11|8301,0.0096,0.572639,4,7,1,0.996814,0.998728,0.607098,0.608228,-0.579505,-0.597434
130_bNAb_Combinations|1313938|sample|7|TRO.11|8301,0.048,0.211555,5,7,1,0.996814,0.998728,0.199034,0.199853,0.605061,0.563361
130_bNAb_Combinations|1313938|sample|7|TRO.11|8301,0.24,0.00928828,6,7,1,0.987921,0.995178,0.00830144,0.008544,0.383446,0.286629
130_bNAb_Combinations|1313938|sample|7|TRO.11|8301,1.2,0.000157428,7,7,1,0.954213,0.981721,0.000622236,0.000831416,-0.252057,-0.361595
130_bNAb_Combinations|1313938|sample|7|TRO.11|8301,6,0.001102,8,7,1,0.826436,0.930709,0.000584636,0.000784508,0.281102,0.170743
130_bNAb_Combinations|1313938|sample|8|TRO.11|8301,0.0000768,0.992465,1,8,1,0.826436,0.930709,0.916376,0.920071,0.856423,0.811627
130_bNAb_Combinations|1313938|sample|8|TRO.11|8301,0.000384,0.918846,2,8,1,0.954213,0.981721,0.942794,0.943574,-0.262148,-0.270469
130_bNAb_Combinations|1313938|sample|8|TRO.11|8301,0.00192,0.798592,3,8,1,0.987921,0.995178,0.869781,0.868362,-0.843289,-0.827799
130_bNAb_Combinations|1313938|sample|8|TRO.11|8301,0.0096,0.614093,4,8,1,0.996814,0.998728,0.630512,0.627254,-0.266169,-0.21444
130_bNAb_Combinations|1313938|sample|8|TRO.11|8301,0.048,0.216235,5,8,1,0.996814,0.998728,0.21495,0.212957,0.0578598,0.148904
130_bNAb_Combinations|1313938|sample|8|TRO.11|8301,0.24,0.0118501,6,8,1,0.987921,0.995178,0.0090446,0.0095515,1.06098,0.853731
130_bNAb_Combinations|1313938|sample|8|TRO.11|8301,1.2,0.000787142,7,8,1,0.954213,0.981721,0.000609628,0.00123164,0.0963254,-0.233708
130_bNAb_Combinations|1313938|sample|8|TRO.11|8301,6,0.000543844,8,8,1,0.826436,0.930709,0.000572899,0.00116409,-0.0157961,-0.327214
130_bNAb_Combinations|1313938|sample|9|TRO.11|8301,0.0003648,0.965087,1,9,1,0.826436,0.930709,0.87711,0.882159,1.03362,0.968849
130_bNAb_Combinations|1313938|sample|9|TRO.11|8301,0.001824,0.834471,2,9,1,0.954213,0.981721,0.822597,0.826933,0.14854,0.0938159
130_bNAb_Combinations|1313938|sample|9|TRO.11|8301,0.00912,0.637786,3,9,1,0.987921,0.995178,0.572004,0.577166,1.17198,1.07066
130_bNAb_Combinations|1313938|sample|9|TRO.11|8301,0.0456,0.173393,4,9,1,0.996814,0.998728,0.182209,0.185344,-0.461688,-0.616211
130_bNAb_Combinations|1313938|sample|9|TRO.11|8301,0.228,0.00868719,5,9,1,0.996814,0.998728,0.00795069,0.00834489,0.289927,0.132788
130_bNAb_Combinations|1313938|sample|9|TRO.11|8301,1.14,0.00025761,6,9,1,0.987921,0.995178,0.000373259,0.000625619,-0.0635294,-0.19953
130_bNAb_Combinations|1313938|sample|9|TRO.11|8301,5.7,0.000543844,7,9,1,0.954213,0.981721,0.00036198,0.000611358,0.0999619,-0.0366326
130_bNAb_Combinations|1313938|sample|9|TRO.11|8301,28.5,0.00104475,8,9,1,0.826436,0.930709,0.000342258,0.000579591,0.386526,0.252805
130_bNAb_Combinations|1313938|vc|1|2|TRO.11|8301,0,0.914116,1,2,1,nan,nan,0.926702,0.90585,-0.14012,0.0940915
130_bNAb_Combinations|1313938|vc|2|2|TRO.11|8301,0,0.902924,2,2,1,nan,nan,0.980102,0.894761,-0.813258,0.0940523
130_bNAb_Combinations|1313938|vc|3|2|TRO.11|8301,0,0.968414,3,2,1,nan,nan,0.980102,0.959663,-0.123157,0.0941354
130_bNAb_Combinations|1313938|vc|4|2|TRO.11|8301,0,0.926266,4,2,1,nan,nan,0.980102,0.917894,-0.567289,0.0940837
130_bNAb_Combinations|1313938|vc|5|2|TRO.11|8301,0,0.902967,5,2,1,nan,nan,0.980102,0.894803,-0.812805,0.0940542
130_bNAb_Combinations|1313938|vc|6|2|TRO.11|8301,0,0.92744,6,2,1,nan,nan,0.980102,0.919057,-0.554922,0.0940838
130_bNAb_Combinations|1313938|vc|7|2|TRO.11|8301,0,0.886129,7,2,1,nan,nan,0.980102,0.878117,-0.990232,0.0940327
130_bNAb_Combinations|1313938|vc|8|2|TRO.11|8301,0,0.777732,8,2,1,nan,nan,0.926702,0.770688,-1.65842,0.0939265
130_bNAb_Combinations|1313956|cc|1|1|Ce1176_A3|7023,0,0.000508745,1,1,0,nan,nan,0,0,0.285021,0.285021
130_bNAb_Combinations|1313956|cc|2|1|Ce1176_A3|7023,0,0.000481245,2,1,0,nan,nan,0,0,0.269614,0.269614
130_bNAb_Combinations|1313956|cc|3|1|Ce1176_A3|7023,0,0.000632494,3,1,0,nan,nan,0,0,0.35435,0.35435
130_bNAb_Combinations|1313956|cc|4|1|Ce1176_A3|7023,0,0.00112749,4,1,0,nan,nan,0,0,0.631668,0.631668
130_bNAb_Combinations|1313956|cc|5|1|Ce1176_A3|7023,0,0.00140249,5,1,0,nan,nan,0,0,0.785733,0.785733
130_bNAb_Combinations|1313956|cc|6|1|Ce1176_A3|7023,0,0.00147124,6,1,0,nan,nan,0,0,0.824249,0.824249
130_bNAb_Combinations|1313956|cc|7|1|Ce1176_A3|7023,0,0.00120999,7,1,0,nan,nan,0,0,0.677887,0.677887
130_bNAb_Combinations|1313956|cc|8|1|Ce1176_A3|7023,0,0.00149874,8,1,0,nan,nan,0,0,0.839656,0.839656
130_bNAb_Combinations|1313956|sample|10|Ce1176_A3|7023,0.0003648,0.703622,1,10,1,0.826436,0.698736,0.665937,0.665162,0.579299,0.591877
130_bNAb_Combinations|1313956|sample|10|Ce1176_A3|7023,0.001824,0.749608,2,10,1,0.954213,0.920525,0.78473,0.784401,-0.46008,-0.455955
130_bNAb_Combinations|1313956|sample|10|Ce1176_A3|7023,0.00912,0.514314,3,10,1,0.987921,0.979034,0.587772,0.584498,-1.27474,-1.22453
130_bNAb_Combinations|1313956|sample|10|Ce1176_A3|7023,0.0456,0.208599,4,10,1,0.987921,0.979034,0.195847,0.193606,0.625361,0.743013
130_bNAb_Combinations|1313956|sample|10|Ce1176_A3|7023,0.228,0.00944616,5,10,1,0.987921,0.979034,0.00877383,0.00890331,0.25676,0.206344
130_bNAb_Combinations|1313956|sample|10|Ce1176_A3|7023,1.14,0.000343747,6,10,1,0.987921,0.979034,0.000250576,0.000515244,0.051511,-0.0935157
130_bNAb_Combinations|1313956|sample|10|Ce1176_A3|7023,5.7,0.000233748,7,10,1,0.954213,0.920525,0.000229605,0.000478701,0.00229275,-0.133824
130_bNAb_Combinations|1313956|sample|10|Ce1176_A3|7023,28.5,0.000398746,8,10,1,0.826436,0.698736,0.000174726,0.000363364,0.124349,0.0194466
130_bNAb_Combinations|1313956|sample|11|Ce1176_A3|7023,0.0003712,0.688607,1,11,1,0.826436,0.698736,0.69334,0.693145,-0.0699574,-0.0670954
130_bNAb_Combinations|1313956|sample|11|Ce1176_A3|7023,0.001856,0.732462,2,11,1,0.954213,0.920525,0.895415,0.89704,-1.87617,-1.89152
130_bNAb_Combinations|1313956|sample|11|Ce1176_A3|7023,0.00928,0.765771,3,11,1,0.954213,0.920525,0.846605,0.847208,-0.983185,-0.989825
130_bNAb_Combinations|1313956|sample|11|Ce1176_A3|7023,0.0464,0.662853,4,11,1,0.954213,0.920525,0.707484,0.706209,-0.64683,-0.629457
130_bNAb_Combinations|1313956|sample|11|Ce1176_A3|7023,0.2319999999999999,0.428576,5,11,1,0.954213,0.920525,0.403367,0.400812,0.628566,0.696481
130_bNAb_Combinations|1313956|sample|11|Ce1176_A3|7023,1.16,0.0788005,6,11,1,0.954213,0.920525,0.0779677,0.0773476,0.0905969,0.159074
130_bNAb_Combinations|1313956|sample|11|Ce1176_A3|7023,5.8,0.00151248,7,11,1,0.954213,0.920525,0.00151379,0.00180193,-0.000678265,-0.14797
130_bNAb_Combinations|1313956|sample|11|Ce1176_A3|7023,29,0.000233748,8,11,1,0.826436,0.698736,0.000165362,0.000386261,0.0379784,-0.0837233
130_bNAb_Combinations|1313956|sample|12|Ce1176_A3|7023,0.0003712,0.632164,1,12,1,0.826436,0.698736,0.693448,0.693608,-0.905683,-0.907847
130_bNAb_Combinations|1313956|sample|12|Ce1176_A3|7023,0.001856,0.613698,2,12,1,0.826436,0.698736,0.681686,0.682146,-1.02163,-1.02787
130_bNAb_Combinations|1313956|sample|12|Ce1176_A3|7023,0.00928,0.591375,3,12,1,0.826436,0.698736,0.644963,0.64614,-0.849807,-0.866934
130_bNAb_Combinations|1313956|sample|12|Ce1176_A3|7023,0.0464,0.519222,4,12,1,0.826436,0.698736,0.539827,0.54231,-0.388254,-0.4331
130_bNAb_Combinations|1313956|sample|12|Ce1176_A3|7023,0.2319999999999999,0.330526,5,12,1,0.826436,0.698736,0.308708,0.311974,0.701226,0.590374
130_bNAb_Combinations|1313956|sample|12|Ce1176_A3|7023,1.16,0.0625069,6,12,1,0.826436,0.698736,0.0598765,0.0614716,0.351964,0.135772
130_bNAb_Combinations|1313956|sample|12|Ce1176_A3|7023,5.8,0.00237873,7,12,1,0.826436,0.698736,0.00119695,0.00204193,0.622429,0.170192
130_bNAb_Combinations|1313956|sample|12|Ce1176_A3|7023,29,0.000769992,8,12,1,0.826436,0.698736,0.000207475,0.00104892,0.311704,-0.148002
130_bNAb_Combinations|1313956|sample|3|Ce1176_A3|7023,0.000064,0.742974,1,3,1,0.826436,0.698736,0.684706,0.682546,0.871808,0.906912
130_bNAb_Combinations|1313956|sample|3|Ce1176_A3|7023,0.00032,0.893054,2,3,1,0.954213,0.920525,0.883284,0.880804,0.11399,0.143326
130_bNAb_Combinations|1313956|sample|3|Ce1176_A3|7023,0.0016,0.908543,3,3,1,0.987921,0.979034,0.908202,0.901333,0.00387353,0.0824733
130_bNAb_Combinations|1313956|sample|3|Ce1176_A3|7023,0.008,0.937844,4,3,1,0.987921,0.979034,0.850405,0.839364,1.05887,1.20792
130_bNAb_Combinations|1313956|sample|3|Ce1176_A3|7023,0.04,0.777115,5,3,1,0.987921,0.979034,0.753701,0.738075,0.319034,0.542924
130_bNAb_Combinations|1313956|sample|3|Ce1176_A3|7023,0.2,0.561758,6,3,1,0.987921,0.979034,0.609958,0.591468,-0.806919,-0.512456
130_bNAb_Combinations|1313956|sample|3|Ce1176_A3|7023,1,0.368964,7,3,1,0.954213,0.920525,0.410323,0.394899,-1.01451,-0.659894
130_bNAb_Combinations|1313956|sample|3|Ce1176_A3|7023,5,0.208888,8,3,1,0.826436,0.698736,0.208027,0.199276,0.0399526,0.463938
130_bNAb_Combinations|1313956|sample|4|Ce1176_A3|7023,0.000064,0.71326,1,4,1,0.826436,0.698736,0.685976,0.683758,0.407493,0.442019
130_bNAb_Combinations|1313956|sample|4|Ce1176_A3|7023,0.00032,0.883119,2,4,1,0.954213,0.920525,0.885799,0.883355,-0.0311785,-0.00274914
130_bNAb_Combinations|1313956|sample|4|Ce1176_A3|7023,0.0016,0.934819,3,4,1,0.987921,0.979034,0.911836,0.905446,0.259945,0.33452
130_bNAb_Combinations|1313956|sample|4|Ce1176_A3|7023,0.008,0.950487,4,4,1,0.996814,0.994469,0.868447,0.858374,0.973279,1.10533
130_bNAb_Combinations|1313956|sample|4|Ce1176_A3|7023,0.04,0.817519,5,4,1,0.996814,0.994469,0.767769,0.756435,0.665752,0.829371
130_bNAb_Combinations|1313956|sample|4|Ce1176_A3|7023,0.2,0.59253,6,4,1,0.987921,0.979034,0.603157,0.596685,-0.179852,-0.0710583
130_bNAb_Combinations|1313956|sample|4|Ce1176_A3|7023,1,0.33859,7,4,1,0.954213,0.920525,0.388213,0.394937,-1.28332,-1.43354
130_bNAb_Combinations|1313956|sample|4|Ce1176_A3|7023,5,0.207004,8,4,1,0.826436,0.698736,0.177224,0.194335,1.59916,0.625695
130_bNAb_Combinations|1313956|sample|5|Ce1176_A3|7023,0.0006144,0.687672,1,5,1,0.826436,0.698736,0.676935,0.673468,0.162439,0.215969
130_bNAb_Combinations|1313956|sample|5|Ce1176_A3|7023,0.003072,0.893274,2,5,1,0.954213,0.920525,0.860407,0.854881,0.393485,0.46254
130_bNAb_Combinations|1313956|sample|5|Ce1176_A3|7023,0.01536,0.886089,3,5,1,0.987921,0.979034,0.856366,0.844575,0.357497,0.50613
130_bNAb_Combinations|1313956|sample|5|Ce1176_A3|7023,0.0768,0.71535,4,5,1,0.996814,0.994469,0.760838,0.743096,-0.614137,-0.383324
130_bNAb_Combinations|1313956|sample|5|Ce1176_A3|7023,0.384,0.488319,5,5,1,0.996814,0.994469,0.587957,0.568426,-1.7285,-1.43591
130_bNAb_Combinations|1313956|sample|5|Ce1176_A3|7023,1.92,0.393054,6,5,1,0.987921,0.979034,0.370613,0.357377,0.606592,0.998297
130_bNAb_Combinations|1313956|sample|5|Ce1176_A3|7023,9.6,0.204928,7,5,1,0.954213,0.920525,0.196094,0.192869,0.432737,0.59971
130_bNAb_Combinations|1313956|sample|5|Ce1176_A3|7023,48,0.100326,8,5,1,0.826436,0.698736,0.105211,0.105614,-0.414713,-0.447445
130_bNAb_Combinations|1313956|sample|6|Ce1176_A3|7023,0.0006144,0.700267,1,6,1,0.826436,0.698736,0.664956,0.667287,0.543585,0.505977
130_bNAb_Combinations|1313956|sample|6|Ce1176_A3|7023,0.003072,0.779562,2,6,1,0.954213,0.920525,0.834408,0.841346,-0.676629,-0.756066
130_bNAb_Combinations|1313956|sample|6|Ce1176_A3|7023,0.01536,0.830994,3,6,1,0.987921,0.979034,0.813819,0.822206,0.217114,0.109986
130_bNAb_Combinations|1313956|sample|6|Ce1176_A3|7023,0.0768,0.671062,4,6,1,0.996814,0.994469,0.702338,0.711695,-0.456506,-0.585494
130_bNAb_Combinations|1313956|sample|6|Ce1176_A3|7023,0.384,0.520893,5,6,1,0.996814,0.994469,0.525013,0.532916,-0.0797547,-0.229387
130_bNAb_Combinations|1313956|sample|6|Ce1176_A3|7023,1.92,0.352251,6,6,1,0.987921,0.979034,0.325961,0.328338,0.802688,0.725114
130_bNAb_Combinations|1313956|sample|6|Ce1176_A3|7023,9.6,0.186758,7,6,1,0.954213,0.920525,0.179664,0.175945,0.376227,0.584456
130_bNAb_Combinations|1313956|sample|6|Ce1176_A3|7023,48,0.0915191,8,6,1,0.826436,0.698736,0.101437,0.0963695,-0.868305,-0.443342
130_bNAb_Combinations|1313956|sample|7|Ce1176_A3|7023,0.0000768,0.644896,1,7,1,0.826436,0.698736,0.69301,0.692444,-0.711482,-0.70368
130_bNAb_Combinations|1313956|sample|7|Ce1176_A3|7023,0.000384,0.807536,2,7,1,0.954213,0.920525,0.891045,0.891172,-0.966104,-0.967434
130_bNAb_Combinations|1313956|sample|7|Ce1176_A3|7023,0.00192,0.874608,3,7,1,0.987921,0.979034,0.876679,0.871908,-0.0243475,0.0319088
130_bNAb_Combinations|1313956|sample|7|Ce1176_A3|7023,0.0096,0.712752,4,7,1,0.996814,0.994469,0.670307,0.659032,0.648327,0.834198
130_bNAb_Combinations|1313956|sample|7|Ce1176_A3|7023,0.048,0.234181,5,7,1,0.996814,0.994469,0.247964,0.239135,-0.54389,-0.202197
130_bNAb_Combinations|1313956|sample|7|Ce1176_A3|7023,0.24,0.0112199,6,7,1,0.987921,0.979034,0.0106101,0.010731,0.218333,0.174337
130_bNAb_Combinations|1313956|sample|7|Ce1176_A3|7023,1.2,0.000769992,7,7,1,0.954213,0.920525,0.000241853,0.000836823,0.292126,-0.0358448
130_bNAb_Combinations|1313956|sample|7|Ce1176_A3|7023,6,0.000536245,8,7,1,0.826436,0.698736,0.000181364,0.000632452,0.196919,-0.0521441
130_bNAb_Combinations|1313956|sample|8|Ce1176_A3|7023,0.0000768,0.696355,1,8,1,0.826436,0.698736,0.693666,0.693247,0.0397308,0.045942
130_bNAb_Combinations|1313956|sample|8|Ce1176_A3|7023,0.000384,0.873701,2,8,1,0.954213,0.920525,0.893616,0.894273,-0.229746,-0.237158
130_bNAb_Combinations|1313956|sample|8|Ce1176_A3|7023,0.00192,0.872793,3,8,1,0.987921,0.979034,0.884042,0.880603,-0.131141,-0.0914015
130_bNAb_Combinations|1313956|sample|8|Ce1176_A3|7023,0.0096,0.757666,4,8,1,0.996814,0.994469,0.685437,0.676393,1.07957,1.23056
130_bNAb_Combinations|1313956|sample|8|Ce1176_A3|7023,0.048,0.240416,5,8,1,0.996814,0.994469,0.260632,0.252958,-0.76153,-0.485772
130_bNAb_Combinations|1313956|sample|8|Ce1176_A3|7023,0.24,0.0117424,6,8,1,0.987921,0.979034,0.0114144,0.0111784,0.114313,0.198101
130_bNAb_Combinations|1313956|sample|8|Ce1176_A3|7023,1.2,0.000178748,7,8,1,0.954213,0.920525,0.000326421,0.000522254,-0.0813196,-0.187242
130_bNAb_Combinations|1313956|sample|8|Ce1176_A3|7023,6,0.000316247,8,8,1,0.826436,0.698736,0.000245805,0.000393774,0.0389549,-0.0425422
130_bNAb_Combinations|1313956|sample|9|Ce1176_A3|7023,0.0003648,0.758106,1,9,1,0.826436,0.698736,0.670126,0.669344,1.34422,1.3577
130_bNAb_Combinations|1313956|sample|9|Ce1176_A3|7023,0.001824,0.682688,2,9,1,0.954213,0.920525,0.79773,0.797319,-1.48301,-1.47846
130_bNAb_Combinations|1313956|sample|9|Ce1176_A3|7023,0.00912,0.715818,3,9,1,0.987921,0.979034,0.611463,0.607787,1.74281,1.81479
130_bNAb_Combinations|1313956|sample|9|Ce1176_A3|7023,0.0456,0.196719,4,9,1,0.996814,0.994469,0.215492,0.212582,-0.843413,-0.721628
130_bNAb_Combinations|1313956|sample|9|Ce1176_A3|7023,0.228,0.00966615,5,9,1,0.996814,0.994469,0.00974678,0.00986991,-0.0297412,-0.0748389
130_bNAb_Combinations|1313956|sample|9|Ce1176_A3|7023,1.14,0.000756242,6,9,1,0.987921,0.979034,0.000177225,0.000475767,0.321359,0.153254
130_bNAb_Combinations|1313956|sample|9|Ce1176_A3|7023,5.7,0.000439996,7,9,1,0.954213,0.920525,0.000160926,0.000441783,0.155019,-0.000978143
130_bNAb_Combinations|1313956|sample|9|Ce1176_A3|7023,28.5,0,8,9,1,0.826436,0.698736,0.000122463,0.00033534,-0.0681645,-0.184578
130_bNAb_Combinations|1313956|vc|1|2|Ce1176_A3|7023,0,0.749127,1,2,1,nan,nan,0.698752,0.742313,0.738963,0.0942374
130_bNAb_Combinations|1313956|vc|2|2|Ce1176_A3|7023,0,0.930921,2,2,1,nan,nan,0.91822,0.922498,0.142676,0.0941822
130_bNAb_Combinations|1313956|vc|3|2|Ce1176_A3|7023,0,1,3,2,1,nan,nan,0.91822,0.990959,0.918669,0.0942493
130_bNAb_Combinations|1313956|vc|4|2|Ce1176_A3|7023,0,0.968987,4,2,1,nan,nan,0.91822,0.960148,0.570291,0.0950441
130_bNAb_Combinations|1313956|vc|5|2|Ce1176_A3|7023,0,0.924369,5,2,1,nan,nan,0.91822,0.916006,0.0690769,0.0941632
130_bNAb_Combinations|1313956|vc|6|2|Ce1176_A3|7023,0,0.980379,6,2,1,nan,nan,0.91822,0.971514,0.698259,0.0942243
130_bNAb_Combinations|1313956|vc|7|2|Ce1176_A3|7023,0,0.892036,7,2,1,nan,nan,0.91822,0.883959,-0.294129,0.0941754
130_bNAb_Combinations|1313956|vc|8|2|Ce1176_A3|7023,0,0.653015,8,2,1,nan,nan,0.698752,0.647065,-0.670919,0.0940701
130_bNAb_Combinations|1313974|cc|1|1|nan|1176,0,0,1,1,0,nan,nan,0,0,0,0
130_bNAb_Combinations|1313974|cc|2|1|nan|1176,0,0.00187935,2,1,0,nan,nan,0,0,1.05289,1.05289
130_bNAb_Combinations|1313974|cc|3|1|nan|1176,0,0.00338282,3,1,0,nan,nan,0,0,1.8952,1.8952
130_bNAb_Combinations|1313974|cc|4|1|nan|1176,0,0.00250579,4,1,0,nan,nan,0,0,1.40385,1.40385
130_bNAb_Combinations|1313974|cc|5|1|nan|1176,0,0.00425985,5,1,0,nan,nan,0,0,2.38655,2.38655
130_bNAb_Combinations|1313974|cc|6|1|nan|1176,0,0.00200464,6,1,0,nan,nan,0,0,1.12308,1.12308
130_bNAb_Combinations|1313974|cc|7|1|nan|1176,0,0.00701623,7,1,0,nan,nan,0,0,3.93079,3.93079
130_bNAb_Combinations|1313974|cc|8|1|nan|1176,0,0.00275637,8,1,0,nan,nan,0,0,1.54424,1.54424
130_bNAb_Combinations|1313974|sample|10|nan|1176,0.0003648,0.564806,1,10,1,0.826436,0.660915,0.667216,0.656973,-1.57133,-1.43561
130_bNAb_Combinations|1313974|sample|10|nan|1176,0.001824,0.969555,2,10,1,0.954213,0.825223,0.823045,0.812399,1.83186,1.99014
130_bNAb_Combinations|1313974|sample|10|nan|1176,0.00912,0.987972,3,10,1,0.987921,0.909914,0.887906,0.873427,1.16167,1.35133
130_bNAb_Combinations|1313974|sample|10|nan|1176,0.0456,0.768277,4,10,1,0.987921,0.909914,0.842843,0.818058,-0.910913,-0.626143
130_bNAb_Combinations|1313974|sample|10|nan|1176,0.228,0.6812,5,10,1,0.987921,0.909914,0.730884,0.692485,-0.69758,-0.167001
130_bNAb_Combinations|1313974|sample|10|nan|1176,1.14,0.388273,6,10,1,0.987921,0.909914,0.503096,0.463509,-2.31584,-1.64196
130_bNAb_Combinations|1313974|sample|10|nan|1176,5.7,0.221387,7,10,1,0.954213,0.825223,0.198391,0.18934,1.11452,1.62071
130_bNAb_Combinations|1313974|sample|10|nan|1176,28.5,0.0676565,8,10,1,0.826436,0.660915,0.0633905,0.0724807,0.5464,-0.556362
130_bNAb_Combinations|1313974|sample|11|nan|1176,0.0003712,0.686964,1,11,1,0.826436,0.660915,0.656215,0.64816,0.479486,0.6124
130_bNAb_Combinations|1313974|sample|11|nan|1176,0.001856,0.787446,2,11,1,0.954213,0.825223,0.779438,0.775147,0.105597,0.163054
130_bNAb_Combinations|1313974|sample|11|nan|1176,0.00928,0.683957,3,11,1,0.954213,0.825223,0.676923,0.675474,0.106417,0.128601
130_bNAb_Combinations|1313974|sample|11|nan|1176,0.0464,0.431373,4,11,1,0.954213,0.825223,0.436705,0.438728,-0.123214,-0.169214
130_bNAb_Combinations|1313974|sample|11|nan|1176,0.2319999999999999,0.127921,5,11,1,0.954213,0.825223,0.121827,0.123277,0.456188,0.344035
130_bNAb_Combinations|1313974|sample|11|nan|1176,1.16,0.00889557,6,11,1,0.954213,0.825223,0.0111144,0.0108721,-0.781054,-0.701417
130_bNAb_Combinations|1313974|sample|11|nan|1176,5.8,0.00664036,7,11,1,0.954213,0.825223,0.0076324,0.00734874,-0.395228,-0.285283
130_bNAb_Combinations|1313974|sample|11|nan|1176,29,0.0085197,8,11,1,0.826436,0.660915,0.00614384,0.00588363,1.00305,1.12465
130_bNAb_Combinations|1313974|sample|12|nan|1176,0.0003712,0.62507,1,12,1,0.826436,0.660915,0.64576,0.635431,-0.327703,-0.166692
130_bNAb_Combinations|1313974|sample|12|nan|1176,0.001856,0.659149,2,12,1,0.826436,0.660915,0.60328,0.591377,0.94535,1.16912
130_bNAb_Combinations|1313974|sample|12|nan|1176,0.00928,0.546764,3,12,1,0.826436,0.660915,0.49713,0.483522,1.01263,1.32523
130_bNAb_Combinations|1313974|sample|12|nan|1176,0.0464,0.27877,4,12,1,0.826436,0.660915,0.290001,0.278405,-0.38283,0.0129053
130_bNAb_Combinations|1313974|sample|12|nan|1176,0.2319999999999999,0.0630207,5,12,1,0.826436,0.660915,0.0710323,0.0678208,-0.938851,-0.583365
130_bNAb_Combinations|1313974|sample|12|nan|1176,1.16,0.00413456,6,12,1,0.826436,0.660915,0.00585987,0.00646617,-0.73679,-0.971806
130_bNAb_Combinations|1313974|sample|12|nan|1176,5.8,0.0072668,7,12,1,0.826436,0.660915,0.00367918,0.00439052,1.6808,1.30618
130_bNAb_Combinations|1313974|sample|12|nan|1176,29,0.00375869,8,12,1,0.826436,0.660915,0.00367621,0.00438744,0.0386471,-0.285563
130_bNAb_Combinations|1313974|sample|3|nan|1176,0.000064,0.544885,1,3,1,0.826436,0.660915,0.644072,0.634564,-1.57502,-1.44476
130_bNAb_Combinations|1313974|sample|3|nan|1176,0.00032,0.833553,2,3,1,0.954213,0.825223,0.761524,0.753197,0.971599,1.09562
130_bNAb_Combinations|1313974|sample|3|nan|1176,0.0016,0.76765,3,3,1,0.987921,0.909914,0.749777,0.741815,0.244786,0.35753
130_bNAb_Combinations|1313974|sample|3|nan|1176,0.008,0.763766,4,3,1,0.987921,0.909914,0.587382,0.578468,3.06279,3.26561
130_bNAb_Combinations|1313974|sample|3|nan|1176,0.04,0.33966,5,3,1,0.987921,0.909914,0.347691,0.340117,-0.230644,-0.0133943
130_bNAb_Combinations|1313974|sample|3|nan|1176,0.2,0.074798,6,3,1,0.987921,0.909914,0.125067,0.121432,-3.67817,-3.50064
130_bNAb_Combinations|1313974|sample|3|nan|1176,1,0.0275637,7,3,1,0.954213,0.825223,0.0319586,0.0307288,-0.911569,-0.672802
130_bNAb_Combinations|1313974|sample|3|nan|1176,5,0.0219257,8,3,1,0.826436,0.660915,0.0185064,0.0176245,0.965056,1.24334
130_bNAb_Combinations|1313974|sample|4|nan|1176,0.000064,0.596254,1,4,1,0.826436,0.660915,0.642893,0.636244,-0.741919,-0.642612
130_bNAb_Combinations|1313974|sample|4|nan|1176,0.00032,0.751363,2,4,1,0.954213,0.825223,0.758739,0.756979,-0.0998602,-0.076208
130_bNAb_Combinations|1313974|sample|4|nan|1176,0.0016,0.81952,3,4,1,0.987921,0.909914,0.744369,0.748552,1.03652,0.973487
130_bNAb_Combinations|1313974|sample|4|nan|1176,0.008,0.746852,4,4,1,0.996814,0.953566,0.605715,0.6153,2.37882,2.18375
130_bNAb_Combinations|1313974|sample|4|nan|1176,0.04,0.327758,5,4,1,0.996814,0.953566,0.353199,0.363244,-0.719872,-0.977702
130_bNAb_Combinations|1313974|sample|4|nan|1176,0.2,0.106747,6,4,1,0.987921,0.909914,0.115956,0.120945,-0.719415,-1.06951
130_bNAb_Combinations|1313974|sample|4|nan|1176,1,0.0308213,7,4,1,0.954213,0.825223,0.0246823,0.0263771,1.48647,1.03572
130_bNAb_Combinations|1313974|sample|4|nan|1176,5,0.0120278,8,4,1,0.826436,0.660915,0.0127278,0.0138128,-0.233776,-0.576333
130_bNAb_Combinations|1313974|sample|5|nan|1176,0.0006144,0.585729,1,5,1,0.826436,0.660915,0.573262,0.570907,0.22166,0.264576
130_bNAb_Combinations|1313974|sample|5|nan|1176,0.003072,0.613794,2,5,1,0.954213,0.825223,0.59603,0.600764,0.304121,0.221376
130_bNAb_Combinations|1313974|sample|5|nan|1176,0.01536,0.526467,3,5,1,0.987921,0.909914,0.452246,0.461338,1.65854,1.42782
130_bNAb_Combinations|1313974|sample|5|nan|1176,0.0768,0.174278,4,5,1,0.996814,0.953566,0.227895,0.234139,-2.28779,-2.49115
130_bNAb_Combinations|1313974|sample|5|nan|1176,0.384,0.0800601,5,5,1,0.996814,0.953566,0.071225,0.0711698,1.03315,1.04024
130_bNAb_Combinations|1313974|sample|5|nan|1176,1.92,0.03458,6,5,1,0.987921,0.909914,0.031779,0.029821,0.583044,1.03052
130_bNAb_Combinations|1313974|sample|5|nan|1176,9.6,0.0281902,7,5,1,0.954213,0.825223,0.0269236,0.0250061,0.291652,0.765297
130_bNAb_Combinations|1313974|sample|5|nan|1176,48,0.00826912,8,5,1,0.826436,0.660915,0.0216627,0.0200109,-3.48519,-3.18544
130_bNAb_Combinations|1313974|sample|6|nan|1176,0.0006144,0.51469,1,6,1,0.826436,0.660915,0.585771,0.574959,-1.23756,-1.06843
130_bNAb_Combinations|1313974|sample|6|nan|1176,0.003072,0.808369,2,6,1,0.954213,0.825223,0.618985,0.608525,3.12559,3.35321
130_bNAb_Combinations|1313974|sample|6|nan|1176,0.01536,0.47986,3,6,1,0.987921,0.909914,0.480475,0.471716,-0.0129684,0.174763
130_bNAb_Combinations|1313974|sample|6|nan|1176,0.0768,0.164756,4,6,1,0.996814,0.953566,0.246437,0.242899,-3.24161,-3.14312
130_bNAb_Combinations|1313974|sample|6|nan|1176,0.384,0.0816889,5,6,1,0.996814,0.953566,0.0734689,0.0758133,0.937836,0.653748
130_bNAb_Combinations|1313974|sample|6|nan|1176,1.92,0.045856,6,6,1,0.987921,0.909914,0.0291005,0.0329858,3.68283,2.61656
130_bNAb_Combinations|1313974|sample|6|nan|1176,9.6,0.023805,7,6,1,0.954213,0.825223,0.0243195,0.0278358,-0.125616,-0.909986
130_bNAb_Combinations|1313974|sample|6|nan|1176,48,0.00789325,8,6,1,0.826436,0.660915,0.0195671,0.0222777,-3.20366,-3.68696
130_bNAb_Combinations|1313974|sample|7|nan|1176,0.0000768,0.626699,1,7,1,0.826436,0.660915,0.667731,0.658814,-0.629107,-0.498864
130_bNAb_Combinations|1313974|sample|7|nan|1176,0.000384,0.800727,2,7,1,0.954213,0.825223,0.825404,0.81859,-0.307693,-0.224538
130_bNAb_Combinations|1313974|sample|7|nan|1176,0.00192,0.993736,3,7,1,0.987921,0.909914,0.89663,0.891505,1.11655,1.18209
130_bNAb_Combinations|1313974|sample|7|nan|1176,0.0096,1,4,7,1,0.996814,0.953566,0.909971,0.905561,1.02032,1.07539
130_bNAb_Combinations|1313974|sample|7|nan|1176,0.048,0.854476,5,7,1,0.996814,0.953566,0.842961,0.837418,0.140645,0.209701
130_bNAb_Combinations|1313974|sample|7|nan|1176,0.24,0.743344,6,7,1,0.987921,0.909914,0.666174,0.659224,1.18586,1.30592
130_bNAb_Combinations|1313974|sample|7|nan|1176,1.2,0.326505,7,7,1,0.954213,0.825223,0.385961,0.381819,-1.54619,-1.45335
130_bNAb_Combinations|1313974|sample|7|nan|1176,6,0.132932,8,7,1,0.826436,0.660915,0.126074,0.128435,0.498305,0.321521
130_bNAb_Combinations|1313974|sample|8|nan|1176,0.0000768,0.625321,1,8,1,0.826436,0.660915,0.668233,0.659406,-0.657451,-0.529007
130_bNAb_Combinations|1313974|sample|8|nan|1176,0.000384,0.783938,2,8,1,0.954213,0.825223,0.826796,0.820231,-0.5335,-0.455305
130_bNAb_Combinations|1313974|sample|8|nan|1176,0.00192,0.983211,3,8,1,0.987921,0.909914,0.899928,0.895382,0.954177,1.01127
130_bNAb_Combinations|1313974|sample|8|nan|1176,0.0096,0.927081,4,8,1,0.996814,0.953566,0.916959,0.913741,0.113865,0.150577
130_bNAb_Combinations|1313974|sample|8|nan|1176,0.048,0.862056,5,8,1,0.996814,0.953566,0.855428,0.851933,0.0797968,0.122368
130_bNAb_Combinations|1313974|sample|8|nan|1176,0.24,0.641108,6,8,1,0.987921,0.909914,0.681721,0.677265,-0.610248,-0.546778
130_bNAb_Combinations|1313974|sample|8|nan|1176,1.2,0.408069,7,8,1,0.954213,0.825223,0.39022,0.387241,0.459325,0.539942
130_bNAb_Combinations|1313974|sample|8|nan|1176,6,0.107499,8,8,1,0.826436,0.660915,0.106578,0.10774,0.0772547,-0.0200607
130_bNAb_Combinations|1313974|sample|9|nan|1176,0.0003648,0.584727,1,9,1,0.826436,0.660915,0.663808,0.655717,-1.21944,-1.10781
130_bNAb_Combinations|1313974|sample|9|nan|1176,0.001824,0.879471,2,9,1,0.954213,0.825223,0.813629,0.808983,0.832566,0.896318
130_bNAb_Combinations|1313974|sample|9|nan|1176,0.00912,0.847836,3,9,1,0.987921,0.909914,0.865888,0.865605,-0.214784,-0.211485
130_bNAb_Combinations|1313974|sample|9|nan|1176,0.0456,0.917183,4,9,1,0.996814,0.953566,0.83675,0.841818,0.989574,0.921768
130_bNAb_Combinations|1313974|sample|9|nan|1176,0.228,0.733697,5,9,1,0.996814,0.953566,0.692346,0.701871,0.612049,0.46484
130_bNAb_Combinations|1313974|sample|9|nan|1176,1.14,0.394788,6,9,1,0.987921,0.909914,0.432896,0.442114,-0.888055,-1.0808
130_bNAb_Combinations|1313974|sample|9|nan|1176,5.7,0.20109,7,9,1,0.954213,0.825223,0.183619,0.186821,0.908532,0.730473
130_bNAb_Combinations|1313974|sample|9|nan|1176,28.5,0.0780555,8,9,1,0.826436,0.660915,0.0795033,0.0792563,-0.155042,-0.128917
130_bNAb_Combinations|1313974|vc|1|2|nan|1176,0,0.615047,1,2,1,nan,nan,0.669722,0.609431,-0.835847,0.0941027
130_bNAb_Combinations|1313974|vc|2|2|nan|1176,0,0.671678,2,2,1,nan,nan,0.831713,0.665573,-1.98058,0.0939052
130_bNAb_Combinations|1313974|vc|3|2|nan|1176,0,0.718411,3,2,1,nan,nan,0.831713,0.711887,-1.40221,0.0939865
130_bNAb_Combinations|1313974|vc|4|2|nan|1176,0,0.81739,4,2,1,nan,nan,0.831713,0.825223,-0.177256,-0.097689
130_bNAb_Combinations|1313974|vc|5|2|nan|1176,0,0.786068,5,2,1,nan,nan,0.831713,0.778936,-0.564901,0.0941046
130_bNAb_Combinations|1313974|vc|6|2|nan|1176,0,0.718662,6,2,1,nan,nan,0.831713,0.712135,-1.39911,0.0939867
130_bNAb_Combinations|1313974|vc|7|2|nan|1176,0,0.706008,7,2,1,nan,nan,0.831713,0.699578,-1.55572,0.0942056
130_bNAb_Combinations|1313974|vc|8|2|nan|1176,0,0.513437,8,2,1,nan,nan,0.669722,0.508734,-2.38923,0.0938456
130_bNAb_Combinations|1313992|cc|1|1|RHPA4259.7|5371,0,0.000660826,1,1,0,nan,nan,0,0,0.370223,0.370223
130_bNAb_Combinations|1313992|cc|2|1|RHPA4259.7|5371,0,0.00171458,2,1,0,nan,nan,0,0,0.96058,0.96058
130_bNAb_Combinations|1313992|cc|3|1|RHPA4259.7|5371,0,0.00114305,3,1,0,nan,nan,0,0,0.640386,0.640386
130_bNAb_Combinations|1313992|cc|4|1|RHPA4259.7|5371,0,0.00148239,4,1,0,nan,nan,0,0,0.830501,0.830501
130_bNAb_Combinations|1313992|cc|5|1|RHPA4259.7|5371,0,0.00150025,5,1,0,nan,nan,0,0,0.840507,0.840507
130_bNAb_Combinations|1313992|cc|6|1|RHPA4259.7|5371,0,0.00133951,6,1,0,nan,nan,0,0,0.750453,0.750453
130_bNAb_Combinations|1313992|cc|7|1|RHPA4259.7|5371,0,0.001661,7,1,0,nan,nan,0,0,0.930562,0.930562
130_bNAb_Combinations|1313992|cc|8|1|RHPA4259.7|5371,0,0.00142881,8,1,0,nan,nan,0,0,0.800483,0.800483
130_bNAb_Combinations|1313992|sample|10|RHPA4259.7|5371,0.0003648,0.6759,1,10,1,0.826436,0.704755,0.677441,0.674684,-0.0232922,0.0184672
130_bNAb_Combinations|1313992|sample|10|RHPA4259.7|5371,0.001824,0.701074,2,10,1,0.954213,0.867509,0.757866,0.752589,-0.769685,-0.702946
130_bNAb_Combinations|1313992|sample|10|RHPA4259.7|5371,0.00912,0.541985,3,10,1,0.987921,0.940545,0.605714,0.594258,-1.07413,-0.897514
130_bNAb_Combinations|1313992|sample|10|RHPA4259.7|5371,0.0456,0.23562,4,10,1,0.987921,0.940545,0.230549,0.221947,0.214069,0.597853
130_bNAb_Combinations|1313992|sample|10|RHPA4259.7|5371,0.228,0.0160206,5,10,1,0.987921,0.940545,0.0148629,0.0146858,0.362124,0.419705
130_bNAb_Combinations|1313992|sample|10|RHPA4259.7|5371,1.14,0.00158956,6,10,1,0.987921,0.940545,0.000706676,0.00120064,0.476697,0.204799
130_bNAb_Combinations|1313992|sample|10|RHPA4259.7|5371,5.7,0.000392924,7,10,1,0.954213,0.867509,0.00063123,0.00108645,-0.12917,-0.367305
130_bNAb_Combinations|1313992|sample|10|RHPA4259.7|5371,28.5,0.000928729,8,10,1,0.826436,0.704755,0.000514068,0.000882623,0.226124,0.0246718
130_bNAb_Combinations|1313992|sample|11|RHPA4259.7|5371,0.0003712,0.650289,1,11,1,0.826436,0.704755,0.649255,0.648372,0.0162874,0.0302452
130_bNAb_Combinations|1313992|sample|11|RHPA4259.7|5371,0.001856,0.618283,2,11,1,0.954213,0.867509,0.687084,0.687301,-1.02593,-1.02885
130_bNAb_Combinations|1313992|sample|11|RHPA4259.7|5371,0.00928,0.451639,3,11,1,0.954213,0.867509,0.456475,0.45599,-0.107111,-0.0964575
130_bNAb_Combinations|1313992|sample|11|RHPA4259.7|5371,0.0464,0.163215,4,11,1,0.954213,0.867509,0.154815,0.15446,0.509305,0.531923
130_bNAb_Combinations|1313992|sample|11|RHPA4259.7|5371,0.2319999999999999,0.0123414,5,11,1,0.954213,0.867509,0.0116852,0.0118194,0.226663,0.179521
130_bNAb_Combinations|1313992|sample|11|RHPA4259.7|5371,1.16,0,6,11,1,0.954213,0.867509,0.000430283,0.000604621,-0.235666,-0.328174
130_bNAb_Combinations|1313992|sample|11|RHPA4259.7|5371,5.8,0.000839428,7,11,1,0.954213,0.867509,0.000372988,0.000547118,0.256233,0.159131
130_bNAb_Combinations|1313992|sample|11|RHPA4259.7|5371,29,0.000500085,8,11,1,0.826436,0.704755,0.000303747,0.000444462,0.108247,0.0304421
130_bNAb_Combinations|1313992|sample|12|RHPA4259.7|5371,0.0003712,0.617105,1,12,1,0.826436,0.704755,0.682046,0.68186,-0.97535,-0.972809
130_bNAb_Combinations|1313992|sample|12|RHPA4259.7|5371,0.001856,0.643716,2,12,1,0.826436,0.704755,0.629707,0.629991,0.227381,0.222684
130_bNAb_Combinations|1313992|sample|12|RHPA4259.7|5371,0.00928,0.450916,3,12,1,0.826436,0.704755,0.481942,0.482995,-0.652189,-0.672921
130_bNAb_Combinations|1313992|sample|12|RHPA4259.7|5371,0.0464,0.208089,4,12,1,0.826436,0.704755,0.202556,0.203724,0.263099,0.206458
130_bNAb_Combinations|1313992|sample|12|RHPA4259.7|5371,0.2319999999999999,0.0184138,5,12,1,0.826436,0.704755,0.0159445,0.0162958,0.748328,0.635457
130_bNAb_Combinations|1313992|sample|12|RHPA4259.7|5371,1.16,0.000125021,6,12,1,0.826436,0.704755,0.00028735,0.000546862,-0.0895735,-0.229649
130_bNAb_Combinations|1313992|sample|12|RHPA4259.7|5371,5.8,0.000500085,7,12,1,0.826436,0.704755,0.000250233,0.000509902,0.138138,-0.00535451
130_bNAb_Combinations|1313992|sample|12|RHPA4259.7|5371,29,0.000285763,8,12,1,0.826436,0.704755,0.000250232,0.0005099,0.0196445,-0.122254
130_bNAb_Combinations|1313992|sample|3|RHPA4259.7|5371,0.000064,0.754539,1,3,1,0.826436,0.704755,0.704785,0.704168,0.723763,0.733363
130_bNAb_Combinations|1313992|sample|3|RHPA4259.7|5371,0.00032,0.910976,2,3,1,0.954213,0.867509,0.863959,0.865015,0.560625,0.547382
130_bNAb_Combinations|1313992|sample|3|RHPA4259.7|5371,0.0016,0.927479,3,3,1,0.987921,0.940545,0.931268,0.931237,-0.0419864,-0.0416377
130_bNAb_Combinations|1313992|sample|3|RHPA4259.7|5371,0.008,0.944785,4,3,1,0.987921,0.940545,0.911588,0.908813,0.375581,0.408191
130_bNAb_Combinations|1313992|sample|3|RHPA4259.7|5371,0.04,0.905162,5,3,1,0.987921,0.940545,0.845008,0.835765,0.733007,0.854792
130_bNAb_Combinations|1313992|sample|3|RHPA4259.7|5371,0.2,0.651807,6,3,1,0.987921,0.940545,0.647346,0.628739,0.0704898,0.374975
130_bNAb_Combinations|1313992|sample|3|RHPA4259.7|5371,1,0.224351,7,3,1,0.954213,0.867509,0.242057,0.229418,-0.71449,-0.214912
130_bNAb_Combinations|1313992|sample|3|RHPA4259.7|5371,5,0.0158956,8,3,1,0.826436,0.704755,0.0136891,0.0156572,0.71511,0.0728261
130_bNAb_Combinations|1313992|sample|4|RHPA4259.7|5371,0.000064,0.699119,1,4,1,0.826436,0.704755,0.704732,0.7041,-0.0816565,-0.0725347
130_bNAb_Combinations|1313992|sample|4|RHPA4259.7|5371,0.00032,0.930694,2,4,1,0.954213,0.867509,0.863757,0.864767,0.798326,0.785386
130_bNAb_Combinations|1313992|sample|4|RHPA4259.7|5371,0.0016,0.969602,3,4,1,0.987921,0.940545,0.930614,0.930463,0.432254,0.433995
130_bNAb_Combinations|1313992|sample|4|RHPA4259.7|5371,0.008,1,4,4,1,0.996814,0.97332,0.941913,0.938295,0.636419,0.678617
130_bNAb_Combinations|1313992|sample|4|RHPA4259.7|5371,0.04,0.855217,5,4,1,0.996814,0.97332,0.869967,0.859588,-0.174696,-0.0523857
130_bNAb_Combinations|1313992|sample|4|RHPA4259.7|5371,0.2,0.614506,6,4,1,0.987921,0.940545,0.638188,0.619734,-0.379423,-0.0861854
130_bNAb_Combinations|1313992|sample|4|RHPA4259.7|5371,1,0.229173,7,4,1,0.954213,0.867509,0.235219,0.22422,-0.250529,0.214541
130_bNAb_Combinations|1313992|sample|4|RHPA4259.7|5371,5,0.0174851,8,4,1,0.826436,0.704755,0.01358,0.0173128,1.26991,0.0502278
130_bNAb_Combinations|1313992|sample|5|RHPA4259.7|5371,0.0006144,0.682232,1,5,1,0.826436,0.704755,0.700477,0.698791,-0.266998,-0.242897
130_bNAb_Combinations|1313992|sample|5|RHPA4259.7|5371,0.003072,0.897884,2,5,1,0.954213,0.867509,0.847004,0.844592,0.618572,0.649712
130_bNAb_Combinations|1313992|sample|5|RHPA4259.7|5371,0.01536,0.905895,3,5,1,0.987921,0.940545,0.873629,0.864599,0.38056,0.49205
130_bNAb_Combinations|1313992|sample|5|RHPA4259.7|5371,0.0768,0.832025,4,5,1,0.996814,0.97332,0.769226,0.747972,0.838822,1.15384
130_bNAb_Combinations|1313992|sample|5|RHPA4259.7|5371,0.384,0.471151,5,5,1,0.996814,0.97332,0.460277,0.432956,0.238929,0.889971
130_bNAb_Combinations|1313992|sample|5|RHPA4259.7|5371,1.92,0.0757807,6,5,1,0.987921,0.940545,0.09748,0.0884951,-1.96444,-1.24743
130_bNAb_Combinations|1313992|sample|5|RHPA4259.7|5371,9.6,0.0066797,7,5,1,0.954213,0.867509,0.00518726,0.00489322,0.655225,0.794056
130_bNAb_Combinations|1313992|sample|5|RHPA4259.7|5371,48,0.00155384,8,5,1,0.826436,0.704755,0.00294417,0.0027647,-0.6734,-0.591357
130_bNAb_Combinations|1313992|sample|6|RHPA4259.7|5371,0.0006144,0.679213,1,6,1,0.826436,0.704755,0.698873,0.698223,-0.288342,-0.279063
130_bNAb_Combinations|1313992|sample|6|RHPA4259.7|5371,0.003072,0.909244,2,6,1,0.954213,0.867509,0.841812,0.842789,0.824734,0.811868
130_bNAb_Combinations|1313992|sample|6|RHPA4259.7|5371,0.01536,0.882409,3,6,1,0.987921,0.940545,0.859877,0.859944,0.269916,0.269083
130_bNAb_Combinations|1313992|sample|6|RHPA4259.7|5371,0.0768,0.759665,4,6,1,0.996814,0.97332,0.740247,0.738493,0.269274,0.294272
130_bNAb_Combinations|1313992|sample|6|RHPA4259.7|5371,0.384,0.442039,5,6,1,0.996814,0.97332,0.423955,0.421675,0.429938,0.486638
130_bNAb_Combinations|1313992|sample|6|RHPA4259.7|5371,1.92,0.0812102,6,6,1,0.987921,0.940545,0.0851837,0.0851748,-0.402267,-0.401396
130_bNAb_Combinations|1313992|sample|6|RHPA4259.7|5371,9.6,0.00728695,7,6,1,0.954213,0.867509,0.00416918,0.00502019,1.42949,1.00216
130_bNAb_Combinations|1313992|sample|6|RHPA4259.7|5371,48,0.000660826,8,6,1,0.826436,0.704755,0.00220255,0.00289532,-0.773105,-1.0847
130_bNAb_Combinations|1313992|sample|7|RHPA4259.7|5371,0.0000768,0.658728,1,7,1,0.826436,0.704755,0.696467,0.695392,-0.555377,-0.540362
130_bNAb_Combinations|1313992|sample|7|RHPA4259.7|5371,0.000384,0.835624,2,7,1,0.954213,0.867509,0.830647,0.830196,0.0616666,0.0672906
130_bNAb_Combinations|1313992|sample|7|RHPA4259.7|5371,0.00192,0.789589,3,7,1,0.987921,0.940545,0.817885,0.814317,-0.355974,-0.312421
130_bNAb_Combinations|1313992|sample|7|RHPA4259.7|5371,0.0096,0.635402,4,7,1,0.996814,0.97332,0.617307,0.609445,0.299431,0.434909
130_bNAb_Combinations|1313992|sample|7|RHPA4259.7|5371,0.048,0.221618,5,7,1,0.996814,0.97332,0.227358,0.222035,-0.245468,-0.0182064
130_bNAb_Combinations|1313992|sample|7|RHPA4259.7|5371,0.24,0.0149132,6,7,1,0.987921,0.940545,0.0135238,0.0141323,0.45262,0.2497
130_bNAb_Combinations|1313992|sample|7|RHPA4259.7|5371,1.2,0.00198248,7,7,1,0.954213,0.867509,0.00110023,0.00202859,0.466929,-0.0233133
130_bNAb_Combinations|1313992|sample|7|RHPA4259.7|5371,6,0.00167886,8,7,1,0.826436,0.704755,0.000883473,0.00163524,0.425595,0.0224793
130_bNAb_Combinations|1313992|sample|8|RHPA4259.7|5371,0.0000768,0.639796,1,8,1,0.826436,0.704755,0.700641,0.699196,-0.890201,-0.870809
130_bNAb_Combinations|1313992|sample|8|RHPA4259.7|5371,0.000384,0.832418,2,8,1,0.954213,0.867509,0.845113,0.843118,-0.154675,-0.13067
130_bNAb_Combinations|1313992|sample|8|RHPA4259.7|5371,0.00192,0.855234,3,8,1,0.987921,0.940545,0.857701,0.848931,-0.0296164,0.0764586
130_bNAb_Combinations|1313992|sample|8|RHPA4259.7|5371,0.0096,0.694582,4,8,1,0.996814,0.97332,0.695922,0.675322,-0.019733,0.292069
130_bNAb_Combinations|1313992|sample|8|RHPA4259.7|5371,0.048,0.261848,5,8,1,0.996814,0.97332,0.291594,0.27326,-1.00875,-0.411293
130_bNAb_Combinations|1313992|sample|8|RHPA4259.7|5371,0.24,0.0198069,6,8,1,0.987921,0.940545,0.0171633,0.0169634,0.773986,0.837189
130_bNAb_Combinations|1313992|sample|8|RHPA4259.7|5371,1.2,0.00117877,7,8,1,0.954213,0.867509,0.00025477,0.00140799,0.51074,-0.119463
130_bNAb_Combinations|1313992|sample|8|RHPA4259.7|5371,6,0.000464364,8,8,1,0.826436,0.704755,0.000197038,0.00113283,0.148213,-0.353205
130_bNAb_Combinations|1313992|sample|9|RHPA4259.7|5371,0.0003648,0.59653,1,9,1,0.826436,0.704755,0.678514,0.678616,-1.23755,-1.2389
130_bNAb_Combinations|1313992|sample|9|RHPA4259.7|5371,0.001824,0.754182,2,9,1,0.954213,0.867509,0.761013,0.76408,-0.0922087,-0.13308
130_bNAb_Combinations|1313992|sample|9|RHPA4259.7|5371,0.00912,0.593958,3,9,1,0.987921,0.940545,0.611727,0.616118,-0.29664,-0.367381
130_bNAb_Combinations|1313992|sample|9|RHPA4259.7|5371,0.0456,0.260651,4,9,1,0.996814,0.97332,0.24324,0.246477,0.699441,0.562432
130_bNAb_Combinations|1313992|sample|9|RHPA4259.7|5371,0.228,0.0158598,5,9,1,0.996814,0.97332,0.0152982,0.0159883,0.173441,-0.0388904
130_bNAb_Combinations|1313992|sample|9|RHPA4259.7|5371,1.14,0.000964449,6,9,1,0.987921,0.940545,0.000259347,0.000726922,0.38965,0.128116
130_bNAb_Combinations|1313992|sample|9|RHPA4259.7|5371,5.7,0.000267903,7,9,1,0.954213,0.867509,0.000218942,0.000650353,0.027114,-0.207096
130_bNAb_Combinations|1313992|sample|9|RHPA4259.7|5371,28.5,0.000839428,8,9,1,0.826436,0.704755,0.000178304,0.000528339,0.366908,0.169518
130_bNAb_Combinations|1313992|vc|1|2|RHPA4259.7|5371,0,0.779132,1,2,1,nan,nan,0.705248,0.772049,1.07411,0.0942727
130_bNAb_Combinations|1313992|vc|2|2|RHPA4259.7|5371,0,0.953474,2,2,1,nan,nan,0.865982,0.944844,1.04086,0.0942652
130_bNAb_Combinations|1313992|vc|3|2|RHPA4259.7|5371,0,0.91795,3,2,1,nan,nan,0.865982,0.90964,0.618247,0.0942182
130_bNAb_Combinations|1313992|vc|4|2|RHPA4259.7|5371,0,0.938007,4,2,1,nan,nan,0.865982,0.929516,0.856857,0.0942457
130_bNAb_Combinations|1313992|vc|5|2|RHPA4259.7|5371,0,0.961699,5,2,1,nan,nan,0.865982,0.952995,1.13871,0.0942747
130_bNAb_Combinations|1313992|vc|6|2|RHPA4259.7|5371,0,0.866995,6,2,1,nan,nan,0.865982,0.859142,0.012055,0.094151
130_bNAb_Combinations|1313992|vc|7|2|RHPA4259.7|5371,0,0.852279,7,2,1,nan,nan,0.865982,0.844535,-0.163025,0.0944088
130_bNAb_Combinations|1313992|vc|8|2|RHPA4259.7|5371,0,0.715353,8,2,1,nan,nan,0.705248,0.708844,0.146917,0.0941703
130_bNAb_Combinations|1314016|cc|1|1|nan|3430,0,0.0013549,1,1,0,nan,nan,0,0,0.759071,0.759071
130_bNAb_Combinations|1314016|cc|2|1|nan|3430,0,0.00201049,2,1,0,nan,nan,0,0,1.12636,1.12636
130_bNAb_Combinations|1314016|cc|3|1|nan|3430,0,0.00170455,3,1,0,nan,nan,0,0,0.95496,0.95496
130_bNAb_Combinations|1314016|cc|4|1|nan|3430,0,0.00253497,4,1,0,nan,nan,0,0,1.4202,1.4202
130_bNAb_Combinations|1314016|cc|5|1|nan|3430,0,0.00104895,5,1,0,nan,nan,0,0,0.587668,0.587668
130_bNAb_Combinations|1314016|cc|6|1|nan|3430,0,0.000743007,6,1,0,nan,nan,0,0,0.416265,0.416265
130_bNAb_Combinations|1314016|cc|7|1|nan|3430,0,0,7,1,0,nan,nan,0,0,0,0
130_bNAb_Combinations|1314016|cc|8|1|nan|3430,0,0.00187937,8,1,0,nan,nan,0,0,1.0529,1.0529
130_bNAb_Combinations|1314016|sample|10|nan|3430,0.0003648,0.774781,1,10,1,0.826436,0.905392,0.827506,0.82954,-0.655764,-0.679423
130_bNAb_Combinations|1314016|sample|10|nan|3430,0.001824,0.738134,2,10,1,0.954213,0.986396,0.807705,0.808973,-0.886023,-0.90079
130_bNAb_Combinations|1314016|sample|10|nan|3430,0.00912,0.636976,3,10,1,0.987921,0.998044,0.637526,0.638663,-0.00883599,-0.027019
130_bNAb_Combinations|1314016|sample|10|nan|3430,0.0456,0.400415,4,10,1,0.987921,0.998044,0.369705,0.370999,0.832064,0.794341
130_bNAb_Combinations|1314016|sample|10|nan|3430,0.228,0.120367,5,10,1,0.987921,0.998044,0.120238,0.121348,0.00976797,-0.0737017
130_bNAb_Combinations|1314016|sample|10|nan|3430,1.14,0.0218531,6,10,1,0.987921,0.998044,0.020492,0.0214277,0.364736,0.111353
130_bNAb_Combinations|1314016|sample|10|nan|3430,5.7,0.0119318,7,10,1,0.954213,0.986396,0.00986503,0.0107783,0.759242,0.410668
130_bNAb_Combinations|1314016|sample|10|nan|3430,28.5,0.00895979,8,10,1,0.826436,0.905392,0.00888387,0.00973359,0.0288776,-0.285567
130_bNAb_Combinations|1314016|sample|11|nan|3430,0.0003712,1,1,11,1,0.826436,0.905392,0.873137,0.874271,1.49714,1.48186
130_bNAb_Combinations|1314016|sample|11|nan|3430,0.001856,0.764248,2,11,1,0.954213,0.986396,0.887155,0.886195,-1.428,-1.41835
130_bNAb_Combinations|1314016|sample|11|nan|3430,0.00928,0.669886,3,11,1,0.954213,0.986396,0.714271,0.71182,-0.6373,-0.604133
130_bNAb_Combinations|1314016|sample|11|nan|3430,0.0464,0.36392,4,11,1,0.954213,0.986396,0.373999,0.371314,-0.270079,-0.199487
130_bNAb_Combinations|1314016|sample|11|nan|3430,0.2319999999999999,0.066521,5,11,1,0.954213,0.986396,0.0611839,0.0610514,0.702452,0.721088
130_bNAb_Combinations|1314016|sample|11|nan|3430,1.16,0.00305944,6,11,1,0.954213,0.986396,0.001724,0.0024201,0.68529,0.317315
130_bNAb_Combinations|1314016|sample|11|nan|3430,5.8,0.000437063,7,11,1,0.954213,0.986396,0.00102245,0.0017237,-0.311034,-0.660253
130_bNAb_Combinations|1314016|sample|11|nan|3430,29,0.00227273,8,11,1,0.826436,0.905392,0.000937142,0.001582,0.712702,0.356919
130_bNAb_Combinations|1314016|sample|12|nan|3430,0.0003712,0.984091,1,12,1,0.826436,0.905392,0.874852,0.876183,1.28668,1.26911
130_bNAb_Combinations|1314016|sample|12|nan|3430,0.001856,0.80153,2,12,1,0.826436,0.905392,0.817252,0.817846,-0.197948,-0.205276
130_bNAb_Combinations|1314016|sample|12|nan|3430,0.00928,0.693553,3,12,1,0.826436,0.905392,0.662312,0.661623,0.482798,0.49396
130_bNAb_Combinations|1314016|sample|12|nan|3430,0.0464,0.359899,4,12,1,0.826436,0.905392,0.350926,0.349453,0.255488,0.298611
130_bNAb_Combinations|1314016|sample|12|nan|3430,0.2319999999999999,0.0557255,5,12,1,0.826436,0.905392,0.0578303,0.0575239,-0.289151,-0.248046
130_bNAb_Combinations|1314016|sample|12|nan|3430,1.16,0.000305944,6,12,1,0.826436,0.905392,0.0012391,0.00140182,-0.49045,-0.57133
130_bNAb_Combinations|1314016|sample|12|nan|3430,5.8,0.00104895,7,12,1,0.826436,0.905392,0.000582962,0.000748008,0.25321,0.162146
130_bNAb_Combinations|1314016|sample|12|nan|3430,29,0.00161713,8,12,1,0.826436,0.905392,0.000582834,0.000747877,0.562024,0.468351
130_bNAb_Combinations|1314016|sample|3|nan|3430,0.000064,0.934375,1,3,1,0.826436,0.905392,0.854957,0.853197,0.956728,0.979906
130_bNAb_Combinations|1314016|sample|3|nan|3430,0.00032,0.84434,2,3,1,0.954213,0.986396,0.833998,0.826637,0.127656,0.220412
130_bNAb_Combinations|1314016|sample|3|nan|3430,0.0016,0.64458,3,3,1,0.987921,0.998044,0.606242,0.594117,0.64564,0.866634
130_bNAb_Combinations|1314016|sample|3|nan|3430,0.008,0.217177,4,3,1,0.987921,0.998044,0.239562,0.231389,-0.912018,-0.597983
130_bNAb_Combinations|1314016|sample|3|nan|3430,0.04,0.0300699,5,3,1,0.987921,0.998044,0.0309589,0.029744,-0.188093,0.070691
130_bNAb_Combinations|1314016|sample|3|nan|3430,0.2,0.0116259,6,3,1,0.987921,0.998044,0.011129,0.0105159,0.174834,0.398691
130_bNAb_Combinations|1314016|sample|3|nan|3430,1,0.00983392,7,3,1,0.954213,0.986396,0.0108606,0.0102565,-0.364496,-0.15313
130_bNAb_Combinations|1314016|sample|3|nan|3430,5,0.00957168,8,3,1,0.826436,0.905392,0.00995585,0.00941413,-0.14068,0.0588025
130_bNAb_Combinations|1314016|sample|4|nan|3430,0.000064,0.986801,1,4,1,0.826436,0.905392,0.861653,0.86404,1.49615,1.46364
130_bNAb_Combinations|1314016|sample|4|nan|3430,0.00032,0.92017,2,4,1,0.954213,0.986396,0.849604,0.851757,0.855328,0.827192
130_bNAb_Combinations|1314016|sample|4|nan|3430,0.0016,0.701202,3,4,1,0.987921,0.998044,0.630476,0.633097,1.1466,1.09967
130_bNAb_Combinations|1314016|sample|4|nan|3430,0.008,0.233566,4,4,1,0.996814,0.999719,0.254837,0.256756,-0.818245,-0.885838
130_bNAb_Combinations|1314016|sample|4|nan|3430,0.04,0.0290647,5,4,1,0.996814,0.999719,0.0292239,0.0296463,-0.0349032,-0.126398
130_bNAb_Combinations|1314016|sample|4|nan|3430,0.2,0.0108392,6,4,1,0.987921,0.998044,0.00786651,0.00815517,1.17389,1.04855
130_bNAb_Combinations|1314016|sample|4|nan|3430,1,0.0083042,7,4,1,0.954213,0.986396,0.007647,0.00793759,0.261681,0.144386
130_bNAb_Combinations|1314016|sample|4|nan|3430,5,0.00472028,8,4,1,0.826436,0.905392,0.00700995,0.00728572,-0.934209,-1.03565
130_bNAb_Combinations|1314016|sample|5|nan|3430,0.0006144,0.749082,1,5,1,0.826436,0.905392,0.636304,0.644679,1.81208,1.65633
130_bNAb_Combinations|1314016|sample|5|nan|3430,0.003072,0.389576,2,5,1,0.954213,0.986396,0.38639,0.394413,0.08276,-0.123214
130_bNAb_Combinations|1314016|sample|5|nan|3430,0.01536,0.0907343,3,5,1,0.987921,0.998044,0.0971652,0.0996284,-0.583776,-0.79058
130_bNAb_Combinations|1314016|sample|5|nan|3430,0.0768,0.0207168,4,5,1,0.996814,0.999719,0.0149415,0.0151389,1.80228,1.73052
130_bNAb_Combinations|1314016|sample|5|nan|3430,0.384,0.0156906,5,5,1,0.996814,0.999719,0.0115305,0.0116947,1.44425,1.37979
130_bNAb_Combinations|1314016|sample|5|nan|3430,1.92,0.00690559,6,5,1,0.987921,0.998044,0.011497,0.0116631,-1.59578,-1.6445
130_bNAb_Combinations|1314016|sample|5|nan|3430,9.6,0.00743007,7,5,1,0.954213,0.986396,0.0113562,0.011527,-1.37094,-1.42252
130_bNAb_Combinations|1314016|sample|5|nan|3430,48,0.0101836,8,5,1,0.826436,0.905392,0.0104102,0.0105804,-0.0817057,-0.142231
130_bNAb_Combinations|1314016|sample|6|nan|3430,0.0006144,0.677579,1,6,1,0.826436,0.905392,0.628183,0.621111,0.803632,0.928839
130_bNAb_Combinations|1314016|sample|6|nan|3430,0.003072,0.36038,2,6,1,0.954213,0.986396,0.377741,0.368773,-0.460848,-0.227949
130_bNAb_Combinations|1314016|sample|6|nan|3430,0.01536,0.088243,3,6,1,0.987921,0.998044,0.0945909,0.0906445,-0.589318,-0.230984
130_bNAb_Combinations|1314016|sample|6|nan|3430,0.0768,0.0203234,4,6,1,0.996814,0.999719,0.0148814,0.0131153,1.70129,2.37818
130_bNAb_Combinations|1314016|sample|6|nan|3430,0.384,0.0114948,5,6,1,0.996814,0.999719,0.0115084,0.00977183,-0.00472815,0.63499
130_bNAb_Combinations|1314016|sample|6|nan|3430,1.92,0.00655594,6,6,1,0.987921,0.998044,0.0114741,0.00974132,-1.71064,-1.17523
130_bNAb_Combinations|1314016|sample|6|nan|3430,9.6,0.0083479,7,6,1,0.954213,0.986396,0.0113336,0.00962762,-1.04333,-0.474038
130_bNAb_Combinations|1314016|sample|6|nan|3430,48,0.00467657,8,6,1,0.826436,0.905392,0.0103895,0.00883699,-2.06094,-1.58522
130_bNAb_Combinations|1314016|sample|7|nan|3430,0.0000768,0.664773,1,7,1,0.826436,0.905392,0.884087,0.886628,-2.55678,-2.57914
130_bNAb_Combinations|1314016|sample|7|nan|3430,0.000384,0.829917,2,7,1,0.954213,0.986396,0.933886,0.93623,-1.14872,-1.17173
130_bNAb_Combinations|1314016|sample|7|nan|3430,0.00192,0.764467,3,7,1,0.987921,0.998044,0.873237,0.876537,-1.28348,-1.31754
130_bNAb_Combinations|1314016|sample|7|nan|3430,0.0096,0.770411,4,7,1,0.996814,0.999719,0.719998,0.725081,0.718256,0.641425
130_bNAb_Combinations|1314016|sample|7|nan|3430,0.048,0.49139,5,7,1,0.996814,0.999719,0.450688,0.456313,0.912543,0.777116
130_bNAb_Combinations|1314016|sample|7|nan|3430,0.24,0.156862,6,7,1,0.987921,0.998044,0.154391,0.157114,0.150172,-0.0150909
130_bNAb_Combinations|1314016|sample|7|nan|3430,1.2,0.0207168,7,7,1,0.954213,0.986396,0.0219553,0.0220441,-0.31997,-0.342147
130_bNAb_Combinations|1314016|sample|7|nan|3430,6,0.00895979,8,7,1,0.826436,0.905392,0.00821205,0.00805009,0.2915,0.356781
130_bNAb_Combinations|1314016|sample|8|nan|3430,0.0000768,0.754545,1,8,1,0.826436,0.905392,0.88346,0.88334,-1.50394,-1.50274
130_bNAb_Combinations|1314016|sample|8|nan|3430,0.000384,0.798864,2,8,1,0.954213,0.986396,0.932523,0.928982,-1.47887,-1.44507
130_bNAb_Combinations|1314016|sample|8|nan|3430,0.00192,0.800874,3,8,1,0.987921,0.998044,0.870746,0.862912,-0.826785,-0.740605
130_bNAb_Combinations|1314016|sample|8|nan|3430,0.0096,0.751836,4,8,1,0.996814,0.999719,0.71637,0.703894,0.507779,0.698262
130_bNAb_Combinations|1314016|sample|8|nan|3430,0.048,0.501442,5,8,1,0.996814,0.999719,0.447747,0.434433,1.21146,1.55625
130_bNAb_Combinations|1314016|sample|8|nan|3430,0.24,0.11875,6,8,1,0.987921,0.998044,0.155488,0.149587,-2.21886,-1.92771
130_bNAb_Combinations|1314016|sample|8|nan|3430,1.2,0.0323427,7,8,1,0.954213,0.986396,0.0260096,0.0262971,1.48803,1.41144
130_bNAb_Combinations|1314016|sample|8|nan|3430,6,0.010271,8,8,1,0.826436,0.905392,0.0122059,0.0130459,-0.657108,-0.917535
130_bNAb_Combinations|1314016|sample|9|nan|3430,0.0003648,0.854218,1,9,1,0.826436,0.905392,0.834976,0.833636,0.237224,0.254138
130_bNAb_Combinations|1314016|sample|9|nan|3430,0.001824,0.730004,2,9,1,0.954213,0.986396,0.821599,0.816499,-1.14721,-1.08995
130_bNAb_Combinations|1314016|sample|9|nan|3430,0.00912,0.572749,3,9,1,0.987921,0.998044,0.65741,0.649228,-1.31783,-1.20505
130_bNAb_Combinations|1314016|sample|9|nan|3430,0.0456,0.403955,4,9,1,0.996814,0.999719,0.389536,0.381369,0.371704,0.594107
130_bNAb_Combinations|1314016|sample|9|nan|3430,0.228,0.124956,5,9,1,0.996814,0.999719,0.128986,0.125111,-0.287017,-0.0113335
130_bNAb_Combinations|1314016|sample|9|nan|3430,1.14,0.0266608,6,9,1,0.987921,0.998044,0.0216106,0.0208217,1.31584,1.55168
130_bNAb_Combinations|1314016|sample|9|nan|3430,5.7,0.0117133,7,9,1,0.954213,0.986396,0.010223,0.00975996,0.540698,0.720204
130_bNAb_Combinations|1314016|sample|9|nan|3430,28.5,0.00231643,8,9,1,0.826436,0.905392,0.00921178,0.00879854,-2.59213,-2.47329
130_bNAb_Combinations|1314016|vc|1|2|nan|3430,0,0.961123,1,2,1,nan,nan,0.903541,0.952429,0.657139,0.0942238
130_bNAb_Combinations|1314016|vc|2|2|nan|3430,0,0.986976,2,2,1,nan,nan,0.985647,0.978059,0.0139194,0.0941543
130_bNAb_Combinations|1314016|vc|3|2|nan|3430,0,0.934987,3,2,1,nan,nan,0.985647,0.926537,-0.530884,0.0940839
130_bNAb_Combinations|1314016|vc|4|2|nan|3430,0,0.886582,4,2,1,nan,nan,0.985647,0.878566,-1.03813,0.0940238
130_bNAb_Combinations|1314016|vc|5|2|nan|3430,0,0.904633,5,2,1,nan,nan,0.985647,0.896439,-0.848972,0.0942297
130_bNAb_Combinations|1314016|vc|6|2|nan|3430,0,0.928955,6,2,1,nan,nan,0.985647,0.920559,-0.594089,0.0940837
130_bNAb_Combinations|1314016|vc|7|2|nan|3430,0,0.883566,7,2,1,nan,nan,0.985647,0.875578,-1.06973,0.0940213
130_bNAb_Combinations|1314016|vc|8|2|nan|3430,0,0.902404,8,2,1,nan,nan,0.903541,0.894237,-0.0129756,0.0941479
130_bNAb_Combinations|1314040|cc|1|1|nan|4166,0,0.000767291,1,1,0,nan,nan,0,0,0.42987,0.42987
130_bNAb_Combinations|1314040|cc|2|1|nan|4166,0,0.000630275,2,1,0,nan,nan,0,0,0.353107,0.353107
130_bNAb_Combinations|1314040|cc|3|1|nan|4166,0,0,3,1,0,nan,nan,0,0,0,0
130_bNAb_Combinations|1314040|cc|4|1|nan|4166,0,0.00104132,4,1,0,nan,nan,0,0,0.583395,0.583395
130_bNAb_Combinations|1314040|cc|5|1|nan|4166,0,0.00117834,5,1,0,nan,nan,0,0,0.660157,0.660157
130_bNAb_Combinations|1314040|cc|6|1|nan|4166,0,0.00202784,6,1,0,nan,nan,0,0,1.13608,1.13608
130_bNAb_Combinations|1314040|cc|7|1|nan|4166,0,0.001699,7,1,0,nan,nan,0,0,0.951854,0.951854
130_bNAb_Combinations|1314040|cc|8|1|nan|4166,0,0.00219226,8,1,0,nan,nan,0,0,1.2282,1.2282
130_bNAb_Combinations|1314040|sample|10|nan|4166,0.0003648,0.809588,1,10,1,0.826436,0.886959,0.809203,0.809035,0.00489503,0.0070426
130_bNAb_Combinations|1314040|sample|10|nan|4166,0.001824,0.790529,2,10,1,0.954213,0.970198,0.730588,0.73038,0.841944,0.845093
130_bNAb_Combinations|1314040|sample|10|nan|4166,0.00912,0.456991,3,10,1,0.987921,0.992143,0.419713,0.418971,0.894821,0.914175
130_bNAb_Combinations|1314040|sample|10|nan|4166,0.0456,0.0730023,4,10,1,0.987921,0.992143,0.0818503,0.08198,-0.925412,-0.937769
130_bNAb_Combinations|1314040|sample|10|nan|4166,0.228,0.0016442,5,10,1,0.987921,0.992143,0.00187049,0.00236082,-0.1153,-0.356664
130_bNAb_Combinations|1314040|sample|10|nan|4166,1.14,0.00145237,6,10,1,0.987921,0.992143,0.000390341,0.000883821,0.582886,0.304217
130_bNAb_Combinations|1314040|sample|10|nan|4166,5.7,0.000876905,7,10,1,0.954213,0.970198,0.00038077,0.000863514,0.272435,0.00717224
130_bNAb_Combinations|1314040|sample|10|nan|4166,28.5,0.00142497,8,10,1,0.826436,0.886959,0.00034832,0.000789428,0.592206,0.3417
130_bNAb_Combinations|1314040|sample|11|nan|4166,0.0003712,0.722789,1,11,1,0.826436,0.886959,0.842378,0.841507,-1.4617,-1.45252
130_bNAb_Combinations|1314040|sample|11|nan|4166,0.001856,0.682835,2,11,1,0.954213,0.970198,0.820434,0.818414,-1.72581,-1.70458
130_bNAb_Combinations|1314040|sample|11|nan|4166,0.00928,0.694111,3,11,1,0.954213,0.970198,0.567203,0.563483,2.27957,2.36136
130_bNAb_Combinations|1314040|sample|11|nan|4166,0.0464,0.1565,4,11,1,0.954213,0.970198,0.184535,0.182612,-1.45133,-1.36467
130_bNAb_Combinations|1314040|sample|11|nan|4166,0.2319999999999999,0.0120848,5,11,1,0.954213,0.970198,0.00968348,0.0101386,0.887776,0.708198
130_bNAb_Combinations|1314040|sample|11|nan|4166,1.16,0.000876905,6,11,1,0.954213,0.970198,0.000658999,0.00121096,0.117943,-0.175818
130_bNAb_Combinations|1314040|sample|11|nan|4166,5.8,0.000959114,7,11,1,0.954213,0.970198,0.000641673,0.00119325,0.171971,-0.123339
130_bNAb_Combinations|1314040|sample|11|nan|4166,6,0.00120574,8,11,1,0.826436,0.886959,0.000586989,0.00109087,0.336151,0.0608239
130_bNAb_Combinations|1314040|sample|12|nan|4166,0.0003712,0.634577,1,12,1,0.826436,0.886959,0.811769,0.808998,-2.24557,-2.21785
130_bNAb_Combinations|1314040|sample|12|nan|4166,0.001856,0.570344,2,12,1,0.826436,0.886959,0.688008,0.682612,-1.75227,-1.68478
130_bNAb_Combinations|1314040|sample|12|nan|4166,0.00928,0.44666,3,12,1,0.826436,0.886959,0.432168,0.425603,0.338257,0.49874
130_bNAb_Combinations|1314040|sample|12|nan|4166,0.0464,0.130275,4,12,1,0.826436,0.886959,0.125056,0.122721,0.381914,0.561888
130_bNAb_Combinations|1314040|sample|12|nan|4166,0.2319999999999999,0.00937192,5,12,1,0.826436,0.886959,0.0069377,0.00772072,0.995972,0.655642
130_bNAb_Combinations|1314040|sample|12|nan|4166,1.16,0.000685082,6,12,1,0.826436,0.886959,0.000361871,0.00126923,0.177655,-0.306555
130_bNAb_Combinations|1314040|sample|12|nan|4166,5.8,0.000959114,7,12,1,0.826436,0.886959,0.000337723,0.00124429,0.341983,-0.149844
130_bNAb_Combinations|1314040|sample|12|nan|4166,29,0.00142497,8,12,1,0.826436,0.886959,0.000337716,0.00124428,0.59837,0.0949401
130_bNAb_Combinations|1314040|sample|3|nan|4166,0.000064,0.931259,1,3,1,0.826436,0.886959,0.810986,0.802564,1.52568,1.64924
130_bNAb_Combinations|1314040|sample|3|nan|4166,0.00032,0.9236,2,3,1,0.954213,0.970198,0.791655,0.776612,1.71365,1.94512
130_bNAb_Combinations|1314040|sample|3|nan|4166,0.0016,0.710882,3,3,1,0.987921,0.992143,0.628228,0.606437,1.34462,1.75835
130_bNAb_Combinations|1314040|sample|3|nan|4166,0.008,0.333703,4,3,1,0.987921,0.992143,0.359314,0.339198,-0.712952,-0.161548
130_bNAb_Combinations|1314040|sample|3|nan|4166,0.04,0.08358,5,3,1,0.987921,0.992143,0.112177,0.103752,-2.29839,-1.73272
130_bNAb_Combinations|1314040|sample|3|nan|4166,0.2,0.0126329,6,3,1,0.987921,0.992143,0.0166693,0.0156911,-1.19825,-0.933613
130_bNAb_Combinations|1314040|sample|3|nan|4166,1,0.0107147,7,3,1,0.954213,0.970198,0.00719853,0.00694522,1.42421,1.54184
130_bNAb_Combinations|1314040|sample|3|nan|4166,5,0.00452154,8,3,1,0.826436,0.886959,0.00646719,0.00623245,-0.810906,-0.71976
130_bNAb_Combinations|1314040|sample|4|nan|4166,0.000064,0.849679,1,4,1,0.826436,0.886959,0.827528,0.830038,0.275504,0.243566
130_bNAb_Combinations|1314040|sample|4|nan|4166,0.00032,0.922147,2,4,1,0.954213,0.970198,0.823094,0.82829,1.23843,1.16626
130_bNAb_Combinations|1314040|sample|4|nan|4166,0.0016,0.857325,3,4,1,0.987921,0.992143,0.674756,0.681915,2.7708,2.63495
130_bNAb_Combinations|1314040|sample|4|nan|4166,0.008,0.429779,4,4,1,0.996814,0.997929,0.407706,0.41505,0.54475,0.357366
130_bNAb_Combinations|1314040|sample|4|nan|4166,0.04,0.0907322,5,4,1,0.996814,0.997929,0.133875,0.137636,-2.9746,-3.15614
130_bNAb_Combinations|1314040|sample|4|nan|4166,0.2,0.0240601,6,4,1,0.987921,0.992143,0.0195741,0.0204607,1.23087,0.96528
130_bNAb_Combinations|1314040|sample|4|nan|4166,1,0.0110435,7,4,1,0.954213,0.970198,0.00829235,0.00887455,1.06935,0.825307
130_bNAb_Combinations|1314040|sample|4|nan|4166,5,0.00460375,8,4,1,0.826436,0.886959,0.00746559,0.00799274,-1.14739,-1.332
130_bNAb_Combinations|1314040|sample|5|nan|4166,0.0006144,0.779376,1,5,1,0.826436,0.886959,0.663347,0.656849,1.7904,1.90886
130_bNAb_Combinations|1314040|sample|5|nan|4166,0.003072,0.614409,2,5,1,0.954213,0.970198,0.507702,0.499326,2.13332,2.33796
130_bNAb_Combinations|1314040|sample|5|nan|4166,0.01536,0.200195,3,5,1,0.987921,0.992143,0.241907,0.235501,-1.68418,-1.46143
130_bNAb_Combinations|1314040|sample|5|nan|4166,0.0768,0.0378713,4,5,1,0.996814,0.997929,0.0553234,0.053446,-2.47866,-2.26951
130_bNAb_Combinations|1314040|sample|5|nan|4166,0.384,0.0177847,5,5,1,0.996814,0.997929,0.0112545,0.0108434,2.28795,2.46572
130_bNAb_Combinations|1314040|sample|5|nan|4166,1.92,0.0106325,6,5,1,0.987921,0.992143,0.00908878,0.00873255,0.582873,0.726665
130_bNAb_Combinations|1314040|sample|5|nan|4166,9.6,0.00548065,7,5,1,0.954213,0.970198,0.00887105,0.0085268,-1.29024,-1.17384
130_bNAb_Combinations|1314040|sample|5|nan|4166,48,0.00260331,8,5,1,0.826436,0.886959,0.00811504,0.00779523,-2.15647,-2.05578
130_bNAb_Combinations|1314040|sample|6|nan|4166,0.0006144,0.836677,1,6,1,0.826436,0.886959,0.686186,0.670836,2.24693,2.53123
130_bNAb_Combinations|1314040|sample|6|nan|4166,0.003072,0.59672,2,6,1,0.954213,0.970198,0.538515,0.51767,1.09931,1.55102
130_bNAb_Combinations|1314040|sample|6|nan|4166,0.01536,0.231763,3,6,1,0.987921,0.992143,0.264646,0.248495,-1.22117,-0.658918
130_bNAb_Combinations|1314040|sample|6|nan|4166,0.0768,0.0379261,4,6,1,0.996814,0.997929,0.0605274,0.0561105,-2.99937,-2.55552
130_bNAb_Combinations|1314040|sample|6|nan|4166,0.384,0.0173463,5,6,1,0.996814,0.997929,0.0106523,0.0102116,2.39331,2.58964
130_bNAb_Combinations|1314040|sample|6|nan|4166,1.92,0.00800175,6,6,1,0.987921,0.992143,0.00829275,0.00799151,-0.113107,0.00402721
130_bNAb_Combinations|1314040|sample|6|nan|4166,9.6,0.00649457,7,6,1,0.954213,0.970198,0.00809383,0.00780265,-0.626203,-0.517796
130_bNAb_Combinations|1314040|sample|6|nan|4166,48,0.00227447,8,6,1,0.826436,0.886959,0.00740406,0.00713321,-2.06143,-1.97299
130_bNAb_Combinations|1314040|sample|7|nan|4166,0.0000768,0.895881,1,7,1,0.826436,0.886959,0.874851,0.874485,0.247711,0.252122
130_bNAb_Combinations|1314040|sample|7|nan|4166,0.000384,1,2,7,1,0.954213,0.970198,0.923092,0.921927,0.859462,0.873561
130_bNAb_Combinations|1314040|sample|7|nan|4166,0.00192,0.885057,3,7,1,0.987921,0.992143,0.830774,0.826128,0.672551,0.73412
130_bNAb_Combinations|1314040|sample|7|nan|4166,0.0096,0.541804,4,7,1,0.996814,0.997929,0.529666,0.52224,0.232946,0.380619
130_bNAb_Combinations|1314040|sample|7|nan|4166,0.048,0.108462,5,7,1,0.996814,0.997929,0.115091,0.112903,-0.521183,-0.354944
130_bNAb_Combinations|1314040|sample|7|nan|4166,0.24,0.00367204,6,7,1,0.987921,0.992143,0.00207239,0.00296167,0.80716,0.343783
130_bNAb_Combinations|1314040|sample|7|nan|4166,1.2,0.00134276,7,7,1,0.954213,0.970198,0.000568423,0.0014578,0.421077,-0.0598099
130_bNAb_Combinations|1314040|sample|7|nan|4166,6,0.00120574,8,7,1,0.826436,0.886959,0.000519797,0.00133253,0.373951,-0.0663264
130_bNAb_Combinations|1314040|sample|8|nan|4166,0.0000768,0.844966,1,8,1,0.826436,0.886959,0.877371,0.876195,-0.380614,-0.367277
130_bNAb_Combinations|1314040|sample|8|nan|4166,0.000384,0.936,2,8,1,0.954213,0.970198,0.931124,0.927265,0.0540311,0.097181
130_bNAb_Combinations|1314040|sample|8|nan|4166,0.00192,0.95599,3,8,1,0.987921,0.992143,0.851342,0.839455,1.26591,1.42923
130_bNAb_Combinations|1314040|sample|8|nan|4166,0.0096,0.549326,4,8,1,0.996814,0.997929,0.562907,0.543114,-0.245751,0.116359
130_bNAb_Combinations|1314040|sample|8|nan|4166,0.048,0.117697,5,8,1,0.996814,0.997929,0.1287,0.121463,-0.785272,-0.282634
130_bNAb_Combinations|1314040|sample|8|nan|4166,0.24,0.00523402,6,8,1,0.987921,0.992143,0.00242962,0.00370122,1.39123,0.717411
130_bNAb_Combinations|1314040|sample|8|nan|4166,1.2,0.00183602,7,8,1,0.954213,0.970198,0.000835377,0.00213254,0.536737,-0.149189
130_bNAb_Combinations|1314040|sample|8|nan|4166,29,0.00120574,8,8,1,0.826436,0.886959,0.000764049,0.00194941,0.237787,-0.377468
130_bNAb_Combinations|1314040|sample|9|nan|4166,0.0003648,0.860586,1,9,1,0.826436,0.886959,0.83982,0.839337,0.254577,0.260634
130_bNAb_Combinations|1314040|sample|9|nan|4166,0.001824,0.800655,2,9,1,0.954213,0.970198,0.801436,0.800287,-0.0100193,0.00472728
130_bNAb_Combinations|1314040|sample|9|nan|4166,0.00912,0.529856,3,9,1,0.987921,0.992143,0.514234,0.511766,0.308496,0.358897
130_bNAb_Combinations|1314040|sample|9|nan|4166,0.0456,0.113285,4,9,1,0.996814,0.997929,0.114415,0.113971,-0.0892678,-0.0544171
130_bNAb_Combinations|1314040|sample|9|nan|4166,0.228,0.00408309,5,9,1,0.996814,0.997929,0.00227067,0.00308081,0.905907,0.482413
130_bNAb_Combinations|1314040|sample|9|nan|4166,1.14,0.000959114,6,9,1,0.987921,0.992143,0.000511199,0.00132758,0.244295,-0.192808
130_bNAb_Combinations|1314040|sample|9|nan|4166,5.7,0.00134276,7,9,1,0.954213,0.970198,0.00049929,0.00129785,0.460315,0.0235336
130_bNAb_Combinations|1314040|sample|9|nan|4166,28.5,0.00109613,8,9,1,0.826436,0.886959,0.00045674,0.0011865,0.349712,-0.0476226
130_bNAb_Combinations|1314040|vc|1|2|nan|4166,0,0.872575,1,2,1,nan,nan,0.886648,0.864673,-0.163598,0.0941411
130_bNAb_Combinations|1314040|vc|2|2|nan|4166,0,0.811123,2,2,1,nan,nan,0.969248,0.803792,-1.68454,0.0938097
130_bNAb_Combinations|1314040|vc|3|2|nan|4166,0,0.8264,3,2,1,nan,nan,0.969248,0.818922,-1.52178,0.0939614
130_bNAb_Combinations|1314040|vc|4|2|nan|4166,0,0.88503,4,2,1,nan,nan,0.969248,0.877026,-0.897192,0.094042
130_bNAb_Combinations|1314040|vc|5|2|nan|4166,0,0.762811,5,2,1,nan,nan,0.969248,0.755898,-2.19921,0.0939281
130_bNAb_Combinations|1314040|vc|6|2|nan|4166,0,0.755714,6,2,1,nan,nan,0.969248,0.748869,-2.27482,0.0938513
130_bNAb_Combinations|1314040|vc|7|2|nan|4166,0,0.742903,7,2,1,nan,nan,0.969248,0.736173,-2.4113,0.0938311
130_bNAb_Combinations|1314040|vc|8|2|nan|4166,0,0.592911,8,2,1,nan,nan,132539,0.587515,-10.5257,0.0936664
130_bNAb_Combinations|1314058|cc|1|1|nan|2944,0,0.00196858,1,1,0,nan,nan,0,0,1.10288,1.10288
130_bNAb_Combinations|1314058|cc|2|1|nan|2944,0,0.000401752,2,1,0,nan,nan,0,0,0.225079,0.225079
130_bNAb_Combinations|1314058|cc|3|1|nan|2944,0,0.00192841,3,1,0,nan,nan,0,0,1.08038,1.08038
130_bNAb_Combinations|1314058|cc|4|1|nan|2944,0,0.00156683,4,1,0,nan,nan,0,0,0.877806,0.877806
130_bNAb_Combinations|1314058|cc|5|1|nan|2944,0,0.00192841,5,1,0,nan,nan,0,0,1.08038,1.08038
130_bNAb_Combinations|1314058|cc|6|1|nan|2944,0,0.00273191,6,1,0,nan,nan,0,0,1.53053,1.53053
130_bNAb_Combinations|1314058|cc|7|1|nan|2944,0,0.00228998,7,1,0,nan,nan,0,0,1.28295,1.28295
130_bNAb_Combinations|1314058|cc|8|1|nan|2944,0,0,8,1,0,nan,nan,0,0,0,0
130_bNAb_Combinations|1314058|sample|10|nan|2944,0.0003648,0.569001,1,10,1,0.826436,0.761862,0.733222,0.726696,-2.29858,-2.22655
130_bNAb_Combinations|1314058|sample|10|nan|2944,0.001824,0.774678,2,10,1,0.954213,0.937178,0.789195,0.788506,-0.189127,-0.180305
130_bNAb_Combinations|1314058|sample|10|nan|2944,0.00912,0.604516,3,10,1,0.987921,0.983427,0.527427,0.526608,1.48552,1.50356
130_bNAb_Combinations|1314058|sample|10|nan|2944,0.0456,0.103933,4,10,1,0.987921,0.983427,0.112143,0.112222,-0.660033,-0.665931
130_bNAb_Combinations|1314058|sample|10|nan|2944,0.228,0.00494155,5,10,1,0.987921,0.983427,0.00264374,0.00332357,1.12853,0.770211
130_bNAb_Combinations|1314058|sample|10|nan|2944,1.14,0.00176771,6,10,1,0.987921,0.983427,0.00164308,0.00232781,0.0642087,-0.2792
130_bNAb_Combinations|1314058|sample|10|nan|2944,5.7,0.00212928,7,10,1,0.954213,0.937178,0.0015665,0.00221831,0.29103,-0.0446101
130_bNAb_Combinations|1314058|sample|10|nan|2944,28.5,0.00152666,8,10,1,0.826436,0.761862,0.00128452,0.00180334,0.126976,-0.141433
130_bNAb_Combinations|1314058|sample|11|nan|2944,0.0003712,0.654956,1,11,1,0.826436,0.761862,0.751092,0.743798,-1.31437,-1.22627
130_bNAb_Combinations|1314058|sample|11|nan|2944,0.001856,0.910209,2,11,1,0.954213,0.937178,0.875121,0.872665,0.41316,0.443291
130_bNAb_Combinations|1314058|sample|11|nan|2944,0.00928,0.826323,3,11,1,0.954213,0.937178,0.76371,0.758643,0.842229,0.916326
130_bNAb_Combinations|1314058|sample|11|nan|2944,0.0464,0.531096,4,11,1,0.954213,0.937178,0.511056,0.5038,0.398108,0.549769
130_bNAb_Combinations|1314058|sample|11|nan|2944,0.2319999999999999,0.155357,5,11,1,0.954213,0.937178,0.162407,0.15852,-0.409531,-0.187749
130_bNAb_Combinations|1314058|sample|11|nan|2944,1.16,0.00719135,6,11,1,0.954213,0.937178,0.00822264,0.00850049,-0.401882,-0.504966
130_bNAb_Combinations|1314058|sample|11|nan|2944,5.8,0.000964204,7,11,1,0.954213,0.937178,0.000218708,0.00075424,0.412853,0.113091
130_bNAb_Combinations|1314058|sample|11|nan|2944,29,0.00116508,8,11,1,0.826436,0.761862,0.000170254,0.000604101,0.552339,0.304494
130_bNAb_Combinations|1314058|sample|12|nan|2944,0.0003712,0.691174,1,12,1,0.826436,0.761862,0.754924,0.747987,-0.867281,-0.779892
130_bNAb_Combinations|1314058|sample|12|nan|2944,0.001856,0.787493,2,12,1,0.826436,0.761862,0.72693,0.71954,0.854856,0.96876
130_bNAb_Combinations|1314058|sample|12|nan|2944,0.00928,0.705837,3,12,1,0.826436,0.761862,0.646168,0.63812,0.944521,1.08505
130_bNAb_Combinations|1314058|sample|12|nan|2944,0.0464,0.438512,4,12,1,0.826436,0.761862,0.449392,0.441721,-0.244605,-0.073342
130_bNAb_Combinations|1314058|sample|12|nan|2944,0.2319999999999999,0.141899,5,12,1,0.826436,0.761862,0.151897,0.14859,-0.616582,-0.420777
130_bNAb_Combinations|1314058|sample|12|nan|2944,1.16,0.0106062,6,12,1,0.826436,0.761862,0.00799291,0.00859864,1.02713,0.771605
130_bNAb_Combinations|1314058|sample|12|nan|2944,5.8,0.000763328,7,12,1,0.826436,0.761862,0.000293751,0.0011433,0.259027,-0.200668
130_bNAb_Combinations|1314058|sample|12|nan|2944,29,0.000682978,8,12,1,0.826436,0.761862,0.000284886,0.00113449,0.219697,-0.238554
130_bNAb_Combinations|1314058|sample|3|nan|2944,0.000064,0.7568,1,3,1,0.826436,0.761862,0.698485,0.687919,0.855751,1.02591
130_bNAb_Combinations|1314058|sample|3|nan|2944,0.00032,0.711502,2,3,1,0.954213,0.937178,0.716742,0.706472,-0.0749822,0.0730004
130_bNAb_Combinations|1314058|sample|3|nan|2944,0.0016,0.556567,3,3,1,0.987921,0.983427,0.46783,0.454861,1.91941,2.26017
130_bNAb_Combinations|1314058|sample|3|nan|2944,0.008,0.0999156,4,3,1,0.987921,0.983427,0.136726,0.130467,-2.49148,-2.15457
130_bNAb_Combinations|1314058|sample|3|nan|2944,0.04,0.00779398,5,3,1,0.987921,0.983427,0.012416,0.0113958,-1.5591,-1.25603
130_bNAb_Combinations|1314058|sample|3|nan|2944,0.2,0.0069503,6,3,1,0.987921,0.983427,0.00582428,0.00504057,0.481564,0.843588
130_bNAb_Combinations|1314058|sample|3|nan|2944,1,0.00361576,7,3,1,0.954213,0.937178,0.00553421,0.00478409,-0.83024,-0.521703
130_bNAb_Combinations|1314058|sample|3|nan|2944,5,0.00610662,8,3,1,0.826436,0.761862,0.004538,0.00388914,0.707838,1.02927
130_bNAb_Combinations|1314058|sample|4|nan|2944,0.000064,0.636756,1,4,1,0.826436,0.761862,0.68642,0.681342,-0.74127,-0.670305
130_bNAb_Combinations|1314058|sample|4|nan|2944,0.00032,0.746153,2,4,1,0.954213,0.937178,0.690504,0.692213,0.825821,0.798538
130_bNAb_Combinations|1314058|sample|4|nan|2944,0.0016,0.537845,3,4,1,0.987921,0.983427,0.435574,0.437664,2.36922,2.31016
130_bNAb_Combinations|1314058|sample|4|nan|2944,0.008,0.0750874,4,4,1,0.996814,0.995628,0.124714,0.1252,-3.64008,-3.66333
130_bNAb_Combinations|1314058|sample|4|nan|2944,0.04,0.0161906,5,4,1,0.996814,0.995628,0.0124829,0.0120134,1.24801,1.42749
130_bNAb_Combinations|1314058|sample|4|nan|2944,0.2,0.00445944,6,4,1,0.987921,0.983427,0.00634431,0.00583899,-0.789414,-0.58963
130_bNAb_Combinations|1314058|sample|4|nan|2944,1,0.0061468,7,4,1,0.954213,0.937178,0.00602819,0.00554397,0.0503066,0.26078
130_bNAb_Combinations|1314058|sample|4|nan|2944,5,0.00337471,8,4,1,0.826436,0.761862,0.00494306,0.00450686,-0.695635,-0.511564
130_bNAb_Combinations|1314058|sample|5|nan|2944,0.0006144,0.421638,1,5,1,0.826436,0.761862,0.413284,0.422034,0.203533,-0.00943937
130_bNAb_Combinations|1314058|sample|5|nan|2944,0.003072,0.241091,2,5,1,0.954213,0.937178,0.214432,0.225009,1.20317,0.694358
130_bNAb_Combinations|1314058|sample|5|nan|2944,0.01536,0.0357559,3,5,1,0.987921,0.983427,0.0372417,0.0397189,-0.279127,-0.712973
130_bNAb_Combinations|1314058|sample|5|nan|2944,0.0768,0.0111687,4,5,1,0.996814,0.995628,0.00551474,0.00616615,2.4488,2.11011
130_bNAb_Combinations|1314058|sample|5|nan|2944,0.384,0.00397734,5,5,1,0.996814,0.995628,0.00472755,0.0053639,-0.335801,-0.604289
130_bNAb_Combinations|1314058|sample|5|nan|2944,1.92,0.0050219,6,5,1,0.987921,0.983427,0.00466676,0.00529659,0.159375,-0.120051
130_bNAb_Combinations|1314058|sample|5|nan|2944,9.6,0.00289261,7,5,1,0.954213,0.937178,0.00444933,0.0050475,-0.705148,-0.951604
130_bNAb_Combinations|1314058|sample|5|nan|2944,48,0.00337471,8,5,1,0.826436,0.761862,0.00364841,0.00410327,-0.128403,-0.335004
130_bNAb_Combinations|1314058|sample|6|nan|2944,0.0006144,0.459122,1,6,1,0.826436,0.761862,0.386463,0.378659,1.88719,2.13094
130_bNAb_Combinations|1314058|sample|6|nan|2944,0.003072,0.181552,2,6,1,0.954213,0.937178,0.193162,0.189777,-0.576585,-0.415099
130_bNAb_Combinations|1314058|sample|6|nan|2944,0.01536,0.0224981,3,6,1,0.987921,0.983427,0.0331628,0.0326361,-2.16079,-2.07511
130_bNAb_Combinations|1314058|sample|6|nan|2944,0.0768,0.00879836,4,6,1,0.996814,0.995628,0.0050927,0.00513616,1.63333,1.61125
130_bNAb_Combinations|1314058|sample|6|nan|2944,0.384,0.00377647,5,6,1,0.996814,0.995628,0.00433719,0.00438574,-0.255225,-0.276742
130_bNAb_Combinations|1314058|sample|6|nan|2944,1.92,0.00425857,6,6,1,0.987921,0.983427,0.0042809,0.0043298,-0.010188,-0.0324331
130_bNAb_Combinations|1314058|sample|6|nan|2944,9.6,0.00349524,7,6,1,0.954213,0.937178,0.00408145,0.00412618,-0.269806,-0.289826
130_bNAb_Combinations|1314058|sample|6|nan|2944,48,0.00317384,8,6,1,0.826436,0.761862,0.00334675,0.0033543,-0.0822249,-0.0857859
130_bNAb_Combinations|1314058|sample|7|nan|2944,0.0000768,0.772267,1,7,1,0.826436,0.761862,0.75775,0.748535,0.196777,0.325542
130_bNAb_Combinations|1314058|sample|7|nan|2944,0.000384,0.792997,2,7,1,0.954213,0.937178,0.890586,0.881301,-1.12956,-1.03263
130_bNAb_Combinations|1314058|sample|7|nan|2944,0.00192,0.847113,3,7,1,0.987921,0.983427,0.817247,0.794486,0.376016,0.681125
130_bNAb_Combinations|1314058|sample|7|nan|2944,0.0096,0.388996,4,7,1,0.996814,0.995628,0.514082,0.47943,-2.47081,-1.91058
130_bNAb_Combinations|1314058|sample|7|nan|2944,0.048,0.102889,5,7,1,0.996814,0.995628,0.104491,0.0922129,-0.136801,1.01234
130_bNAb_Combinations|1314058|sample|7|nan|2944,0.24,0.00903941,6,7,1,0.987921,0.983427,0.00605992,0.00621799,1.26214,1.18763
130_bNAb_Combinations|1314058|sample|7|nan|2944,1.2,0.00305331,7,7,1,0.954213,0.937178,0.00504593,0.00527038,-0.880003,-0.969992
130_bNAb_Combinations|1314058|sample|7|nan|2944,6,0.00325419,8,7,1,0.826436,0.761862,0.0041376,0.00428444,-0.405601,-0.470009
130_bNAb_Combinations|1314058|sample|8|nan|2944,0.0000768,0.84412,1,8,1,0.826436,0.761862,0.762704,0.755389,1.09658,1.2064
130_bNAb_Combinations|1314058|sample|8|nan|2944,0.000384,0.940119,2,8,1,0.954213,0.937178,0.90888,0.905846,0.354449,0.390156
130_bNAb_Combinations|1314058|sample|8|nan|2944,0.00192,0.824917,3,8,1,0.987921,0.983427,0.867689,0.859081,-0.50787,-0.409637
130_bNAb_Combinations|1314058|sample|8|nan|2944,0.0096,0.591097,4,8,1,0.996814,0.995628,0.601747,0.584805,-0.180647,0.109727
130_bNAb_Combinations|1314058|sample|8|nan|2944,0.048,0.135872,5,8,1,0.996814,0.995628,0.140562,0.133103,-0.309754,0.191923
130_bNAb_Combinations|1314058|sample|8|nan|2944,0.24,0.00361576,6,8,1,0.987921,0.983427,0.00265537,0.00404402,0.471428,-0.197432
130_bNAb_Combinations|1314058|sample|8|nan|2944,1.2,0.00329436,7,8,1,0.954213,0.937178,0.00154636,0.00292735,0.904831,0.177896
130_bNAb_Combinations|1314058|sample|8|nan|2944,6,0.00289261,8,8,1,0.826436,0.761862,0.001268,0.00237973,0.852634,0.255034
130_bNAb_Combinations|1314058|sample|9|nan|2944,0.0003648,0.631373,1,9,1,0.826436,0.761862,0.723799,0.719701,-1.31009,-1.25895
130_bNAb_Combinations|1314058|sample|9|nan|2944,0.001824,0.855028,2,9,1,0.954213,0.937178,0.76162,0.767719,1.25984,1.16845
130_bNAb_Combinations|1314058|sample|9|nan|2944,0.00912,0.528323,3,9,1,0.987921,0.983427,0.483197,0.492963,0.946221,0.727295
130_bNAb_Combinations|1314058|sample|9|nan|2944,0.0456,0.0948536,4,9,1,0.996814,0.995628,0.096488,0.100612,-0.149237,-0.507606
130_bNAb_Combinations|1314058|sample|9|nan|2944,0.228,0.00401752,5,9,1,0.996814,0.995628,0.00309016,0.00387962,0.446162,0.0640314
130_bNAb_Combinations|1314058|sample|9|nan|2944,1.14,0.00309349,6,9,1,0.987921,0.983427,0.00218907,0.00294343,0.453816,0.0726824
130_bNAb_Combinations|1314058|sample|9|nan|2944,5.7,0.00200876,7,9,1,0.954213,0.937178,0.00208705,0.00280497,-0.0394769,-0.388128
130_bNAb_Combinations|1314058|sample|9|nan|2944,28.5,0.00369612,8,9,1,0.826436,0.761862,0.00171136,0.00228025,1.01911,0.707375
130_bNAb_Combinations|1314058|vc|1|2|nan|2944,0,0.691535,1,2,1,nan,nan,0.768446,0.685242,-1.02834,0.0940799
130_bNAb_Combinations|1314058|vc|2|2|nan|2944,0,0.932385,2,2,1,nan,nan,0.93714,0.923854,-0.0523515,0.0952642
130_bNAb_Combinations|1314058|vc|3|2|nan|2944,0,1,3,2,1,nan,nan,0.93714,0.99096,0.692157,0.0942292
130_bNAb_Combinations|1314058|vc|4|2|nan|2944,0,0.97479,4,2,1,nan,nan,0.93714,0.965977,0.41457,0.0941999
130_bNAb_Combinations|1314058|vc|5|2|nan|2944,0,0.982805,5,2,1,nan,nan,0.93714,0.97392,0.502823,0.0942093
130_bNAb_Combinations|1314058|vc|6|2|nan|2944,0,0.897594,6,2,1,nan,nan,0.93714,0.889514,-0.435444,0.0936296
130_bNAb_Combinations|1314058|vc|7|2|nan|2944,0,0.932385,7,2,1,nan,nan,0.93714,0.923953,-0.0523515,0.0941443
130_bNAb_Combinations|1314058|vc|8|2|nan|2944,0,0.756117,8,2,1,nan,nan,0.768446,0.749247,-0.164851,0.0941408
130_bNAb_Combinations|1342240|cc|1|1|nan|1798,0,0.000747678,1,1,0,nan,nan,0,0,0.418881,0.418881
130_bNAb_Combinations|1342240|cc|2|1|nan|1798,0,0.000889479,2,1,0,nan,nan,0,0,0.498324,0.498324
130_bNAb_Combinations|1342240|cc|3|1|nan|1798,0,0.00106995,3,1,0,nan,nan,0,0,0.599434,0.599434
130_bNAb_Combinations|1342240|cc|4|1|nan|1798,0,0.0011473,4,1,0,nan,nan,0,0,0.642766,0.642766
130_bNAb_Combinations|1342240|cc|5|1|nan|1798,0,0.00125043,5,1,0,nan,nan,0,0,0.700543,0.700543
130_bNAb_Combinations|1342240|cc|6|1|nan|1798,0,0.00109574,6,1,0,nan,nan,0,0,0.613878,0.613878
130_bNAb_Combinations|1342240|cc|7|1|nan|1798,0,0.00113441,7,1,0,nan,nan,0,0,0.635544,0.635544
130_bNAb_Combinations|1342240|cc|8|1|nan|1798,0,0.00134066,8,1,0,nan,nan,0,0,0.751098,0.751098
130_bNAb_Combinations|1342240|sample|3|nan|1798,0.0010624,0.835221,1,3,1,0.826436,0.826419,0.820803,0.823367,0.180749,0.14816
130_bNAb_Combinations|1342240|sample|3|nan|1798,0.005312,0.877793,2,3,1,0.954213,0.954209,0.937272,0.939807,-0.654832,-0.68093
130_bNAb_Combinations|1342240|sample|3|nan|1798,0.02656,0.931355,3,3,1,0.987921,0.98792,0.92547,0.928147,0.0656045,0.0356611
130_bNAb_Combinations|1342240|sample|3|nan|1798,0.1328,0.830071,4,3,1,0.987921,0.98792,0.760623,0.765841,0.937871,0.861633
130_bNAb_Combinations|1342240|sample|3|nan|1798,0.664,0.362418,5,3,1,0.987921,0.98792,0.352332,0.358048,0.286036,0.12204
130_bNAb_Combinations|1342240|sample|3|nan|1798,3.32,0.0234358,6,3,1,0.987921,0.98792,0.0233636,0.0244339,0.0180302,-0.243064
130_bNAb_Combinations|1342240|sample|3|nan|1798,83,0.000966825,8,3,1,0.826436,0.826419,0.000333313,0.00083448,0.348734,0.0709923
130_bNAb_Combinations|1342240|sample|4|nan|1798,0.0010624,0.808053,1,4,1,0.826436,0.826419,0.821045,0.823067,-0.162828,-0.187725
130_bNAb_Combinations|1342240|sample|4|nan|1798,0.005312,0.88955,2,4,1,0.954213,0.954209,0.938207,0.938655,-0.535164,-0.539845
130_bNAb_Combinations|1342240|sample|4|nan|1798,0.02656,0.902873,3,4,1,0.987921,0.98792,0.928453,0.924496,-0.284244,-0.241291
130_bNAb_Combinations|1342240|sample|4|nan|1798,0.1328,0.803702,4,4,1,0.996814,0.996813,0.775261,0.763771,0.377017,0.537093
130_bNAb_Combinations|1342240|sample|4|nan|1798,0.664,0.370758,5,4,1,0.996814,0.996813,0.364106,0.350897,0.182875,0.565496
130_bNAb_Combinations|1342240|sample|4|nan|1798,3.32,0.0203936,6,4,1,0.987921,0.98792,0.0240442,0.0229331,-0.897127,-0.640708
130_bNAb_Combinations|1342240|sample|4|nan|1798,16.6,3.8673e-05,7,4,1,0.954213,0.954209,0.000298477,0.000395083,-0.143277,-0.195564
130_bNAb_Combinations|1342240|sample|4|nan|1798,83,0.000747678,8,4,1,0.826436,0.826419,0.000246525,0.000329903,0.277131,0.230016
130_bNAb_Combinations|1342240|sample|8|nan|1798,16.6,0.000721896,7,8,1,0.954213,0.954209,0.000395491,0.000938848,0.179096,-0.115761
130_bNAb_Combinations|1342240|vc|1|2|nan|1798,0,0.862537,1,2,1,nan,nan,0.823996,0.854719,0.48135,0.0942043
130_bNAb_Combinations|1342240|vc|2|2|nan|1798,0,0.923324,2,2,1,nan,nan,0.95222,0.914977,-0.313228,0.0940936
130_bNAb_Combinations|1342240|vc|3|2|nan|1798,0,0.944627,3,2,1,nan,nan,0.95222,0.936078,-0.0823094,0.0942358
130_bNAb_Combinations|1342240|vc|4|2|nan|1798,0,1,4,2,1,nan,nan,0.95222,0.990963,0.517939,0.0942075
130_bNAb_Combinations|1342240|vc|5|2|nan|1798,0,0.995817,5,2,1,nan,nan,0.95222,0.954209,0.472594,0.450111
130_bNAb_Combinations|1342240|vc|6|2|nan|1798,0,0.979742,6,2,1,nan,nan,0.95222,0.970886,0.298339,0.0941884
130_bNAb_Combinations|1342240|vc|7|2|nan|1798,0,0.912625,7,2,1,nan,nan,0.95222,0.904372,-0.429211,0.094099
130_bNAb_Combinations|1342240|vc|8|2|nan|1798,0,0.732654,8,2,1,nan,nan,0.823996,0.726002,-1.1408,0.0940079
130_bNAb_Combinations|1342258|cc|1|1|TRO.11|8301,0,0.000586773,1,1,0,nan,nan,0,0,0.328735,0.328735
130_bNAb_Combinations|1342258|cc|2|1|TRO.11|8301,0,0.000602214,2,1,0,nan,nan,0,0,0.337386,0.337386
130_bNAb_Combinations|1342258|cc|3|1|TRO.11|8301,0,0.000756628,3,1,0,nan,nan,0,0,0.423896,0.423896
130_bNAb_Combinations|1342258|cc|4|1|TRO.11|8301,0,0.000694863,4,1,0,nan,nan,0,0,0.389292,0.389292
130_bNAb_Combinations|1342258|cc|5|1|TRO.11|8301,0,0.000957366,5,1,0,nan,nan,0,0,0.536358,0.536358
130_bNAb_Combinations|1342258|cc|6|1|TRO.11|8301,0,0.000648538,6,1,0,nan,nan,0,0,0.363339,0.363339
130_bNAb_Combinations|1342258|cc|7|1|TRO.11|8301,0,0.00103457,7,1,0,nan,nan,0,0,0.579612,0.579612
130_bNAb_Combinations|1342258|cc|8|1|TRO.11|8301,0,0.00112722,8,1,0,nan,nan,0,0,0.631518,0.631518
130_bNAb_Combinations|1342258|sample|3|TRO.11|8301,0.0010624,1,1,3,1,0.826436,0.940661,0.92458,0.923031,0.841505,0.860208
130_bNAb_Combinations|1342258|sample|3|TRO.11|8301,0.005312,0.977008,2,3,1,0.954213,0.984346,0.918067,0.917594,0.662214,0.667861
130_bNAb_Combinations|1342258|sample|3|TRO.11|8301,0.02656,0.852774,3,3,1,0.987921,0.99587,0.769609,0.768515,1.11032,1.12649
130_bNAb_Combinations|1342258|sample|3|TRO.11|8301,0.1328,0.409135,4,3,1,0.987921,0.99587,0.391298,0.390151,0.457821,0.488636
130_bNAb_Combinations|1342258|sample|3|TRO.11|8301,0.664,0.0368586,5,3,1,0.987921,0.99587,0.0419286,0.042291,-0.878926,-0.936164
130_bNAb_Combinations|1342258|sample|3|TRO.11|8301,3.32,0.000988249,6,3,1,0.987921,0.99587,0.000361245,0.00099794,0.344648,-0.00515519
130_bNAb_Combinations|1342258|sample|3|TRO.11|8301,16.6,0.000617656,7,3,1,0.954213,0.984346,0.000248847,0.000878101,0.203921,-0.139398
130_bNAb_Combinations|1342258|sample|3|TRO.11|8301,83,0.0017912,8,3,1,0.826436,0.940661,0.000238171,0.000839129,0.859183,0.510587
130_bNAb_Combinations|1342258|sample|4|TRO.11|8301,0.0010624,0.951962,1,4,1,0.826436,0.940661,0.927377,0.926324,0.273497,0.285527
130_bNAb_Combinations|1342258|sample|4|TRO.11|8301,0.005312,0.975433,2,4,1,0.954213,0.984346,0.926459,0.927504,0.545341,0.533124
130_bNAb_Combinations|1342258|sample|4|TRO.11|8301,0.02656,0.81302,3,4,1,0.987921,0.99587,0.78939,0.791909,0.307764,0.274097
130_bNAb_Combinations|1342258|sample|4|TRO.11|8301,0.1328,0.42409,4,4,1,0.996814,0.998911,0.416876,0.420237,0.174302,0.0923862
130_bNAb_Combinations|1342258|sample|4|TRO.11|8301,0.664,0.0475286,5,4,1,0.996814,0.998911,0.0461709,0.0474126,0.219991,0.0184384
130_bNAb_Combinations|1342258|sample|4|TRO.11|8301,3.32,0.000586773,6,4,1,0.987921,0.99587,0.000451553,0.00122763,0.0739779,-0.337017
130_bNAb_Combinations|1342258|sample|4|TRO.11|8301,16.6,0.00101913,7,4,1,0.954213,0.984346,0.000339806,0.00110715,0.373826,-0.046568
130_bNAb_Combinations|1342258|sample|4|TRO.11|8301,83,0.00205371,8,4,1,0.826436,0.940661,0.000325229,0.00105801,0.951889,0.52809
130_bNAb_Combinations|1342258|vc|1|2|TRO.11|8301,0,0.96755,1,2,1,nan,nan,0.942047,0.958802,0.279377,0.0941843
130_bNAb_Combinations|1342258|vc|2|2|TRO.11|8301,0,0.984057,2,2,1,nan,nan,0.984267,0.975166,-0.00221089,0.0941529
130_bNAb_Combinations|1342258|vc|3|2|TRO.11|8301,0,0.968554,3,2,1,nan,nan,0.984267,0.959802,-0.164896,0.0941318
130_bNAb_Combinations|1342258|vc|4|2|TRO.11|8301,0,0.996418,4,2,1,nan,nan,0.984267,0.987416,0.1275,0.0941651
130_bNAb_Combinations|1342258|vc|5|2|TRO.11|8301,0,0.95952,5,2,1,nan,nan,0.984267,0.95085,-0.259688,0.0941229
130_bNAb_Combinations|1342258|vc|6|2|TRO.11|8301,0,0.92514,6,2,1,nan,nan,0.984267,0.916778,-0.620464,0.0940806
130_bNAb_Combinations|1342258|vc|7|2|TRO.11|8301,0,0.920917,7,2,1,nan,nan,0.984267,0.912593,-0.664781,0.0940731
130_bNAb_Combinations|1342258|vc|8|2|TRO.11|8301,0,0.827859,8,2,1,nan,nan,0.942047,0.820365,-1.2509,0.093999
130_bNAb_Combinations|1342276|cc|1|1|Ce1176_A3|7023,0,0.00106045,1,1,0,nan,nan,0,0,0.594111,0.594111
130_bNAb_Combinations|1342276|cc|2|1|Ce1176_A3|7023,0,0.000899371,2,1,0,nan,nan,0,0,0.503866,0.503866
130_bNAb_Combinations|1342276|cc|3|1|Ce1176_A3|7023,0,0.00139604,3,1,0,nan,nan,0,0,0.782121,0.782121
130_bNAb_Combinations|1342276|cc|4|1|Ce1176_A3|7023,0,0.000885948,4,1,0,nan,nan,0,0,0.496346,0.496346
130_bNAb_Combinations|1342276|cc|5|1|Ce1176_A3|7023,0,0.000939641,5,1,0,nan,nan,0,0,0.526428,0.526428
130_bNAb_Combinations|1342276|cc|6|1|Ce1176_A3|7023,0,0.00115442,6,1,0,nan,nan,0,0,0.646754,0.646754
130_bNAb_Combinations|1342276|cc|7|1|Ce1176_A3|7023,0,0.00167793,7,1,0,nan,nan,0,0,0.940049,0.940049
130_bNAb_Combinations|1342276|cc|8|1|Ce1176_A3|7023,0,0.0012618,8,1,0,nan,nan,0,0,0.706917,0.706917
130_bNAb_Combinations|1342276|sample|3|Ce1176_A3|7023,0.0010624,0.725068,1,3,1,0.826436,0.826436,0.817369,0.819765,-1.16192,-1.18867
130_bNAb_Combinations|1342276|sample|3|Ce1176_A3|7023,0.005312,0.881934,2,3,1,0.954213,0.954213,0.924209,0.926123,-0.471877,-0.492239
130_bNAb_Combinations|1342276|sample|3|Ce1176_A3|7023,0.02656,0.891317,3,3,1,0.987921,0.987921,0.884353,0.885126,0.0811635,0.0720895
130_bNAb_Combinations|1342276|sample|3|Ce1176_A3|7023,0.1328,0.705718,4,3,1,0.987921,0.987921,0.661503,0.662144,0.684109,0.673554
130_bNAb_Combinations|1342276|sample|3|Ce1176_A3|7023,0.664,0.239233,5,3,1,0.987921,0.987921,0.240959,0.241573,-0.0699615,-0.0946262
130_bNAb_Combinations|1342276|sample|3|Ce1176_A3|7023,3.32,0.012269,6,3,1,0.987921,0.987921,0.0113382,0.0120459,0.325208,0.0761839
130_bNAb_Combinations|1342276|sample|3|Ce1176_A3|7023,16.6,0.00138262,7,3,1,0.954213,0.954213,0.000419051,0.0011071,0.528052,0.145765
130_bNAb_Combinations|1342276|sample|3|Ce1176_A3|7023,83,0.00073829,8,3,1,0.826436,0.826436,0.000355182,0.00095138,0.210651,-0.113628
130_bNAb_Combinations|1342276|sample|4|Ce1176_A3|7023,0.0010624,0.749337,1,4,1,0.826436,0.826436,0.819506,0.821536,-0.881052,-0.904349
130_bNAb_Combinations|1342276|sample|4|Ce1176_A3|7023,0.005312,0.874437,2,4,1,0.954213,0.954213,0.931768,0.932337,-0.634841,-0.64076
130_bNAb_Combinations|1342276|sample|4|Ce1176_A3|7023,0.02656,0.920365,3,4,1,0.987921,0.987921,0.905893,0.902669,0.164744,0.202139
130_bNAb_Combinations|1342276|sample|4|Ce1176_A3|7023,0.1328,0.749364,4,4,1,0.996814,0.996814,0.712129,0.703783,0.536216,0.663983
130_bNAb_Combinations|1342276|sample|4|Ce1176_A3|7023,0.664,0.256838,5,4,1,0.996814,0.996814,0.278464,0.271823,-0.765801,-0.54275
130_bNAb_Combinations|1342276|sample|4|Ce1176_A3|7023,3.32,0.0164035,6,4,1,0.987921,0.987921,0.0126017,0.0133608,1.27485,0.996192
130_bNAb_Combinations|1342276|sample|4|Ce1176_A3|7023,16.6,0.000402703,7,4,1,0.954213,0.954213,9.41475e-05,0.00116767,0.172004,-0.403491
130_bNAb_Combinations|1342276|sample|4|Ce1176_A3|7023,83,0.000617479,8,4,1,0.826436,0.826436,7.56126e-05,0.00100514,0.30236,-0.206153
130_bNAb_Combinations|1342276|vc|1|2|Ce1176_A3|7023,0,0.763009,1,2,1,nan,nan,0.824015,0.756085,-0.761899,0.0940596
130_bNAb_Combinations|1342276|vc|2|2|Ce1176_A3|7023,0,0.910553,2,2,1,nan,nan,0.952225,0.902323,-0.451724,0.0940442
130_bNAb_Combinations|1342276|vc|3|2|Ce1176_A3|7023,0,1,3,2,1,nan,nan,0.952225,0.990958,0.517881,0.0942564
130_bNAb_Combinations|1342276|vc|4|2|Ce1176_A3|7023,0,0.978623,4,2,1,nan,nan,0.952225,0.969774,0.286156,0.0942171
130_bNAb_Combinations|1342276|vc|5|2|Ce1176_A3|7023,0,0.915016,5,2,1,nan,nan,0.952225,0.907697,-0.403342,0.0831497
130_bNAb_Combinations|1342276|vc|6|2|Ce1176_A3|7023,0,0.948528,6,2,1,nan,nan,0.952225,0.939953,-0.0400767,0.094145
130_bNAb_Combinations|1342276|vc|7|2|Ce1176_A3|7023,0,0.841536,7,2,1,nan,nan,0.952225,0.833921,-1.19986,0.0940009
130_bNAb_Combinations|1342276|vc|8|2|Ce1176_A3|7023,0,0.749606,8,2,1,nan,nan,0.824015,0.742802,-0.929293,0.0940338
130_bNAb_Combinations|1342294|cc|1|1|nan|1176,0,0.00986891,1,1,0,nan,nan,0,0,5.52899,5.52899
130_bNAb_Combinations|1342294|cc|2|1|nan|1176,0,0.00692296,2,1,0,nan,nan,0,0,3.87854,3.87854
130_bNAb_Combinations|1342294|cc|3|1|nan|1176,0,0.00368243,3,1,0,nan,nan,0,0,2.06305,2.06305
130_bNAb_Combinations|1342294|cc|4|1|nan|1176,0,0.0107527,4,1,0,nan,nan,0,0,6.02412,6.02412
130_bNAb_Combinations|1342294|cc|5|1|nan|1176,0,0.000736485,5,1,0,nan,nan,0,0,0.412611,0.412611
130_bNAb_Combinations|1342294|cc|6|1|nan|1176,0,0,6,1,0,nan,nan,0,0,0,0
130_bNAb_Combinations|1342294|cc|7|1|nan|1176,0,0.00618648,7,1,0,nan,nan,0,0,3.46593,3.46593
130_bNAb_Combinations|1342294|cc|8|1|nan|1176,0,0.0048608,8,1,0,nan,nan,0,0,2.72323,2.72323
130_bNAb_Combinations|1342294|sample|3|nan|1176,0.0010624,0.7384,1,3,1,0.826436,0.82642,0.756993,0.75769,-0.252259,-0.261489
130_bNAb_Combinations|1342294|sample|3|nan|1176,0.005312,0.840477,2,3,1,0.954213,0.954209,0.752994,0.751288,1.19312,1.21908
130_bNAb_Combinations|1342294|sample|3|nan|1176,0.02656,0.51554,3,3,1,0.987921,0.98792,0.519179,0.515295,-0.0712092,0.00482681
130_bNAb_Combinations|1342294|sample|3|nan|1176,0.1328,0.173221,4,3,1,0.987921,0.98792,0.179682,0.177754,-0.342615,-0.242757
130_bNAb_Combinations|1342294|sample|3|nan|1176,0.664,0.0191486,5,3,1,0.987921,0.98792,0.0179212,0.0183889,0.351933,0.215098
130_bNAb_Combinations|1342294|sample|3|nan|1176,3.32,0.00559729,6,3,1,0.987921,0.98792,0.00499241,0.00566617,0.267737,-0.0296501
130_bNAb_Combinations|1342294|sample|3|nan|1176,83,0.0050081,8,3,1,0.826436,0.82642,0.0041128,0.00468459,0.411503,0.145073
130_bNAb_Combinations|1342294|sample|4|nan|1176,0.0010624,0.680071,1,4,1,0.826436,0.82642,0.777164,0.781143,-1.28397,-1.32995
130_bNAb_Combinations|1342294|sample|4|nan|1176,0.005312,0.847842,2,4,1,0.954213,0.954209,0.799304,0.805111,0.624506,0.545916
130_bNAb_Combinations|1342294|sample|4|nan|1176,0.02656,0.692444,3,4,1,0.987921,0.98792,0.587589,0.594753,1.82012,1.67596
130_bNAb_Combinations|1342294|sample|4|nan|1176,0.1328,0.216085,4,4,1,0.996814,0.996813,0.223952,0.228606,-0.341143,-0.532746
130_bNAb_Combinations|1342294|sample|4|nan|1176,0.664,0.0187067,5,4,1,0.996814,0.996813,0.0210749,0.0214872,-0.62531,-0.726659
130_bNAb_Combinations|1342294|sample|4|nan|1176,3.32,0.00456621,6,4,1,0.987921,0.98792,0.00437573,0.00438021,0.0865552,0.0845022
130_bNAb_Combinations|1342294|sample|4|nan|1176,16.6,0.00618648,7,4,1,0.954213,0.954209,0.00416152,0.00417109,0.92875,0.923976
130_bNAb_Combinations|1342294|sample|4|nan|1176,83,0.00265135,8,4,1,0.826436,0.82642,0.00360113,0.00361249,-0.44652,-0.451632
130_bNAb_Combinations|1342294|sample|8|nan|1176,16.6,0.00883783,7,8,1,0.954213,0.954209,0.00522054,0.00863895,1.58589,0.0763233
130_bNAb_Combinations|1342294|vc|1|2|nan|1176,0,0.903962,1,2,1,nan,nan,0.823994,0.895773,0.998752,0.0942564
130_bNAb_Combinations|1342294|vc|2|2|nan|1176,0,0.772868,2,2,1,nan,nan,0.952219,0.765868,-1.94418,0.0938998
130_bNAb_Combinations|1342294|vc|3|2|nan|1176,0,0.798792,3,2,1,nan,nan,0.952219,0.79156,-1.66316,0.0939397
130_bNAb_Combinations|1342294|vc|4|2|nan|1176,0,1,4,2,1,nan,nan,0.952219,0.990958,0.517945,0.0942533
130_bNAb_Combinations|1342294|vc|5|2|nan|1176,0,0.928708,5,2,1,nan,nan,0.952219,0.954209,-0.254861,-0.275863
130_bNAb_Combinations|1342294|vc|6|2|nan|1176,0,0.843276,6,2,1,nan,nan,0.952219,0.835645,-1.18095,0.0940022
130_bNAb_Combinations|1342294|vc|7|2|nan|1176,0,0.868906,7,2,1,nan,nan,0.952219,0.861051,-0.903123,0.0939626
130_bNAb_Combinations|1342294|vc|8|2|nan|1176,0,0.751657,8,2,1,nan,nan,0.823994,0.744835,-0.903433,0.0940388
130_bNAb_Combinations|1342312|cc|1|1|RHPA4259.7|5371,0,0.00173044,1,1,0,nan,nan,0,0,0.969466,0.969466
130_bNAb_Combinations|1342312|cc|2|1|RHPA4259.7|5371,0,0.00228271,2,1,0,nan,nan,0,0,1.27887,1.27887
130_bNAb_Combinations|1342312|cc|3|1|RHPA4259.7|5371,0,0.00237475,3,1,0,nan,nan,0,0,1.33044,1.33044
130_bNAb_Combinations|1342312|cc|4|1|RHPA4259.7|5371,0,0.00189612,4,1,0,nan,nan,0,0,1.06229,1.06229
130_bNAb_Combinations|1342312|cc|5|1|RHPA4259.7|5371,0,0.00136226,5,1,0,nan,nan,0,0,0.763197,0.763197
130_bNAb_Combinations|1342312|cc|6|1|RHPA4259.7|5371,0,0.00187771,6,1,0,nan,nan,0,0,1.05197,1.05197
130_bNAb_Combinations|1342312|cc|7|1|RHPA4259.7|5371,0,0.00250361,7,1,0,nan,nan,0,0,1.40263,1.40263
130_bNAb_Combinations|1342312|cc|8|1|RHPA4259.7|5371,0,0.0020618,8,1,0,nan,nan,0,0,1.15511,1.15511
130_bNAb_Combinations|1342312|sample|3|RHPA4259.7|5371,0.0010624,0.763952,1,3,1,0.826436,0.826436,0.784257,0.782692,-0.266154,-0.246113
130_bNAb_Combinations|1342312|sample|3|RHPA4259.7|5371,0.005312,0.818875,2,3,1,0.954213,0.954213,0.792001,0.782879,0.348877,0.472611
130_bNAb_Combinations|1342312|sample|3|RHPA4259.7|5371,0.02656,0.538378,3,3,1,0.987921,0.987921,0.501988,0.486224,0.735505,1.08703
130_bNAb_Combinations|1342312|sample|3|RHPA4259.7|5371,0.1328,0.0814411,4,3,1,0.987921,0.987921,0.0938103,0.0893301,-1.15628,-0.768033
130_bNAb_Combinations|1342312|sample|3|RHPA4259.7|5371,0.664,0.00397633,5,3,1,0.987921,0.987921,0.00181632,0.00256931,1.10345,0.693441
130_bNAb_Combinations|1342312|sample|3|RHPA4259.7|5371,3.32,0.00173044,6,3,1,0.987921,0.987921,0.00106061,0.00182897,0.355215,-0.0503029
130_bNAb_Combinations|1342312|sample|3|RHPA4259.7|5371,16.6,0.00147271,7,3,1,0.954213,0.954213,0.00102316,0.00176651,0.23885,-0.150451
130_bNAb_Combinations|1342312|sample|3|RHPA4259.7|5371,83,0.0012334,8,3,1,0.826436,0.826436,0.000885402,0.00152996,0.186188,-0.153635
130_bNAb_Combinations|1342312|sample|4|RHPA4259.7|5371,0.0010624,0.732077,1,4,1,0.826436,0.826436,0.776594,0.777177,-0.589125,-0.596401
130_bNAb_Combinations|1342312|sample|4|RHPA4259.7|5371,0.005312,0.824591,2,4,1,0.954213,0.954213,0.770898,0.768024,0.71567,0.756739
130_bNAb_Combinations|1342312|sample|4|RHPA4259.7|5371,0.02656,0.536592,3,4,1,0.987921,0.987921,0.470494,0.464663,1.42194,1.56606
130_bNAb_Combinations|1342312|sample|4|RHPA4259.7|5371,0.1328,0.0694384,4,4,1,0.996814,0.996814,0.0849278,0.0834052,-1.57196,-1.43856
130_bNAb_Combinations|1342312|sample|4|RHPA4259.7|5371,0.664,0.00323997,5,4,1,0.996814,0.996814,0.00190883,0.00229559,0.676983,0.471476
130_bNAb_Combinations|1342312|sample|4|RHPA4259.7|5371,3.32,0.00138067,6,4,1,0.987921,0.987921,0.00116408,0.00155383,0.114261,-0.089603
130_bNAb_Combinations|1342312|sample|4|RHPA4259.7|5371,16.6,0.00134385,7,4,1,0.954213,0.954213,0.00112297,0.00150075,0.116766,-0.0813994
130_bNAb_Combinations|1342312|sample|4|RHPA4259.7|5371,83,0.00163839,8,4,1,0.826436,0.826436,0.000971774,0.00129979,0.355102,0.177427
130_bNAb_Combinations|1342312|vc|1|2|RHPA4259.7|5371,0,0.805648,1,2,1,nan,nan,0.824015,0.798339,-0.229384,0.0941502
130_bNAb_Combinations|1342312|vc|2|2|RHPA4259.7|5371,0,0.988964,2,2,1,nan,nan,0.952225,0.980025,0.398249,0.094198
130_bNAb_Combinations|1342312|vc|3|2|RHPA4259.7|5371,0,0.95037,3,2,1,nan,nan,0.952225,0.941778,-0.0201126,0.0941453
130_bNAb_Combinations|1342312|vc|4|2|RHPA4259.7|5371,0,0.951677,4,2,1,nan,nan,0.952225,0.943074,-0.00594438,0.0941364
130_bNAb_Combinations|1342312|vc|5|2|RHPA4259.7|5371,0,1,5,2,1,nan,nan,0.952225,0.990963,0.51788,0.0942072
130_bNAb_Combinations|1342312|vc|6|2|RHPA4259.7|5371,0,0.952339,6,2,1,nan,nan,0.952225,0.94373,0.0012395,0.0941481
130_bNAb_Combinations|1342312|vc|7|2|RHPA4259.7|5371,0,0.995186,7,2,1,nan,nan,0.952225,0.986192,0.465697,0.0942019
130_bNAb_Combinations|1342312|vc|8|2|RHPA4259.7|5371,0,0.750412,8,2,1,nan,nan,0.824015,0.743601,-0.919225,0.0940373
130_bNAb_Combinations|1342336|cc|1|1|nan|3430,0,0,1,1,0,nan,nan,0,0,0,0
130_bNAb_Combinations|1342336|cc|2|1|nan|3430,0,0,2,1,0,nan,nan,0,0,0,0
130_bNAb_Combinations|1342336|cc|3|1|nan|3430,0,0.00041405,3,1,0,nan,nan,0,0,0.231969,0.231969
130_bNAb_Combinations|1342336|cc|4|1|nan|3430,0,0.00119614,4,1,0,nan,nan,0,0,0.670132,0.670132
130_bNAb_Combinations|1342336|cc|5|1|nan|3430,0,0.00174821,5,1,0,nan,nan,0,0,0.979423,0.979423
130_bNAb_Combinations|1342336|cc|6|1|nan|3430,0,0.00207025,6,1,0,nan,nan,0,0,1.15984,1.15984
130_bNAb_Combinations|1342336|cc|7|1|nan|3430,0,0.00110413,7,1,0,nan,nan,0,0,0.618583,0.618583
130_bNAb_Combinations|1342336|cc|8|1|nan|3430,0,0.0016562,8,1,0,nan,nan,0,0,0.927875,0.927875
130_bNAb_Combinations|1342336|sample|3|nan|3430,0.0010624,0.85338,1,3,1,0.826436,0.887208,0.836051,0.838273,0.213377,0.18553
130_bNAb_Combinations|1342336|sample|3|nan|3430,0.005312,0.846134,2,3,1,0.954213,0.97026,0.804423,0.808091,0.53333,0.484269
130_bNAb_Combinations|1342336|sample|3|nan|3430,0.02656,0.598923,3,3,1,0.987921,0.992159,0.548913,0.553634,0.927247,0.832781
130_bNAb_Combinations|1342336|sample|3|nan|3430,0.1328,0.155913,4,3,1,0.987921,0.992159,0.160717,0.163967,-0.281703,-0.463873
130_bNAb_Combinations|1342336|sample|3|nan|3430,0.664,0.00768293,5,3,1,0.987921,0.992159,0.0062271,0.00759765,0.612583,0.034018
130_bNAb_Combinations|1342336|sample|3|nan|3430,16.6,0.00115014,7,3,1,0.954213,0.97026,0.000579539,0.0018529,0.310109,-0.358375
130_bNAb_Combinations|1342336|sample|3|nan|3430,83,0.00276033,8,3,1,0.826436,0.887208,0.00052986,0.0016943,1.21533,0.547835
130_bNAb_Combinations|1342336|sample|4|nan|3430,0.0010624,0.773193,1,4,1,0.826436,0.887208,0.840141,0.843464,-0.820422,-0.857829
130_bNAb_Combinations|1342336|sample|4|nan|3430,0.005312,0.819405,2,4,1,0.954213,0.97026,0.814419,0.820893,0.0629841,-0.0186449
130_bNAb_Combinations|1342336|sample|4|nan|3430,0.02656,0.59009,3,4,1,0.987921,0.992159,0.56467,0.574006,0.458583,0.285599
130_bNAb_Combinations|1342336|sample|4|nan|3430,0.1328,0.181814,4,4,1,0.996814,0.997932,0.170304,0.175957,0.640684,0.316573
130_bNAb_Combinations|1342336|sample|4|nan|3430,0.664,0.00570469,5,4,1,0.996814,0.997932,0.00639658,0.00735503,-0.289174,-0.664468
130_bNAb_Combinations|1342336|sample|4|nan|3430,3.32,0.000966117,6,4,1,0.987921,0.992159,0.000416593,0.00119439,0.301189,-0.120243
130_bNAb_Combinations|1342336|sample|4|nan|3430,16.6,0.0008281,7,4,1,0.954213,0.97026,0.000403396,0.00116441,0.232936,-0.177417
130_bNAb_Combinations|1342336|sample|4|nan|3430,83,0.00289835,8,4,1,0.826436,0.887208,0.000368817,0.00106473,1.38987,0.972176
130_bNAb_Combinations|1342336|sample|5|nan|3430,3.32,0.00156419,6,5,1,0.987921,0.992159,0.000749432,0.00158284,0.438953,-0.00963697
130_bNAb_Combinations|1342336|vc|1|2|nan|3430,0,0.92255,1,2,1,nan,nan,0.886,0.9142,0.425196,0.0941989
130_bNAb_Combinations|1342336|vc|2|2|nan|3430,0,0.992179,2,2,1,nan,nan,0.969069,0.97026,0.246244,0.233267
130_bNAb_Combinations|1342336|vc|3|2|nan|3430,0,1,3,2,1,nan,nan,0.969069,0.990964,0.329578,0.0941874
130_bNAb_Combinations|1342336|vc|4|2|nan|3430,0,0.999402,4,2,1,nan,nan,0.969069,0.99037,0.323205,0.0942001
130_bNAb_Combinations|1342336|vc|5|2|nan|3430,0,0.95802,5,2,1,nan,nan,0.969069,0.949361,-0.117726,0.0941372
130_bNAb_Combinations|1342336|vc|6|2|nan|3430,0,0.951441,6,2,1,nan,nan,0.969069,0.942842,-0.187824,0.0941269
130_bNAb_Combinations|1342336|vc|7|2|nan|3430,0,0.88701,7,2,1,nan,nan,0.969069,0.878998,-0.874344,0.0939389
130_bNAb_Combinations|1342336|vc|8|2|nan|3430,0,0.926598,8,2,1,nan,nan,0.886,0.918212,0.472294,0.0942042
130_bNAb_Combinations|1342348|cc|1|1|nan|4166,0,0.000451154,1,1,0,nan,nan,0,0,0.252756,0.252756
130_bNAb_Combinations|1342348|cc|2|1|nan|4166,0,0.000773408,2,1,0,nan,nan,0,0,0.433296,0.433296
130_bNAb_Combinations|1342348|cc|3|1|nan|4166,0,0.00125679,3,1,0,nan,nan,0,0,0.704106,0.704106
130_bNAb_Combinations|1342348|cc|4|1|nan|4166,0,0.00128901,4,1,0,nan,nan,0,0,0.72216,0.72216
130_bNAb_Combinations|1342348|cc|5|1|nan|4166,0,0.000998985,5,1,0,nan,nan,0,0,0.559674,0.559674
130_bNAb_Combinations|1342348|cc|6|1|nan|4166,0,0.000773408,6,1,0,nan,nan,0,0,0.433296,0.433296
130_bNAb_Combinations|1342348|cc|7|1|nan|4166,0,0.000386704,7,1,0,nan,nan,0,0,0.216648,0.216648
130_bNAb_Combinations|1342348|cc|8|1|nan|4166,0,0.000644506,8,1,0,nan,nan,0,0,0.36108,0.36108
130_bNAb_Combinations|1342348|sample|3|nan|4166,0.0010624,0.836295,1,3,1,0.826436,0.826436,0.777033,0.780455,0.783828,0.735394
130_bNAb_Combinations|1342348|sample|3|nan|4166,0.005312,0.838358,2,3,1,0.954213,0.954213,0.760253,0.765005,1.05528,0.98508
130_bNAb_Combinations|1342348|sample|3|nan|4166,0.02656,0.39555,3,3,1,0.987921,0.987921,0.424101,0.428748,-0.67855,-0.780801
130_bNAb_Combinations|1342348|sample|3|nan|4166,0.1328,0.0558787,4,3,1,0.987921,0.987921,0.0520571,0.0530869,0.567794,0.408842
130_bNAb_Combinations|1342348|sample|3|nan|4166,0.664,0.00054783,5,3,1,0.987921,0.987921,0.000372809,0.000643291,0.0961468,-0.0517105
130_bNAb_Combinations|1342348|sample|3|nan|4166,3.32,0,6,3,1,0.987921,0.987921,0.0001753,0.000446928,-0.097303,-0.24457
130_bNAb_Combinations|1342348|sample|3|nan|4166,16.6,0.000515605,7,3,1,0.954213,0.954213,0.00016911,0.00043167,0.19239,0.0459678
130_bNAb_Combinations|1342348|sample|3|nan|4166,83,0.000676732,8,3,1,0.826436,0.826436,0.000146341,0.000373866,0.294851,0.166368
130_bNAb_Combinations|1342348|sample|4|nan|4166,0.0010624,0.820247,1,4,1,0.826436,0.826436,0.770157,0.768146,0.668278,0.696891
130_bNAb_Combinations|1342348|sample|4|nan|4166,0.005312,0.753734,2,4,1,0.954213,0.954213,0.741883,0.732525,0.163986,0.297137
130_bNAb_Combinations|1342348|sample|4|nan|4166,0.02656,0.405797,3,4,1,0.987921,0.987921,0.400966,0.388503,0.121154,0.446955
130_bNAb_Combinations|1342348|sample|4|nan|4166,0.1328,0.0446321,4,4,1,0.996814,0.996814,0.048966,0.0474475,-0.673293,-0.447417
130_bNAb_Combinations|1342348|sample|4|nan|4166,0.664,0.00161127,5,4,1,0.996814,0.996814,0.000837616,0.00150139,0.414933,0.0569997
130_bNAb_Combinations|1342348|sample|4|nan|4166,3.32,0.000934534,6,4,1,0.987921,0.987921,0.000624915,0.00127895,0.167878,-0.180659
130_bNAb_Combinations|1342348|sample|4|nan|4166,16.6,0.00174017,7,4,1,0.954213,0.954213,0.000602866,0.0012353,0.617356,0.2654
130_bNAb_Combinations|1342348|sample|4|nan|4166,83,0.00157904,8,4,1,0.826436,0.826436,0.000521694,0.00106988,0.576367,0.269885
130_bNAb_Combinations|1342348|vc|1|2|nan|4166,0,0.800445,1,2,1,nan,nan,0.824015,0.793185,-0.294366,0.0941145
130_bNAb_Combinations|1342348|vc|2|2|nan|4166,0,0.905725,2,2,1,nan,nan,0.952225,0.897533,-0.50406,0.0940966
130_bNAb_Combinations|1342348|vc|3|2|nan|4166,0,1,3,2,1,nan,nan,0.952225,0.990962,0.51788,0.0942081
130_bNAb_Combinations|1342348|vc|4|2|nan|4166,0,0.920162,4,2,1,nan,nan,0.952225,0.911841,-0.347564,0.0941079
130_bNAb_Combinations|1342348|vc|5|2|nan|4166,0,0.841097,5,2,1,nan,nan,0.952225,0.833486,-1.20462,0.094002
130_bNAb_Combinations|1342348|vc|6|2|nan|4166,0,0.905435,6,2,1,nan,nan,0.952225,0.897246,-0.507204,0.0940907
130_bNAb_Combinations|1342348|vc|7|2|nan|4166,0,0.801959,7,2,1,nan,nan,0.952225,0.794699,-1.62888,0.0939433
130_bNAb_Combinations|1342348|vc|8|2|nan|4166,0,0.723716,8,2,1,nan,nan,0.824015,0.717136,-1.25263,0.0941213
130_bNAb_Combinations|1342372|cc|1|1|nan|2944,0,0.00214128,1,1,0,nan,nan,0,0,1.19964,1.19964
130_bNAb_Combinations|1342372|cc|2|1|nan|2944,0,0.00406844,2,1,0,nan,nan,0,0,2.27931,2.27931
130_bNAb_Combinations|1342372|cc|3|1|nan|2944,0,0.00282649,3,1,0,nan,nan,0,0,1.58352,1.58352
130_bNAb_Combinations|1342372|cc|4|1|nan|2944,0,0.00355453,4,1,0,nan,nan,0,0,1.9914,1.9914
130_bNAb_Combinations|1342372|cc|5|1|nan|2944,0,0.00321192,5,1,0,nan,nan,0,0,1.79946,1.79946
130_bNAb_Combinations|1342372|cc|6|1|nan|2944,0,0.0020128,6,1,0,nan,nan,0,0,1.12766,1.12766
130_bNAb_Combinations|1342372|cc|7|1|nan|2944,0,0.00111347,7,1,0,nan,nan,0,0,0.623812,0.623812
130_bNAb_Combinations|1342372|cc|8|1|nan|2944,0,0.000642385,8,1,0,nan,nan,0,0,0.359891,0.359891
130_bNAb_Combinations|1342372|sample|3|nan|2944,0.0010624,0.787264,1,3,1,0.826436,0.826435,0.789324,0.790487,-0.0268426,-0.0419194
130_bNAb_Combinations|1342372|sample|3|nan|2944,0.005312,0.896555,2,3,1,0.954213,0.954213,0.835463,0.834227,0.752753,0.769088
130_bNAb_Combinations|1342372|sample|3|nan|2944,0.02656,0.630907,3,3,1,0.987921,0.987921,0.664569,0.659825,-0.518486,-0.448532
130_bNAb_Combinations|1342372|sample|3|nan|2944,0.1328,0.303313,4,3,1,0.987921,0.987921,0.30463,0.300235,-0.0428746,0.101555
130_bNAb_Combinations|1342372|sample|3|nan|2944,0.664,0.0365731,5,3,1,0.987921,0.987921,0.0356427,0.035359,0.179911,0.236013
130_bNAb_Combinations|1342372|sample|3|nan|2944,3.32,0.00179868,6,3,1,0.987921,0.987921,0.000998729,0.0015568,0.425544,0.12514
130_bNAb_Combinations|1342372|sample|3|nan|2944,16.6,0.000942164,7,3,1,0.954213,0.954213,0.000776097,0.00131816,0.0893471,-0.196841
130_bNAb_Combinations|1342372|sample|3|nan|2944,83,0.0014989,8,3,1,0.826436,0.826435,0.00067159,0.00114164,0.447497,0.188685
130_bNAb_Combinations|1342372|sample|4|nan|2944,0.0010624,0.711912,1,4,1,0.826436,0.826435,0.777043,0.779638,-0.861437,-0.892846
130_bNAb_Combinations|1342372|sample|4|nan|2944,0.005312,0.776814,2,4,1,0.954213,0.954213,0.804846,0.807313,-0.358241,-0.388594
130_bNAb_Combinations|1342372|sample|4|nan|2944,0.02656,0.656731,3,4,1,0.987921,0.987921,0.611648,0.613638,0.752714,0.717212
130_bNAb_Combinations|1342372|sample|4|nan|2944,0.1328,0.279309,4,4,1,0.996814,0.996814,0.261771,0.263507,0.657953,0.589191
130_bNAb_Combinations|1342372|sample|4|nan|2944,0.664,0.0268517,5,4,1,0.996814,0.996814,0.0288784,0.0301007,-0.447537,-0.699513
130_bNAb_Combinations|1342372|sample|4|nan|2944,3.32,0.00239824,6,4,1,0.987921,0.987921,0.00120302,0.00231596,0.629317,0.0410352
130_bNAb_Combinations|1342372|sample|4|nan|2944,16.6,0.00145607,7,4,1,0.954213,0.954213,0.000992298,0.00206815,0.246791,-0.308909
130_bNAb_Combinations|1342372|sample|4|nan|2944,83,0.0033404,8,4,1,0.826436,0.826435,0.000858676,0.00179119,1.3296,0.792389
130_bNAb_Combinations|1342372|vc|1|2|nan|2944,0,0.866191,1,2,1,nan,nan,0.824014,0.858341,0.526754,0.0942093
130_bNAb_Combinations|1342372|vc|2|2|nan|2944,0,0.961949,2,2,1,nan,nan,0.952225,0.953252,0.105416,0.0941799
130_bNAb_Combinations|1342372|vc|3|2|nan|2944,0,0.934862,3,2,1,nan,nan,0.952225,0.926414,-0.188209,0.0940765
130_bNAb_Combinations|1342372|vc|4|2|nan|2944,0,1,4,2,1,nan,nan,0.952225,0.990963,0.517883,0.0942071
130_bNAb_Combinations|1342372|vc|5|2|nan|2944,0,0.921672,5,2,1,nan,nan,0.952225,0.913338,-0.331191,0.0941081
130_bNAb_Combinations|1342372|vc|6|2|nan|2944,0,0.914177,6,2,1,nan,nan,0.952225,0.90591,-0.412431,0.094103
130_bNAb_Combinations|1342372|vc|7|2|nan|2944,0,0.942057,7,2,1,nan,nan,0.952225,0.933548,-0.110218,0.0940439
130_bNAb_Combinations|1342372|vc|8|2|nan|2944,0,0.751547,8,2,1,nan,nan,0.824014,0.744745,-0.905038,0.0937689
130_bNAb_Combinations|1342384|cc|1|1|nan|2946,0,0.000377127,1,1,0,nan,nan,0,0,0.211283,0.211283
130_bNAb_Combinations|1342384|cc|2|1|nan|2946,0,0.0014378,2,1,0,nan,nan,0,0,0.805516,0.805516
130_bNAb_Combinations|1342384|cc|3|1|nan|2946,0,0.00120209,3,1,0,nan,nan,0,0,0.673464,0.673464
130_bNAb_Combinations|1342384|cc|4|1|nan|2946,0,0.0012728,4,1,0,nan,nan,0,0,0.71308,0.71308
130_bNAb_Combinations|1342384|cc|5|1|nan|2946,0,0.000966389,5,1,0,nan,nan,0,0,0.541412,0.541412
130_bNAb_Combinations|1342384|cc|6|1|nan|2946,0,0.00162636,6,1,0,nan,nan,0,0,0.911158,0.911158
130_bNAb_Combinations|1342384|cc|7|1|nan|2946,0,0.000848536,7,1,0,nan,nan,0,0,0.475387,0.475387
130_bNAb_Combinations|1342384|cc|8|1|nan|2946,0,0.00219205,8,1,0,nan,nan,0,0,1.22808,1.22808
130_bNAb_Combinations|1342384|sample|3|nan|2946,0.0010624,0.852284,1,3,1,0.826436,0.826376,0.818322,0.821024,0.427035,0.391797
130_bNAb_Combinations|1342384|sample|3|nan|2946,0.005312,0.967355,2,3,1,0.954213,0.954197,0.930087,0.933015,0.413411,0.379753
130_bNAb_Combinations|1342384|sample|3|nan|2946,0.02656,0.934439,3,3,1,0.987921,0.987917,0.910851,0.914322,0.267071,0.226922
130_bNAb_Combinations|1342384|sample|3|nan|2946,0.1328,0.7873,4,3,1,0.987921,0.987917,0.751511,0.757751,0.489045,0.400537
130_bNAb_Combinations|1342384|sample|3|nan|2946,0.664,0.423797,5,3,1,0.987921,0.987917,0.399116,0.405966,0.621647,0.441865
130_bNAb_Combinations|1342384|sample|3|nan|2946,3.32,0.0580305,6,3,1,0.987921,0.987917,0.0591742,0.060929,-0.154423,-0.382716
130_bNAb_Combinations|1342384|sample|3|nan|2946,16.6,0.00157922,7,3,1,0.954213,0.954197,0.00110792,0.00154442,0.249341,0.0180147
130_bNAb_Combinations|1342384|sample|3|nan|2946,83,0.00113138,8,3,1,0.826436,0.826376,0.000531411,0.000910311,0.326883,0.11813
130_bNAb_Combinations|1342384|sample|4|nan|2946,0.0010624,0.86071,1,4,1,0.826436,0.826376,0.819936,0.821849,0.511708,0.486595
130_bNAb_Combinations|1342384|sample|4|nan|2946,0.005312,0.945269,2,4,1,0.954213,0.954197,0.93546,0.935746,0.108203,0.105012
130_bNAb_Combinations|1342384|sample|4|nan|2946,0.02656,0.912624,3,4,1,0.987921,0.987917,0.925634,0.921786,-0.14499,-0.102524
130_bNAb_Combinations|1342384|sample|4|nan|2946,0.1328,0.777,4,4,1,0.996814,0.996812,0.790931,0.780712,-0.181096,-0.0488684
130_bNAb_Combinations|1342384|sample|4|nan|2946,0.664,0.449052,5,4,1,0.996814,0.996812,0.441412,0.428643,0.17476,0.480141
130_bNAb_Combinations|1342384|sample|4|nan|2946,3.32,0.0637345,6,4,1,0.987921,0.987917,0.067276,0.0647271,-0.433131,-0.125099
130_bNAb_Combinations|1342384|sample|4|nan|2946,16.6,0.000824966,7,4,1,0.954213,0.954197,0.00103419,0.00130355,-0.1111,-0.250729
130_bNAb_Combinations|1342384|sample|4|nan|2946,83,0.00122566,8,4,1,0.826436,0.826376,0.00047441,0.000705008,0.410518,0.281144
130_bNAb_Combinations|1342384|vc|1|2|nan|2946,0,0.93029,1,2,1,nan,nan,0.823961,0.921864,1.32803,0.094292
130_bNAb_Combinations|1342384|vc|2|2|nan|2946,0,0.910809,2,2,1,nan,nan,0.95221,0.902572,-0.448792,0.0941093
130_bNAb_Combinations|1342384|vc|3|2|nan|2946,0,1,3,2,1,nan,nan,0.95221,0.990962,0.518046,0.0942084
130_bNAb_Combinations|1342384|vc|4|2|nan|2946,0,0.996582,4,2,1,nan,nan,0.95221,0.987468,0.480998,0.0953424
130_bNAb_Combinations|1342384|vc|5|2|nan|2946,0,0.999953,5,2,1,nan,nan,0.95221,0.990916,0.517535,0.0942063
130_bNAb_Combinations|1342384|vc|6|2|nan|2946,0,0.889549,6,2,1,nan,nan,0.95221,0.881503,-0.679259,0.0940663
130_bNAb_Combinations|1342384|vc|7|2|nan|2946,0,0.878541,7,2,1,nan,nan,0.95221,0.870594,-0.798581,0.0940528
130_bNAb_Combinations|1342384|vc|8|2|nan|2946,0,0.78624,8,2,1,nan,nan,0.823961,0.826376,-0.471132,-0.49986
130_bNAb_Combinations|1342396|cc|1|1|PVO.4|5024,0,0.000406233,1,1,0,nan,nan,0,0,0.227589,0.227589
130_bNAb_Combinations|1342396|cc|2|1|PVO.4|5024,0,0.00130897,2,1,0,nan,nan,0,0,0.733344,0.733344
130_bNAb_Combinations|1342396|cc|3|1|PVO.4|5024,0,0.00155723,3,1,0,nan,nan,0,0,0.872426,0.872426
130_bNAb_Combinations|1342396|cc|4|1|PVO.4|5024,0,0.000835035,4,1,0,nan,nan,0,0,0.467823,0.467823
130_bNAb_Combinations|1342396|cc|5|1|PVO.4|5024,0,0.000654487,5,1,0,nan,nan,0,0,0.366672,0.366672
130_bNAb_Combinations|1342396|cc|6|1|PVO.4|5024,0,0.000631919,6,1,0,nan,nan,0,0,0.354028,0.354028
130_bNAb_Combinations|1342396|cc|7|1|PVO.4|5024,0,0.000880172,7,1,0,nan,nan,0,0,0.49311,0.49311
130_bNAb_Combinations|1342396|cc|8|1|PVO.4|5024,0,0.00139925,8,1,0,nan,nan,0,0,0.783919,0.783919
130_bNAb_Combinations|1342396|sample|3|PVO.4|5024,0.0010624,0.997833,1,3,1,0.826436,0.913079,0.893583,0.893683,1.2027,1.20142
130_bNAb_Combinations|1342396|sample|3|PVO.4|5024,0.005312,0.936549,2,3,1,0.954213,0.97708,0.905499,0.906502,0.353591,0.341795
130_bNAb_Combinations|1342396|sample|3|PVO.4|5024,0.02656,0.845349,3,3,1,0.987921,0.993956,0.764859,0.76601,1.08112,1.0641
130_bNAb_Combinations|1342396|sample|3|PVO.4|5024,0.1328,0.395513,4,3,1,0.987921,0.993956,0.407017,0.408256,-0.284364,-0.314091
130_bNAb_Combinations|1342396|sample|3|PVO.4|5024,0.664,0.0558345,5,3,1,0.987921,0.993956,0.0556907,0.056034,0.0203236,-0.0280683
130_bNAb_Combinations|1342396|sample|3|PVO.4|5024,3.32,0.00187319,6,3,1,0.987921,0.993956,0.000860026,0.000965646,0.542771,0.483588
130_bNAb_Combinations|1342396|sample|3|PVO.4|5024,16.6,0.000383665,7,3,1,0.954213,0.97708,0.000571075,0.000674701,-0.101898,-0.157399
130_bNAb_Combinations|1342396|sample|3|PVO.4|5024,83,4.5137e-05,8,3,1,0.826436,0.913079,0.000534041,0.000630497,-0.266334,-0.317296
130_bNAb_Combinations|1342396|sample|4|PVO.4|5024,0.0010624,1,1,4,1,0.826436,0.913079,0.899059,0.899751,1.15758,1.14877
130_bNAb_Combinations|1342396|sample|4|PVO.4|5024,0.005312,0.917851,2,4,1,0.954213,0.97708,0.921631,0.924512,-0.0423175,-0.0743356
130_bNAb_Combinations|1342396|sample|4|PVO.4|5024,0.02656,0.813708,3,4,1,0.987921,0.993956,0.802171,0.808005,0.147916,0.0726103
130_bNAb_Combinations|1342396|sample|4|PVO.4|5024,0.1328,0.442377,4,4,1,0.996814,0.998406,0.45725,0.465134,-0.328861,-0.494986
130_bNAb_Combinations|1342396|sample|4|PVO.4|5024,0.664,0.0734831,5,4,1,0.996814,0.998406,0.0671263,0.069257,0.778798,0.505229
130_bNAb_Combinations|1342396|sample|4|PVO.4|5024,3.32,0.000744761,6,4,1,0.987921,0.993956,0.000762228,0.000940115,-0.00940427,-0.10423
130_bNAb_Combinations|1342396|sample|4|PVO.4|5024,16.6,0,7,4,1,0.954213,0.97708,0.000459894,0.000632353,-0.251496,-0.342736
130_bNAb_Combinations|1342396|sample|4|PVO.4|5024,83,0.00128641,8,4,1,0.826436,0.913079,0.000430072,0.000590927,0.469019,0.377756
130_bNAb_Combinations|1342396|vc|1|2|PVO.4|5024,0,0.943804,1,2,1,nan,nan,0.913118,0.935268,0.346598,0.0941775
130_bNAb_Combinations|1342396|vc|2|2|PVO.4|5024,0,0.908609,2,2,1,nan,nan,0.976423,0.900392,-0.717234,0.0940874
130_bNAb_Combinations|1342396|vc|3|2|PVO.4|5024,0,0.910922,3,2,1,nan,nan,0.976423,0.902687,-0.692768,0.094069
130_bNAb_Combinations|1342396|vc|4|2|PVO.4|5024,0,0.912705,4,2,1,nan,nan,0.976423,0.904454,-0.673911,0.0940716
130_bNAb_Combinations|1342396|vc|5|2|PVO.4|5024,0,0.907345,5,2,1,nan,nan,0.976423,0.899142,-0.730601,0.0940647
130_bNAb_Combinations|1342396|vc|6|2|PVO.4|5024,0,0.878886,6,2,1,nan,nan,0.976423,0.870938,-1.03159,0.0940261
130_bNAb_Combinations|1342396|vc|7|2|PVO.4|5024,0,0.860549,7,2,1,nan,nan,0.976423,0.85276,-1.22553,0.0940723
130_bNAb_Combinations|1342396|vc|8|2|PVO.4|5024,0,0.761022,8,2,1,nan,nan,0.913118,0.754124,-1.71791,0.093934
130_bNAb_Combinations|1342408|cc|1|1|nan|4168,0,0.0014393,1,1,0,nan,nan,0,0,0.806358,0.806358
130_bNAb_Combinations|1342408|cc|2|1|nan|4168,0,0.0014393,2,1,0,nan,nan,0,0,0.806358,0.806358
130_bNAb_Combinations|1342408|cc|3|1|nan|4168,0,0.000729786,3,1,0,nan,nan,0,0,0.408858,0.408858
130_bNAb_Combinations|1342408|cc|4|1|nan|4168,0,0.00152039,4,1,0,nan,nan,0,0,0.851787,0.851787
130_bNAb_Combinations|1342408|cc|5|1|nan|4168,0,0.000973049,5,1,0,nan,nan,0,0,0.545144,0.545144
130_bNAb_Combinations|1342408|cc|6|1|nan|4168,0,0.00105414,6,1,0,nan,nan,0,0,0.590572,0.590572
130_bNAb_Combinations|1342408|cc|7|1|nan|4168,0,0.00154066,7,1,0,nan,nan,0,0,0.863144,0.863144
130_bNAb_Combinations|1342408|cc|8|1|nan|4168,0,0.00145957,8,1,0,nan,nan,0,0,0.817716,0.817716
130_bNAb_Combinations|1342408|sample|3|nan|4168,0.0010624,0.884744,1,3,1,0.826436,0.826436,0.787675,0.788343,1.26693,1.25717
130_bNAb_Combinations|1342408|sample|3|nan|4168,0.005312,0.890796,2,3,1,0.954213,0.954213,0.849009,0.847107,0.506839,0.531071
130_bNAb_Combinations|1342408|sample|3|nan|4168,0.02656,0.776077,3,3,1,0.987921,0.987921,0.73846,0.732913,0.522882,0.604409
130_bNAb_Combinations|1342408|sample|3|nan|4168,0.1328,0.462381,4,3,1,0.987921,0.987921,0.479034,0.472502,-0.352111,-0.216853
130_bNAb_Combinations|1342408|sample|3|nan|4168,0.664,0.16701,5,3,1,0.987921,0.987921,0.173965,0.170909,-0.379811,-0.21637
130_bNAb_Combinations|1342408|sample|3|nan|4168,3.32,0.0252587,6,3,1,0.987921,0.987921,0.023688,0.0239825,0.389229,0.314078
130_bNAb_Combinations|1342408|sample|3|nan|4168,16.6,0.00823037,7,3,1,0.954213,0.954213,0.00560233,0.0062215,1.13415,0.845477
130_bNAb_Combinations|1342408|sample|3|nan|4168,83,0.0027367,8,3,1,0.826436,0.826436,0.00459218,0.0051288,-0.835344,-1.05277
130_bNAb_Combinations|1342408|sample|4|nan|4168,0.0010624,0.931106,1,4,1,0.826436,0.826436,0.798826,0.798365,1.70295,1.70984
130_bNAb_Combinations|1342408|sample|4|nan|4168,0.005312,0.912324,2,4,1,0.954213,0.954213,0.87513,0.870196,0.437956,0.498802
130_bNAb_Combinations|1342408|sample|4|nan|4168,0.02656,0.764897,3,4,1,0.987921,0.987921,0.785421,0.773606,-0.268627,-0.115681
130_bNAb_Combinations|1342408|sample|4|nan|4168,0.1328,0.50485,4,4,1,0.996814,0.996814,0.541292,0.525662,-0.684865,-0.402349
130_bNAb_Combinations|1342408|sample|4|nan|4168,0.664,0.189005,5,4,1,0.996814,0.996814,0.206228,0.198246,-0.805674,-0.448208
130_bNAb_Combinations|1342408|sample|4|nan|4168,3.32,0.0320092,6,4,1,0.987921,0.987921,0.0246173,0.0256755,1.79256,1.49937
130_bNAb_Combinations|1342408|sample|4|nan|4168,16.6,0.00490579,7,4,1,0.954213,0.954213,0.00354682,0.00547852,0.640447,-0.24843
130_bNAb_Combinations|1342408|sample|4|nan|4168,83,0.00336513,8,4,1,0.826436,0.826436,0.00283758,0.00450605,0.256771,-0.515547
130_bNAb_Combinations|1342408|vc|1|2|nan|4168,0,0.949635,1,2,1,nan,nan,0.824015,0.941034,1.56887,0.0943175
130_bNAb_Combinations|1342408|vc|2|2|nan|4168,0,0.965274,2,2,1,nan,nan,0.952225,0.956551,0.141455,0.0941402
130_bNAb_Combinations|1342408|vc|3|2|nan|4168,0,1,3,2,1,nan,nan,0.952225,0.990962,0.51788,0.0942082
130_bNAb_Combinations|1342408|vc|4|2|nan|4168,0,0.969906,4,2,1,nan,nan,0.952225,0.961139,0.191667,0.0941704
130_bNAb_Combinations|1342408|vc|5|2|nan|4168,0,0.940482,5,2,1,nan,nan,0.952225,0.931979,-0.127295,0.0941335
130_bNAb_Combinations|1342408|vc|6|2|nan|4168,0,0.930052,6,2,1,nan,nan,0.952225,0.921643,-0.240354,0.094123
130_bNAb_Combinations|1342408|vc|7|2|nan|4168,0,0.924538,7,2,1,nan,nan,0.952225,0.954213,-0.300125,-0.32102
130_bNAb_Combinations|1342408|vc|8|2|nan|4168,0,0.903212,8,2,1,nan,nan,0.824015,0.895029,0.989095,0.0942517
704_VRC01_Concordance|1200432|cc|1|1|PVO.4|5024,0,0.00146144,1,1,0,nan,nan,0,0,0.818763,0.818763
704_VRC01_Concordance|1200432|cc|2|1|PVO.4|5024,0,0.00217593,2,1,0,nan,nan,0,0,1.21905,1.21905
704_VRC01_Concordance|1200432|cc|3|1|PVO.4|5024,0,0.0011042,3,1,0,nan,nan,0,0,0.618621,0.618621
704_VRC01_Concordance|1200432|cc|4|1|PVO.4|5024,0,0.00198107,4,1,0,nan,nan,0,0,1.10988,1.10988
704_VRC01_Concordance|1200432|cc|5|1|PVO.4|5024,0,0.00298784,5,1,0,nan,nan,0,0,1.67392,1.67392
704_VRC01_Concordance|1200432|cc|6|1|PVO.4|5024,0,0.00175373,6,1,0,nan,nan,0,0,0.982515,0.982515
704_VRC01_Concordance|1200432|cc|7|1|PVO.4|5024,0,0.00233831,7,1,0,nan,nan,0,0,1.31002,1.31002
704_VRC01_Concordance|1200432|cc|8|1|PVO.4|5024,0,0.00334508,8,1,0,nan,nan,0,0,1.87406,1.87406
704_VRC01_Concordance|1200432|sample|10|PVO.4|5024,0.002286236854138,0.850689,1,10,1,0.826436,0.826436,0.818137,0.81882,0.409397,0.400488
704_VRC01_Concordance|1200432|sample|10|PVO.4|5024,0.0068587105624142,0.988097,2,10,1,0.954213,0.954213,0.935569,0.933372,0.579346,0.604966
704_VRC01_Concordance|1200432|sample|10|PVO.4|5024,0.0205761316872428,0.866635,3,10,1,0.987921,0.987921,0.945044,0.937281,-0.856286,-0.777767
704_VRC01_Concordance|1200432|sample|10|PVO.4|5024,0.0617283950617284,0.879642,4,10,1,0.987921,0.987921,0.886985,0.87176,-0.0853292,0.0931616
704_VRC01_Concordance|1200432|sample|10|PVO.4|5024,0.1851851851851852,0.740724,5,10,1,0.987921,0.987921,0.759889,0.735035,-0.259062,0.079434
704_VRC01_Concordance|1200432|sample|10|PVO.4|5024,0.5555555555555556,0.485621,6,10,1,0.987921,0.987921,0.524296,0.495835,-0.749582,-0.208919
704_VRC01_Concordance|1200432|sample|10|PVO.4|5024,1.66666666666667,0.212201,7,10,1,0.954213,0.954213,0.215335,0.202484,-0.140895,0.46225
704_VRC01_Concordance|1200432|sample|10|PVO.4|5024,5,0.0380949,8,10,1,0.826436,0.826436,0.0337272,0.0380782,0.875433,0.00310444
704_VRC01_Concordance|1200432|sample|11|PVO.4|5024,0.0457247370827617,0.868454,1,11,1,0.826436,0.826436,0.704965,0.698827,2.37766,2.48804
704_VRC01_Concordance|1200432|sample|11|PVO.4|5024,0.1371742112482853,0.719452,2,11,1,0.954213,0.954213,0.677712,0.665485,0.630783,0.830144
704_VRC01_Concordance|1200432|sample|11|PVO.4|5024,0.411522633744856,0.42653,3,11,1,0.954213,0.954213,0.457137,0.443437,-0.67692,-0.384999
704_VRC01_Concordance|1200432|sample|11|PVO.4|5024,1.23456790123457,0.188591,4,11,1,0.954213,0.954213,0.201973,0.193677,-0.638029,-0.251977
704_VRC01_Concordance|1200432|sample|11|PVO.4|5024,3.7037037037037,0.036601,5,11,1,0.954213,0.954213,0.0413618,0.0402575,-0.833101,-0.651831
704_VRC01_Concordance|1200432|sample|11|PVO.4|5024,11.1111111111111,0.00789179,6,11,1,0.954213,0.954213,0.00364226,0.00449,1.99417,1.53822
704_VRC01_Concordance|1200432|sample|11|PVO.4|5024,33.3333333333333,0.00133154,7,11,1,0.954213,0.954213,0.00142988,0.00233094,-0.0512004,-0.498109
704_VRC01_Concordance|1200432|sample|11|PVO.4|5024,100,0.000389718,8,11,1,0.826436,0.826436,0.00121598,0.00199614,-0.434769,-0.813549
704_VRC01_Concordance|1200432|sample|12|PVO.4|5024,0.0457247370827617,0.755582,1,12,1,0.826436,0.826436,0.697359,0.696854,0.855752,0.863774
704_VRC01_Concordance|1200432|sample|12|PVO.4|5024,0.1371742112482853,0.635256,2,12,1,0.826436,0.826436,0.575373,0.573437,1.06085,1.09874
704_VRC01_Concordance|1200432|sample|12|PVO.4|5024,0.411522633744856,0.416203,3,12,1,0.826436,0.826436,0.38332,0.380611,0.860757,0.937982
704_VRC01_Concordance|1200432|sample|12|PVO.4|5024,1.23456790123457,0.135362,4,12,1,0.826436,0.826436,0.1667,0.16495,-1.77831,-1.69501
704_VRC01_Concordance|1200432|sample|12|PVO.4|5024,3.7037037037037,0.0341003,5,12,1,0.826436,0.826436,0.0333194,0.0331234,0.157738,0.198076
704_VRC01_Concordance|1200432|sample|12|PVO.4|5024,11.1111111111111,0.00308527,6,12,1,0.826436,0.826436,0.0022023,0.00243296,0.442774,0.323552
704_VRC01_Concordance|1200432|sample|12|PVO.4|5024,33.3333333333333,0.000292288,7,12,1,0.826436,0.826436,0.000329305,0.000569409,-0.0203809,-0.150688
704_VRC01_Concordance|1200432|sample|12|PVO.4|5024,100,0.000292288,8,12,1,0.826436,0.826436,0.000306783,0.000546441,-0.00798996,-0.138363
704_VRC01_Concordance|1200432|sample|3|PVO.4|5024,0.0457247370827617,0.931426,1,3,1,0.826436,0.826436,0.652055,0.650966,4.38342,4.40767
704_VRC01_Concordance|1200432|sample|3|PVO.4|5024,0.1371742112482853,0.65242,2,3,1,0.954213,0.954213,0.594091,0.59101,1.00176,1.06001
704_VRC01_Concordance|1200432|sample|3|PVO.4|5024,0.411522633744856,0.404284,3,3,1,0.987921,0.987921,0.385323,0.381721,0.493868,0.592965
704_VRC01_Concordance|1200432|sample|3|PVO.4|5024,1.23456790123457,0.116071,4,3,1,0.987921,0.987921,0.15722,0.155745,-2.46081,-2.39268
704_VRC01_Concordance|1200432|sample|3|PVO.4|5024,3.7037037037037,0.0223763,5,3,1,0.987921,0.987921,0.0312178,0.0317074,-1.86106,-1.94507
704_VRC01_Concordance|1200432|sample|3|PVO.4|5024,11.1111111111111,0.00337756,6,3,1,0.987921,0.987921,0.00254352,0.00350771,0.411548,-0.0614453
704_VRC01_Concordance|1200432|sample|3|PVO.4|5024,33.3333333333333,0.00295536,7,3,1,0.954213,0.954213,0.000535037,0.00148141,1.31842,0.765416
704_VRC01_Concordance|1200432|sample|3|PVO.4|5024,100,0.00168878,8,3,1,0.826436,0.826436,0.000433821,0.00125335,0.687213,0.228691
704_VRC01_Concordance|1200432|sample|4|PVO.4|5024,0.0457247370827617,0.855821,1,4,1,0.826436,0.826436,0.73999,0.738462,1.6068,1.63128
704_VRC01_Concordance|1200432|sample|4|PVO.4|5024,0.1371742112482853,0.721108,2,4,1,0.954213,0.954213,0.740337,0.734974,-0.266626,-0.193632
704_VRC01_Concordance|1200432|sample|4|PVO.4|5024,0.411522633744856,0.572009,3,4,1,0.987921,0.987921,0.550572,0.542247,0.396295,0.558374
704_VRC01_Concordance|1200432|sample|4|PVO.4|5024,1.23456790123457,0.23966,4,4,1,0.996814,0.996814,0.264486,0.258471,-0.922454,-0.71413
704_VRC01_Concordance|1200432|sample|4|PVO.4|5024,3.7037037037037,0.0572236,5,4,1,0.996814,0.996814,0.056153,0.0553917,0.150373,0.259933
704_VRC01_Concordance|1200432|sample|4|PVO.4|5024,11.1111111111111,0.00779436,6,4,1,0.987921,0.987921,0.00482765,0.00568847,1.3223,0.905614
704_VRC01_Concordance|1200432|sample|4|PVO.4|5024,33.3333333333333,0.0027605,7,4,1,0.954213,0.954213,0.00214688,0.00302005,0.308522,-0.125272
704_VRC01_Concordance|1200432|sample|4|PVO.4|5024,100,0.00116915,8,4,1,0.826436,0.826436,0.00184183,0.00259903,-0.343218,-0.703726
704_VRC01_Concordance|1200432|sample|5|PVO.4|5024,0.002286236854138,0.883215,1,5,1,0.826436,0.826436,0.815264,0.817533,0.857541,0.826654
704_VRC01_Concordance|1200432|sample|5|PVO.4|5024,0.0068587105624142,0.89653,2,5,1,0.954213,0.954213,0.928686,0.930333,-0.357234,-0.374882
704_VRC01_Concordance|1200432|sample|5|PVO.4|5024,0.0205761316872428,0.878603,3,5,1,0.987921,0.987921,0.930834,0.931096,-0.578941,-0.581687
704_VRC01_Concordance|1200432|sample|5|PVO.4|5024,0.0617283950617284,0.790088,4,5,1,0.996814,0.996814,0.868944,0.868212,-0.934982,-0.927067
704_VRC01_Concordance|1200432|sample|5|PVO.4|5024,0.1851851851851852,0.721465,5,5,1,0.996814,0.996814,0.724953,0.72369,-0.0493589,-0.0315353
704_VRC01_Concordance|1200432|sample|5|PVO.4|5024,0.5555555555555556,0.483543,6,5,1,0.987921,0.987921,0.476162,0.475118,0.156948,0.179532
704_VRC01_Concordance|1200432|sample|5|PVO.4|5024,1.66666666666667,0.199503,7,5,1,0.954213,0.954213,0.189671,0.189697,0.496436,0.495075
704_VRC01_Concordance|1200432|sample|5|PVO.4|5024,5,0.0347498,8,5,1,0.826436,0.826436,0.0341679,0.0348695,0.115663,-0.0234766
704_VRC01_Concordance|1200432|sample|6|PVO.4|5024,0.002286236854138,0.994382,1,6,1,0.826436,0.826436,0.814981,0.816695,2.26481,2.23857
704_VRC01_Concordance|1200432|sample|6|PVO.4|5024,0.0068587105624142,0.986474,2,6,1,0.954213,0.954213,0.928079,0.928453,0.649138,0.644729
704_VRC01_Concordance|1200432|sample|6|PVO.4|5024,0.0205761316872428,0.991621,3,6,1,0.987921,0.987921,0.929766,0.927522,0.68638,0.712969
704_VRC01_Concordance|1200432|sample|6|PVO.4|5024,0.0617283950617284,0.869396,4,6,1,0.996814,0.996814,0.867446,0.862286,0.0231573,0.0849411
704_VRC01_Concordance|1200432|sample|6|PVO.4|5024,0.1851851851851852,0.779355,5,6,1,0.996814,0.996814,0.723923,0.716086,0.785578,0.906208
704_VRC01_Concordance|1200432|sample|6|PVO.4|5024,0.5555555555555556,0.468051,6,6,1,0.987921,0.987921,0.478564,0.470712,-0.222495,-0.057207
704_VRC01_Concordance|1200432|sample|6|PVO.4|5024,1.66666666666667,0.186123,7,6,1,0.954213,0.954213,0.199043,0.196071,-0.624302,-0.487374
704_VRC01_Concordance|1200432|sample|6|PVO.4|5024,5,0.0497215,8,6,1,0.826436,0.826436,0.0469619,0.0482749,0.441786,0.227052
704_VRC01_Concordance|1200432|sample|7|PVO.4|5024,0.0457247370827617,0.822711,1,7,1,0.826436,0.826436,0.687297,0.685819,2.01865,2.04496
704_VRC01_Concordance|1200432|sample|7|PVO.4|5024,0.1371742112482853,0.758505,2,7,1,0.954213,0.954213,0.648469,0.644299,1.73579,1.81288
704_VRC01_Concordance|1200432|sample|7|PVO.4|5024,0.411522633744856,0.445919,3,7,1,0.987921,0.987921,0.441156,0.435848,0.108994,0.233165
704_VRC01_Concordance|1200432|sample|7|PVO.4|5024,1.23456790123457,0.173424,4,7,1,0.996814,0.996814,0.19065,0.187778,-0.865717,-0.731378
704_VRC01_Concordance|1200432|sample|7|PVO.4|5024,3.7037037037037,0.0308202,5,7,1,0.996814,0.996814,0.0380652,0.0382381,-1.34134,-1.36918
704_VRC01_Concordance|1200432|sample|7|PVO.4|5024,11.1111111111111,0.00402709,6,7,1,0.987921,0.987921,0.00271155,0.00366545,0.644063,0.169531
704_VRC01_Concordance|1200432|sample|7|PVO.4|5024,33.3333333333333,0.00243574,7,7,1,0.954213,0.954213,0.000514452,0.00145782,1.0477,0.508422
704_VRC01_Concordance|1200432|sample|7|PVO.4|5024,100,0.00113668,8,7,1,0.826436,0.826436,0.000421167,0.001238,0.39207,-0.0532574
704_VRC01_Concordance|1200432|sample|8|PVO.4|5024,0.0457247370827617,0.796746,1,8,1,0.826436,0.826436,0.704211,0.696385,1.34717,1.47709
704_VRC01_Concordance|1200432|sample|8|PVO.4|5024,0.1371742112482853,0.73569,2,8,1,0.954213,0.954213,0.676357,0.661357,0.898413,1.15035
704_VRC01_Concordance|1200432|sample|8|PVO.4|5024,0.411522633744856,0.466265,3,8,1,0.987921,0.987921,0.472081,0.454247,-0.124714,0.267418
704_VRC01_Concordance|1200432|sample|8|PVO.4|5024,1.23456790123457,0.184954,4,8,1,0.996814,0.996814,0.209735,0.198685,-1.14145,-0.664611
704_VRC01_Concordance|1200432|sample|8|PVO.4|5024,3.7037037037037,0.0379325,5,8,1,0.996814,0.996814,0.0420786,0.0401973,-0.716991,-0.404146
704_VRC01_Concordance|1200432|sample|8|PVO.4|5024,11.1111111111111,0.00399461,6,8,1,0.987921,0.987921,0.00270178,0.00328533,0.633238,0.338224
704_VRC01_Concordance|1200432|sample|8|PVO.4|5024,33.3333333333333,0.00168878,7,8,1,0.954213,0.954213,0.000396076,0.00102567,0.709275,0.352268
704_VRC01_Concordance|1200432|sample|8|PVO.4|5024,100,0,8,8,1,0.826436,0.826436,0.000321252,0.000865292,-0.176953,-0.46343
704_VRC01_Concordance|1200432|sample|9|PVO.4|5024,0.002286236854138,0.844113,1,9,1,0.826436,0.826436,0.814006,0.814999,0.380521,0.367537
704_VRC01_Concordance|1200432|sample|9|PVO.4|5024,0.0068587105624142,0.938782,2,9,1,0.954213,0.954213,0.925775,0.92454,0.144947,0.158908
704_VRC01_Concordance|1200432|sample|9|PVO.4|5024,0.0205761316872428,0.856568,3,9,1,0.987921,0.987921,0.925038,0.919732,-0.763601,-0.708408
704_VRC01_Concordance|1200432|sample|9|PVO.4|5024,0.0617283950617284,0.895653,4,9,1,0.996814,0.996814,0.85856,0.848191,0.445009,0.57623
704_VRC01_Concordance|1200432|sample|9|PVO.4|5024,0.1851851851851852,0.785119,5,9,1,0.996814,0.996814,0.709217,0.693988,1.09743,1.34575
704_VRC01_Concordance|1200432|sample|9|PVO.4|5024,0.5555555555555556,0.449345,6,9,1,0.987921,0.987921,0.459145,0.444028,-0.21583,0.120924
704_VRC01_Concordance|1200432|sample|9|PVO.4|5024,1.66666666666667,0.160499,7,9,1,0.954213,0.954213,0.180732,0.174655,-1.0674,-0.770279
704_VRC01_Concordance|1200432|sample|9|PVO.4|5024,5,0.0365685,8,9,1,0.826436,0.826436,0.0335425,0.035292,0.608667,0.248447
704_VRC01_Concordance|1200432|vc|1|2|PVO.4|5024,0,0.927366,1,2,1,nan,nan,0.824015,0.918965,1.29076,0.0943014
704_VRC01_Concordance|1200432|vc|2|2|PVO.4|5024,0,0.913369,2,2,1,nan,nan,0.952225,0.905109,-0.421198,0.0940993
704_VRC01_Concordance|1200432|vc|3|2|PVO.4|5024,0,1,3,2,1,nan,nan,0.952225,0.990963,0.51788,0.0942075
704_VRC01_Concordance|1200432|vc|4|2|PVO.4|5024,0,0.936054,4,2,1,nan,nan,0.952225,0.927592,-0.175295,0.0941122
704_VRC01_Concordance|1200432|vc|5|2|PVO.4|5024,0,0.990712,5,2,1,nan,nan,0.952225,0.981752,0.417195,0.0942596
704_VRC01_Concordance|1200432|vc|6|2|PVO.4|5024,0,0.919832,6,2,1,nan,nan,0.952225,0.911514,-0.351141,0.0941085
704_VRC01_Concordance|1200432|vc|7|2|PVO.4|5024,0,0.864589,7,2,1,nan,nan,0.952225,0.856767,-0.949969,0.0940335
704_VRC01_Concordance|1200432|vc|8|2|PVO.4|5024,0,0.869461,8,2,1,nan,nan,0.824015,0.861585,0.567575,0.0941607
