id,time,rlu_norm,plate_row,plate_col,virus_cc,popPred_medianCOV,popPred,indivPred_SAEM,indivPred_mode,indWRes_SAEM,indWRes_mode
130_bNAb_Combinations|1313842|cc|1|1|nan|2946,0,0.00107969,1,1,0,0,0,0,0,0.600174,0.600174
130_bNAb_Combinations|1313842|cc|2|1|nan|2946,0,0.000918885,2,1,0,0,0,0,0,0.510787,0.510787
130_bNAb_Combinations|1313842|cc|3|1|nan|2946,0,0.00110266,3,1,0,0,0,0,0,0.612944,0.612944
130_bNAb_Combinations|1313842|cc|4|1|nan|2946,0,0.00133238,4,1,0,0,0,0,0,0.740641,0.740641
130_bNAb_Combinations|1313842|cc|5|1|nan|2946,0,0.00153913,5,1,0,0,0,0,0,0.855568,0.855568
130_bNAb_Combinations|1313842|cc|6|1|nan|2946,0,0.00149319,6,1,0,0,0,0,0,0.830028,0.830028
130_bNAb_Combinations|1313842|cc|7|1|nan|2946,0,0.00149319,7,1,0,0,0,0,0,0.830028,0.830028
130_bNAb_Combinations|1313842|cc|8|1|nan|2946,0,0.000826997,8,1,0,0,0,0,0,0.459708,0.459708
130_bNAb_Combinations|1313842|sample|10|nan|2946,0.0003648,0.782305,1,10,1,0.89799,0.879271,0.896633,0.896452,-0.931392,-0.930102
130_bNAb_Combinations|1313842|sample|10|nan|2946,0.001824,0.882187,2,10,1,0.888173,0.830923,0.887629,0.887496,-0.0447735,-0.0436826
130_bNAb_Combinations|1313842|sample|10|nan|2946,0.00912,0.889573,3,10,1,0.836266,0.686717,0.857618,0.85764,0.271983,0.271792
130_bNAb_Combinations|1313842|sample|10|nan|2946,0.0456,0.751223,4,10,1,0.604575,0.368643,0.76328,0.763749,-0.115085,-0.119496
130_bNAb_Combinations|1313842|sample|10|nan|2946,0.228,0.542866,5,10,1,0.123997,0.0606772,0.518244,0.519552,0.343363,0.324323
130_bNAb_Combinations|1313842|sample|10|nan|2946,1.14,0.150628,6,10,1,0.00985401,0.00662602,0.155694,0.156919,-0.222178,-0.273914
130_bNAb_Combinations|1313842|sample|10|nan|2946,5.7,0.0141738,7,10,1,0.00962702,0.00609344,0.0114426,0.011551,0.817109,0.78128
130_bNAb_Combinations|1313842|sample|10|nan|2946,28.5,0.000252693,8,10,1,0.00962702,0.00609328,0.00610083,0.00609969,-2.23047,-2.23016
130_bNAb_Combinations|1313842|sample|11|nan|2946,0.0003712,0.787795,1,11,1,0.897949,0.875248,0.897814,0.897598,-0.895122,-0.89358
130_bNAb_Combinations|1313842|sample|11|nan|2946,0.001856,0.899692,2,11,1,0.887952,0.816741,0.891481,0.89123,0.0672748,0.0693494
130_bNAb_Combinations|1313842|sample|11|nan|2946,0.00928,0.943259,3,11,1,0.835127,0.644246,0.869864,0.869495,0.616041,0.6194
130_bNAb_Combinations|1313842|sample|11|nan|2946,0.0464,0.770876,4,11,1,0.600213,0.292551,0.799099,0.798366,-0.257524,-0.25106
130_bNAb_Combinations|1313842|sample|11|nan|2946,0.2319999999999999,0.591682,5,11,1,0.120097,0.0275769,0.597848,0.596308,-0.074789,-0.0562576
130_bNAb_Combinations|1313842|sample|11|nan|2946,1.16,0.238543,6,11,1,0.00983098,0.00182379,0.229736,0.227958,0.268596,0.325176
130_bNAb_Combinations|1313842|sample|11|nan|2946,5.8,0.0150238,7,11,1,0.00962702,0.00175904,0.0147565,0.0144826,0.0705275,0.144209
130_bNAb_Combinations|1313842|sample|11|nan|2946,29,0,8,11,1,0.00962702,0.00175904,0.00177474,0.0017737,-0.870668,-0.870218
130_bNAb_Combinations|1313842|sample|12|nan|2946,0.0003712,0.726907,1,12,1,0.897949,0.875248,0.897139,0.897023,-1.38605,-1.38527
130_bNAb_Combinations|1313842|sample|12|nan|2946,0.001856,0.725805,2,12,1,0.887952,0.816741,0.889159,0.889249,-1.34181,-1.34241
130_bNAb_Combinations|1313842|sample|12|nan|2946,0.00928,0.699823,3,12,1,0.835127,0.644246,0.862041,0.862816,-1.37375,-1.37909
130_bNAb_Combinations|1313842|sample|12|nan|2946,0.0464,0.628667,4,12,1,0.600213,0.292551,0.774609,0.777434,-1.37305,-1.39463
130_bNAb_Combinations|1313842|sample|12|nan|2946,0.2319999999999999,0.46638,5,12,1,0.120097,0.0275769,0.538137,0.545071,-0.964585,-1.04466
130_bNAb_Combinations|1313842|sample|12|nan|2946,1.16,0.173084,6,12,1,0.00983098,0.00182379,0.164572,0.171407,0.354683,0.0672725
130_bNAb_Combinations|1313842|sample|12|nan|2946,5.8,0.0100848,7,12,1,0.00962702,0.00175904,0.0069835,0.00758788,1.13144,0.884627
130_bNAb_Combinations|1313842|sample|12|nan|2946,29,0.00119455,8,12,1,0.00962702,0.00175904,0.00176197,0.00176217,-0.278607,-0.278701
130_bNAb_Combinations|1313842|sample|3|nan|2946,0.000064,0.866394,1,3,1,0.89984,0.900188,0.900389,0.900188,-0.275809,-0.274239
130_bNAb_Combinations|1313842|sample|3|nan|2946,0.00032,0.944316,2,3,1,0.898275,0.900188,0.900389,0.900188,0.356378,0.358088
130_bNAb_Combinations|1313842|sample|3|nan|2946,0.0016,0.961051,3,3,1,0.88972,0.900188,0.900389,0.900188,0.492153,0.493893
130_bNAb_Combinations|1313842|sample|3|nan|2946,0.008,0.986159,4,3,1,0.844259,0.900188,0.900389,0.900188,0.695862,0.697647
130_bNAb_Combinations|1313842|sample|3|nan|2946,0.04,0.882578,5,3,1,0.635971,0.900188,0.900389,0.900188,-0.144507,-0.142908
130_bNAb_Combinations|1313842|sample|3|nan|2946,0.2,0.77709,6,3,1,0.155747,0.898095,0.900336,0.900023,-0.99997,-0.997776
130_bNAb_Combinations|1313842|sample|3|nan|2946,1,0.473111,7,3,1,0.0101205,0.117277,0.714573,0.46412,-2.4591,0.139606
130_bNAb_Combinations|1313842|sample|3|nan|2946,5,0.151731,8,3,1,0.00962702,0.116817,0.116843,0.116817,1.98676,1.98864
130_bNAb_Combinations|1313842|sample|4|nan|2946,0.000064,0.844789,1,4,1,0.89984,0.900188,0.900389,0.900188,-0.451096,-0.449564
130_bNAb_Combinations|1313842|sample|4|nan|2946,0.00032,0.96429,2,4,1,0.898275,0.900188,0.900389,0.900188,0.518432,0.520178
130_bNAb_Combinations|1313842|sample|4|nan|2946,0.0016,0.942363,3,4,1,0.88972,0.900188,0.900389,0.900188,0.340536,0.342242
130_bNAb_Combinations|1313842|sample|4|nan|2946,0.008,0.926512,4,4,1,0.844259,0.900188,0.900389,0.900188,0.211937,0.213615
130_bNAb_Combinations|1313842|sample|4|nan|2946,0.04,0.878374,5,4,1,0.635971,0.900188,0.900389,0.900188,-0.178614,-0.177022
130_bNAb_Combinations|1313842|sample|4|nan|2946,0.2,0.73798,6,4,1,0.155747,0.898095,0.900239,0.900005,-1.31665,-1.31508
130_bNAb_Combinations|1313842|sample|4|nan|2946,1,0.443512,7,4,1,0.0101205,0.117277,0.489392,0.435107,-0.676555,0.138929
130_bNAb_Combinations|1313842|sample|4|nan|2946,5,0.140934,8,4,1,0.00962702,0.116817,0.116843,0.116817,1.37192,1.37368
130_bNAb_Combinations|1313842|sample|5|nan|2946,0.0006144,0.829983,1,5,1,0.896374,0.900188,0.900389,0.900188,-0.571215,-0.56971
130_bNAb_Combinations|1313842|sample|5|nan|2946,0.003072,0.89357,2,5,1,0.879433,0.900188,0.900389,0.900188,-0.0553266,-0.0537073
130_bNAb_Combinations|1313842|sample|5|nan|2946,0.01536,0.91946,3,5,1,0.792372,0.900188,0.900389,0.900188,0.154719,0.156385
130_bNAb_Combinations|1313842|sample|5|nan|2946,0.0768,0.844513,4,5,1,0.455735,0.900173,0.900389,0.900188,-0.453332,-0.4518
130_bNAb_Combinations|1313842|sample|5|nan|2946,0.384,0.634686,5,5,1,0.0408998,0.842148,0.900032,0.899841,-2.15363,-2.15253
130_bNAb_Combinations|1313842|sample|5|nan|2946,1.92,0.273162,6,5,1,0.00963326,0.116817,0.261522,0.267747,0.313929,0.142813
130_bNAb_Combinations|1313842|sample|5|nan|2946,9.6,0.101927,7,5,1,0.00962702,0.116817,0.116843,0.116817,-0.849367,-0.848051
130_bNAb_Combinations|1313842|sample|5|nan|2946,48,0.049482,8,5,1,0.00962702,0.116817,0.116843,0.116817,-3.83593,-3.83521
130_bNAb_Combinations|1313842|sample|6|nan|2946,0.0006144,0.807137,1,6,1,0.896374,0.900188,0.900389,0.900188,-0.756566,-0.755102
130_bNAb_Combinations|1313842|sample|6|nan|2946,0.003072,0.913073,2,6,1,0.879433,0.900188,0.900389,0.900188,0.102907,0.104561
130_bNAb_Combinations|1313842|sample|6|nan|2946,0.01536,0.905757,3,6,1,0.792372,0.900188,0.900389,0.900188,0.0435459,0.0451869
130_bNAb_Combinations|1313842|sample|6|nan|2946,0.0768,0.884312,4,6,1,0.455735,0.900173,0.900389,0.900188,-0.130436,-0.128833
130_bNAb_Combinations|1313842|sample|6|nan|2946,0.384,0.63016,5,6,1,0.0408998,0.842148,0.90011,0.899899,-2.19081,-2.1896
130_bNAb_Combinations|1313842|sample|6|nan|2946,1.92,0.318692,6,6,1,0.00963326,0.116817,0.321133,0.312386,-0.0540999,0.143538
130_bNAb_Combinations|1313842|sample|6|nan|2946,9.6,0.14291,7,6,1,0.00962702,0.116817,0.116843,0.116817,1.48442,1.4862
130_bNAb_Combinations|1313842|sample|6|nan|2946,48,0.0423376,8,6,1,0.00962702,0.116817,0.116843,0.116817,-4.24277,-4.24214
130_bNAb_Combinations|1313842|sample|7|nan|2946,0.0000768,0.796949,1,7,1,0.899766,0.893763,0.899366,0.899163,-0.831851,-0.83039
130_bNAb_Combinations|1313842|sample|7|nan|2946,0.000384,1,2,7,1,0.897868,0.878447,0.896898,0.896692,0.839692,0.841558
130_bNAb_Combinations|1313842|sample|7|nan|2946,0.00192,0.911982,3,7,1,0.887508,0.828283,0.888523,0.888306,0.19283,0.194661
130_bNAb_Combinations|1313842|sample|7|nan|2946,0.0096,0.8727,4,7,1,0.832849,0.679447,0.860563,0.86031,0.102954,0.105136
130_bNAb_Combinations|1313842|sample|7|nan|2946,0.048,0.846259,5,7,1,0.591581,0.356383,0.77216,0.771802,0.699313,0.703019
130_bNAb_Combinations|1313842|sample|7|nan|2946,0.24,0.530266,6,7,1,0.112714,0.0556367,0.538267,0.537721,-0.107533,-0.100293
130_bNAb_Combinations|1313842|sample|7|nan|2946,1.2,0.187832,7,7,1,0.00979215,0.00652644,0.174137,0.173689,0.541522,0.560569
130_bNAb_Combinations|1313842|sample|7|nan|2946,6,0.0118536,8,7,1,0.00962702,0.0060934,0.013219,0.013173,-0.381173,-0.368969
130_bNAb_Combinations|1313842|sample|8|nan|2946,0.0000768,0.807666,1,8,1,0.899766,0.893763,0.899311,0.899138,-0.744408,-0.743142
130_bNAb_Combinations|1313842|sample|8|nan|2946,0.000384,0.9013,2,8,1,0.897868,0.878447,0.896711,0.896605,0.037384,0.0382538
130_bNAb_Combinations|1313842|sample|8|nan|2946,0.00192,0.96043,3,8,1,0.887508,0.828283,0.887892,0.888011,0.596675,0.595615
130_bNAb_Combinations|1313842|sample|8|nan|2946,0.0096,0.907296,4,8,1,0.832849,0.679447,0.858484,0.859338,0.415054,0.407394
130_bNAb_Combinations|1313842|sample|8|nan|2946,0.048,0.786233,5,8,1,0.591581,0.356383,0.765881,0.768863,0.193616,0.164622
130_bNAb_Combinations|1313842|sample|8|nan|2946,0.24,0.560359,6,8,1,0.112714,0.0556367,0.524049,0.531034,0.50089,0.399352
130_bNAb_Combinations|1313842|sample|8|nan|2946,1.2,0.163389,7,8,1,0.00979215,0.00652644,0.160879,0.167365,0.106806,-0.163093
130_bNAb_Combinations|1313842|sample|8|nan|2946,6,0.0142427,8,8,1,0.00962702,0.0060934,0.0119086,0.0125288,0.685408,0.491239
130_bNAb_Combinations|1313842|sample|9|nan|2946,0.0003648,0.848418,1,9,1,0.89799,0.879271,0.896611,0.896374,-0.39262,-0.390788
130_bNAb_Combinations|1313842|sample|9|nan|2946,0.001824,0.929671,2,9,1,0.888173,0.830923,0.887556,0.887232,0.346554,0.349343
130_bNAb_Combinations|1313842|sample|9|nan|2946,0.00912,0.902196,3,9,1,0.836266,0.686717,0.857377,0.856773,0.381585,0.386995
130_bNAb_Combinations|1313842|sample|9|nan|2946,0.0456,0.850118,4,9,1,0.604575,0.368643,0.762556,0.761149,0.836608,0.85159
130_bNAb_Combinations|1313842|sample|9|nan|2946,0.228,0.545806,5,9,1,0.123997,0.0606772,0.516638,0.513788,0.408007,0.450291
130_bNAb_Combinations|1313842|sample|9|nan|2946,1.14,0.154396,6,9,1,0.00985401,0.00662602,0.154282,0.151867,0.00502448,0.11348
130_bNAb_Combinations|1313842|sample|9|nan|2946,5.7,0.0108658,7,9,1,0.00962702,0.00609344,0.0113201,0.011115,-0.136571,-0.0755614
130_bNAb_Combinations|1313842|sample|9|nan|2946,28.5,0.000413498,8,9,1,0.00962702,0.00609328,0.00610058,0.00609883,-2.16907,-2.1686
130_bNAb_Combinations|1313842|vc|1|2|nan|2946,0,0.842836,1,2,1,0.900188,0.900188,0.900389,0.900188,-0.466938,-0.465409
130_bNAb_Combinations|1313842|vc|2|2|nan|2946,0,0.947647,2,2,1,0.900188,0.900188,0.900389,0.900188,0.383403,0.385118
130_bNAb_Combinations|1313842|vc|3|2|nan|2946,0,0.949806,3,2,1,0.900188,0.900188,0.900389,0.900188,0.400922,0.402642
130_bNAb_Combinations|1313842|vc|4|2|nan|2946,0,0.93376,4,2,1,0.900188,0.900188,0.900389,0.900188,0.270738,0.272429
130_bNAb_Combinations|1313842|vc|5|2|nan|2946,0,0.949576,5,2,1,0.900188,0.900188,0.900389,0.900188,0.399058,0.400777
130_bNAb_Combinations|1313842|vc|6|2|nan|2946,0,0.978843,6,2,1,0.900188,0.900188,0.900389,0.900188,0.636501,0.638273
130_bNAb_Combinations|1313842|vc|7|2|nan|2946,0,0.900864,7,2,1,0.900188,0.900188,0.900389,0.900188,0.00384781,0.00548008
130_bNAb_Combinations|1313842|vc|8|2|nan|2946,0,0.690864,8,2,1,0.900188,0.900188,0.900389,0.900188,-1.69991,-1.69865
130_bNAb_Combinations|1313860|cc|1|1|PVO.4|5024,0,0.000722109,1,1,0,0,0,0,0,0.401403,0.401403
130_bNAb_Combinations|1313860|cc|2|1|PVO.4|5024,0,0.000902636,2,1,0,0,0,0,0,0.501754,0.501754
130_bNAb_Combinations|1313860|cc|3|1|PVO.4|5024,0,0.0011634,3,1,0,0,0,0,0,0.646705,0.646705
130_bNAb_Combinations|1313860|cc|4|1|PVO.4|5024,0,0.00162474,4,1,0,0,0,0,0,0.903157,0.903157
130_bNAb_Combinations|1313860|cc|5|1|PVO.4|5024,0,0.00138404,5,1,0,0,0,0,0,0.769356,0.769356
130_bNAb_Combinations|1313860|cc|6|1|PVO.4|5024,0,0.0016448,6,1,0,0,0,0,0,0.914307,0.914307
130_bNAb_Combinations|1313860|cc|7|1|PVO.4|5024,0,0.00178521,7,1,0,0,0,0,0,0.992357,0.992357
130_bNAb_Combinations|1313860|cc|8|1|PVO.4|5024,0,0.00148433,8,1,0,0,0,0,0,0.825106,0.825106
130_bNAb_Combinations|1313860|sample|10|PVO.4|5024,0.0003648,0.940566,1,10,1,0.89799,0.884903,0.894722,0.894556,0.374263,0.375689
130_bNAb_Combinations|1313860|sample|10|PVO.4|5024,0.001824,0.927278,2,10,1,0.888173,0.846157,0.880044,0.879966,0.391944,0.392618
130_bNAb_Combinations|1313860|sample|10|PVO.4|5024,0.00912,0.889708,3,10,1,0.836266,0.720716,0.829052,0.829272,0.533781,0.53171
130_bNAb_Combinations|1313860|sample|10|PVO.4|5024,0.0456,0.686274,4,10,1,0.604575,0.411898,0.669906,0.670915,0.177597,0.166398
130_bNAb_Combinations|1313860|sample|10|PVO.4|5024,0.228,0.317477,5,10,1,0.123997,0.069498,0.321519,0.323314,-0.0894752,-0.128536
130_bNAb_Combinations|1313860|sample|10|PVO.4|5024,1.14,0.0365267,6,10,1,0.00985401,0.00203985,0.0342127,0.0347564,0.360756,0.272869
130_bNAb_Combinations|1313860|sample|10|PVO.4|5024,5.7,0.000641874,7,10,1,0.00962702,0.00137348,0.00151284,0.00151736,-0.434824,-0.436946
130_bNAb_Combinations|1313860|sample|10|PVO.4|5024,28.5,0.000441289,8,10,1,0.00962702,0.00137333,0.00137365,0.00137334,-0.469878,-0.469734
130_bNAb_Combinations|1313860|sample|11|PVO.4|5024,0.0003712,0.89049,1,11,1,0.897949,0.868752,0.891607,0.891454,-0.00914552,-0.00789734
130_bNAb_Combinations|1313860|sample|11|PVO.4|5024,0.001856,0.925934,2,11,1,0.887952,0.797461,0.870739,0.8707,0.462817,0.463166
130_bNAb_Combinations|1313860|sample|11|PVO.4|5024,0.00928,0.859359,3,11,1,0.835127,0.597282,0.803249,0.803557,0.509383,0.506401
130_bNAb_Combinations|1313860|sample|11|PVO.4|5024,0.0464,0.674941,4,11,1,0.600213,0.231551,0.611627,0.612736,0.751013,0.736557
130_bNAb_Combinations|1313860|sample|11|PVO.4|5024,0.2319999999999999,0.244805,5,11,1,0.120097,0.013492,0.249771,0.251355,-0.139919,-0.183455
130_bNAb_Combinations|1313860|sample|11|PVO.4|5024,1.16,0.0178521,6,11,1,0.00983098,7.87716e-05,0.0167022,0.0170117,0.283803,0.205296
130_bNAb_Combinations|1313860|sample|11|PVO.4|5024,5.8,0.00070205,7,11,1,0.00962702,6.58432e-05,8.63897e-05,8.72221e-05,0.340028,0.339547
130_bNAb_Combinations|1313860|sample|11|PVO.4|5024,29,0.000160469,8,11,1,0.00962702,6.58432e-05,6.5858e-05,6.58433e-05,0.0523333,0.0523415
130_bNAb_Combinations|1313860|sample|12|PVO.4|5024,0.0003712,0.939283,1,12,1,0.897949,0.868752,0.890604,0.89027,0.39921,0.402099
130_bNAb_Combinations|1313860|sample|12|PVO.4|5024,0.001856,0.916777,2,12,1,0.887952,0.797461,0.867403,0.86676,0.415581,0.421304
130_bNAb_Combinations|1313860|sample|12|PVO.4|5024,0.00928,0.891313,3,12,1,0.835127,0.597282,0.792835,0.791263,0.905553,0.921813
130_bNAb_Combinations|1313860|sample|12|PVO.4|5024,0.0464,0.651633,4,12,1,0.600213,0.231551,0.585443,0.581868,0.819462,0.86891
130_bNAb_Combinations|1313860|sample|12|PVO.4|5024,0.2319999999999999,0.224295,5,12,1,0.120097,0.013492,0.217067,0.212964,0.232558,0.371183
130_bNAb_Combinations|1313860|sample|12|PVO.4|5024,1.16,0.00968829,6,12,1,0.00983098,7.87716e-05,0.0112578,0.0106803,-0.473085,-0.306197
130_bNAb_Combinations|1313860|sample|12|PVO.4|5024,5.8,0.000661933,7,12,1,0.00962702,6.58432e-05,7.46355e-05,7.36955e-05,0.324648,0.32519
130_bNAb_Combinations|1313860|sample|12|PVO.4|5024,29,0,8,12,1,0.00962702,6.58432e-05,6.58579e-05,6.58432e-05,-0.036429,-0.0364209
130_bNAb_Combinations|1313860|sample|3|PVO.4|5024,0.000064,0.942953,1,3,1,0.89984,0.900188,0.900389,0.900188,0.345327,0.347034
130_bNAb_Combinations|1313860|sample|3|PVO.4|5024,0.00032,0.869078,2,3,1,0.898275,0.900188,0.900389,0.900188,-0.254037,-0.252461
130_bNAb_Combinations|1313860|sample|3|PVO.4|5024,0.0016,0.85281,3,3,1,0.88972,0.900188,0.900389,0.900188,-0.386017,-0.384471
130_bNAb_Combinations|1313860|sample|3|PVO.4|5024,0.008,0.886438,4,3,1,0.844259,0.900187,0.900389,0.900188,-0.113187,-0.111581
130_bNAb_Combinations|1313860|sample|3|PVO.4|5024,0.04,0.784701,5,3,1,0.635971,0.89987,0.900389,0.900188,-0.938592,-0.937167
130_bNAb_Combinations|1313860|sample|3|PVO.4|5024,0.2,0.757893,6,3,1,0.155747,0.8374,0.90033,0.900124,-1.15568,-1.15428
130_bNAb_Combinations|1313860|sample|3|PVO.4|5024,1,0.495868,7,3,1,0.0101205,0.0434163,0.888211,0.887091,-3.22613,-3.22092
130_bNAb_Combinations|1313860|sample|3|PVO.4|5024,5,0.0938942,8,3,1,0.00962702,0.0433998,0.101341,0.0914058,-0.481362,0.176118
130_bNAb_Combinations|1313860|sample|4|PVO.4|5024,0.000064,0.963754,1,4,1,0.89984,0.900188,0.900389,0.900188,0.514086,0.515831
130_bNAb_Combinations|1313860|sample|4|PVO.4|5024,0.00032,0.848879,2,4,1,0.898275,0.900188,0.900389,0.900188,-0.417914,-0.416374
130_bNAb_Combinations|1313860|sample|4|PVO.4|5024,0.0016,0.847455,3,4,1,0.88972,0.900188,0.900389,0.900188,-0.429468,-0.427931
130_bNAb_Combinations|1313860|sample|4|PVO.4|5024,0.008,0.867142,4,4,1,0.844259,0.900187,0.900389,0.900188,-0.269741,-0.268169
130_bNAb_Combinations|1313860|sample|4|PVO.4|5024,0.04,0.805653,5,4,1,0.635971,0.89987,0.900389,0.900188,-0.768612,-0.767149
130_bNAb_Combinations|1313860|sample|4|PVO.4|5024,0.2,0.707095,6,4,1,0.155747,0.8374,0.90033,0.900126,-1.56785,-1.56654
130_bNAb_Combinations|1313860|sample|4|PVO.4|5024,1,0.503972,7,4,1,0.0101205,0.0434163,0.888261,0.887522,-3.15973,-3.15624
130_bNAb_Combinations|1313860|sample|4|PVO.4|5024,5,0.0983672,8,4,1,0.00962702,0.0433998,0.10194,0.0957971,-0.229788,0.174587
130_bNAb_Combinations|1313860|sample|5|PVO.4|5024,0.0006144,0.899286,1,5,1,0.896374,0.900188,0.900389,0.900188,-0.00895342,-0.00732397
130_bNAb_Combinations|1313860|sample|5|PVO.4|5024,0.003072,0.907339,2,5,1,0.879433,0.900188,0.900389,0.900188,0.0563859,0.0580297
130_bNAb_Combinations|1313860|sample|5|PVO.4|5024,0.01536,0.855779,3,5,1,0.792372,0.900175,0.900389,0.900188,-0.361931,-0.360379
130_bNAb_Combinations|1313860|sample|5|PVO.4|5024,0.0768,0.837576,4,5,1,0.455735,0.897438,0.900361,0.900161,-0.509402,-0.507887
130_bNAb_Combinations|1313860|sample|5|PVO.4|5024,0.384,0.66436,5,5,1,0.0408998,0.492148,0.894573,0.894501,-1.87972,-1.87928
130_bNAb_Combinations|1313860|sample|5|PVO.4|5024,1.92,0.280479,6,5,1,0.00963326,0.0433998,0.267931,0.274331,0.330706,0.158431
130_bNAb_Combinations|1313860|sample|5|PVO.4|5024,9.6,0.0437879,7,5,1,0.00962702,0.0433998,0.0434095,0.0433998,0.0494307,0.0507054
130_bNAb_Combinations|1313860|sample|5|PVO.4|5024,48,0.00302884,8,5,1,0.00962702,0.0433998,0.0434095,0.0433998,-5.27529,-5.27492
130_bNAb_Combinations|1313860|sample|6|PVO.4|5024,0.0006144,0.902947,1,6,1,0.896374,0.900188,0.900389,0.900188,0.0207462,0.0223822
130_bNAb_Combinations|1313860|sample|6|PVO.4|5024,0.003072,1,2,6,1,0.879433,0.900188,0.900389,0.900188,0.808154,0.809963
130_bNAb_Combinations|1313860|sample|6|PVO.4|5024,0.01536,0.888003,3,6,1,0.792372,0.900175,0.900389,0.900188,-0.100492,-0.0988831
130_bNAb_Combinations|1313860|sample|6|PVO.4|5024,0.0768,0.842731,4,6,1,0.455735,0.897438,0.90036,0.90016,-0.467573,-0.466051
130_bNAb_Combinations|1313860|sample|6|PVO.4|5024,0.384,0.660529,5,6,1,0.0408998,0.492148,0.89446,0.894458,-1.91031,-1.9103
130_bNAb_Combinations|1313860|sample|6|PVO.4|5024,1.92,0.278232,6,6,1,0.00963326,0.0433998,0.262362,0.272131,0.426729,0.158441
130_bNAb_Combinations|1313860|sample|6|PVO.4|5024,9.6,0.029446,7,6,1,0.00962702,0.0433998,0.0434095,0.0433998,-1.82418,-1.82322
130_bNAb_Combinations|1313860|sample|6|PVO.4|5024,48,0.00204597,8,6,1,0.00962702,0.0433998,0.0434095,0.0433998,-5.40369,-5.40335
130_bNAb_Combinations|1313860|sample|7|PVO.4|5024,0.0000768,0.964978,1,7,1,0.899766,0.895763,0.898857,0.898607,0.53735,0.539525
130_bNAb_Combinations|1313860|sample|7|PVO.4|5024,0.000384,0.899587,2,7,1,0.897868,0.884269,0.89485,0.894474,0.0386634,0.041748
130_bNAb_Combinations|1313860|sample|7|PVO.4|5024,0.00192,0.93161,3,7,1,0.887508,0.843974,0.880499,0.879677,0.423898,0.431118
130_bNAb_Combinations|1313860|sample|7|PVO.4|5024,0.0096,0.845689,4,7,1,0.832849,0.714116,0.830599,0.828289,0.132554,0.153263
130_bNAb_Combinations|1313860|sample|7|PVO.4|5024,0.048,0.647902,5,7,1,0.591581,0.39918,0.674344,0.668104,-0.285051,-0.219769
130_bNAb_Combinations|1313860|sample|7|PVO.4|5024,0.24,0.298712,6,7,1,0.112714,0.0633652,0.328716,0.318799,-0.650257,-0.448338
130_bNAb_Combinations|1313860|sample|7|PVO.4|5024,1.2,0.0363862,7,7,1,0.00979215,0.00191344,0.0363743,0.0334346,0.00177728,0.467835
130_bNAb_Combinations|1313860|sample|7|PVO.4|5024,6,0.00108316,8,7,1,0.00962702,0.00137344,0.00153242,0.00150588,-0.223992,-0.211137
130_bNAb_Combinations|1313860|sample|8|PVO.4|5024,0.0000768,0.950786,1,8,1,0.899766,0.895763,0.898813,0.898592,0.422397,0.424298
130_bNAb_Combinations|1313860|sample|8|PVO.4|5024,0.000384,0.92461,2,8,1,0.897868,0.884269,0.894692,0.894418,0.244252,0.246563
130_bNAb_Combinations|1313860|sample|8|PVO.4|5024,0.00192,0.843312,3,8,1,0.887508,0.843974,0.879936,0.879476,-0.303934,-0.300271
130_bNAb_Combinations|1313860|sample|8|PVO.4|5024,0.0096,0.847094,4,8,1,0.832849,0.714116,0.828687,0.827609,0.16205,0.171761
130_bNAb_Combinations|1313860|sample|8|PVO.4|5024,0.048,0.634433,5,8,1,0.591581,0.39918,0.668861,0.666163,-0.374121,-0.346168
130_bNAb_Combinations|1313860|sample|8|PVO.4|5024,0.24,0.29454,6,8,1,0.112714,0.0633652,0.319843,0.315711,-0.562986,-0.476964
130_bNAb_Combinations|1313860|sample|8|PVO.4|5024,1.2,0.0356641,7,8,1,0.00979215,0.00191344,0.0337236,0.0325524,0.305691,0.502699
130_bNAb_Combinations|1313860|sample|8|PVO.4|5024,6,0.00112328,8,8,1,0.00962702,0.00137344,0.00150862,0.00149852,-0.192431,-0.187515
130_bNAb_Combinations|1313860|sample|9|PVO.4|5024,0.0003648,0.996159,1,9,1,0.89799,0.884903,0.8947,0.89446,0.828302,0.830481
130_bNAb_Combinations|1313860|sample|9|PVO.4|5024,0.001824,0.900911,2,9,1,0.888173,0.846157,0.879967,0.879627,0.173805,0.176692
130_bNAb_Combinations|1313860|sample|9|PVO.4|5024,0.00912,0.872167,3,9,1,0.836266,0.720716,0.828792,0.828121,0.381823,0.388037
130_bNAb_Combinations|1313860|sample|9|PVO.4|5024,0.0456,0.672464,4,9,1,0.604575,0.411898,0.669161,0.667624,0.0358707,0.0526882
130_bNAb_Combinations|1313860|sample|9|PVO.4|5024,0.228,0.315531,5,9,1,0.123997,0.069498,0.320324,0.318034,-0.106476,-0.0559784
130_bNAb_Combinations|1313860|sample|9|PVO.4|5024,1.14,0.0348417,6,9,1,0.00985401,0.00203985,0.0338634,0.0332142,0.153662,0.259181
130_bNAb_Combinations|1313860|sample|9|PVO.4|5024,5.7,0.0010631,7,9,1,0.00962702,0.00137348,0.00150982,0.00150402,-0.223063,-0.220254
130_bNAb_Combinations|1313860|sample|9|PVO.4|5024,28.5,0.000762226,8,9,1,0.00962702,0.00137333,0.00137365,0.00137334,-0.308136,-0.307988
130_bNAb_Combinations|1313860|vc|1|2|PVO.4|5024,0,0.954858,1,2,1,0.900188,0.900188,0.900389,0.900188,0.441912,0.443641
130_bNAb_Combinations|1313860|vc|2|2|PVO.4|5024,0,0.902094,2,2,1,0.900188,0.900188,0.900389,0.900188,0.0138299,0.0154643
130_bNAb_Combinations|1313860|vc|3|2|PVO.4|5024,0,0.86299,3,2,1,0.900188,0.900188,0.900389,0.900188,-0.303428,-0.301863
130_bNAb_Combinations|1313860|vc|4|2|PVO.4|5024,0,0.843613,4,2,1,0.900188,0.900188,0.900389,0.900188,-0.460632,-0.459102
130_bNAb_Combinations|1313860|vc|5|2|PVO.4|5024,0,0.869359,5,2,1,0.900188,0.900188,0.900389,0.900188,-0.251758,-0.250182
130_bNAb_Combinations|1313860|vc|6|2|PVO.4|5024,0,0.81162,6,2,1,0.900188,0.900188,0.900389,0.900188,-0.720199,-0.718726
130_bNAb_Combinations|1313860|vc|7|2|PVO.4|5024,0,0.761714,7,2,1,0.900188,0.900188,0.900389,0.900188,-1.12509,-1.12371
130_bNAb_Combinations|1313860|vc|8|2|PVO.4|5024,0,0.747362,8,2,1,0.900188,0.900188,0.900389,0.900188,-1.24153,-1.24017
130_bNAb_Combinations|1313884|cc|1|1|nan|4168,0,0.000363452,1,1,0,0,0,0,0,0.202034,0.202034
130_bNAb_Combinations|1313884|cc|2|1|nan|4168,0,0.000879936,2,1,0,0,0,0,0,0.489136,0.489136
130_bNAb_Combinations|1313884|cc|3|1|nan|4168,0,0.000248678,3,1,0,0,0,0,0,0.138234,0.138234
130_bNAb_Combinations|1313884|cc|4|1|nan|4168,0,5.73872e-05,4,1,0,0,0,0,0,0.0319002,0.0319002
130_bNAb_Combinations|1313884|cc|5|1|nan|4168,0,0,5,1,0,0,0,0,0,0,0
130_bNAb_Combinations|1313884|cc|6|1|nan|4168,0,0.000325194,6,1,0,0,0,0,0,0.180768,0.180768
130_bNAb_Combinations|1313884|cc|7|1|nan|4168,0,0.000554743,7,1,0,0,0,0,0,0.308368,0.308368
130_bNAb_Combinations|1313884|cc|8|1|nan|4168,0,0.000248678,8,1,0,0,0,0,0,0.138234,0.138234
130_bNAb_Combinations|1313884|sample|10|nan|4168,0.0003648,0.774009,1,10,1,0.89799,0.708361,0.821842,0.822878,-0.424568,-0.433228
130_bNAb_Combinations|1313884|sample|10|nan|4168,0.001824,0.732346,2,10,1,0.888173,0.563115,0.750705,0.752736,-0.178129,-0.197311
130_bNAb_Combinations|1313884|sample|10|nan|4168,0.00912,0.69975,3,10,1,0.836266,0.369549,0.629185,0.632605,0.814154,0.770594
130_bNAb_Combinations|1313884|sample|10|nan|4168,0.0456,0.452067,4,10,1,0.604575,0.18763,0.451203,0.455802,0.0137874,-0.0590101
130_bNAb_Combinations|1313884|sample|10|nan|4168,0.228,0.221036,5,10,1,0.123997,0.0902507,0.254155,0.258372,-0.917837,-1.01866
130_bNAb_Combinations|1313884|sample|10|nan|4168,1.14,0.135271,6,10,1,0.00985401,0.0668472,0.117856,0.119917,0.984057,0.854194
130_bNAb_Combinations|1313884|sample|10|nan|4168,5.7,0.0867311,7,10,1,0.00962702,0.0647472,0.0713176,0.0717131,1.34978,1.30903
130_bNAb_Combinations|1313884|sample|10|nan|4168,28.5,0.0454124,8,10,1,0.00962702,0.0646795,0.0650042,0.0650169,-1.85394,-1.85484
130_bNAb_Combinations|1313884|sample|11|nan|4168,0.0003712,0.771905,1,11,1,0.897949,0.786452,0.873183,0.872397,-0.846896,-0.841068
130_bNAb_Combinations|1313884|sample|11|nan|4168,0.001856,0.762522,2,11,1,0.887952,0.646671,0.834768,0.833191,-0.631489,-0.618857
130_bNAb_Combinations|1313884|sample|11|nan|4168,0.00928,0.738841,3,11,1,0.835127,0.404834,0.747521,0.744312,-0.0845743,-0.0535386
130_bNAb_Combinations|1313884|sample|11|nan|4168,0.0464,0.560166,4,11,1,0.600213,0.139312,0.571796,0.566081,-0.147344,-0.0756779
130_bNAb_Combinations|1313884|sample|11|nan|4168,0.2319999999999999,0.294645,5,11,1,0.120097,0.0185801,0.303476,0.296583,-0.206644,-0.0463632
130_bNAb_Combinations|1313884|sample|11|nan|4168,1.16,0.069228,6,11,1,0.00983098,0.00573183,0.0754657,0.0720066,-0.520723,-0.241357
130_bNAb_Combinations|1313884|sample|11|nan|4168,5.8,0.0138494,7,11,1,0.00962702,0.00555667,0.00919075,0.00885439,1.53309,1.6687
130_bNAb_Combinations|1313884|sample|11|nan|4168,29,0.00181726,8,11,1,0.00962702,0.00555643,0.00557916,0.00557487,-1.47435,-1.473
130_bNAb_Combinations|1313884|sample|12|nan|4168,0.0003712,0.813233,1,12,1,0.897949,0.786452,0.868781,0.867972,-0.466817,-0.460435
130_bNAb_Combinations|1313884|sample|12|nan|4168,0.001856,0.742858,2,12,1,0.887952,0.646671,0.824453,0.822833,-0.722,-0.709034
130_bNAb_Combinations|1313884|sample|12|nan|4168,0.00928,0.718258,3,12,1,0.835127,0.404834,0.725149,0.721906,-0.069174,-0.0367866
130_bNAb_Combinations|1313884|sample|12|nan|4168,0.0464,0.538636,4,12,1,0.600213,0.139312,0.531517,0.525999,0.0968573,0.173688
130_bNAb_Combinations|1313884|sample|12|nan|4168,0.2319999999999999,0.244077,5,12,1,0.120097,0.0185801,0.256442,0.250457,-0.339772,-0.179288
130_bNAb_Combinations|1313884|sample|12|nan|4168,1.16,0.0551873,6,12,1,0.00983098,0.00573183,0.0537695,0.0513509,0.15663,0.439659
130_bNAb_Combinations|1313884|sample|12|nan|4168,5.8,0.00767075,7,12,1,0.00962702,0.00555667,0.00735885,0.00719372,0.111726,0.172253
130_bNAb_Combinations|1313884|sample|12|nan|4168,29,0.00585349,8,12,1,0.00962702,0.00555643,0.00556486,0.00556264,0.113206,0.114089
130_bNAb_Combinations|1313884|sample|3|nan|4168,0.000064,0.896254,1,3,1,0.89984,0.900188,0.900389,0.900188,-0.0335552,-0.0319312
130_bNAb_Combinations|1313884|sample|3|nan|4168,0.00032,0.883198,2,3,1,0.898275,0.900188,0.900389,0.900188,-0.139477,-0.137876
130_bNAb_Combinations|1313884|sample|3|nan|4168,0.0016,0.945425,3,3,1,0.88972,0.900188,0.900389,0.900188,0.365378,0.36709
130_bNAb_Combinations|1313884|sample|3|nan|4168,0.008,0.973478,4,3,1,0.844259,0.900188,0.900389,0.900188,0.592974,0.594735
130_bNAb_Combinations|1313884|sample|3|nan|4168,0.04,0.977246,5,3,1,0.635971,0.900147,0.900389,0.900188,0.623547,0.625316
130_bNAb_Combinations|1313884|sample|3|nan|4168,0.2,0.815472,6,3,1,0.155747,0.87891,0.900386,0.900185,-0.688924,-0.687443
130_bNAb_Combinations|1313884|sample|3|nan|4168,1,0.719559,7,3,1,0.0101205,0.0340669,0.898478,0.898198,-1.45464,-1.45281
130_bNAb_Combinations|1313884|sample|3|nan|4168,5,0.315142,8,3,1,0.00962702,0.0339622,0.320651,0.308204,-0.122284,0.159945
130_bNAb_Combinations|1313884|sample|4|nan|4168,0.000064,0.855298,1,4,1,0.89984,0.900188,0.900389,0.900188,-0.365831,-0.36428
130_bNAb_Combinations|1313884|sample|4|nan|4168,0.00032,0.910725,2,4,1,0.898275,0.900188,0.900389,0.900188,0.083851,0.0855009
130_bNAb_Combinations|1313884|sample|4|nan|4168,0.0016,0.951039,3,4,1,0.88972,0.900188,0.900389,0.900188,0.410928,0.41265
130_bNAb_Combinations|1313884|sample|4|nan|4168,0.008,1,4,4,1,0.844259,0.900188,0.900389,0.900188,0.808154,0.809963
130_bNAb_Combinations|1313884|sample|4|nan|4168,0.04,0.93895,5,4,1,0.635971,0.900147,0.900389,0.900188,0.312844,0.314544
130_bNAb_Combinations|1313884|sample|4|nan|4168,0.2,0.839584,6,4,1,0.155747,0.87891,0.900386,0.900185,-0.4933,-0.491776
130_bNAb_Combinations|1313884|sample|4|nan|4168,1,0.743183,7,4,1,0.0101205,0.0340669,0.898622,0.898358,-1.26354,-1.26176
130_bNAb_Combinations|1313884|sample|4|nan|4168,5,0.341148,8,4,1,0.00962702,0.0339622,0.344576,0.333589,-0.0710009,0.161503
130_bNAb_Combinations|1313884|sample|5|nan|4168,0.0006144,0.922661,1,5,1,0.896374,0.900188,0.900389,0.900188,0.180694,0.182365
130_bNAb_Combinations|1313884|sample|5|nan|4168,0.003072,0.913852,2,5,1,0.879433,0.900188,0.900389,0.900188,0.109226,0.110881
130_bNAb_Combinations|1313884|sample|5|nan|4168,0.01536,0.961512,3,5,1,0.792372,0.900187,0.900389,0.900188,0.495898,0.497639
130_bNAb_Combinations|1313884|sample|5|nan|4168,0.0768,0.95651,4,5,1,0.455735,0.899667,0.900389,0.900188,0.455314,0.457046
130_bNAb_Combinations|1313884|sample|5|nan|4168,0.384,0.877392,5,5,1,0.0408998,0.668702,0.900384,0.900183,-0.186537,-0.184944
130_bNAb_Combinations|1313884|sample|5|nan|4168,1.92,0.606372,6,5,1,0.00963326,0.0339622,0.897634,0.897268,-2.3702,-2.36817
130_bNAb_Combinations|1313884|sample|5|nan|4168,9.6,0.20403,7,5,1,0.00962702,0.0339622,0.214762,0.199418,-0.348759,0.160726
130_bNAb_Combinations|1313884|sample|5|nan|4168,48,0.0395206,8,5,1,0.00962702,0.0339622,0.0339697,0.0339622,0.869866,0.871194
130_bNAb_Combinations|1313884|sample|6|nan|4168,0.0006144,0.914177,1,6,1,0.896374,0.900188,0.900389,0.900188,0.111864,0.11352
130_bNAb_Combinations|1313884|sample|6|nan|4168,0.003072,0.90533,2,6,1,0.879433,0.900188,0.900389,0.900188,0.0400856,0.0417258
130_bNAb_Combinations|1313884|sample|6|nan|4168,0.01536,0.984926,3,6,1,0.792372,0.900187,0.900389,0.900188,0.685859,0.687641
130_bNAb_Combinations|1313884|sample|6|nan|4168,0.0768,0.925091,4,6,1,0.455735,0.899667,0.900389,0.900188,0.200404,0.202079
130_bNAb_Combinations|1313884|sample|6|nan|4168,0.384,0.830947,5,6,1,0.0408998,0.668702,0.900384,0.900183,-0.563358,-0.561849
130_bNAb_Combinations|1313884|sample|6|nan|4168,1.92,0.605607,6,6,1,0.00963326,0.0339622,0.897704,0.897433,-2.37681,-2.37531
130_bNAb_Combinations|1313884|sample|6|nan|4168,9.6,0.219678,7,6,1,0.00962702,0.0339622,0.221676,0.214708,-0.0630249,0.161551
130_bNAb_Combinations|1313884|sample|6|nan|4168,48,0.0417587,8,6,1,0.00962702,0.0339622,0.0339697,0.0339622,1.22059,1.22198
130_bNAb_Combinations|1313884|sample|7|nan|4168,0.0000768,0.836418,1,7,1,0.899766,0.795687,0.867498,0.868485,-0.261576,-0.269578
130_bNAb_Combinations|1313884|sample|7|nan|4168,0.000384,0.922776,2,7,1,0.897868,0.70465,0.835695,0.837779,0.760335,0.740318
130_bNAb_Combinations|1313884|sample|7|nan|4168,0.00192,0.897153,3,7,1,0.887508,0.557528,0.775907,0.779914,1.13883,1.09563
130_bNAb_Combinations|1313884|sample|7|nan|4168,0.0096,0.78389,4,7,1,0.832849,0.36311,0.67074,0.67764,1.22618,1.13991
130_bNAb_Combinations|1313884|sample|7|nan|4168,0.048,0.503936,5,7,1,0.591581,0.182995,0.507961,0.517895,-0.0572453,-0.194802
130_bNAb_Combinations|1313884|sample|7|nan|4168,0.24,0.280795,6,7,1,0.112714,0.0886702,0.309087,0.319501,-0.650491,-0.862074
130_bNAb_Combinations|1313884|sample|7|nan|4168,1.2,0.161478,7,7,1,0.00979215,0.0666508,0.147574,0.153929,0.640559,0.334584
130_bNAb_Combinations|1313884|sample|7|nan|4168,6,0.0913986,8,7,1,0.00962702,0.0647391,0.0780976,0.0797904,1.07841,0.924052
130_bNAb_Combinations|1313884|sample|8|nan|4168,0.0000768,0.913412,1,8,1,0.899766,0.795687,0.867629,0.86688,0.385258,0.391897
130_bNAb_Combinations|1313884|sample|8|nan|4168,0.000384,0.818351,2,8,1,0.897868,0.70465,0.835946,0.834692,-0.153589,-0.14285
130_bNAb_Combinations|1313884|sample|8|nan|4168,0.00192,0.894723,3,8,1,0.887508,0.557528,0.776369,0.774234,1.11102,1.13413
130_bNAb_Combinations|1313884|sample|8|nan|4168,0.0096,0.810594,4,8,1,0.832849,0.36311,0.671516,0.668072,1.50544,1.55053
130_bNAb_Combinations|1313884|sample|8|nan|4168,0.048,0.521984,5,8,1,0.591581,0.182995,0.509063,0.504288,0.183365,0.253429
130_bNAb_Combinations|1313884|sample|8|nan|4168,0.24,0.263512,6,8,1,0.112714,0.0886702,0.310225,0.30536,-1.07025,-0.973417
130_bNAb_Combinations|1313884|sample|8|nan|4168,1.2,0.145199,7,8,1,0.00979215,0.0666508,0.148256,0.145366,-0.140241,-0.00779786
130_bNAb_Combinations|1313884|sample|8|nan|4168,6,0.0915325,8,8,1,0.00962702,0.0647391,0.078276,0.0775179,1.0727,1.14351
130_bNAb_Combinations|1313884|sample|9|nan|4168,0.0003648,0.835442,1,9,1,0.89799,0.708361,0.828309,0.831609,0.0628261,0.0336321
130_bNAb_Combinations|1313884|sample|9|nan|4168,0.001824,0.770136,2,9,1,0.888173,0.563115,0.762408,0.768589,0.0738447,0.0146647
130_bNAb_Combinations|1313884|sample|9|nan|4168,0.00912,0.72326,3,9,1,0.836266,0.369549,0.648279,0.658643,0.840132,0.712844
130_bNAb_Combinations|1313884|sample|9|nan|4168,0.0456,0.460312,4,9,1,0.604575,0.18763,0.476762,0.4911,-0.248827,-0.452455
130_bNAb_Combinations|1313884|sample|9|nan|4168,0.228,0.270179,5,9,1,0.123997,0.0902507,0.277997,0.292055,-0.198936,-0.531035
130_bNAb_Combinations|1313884|sample|9|nan|4168,1.14,0.154668,6,9,1,0.00985401,0.0668472,0.129982,0.137693,1.27688,0.833233
130_bNAb_Combinations|1313884|sample|9|nan|4168,5.7,0.0824654,7,9,1,0.00962702,0.0647472,0.0738466,0.0756166,0.732861,0.570766
130_bNAb_Combinations|1313884|sample|9|nan|4168,28.5,0.0480713,8,9,1,0.00962702,0.0646795,0.0651823,0.0653083,-1.6155,-1.62479
130_bNAb_Combinations|1313884|vc|1|2|nan|4168,0,0.9016,1,2,1,0.900188,0.900188,0.900389,0.900188,0.00982226,0.0114558
130_bNAb_Combinations|1313884|vc|2|2|nan|4168,0,0.943493,2,2,1,0.900188,0.900188,0.900389,0.900188,0.349703,0.351411
130_bNAb_Combinations|1313884|vc|3|2|nan|4168,0,0.895508,3,2,1,0.900188,0.900188,0.900389,0.900188,-0.0396079,-0.0379852
130_bNAb_Combinations|1313884|vc|4|2|nan|4168,0,0.872534,4,2,1,0.900188,0.900188,0.900389,0.900188,-0.225999,-0.224417
130_bNAb_Combinations|1313884|vc|5|2|nan|4168,0,0.872572,5,2,1,0.900188,0.900188,0.900389,0.900188,-0.225689,-0.224107
130_bNAb_Combinations|1313884|vc|6|2|nan|4168,0,0.86009,6,2,1,0.900188,0.900188,0.900389,0.900188,-0.326954,-0.325395
130_bNAb_Combinations|1313884|vc|7|2|nan|4168,0,0.851932,7,2,1,0.900188,0.900188,0.900389,0.900188,-0.393146,-0.391601
130_bNAb_Combinations|1313884|vc|8|2|nan|4168,0,0.811301,8,2,1,0.900188,0.900188,0.900389,0.900188,-0.722783,-0.721311
130_bNAb_Combinations|1313920|cc|1|1|nan|1798,0,0.00106207,1,1,0,0,0,0,0,0.590377,0.590377
130_bNAb_Combinations|1313920|cc|2|1|nan|1798,0,0.00146853,2,1,0,0,0,0,0,0.816324,0.816324
130_bNAb_Combinations|1313920|cc|3|1|nan|1798,0,0.00173077,3,1,0,0,0,0,0,0.962096,0.962096
130_bNAb_Combinations|1313920|cc|4|1|nan|1798,0,0.00124563,4,1,0,0,0,0,0,0.692417,0.692417
130_bNAb_Combinations|1313920|cc|5|1|nan|1798,0,0.0014292,5,1,0,0,0,0,0,0.794458,0.794458
130_bNAb_Combinations|1313920|cc|6|1|nan|1798,0,0.0014292,6,1,0,0,0,0,0,0.794458,0.794458
130_bNAb_Combinations|1313920|cc|7|1|nan|1798,0,0.0012063,7,1,0,0,0,0,0,0.670552,0.670552
130_bNAb_Combinations|1313920|cc|8|1|nan|1798,0,0.00215035,8,1,0,0,0,0,0,1.19533,1.19533
130_bNAb_Combinations|1313920|sample|10|nan|1798,0.0003648,0.782696,1,10,1,0.89799,0.864785,0.876713,0.87627,-0.783063,-0.779759
130_bNAb_Combinations|1313920|sample|10|nan|1798,0.001824,0.776855,2,10,1,0.888173,0.79397,0.828264,0.827349,-0.452837,-0.445255
130_bNAb_Combinations|1313920|sample|10|nan|1798,0.00912,0.694879,3,10,1,0.836266,0.609636,0.694104,0.692058,0.00811804,0.029649
130_bNAb_Combinations|1313920|sample|10|nan|1798,0.0456,0.420198,4,10,1,0.604575,0.276402,0.405524,0.402137,0.2597,0.322259
130_bNAb_Combinations|1313920|sample|10|nan|1798,0.228,0.0873778,5,10,1,0.123997,0.0319056,0.0874682,0.0855276,-0.00664678,0.138735
130_bNAb_Combinations|1313920|sample|10|nan|1798,1.14,0.00264861,6,10,1,0.00985401,0.000868173,0.00259374,0.0024981,0.0255345,0.0704623
130_bNAb_Combinations|1313920|sample|10|nan|1798,5.7,0.000629372,7,10,1,0.00962702,0.000645812,0.000647346,0.000647088,-0.00952895,-0.00939211
130_bNAb_Combinations|1313920|sample|10|nan|1798,28.5,7.86715e-05,8,10,1,0.00962702,0.000645763,0.000645908,0.000645763,-0.300747,-0.300674
130_bNAb_Combinations|1313920|sample|11|nan|1798,0.0003712,0.869963,1,11,1,0.897949,0.892199,0.898847,0.898617,-0.234742,-0.232929
130_bNAb_Combinations|1313920|sample|11|nan|1798,0.001856,0.691286,2,11,1,0.887952,0.866935,0.89389,0.893566,-1.65553,-1.65347
130_bNAb_Combinations|1313920|sample|11|nan|1798,0.00928,0.783024,3,11,1,0.835127,0.768444,0.873257,0.872549,-0.754475,-0.749151
130_bNAb_Combinations|1313920|sample|11|nan|1798,0.0464,0.669481,4,11,1,0.600213,0.468399,0.791602,0.789478,-1.12468,-1.10805
130_bNAb_Combinations|1313920|sample|11|nan|1798,0.2319999999999999,0.434162,5,11,1,0.120097,0.0727049,0.52788,0.522504,-1.28369,-1.22218
130_bNAb_Combinations|1313920|sample|11|nan|1798,1.16,0.115116,6,11,1,0.00983098,0.00100689,0.111346,0.107353,0.224185,0.476813
130_bNAb_Combinations|1313920|sample|11|nan|1798,5.8,0.00319931,7,11,1,0.00962702,0.00071863,0.00159506,0.00151339,0.796498,0.841649
130_bNAb_Combinations|1313920|sample|11|nan|1798,29,0.000760491,8,11,1,0.00962702,0.000718622,0.000718827,0.00071866,0.0219758,0.0220642
130_bNAb_Combinations|1313920|sample|12|nan|1798,0.0003712,0.815542,1,12,1,0.897949,0.892199,0.898792,0.898604,-0.676605,-0.675216
130_bNAb_Combinations|1313920|sample|12|nan|1798,0.001856,0.74085,2,12,1,0.887952,0.866935,0.893658,0.893511,-1.24895,-1.24796
130_bNAb_Combinations|1313920|sample|12|nan|1798,0.00928,0.723103,3,12,1,0.835127,0.768444,0.8723,0.872322,-1.24885,-1.24901
130_bNAb_Combinations|1313920|sample|12|nan|1798,0.0464,0.623072,4,12,1,0.600213,0.468399,0.787974,0.788621,-1.52556,-1.53031
130_bNAb_Combinations|1313920|sample|12|nan|1798,0.2319999999999999,0.462477,5,12,1,0.120097,0.0727049,0.518116,0.520203,-0.776109,-0.802062
130_bNAb_Combinations|1313920|sample|12|nan|1798,1.16,0.11273,6,12,1,0.00983098,0.00100689,0.10407,0.105653,0.546778,0.440859
130_bNAb_Combinations|1313920|sample|12|nan|1798,5.8,0.00295018,7,12,1,0.00962702,0.00071863,0.00145001,0.00148019,0.752129,0.7355
130_bNAb_Combinations|1313920|sample|12|nan|1798,29,0,8,12,1,0.00962702,0.000718622,0.000718815,0.000718657,-0.379137,-0.379058
130_bNAb_Combinations|1313920|sample|3|nan|1798,0.000064,0.927104,1,3,1,0.89984,0.887472,0.896978,0.896785,0.245331,0.246961
130_bNAb_Combinations|1313920|sample|3|nan|1798,0.00032,0.90564,2,3,1,0.898275,0.865061,0.890855,0.890674,0.121219,0.122724
130_bNAb_Combinations|1313920|sample|3|nan|1798,0.0016,0.884681,3,3,1,0.88972,0.805894,0.873945,0.8738,0.0896976,0.0909241
130_bNAb_Combinations|1313920|sample|3|nan|1798,0.008,0.948877,4,3,1,0.844259,0.665583,0.828609,0.828556,1.05893,1.05947
130_bNAb_Combinations|1313920|sample|3|nan|1798,0.04,0.855769,5,3,1,0.635971,0.41349,0.716548,0.716693,1.41402,1.41226
130_bNAb_Combinations|1313920|sample|3|nan|1798,0.2,0.458209,6,3,1,0.155747,0.173972,0.492966,0.493372,-0.508902,-0.514431
130_bNAb_Combinations|1313920|sample|3|nan|1798,1,0.22622,7,3,1,0.0101205,0.104666,0.225954,0.226302,0.00824814,-0.00254622
130_bNAb_Combinations|1313920|sample|3|nan|1798,5,0.122223,8,3,1,0.00962702,0.101263,0.111149,0.111189,0.659447,0.656876
130_bNAb_Combinations|1313920|sample|4|nan|1798,0.000064,0.895872,1,4,1,0.89984,0.887472,0.896788,0.896587,-0.00746438,-0.00582455
130_bNAb_Combinations|1313920|sample|4|nan|1798,0.00032,0.93585,2,4,1,0.898275,0.865061,0.890325,0.890123,0.37346,0.375203
130_bNAb_Combinations|1313920|sample|4|nan|1798,0.0016,0.876977,3,4,1,0.88972,0.805894,0.872495,0.872291,0.0375112,0.0392312
130_bNAb_Combinations|1313920|sample|4|nan|1798,0.008,0.971855,4,4,1,0.844259,0.665583,0.824814,0.824605,1.30053,1.30271
130_bNAb_Combinations|1313920|sample|4|nan|1798,0.04,0.784276,5,4,1,0.635971,0.41349,0.70777,0.707554,0.786509,0.788966
130_bNAb_Combinations|1313920|sample|4|nan|1798,0.2,0.443294,6,4,1,0.155747,0.173972,0.478347,0.478145,-0.528494,-0.525663
130_bNAb_Combinations|1313920|sample|4|nan|1798,1,0.218818,7,4,1,0.0101205,0.104666,0.214993,0.214876,0.124195,0.128069
130_bNAb_Combinations|1313920|sample|4|nan|1798,5,0.123534,8,4,1,0.00962702,0.101263,0.109471,0.109436,0.848905,0.851225
130_bNAb_Combinations|1313920|sample|5|nan|1798,0.0006144,0.907764,1,5,1,0.896374,0.847501,0.887051,0.886943,0.17054,0.171446
130_bNAb_Combinations|1313920|sample|5|nan|1798,0.003072,0.859919,2,5,1,0.879433,0.761901,0.863573,0.863626,-0.0308901,-0.0313334
130_bNAb_Combinations|1313920|sample|5|nan|1798,0.01536,0.783712,3,5,1,0.792372,0.575112,0.801773,0.80222,-0.164254,-0.168233
130_bNAb_Combinations|1313920|sample|5|nan|1798,0.0768,0.672202,4,5,1,0.455735,0.30091,0.656384,0.657592,0.17509,0.161423
130_bNAb_Combinations|1313920|sample|5|nan|1798,0.384,0.368891,5,5,1,0.0408998,0.127833,0.400314,0.402123,-0.563156,-0.592983
130_bNAb_Combinations|1313920|sample|5|nan|1798,1.92,0.184222,6,5,1,0.00963326,0.101798,0.167028,0.167963,0.706693,0.664858
130_bNAb_Combinations|1313920|sample|5|nan|1798,9.6,0.127972,7,5,1,0.00962702,0.101243,0.104094,0.10415,1.50741,1.50316
130_bNAb_Combinations|1313920|sample|5|nan|1798,48,0.0587283,8,5,1,0.00962702,0.101241,0.10128,0.101258,-2.75219,-2.7513
130_bNAb_Combinations|1313920|sample|6|nan|1798,0.0006144,0.830286,1,6,1,0.896374,0.847501,0.884857,0.884211,-0.450401,-0.44539
130_bNAb_Combinations|1313920|sample|6|nan|1798,0.003072,0.853841,2,6,1,0.879433,0.761901,0.857638,0.856237,-0.0323132,-0.0204245
130_bNAb_Combinations|1313920|sample|6|nan|1798,0.01536,0.751916,3,6,1,0.792372,0.575112,0.786742,0.783533,-0.322685,-0.29413
130_bNAb_Combinations|1313920|sample|6|nan|1798,0.0768,0.612799,4,6,1,0.455735,0.30091,0.624589,0.618193,-0.137012,-0.0633252
130_bNAb_Combinations|1313920|sample|6|nan|1798,0.384,0.297509,5,6,1,0.0408998,0.127833,0.358102,0.35023,-1.2093,-1.07498
130_bNAb_Combinations|1313920|sample|6|nan|1798,1.92,0.174251,6,6,1,0.00963326,0.101798,0.147699,0.144552,1.22228,1.39442
130_bNAb_Combinations|1313920|sample|6|nan|1798,9.6,0.113582,7,6,1,0.00962702,0.101243,0.102752,0.102554,0.691574,0.705444
130_bNAb_Combinations|1313920|sample|6|nan|1798,48,0.057994,8,6,1,0.00962702,0.101241,0.101271,0.101247,-2.79929,-2.79834
130_bNAb_Combinations|1313920|sample|7|nan|1798,0.0000768,0.81364,1,7,1,0.899766,0.888328,0.893951,0.893687,-0.656197,-0.654232
130_bNAb_Combinations|1313920|sample|7|nan|1798,0.000384,0.811293,2,7,1,0.897868,0.863499,0.880334,0.879939,-0.572704,-0.569679
130_bNAb_Combinations|1313920|sample|7|nan|1798,0.00192,0.832548,3,7,1,0.887508,0.790296,0.839005,0.838226,-0.0561651,-0.0494351
130_bNAb_Combinations|1313920|sample|7|nan|1798,0.0096,0.838533,4,7,1,0.832849,0.601029,0.722348,0.72061,1.17075,1.19108
130_bNAb_Combinations|1313920|sample|7|nan|1798,0.048,0.504533,5,7,1,0.591581,0.265161,0.457126,0.454022,0.747013,0.801206
130_bNAb_Combinations|1313920|sample|7|nan|1798,0.24,0.121528,6,7,1,0.112714,0.028724,0.121604,0.119372,-0.00419437,0.120443
130_bNAb_Combinations|1313920|sample|7|nan|1798,1.2,0.00317308,7,7,1,0.00979215,0.00082499,0.00479611,0.0046214,-0.663563,-0.597894
130_bNAb_Combinations|1313920|sample|7|nan|1798,6,0.000773603,8,7,1,0.00962702,0.000645799,0.000651072,0.000650559,0.0649418,0.065216
130_bNAb_Combinations|1313920|sample|8|nan|1798,0.0000768,0.853369,1,8,1,0.899766,0.888328,0.89367,0.893422,-0.329383,-0.327451
130_bNAb_Combinations|1313920|sample|8|nan|1798,0.000384,0.858752,2,8,1,0.897868,0.863499,0.879464,0.87912,-0.171976,-0.169188
130_bNAb_Combinations|1313920|sample|8|nan|1798,0.00192,0.804488,3,8,1,0.887508,0.790296,0.836415,0.83579,-0.278528,-0.273278
130_bNAb_Combinations|1313920|sample|8|nan|1798,0.0096,0.786951,4,8,1,0.832849,0.601029,0.715461,0.714141,0.727183,0.741953
130_bNAb_Combinations|1313920|sample|8|nan|1798,0.048,0.487829,5,8,1,0.591581,0.265161,0.444126,0.441863,0.708211,0.748573
130_bNAb_Combinations|1313920|sample|8|nan|1798,0.24,0.111628,6,8,1,0.112714,0.028724,0.112256,0.110726,-0.0370278,0.0539429
130_bNAb_Combinations|1313920|sample|8|nan|1798,1.2,0.0031862,7,8,1,0.00979215,0.00082499,0.00409116,0.00398426,-0.384955,-0.341575
130_bNAb_Combinations|1313920|sample|8|nan|1798,6,0.000694932,8,8,1,0.00962702,0.000645799,0.000649657,0.000649317,0.0239979,0.0241787
130_bNAb_Combinations|1313920|sample|9|nan|1798,0.0003648,0.799965,1,9,1,0.89799,0.864785,0.878086,0.877705,-0.649669,-0.646775
130_bNAb_Combinations|1313920|sample|9|nan|1798,0.001824,0.747006,2,9,1,0.888173,0.79397,0.832326,0.831591,-0.747926,-0.742131
130_bNAb_Combinations|1313920|sample|9|nan|1798,0.00912,0.676214,3,9,1,0.836266,0.609636,0.704686,0.703092,-0.293953,-0.278113
130_bNAb_Combinations|1313920|sample|9|nan|1798,0.0456,0.461861,4,9,1,0.604575,0.276402,0.424331,0.421646,0.635681,0.685357
130_bNAb_Combinations|1313920|sample|9|nan|1798,0.228,0.0981493,5,9,1,0.123997,0.0319056,0.0990056,0.0973351,-0.0565067,0.0545355
130_bNAb_Combinations|1313920|sample|9|nan|1798,1.14,0.00317308,6,9,1,0.00985401,0.000868173,0.00322645,0.00312868,-0.0238869,0.019991
130_bNAb_Combinations|1313920|sample|9|nan|1798,5.7,0.000485141,7,9,1,0.00962702,0.000645812,0.000648206,0.000647918,-0.0864423,-0.0862915
130_bNAb_Combinations|1313920|sample|9|nan|1798,28.5,0.000563812,8,9,1,0.00962702,0.000645763,0.000645908,0.000645763,-0.0435266,-0.0434506
130_bNAb_Combinations|1313920|vc|1|2|nan|1798,0,0.838599,1,2,1,0.900188,0.900188,0.900389,0.900188,-0.501312,-0.499791
130_bNAb_Combinations|1313920|vc|2|2|nan|1798,0,0.91969,2,2,1,0.900188,0.900188,0.900389,0.900188,0.156587,0.158253
130_bNAb_Combinations|1313920|vc|3|2|nan|1798,0,0.872133,3,2,1,0.900188,0.900188,0.900389,0.900188,-0.229248,-0.227668
130_bNAb_Combinations|1313920|vc|4|2|nan|1798,0,0.947723,4,2,1,0.900188,0.900188,0.900389,0.900188,0.384025,0.385741
130_bNAb_Combinations|1313920|vc|5|2|nan|1798,0,1,5,2,1,0.900188,0.900188,0.900389,0.900188,0.808158,0.809967
130_bNAb_Combinations|1313920|vc|6|2|nan|1798,0,0.938505,6,2,1,0.900188,0.900188,0.900389,0.900188,0.309241,0.31094
130_bNAb_Combinations|1313920|vc|7|2|nan|1798,0,0.844873,7,2,1,0.900188,0.900188,0.900389,0.900188,-0.45041,-0.448878
130_bNAb_Combinations|1313920|vc|8|2|nan|1798,0,0.756315,8,2,1,0.900188,0.900188,0.900389,0.900188,-1.16889,-1.16752
130_bNAb_Combinations|1313938|cc|1|1|TRO.11|8301,0,0.000314857,1,1,0,0,0,0,0,0.175022,0.175022
130_bNAb_Combinations|1313938|cc|2|1|TRO.11|8301,0,0.000558156,2,1,0,0,0,0,0,0.310265,0.310265
130_bNAb_Combinations|1313938|cc|3|1|TRO.11|8301,0,0.000586779,3,1,0,0,0,0,0,0.326176,0.326176
130_bNAb_Combinations|1313938|cc|4|1|TRO.11|8301,0,0.000686961,4,1,0,0,0,0,0,0.381865,0.381865
130_bNAb_Combinations|1313938|cc|5|1|TRO.11|8301,0,0.000615402,5,1,0,0,0,0,0,0.342088,0.342088
130_bNAb_Combinations|1313938|cc|6|1|TRO.11|8301,0,0.001102,6,1,0,0,0,0,0,0.612575,0.612575
130_bNAb_Combinations|1313938|cc|7|1|TRO.11|8301,0,0.00120218,7,1,0,0,0,0,0,0.668264,0.668264
130_bNAb_Combinations|1313938|cc|8|1|TRO.11|8301,0,0.000457974,8,1,0,0,0,0,0,0.254577,0.254577
130_bNAb_Combinations|1313938|sample|10|TRO.11|8301,0.0003648,0.972099,1,10,1,0.89799,0.871344,0.865956,0.86532,0.894881,0.900894
130_bNAb_Combinations|1313938|sample|10|TRO.11|8301,0.001824,0.800331,2,10,1,0.888173,0.804388,0.78696,0.785401,0.123854,0.138568
130_bNAb_Combinations|1313938|sample|10|TRO.11|8301,0.00912,0.620841,3,10,1,0.836266,0.611827,0.567699,0.564199,0.678019,0.727045
130_bNAb_Combinations|1313938|sample|10|TRO.11|8301,0.0456,0.181823,4,10,1,0.604575,0.246433,0.193427,0.189723,-0.416052,-0.288404
130_bNAb_Combinations|1313938|sample|10|TRO.11|8301,0.228,0.00905929,5,10,1,0.123997,0.0161799,0.00862977,0.00823098,0.144958,0.284716
130_bNAb_Combinations|1313938|sample|10|TRO.11|8301,1.14,0.000415039,6,10,1,0.00985401,0.00101182,0.00100019,0.000999595,-0.302581,-0.302284
130_bNAb_Combinations|1313938|sample|10|TRO.11|8301,5.7,0.000314857,7,10,1,0.00962702,0.000996359,0.000996581,0.000996359,-0.352605,-0.352495
130_bNAb_Combinations|1313938|sample|10|TRO.11|8301,28.5,0.000887324,8,10,1,0.00962702,0.000996359,0.000996581,0.000996359,-0.0565105,-0.0563963
130_bNAb_Combinations|1313938|sample|11|TRO.11|8301,0.0003712,0.957351,1,11,1,0.897949,0.888704,0.895294,0.895065,0.506299,0.508296
130_bNAb_Combinations|1313938|sample|11|TRO.11|8301,0.001856,0.926724,2,11,1,0.887952,0.85487,0.880049,0.879737,0.387305,0.390028
130_bNAb_Combinations|1313938|sample|11|TRO.11|8301,0.00928,0.826421,3,11,1,0.835127,0.732028,0.821409,0.820795,0.0445085,0.0500009
130_bNAb_Combinations|1313938|sample|11|TRO.11|8301,0.0464,0.657393,4,11,1,0.600213,0.399618,0.624623,0.623194,0.380787,0.39828
130_bNAb_Combinations|1313938|sample|11|TRO.11|8301,0.2319999999999999,0.217337,5,11,1,0.120097,0.046043,0.220028,0.218309,-0.0854695,-0.0311064
130_bNAb_Combinations|1313938|sample|11|TRO.11|8301,1.16,0.00788574,6,11,1,0.00983098,0.000685496,0.00736506,0.00720917,0.186457,0.244121
130_bNAb_Combinations|1313938|sample|11|TRO.11|8301,5.8,4.2935e-05,7,11,1,0.00962702,0.000587067,0.000588718,0.000588519,-0.290561,-0.290459
130_bNAb_Combinations|1313938|sample|11|TRO.11|8301,29,0.00034348,8,11,1,0.00962702,0.000587066,0.000587197,0.000587066,-0.129763,-0.129694
130_bNAb_Combinations|1313938|sample|12|TRO.11|8301,0.0003712,0.867789,1,12,1,0.897949,0.888704,0.89509,0.894876,-0.222795,-0.221099
130_bNAb_Combinations|1313938|sample|12|TRO.11|8301,0.001856,0.853241,2,12,1,0.887952,0.85487,0.879243,0.87899,-0.215953,-0.213913
130_bNAb_Combinations|1313938|sample|12|TRO.11|8301,0.00928,0.83694,3,12,1,0.835127,0.732028,0.818399,0.818005,0.165256,0.168848
130_bNAb_Combinations|1313938|sample|12|TRO.11|8301,0.0464,0.620225,4,12,1,0.600213,0.399618,0.615662,0.614899,0.0537819,0.0628481
130_bNAb_Combinations|1313938|sample|12|TRO.11|8301,0.2319999999999999,0.188106,5,12,1,0.120097,0.046043,0.20863,0.207806,-0.685466,-0.660393
130_bNAb_Combinations|1313938|sample|12|TRO.11|8301,1.16,0.00864425,6,12,1,0.00983098,0.000685496,0.00636191,0.00629622,0.858944,0.886621
130_bNAb_Combinations|1313938|sample|12|TRO.11|8301,5.8,0,7,12,1,0.00962702,0.000587067,0.000588304,0.000588148,-0.313207,-0.313128
130_bNAb_Combinations|1313938|sample|12|TRO.11|8301,29,0.000143117,8,12,1,0.00962702,0.000587066,0.000587197,0.000587066,-0.236443,-0.236376
130_bNAb_Combinations|1313938|sample|3|TRO.11|8301,0.000064,0.999256,1,3,1,0.89984,0.8943,0.899746,0.899538,0.807909,0.809783
130_bNAb_Combinations|1313938|sample|3|TRO.11|8301,0.00032,1,2,3,1,0.898275,0.880244,0.898192,0.897967,0.827975,0.83001
130_bNAb_Combinations|1313938|sample|3|TRO.11|8301,0.0016,0.897106,3,3,1,0.88972,0.834036,0.892905,0.892623,0.0343632,0.0366867
130_bNAb_Combinations|1313938|sample|3|TRO.11|8301,0.008,0.970361,4,3,1,0.844259,0.695326,0.875102,0.874628,0.794846,0.799224
130_bNAb_Combinations|1313938|sample|3|TRO.11|8301,0.04,0.880483,5,3,1,0.635971,0.383618,0.817175,0.816112,0.565092,0.575319
130_bNAb_Combinations|1313938|sample|3|TRO.11|8301,0.2,0.715899,6,3,1,0.155747,0.0689292,0.649128,0.646656,0.747185,0.777757
130_bNAb_Combinations|1313938|sample|3|TRO.11|8301,1,0.31236,7,3,1,0.0101205,0.0102862,0.30861,0.305097,0.086336,0.169078
130_bNAb_Combinations|1313938|sample|3|TRO.11|8301,5,0.0404162,8,3,1,0.00962702,0.0096954,0.0412281,0.0402268,-0.110311,0.0262044
130_bNAb_Combinations|1313938|sample|4|TRO.11|8301,0.000064,0.979763,1,4,1,0.89984,0.8943,0.899726,0.899538,0.649825,0.651485
130_bNAb_Combinations|1313938|sample|4|TRO.11|8301,0.00032,0.958596,2,4,1,0.898275,0.880244,0.898125,0.897969,0.49183,0.493188
130_bNAb_Combinations|1313938|sample|4|TRO.11|8301,0.0016,0.947948,3,4,1,0.88972,0.834036,0.892679,0.892629,0.452224,0.452659
130_bNAb_Combinations|1313938|sample|4|TRO.11|8301,0.008,0.949609,4,4,1,0.844259,0.695326,0.874346,0.874649,0.628533,0.625789
130_bNAb_Combinations|1313938|sample|4|TRO.11|8301,0.04,0.862629,5,4,1,0.635971,0.383618,0.814784,0.816177,0.428307,0.415133
130_bNAb_Combinations|1313938|sample|4|TRO.11|8301,0.2,0.698095,6,4,1,0.155747,0.0689292,0.642823,0.646828,0.624451,0.575692
130_bNAb_Combinations|1313938|sample|4|TRO.11|8301,1,0.273174,7,4,1,0.0101205,0.0102862,0.29935,0.305351,-0.620572,-0.748491
130_bNAb_Combinations|1313938|sample|4|TRO.11|8301,5,0.0442374,8,4,1,0.00962702,0.0096954,0.0386106,0.0402994,0.802986,0.544291
130_bNAb_Combinations|1313938|sample|5|TRO.11|8301,0.0006144,0.941673,1,5,1,0.896374,0.867632,0.896651,0.896488,0.36677,0.368163
130_bNAb_Combinations|1313938|sample|5|TRO.11|8301,0.003072,0.958739,2,5,1,0.879433,0.794208,0.887686,0.887614,0.584591,0.585229
130_bNAb_Combinations|1313938|sample|5|TRO.11|8301,0.01536,0.915761,3,5,1,0.792372,0.590828,0.857798,0.858023,0.493253,0.491219
130_bNAb_Combinations|1313938|sample|5|TRO.11|8301,0.0768,0.82456,4,5,1,0.455735,0.231024,0.763792,0.764871,0.579683,0.568598
130_bNAb_Combinations|1313938|sample|5|TRO.11|8301,0.384,0.514634,5,5,1,0.0408998,0.0237304,0.51934,0.52201,-0.0654939,-0.102149
130_bNAb_Combinations|1313938|sample|5|TRO.11|8301,1.92,0.141399,6,5,1,0.00963326,0.00972611,0.157393,0.159827,-0.694471,-0.788896
130_bNAb_Combinations|1313938|sample|5|TRO.11|8301,9.6,0.0210382,7,5,1,0.00962702,0.00969527,0.0146928,0.0148994,1.67824,1.61174
130_bNAb_Combinations|1313938|sample|5|TRO.11|8301,48,0.00739914,8,5,1,0.00962702,0.00969526,0.00970206,0.00970025,-0.741033,-0.740507
130_bNAb_Combinations|1313938|sample|6|TRO.11|8301,0.0006144,0.9722,1,6,1,0.896374,0.867632,0.896769,0.896495,0.614416,0.616832
130_bNAb_Combinations|1313938|sample|6|TRO.11|8301,0.003072,0.899854,2,6,1,0.879433,0.794208,0.888085,0.887638,0.0967904,0.100515
130_bNAb_Combinations|1313938|sample|6|TRO.11|8301,0.01536,0.850665,3,6,1,0.792372,0.590828,0.85911,0.858099,-0.071755,-0.0632459
130_bNAb_Combinations|1313938|sample|6|TRO.11|8301,0.0768,0.801476,4,6,1,0.455735,0.231024,0.767738,0.765102,0.320199,0.34639
130_bNAb_Combinations|1313938|sample|6|TRO.11|8301,0.384,0.527478,5,6,1,0.0408998,0.0237304,0.528179,0.522527,-0.00958812,0.0685023
130_bNAb_Combinations|1313938|sample|6|TRO.11|8301,1.92,0.143947,6,6,1,0.00963326,0.00972611,0.165329,0.160288,-0.887173,-0.697704
130_bNAb_Combinations|1313938|sample|6|TRO.11|8301,9.6,0.0206374,7,6,1,0.00962702,0.00969527,0.0153875,0.0149391,1.35493,1.49398
130_bNAb_Combinations|1313938|sample|6|TRO.11|8301,48,0.00800023,8,6,1,0.00962702,0.00969526,0.00970326,0.00970031,-0.547973,-0.547093
130_bNAb_Combinations|1313938|sample|7|TRO.11|8301,0.0000768,0.947047,1,7,1,0.899766,0.891421,0.890577,0.890363,0.463118,0.464988
130_bNAb_Combinations|1313938|sample|7|TRO.11|8301,0.000384,0.922266,2,7,1,0.897868,0.870199,0.866879,0.866632,0.466471,0.468679
130_bNAb_Combinations|1313938|sample|7|TRO.11|8301,0.00192,0.797075,3,7,1,0.887508,0.800755,0.789851,0.789509,0.0666696,0.0698616
130_bNAb_Combinations|1313938|sample|7|TRO.11|8301,0.0096,0.572639,4,7,1,0.832849,0.602487,0.574796,0.574258,-0.0271925,-0.0204269
130_bNAb_Combinations|1313938|sample|7|TRO.11|8301,0.048,0.211555,5,7,1,0.591581,0.234435,0.201302,0.200796,0.354109,0.372467
130_bNAb_Combinations|1313938|sample|7|TRO.11|8301,0.24,0.00928828,6,7,1,0.112714,0.0141529,0.00953348,0.00947652,-0.0794834,-0.0611697
130_bNAb_Combinations|1313938|sample|7|TRO.11|8301,1.2,0.000157428,7,7,1,0.00979215,0.00100771,0.00100113,0.00100085,-0.436247,-0.436109
130_bNAb_Combinations|1313938|sample|7|TRO.11|8301,6,0.001102,8,7,1,0.00962702,0.000996359,0.000996581,0.000996359,0.0545248,0.0546407
130_bNAb_Combinations|1313938|sample|8|TRO.11|8301,0.0000768,0.992465,1,8,1,0.899766,0.891421,0.891065,0.890844,0.831151,0.833172
130_bNAb_Combinations|1313938|sample|8|TRO.11|8301,0.000384,0.918846,2,8,1,0.897868,0.870199,0.868522,0.868252,0.423032,0.425436
130_bNAb_Combinations|1313938|sample|8|TRO.11|8301,0.00192,0.798592,3,8,1,0.887508,0.800755,0.795019,0.7946,0.0327658,0.0366244
130_bNAb_Combinations|1313938|sample|8|TRO.11|8301,0.0096,0.614093,4,8,1,0.832849,0.602487,0.587647,0.586912,0.326205,0.335691
130_bNAb_Combinations|1313938|sample|8|TRO.11|8301,0.048,0.216235,5,8,1,0.591581,0.234435,0.216163,0.215398,0.00233198,0.0271328
130_bNAb_Combinations|1313938|sample|8|TRO.11|8301,0.24,0.0118501,6,8,1,0.112714,0.0141529,0.0114341,0.0113337,0.124505,0.155156
130_bNAb_Combinations|1313938|sample|8|TRO.11|8301,1.2,0.000787142,7,8,1,0.00979215,0.00100771,0.00100352,0.00100316,-0.111859,-0.111676
130_bNAb_Combinations|1313938|sample|8|TRO.11|8301,6,0.000543844,8,8,1,0.00962702,0.000996359,0.000996581,0.000996359,-0.234167,-0.234056
130_bNAb_Combinations|1313938|sample|9|TRO.11|8301,0.0003648,0.965087,1,9,1,0.89799,0.871344,0.864924,0.864836,0.845444,0.846274
130_bNAb_Combinations|1313938|sample|9|TRO.11|8301,0.001824,0.834471,2,9,1,0.888173,0.804388,0.783739,0.783891,0.471833,0.47033
130_bNAb_Combinations|1313938|sample|9|TRO.11|8301,0.00912,0.637786,3,9,1,0.836266,0.611827,0.55987,0.560536,1.00767,0.997892
130_bNAb_Combinations|1313938|sample|9|TRO.11|8301,0.0456,0.173393,4,9,1,0.604575,0.246433,0.185008,0.185805,-0.434107,-0.462035
130_bNAb_Combinations|1313938|sample|9|TRO.11|8301,0.228,0.00868719,5,9,1,0.123997,0.0161799,0.00773853,0.00782217,0.3337,0.303076
130_bNAb_Combinations|1313938|sample|9|TRO.11|8301,1.14,0.00025761,6,9,1,0.00985401,0.00101182,0.000999382,0.000999232,-0.383588,-0.383514
130_bNAb_Combinations|1313938|sample|9|TRO.11|8301,5.7,0.000543844,7,9,1,0.00962702,0.000996359,0.000996581,0.000996359,-0.234167,-0.234056
130_bNAb_Combinations|1313938|sample|9|TRO.11|8301,28.5,0.00104475,8,9,1,0.00962702,0.000996359,0.000996581,0.000996359,0.0249154,0.0250309
130_bNAb_Combinations|1313938|vc|1|2|TRO.11|8301,0,0.914116,1,2,1,0.900188,0.900188,0.900389,0.900188,0.111362,0.113018
130_bNAb_Combinations|1313938|vc|2|2|TRO.11|8301,0,0.902924,2,2,1,0.900188,0.900188,0.900389,0.900188,0.020562,0.022198
130_bNAb_Combinations|1313938|vc|3|2|TRO.11|8301,0,0.968414,3,2,1,0.900188,0.900188,0.900389,0.900188,0.551893,0.553646
130_bNAb_Combinations|1313938|vc|4|2|TRO.11|8301,0,0.926266,4,2,1,0.900188,0.900188,0.900389,0.900188,0.209942,0.211619
130_bNAb_Combinations|1313938|vc|5|2|TRO.11|8301,0,0.902967,5,2,1,0.900188,0.900188,0.900389,0.900188,0.0209104,0.0225464
130_bNAb_Combinations|1313938|vc|6|2|TRO.11|8301,0,0.92744,6,2,1,0.900188,0.900188,0.900389,0.900188,0.219463,0.221143
130_bNAb_Combinations|1313938|vc|7|2|TRO.11|8301,0,0.886129,7,2,1,0.900188,0.900188,0.900389,0.900188,-0.115696,-0.11409
130_bNAb_Combinations|1313938|vc|8|2|TRO.11|8301,0,0.777732,8,2,1,0.900188,0.900188,0.900389,0.900188,-0.995133,-0.99372
130_bNAb_Combinations|1313956|cc|1|1|Ce1176_A3|7023,0,0.000508745,1,1,0,0,0,0,0,0.282799,0.282799
130_bNAb_Combinations|1313956|cc|2|1|Ce1176_A3|7023,0,0.000481245,2,1,0,0,0,0,0,0.267513,0.267513
130_bNAb_Combinations|1313956|cc|3|1|Ce1176_A3|7023,0,0.000632494,3,1,0,0,0,0,0,0.351588,0.351588
130_bNAb_Combinations|1313956|cc|4|1|Ce1176_A3|7023,0,0.00112749,4,1,0,0,0,0,0,0.626744,0.626744
130_bNAb_Combinations|1313956|cc|5|1|Ce1176_A3|7023,0,0.00140249,5,1,0,0,0,0,0,0.779609,0.779609
130_bNAb_Combinations|1313956|cc|6|1|Ce1176_A3|7023,0,0.00147124,6,1,0,0,0,0,0,0.817825,0.817825
130_bNAb_Combinations|1313956|cc|7|1|Ce1176_A3|7023,0,0.00120999,7,1,0,0,0,0,0,0.672604,0.672604
130_bNAb_Combinations|1313956|cc|8|1|Ce1176_A3|7023,0,0.00149874,8,1,0,0,0,0,0,0.833111,0.833111
130_bNAb_Combinations|1313956|sample|10|Ce1176_A3|7023,0.0003648,0.703622,1,10,1,0.89799,0.786642,0.785669,0.783536,-0.761235,-0.74343
130_bNAb_Combinations|1313956|sample|10|Ce1176_A3|7023,0.001824,0.749608,2,10,1,0.888173,0.74969,0.740389,0.737677,0.0906784,0.117774
130_bNAb_Combinations|1313956|sample|10|Ce1176_A3|7023,0.00912,0.514314,3,10,1,0.836266,0.616489,0.581878,0.577535,-0.841485,-0.793184
130_bNAb_Combinations|1313956|sample|10|Ce1176_A3|7023,0.0456,0.208599,4,10,1,0.604575,0.283437,0.22498,0.220087,-0.509563,-0.364823
130_bNAb_Combinations|1313956|sample|10|Ce1176_A3|7023,0.228,0.00944616,5,10,1,0.123997,0.0169915,0.00803002,0.00754009,0.491345,0.67685
130_bNAb_Combinations|1313956|sample|10|Ce1176_A3|7023,1.14,0.000343747,6,10,1,0.00985401,0.00053498,0.000532375,0.000530996,-0.100829,-0.100102
130_bNAb_Combinations|1313956|sample|10|Ce1176_A3|7023,5.7,0.000233748,7,10,1,0.00962702,0.000530389,0.000531669,0.000530389,-0.159258,-0.158589
130_bNAb_Combinations|1313956|sample|10|Ce1176_A3|7023,28.5,0.000398746,8,10,1,0.00962702,0.000530389,0.000531669,0.000530389,-0.071056,-0.0703784
130_bNAb_Combinations|1313956|sample|11|Ce1176_A3|7023,0.0003712,0.688607,1,11,1,0.897949,0.78403,0.797579,0.795631,-0.996195,-0.980747
130_bNAb_Combinations|1313956|sample|11|Ce1176_A3|7023,0.001856,0.732462,2,11,1,0.887952,0.746206,0.788903,0.786905,-0.521546,-0.504341
130_bNAb_Combinations|1313956|sample|11|Ce1176_A3|7023,0.00928,0.765771,3,11,1,0.835127,0.624955,0.758299,0.756131,0.0717809,0.0928726
130_bNAb_Combinations|1313956|sample|11|Ce1176_A3|7023,0.0464,0.662853,4,11,1,0.600213,0.336812,0.657786,0.655139,0.0559753,0.0855451
130_bNAb_Combinations|1313956|sample|11|Ce1176_A3|7023,0.2319999999999999,0.428576,5,11,1,0.120097,0.047831,0.399142,0.395959,0.52901,0.590759
130_bNAb_Combinations|1313956|sample|11|Ce1176_A3|7023,1.16,0.0788005,6,11,1,0.00983098,0.00217772,0.0788629,0.0773458,-0.0050163,0.118914
130_bNAb_Combinations|1313956|sample|11|Ce1176_A3|7023,5.8,0.00151248,7,11,1,0.00962702,0.00189926,0.00281669,0.0027729,-0.598556,-0.580031
130_bNAb_Combinations|1313956|sample|11|Ce1176_A3|7023,29,0.000233748,8,11,1,0.00962702,0.00189923,0.001904,0.0018994,-0.812457,-0.810466
130_bNAb_Combinations|1313956|sample|12|Ce1176_A3|7023,0.0003712,0.632164,1,12,1,0.897949,0.78403,0.79712,0.795121,-1.50885,-1.49424
130_bNAb_Combinations|1313956|sample|12|Ce1176_A3|7023,0.001856,0.613698,2,12,1,0.887952,0.746206,0.787261,0.785077,-1.60712,-1.59124
130_bNAb_Combinations|1313956|sample|12|Ce1176_A3|7023,0.00928,0.591375,3,12,1,0.835127,0.624955,0.752617,0.749807,-1.56056,-1.53901
130_bNAb_Combinations|1313956|sample|12|Ce1176_A3|7023,0.0464,0.519222,4,12,1,0.600213,0.336812,0.640345,0.635776,-1.37361,-1.3311
130_bNAb_Combinations|1313956|sample|12|Ce1176_A3|7023,0.2319999999999999,0.330526,5,12,1,0.120097,0.047831,0.363899,0.357161,-0.655827,-0.532939
130_bNAb_Combinations|1313956|sample|12|Ce1176_A3|7023,1.16,0.0625069,6,12,1,0.00983098,0.00217772,0.0597362,0.0567899,0.281087,0.60436
130_bNAb_Combinations|1313956|sample|12|Ce1176_A3|7023,5.8,0.00237873,7,12,1,0.00962702,0.00189926,0.00237175,0.00231573,0.00329123,0.0298363
130_bNAb_Combinations|1313956|sample|12|Ce1176_A3|7023,29,0.000769992,8,12,1,0.00962702,0.00189923,0.00190388,0.00189929,-0.551559,-0.549491
130_bNAb_Combinations|1313956|sample|3|Ce1176_A3|7023,0.000064,0.742974,1,3,1,0.89984,0.798854,0.80089,0.798962,-0.527298,-0.51096
130_bNAb_Combinations|1313956|sample|3|Ce1176_A3|7023,0.00032,0.893054,2,3,1,0.898275,0.798219,0.800787,0.798863,0.840152,0.859708
130_bNAb_Combinations|1313956|sample|3|Ce1176_A3|7023,0.0016,0.908543,3,3,1,0.88972,0.794459,0.800179,0.798272,0.987471,1.00721
130_bNAb_Combinations|1313956|sample|3|Ce1176_A3|7023,0.008,0.937844,4,3,1,0.844259,0.772613,0.796573,0.794767,1.29307,1.31252
130_bNAb_Combinations|1313956|sample|3|Ce1176_A3|7023,0.04,0.777115,5,3,1,0.635971,0.659312,0.775599,0.774374,0.0142435,0.0257895
130_bNAb_Combinations|1313956|sample|3|Ce1176_A3|7023,0.2,0.561758,6,3,1,0.155747,0.330911,0.666192,0.667641,-1.1393,-1.15266
130_bNAb_Combinations|1313956|sample|3|Ce1176_A3|7023,1,0.368964,7,3,1,0.0101205,0.186872,0.340418,0.344838,0.598189,0.499327
130_bNAb_Combinations|1313956|sample|3|Ce1176_A3|7023,5,0.208888,8,3,1,0.00962702,0.185884,0.187546,0.187247,0.787579,0.799792
130_bNAb_Combinations|1313956|sample|4|Ce1176_A3|7023,0.000064,0.71326,1,4,1,0.89984,0.798854,0.800889,0.798959,-0.797824,-0.782108
130_bNAb_Combinations|1313956|sample|4|Ce1176_A3|7023,0.00032,0.883119,2,4,1,0.898275,0.798219,0.800786,0.798847,0.74971,0.769196
130_bNAb_Combinations|1313956|sample|4|Ce1176_A3|7023,0.0016,0.934819,3,4,1,0.88972,0.794459,0.800169,0.798176,1.22701,1.24823
130_bNAb_Combinations|1313956|sample|4|Ce1176_A3|7023,0.008,0.950487,4,4,1,0.844259,0.772613,0.796516,0.794205,1.40941,1.43466
130_bNAb_Combinations|1313956|sample|4|Ce1176_A3|7023,0.04,0.817519,5,4,1,0.635971,0.659312,0.775276,0.77116,0.397096,0.438074
130_bNAb_Combinations|1313956|sample|4|Ce1176_A3|7023,0.2,0.59253,6,4,1,0.155747,0.330911,0.664663,0.652541,-0.788697,-0.668103
130_bNAb_Combinations|1313956|sample|4|Ce1176_A3|7023,1,0.33859,7,4,1,0.0101205,0.186872,0.337854,0.320405,0.0155479,0.403939
130_bNAb_Combinations|1313956|sample|4|Ce1176_A3|7023,5,0.207004,8,4,1,0.00962702,0.185884,0.187476,0.186647,0.720883,0.754641
130_bNAb_Combinations|1313956|sample|5|Ce1176_A3|7023,0.0006144,0.687672,1,5,1,0.896374,0.797412,0.800807,0.798871,-1.03015,-1.01493
130_bNAb_Combinations|1313956|sample|5|Ce1176_A3|7023,0.003072,0.893274,2,5,1,0.879433,0.789705,0.800297,0.798319,0.847131,0.867261
130_bNAb_Combinations|1313956|sample|5|Ce1176_A3|7023,0.01536,0.886089,3,5,1,0.792372,0.746022,0.797271,0.795047,0.812261,0.834892
130_bNAb_Combinations|1313956|sample|5|Ce1176_A3|7023,0.0768,0.71535,4,5,1,0.455735,0.548583,0.779609,0.775978,-0.600747,-0.569413
130_bNAb_Combinations|1313956|sample|5|Ce1176_A3|7023,0.384,0.488319,5,5,1,0.0408998,0.224727,0.685542,0.675342,-2.09199,-2.01318
130_bNAb_Combinations|1313956|sample|5|Ce1176_A3|7023,1.92,0.393054,6,5,1,0.00963326,0.185903,0.376425,0.358771,0.316263,0.68298
130_bNAb_Combinations|1313956|sample|5|Ce1176_A3|7023,9.6,0.204928,7,5,1,0.00962702,0.185884,0.188936,0.187729,0.586094,0.634098
130_bNAb_Combinations|1313956|sample|5|Ce1176_A3|7023,48,0.100326,8,5,1,0.00962702,0.185884,0.186333,0.185884,-3.19321,-3.18371
130_bNAb_Combinations|1313956|sample|6|Ce1176_A3|7023,0.0006144,0.700267,1,6,1,0.896374,0.797412,0.800768,0.798846,-0.91516,-0.899785
130_bNAb_Combinations|1313956|sample|6|Ce1176_A3|7023,0.003072,0.779562,2,6,1,0.879433,0.789705,0.800066,0.798175,-0.18687,-0.17003
130_bNAb_Combinations|1313956|sample|6|Ce1176_A3|7023,0.01536,0.830994,3,6,1,0.792372,0.746022,0.795908,0.794198,0.321403,0.337784
130_bNAb_Combinations|1313956|sample|6|Ce1176_A3|7023,0.0768,0.671062,4,6,1,0.455735,0.548583,0.771808,0.771121,-0.951223,-0.945562
130_bNAb_Combinations|1313956|sample|6|Ce1176_A3|7023,0.384,0.520893,5,6,1,0.0408998,0.224727,0.648533,0.65236,-1.42962,-1.46402
130_bNAb_Combinations|1313956|sample|6|Ce1176_A3|7023,1.92,0.352251,6,6,1,0.00963326,0.185903,0.313035,0.320134,0.890757,0.713972
130_bNAb_Combinations|1313956|sample|6|Ce1176_A3|7023,9.6,0.186758,7,6,1,0.00962702,0.185884,0.186952,0.186641,-0.00719328,0.00430808
130_bNAb_Combinations|1313956|sample|6|Ce1176_A3|7023,48,0.0915191,8,6,1,0.00962702,0.185884,0.186333,0.185884,-3.52019,-3.51142
130_bNAb_Combinations|1313956|sample|7|Ce1176_A3|7023,0.0000768,0.644896,1,7,1,0.899766,0.795812,0.797533,0.795536,-1.39544,-1.38059
130_bNAb_Combinations|1313956|sample|7|Ce1176_A3|7023,0.000384,0.807536,2,7,1,0.897868,0.786079,0.787167,0.78496,0.188629,0.209647
130_bNAb_Combinations|1313956|sample|7|Ce1176_A3|7023,0.00192,0.874608,3,7,1,0.887508,0.747503,0.746171,0.743166,1.25361,1.28804
130_bNAb_Combinations|1313956|sample|7|Ce1176_A3|7023,0.0096,0.712752,4,7,1,0.832849,0.609246,0.600448,0.595083,1.35638,1.43372
130_bNAb_Combinations|1313956|sample|7|Ce1176_A3|7023,0.048,0.234181,5,7,1,0.591581,0.270684,0.254042,0.247062,-0.550649,-0.366721
130_bNAb_Combinations|1313956|sample|7|Ce1176_A3|7023,0.24,0.0112199,6,7,1,0.112714,0.0145896,0.0117987,0.0108453,-0.170724,0.114851
130_bNAb_Combinations|1313956|sample|7|Ce1176_A3|7023,1.2,0.000769992,7,7,1,0.00979215,0.000533512,0.000533498,0.000531878,0.126405,0.127286
130_bNAb_Combinations|1313956|sample|7|Ce1176_A3|7023,6,0.000536245,8,7,1,0.00962702,0.000530389,0.000531669,0.000530389,0.00244588,0.00313031
130_bNAb_Combinations|1313956|sample|8|Ce1176_A3|7023,0.0000768,0.696355,1,8,1,0.899766,0.795812,0.797531,0.795613,-0.924982,-0.909595
130_bNAb_Combinations|1313956|sample|8|Ce1176_A3|7023,0.000384,0.873701,2,8,1,0.897868,0.786079,0.787161,0.785272,0.801417,0.820848
130_bNAb_Combinations|1313956|sample|8|Ce1176_A3|7023,0.00192,0.872793,3,8,1,0.887508,0.747503,0.746147,0.744373,1.23617,1.25642
130_bNAb_Combinations|1313956|sample|8|Ce1176_A3|7023,0.0096,0.757666,4,8,1,0.832849,0.609246,0.60037,0.598997,1.90003,1.92092
130_bNAb_Combinations|1313956|sample|8|Ce1176_A3|7023,0.048,0.240416,5,8,1,0.591581,0.270684,0.253914,0.253421,-0.374399,-0.361386
130_bNAb_Combinations|1313956|sample|8|Ce1176_A3|7023,0.24,0.0117424,6,8,1,0.112714,0.0145896,0.0117796,0.0117689,-0.010977,-0.00783331
130_bNAb_Combinations|1313956|sample|8|Ce1176_A3|7023,1.2,0.000178748,7,8,1,0.00979215,0.000533512,0.000533491,0.000532213,-0.189608,-0.188943
130_bNAb_Combinations|1313956|sample|8|Ce1176_A3|7023,6,0.000316247,8,8,1,0.00962702,0.000530389,0.000531669,0.000530389,-0.115157,-0.114484
130_bNAb_Combinations|1313956|sample|9|Ce1176_A3|7023,0.0003648,0.758106,1,9,1,0.89799,0.786642,0.785593,0.783903,-0.255056,-0.239882
130_bNAb_Combinations|1313956|sample|9|Ce1176_A3|7023,0.001824,0.682688,2,9,1,0.888173,0.74969,0.740098,0.73909,-0.564869,-0.555694
130_bNAb_Combinations|1313956|sample|9|Ce1176_A3|7023,0.00912,0.715818,3,9,1,0.836266,0.616489,0.580956,0.582011,1.68227,1.66614
130_bNAb_Combinations|1313956|sample|9|Ce1176_A3|7023,0.0456,0.196719,4,9,1,0.604575,0.283437,0.223609,0.226736,-0.841296,-0.926874
130_bNAb_Combinations|1313956|sample|9|Ce1176_A3|7023,0.228,0.00966615,5,9,1,0.123997,0.0169915,0.00787932,0.00826826,0.624365,0.479667
130_bNAb_Combinations|1313956|sample|9|Ce1176_A3|7023,1.14,0.000756242,6,9,1,0.00985401,0.00053498,0.000532343,0.000531151,0.119683,0.120331
130_bNAb_Combinations|1313956|sample|9|Ce1176_A3|7023,5.7,0.000439996,7,9,1,0.00962702,0.000530389,0.000531669,0.000530389,-0.0490055,-0.0483258
130_bNAb_Combinations|1313956|sample|9|Ce1176_A3|7023,28.5,0,8,9,1,0.00962702,0.000530389,0.000531669,0.000530389,-0.284212,-0.283554
130_bNAb_Combinations|1313956|vc|1|2|Ce1176_A3|7023,0,0.749127,1,2,1,0.900188,0.798982,0.80091,0.798982,-0.471453,-0.454978
130_bNAb_Combinations|1313956|vc|2|2|Ce1176_A3|7023,0,0.930921,2,2,1,0.900188,0.798982,0.80091,0.798982,1.18366,1.20406
130_bNAb_Combinations|1313956|vc|3|2|Ce1176_A3|7023,0,1,3,2,1,0.900188,0.798982,0.80091,0.798982,1.81258,1.83448
130_bNAb_Combinations|1313956|vc|4|2|Ce1176_A3|7023,0,0.968987,4,2,1,0.900188,0.798982,0.80091,0.798982,1.53023,1.55146
130_bNAb_Combinations|1313956|vc|5|2|Ce1176_A3|7023,0,0.924369,5,2,1,0.900188,0.798982,0.80091,0.798982,1.12401,1.14427
130_bNAb_Combinations|1313956|vc|6|2|Ce1176_A3|7023,0,0.980379,6,2,1,0.900188,0.798982,0.80091,0.798982,1.63395,1.65542
130_bNAb_Combinations|1313956|vc|7|2|Ce1176_A3|7023,0,0.892036,7,2,1,0.900188,0.798982,0.80091,0.798982,0.829642,0.849205
130_bNAb_Combinations|1313956|vc|8|2|Ce1176_A3|7023,0,0.653015,8,2,1,0.900188,0.798982,0.80091,0.798982,-1.34649,-1.33209
130_bNAb_Combinations|1313974|cc|1|1|nan|1176,0,0,1,1,0,0,0,0,0,0,0
130_bNAb_Combinations|1313974|cc|2|1|nan|1176,0,0.00187935,2,1,0,0,0,0,0,1.04468,1.04468
130_bNAb_Combinations|1313974|cc|3|1|nan|1176,0,0.00338282,3,1,0,0,0,0,0,1.88043,1.88043
130_bNAb_Combinations|1313974|cc|4|1|nan|1176,0,0.00250579,4,1,0,0,0,0,0,1.39291,1.39291
130_bNAb_Combinations|1313974|cc|5|1|nan|1176,0,0.00425985,5,1,0,0,0,0,0,2.36795,2.36795
130_bNAb_Combinations|1313974|cc|6|1|nan|1176,0,0.00200464,6,1,0,0,0,0,0,1.11433,1.11433
130_bNAb_Combinations|1313974|cc|7|1|nan|1176,0,0.00701623,7,1,0,0,0,0,0,3.90015,3.90015
130_bNAb_Combinations|1313974|cc|8|1|nan|1176,0,0.00275637,8,1,0,0,0,0,0,1.5322,1.5322
130_bNAb_Combinations|1313974|sample|10|nan|1176,0.0003648,0.564806,1,10,1,0.89799,0.79939,0.799239,0.79939,-2.13875,-2.13973
130_bNAb_Combinations|1313974|sample|10|nan|1176,0.001824,0.969555,2,10,1,0.888173,0.79939,0.799239,0.79939,1.5538,1.55213
130_bNAb_Combinations|1313974|sample|10|nan|1176,0.00912,0.987972,3,10,1,0.836266,0.799372,0.799238,0.799389,1.72184,1.72015
130_bNAb_Combinations|1313974|sample|10|nan|1176,0.0456,0.768277,4,10,1,0.604575,0.797991,0.799165,0.799267,-0.281823,-0.28272
130_bNAb_Combinations|1313974|sample|10|nan|1176,0.228,0.6812,5,10,1,0.123997,0.701703,0.793618,0.790102,-1.03274,-1.00482
130_bNAb_Combinations|1313974|sample|10|nan|1176,1.14,0.388273,6,10,1,0.00985401,0.144585,0.49181,0.379012,-1.51944,0.17498
130_bNAb_Combinations|1313974|sample|10|nan|1176,5.7,0.221387,7,10,1,0.00962702,0.144295,0.144268,0.144295,3.62741,3.62551
130_bNAb_Combinations|1313974|sample|10|nan|1176,28.5,0.0676565,8,10,1,0.00962702,0.144295,0.144268,0.144295,-3.60356,-3.60422
130_bNAb_Combinations|1313974|sample|11|nan|1176,0.0003712,0.686964,1,11,1,0.897949,0.761012,0.781183,0.781375,-0.879106,-0.880682
130_bNAb_Combinations|1313974|sample|11|nan|1176,0.001856,0.787446,2,11,1,0.887952,0.68739,0.745001,0.74527,0.414925,0.412143
130_bNAb_Combinations|1313974|sample|11|nan|1176,0.00928,0.683957,3,11,1,0.835127,0.505241,0.644497,0.644958,0.444678,0.439175
130_bNAb_Combinations|1313974|sample|11|nan|1176,0.0464,0.431373,4,11,1,0.600213,0.206266,0.417147,0.417877,0.244966,0.232012
130_bNAb_Combinations|1313974|sample|11|nan|1176,0.2319999999999999,0.127921,5,11,1,0.120097,0.0226435,0.121602,0.122137,0.347147,0.316487
130_bNAb_Combinations|1313974|sample|11|nan|1176,1.16,0.00889557,6,11,1,0.00983098,0.00538054,0.0098453,0.0098948,-0.303716,-0.318863
130_bNAb_Combinations|1313974|sample|11|nan|1176,5.8,0.00664036,7,11,1,0.00962702,0.00530677,0.00531161,0.00531272,0.52823,0.527755
130_bNAb_Combinations|1313974|sample|11|nan|1176,29,0.0085197,8,11,1,0.00962702,0.00530676,0.00530576,0.00530676,1.27807,1.27761
130_bNAb_Combinations|1313974|sample|12|nan|1176,0.0003712,0.62507,1,12,1,0.897949,0.761012,0.773277,0.77286,-1.39672,-1.39354
130_bNAb_Combinations|1313974|sample|12|nan|1176,0.001856,0.659149,2,12,1,0.887952,0.68739,0.722122,0.720651,-0.634743,-0.621159
130_bNAb_Combinations|1313974|sample|12|nan|1176,0.00928,0.546764,3,12,1,0.835127,0.505241,0.586306,0.582479,-0.488844,-0.444368
130_bNAb_Combinations|1313974|sample|12|nan|1176,0.0464,0.27877,4,12,1,0.600213,0.206266,0.316001,0.309933,-0.83805,-0.714633
130_bNAb_Combinations|1313974|sample|12|nan|1176,0.2319999999999999,0.0630207,5,12,1,0.120097,0.0226435,0.0591924,0.0564091,0.391301,0.702751
130_bNAb_Combinations|1313974|sample|12|nan|1176,1.16,0.00413456,6,12,1,0.00983098,0.00538054,0.00609109,0.00600586,-0.746589,-0.717214
130_bNAb_Combinations|1313974|sample|12|nan|1176,5.8,0.0072668,7,12,1,0.00962702,0.00530677,0.00530605,0.005307,0.779712,0.779294
130_bNAb_Combinations|1313974|sample|12|nan|1176,29,0.00375869,8,12,1,0.00962702,0.00530676,0.00530576,0.00530676,-0.615214,-0.615579
130_bNAb_Combinations|1313974|sample|3|nan|1176,0.000064,0.544885,1,3,1,0.89984,0.736779,0.772474,0.773082,-2.14703,-2.1511
130_bNAb_Combinations|1313974|sample|3|nan|1176,0.00032,0.833553,2,3,1,0.898275,0.661912,0.73848,0.739644,0.937452,0.924539
130_bNAb_Combinations|1313974|sample|3|nan|1176,0.0016,0.76765,3,3,1,0.88972,0.518255,0.665598,0.667852,1.11429,1.08607
130_bNAb_Combinations|1313974|sample|3|nan|1176,0.008,0.763766,4,3,1,0.844259,0.301045,0.524945,0.528858,3.28904,3.21179
130_bNAb_Combinations|1313974|sample|3|nan|1176,0.04,0.33966,5,3,1,0.635971,0.100011,0.309628,0.314609,0.689355,0.566277
130_bNAb_Combinations|1313974|sample|3|nan|1176,0.2,0.074798,6,3,1,0.155747,0.0245413,0.105407,0.1086,-1.91093,-2.05503
130_bNAb_Combinations|1313974|sample|3|nan|1176,1,0.0275637,7,3,1,0.0101205,0.0178508,0.0254241,0.0259755,0.409213,0.299498
130_bNAb_Combinations|1313974|sample|3|nan|1176,5,0.0219257,8,3,1,0.00962702,0.0177725,0.0178654,0.0178806,0.964698,0.960622
130_bNAb_Combinations|1313974|sample|4|nan|1176,0.000064,0.596254,1,4,1,0.89984,0.736779,0.775206,0.775007,-1.68235,-1.68091
130_bNAb_Combinations|1313974|sample|4|nan|1176,0.00032,0.751363,2,4,1,0.898275,0.661912,0.744546,0.743917,0.066679,0.0728856
130_bNAb_Combinations|1313974|sample|4|nan|1176,0.0016,0.81952,3,4,1,0.88972,0.518255,0.678256,0.676772,1.51421,1.53341
130_bNAb_Combinations|1313974|sample|4|nan|1176,0.008,0.746852,4,4,1,0.844259,0.301045,0.547886,0.545032,2.62815,2.67947
130_bNAb_Combinations|1313974|sample|4|nan|1176,0.04,0.327758,5,4,1,0.635971,0.100011,0.339979,0.33603,-0.256418,-0.175525
130_bNAb_Combinations|1313974|sample|4|nan|1176,0.2,0.106747,6,4,1,0.155747,0.0245413,0.126008,0.123164,-1.02469,-0.891622
130_bNAb_Combinations|1313974|sample|4|nan|1176,1,0.0308213,7,4,1,0.0101205,0.0178508,0.0293259,0.028738,0.259836,0.367069
130_bNAb_Combinations|1313974|sample|4|nan|1176,5,0.0120278,8,4,1,0.00962702,0.0177725,0.0179624,0.0179492,-1.40564,-1.4031
130_bNAb_Combinations|1313974|sample|5|nan|1176,0.0006144,0.585729,1,5,1,0.896374,0.613494,0.729407,0.72761,-1.43402,-1.41952
130_bNAb_Combinations|1313974|sample|5|nan|1176,0.003072,0.613794,2,5,1,0.879433,0.436769,0.646943,0.64313,-0.37217,-0.331274
130_bNAb_Combinations|1313974|sample|5|nan|1176,0.01536,0.526467,3,5,1,0.792372,0.20901,0.492246,0.485609,0.501771,0.607058
130_bNAb_Combinations|1313974|sample|5|nan|1176,0.0768,0.174278,4,5,1,0.455735,0.0540136,0.269409,0.261616,-2.4942,-2.35478
130_bNAb_Combinations|1313974|sample|5|nan|1176,0.384,0.0800601,5,5,1,0.0408998,0.019228,0.081846,0.0777465,-0.139089,0.188308
130_bNAb_Combinations|1313974|sample|5|nan|1176,1.92,0.03458,6,5,1,0.00963326,0.017779,0.0219711,0.0214796,2.64739,2.78941
130_bNAb_Combinations|1313974|sample|5|nan|1176,9.6,0.0281902,7,5,1,0.00962702,0.0177724,0.0178049,0.0178016,2.47226,2.47329
130_bNAb_Combinations|1313974|sample|5|nan|1176,48,0.00826912,8,5,1,0.00962702,0.0177724,0.017769,0.0177724,-2.26409,-2.26464
130_bNAb_Combinations|1313974|sample|6|nan|1176,0.0006144,0.51469,1,6,1,0.896374,0.613494,0.741344,0.741758,-2.22641,-2.22925
130_bNAb_Combinations|1313974|sample|6|nan|1176,0.003072,0.808369,2,6,1,0.879433,0.436769,0.671556,0.672256,1.48084,1.47177
130_bNAb_Combinations|1313974|sample|6|nan|1176,0.01536,0.47986,3,6,1,0.792372,0.20901,0.535667,0.536805,-0.753562,-0.767346
130_bNAb_Combinations|1313974|sample|6|nan|1176,0.0768,0.164756,4,6,1,0.455735,0.0540136,0.323591,0.325024,-3.49474,-3.51133
130_bNAb_Combinations|1313974|sample|6|nan|1176,0.384,0.0816889,5,6,1,0.0408998,0.019228,0.114576,0.115527,-1.90599,-1.94661
130_bNAb_Combinations|1313974|sample|6|nan|1176,1.92,0.045856,6,6,1,0.00963326,0.017779,0.0270572,0.0272369,3.45007,3.40194
130_bNAb_Combinations|1313974|sample|6|nan|1176,9.6,0.023805,7,6,1,0.00962702,0.0177724,0.0179024,0.0179101,1.40075,1.39859
130_bNAb_Combinations|1313974|sample|6|nan|1176,48,0.00789325,8,6,1,0.00962702,0.0177724,0.0177692,0.0177726,-2.35369,-2.35424
130_bNAb_Combinations|1313974|sample|7|nan|1176,0.0000768,0.626699,1,7,1,0.899766,0.79939,0.799239,0.79939,-1.57409,-1.57518
130_bNAb_Combinations|1313974|sample|7|nan|1176,0.000384,0.800727,2,7,1,0.897868,0.79939,0.799239,0.79939,0.0135706,0.0121913
130_bNAb_Combinations|1313974|sample|7|nan|1176,0.00192,0.993736,3,7,1,0.887508,0.79939,0.799239,0.79939,1.7744,1.7727
130_bNAb_Combinations|1313974|sample|7|nan|1176,0.0096,1,4,7,1,0.832849,0.799369,0.799237,0.799388,1.83158,1.82986
130_bNAb_Combinations|1313974|sample|7|nan|1176,0.048,0.854476,5,7,1,0.591581,0.797784,0.79909,0.799229,0.505387,0.504025
130_bNAb_Combinations|1313974|sample|7|nan|1176,0.24,0.743344,6,7,1,0.112714,0.688667,0.787943,0.78726,-0.412614,-0.406644
130_bNAb_Combinations|1313974|sample|7|nan|1176,1.2,0.326505,7,7,1,0.00979215,0.144435,0.334657,0.319157,-0.173657,0.163833
130_bNAb_Combinations|1313974|sample|7|nan|1176,6,0.132932,8,7,1,0.00962702,0.144295,0.144268,0.144295,-0.533195,-0.534384
130_bNAb_Combinations|1313974|sample|8|nan|1176,0.0000768,0.625321,1,8,1,0.899766,0.79939,0.799239,0.79939,-1.58667,-1.58775
130_bNAb_Combinations|1313974|sample|8|nan|1176,0.000384,0.783938,2,8,1,0.897868,0.79939,0.799239,0.79939,-0.139595,-0.140946
130_bNAb_Combinations|1313974|sample|8|nan|1176,0.00192,0.983211,3,8,1,0.887508,0.79939,0.799239,0.79939,1.67839,1.6767
130_bNAb_Combinations|1313974|sample|8|nan|1176,0.0096,0.927081,4,8,1,0.832849,0.799369,0.799238,0.799389,1.16633,1.16474
130_bNAb_Combinations|1313974|sample|8|nan|1176,0.048,0.862056,5,8,1,0.591581,0.797784,0.79913,0.799277,0.574154,0.572709
130_bNAb_Combinations|1313974|sample|8|nan|1176,0.24,0.641108,6,8,1,0.112714,0.688667,0.79099,0.790839,-1.38141,-1.38028
130_bNAb_Combinations|1313974|sample|8|nan|1176,1.2,0.408069,7,8,1,0.00979215,0.144435,0.406136,0.397976,0.034152,0.181894
130_bNAb_Combinations|1313974|sample|8|nan|1176,6,0.107499,8,8,1,0.00962702,0.144295,0.144268,0.144295,-1.72952,-1.7305
130_bNAb_Combinations|1313974|sample|9|nan|1176,0.0003648,0.584727,1,9,1,0.89799,0.79939,0.799239,0.79939,-1.95701,-1.95802
130_bNAb_Combinations|1313974|sample|9|nan|1176,0.001824,0.879471,2,9,1,0.888173,0.79939,0.799239,0.79939,0.731963,0.73045
130_bNAb_Combinations|1313974|sample|9|nan|1176,0.00912,0.847836,3,9,1,0.836266,0.799372,0.799238,0.799389,0.443361,0.441905
130_bNAb_Combinations|1313974|sample|9|nan|1176,0.0456,0.917183,4,9,1,0.604575,0.797991,0.79914,0.799271,1.07705,1.07568
130_bNAb_Combinations|1313974|sample|9|nan|1176,0.228,0.733697,5,9,1,0.123997,0.701703,0.791752,0.790371,-0.534566,-0.52275
130_bNAb_Combinations|1313974|sample|9|nan|1176,1.14,0.394788,6,9,1,0.00985401,0.144585,0.428288,0.385753,-0.562342,0.167836
130_bNAb_Combinations|1313974|sample|9|nan|1176,5.7,0.20109,7,9,1,0.00962702,0.144295,0.144268,0.144295,2.67271,2.67097
130_bNAb_Combinations|1313974|sample|9|nan|1176,28.5,0.0780555,8,9,1,0.00962702,0.144295,0.144268,0.144295,-3.11442,-3.11517
130_bNAb_Combinations|1313974|vc|1|2|nan|1176,0,0.615047,1,2,1,0.900188,0.79939,0.799239,0.79939,-1.6804,-1.68146
130_bNAb_Combinations|1313974|vc|2|2|nan|1176,0,0.671678,2,2,1,0.900188,0.79939,0.799239,0.79939,-1.16375,-1.16491
130_bNAb_Combinations|1313974|vc|3|2|nan|1176,0,0.718411,3,2,1,0.900188,0.79939,0.799239,0.79939,-0.737398,-0.738638
130_bNAb_Combinations|1313974|vc|4|2|nan|1176,0,0.81739,4,2,1,0.900188,0.79939,0.799239,0.79939,0.165593,0.164186
130_bNAb_Combinations|1313974|vc|5|2|nan|1176,0,0.786068,5,2,1,0.900188,0.79939,0.799239,0.79939,-0.120164,-0.121518
130_bNAb_Combinations|1313974|vc|6|2|nan|1176,0,0.718662,6,2,1,0.900188,0.79939,0.799239,0.79939,-0.735112,-0.736352
130_bNAb_Combinations|1313974|vc|7|2|nan|1176,0,0.706008,7,2,1,0.900188,0.79939,0.799239,0.79939,-0.850558,-0.851776
130_bNAb_Combinations|1313974|vc|8|2|nan|1176,0,0.513437,8,2,1,0.900188,0.79939,0.799239,0.79939,-2.60739,-2.60828
130_bNAb_Combinations|1313992|cc|1|1|RHPA4259.7|5371,0,0.000660826,1,1,0,0,0,0,0,0.367338,0.367338
130_bNAb_Combinations|1313992|cc|2|1|RHPA4259.7|5371,0,0.00171458,2,1,0,0,0,0,0,0.953092,0.953092
130_bNAb_Combinations|1313992|cc|3|1|RHPA4259.7|5371,0,0.00114305,3,1,0,0,0,0,0,0.635395,0.635395
130_bNAb_Combinations|1313992|cc|4|1|RHPA4259.7|5371,0,0.00148239,4,1,0,0,0,0,0,0.824028,0.824028
130_bNAb_Combinations|1313992|cc|5|1|RHPA4259.7|5371,0,0.00150025,5,1,0,0,0,0,0,0.833956,0.833956
130_bNAb_Combinations|1313992|cc|6|1|RHPA4259.7|5371,0,0.00133951,6,1,0,0,0,0,0,0.744604,0.744604
130_bNAb_Combinations|1313992|cc|7|1|RHPA4259.7|5371,0,0.001661,7,1,0,0,0,0,0,0.923308,0.923308
130_bNAb_Combinations|1313992|cc|8|1|RHPA4259.7|5371,0,0.00142881,8,1,0,0,0,0,0,0.794244,0.794244
130_bNAb_Combinations|1313992|sample|10|RHPA4259.7|5371,0.0003648,0.6759,1,10,1,0.89799,0.804831,0.807771,0.807267,-1.19057,-1.18674
130_bNAb_Combinations|1313992|sample|10|RHPA4259.7|5371,0.001824,0.701074,2,10,1,0.888173,0.741155,0.750866,0.749089,-0.483005,-0.466857
130_bNAb_Combinations|1313992|sample|10|RHPA4259.7|5371,0.00912,0.541985,3,10,1,0.836266,0.555444,0.581287,0.576414,-0.489982,-0.432774
130_bNAb_Combinations|1313992|sample|10|RHPA4259.7|5371,0.0456,0.23562,4,10,1,0.604575,0.208263,0.242439,0.235665,-0.19763,-0.00133625
130_bNAb_Combinations|1313992|sample|10|RHPA4259.7|5371,0.228,0.0160206,5,10,1,0.123997,0.0103842,0.0158754,0.0146448,0.036846,0.364484
130_bNAb_Combinations|1313992|sample|10|RHPA4259.7|5371,1.14,0.00158956,6,10,1,0.00985401,0.000770003,0.000777207,0.000775256,0.426698,0.427781
130_bNAb_Combinations|1313992|sample|10|RHPA4259.7|5371,5.7,0.000392924,7,10,1,0.00962702,0.000765866,0.000765815,0.000765866,-0.196025,-0.196051
130_bNAb_Combinations|1313992|sample|10|RHPA4259.7|5371,28.5,0.000928729,8,10,1,0.00962702,0.000765866,0.000765815,0.000765866,0.0856422,0.0856148
130_bNAb_Combinations|1313992|sample|11|RHPA4259.7|5371,0.0003712,0.650289,1,11,1,0.897949,0.793349,0.789891,0.790338,-1.28843,-1.29183
130_bNAb_Combinations|1313992|sample|11|RHPA4259.7|5371,0.001856,0.618283,2,11,1,0.887952,0.716275,0.706543,0.707704,-0.908885,-0.919356
130_bNAb_Combinations|1313992|sample|11|RHPA4259.7|5371,0.00928,0.451639,3,11,1,0.835127,0.519588,0.497995,0.500473,-0.672056,-0.704572
130_bNAb_Combinations|1313992|sample|11|RHPA4259.7|5371,0.0464,0.163215,4,11,1,0.600213,0.195581,0.17248,0.175007,-0.369606,-0.464115
130_bNAb_Combinations|1313992|sample|11|RHPA4259.7|5371,0.2319999999999999,0.0123414,5,11,1,0.120097,0.0128373,0.00925994,0.00961336,1.01095,0.881213
130_bNAb_Combinations|1313992|sample|11|RHPA4259.7|5371,1.16,0,6,11,1,0.00983098,4.40257e-05,3.21504e-05,3.31398e-05,-0.0178286,-0.0183759
130_bNAb_Combinations|1313992|sample|11|RHPA4259.7|5371,5.8,0.000839428,7,11,1,0.00962702,1.94062e-05,1.94046e-05,1.94059e-05,0.455169,0.455169
130_bNAb_Combinations|1313992|sample|11|RHPA4259.7|5371,29,0.000500085,8,11,1,0.00962702,1.94057e-05,1.94044e-05,1.94057e-05,0.266811,0.26681
130_bNAb_Combinations|1313992|sample|12|RHPA4259.7|5371,0.0003712,0.617105,1,12,1,0.897949,0.793349,0.796038,0.795603,-1.63888,-1.63577
130_bNAb_Combinations|1313992|sample|12|RHPA4259.7|5371,0.001856,0.643716,2,12,1,0.887952,0.716275,0.724097,0.722737,-0.808038,-0.795835
130_bNAb_Combinations|1313992|sample|12|RHPA4259.7|5371,0.00928,0.450916,3,12,1,0.835127,0.519588,0.537569,0.534348,-1.16604,-1.1293
130_bNAb_Combinations|1313992|sample|12|RHPA4259.7|5371,0.0464,0.208089,4,12,1,0.600213,0.195581,0.216481,0.212602,-0.270707,-0.148068
130_bNAb_Combinations|1313992|sample|12|RHPA4259.7|5371,0.2319999999999999,0.0184138,5,12,1,0.120097,0.0128373,0.0167774,0.015991,0.402841,0.612431
130_bNAb_Combinations|1313992|sample|12|RHPA4259.7|5371,1.16,0.000125021,6,12,1,0.00983098,4.40257e-05,6.21361e-05,5.808e-05,0.0347942,0.0370496
130_bNAb_Combinations|1313992|sample|12|RHPA4259.7|5371,5.8,0.000500085,7,12,1,0.00962702,1.94062e-05,1.94057e-05,1.94068e-05,0.26681,0.266809
130_bNAb_Combinations|1313992|sample|12|RHPA4259.7|5371,29,0.000285763,8,12,1,0.00962702,1.94057e-05,1.94044e-05,1.94057e-05,0.147847,0.147846
130_bNAb_Combinations|1313992|sample|3|RHPA4259.7|5371,0.000064,0.754539,1,3,1,0.89984,0.829813,0.831226,0.83128,-0.673129,-0.67356
130_bNAb_Combinations|1313992|sample|3|RHPA4259.7|5371,0.00032,0.910976,2,3,1,0.898275,0.824509,0.830622,0.83067,0.705811,0.70535
130_bNAb_Combinations|1313992|sample|3|RHPA4259.7|5371,0.0016,0.927479,3,3,1,0.88972,0.802553,0.828082,0.828104,0.875723,0.8755
130_bNAb_Combinations|1313992|sample|3|RHPA4259.7|5371,0.008,0.944785,4,3,1,0.844259,0.716782,0.817464,0.817382,1.13608,1.13693
130_bNAb_Combinations|1313992|sample|3|RHPA4259.7|5371,0.04,0.905162,5,3,1,0.635971,0.450909,0.774315,0.773821,1.2315,1.23693
130_bNAb_Combinations|1313992|sample|3|RHPA4259.7|5371,0.2,0.651807,6,3,1,0.155747,0.0792729,0.617936,0.61618,0.397752,0.419538
130_bNAb_Combinations|1313992|sample|3|RHPA4259.7|5371,1,0.224351,7,3,1,0.0101205,0.00408717,0.251251,0.248464,-0.75369,-0.682811
130_bNAb_Combinations|1313992|sample|3|RHPA4259.7|5371,5,0.0158956,8,3,1,0.00962702,0.00374672,0.0139958,0.013633,0.515262,0.621935
130_bNAb_Combinations|1313992|sample|4|RHPA4259.7|5371,0.000064,0.699119,1,4,1,0.89984,0.829813,0.831228,0.831286,-1.1596,-1.16002
130_bNAb_Combinations|1313992|sample|4|RHPA4259.7|5371,0.00032,0.930694,2,4,1,0.898275,0.824509,0.830631,0.830693,0.878926,0.878317
130_bNAb_Combinations|1313992|sample|4|RHPA4259.7|5371,0.0016,0.969602,3,4,1,0.88972,0.802553,0.828116,0.828198,1.24649,1.24565
130_bNAb_Combinations|1313992|sample|4|RHPA4259.7|5371,0.008,1,4,4,1,0.844259,0.716782,0.817608,0.817771,1.62719,1.62541
130_bNAb_Combinations|1313992|sample|4|RHPA4259.7|5371,0.04,0.855217,5,4,1,0.635971,0.450909,0.774888,0.77537,0.755479,0.750493
130_bNAb_Combinations|1313992|sample|4|RHPA4259.7|5371,0.2,0.614506,6,4,1,0.155747,0.0792729,0.619827,0.621287,-0.0622939,-0.0792104
130_bNAb_Combinations|1313992|sample|4|RHPA4259.7|5371,1,0.229173,7,4,1,0.0101205,0.00408717,0.254227,0.256497,-0.694163,-0.750685
130_bNAb_Combinations|1313992|sample|4|RHPA4259.7|5371,5,0.0174851,8,4,1,0.00962702,0.00374672,0.0143929,0.014702,0.826685,0.735853
130_bNAb_Combinations|1313992|sample|5|RHPA4259.7|5371,0.0006144,0.682232,1,5,1,0.896374,0.819043,0.829761,0.829788,-1.2972,-1.29739
130_bNAb_Combinations|1313992|sample|5|RHPA4259.7|5371,0.003072,0.897884,2,5,1,0.879433,0.780441,0.82447,0.824404,0.649595,0.650231
130_bNAb_Combinations|1313992|sample|5|RHPA4259.7|5371,0.01536,0.905895,3,5,1,0.792372,0.638249,0.802567,0.802124,0.938819,0.94336
130_bNAb_Combinations|1313992|sample|5|RHPA4259.7|5371,0.0768,0.832025,4,5,1,0.455735,0.284724,0.716986,0.715183,1.16771,1.18895
130_bNAb_Combinations|1313992|sample|5|RHPA4259.7|5371,0.384,0.471151,5,5,1,0.0408998,0.0191563,0.451519,0.446869,0.313085,0.391151
130_bNAb_Combinations|1313992|sample|5|RHPA4259.7|5371,1.92,0.0757807,6,5,1,0.00963326,0.00375471,0.0796575,0.0768482,-0.309045,-0.0877498
130_bNAb_Combinations|1313992|sample|5|RHPA4259.7|5371,9.6,0.0066797,7,5,1,0.00962702,0.00374671,0.0040915,0.00405946,1.10095,1.11663
130_bNAb_Combinations|1313992|sample|5|RHPA4259.7|5371,48,0.00155384,8,5,1,0.00962702,0.00374671,0.00374647,0.00374672,-0.951522,-0.951617
130_bNAb_Combinations|1313992|sample|6|RHPA4259.7|5371,0.0006144,0.679213,1,6,1,0.896374,0.819043,0.829768,0.829814,-1.32379,-1.32412
130_bNAb_Combinations|1313992|sample|6|RHPA4259.7|5371,0.003072,0.909244,2,6,1,0.879433,0.780441,0.824499,0.824512,0.749819,0.749691
130_bNAb_Combinations|1313992|sample|6|RHPA4259.7|5371,0.01536,0.882409,3,6,1,0.792372,0.638249,0.802687,0.802568,0.724237,0.725424
130_bNAb_Combinations|1313992|sample|6|RHPA4259.7|5371,0.0768,0.759665,4,6,1,0.455735,0.284724,0.717431,0.716835,0.428432,0.434837
130_bNAb_Combinations|1313992|sample|6|RHPA4259.7|5371,0.384,0.442039,5,6,1,0.0408998,0.0191563,0.45265,0.451043,-0.168805,-0.143729
130_bNAb_Combinations|1313992|sample|6|RHPA4259.7|5371,1.92,0.0812102,6,6,1,0.00963326,0.00375471,0.0803504,0.0793542,0.0680311,0.148437
130_bNAb_Combinations|1313992|sample|6|RHPA4259.7|5371,9.6,0.00728695,7,6,1,0.00962702,0.00374671,0.00409978,0.00408812,1.35509,1.36095
130_bNAb_Combinations|1313992|sample|6|RHPA4259.7|5371,48,0.000660826,8,6,1,0.00962702,0.00374671,0.00374647,0.00374672,-1.33906,-1.33914
130_bNAb_Combinations|1313992|sample|7|RHPA4259.7|5371,0.0000768,0.658728,1,7,1,0.899766,0.82354,0.824459,0.824464,-1.46646,-1.4665
130_bNAb_Combinations|1313992|sample|7|RHPA4259.7|5371,0.000384,0.835624,2,7,1,0.897868,0.803755,0.807069,0.806947,0.258026,0.259167
130_bNAb_Combinations|1313992|sample|7|RHPA4259.7|5371,0.00192,0.789589,3,7,1,0.887508,0.737672,0.748567,0.748041,0.399144,0.404536
130_bNAb_Combinations|1313992|sample|7|RHPA4259.7|5371,0.0096,0.635402,4,7,1,0.832849,0.546425,0.57511,0.57361,0.759552,0.780445
130_bNAb_Combinations|1313992|sample|7|RHPA4259.7|5371,0.048,0.221618,5,7,1,0.591581,0.197239,0.233924,0.231854,-0.368965,-0.309473
130_bNAb_Combinations|1313992|sample|7|RHPA4259.7|5371,0.24,0.0149132,6,7,1,0.112714,0.00896469,0.0143426,0.0139855,0.152823,0.251739
130_bNAb_Combinations|1313992|sample|7|RHPA4259.7|5371,1.2,0.00198248,7,7,1,0.00979215,0.000768781,0.000774749,0.000774277,0.634488,0.634757
130_bNAb_Combinations|1313992|sample|7|RHPA4259.7|5371,6,0.00167886,8,7,1,0.00962702,0.000765866,0.000765815,0.000765866,0.479976,0.479947
130_bNAb_Combinations|1313992|sample|8|RHPA4259.7|5371,0.0000768,0.639796,1,8,1,0.899766,0.82354,0.825119,0.825165,-1.63853,-1.63885
130_bNAb_Combinations|1313992|sample|8|RHPA4259.7|5371,0.000384,0.832418,2,8,1,0.897868,0.803755,0.809353,0.809376,0.207837,0.207625
130_bNAb_Combinations|1313992|sample|8|RHPA4259.7|5371,0.00192,0.855234,3,8,1,0.887508,0.737672,0.756061,0.756008,0.95554,0.956116
130_bNAb_Combinations|1313992|sample|8|RHPA4259.7|5371,0.0096,0.694582,4,8,1,0.832849,0.546425,0.595429,0.595184,1.20743,1.21091
130_bNAb_Combinations|1313992|sample|8|RHPA4259.7|5371,0.048,0.261848,5,8,1,0.591581,0.197239,0.262804,0.262399,-0.025671,-0.0148201
130_bNAb_Combinations|1313992|sample|8|RHPA4259.7|5371,0.24,0.0198069,6,8,1,0.112714,0.00896469,0.0200314,0.0199392,-0.0498791,-0.0294568
130_bNAb_Combinations|1313992|sample|8|RHPA4259.7|5371,1.2,0.00117877,7,8,1,0.00979215,0.000768781,0.000785755,0.000785584,0.206312,0.206405
130_bNAb_Combinations|1313992|sample|8|RHPA4259.7|5371,6,0.000464364,8,8,1,0.00962702,0.000765866,0.000765815,0.000765866,-0.158469,-0.158496
130_bNAb_Combinations|1313992|sample|9|RHPA4259.7|5371,0.0003648,0.59653,1,9,1,0.89799,0.804831,0.807922,0.807932,-1.90815,-1.90822
130_bNAb_Combinations|1313992|sample|9|RHPA4259.7|5371,0.001824,0.754182,2,9,1,0.888173,0.741155,0.751358,0.751266,0.0273696,0.0282706
130_bNAb_Combinations|1313992|sample|9|RHPA4259.7|5371,0.00912,0.593958,3,9,1,0.836266,0.555444,0.582616,0.582269,0.141079,0.145486
130_bNAb_Combinations|1313992|sample|9|RHPA4259.7|5371,0.0456,0.260651,4,9,1,0.604575,0.208263,0.244301,0.243775,0.470446,0.486583
130_bNAb_Combinations|1313992|sample|9|RHPA4259.7|5371,0.228,0.0158598,5,9,1,0.123997,0.0103842,0.0162262,0.0161245,-0.0918758,-0.0665953
130_bNAb_Combinations|1313992|sample|9|RHPA4259.7|5371,1.14,0.000964449,6,9,1,0.00985401,0.000770003,0.00077782,0.000777691,0.0980253,0.0980942
130_bNAb_Combinations|1313992|sample|9|RHPA4259.7|5371,5.7,0.000267903,7,9,1,0.00962702,0.000765866,0.000765815,0.000765866,-0.261747,-0.261773
130_bNAb_Combinations|1313992|sample|9|RHPA4259.7|5371,28.5,0.000839428,8,9,1,0.00962702,0.000765866,0.000765815,0.000765866,0.0386977,0.0386705
130_bNAb_Combinations|1313992|vc|1|2|RHPA4259.7|5371,0,0.779132,1,2,1,0.900188,0.83147,0.831414,0.83147,-0.458806,-0.459266
130_bNAb_Combinations|1313992|vc|2|2|RHPA4259.7|5371,0,0.953474,2,2,1,0.900188,0.83147,0.831414,0.83147,1.07115,1.07059
130_bNAb_Combinations|1313992|vc|3|2|RHPA4259.7|5371,0,0.91795,3,2,1,0.900188,0.83147,0.831414,0.83147,0.759405,0.758864
130_bNAb_Combinations|1313992|vc|4|2|RHPA4259.7|5371,0,0.938007,4,2,1,0.900188,0.83147,0.831414,0.83147,0.935417,0.934864
130_bNAb_Combinations|1313992|vc|5|2|RHPA4259.7|5371,0,0.961699,5,2,1,0.900188,0.83147,0.831414,0.83147,1.14332,1.14276
130_bNAb_Combinations|1313992|vc|6|2|RHPA4259.7|5371,0,0.866995,6,2,1,0.900188,0.83147,0.831414,0.83147,0.312244,0.311733
130_bNAb_Combinations|1313992|vc|7|2|RHPA4259.7|5371,0,0.852279,7,2,1,0.900188,0.83147,0.831414,0.83147,0.183096,0.182593
130_bNAb_Combinations|1313992|vc|8|2|RHPA4259.7|5371,0,0.715353,8,2,1,0.900188,0.83147,0.831414,0.83147,-1.0185,-1.01892
130_bNAb_Combinations|1314016|cc|1|1|nan|3430,0,0.0013549,1,1,0,0,0,0,0,0.753154,0.753154
130_bNAb_Combinations|1314016|cc|2|1|nan|3430,0,0.00201049,2,1,0,0,0,0,0,1.11758,1.11758
130_bNAb_Combinations|1314016|cc|3|1|nan|3430,0,0.00170455,3,1,0,0,0,0,0,0.947516,0.947516
130_bNAb_Combinations|1314016|cc|4|1|nan|3430,0,0.00253497,4,1,0,0,0,0,0,1.40913,1.40913
130_bNAb_Combinations|1314016|cc|5|1|nan|3430,0,0.00104895,5,1,0,0,0,0,0,0.583087,0.583087
130_bNAb_Combinations|1314016|cc|6|1|nan|3430,0,0.000743007,6,1,0,0,0,0,0,0.41302,0.41302
130_bNAb_Combinations|1314016|cc|7|1|nan|3430,0,0,7,1,0,0,0,0,0,0,0
130_bNAb_Combinations|1314016|cc|8|1|nan|3430,0,0.00187937,8,1,0,0,0,0,0,1.0447,1.0447
130_bNAb_Combinations|1314016|sample|10|nan|3430,0.0003648,0.774781,1,10,1,0.89799,0.730447,0.836471,0.836405,-0.538138,-0.537608
130_bNAb_Combinations|1314016|sample|10|nan|3430,0.001824,0.738134,2,10,1,0.888173,0.556042,0.758787,0.758872,-0.198293,-0.199091
130_bNAb_Combinations|1314016|sample|10|nan|3430,0.00912,0.636976,3,10,1,0.836266,0.301931,0.606344,0.606674,0.366447,0.3623
130_bNAb_Combinations|1314016|sample|10|nan|3430,0.0456,0.400415,4,10,1,0.604575,0.0847132,0.365544,0.366087,0.682298,0.670705
130_bNAb_Combinations|1314016|sample|10|nan|3430,0.228,0.120367,5,10,1,0.123997,0.0143419,0.123916,0.12432,-0.191667,-0.212888
130_bNAb_Combinations|1314016|sample|10|nan|3430,1.14,0.0218531,6,10,1,0.00985401,0.00945218,0.0205327,0.0206109,0.289026,0.271277
130_bNAb_Combinations|1314016|sample|10|nan|3430,5.7,0.0119318,7,10,1,0.00962702,0.00941238,0.00957015,0.00957,0.764314,0.764366
130_bNAb_Combinations|1314016|sample|10|nan|3430,28.5,0.00895979,8,10,1,0.00962702,0.00941235,0.00941465,0.00941255,-0.148214,-0.147544
130_bNAb_Combinations|1314016|sample|11|nan|3430,0.0003712,1,1,11,1,0.897949,0.866258,0.877205,0.876388,1.02219,1.02993
130_bNAb_Combinations|1314016|sample|11|nan|3430,0.001856,0.764248,2,11,1,0.887952,0.79495,0.827424,0.82535,-0.557039,-0.540083
130_bNAb_Combinations|1314016|sample|11|nan|3430,0.00928,0.669886,3,11,1,0.835127,0.603934,0.685758,0.680611,-0.168298,-0.11457
130_bNAb_Combinations|1314016|sample|11|nan|3430,0.0464,0.36392,4,11,1,0.600213,0.257901,0.38003,0.371466,-0.303597,-0.145355
130_bNAb_Combinations|1314016|sample|11|nan|3430,0.2319999999999999,0.066521,5,11,1,0.120097,0.0244036,0.0675684,0.063487,-0.0959721,0.29277
130_bNAb_Combinations|1314016|sample|11|nan|3430,1.16,0.00305944,6,11,1,0.00983098,0.00197024,0.00268264,0.00257531,0.174376,0.22556
130_bNAb_Combinations|1314016|sample|11|nan|3430,5.8,0.000437063,7,11,1,0.00962702,0.00189255,0.00189314,0.00189268,-0.708781,-0.708579
130_bNAb_Combinations|1314016|sample|11|nan|3430,29,0.00227273,8,11,1,0.00962702,0.00189255,0.00189297,0.00189255,0.184859,0.18507
130_bNAb_Combinations|1314016|sample|12|nan|3430,0.0003712,0.984091,1,12,1,0.897949,0.866258,0.87512,0.874775,0.909238,0.912471
130_bNAb_Combinations|1314016|sample|12|nan|3430,0.001856,0.80153,2,12,1,0.887952,0.79495,0.821089,0.820453,-0.173772,-0.168242
130_bNAb_Combinations|1314016|sample|12|nan|3430,0.00928,0.693553,3,12,1,0.835127,0.603934,0.669123,0.667795,0.265371,0.280347
130_bNAb_Combinations|1314016|sample|12|nan|3430,0.0464,0.359899,4,12,1,0.600213,0.257901,0.352321,0.350336,0.153651,0.194947
130_bNAb_Combinations|1314016|sample|12|nan|3430,0.2319999999999999,0.0557255,5,12,1,0.120097,0.0244036,0.0549353,0.0541218,0.0858072,0.17624
130_bNAb_Combinations|1314016|sample|12|nan|3430,1.16,0.000305944,6,12,1,0.00983098,0.00197024,0.00238075,0.00236395,-0.978632,-0.971744
130_bNAb_Combinations|1314016|sample|12|nan|3430,5.8,0.00104895,7,12,1,0.00962702,0.00189255,0.00189304,0.00189262,-0.410887,-0.41069
130_bNAb_Combinations|1314016|sample|12|nan|3430,29,0.00161713,8,12,1,0.00962702,0.00189255,0.00189297,0.00189255,-0.134271,-0.134069
130_bNAb_Combinations|1314016|sample|3|nan|3430,0.000064,0.934375,1,3,1,0.89984,0.883827,0.849063,0.849221,0.733343,0.731852
130_bNAb_Combinations|1314016|sample|3|nan|3430,0.00032,0.84434,2,3,1,0.898275,0.853053,0.758528,0.759261,0.824164,0.816351
130_bNAb_Combinations|1314016|sample|3|nan|3430,0.0016,0.64458,3,3,1,0.88972,0.769262,0.548572,0.550307,1.26662,1.23991
130_bNAb_Combinations|1314016|sample|3|nan|3430,0.008,0.217177,4,3,1,0.844259,0.571198,0.225109,0.227084,-0.246613,-0.305485
130_bNAb_Combinations|1314016|sample|3|nan|3430,0.04,0.0300699,5,3,1,0.635971,0.250776,0.0303397,0.0308044,-0.0457891,-0.123354
130_bNAb_Combinations|1314016|sample|3|nan|3430,0.2,0.0116259,6,3,1,0.155747,0.0368364,0.00983422,0.00983805,0.57323,0.571908
130_bNAb_Combinations|1314016|sample|3|nan|3430,1,0.00983392,7,3,1,0.0101205,0.00992749,0.00969874,0.00969658,0.0435026,0.044203
130_bNAb_Combinations|1314016|sample|3|nan|3430,5,0.00957168,8,3,1,0.00962702,0.00969662,0.00969871,0.00969654,-0.0408817,-0.0401886
130_bNAb_Combinations|1314016|sample|4|nan|3430,0.000064,0.986801,1,4,1,0.89984,0.883827,0.851216,0.850853,1.16258,1.16619
130_bNAb_Combinations|1314016|sample|4|nan|3430,0.00032,0.92017,2,4,1,0.898275,0.853053,0.76413,0.763508,1.48785,1.49498
130_bNAb_Combinations|1314016|sample|4|nan|3430,0.0016,0.701202,3,4,1,0.88972,0.769262,0.560178,0.559111,1.82286,1.84008
130_bNAb_Combinations|1314016|sample|4|nan|3430,0.008,0.233566,4,4,1,0.844259,0.571198,0.23798,0.236863,-0.130202,-0.097681
130_bNAb_Combinations|1314016|sample|4|nan|3430,0.04,0.0290647,5,4,1,0.635971,0.250776,0.0334529,0.0331774,-0.695262,-0.655479
130_bNAb_Combinations|1314016|sample|4|nan|3430,0.2,0.0108392,6,4,1,0.155747,0.0368364,0.00987659,0.0098705,0.307407,0.309434
130_bNAb_Combinations|1314016|sample|4|nan|3430,1,0.0083042,7,4,1,0.0101205,0.00992749,0.00969876,0.00969659,-0.448806,-0.44815
130_bNAb_Combinations|1314016|sample|4|nan|3430,5,0.00472028,8,4,1,0.00962702,0.00969662,0.00969871,0.00969654,-1.60219,-1.60164
130_bNAb_Combinations|1314016|sample|5|nan|3430,0.0006144,0.749082,1,5,1,0.896374,0.828395,0.685973,0.681271,0.669004,0.723719
130_bNAb_Combinations|1314016|sample|5|nan|3430,0.003072,0.389576,2,5,1,0.879433,0.706539,0.413369,0.405689,-0.413352,-0.28507
130_bNAb_Combinations|1314016|sample|5|nan|3430,0.01536,0.0907343,3,5,1,0.792372,0.44912,0.109457,0.104615,-1.13032,-0.872427
130_bNAb_Combinations|1314016|sample|5|nan|3430,0.0768,0.0207168,4,5,1,0.455735,0.134415,0.0131846,0.0128203,2.10544,2.23799
130_bNAb_Combinations|1314016|sample|5|nan|3430,0.384,0.0156906,5,5,1,0.0408998,0.0154494,0.00970413,0.00970105,1.92613,1.92739
130_bNAb_Combinations|1314016|sample|5|nan|3430,1.92,0.00690559,6,5,1,0.00963326,0.00970947,0.00969871,0.00969654,-0.898897,-0.898285
130_bNAb_Combinations|1314016|sample|5|nan|3430,9.6,0.00743007,7,5,1,0.00962702,0.00969654,0.00969871,0.00969654,-0.730107,-0.729479
130_bNAb_Combinations|1314016|sample|5|nan|3430,48,0.0101836,8,5,1,0.00962702,0.00969654,0.00969871,0.00969654,0.15604,0.156752
130_bNAb_Combinations|1314016|sample|6|nan|3430,0.0006144,0.677579,1,6,1,0.896374,0.828395,0.673074,0.671523,0.0486537,0.0655439
130_bNAb_Combinations|1314016|sample|6|nan|3430,0.003072,0.36038,2,6,1,0.879433,0.706539,0.392116,0.38977,-0.580248,-0.540481
130_bNAb_Combinations|1314016|sample|6|nan|3430,0.01536,0.088243,3,6,1,0.792372,0.44912,0.0963595,0.0950177,-0.54851,-0.463499
130_bNAb_Combinations|1314016|sample|6|nan|3430,0.0768,0.0203234,4,6,1,0.455735,0.134415,0.0122561,0.012169,2.33684,2.37011
130_bNAb_Combinations|1314016|sample|6|nan|3430,0.384,0.0114948,5,6,1,0.0408998,0.0154494,0.00970192,0.00969958,0.5769,0.577713
130_bNAb_Combinations|1314016|sample|6|nan|3430,1.92,0.00655594,6,6,1,0.00963326,0.00970947,0.00969871,0.00969654,-1.01142,-1.01082
130_bNAb_Combinations|1314016|sample|6|nan|3430,9.6,0.0083479,7,6,1,0.00962702,0.00969654,0.00969871,0.00969654,-0.434725,-0.434069
130_bNAb_Combinations|1314016|sample|6|nan|3430,48,0.00467657,8,6,1,0.00962702,0.00969654,0.00969871,0.00969654,-1.61625,-1.61571
130_bNAb_Combinations|1314016|sample|7|nan|3430,0.0000768,0.664773,1,7,1,0.899766,0.82069,0.875561,0.875429,-1.75792,-1.75708
130_bNAb_Combinations|1314016|sample|7|nan|3430,0.000384,0.829917,2,7,1,0.897868,0.726319,0.843604,0.843558,-0.118405,-0.118012
130_bNAb_Combinations|1314016|sample|7|nan|3430,0.00192,0.764467,3,7,1,0.887508,0.548914,0.773852,0.773982,-0.0883851,-0.0895883
130_bNAb_Combinations|1314016|sample|7|nan|3430,0.0096,0.770411,4,7,1,0.832849,0.293499,0.634272,0.634698,1.55839,1.55249
130_bNAb_Combinations|1314016|sample|7|nan|3430,0.048,0.49139,5,7,1,0.591581,0.0802033,0.40417,0.40489,1.54867,1.53324
130_bNAb_Combinations|1314016|sample|7|nan|3430,0.24,0.156862,6,7,1,0.112714,0.0137935,0.152406,0.153009,0.199288,0.171698
130_bNAb_Combinations|1314016|sample|7|nan|3430,1.2,0.0207168,7,7,1,0.00979215,0.00944518,0.0266966,0.026845,-1.10733,-1.13063
130_bNAb_Combinations|1314016|sample|7|nan|3430,6,0.00895979,8,7,1,0.00962702,0.00941237,0.00974851,0.00975158,-0.253283,-0.254235
130_bNAb_Combinations|1314016|sample|8|nan|3430,0.0000768,0.754545,1,8,1,0.899766,0.82069,0.877472,0.876243,-1.02298,-1.01415
130_bNAb_Combinations|1314016|sample|8|nan|3430,0.000384,0.798864,2,8,1,0.897868,0.726319,0.847895,0.845383,-0.422044,-0.401593
130_bNAb_Combinations|1314016|sample|8|nan|3430,0.00192,0.800874,3,8,1,0.887508,0.548914,0.783002,0.777866,0.166375,0.215578
130_bNAb_Combinations|1314016|sample|8|nan|3430,0.0096,0.751836,4,8,1,0.832849,0.293499,0.651612,0.642028,1.11734,1.24209
130_bNAb_Combinations|1314016|sample|8|nan|3430,0.048,0.501442,5,8,1,0.591581,0.0802033,0.429357,0.415436,1.20712,1.48699
130_bNAb_Combinations|1314016|sample|8|nan|3430,0.24,0.11875,6,8,1,0.112714,0.0137935,0.172976,0.161449,-2.1576,-1.811
130_bNAb_Combinations|1314016|sample|8|nan|3430,1.2,0.0323427,7,8,1,0.00979215,0.00944518,0.0320595,0.028961,0.0462383,0.592689
130_bNAb_Combinations|1314016|sample|8|nan|3430,6,0.010271,8,8,1,0.00962702,0.00941237,0.00995263,0.00982725,0.101335,0.142011
130_bNAb_Combinations|1314016|sample|9|nan|3430,0.0003648,0.854218,1,9,1,0.89799,0.730447,0.840111,0.839103,0.122531,0.131441
130_bNAb_Combinations|1314016|sample|9|nan|3430,0.001824,0.730004,2,9,1,0.888173,0.556042,0.766453,0.76455,-0.3465,-0.329216
130_bNAb_Combinations|1314016|sample|9|nan|3430,0.00912,0.572749,3,9,1,0.836266,0.301931,0.620457,0.617113,-0.55802,-0.52166
130_bNAb_Combinations|1314016|sample|9|nan|3430,0.0456,0.403955,4,9,1,0.604575,0.0847132,0.384767,0.380263,0.357306,0.446239
130_bNAb_Combinations|1314016|sample|9|nan|3430,0.228,0.124956,5,9,1,0.123997,0.0143419,0.13764,0.134375,-0.622793,-0.47272
130_bNAb_Combinations|1314016|sample|9|nan|3430,1.14,0.0266608,6,9,1,0.00985401,0.00945218,0.023322,0.0226297,0.675205,0.830894
130_bNAb_Combinations|1314016|sample|9|nan|3430,5.7,0.0117133,7,9,1,0.00962702,0.00941238,0.00964331,0.00962196,0.66778,0.675293
130_bNAb_Combinations|1314016|sample|9|nan|3430,28.5,0.00231643,8,9,1,0.00962702,0.00941235,0.0094148,0.00941266,-2.31295,-2.31247
130_bNAb_Combinations|1314016|vc|1|2|nan|3430,0,0.961123,1,2,1,0.900188,0.900188,0.900389,0.900188,0.492741,0.494481
130_bNAb_Combinations|1314016|vc|2|2|nan|3430,0,0.986976,2,2,1,0.900188,0.900188,0.900389,0.900188,0.702484,0.70427
130_bNAb_Combinations|1314016|vc|3|2|nan|3430,0,0.934987,3,2,1,0.900188,0.900188,0.900389,0.900188,0.280693,0.282387
130_bNAb_Combinations|1314016|vc|4|2|nan|3430,0,0.886582,4,2,1,0.900188,0.900188,0.900389,0.900188,-0.112021,-0.110414
130_bNAb_Combinations|1314016|vc|5|2|nan|3430,0,0.904633,5,2,1,0.900188,0.900188,0.900389,0.900188,0.0344271,0.0360661
130_bNAb_Combinations|1314016|vc|6|2|nan|3430,0,0.928955,6,2,1,0.900188,0.900188,0.900389,0.900188,0.231759,0.233442
130_bNAb_Combinations|1314016|vc|7|2|nan|3430,0,0.883566,7,2,1,0.900188,0.900188,0.900389,0.900188,-0.136488,-0.134886
130_bNAb_Combinations|1314016|vc|8|2|nan|3430,0,0.902404,8,2,1,0.900188,0.900188,0.900389,0.900188,0.0163428,0.0179778
130_bNAb_Combinations|1314040|cc|1|1|nan|4166,0,0.000767291,1,1,0,0,0,0,0,0.426519,0.426519
130_bNAb_Combinations|1314040|cc|2|1|nan|4166,0,0.000630275,2,1,0,0,0,0,0,0.350355,0.350355
130_bNAb_Combinations|1314040|cc|3|1|nan|4166,0,0,3,1,0,0,0,0,0,0,0
130_bNAb_Combinations|1314040|cc|4|1|nan|4166,0,0.00104132,4,1,0,0,0,0,0,0.578847,0.578847
130_bNAb_Combinations|1314040|cc|5|1|nan|4166,0,0.00117834,5,1,0,0,0,0,0,0.655012,0.655012
130_bNAb_Combinations|1314040|cc|6|1|nan|4166,0,0.00202784,6,1,0,0,0,0,0,1.12723,1.12723
130_bNAb_Combinations|1314040|cc|7|1|nan|4166,0,0.001699,7,1,0,0,0,0,0,0.944435,0.944435
130_bNAb_Combinations|1314040|cc|8|1|nan|4166,0,0.00219226,8,1,0,0,0,0,0,1.21863,1.21863
130_bNAb_Combinations|1314040|sample|10|nan|4166,0.0003648,0.809588,1,10,1,0.89799,0.887236,0.861494,0.859521,-0.439844,-0.424081
130_bNAb_Combinations|1314040|sample|10|nan|4166,0.001824,0.790529,2,10,1,0.888173,0.850372,0.757475,0.751231,0.317895,0.381039
130_bNAb_Combinations|1314040|sample|10|nan|4166,0.00912,0.456991,3,10,1,0.836266,0.720628,0.462513,0.448572,-0.0860318,0.135107
130_bNAb_Combinations|1314040|sample|10|nan|4166,0.0456,0.0730023,4,10,1,0.604575,0.383796,0.079655,0.071935,-0.53035,0.0927867
130_bNAb_Combinations|1314040|sample|10|nan|4166,0.228,0.0016442,5,10,1,0.123997,0.0432058,0.00168327,0.00158347,-0.019286,0.030175
130_bNAb_Combinations|1314040|sample|10|nan|4166,1.14,0.00145237,6,10,1,0.00985401,0.0013459,0.00125512,0.00125484,0.100217,0.100363
130_bNAb_Combinations|1314040|sample|10|nan|4166,5.7,0.000876905,7,10,1,0.00962702,0.00125483,0.00125511,0.00125483,-0.19215,-0.192012
130_bNAb_Combinations|1314040|sample|10|nan|4166,28.5,0.00142497,8,10,1,0.00962702,0.00125483,0.00125511,0.00125483,0.0863001,0.0864441
130_bNAb_Combinations|1314040|sample|11|nan|4166,0.0003712,0.722789,1,11,1,0.897949,0.881478,0.868854,0.868755,-1.22741,-1.22672
130_bNAb_Combinations|1314040|sample|11|nan|4166,0.001856,0.682835,2,11,1,0.887952,0.83521,0.793044,0.793176,-1.01317,-1.01422
130_bNAb_Combinations|1314040|sample|11|nan|4166,0.00928,0.694111,3,11,1,0.835127,0.690258,0.575717,0.576367,1.48998,1.48017
130_bNAb_Combinations|1314040|sample|11|nan|4166,0.0464,0.1565,4,11,1,0.600213,0.358498,0.197042,0.19786,-1.42861,-1.45178
130_bNAb_Combinations|1314040|sample|11|nan|4166,0.2319999999999999,0.0120848,5,11,1,0.120097,0.0461499,0.00935507,0.00945133,0.891814,0.856732
130_bNAb_Combinations|1314040|sample|11|nan|4166,1.16,0.000876905,6,11,1,0.00983098,0.0012739,0.00104582,0.00104576,-0.0870694,-0.0870366
130_bNAb_Combinations|1314040|sample|11|nan|4166,5.8,0.000959114,7,11,1,0.00962702,0.00103807,0.00103828,0.00103805,-0.0408269,-0.040708
130_bNAb_Combinations|1314040|sample|11|nan|4166,6,0.00120574,8,11,1,0.00962702,0.00103806,0.00103828,0.00103805,0.0863659,0.0864868
130_bNAb_Combinations|1314040|sample|12|nan|4166,0.0003712,0.634577,1,12,1,0.897949,0.881478,0.862561,0.861961,-1.92955,-1.92579
130_bNAb_Combinations|1314040|sample|12|nan|4166,0.001856,0.570344,2,12,1,0.887952,0.83521,0.772883,0.771419,-1.90972,-1.89945
130_bNAb_Combinations|1314040|sample|12|nan|4166,0.00928,0.44666,3,12,1,0.835127,0.690258,0.526633,0.523486,-1.09795,-1.06092
130_bNAb_Combinations|1314040|sample|12|nan|4166,0.0464,0.130275,4,12,1,0.600213,0.358498,0.148178,0.145464,-0.821712,-0.70904
130_bNAb_Combinations|1314040|sample|12|nan|4166,0.2319999999999999,0.00937192,5,12,1,0.120097,0.0461499,0.0049594,0.00477768,1.78792,1.88023
130_bNAb_Combinations|1314040|sample|12|nan|4166,1.16,0.000685082,6,12,1,0.00983098,0.0012739,0.00104018,0.0010398,-0.18311,-0.182916
130_bNAb_Combinations|1314040|sample|12|nan|4166,5.8,0.000959114,7,12,1,0.00962702,0.00103807,0.00103828,0.00103805,-0.0408269,-0.040708
130_bNAb_Combinations|1314040|sample|12|nan|4166,29,0.00142497,8,12,1,0.00962702,0.00103805,0.00103828,0.00103805,0.199426,0.199549
130_bNAb_Combinations|1314040|sample|3|nan|4166,0.000064,0.931259,1,3,1,0.89984,0.841122,0.841807,0.841729,0.775457,0.776203
130_bNAb_Combinations|1314040|sample|3|nan|4166,0.00032,0.9236,2,3,1,0.898275,0.760912,0.762191,0.762267,1.54289,1.54201
130_bNAb_Combinations|1314040|sample|3|nan|4166,0.0016,0.710882,3,3,1,0.88972,0.595004,0.597256,0.597593,1.37953,1.37468
130_bNAb_Combinations|1314040|sample|3|nan|4166,0.008,0.333703,4,3,1,0.844259,0.32932,0.332178,0.332724,0.0327343,0.0209767
130_bNAb_Combinations|1314040|sample|3|nan|4166,0.04,0.08358,5,3,1,0.635971,0.0867002,0.0882814,0.0886123,-0.34298,-0.36593
130_bNAb_Combinations|1314040|sample|3|nan|4166,0.2,0.0126329,6,3,1,0.155747,0.011826,0.0119833,0.0120159,0.190186,0.180432
130_bNAb_Combinations|1314040|sample|3|nan|4166,1,0.0107147,7,3,1,0.0101205,0.00809941,0.00810209,0.00810049,0.903417,0.904041
130_bNAb_Combinations|1314040|sample|3|nan|4166,5,0.00452154,8,3,1,0.00962702,0.0080875,0.0080893,0.0080875,-1.23445,-1.23393
130_bNAb_Combinations|1314040|sample|4|nan|4166,0.000064,0.849679,1,4,1,0.89984,0.841122,0.853366,0.854076,-0.0315329,-0.0375766
130_bNAb_Combinations|1314040|sample|4|nan|4166,0.00032,0.922147,2,4,1,0.898275,0.760912,0.7883,0.790182,1.23776,1.2175
130_bNAb_Combinations|1314040|sample|4|nan|4166,0.0016,0.857325,3,4,1,0.88972,0.595004,0.648533,0.652545,2.33855,2.27979
130_bNAb_Combinations|1314040|sample|4|nan|4166,0.008,0.429779,4,4,1,0.844259,0.32932,0.404186,0.41033,0.45441,0.340319
130_bNAb_Combinations|1314040|sample|4|nan|4166,0.04,0.0907322,5,4,1,0.635971,0.0867002,0.135273,0.139932,-2.22185,-2.37967
130_bNAb_Combinations|1314040|sample|4|nan|4166,0.2,0.0240601,6,4,1,0.155747,0.011826,0.0183193,0.0191355,1.34439,1.12427
130_bNAb_Combinations|1314040|sample|4|nan|4166,1,0.0110435,7,4,1,0.0101205,0.00809941,0.00816116,0.00817025,0.993966,0.990411
130_bNAb_Combinations|1314040|sample|4|nan|4166,5,0.00460375,8,4,1,0.00962702,0.0080875,0.00808932,0.00808752,-1.20601,-1.20549
130_bNAb_Combinations|1314040|sample|5|nan|4166,0.0006144,0.779376,1,5,1,0.896374,0.706377,0.711733,0.711042,0.691595,0.699327
130_bNAb_Combinations|1314040|sample|5|nan|4166,0.003072,0.614409,2,5,1,0.879433,0.496631,0.505635,0.504607,1.55376,1.57155
130_bNAb_Combinations|1314040|sample|5|nan|4166,0.01536,0.200195,3,5,1,0.792372,0.215818,0.224899,0.223909,-0.768732,-0.740994
130_bNAb_Combinations|1314040|sample|5|nan|4166,0.0768,0.0378713,4,5,1,0.455735,0.0376869,0.0406113,0.0402913,-0.376511,-0.334523
130_bNAb_Combinations|1314040|sample|5|nan|4166,0.384,0.0177847,5,5,1,0.0408998,0.00861879,0.00872722,0.00871343,3.04329,3.04983
130_bNAb_Combinations|1314040|sample|5|nan|4166,1.92,0.0106325,6,5,1,0.00963326,0.00808795,0.00808992,0.00808809,0.8797,0.880406
130_bNAb_Combinations|1314040|sample|5|nan|4166,9.6,0.00548065,7,5,1,0.00962702,0.0080875,0.0080893,0.0080875,-0.902595,-0.902046
130_bNAb_Combinations|1314040|sample|5|nan|4166,48,0.00260331,8,5,1,0.00962702,0.0080875,0.0080893,0.0080875,-1.89816,-1.89769
130_bNAb_Combinations|1314040|sample|6|nan|4166,0.0006144,0.836677,1,6,1,0.896374,0.706377,0.717453,0.716354,1.20941,1.2224
130_bNAb_Combinations|1314040|sample|6|nan|4166,0.003072,0.59672,2,6,1,0.879433,0.496631,0.515537,0.513788,1.13793,1.1663
130_bNAb_Combinations|1314040|sample|6|nan|4166,0.01536,0.231763,3,6,1,0.792372,0.215818,0.235235,0.233457,-0.103548,-0.0508834
130_bNAb_Combinations|1314040|sample|6|nan|4166,0.0768,0.0379261,4,6,1,0.455735,0.0376869,0.0441448,0.0435303,-0.802015,-0.730567
130_bNAb_Combinations|1314040|sample|6|nan|4166,0.384,0.0173463,5,6,1,0.0408998,0.00861879,0.0088698,0.00884236,2.82978,2.84245
130_bNAb_Combinations|1314040|sample|6|nan|4166,1.92,0.00800175,6,6,1,0.00963326,0.00808795,0.00809015,0.0080883,-0.0305849,-0.029947
130_bNAb_Combinations|1314040|sample|6|nan|4166,9.6,0.00649457,7,6,1,0.00962702,0.0080875,0.0080893,0.0080875,-0.551777,-0.551199
130_bNAb_Combinations|1314040|sample|6|nan|4166,48,0.00227447,8,6,1,0.00962702,0.0080875,0.0080893,0.0080875,-2.01194,-2.01148
130_bNAb_Combinations|1314040|sample|7|nan|4166,0.0000768,0.895881,1,7,1,0.899766,0.89673,0.891811,0.891684,0.0333319,0.0343806
130_bNAb_Combinations|1314040|sample|7|nan|4166,0.000384,1,2,7,1,0.897868,0.886663,0.867142,0.867222,1.1186,1.11782
130_bNAb_Combinations|1314040|sample|7|nan|4166,0.00192,0.885057,3,7,1,0.887508,0.848219,0.777006,0.777789,1.01349,1.00515
130_bNAb_Combinations|1314040|sample|7|nan|4166,0.0096,0.541804,4,7,1,0.832849,0.713576,0.50932,0.511592,0.460732,0.426651
130_bNAb_Combinations|1314040|sample|7|nan|4166,0.048,0.108462,5,7,1,0.591581,0.369984,0.110558,0.112326,-0.125386,-0.227939
130_bNAb_Combinations|1314040|sample|7|nan|4166,0.24,0.00367204,6,7,1,0.112714,0.0384466,0.00228088,0.00232629,0.660369,0.636962
130_bNAb_Combinations|1314040|sample|7|nan|4166,1.2,0.00134276,7,7,1,0.00979215,0.00132329,0.00125516,0.00125488,0.0445067,0.0446479
130_bNAb_Combinations|1314040|sample|7|nan|4166,6,0.00120574,8,7,1,0.00962702,0.00125483,0.00125511,0.00125483,-0.0250801,-0.0249382
130_bNAb_Combinations|1314040|sample|8|nan|4166,0.0000768,0.844966,1,8,1,0.899766,0.89673,0.892434,0.892207,-0.388499,-0.386733
130_bNAb_Combinations|1314040|sample|8|nan|4166,0.000384,0.936,2,8,1,0.897868,0.886663,0.869522,0.86922,0.558201,0.560931
130_bNAb_Combinations|1314040|sample|8|nan|4166,0.00192,0.95599,3,8,1,0.887508,0.848219,0.785357,0.784801,1.58375,1.59003
130_bNAb_Combinations|1314040|sample|8|nan|4166,0.0096,0.549326,4,8,1,0.832849,0.713576,0.530455,0.529357,0.257258,0.272779
130_bNAb_Combinations|1314040|sample|8|nan|4166,0.048,0.117697,5,8,1,0.591581,0.369984,0.127243,0.1264,-0.503375,-0.461703
130_bNAb_Combinations|1314040|sample|8|nan|4166,0.24,0.00523402,6,8,1,0.112714,0.0384466,0.0027637,0.00273651,1.13747,1.15194
130_bNAb_Combinations|1314040|sample|8|nan|4166,1.2,0.00183602,7,8,1,0.00979215,0.00132329,0.00125521,0.00125492,0.295085,0.295235
130_bNAb_Combinations|1314040|sample|8|nan|4166,29,0.00120574,8,8,1,0.00962702,0.00125483,0.00125511,0.00125483,-0.0250801,-0.0249382
130_bNAb_Combinations|1314040|sample|9|nan|4166,0.0003648,0.860586,1,9,1,0.89799,0.887236,0.868825,0.867599,-0.0692343,-0.0590186
130_bNAb_Combinations|1314040|sample|9|nan|4166,0.001824,0.800655,2,9,1,0.888173,0.850372,0.782904,0.77911,0.165269,0.20155
130_bNAb_Combinations|1314040|sample|9|nan|4166,0.00912,0.529856,3,9,1,0.836266,0.720628,0.524174,0.514902,0.0783676,0.209864
130_bNAb_Combinations|1314040|sample|9|nan|4166,0.0456,0.113285,4,9,1,0.604575,0.383796,0.122092,0.11485,-0.48208,-0.0905168
130_bNAb_Combinations|1314040|sample|9|nan|4166,0.228,0.00408309,5,9,1,0.123997,0.0432058,0.00260098,0.00239328,0.68941,0.796402
130_bNAb_Combinations|1314040|sample|9|nan|4166,1.14,0.000959114,6,9,1,0.00985401,0.0013459,0.00125519,0.00125489,-0.150423,-0.150273
130_bNAb_Combinations|1314040|sample|9|nan|4166,5.7,0.00134276,7,9,1,0.00962702,0.00125483,0.00125511,0.00125483,0.0445325,0.0446757
130_bNAb_Combinations|1314040|sample|9|nan|4166,28.5,0.00109613,8,9,1,0.00962702,0.00125483,0.00125511,0.00125483,-0.0807702,-0.0806293
130_bNAb_Combinations|1314040|vc|1|2|nan|4166,0,0.872575,1,2,1,0.900188,0.900188,0.900389,0.900188,-0.225664,-0.224082
130_bNAb_Combinations|1314040|vc|2|2|nan|4166,0,0.811123,2,2,1,0.900188,0.900188,0.900389,0.900188,-0.724231,-0.722759
130_bNAb_Combinations|1314040|vc|3|2|nan|4166,0,0.8264,3,2,1,0.900188,0.900188,0.900389,0.900188,-0.600284,-0.598785
130_bNAb_Combinations|1314040|vc|4|2|nan|4166,0,0.88503,4,2,1,0.900188,0.900188,0.900389,0.900188,-0.124617,-0.123013
130_bNAb_Combinations|1314040|vc|5|2|nan|4166,0,0.762811,5,2,1,0.900188,0.900188,0.900389,0.900188,-1.11619,-1.11481
130_bNAb_Combinations|1314040|vc|6|2|nan|4166,0,0.755714,6,2,1,0.900188,0.900188,0.900389,0.900188,-1.17378,-1.1724
130_bNAb_Combinations|1314040|vc|7|2|nan|4166,0,0.742903,7,2,1,0.900188,0.900188,0.900389,0.900188,-1.27771,-1.27636
130_bNAb_Combinations|1314040|vc|8|2|nan|4166,0,0.592911,8,2,1,0.900188,0.900188,0.900389,0.900188,-2.49462,-2.49353
130_bNAb_Combinations|1314058|cc|1|1|nan|2944,0,0.00196858,1,1,0,0,0,0,0,1.09429,1.09429
130_bNAb_Combinations|1314058|cc|2|1|nan|2944,0,0.000401752,2,1,0,0,0,0,0,0.223324,0.223324
130_bNAb_Combinations|1314058|cc|3|1|nan|2944,0,0.00192841,3,1,0,0,0,0,0,1.07196,1.07196
130_bNAb_Combinations|1314058|cc|4|1|nan|2944,0,0.00156683,4,1,0,0,0,0,0,0.870964,0.870964
130_bNAb_Combinations|1314058|cc|5|1|nan|2944,0,0.00192841,5,1,0,0,0,0,0,1.07196,1.07196
130_bNAb_Combinations|1314058|cc|6|1|nan|2944,0,0.00273191,6,1,0,0,0,0,0,1.5186,1.5186
130_bNAb_Combinations|1314058|cc|7|1|nan|2944,0,0.00228998,7,1,0,0,0,0,0,1.27295,1.27295
130_bNAb_Combinations|1314058|cc|8|1|nan|2944,0,0,8,1,0,0,0,0,0,0,0
130_bNAb_Combinations|1314058|sample|10|nan|2944,0.0003648,0.569001,1,10,1,0.89799,0.882154,0.864906,0.864223,-2.49771,-2.49389
130_bNAb_Combinations|1314058|sample|10|nan|2944,0.001824,0.774678,2,10,1,0.888173,0.833626,0.773189,0.771368,0.0140285,0.0312633
130_bNAb_Combinations|1314058|sample|10|nan|2944,0.00912,0.604516,3,10,1,0.836266,0.673633,0.508945,0.504841,1.35652,1.42597
130_bNAb_Combinations|1314058|sample|10|nan|2944,0.0456,0.103933,4,10,1,0.604575,0.308392,0.115992,0.112923,-0.691237,-0.527822
130_bNAb_Combinations|1314058|sample|10|nan|2944,0.228,0.00494155,5,10,1,0.123997,0.0238117,0.00330683,0.00322234,0.728148,0.769687
130_bNAb_Combinations|1314058|sample|10|nan|2944,1.14,0.00176771,6,10,1,0.00985401,0.00216417,0.00214728,0.0021468,-0.181735,-0.181509
130_bNAb_Combinations|1314058|sample|10|nan|2944,5.7,0.00212928,7,10,1,0.00962702,0.00214676,0.00214724,0.00214676,-0.00859844,-0.00836913
130_bNAb_Combinations|1314058|sample|10|nan|2944,28.5,0.00152666,8,10,1,0.00962702,0.00214676,0.00214724,0.00214676,-0.297128,-0.296908
130_bNAb_Combinations|1314058|sample|11|nan|2944,0.0003712,0.654956,1,11,1,0.897949,0.824473,0.878633,0.878278,-1.85899,-1.85678
130_bNAb_Combinations|1314058|sample|11|nan|2944,0.001856,0.910209,2,11,1,0.887952,0.695561,0.837798,0.837165,0.630682,0.636664
130_bNAb_Combinations|1314058|sample|11|nan|2944,0.00928,0.826323,3,11,1,0.835127,0.425214,0.728626,0.72733,0.976121,0.990796
130_bNAb_Combinations|1314058|sample|11|nan|2944,0.0464,0.531096,4,11,1,0.600213,0.107426,0.485755,0.483473,0.673464,0.71061
130_bNAb_Combinations|1314058|sample|11|nan|2944,0.2319999999999999,0.155357,5,11,1,0.120097,0.0033621,0.154724,0.152785,0.0279223,0.114787
130_bNAb_Combinations|1314058|sample|11|nan|2944,1.16,0.00719135,6,11,1,0.00983098,0.000234153,0.00790464,0.00766951,-0.248942,-0.168749
130_bNAb_Combinations|1314058|sample|11|nan|2944,5.8,0.000964204,7,11,1,0.00962702,0.000232557,0.000241972,0.000241351,0.394317,0.394674
130_bNAb_Combinations|1314058|sample|11|nan|2944,29,0.00116508,8,11,1,0.00962702,0.000232557,0.000232609,0.000232557,0.509452,0.509483
130_bNAb_Combinations|1314058|sample|12|nan|2944,0.0003712,0.691174,1,12,1,0.897949,0.824473,0.878388,0.878243,-1.55637,-1.55542
130_bNAb_Combinations|1314058|sample|12|nan|2944,0.001856,0.787493,2,12,1,0.887952,0.695561,0.837111,0.837067,-0.432507,-0.432144
130_bNAb_Combinations|1314058|sample|12|nan|2944,0.00928,0.705837,3,12,1,0.835127,0.425214,0.72688,0.72708,-0.210741,-0.212688
130_bNAb_Combinations|1314058|sample|12|nan|2944,0.0464,0.438512,4,12,1,0.600213,0.107426,0.482409,0.482994,-0.656414,-0.664387
130_bNAb_Combinations|1314058|sample|12|nan|2944,0.2319999999999999,0.141899,5,12,1,0.120097,0.0033621,0.151799,0.152368,-0.44443,-0.468371
130_bNAb_Combinations|1314058|sample|12|nan|2944,1.16,0.0106062,6,12,1,0.00983098,0.000234153,0.00754806,0.00761901,1.08556,1.05678
130_bNAb_Combinations|1314058|sample|12|nan|2944,5.8,0.000763328,7,12,1,0.00962702,0.000232557,0.000241113,0.000241231,0.285132,0.285065
130_bNAb_Combinations|1314058|sample|12|nan|2944,29,0.000682978,8,12,1,0.00962702,0.000232557,0.000232609,0.000232557,0.246057,0.246087
130_bNAb_Combinations|1314058|sample|3|nan|2944,0.000064,0.7568,1,3,1,0.89984,0.854914,0.783218,0.78241,-0.245868,-0.238582
130_bNAb_Combinations|1314058|sample|3|nan|2944,0.00032,0.711502,2,3,1,0.898275,0.792098,0.638504,0.637099,0.830186,0.847992
130_bNAb_Combinations|1314058|sample|3|nan|2944,0.0016,0.556567,3,3,1,0.88972,0.656564,0.390018,0.388097,3.06097,3.1111
130_bNAb_Combinations|1314058|sample|3|nan|2944,0.008,0.0999156,4,3,1,0.844259,0.416993,0.124997,0.12366,-1.34408,-1.28488
130_bNAb_Combinations|1314058|sample|3|nan|2944,0.04,0.00779398,5,3,1,0.635971,0.145271,0.0128964,0.0126694,-1.44193,-1.38981
130_bNAb_Combinations|1314058|sample|3|nan|2944,0.2,0.0069503,6,3,1,0.155747,0.0167217,0.00262281,0.00261835,2.0102,2.01284
130_bNAb_Combinations|1314058|sample|3|nan|2944,1,0.00361576,7,3,1,0.0101205,0.00269845,0.00251702,0.00251646,0.513792,0.514075
130_bNAb_Combinations|1314058|sample|3|nan|2944,5,0.00610662,8,3,1,0.00962702,0.00251657,0.00251693,0.00251637,1.67862,1.67894
130_bNAb_Combinations|1314058|sample|4|nan|2944,0.000064,0.636756,1,4,1,0.89984,0.854914,0.790312,0.78779,-1.41646,-1.39758
130_bNAb_Combinations|1314058|sample|4|nan|2944,0.00032,0.746153,2,4,1,0.898275,0.792098,0.652736,0.647863,1.0397,1.102
130_bNAb_Combinations|1314058|sample|4|nan|2944,0.0016,0.537845,3,4,1,0.88972,0.656564,0.411079,0.403914,2.2142,2.37953
130_bNAb_Combinations|1314058|sample|4|nan|2944,0.008,0.0750874,4,4,1,0.844259,0.416993,0.140633,0.135223,-3.15584,-3.0008
130_bNAb_Combinations|1314058|sample|4|nan|2944,0.04,0.0161906,5,4,1,0.635971,0.145271,0.0157858,0.0147441,0.103047,0.381864
130_bNAb_Combinations|1314058|sample|4|nan|2944,0.2,0.00445944,6,4,1,0.155747,0.0167217,0.00267861,0.00265674,0.824348,0.835615
130_bNAb_Combinations|1314058|sample|4|nan|2944,1,0.0061468,7,4,1,0.0101205,0.00269845,0.0025171,0.00251651,1.69731,1.69765
130_bNAb_Combinations|1314058|sample|4|nan|2944,5,0.00337471,8,4,1,0.00962702,0.00251657,0.00251693,0.00251637,0.401117,0.401394
130_bNAb_Combinations|1314058|sample|5|nan|2944,0.0006144,0.421638,1,5,1,0.896374,0.748443,0.507704,0.508914,-1.22451,-1.23885
130_bNAb_Combinations|1314058|sample|5|nan|2944,0.003072,0.241091,2,5,1,0.879433,0.571789,0.227672,0.228997,0.412745,0.369965
130_bNAb_Combinations|1314058|sample|5|nan|2944,0.01536,0.0357559,3,5,1,0.792372,0.300484,0.039537,0.0400155,-0.530137,-0.591868
130_bNAb_Combinations|1314058|sample|5|nan|2944,0.0768,0.0111687,4,5,1,0.455735,0.0706346,0.00353534,0.00355958,3.35405,3.33861
130_bNAb_Combinations|1314058|sample|5|nan|2944,0.384,0.00397734,5,5,1,0.0408998,0.00575464,0.00251944,0.00251898,0.681635,0.681874
130_bNAb_Combinations|1314058|sample|5|nan|2944,1.92,0.0050219,6,5,1,0.00963326,0.00253173,0.00251693,0.00251637,1.17137,1.17168
130_bNAb_Combinations|1314058|sample|5|nan|2944,9.6,0.00289261,7,5,1,0.00962702,0.00251638,0.00251693,0.00251637,0.175676,0.175945
130_bNAb_Combinations|1314058|sample|5|nan|2944,48,0.00337471,8,5,1,0.00962702,0.00251637,0.00251693,0.00251637,0.401117,0.401394
130_bNAb_Combinations|1314058|sample|6|nan|2944,0.0006144,0.459122,1,6,1,0.896374,0.748443,0.446562,0.453957,0.202459,0.0819328
130_bNAb_Combinations|1314058|sample|6|nan|2944,0.003072,0.181552,2,6,1,0.879433,0.571789,0.169603,0.176118,0.484208,0.212611
130_bNAb_Combinations|1314058|sample|6|nan|2944,0.01536,0.0224981,3,6,1,0.792372,0.300484,0.0222024,0.0238477,0.0616853,-0.269074
130_bNAb_Combinations|1314058|sample|6|nan|2944,0.0768,0.00879836,4,6,1,0.455735,0.0706346,0.00284031,0.00288961,2.73042,2.6996
130_bNAb_Combinations|1314058|sample|6|nan|2944,0.384,0.00377647,5,6,1,0.0408998,0.00575464,0.00251739,0.00251693,0.588755,0.588985
130_bNAb_Combinations|1314058|sample|6|nan|2944,1.92,0.00425857,6,6,1,0.00963326,0.00253173,0.00251693,0.00251637,0.814426,0.814718
130_bNAb_Combinations|1314058|sample|6|nan|2944,9.6,0.00349524,7,6,1,0.00962702,0.00251638,0.00251693,0.00251637,0.457478,0.457757
130_bNAb_Combinations|1314058|sample|6|nan|2944,48,0.00317384,8,6,1,0.00962702,0.00251637,0.00251693,0.00251637,0.307184,0.307457
130_bNAb_Combinations|1314058|sample|7|nan|2944,0.0000768,0.772267,1,7,1,0.899766,0.895204,0.891028,0.890184,-0.973495,-0.967485
130_bNAb_Combinations|1314058|sample|7|nan|2944,0.000384,0.792997,2,7,1,0.897868,0.881378,0.865328,0.862763,-0.610244,-0.590327
130_bNAb_Combinations|1314058|sample|7|nan|2944,0.00192,0.847113,3,7,1,0.887508,0.830853,0.774615,0.766465,0.682078,0.766688
130_bNAb_Combinations|1314058|sample|7|nan|2944,0.0096,0.388996,4,7,1,0.832849,0.665284,0.512416,0.493115,-1.74024,-1.52404
130_bNAb_Combinations|1314058|sample|7|nan|2944,0.048,0.102889,5,7,1,0.591581,0.294909,0.118691,0.104334,-0.887305,-0.0910667
130_bNAb_Combinations|1314058|sample|7|nan|2944,0.24,0.00903941,6,7,1,0.112714,0.0209411,0.00338473,0.00300839,2.50702,2.73544
130_bNAb_Combinations|1314058|sample|7|nan|2944,1.2,0.00305331,7,7,1,0.00979215,0.0021593,0.00214729,0.00214679,0.433791,0.434045
130_bNAb_Combinations|1314058|sample|7|nan|2944,6,0.00325419,8,7,1,0.00962702,0.00214676,0.00214724,0.00214676,0.529991,0.530237
130_bNAb_Combinations|1314058|sample|8|nan|2944,0.0000768,0.84412,1,8,1,0.899766,0.895204,0.891907,0.891531,-0.391335,-0.388413
130_bNAb_Combinations|1314058|sample|8|nan|2944,0.000384,0.940119,2,8,1,0.897868,0.881378,0.868575,0.867726,0.601383,0.60911
130_bNAb_Combinations|1314058|sample|8|nan|2944,0.00192,0.824917,3,8,1,0.887508,0.830853,0.785643,0.783232,0.364391,0.387937
130_bNAb_Combinations|1314058|sample|8|nan|2944,0.0096,0.591097,4,8,1,0.832849,0.665284,0.539898,0.534114,0.686049,0.77162
130_bNAb_Combinations|1314058|sample|8|nan|2944,0.048,0.135872,5,8,1,0.591581,0.294909,0.14181,0.136752,-0.28371,-0.0434435
130_bNAb_Combinations|1314058|sample|8|nan|2944,0.24,0.00361576,6,8,1,0.112714,0.0209411,0.00420505,0.00400096,-0.249043,-0.164709
130_bNAb_Combinations|1314058|sample|8|nan|2944,1.2,0.00329436,7,8,1,0.00979215,0.0021593,0.00214736,0.00214686,0.549165,0.549422
130_bNAb_Combinations|1314058|sample|8|nan|2944,6,0.00289261,8,8,1,0.00962702,0.00214676,0.00214724,0.00214676,0.356873,0.357113
130_bNAb_Combinations|1314058|sample|9|nan|2944,0.0003648,0.631373,1,9,1,0.89799,0.882154,0.861366,0.861551,-1.94921,-1.95037
130_bNAb_Combinations|1314058|sample|9|nan|2944,0.001824,0.855028,2,9,1,0.888173,0.833626,0.761325,0.762414,0.896693,0.885031
130_bNAb_Combinations|1314058|sample|9|nan|2944,0.00912,0.528323,3,9,1,0.836266,0.673633,0.480768,0.483591,0.71349,0.667328
130_bNAb_Combinations|1314058|sample|9|nan|2944,0.0456,0.0948536,4,9,1,0.604575,0.308392,0.0957946,0.0977366,-0.0639229,-0.192416
130_bNAb_Combinations|1314058|sample|9|nan|2944,0.228,0.00401752,5,9,1,0.123997,0.0238117,0.00282649,0.00286515,0.546282,0.52729
130_bNAb_Combinations|1314058|sample|9|nan|2944,1.14,0.00309349,6,9,1,0.00985401,0.00216417,0.00214726,0.00214678,0.453042,0.453285
130_bNAb_Combinations|1314058|sample|9|nan|2944,5.7,0.00200876,7,9,1,0.00962702,0.00214676,0.00214724,0.00214676,-0.0663044,-0.0660769
130_bNAb_Combinations|1314058|sample|9|nan|2944,28.5,0.00369612,8,9,1,0.00962702,0.00214676,0.00214724,0.00214676,0.741579,0.741832
130_bNAb_Combinations|1314058|vc|1|2|nan|2944,0,0.691535,1,2,1,0.900188,0.900192,0.900393,0.900192,-1.69449,-1.69323
130_bNAb_Combinations|1314058|vc|2|2|nan|2944,0,0.932385,2,2,1,0.900188,0.900192,0.900393,0.900192,0.259553,0.261242
130_bNAb_Combinations|1314058|vc|3|2|nan|2944,0,1,3,2,1,0.900188,0.900192,0.900393,0.900192,0.808119,0.809928
130_bNAb_Combinations|1314058|vc|4|2|nan|2944,0,0.97479,4,2,1,0.900188,0.900192,0.900393,0.900192,0.603588,0.605353
130_bNAb_Combinations|1314058|vc|5|2|nan|2944,0,0.982805,5,2,1,0.900188,0.900192,0.900393,0.900192,0.668614,0.670393
130_bNAb_Combinations|1314058|vc|6|2|nan|2944,0,0.897594,6,2,1,0.900188,0.900192,0.900393,0.900192,-0.0227153,-0.0210888
130_bNAb_Combinations|1314058|vc|7|2|nan|2944,0,0.932385,7,2,1,0.900188,0.900192,0.900393,0.900192,0.259553,0.261242
130_bNAb_Combinations|1314058|vc|8|2|nan|2944,0,0.756117,8,2,1,0.900188,0.900192,0.900393,0.900192,-1.17053,-1.16916
130_bNAb_Combinations|1342240|cc|1|1|nan|1798,0,0.000747678,1,1,0,0,0,0,0,0.415616,0.415616
130_bNAb_Combinations|1342240|cc|2|1|nan|1798,0,0.000889479,2,1,0,0,0,0,0,0.49444,0.49444
130_bNAb_Combinations|1342240|cc|3|1|nan|1798,0,0.00106995,3,1,0,0,0,0,0,0.594762,0.594762
130_bNAb_Combinations|1342240|cc|4|1|nan|1798,0,0.0011473,4,1,0,0,0,0,0,0.637756,0.637756
130_bNAb_Combinations|1342240|cc|5|1|nan|1798,0,0.00125043,5,1,0,0,0,0,0,0.695083,0.695083
130_bNAb_Combinations|1342240|cc|6|1|nan|1798,0,0.00109574,6,1,0,0,0,0,0,0.609093,0.609093
130_bNAb_Combinations|1342240|cc|7|1|nan|1798,0,0.00113441,7,1,0,0,0,0,0,0.630591,0.630591
130_bNAb_Combinations|1342240|cc|8|1|nan|1798,0,0.00134066,8,1,0,0,0,0,0,0.745243,0.745243
130_bNAb_Combinations|1342240|sample|3|nan|1798,0.0010624,0.835221,1,3,1,0.893388,0.879852,0.897576,0.897303,-0.507456,-0.505391
130_bNAb_Combinations|1342240|sample|3|nan|1798,0.005312,0.877793,2,3,1,0.863489,0.81756,0.888556,0.888057,-0.0884623,-0.0844087
130_bNAb_Combinations|1342240|sample|3|nan|1798,0.02656,0.931355,3,3,1,0.717625,0.6027,0.851499,0.850097,0.684511,0.697658
130_bNAb_Combinations|1342240|sample|3|nan|1798,0.1328,0.830071,4,3,1,0.276448,0.181829,0.712494,0.70813,1.20086,1.25296
130_bNAb_Combinations|1342240|sample|3|nan|1798,0.664,0.362418,5,3,1,0.01363,0.00418081,0.346255,0.338194,0.333209,0.510833
130_bNAb_Combinations|1342240|sample|3|nan|1798,3.32,0.0234358,6,3,1,0.00962709,0.000719098,0.0262739,0.0243732,-0.531154,-0.184268
130_bNAb_Combinations|1342240|sample|3|nan|1798,83,0.000966825,8,3,1,0.00962702,0.000718623,0.000718784,0.000718623,0.130829,0.130915
130_bNAb_Combinations|1342240|sample|4|nan|1798,0.0010624,0.808053,1,4,1,0.893388,0.879852,0.897508,0.897218,-0.728057,-0.725926
130_bNAb_Combinations|1342240|sample|4|nan|1798,0.005312,0.88955,2,4,1,0.863489,0.81756,0.888273,0.887699,0.0104959,0.0152268
130_bNAb_Combinations|1342240|sample|4|nan|1798,0.02656,0.902873,3,4,1,0.717625,0.6027,0.85036,0.848657,0.450717,0.466262
130_bNAb_Combinations|1342240|sample|4|nan|1798,0.1328,0.803702,4,4,1,0.276448,0.181829,0.708542,0.703158,0.977224,1.04027
130_bNAb_Combinations|1342240|sample|4|nan|1798,0.664,0.370758,5,4,1,0.01363,0.00418081,0.338748,0.328949,0.673982,0.9055
130_bNAb_Combinations|1342240|sample|4|nan|1798,3.32,0.0203936,6,4,1,0.00962709,0.000719098,0.024489,0.0223147,-0.802646,-0.399474
130_bNAb_Combinations|1342240|sample|4|nan|1798,16.6,3.8673e-05,7,4,1,0.00962702,0.000718623,0.000740512,0.000736276,-0.369612,-0.367492
130_bNAb_Combinations|1342240|sample|4|nan|1798,83,0.000747678,8,4,1,0.00962702,0.000718623,0.000718784,0.000718623,0.0152403,0.0153251
130_bNAb_Combinations|1342240|sample|8|nan|1798,16.6,0.000721896,7,8,1,0.00962702,0.000718623,0.000718783,0.000718623,0.00164169,0.00172635
130_bNAb_Combinations|1342240|vc|1|2|nan|1798,0,0.862537,1,2,1,0.900188,0.900189,0.90039,0.900189,-0.307107,-0.305544
130_bNAb_Combinations|1342240|vc|2|2|nan|1798,0,0.923324,2,2,1,0.900188,0.900189,0.90039,0.900189,0.18607,0.187742
130_bNAb_Combinations|1342240|vc|3|2|nan|1798,0,0.944627,3,2,1,0.900188,0.900189,0.90039,0.900189,0.358899,0.360609
130_bNAb_Combinations|1342240|vc|4|2|nan|1798,0,1,4,2,1,0.900188,0.900189,0.90039,0.900189,0.80815,0.809959
130_bNAb_Combinations|1342240|vc|5|2|nan|1798,0,0.995817,5,2,1,0.900188,0.900189,0.90039,0.900189,0.774211,0.776013
130_bNAb_Combinations|1342240|vc|6|2|nan|1798,0,0.979742,6,2,1,0.900188,0.900189,0.90039,0.900189,0.643792,0.645565
130_bNAb_Combinations|1342240|vc|7|2|nan|1798,0,0.912625,7,2,1,0.900188,0.900189,0.90039,0.900189,0.0992632,0.100916
130_bNAb_Combinations|1342240|vc|8|2|nan|1798,0,0.732654,8,2,1,0.900188,0.900189,0.90039,0.900189,-1.36087,-1.35954
130_bNAb_Combinations|1342258|cc|1|1|TRO.11|8301,0,0.000586773,1,1,0,0,0,0,0,0.326173,0.326173
130_bNAb_Combinations|1342258|cc|2|1|TRO.11|8301,0,0.000602214,2,1,0,0,0,0,0,0.334757,0.334757
130_bNAb_Combinations|1342258|cc|3|1|TRO.11|8301,0,0.000756628,3,1,0,0,0,0,0,0.420592,0.420592
130_bNAb_Combinations|1342258|cc|4|1|TRO.11|8301,0,0.000694863,4,1,0,0,0,0,0,0.386258,0.386258
130_bNAb_Combinations|1342258|cc|5|1|TRO.11|8301,0,0.000957366,5,1,0,0,0,0,0,0.532177,0.532177
130_bNAb_Combinations|1342258|cc|6|1|TRO.11|8301,0,0.000648538,6,1,0,0,0,0,0,0.360507,0.360507
130_bNAb_Combinations|1342258|cc|7|1|TRO.11|8301,0,0.00103457,7,1,0,0,0,0,0,0.575095,0.575095
130_bNAb_Combinations|1342258|cc|8|1|TRO.11|8301,0,0.00112722,8,1,0,0,0,0,0,0.626596,0.626596
130_bNAb_Combinations|1342258|sample|3|TRO.11|8301,0.0010624,1,1,3,1,0.893388,0.871933,0.888318,0.887911,0.918225,0.921982
130_bNAb_Combinations|1342258|sample|3|TRO.11|8301,0.005312,0.977008,2,3,1,0.863489,0.792046,0.852805,0.851813,1.06304,1.07275
130_bNAb_Combinations|1342258|sample|3|TRO.11|8301,0.02656,0.852774,3,3,1,0.717625,0.54191,0.724541,0.721676,1.28831,1.32222
130_bNAb_Combinations|1342258|sample|3|TRO.11|8301,0.1328,0.409135,4,3,1,0.276448,0.131513,0.383971,0.378446,0.469535,0.580686
130_bNAb_Combinations|1342258|sample|3|TRO.11|8301,0.664,0.0368586,5,3,1,0.01363,0.00210793,0.0403221,0.038466,-0.478504,-0.230026
130_bNAb_Combinations|1342258|sample|3|TRO.11|8301,3.32,0.000988249,6,3,1,0.00962709,0.000587157,0.000658461,0.000650701,0.174696,0.178905
130_bNAb_Combinations|1342258|sample|3|TRO.11|8301,16.6,0.000617656,7,3,1,0.00962702,0.000587066,0.000587198,0.000587067,0.0162166,0.0162866
130_bNAb_Combinations|1342258|sample|3|TRO.11|8301,83,0.0017912,8,3,1,0.00962702,0.000587066,0.000587198,0.000587066,0.641051,0.641127
130_bNAb_Combinations|1342258|sample|4|TRO.11|8301,0.0010624,0.951962,1,4,1,0.893388,0.871933,0.889308,0.888861,0.514555,0.518491
130_bNAb_Combinations|1342258|sample|4|TRO.11|8301,0.005312,0.975433,2,4,1,0.863489,0.792046,0.856632,0.855476,1.01233,1.02353
130_bNAb_Combinations|1342258|sample|4|TRO.11|8301,0.02656,0.81302,3,4,1,0.717625,0.54191,0.737557,0.734095,0.745012,0.782795
130_bNAb_Combinations|1342258|sample|4|TRO.11|8301,0.1328,0.42409,4,4,1,0.276448,0.131513,0.411047,0.403957,0.227838,0.357672
130_bNAb_Combinations|1342258|sample|4|TRO.11|8301,0.664,0.0475286,5,4,1,0.01363,0.00210793,0.0505579,0.0477283,-0.351469,-0.0242384
130_bNAb_Combinations|1342258|sample|4|TRO.11|8301,3.32,0.000586773,6,4,1,0.00962709,0.000587157,0.000711068,0.000694572,-0.0655951,-0.0569563
130_bNAb_Combinations|1342258|sample|4|TRO.11|8301,16.6,0.00101913,7,4,1,0.00962702,0.000587066,0.000587199,0.000587068,0.229975,0.230047
130_bNAb_Combinations|1342258|sample|4|TRO.11|8301,83,0.00205371,8,4,1,0.00962702,0.000587066,0.000587198,0.000587066,0.780817,0.780894
130_bNAb_Combinations|1342258|vc|1|2|TRO.11|8301,0,0.96755,1,2,1,0.900188,0.900189,0.90039,0.900189,0.544881,0.546632
130_bNAb_Combinations|1342258|vc|2|2|TRO.11|8301,0,0.984057,2,2,1,0.900188,0.900189,0.90039,0.900189,0.678803,0.680584
130_bNAb_Combinations|1342258|vc|3|2|TRO.11|8301,0,0.968554,3,2,1,0.900188,0.900189,0.90039,0.900189,0.553024,0.554777
130_bNAb_Combinations|1342258|vc|4|2|TRO.11|8301,0,0.996418,4,2,1,0.900188,0.900189,0.90039,0.900189,0.779088,0.780891
130_bNAb_Combinations|1342258|vc|5|2|TRO.11|8301,0,0.95952,5,2,1,0.900188,0.900189,0.90039,0.900189,0.479736,0.481473
130_bNAb_Combinations|1342258|vc|6|2|TRO.11|8301,0,0.92514,6,2,1,0.900188,0.900189,0.90039,0.900189,0.200805,0.20248
130_bNAb_Combinations|1342258|vc|7|2|TRO.11|8301,0,0.920917,7,2,1,0.900188,0.900189,0.90039,0.900189,0.166541,0.168209
130_bNAb_Combinations|1342258|vc|8|2|TRO.11|8301,0,0.827859,8,2,1,0.900188,0.900189,0.90039,0.900189,-0.588447,-0.586945
130_bNAb_Combinations|1342276|cc|1|1|Ce1176_A3|7023,0,0.00106045,1,1,0,0,0,0,0,0.58948,0.58948
130_bNAb_Combinations|1342276|cc|2|1|Ce1176_A3|7023,0,0.000899371,2,1,0,0,0,0,0,0.499939,0.499939
130_bNAb_Combinations|1342276|cc|3|1|Ce1176_A3|7023,0,0.00139604,3,1,0,0,0,0,0,0.776025,0.776025
130_bNAb_Combinations|1342276|cc|4|1|Ce1176_A3|7023,0,0.000885948,4,1,0,0,0,0,0,0.492477,0.492477
130_bNAb_Combinations|1342276|cc|5|1|Ce1176_A3|7023,0,0.000939641,5,1,0,0,0,0,0,0.522324,0.522324
130_bNAb_Combinations|1342276|cc|6|1|Ce1176_A3|7023,0,0.00115442,6,1,0,0,0,0,0,0.641713,0.641713
130_bNAb_Combinations|1342276|cc|7|1|Ce1176_A3|7023,0,0.00167793,7,1,0,0,0,0,0,0.932722,0.932722
130_bNAb_Combinations|1342276|cc|8|1|Ce1176_A3|7023,0,0.0012618,8,1,0,0,0,0,0,0.701407,0.701407
130_bNAb_Combinations|1342276|sample|3|Ce1176_A3|7023,0.0010624,0.725068,1,3,1,0.893388,0.861631,0.892726,0.892522,-1.37174,-1.37038
130_bNAb_Combinations|1342276|sample|3|Ce1176_A3|7023,0.005312,0.881934,2,3,1,0.863489,0.768732,0.872939,0.872727,0.0752344,0.0770265
130_bNAb_Combinations|1342276|sample|3|Ce1176_A3|7023,0.02656,0.891317,3,3,1,0.717625,0.513604,0.805126,0.80489,0.780667,0.783037
130_bNAb_Combinations|1342276|sample|3|Ce1176_A3|7023,0.1328,0.705718,4,3,1,0.276448,0.134793,0.603665,0.60338,1.22615,1.23014
130_bNAb_Combinations|1342276|sample|3|Ce1176_A3|7023,0.664,0.239233,5,3,1,0.01363,0.00506774,0.226602,0.226366,0.390238,0.397914
130_bNAb_Combinations|1342276|sample|3|Ce1176_A3|7023,3.32,0.012269,6,3,1,0.00962709,0.00214098,0.013809,0.0137795,-0.420547,-0.412954
130_bNAb_Combinations|1342276|sample|3|Ce1176_A3|7023,16.6,0.00138262,7,3,1,0.00962702,0.00213981,0.00215471,0.00215417,-0.369492,-0.369245
130_bNAb_Combinations|1342276|sample|3|Ce1176_A3|7023,83,0.00073829,8,3,1,0.00962702,0.00213981,0.00214029,0.00213981,-0.671559,-0.671351
130_bNAb_Combinations|1342276|sample|4|Ce1176_A3|7023,0.0010624,0.749337,1,4,1,0.893388,0.861631,0.893511,0.893101,-1.17858,-1.17576
130_bNAb_Combinations|1342276|sample|4|Ce1176_A3|7023,0.005312,0.874437,2,4,1,0.863489,0.768732,0.875721,0.874779,-0.0107039,-0.00285631
130_bNAb_Combinations|1342276|sample|4|Ce1176_A3|7023,0.02656,0.920365,3,4,1,0.717625,0.513604,0.814397,0.811721,0.949051,0.97618
130_bNAb_Combinations|1342276|sample|4|Ce1176_A3|7023,0.1328,0.749364,4,4,1,0.276448,0.134793,0.628563,0.621644,1.39511,1.49108
130_bNAb_Combinations|1342276|sample|4|Ce1176_A3|7023,0.664,0.256838,5,4,1,0.01363,0.00506774,0.258929,0.249739,-0.056939,0.20003
130_bNAb_Combinations|1342276|sample|4|Ce1176_A3|7023,3.32,0.0164035,6,4,1,0.00962709,0.00214098,0.0190813,0.017447,-0.612359,-0.251297
130_bNAb_Combinations|1342276|sample|4|Ce1176_A3|7023,16.6,0.000402703,7,4,1,0.00962702,0.00213981,0.00217019,0.00216428,-0.844996,-0.842491
130_bNAb_Combinations|1342276|sample|4|Ce1176_A3|7023,83,0.000617479,8,4,1,0.00962702,0.00213981,0.00214029,0.00213981,-0.729428,-0.729222
130_bNAb_Combinations|1342276|vc|1|2|Ce1176_A3|7023,0,0.763009,1,2,1,0.900188,0.900189,0.90039,0.900189,-1.11459,-1.1132
130_bNAb_Combinations|1342276|vc|2|2|Ce1176_A3|7023,0,0.910553,2,2,1,0.900188,0.900189,0.90039,0.900189,0.0824553,0.0841048
130_bNAb_Combinations|1342276|vc|3|2|Ce1176_A3|7023,0,1,3,2,1,0.900188,0.900189,0.90039,0.900189,0.808152,0.809961
130_bNAb_Combinations|1342276|vc|4|2|Ce1176_A3|7023,0,0.978623,4,2,1,0.900188,0.900189,0.90039,0.900189,0.634719,0.63649
130_bNAb_Combinations|1342276|vc|5|2|Ce1176_A3|7023,0,0.915016,5,2,1,0.900188,0.900189,0.90039,0.900189,0.118667,0.120324
130_bNAb_Combinations|1342276|vc|6|2|Ce1176_A3|7023,0,0.948528,6,2,1,0.900188,0.900189,0.90039,0.900189,0.390551,0.392268
130_bNAb_Combinations|1342276|vc|7|2|Ce1176_A3|7023,0,0.841536,7,2,1,0.900188,0.900189,0.90039,0.900189,-0.477486,-0.47596
130_bNAb_Combinations|1342276|vc|8|2|Ce1176_A3|7023,0,0.749606,8,2,1,0.900188,0.900189,0.90039,0.900189,-1.22333,-1.22197
130_bNAb_Combinations|1342294|cc|1|1|nan|1176,0,0.00986891,1,1,0,0,0,0,0,5.48589,5.48589
130_bNAb_Combinations|1342294|cc|2|1|nan|1176,0,0.00692296,2,1,0,0,0,0,0,3.84831,3.84831
130_bNAb_Combinations|1342294|cc|3|1|nan|1176,0,0.00368243,3,1,0,0,0,0,0,2.04697,2.04697
130_bNAb_Combinations|1342294|cc|4|1|nan|1176,0,0.0107527,4,1,0,0,0,0,0,5.97716,5.97716
130_bNAb_Combinations|1342294|cc|5|1|nan|1176,0,0.000736485,5,1,0,0,0,0,0,0.409395,0.409395
130_bNAb_Combinations|1342294|cc|6|1|nan|1176,0,0,6,1,0,0,0,0,0,0,0
130_bNAb_Combinations|1342294|cc|7|1|nan|1176,0,0.00618648,7,1,0,0,0,0,0,3.43892,3.43892
130_bNAb_Combinations|1342294|cc|8|1|nan|1176,0,0.0048608,8,1,0,0,0,0,0,2.70201,2.70201
130_bNAb_Combinations|1342294|sample|3|nan|1176,0.0010624,0.7384,1,3,1,0.893388,0.812569,0.849132,0.848986,-0.951775,-0.950681
130_bNAb_Combinations|1342294|sample|3|nan|1176,0.005312,0.840477,2,3,1,0.863489,0.658491,0.752316,0.752266,0.853589,0.854131
130_bNAb_Combinations|1342294|sample|3|nan|1176,0.02656,0.51554,3,3,1,0.717625,0.352992,0.522251,0.522378,-0.092891,-0.0946297
130_bNAb_Combinations|1342294|sample|3|nan|1176,0.1328,0.173221,4,3,1,0.276448,0.0653226,0.182779,0.182974,-0.361262,-0.368282
130_bNAb_Combinations|1342294|sample|3|nan|1176,0.664,0.0191486,5,3,1,0.01363,0.00681801,0.016524,0.016555,0.65159,0.643235
130_bNAb_Combinations|1342294|sample|3|nan|1176,3.32,0.00559729,6,3,1,0.00962709,0.00597621,0.00600239,0.00600121,-0.155291,-0.154847
130_bNAb_Combinations|1342294|sample|3|nan|1176,83,0.0050081,8,3,1,0.00962702,0.00597591,0.00597725,0.00597591,-0.371995,-0.371509
130_bNAb_Combinations|1342294|sample|4|nan|1176,0.0010624,0.680071,1,4,1,0.893388,0.812569,0.854541,0.853915,-1.49028,-1.486
130_bNAb_Combinations|1342294|sample|4|nan|1176,0.005312,0.847842,2,4,1,0.863489,0.658491,0.767031,0.765668,0.767671,0.781984
130_bNAb_Combinations|1342294|sample|4|nan|1176,0.02656,0.692444,3,4,1,0.717625,0.352992,0.553357,0.550665,1.81946,1.86352
130_bNAb_Combinations|1342294|sample|4|nan|1176,0.1328,0.216085,4,4,1,0.276448,0.0653226,0.214733,0.211905,0.0439522,0.137582
130_bNAb_Combinations|1342294|sample|4|nan|1176,0.664,0.0187067,5,4,1,0.01363,0.00681801,0.0219045,0.0213738,-0.672687,-0.569629
130_bNAb_Combinations|1342294|sample|4|nan|1176,3.32,0.00456621,6,4,1,0.00962709,0.00597621,0.00603286,0.00602798,-0.561339,-0.559613
130_bNAb_Combinations|1342294|sample|4|nan|1176,16.6,0.00618648,7,4,1,0.00962702,0.00597591,0.00597725,0.00597592,0.0803095,0.0808275
130_bNAb_Combinations|1342294|sample|4|nan|1176,83,0.00265135,8,4,1,0.00962702,0.00597591,0.00597725,0.00597591,-1.27661,-1.27618
130_bNAb_Combinations|1342294|sample|8|nan|1176,16.6,0.00883783,7,8,1,0.00962702,0.00597591,0.00597725,0.00597591,1.098,1.09859
130_bNAb_Combinations|1342294|vc|1|2|nan|1176,0,0.903962,1,2,1,0.900188,0.900189,0.90039,0.900189,0.0289853,0.0306232
130_bNAb_Combinations|1342294|vc|2|2|nan|1176,0,0.772868,2,2,1,0.900188,0.900189,0.90039,0.900189,-1.0346,-1.0332
130_bNAb_Combinations|1342294|vc|3|2|nan|1176,0,0.798792,3,2,1,0.900188,0.900189,0.90039,0.900189,-0.824274,-0.822824
130_bNAb_Combinations|1342294|vc|4|2|nan|1176,0,1,4,2,1,0.900188,0.900189,0.90039,0.900189,0.808152,0.809961
130_bNAb_Combinations|1342294|vc|5|2|nan|1176,0,0.928708,5,2,1,0.900188,0.900189,0.90039,0.900189,0.229752,0.231434
130_bNAb_Combinations|1342294|vc|6|2|nan|1176,0,0.843276,6,2,1,0.900188,0.900189,0.90039,0.900189,-0.463372,-0.461842
130_bNAb_Combinations|1342294|vc|7|2|nan|1176,0,0.868906,7,2,1,0.900188,0.900189,0.90039,0.900189,-0.255434,-0.253859
130_bNAb_Combinations|1342294|vc|8|2|nan|1176,0,0.751657,8,2,1,0.900188,0.900189,0.90039,0.900189,-1.20669,-1.20532
130_bNAb_Combinations|1342312|cc|1|1|RHPA4259.7|5371,0,0.00173044,1,1,0,0,0,0,0,0.96191,0.96191
130_bNAb_Combinations|1342312|cc|2|1|RHPA4259.7|5371,0,0.00228271,2,1,0,0,0,0,0,1.2689,1.2689
130_bNAb_Combinations|1342312|cc|3|1|RHPA4259.7|5371,0,0.00237475,3,1,0,0,0,0,0,1.32007,1.32007
130_bNAb_Combinations|1342312|cc|4|1|RHPA4259.7|5371,0,0.00189612,4,1,0,0,0,0,0,1.05401,1.05401
130_bNAb_Combinations|1342312|cc|5|1|RHPA4259.7|5371,0,0.00136226,5,1,0,0,0,0,0,0.757248,0.757248
130_bNAb_Combinations|1342312|cc|6|1|RHPA4259.7|5371,0,0.00187771,6,1,0,0,0,0,0,1.04377,1.04377
130_bNAb_Combinations|1342312|cc|7|1|RHPA4259.7|5371,0,0.00250361,7,1,0,0,0,0,0,1.3917,1.3917
130_bNAb_Combinations|1342312|cc|8|1|RHPA4259.7|5371,0,0.0020618,8,1,0,0,0,0,0,1.14611,1.14611
130_bNAb_Combinations|1342312|sample|3|RHPA4259.7|5371,0.0010624,0.763952,1,3,1,0.893388,0.814574,0.837506,0.836756,-0.640862,-0.634884
130_bNAb_Combinations|1342312|sample|3|RHPA4259.7|5371,0.005312,0.818875,2,3,1,0.863489,0.656116,0.715675,0.713998,1.04942,1.06893
130_bNAb_Combinations|1342312|sample|3|RHPA4259.7|5371,0.02656,0.538378,3,3,1,0.717625,0.336306,0.438514,0.43556,1.63841,1.69795
130_bNAb_Combinations|1342312|sample|3|RHPA4259.7|5371,0.1328,0.0814411,4,3,1,0.276448,0.0483557,0.102226,0.100303,-1.33332,-1.23047
130_bNAb_Combinations|1342312|sample|3|RHPA4259.7|5371,0.664,0.00397633,5,3,1,0.01363,0.000406207,0.00223558,0.00213677,0.828716,0.881349
130_bNAb_Combinations|1342312|sample|3|RHPA4259.7|5371,3.32,0.00173044,6,3,1,0.00962709,2.10486e-05,2.18094e-05,2.17421e-05,0.948236,0.948278
130_bNAb_Combinations|1342312|sample|3|RHPA4259.7|5371,16.6,0.00147271,7,3,1,0.00962702,2.10095e-05,2.10142e-05,2.10095e-05,0.805696,0.805698
130_bNAb_Combinations|1342312|sample|3|RHPA4259.7|5371,83,0.0012334,8,3,1,0.00962702,2.10095e-05,2.10142e-05,2.10095e-05,0.672875,0.672878
130_bNAb_Combinations|1342312|sample|4|RHPA4259.7|5371,0.0010624,0.732077,1,4,1,0.893388,0.814574,0.833492,0.833301,-0.887793,-0.886326
130_bNAb_Combinations|1342312|sample|4|RHPA4259.7|5371,0.005312,0.824591,2,4,1,0.863489,0.656116,0.704917,0.704748,1.23517,1.2372
130_bNAb_Combinations|1342312|sample|4|RHPA4259.7|5371,0.02656,0.536592,3,4,1,0.717625,0.336306,0.418553,0.418439,2.02609,2.02858
130_bNAb_Combinations|1342312|sample|4|RHPA4259.7|5371,0.1328,0.0694384,4,4,1,0.276448,0.0483557,0.0894593,0.0894268,-1.44382,-1.44194
130_bNAb_Combinations|1342312|sample|4|RHPA4259.7|5371,0.664,0.00323997,5,4,1,0.01363,0.000406207,0.00162736,0.00162647,0.798919,0.799411
130_bNAb_Combinations|1342312|sample|4|RHPA4259.7|5371,3.32,0.00138067,6,4,1,0.00962709,2.10486e-05,2.14619e-05,2.14569e-05,0.754337,0.75434
130_bNAb_Combinations|1342312|sample|4|RHPA4259.7|5371,16.6,0.00134385,7,4,1,0.00962702,2.10095e-05,2.10142e-05,2.10095e-05,0.734177,0.73418
130_bNAb_Combinations|1342312|sample|4|RHPA4259.7|5371,83,0.00163839,8,4,1,0.00962702,2.10095e-05,2.10142e-05,2.10095e-05,0.897648,0.897651
130_bNAb_Combinations|1342312|vc|1|2|RHPA4259.7|5371,0,0.805648,1,2,1,0.900188,0.900188,0.900389,0.900188,-0.768651,-0.767189
130_bNAb_Combinations|1342312|vc|2|2|RHPA4259.7|5371,0,0.988964,2,2,1,0.900188,0.900188,0.900389,0.900188,0.718616,0.720406
130_bNAb_Combinations|1342312|vc|3|2|RHPA4259.7|5371,0,0.95037,3,2,1,0.900188,0.900188,0.900389,0.900188,0.405495,0.407216
130_bNAb_Combinations|1342312|vc|4|2|RHPA4259.7|5371,0,0.951677,4,2,1,0.900188,0.900188,0.900389,0.900188,0.4161,0.417822
130_bNAb_Combinations|1342312|vc|5|2|RHPA4259.7|5371,0,1,5,2,1,0.900188,0.900188,0.900389,0.900188,0.808154,0.809963
130_bNAb_Combinations|1342312|vc|6|2|RHPA4259.7|5371,0,0.952339,6,2,1,0.900188,0.900188,0.900389,0.900188,0.421476,0.4232
130_bNAb_Combinations|1342312|vc|7|2|RHPA4259.7|5371,0,0.995186,7,2,1,0.900188,0.900188,0.900389,0.900188,0.769098,0.770898
130_bNAb_Combinations|1342312|vc|8|2|RHPA4259.7|5371,0,0.750412,8,2,1,0.900188,0.900188,0.900389,0.900188,-1.21679,-1.21542
130_bNAb_Combinations|1342336|cc|1|1|nan|3430,0,0,1,1,0,0,0,0,0,0,0
130_bNAb_Combinations|1342336|cc|2|1|nan|3430,0,0,2,1,0,0,0,0,0,0,0
130_bNAb_Combinations|1342336|cc|3|1|nan|3430,0,0.00041405,3,1,0,0,0,0,0,0.230161,0.230161
130_bNAb_Combinations|1342336|cc|4|1|nan|3430,0,0.00119614,4,1,0,0,0,0,0,0.664909,0.664909
130_bNAb_Combinations|1342336|cc|5|1|nan|3430,0,0.00174821,5,1,0,0,0,0,0,0.971789,0.971789
130_bNAb_Combinations|1342336|cc|6|1|nan|3430,0,0.00207025,6,1,0,0,0,0,0,1.1508,1.1508
130_bNAb_Combinations|1342336|cc|7|1|nan|3430,0,0.00110413,7,1,0,0,0,0,0,0.613762,0.613762
130_bNAb_Combinations|1342336|cc|8|1|nan|3430,0,0.0016562,8,1,0,0,0,0,0,0.920643,0.920643
130_bNAb_Combinations|1342336|sample|3|nan|3430,0.0010624,0.85338,1,3,1,0.893388,0.828662,0.853544,0.852521,-0.0014,0.00735396
130_bNAb_Combinations|1342336|sample|3|nan|3430,0.005312,0.846134,2,3,1,0.863489,0.68938,0.757615,0.755073,0.851173,0.878504
130_bNAb_Combinations|1342336|sample|3|nan|3430,0.02656,0.598923,3,3,1,0.717625,0.386452,0.518513,0.513308,1.1208,1.20514
130_bNAb_Combinations|1342336|sample|3|nan|3430,0.1328,0.155913,4,3,1,0.276448,0.0707973,0.163701,0.158997,-0.326129,-0.132666
130_bNAb_Combinations|1342336|sample|3|nan|3430,0.664,0.00768293,5,3,1,0.01363,0.00277402,0.00873498,0.00824717,-0.353361,-0.193799
130_bNAb_Combinations|1342336|sample|3|nan|3430,16.6,0.00115014,7,3,1,0.00962702,0.00189255,0.00189297,0.00189255,-0.361595,-0.361399
130_bNAb_Combinations|1342336|sample|3|nan|3430,83,0.00276033,8,3,1,0.00962702,0.00189255,0.00189297,0.00189255,0.422217,0.422434
130_bNAb_Combinations|1342336|sample|4|nan|3430,0.0010624,0.773193,1,4,1,0.893388,0.828662,0.854935,0.853737,-0.697902,-0.688627
130_bNAb_Combinations|1342336|sample|4|nan|3430,0.005312,0.819405,2,4,1,0.863489,0.68938,0.761591,0.758541,0.553063,0.584546
130_bNAb_Combinations|1342336|sample|4|nan|3430,0.02656,0.59009,3,4,1,0.717625,0.386452,0.527129,0.52076,0.863601,0.962295
130_bNAb_Combinations|1342336|sample|4|nan|3430,0.1328,0.181814,4,4,1,0.276448,0.0707973,0.171828,0.165865,0.399786,0.659774
130_bNAb_Combinations|1342336|sample|4|nan|3430,0.664,0.00570469,5,4,1,0.01363,0.00277402,0.0096375,0.0089702,-1.26905,-1.08525
130_bNAb_Combinations|1342336|sample|4|nan|3430,3.32,0.000966117,6,4,1,0.00962709,0.00189275,0.00190239,0.0019005,-0.45548,-0.454613
130_bNAb_Combinations|1342336|sample|4|nan|3430,16.6,0.0008281,7,4,1,0.00962702,0.00189255,0.00189297,0.00189255,-0.518357,-0.518166
130_bNAb_Combinations|1342336|sample|4|nan|3430,83,0.00289835,8,4,1,0.00962702,0.00189255,0.00189297,0.00189255,0.489401,0.48962
130_bNAb_Combinations|1342336|sample|5|nan|3430,3.32,0.00156419,6,5,1,0.00962709,0.00189275,0.00189297,0.00189275,-0.160043,-0.159938
130_bNAb_Combinations|1342336|vc|1|2|nan|3430,0,0.92255,1,2,1,0.900188,0.900188,0.900389,0.900188,0.179788,0.181459
130_bNAb_Combinations|1342336|vc|2|2|nan|3430,0,0.992179,2,2,1,0.900188,0.900188,0.900389,0.900188,0.744701,0.746497
130_bNAb_Combinations|1342336|vc|3|2|nan|3430,0,1,3,2,1,0.900188,0.900188,0.900389,0.900188,0.808154,0.809963
130_bNAb_Combinations|1342336|vc|4|2|nan|3430,0,0.999402,4,2,1,0.900188,0.900188,0.900389,0.900188,0.803301,0.80511
130_bNAb_Combinations|1342336|vc|5|2|nan|3430,0,0.95802,5,2,1,0.900188,0.900188,0.900389,0.900188,0.467564,0.469298
130_bNAb_Combinations|1342336|vc|6|2|nan|3430,0,0.951441,6,2,1,0.900188,0.900188,0.900389,0.900188,0.414189,0.415911
130_bNAb_Combinations|1342336|vc|7|2|nan|3430,0,0.88701,7,2,1,0.900188,0.900188,0.900389,0.900188,-0.108547,-0.106939
130_bNAb_Combinations|1342336|vc|8|2|nan|3430,0,0.926598,8,2,1,0.900188,0.900188,0.900389,0.900188,0.212634,0.214312
130_bNAb_Combinations|1342348|cc|1|1|nan|4166,0,0.000451154,1,1,0,0,0,0,0,0.250786,0.250786
130_bNAb_Combinations|1342348|cc|2|1|nan|4166,0,0.000773408,2,1,0,0,0,0,0,0.429919,0.429919
130_bNAb_Combinations|1342348|cc|3|1|nan|4166,0,0.00125679,3,1,0,0,0,0,0,0.698618,0.698618
130_bNAb_Combinations|1342348|cc|4|1|nan|4166,0,0.00128901,4,1,0,0,0,0,0,0.716532,0.716532
130_bNAb_Combinations|1342348|cc|5|1|nan|4166,0,0.000998985,5,1,0,0,0,0,0,0.555312,0.555312
130_bNAb_Combinations|1342348|cc|6|1|nan|4166,0,0.000773408,6,1,0,0,0,0,0,0.429919,0.429919
130_bNAb_Combinations|1342348|cc|7|1|nan|4166,0,0.000386704,7,1,0,0,0,0,0,0.214959,0.214959
130_bNAb_Combinations|1342348|cc|8|1|nan|4166,0,0.000644506,8,1,0,0,0,0,0,0.358266,0.358266
130_bNAb_Combinations|1342348|sample|3|nan|4166,0.0010624,0.836295,1,3,1,0.893388,0.857803,0.839542,0.840046,-0.0282172,-0.0325782
130_bNAb_Combinations|1342348|sample|3|nan|4166,0.005312,0.838358,2,3,1,0.863489,0.758336,0.702529,0.704409,1.40658,1.38348
130_bNAb_Combinations|1342348|sample|3|nan|4166,0.02656,0.39555,3,3,1,0.717625,0.493552,0.380227,0.383879,0.288619,0.217815
130_bNAb_Combinations|1342348|sample|3|nan|4166,0.1328,0.0558787,4,3,1,0.276448,0.120891,0.0547843,0.0563732,0.1191,-0.0525898
130_bNAb_Combinations|1342348|sample|3|nan|4166,0.664,0.00054783,5,3,1,0.01363,0.00337216,0.00138697,0.00141058,-0.422517,-0.43371
130_bNAb_Combinations|1342348|sample|3|nan|4166,3.32,0,6,3,1,0.00962709,0.00103882,0.00103831,0.00103809,-0.535483,-0.535373
130_bNAb_Combinations|1342348|sample|3|nan|4166,16.6,0.000515605,7,3,1,0.00962702,0.00103805,0.00103828,0.00103805,-0.269556,-0.26944
130_bNAb_Combinations|1342348|sample|3|nan|4166,83,0.000676732,8,3,1,0.00962702,0.00103805,0.00103828,0.00103805,-0.186459,-0.186342
130_bNAb_Combinations|1342348|sample|4|nan|4166,0.0010624,0.820247,1,4,1,0.893388,0.857803,0.83885,0.835779,-0.161825,-0.135603
130_bNAb_Combinations|1342348|sample|4|nan|4166,0.005312,0.753734,2,4,1,0.863489,0.758336,0.700495,0.691912,0.552893,0.649841
130_bNAb_Combinations|1342348|sample|4|nan|4166,0.02656,0.405797,3,4,1,0.717625,0.493552,0.376524,0.361396,0.556623,0.878374
130_bNAb_Combinations|1342348|sample|4|nan|4166,0.1328,0.0446321,4,4,1,0.276448,0.120891,0.0532311,0.0472415,-0.957626,-0.319326
130_bNAb_Combinations|1342348|sample|4|nan|4166,0.664,0.00161127,5,4,1,0.01363,0.00337216,0.00136468,0.00128673,0.124345,0.164528
130_bNAb_Combinations|1342348|sample|4|nan|4166,3.32,0.000934534,6,4,1,0.00962709,0.00103882,0.00103831,0.00103807,-0.0535198,-0.0533956
130_bNAb_Combinations|1342348|sample|4|nan|4166,16.6,0.00174017,7,4,1,0.00962702,0.00103805,0.00103828,0.00103805,0.361981,0.362106
130_bNAb_Combinations|1342348|sample|4|nan|4166,83,0.00157904,8,4,1,0.00962702,0.00103805,0.00103828,0.00103805,0.278884,0.279008
130_bNAb_Combinations|1342348|vc|1|2|nan|4166,0,0.800445,1,2,1,0.900188,0.900189,0.90039,0.900189,-0.810867,-0.809414
130_bNAb_Combinations|1342348|vc|2|2|nan|4166,0,0.905725,2,2,1,0.900188,0.900189,0.90039,0.900189,0.0432843,0.0449253
130_bNAb_Combinations|1342348|vc|3|2|nan|4166,0,1,3,2,1,0.900188,0.900189,0.90039,0.900189,0.808151,0.809961
130_bNAb_Combinations|1342348|vc|4|2|nan|4166,0,0.920162,4,2,1,0.900188,0.900189,0.90039,0.900189,0.160413,0.16208
130_bNAb_Combinations|1342348|vc|5|2|nan|4166,0,0.841097,5,2,1,0.900188,0.900189,0.90039,0.900189,-0.48105,-0.479525
130_bNAb_Combinations|1342348|vc|6|2|nan|4166,0,0.905435,6,2,1,0.900188,0.900189,0.90039,0.900189,0.0409313,0.0425717
130_bNAb_Combinations|1342348|vc|7|2|nan|4166,0,0.801959,7,2,1,0.900188,0.900189,0.90039,0.900189,-0.798579,-0.797124
130_bNAb_Combinations|1342348|vc|8|2|nan|4166,0,0.723716,8,2,1,0.900188,0.900189,0.90039,0.900189,-1.43338,-1.43206
130_bNAb_Combinations|1342372|cc|1|1|nan|2944,0,0.00214128,1,1,0,0,0,0,0,1.19029,1.19029
130_bNAb_Combinations|1342372|cc|2|1|nan|2944,0,0.00406844,2,1,0,0,0,0,0,2.26155,2.26155
130_bNAb_Combinations|1342372|cc|3|1|nan|2944,0,0.00282649,3,1,0,0,0,0,0,1.57118,1.57118
130_bNAb_Combinations|1342372|cc|4|1|nan|2944,0,0.00355453,4,1,0,0,0,0,0,1.97588,1.97588
130_bNAb_Combinations|1342372|cc|5|1|nan|2944,0,0.00321192,5,1,0,0,0,0,0,1.78543,1.78543
130_bNAb_Combinations|1342372|cc|6|1|nan|2944,0,0.0020128,6,1,0,0,0,0,0,1.11887,1.11887
130_bNAb_Combinations|1342372|cc|7|1|nan|2944,0,0.00111347,7,1,0,0,0,0,0,0.61895,0.61895
130_bNAb_Combinations|1342372|cc|8|1|nan|2944,0,0.000642385,8,1,0,0,0,0,0,0.357086,0.357086
130_bNAb_Combinations|1342372|sample|3|nan|2944,0.0010624,0.787264,1,3,1,0.893388,0.753659,0.859968,0.859587,-0.61716,-0.614195
130_bNAb_Combinations|1342372|sample|3|nan|2944,0.005312,0.896555,2,3,1,0.863489,0.535754,0.786586,0.785903,1.01913,1.02632
130_bNAb_Combinations|1342372|sample|3|nan|2944,0.02656,0.630907,3,3,1,0.717625,0.203177,0.606216,0.604947,0.295438,0.311264
130_bNAb_Combinations|1342372|sample|3|nan|2944,0.1328,0.303313,4,3,1,0.276448,0.0154961,0.287357,0.285776,0.393373,0.434633
130_bNAb_Combinations|1342372|sample|3|nan|2944,0.664,0.0365731,5,3,1,0.01363,0.000271305,0.037708,0.0371813,-0.164831,-0.0892484
130_bNAb_Combinations|1342372|sample|3|nan|2944,3.32,0.00179868,6,3,1,0.00962709,0.000232557,0.000504704,0.000496252,0.69306,0.698013
130_bNAb_Combinations|1342372|sample|3|nan|2944,16.6,0.000942164,7,3,1,0.00962702,0.000232556,0.000232627,0.000232574,0.387653,0.387683
130_bNAb_Combinations|1342372|sample|3|nan|2944,83,0.0014989,8,3,1,0.00962702,0.000232556,0.000232608,0.000232556,0.691833,0.691864
130_bNAb_Combinations|1342372|sample|4|nan|2944,0.0010624,0.711912,1,4,1,0.893388,0.753659,0.856816,0.855882,-1.2345,-1.22786
130_bNAb_Combinations|1342372|sample|4|nan|2944,0.005312,0.776814,2,4,1,0.863489,0.535754,0.778158,0.776008,-0.0125852,0.00756789
130_bNAb_Combinations|1342372|sample|4|nan|2944,0.02656,0.656731,3,4,1,0.717625,0.203177,0.587543,0.583093,0.853586,0.915271
130_bNAb_Combinations|1342372|sample|4|nan|2944,0.1328,0.279309,4,4,1,0.276448,0.0154961,0.263072,0.257602,0.435473,0.593912
130_bNAb_Combinations|1342372|sample|4|nan|2944,0.664,0.0268517,5,4,1,0.01363,0.000271305,0.0299631,0.0283872,-0.532697,-0.272833
130_bNAb_Combinations|1342372|sample|4|nan|2944,3.32,0.00239824,6,4,1,0.00962709,0.000232557,0.000395415,0.000377043,1.08126,1.09264
130_bNAb_Combinations|1342372|sample|4|nan|2944,16.6,0.00145607,7,4,1,0.00962702,0.000232556,0.000232616,0.000232563,0.668431,0.668463
130_bNAb_Combinations|1342372|sample|4|nan|2944,83,0.0033404,8,4,1,0.00962702,0.000232556,0.000232608,0.000232556,1.69793,1.69797
130_bNAb_Combinations|1342372|vc|1|2|nan|2944,0,0.866191,1,2,1,0.900188,0.900188,0.90039,0.900188,-0.277455,-0.275884
130_bNAb_Combinations|1342372|vc|2|2|nan|2944,0,0.961949,2,2,1,0.900188,0.900188,0.90039,0.900188,0.499444,0.501185
130_bNAb_Combinations|1342372|vc|3|2|nan|2944,0,0.934862,3,2,1,0.900188,0.900188,0.90039,0.900188,0.279682,0.281375
130_bNAb_Combinations|1342372|vc|4|2|nan|2944,0,1,4,2,1,0.900188,0.900188,0.90039,0.900188,0.808153,0.809963
130_bNAb_Combinations|1342372|vc|5|2|nan|2944,0,0.921672,5,2,1,0.900188,0.900188,0.90039,0.900188,0.172667,0.174336
130_bNAb_Combinations|1342372|vc|6|2|nan|2944,0,0.914177,6,2,1,0.900188,0.900188,0.90039,0.900188,0.111863,0.113519
130_bNAb_Combinations|1342372|vc|7|2|nan|2944,0,0.942057,7,2,1,0.900188,0.900188,0.90039,0.900188,0.338053,0.339759
130_bNAb_Combinations|1342372|vc|8|2|nan|2944,0,0.751547,8,2,1,0.900188,0.900188,0.90039,0.900188,-1.20758,-1.20621
130_bNAb_Combinations|1342384|cc|1|1|nan|2946,0,0.000377127,1,1,0,0,0,0,0,0.209636,0.209636
130_bNAb_Combinations|1342384|cc|2|1|nan|2946,0,0.0014378,2,1,0,0,0,0,0,0.799238,0.799238
130_bNAb_Combinations|1342384|cc|3|1|nan|2946,0,0.00120209,3,1,0,0,0,0,0,0.668215,0.668215
130_bNAb_Combinations|1342384|cc|4|1|nan|2946,0,0.0012728,4,1,0,0,0,0,0,0.707522,0.707522
130_bNAb_Combinations|1342384|cc|5|1|nan|2946,0,0.000966389,5,1,0,0,0,0,0,0.537192,0.537192
130_bNAb_Combinations|1342384|cc|6|1|nan|2946,0,0.00162636,6,1,0,0,0,0,0,0.904056,0.904056
130_bNAb_Combinations|1342384|cc|7|1|nan|2946,0,0.000848536,7,1,0,0,0,0,0,0.471681,0.471681
130_bNAb_Combinations|1342384|cc|8|1|nan|2946,0,0.00219205,8,1,0,0,0,0,0,1.21851,1.21851
130_bNAb_Combinations|1342384|sample|3|nan|2946,0.0010624,0.852284,1,3,1,0.893388,0.84499,0.895,0.894754,-0.348619,-0.346704
130_bNAb_Combinations|1342384|sample|3|nan|2946,0.005312,0.967355,2,3,1,0.863489,0.723629,0.881833,0.881478,0.708235,0.711456
130_bNAb_Combinations|1342384|sample|3|nan|2946,0.02656,0.934439,3,3,1,0.717625,0.428686,0.837716,0.83701,0.842515,0.849368
130_bNAb_Combinations|1342384|sample|3|nan|2946,0.1328,0.7873,4,3,1,0.276448,0.0820248,0.702132,0.700487,0.882459,0.901567
130_bNAb_Combinations|1342384|sample|3|nan|2946,0.664,0.423797,5,3,1,0.01363,0.00262927,0.387692,0.384897,0.667414,0.724117
130_bNAb_Combinations|1342384|sample|3|nan|2946,3.32,0.0580305,6,3,1,0.00962709,0.00175913,0.0609127,0.0596654,-0.287769,-0.166031
130_bNAb_Combinations|1342384|sample|3|nan|2946,16.6,0.00157922,7,3,1,0.00962702,0.00175903,0.00217895,0.00215821,-0.286557,-0.277018
130_bNAb_Combinations|1342384|sample|3|nan|2946,83,0.00113138,8,3,1,0.00962702,0.00175903,0.00175945,0.00175906,-0.308437,-0.308251
130_bNAb_Combinations|1342384|sample|4|nan|2946,0.0010624,0.86071,1,4,1,0.893388,0.84499,0.895269,0.894967,-0.281956,-0.279589
130_bNAb_Combinations|1342384|sample|4|nan|2946,0.005312,0.945269,2,4,1,0.863489,0.723629,0.882751,0.882206,0.517207,0.522029
130_bNAb_Combinations|1342384|sample|4|nan|2946,0.02656,0.912624,3,4,1,0.717625,0.428686,0.840735,0.839403,0.623989,0.636538
130_bNAb_Combinations|1342384|sample|4|nan|2946,0.1328,0.777,4,4,1,0.276448,0.0820248,0.710832,0.707367,0.677347,0.716245
130_bNAb_Combinations|1342384|sample|4|nan|2946,0.664,0.449052,5,4,1,0.01363,0.00262927,0.403822,0.397544,0.803766,0.929329
130_bNAb_Combinations|1342384|sample|4|nan|2946,3.32,0.0637345,6,4,1,0.00962709,0.00175913,0.0686563,0.0655889,-0.444997,-0.174182
130_bNAb_Combinations|1342384|sample|4|nan|2946,16.6,0.000824966,7,4,1,0.00962702,0.00175903,0.00232067,0.00226123,-0.708193,-0.682637
130_bNAb_Combinations|1342384|sample|4|nan|2946,83,0.00122566,8,4,1,0.00962702,0.00175903,0.00175947,0.00175907,-0.262146,-0.261956
130_bNAb_Combinations|1342384|vc|1|2|nan|2946,0,0.93029,1,2,1,0.900188,0.900186,0.900387,0.900186,0.242613,0.244298
130_bNAb_Combinations|1342384|vc|2|2|nan|2946,0,0.910809,2,2,1,0.900188,0.900186,0.900387,0.900186,0.084561,0.0862107
130_bNAb_Combinations|1342384|vc|3|2|nan|2946,0,1,3,2,1,0.900188,0.900186,0.900387,0.900186,0.808179,0.809987
130_bNAb_Combinations|1342384|vc|4|2|nan|2946,0,0.996582,4,2,1,0.900188,0.900186,0.900387,0.900186,0.78045,0.782253
130_bNAb_Combinations|1342384|vc|5|2|nan|2946,0,0.999953,5,2,1,0.900188,0.900186,0.900387,0.900186,0.807796,0.809605
130_bNAb_Combinations|1342384|vc|6|2|nan|2946,0,0.889549,6,2,1,0.900188,0.900186,0.900387,0.900186,-0.0879292,-0.0863174
130_bNAb_Combinations|1342384|vc|7|2|nan|2946,0,0.878541,7,2,1,0.900188,0.900186,0.900387,0.900186,-0.177234,-0.175642
130_bNAb_Combinations|1342384|vc|8|2|nan|2946,0,0.78624,8,2,1,0.900188,0.900186,0.900387,0.900186,-0.926094,-0.924667
130_bNAb_Combinations|1342396|cc|1|1|PVO.4|5024,0,0.000406233,1,1,0,0,0,0,0,0.225816,0.225816
130_bNAb_Combinations|1342396|cc|2|1|PVO.4|5024,0,0.00130897,2,1,0,0,0,0,0,0.727628,0.727628
130_bNAb_Combinations|1342396|cc|3|1|PVO.4|5024,0,0.00155723,3,1,0,0,0,0,0,0.865626,0.865626
130_bNAb_Combinations|1342396|cc|4|1|PVO.4|5024,0,0.000835035,4,1,0,0,0,0,0,0.464176,0.464176
130_bNAb_Combinations|1342396|cc|5|1|PVO.4|5024,0,0.000654487,5,1,0,0,0,0,0,0.363814,0.363814
130_bNAb_Combinations|1342396|cc|6|1|PVO.4|5024,0,0.000631919,6,1,0,0,0,0,0,0.351269,0.351269
130_bNAb_Combinations|1342396|cc|7|1|PVO.4|5024,0,0.000880172,7,1,0,0,0,0,0,0.489267,0.489267
130_bNAb_Combinations|1342396|cc|8|1|PVO.4|5024,0,0.00139925,8,1,0,0,0,0,0,0.777809,0.777809
130_bNAb_Combinations|1342396|sample|3|PVO.4|5024,0.0010624,0.997833,1,3,1,0.893388,0.831609,0.880974,0.880517,0.968682,0.972961
130_bNAb_Combinations|1342396|sample|3|PVO.4|5024,0.005312,0.936549,2,3,1,0.863489,0.687755,0.835837,0.834812,0.8792,0.889226
130_bNAb_Combinations|1342396|sample|3|PVO.4|5024,0.02656,0.845349,3,3,1,0.717625,0.36574,0.699263,0.696739,1.51974,1.55149
130_bNAb_Combinations|1342396|sample|3|PVO.4|5024,0.1328,0.395513,4,3,1,0.276448,0.0507419,0.386002,0.381642,0.176564,0.260354
130_bNAb_Combinations|1342396|sample|3|PVO.4|5024,0.664,0.0558345,5,3,1,0.01363,0.000326751,0.0596253,0.0576473,-0.385156,-0.189314
130_bNAb_Combinations|1342396|sample|3|PVO.4|5024,3.32,0.00187319,6,3,1,0.00962709,6.58508e-05,0.000451145,0.000420883,0.764614,0.782603
130_bNAb_Combinations|1342396|sample|3|PVO.4|5024,16.6,0.000383665,7,3,1,0.00962702,6.58432e-05,6.58726e-05,6.5856e-05,0.175785,0.175794
130_bNAb_Combinations|1342396|sample|3|PVO.4|5024,83,4.5137e-05,8,3,1,0.00962702,6.58432e-05,6.58579e-05,6.58432e-05,-0.0114616,-0.0114535
130_bNAb_Combinations|1342396|sample|4|PVO.4|5024,0.0010624,1,1,4,1,0.893388,0.831609,0.882339,0.882484,0.973841,0.972482
130_bNAb_Combinations|1342396|sample|4|PVO.4|5024,0.005312,0.917851,2,4,1,0.863489,0.687755,0.840257,0.841181,0.673871,0.665135
130_bNAb_Combinations|1342396|sample|4|PVO.4|5024,0.02656,0.813708,3,4,1,0.717625,0.36574,0.711839,0.714866,1.04137,1.00622
130_bNAb_Combinations|1342396|sample|4|PVO.4|5024,0.1328,0.442377,4,4,1,0.276448,0.0507419,0.409306,0.415282,0.580066,0.468625
130_bNAb_Combinations|1342396|sample|4|PVO.4|5024,0.664,0.0734831,5,4,1,0.01363,0.000326751,0.0711884,0.0744283,0.201255,-0.0798404
130_bNAb_Combinations|1342396|sample|4|PVO.4|5024,3.32,0.000744761,6,4,1,0.00962709,6.58508e-05,0.000661495,0.000731347,0.0440984,0.00706896
130_bNAb_Combinations|1342396|sample|4|PVO.4|5024,16.6,0,7,4,1,0.00962702,6.58432e-05,6.58893e-05,6.58815e-05,-0.0364463,-0.0364419
130_bNAb_Combinations|1342396|sample|4|PVO.4|5024,83,0.00128641,8,4,1,0.00962702,6.58432e-05,6.58579e-05,6.58432e-05,0.67514,0.675148
130_bNAb_Combinations|1342396|vc|1|2|PVO.4|5024,0,0.943804,1,2,1,0.900188,0.900188,0.900389,0.900188,0.352232,0.353941
130_bNAb_Combinations|1342396|vc|2|2|PVO.4|5024,0,0.908609,2,2,1,0.900188,0.900188,0.900389,0.900188,0.0666853,0.0683314
130_bNAb_Combinations|1342396|vc|3|2|PVO.4|5024,0,0.910922,3,2,1,0.900188,0.900188,0.900389,0.900188,0.0854532,0.0871034
130_bNAb_Combinations|1342396|vc|4|2|PVO.4|5024,0,0.912705,4,2,1,0.900188,0.900188,0.900389,0.900188,0.0999182,0.101572
130_bNAb_Combinations|1342396|vc|5|2|PVO.4|5024,0,0.907345,5,2,1,0.900188,0.900188,0.900389,0.900188,0.0564316,0.0580755
130_bNAb_Combinations|1342396|vc|6|2|PVO.4|5024,0,0.878886,6,2,1,0.900188,0.900188,0.900389,0.900188,-0.174459,-0.172866
130_bNAb_Combinations|1342396|vc|7|2|PVO.4|5024,0,0.860549,7,2,1,0.900188,0.900188,0.900389,0.900188,-0.323229,-0.321669
130_bNAb_Combinations|1342396|vc|8|2|PVO.4|5024,0,0.761022,8,2,1,0.900188,0.900188,0.900389,0.900188,-1.13071,-1.12932
130_bNAb_Combinations|1342408|cc|1|1|nan|4168,0,0.0014393,1,1,0,0,0,0,0,0.800073,0.800073
130_bNAb_Combinations|1342408|cc|2|1|nan|4168,0,0.0014393,2,1,0,0,0,0,0,0.800073,0.800073
130_bNAb_Combinations|1342408|cc|3|1|nan|4168,0,0.000729786,3,1,0,0,0,0,0,0.405671,0.405671
130_bNAb_Combinations|1342408|cc|4|1|nan|4168,0,0.00152039,4,1,0,0,0,0,0,0.845148,0.845148
130_bNAb_Combinations|1342408|cc|5|1|nan|4168,0,0.000973049,5,1,0,0,0,0,0,0.540895,0.540895
130_bNAb_Combinations|1342408|cc|6|1|nan|4168,0,0.00105414,6,1,0,0,0,0,0,0.585969,0.585969
130_bNAb_Combinations|1342408|cc|7|1|nan|4168,0,0.00154066,7,1,0,0,0,0,0,0.856417,0.856417
130_bNAb_Combinations|1342408|cc|8|1|nan|4168,0,0.00145957,8,1,0,0,0,0,0,0.811342,0.811342
130_bNAb_Combinations|1342408|sample|3|nan|4168,0.0010624,0.884744,1,3,1,0.893388,0.741589,0.899141,0.898886,-0.116965,-0.114921
130_bNAb_Combinations|1342408|sample|3|nan|4168,0.005312,0.890796,2,3,1,0.863489,0.524012,0.836211,0.835032,0.476303,0.487273
130_bNAb_Combinations|1342408|sample|3|nan|4168,0.02656,0.776077,3,3,1,0.717625,0.233241,0.700397,0.697508,0.786056,0.819373
130_bNAb_Combinations|1342408|sample|3|nan|4168,0.1328,0.462381,4,3,1,0.276448,0.0428559,0.457669,0.452903,0.0741615,0.150694
130_bNAb_Combinations|1342408|sample|3|nan|4168,0.664,0.16701,5,3,1,0.01363,0.00689825,0.172226,0.168175,-0.208399,-0.0475895
130_bNAb_Combinations|1342408|sample|3|nan|4168,3.32,0.0252587,6,3,1,0.00962709,0.00583815,0.0251566,0.0241968,0.0196634,0.209732
130_bNAb_Combinations|1342408|sample|3|nan|4168,16.6,0.00823037,7,3,1,0.00962702,0.005835,0.00616646,0.00614078,0.784524,0.795332
130_bNAb_Combinations|1342408|sample|3|nan|4168,83,0.0027367,8,3,1,0.00962702,0.00583499,0.00583271,0.00583551,-1.19733,-1.19824
130_bNAb_Combinations|1342408|sample|4|nan|4168,0.0010624,0.931106,1,4,1,0.893388,0.741589,0.902903,0.902684,0.228184,0.230013
130_bNAb_Combinations|1342408|sample|4|nan|4168,0.005312,0.912324,2,4,1,0.863489,0.524012,0.844829,0.843722,0.583053,0.593382
130_bNAb_Combinations|1342408|sample|4|nan|4168,0.02656,0.764897,3,4,1,0.717625,0.233241,0.718081,0.71529,0.474496,0.504714
130_bNAb_Combinations|1342408|sample|4|nan|4168,0.1328,0.50485,4,4,1,0.276448,0.0428559,0.485595,0.480791,0.2861,0.360946
130_bNAb_Combinations|1342408|sample|4|nan|4168,0.664,0.189005,5,4,1,0.01363,0.00689825,0.196551,0.192106,-0.266535,-0.111901
130_bNAb_Combinations|1342408|sample|4|nan|4168,3.32,0.0320092,6,4,1,0.00962709,0.00583815,0.0314487,0.0302136,0.0927835,0.305656
130_bNAb_Combinations|1342408|sample|4|nan|4168,16.6,0.00490579,7,4,1,0.00962702,0.005835,0.00638093,0.00633749,-0.554623,-0.539481
130_bNAb_Combinations|1342408|sample|4|nan|4168,83,0.00336513,8,4,1,0.00962702,0.00583499,0.00583332,0.00583604,-0.954501,-0.955417
130_bNAb_Combinations|1342408|vc|1|2|nan|4168,0,0.949635,1,2,1,0.900188,0.945318,0.944854,0.945318,0.0369842,0.0333791
130_bNAb_Combinations|1342408|vc|2|2|nan|4168,0,0.965274,2,2,1,0.900188,0.945318,0.944854,0.945318,0.157983,0.15432
130_bNAb_Combinations|1342408|vc|3|2|nan|4168,0,1,3,2,1,0.900188,0.945318,0.944854,0.945318,0.426643,0.42285
130_bNAb_Combinations|1342408|vc|4|2|nan|4168,0,0.969906,4,2,1,0.900188,0.945318,0.944854,0.945318,0.19382,0.190139
130_bNAb_Combinations|1342408|vc|5|2|nan|4168,0,0.940482,5,2,1,0.900188,0.945318,0.944854,0.945318,-0.0338273,-0.0373982
130_bNAb_Combinations|1342408|vc|6|2|nan|4168,0,0.930052,6,2,1,0.900188,0.945318,0.944854,0.945318,-0.11452,-0.118051
130_bNAb_Combinations|1342408|vc|7|2|nan|4168,0,0.924538,7,2,1,0.900188,0.945318,0.944854,0.945318,-0.157179,-0.16069
130_bNAb_Combinations|1342408|vc|8|2|nan|4168,0,0.903212,8,2,1,0.900188,0.945318,0.944854,0.945318,-0.32217,-0.325602
704_VRC01_Concordance|1200432|cc|1|1|PVO.4|5024,0,0.00146144,1,1,0,0,0,0,0,0.812381,0.812381
704_VRC01_Concordance|1200432|cc|2|1|PVO.4|5024,0,0.00217593,2,1,0,0,0,0,0,1.20955,1.20955
704_VRC01_Concordance|1200432|cc|3|1|PVO.4|5024,0,0.0011042,3,1,0,0,0,0,0,0.613799,0.613799
704_VRC01_Concordance|1200432|cc|4|1|PVO.4|5024,0,0.00198107,4,1,0,0,0,0,0,1.10123,1.10123
704_VRC01_Concordance|1200432|cc|5|1|PVO.4|5024,0,0.00298784,5,1,0,0,0,0,0,1.66087,1.66087
704_VRC01_Concordance|1200432|cc|6|1|PVO.4|5024,0,0.00175373,6,1,0,0,0,0,0,0.974857,0.974857
704_VRC01_Concordance|1200432|cc|7|1|PVO.4|5024,0,0.00233831,7,1,0,0,0,0,0,1.29981,1.29981
704_VRC01_Concordance|1200432|cc|8|1|PVO.4|5024,0,0.00334508,8,1,0,0,0,0,0,1.85945,1.85945
704_VRC01_Concordance|1200432|sample|10|PVO.4|5024,0.002286236854138,0.850689,1,10,1,0.884957,0.818432,0.891509,0.891243,-0.334428,-0.332345
704_VRC01_Concordance|1200432|sample|10|PVO.4|5024,0.0068587105624142,0.988097,2,10,1,0.852421,0.722028,0.879841,0.87949,0.898508,0.901771
704_VRC01_Concordance|1200432|sample|10|PVO.4|5024,0.0205761316872428,0.866635,3,10,1,0.75684,0.542347,0.85329,0.852752,0.114156,0.118829
704_VRC01_Concordance|1200432|sample|10|PVO.4|5024,0.0617283950617284,0.879642,4,10,1,0.52237,0.287007,0.794761,0.793835,0.77867,0.788063
704_VRC01_Concordance|1200432|sample|10|PVO.4|5024,0.1851851851851852,0.740724,5,10,1,0.176213,0.0756923,0.674752,0.673146,0.710759,0.729764
704_VRC01_Concordance|1200432|sample|10|PVO.4|5024,0.5555555555555556,0.485621,6,10,1,0.0181695,0.00759522,0.465408,0.463054,0.312987,0.35117
704_VRC01_Concordance|1200432|sample|10|PVO.4|5024,1.66666666666667,0.212201,7,10,1,0.00964491,0.00222185,0.206117,0.203944,0.205533,0.281737
704_VRC01_Concordance|1200432|sample|10|PVO.4|5024,5,0.0380949,8,10,1,0.00962702,0.00214993,0.039694,0.0389142,-0.223539,-0.116243
704_VRC01_Concordance|1200432|sample|11|PVO.4|5024,0.0457247370827617,0.868454,1,11,1,0.603892,0.359522,0.791952,0.790953,0.70425,0.714327
704_VRC01_Concordance|1200432|sample|11|PVO.4|5024,0.1371742112482853,0.719452,2,11,1,0.266049,0.119738,0.669297,0.667557,0.544665,0.564999
704_VRC01_Concordance|1200432|sample|11|PVO.4|5024,0.411522633744856,0.42653,3,11,1,0.0348018,0.0151142,0.457008,0.454474,-0.480365,-0.442816
704_VRC01_Concordance|1200432|sample|11|PVO.4|5024,1.23456790123457,0.188591,4,11,1,0.00976501,0.00243179,0.198243,0.195953,-0.338178,-0.260774
704_VRC01_Concordance|1200432|sample|11|PVO.4|5024,3.7037037037037,0.036601,5,11,1,0.00962704,0.00215079,0.0368837,0.0360957,-0.0417327,0.0757768
704_VRC01_Concordance|1200432|sample|11|PVO.4|5024,11.1111111111111,0.00789179,6,11,1,0.00962702,0.00214977,0.00360067,0.00354448,1.87822,1.90915
704_VRC01_Concordance|1200432|sample|11|PVO.4|5024,33.3333333333333,0.00133154,7,11,1,0.00962702,0.00214976,0.00216031,0.00215928,-0.396472,-0.396005
704_VRC01_Concordance|1200432|sample|11|PVO.4|5024,100,0.000389718,8,11,1,0.00962702,0.00214976,0.00215026,0.00214978,-0.842759,-0.842555
704_VRC01_Concordance|1200432|sample|12|PVO.4|5024,0.0457247370827617,0.755582,1,12,1,0.603892,0.359522,0.782019,0.780521,-0.246407,-0.23289
704_VRC01_Concordance|1200432|sample|12|PVO.4|5024,0.1371742112482853,0.635256,2,12,1,0.266049,0.119738,0.650227,0.647569,-0.16725,-0.138101
704_VRC01_Concordance|1200432|sample|12|PVO.4|5024,0.411522633744856,0.416203,3,12,1,0.0348018,0.0151142,0.42837,0.424583,-0.204202,-0.141874
704_VRC01_Concordance|1200432|sample|12|PVO.4|5024,1.23456790123457,0.135362,4,12,1,0.00976501,0.00243179,0.172751,0.169577,-1.48947,-1.38669
704_VRC01_Concordance|1200432|sample|12|PVO.4|5024,3.7037037037037,0.0341003,5,12,1,0.00962704,0.00215079,0.0285875,0.027644,0.974817,1.16793
704_VRC01_Concordance|1200432|sample|12|PVO.4|5024,11.1111111111111,0.00308527,6,12,1,0.00962702,0.00214977,0.00306218,0.00300776,0.0104377,0.035154
704_VRC01_Concordance|1200432|sample|12|PVO.4|5024,33.3333333333333,0.000292288,7,12,1,0.00962702,0.00214976,0.00215543,0.00215452,-0.891576,-0.891193
704_VRC01_Concordance|1200432|sample|12|PVO.4|5024,100,0.000292288,8,12,1,0.00962702,0.00214976,0.00215025,0.00214977,-0.889394,-0.889192
704_VRC01_Concordance|1200432|sample|3|PVO.4|5024,0.0457247370827617,0.931426,1,3,1,0.603892,0.359522,0.769384,0.765597,1.5347,1.57821
704_VRC01_Concordance|1200432|sample|3|PVO.4|5024,0.1371742112482853,0.65242,2,3,1,0.266049,0.119738,0.626463,0.619623,0.300761,0.384119
704_VRC01_Concordance|1200432|sample|3|PVO.4|5024,0.411522633744856,0.404284,3,3,1,0.0348018,0.0151142,0.394249,0.384851,0.182507,0.361778
704_VRC01_Concordance|1200432|sample|3|PVO.4|5024,1.23456790123457,0.116071,4,3,1,0.00976501,0.00243179,0.145041,0.137938,-1.35602,-1.0716
704_VRC01_Concordance|1200432|sample|3|PVO.4|5024,3.7037037037037,0.0223763,5,3,1,0.00962704,0.00215079,0.0209224,0.0191815,0.314617,0.728325
704_VRC01_Concordance|1200432|sample|3|PVO.4|5024,11.1111111111111,0.00337756,6,3,1,0.00962702,0.00214977,0.00266571,0.00258914,0.32978,0.36701
704_VRC01_Concordance|1200432|sample|3|PVO.4|5024,33.3333333333333,0.00295536,7,3,1,0.00962702,0.00214976,0.00215258,0.00215164,0.38423,0.384704
704_VRC01_Concordance|1200432|sample|3|PVO.4|5024,100,0.00168878,8,3,1,0.00962702,0.00214976,0.00215025,0.00214977,-0.220902,-0.220679
704_VRC01_Concordance|1200432|sample|4|PVO.4|5024,0.0457247370827617,0.855821,1,4,1,0.603892,0.359522,0.81125,0.809034,0.400695,0.421756
704_VRC01_Concordance|1200432|sample|4|PVO.4|5024,0.1371742112482853,0.721108,2,4,1,0.266049,0.119738,0.707329,0.703099,0.141735,0.18635
704_VRC01_Concordance|1200432|sample|4|PVO.4|5024,0.411522633744856,0.572009,3,4,1,0.0348018,0.0151142,0.517548,0.510728,0.760472,0.866848
704_VRC01_Concordance|1200432|sample|4|PVO.4|5024,1.23456790123457,0.23966,4,4,1,0.00976501,0.00243179,0.259136,0.251853,-0.529887,-0.340844
704_VRC01_Concordance|1200432|sample|4|PVO.4|5024,3.7037037037037,0.0572236,5,4,1,0.00962704,0.00215079,0.0617764,0.0584221,-0.449341,-0.123811
704_VRC01_Concordance|1200432|sample|4|PVO.4|5024,11.1111111111111,0.00779436,6,4,1,0.00962702,0.00214977,0.00588345,0.00551791,0.737059,0.895076
704_VRC01_Concordance|1200432|sample|4|PVO.4|5024,33.3333333333333,0.0027605,7,4,1,0.00962702,0.00214976,0.00219082,0.00218453,0.271988,0.275104
704_VRC01_Concordance|1200432|sample|4|PVO.4|5024,100,0.00116915,8,4,1,0.00962702,0.00214976,0.00215032,0.00214983,-0.469678,-0.469456
704_VRC01_Concordance|1200432|sample|5|PVO.4|5024,0.002286236854138,0.883215,1,5,1,0.884957,0.818432,0.891161,0.890893,-0.0651307,-0.0629512
704_VRC01_Concordance|1200432|sample|5|PVO.4|5024,0.0068587105624142,0.89653,2,5,1,0.852421,0.722028,0.879041,0.878686,0.14528,0.14829
704_VRC01_Concordance|1200432|sample|5|PVO.4|5024,0.0205761316872428,0.878603,3,5,1,0.75684,0.542347,0.85149,0.850942,0.232406,0.237252
704_VRC01_Concordance|1200432|sample|5|PVO.4|5024,0.0617283950617284,0.790088,4,5,1,0.52237,0.287007,0.790887,0.789942,-0.00736335,0.00134913
704_VRC01_Concordance|1200432|sample|5|PVO.4|5024,0.1851851851851852,0.721465,5,5,1,0.176213,0.0756923,0.667236,0.665603,0.590694,0.609952
704_VRC01_Concordance|1200432|sample|5|PVO.4|5024,0.5555555555555556,0.483543,6,5,1,0.0181695,0.00759522,0.453858,0.451497,0.471011,0.511072
704_VRC01_Concordance|1200432|sample|5|PVO.4|5024,1.66666666666667,0.199503,7,5,1,0.00964491,0.00222185,0.195338,0.193224,0.147978,0.225337
704_VRC01_Concordance|1200432|sample|5|PVO.4|5024,5,0.0347498,8,5,1,0.00962702,0.00214993,0.0358766,0.0351609,-0.169736,-0.0628388
704_VRC01_Concordance|1200432|sample|6|PVO.4|5024,0.002286236854138,0.994382,1,6,1,0.884957,0.818432,0.892001,0.891691,0.838326,0.841148
704_VRC01_Concordance|1200432|sample|6|PVO.4|5024,0.0068587105624142,0.986474,2,6,1,0.852421,0.722028,0.88097,0.88052,0.874549,0.878727
704_VRC01_Concordance|1200432|sample|6|PVO.4|5024,0.0205761316872428,0.991621,3,6,1,0.75684,0.542347,0.855838,0.855074,1.15809,1.16563
704_VRC01_Concordance|1200432|sample|6|PVO.4|5024,0.0617283950617284,0.869396,4,6,1,0.52237,0.287007,0.800266,0.798847,0.629884,0.643934
704_VRC01_Concordance|1200432|sample|6|PVO.4|5024,0.1851851851851852,0.779355,5,6,1,0.176213,0.0756923,0.685521,0.682933,0.995344,1.0266
704_VRC01_Concordance|1200432|sample|6|PVO.4|5024,0.5555555555555556,0.468051,6,6,1,0.0181695,0.00759522,0.48227,0.478317,-0.212683,-0.154791
704_VRC01_Concordance|1200432|sample|6|PVO.4|5024,1.66666666666667,0.186123,7,6,1,0.00964491,0.00222185,0.222475,0.21863,-1.14281,-1.03886
704_VRC01_Concordance|1200432|sample|6|PVO.4|5024,5,0.0497215,8,6,1,0.00962702,0.00214993,0.0459141,0.0444142,0.476369,0.681281
704_VRC01_Concordance|1200432|sample|7|PVO.4|5024,0.0457247370827617,0.822711,1,7,1,0.603892,0.359522,0.782556,0.783819,0.374013,0.36168
704_VRC01_Concordance|1200432|sample|7|PVO.4|5024,0.1371742112482853,0.758505,2,7,1,0.266049,0.119738,0.65125,0.653846,1.19638,1.16289
704_VRC01_Concordance|1200432|sample|7|PVO.4|5024,0.411522633744856,0.445919,3,7,1,0.0348018,0.0151142,0.429877,0.433836,0.268306,0.200296
704_VRC01_Concordance|1200432|sample|7|PVO.4|5024,1.23456790123457,0.173424,4,7,1,0.00976501,0.00243179,0.174042,0.177502,-0.024412,-0.158393
704_VRC01_Concordance|1200432|sample|7|PVO.4|5024,3.7037037037037,0.0308202,5,7,1,0.00962704,0.00215079,0.0289784,0.0300475,0.322666,0.132032
704_VRC01_Concordance|1200432|sample|7|PVO.4|5024,11.1111111111111,0.00402709,6,7,1,0.00962702,0.00214977,0.00308502,0.00314849,0.425288,0.395111
704_VRC01_Concordance|1200432|sample|7|PVO.4|5024,33.3333333333333,0.00243574,7,7,1,0.00962702,0.00214976,0.00215562,0.00215566,0.134046,0.134022
704_VRC01_Concordance|1200432|sample|7|PVO.4|5024,100,0.00113668,8,7,1,0.00962702,0.00214976,0.00215025,0.00214977,-0.485191,-0.484977
704_VRC01_Concordance|1200432|sample|8|PVO.4|5024,0.0457247370827617,0.796746,1,8,1,0.603892,0.359522,0.791177,0.79038,0.0513105,0.0587138
704_VRC01_Concordance|1200432|sample|8|PVO.4|5024,0.1371742112482853,0.73569,2,8,1,0.266049,0.119738,0.667798,0.666449,0.73891,0.755084
704_VRC01_Concordance|1200432|sample|8|PVO.4|5024,0.411522633744856,0.466265,3,8,1,0.0348018,0.0151142,0.454715,0.452785,0.182928,0.214392
704_VRC01_Concordance|1200432|sample|8|PVO.4|5024,1.23456790123457,0.184954,4,8,1,0.00976501,0.00243179,0.196126,0.194402,-0.395396,-0.337171
704_VRC01_Concordance|1200432|sample|8|PVO.4|5024,3.7037037037037,0.0379325,5,8,1,0.00962704,0.00215079,0.0361482,0.0355627,0.267306,0.359281
704_VRC01_Concordance|1200432|sample|8|PVO.4|5024,11.1111111111111,0.00399461,6,8,1,0.00962702,0.00214977,0.00354841,0.00350719,0.195907,0.214527
704_VRC01_Concordance|1200432|sample|8|PVO.4|5024,33.3333333333333,0.00168878,7,8,1,0.00962702,0.00214976,0.00215979,0.00215892,-0.225333,-0.224926
704_VRC01_Concordance|1200432|sample|8|PVO.4|5024,100,0,8,8,1,0.00962702,0.00214976,0.00215026,0.00214978,-1.02931,-1.02912
704_VRC01_Concordance|1200432|sample|9|PVO.4|5024,0.002286236854138,0.844113,1,9,1,0.884957,0.818432,0.890972,0.890667,-0.384136,-0.381759
704_VRC01_Concordance|1200432|sample|9|PVO.4|5024,0.0068587105624142,0.938782,2,9,1,0.852421,0.722028,0.878608,0.878166,0.500124,0.504041
704_VRC01_Concordance|1200432|sample|9|PVO.4|5024,0.0205761316872428,0.856568,3,9,1,0.75684,0.542347,0.850514,0.849773,0.0519482,0.0583582
704_VRC01_Concordance|1200432|sample|9|PVO.4|5024,0.0617283950617284,0.895653,4,9,1,0.52237,0.287007,0.788791,0.787433,0.987608,1.00186
704_VRC01_Concordance|1200432|sample|9|PVO.4|5024,0.1851851851851852,0.785119,5,9,1,0.176213,0.0756923,0.663192,0.660769,1.33605,1.36749
704_VRC01_Concordance|1200432|sample|9|PVO.4|5024,0.5555555555555556,0.449345,6,9,1,0.0181695,0.00759522,0.447716,0.444184,0.0261929,0.0836177
704_VRC01_Concordance|1200432|sample|9|PVO.4|5024,1.66666666666667,0.160499,7,9,1,0.00964491,0.00222185,0.189744,0.186619,-1.06756,-0.968371
704_VRC01_Concordance|1200432|sample|9|PVO.4|5024,5,0.0365685,8,9,1,0.00962702,0.00214993,0.0339826,0.0329562,0.405123,0.57847
704_VRC01_Concordance|1200432|vc|1|2|PVO.4|5024,0,0.927366,1,2,1,0.900188,0.900188,0.900389,0.900188,0.218867,0.220546
704_VRC01_Concordance|1200432|vc|2|2|PVO.4|5024,0,0.913369,2,2,1,0.900188,0.900188,0.900389,0.900188,0.105304,0.106959
704_VRC01_Concordance|1200432|vc|3|2|PVO.4|5024,0,1,3,2,1,0.900188,0.900188,0.900389,0.900188,0.808154,0.809963
704_VRC01_Concordance|1200432|vc|4|2|PVO.4|5024,0,0.936054,4,2,1,0.900188,0.900188,0.900389,0.900188,0.289349,0.291044
704_VRC01_Concordance|1200432|vc|5|2|PVO.4|5024,0,0.990712,5,2,1,0.900188,0.900188,0.900389,0.900188,0.732797,0.734589
704_VRC01_Concordance|1200432|vc|6|2|PVO.4|5024,0,0.919832,6,2,1,0.900188,0.900188,0.900389,0.900188,0.157738,0.159404
704_VRC01_Concordance|1200432|vc|7|2|PVO.4|5024,0,0.864589,7,2,1,0.900188,0.900188,0.900389,0.900188,-0.290452,-0.288885
704_VRC01_Concordance|1200432|vc|8|2|PVO.4|5024,0,0.869461,8,2,1,0.900188,0.900188,0.900389,0.900188,-0.250929,-0.249353
