id,time,rlu_norm,plate_row,plate_col,virus_cc,popPred_medianCOV,popPred,indivPred_SAEM,indivPred_mode,indWRes_SAEM,indWRes_mode
130_bNAb_Combinations|1313842|cc|1|1|nan|2946,0,0.00107969,1,1,0,0,0,0,0,0.475967,0.475967
130_bNAb_Combinations|1313842|cc|2|1|nan|2946,0,0.000918885,2,1,0,0,0,0,0,0.405078,0.405078
130_bNAb_Combinations|1313842|cc|3|1|nan|2946,0,0.00110266,3,1,0,0,0,0,0,0.486094,0.486094
130_bNAb_Combinations|1313842|cc|4|1|nan|2946,0,0.00133238,4,1,0,0,0,0,0,0.587364,0.587364
130_bNAb_Combinations|1313842|cc|5|1|nan|2946,0,0.00153913,5,1,0,0,0,0,0,0.678506,0.678506
130_bNAb_Combinations|1313842|cc|6|1|nan|2946,0,0.00149319,6,1,0,0,0,0,0,0.658253,0.658253
130_bNAb_Combinations|1313842|cc|7|1|nan|2946,0,0.00149319,7,1,0,0,0,0,0,0.658253,0.658253
130_bNAb_Combinations|1313842|cc|8|1|nan|2946,0,0.000826997,8,1,0,0,0,0,0,0.364571,0.364571
130_bNAb_Combinations|1313842|sample|10|nan|2946,0.0003648,0.782305,1,10,1,0.797672,0.820434,0.820583,0.820732,-0.356802,-0.358124
130_bNAb_Combinations|1313842|sample|10|nan|2946,0.001824,0.882187,2,10,1,0.778099,0.848287,0.850535,0.851308,0.284857,0.27766
130_bNAb_Combinations|1313842|sample|10|nan|2946,0.00912,0.889573,3,10,1,0.670267,0.843835,0.87221,0.873203,0.152457,0.143578
130_bNAb_Combinations|1313842|sample|10|nan|2946,0.0456,0.751223,4,10,1,0.436914,0.630232,0.836346,0.836149,-0.778799,-0.777177
130_bNAb_Combinations|1313842|sample|10|nan|2946,0.228,0.542866,5,10,1,0.204875,0.180457,0.579199,0.577389,-0.475616,-0.453301
130_bNAb_Combinations|1313842|sample|10|nan|2946,1.14,0.150628,6,10,1,0.0755526,0.0234065,0.134798,0.135981,0.811037,0.744629
130_bNAb_Combinations|1313842|sample|10|nan|2946,5.7,0.0141738,7,10,1,0.0246566,0.00340967,0.0151288,0.0155651,-0.22714,-0.326563
130_bNAb_Combinations|1313842|sample|10|nan|2946,28.5,0.000252693,8,10,1,0.00820007,0.0013572,0.0024113,0.00247172,-0.837644,-0.858512
130_bNAb_Combinations|1313842|sample|11|nan|2946,0.0003712,0.787795,1,11,1,0.797383,0.820426,0.820612,0.820765,-0.305883,-0.307251
130_bNAb_Combinations|1313842|sample|11|nan|2946,0.001856,0.899692,2,11,1,0.777235,0.848202,0.850846,0.851657,0.43944,0.431738
130_bNAb_Combinations|1313842|sample|11|nan|2946,0.00928,0.943259,3,11,1,0.64875,0.818445,0.85031,0.851236,0.836722,0.827503
130_bNAb_Combinations|1313842|sample|11|nan|2946,0.0464,0.770876,4,11,1,0.421452,0.607564,0.841662,0.843792,-0.643627,-0.661352
130_bNAb_Combinations|1313842|sample|11|nan|2946,0.232,0.591682,5,11,1,0.196966,0.171791,0.721971,0.729989,-1.37635,-1.44538
130_bNAb_Combinations|1313842|sample|11|nan|2946,1.16,0.238543,6,11,1,0.0725089,0.0222099,0.218158,0.215017,0.675271,0.78983
130_bNAb_Combinations|1313842|sample|11|nan|2946,5.8,0.0150238,7,11,1,0.0243663,0.00335532,0.018692,0.0169066,-0.787088,-0.424826
130_bNAb_Combinations|1313842|sample|11|nan|2946,29,0,8,11,1,0.0081111,0.00135189,0.002204,0.0020048,-0.864155,-0.793987
130_bNAb_Combinations|1313842|sample|12|nan|2946,0.0003712,0.726907,1,12,1,0.797383,0.820426,0.820585,0.820753,-0.873183,-0.874574
130_bNAb_Combinations|1313842|sample|12|nan|2946,0.001856,0.725805,2,12,1,0.749021,0.817412,0.820305,0.820604,-0.881143,-0.883621
130_bNAb_Combinations|1313842|sample|12|nan|2946,0.00928,0.699823,3,12,1,0.6252,0.788735,0.817345,0.818767,-1.09969,-1.1111
130_bNAb_Combinations|1313842|sample|12|nan|2946,0.0464,0.628667,4,12,1,0.406154,0.585509,0.787229,0.796685,-1.53923,-1.61208
130_bNAb_Combinations|1313842|sample|12|nan|2946,0.232,0.46638,5,12,1,0.189816,0.165555,0.566159,0.597319,-1.33532,-1.66355
130_bNAb_Combinations|1313842|sample|12|nan|2946,1.16,0.173084,6,12,1,0.0698768,0.0214037,0.143033,0.146445,1.46066,1.2679
130_bNAb_Combinations|1313842|sample|12|nan|2946,5.8,0.0100848,7,12,1,0.0234818,0.00323352,0.0170172,0.01516,-1.55918,-1.20595
130_bNAb_Combinations|1313842|sample|12|nan|2946,29,0.00119455,8,12,1,0.0081111,0.00135189,0.00267164,0.0022903,-0.565865,-0.427774
130_bNAb_Combinations|1313842|sample|3|nan|2946,0.000064,0.866394,1,3,1,0.814212,0.820738,0.820603,0.820752,0.426817,0.425351
130_bNAb_Combinations|1313842|sample|3|nan|2946,0.00032,0.944316,2,3,1,0.829863,0.851397,0.85081,0.851595,0.841249,0.833431
130_bNAb_Combinations|1313842|sample|3|nan|2946,0.0016,0.961051,3,3,1,0.807884,0.874362,0.875591,0.876728,0.747531,0.736651
130_bNAb_Combinations|1313842|sample|3|nan|2946,0.008,0.986159,4,3,1,0.685113,0.849345,0.873285,0.874054,0.989893,0.982293
130_bNAb_Combinations|1313842|sample|3|nan|2946,0.04,0.882578,5,3,1,0.458009,0.661953,0.859377,0.858379,0.206693,0.21583
130_bNAb_Combinations|1313842|sample|3|nan|2946,0.2,0.77709,6,3,1,0.220326,0.208531,0.782807,0.775144,-0.0558078,0.0191791
130_bNAb_Combinations|1313842|sample|3|nan|2946,1,0.473111,7,3,1,0.079974,0.0270096,0.491549,0.476263,-0.282894,-0.0498634
130_bNAb_Combinations|1313842|sample|3|nan|2946,5,0.151731,8,3,1,0.0259808,0.00372483,0.150099,0.144122,0.0759952,0.367352
130_bNAb_Combinations|1313842|sample|4|nan|2946,0.000064,0.844789,1,4,1,0.814212,0.820738,0.820579,0.820739,0.225667,0.224126
130_bNAb_Combinations|1313842|sample|4|nan|2946,0.00032,0.96429,2,4,1,0.829863,0.851397,0.850687,0.851529,1.0222,1.01364
130_bNAb_Combinations|1313842|sample|4|nan|2946,0.0016,0.942363,3,4,1,0.807884,0.874362,0.874984,0.876393,0.58978,0.576538
130_bNAb_Combinations|1313842|sample|4|nan|2946,0.008,0.926512,4,4,1,0.701647,0.869842,0.891254,0.893512,0.303095,0.282985
130_bNAb_Combinations|1313842|sample|4|nan|2946,0.04,0.878374,5,4,1,0.469062,0.677927,0.867572,0.871856,0.0953421,0.0572548
130_bNAb_Combinations|1313842|sample|4|nan|2946,0.2,0.73798,6,4,1,0.220326,0.208531,0.742867,0.750689,-0.050207,-0.129241
130_bNAb_Combinations|1313842|sample|4|nan|2946,1,0.443512,7,4,1,0.079974,0.0270096,0.436785,0.44089,0.115652,0.0446699
130_bNAb_Combinations|1313842|sample|4|nan|2946,5,0.140934,8,4,1,0.0259808,0.00372483,0.136983,0.134024,0.199581,0.355805
130_bNAb_Combinations|1313842|sample|5|nan|2946,0.0006144,0.829983,1,5,1,0.78732,0.820069,0.818262,0.816878,0.109563,0.122699
130_bNAb_Combinations|1313842|sample|5|nan|2946,0.003072,0.89357,2,5,1,0.747909,0.84458,0.842264,0.838496,0.466175,0.502616
130_bNAb_Combinations|1313842|sample|5|nan|2946,0.01536,0.91946,3,5,1,0.603738,0.809854,0.84527,0.833936,0.671751,0.78468
130_bNAb_Combinations|1313842|sample|5|nan|2946,0.0768,0.844513,4,5,1,0.362583,0.492801,0.794102,0.766817,0.485221,0.773848
130_bNAb_Combinations|1313842|sample|5|nan|2946,0.384,0.634686,5,5,1,0.154759,0.0991017,0.614066,0.573419,0.255026,0.809857
130_bNAb_Combinations|1313842|sample|5|nan|2946,1.92,0.273162,6,5,1,0.0532859,0.0119201,0.332261,0.305735,-1.31949,-0.786891
130_bNAb_Combinations|1313842|sample|5|nan|2946,9.6,0.101927,7,5,1,0.0173226,0.00224408,0.125318,0.119288,-1.27777,-0.990096
130_bNAb_Combinations|1313842|sample|5|nan|2946,48,0.049482,8,5,1,0.00596481,0.00124333,0.0387385,0.0392814,1.48679,1.39822
130_bNAb_Combinations|1313842|sample|6|nan|2946,0.0006144,0.807137,1,6,1,0.78732,0.820069,0.819127,0.818801,-0.111953,-0.108952
130_bNAb_Combinations|1313842|sample|6|nan|2946,0.003072,0.913073,2,6,1,0.747909,0.84458,0.845064,0.84432,0.615938,0.623211
130_bNAb_Combinations|1313842|sample|6|nan|2946,0.01536,0.905757,3,6,1,0.603738,0.809854,0.853757,0.850328,0.466248,0.498961
130_bNAb_Combinations|1313842|sample|6|nan|2946,0.0768,0.884312,4,6,1,0.362583,0.492801,0.81618,0.805705,0.638422,0.745952
130_bNAb_Combinations|1313842|sample|6|nan|2946,0.384,0.63016,5,6,1,0.154759,0.0991017,0.652261,0.633589,-0.25776,-0.0411407
130_bNAb_Combinations|1313842|sample|6|nan|2946,1.92,0.318692,6,6,1,0.0532859,0.0119201,0.361924,0.348606,-0.889799,-0.638063
130_bNAb_Combinations|1313842|sample|6|nan|2946,9.6,0.14291,7,6,1,0.0173226,0.00224408,0.133851,0.131439,0.466979,0.600904
130_bNAb_Combinations|1313842|sample|6|nan|2946,48,0.0423376,8,6,1,0.00596481,0.00124333,0.0392698,0.0400014,0.420594,0.316243
130_bNAb_Combinations|1313842|sample|7|nan|2946,0.0000768,0.796949,1,7,1,0.813281,0.82073,0.820613,0.820765,-0.220561,-0.221944
130_bNAb_Combinations|1313842|sample|7|nan|2946,0.000384,1,2,7,1,0.826824,0.851312,0.850862,0.851671,1.34168,1.33316
130_bNAb_Combinations|1313842|sample|7|nan|2946,0.00192,0.911982,3,7,1,0.798819,0.873505,0.875817,0.877123,0.316269,0.304403
130_bNAb_Combinations|1313842|sample|7|nan|2946,0.0096,0.8727,4,7,1,0.680273,0.86171,0.894303,0.896576,-0.185092,-0.204059
130_bNAb_Combinations|1313842|sample|7|nan|2946,0.048,0.846259,5,7,1,0.438997,0.631961,0.867198,0.875364,-0.184894,-0.254655
130_bNAb_Combinations|1313842|sample|7|nan|2946,0.24,0.530266,6,7,1,0.199037,0.170266,0.627185,0.657249,-1.17432,-1.47005
130_bNAb_Combinations|1313842|sample|7|nan|2946,1.2,0.187832,7,7,1,0.0708964,0.0212421,0.152942,0.162832,1.59743,1.08192
130_bNAb_Combinations|1313842|sample|7|nan|2946,6,0.0118536,8,7,1,0.0229463,0.00313507,0.0162657,0.0160026,-1.01428,-0.961224
130_bNAb_Combinations|1313842|sample|8|nan|2946,0.0000768,0.807666,1,8,1,0.813281,0.82073,0.820612,0.820763,-0.120671,-0.122058
130_bNAb_Combinations|1313842|sample|8|nan|2946,0.000384,0.9013,2,8,1,0.826824,0.851312,0.850859,0.851651,0.453782,0.446247
130_bNAb_Combinations|1313842|sample|8|nan|2946,0.00192,0.96043,3,8,1,0.798819,0.873505,0.875789,0.876928,0.740207,0.72932
130_bNAb_Combinations|1313842|sample|8|nan|2946,0.0096,0.907296,4,8,1,0.680273,0.86171,0.894099,0.894787,0.11309,0.107117
130_bNAb_Combinations|1313842|sample|8|nan|2946,0.048,0.786233,5,8,1,0.438997,0.631961,0.866186,0.861232,-0.706809,-0.666753
130_bNAb_Combinations|1313842|sample|8|nan|2946,0.24,0.560359,6,8,1,0.199037,0.170266,0.628092,0.601975,-0.819531,-0.524748
130_bNAb_Combinations|1313842|sample|8|nan|2946,1.2,0.163389,7,8,1,0.0708964,0.0212421,0.158607,0.146471,0.211934,0.805125
130_bNAb_Combinations|1313842|sample|8|nan|2946,6,0.0142427,8,8,1,0.0229463,0.00313507,0.017572,0.0167773,-0.737016,-0.574027
130_bNAb_Combinations|1313842|sample|9|nan|2946,0.0003648,0.848418,1,9,1,0.797672,0.820434,0.820596,0.82075,0.259337,0.257851
130_bNAb_Combinations|1313842|sample|9|nan|2946,0.001824,0.929671,2,9,1,0.778099,0.848287,0.850653,0.851476,0.71103,0.702962
130_bNAb_Combinations|1313842|sample|9|nan|2946,0.00912,0.902196,3,9,1,0.670267,0.843835,0.873265,0.874666,0.253727,0.241057
130_bNAb_Combinations|1313842|sample|9|nan|2946,0.0456,0.850118,4,9,1,0.447457,0.645441,0.864318,0.866851,-0.125796,-0.147811
130_bNAb_Combinations|1313842|sample|9|nan|2946,0.228,0.545806,5,9,1,0.209819,0.184812,0.619317,0.621104,-0.901683,-0.921018
130_bNAb_Combinations|1313842|sample|9|nan|2946,1.14,0.154396,6,9,1,0.0755526,0.0234065,0.139296,0.136286,0.751421,0.918838
130_bNAb_Combinations|1313842|sample|9|nan|2946,5.7,0.0108658,7,9,1,0.0246566,0.00340967,0.0143878,0.0136413,-0.856998,-0.691417
130_bNAb_Combinations|1313842|sample|9|nan|2946,28.5,0.000413498,8,9,1,0.00820007,0.0013572,0.00223537,0.00213243,-0.713204,-0.676395
130_bNAb_Combinations|1313842|vc|1|2|nan|2946,0,0.842836,1,2,1,0.820766,0.820766,0.820614,0.820766,0.207128,0.205673
130_bNAb_Combinations|1313842|vc|2|2|nan|2946,0,0.947647,2,2,1,0.851682,0.851682,0.850881,0.851682,0.870505,0.862501
130_bNAb_Combinations|1313842|vc|3|2|nan|2946,0,0.949806,3,2,1,0.851682,0.851682,0.850881,0.851682,0.889931,0.881909
130_bNAb_Combinations|1313842|vc|4|2|nan|2946,0,0.93376,4,2,1,0.851682,0.851682,0.850881,0.851682,0.745581,0.737692
130_bNAb_Combinations|1313842|vc|5|2|nan|2946,0,0.949576,5,2,1,0.851682,0.851682,0.850881,0.851682,0.887865,0.879844
130_bNAb_Combinations|1313842|vc|6|2|nan|2946,0,0.978843,6,2,1,0.851682,0.851682,0.850881,0.851682,1.15115,1.14288
130_bNAb_Combinations|1313842|vc|7|2|nan|2946,0,0.900864,7,2,1,0.851682,0.851682,0.850881,0.851682,0.449646,0.44203
130_bNAb_Combinations|1313842|vc|8|2|nan|2946,0,0.690864,8,2,1,0.820766,0.820766,0.820614,0.820766,-1.20938,-1.21057
130_bNAb_Combinations|1313860|cc|1|1|PVO.4|5024,0,0.000722109,1,1,0,0,0,0,0,0.318332,0.318332
130_bNAb_Combinations|1313860|cc|2|1|PVO.4|5024,0,0.000902636,2,1,0,0,0,0,0,0.397915,0.397915
130_bNAb_Combinations|1313860|cc|3|1|PVO.4|5024,0,0.0011634,3,1,0,0,0,0,0,0.512868,0.512868
130_bNAb_Combinations|1313860|cc|4|1|PVO.4|5024,0,0.00162474,4,1,0,0,0,0,0,0.716247,0.716247
130_bNAb_Combinations|1313860|cc|5|1|PVO.4|5024,0,0.00138404,5,1,0,0,0,0,0,0.610136,0.610136
130_bNAb_Combinations|1313860|cc|6|1|PVO.4|5024,0,0.0016448,6,1,0,0,0,0,0,0.72509,0.72509
130_bNAb_Combinations|1313860|cc|7|1|PVO.4|5024,0,0.00178521,7,1,0,0,0,0,0,0.786987,0.786987
130_bNAb_Combinations|1313860|cc|8|1|PVO.4|5024,0,0.00148433,8,1,0,0,0,0,0,0.654349,0.654349
130_bNAb_Combinations|1313860|sample|10|PVO.4|5024,0.0003648,0.940566,1,10,1,0.797672,0.820439,0.820551,0.820721,1.11872,1.11692
130_bNAb_Combinations|1313860|sample|10|PVO.4|5024,0.001824,0.927278,2,10,1,0.778099,0.848291,0.850021,0.850999,0.695693,0.686115
130_bNAb_Combinations|1313860|sample|10|PVO.4|5024,0.00912,0.889708,3,10,1,0.670267,0.843838,0.865062,0.867948,0.218153,0.191978
130_bNAb_Combinations|1313860|sample|10|PVO.4|5024,0.0456,0.686274,4,10,1,0.436914,0.630234,0.756113,0.7677,-0.705221,-0.810085
130_bNAb_Combinations|1313860|sample|10|PVO.4|5024,0.228,0.317477,5,10,1,0.204875,0.180458,0.294256,0.303276,0.581598,0.345679
130_bNAb_Combinations|1313860|sample|10|PVO.4|5024,1.14,0.0365267,6,10,1,0.0755526,0.0234066,0.0351183,0.0345782,0.208259,0.291089
130_bNAb_Combinations|1313860|sample|10|PVO.4|5024,5.7,0.000641874,7,10,1,0.0246566,0.00340968,0.00392231,0.00370814,-1.18411,-1.11787
130_bNAb_Combinations|1313860|sample|10|PVO.4|5024,28.5,0.000441289,8,10,1,0.00820007,0.00135721,0.00135987,0.00132348,-0.376092,-0.361884
130_bNAb_Combinations|1313860|sample|11|PVO.4|5024,0.0003712,0.89049,1,11,1,0.797383,0.820431,0.820591,0.820748,0.651535,0.649952
130_bNAb_Combinations|1313860|sample|11|PVO.4|5024,0.001856,0.925934,2,11,1,0.777235,0.848206,0.850408,0.851267,0.679797,0.671408
130_bNAb_Combinations|1313860|sample|11|PVO.4|5024,0.00928,0.859359,3,11,1,0.64875,0.818448,0.842891,0.844333,0.149527,0.136204
130_bNAb_Combinations|1313860|sample|11|PVO.4|5024,0.0464,0.674941,4,11,1,0.421452,0.607567,0.733097,0.738079,-0.605247,-0.652768
130_bNAb_Combinations|1313860|sample|11|PVO.4|5024,0.232,0.244805,5,11,1,0.196966,0.171792,0.229167,0.229482,0.49494,0.484353
130_bNAb_Combinations|1313860|sample|11|PVO.4|5024,1.16,0.0178521,6,11,1,0.0725089,0.02221,0.0191878,0.0184767,-0.28274,-0.134819
130_bNAb_Combinations|1313860|sample|11|PVO.4|5024,5.8,0.00070205,7,11,1,0.0243663,0.00335533,0.00227444,0.00218025,-0.614337,-0.580272
130_bNAb_Combinations|1313860|sample|11|PVO.4|5024,29,0.000160469,8,11,1,0.0081111,0.0013519,0.00121019,0.00119434,-0.433182,-0.426998
130_bNAb_Combinations|1313860|sample|12|PVO.4|5024,0.0003712,0.939283,1,12,1,0.797383,0.820431,0.820607,0.820766,1.10616,1.10447
130_bNAb_Combinations|1313860|sample|12|PVO.4|5024,0.001856,0.916777,2,12,1,0.749021,0.817417,0.820376,0.820642,0.898787,0.89603
130_bNAb_Combinations|1313860|sample|12|PVO.4|5024,0.00928,0.891313,3,12,1,0.6252,0.788739,0.81529,0.817358,0.713123,0.692007
130_bNAb_Combinations|1313860|sample|12|PVO.4|5024,0.0464,0.651633,4,12,1,0.406154,0.585513,0.716732,0.738839,-0.692603,-0.900686
130_bNAb_Combinations|1313860|sample|12|PVO.4|5024,0.232,0.224295,5,12,1,0.189816,0.165556,0.19532,0.208638,1.06275,0.540458
130_bNAb_Combinations|1313860|sample|12|PVO.4|5024,1.16,0.00968829,6,12,1,0.0698768,0.0214038,0.0124617,0.0114681,-0.717896,-0.476399
130_bNAb_Combinations|1313860|sample|12|PVO.4|5024,5.8,0.000661933,7,12,1,0.0234818,0.00323354,0.00166527,0.00153352,-0.404323,-0.353633
130_bNAb_Combinations|1313860|sample|12|PVO.4|5024,29,0,8,12,1,0.0081111,0.0013519,0.00117176,0.00115473,-0.484525,-0.477915
130_bNAb_Combinations|1313860|sample|3|PVO.4|5024,0.000064,0.942953,1,3,1,0.814212,0.820743,0.820617,0.82077,1.14027,1.13864
130_bNAb_Combinations|1313860|sample|3|PVO.4|5024,0.00032,0.869078,2,3,1,0.829863,0.8514,0.850877,0.851677,0.163735,0.156394
130_bNAb_Combinations|1313860|sample|3|PVO.4|5024,0.0016,0.85281,3,3,1,0.807884,0.874365,0.875968,0.87718,-0.202482,-0.212788
130_bNAb_Combinations|1313860|sample|3|PVO.4|5024,0.008,0.886438,4,3,1,0.685113,0.849348,0.875291,0.876423,0.0975438,0.0875289
130_bNAb_Combinations|1313860|sample|3|PVO.4|5024,0.04,0.784701,5,3,1,0.458009,0.661955,0.868603,0.869281,-0.739691,-0.745095
130_bNAb_Combinations|1313860|sample|3|PVO.4|5024,0.2,0.757893,6,3,1,0.220326,0.208532,0.807214,0.806727,-0.467183,-0.462842
130_bNAb_Combinations|1313860|sample|3|PVO.4|5024,1,0.495868,7,3,1,0.079974,0.0270097,0.460456,0.46508,0.57867,0.498288
130_bNAb_Combinations|1313860|sample|3|PVO.4|5024,5,0.0938942,8,3,1,0.0259808,0.00372485,0.0877483,0.0929153,0.455315,0.0691332
130_bNAb_Combinations|1313860|sample|4|PVO.4|5024,0.000064,0.963754,1,4,1,0.814212,0.820743,0.820617,0.820769,1.33415,1.33249
130_bNAb_Combinations|1313860|sample|4|PVO.4|5024,0.00032,0.848879,2,4,1,0.829863,0.8514,0.850875,0.851674,-0.0179624,-0.0251261
130_bNAb_Combinations|1313860|sample|4|PVO.4|5024,0.0016,0.847455,3,4,1,0.807884,0.874365,0.875957,0.877159,-0.24921,-0.259375
130_bNAb_Combinations|1313860|sample|4|PVO.4|5024,0.008,0.867142,4,4,1,0.701647,0.869845,0.896112,0.897425,-0.247719,-0.258569
130_bNAb_Combinations|1313860|sample|4|PVO.4|5024,0.04,0.805653,5,4,1,0.469062,0.677929,0.889015,0.889376,-0.718392,-0.721218
130_bNAb_Combinations|1313860|sample|4|PVO.4|5024,0.2,0.707095,6,4,1,0.220326,0.208532,0.807745,0.803448,-0.952768,-0.916865
130_bNAb_Combinations|1313860|sample|4|PVO.4|5024,1,0.503972,7,4,1,0.079974,0.0270097,0.47286,0.465986,0.495551,0.613638
130_bNAb_Combinations|1313860|sample|4|PVO.4|5024,5,0.0983672,8,4,1,0.0259808,0.00372485,0.0966,0.097759,0.120788,0.0411581
130_bNAb_Combinations|1313860|sample|5|PVO.4|5024,0.0006144,0.899286,1,5,1,0.78732,0.820074,0.820606,0.820736,0.733369,0.732043
130_bNAb_Combinations|1313860|sample|5|PVO.4|5024,0.003072,0.907339,2,5,1,0.747909,0.844583,0.850749,0.851367,0.509163,0.503247
130_bNAb_Combinations|1313860|sample|5|PVO.4|5024,0.01536,0.855779,3,5,1,0.603738,0.809857,0.874568,0.874366,-0.164541,-0.162808
130_bNAb_Combinations|1313860|sample|5|PVO.4|5024,0.0768,0.837576,4,5,1,0.362583,0.492802,0.881149,0.872766,-0.37879,-0.30879
130_bNAb_Combinations|1313860|sample|5|PVO.4|5024,0.384,0.66436,5,5,1,0.154759,0.099102,0.753297,0.712733,-0.901347,-0.517462
130_bNAb_Combinations|1313860|sample|5|PVO.4|5024,1.92,0.280479,6,5,1,0.0532859,0.0119202,0.289846,0.265671,-0.237977,0.408306
130_bNAb_Combinations|1313860|sample|5|PVO.4|5024,9.6,0.0437879,7,5,1,0.0173226,0.00224409,0.0387974,0.0407565,0.689908,0.405027
130_bNAb_Combinations|1313860|sample|5|PVO.4|5024,48,0.00302884,8,5,1,0.00596481,0.00124334,0.00470219,0.00562941,-0.583011,-0.870094
130_bNAb_Combinations|1313860|sample|6|PVO.4|5024,0.0006144,0.902947,1,6,1,0.78732,0.820074,0.820612,0.820762,0.767424,0.765892
130_bNAb_Combinations|1313860|sample|6|PVO.4|5024,0.003072,1,2,6,1,0.747909,0.844583,0.850808,0.85158,1.34225,1.33412
130_bNAb_Combinations|1313860|sample|6|PVO.4|5024,0.01536,0.888003,3,6,1,0.603738,0.809857,0.875044,0.875975,0.113425,0.105163
130_bNAb_Combinations|1313860|sample|6|PVO.4|5024,0.0768,0.842731,4,6,1,0.362583,0.492802,0.884144,0.883013,-0.358815,-0.349452
130_bNAb_Combinations|1313860|sample|6|PVO.4|5024,0.384,0.660529,5,6,1,0.154759,0.099102,0.757715,0.744596,-0.979334,-0.861713
130_bNAb_Combinations|1313860|sample|6|PVO.4|5024,1.92,0.278232,6,6,1,0.0532859,0.0119202,0.263582,0.255269,0.406945,0.657283
130_bNAb_Combinations|1313860|sample|6|PVO.4|5024,9.6,0.029446,7,6,1,0.0173226,0.00224409,0.0289527,0.0295673,0.0825764,-0.0200475
130_bNAb_Combinations|1313860|sample|6|PVO.4|5024,48,0.00204597,8,6,1,0.00596481,0.00124334,0.00332512,0.00352505,-0.474821,-0.543872
130_bNAb_Combinations|1313860|sample|7|PVO.4|5024,0.0000768,0.964978,1,7,1,0.813281,0.820735,0.820601,0.820761,1.34573,1.34398
130_bNAb_Combinations|1313860|sample|7|PVO.4|5024,0.000384,0.899587,2,7,1,0.826824,0.851316,0.850708,0.851576,0.439805,0.43156
130_bNAb_Combinations|1313860|sample|7|PVO.4|5024,0.00192,0.93161,3,7,1,0.798819,0.873508,0.874212,0.875985,0.502851,0.486354
130_bNAb_Combinations|1313860|sample|7|PVO.4|5024,0.0096,0.845689,4,7,1,0.680273,0.861713,0.878377,0.883739,-0.285037,-0.329822
130_bNAb_Combinations|1313860|sample|7|PVO.4|5024,0.048,0.647902,5,7,1,0.438997,0.631962,0.739155,0.755832,-0.942097,-1.09024
130_bNAb_Combinations|1313860|sample|7|PVO.4|5024,0.24,0.298712,6,7,1,0.199037,0.170267,0.278169,0.279838,0.54251,0.49564
130_bNAb_Combinations|1313860|sample|7|PVO.4|5024,1.2,0.0363862,7,7,1,0.0708964,0.0212422,0.0384691,0.0347615,-0.289624,0.241882
130_bNAb_Combinations|1313860|sample|7|PVO.4|5024,6,0.00108316,8,7,1,0.0229463,0.00313508,0.00485644,0.00409851,-1.30567,-1.07964
130_bNAb_Combinations|1313860|sample|8|PVO.4|5024,0.0000768,0.950786,1,8,1,0.813281,0.820735,0.820599,0.82076,1.21348,1.21174
130_bNAb_Combinations|1313860|sample|8|PVO.4|5024,0.000384,0.92461,2,8,1,0.826824,0.851316,0.850684,0.851566,0.66519,0.656584
130_bNAb_Combinations|1313860|sample|8|PVO.4|5024,0.00192,0.843312,3,8,1,0.798819,0.873508,0.873992,0.87589,-0.268839,-0.284865
130_bNAb_Combinations|1313860|sample|8|PVO.4|5024,0.0096,0.847094,4,8,1,0.680273,0.861713,0.876446,0.882886,-0.256504,-0.310551
130_bNAb_Combinations|1313860|sample|8|PVO.4|5024,0.048,0.634433,5,8,1,0.438997,0.631962,0.727327,0.750547,-0.97426,-1.18099
130_bNAb_Combinations|1313860|sample|8|PVO.4|5024,0.24,0.29454,6,8,1,0.199037,0.170267,0.264027,0.27427,0.846243,0.54244
130_bNAb_Combinations|1313860|sample|8|PVO.4|5024,1.2,0.0356641,7,8,1,0.0708964,0.0212422,0.0362822,0.0342649,-0.0894179,0.210306
130_bNAb_Combinations|1313860|sample|8|PVO.4|5024,6,0.00112328,8,8,1,0.0229463,0.00313508,0.00467464,0.00409393,-1.23885,-1.06386
130_bNAb_Combinations|1313860|sample|9|PVO.4|5024,0.0003648,0.996159,1,9,1,0.797672,0.820439,0.820588,0.82071,1.63652,1.63514
130_bNAb_Combinations|1313860|sample|9|PVO.4|5024,0.001824,0.900911,2,9,1,0.778099,0.848291,0.850405,0.850876,0.454599,0.450112
130_bNAb_Combinations|1313860|sample|9|PVO.4|5024,0.00912,0.872167,3,9,1,0.670267,0.843838,0.868634,0.866657,0.0311441,0.0486815
130_bNAb_Combinations|1313860|sample|9|PVO.4|5024,0.0456,0.672464,4,9,1,0.447457,0.645443,0.794417,0.776177,-1.17337,-1.0208
130_bNAb_Combinations|1313860|sample|9|PVO.4|5024,0.228,0.315531,5,9,1,0.209819,0.184813,0.304215,0.297349,0.274665,0.450936
130_bNAb_Combinations|1313860|sample|9|PVO.4|5024,1.14,0.0348417,6,9,1,0.0755526,0.0234066,0.0298062,0.0335213,0.827816,0.201342
130_bNAb_Combinations|1313860|sample|9|PVO.4|5024,5.7,0.0010631,7,9,1,0.0246566,0.00340968,0.00308281,0.00370599,-0.758451,-0.963613
130_bNAb_Combinations|1313860|sample|9|PVO.4|5024,28.5,0.000762226,8,9,1,0.00820007,0.00135721,0.00126927,0.0013294,-0.208588,-0.232589
130_bNAb_Combinations|1313860|vc|1|2|PVO.4|5024,0,0.954858,1,2,1,0.820766,0.820771,0.820618,0.820771,1.25122,1.24957
130_bNAb_Combinations|1313860|vc|2|2|PVO.4|5024,0,0.902094,2,2,1,0.851682,0.851686,0.850884,0.851686,0.460682,0.453052
130_bNAb_Combinations|1313860|vc|3|2|PVO.4|5024,0,0.86299,3,2,1,0.851682,0.851686,0.850884,0.851686,0.108901,0.101595
130_bNAb_Combinations|1313860|vc|4|2|PVO.4|5024,0,0.843613,4,2,1,0.851682,0.851686,0.850884,0.851686,-0.0654102,-0.0725557
130_bNAb_Combinations|1313860|vc|5|2|PVO.4|5024,0,0.869359,5,2,1,0.851682,0.851686,0.850884,0.851686,0.166193,0.158834
130_bNAb_Combinations|1313860|vc|6|2|PVO.4|5024,0,0.81162,6,2,1,0.851682,0.851686,0.850884,0.851686,-0.353223,-0.360103
130_bNAb_Combinations|1313860|vc|7|2|PVO.4|5024,0,0.761714,7,2,1,0.851682,0.851686,0.850884,0.851686,-0.802175,-0.808641
130_bNAb_Combinations|1313860|vc|8|2|PVO.4|5024,0,0.747362,8,2,1,0.820766,0.820771,0.820618,0.820771,-0.682801,-0.684099
130_bNAb_Combinations|1313884|cc|1|1|nan|4168,0,0.000363452,1,1,0,0,0,0,0,0.160223,0.160223
130_bNAb_Combinations|1313884|cc|2|1|nan|4168,0,0.000879936,2,1,0,0,0,0,0,0.387908,0.387908
130_bNAb_Combinations|1313884|cc|3|1|nan|4168,0,0.000248678,3,1,0,0,0,0,0,0.109626,0.109626
130_bNAb_Combinations|1313884|cc|4|1|nan|4168,0,5.73872e-05,4,1,0,0,0,0,0,0.0252984,0.0252984
130_bNAb_Combinations|1313884|cc|5|1|nan|4168,0,0,5,1,0,0,0,0,0,0,0
130_bNAb_Combinations|1313884|cc|6|1|nan|4168,0,0.000325194,6,1,0,0,0,0,0,0.143357,0.143357
130_bNAb_Combinations|1313884|cc|7|1|nan|4168,0,0.000554743,7,1,0,0,0,0,0,0.244551,0.244551
130_bNAb_Combinations|1313884|cc|8|1|nan|4168,0,0.000248678,8,1,0,0,0,0,0,0.109626,0.109626
130_bNAb_Combinations|1313884|sample|10|nan|4168,0.0003648,0.774009,1,10,1,0.797672,0.820434,0.758861,0.751295,0.152426,0.230799
130_bNAb_Combinations|1313884|sample|10|nan|4168,0.001824,0.732346,2,10,1,0.778099,0.848287,0.720195,0.708676,0.128675,0.254621
130_bNAb_Combinations|1313884|sample|10|nan|4168,0.00912,0.69975,3,10,1,0.670267,0.843835,0.62371,0.609088,0.926322,1.13021
130_bNAb_Combinations|1313884|sample|10|nan|4168,0.0456,0.452067,4,10,1,0.436914,0.630232,0.46068,0.447516,-0.140667,0.0764458
130_bNAb_Combinations|1313884|sample|10|nan|4168,0.228,0.221036,5,10,1,0.204875,0.180457,0.291267,0.283659,-1.77605,-1.62363
130_bNAb_Combinations|1313884|sample|10|nan|4168,1.14,0.135271,6,10,1,0.0755526,0.0234065,0.160386,0.158013,-1.10181,-1.01118
130_bNAb_Combinations|1313884|sample|10|nan|4168,5.7,0.0867311,7,10,1,0.0246566,0.00340966,0.0782392,0.078415,0.691463,0.675913
130_bNAb_Combinations|1313884|sample|10|nan|4168,28.5,0.0454124,8,10,1,0.00820007,0.0013572,0.0362217,0.037005,1.33124,1.20034
130_bNAb_Combinations|1313884|sample|11|nan|4168,0.0003712,0.771905,1,11,1,0.797383,0.820426,0.819425,0.819129,-0.443553,-0.440943
130_bNAb_Combinations|1313884|sample|11|nan|4168,0.001856,0.762522,2,11,1,0.777235,0.848202,0.843369,0.842099,-0.73364,-0.723187
130_bNAb_Combinations|1313884|sample|11|nan|4168,0.00928,0.738841,3,11,1,0.64875,0.818444,0.806763,0.799859,-0.643732,-0.583178
130_bNAb_Combinations|1313884|sample|11|nan|4168,0.0464,0.560166,4,11,1,0.421452,0.607564,0.637073,0.622233,-0.917773,-0.757849
130_bNAb_Combinations|1313884|sample|11|nan|4168,0.232,0.294645,5,11,1,0.196966,0.171791,0.278471,0.275217,0.426685,0.518213
130_bNAb_Combinations|1313884|sample|11|nan|4168,1.16,0.069228,6,11,1,0.0725089,0.0222099,0.0633277,0.0667181,0.568828,0.232255
130_bNAb_Combinations|1313884|sample|11|nan|4168,5.8,0.0138494,7,11,1,0.0243663,0.00335532,0.0119714,0.0134734,0.494161,0.0941877
130_bNAb_Combinations|1313884|sample|11|nan|4168,29,0.00181726,8,11,1,0.0081111,0.00135189,0.00286007,0.00324518,-0.395837,-0.532069
130_bNAb_Combinations|1313884|sample|12|nan|4168,0.0003712,0.813233,1,12,1,0.797383,0.820426,0.818897,0.818959,-0.0529004,-0.0534686
130_bNAb_Combinations|1313884|sample|12|nan|4168,0.001856,0.742858,2,12,1,0.749021,0.817412,0.810648,0.810317,-0.639462,-0.636598
130_bNAb_Combinations|1313884|sample|12|nan|4168,0.00928,0.718258,3,12,1,0.6252,0.788735,0.765426,0.763263,-0.470625,-0.450291
130_bNAb_Combinations|1313884|sample|12|nan|4168,0.0464,0.538636,4,12,1,0.406154,0.585509,0.576803,0.569978,-0.50164,-0.416715
130_bNAb_Combinations|1313884|sample|12|nan|4168,0.232,0.244077,5,12,1,0.189816,0.165555,0.236343,0.230331,0.23786,0.433003
130_bNAb_Combinations|1313884|sample|12|nan|4168,1.16,0.0551873,6,12,1,0.0698768,0.0214037,0.0537769,0.0521969,0.15413,0.334189
130_bNAb_Combinations|1313884|sample|12|nan|4168,5.8,0.00767075,7,12,1,0.0234818,0.00323352,0.0106261,0.0103534,-0.814527,-0.746547
130_bNAb_Combinations|1313884|sample|12|nan|4168,29,0.00585349,8,12,1,0.0081111,0.00135189,0.00277996,0.0027315,1.17124,1.19252
130_bNAb_Combinations|1313884|sample|3|nan|4168,0.000064,0.896254,1,3,1,0.814212,0.820738,0.820614,0.820765,0.705027,0.703485
130_bNAb_Combinations|1313884|sample|3|nan|4168,0.00032,0.883198,2,3,1,0.829863,0.851396,0.850879,0.851678,0.290743,0.283296
130_bNAb_Combinations|1313884|sample|3|nan|4168,0.0016,0.945425,3,3,1,0.807884,0.874362,0.876024,0.877229,0.606769,0.595426
130_bNAb_Combinations|1313884|sample|3|nan|4168,0.008,0.973478,4,3,1,0.685113,0.849345,0.875872,0.876962,0.853502,0.842945
130_bNAb_Combinations|1313884|sample|3|nan|4168,0.04,0.977246,5,3,1,0.458009,0.661953,0.874376,0.874723,0.901053,0.897661
130_bNAb_Combinations|1313884|sample|3|nan|4168,0.2,0.815472,6,3,1,0.220326,0.208531,0.859826,0.85635,-0.394944,-0.365443
130_bNAb_Combinations|1313884|sample|3|nan|4168,1,0.719559,7,3,1,0.079974,0.0270096,0.717017,0.706686,0.0270324,0.138847
130_bNAb_Combinations|1313884|sample|3|nan|4168,5,0.315142,8,3,1,0.0259808,0.00372483,0.288505,0.301707,0.679687,0.328641
130_bNAb_Combinations|1313884|sample|4|nan|4168,0.000064,0.855298,1,4,1,0.814212,0.820738,0.820613,0.820766,0.323292,0.321815
130_bNAb_Combinations|1313884|sample|4|nan|4168,0.00032,0.910725,2,4,1,0.829863,0.851396,0.850877,0.851679,0.538393,0.530685
130_bNAb_Combinations|1313884|sample|4|nan|4168,0.0016,0.951039,3,4,1,0.807884,0.874362,0.87601,0.877242,0.655991,0.644331
130_bNAb_Combinations|1313884|sample|4|nan|4168,0.008,1,4,4,1,0.701647,0.869842,0.896687,0.898218,0.882853,0.868312
130_bNAb_Combinations|1313884|sample|4|nan|4168,0.04,0.93895,5,4,1,0.469062,0.677927,0.894704,0.896502,0.378919,0.362803
130_bNAb_Combinations|1313884|sample|4|nan|4168,0.2,0.839584,6,4,1,0.220326,0.208531,0.857936,0.86076,-0.163769,-0.188359
130_bNAb_Combinations|1313884|sample|4|nan|4168,1,0.743183,7,4,1,0.079974,0.0270096,0.722997,0.727666,0.212947,0.162664
130_bNAb_Combinations|1313884|sample|4|nan|4168,5,0.341148,8,4,1,0.0259808,0.00372483,0.330864,0.326706,0.230516,0.327626
130_bNAb_Combinations|1313884|sample|5|nan|4168,0.0006144,0.922661,1,5,1,0.78732,0.820069,0.82058,0.820735,0.951523,0.949894
130_bNAb_Combinations|1313884|sample|5|nan|4168,0.003072,0.913852,2,5,1,0.747909,0.844579,0.850647,0.851472,0.568745,0.560793
130_bNAb_Combinations|1313884|sample|5|nan|4168,0.01536,0.961512,3,5,1,0.603738,0.809854,0.874461,0.875826,0.762419,0.749318
130_bNAb_Combinations|1313884|sample|5|nan|4168,0.0768,0.95651,4,5,1,0.362583,0.4928,0.886404,0.888704,0.605896,0.584535
130_bNAb_Combinations|1313884|sample|5|nan|4168,0.384,0.877392,5,5,1,0.154759,0.0991017,0.831726,0.837343,0.420078,0.365989
130_bNAb_Combinations|1313884|sample|5|nan|4168,1.92,0.606372,6,5,1,0.0532859,0.0119201,0.5777,0.590413,0.376274,0.205057
130_bNAb_Combinations|1313884|sample|5|nan|4168,9.6,0.20403,7,5,1,0.0173226,0.00224408,0.193867,0.201589,0.375317,0.0869791
130_bNAb_Combinations|1313884|sample|5|nan|4168,48,0.0395206,8,5,1,0.00596481,0.00124333,0.0360674,0.0373847,0.501616,0.302851
130_bNAb_Combinations|1313884|sample|6|nan|4168,0.0006144,0.914177,1,6,1,0.78732,0.820069,0.820574,0.820732,0.872504,0.870861
130_bNAb_Combinations|1313884|sample|6|nan|4168,0.003072,0.90533,2,6,1,0.747909,0.844579,0.850623,0.851457,0.492298,0.484323
130_bNAb_Combinations|1313884|sample|6|nan|4168,0.01536,0.984926,3,6,1,0.603738,0.809854,0.874387,0.875763,0.968218,0.954684
130_bNAb_Combinations|1313884|sample|6|nan|4168,0.0768,0.925091,4,6,1,0.362583,0.4928,0.886496,0.888539,0.333524,0.315152
130_bNAb_Combinations|1313884|sample|6|nan|4168,0.384,0.830947,5,6,1,0.154759,0.0991017,0.835482,0.83784,-0.0415316,-0.0629558
130_bNAb_Combinations|1313884|sample|6|nan|4168,1.92,0.605607,6,6,1,0.0532859,0.0119201,0.600594,0.597019,0.0633492,0.10916
130_bNAb_Combinations|1313884|sample|6|nan|4168,9.6,0.219678,7,6,1,0.0173226,0.00224408,0.220974,0.210946,-0.0424371,0.298376
130_bNAb_Combinations|1313884|sample|6|nan|4168,48,0.0417587,8,6,1,0.00596481,0.00124333,0.0445666,0.0404765,-0.352223,0.172145
130_bNAb_Combinations|1313884|sample|7|nan|4168,0.0000768,0.836418,1,7,1,0.813281,0.82073,0.807801,0.80719,0.270874,0.276859
130_bNAb_Combinations|1313884|sample|7|nan|4168,0.000384,0.922776,2,7,1,0.826824,0.851312,0.818418,0.817446,0.975258,0.985481
130_bNAb_Combinations|1313884|sample|7|nan|4168,0.00192,0.897153,3,7,1,0.798819,0.873504,0.796989,0.794418,0.960677,0.988455
130_bNAb_Combinations|1313884|sample|7|nan|4168,0.0096,0.78389,4,7,1,0.680273,0.86171,0.718715,0.713244,0.691533,0.755191
130_bNAb_Combinations|1313884|sample|7|nan|4168,0.048,0.503936,5,7,1,0.438997,0.631961,0.553718,0.545748,-0.680732,-0.57984
130_bNAb_Combinations|1313884|sample|7|nan|4168,0.24,0.280795,6,7,1,0.199037,0.170266,0.34379,0.336481,-1.36161,-1.22845
130_bNAb_Combinations|1313884|sample|7|nan|4168,1.2,0.161478,7,7,1,0.0708964,0.0212421,0.175108,0.170711,-0.552335,-0.38286
130_bNAb_Combinations|1313884|sample|7|nan|4168,6,0.0913986,8,7,1,0.0229463,0.00313507,0.0776114,0.0756301,1.13003,1.31985
130_bNAb_Combinations|1313884|sample|8|nan|4168,0.0000768,0.913412,1,8,1,0.813281,0.82073,0.805164,0.80694,1.02791,1.00886
130_bNAb_Combinations|1313884|sample|8|nan|4168,0.000384,0.818351,2,8,1,0.826824,0.851312,0.812859,0.816749,0.0516665,0.014998
130_bNAb_Combinations|1313884|sample|8|nan|4168,0.00192,0.894723,3,8,1,0.798819,0.873504,0.786381,0.792638,1.05283,0.984365
130_bNAb_Combinations|1313884|sample|8|nan|4168,0.0096,0.810594,4,8,1,0.680273,0.86171,0.70191,0.709397,1.18012,1.08751
130_bNAb_Combinations|1313884|sample|8|nan|4168,0.048,0.521984,5,8,1,0.438997,0.631961,0.534852,0.539639,-0.181965,-0.247511
130_bNAb_Combinations|1313884|sample|8|nan|4168,0.24,0.263512,6,8,1,0.199037,0.170266,0.330813,0.330102,-1.50884,-1.49595
130_bNAb_Combinations|1313884|sample|8|nan|4168,1.2,0.145199,7,8,1,0.0708964,0.0212421,0.170025,0.166221,-1.03323,-0.892999
130_bNAb_Combinations|1313884|sample|8|nan|4168,6,0.0915325,8,8,1,0.0229463,0.00313507,0.0768101,0.0732351,1.21691,1.57185
130_bNAb_Combinations|1313884|sample|9|nan|4168,0.0003648,0.835442,1,9,1,0.797672,0.820434,0.752969,0.762809,0.836187,0.727139
130_bNAb_Combinations|1313884|sample|9|nan|4168,0.001824,0.770136,2,9,1,0.778099,0.848287,0.710688,0.728039,0.637726,0.441079
130_bNAb_Combinations|1313884|sample|9|nan|4168,0.00912,0.72326,3,9,1,0.670267,0.843835,0.611302,0.635907,1.39078,1.04428
130_bNAb_Combinations|1313884|sample|9|nan|4168,0.0456,0.460312,4,9,1,0.447457,0.645441,0.459884,0.486181,0.00700654,-0.401152
130_bNAb_Combinations|1313884|sample|9|nan|4168,0.228,0.270179,5,9,1,0.209819,0.184812,0.290853,0.310571,-0.523537,-0.961403
130_bNAb_Combinations|1313884|sample|9|nan|4168,1.14,0.154668,6,9,1,0.0755526,0.0234065,0.157546,0.168129,-0.128322,-0.565938
130_bNAb_Combinations|1313884|sample|9|nan|4168,5.7,0.0824654,7,9,1,0.0246566,0.00340966,0.0777804,0.0821988,0.383312,0.0208463
130_bNAb_Combinations|1313884|sample|9|nan|4168,28.5,0.0480713,8,9,1,0.00820007,0.0013572,0.0365192,0.0380053,1.6641,1.41136
130_bNAb_Combinations|1313884|vc|1|2|nan|4168,0,0.9016,1,2,1,0.820766,0.820766,0.820614,0.820766,0.754859,0.753305
130_bNAb_Combinations|1313884|vc|2|2|nan|4168,0,0.943493,2,2,1,0.851682,0.851682,0.850881,0.851682,0.833141,0.825171
130_bNAb_Combinations|1313884|vc|3|2|nan|4168,0,0.895508,3,2,1,0.851682,0.851682,0.850881,0.851682,0.401464,0.393892
130_bNAb_Combinations|1313884|vc|4|2|nan|4168,0,0.872534,4,2,1,0.851682,0.851682,0.850881,0.851682,0.194789,0.187408
130_bNAb_Combinations|1313884|vc|5|2|nan|4168,0,0.872572,5,2,1,0.851682,0.851682,0.850881,0.851682,0.195133,0.187751
130_bNAb_Combinations|1313884|vc|6|2|nan|4168,0,0.86009,6,2,1,0.851682,0.851682,0.850881,0.851682,0.0828476,0.0755691
130_bNAb_Combinations|1313884|vc|7|2|nan|4168,0,0.851932,7,2,1,0.851682,0.851682,0.850881,0.851682,0.00945308,0.00224221
130_bNAb_Combinations|1313884|vc|8|2|nan|4168,0,0.811301,8,2,1,0.820766,0.820766,0.820614,0.820766,-0.0867987,-0.0882001
130_bNAb_Combinations|1313920|cc|1|1|nan|1798,0,0.00106207,1,1,0,0,0,0,0,0.468197,0.468197
130_bNAb_Combinations|1313920|cc|2|1|nan|1798,0,0.00146853,2,1,0,0,0,0,0,0.647384,0.647384
130_bNAb_Combinations|1313920|cc|3|1|nan|1798,0,0.00173077,3,1,0,0,0,0,0,0.762988,0.762988
130_bNAb_Combinations|1313920|cc|4|1|nan|1798,0,0.00124563,4,1,0,0,0,0,0,0.54912,0.54912
130_bNAb_Combinations|1313920|cc|5|1|nan|1798,0,0.0014292,5,1,0,0,0,0,0,0.630043,0.630043
130_bNAb_Combinations|1313920|cc|6|1|nan|1798,0,0.0014292,6,1,0,0,0,0,0,0.630043,0.630043
130_bNAb_Combinations|1313920|cc|7|1|nan|1798,0,0.0012063,7,1,0,0,0,0,0,0.53178,0.53178
130_bNAb_Combinations|1313920|cc|8|1|nan|1798,0,0.00215035,8,1,0,0,0,0,0,0.947955,0.947955
130_bNAb_Combinations|1313920|sample|10|nan|1798,0.0003648,0.782696,1,10,1,0.797672,0.820434,0.820363,0.820196,-0.351189,-0.349702
130_bNAb_Combinations|1313920|sample|10|nan|1798,0.001824,0.776855,2,10,1,0.778099,0.848287,0.847278,0.845124,-0.636168,-0.618246
130_bNAb_Combinations|1313920|sample|10|nan|1798,0.00912,0.694879,3,10,1,0.670267,0.843835,0.827151,0.807299,-1.22334,-1.06476
130_bNAb_Combinations|1313920|sample|10|nan|1798,0.0456,0.420198,4,10,1,0.436914,0.630232,0.481124,0.446031,-0.954355,-0.435283
130_bNAb_Combinations|1313920|sample|10|nan|1798,0.228,0.0873778,5,10,1,0.204875,0.180457,0.0715477,0.0752822,1.3856,1.01621
130_bNAb_Combinations|1313920|sample|10|nan|1798,1.14,0.00264861,6,10,1,0.0755526,0.0234065,0.0066922,0.0084024,-1.29401,-1.72078
130_bNAb_Combinations|1313920|sample|10|nan|1798,5.7,0.000629372,7,10,1,0.0246566,0.00340966,0.00157493,0.00181197,-0.382822,-0.472984
130_bNAb_Combinations|1313920|sample|10|nan|1798,28.5,7.86715e-05,8,10,1,0.00820007,0.0013572,0.0011751,0.00119422,-0.453295,-0.460733
130_bNAb_Combinations|1313920|sample|11|nan|1798,0.0003712,0.869963,1,11,1,0.797383,0.820426,0.820589,0.820727,0.460216,0.458857
130_bNAb_Combinations|1313920|sample|11|nan|1798,0.001856,0.691286,2,11,1,0.777235,0.848202,0.850563,0.851232,-1.43338,-1.4383
130_bNAb_Combinations|1313920|sample|11|nan|1798,0.00928,0.783024,3,11,1,0.64875,0.818444,0.846955,0.846723,-0.577734,-0.575793
130_bNAb_Combinations|1313920|sample|11|nan|1798,0.0464,0.669481,4,11,1,0.421452,0.607564,0.804653,0.799756,-1.28437,-1.24525
130_bNAb_Combinations|1313920|sample|11|nan|1798,0.232,0.434162,5,11,1,0.196966,0.171791,0.497178,0.495403,-0.956309,-0.932594
130_bNAb_Combinations|1313920|sample|11|nan|1798,1.16,0.115116,6,11,1,0.0725089,0.0222099,0.0875501,0.0957648,2.04607,1.33237
130_bNAb_Combinations|1313920|sample|11|nan|1798,5.8,0.00319931,7,11,1,0.0243663,0.00335532,0.00887636,0.0106744,-1.66758,-2.05672
130_bNAb_Combinations|1313920|sample|11|nan|1798,29,0.000760491,8,11,1,0.0081111,0.00135189,0.00175147,0.00197342,-0.397575,-0.481137
130_bNAb_Combinations|1313920|sample|12|nan|1798,0.0003712,0.815542,1,12,1,0.797383,0.820426,0.8206,0.820749,-0.0471476,-0.0485265
130_bNAb_Combinations|1313920|sample|12|nan|1798,0.001856,0.74085,2,12,1,0.749021,0.817412,0.820423,0.820544,-0.741857,-0.742878
130_bNAb_Combinations|1313920|sample|12|nan|1798,0.00928,0.723103,3,12,1,0.6252,0.788735,0.818003,0.817898,-0.88731,-0.886442
130_bNAb_Combinations|1313920|sample|12|nan|1798,0.0464,0.623072,4,12,1,0.406154,0.585509,0.786192,0.785084,-1.58551,-1.57692
130_bNAb_Combinations|1313920|sample|12|nan|1798,0.232,0.462477,5,12,1,0.189816,0.165555,0.512849,0.516628,-0.741857,-0.791861
130_bNAb_Combinations|1313920|sample|12|nan|1798,1.16,0.11273,6,12,1,0.0698768,0.0214037,0.0897376,0.0959169,1.67184,1.15604
130_bNAb_Combinations|1313920|sample|12|nan|1798,5.8,0.00295018,7,12,1,0.0234818,0.00323352,0.00832614,0.00932494,-1.61249,-1.84147
130_bNAb_Combinations|1313920|sample|12|nan|1798,29,0,8,12,1,0.0081111,0.00135189,0.00167599,0.00177721,-0.675015,-0.712065
130_bNAb_Combinations|1313920|sample|3|nan|1798,0.000064,0.927104,1,3,1,0.814212,0.820738,0.818811,0.819323,1.01155,1.00616
130_bNAb_Combinations|1313920|sample|3|nan|1798,0.00032,0.90564,2,3,1,0.829863,0.851396,0.845029,0.846811,0.548953,0.531715
130_bNAb_Combinations|1313920|sample|3|nan|1798,0.0016,0.884681,3,3,1,0.807884,0.874362,0.857365,0.86109,0.243908,0.209756
130_bNAb_Combinations|1313920|sample|3|nan|1798,0.008,0.948877,4,3,1,0.685113,0.849345,0.819864,0.826558,1.20358,1.13208
130_bNAb_Combinations|1313920|sample|3|nan|1798,0.04,0.855769,5,3,1,0.458009,0.661953,0.720719,0.730856,1.42906,1.3039
130_bNAb_Combinations|1313920|sample|3|nan|1798,0.2,0.458209,6,3,1,0.220326,0.208531,0.522223,0.530434,-0.926395,-1.02957
130_bNAb_Combinations|1313920|sample|3|nan|1798,1,0.22622,7,3,1,0.079974,0.0270096,0.272103,0.272003,-1.23704,-1.23477
130_bNAb_Combinations|1313920|sample|3|nan|1798,5,0.122223,8,3,1,0.0259808,0.00372482,0.107285,0.103711,0.933685,1.1912
130_bNAb_Combinations|1313920|sample|4|nan|1798,0.000064,0.895872,1,4,1,0.814212,0.820738,0.818637,0.818404,0.721594,0.723973
130_bNAb_Combinations|1313920|sample|4|nan|1798,0.00032,0.93585,2,4,1,0.829863,0.851396,0.844502,0.844274,0.827844,0.83013
130_bNAb_Combinations|1313920|sample|4|nan|1798,0.0016,0.876977,3,4,1,0.807884,0.874362,0.855825,0.854473,0.189212,0.201612
130_bNAb_Combinations|1313920|sample|4|nan|1798,0.008,0.971855,4,4,1,0.701647,0.869842,0.835251,0.831049,1.25142,1.2963
130_bNAb_Combinations|1313920|sample|4|nan|1798,0.04,0.784276,5,4,1,0.469062,0.677927,0.728634,0.720788,0.582549,0.671754
130_bNAb_Combinations|1313920|sample|4|nan|1798,0.2,0.443294,6,4,1,0.220326,0.208531,0.508725,0.501646,-0.971175,-0.877905
130_bNAb_Combinations|1313920|sample|4|nan|1798,1,0.218818,7,4,1,0.079974,0.0270096,0.261532,0.260326,-1.1952,-1.16649
130_bNAb_Combinations|1313920|sample|4|nan|1798,5,0.123534,8,4,1,0.0259808,0.00372482,0.102563,0.104398,1.36225,1.22438
130_bNAb_Combinations|1313920|sample|5|nan|1798,0.0006144,0.907764,1,5,1,0.78732,0.820069,0.781896,0.793485,1.23,1.1008
130_bNAb_Combinations|1313920|sample|5|nan|1798,0.003072,0.859919,2,5,1,0.747909,0.844579,0.765506,0.786893,0.941922,0.709192
130_bNAb_Combinations|1313920|sample|5|nan|1798,0.01536,0.783712,3,5,1,0.603738,0.809854,0.700182,0.73279,0.909182,0.530175
130_bNAb_Combinations|1313920|sample|5|nan|1798,0.0768,0.672202,4,5,1,0.362583,0.4928,0.572957,0.610351,1.31289,0.769495
130_bNAb_Combinations|1313920|sample|5|nan|1798,0.384,0.368891,5,5,1,0.154759,0.0991017,0.394705,0.421926,-0.489082,-0.942605
130_bNAb_Combinations|1313920|sample|5|nan|1798,1.92,0.184222,6,5,1,0.0532859,0.0119201,0.226964,0.237172,-1.36494,-1.62321
130_bNAb_Combinations|1313920|sample|5|nan|1798,9.6,0.127972,7,5,1,0.0173226,0.00224408,0.114837,0.114629,0.774272,0.787769
130_bNAb_Combinations|1313920|sample|5|nan|1798,48,0.0587283,8,5,1,0.00596481,0.00124333,0.0537174,0.050635,0.548058,0.92511
130_bNAb_Combinations|1313920|sample|6|nan|1798,0.0006144,0.830286,1,6,1,0.78732,0.820069,0.776506,0.780392,0.529116,0.48849
130_bNAb_Combinations|1313920|sample|6|nan|1798,0.003072,0.853841,2,6,1,0.747909,0.844579,0.753977,0.761936,1.0112,0.921104
130_bNAb_Combinations|1313920|sample|6|nan|1798,0.01536,0.751916,3,6,1,0.603738,0.809854,0.678701,0.691776,0.821482,0.662342
130_bNAb_Combinations|1313920|sample|6|nan|1798,0.0768,0.612799,4,6,1,0.362583,0.4928,0.541116,0.557955,1.00231,0.744425
130_bNAb_Combinations|1313920|sample|6|nan|1798,0.384,0.297509,5,6,1,0.154759,0.0991017,0.360757,0.376238,-1.30578,-1.56154
130_bNAb_Combinations|1313920|sample|6|nan|1798,1.92,0.174251,6,6,1,0.0532859,0.0119201,0.201182,0.211264,-0.961336,-1.26302
130_bNAb_Combinations|1313920|sample|6|nan|1798,9.6,0.113582,7,6,1,0.0173226,0.00224408,0.0995674,0.104655,0.933646,0.569959
130_bNAb_Combinations|1313920|sample|6|nan|1798,48,0.057994,8,6,1,0.00596481,0.00124333,0.0459733,0.0481412,1.4746,1.16888
130_bNAb_Combinations|1313920|sample|7|nan|1798,0.0000768,0.81364,1,7,1,0.813281,0.82073,0.820603,0.820756,-0.0649005,-0.06631
130_bNAb_Combinations|1313920|sample|7|nan|1798,0.000384,0.811293,2,7,1,0.826824,0.851312,0.850727,0.851532,-0.354809,-0.361721
130_bNAb_Combinations|1313920|sample|7|nan|1798,0.00192,0.832548,3,7,1,0.798819,0.873504,0.873809,0.875059,-0.361641,-0.372079
130_bNAb_Combinations|1313920|sample|7|nan|1798,0.0096,0.838533,4,7,1,0.680273,0.86171,0.86571,0.867072,-0.240377,-0.252037
130_bNAb_Combinations|1313920|sample|7|nan|1798,0.048,0.504533,5,7,1,0.438997,0.63196,0.594134,0.591598,-1.14428,-1.11652
130_bNAb_Combinations|1313920|sample|7|nan|1798,0.24,0.121528,6,7,1,0.199037,0.170266,0.107683,0.1048,0.862645,1.06681
130_bNAb_Combinations|1313920|sample|7|nan|1798,1.2,0.00317308,7,7,1,0.0708964,0.0212421,0.00944103,0.00905766,-1.80288,-1.71684
130_bNAb_Combinations|1313920|sample|7|nan|1798,6,0.000773603,8,7,1,0.0229463,0.00313506,0.00171665,0.00167341,-0.379021,-0.36245
130_bNAb_Combinations|1313920|sample|8|nan|1798,0.0000768,0.853369,1,8,1,0.813281,0.82073,0.820607,0.820748,0.305374,0.30401
130_bNAb_Combinations|1313920|sample|8|nan|1798,0.000384,0.858752,2,8,1,0.826824,0.851312,0.850771,0.851441,0.071803,0.0657292
130_bNAb_Combinations|1313920|sample|8|nan|1798,0.00192,0.804488,3,8,1,0.798819,0.873504,0.874238,0.874033,-0.611044,-0.609384
130_bNAb_Combinations|1313920|sample|8|nan|1798,0.0096,0.786951,4,8,1,0.680273,0.86171,0.868261,0.857073,-0.717117,-0.626354
130_bNAb_Combinations|1313920|sample|8|nan|1798,0.048,0.487829,5,8,1,0.438997,0.63196,0.586466,0.551429,-1.27568,-0.873171
130_bNAb_Combinations|1313920|sample|8|nan|1798,0.24,0.111628,6,8,1,0.199037,0.170266,0.0932616,0.0961239,1.29311,1.06414
130_bNAb_Combinations|1313920|sample|8|nan|1798,1.2,0.0031862,7,8,1,0.0708964,0.0212421,0.00737742,0.00902807,-1.30465,-1.70626
130_bNAb_Combinations|1313920|sample|8|nan|1798,6,0.000694932,8,8,1,0.0229463,0.00313506,0.0015232,0.00172423,-0.336236,-0.413527
130_bNAb_Combinations|1313920|sample|9|nan|1798,0.0003648,0.799965,1,9,1,0.797672,0.820434,0.820384,0.820355,-0.190376,-0.190116
130_bNAb_Combinations|1313920|sample|9|nan|1798,0.001824,0.747006,2,9,1,0.778099,0.848287,0.847685,0.846681,-0.909061,-0.901038
130_bNAb_Combinations|1313920|sample|9|nan|1798,0.00912,0.676214,3,9,1,0.670267,0.843835,0.833768,0.820098,-1.44584,-1.34194
130_bNAb_Combinations|1313920|sample|9|nan|1798,0.0456,0.461861,4,9,1,0.447457,0.645441,0.533477,0.493149,-1.01525,-0.478564
130_bNAb_Combinations|1313920|sample|9|nan|1798,0.228,0.0981493,5,9,1,0.209819,0.184812,0.0891919,0.08491,0.654647,1.00795
130_bNAb_Combinations|1313920|sample|9|nan|1798,1.14,0.00317308,6,9,1,0.0755526,0.0234065,0.00824981,0.00878601,-1.52721,-1.65436
130_bNAb_Combinations|1313920|sample|9|nan|1798,5.7,0.000485141,7,9,1,0.0246566,0.00340966,0.00170181,0.00181031,-0.489367,-0.53005
130_bNAb_Combinations|1313920|sample|9|nan|1798,28.5,0.000563812,8,9,1,0.00820007,0.0013572,0.0011851,0.00119117,-0.256723,-0.259148
130_bNAb_Combinations|1313920|vc|1|2|nan|1798,0,0.838599,1,2,1,0.820766,0.820766,0.820614,0.820766,0.167637,0.166189
130_bNAb_Combinations|1313920|vc|2|2|nan|1798,0,0.91969,2,2,1,0.851682,0.851682,0.850881,0.851682,0.619007,0.611234
130_bNAb_Combinations|1313920|vc|3|2|nan|1798,0,0.872133,3,2,1,0.851682,0.851682,0.850881,0.851682,0.191183,0.183805
130_bNAb_Combinations|1313920|vc|4|2|nan|1798,0,0.947723,4,2,1,0.851682,0.851682,0.850881,0.851682,0.871195,0.86319
130_bNAb_Combinations|1313920|vc|5|2|nan|1798,0,1,5,2,1,0.851682,0.851682,0.850881,0.851682,1.34148,1.33304
130_bNAb_Combinations|1313920|vc|6|2|nan|1798,0,0.938505,6,2,1,0.851682,0.851682,0.850881,0.851682,0.788272,0.780344
130_bNAb_Combinations|1313920|vc|7|2|nan|1798,0,0.844873,7,2,1,0.851682,0.851682,0.850881,0.851682,-0.0540461,-0.0611984
130_bNAb_Combinations|1313920|vc|8|2|nan|1798,0,0.756315,8,2,1,0.820766,0.820766,0.820614,0.820766,-0.599316,-0.600625
130_bNAb_Combinations|1313938|cc|1|1|TRO.11|8301,0,0.000314857,1,1,0,0,0,0,0,0.138801,0.138801
130_bNAb_Combinations|1313938|cc|2|1|TRO.11|8301,0,0.000558156,2,1,0,0,0,0,0,0.246055,0.246055
130_bNAb_Combinations|1313938|cc|3|1|TRO.11|8301,0,0.000586779,3,1,0,0,0,0,0,0.258674,0.258674
130_bNAb_Combinations|1313938|cc|4|1|TRO.11|8301,0,0.000686961,4,1,0,0,0,0,0,0.302838,0.302838
130_bNAb_Combinations|1313938|cc|5|1|TRO.11|8301,0,0.000615402,5,1,0,0,0,0,0,0.271292,0.271292
130_bNAb_Combinations|1313938|cc|6|1|TRO.11|8301,0,0.001102,6,1,0,0,0,0,0,0.485802,0.485802
130_bNAb_Combinations|1313938|cc|7|1|TRO.11|8301,0,0.00120218,7,1,0,0,0,0,0,0.529966,0.529966
130_bNAb_Combinations|1313938|cc|8|1|TRO.11|8301,0,0.000457974,8,1,0,0,0,0,0,0.201892,0.201892
130_bNAb_Combinations|1313938|sample|10|TRO.11|8301,0.0003648,0.972099,1,10,1,0.797672,0.820373,0.819842,0.820249,1.42047,1.41599
130_bNAb_Combinations|1313938|sample|10|TRO.11|8301,0.001824,0.800331,2,10,1,0.778099,0.848212,0.837917,0.842359,-0.343255,-0.381839
130_bNAb_Combinations|1313938|sample|10|TRO.11|8301,0.00912,0.620841,3,10,1,0.670267,0.843755,0.68817,0.720816,-0.745309,-1.05777
130_bNAb_Combinations|1313938|sample|10|TRO.11|8301,0.0456,0.181823,4,10,1,0.436914,0.630172,0.150703,0.166643,1.44375,0.643377
130_bNAb_Combinations|1313938|sample|10|TRO.11|8301,0.228,0.00905929,5,10,1,0.204875,0.18044,0.0112668,0.0114153,-0.59498,-0.631762
130_bNAb_Combinations|1313938|sample|10|TRO.11|8301,1.14,0.000415039,6,10,1,0.0755526,0.0234043,0.00179781,0.00173989,-0.553444,-0.531837
130_bNAb_Combinations|1313938|sample|10|TRO.11|8301,5.7,0.000314857,7,10,1,0.0246566,0.00340936,0.00122201,0.00120837,-0.374114,-0.368754
130_bNAb_Combinations|1313938|sample|10|TRO.11|8301,28.5,0.000887324,8,10,1,0.00820007,0.0013571,0.00115006,0.00114106,-0.108765,-0.105093
130_bNAb_Combinations|1313938|sample|11|TRO.11|8301,0.0003712,0.957351,1,11,1,0.797383,0.820365,0.820546,0.820701,1.27524,1.27356
130_bNAb_Combinations|1313938|sample|11|TRO.11|8301,0.001856,0.926724,2,11,1,0.777235,0.848127,0.850632,0.851491,0.684721,0.67633
130_bNAb_Combinations|1313938|sample|11|TRO.11|8301,0.00928,0.826421,3,11,1,0.64875,0.818372,0.846441,0.848279,-0.181028,-0.197232
130_bNAb_Combinations|1313938|sample|11|TRO.11|8301,0.0464,0.657393,4,11,1,0.421452,0.60751,0.75209,0.765182,-0.961221,-1.07582
130_bNAb_Combinations|1313938|sample|11|TRO.11|8301,0.232,0.217337,5,11,1,0.196966,0.171776,0.196605,0.200901,0.755845,0.587456
130_bNAb_Combinations|1313938|sample|11|TRO.11|8301,1.16,0.00788574,6,11,1,0.0725089,0.0222079,0.011041,0.0101497,-0.857093,-0.634628
130_bNAb_Combinations|1313938|sample|11|TRO.11|8301,5.8,4.2935e-05,7,11,1,0.0243663,0.00335502,0.00158186,0.00149726,-0.622832,-0.591185
130_bNAb_Combinations|1313938|sample|11|TRO.11|8301,29,0.00034348,8,11,1,0.0081111,0.00135179,0.00116318,0.00115034,-0.3391,-0.334018
130_bNAb_Combinations|1313938|sample|12|TRO.11|8301,0.0003712,0.867789,1,12,1,0.797383,0.820365,0.820546,0.820693,0.44038,0.438933
130_bNAb_Combinations|1313938|sample|12|TRO.11|8301,0.001856,0.853241,2,12,1,0.749021,0.817351,0.820378,0.820436,0.306395,0.305837
130_bNAb_Combinations|1313938|sample|12|TRO.11|8301,0.00928,0.83694,3,12,1,0.6252,0.788676,0.816026,0.814686,0.196012,0.208906
130_bNAb_Combinations|1313938|sample|12|TRO.11|8301,0.0464,0.620225,4,12,1,0.406154,0.585465,0.716764,0.703593,-1.02705,-0.903114
130_bNAb_Combinations|1313938|sample|12|TRO.11|8301,0.232,0.188106,5,12,1,0.189816,0.165543,0.172337,0.173431,0.648289,0.599859
130_bNAb_Combinations|1313938|sample|12|TRO.11|8301,1.16,0.00864425,6,12,1,0.0698768,0.0214021,0.0093539,0.0107078,-0.204777,-0.567092
130_bNAb_Combinations|1313938|sample|12|TRO.11|8301,5.8,0,7,12,1,0.0234818,0.00323328,0.0014657,0.0015692,-0.596788,-0.635503
130_bNAb_Combinations|1313938|sample|12|TRO.11|8301,29,0.000143117,8,12,1,0.0081111,0.00135179,0.00116051,0.00115888,-0.420946,-0.420306
130_bNAb_Combinations|1313938|sample|3|TRO.11|8301,0.000064,0.999256,1,3,1,0.814212,0.820677,0.82055,0.820703,1.66581,1.66408
130_bNAb_Combinations|1313938|sample|3|TRO.11|8301,0.00032,1,2,3,1,0.829863,0.851321,0.850783,0.851594,1.34251,1.33397
130_bNAb_Combinations|1313938|sample|3|TRO.11|8301,0.0016,0.897106,3,3,1,0.807884,0.874279,0.875746,0.877045,0.186806,0.175192
130_bNAb_Combinations|1313938|sample|3|TRO.11|8301,0.008,0.970361,4,3,1,0.685113,0.849265,0.873954,0.875746,0.844838,0.827467
130_bNAb_Combinations|1313938|sample|3|TRO.11|8301,0.04,0.880483,5,3,1,0.458009,0.66189,0.857216,0.862351,0.207797,0.160987
130_bNAb_Combinations|1313938|sample|3|TRO.11|8301,0.2,0.715899,6,3,1,0.220326,0.208511,0.724838,0.743185,-0.0940668,-0.280205
130_bNAb_Combinations|1313938|sample|3|TRO.11|8301,1,0.31236,7,3,1,0.079974,0.0270072,0.285145,0.295062,0.702135,0.432116
130_bNAb_Combinations|1313938|sample|3|TRO.11|8301,5,0.0404162,8,3,1,0.0259808,0.00372455,0.0421143,0.0404314,-0.22174,-0.00204725
130_bNAb_Combinations|1313938|sample|4|TRO.11|8301,0.000064,0.979763,1,4,1,0.814212,0.820677,0.820546,0.820699,1.48416,1.48246
130_bNAb_Combinations|1313938|sample|4|TRO.11|8301,0.00032,0.958596,2,4,1,0.829863,0.851321,0.85075,0.851558,0.970336,0.962166
130_bNAb_Combinations|1313938|sample|4|TRO.11|8301,0.0016,0.947948,3,4,1,0.807884,0.874279,0.8755,0.876771,0.633788,0.621779
130_bNAb_Combinations|1313938|sample|4|TRO.11|8301,0.008,0.949609,4,4,1,0.701647,0.869759,0.893082,0.894868,0.484952,0.468711
130_bNAb_Combinations|1313938|sample|4|TRO.11|8301,0.04,0.862629,5,4,1,0.469062,0.677862,0.867018,0.870248,-0.0387569,-0.0670457
130_bNAb_Combinations|1313938|sample|4|TRO.11|8301,0.2,0.698095,6,4,1,0.220326,0.208511,0.684605,0.691837,0.150091,0.0689194
130_bNAb_Combinations|1313938|sample|4|TRO.11|8301,1,0.273174,7,4,1,0.079974,0.0270072,0.260697,0.264695,0.350163,0.234614
130_bNAb_Combinations|1313938|sample|4|TRO.11|8301,5,0.0442374,8,4,1,0.0259808,0.00372455,0.0432406,0.0432028,0.127759,0.132689
130_bNAb_Combinations|1313938|sample|5|TRO.11|8301,0.0006144,0.941673,1,5,1,0.78732,0.820008,0.820251,0.820437,1.13224,1.13026
130_bNAb_Combinations|1313938|sample|5|TRO.11|8301,0.003072,0.958739,2,5,1,0.747909,0.844504,0.848646,0.849667,0.992959,0.982593
130_bNAb_Combinations|1313938|sample|5|TRO.11|8301,0.01536,0.915761,3,5,1,0.603738,0.809777,0.860789,0.863388,0.488958,0.464464
130_bNAb_Combinations|1313938|sample|5|TRO.11|8301,0.0768,0.82456,4,5,1,0.362583,0.492753,0.799306,0.808005,0.241532,0.156662
130_bNAb_Combinations|1313938|sample|5|TRO.11|8301,0.384,0.514634,5,5,1,0.154759,0.0990922,0.486168,0.504159,0.44142,0.156832
130_bNAb_Combinations|1313938|sample|5|TRO.11|8301,1.92,0.141399,6,5,1,0.0532859,0.011919,0.128595,0.136269,0.683814,0.260323
130_bNAb_Combinations|1313938|sample|5|TRO.11|8301,9.6,0.0210382,7,5,1,0.0173226,0.00224388,0.0215889,0.0227674,-0.10947,-0.333693
130_bNAb_Combinations|1313938|sample|5|TRO.11|8301,48,0.00739914,8,5,1,0.00596481,0.00124324,0.00404755,0.00417783,1.20284,1.1492
130_bNAb_Combinations|1313938|sample|6|TRO.11|8301,0.0006144,0.9722,1,6,1,0.78732,0.820008,0.820385,0.820434,1.41543,1.41488
130_bNAb_Combinations|1313938|sample|6|TRO.11|8301,0.003072,0.899854,2,6,1,0.747909,0.844504,0.849479,0.849657,0.453909,0.452212
130_bNAb_Combinations|1313938|sample|6|TRO.11|8301,0.01536,0.850665,3,6,1,0.603738,0.809777,0.865636,0.863399,-0.132428,-0.11293
130_bNAb_Combinations|1313938|sample|6|TRO.11|8301,0.0768,0.801476,4,6,1,0.362583,0.492753,0.821992,0.808552,-0.190918,-0.0669245
130_bNAb_Combinations|1313938|sample|6|TRO.11|8301,0.384,0.527478,5,6,1,0.154759,0.0990922,0.528998,0.506963,-0.021725,0.305526
130_bNAb_Combinations|1313938|sample|6|TRO.11|8301,1.92,0.143947,6,6,1,0.0532859,0.011919,0.139501,0.138413,0.220954,0.276947
130_bNAb_Combinations|1313938|sample|6|TRO.11|8301,9.6,0.0206374,7,6,1,0.0173226,0.00224388,0.0215679,0.0232909,-0.18504,-0.505511
130_bNAb_Combinations|1313938|sample|6|TRO.11|8301,48,0.00800023,8,6,1,0.00596481,0.00124324,0.00377523,0.0042717,1.5355,1.32448
130_bNAb_Combinations|1313938|sample|7|TRO.11|8301,0.0000768,0.947047,1,7,1,0.813281,0.820668,0.820521,0.820688,1.17946,1.17766
130_bNAb_Combinations|1313938|sample|7|TRO.11|8301,0.000384,0.922266,2,7,1,0.826824,0.851236,0.85021,0.851255,0.648717,0.638542
130_bNAb_Combinations|1313938|sample|7|TRO.11|8301,0.00192,0.797075,3,7,1,0.798819,0.873422,0.864974,0.869703,-0.601071,-0.639505
130_bNAb_Combinations|1313938|sample|7|TRO.11|8301,0.0096,0.572639,4,7,1,0.680273,0.861628,0.728809,0.761848,-1.63464,-1.89653
130_bNAb_Combinations|1313938|sample|7|TRO.11|8301,0.048,0.211555,5,7,1,0.438997,0.6319,0.17361,0.190522,1.54967,0.789236
130_bNAb_Combinations|1313938|sample|7|TRO.11|8301,0.24,0.00928828,6,7,1,0.199037,0.17025,0.0125518,0.0123166,-0.842248,-0.787669
130_bNAb_Combinations|1313938|sample|7|TRO.11|8301,1.2,0.000157428,7,7,1,0.0708964,0.0212402,0.00180374,0.00170612,-0.658723,-0.622776
130_bNAb_Combinations|1313938|sample|7|TRO.11|8301,6,0.001102,8,7,1,0.0229463,0.00313483,0.00118092,0.00116403,-0.0326194,-0.0256623
130_bNAb_Combinations|1313938|sample|8|TRO.11|8301,0.0000768,0.992465,1,8,1,0.813281,0.820668,0.820527,0.82068,1.60277,1.60105
130_bNAb_Combinations|1313938|sample|8|TRO.11|8301,0.000384,0.918846,2,8,1,0.826824,0.851236,0.850319,0.851129,0.616871,0.60901
130_bNAb_Combinations|1313938|sample|8|TRO.11|8301,0.00192,0.798592,3,8,1,0.798819,0.873422,0.866925,0.868142,-0.60358,-0.613486
130_bNAb_Combinations|1313938|sample|8|TRO.11|8301,0.0096,0.614093,4,8,1,0.680273,0.861628,0.75376,0.752944,-1.41463,-1.40785
130_bNAb_Combinations|1313938|sample|8|TRO.11|8301,0.048,0.216235,5,8,1,0.438997,0.6319,0.201766,0.19677,0.515114,0.709128
130_bNAb_Combinations|1313938|sample|8|TRO.11|8301,0.24,0.0118501,6,8,1,0.199037,0.17025,0.0148525,0.0141837,-0.720158,-0.571458
130_bNAb_Combinations|1313938|sample|8|TRO.11|8301,1.2,0.000787142,7,8,1,0.0708964,0.0212402,0.00192762,0.00187094,-0.45345,-0.432162
130_bNAb_Combinations|1313938|sample|8|TRO.11|8301,6,0.000543844,8,8,1,0.0229463,0.00313483,0.00118738,0.0011756,-0.265882,-0.261178
130_bNAb_Combinations|1313938|sample|9|TRO.11|8301,0.0003648,0.965087,1,9,1,0.797672,0.820373,0.819833,0.82024,1.35514,1.35069
130_bNAb_Combinations|1313938|sample|9|TRO.11|8301,0.001824,0.834471,2,9,1,0.778099,0.848212,0.837897,0.841998,-0.0312909,-0.0684118
130_bNAb_Combinations|1313938|sample|9|TRO.11|8301,0.00912,0.637786,3,9,1,0.670267,0.843755,0.689464,0.713296,-0.571016,-0.80714
130_bNAb_Combinations|1313938|sample|9|TRO.11|8301,0.0456,0.173393,4,9,1,0.447457,0.645379,0.156749,0.160441,0.745418,0.568076
130_bNAb_Combinations|1313938|sample|9|TRO.11|8301,0.228,0.00868719,5,9,1,0.209819,0.184795,0.0118405,0.0107553,-0.833382,-0.567403
130_bNAb_Combinations|1313938|sample|9|TRO.11|8301,1.14,0.00025761,6,9,1,0.0755526,0.0234043,0.00182109,0.00168389,-0.625024,-0.574208
130_bNAb_Combinations|1313938|sample|9|TRO.11|8301,5.7,0.000543844,7,9,1,0.0246566,0.00340936,0.00122362,0.00120519,-0.280321,-0.272985
130_bNAb_Combinations|1313938|sample|9|TRO.11|8301,28.5,0.00104475,8,9,1,0.00820007,0.0013571,0.00115016,0.00114089,-0.0436374,-0.0398179
130_bNAb_Combinations|1313938|vc|1|2|TRO.11|8301,0,0.914116,1,2,1,0.820766,0.820705,0.820552,0.820705,0.872151,0.870573
130_bNAb_Combinations|1313938|vc|2|2|TRO.11|8301,0,0.902924,2,2,1,0.851682,0.851606,0.850805,0.851606,0.468908,0.461268
130_bNAb_Combinations|1313938|vc|3|2|TRO.11|8301,0,0.968414,3,2,1,0.851682,0.851606,0.850805,0.851606,1.05811,1.04993
130_bNAb_Combinations|1313938|vc|4|2|TRO.11|8301,0,0.926266,4,2,1,0.851682,0.851606,0.850805,0.851606,0.678915,0.671081
130_bNAb_Combinations|1313938|vc|5|2|TRO.11|8301,0,0.902967,5,2,1,0.851682,0.851606,0.850805,0.851606,0.469295,0.461654
130_bNAb_Combinations|1313938|vc|6|2|TRO.11|8301,0,0.92744,6,2,1,0.851682,0.851606,0.850805,0.851606,0.689474,0.68163
130_bNAb_Combinations|1313938|vc|7|2|TRO.11|8301,0,0.886129,7,2,1,0.851682,0.851606,0.850805,0.851606,0.317809,0.310308
130_bNAb_Combinations|1313938|vc|8|2|TRO.11|8301,0,0.777732,8,2,1,0.820766,0.820705,0.820552,0.820705,-0.399145,-0.400492
130_bNAb_Combinations|1313956|cc|1|1|Ce1176_A3|7023,0,0.000508745,1,1,0,0,0,0,0,0.224273,0.224273
130_bNAb_Combinations|1313956|cc|2|1|Ce1176_A3|7023,0,0.000481245,2,1,0,0,0,0,0,0.212151,0.212151
130_bNAb_Combinations|1313956|cc|3|1|Ce1176_A3|7023,0,0.000632494,3,1,0,0,0,0,0,0.278826,0.278826
130_bNAb_Combinations|1313956|cc|4|1|Ce1176_A3|7023,0,0.00112749,4,1,0,0,0,0,0,0.497038,0.497038
130_bNAb_Combinations|1313956|cc|5|1|Ce1176_A3|7023,0,0.00140249,5,1,0,0,0,0,0,0.618267,0.618267
130_bNAb_Combinations|1313956|cc|6|1|Ce1176_A3|7023,0,0.00147124,6,1,0,0,0,0,0,0.648575,0.648575
130_bNAb_Combinations|1313956|cc|7|1|Ce1176_A3|7023,0,0.00120999,7,1,0,0,0,0,0,0.533407,0.533407
130_bNAb_Combinations|1313956|cc|8|1|Ce1176_A3|7023,0,0.00149874,8,1,0,0,0,0,0,0.660697,0.660697
130_bNAb_Combinations|1313956|sample|10|Ce1176_A3|7023,0.0003648,0.703622,1,10,1,0.797672,0.820432,0.820102,0.820365,-1.08635,-1.08847
130_bNAb_Combinations|1313956|sample|10|Ce1176_A3|7023,0.001824,0.749608,2,10,1,0.778099,0.848285,0.84124,0.843592,-0.833574,-0.852633
130_bNAb_Combinations|1313956|sample|10|Ce1176_A3|7023,0.00912,0.514314,3,10,1,0.670267,0.843833,0.723262,0.737542,-2.20344,-2.30953
130_bNAb_Combinations|1313956|sample|10|Ce1176_A3|7023,0.0456,0.208599,4,10,1,0.436914,0.630231,0.179691,0.185644,1.14422,0.881991
130_bNAb_Combinations|1313956|sample|10|Ce1176_A3|7023,0.228,0.00944616,5,10,1,0.204875,0.180457,0.0132176,0.0128814,-0.952395,-0.877017
130_bNAb_Combinations|1313956|sample|10|Ce1176_A3|7023,1.14,0.000343747,6,10,1,0.0755526,0.0234065,0.00188484,0.00181607,-0.614071,-0.588734
130_bNAb_Combinations|1313956|sample|10|Ce1176_A3|7023,5.7,0.000233748,7,10,1,0.0246566,0.00340966,0.00122552,0.00121222,-0.408937,-0.403734
130_bNAb_Combinations|1313956|sample|10|Ce1176_A3|7023,28.5,0.000398746,8,10,1,0.00820007,0.0013572,0.00115025,0.00114133,-0.311104,-0.307555
130_bNAb_Combinations|1313956|sample|11|Ce1176_A3|7023,0.0003712,0.688607,1,11,1,0.797383,0.820423,0.820588,0.820729,-1.23021,-1.23132
130_bNAb_Combinations|1313956|sample|11|Ce1176_A3|7023,0.001856,0.732462,2,11,1,0.777235,0.8482,0.850559,0.851242,-1.0628,-1.0681
130_bNAb_Combinations|1313956|sample|11|Ce1176_A3|7023,0.00928,0.765771,3,11,1,0.64875,0.818442,0.846692,0.846345,-0.731491,-0.728653
130_bNAb_Combinations|1313956|sample|11|Ce1176_A3|7023,0.0464,0.662853,4,11,1,0.421452,0.607562,0.79886,0.790703,-1.30146,-1.23576
130_bNAb_Combinations|1313956|sample|11|Ce1176_A3|7023,0.232,0.428576,5,11,1,0.196966,0.171791,0.458326,0.438459,-0.488312,-0.169277
130_bNAb_Combinations|1313956|sample|11|Ce1176_A3|7023,1.16,0.0788005,6,11,1,0.0725089,0.0222099,0.0702285,0.0688838,0.761551,0.894694
130_bNAb_Combinations|1313956|sample|11|Ce1176_A3|7023,5.8,0.00151248,7,11,1,0.0243663,0.00335531,0.00685927,0.00715227,-1.69943,-1.77144
130_bNAb_Combinations|1313956|sample|11|Ce1176_A3|7023,29,0.000233748,8,11,1,0.0081111,0.00135188,0.00156618,0.00161311,-0.539698,-0.557351
130_bNAb_Combinations|1313956|sample|12|Ce1176_A3|7023,0.0003712,0.632164,1,12,1,0.797383,0.820423,0.820375,0.82053,-1.75478,-1.75591
130_bNAb_Combinations|1313956|sample|12|Ce1176_A3|7023,0.001856,0.613698,2,12,1,0.749021,0.81741,0.818548,0.81874,-1.91409,-1.91544
130_bNAb_Combinations|1313956|sample|12|Ce1176_A3|7023,0.00928,0.591375,3,12,1,0.6252,0.788732,0.802931,0.803492,-2.01437,-2.01833
130_bNAb_Combinations|1313956|sample|12|Ce1176_A3|7023,0.0464,0.519222,4,12,1,0.406154,0.585507,0.688239,0.691522,-1.87077,-1.89828
130_bNAb_Combinations|1313956|sample|12|Ce1176_A3|7023,0.232,0.330526,5,12,1,0.189816,0.165555,0.306557,0.313016,0.577562,0.413679
130_bNAb_Combinations|1313956|sample|12|Ce1176_A3|7023,1.16,0.0625069,6,12,1,0.0698768,0.0214036,0.0533261,0.0552103,1.00967,0.781723
130_bNAb_Combinations|1313956|sample|12|Ce1176_A3|7023,5.8,0.00237873,7,12,1,0.0234818,0.00323351,0.0074776,0.0077428,-1.58087,-1.64577
130_bNAb_Combinations|1313956|sample|12|Ce1176_A3|7023,29,0.000769992,8,12,1,0.0081111,0.00135188,0.00187787,0.0019046,-0.441607,-0.451646
130_bNAb_Combinations|1313956|sample|3|Ce1176_A3|7023,0.000064,0.742974,1,3,1,0.814212,0.820736,0.819536,0.819433,-0.714537,-0.713666
130_bNAb_Combinations|1313956|sample|3|Ce1176_A3|7023,0.00032,0.893054,2,3,1,0.829863,0.851394,0.847433,0.847565,0.412044,0.410782
130_bNAb_Combinations|1313956|sample|3|Ce1176_A3|7023,0.0016,0.908543,3,3,1,0.807884,0.87436,0.865141,0.864712,0.384133,0.38812
130_bNAb_Combinations|1313956|sample|3|Ce1176_A3|7023,0.008,0.937844,4,3,1,0.685113,0.849344,0.843142,0.840776,0.859595,0.883499
130_bNAb_Combinations|1313956|sample|3|Ce1176_A3|7023,0.04,0.777115,5,3,1,0.458009,0.661951,0.78159,0.776519,-0.0437502,0.00585857
130_bNAb_Combinations|1313956|sample|3|Ce1176_A3|7023,0.2,0.561758,6,3,1,0.220326,0.208531,0.6375,0.63214,-0.90328,-0.846287
130_bNAb_Combinations|1313956|sample|3|Ce1176_A3|7023,1,0.368964,7,3,1,0.079974,0.0270095,0.394335,0.394635,-0.481119,-0.486459
130_bNAb_Combinations|1313956|sample|3|Ce1176_A3|7023,5,0.208888,8,3,1,0.0259808,0.00372481,0.179407,0.184372,1.16857,0.947916
130_bNAb_Combinations|1313956|sample|4|Ce1176_A3|7023,0.000064,0.71326,1,4,1,0.814212,0.820736,0.819536,0.819498,-0.991855,-0.991544
130_bNAb_Combinations|1313956|sample|4|Ce1176_A3|7023,0.00032,0.883119,2,4,1,0.829863,0.851394,0.847454,0.847722,0.322117,0.319601
130_bNAb_Combinations|1313956|sample|4|Ce1176_A3|7023,0.0016,0.934819,3,4,1,0.807884,0.87436,0.865266,0.865047,0.615502,0.6176
130_bNAb_Combinations|1313956|sample|4|Ce1176_A3|7023,0.008,0.950487,4,4,1,0.701647,0.869841,0.863822,0.861629,0.768193,0.789594
130_bNAb_Combinations|1313956|sample|4|Ce1176_A3|7023,0.04,0.817519,5,4,1,0.469062,0.677926,0.802175,0.795648,0.146229,0.210105
130_bNAb_Combinations|1313956|sample|4|Ce1176_A3|7023,0.2,0.59253,6,4,1,0.220326,0.208531,0.642315,0.630854,-0.58939,-0.461723
130_bNAb_Combinations|1313956|sample|4|Ce1176_A3|7023,1,0.33859,7,4,1,0.079974,0.0270095,0.401387,0.390657,-1.1708,-0.996245
130_bNAb_Combinations|1313956|sample|4|Ce1176_A3|7023,5,0.207004,8,4,1,0.0259808,0.00372481,0.184873,0.180086,0.853557,1.06335
130_bNAb_Combinations|1313956|sample|5|Ce1176_A3|7023,0.0006144,0.687672,1,5,1,0.78732,0.820067,0.808754,0.808631,-1.14478,-1.14379
130_bNAb_Combinations|1313956|sample|5|Ce1176_A3|7023,0.003072,0.893274,2,5,1,0.747909,0.844577,0.821161,0.821424,0.671705,0.669046
130_bNAb_Combinations|1313956|sample|5|Ce1176_A3|7023,0.01536,0.886089,3,5,1,0.603738,0.809852,0.804206,0.804517,0.77846,0.7752
130_bNAb_Combinations|1313956|sample|5|Ce1176_A3|7023,0.0768,0.71535,4,5,1,0.362583,0.4928,0.734942,0.735243,-0.203399,-0.20644
130_bNAb_Combinations|1313956|sample|5|Ce1176_A3|7023,0.384,0.488319,5,5,1,0.154759,0.0991016,0.580971,0.581631,-1.20926,-1.21654
130_bNAb_Combinations|1313956|sample|5|Ce1176_A3|7023,1.92,0.393054,6,5,1,0.0532859,0.0119201,0.374212,0.375577,0.375648,0.347217
130_bNAb_Combinations|1313956|sample|5|Ce1176_A3|7023,9.6,0.204928,7,5,1,0.0173226,0.00224407,0.19783,0.199427,0.257296,0.197936
130_bNAb_Combinations|1313956|sample|5|Ce1176_A3|7023,48,0.100326,8,5,1,0.00596481,0.00124333,0.0902436,0.0914302,0.72968,0.636808
130_bNAb_Combinations|1313956|sample|6|Ce1176_A3|7023,0.0006144,0.700267,1,6,1,0.78732,0.820067,0.804422,0.804842,-0.989929,-0.993415
130_bNAb_Combinations|1313956|sample|6|Ce1176_A3|7023,0.003072,0.779562,2,6,1,0.747909,0.844577,0.811524,0.813183,-0.301175,-0.316174
130_bNAb_Combinations|1313956|sample|6|Ce1176_A3|7023,0.01536,0.830994,3,6,1,0.603738,0.809852,0.784387,0.787993,0.454028,0.417024
130_bNAb_Combinations|1313956|sample|6|Ce1176_A3|7023,0.0768,0.671062,4,6,1,0.362583,0.4928,0.69993,0.706836,-0.314318,-0.385806
130_bNAb_Combinations|1313956|sample|6|Ce1176_A3|7023,0.384,0.520893,5,6,1,0.154759,0.0991016,0.534562,0.545042,-0.1934,-0.335306
130_bNAb_Combinations|1313956|sample|6|Ce1176_A3|7023,1.92,0.352251,6,6,1,0.0532859,0.0119201,0.33292,0.344057,0.430776,0.17698
130_bNAb_Combinations|1313956|sample|6|Ce1176_A3|7023,9.6,0.186758,7,6,1,0.0173226,0.00224407,0.172998,0.181292,0.563741,0.214577
130_bNAb_Combinations|1313956|sample|6|Ce1176_A3|7023,48,0.0915191,8,6,1,0.00596481,0.00124333,0.0791366,0.0838647,0.998918,0.588755
130_bNAb_Combinations|1313956|sample|7|Ce1176_A3|7023,0.0000768,0.644896,1,7,1,0.813281,0.820727,0.820605,0.820756,-1.63777,-1.63888
130_bNAb_Combinations|1313956|sample|7|Ce1176_A3|7023,0.000384,0.807536,2,7,1,0.826824,0.85131,0.850703,0.85149,-0.388407,-0.395133
130_bNAb_Combinations|1313956|sample|7|Ce1176_A3|7023,0.00192,0.874608,3,7,1,0.798819,0.873503,0.87161,0.872582,0.0263419,0.0177835
130_bNAb_Combinations|1313956|sample|7|Ce1176_A3|7023,0.0096,0.712752,4,7,1,0.680273,0.861709,0.797485,0.795717,-0.812188,-0.796976
130_bNAb_Combinations|1313956|sample|7|Ce1176_A3|7023,0.048,0.234181,5,7,1,0.438997,0.63196,0.221501,0.219486,0.414151,0.484073
130_bNAb_Combinations|1313956|sample|7|Ce1176_A3|7023,0.24,0.0112199,6,7,1,0.199037,0.170266,0.0126934,0.0127666,-0.378524,-0.396377
130_bNAb_Combinations|1313956|sample|7|Ce1176_A3|7023,1.2,0.000769992,7,7,1,0.0708964,0.021242,0.00165028,0.00165473,-0.355012,-0.356723
130_bNAb_Combinations|1313956|sample|7|Ce1176_A3|7023,6,0.000536245,8,7,1,0.0229463,0.00313506,0.0011665,0.00115881,-0.260684,-0.257607
130_bNAb_Combinations|1313956|sample|8|Ce1176_A3|7023,0.0000768,0.696355,1,8,1,0.813281,0.820727,0.820606,0.820757,-1.15813,-1.15934
130_bNAb_Combinations|1313956|sample|8|Ce1176_A3|7023,0.000384,0.873701,2,8,1,0.826824,0.85131,0.850728,0.851524,0.206703,0.199351
130_bNAb_Combinations|1313956|sample|8|Ce1176_A3|7023,0.00192,0.872793,3,8,1,0.798819,0.873503,0.872176,0.873229,0.00541791,-0.00381832
130_bNAb_Combinations|1313956|sample|8|Ce1176_A3|7023,0.0096,0.757666,4,8,1,0.680273,0.861709,0.80784,0.804521,-0.474904,-0.445283
130_bNAb_Combinations|1313956|sample|8|Ce1176_A3|7023,0.048,0.240416,5,8,1,0.438997,0.63196,0.239985,0.228172,0.0130935,0.389105
130_bNAb_Combinations|1313956|sample|8|Ce1176_A3|7023,0.24,0.0117424,6,8,1,0.199037,0.170266,0.0138049,0.0128029,-0.511153,-0.271451
130_bNAb_Combinations|1313956|sample|8|Ce1176_A3|7023,1.2,0.000178748,7,8,1,0.0708964,0.021242,0.00168817,0.00163373,-0.607546,-0.58728
130_bNAb_Combinations|1313956|sample|8|Ce1176_A3|7023,6,0.000316247,8,8,1,0.0229463,0.00313506,0.00116771,0.0011571,-0.352156,-0.347966
130_bNAb_Combinations|1313956|sample|9|Ce1176_A3|7023,0.0003648,0.758106,1,9,1,0.797672,0.820432,0.82028,0.820508,-0.57975,-0.581719
130_bNAb_Combinations|1313956|sample|9|Ce1176_A3|7023,0.001824,0.682688,2,9,1,0.778099,0.848285,0.843724,0.845595,-1.46072,-1.4745
130_bNAb_Combinations|1313956|sample|9|Ce1176_A3|7023,0.00912,0.715818,3,9,1,0.670267,0.843833,0.743641,0.75198,-0.285551,-0.367113
130_bNAb_Combinations|1313956|sample|9|Ce1176_A3|7023,0.0456,0.196719,4,9,1,0.447457,0.64544,0.190029,0.185683,0.251627,0.423981
130_bNAb_Combinations|1313956|sample|9|Ce1176_A3|7023,0.228,0.00966615,5,9,1,0.209819,0.184812,0.0125026,0.011162,-0.733219,-0.404631
130_bNAb_Combinations|1313956|sample|9|Ce1176_A3|7023,1.14,0.000756242,6,9,1,0.0755526,0.0234065,0.00175547,0.00164086,-0.4008,-0.35693
130_bNAb_Combinations|1313956|sample|9|Ce1176_A3|7023,5.7,0.000439996,7,9,1,0.0246566,0.00340966,0.0012153,0.00120055,-0.319853,-0.314014
130_bNAb_Combinations|1313956|sample|9|Ce1176_A3|7023,28.5,0,8,9,1,0.00820007,0.0013572,0.00114956,0.00114063,-0.475905,-0.472432
130_bNAb_Combinations|1313956|vc|1|2|Ce1176_A3|7023,0,0.749127,1,2,1,0.820766,0.820763,0.820612,0.820763,-0.666297,-0.667592
130_bNAb_Combinations|1313956|vc|2|2|Ce1176_A3|7023,0,0.930921,2,2,1,0.851682,0.85168,0.850879,0.85168,0.72006,0.712196
130_bNAb_Combinations|1313956|vc|3|2|Ce1176_A3|7023,0,1,3,2,1,0.851682,0.85168,0.850879,0.85168,1.3415,1.33306
130_bNAb_Combinations|1313956|vc|4|2|Ce1176_A3|7023,0,0.968987,4,2,1,0.851682,0.85168,0.850879,0.85168,1.06251,1.05433
130_bNAb_Combinations|1313956|vc|5|2|Ce1176_A3|7023,0,0.924369,5,2,1,0.851682,0.85168,0.850879,0.85168,0.66112,0.65331
130_bNAb_Combinations|1313956|vc|6|2|Ce1176_A3|7023,0,0.980379,6,2,1,0.851682,0.85168,0.850879,0.85168,1.16499,1.15671
130_bNAb_Combinations|1313956|vc|7|2|Ce1176_A3|7023,0,0.892036,7,2,1,0.851682,0.85168,0.850879,0.85168,0.370252,0.36271
130_bNAb_Combinations|1313956|vc|8|2|Ce1176_A3|7023,0,0.653015,8,2,1,0.820766,0.820763,0.820612,0.820763,-1.56214,-1.56327
130_bNAb_Combinations|1313974|cc|1|1|nan|1176,0,0,1,1,0,0,0,0,0,0,0
130_bNAb_Combinations|1313974|cc|2|1|nan|1176,0,0.00187935,2,1,0,0,0,0,0,0.828485,0.828485
130_bNAb_Combinations|1313974|cc|3|1|nan|1176,0,0.00338282,3,1,0,0,0,0,0,1.49127,1.49127
130_bNAb_Combinations|1313974|cc|4|1|nan|1176,0,0.00250579,4,1,0,0,0,0,0,1.10465,1.10465
130_bNAb_Combinations|1313974|cc|5|1|nan|1176,0,0.00425985,5,1,0,0,0,0,0,1.8779,1.8779
130_bNAb_Combinations|1313974|cc|6|1|nan|1176,0,0.00200464,6,1,0,0,0,0,0,0.883717,0.883717
130_bNAb_Combinations|1313974|cc|7|1|nan|1176,0,0.00701623,7,1,0,0,0,0,0,3.09301,3.09301
130_bNAb_Combinations|1313974|cc|8|1|nan|1176,0,0.00275637,8,1,0,0,0,0,0,1.21511,1.21511
130_bNAb_Combinations|1313974|sample|10|nan|1176,0.0003648,0.564806,1,10,1,0.797672,0.713112,0.710991,0.712583,-1.56754,-1.58115
130_bNAb_Combinations|1313974|sample|10|nan|1176,0.001824,0.969555,2,10,1,0.778099,0.759782,0.757024,0.759627,2.14356,2.11021
130_bNAb_Combinations|1313974|sample|10|nan|1176,0.00912,0.987972,3,10,1,0.670267,0.773096,0.787867,0.79151,1.94096,1.89704
130_bNAb_Combinations|1313974|sample|10|nan|1176,0.0456,0.768277,4,10,1,0.436914,0.577399,0.7558,0.760685,0.126037,0.0762126
130_bNAb_Combinations|1313974|sample|10|nan|1176,0.228,0.6812,5,10,1,0.204875,0.16533,0.65902,0.665649,0.256109,0.177822
130_bNAb_Combinations|1313974|sample|10|nan|1176,1.14,0.388273,6,10,1,0.0755526,0.0214443,0.450862,0.456651,-1.04371,-1.12633
130_bNAb_Combinations|1313974|sample|10|nan|1176,5.7,0.221387,7,10,1,0.0246566,0.00305392,0.200442,0.201849,0.750157,0.695293
130_bNAb_Combinations|1313974|sample|10|nan|1176,28.5,0.0676565,8,10,1,0.00820007,0.00117967,0.0648224,0.0643454,0.268272,0.315247
130_bNAb_Combinations|1313974|sample|11|nan|1176,0.0003712,0.686964,1,11,1,0.797383,0.713105,0.711205,0.71268,-0.259861,-0.27512
130_bNAb_Combinations|1313974|sample|11|nan|1176,0.001856,0.787446,2,11,1,0.777235,0.759706,0.754037,0.756168,0.338262,0.315811
130_bNAb_Combinations|1313974|sample|11|nan|1176,0.00928,0.683957,3,11,1,0.64875,0.733053,0.706998,0.708518,-0.248428,-0.264267
130_bNAb_Combinations|1313974|sample|11|nan|1176,0.0464,0.431373,4,11,1,0.421452,0.544175,0.455832,0.4576,-0.4036,-0.43116
130_bNAb_Combinations|1313974|sample|11|nan|1176,0.232,0.127921,5,11,1,0.196966,0.153868,0.110767,0.112709,1.04315,0.911333
130_bNAb_Combinations|1313974|sample|11|nan|1176,1.16,0.00889557,6,11,1,0.0725089,0.0198927,0.0152965,0.0157897,-1.51467,-1.60735
130_bNAb_Combinations|1313974|sample|11|nan|1176,5.8,0.00664036,7,11,1,0.0243663,0.00300525,0.00270137,0.00278015,1.50681,1.471
130_bNAb_Combinations|1313974|sample|11|nan|1176,29,0.0085197,8,11,1,0.0081111,0.00117505,0.00116996,0.00117593,3.03942,3.03599
130_bNAb_Combinations|1313974|sample|12|nan|1176,0.0003712,0.62507,1,12,1,0.797383,0.713105,0.709784,0.710293,-0.909884,-0.914712
130_bNAb_Combinations|1313974|sample|12|nan|1176,0.001856,0.659149,2,12,1,0.749021,0.710485,0.6955,0.691694,-0.398257,-0.358474
130_bNAb_Combinations|1313974|sample|12|nan|1176,0.00928,0.546764,3,12,1,0.6252,0.685559,0.59981,0.582354,-0.671213,-0.463439
130_bNAb_Combinations|1313974|sample|12|nan|1176,0.0464,0.27877,4,12,1,0.406154,0.508918,0.287155,0.273231,-0.214908,0.148736
130_bNAb_Combinations|1313974|sample|12|nan|1176,0.232,0.0630207,5,12,1,0.189816,0.143899,0.0566651,0.0575433,0.667596,0.568637
130_bNAb_Combinations|1313974|sample|12|nan|1176,1.16,0.00413456,6,12,1,0.0698768,0.0186038,0.00853214,0.00945316,-1.30868,-1.52913
130_bNAb_Combinations|1313974|sample|12|nan|1176,5.8,0.0072668,7,12,1,0.0234818,0.00281054,0.00195549,0.00218275,2.10878,1.9955
130_bNAb_Combinations|1313974|sample|12|nan|1176,29,0.00375869,8,12,1,0.0081111,0.00117505,0.00111739,0.00115721,1.09533,1.07655
130_bNAb_Combinations|1313974|sample|3|nan|1176,0.000064,0.544885,1,3,1,0.814212,0.713376,0.706793,0.708594,-1.7462,-1.76124
130_bNAb_Combinations|1313974|sample|3|nan|1176,0.00032,0.833553,2,3,1,0.829863,0.762568,0.740394,0.743748,0.960194,0.921544
130_bNAb_Combinations|1313974|sample|3|nan|1176,0.0016,0.76765,3,3,1,0.807884,0.801063,0.726697,0.732675,0.42987,0.364204
130_bNAb_Combinations|1313974|sample|3|nan|1176,0.008,0.763766,4,3,1,0.685113,0.778144,0.578714,0.588141,2.42438,2.26509
130_bNAb_Combinations|1313974|sample|3|nan|1176,0.04,0.33966,5,3,1,0.458009,0.606461,0.327957,0.337118,0.264542,0.0559801
130_bNAb_Combinations|1313974|sample|3|nan|1176,0.2,0.074798,6,3,1,0.220326,0.19105,0.125245,0.129509,-2.75718,-2.90362
130_bNAb_Combinations|1313974|sample|3|nan|1176,1,0.0275637,7,3,1,0.079974,0.0241916,0.0364252,0.0375832,-1.27872,-1.41555
130_bNAb_Combinations|1313974|sample|3|nan|1176,5,0.0219257,8,3,1,0.0259808,0.00323758,0.0101071,0.0103541,3.31808,3.22018
130_bNAb_Combinations|1313974|sample|4|nan|1176,0.000064,0.596254,1,4,1,0.814212,0.713376,0.709877,0.710637,-1.22024,-1.22712
130_bNAb_Combinations|1313974|sample|4|nan|1176,0.00032,0.751363,2,4,1,0.829863,0.762568,0.750725,0.750196,0.00647956,0.0118674
130_bNAb_Combinations|1313974|sample|4|nan|1176,0.0016,0.81952,3,4,1,0.807884,0.801063,0.755871,0.749147,0.642913,0.717068
130_bNAb_Combinations|1313974|sample|4|nan|1176,0.008,0.746852,4,4,1,0.701647,0.810914,0.655703,0.636819,1.05763,1.31358
130_bNAb_Combinations|1313974|sample|4|nan|1176,0.04,0.327758,5,4,1,0.469062,0.632,0.37142,0.354518,-0.876729,-0.561735
130_bNAb_Combinations|1313974|sample|4|nan|1176,0.2,0.106747,6,4,1,0.220326,0.19105,0.120016,0.117144,-0.752766,-0.602365
130_bNAb_Combinations|1313974|sample|4|nan|1176,1,0.0308213,7,4,1,0.079974,0.0241916,0.0289617,0.0296821,0.311233,0.187765
130_bNAb_Combinations|1313974|sample|4|nan|1176,5,0.0120278,8,4,1,0.0259808,0.00323758,0.00686809,0.00735883,1.63938,1.45444
130_bNAb_Combinations|1313974|sample|5|nan|1176,0.0006144,0.585729,1,5,1,0.78732,0.712795,0.647992,0.630601,-0.730825,-0.540819
130_bNAb_Combinations|1313974|sample|5|nan|1176,0.003072,0.613794,2,5,1,0.747909,0.756462,0.593439,0.564736,0.260253,0.658139
130_bNAb_Combinations|1313974|sample|5|nan|1176,0.01536,0.526467,3,5,1,0.603738,0.741963,0.444157,0.41503,1.39251,2.01217
130_bNAb_Combinations|1313974|sample|5|nan|1176,0.0768,0.174278,4,5,1,0.362583,0.459415,0.253755,0.239497,-2.28758,-1.98124
130_bNAb_Combinations|1313974|sample|5|nan|1176,0.384,0.0800601,5,5,1,0.154759,0.092388,0.111327,0.109708,-1.89318,-1.81794
130_bNAb_Combinations|1313974|sample|5|nan|1176,1.92,0.03458,6,5,1,0.0532859,0.0109209,0.0416282,0.0435395,-0.927915,-1.14274
130_bNAb_Combinations|1313974|sample|5|nan|1176,9.6,0.0281902,7,5,1,0.0173226,0.00200994,0.0149939,0.0166426,3.15155,2.62548
130_bNAb_Combinations|1313974|sample|5|nan|1176,48,0.00826912,8,5,1,0.00596481,0.00108069,0.00561812,0.00651525,0.887395,0.565364
130_bNAb_Combinations|1313974|sample|6|nan|1176,0.0006144,0.51469,1,6,1,0.78732,0.712795,0.638281,0.645101,-1.47215,-1.5374
130_bNAb_Combinations|1313974|sample|6|nan|1176,0.003072,0.808369,2,6,1,0.747909,0.756462,0.576641,0.588434,3.04648,2.83519
130_bNAb_Combinations|1313974|sample|6|nan|1176,0.01536,0.47986,3,6,1,0.603738,0.741963,0.425788,0.439391,0.95265,0.691786
130_bNAb_Combinations|1313974|sample|6|nan|1176,0.0768,0.164756,4,6,1,0.362583,0.459415,0.24323,0.252521,-2.34981,-2.53768
130_bNAb_Combinations|1313974|sample|6|nan|1176,0.384,0.0816889,5,6,1,0.154759,0.092388,0.108631,0.112432,-1.66613,-1.84568
130_bNAb_Combinations|1313974|sample|6|nan|1176,1.92,0.045856,6,6,1,0.0532859,0.0109209,0.0417642,0.0428165,0.537474,0.392313
130_bNAb_Combinations|1313974|sample|6|nan|1176,9.6,0.023805,7,6,1,0.0173226,0.00200994,0.0154885,0.0156833,1.95659,1.89961
130_bNAb_Combinations|1313974|sample|6|nan|1176,48,0.00789325,8,6,1,0.00596481,0.00108069,0.00593903,0.00593637,0.645284,0.646237
130_bNAb_Combinations|1313974|sample|7|nan|1176,0.0000768,0.626699,1,7,1,0.813281,0.713369,0.71188,0.713356,-0.912275,-0.926209
130_bNAb_Combinations|1313974|sample|7|nan|1176,0.000384,0.800727,2,7,1,0.826824,0.762492,0.760405,0.762584,0.404908,0.381958
130_bNAb_Combinations|1313974|sample|7|nan|1176,0.00192,0.993736,3,7,1,0.798819,0.800278,0.800363,0.802462,1.84701,1.82228
130_bNAb_Combinations|1313974|sample|7|nan|1176,0.0096,1,4,7,1,0.680273,0.803333,0.831261,0.831025,1.55306,1.55566
130_bNAb_Combinations|1313974|sample|7|nan|1176,0.048,0.854476,5,7,1,0.438997,0.589148,0.815981,0.805768,0.360798,0.462184
130_bNAb_Combinations|1313974|sample|7|nan|1176,0.24,0.743344,6,7,1,0.199037,0.155992,0.707015,0.671029,0.391695,0.820418
130_bNAb_Combinations|1313974|sample|7|nan|1176,1.2,0.326505,7,7,1,0.0708964,0.0190258,0.427913,0.383352,-1.77813,-1.10753
130_bNAb_Combinations|1313974|sample|7|nan|1176,6,0.132932,8,7,1,0.0229463,0.00272496,0.128745,0.120237,0.22337,0.719064
130_bNAb_Combinations|1313974|sample|8|nan|1176,0.0000768,0.625321,1,8,1,0.813281,0.713369,0.711871,0.713389,-0.926952,-0.941253
130_bNAb_Combinations|1313974|sample|8|nan|1176,0.000384,0.783938,2,8,1,0.826824,0.762492,0.760356,0.762748,0.236828,0.212154
130_bNAb_Combinations|1313974|sample|8|nan|1176,0.00192,0.983211,3,8,1,0.798819,0.800278,0.800087,0.803225,1.74971,1.71315
130_bNAb_Combinations|1313974|sample|8|nan|1176,0.0096,0.927081,4,8,1,0.680273,0.803333,0.829764,0.834332,0.897287,0.850584
130_bNAb_Combinations|1313974|sample|8|nan|1176,0.048,0.862056,5,8,1,0.438997,0.589148,0.808537,0.817726,0.506132,0.414624
130_bNAb_Combinations|1313974|sample|8|nan|1176,0.24,0.641108,6,8,1,0.199037,0.155992,0.678045,0.697866,-0.414835,-0.619784
130_bNAb_Combinations|1313974|sample|8|nan|1176,1.2,0.408069,7,8,1,0.0708964,0.0190258,0.37608,0.391751,0.634734,0.311384
130_bNAb_Combinations|1313974|sample|8|nan|1176,6,0.107499,8,8,1,0.0229463,0.00272496,0.105695,0.10368,0.11417,0.245744
130_bNAb_Combinations|1313974|sample|9|nan|1176,0.0003648,0.584727,1,9,1,0.797672,0.713112,0.711218,0.712275,-1.35594,-1.36529
130_bNAb_Combinations|1313974|sample|9|nan|1176,0.001824,0.879471,2,9,1,0.778099,0.759782,0.757796,0.758671,1.22598,1.21578
130_bNAb_Combinations|1313974|sample|9|nan|1176,0.00912,0.847836,3,9,1,0.670267,0.773096,0.790355,0.788767,0.555829,0.572304
130_bNAb_Combinations|1313974|sample|9|nan|1176,0.0456,0.917183,4,9,1,0.447457,0.601715,0.794768,0.785939,1.17731,1.27609
130_bNAb_Combinations|1313974|sample|9|nan|1176,0.228,0.733697,5,9,1,0.209819,0.172292,0.702879,0.682301,0.334182,0.573706
130_bNAb_Combinations|1313974|sample|9|nan|1176,1.14,0.394788,6,9,1,0.0755526,0.0214443,0.470773,0.449542,-1.21545,-0.915635
130_bNAb_Combinations|1313974|sample|9|nan|1176,5.7,0.20109,7,9,1,0.0246566,0.00305392,0.210015,0.204922,-0.306213,-0.134498
130_bNAb_Combinations|1313974|sample|9|nan|1176,28.5,0.0780555,8,9,1,0.00820007,0.00117967,0.0663716,0.0689556,1.08563,0.82033
130_bNAb_Combinations|1313974|vc|1|2|nan|1176,0,0.615047,1,2,1,0.820766,0.7134,0.711893,0.7134,-1.03719,-1.05116
130_bNAb_Combinations|1313974|vc|2|2|nan|1176,0,0.671678,2,2,1,0.851682,0.762823,0.760491,0.762823,-0.891762,-0.912447
130_bNAb_Combinations|1313974|vc|3|2|nan|1176,0,0.718411,3,2,1,0.851682,0.762823,0.760491,0.762823,-0.422519,-0.444606
130_bNAb_Combinations|1313974|vc|4|2|nan|1176,0,0.81739,4,2,1,0.851682,0.762823,0.760491,0.762823,0.57132,0.546264
130_bNAb_Combinations|1313974|vc|5|2|nan|1176,0,0.786068,5,2,1,0.851682,0.762823,0.760491,0.762823,0.256814,0.232698
130_bNAb_Combinations|1313974|vc|6|2|nan|1176,0,0.718662,6,2,1,0.851682,0.762823,0.760491,0.762823,-0.420003,-0.442097
130_bNAb_Combinations|1313974|vc|7|2|nan|1176,0,0.706008,7,2,1,0.851682,0.762823,0.760491,0.762823,-0.547064,-0.568778
130_bNAb_Combinations|1313974|vc|8|2|nan|1176,0,0.513437,8,2,1,0.820766,0.7134,0.711893,0.7134,-2.12541,-2.13713
130_bNAb_Combinations|1313992|cc|1|1|RHPA4259.7|5371,0,0.000660826,1,1,0,0,0,0,0,0.291317,0.291317
130_bNAb_Combinations|1313992|cc|2|1|RHPA4259.7|5371,0,0.00171458,2,1,0,0,0,0,0,0.755848,0.755848
130_bNAb_Combinations|1313992|cc|3|1|RHPA4259.7|5371,0,0.00114305,3,1,0,0,0,0,0,0.503899,0.503899
130_bNAb_Combinations|1313992|cc|4|1|RHPA4259.7|5371,0,0.00148239,4,1,0,0,0,0,0,0.653494,0.653494
130_bNAb_Combinations|1313992|cc|5|1|RHPA4259.7|5371,0,0.00150025,5,1,0,0,0,0,0,0.661367,0.661367
130_bNAb_Combinations|1313992|cc|6|1|RHPA4259.7|5371,0,0.00133951,6,1,0,0,0,0,0,0.590507,0.590507
130_bNAb_Combinations|1313992|cc|7|1|RHPA4259.7|5371,0,0.001661,7,1,0,0,0,0,0,0.732228,0.732228
130_bNAb_Combinations|1313992|cc|8|1|RHPA4259.7|5371,0,0.00142881,8,1,0,0,0,0,0,0.629874,0.629874
130_bNAb_Combinations|1313992|sample|10|RHPA4259.7|5371,0.0003648,0.6759,1,10,1,0.797672,0.820434,0.819993,0.820052,-1.34405,-1.34452
130_bNAb_Combinations|1313992|sample|10|RHPA4259.7|5371,0.001824,0.701074,2,10,1,0.778099,0.848287,0.840745,0.840414,-1.27131,-1.26879
130_bNAb_Combinations|1313992|sample|10|RHPA4259.7|5371,0.00912,0.541985,3,10,1,0.670267,0.843835,0.735043,0.727064,-2.00402,-1.94177
130_bNAb_Combinations|1313992|sample|10|RHPA4259.7|5371,0.0456,0.23562,4,10,1,0.436914,0.630232,0.216808,0.210341,0.626758,0.866108
130_bNAb_Combinations|1313992|sample|10|RHPA4259.7|5371,0.228,0.0160206,5,10,1,0.204875,0.180457,0.0188399,0.018687,-0.6025,-0.572209
130_bNAb_Combinations|1313992|sample|10|RHPA4259.7|5371,1.14,0.00158956,6,10,1,0.0755526,0.0234065,0.00235406,0.00237338,-0.297511,-0.304737
130_bNAb_Combinations|1313992|sample|10|RHPA4259.7|5371,5.7,0.000392924,7,10,1,0.0246566,0.00340966,0.00125973,0.00125569,-0.356764,-0.355176
130_bNAb_Combinations|1313992|sample|10|RHPA4259.7|5371,28.5,0.000928729,8,10,1,0.00820007,0.0013572,0.00115262,0.00114446,-0.0926726,-0.0893325
130_bNAb_Combinations|1313992|sample|11|RHPA4259.7|5371,0.0003712,0.650289,1,11,1,0.797383,0.820426,0.818592,0.81715,-1.57252,-1.56174
130_bNAb_Combinations|1313992|sample|11|RHPA4259.7|5371,0.001856,0.618283,2,11,1,0.777235,0.848202,0.824408,0.813727,-1.9126,-1.83679
130_bNAb_Combinations|1313992|sample|11|RHPA4259.7|5371,0.00928,0.451639,3,11,1,0.64875,0.818444,0.600353,0.571061,-1.8801,-1.58489
130_bNAb_Combinations|1313992|sample|11|RHPA4259.7|5371,0.0464,0.163215,4,11,1,0.421452,0.607564,0.133196,0.138558,1.55427,1.23286
130_bNAb_Combinations|1313992|sample|11|RHPA4259.7|5371,0.232,0.0123414,5,11,1,0.196966,0.171791,0.0130426,0.0164455,-0.178092,-0.938508
130_bNAb_Combinations|1313992|sample|11|RHPA4259.7|5371,1.16,0,6,11,1,0.0725089,0.0222099,0.00211418,0.00265455,-0.832691,-1.0178
130_bNAb_Combinations|1313992|sample|11|RHPA4259.7|5371,5.8,0.000839428,7,11,1,0.0243663,0.00335532,0.00126189,0.00132266,-0.173858,-0.198235
130_bNAb_Combinations|1313992|sample|11|RHPA4259.7|5371,29,0.000500085,8,11,1,0.0081111,0.00135189,0.00115371,0.00115268,-0.270535,-0.270124
130_bNAb_Combinations|1313992|sample|12|RHPA4259.7|5371,0.0003712,0.617105,1,12,1,0.797383,0.820426,0.819371,0.818844,-1.88809,-1.88435
130_bNAb_Combinations|1313992|sample|12|RHPA4259.7|5371,0.001856,0.643716,2,12,1,0.749021,0.817412,0.804406,0.799239,-1.52729,-1.48753
130_bNAb_Combinations|1313992|sample|12|RHPA4259.7|5371,0.00928,0.450916,3,12,1,0.6252,0.788735,0.647407,0.627019,-2.30839,-2.13429
130_bNAb_Combinations|1313992|sample|12|RHPA4259.7|5371,0.0464,0.208089,4,12,1,0.406154,0.585509,0.180857,0.18117,1.07155,1.05757
130_bNAb_Combinations|1313992|sample|12|RHPA4259.7|5371,0.232,0.0184138,5,12,1,0.189816,0.165555,0.0181195,0.0207606,0.064167,-0.476471
130_bNAb_Combinations|1313992|sample|12|RHPA4259.7|5371,1.16,0.000125021,6,12,1,0.0698768,0.0214037,0.00245107,0.0028877,-0.900839,-1.04728
130_bNAb_Combinations|1313992|sample|12|RHPA4259.7|5371,5.8,0.000500085,7,12,1,0.0234818,0.00323352,0.00124665,0.00129249,-0.307489,-0.32558
130_bNAb_Combinations|1313992|sample|12|RHPA4259.7|5371,29,0.000285763,8,12,1,0.0081111,0.00135189,0.00115584,0.0011532,-0.36008,-0.359039
130_bNAb_Combinations|1313992|sample|3|RHPA4259.7|5371,0.000064,0.754539,1,3,1,0.814212,0.820738,0.820614,0.820766,-0.615872,-0.617178
130_bNAb_Combinations|1313992|sample|3|RHPA4259.7|5371,0.00032,0.910976,2,3,1,0.829863,0.851396,0.850876,0.851679,0.540663,0.532948
130_bNAb_Combinations|1313992|sample|3|RHPA4259.7|5371,0.0016,0.927479,3,3,1,0.807884,0.874362,0.875972,0.877215,0.450345,0.438865
130_bNAb_Combinations|1313992|sample|3|RHPA4259.7|5371,0.008,0.944785,4,3,1,0.685113,0.849345,0.875067,0.876497,0.610197,0.596721
130_bNAb_Combinations|1313992|sample|3|RHPA4259.7|5371,0.04,0.905162,5,3,1,0.458009,0.661953,0.862409,0.865632,0.379576,0.349675
130_bNAb_Combinations|1313992|sample|3|RHPA4259.7|5371,0.2,0.651807,6,3,1,0.220326,0.208531,0.715463,0.727391,-0.678417,-0.792649
130_bNAb_Combinations|1313992|sample|3|RHPA4259.7|5371,1,0.224351,7,3,1,0.079974,0.0270096,0.203829,0.205376,0.723765,0.664586
130_bNAb_Combinations|1313992|sample|3|RHPA4259.7|5371,5,0.0158956,8,3,1,0.0259808,0.00372483,0.0188279,0.0176843,-0.626844,-0.394731
130_bNAb_Combinations|1313992|sample|4|RHPA4259.7|5371,0.000064,0.699119,1,4,1,0.814212,0.820738,0.820614,0.820765,-1.13243,-1.13364
130_bNAb_Combinations|1313992|sample|4|RHPA4259.7|5371,0.00032,0.930694,2,4,1,0.829863,0.851396,0.850878,0.851676,0.718026,0.71019
130_bNAb_Combinations|1313992|sample|4|RHPA4259.7|5371,0.0016,0.969602,3,4,1,0.807884,0.874362,0.875997,0.877186,0.818412,0.806937
130_bNAb_Combinations|1313992|sample|4|RHPA4259.7|5371,0.008,1,4,4,1,0.701647,0.869842,0.896246,0.897328,0.887044,0.876753
130_bNAb_Combinations|1313992|sample|4|RHPA4259.7|5371,0.04,0.855217,5,4,1,0.469062,0.677927,0.885958,0.883545,-0.265814,-0.245604
130_bNAb_Combinations|1313992|sample|4|RHPA4259.7|5371,0.2,0.614506,6,4,1,0.220326,0.208531,0.733351,0.713189,-1.23643,-1.05499
130_bNAb_Combinations|1313992|sample|4|RHPA4259.7|5371,1,0.229173,7,4,1,0.079974,0.0270096,0.210704,0.206291,0.631757,0.798162
130_bNAb_Combinations|1313992|sample|4|RHPA4259.7|5371,5,0.0174851,8,4,1,0.0259808,0.00372483,0.0179052,0.0197833,-0.0921369,-0.478773
130_bNAb_Combinations|1313992|sample|5|RHPA4259.7|5371,0.0006144,0.682232,1,5,1,0.78732,0.820069,0.820594,0.820729,-1.28968,-1.29073
130_bNAb_Combinations|1313992|sample|5|RHPA4259.7|5371,0.003072,0.897884,2,5,1,0.747909,0.844579,0.850601,0.851218,0.425502,0.419652
130_bNAb_Combinations|1313992|sample|5|RHPA4259.7|5371,0.01536,0.905895,3,5,1,0.603738,0.809854,0.872048,0.871561,0.29724,0.301686
130_bNAb_Combinations|1313992|sample|5|RHPA4259.7|5371,0.0768,0.832025,4,5,1,0.362583,0.4928,0.843244,0.833013,-0.101819,-0.00907343
130_bNAb_Combinations|1313992|sample|5|RHPA4259.7|5371,0.384,0.471151,5,5,1,0.154759,0.0991017,0.475782,0.462791,-0.0733257,0.135947
130_bNAb_Combinations|1313992|sample|5|RHPA4259.7|5371,1.92,0.0757807,6,5,1,0.0532859,0.0119201,0.0667599,0.0722867,0.834336,0.303318
130_bNAb_Combinations|1313992|sample|5|RHPA4259.7|5371,9.6,0.0066797,7,5,1,0.0173226,0.00224408,0.00610749,0.00739429,0.18761,-0.222288
130_bNAb_Combinations|1313992|sample|5|RHPA4259.7|5371,48,0.00155384,8,5,1,0.00596481,0.00124333,0.00149109,0.00164209,0.0255144,-0.0356054
130_bNAb_Combinations|1313992|sample|6|RHPA4259.7|5371,0.0006144,0.679213,1,6,1,0.78732,0.820069,0.820543,0.820689,-1.31742,-1.31855
130_bNAb_Combinations|1313992|sample|6|RHPA4259.7|5371,0.003072,0.909244,2,6,1,0.747909,0.844579,0.850111,0.850859,0.532433,0.525241
130_bNAb_Combinations|1313992|sample|6|RHPA4259.7|5371,0.01536,0.882409,3,6,1,0.603738,0.809854,0.867817,0.868624,0.128753,0.121527
130_bNAb_Combinations|1313992|sample|6|RHPA4259.7|5371,0.0768,0.759665,4,6,1,0.362583,0.4928,0.816073,0.815037,-0.528635,-0.51957
130_bNAb_Combinations|1313992|sample|6|RHPA4259.7|5371,0.384,0.442039,5,6,1,0.154759,0.0991017,0.440677,0.438009,0.0232162,0.0691013
130_bNAb_Combinations|1313992|sample|6|RHPA4259.7|5371,1.92,0.0812102,6,6,1,0.0532859,0.0119201,0.074977,0.075185,0.525408,0.506737
130_bNAb_Combinations|1313992|sample|6|RHPA4259.7|5371,9.6,0.00728695,7,6,1,0.0173226,0.00224408,0.00860397,0.00873985,-0.390864,-0.428975
130_bNAb_Combinations|1313992|sample|6|RHPA4259.7|5371,48,0.000660826,8,6,1,0.00596481,0.00124333,0.00183735,0.00185361,-0.469943,-0.476043
130_bNAb_Combinations|1313992|sample|7|RHPA4259.7|5371,0.0000768,0.658728,1,7,1,0.813281,0.82073,0.820559,0.820721,-1.5085,-1.50972
130_bNAb_Combinations|1313992|sample|7|RHPA4259.7|5371,0.000384,0.835624,2,7,1,0.826824,0.851312,0.850022,0.850944,-0.129654,-0.137814
130_bNAb_Combinations|1313992|sample|7|RHPA4259.7|5371,0.00192,0.789589,3,7,1,0.798819,0.873504,0.862839,0.865384,-0.650011,-0.67065
130_bNAb_Combinations|1313992|sample|7|RHPA4259.7|5371,0.0096,0.635402,4,7,1,0.680273,0.86171,0.728268,0.737996,-0.972729,-1.06079
130_bNAb_Combinations|1313992|sample|7|RHPA4259.7|5371,0.048,0.221618,5,7,1,0.438997,0.631961,0.199692,0.202908,0.788004,0.662646
130_bNAb_Combinations|1313992|sample|7|RHPA4259.7|5371,0.24,0.0149132,6,7,1,0.199037,0.170266,0.0173631,0.0169674,-0.545575,-0.462667
130_bNAb_Combinations|1313992|sample|7|RHPA4259.7|5371,1.2,0.00198248,7,7,1,0.0708964,0.0212421,0.00224394,0.00216476,-0.102311,-0.0716106
130_bNAb_Combinations|1313992|sample|7|RHPA4259.7|5371,6,0.00167886,8,7,1,0.0229463,0.00313507,0.00121559,0.00119971,0.191119,0.197834
130_bNAb_Combinations|1313992|sample|8|RHPA4259.7|5371,0.0000768,0.639796,1,8,1,0.813281,0.82073,0.820596,0.820738,-1.68524,-1.68628
130_bNAb_Combinations|1313992|sample|8|RHPA4259.7|5371,0.000384,0.832418,2,8,1,0.826824,0.851312,0.850528,0.851195,-0.162987,-0.168856
130_bNAb_Combinations|1313992|sample|8|RHPA4259.7|5371,0.00192,0.855234,3,8,1,0.798819,0.873504,0.869329,0.868963,-0.12416,-0.120983
130_bNAb_Combinations|1313992|sample|8|RHPA4259.7|5371,0.0096,0.694582,4,8,1,0.680273,0.86171,0.78417,0.774895,-0.872985,-0.791761
130_bNAb_Combinations|1313992|sample|8|RHPA4259.7|5371,0.048,0.261848,5,8,1,0.438997,0.631961,0.244377,0.246044,0.520847,0.468198
130_bNAb_Combinations|1313992|sample|8|RHPA4259.7|5371,0.24,0.0198069,6,8,1,0.199037,0.170266,0.0183751,0.0204816,0.309924,-0.137985
130_bNAb_Combinations|1313992|sample|8|RHPA4259.7|5371,1.2,0.00117877,7,8,1,0.0708964,0.0212421,0.00210165,0.00232706,-0.363715,-0.447463
130_bNAb_Combinations|1313992|sample|8|RHPA4259.7|5371,6,0.000464364,8,8,1,0.0229463,0.00313507,0.00119564,0.00120606,-0.302,-0.306135
130_bNAb_Combinations|1313992|sample|9|RHPA4259.7|5371,0.0003648,0.59653,1,9,1,0.797672,0.820434,0.820308,0.820438,-2.08656,-2.08745
130_bNAb_Combinations|1313992|sample|9|RHPA4259.7|5371,0.001824,0.754182,2,9,1,0.778099,0.848287,0.844779,0.845235,-0.820784,-0.824477
130_bNAb_Combinations|1313992|sample|9|RHPA4259.7|5371,0.00912,0.593958,3,9,1,0.670267,0.843835,0.76837,0.765687,-1.7337,-1.71288
130_bNAb_Combinations|1313992|sample|9|RHPA4259.7|5371,0.0456,0.260651,4,9,1,0.447457,0.645441,0.241813,0.238042,0.567174,0.690733
130_bNAb_Combinations|1313992|sample|9|RHPA4259.7|5371,0.228,0.0158598,5,9,1,0.209819,0.184812,0.0178898,0.0177739,-0.445379,-0.421312
130_bNAb_Combinations|1313992|sample|9|RHPA4259.7|5371,1.14,0.000964449,6,9,1,0.0755526,0.0234065,0.0020783,0.00207788,-0.439496,-0.439341
130_bNAb_Combinations|1313992|sample|9|RHPA4259.7|5371,5.7,0.000267903,7,9,1,0.0246566,0.00340966,0.0012335,0.00122655,-0.397976,-0.395256
130_bNAb_Combinations|1313992|sample|9|RHPA4259.7|5371,28.5,0.000839428,8,9,1,0.00820007,0.0013572,0.00115056,0.0011421,-0.1288,-0.125354
130_bNAb_Combinations|1313992|vc|1|2|RHPA4259.7|5371,0,0.779132,1,2,1,0.820766,0.820766,0.820614,0.820766,-0.386643,-0.38799
130_bNAb_Combinations|1313992|vc|2|2|RHPA4259.7|5371,0,0.953474,2,2,1,0.851682,0.851682,0.850881,0.851682,0.922934,0.914881
130_bNAb_Combinations|1313992|vc|3|2|RHPA4259.7|5371,0,0.91795,3,2,1,0.851682,0.851682,0.850881,0.851682,0.60336,0.595602
130_bNAb_Combinations|1313992|vc|4|2|RHPA4259.7|5371,0,0.938007,4,2,1,0.851682,0.851682,0.850881,0.851682,0.783793,0.775869
130_bNAb_Combinations|1313992|vc|5|2|RHPA4259.7|5371,0,0.961699,5,2,1,0.851682,0.851682,0.850881,0.851682,0.996923,0.988802
130_bNAb_Combinations|1313992|vc|6|2|RHPA4259.7|5371,0,0.866995,6,2,1,0.851682,0.851682,0.850881,0.851682,0.144967,0.137631
130_bNAb_Combinations|1313992|vc|7|2|RHPA4259.7|5371,0,0.852279,7,2,1,0.851682,0.851682,0.850881,0.851682,0.012574,0.00536023
130_bNAb_Combinations|1313992|vc|8|2|RHPA4259.7|5371,0,0.715353,8,2,1,0.820766,0.820766,0.820614,0.820766,-0.981113,-0.982352
130_bNAb_Combinations|1314016|cc|1|1|nan|3430,0,0.0013549,1,1,0,0,0,0,0,0.597288,0.597288
130_bNAb_Combinations|1314016|cc|2|1|nan|3430,0,0.00201049,2,1,0,0,0,0,0,0.886298,0.886298
130_bNAb_Combinations|1314016|cc|3|1|nan|3430,0,0.00170455,3,1,0,0,0,0,0,0.751426,0.751426
130_bNAb_Combinations|1314016|cc|4|1|nan|3430,0,0.00253497,4,1,0,0,0,0,0,1.11751,1.11751
130_bNAb_Combinations|1314016|cc|5|1|nan|3430,0,0.00104895,5,1,0,0,0,0,0,0.462416,0.462416
130_bNAb_Combinations|1314016|cc|6|1|nan|3430,0,0.000743007,6,1,0,0,0,0,0,0.327545,0.327545
130_bNAb_Combinations|1314016|cc|7|1|nan|3430,0,0,7,1,0,0,0,0,0,0,0
130_bNAb_Combinations|1314016|cc|8|1|nan|3430,0,0.00187937,8,1,0,0,0,0,0,0.828496,0.828496
130_bNAb_Combinations|1314016|sample|10|nan|3430,0.0003648,0.774781,1,10,1,0.797672,0.820434,0.807834,0.807204,-0.31285,-0.307116
130_bNAb_Combinations|1314016|sample|10|nan|3430,0.001824,0.738134,2,10,1,0.778099,0.848287,0.794038,0.792967,-0.538137,-0.528518
130_bNAb_Combinations|1314016|sample|10|nan|3430,0.00912,0.636976,3,10,1,0.670267,0.843835,0.661732,0.661468,-0.284713,-0.28178
130_bNAb_Combinations|1314016|sample|10|nan|3430,0.0456,0.400415,4,10,1,0.436914,0.630232,0.355632,0.360171,0.937269,0.832155
130_bNAb_Combinations|1314016|sample|10|nan|3430,0.228,0.120367,5,10,1,0.204875,0.180457,0.115649,0.12042,0.276432,-0.0029693
130_bNAb_Combinations|1314016|sample|10|nan|3430,1.14,0.0218531,6,10,1,0.0755526,0.0234065,0.0293777,0.0314428,-1.24826,-1.52403
130_bNAb_Combinations|1314016|sample|10|nan|3430,5.7,0.0119318,7,10,1,0.0246566,0.00340966,0.00738797,0.00802278,1.41381,1.18631
130_bNAb_Combinations|1314016|sample|10|nan|3430,28.5,0.00895979,8,10,1,0.00820007,0.0013572,0.00247662,0.00264481,2.50765,2.42243
130_bNAb_Combinations|1314016|sample|11|nan|3430,0.0003712,1,1,11,1,0.797383,0.820426,0.819611,0.81981,1.68339,1.68113
130_bNAb_Combinations|1314016|sample|11|nan|3430,0.001856,0.764248,2,11,1,0.777235,0.848202,0.840217,0.841474,-0.691909,-0.702328
130_bNAb_Combinations|1314016|sample|11|nan|3430,0.00928,0.669886,3,11,1,0.64875,0.818444,0.751912,0.756205,-0.832791,-0.871517
130_bNAb_Combinations|1314016|sample|11|nan|3430,0.0464,0.36392,4,11,1,0.421452,0.607564,0.360104,0.368365,0.078932,-0.0899442
130_bNAb_Combinations|1314016|sample|11|nan|3430,0.232,0.066521,5,11,1,0.196966,0.171791,0.0571539,0.0590347,0.977497,0.762085
130_bNAb_Combinations|1314016|sample|11|nan|3430,1.16,0.00305944,6,11,1,0.0725089,0.0222099,0.00692767,0.0071048,-1.22607,-1.27307
130_bNAb_Combinations|1314016|sample|11|nan|3430,5.8,0.000437063,7,11,1,0.0243663,0.00335532,0.00174729,0.00175537,-0.525768,-0.528789
130_bNAb_Combinations|1314016|sample|11|nan|3430,29,0.00227273,8,11,1,0.0081111,0.00135189,0.00120021,0.00119294,0.442819,0.445995
130_bNAb_Combinations|1314016|sample|12|nan|3430,0.0003712,0.984091,1,12,1,0.797383,0.820426,0.81986,0.820262,1.53214,1.52766
130_bNAb_Combinations|1314016|sample|12|nan|3430,0.001856,0.80153,2,12,1,0.749021,0.817412,0.812129,0.814427,-0.0998057,-0.121109
130_bNAb_Combinations|1314016|sample|12|nan|3430,0.00928,0.693553,3,12,1,0.6252,0.788735,0.733508,0.747116,-0.415593,-0.547227
130_bNAb_Combinations|1314016|sample|12|nan|3430,0.0464,0.359899,4,12,1,0.406154,0.585509,0.349538,0.365309,0.220458,-0.110346
130_bNAb_Combinations|1314016|sample|12|nan|3430,0.232,0.0557255,5,12,1,0.189816,0.165555,0.0512012,0.0498017,0.512904,0.685485
130_bNAb_Combinations|1314016|sample|12|nan|3430,1.16,0.000305944,6,12,1,0.0698768,0.0214037,0.00581092,0.00520349,-1.82764,-1.66905
130_bNAb_Combinations|1314016|sample|12|nan|3430,5.8,0.00104895,7,12,1,0.0234818,0.00323352,0.0015607,0.00146215,-0.207342,-0.168274
130_bNAb_Combinations|1314016|sample|12|nan|3430,29,0.00161713,8,12,1,0.0081111,0.00135189,0.00118472,0.00116535,0.178681,0.186877
130_bNAb_Combinations|1314016|sample|3|nan|3430,0.000064,0.934375,1,3,1,0.814212,0.820738,0.812784,0.811723,1.14401,1.15547
130_bNAb_Combinations|1314016|sample|3|nan|3430,0.00032,0.84434,2,3,1,0.829863,0.851396,0.799018,0.793814,0.433613,0.486499
130_bNAb_Combinations|1314016|sample|3|nan|3430,0.0016,0.64458,3,3,1,0.807884,0.874362,0.609559,0.594017,0.436261,0.645859
130_bNAb_Combinations|1314016|sample|3|nan|3430,0.008,0.217177,4,3,1,0.685113,0.849345,0.222591,0.213482,-0.176051,0.124848
130_bNAb_Combinations|1314016|sample|3|nan|3430,0.04,0.0300699,5,3,1,0.458009,0.661953,0.043099,0.0420287,-1.67383,-1.56384
130_bNAb_Combinations|1314016|sample|3|nan|3430,0.2,0.0116259,6,3,1,0.220326,0.208531,0.00770387,0.0077102,1.20517,1.20293
130_bNAb_Combinations|1314016|sample|3|nan|3430,1,0.00983392,7,3,1,0.079974,0.0270096,0.00213041,0.00215191,3.03162,3.01989
130_bNAb_Combinations|1314016|sample|3|nan|3430,5,0.00957168,8,3,1,0.0259808,0.00372482,0.00128304,0.00128273,3.4073,3.40748
130_bNAb_Combinations|1314016|sample|4|nan|3430,0.000064,0.986801,1,4,1,0.814212,0.820738,0.817218,0.816552,1.58707,1.59459
130_bNAb_Combinations|1314016|sample|4|nan|3430,0.00032,0.92017,2,4,1,0.829863,0.851396,0.821331,0.816943,0.92048,0.966391
130_bNAb_Combinations|1314016|sample|4|nan|3430,0.0016,0.701202,3,4,1,0.807884,0.874362,0.667991,0.649708,0.378449,0.602867
130_bNAb_Combinations|1314016|sample|4|nan|3430,0.008,0.233566,4,4,1,0.701647,0.869842,0.243192,0.231797,-0.288257,0.0554149
130_bNAb_Combinations|1314016|sample|4|nan|3430,0.04,0.0290647,5,4,1,0.469062,0.677927,0.0379619,0.0373856,-1.24845,-1.17979
130_bNAb_Combinations|1314016|sample|4|nan|3430,0.2,0.0108392,6,4,1,0.220326,0.208531,0.00552144,0.00565767,1.78746,1.73152
130_bNAb_Combinations|1314016|sample|4|nan|3430,1,0.0083042,7,4,1,0.079974,0.0270096,0.00167465,0.0017082,2.67027,2.65217
130_bNAb_Combinations|1314016|sample|4|nan|3430,5,0.00472028,8,4,1,0.0259808,0.00372482,0.00120235,0.00120137,1.45232,1.4528
130_bNAb_Combinations|1314016|sample|5|nan|3430,0.0006144,0.749082,1,5,1,0.78732,0.820069,0.621326,0.63571,1.56214,1.35574
130_bNAb_Combinations|1314016|sample|5|nan|3430,0.003072,0.389576,2,5,1,0.747909,0.844579,0.343968,0.358788,0.98531,0.638962
130_bNAb_Combinations|1314016|sample|5|nan|3430,0.01536,0.0907343,3,5,1,0.603738,0.809854,0.113299,0.1178,-1.3457,-1.56053
130_bNAb_Combinations|1314016|sample|5|nan|3430,0.0768,0.0207168,4,5,1,0.362583,0.4928,0.028968,0.0294704,-1.38082,-1.44929
130_bNAb_Combinations|1314016|sample|5|nan|3430,0.384,0.0156906,5,5,1,0.154759,0.0991017,0.00742649,0.00737093,2.56742,2.59041
130_bNAb_Combinations|1314016|sample|5|nan|3430,1.92,0.00690559,6,5,1,0.0532859,0.0119201,0.0025428,0.00249021,1.68199,1.70669
130_bNAb_Combinations|1314016|sample|5|nan|3430,9.6,0.00743007,7,5,1,0.0173226,0.00224408,0.00146904,0.00144438,2.42672,2.43989
130_bNAb_Combinations|1314016|sample|5|nan|3430,48,0.0101836,8,5,1,0.00596481,0.00124333,0.00120676,0.00119324,3.70506,3.71329
130_bNAb_Combinations|1314016|sample|6|nan|3430,0.0006144,0.677579,1,6,1,0.78732,0.820069,0.628522,0.631259,0.59316,0.557702
130_bNAb_Combinations|1314016|sample|6|nan|3430,0.003072,0.36038,2,6,1,0.747909,0.844579,0.336652,0.33822,0.523205,0.48648
130_bNAb_Combinations|1314016|sample|6|nan|3430,0.01536,0.088243,3,6,1,0.603738,0.809854,0.102076,0.101715,-0.902249,-0.881347
130_bNAb_Combinations|1314016|sample|6|nan|3430,0.0768,0.0203234,4,6,1,0.362583,0.4928,0.0239762,0.0236259,-0.684459,-0.624063
130_bNAb_Combinations|1314016|sample|6|nan|3430,0.384,0.0114948,5,6,1,0.154759,0.0991017,0.00588763,0.0057557,1.85551,1.90983
130_bNAb_Combinations|1314016|sample|6|nan|3430,1.92,0.00655594,6,6,1,0.0532859,0.0119201,0.00213346,0.00209083,1.74014,1.7607
130_bNAb_Combinations|1314016|sample|6|nan|3430,9.6,0.0083479,7,6,1,0.0173226,0.00224408,0.001367,0.00135018,2.8571,2.8665
130_bNAb_Combinations|1314016|sample|6|nan|3430,48,0.00467657,8,6,1,0.00596481,0.00124333,0.00118239,0.00117174,1.44404,1.44926
130_bNAb_Combinations|1314016|sample|7|nan|3430,0.0000768,0.664773,1,7,1,0.813281,0.82073,0.820312,0.820352,-1.45027,-1.45058
130_bNAb_Combinations|1314016|sample|7|nan|3430,0.000384,0.829917,2,7,1,0.826824,0.851312,0.848772,0.848966,-0.170032,-0.171742
130_bNAb_Combinations|1314016|sample|7|nan|3430,0.00192,0.764467,3,7,1,0.798819,0.873504,0.861594,0.859831,-0.863114,-0.849154
130_bNAb_Combinations|1314016|sample|7|nan|3430,0.0096,0.770411,4,7,1,0.680273,0.86171,0.805785,0.79615,-0.335653,-0.247119
130_bNAb_Combinations|1314016|sample|7|nan|3430,0.048,0.49139,5,7,1,0.438997,0.63196,0.508796,0.495438,-0.258324,-0.0616465
130_bNAb_Combinations|1314016|sample|7|nan|3430,0.24,0.156862,6,7,1,0.199037,0.170266,0.14321,0.143252,0.662854,0.660631
130_bNAb_Combinations|1314016|sample|7|nan|3430,1.2,0.0207168,7,7,1,0.0708964,0.0212421,0.0249033,0.0263825,-0.767413,-1.00372
130_bNAb_Combinations|1314016|sample|7|nan|3430,6,0.00895979,8,7,1,0.0229463,0.00313506,0.00461958,0.00507003,1.51777,1.33336
130_bNAb_Combinations|1314016|sample|8|nan|3430,0.0000768,0.754545,1,8,1,0.813281,0.82073,0.819467,0.819642,-0.605953,-0.607456
130_bNAb_Combinations|1314016|sample|8|nan|3430,0.000384,0.798864,2,8,1,0.826824,0.851312,0.844774,0.845631,-0.415933,-0.423282
130_bNAb_Combinations|1314016|sample|8|nan|3430,0.00192,0.800874,3,8,1,0.798819,0.873504,0.844498,0.84569,-0.395344,-0.405591
130_bNAb_Combinations|1314016|sample|8|nan|3430,0.0096,0.751836,4,8,1,0.680273,0.86171,0.751877,0.751961,-0.00041686,-0.00127237
130_bNAb_Combinations|1314016|sample|8|nan|3430,0.048,0.501442,5,8,1,0.438997,0.63196,0.4494,0.445804,0.870565,0.937925
130_bNAb_Combinations|1314016|sample|8|nan|3430,0.24,0.11875,6,8,1,0.199037,0.170266,0.143234,0.139985,-1.18862,-1.05213
130_bNAb_Combinations|1314016|sample|8|nan|3430,1.2,0.0323427,7,8,1,0.0708964,0.0212421,0.0319057,0.0307909,0.0687944,0.24992
130_bNAb_Combinations|1314016|sample|8|nan|3430,6,0.010271,8,8,1,0.0229463,0.00313506,0.00705348,0.00676617,1.01464,1.11821
130_bNAb_Combinations|1314016|sample|9|nan|3430,0.0003648,0.854218,1,9,1,0.797672,0.820434,0.808953,0.807709,0.427859,0.440276
130_bNAb_Combinations|1314016|sample|9|nan|3430,0.001824,0.730004,2,9,1,0.778099,0.848287,0.798504,0.794409,-0.655768,-0.61967
130_bNAb_Combinations|1314016|sample|9|nan|3430,0.00912,0.572749,3,9,1,0.670267,0.843835,0.67471,0.663863,-1.15061,-1.04457
130_bNAb_Combinations|1314016|sample|9|nan|3430,0.0456,0.403955,4,9,1,0.447457,0.645441,0.380728,0.369488,0.455499,0.695549
130_bNAb_Combinations|1314016|sample|9|nan|3430,0.228,0.124956,5,9,1,0.209819,0.184812,0.12582,0.122378,-0.0470208,0.143827
130_bNAb_Combinations|1314016|sample|9|nan|3430,1.14,0.0266608,6,9,1,0.0755526,0.0234065,0.0312146,0.0308383,-0.727078,-0.672156
130_bNAb_Combinations|1314016|sample|9|nan|3430,5.7,0.0117133,7,9,1,0.0246566,0.00340966,0.00776736,0.00780365,1.2095,1.19667
130_bNAb_Combinations|1314016|sample|9|nan|3430,28.5,0.00231643,8,9,1,0.00820007,0.0013572,0.00255069,0.0025791,-0.0902768,-0.101085
130_bNAb_Combinations|1314016|vc|1|2|nan|3430,0,0.961123,1,2,1,0.820766,0.820766,0.820614,0.820766,1.30966,1.30801
130_bNAb_Combinations|1314016|vc|2|2|nan|3430,0,0.986976,2,2,1,0.851682,0.851682,0.850881,0.851682,1.22431,1.21598
130_bNAb_Combinations|1314016|vc|3|2|nan|3430,0,0.934987,3,2,1,0.851682,0.851682,0.850881,0.851682,0.756622,0.748723
130_bNAb_Combinations|1314016|vc|4|2|nan|3430,0,0.886582,4,2,1,0.851682,0.851682,0.850881,0.851682,0.321172,0.313674
130_bNAb_Combinations|1314016|vc|5|2|nan|3430,0,0.904633,5,2,1,0.851682,0.851682,0.850881,0.851682,0.483557,0.475909
130_bNAb_Combinations|1314016|vc|6|2|nan|3430,0,0.928955,6,2,1,0.851682,0.851682,0.850881,0.851682,0.702363,0.694514
130_bNAb_Combinations|1314016|vc|7|2|nan|3430,0,0.883566,7,2,1,0.851682,0.851682,0.850881,0.851682,0.294042,0.286569
130_bNAb_Combinations|1314016|vc|8|2|nan|3430,0,0.902404,8,2,1,0.820766,0.820766,0.820614,0.820766,0.762352,0.760796
130_bNAb_Combinations|1314040|cc|1|1|nan|4166,0,0.000767291,1,1,0,0,0,0,0,0.33825,0.33825
130_bNAb_Combinations|1314040|cc|2|1|nan|4166,0,0.000630275,2,1,0,0,0,0,0,0.277848,0.277848
130_bNAb_Combinations|1314040|cc|3|1|nan|4166,0,0,3,1,0,0,0,0,0,0,0
130_bNAb_Combinations|1314040|cc|4|1|nan|4166,0,0.00104132,4,1,0,0,0,0,0,0.459054,0.459054
130_bNAb_Combinations|1314040|cc|5|1|nan|4166,0,0.00117834,5,1,0,0,0,0,0,0.519456,0.519456
130_bNAb_Combinations|1314040|cc|6|1|nan|4166,0,0.00202784,6,1,0,0,0,0,0,0.893947,0.893947
130_bNAb_Combinations|1314040|cc|7|1|nan|4166,0,0.001699,7,1,0,0,0,0,0,0.748983,0.748983
130_bNAb_Combinations|1314040|cc|8|1|nan|4166,0,0.00219226,8,1,0,0,0,0,0,0.966429,0.966429
130_bNAb_Combinations|1314040|sample|10|nan|4166,0.0003648,0.809588,1,10,1,0.797672,0.820355,0.818057,0.817674,-0.0791765,-0.0756268
130_bNAb_Combinations|1314040|sample|10|nan|4166,0.001824,0.790529,2,10,1,0.778099,0.848221,0.811078,0.806951,-0.193731,-0.155599
130_bNAb_Combinations|1314040|sample|10|nan|4166,0.00912,0.456991,3,10,1,0.670267,0.843783,0.489412,0.479167,-0.499557,-0.348742
130_bNAb_Combinations|1314040|sample|10|nan|4166,0.0456,0.0730023,4,10,1,0.436914,0.630193,0.0647148,0.0660471,0.785521,0.648753
130_bNAb_Combinations|1314040|sample|10|nan|4166,0.228,0.0016442,5,10,1,0.204875,0.180446,0.00544777,0.00585346,-1.28257,-1.39495
130_bNAb_Combinations|1314040|sample|10|nan|4166,1.14,0.00145237,6,10,1,0.0755526,0.0234051,0.00148876,0.00152834,-0.0147965,-0.0308299
130_bNAb_Combinations|1314040|sample|10|nan|4166,5.7,0.000876905,7,10,1,0.0246566,0.0034094,0.00120654,0.00120279,-0.136054,-0.134532
130_bNAb_Combinations|1314040|sample|10|nan|4166,28.5,0.00142497,8,10,1,0.00820007,0.00135707,0.00114929,0.00114108,0.114132,0.117582
130_bNAb_Combinations|1314040|sample|11|nan|4166,0.0003712,0.722789,1,11,1,0.797383,0.820346,0.820119,0.819899,-0.907735,-0.905922
130_bNAb_Combinations|1314040|sample|11|nan|4166,0.001856,0.682835,2,11,1,0.777235,0.848137,0.841991,0.838071,-1.44658,-1.41742
130_bNAb_Combinations|1314040|sample|11|nan|4166,0.00928,0.694111,3,11,1,0.64875,0.818381,0.701127,0.669542,-0.0762627,0.279342
130_bNAb_Combinations|1314040|sample|11|nan|4166,0.0464,0.1565,4,11,1,0.421452,0.607517,0.159835,0.153444,-0.146776,0.139509
130_bNAb_Combinations|1314040|sample|11|nan|4166,0.232,0.0120848,5,11,1,0.196966,0.171778,0.0106622,0.0120606,0.391592,0.00636641
130_bNAb_Combinations|1314040|sample|11|nan|4166,1.16,0.000876905,6,11,1,0.0725089,0.0222082,0.00166077,0.00183688,-0.315954,-0.383454
130_bNAb_Combinations|1314040|sample|11|nan|4166,5.8,0.000959114,7,11,1,0.0243663,0.00335506,0.00121381,0.00122164,-0.105082,-0.108268
130_bNAb_Combinations|1314040|sample|11|nan|4166,6,0.00120574,8,11,1,0.0229463,0.00313476,0.00116924,0.0011751,0.015096,0.0126673
130_bNAb_Combinations|1314040|sample|12|nan|4166,0.0003712,0.634577,1,12,1,0.797383,0.820346,0.81648,0.815718,-1.70388,-1.6983
130_bNAb_Combinations|1314040|sample|12|nan|4166,0.001856,0.570344,2,12,1,0.749021,0.817333,0.778392,0.772887,-2.04202,-2.00183
130_bNAb_Combinations|1314040|sample|12|nan|4166,0.00928,0.44666,3,12,1,0.6252,0.788658,0.51639,0.504258,-1.02014,-0.862246
130_bNAb_Combinations|1314040|sample|12|nan|4166,0.0464,0.130275,4,12,1,0.406154,0.585452,0.111492,0.112091,1.13582,1.09453
130_bNAb_Combinations|1314040|sample|12|nan|4166,0.232,0.00937192,5,12,1,0.189816,0.165539,0.0126975,0.013585,-0.854173,-1.05144
130_bNAb_Combinations|1314040|sample|12|nan|4166,1.16,0.000685082,6,12,1,0.0698768,0.0214016,0.00222307,0.00238238,-0.602444,-0.659581
130_bNAb_Combinations|1314040|sample|12|nan|4166,5.8,0.000959114,7,12,1,0.0234818,0.00323321,0.00124719,0.00126233,-0.118645,-0.12478
130_bNAb_Combinations|1314040|sample|12|nan|4166,29,0.00142497,8,12,1,0.0081111,0.00135176,0.00115742,0.00115186,0.110716,0.113051
130_bNAb_Combinations|1314040|sample|3|nan|4166,0.000064,0.931259,1,3,1,0.814212,0.820658,0.816699,0.814261,1.0728,1.09884
130_bNAb_Combinations|1314040|sample|3|nan|4166,0.00032,0.9236,2,3,1,0.829863,0.851331,0.824994,0.81373,0.914309,1.03256
130_bNAb_Combinations|1314040|sample|3|nan|4166,0.0016,0.710882,3,3,1,0.807884,0.874307,0.724987,0.688194,-0.148404,0.251141
130_bNAb_Combinations|1314040|sample|3|nan|4166,0.008,0.333703,4,3,1,0.685113,0.849293,0.367469,0.335105,-0.684964,-0.0310414
130_bNAb_Combinations|1314040|sample|3|nan|4166,0.04,0.08358,5,3,1,0.458009,0.661911,0.086649,0.0840076,-0.229765,-0.0328501
130_bNAb_Combinations|1314040|sample|3|nan|4166,0.2,0.0126329,6,3,1,0.220326,0.208518,0.0152233,0.0164431,-0.614333,-0.871351
130_bNAb_Combinations|1314040|sample|3|nan|4166,1,0.0107147,7,3,1,0.079974,0.0270075,0.00326172,0.00372419,2.77491,2.54661
130_bNAb_Combinations|1314040|sample|3|nan|4166,5,0.00452154,8,3,1,0.0259808,0.00372446,0.00144908,0.00155586,1.25209,1.20188
130_bNAb_Combinations|1314040|sample|4|nan|4166,0.000064,0.849679,1,4,1,0.814212,0.820658,0.813759,0.815627,0.337566,0.319298
130_bNAb_Combinations|1314040|sample|4|nan|4166,0.00032,0.922147,2,4,1,0.829863,0.851331,0.814324,0.822257,1.0126,0.929234
130_bNAb_Combinations|1314040|sample|4|nan|4166,0.0016,0.857325,3,4,1,0.807884,0.874307,0.705899,0.727689,1.63516,1.35894
130_bNAb_Combinations|1314040|sample|4|nan|4166,0.008,0.429779,4,4,1,0.701647,0.869798,0.390998,0.411891,0.741422,0.325361
130_bNAb_Combinations|1314040|sample|4|nan|4166,0.04,0.0907322,5,4,1,0.469062,0.677893,0.113482,0.11598,-1.35483,-1.47552
130_bNAb_Combinations|1314040|sample|4|nan|4166,0.2,0.0240601,6,4,1,0.220326,0.208518,0.0239226,0.02298,0.0258007,0.207326
130_bNAb_Combinations|1314040|sample|4|nan|4166,1,0.0110435,7,4,1,0.079974,0.0270075,0.00537831,0.00492997,1.91606,2.10861
130_bNAb_Combinations|1314040|sample|4|nan|4166,5,0.00460375,8,4,1,0.0259808,0.00372446,0.00190233,0.00176943,1.07546,1.13606
130_bNAb_Combinations|1314040|sample|5|nan|4166,0.0006144,0.779376,1,5,1,0.78732,0.81999,0.73405,0.726277,0.471126,0.557684
130_bNAb_Combinations|1314040|sample|5|nan|4166,0.003072,0.614409,2,5,1,0.747909,0.844514,0.529728,0.521916,1.20868,1.3393
130_bNAb_Combinations|1314040|sample|5|nan|4166,0.01536,0.200195,3,5,1,0.603738,0.809804,0.213167,0.215973,-0.439023,-0.527566
130_bNAb_Combinations|1314040|sample|5|nan|4166,0.0768,0.0378713,4,5,1,0.362583,0.492776,0.0536347,0.0574118,-1.72611,-2.03214
130_bNAb_Combinations|1314040|sample|5|nan|4166,0.384,0.0177847,5,5,1,0.154759,0.0990967,0.0119334,0.0134012,1.54162,1.10044
130_bNAb_Combinations|1314040|sample|5|nan|4166,1.92,0.0106325,6,5,1,0.0532859,0.0119194,0.00327148,0.00368506,2.7394,2.53554
130_bNAb_Combinations|1314040|sample|5|nan|4166,9.6,0.00548065,7,5,1,0.0173226,0.0022439,0.00157738,0.00167629,1.58009,1.5322
130_bNAb_Combinations|1314040|sample|5|nan|4166,48,0.00260331,8,5,1,0.00596481,0.00124321,0.00122081,0.00123764,0.570188,0.562746
130_bNAb_Combinations|1314040|sample|6|nan|4166,0.0006144,0.836677,1,6,1,0.78732,0.81999,0.752139,0.744067,0.85804,0.949936
130_bNAb_Combinations|1314040|sample|6|nan|4166,0.003072,0.59672,2,6,1,0.747909,0.844514,0.567407,0.552181,0.391456,0.61068
130_bNAb_Combinations|1314040|sample|6|nan|4166,0.01536,0.231763,3,6,1,0.603738,0.809804,0.234453,0.227947,-0.0833418,0.121364
130_bNAb_Combinations|1314040|sample|6|nan|4166,0.0768,0.0379261,4,6,1,0.362583,0.492776,0.0568296,0.0570074,-1.98125,-1.99512
130_bNAb_Combinations|1314040|sample|6|nan|4166,0.384,0.0173463,5,6,1,0.154759,0.0990967,0.0119087,0.0123907,1.43379,1.2858
130_bNAb_Combinations|1314040|sample|6|nan|4166,1.92,0.00800175,6,6,1,0.0532859,0.0119194,0.00313792,0.00330409,1.82167,1.74553
130_bNAb_Combinations|1314040|sample|6|nan|4166,9.6,0.00649457,7,6,1,0.0173226,0.0022439,0.00152924,0.00156777,2.01505,1.99542
130_bNAb_Combinations|1314040|sample|6|nan|4166,48,0.00227447,8,6,1,0.00596481,0.00124321,0.00120777,0.00121023,0.440245,0.439171
130_bNAb_Combinations|1314040|sample|7|nan|4166,0.0000768,0.895881,1,7,1,0.813281,0.82065,0.820481,0.820597,0.702906,0.701723
130_bNAb_Combinations|1314040|sample|7|nan|4166,0.000384,1,2,7,1,0.826824,0.851246,0.849663,0.850083,1.35434,1.3499
130_bNAb_Combinations|1314040|sample|7|nan|4166,0.00192,0.885057,3,7,1,0.798819,0.87345,0.854469,0.851689,0.274035,0.299905
130_bNAb_Combinations|1314040|sample|7|nan|4166,0.0096,0.541804,4,7,1,0.680273,0.861667,0.612068,0.599861,-0.871788,-0.734574
130_bNAb_Combinations|1314040|sample|7|nan|4166,0.048,0.108462,5,7,1,0.438997,0.631929,0.0943401,0.0978458,0.984689,0.717793
130_bNAb_Combinations|1314040|sample|7|nan|4166,0.24,0.00367204,6,7,1,0.199037,0.170255,0.00667932,0.00753316,-0.962884,-1.19448
130_bNAb_Combinations|1314040|sample|7|nan|4166,1.2,0.00134276,7,7,1,0.0708964,0.0212404,0.0014789,0.00155418,-0.0553931,-0.085688
130_bNAb_Combinations|1314040|sample|7|nan|4166,6,0.00120574,8,7,1,0.0229463,0.00313476,0.00116338,0.00116134,0.0175265,0.0183719
130_bNAb_Combinations|1314040|sample|8|nan|4166,0.0000768,0.844966,1,8,1,0.813281,0.82065,0.820448,0.820597,0.22857,0.22714
130_bNAb_Combinations|1314040|sample|8|nan|4166,0.000384,0.936,2,8,1,0.826824,0.851246,0.849252,0.850123,0.781856,0.773219
130_bNAb_Combinations|1314040|sample|8|nan|4166,0.00192,0.95599,3,8,1,0.798819,0.87345,0.850382,0.852936,0.950605,0.924889
130_bNAb_Combinations|1314040|sample|8|nan|4166,0.0096,0.549326,4,8,1,0.680273,0.861667,0.601717,0.614909,-0.660889,-0.810057
130_bNAb_Combinations|1314040|sample|8|nan|4166,0.048,0.117697,5,8,1,0.438997,0.631929,0.100618,0.10695,1.12767,0.673537
130_bNAb_Combinations|1314040|sample|8|nan|4166,0.24,0.00523402,6,8,1,0.199037,0.170255,0.00787116,0.00837756,-0.805054,-0.941028
130_bNAb_Combinations|1314040|sample|8|nan|4166,1.2,0.00183602,7,8,1,0.0708964,0.0212404,0.0015895,0.00161488,0.0997329,0.0893474
130_bNAb_Combinations|1314040|sample|8|nan|4166,29,0.00120574,8,8,1,0.0081111,0.00135176,0.00114988,0.00114147,0.0231284,0.0266193
130_bNAb_Combinations|1314040|sample|9|nan|4166,0.0003648,0.860586,1,9,1,0.797672,0.820355,0.819433,0.819145,0.384122,0.386943
130_bNAb_Combinations|1314040|sample|9|nan|4166,0.001824,0.800655,2,9,1,0.778099,0.848221,0.830336,0.826485,-0.273484,-0.239087
130_bNAb_Combinations|1314040|sample|9|nan|4166,0.00912,0.529856,3,9,1,0.670267,0.843783,0.604297,0.588333,-0.935153,-0.753955
130_bNAb_Combinations|1314040|sample|9|nan|4166,0.0456,0.113285,4,9,1,0.447457,0.645408,0.0984454,0.101483,0.998163,0.773653
130_bNAb_Combinations|1314040|sample|9|nan|4166,0.228,0.00408309,5,9,1,0.209819,0.184803,0.00719395,0.00817728,-0.975478,-1.23509
130_bNAb_Combinations|1314040|sample|9|nan|4166,1.14,0.000959114,6,9,1,0.0755526,0.0234051,0.00154601,0.00164009,-0.23797,-0.274775
130_bNAb_Combinations|1314040|sample|9|nan|4166,5.7,0.00134276,7,9,1,0.0246566,0.0034094,0.00120777,0.0012081,0.0557131,0.0555754
130_bNAb_Combinations|1314040|sample|9|nan|4166,28.5,0.00109613,8,9,1,0.00820007,0.00135707,0.00114924,0.0011413,-0.0219877,-0.0187085
130_bNAb_Combinations|1314040|vc|1|2|nan|4166,0,0.872575,1,2,1,0.820766,0.820686,0.820541,0.820686,0.485037,0.483602
130_bNAb_Combinations|1314040|vc|2|2|nan|4166,0,0.811123,2,2,1,0.851682,0.851616,0.85082,0.851616,-0.357145,-0.363971
130_bNAb_Combinations|1314040|vc|3|2|nan|4166,0,0.8264,3,2,1,0.851682,0.851616,0.85082,0.851616,-0.2197,-0.226652
130_bNAb_Combinations|1314040|vc|4|2|nan|4166,0,0.88503,4,2,1,0.851682,0.851616,0.85082,0.851616,0.307768,0.300333
130_bNAb_Combinations|1314040|vc|5|2|nan|4166,0,0.762811,5,2,1,0.851682,0.851616,0.85082,0.851616,-0.791791,-0.798219
130_bNAb_Combinations|1314040|vc|6|2|nan|4166,0,0.755714,6,2,1,0.851682,0.851616,0.85082,0.851616,-0.855644,-0.862014
130_bNAb_Combinations|1314040|vc|7|2|nan|4166,0,0.742903,7,2,1,0.851682,0.851616,0.85082,0.851616,-0.970901,-0.977165
130_bNAb_Combinations|1314040|vc|8|2|nan|4166,0,0.592911,8,2,1,0.820766,0.820686,0.820541,0.820686,-2.12189,-2.12287
130_bNAb_Combinations|1314058|cc|1|1|nan|2944,0,0.00196858,1,1,0,0,0,0,0,0.867824,0.867824
130_bNAb_Combinations|1314058|cc|2|1|nan|2944,0,0.000401752,2,1,0,0,0,0,0,0.177107,0.177107
130_bNAb_Combinations|1314058|cc|3|1|nan|2944,0,0.00192841,3,1,0,0,0,0,0,0.850113,0.850113
130_bNAb_Combinations|1314058|cc|4|1|nan|2944,0,0.00156683,4,1,0,0,0,0,0,0.690717,0.690717
130_bNAb_Combinations|1314058|cc|5|1|nan|2944,0,0.00192841,5,1,0,0,0,0,0,0.850113,0.850113
130_bNAb_Combinations|1314058|cc|6|1|nan|2944,0,0.00273191,6,1,0,0,0,0,0,1.20433,1.20433
130_bNAb_Combinations|1314058|cc|7|1|nan|2944,0,0.00228998,7,1,0,0,0,0,0,1.00951,1.00951
130_bNAb_Combinations|1314058|cc|8|1|nan|2944,0,0,8,1,0,0,0,0,0,0,0
130_bNAb_Combinations|1314058|sample|10|nan|2944,0.0003648,0.569001,1,10,1,0.797672,0.820434,0.820397,0.819742,-2.34382,-2.33955
130_bNAb_Combinations|1314058|sample|10|nan|2944,0.001824,0.774678,2,10,1,0.778099,0.848287,0.844044,0.832356,-0.628975,-0.530188
130_bNAb_Combinations|1314058|sample|10|nan|2944,0.00912,0.604516,3,10,1,0.670267,0.843835,0.702075,0.612829,-1.05909,-0.103016
130_bNAb_Combinations|1314058|sample|10|nan|2944,0.0456,0.103933,4,10,1,0.436914,0.630232,0.102993,0.0981267,0.0608381,0.391633
130_bNAb_Combinations|1314058|sample|10|nan|2944,0.228,0.00494155,5,10,1,0.204875,0.180457,0.00497311,0.00703903,-0.0108654,-0.661827
130_bNAb_Combinations|1314058|sample|10|nan|2944,1.14,0.00176771,6,10,1,0.0755526,0.0234065,0.00134896,0.00153336,0.171543,0.0950818
130_bNAb_Combinations|1314058|sample|10|nan|2944,5.7,0.00212928,7,10,1,0.0246566,0.00340966,0.0011947,0.00119929,0.385982,0.383995
130_bNAb_Combinations|1314058|sample|10|nan|2944,28.5,0.00152666,8,10,1,0.00820007,0.0013572,0.00114856,0.00114075,0.156534,0.159834
130_bNAb_Combinations|1314058|sample|11|nan|2944,0.0003712,0.654956,1,11,1,0.797383,0.820426,0.820579,0.820702,-1.54381,-1.54473
130_bNAb_Combinations|1314058|sample|11|nan|2944,0.001856,0.910209,2,11,1,0.777235,0.848202,0.850209,0.850617,0.540179,0.536254
130_bNAb_Combinations|1314058|sample|11|nan|2944,0.00928,0.826323,3,11,1,0.64875,0.818444,0.838613,0.834823,-0.112148,-0.0779076
130_bNAb_Combinations|1314058|sample|11|nan|2944,0.0464,0.531096,4,11,1,0.421452,0.607564,0.669662,0.642546,-1.57518,-1.31896
130_bNAb_Combinations|1314058|sample|11|nan|2944,0.232,0.155357,5,11,1,0.196966,0.171791,0.14241,0.137096,0.631784,0.921677
130_bNAb_Combinations|1314058|sample|11|nan|2944,1.16,0.00719135,6,11,1,0.0725089,0.0222099,0.0102455,0.0110984,-0.853203,-1.05919
130_bNAb_Combinations|1314058|sample|11|nan|2944,5.8,0.000964204,7,11,1,0.0243663,0.00335532,0.00168507,0.0018046,-0.290197,-0.336246
130_bNAb_Combinations|1314058|sample|11|nan|2944,29,0.00116508,8,11,1,0.0081111,0.00135189,0.00117421,0.00117709,-0.00377662,-0.00496385
130_bNAb_Combinations|1314058|sample|12|nan|2944,0.0003712,0.691174,1,12,1,0.797383,0.820426,0.820342,0.820343,-1.20435,-1.20435
130_bNAb_Combinations|1314058|sample|12|nan|2944,0.001856,0.787493,2,12,1,0.749021,0.817412,0.817461,0.816429,-0.280373,-0.271052
130_bNAb_Combinations|1314058|sample|12|nan|2944,0.00928,0.705837,3,12,1,0.6252,0.788735,0.785325,0.778162,-0.773447,-0.710079
130_bNAb_Combinations|1314058|sample|12|nan|2944,0.0464,0.438512,4,12,1,0.406154,0.585509,0.538756,0.524822,-1.40761,-1.24308
130_bNAb_Combinations|1314058|sample|12|nan|2944,0.232,0.141899,5,12,1,0.189816,0.165555,0.116434,0.121239,1.48317,1.16171
130_bNAb_Combinations|1314058|sample|12|nan|2944,1.16,0.0106062,6,12,1,0.0698768,0.0214037,0.0125042,0.0145691,-0.490608,-0.958865
130_bNAb_Combinations|1314058|sample|12|nan|2944,5.8,0.000763328,7,12,1,0.0234818,0.00323352,0.00213565,0.00246242,-0.539919,-0.657658
130_bNAb_Combinations|1314058|sample|12|nan|2944,29,0.000682978,8,12,1,0.0081111,0.00135189,0.00123327,0.0012684,-0.226809,-0.240842
130_bNAb_Combinations|1314058|sample|3|nan|2944,0.000064,0.7568,1,3,1,0.814212,0.820738,0.815884,0.81764,-0.553843,-0.569099
130_bNAb_Combinations|1314058|sample|3|nan|2944,0.00032,0.711502,2,3,1,0.829863,0.851396,0.799216,0.811921,-0.838978,-0.94579
130_bNAb_Combinations|1314058|sample|3|nan|2944,0.0016,0.556567,3,3,1,0.807884,0.874362,0.509226,0.53925,0.702006,0.242948
130_bNAb_Combinations|1314058|sample|3|nan|2944,0.008,0.0999156,4,3,1,0.685113,0.849345,0.0978524,0.0980426,0.139492,0.126427
130_bNAb_Combinations|1314058|sample|3|nan|2944,0.04,0.00779398,5,3,1,0.458009,0.661953,0.0108579,0.00963443,-0.837616,-0.525636
130_bNAb_Combinations|1314058|sample|3|nan|2944,0.2,0.0069503,6,3,1,0.220326,0.208531,0.00209835,0.00188123,1.91252,2.02022
130_bNAb_Combinations|1314058|sample|3|nan|2944,1,0.00361576,7,3,1,0.079974,0.0270096,0.00126683,0.00123311,0.966424,0.982044
130_bNAb_Combinations|1314058|sample|3|nan|2944,5,0.00610662,8,3,1,0.0259808,0.00372482,0.00115502,0.00114368,2.04931,2.05524
130_bNAb_Combinations|1314058|sample|4|nan|2944,0.000064,0.636756,1,4,1,0.814212,0.820738,0.815829,0.813143,-1.67868,-1.65885
130_bNAb_Combinations|1314058|sample|4|nan|2944,0.00032,0.746153,2,4,1,0.829863,0.851396,0.799657,0.781245,-0.511484,-0.343199
130_bNAb_Combinations|1314058|sample|4|nan|2944,0.0016,0.537845,3,4,1,0.807884,0.874362,0.515617,0.470052,0.32567,1.08602
130_bNAb_Combinations|1314058|sample|4|nan|2944,0.008,0.0750874,4,4,1,0.701647,0.869842,0.10477,0.0971548,-1.89344,-1.501
130_bNAb_Combinations|1314058|sample|4|nan|2944,0.04,0.0161906,5,4,1,0.469062,0.677927,0.0118445,0.0122745,1.14847,1.02001
130_bNAb_Combinations|1314058|sample|4|nan|2944,0.2,0.00445944,6,4,1,0.220326,0.208531,0.00218321,0.00235017,0.893409,0.820992
130_bNAb_Combinations|1314058|sample|4|nan|2944,1,0.0061468,7,4,1,0.079974,0.0270096,0.00127601,0.0012972,2.00303,1.99209
130_bNAb_Combinations|1314058|sample|4|nan|2944,5,0.00337471,8,4,1,0.0259808,0.00372482,0.00115597,0.00115136,0.918224,0.920355
130_bNAb_Combinations|1314058|sample|5|nan|2944,0.0006144,0.421638,1,5,1,0.78732,0.820069,0.533932,0.545637,-1.59059,-1.7199
130_bNAb_Combinations|1314058|sample|5|nan|2944,0.003072,0.241091,2,5,1,0.747909,0.844579,0.204196,0.208356,1.2991,1.13142
130_bNAb_Combinations|1314058|sample|5|nan|2944,0.01536,0.0357559,3,5,1,0.603738,0.809854,0.0452771,0.0448389,-1.18089,-1.13443
130_bNAb_Combinations|1314058|sample|5|nan|2944,0.0768,0.0111687,4,5,1,0.362583,0.4928,0.00920651,0.00883326,0.569307,0.687124
130_bNAb_Combinations|1314058|sample|5|nan|2944,0.384,0.00397734,5,5,1,0.154759,0.0991017,0.00260833,0.00249089,0.526093,0.574545
130_bNAb_Combinations|1314058|sample|5|nan|2944,1.92,0.0050219,6,5,1,0.0532859,0.0119201,0.00144951,0.00141611,1.45579,1.47196
130_bNAb_Combinations|1314058|sample|5|nan|2944,9.6,0.00289261,7,5,1,0.0173226,0.00224408,0.00122748,0.00121408,0.686513,0.692524
130_bNAb_Combinations|1314058|sample|5|nan|2944,48,0.00337471,8,5,1,0.00596481,0.00124333,0.00115442,0.0011448,0.91894,0.923391
130_bNAb_Combinations|1314058|sample|6|nan|2944,0.0006144,0.459122,1,6,1,0.78732,0.820069,0.508513,0.516461,-0.733399,-0.838754
130_bNAb_Combinations|1314058|sample|6|nan|2944,0.003072,0.181552,2,6,1,0.747909,0.844579,0.157535,0.163533,1.07078,0.776793
130_bNAb_Combinations|1314058|sample|6|nan|2944,0.01536,0.0224981,3,6,1,0.603738,0.809854,0.0277586,0.0290957,-0.903743,-1.10108
130_bNAb_Combinations|1314058|sample|6|nan|2944,0.0768,0.00879836,4,6,1,0.362583,0.4928,0.00512456,0.00533724,1.25633,1.17268
130_bNAb_Combinations|1314058|sample|6|nan|2944,0.384,0.00377647,5,6,1,0.154759,0.0991017,0.00179399,0.00181974,0.793624,0.782284
130_bNAb_Combinations|1314058|sample|6|nan|2944,1.92,0.00425857,6,6,1,0.0532859,0.0119201,0.00129903,0.00129622,1.21559,1.21692
130_bNAb_Combinations|1314058|sample|6|nan|2944,9.6,0.00349524,7,6,1,0.0173226,0.00224408,0.00120064,0.00119337,0.947374,0.950741
130_bNAb_Combinations|1314058|sample|6|nan|2944,48,0.00317384,8,6,1,0.00596481,0.00124333,0.00114976,0.00114131,0.837937,0.841808
130_bNAb_Combinations|1314058|sample|7|nan|2944,0.0000768,0.772267,1,7,1,0.813281,0.82073,0.819972,0.819529,-0.444989,-0.441091
130_bNAb_Combinations|1314058|sample|7|nan|2944,0.000384,0.792997,2,7,1,0.826824,0.851312,0.844129,0.840529,-0.46358,-0.432748
130_bNAb_Combinations|1314058|sample|7|nan|2944,0.00192,0.847113,3,7,1,0.798819,0.873504,0.809847,0.785613,0.351871,0.598212
130_bNAb_Combinations|1314058|sample|7|nan|2944,0.0096,0.388996,4,7,1,0.680273,0.86171,0.488961,0.443773,-1.54164,-0.927474
130_bNAb_Combinations|1314058|sample|7|nan|2944,0.048,0.102889,5,7,1,0.438997,0.63196,0.0950543,0.0906603,0.542806,0.881593
130_bNAb_Combinations|1314058|sample|7|nan|2944,0.24,0.00903941,6,7,1,0.199037,0.170266,0.0111258,0.0121092,-0.565068,-0.804012
130_bNAb_Combinations|1314058|sample|7|nan|2944,1.2,0.00305331,7,7,1,0.0708964,0.0212421,0.0021414,0.00239868,0.358671,0.254187
130_bNAb_Combinations|1314058|sample|7|nan|2944,6,0.00325419,8,7,1,0.0229463,0.00313506,0.00123824,0.00127332,0.830675,0.814713
130_bNAb_Combinations|1314058|sample|8|nan|2944,0.0000768,0.84412,1,8,1,0.813281,0.82073,0.820604,0.820725,0.219199,0.21803
130_bNAb_Combinations|1314058|sample|8|nan|2944,0.000384,0.940119,2,8,1,0.826824,0.851312,0.850596,0.850888,0.80562,0.802714
130_bNAb_Combinations|1314058|sample|8|nan|2944,0.00192,0.824917,3,8,1,0.798819,0.873504,0.868138,0.86198,-0.381248,-0.329212
130_bNAb_Combinations|1314058|sample|8|nan|2944,0.0096,0.591097,4,8,1,0.680273,0.86171,0.719242,0.671963,-1.35871,-0.916188
130_bNAb_Combinations|1314058|sample|8|nan|2944,0.048,0.135872,5,8,1,0.438997,0.63196,0.117269,0.12216,1.07687,0.766001
130_bNAb_Combinations|1314058|sample|8|nan|2944,0.24,0.00361576,6,8,1,0.199037,0.170266,0.00599385,0.00833653,-0.783432,-1.4154
130_bNAb_Combinations|1314058|sample|8|nan|2944,1.2,0.00329436,7,8,1,0.0708964,0.0212421,0.00136225,0.00154911,0.790958,0.707538
130_bNAb_Combinations|1314058|sample|8|nan|2944,6,0.00289261,8,8,1,0.0229463,0.00313506,0.00115453,0.00115847,0.719355,0.717574
130_bNAb_Combinations|1314058|sample|9|nan|2944,0.0003648,0.631373,1,9,1,0.797672,0.820434,0.819024,0.818938,-1.75239,-1.75176
130_bNAb_Combinations|1314058|sample|9|nan|2944,0.001824,0.855028,2,9,1,0.778099,0.848287,0.82312,0.822072,0.296524,0.306646
130_bNAb_Combinations|1314058|sample|9|nan|2944,0.00912,0.528323,3,9,1,0.670267,0.843835,0.552468,0.554897,-0.330882,-0.362625
130_bNAb_Combinations|1314058|sample|9|nan|2944,0.0456,0.0948536,4,9,1,0.447457,0.645441,0.0812186,0.0875334,1.07681,0.54342
130_bNAb_Combinations|1314058|sample|9|nan|2944,0.228,0.00401752,5,9,1,0.209819,0.184812,0.00627906,0.00712353,-0.736186,-0.976718
130_bNAb_Combinations|1314058|sample|9|nan|2944,1.14,0.00309349,6,9,1,0.0755526,0.0234065,0.00150984,0.00157601,0.643332,0.614338
130_bNAb_Combinations|1314058|sample|9|nan|2944,5.7,0.00200876,7,9,1,0.0246566,0.00340966,0.00120667,0.00120436,0.331055,0.332049
130_bNAb_Combinations|1314058|sample|9|nan|2944,28.5,0.00369612,8,9,1,0.00820007,0.0013572,0.00114932,0.00114118,1.05436,1.05818
130_bNAb_Combinations|1314058|vc|1|2|nan|2944,0,0.691535,1,2,1,0.820766,0.820766,0.820614,0.820766,-1.20312,-1.20432
130_bNAb_Combinations|1314058|vc|2|2|nan|2944,0,0.932385,2,2,1,0.851682,0.851682,0.850881,0.851682,0.733217,0.72534
130_bNAb_Combinations|1314058|vc|3|2|nan|2944,0,1,3,2,1,0.851682,0.851682,0.850881,0.851682,1.34148,1.33304
130_bNAb_Combinations|1314058|vc|4|2|nan|2944,0,0.97479,4,2,1,0.851682,0.851682,0.850881,0.851682,1.11469,1.10646
130_bNAb_Combinations|1314058|vc|5|2|nan|2944,0,0.982805,5,2,1,0.851682,0.851682,0.850881,0.851682,1.1868,1.1785
130_bNAb_Combinations|1314058|vc|6|2|nan|2944,0,0.897594,6,2,1,0.851682,0.851682,0.850881,0.851682,0.42023,0.412641
130_bNAb_Combinations|1314058|vc|7|2|nan|2944,0,0.932385,7,2,1,0.851682,0.851682,0.850881,0.851682,0.733217,0.72534
130_bNAb_Combinations|1314058|vc|8|2|nan|2944,0,0.756117,8,2,1,0.820766,0.820766,0.820614,0.820766,-0.601165,-0.602473
130_bNAb_Combinations|1342240|cc|1|1|nan|1798,0,0.000747678,1,1,0,0,0,0,0,0.329604,0.329604
130_bNAb_Combinations|1342240|cc|2|1|nan|1798,0,0.000889479,2,1,0,0,0,0,0,0.392115,0.392115
130_bNAb_Combinations|1342240|cc|3|1|nan|1798,0,0.00106995,3,1,0,0,0,0,0,0.471675,0.471675
130_bNAb_Combinations|1342240|cc|4|1|nan|1798,0,0.0011473,4,1,0,0,0,0,0,0.505772,0.505772
130_bNAb_Combinations|1342240|cc|5|1|nan|1798,0,0.00125043,5,1,0,0,0,0,0,0.551234,0.551234
130_bNAb_Combinations|1342240|cc|6|1|nan|1798,0,0.00109574,6,1,0,0,0,0,0,0.48304,0.48304
130_bNAb_Combinations|1342240|cc|7|1|nan|1798,0,0.00113441,7,1,0,0,0,0,0,0.500089,0.500089
130_bNAb_Combinations|1342240|cc|8|1|nan|1798,0,0.00134066,8,1,0,0,0,0,0,0.591014,0.591014
130_bNAb_Combinations|1342240|sample|10|nan|1798,0.000448,0.766119,1,10,1,0.794027,0.820336,0.820609,0.820719,-0.507895,-0.50886
130_bNAb_Combinations|1342240|sample|10|nan|1798,0.00224,0.821434,2,10,1,0.767287,0.847151,0.850518,0.850839,-0.261747,-0.264546
130_bNAb_Combinations|1342240|sample|10|nan|1798,0.0112,0.738977,3,10,1,0.645436,0.833054,0.86941,0.865537,-1.14887,-1.11965
130_bNAb_Combinations|1342240|sample|10|nan|1798,0.056,0.632239,4,10,1,0.403896,0.575216,0.773988,0.741542,-1.39903,-1.12489
130_bNAb_Combinations|1342240|sample|10|nan|1798,0.28,0.275474,5,10,1,0.182214,0.14231,0.267941,0.253314,0.206073,0.63888
130_bNAb_Combinations|1342240|sample|10|nan|1798,1.4,0.0264008,6,10,1,0.0658972,0.0178847,0.0229019,0.0266752,0.672949,-0.0483028
130_bNAb_Combinations|1342240|sample|10|nan|1798,7,0.000966825,7,10,1,0.0214429,0.00284587,0.00243955,0.0030642,-0.570686,-0.788324
130_bNAb_Combinations|1342240|sample|10|nan|1798,35,0.000283602,8,10,1,0.00721726,0.00130211,0.00121832,0.0012745,-0.385559,-0.407522
130_bNAb_Combinations|1342240|sample|11|nan|1798,0.0014272,0.861035,1,11,1,0.760703,0.818471,0.820178,0.82044,0.381019,0.37846
130_bNAb_Combinations|1342240|sample|11|nan|1798,0.007136,0.802026,2,11,1,0.677087,0.828549,0.843741,0.84579,-0.378375,-0.396017
130_bNAb_Combinations|1342240|sample|11|nan|1798,0.03568,0.624717,3,11,1,0.462451,0.667251,0.752678,0.762255,-1.29787,-1.37788
130_bNAb_Combinations|1342240|sample|11|nan|1798,0.1784,0.309855,4,11,1,0.227589,0.228524,0.283296,0.287017,0.689423,0.585577
130_bNAb_Combinations|1342240|sample|11|nan|1798,0.892,0.0255629,5,11,1,0.0861931,0.0314136,0.0277655,0.0260444,-0.378344,-0.0859752
130_bNAb_Combinations|1342240|sample|11|nan|1798,4.46,0.00112152,6,11,1,0.0291456,0.00433763,0.00296905,0.00270359,-0.697608,-0.605137
130_bNAb_Combinations|1342240|sample|11|nan|1798,22.3,0.000116019,7,11,1,0.00994269,0.00150262,0.00130655,0.00127347,-0.488802,-0.476046
130_bNAb_Combinations|1342240|sample|11|nan|1798,111.5,0.000348057,8,11,1,0.00374274,0.00117106,0.00115571,0.00114512,-0.334252,-0.330051
130_bNAb_Combinations|1342240|sample|12|nan|1798,0.0014272,0.714961,1,12,1,0.760703,0.818471,0.819991,0.819949,-0.979697,-0.979351
130_bNAb_Combinations|1342240|sample|12|nan|1798,0.007136,0.687741,2,12,1,0.652508,0.798475,0.8117,0.809989,-1.16781,-1.15408
130_bNAb_Combinations|1342240|sample|12|nan|1798,0.03568,0.579309,3,12,1,0.445664,0.643032,0.710271,0.698587,-1.40569,-1.30117
130_bNAb_Combinations|1342240|sample|12|nan|1798,0.1784,0.270124,4,12,1,0.219327,0.220229,0.257369,0.249457,0.362308,0.604437
130_bNAb_Combinations|1342240|sample|12|nan|1798,0.892,0.0278703,5,12,1,0.0830642,0.0302734,0.0267149,0.0273984,0.203155,0.0817252
130_bNAb_Combinations|1342240|sample|12|nan|1798,4.46,0,6,12,1,0.0280877,0.00418019,0.00301243,0.00320046,-1.13508,-1.19509
130_bNAb_Combinations|1342240|sample|12|nan|1798,22.3,0.00012891,7,12,1,0.00958177,0.00144808,0.0012807,0.00129719,-0.473537,-0.479902
130_bNAb_Combinations|1342240|sample|12|nan|1798,111.5,0.000953934,8,12,1,0.00374274,0.00117106,0.00115783,0.0011519,-0.084372,-0.0819449
130_bNAb_Combinations|1342240|sample|3|nan|1798,0.0010624,0.835221,1,3,1,0.771724,0.819262,0.820622,0.820777,0.136075,0.134604
130_bNAb_Combinations|1342240|sample|3|nan|1798,0.005312,0.877793,2,3,1,0.705296,0.83635,0.850723,0.851601,0.243574,0.235432
130_bNAb_Combinations|1342240|sample|3|nan|1798,0.02656,0.931355,3,3,1,0.52294,0.742469,0.872465,0.874957,0.516933,0.49368
130_bNAb_Combinations|1342240|sample|3|nan|1798,0.1328,0.830071,4,3,1,0.273405,0.314069,0.80828,0.824396,0.206144,0.0526561
130_bNAb_Combinations|1342240|sample|3|nan|1798,0.664,0.362418,5,3,1,0.107441,0.0477669,0.323694,0.344106,0.886263,0.395457
130_bNAb_Combinations|1342240|sample|3|nan|1798,3.32,0.0234358,6,3,1,0.0367223,0.00615669,0.0255675,0.0238915,-0.384748,-0.0855466
130_bNAb_Combinations|1342240|sample|3|nan|1798,26.2,0.000721896,7,3,1,0.0089724,0.00143705,0.00169754,0.00156088,-0.39251,-0.339922
130_bNAb_Combinations|1342240|sample|3|nan|1798,83,0.000966825,8,3,1,0.0043714,0.00118734,0.00120483,0.00117709,-0.0982434,-0.0869184
130_bNAb_Combinations|1342240|sample|4|nan|1798,0.0010624,0.808053,1,4,1,0.771724,0.819262,0.820627,0.820778,-0.117197,-0.118587
130_bNAb_Combinations|1342240|sample|4|nan|1798,0.005312,0.88955,2,4,1,0.705296,0.83635,0.850819,0.851631,0.348446,0.340829
130_bNAb_Combinations|1342240|sample|4|nan|1798,0.02656,0.902873,3,4,1,0.52294,0.742469,0.874101,0.87547,0.252093,0.239728
130_bNAb_Combinations|1342240|sample|4|nan|1798,0.1328,0.803702,4,4,1,0.280003,0.321647,0.84877,0.850003,-0.406421,-0.416947
130_bNAb_Combinations|1342240|sample|4|nan|1798,0.664,0.370758,5,4,1,0.110033,0.0489195,0.367333,0.349356,0.0695006,0.455571
130_bNAb_Combinations|1342240|sample|4|nan|1798,3.32,0.0203936,6,4,1,0.0367223,0.00615669,0.0243643,0.0208637,-0.73718,-0.0951991
130_bNAb_Combinations|1342240|sample|4|nan|1798,16.6,3.8673e-05,7,4,1,0.0120397,0.00166965,0.00209719,0.0018882,-0.811462,-0.736845
130_bNAb_Combinations|1342240|sample|4|nan|1798,83,0.000747678,8,4,1,0.0043714,0.00118734,0.00118286,0.00116454,-0.179842,-0.172437
130_bNAb_Combinations|1342240|sample|5|nan|1798,0.0004352,0.781556,1,5,1,0.794573,0.820354,0.820619,0.820773,-0.364103,-0.365469
130_bNAb_Combinations|1342240|sample|5|nan|1798,0.002176,0.904039,2,5,1,0.768894,0.847334,0.85073,0.851567,0.479657,0.471667
130_bNAb_Combinations|1342240|sample|5|nan|1798,0.01088,0.885103,3,5,1,0.649053,0.834756,0.873504,0.875156,0.101692,0.087046
130_bNAb_Combinations|1342240|sample|5|nan|1798,0.0544,0.869208,4,5,1,0.418398,0.59741,0.85905,0.864407,0.0905277,0.042525
130_bNAb_Combinations|1342240|sample|5|nan|1798,0.272,0.527313,5,5,1,0.189766,0.150819,0.53798,0.547931,-0.149991,-0.284815
130_bNAb_Combinations|1342240|sample|5|nan|1798,1.36,0.0863697,6,5,1,0.0671861,0.0185733,0.0798901,0.0778972,0.518686,0.692349
130_bNAb_Combinations|1342240|sample|5|nan|1798,6.8,0.00199811,7,5,1,0.0218689,0.00291582,0.00670291,0.00617102,-1.50495,-1.36452
130_bNAb_Combinations|1342240|sample|5|nan|1798,34,0.000618768,8,5,1,0.00734723,0.00130894,0.00150191,0.00143721,-0.358911,-0.333738
130_bNAb_Combinations|1342240|sample|6|nan|1798,0.0004352,0.71732,1,6,1,0.794573,0.820354,0.820605,0.820771,-0.962716,-0.964068
130_bNAb_Combinations|1342240|sample|6|nan|1798,0.002176,0.916067,2,6,1,0.768894,0.847334,0.850567,0.851538,0.589454,0.580065
130_bNAb_Combinations|1342240|sample|6|nan|1798,0.01088,0.806867,3,6,1,0.649053,0.834756,0.871724,0.874782,-0.569784,-0.594602
130_bNAb_Combinations|1342240|sample|6|nan|1798,0.0544,0.846707,4,6,1,0.418398,0.59741,0.842983,0.860367,0.0338028,-0.121561
130_bNAb_Combinations|1342240|sample|6|nan|1798,0.272,0.526075,5,6,1,0.189766,0.150819,0.491439,0.532727,0.531553,-0.094427
130_bNAb_Combinations|1342240|sample|6|nan|1798,1.36,0.0830309,6,6,1,0.0671861,0.0185733,0.0761771,0.0762023,0.570339,0.568085
130_bNAb_Combinations|1342240|sample|6|nan|1798,6.8,0.00320986,7,6,1,0.0218689,0.00291582,0.00731848,0.00627992,-1.28194,-0.999341
130_bNAb_Combinations|1342240|sample|6|nan|1798,34,0.000837915,8,6,1,0.00734723,0.00130894,0.00160965,0.00145809,-0.311888,-0.252616
130_bNAb_Combinations|1342240|sample|7|nan|1798,0.0016768,0.696346,1,7,1,0.753762,0.817877,0.820077,0.820097,-1.15401,-1.15417
130_bNAb_Combinations|1342240|sample|7|nan|1798,0.008384,0.847371,2,7,1,0.660063,0.822779,0.844509,0.844418,0.0259346,0.0267566
130_bNAb_Combinations|1342240|sample|7|nan|1798,0.04192,0.665569,3,7,1,0.450466,0.650932,0.807616,0.805523,-1.34485,-1.3284
130_bNAb_Combinations|1342240|sample|7|nan|1798,0.2096,0.430353,4,7,1,0.21989,0.202933,0.460299,0.467965,-0.489505,-0.605116
130_bNAb_Combinations|1342240|sample|7|nan|1798,1.048,0.102928,5,7,1,0.0817999,0.0267827,0.0780587,0.0864002,2.02884,1.24033
130_bNAb_Combinations|1342240|sample|7|nan|1798,5.24,0.00324853,6,7,1,0.0268957,0.00380333,0.00848527,0.0100143,-1.56119,-1.90586
130_bNAb_Combinations|1342240|sample|7|nan|1798,26.2,0.000348057,7,7,1,0.0089724,0.00143705,0.00182465,0.00201635,-0.590183,-0.660329
130_bNAb_Combinations|1342240|sample|7|nan|1798,131,0.00106995,8,7,1,0.00345259,0.00116467,0.00120304,0.00121768,-0.0549396,-0.0609368
130_bNAb_Combinations|1342240|sample|8|nan|1798,0.0016768,0.781156,1,8,1,0.753762,0.817877,0.820213,0.820306,-0.364218,-0.365046
130_bNAb_Combinations|1342240|sample|8|nan|1798,0.008384,0.791153,2,8,1,0.660063,0.822779,0.845771,0.846106,-0.494253,-0.49709
130_bNAb_Combinations|1342240|sample|8|nan|1798,0.04192,0.690661,3,8,1,0.450466,0.650932,0.817052,0.815743,-1.18309,-1.17268
130_bNAb_Combinations|1342240|sample|8|nan|1798,0.2096,0.456928,4,8,1,0.21989,0.202933,0.482244,0.482881,-0.395668,-0.40511
130_bNAb_Combinations|1342240|sample|8|nan|1798,1.048,0.0971143,5,8,1,0.0817999,0.0267827,0.080663,0.083903,1.30656,1.01579
130_bNAb_Combinations|1342240|sample|8|nan|1798,5.24,0.00417668,6,8,1,0.0268957,0.00380333,0.00830609,0.0089332,-1.23954,-1.3942
130_bNAb_Combinations|1342240|sample|8|nan|1798,16.6,0.000721896,7,8,1,0.0120397,0.00166965,0.00236342,0.00250061,-0.638507,-0.68718
130_bNAb_Combinations|1342240|sample|8|nan|1798,131,0.000786351,8,8,1,0.00345259,0.00116467,0.0011955,0.00119574,-0.168971,-0.169068
130_bNAb_Combinations|1342240|sample|9|nan|1798,0.000448,0.772738,1,9,1,0.794027,0.820336,0.820596,0.820757,-0.446086,-0.4475
130_bNAb_Combinations|1342240|sample|9|nan|1798,0.00224,0.802916,2,9,1,0.767287,0.847151,0.850391,0.851311,-0.42733,-0.43515
130_bNAb_Combinations|1342240|sample|9|nan|1798,0.0112,0.784379,3,9,1,0.645436,0.833054,0.868604,0.871092,-0.742539,-0.762341
130_bNAb_Combinations|1342240|sample|9|nan|1798,0.056,0.699691,4,9,1,0.413643,0.589096,0.797748,0.807968,-0.939596,-1.02469
130_bNAb_Combinations|1342240|sample|9|nan|1798,0.28,0.346098,5,9,1,0.186611,0.145744,0.320355,0.325192,0.594978,0.476368
130_bNAb_Combinations|1342240|sample|9|nan|1798,1.4,0.0322662,6,9,1,0.0658972,0.0178847,0.0333742,0.0315093,-0.169434,0.120131
130_bNAb_Combinations|1342240|sample|9|nan|1798,7,0.000348057,7,9,1,0.0214429,0.00284587,0.00341962,0.00310902,-1.13508,-1.03551
130_bNAb_Combinations|1342240|sample|9|nan|1798,35,0.00077346,8,9,1,0.00721726,0.00130211,0.00129701,0.00125782,-0.215062,-0.199374
130_bNAb_Combinations|1342240|vc|1|2|nan|1798,0,0.862537,1,2,1,0.820766,0.82078,0.82063,0.82078,0.390601,0.389126
130_bNAb_Combinations|1342240|vc|2|2|nan|1798,0,0.923324,2,2,1,0.851682,0.851694,0.850894,0.851694,0.651576,0.643784
130_bNAb_Combinations|1342240|vc|3|2|nan|1798,0,0.944627,3,2,1,0.851682,0.851694,0.850894,0.851694,0.84321,0.835242
130_bNAb_Combinations|1342240|vc|4|2|nan|1798,0,1,4,2,1,0.851682,0.851694,0.850894,0.851694,1.34134,1.33292
130_bNAb_Combinations|1342240|vc|5|2|nan|1798,0,0.995817,5,2,1,0.851682,0.851694,0.850894,0.851694,1.30371,1.29532
130_bNAb_Combinations|1342240|vc|6|2|nan|1798,0,0.979742,6,2,1,0.851682,0.851694,0.850894,0.851694,1.1591,1.15084
130_bNAb_Combinations|1342240|vc|7|2|nan|1798,0,0.912625,7,2,1,0.851682,0.851694,0.850894,0.851694,0.555324,0.547621
130_bNAb_Combinations|1342240|vc|8|2|nan|1798,0,0.732654,8,2,1,0.820766,0.82078,0.82063,0.82078,-0.819994,-0.821252
130_bNAb_Combinations|1342258|cc|1|1|TRO.11|8301,0,0.000586773,1,1,0,0,0,0,0,0.258671,0.258671
130_bNAb_Combinations|1342258|cc|2|1|TRO.11|8301,0,0.000602214,2,1,0,0,0,0,0,0.265478,0.265478
130_bNAb_Combinations|1342258|cc|3|1|TRO.11|8301,0,0.000756628,3,1,0,0,0,0,0,0.33355,0.33355
130_bNAb_Combinations|1342258|cc|4|1|TRO.11|8301,0,0.000694863,4,1,0,0,0,0,0,0.306321,0.306321
130_bNAb_Combinations|1342258|cc|5|1|TRO.11|8301,0,0.000957366,5,1,0,0,0,0,0,0.422042,0.422042
130_bNAb_Combinations|1342258|cc|6|1|TRO.11|8301,0,0.000648538,6,1,0,0,0,0,0,0.2859,0.2859
130_bNAb_Combinations|1342258|cc|7|1|TRO.11|8301,0,0.00103457,7,1,0,0,0,0,0,0.456078,0.456078
130_bNAb_Combinations|1342258|cc|8|1|TRO.11|8301,0,0.00112722,8,1,0,0,0,0,0,0.496921,0.496921
130_bNAb_Combinations|1342258|sample|10|TRO.11|8301,0.000448,0.920886,1,10,1,0.794027,0.820311,0.820507,0.820583,0.935738,0.934938
130_bNAb_Combinations|1342258|sample|10|TRO.11|8301,0.00224,0.943755,2,10,1,0.767287,0.847131,0.849068,0.848887,0.853585,0.855398
130_bNAb_Combinations|1342258|sample|10|TRO.11|8301,0.0112,0.768132,3,10,1,0.645436,0.833039,0.84377,0.834289,-0.68606,-0.606741
130_bNAb_Combinations|1342258|sample|10|TRO.11|8301,0.056,0.473889,4,10,1,0.403896,0.575206,0.519192,0.485422,-0.659317,-0.17911
130_bNAb_Combinations|1342258|sample|10|TRO.11|8301,0.28,0.0719878,5,10,1,0.182214,0.142307,0.0665387,0.065181,0.505307,0.641548
130_bNAb_Combinations|1342258|sample|10|TRO.11|8301,1.4,0.00126619,6,10,1,0.0658972,0.0178844,0.00513182,0.00559443,-1.32151,-1.45031
130_bNAb_Combinations|1342258|sample|10|TRO.11|8301,7,0.000216179,7,10,1,0.0214429,0.0028458,0.00140255,0.00145489,-0.484648,-0.504648
130_bNAb_Combinations|1342258|sample|10|TRO.11|8301,35,0.00163679,8,10,1,0.00721726,0.00130207,0.00115978,0.0011566,0.197368,0.198717
130_bNAb_Combinations|1342258|sample|11|TRO.11|8301,0.0014272,0.807129,1,11,1,0.760703,0.818445,0.817856,0.817063,-0.100309,-0.0929881
130_bNAb_Combinations|1342258|sample|11|TRO.11|8301,0.007136,0.736307,2,11,1,0.677087,0.828529,0.80986,0.802198,-0.694479,-0.627952
130_bNAb_Combinations|1342258|sample|11|TRO.11|8301,0.03568,0.444017,3,11,1,0.462451,0.667235,0.482733,0.462603,-0.60449,-0.302349
130_bNAb_Combinations|1342258|sample|11|TRO.11|8301,0.1784,0.077454,4,11,1,0.227589,0.228518,0.0690344,0.0691618,0.758316,0.745738
130_bNAb_Combinations|1342258|sample|11|TRO.11|8301,0.892,0.00228533,5,11,1,0.0861931,0.0314129,0.00605404,0.00656076,-1.23841,-1.37561
130_bNAb_Combinations|1342258|sample|11|TRO.11|8301,4.46,0,6,11,1,0.0291456,0.00433753,0.00151515,0.00157909,-0.615334,-0.639179
130_bNAb_Combinations|1342258|sample|11|TRO.11|8301,22.3,0.000787511,7,11,1,0.00994269,0.00150259,0.00121231,0.00121187,-0.175281,-0.1751
130_bNAb_Combinations|1342258|sample|11|TRO.11|8301,111.5,0.00214635,8,11,1,0.00374274,0.00117103,0.0011498,0.00114194,0.412554,0.415985
130_bNAb_Combinations|1342258|sample|12|TRO.11|8301,0.0014272,0.795317,1,12,1,0.760703,0.818445,0.814457,0.81322,-0.179726,-0.168358
130_bNAb_Combinations|1342258|sample|12|TRO.11|8301,0.007136,0.69318,2,12,1,0.652508,0.798451,0.748646,0.739931,-0.565546,-0.482164
130_bNAb_Combinations|1342258|sample|12|TRO.11|8301,0.03568,0.349871,3,12,1,0.445664,0.643012,0.369239,0.359069,-0.391107,-0.19075
130_bNAb_Combinations|1342258|sample|12|TRO.11|8301,0.1784,0.0583376,4,12,1,0.219327,0.220222,0.0504539,0.0517077,0.903542,0.746128
130_bNAb_Combinations|1342258|sample|12|TRO.11|8301,0.892,0.00111178,5,12,1,0.0830642,0.0302725,0.00524632,0.00568543,-1.40639,-1.52658
130_bNAb_Combinations|1342258|sample|12|TRO.11|8301,4.46,0.000185297,6,12,1,0.0280877,0.00418006,0.00147162,0.00152738,-0.523588,-0.544703
130_bNAb_Combinations|1342258|sample|12|TRO.11|8301,22.3,0.000247062,7,12,1,0.00958177,0.00144804,0.00117381,0.00117276,-0.383169,-0.382759
130_bNAb_Combinations|1342258|sample|12|TRO.11|8301,111.5,0.00165223,8,12,1,0.00374274,0.00117103,0.00115042,0.00114267,0.207734,0.211027
130_bNAb_Combinations|1342258|sample|3|TRO.11|8301,0.0010624,1,1,3,1,0.771724,0.819237,0.820466,0.82064,1.67369,1.67173
130_bNAb_Combinations|1342258|sample|3|TRO.11|8301,0.005312,0.977008,2,3,1,0.705296,0.83633,0.848112,0.849245,1.16326,1.15153
130_bNAb_Combinations|1342258|sample|3|TRO.11|8301,0.02656,0.852774,3,3,1,0.52294,0.742455,0.823806,0.828781,0.268986,0.221475
130_bNAb_Combinations|1342258|sample|3|TRO.11|8301,0.1328,0.409135,4,3,1,0.273405,0.314063,0.392352,0.39976,0.319808,0.175467
130_bNAb_Combinations|1342258|sample|3|TRO.11|8301,0.664,0.0368586,5,3,1,0.107441,0.047766,0.0360994,0.0355664,0.110218,0.189468
130_bNAb_Combinations|1342258|sample|3|TRO.11|8301,3.32,0.000988249,6,3,1,0.0367223,0.00615657,0.00308693,0.00296279,-0.787952,-0.745793
130_bNAb_Combinations|1342258|sample|3|TRO.11|8301,16.6,0.000617656,7,3,1,0.0120397,0.00166961,0.00128378,0.00126579,-0.27382,-0.266676
130_bNAb_Combinations|1342258|sample|3|TRO.11|8301,83,0.0017912,8,3,1,0.0043714,0.0011873,0.00115303,0.00114379,0.264146,0.268101
130_bNAb_Combinations|1342258|sample|4|TRO.11|8301,0.0010624,0.951962,1,4,1,0.771724,0.819237,0.820303,0.820571,1.22762,1.22473
130_bNAb_Combinations|1342258|sample|4|TRO.11|8301,0.005312,0.975433,2,4,1,0.705296,0.83633,0.846131,0.848404,1.1696,1.14603
130_bNAb_Combinations|1342258|sample|4|TRO.11|8301,0.02656,0.81302,3,4,1,0.52294,0.742455,0.806831,0.822648,0.0586492,-0.0895187
130_bNAb_Combinations|1342258|sample|4|TRO.11|8301,0.1328,0.42409,4,4,1,0.280003,0.321643,0.3882,0.419503,0.690877,0.0819873
130_bNAb_Combinations|1342258|sample|4|TRO.11|8301,0.664,0.0475286,5,4,1,0.110033,0.0489188,0.0436579,0.0445446,0.492741,0.374452
130_bNAb_Combinations|1342258|sample|4|TRO.11|8301,3.32,0.000586773,6,4,1,0.0367223,0.00615657,0.00405707,0.00378988,-1.2449,-1.16332
130_bNAb_Combinations|1342258|sample|4|TRO.11|8301,16.6,0.00101913,7,4,1,0.0120397,0.00166961,0.00137099,0.00132818,-0.143976,-0.126742
130_bNAb_Combinations|1342258|sample|4|TRO.11|8301,83,0.00205371,8,4,1,0.0043714,0.0011873,0.00115978,0.00114802,0.369872,0.374974
130_bNAb_Combinations|1342258|sample|5|TRO.11|8301,0.0004352,0.977533,1,5,1,0.794573,0.820329,0.820598,0.820747,1.46278,1.46114
130_bNAb_Combinations|1342258|sample|5|TRO.11|8301,0.002176,0.987122,2,5,1,0.768894,0.847314,0.850731,0.85147,1.22719,1.2195
130_bNAb_Combinations|1342258|sample|5|TRO.11|8301,0.01088,0.981061,3,5,1,0.649053,0.83474,0.872125,0.87237,0.956599,0.954187
130_bNAb_Combinations|1342258|sample|5|TRO.11|8301,0.0544,0.761747,4,5,1,0.418398,0.597402,0.80073,0.794082,-0.372176,-0.311243
130_bNAb_Combinations|1342258|sample|5|TRO.11|8301,0.272,0.23315,5,5,1,0.189766,0.150817,0.213189,0.220819,0.675443,0.403901
130_bNAb_Combinations|1342258|sample|5|TRO.11|8301,1.36,0.0122296,6,5,1,0.0671861,0.018573,0.0112256,0.0131599,0.270985,-0.235368
130_bNAb_Combinations|1342258|sample|5|TRO.11|8301,6.8,0.000478683,7,5,1,0.0218689,0.00291575,0.00155714,0.0016838,-0.437031,-0.48517
130_bNAb_Combinations|1342258|sample|5|TRO.11|8301,34,0.00176032,8,5,1,0.00734723,0.0013089,0.00116161,0.00116049,0.247699,0.24818
130_bNAb_Combinations|1342258|sample|6|TRO.11|8301,0.0004352,0.95864,1,6,1,0.794573,0.820329,0.82058,0.820739,1.28689,1.28517
130_bNAb_Combinations|1342258|sample|6|TRO.11|8301,0.002176,0.969696,2,6,1,0.768894,0.847314,0.850426,0.851339,1.07353,1.06419
130_bNAb_Combinations|1342258|sample|6|TRO.11|8301,0.01088,0.916223,3,6,1,0.649053,0.83474,0.867792,0.870537,0.427368,0.401898
130_bNAb_Combinations|1342258|sample|6|TRO.11|8301,0.0544,0.74182,4,6,1,0.418398,0.597402,0.76565,0.78032,-0.237701,-0.376975
130_bNAb_Combinations|1342258|sample|6|TRO.11|8301,0.272,0.240353,5,6,1,0.189766,0.150817,0.219628,0.227121,0.682278,0.422294
130_bNAb_Combinations|1342258|sample|6|TRO.11|8301,1.36,0.0153024,6,6,1,0.0671861,0.018573,0.0165717,0.0160002,-0.28918,-0.161667
130_bNAb_Combinations|1342258|sample|6|TRO.11|8301,6.8,0.00066398,7,6,1,0.0218689,0.00291575,0.00203014,0.00192677,-0.540362,-0.502103
130_bNAb_Combinations|1342258|sample|6|TRO.11|8301,34,0.00140517,8,6,1,0.00734723,0.0013089,0.0011933,0.00117649,0.0875082,0.0945362
130_bNAb_Combinations|1342258|sample|7|TRO.11|8301,0.0016768,0.934583,1,7,1,0.753762,0.817851,0.820177,0.820463,1.06691,1.06388
130_bNAb_Combinations|1342258|sample|7|TRO.11|8301,0.008384,0.88822,2,7,1,0.660063,0.82276,0.84383,0.846311,0.4026,0.379011
130_bNAb_Combinations|1342258|sample|7|TRO.11|8301,0.04192,0.680108,3,7,1,0.450466,0.65092,0.772562,0.788332,-0.914142,-1.04913
130_bNAb_Combinations|1342258|sample|7|TRO.11|8301,0.2096,0.319513,4,7,1,0.21989,0.20293,0.28533,0.299187,0.881395,0.50119
130_bNAb_Combinations|1342258|sample|7|TRO.11|8301,1.048,0.0254474,5,7,1,0.0817999,0.0267823,0.0264466,0.0256236,-0.176762,-0.0317668
130_bNAb_Combinations|1342258|sample|7|TRO.11|8301,5.24,0.000694863,6,7,1,0.0268957,0.00380326,0.0028005,0.00259052,-0.801596,-0.729116
130_bNAb_Combinations|1342258|sample|7|TRO.11|8301,26.2,0.00055589,7,7,1,0.0089724,0.00143702,0.00128623,0.00125777,-0.30018,-0.288912
130_bNAb_Combinations|1342258|sample|7|TRO.11|8301,131,0.00284122,8,7,1,0.00345259,0.00116464,0.00115416,0.00114394,0.69825,0.70286
130_bNAb_Combinations|1342258|sample|8|TRO.11|8301,0.0016768,0.912046,1,8,1,0.753762,0.817851,0.820227,0.820424,0.856219,0.854189
130_bNAb_Combinations|1342258|sample|8|TRO.11|8301,0.008384,0.872639,2,8,1,0.660063,0.82276,0.844581,0.845872,0.254255,0.2422
130_bNAb_Combinations|1342258|sample|8|TRO.11|8301,0.04192,0.647712,3,8,1,0.450466,0.65092,0.781519,0.785773,-1.3082,-1.34263
130_bNAb_Combinations|1342258|sample|8|TRO.11|8301,0.2096,0.325095,4,8,1,0.21989,0.20293,0.303162,0.302358,0.534107,0.555066
130_bNAb_Combinations|1342258|sample|8|TRO.11|8301,1.048,0.0269607,5,8,1,0.0817999,0.0267823,0.0284507,0.0271737,-0.252151,-0.0370759
130_bNAb_Combinations|1342258|sample|8|TRO.11|8301,5.24,0.000818394,6,8,1,0.0268957,0.00380326,0.0029098,0.00275126,-0.791959,-0.737592
130_bNAb_Combinations|1342258|sample|8|TRO.11|8301,26.2,0.000355152,7,8,1,0.0089724,0.00143702,0.00129169,0.00127063,-0.384818,-0.376583
130_bNAb_Combinations|1342258|sample|8|TRO.11|8301,131,0.00168311,8,8,1,0.00345259,0.00116464,0.00115442,0.00114487,0.218815,0.222881
130_bNAb_Combinations|1342258|sample|9|TRO.11|8301,0.000448,0.923303,1,9,1,0.794027,0.820311,0.820407,0.82056,0.959308,0.957705
130_bNAb_Combinations|1342258|sample|9|TRO.11|8301,0.00224,0.886444,2,9,1,0.767287,0.847131,0.847879,0.848697,0.348134,0.340434
130_bNAb_Combinations|1342258|sample|9|TRO.11|8301,0.0112,0.798552,3,9,1,0.645436,0.833039,0.832694,0.834033,-0.313711,-0.325502
130_bNAb_Combinations|1342258|sample|9|TRO.11|8301,0.056,0.480173,4,9,1,0.413643,0.589088,0.507743,0.509029,-0.409982,-0.42806
130_bNAb_Combinations|1342258|sample|9|TRO.11|8301,0.28,0.0834298,5,9,1,0.186611,0.145742,0.0739086,0.0740108,0.81192,0.802303
130_bNAb_Combinations|1342258|sample|9|TRO.11|8301,1.4,0.00137428,6,9,1,0.0658972,0.0178844,0.00643314,0.00642051,-1.63627,-1.63304
130_bNAb_Combinations|1342258|sample|9|TRO.11|8301,7,3.08828e-05,7,9,1,0.0214429,0.0028458,0.00153578,0.00152656,-0.610516,-0.607067
130_bNAb_Combinations|1342258|sample|9|TRO.11|8301,35,0.00171399,8,9,1,0.00721726,0.00130207,0.001171,0.00116231,0.224536,0.228235
130_bNAb_Combinations|1342258|vc|1|2|TRO.11|8301,0,0.96755,1,2,1,0.820766,0.820755,0.820604,0.820755,1.36968,1.36802
130_bNAb_Combinations|1342258|vc|2|2|TRO.11|8301,0,0.984057,2,2,1,0.851682,0.851674,0.850873,0.851674,1.19814,1.18983
130_bNAb_Combinations|1342258|vc|3|2|TRO.11|8301,0,0.968554,3,2,1,0.851682,0.851674,0.850873,0.851674,1.05867,1.05049
130_bNAb_Combinations|1342258|vc|4|2|TRO.11|8301,0,0.996418,4,2,1,0.851682,0.851674,0.850873,0.851674,1.30934,1.30093
130_bNAb_Combinations|1342258|vc|5|2|TRO.11|8301,0,0.95952,5,2,1,0.851682,0.851674,0.850873,0.851674,0.977405,0.969305
130_bNAb_Combinations|1342258|vc|6|2|TRO.11|8301,0,0.92514,6,2,1,0.851682,0.851674,0.850873,0.851674,0.668116,0.660302
130_bNAb_Combinations|1342258|vc|7|2|TRO.11|8301,0,0.920917,7,2,1,0.851682,0.851674,0.850873,0.851674,0.630123,0.622344
130_bNAb_Combinations|1342258|vc|8|2|TRO.11|8301,0,0.827859,8,2,1,0.820766,0.820755,0.820604,0.820755,0.0676309,0.066207
130_bNAb_Combinations|1342276|cc|1|1|Ce1176_A3|7023,0,0.00106045,1,1,0,0,0,0,0,0.467486,0.467486
130_bNAb_Combinations|1342276|cc|2|1|Ce1176_A3|7023,0,0.000899371,2,1,0,0,0,0,0,0.396476,0.396476
130_bNAb_Combinations|1342276|cc|3|1|Ce1176_A3|7023,0,0.00139604,3,1,0,0,0,0,0,0.615425,0.615425
130_bNAb_Combinations|1342276|cc|4|1|Ce1176_A3|7023,0,0.000885948,4,1,0,0,0,0,0,0.390558,0.390558
130_bNAb_Combinations|1342276|cc|5|1|Ce1176_A3|7023,0,0.000939641,5,1,0,0,0,0,0,0.414229,0.414229
130_bNAb_Combinations|1342276|cc|6|1|Ce1176_A3|7023,0,0.00115442,6,1,0,0,0,0,0,0.508909,0.508909
130_bNAb_Combinations|1342276|cc|7|1|Ce1176_A3|7023,0,0.00167793,7,1,0,0,0,0,0,0.739694,0.739694
130_bNAb_Combinations|1342276|cc|8|1|Ce1176_A3|7023,0,0.0012618,8,1,0,0,0,0,0,0.55625,0.55625
130_bNAb_Combinations|1342276|sample|10|Ce1176_A3|7023,0.000448,0.571503,1,10,1,0.794027,0.820334,0.82048,0.82054,-2.32104,-2.32143
130_bNAb_Combinations|1342276|sample|10|Ce1176_A3|7023,0.00224,0.748827,2,10,1,0.767287,0.847149,0.848699,0.848627,-0.900711,-0.900137
130_bNAb_Combinations|1342276|sample|10|Ce1176_A3|7023,0.0112,0.712356,3,10,1,0.645436,0.833053,0.844739,0.839629,-1.1994,-1.15998
130_bNAb_Combinations|1342276|sample|10|Ce1176_A3|7023,0.056,0.486117,4,10,1,0.403896,0.575215,0.572147,0.563766,-1.13964,-1.04344
130_bNAb_Combinations|1342276|sample|10|Ce1176_A3|7023,0.28,0.130738,5,10,1,0.182214,0.14231,0.10256,0.111871,1.83045,1.13754
130_bNAb_Combinations|1342276|sample|10|Ce1176_A3|7023,1.4,0.00614794,6,10,1,0.0658972,0.0178847,0.00914622,0.0113048,-0.871872,-1.38807
130_bNAb_Combinations|1342276|sample|10|Ce1176_A3|7023,7,0,7,10,1,0.0214429,0.00284586,0.00173184,0.00198024,-0.695506,-0.785239
130_bNAb_Combinations|1342276|sample|10|Ce1176_A3|7023,35,0.000644326,8,10,1,0.00721726,0.00130211,0.00118487,0.00120188,-0.223361,-0.230184
130_bNAb_Combinations|1342276|sample|11|Ce1176_A3|7023,0.0014272,0.671803,1,11,1,0.760703,0.818469,0.819462,0.818356,-1.37819,-1.36968
130_bNAb_Combinations|1342276|sample|11|Ce1176_A3|7023,0.007136,0.684032,2,11,1,0.677087,0.828547,0.829657,0.818362,-1.34286,-1.25544
130_bNAb_Combinations|1342276|sample|11|Ce1176_A3|7023,0.03568,0.483795,3,11,1,0.462451,0.667249,0.582768,0.545977,-1.28791,-0.861971
130_bNAb_Combinations|1342276|sample|11|Ce1176_A3|7023,0.1784,0.114294,4,11,1,0.227589,0.228523,0.0926332,0.0987125,1.5337,1.04565
130_bNAb_Combinations|1342276|sample|11|Ce1176_A3|7023,0.892,0.0034901,5,11,1,0.0861931,0.0314135,0.00684999,0.00911519,-1.06831,-1.63761
130_bNAb_Combinations|1342276|sample|11|Ce1176_A3|7023,4.46,9.39641e-05,6,11,1,0.0291456,0.00433762,0.00150745,0.00176443,-0.574276,-0.669737
130_bNAb_Combinations|1342276|sample|11|Ce1176_A3|7023,22.3,0.000630902,7,11,1,0.00994269,0.00150262,0.00120843,0.00122515,-0.238345,-0.24503
130_bNAb_Combinations|1342276|sample|11|Ce1176_A3|7023,111.5,0.000416127,8,11,1,0.00374274,0.00117106,0.00114941,0.00114288,-0.303571,-0.300974
130_bNAb_Combinations|1342276|sample|12|Ce1176_A3|7023,0.0014272,0.565067,1,12,1,0.760703,0.818469,0.81439,0.812314,-2.34128,-2.32759
130_bNAb_Combinations|1342276|sample|12|Ce1176_A3|7023,0.007136,0.548717,2,12,1,0.652508,0.798473,0.753069,0.739839,-2.07164,-1.97136
130_bNAb_Combinations|1342276|sample|12|Ce1176_A3|7023,0.03568,0.38038,3,12,1,0.445664,0.64303,0.400429,0.38227,-0.374655,-0.036908
130_bNAb_Combinations|1342276|sample|12|Ce1176_A3|7023,0.1784,0.0732518,4,12,1,0.219327,0.220229,0.0626409,0.0637961,1.0317,0.906342
130_bNAb_Combinations|1342276|sample|12|Ce1176_A3|7023,0.892,0.00181217,5,12,1,0.0830642,0.0302733,0.00678531,0.00755017,-1.58544,-1.77392
130_bNAb_Combinations|1342276|sample|12|Ce1176_A3|7023,4.46,0.000134234,6,12,1,0.0280877,0.00418018,0.00163276,0.00175473,-0.604886,-0.650025
130_bNAb_Combinations|1342276|sample|12|Ce1176_A3|7023,22.3,0.000483244,7,12,1,0.00958177,0.00144808,0.00118983,0.00119851,-0.291896,-0.295345
130_bNAb_Combinations|1342276|sample|12|Ce1176_A3|7023,111.5,0.000966488,8,12,1,0.00374274,0.00117106,0.00115199,0.0011455,-0.076787,-0.0741236
130_bNAb_Combinations|1342276|sample|3|Ce1176_A3|7023,0.0010624,0.725068,1,3,1,0.771724,0.81926,0.82062,0.82077,-0.890622,-0.891855
130_bNAb_Combinations|1342276|sample|3|Ce1176_A3|7023,0.005312,0.881934,2,3,1,0.705296,0.836349,0.8507,0.851482,0.281039,0.273754
130_bNAb_Combinations|1342276|sample|3|Ce1176_A3|7023,0.02656,0.891317,3,3,1,0.52294,0.742468,0.871444,0.872344,0.174645,0.166563
130_bNAb_Combinations|1342276|sample|3|Ce1176_A3|7023,0.1328,0.705718,4,3,1,0.273405,0.314068,0.779738,0.776741,-0.725291,-0.698548
130_bNAb_Combinations|1342276|sample|3|Ce1176_A3|7023,0.664,0.239233,5,3,1,0.107441,0.0477668,0.226058,0.221913,0.422287,0.564753
130_bNAb_Combinations|1342276|sample|3|Ce1176_A3|7023,3.32,0.012269,6,3,1,0.0367223,0.00615668,0.0139863,0.0139105,-0.423148,-0.405432
130_bNAb_Combinations|1342276|sample|3|Ce1176_A3|7023,16.6,0.00138262,7,3,1,0.0120397,0.00166965,0.00172869,0.00172832,-0.139007,-0.138859
130_bNAb_Combinations|1342276|sample|3|Ce1176_A3|7023,83,0.00073829,8,3,1,0.0043714,0.00118733,0.00117067,0.00116288,-0.178802,-0.175651
130_bNAb_Combinations|1342276|sample|4|Ce1176_A3|7023,0.0010624,0.749337,1,4,1,0.771724,0.81926,0.820621,0.820764,-0.664414,-0.665639
130_bNAb_Combinations|1342276|sample|4|Ce1176_A3|7023,0.005312,0.874437,2,4,1,0.705296,0.836349,0.850714,0.8514,0.213453,0.207122
130_bNAb_Combinations|1342276|sample|4|Ce1176_A3|7023,0.02656,0.920365,3,4,1,0.52294,0.742468,0.871925,0.871298,0.425468,0.431275
130_bNAb_Combinations|1342276|sample|4|Ce1176_A3|7023,0.1328,0.749364,4,4,1,0.280003,0.321647,0.810508,0.790378,-0.576863,-0.396582
130_bNAb_Combinations|1342276|sample|4|Ce1176_A3|7023,0.664,0.256838,5,4,1,0.110033,0.0489194,0.26405,0.241762,-0.200007,0.453982
130_bNAb_Combinations|1342276|sample|4|Ce1176_A3|7023,3.32,0.0164035,6,4,1,0.0367223,0.00615668,0.0170477,0.0170213,-0.144761,-0.13894
130_bNAb_Combinations|1342276|sample|4|Ce1176_A3|7023,16.6,0.000402703,7,4,1,0.0120397,0.00166965,0.00188449,0.00196577,-0.59045,-0.620268
130_bNAb_Combinations|1342276|sample|4|Ce1176_A3|7023,83,0.000617479,8,4,1,0.0043714,0.00118733,0.00117816,0.00117779,-0.231765,-0.231617
130_bNAb_Combinations|1342276|sample|5|Ce1176_A3|7023,0.0004352,0.648883,1,5,1,0.794573,0.820352,0.820553,0.820739,-1.60023,-1.6016
130_bNAb_Combinations|1342276|sample|5|Ce1176_A3|7023,0.002176,0.840865,2,5,1,0.768894,0.847332,0.850041,0.851183,-0.0826313,-0.0927903
130_bNAb_Combinations|1342276|sample|5|Ce1176_A3|7023,0.01088,0.911036,3,5,1,0.649053,0.834754,0.866522,0.870761,0.393366,0.354209
130_bNAb_Combinations|1342276|sample|5|Ce1176_A3|7023,0.0544,0.765372,4,5,1,0.418398,0.59741,0.800338,0.821626,-0.333992,-0.523702
130_bNAb_Combinations|1342276|sample|5|Ce1176_A3|7023,0.272,0.412509,5,5,1,0.189766,0.150819,0.386042,0.414595,0.512216,-0.0376985
130_bNAb_Combinations|1342276|sample|5|Ce1176_A3|7023,1.36,0.0636808,6,5,1,0.0671861,0.0185733,0.0573756,0.0572563,0.656044,0.669518
130_bNAb_Combinations|1342276|sample|5|Ce1176_A3|7023,6.8,0.00165108,7,5,1,0.0218689,0.00291582,0.00646513,0.0058069,-1.55503,-1.37996
130_bNAb_Combinations|1342276|sample|5|Ce1176_A3|7023,34,0.000805407,8,5,1,0.00734723,0.00130894,0.00161433,0.00149818,-0.326837,-0.281597
130_bNAb_Combinations|1342276|sample|6|Ce1176_A3|7023,0.0004352,0.638171,1,6,1,0.794573,0.820352,0.820602,0.820748,-1.70043,-1.70149
130_bNAb_Combinations|1342276|sample|6|Ce1176_A3|7023,0.002176,0.859665,2,6,1,0.768894,0.847332,0.850529,0.851275,0.0822159,0.0754421
130_bNAb_Combinations|1342276|sample|6|Ce1176_A3|7023,0.01088,0.927856,3,6,1,0.649053,0.834754,0.871017,0.87165,0.499733,0.49382
130_bNAb_Combinations|1342276|sample|6|Ce1176_A3|7023,0.0544,0.793635,4,6,1,0.418398,0.59741,0.831981,0.828211,-0.352639,-0.31939
130_bNAb_Combinations|1342276|sample|6|Ce1176_A3|7023,0.272,0.422624,5,6,1,0.189766,0.150819,0.436614,0.425194,-0.240616,-0.0453502
130_bNAb_Combinations|1342276|sample|6|Ce1176_A3|7023,1.36,0.0630097,6,6,1,0.0671861,0.0185733,0.0584285,0.0571154,0.470065,0.615414
130_bNAb_Combinations|1342276|sample|6|Ce1176_A3|7023,6.8,0.00182559,7,6,1,0.0218689,0.00291582,0.00556593,0.0055701,-1.25485,-1.25602
130_bNAb_Combinations|1342276|sample|6|Ce1176_A3|7023,34,0.000939641,8,6,1,0.00734723,0.00130894,0.00146211,0.00146312,-0.212771,-0.213174
130_bNAb_Combinations|1342276|sample|7|Ce1176_A3|7023,0.0016768,0.677555,1,7,1,0.753762,0.817875,0.820209,0.820522,-1.33029,-1.33271
130_bNAb_Combinations|1342276|sample|7|Ce1176_A3|7023,0.008384,0.79834,2,7,1,0.660063,0.822778,0.845891,0.848261,-0.430247,-0.450458
130_bNAb_Combinations|1342276|sample|7|Ce1176_A3|7023,0.04192,0.739263,3,7,1,0.450466,0.650931,0.819965,0.833684,-0.75279,-0.866572
130_bNAb_Combinations|1342276|sample|7|Ce1176_A3|7023,0.2096,0.480392,4,7,1,0.21989,0.202933,0.500947,0.536268,-0.30967,-0.788128
130_bNAb_Combinations|1342276|sample|7|Ce1176_A3|7023,1.048,0.109555,5,7,1,0.0817999,0.0267827,0.089339,0.0932549,1.47549,1.1477
130_bNAb_Combinations|1342276|sample|7|Ce1176_A3|7023,5.24,0.00209406,6,7,1,0.0268957,0.00380332,0.00939617,0.00889389,-2.10381,-1.99607
130_bNAb_Combinations|1342276|sample|7|Ce1176_A3|7023,26.2,0.000442974,7,7,1,0.0089724,0.00143705,0.00188264,0.00176395,-0.573721,-0.52963
130_bNAb_Combinations|1342276|sample|7|Ce1176_A3|7023,131,0.000698019,8,7,1,0.00345259,0.00116467,0.00120618,0.00118326,-0.209742,-0.200527
130_bNAb_Combinations|1342276|sample|8|Ce1176_A3|7023,0.0016768,0.665206,1,8,1,0.753762,0.817875,0.820366,0.820352,-1.44665,-1.44654
130_bNAb_Combinations|1342276|sample|8|Ce1176_A3|7023,0.008384,0.777506,2,8,1,0.660063,0.822778,0.84726,0.846489,-0.630137,-0.623722
130_bNAb_Combinations|1342276|sample|8|Ce1176_A3|7023,0.04192,0.712946,3,8,1,0.450466,0.650931,0.828375,0.817823,-1.06602,-0.9808
130_bNAb_Combinations|1342276|sample|8|Ce1176_A3|7023,0.2096,0.454874,4,8,1,0.21989,0.202933,0.506205,0.483353,-0.76556,-0.444119
130_bNAb_Combinations|1342276|sample|8|Ce1176_A3|7023,1.048,0.0946823,5,8,1,0.0817999,0.0267827,0.0798964,0.0814807,1.18351,1.03983
130_bNAb_Combinations|1342276|sample|8|Ce1176_A3|7023,5.24,0.00245649,6,8,1,0.0268957,0.00380332,0.00745282,0.00843346,-1.5506,-1.7854
130_bNAb_Combinations|1342276|sample|8|Ce1176_A3|7023,26.2,0.000442974,7,8,1,0.0089724,0.00143705,0.00164427,0.00177965,-0.484621,-0.535491
130_bNAb_Combinations|1342276|sample|8|Ce1176_A3|7023,131,0.000684596,8,8,1,0.00345259,0.00116467,0.00118105,0.00118858,-0.205184,-0.208213
130_bNAb_Combinations|1342276|sample|9|Ce1176_A3|7023,0.000448,0.640023,1,9,1,0.794027,0.820334,0.820561,0.820724,-1.68287,-1.68405
130_bNAb_Combinations|1342276|sample|9|Ce1176_A3|7023,0.00224,0.741652,2,9,1,0.767287,0.847149,0.84975,0.850701,-0.973719,-0.981211
130_bNAb_Combinations|1342276|sample|9|Ce1176_A3|7023,0.0112,0.785923,3,9,1,0.645436,0.833053,0.857069,0.859759,-0.635504,-0.657509
130_bNAb_Combinations|1342276|sample|9|Ce1176_A3|7023,0.056,0.574691,4,9,1,0.413643,0.589095,0.657292,0.662539,-0.95619,-1.00909
130_bNAb_Combinations|1342276|sample|9|Ce1176_A3|7023,0.28,0.141631,5,9,1,0.186611,0.145744,0.128892,0.12521,0.678922,0.897701
130_bNAb_Combinations|1342276|sample|9|Ce1176_A3|7023,1.4,0.00449686,6,9,1,0.0658972,0.0178847,0.00996371,0.00917753,-1.54277,-1.35951
130_bNAb_Combinations|1342276|sample|9|Ce1176_A3|7023,7,0.000939641,7,9,1,0.0214429,0.00284586,0.00171093,0.00162858,-0.310081,-0.278153
130_bNAb_Combinations|1342276|sample|9|Ce1176_A3|7023,35,0.000510091,8,9,1,0.00721726,0.00130211,0.00117893,0.0011645,-0.276462,-0.270702
130_bNAb_Combinations|1342276|vc|1|2|Ce1176_A3|7023,0,0.763009,1,2,1,0.820766,0.820778,0.820628,0.820778,-0.537049,-0.538353
130_bNAb_Combinations|1342276|vc|2|2|Ce1176_A3|7023,0,0.910553,2,2,1,0.851682,0.851692,0.850893,0.851692,0.536697,0.529015
130_bNAb_Combinations|1342276|vc|3|2|Ce1176_A3|7023,0,1,3,2,1,0.851682,0.851692,0.850893,0.851692,1.34136,1.33293
130_bNAb_Combinations|1342276|vc|4|2|Ce1176_A3|7023,0,0.978623,4,2,1,0.851682,0.851692,0.850893,0.851692,1.14905,1.14081
130_bNAb_Combinations|1342276|vc|5|2|Ce1176_A3|7023,0,0.915016,5,2,1,0.851682,0.851692,0.850893,0.851692,0.576848,0.56913
130_bNAb_Combinations|1342276|vc|6|2|Ce1176_A3|7023,0,0.948528,6,2,1,0.851682,0.851692,0.850893,0.851692,0.878316,0.87032
130_bNAb_Combinations|1342276|vc|7|2|Ce1176_A3|7023,0,0.841536,7,2,1,0.851682,0.851692,0.850893,0.851692,-0.0841706,-0.091281
130_bNAb_Combinations|1342276|vc|8|2|Ce1176_A3|7023,0,0.749606,8,2,1,0.820766,0.820778,0.820628,0.820778,-0.661977,-0.663258
130_bNAb_Combinations|1342294|cc|1|1|nan|1176,0,0.00986891,1,1,0,0,0,0,0,4.35058,4.35058
130_bNAb_Combinations|1342294|cc|2|1|nan|1176,0,0.00692296,2,1,0,0,0,0,0,3.0519,3.0519
130_bNAb_Combinations|1342294|cc|3|1|nan|1176,0,0.00368243,3,1,0,0,0,0,0,1.62335,1.62335
130_bNAb_Combinations|1342294|cc|4|1|nan|1176,0,0.0107527,4,1,0,0,0,0,0,4.74018,4.74018
130_bNAb_Combinations|1342294|cc|5|1|nan|1176,0,0.000736485,5,1,0,0,0,0,0,0.32467,0.32467
130_bNAb_Combinations|1342294|cc|6|1|nan|1176,0,0,6,1,0,0,0,0,0,0,0
130_bNAb_Combinations|1342294|cc|7|1|nan|1176,0,0.00618648,7,1,0,0,0,0,0,2.72723,2.72723
130_bNAb_Combinations|1342294|cc|8|1|nan|1176,0,0.0048608,8,1,0,0,0,0,0,2.14282,2.14282
130_bNAb_Combinations|1342294|sample|10|nan|1176,0.000448,0.752099,1,10,1,0.794027,0.820324,0.820203,0.820237,-0.635099,-0.635388
130_bNAb_Combinations|1342294|sample|10|nan|1176,0.00224,0.913684,2,10,1,0.767287,0.847141,0.846429,0.846284,0.608148,0.609562
130_bNAb_Combinations|1342294|sample|10|nan|1176,0.0112,0.857564,3,10,1,0.645436,0.833046,0.8304,0.825384,0.250268,0.298246
130_bNAb_Combinations|1342294|sample|10|nan|1176,0.056,0.527324,4,10,1,0.403896,0.575211,0.556678,0.541939,-0.399322,-0.204063
130_bNAb_Combinations|1342294|sample|10|nan|1176,0.28,0.135219,5,10,1,0.182214,0.142309,0.1261,0.124447,0.495404,0.592017
130_bNAb_Combinations|1342294|sample|10|nan|1176,1.4,0.0110473,6,10,1,0.0658972,0.0178846,0.0149531,0.0155373,-0.933959,-1.05479
130_bNAb_Combinations|1342294|sample|10|nan|1176,7,0.00721756,7,10,1,0.0214429,0.00284583,0.00248565,0.00261503,1.82946,1.76811
130_bNAb_Combinations|1342294|sample|10|nan|1176,35,0.00707026,8,10,1,0.00721726,0.00130209,0.00126817,0.00128022,2.387,2.38053
130_bNAb_Combinations|1342294|sample|11|nan|1176,0.0014272,0.780527,1,11,1,0.760703,0.818459,0.818399,0.818825,-0.353927,-0.357729
130_bNAb_Combinations|1342294|sample|11|nan|1176,0.007136,0.890853,2,11,1,0.677087,0.828539,0.825393,0.828895,0.606683,0.571848
130_bNAb_Combinations|1342294|sample|11|nan|1176,0.03568,0.560465,3,11,1,0.462451,0.667243,0.629454,0.646014,-0.832965,-1.00714
130_bNAb_Combinations|1342294|sample|11|nan|1176,0.1784,0.206069,4,11,1,0.227589,0.228521,0.170571,0.182336,1.4731,0.926939
130_bNAb_Combinations|1342294|sample|11|nan|1176,0.892,0.0144351,5,11,1,0.0861931,0.0314132,0.0193575,0.0205989,-1.03724,-1.25674
130_bNAb_Combinations|1342294|sample|11|nan|1176,5.24,0.00751215,6,11,1,0.0261113,0.00369238,0.00246557,0.00252278,1.95305,1.92545
130_bNAb_Combinations|1342294|sample|11|nan|1176,22.3,0.00324054,7,11,1,0.00994269,0.0015026,0.00133372,0.00133087,0.781772,0.783056
130_bNAb_Combinations|1342294|sample|11|nan|1176,111.5,0.00721756,8,11,1,0.00374274,0.00117104,0.00116054,0.00115222,2.50607,2.51062
130_bNAb_Combinations|1342294|sample|12|nan|1176,0.0014272,0.6839,1,12,1,0.760703,0.818459,0.806559,0.810364,-1.16277,-1.19333
130_bNAb_Combinations|1342294|sample|12|nan|1176,0.007136,0.809839,2,12,1,0.652508,0.798464,0.734257,0.748876,0.785397,0.621409
130_bNAb_Combinations|1342294|sample|12|nan|1176,0.03568,0.503314,3,12,1,0.445664,0.643022,0.457666,0.477949,0.750328,0.399868
130_bNAb_Combinations|1342294|sample|12|nan|1176,0.1784,0.130947,4,12,1,0.219327,0.220226,0.129877,0.129678,0.0566323,0.0672943
130_bNAb_Combinations|1342294|sample|12|nan|1176,0.892,0.01635,5,12,1,0.0830642,0.0302729,0.0231685,0.021031,-1.30288,-0.943789
130_bNAb_Combinations|1342294|sample|12|nan|1176,4.46,0.00972161,6,12,1,0.0280877,0.00418013,0.00448753,0.00385699,1.84123,2.12331
130_bNAb_Combinations|1342294|sample|12|nan|1176,22.3,0.00338783,7,12,1,0.00958177,0.00144806,0.00164491,0.0015043,0.703097,0.765377
130_bNAb_Combinations|1342294|sample|12|nan|1176,111.5,0.0107527,8,12,1,0.00374274,0.00117104,0.00122204,0.00118865,3.93048,3.95121
130_bNAb_Combinations|1342294|sample|3|nan|1176,0.0010624,0.7384,1,3,1,0.771724,0.81925,0.815,0.814203,-0.718787,-0.711986
130_bNAb_Combinations|1342294|sample|3|nan|1176,0.005312,0.840477,2,3,1,0.705296,0.83634,0.801571,0.798093,0.371065,0.405963
130_bNAb_Combinations|1342294|sample|3|nan|1176,0.02656,0.51554,3,3,1,0.52294,0.742462,0.565603,0.562771,-0.670622,-0.635773
130_bNAb_Combinations|1342294|sample|3|nan|1176,0.1328,0.173221,4,3,1,0.273405,0.314066,0.149226,0.155886,1.12306,0.780246
130_bNAb_Combinations|1342294|sample|3|nan|1176,0.664,0.0191486,5,3,1,0.107441,0.0477664,0.0207338,0.0232062,-0.322069,-0.77461
130_bNAb_Combinations|1342294|sample|3|nan|1176,3.32,0.00559729,6,3,1,0.0367223,0.00615663,0.00345517,0.00391823,0.790279,0.606192
130_bNAb_Combinations|1342294|sample|3|nan|1176,26.2,0.00883783,7,3,1,0.0089724,0.00143703,0.00132148,0.00135589,3.08359,3.06394
130_bNAb_Combinations|1342294|sample|3|nan|1176,83,0.0050081,8,3,1,0.0043714,0.00118732,0.00117471,0.00117644,1.58487,1.58401
130_bNAb_Combinations|1342294|sample|4|nan|1176,0.0010624,0.680071,1,4,1,0.771724,0.81925,0.819637,0.819603,-1.30239,-1.30213
130_bNAb_Combinations|1342294|sample|4|nan|1176,0.005312,0.847842,2,4,1,0.705296,0.83634,0.836729,0.83579,0.101628,0.110343
130_bNAb_Combinations|1342294|sample|4|nan|1176,0.02656,0.692444,3,4,1,0.52294,0.742462,0.706825,0.699368,-0.1551,-0.0754565
130_bNAb_Combinations|1342294|sample|4|nan|1176,0.1328,0.216085,4,4,1,0.280003,0.321645,0.205046,0.204719,0.387203,0.399267
130_bNAb_Combinations|1342294|sample|4|nan|1176,0.664,0.0187067,5,4,1,0.110033,0.0489191,0.01951,0.0204933,-0.168579,-0.365272
130_bNAb_Combinations|1342294|sample|4|nan|1176,3.32,0.00456621,6,4,1,0.0367223,0.00615663,0.00250969,0.0026513,0.794148,0.734326
130_bNAb_Combinations|1342294|sample|4|nan|1176,16.6,0.00618648,7,4,1,0.0120397,0.00166963,0.00127899,0.00128697,2.0178,2.01368
130_bNAb_Combinations|1342294|sample|4|nan|1176,83,0.00265135,8,4,1,0.0043714,0.00118732,0.00115445,0.0011474,0.619536,0.622686
130_bNAb_Combinations|1342294|sample|5|nan|1176,0.0004352,0.742083,1,5,1,0.794573,0.820342,0.819441,0.818901,-0.722056,-0.717474
130_bNAb_Combinations|1342294|sample|5|nan|1176,0.002176,0.707321,2,5,1,0.768894,0.847324,0.838896,0.834891,-1.20021,-1.16915
130_bNAb_Combinations|1342294|sample|5|nan|1176,0.01088,0.702754,3,5,1,0.649053,0.834748,0.766865,0.745099,-0.638496,-0.433754
130_bNAb_Combinations|1342294|sample|5|nan|1176,0.0544,0.377817,4,5,1,0.418398,0.597406,0.371231,0.350729,0.132308,0.574461
130_bNAb_Combinations|1342294|sample|5|nan|1176,0.272,0.0605391,5,5,1,0.189766,0.150818,0.0603389,0.0617718,0.0200413,-0.121164
130_bNAb_Combinations|1342294|sample|5|nan|1176,1.36,0.00677567,6,5,1,0.0671861,0.0185732,0.00738225,0.00834456,-0.188781,-0.470248
130_bNAb_Combinations|1342294|sample|5|nan|1176,6.8,0.00721756,7,5,1,0.0218689,0.00291579,0.00179467,0.00197288,2.17081,2.08048
130_bNAb_Combinations|1342294|sample|5|nan|1176,34,0.00972161,8,5,1,0.00734723,0.00130892,0.00120693,0.00122629,3.5143,3.50272
130_bNAb_Combinations|1342294|sample|6|nan|1176,0.0004352,0.662395,1,6,1,0.794573,0.820342,0.819764,0.819887,-1.4683,-1.46923
130_bNAb_Combinations|1342294|sample|6|nan|1176,0.002176,0.964796,2,6,1,0.768894,0.847324,0.840647,0.841155,1.13017,1.12487
130_bNAb_Combinations|1342294|sample|6|nan|1176,0.01088,0.767418,3,6,1,0.649053,0.834748,0.76673,0.765668,0.00685036,0.0174576
130_bNAb_Combinations|1342294|sample|6|nan|1176,0.0544,0.337605,4,6,1,0.418398,0.597406,0.336441,0.333511,0.0256856,0.09107
130_bNAb_Combinations|1342294|sample|6|nan|1176,0.272,0.0459567,5,6,1,0.189766,0.150818,0.0447714,0.0443782,0.148193,0.198605
130_bNAb_Combinations|1342294|sample|6|nan|1176,1.36,0.00382972,6,6,1,0.0671861,0.0185732,0.00502409,0.00500062,-0.41024,-0.402596
130_bNAb_Combinations|1342294|sample|6|nan|1176,6.8,0.00559729,7,6,1,0.0218689,0.00291579,0.00150707,0.00149937,1.66183,1.66562
130_bNAb_Combinations|1342294|sample|6|nan|1176,34,0.00397702,8,6,1,0.00734723,0.00130892,0.0011745,0.0011661,1.15868,1.16267
130_bNAb_Combinations|1342294|sample|7|nan|1176,0.0016768,0.737517,1,7,1,0.753762,0.817865,0.811148,0.809022,-0.694142,-0.675834
130_bNAb_Combinations|1342294|sample|7|nan|1176,0.008384,0.745765,2,7,1,0.660063,0.82277,0.745958,0.736237,-0.00197538,0.0987521
130_bNAb_Combinations|1342294|sample|7|nan|1176,0.04192,0.35042,3,7,1,0.450466,0.650926,0.325485,0.326092,0.567689,0.552913
130_bNAb_Combinations|1342294|sample|7|nan|1176,0.2096,0.042127,4,7,1,0.21989,0.202932,0.0429883,0.0476697,-0.110857,-0.662302
130_bNAb_Combinations|1342294|sample|7|nan|1176,1.048,0.00824864,5,7,1,0.0817999,0.0267825,0.00487264,0.00575695,1.16736,0.829136
130_bNAb_Combinations|1342294|sample|7|nan|1176,5.24,0.00574459,6,7,1,0.0268957,0.00380329,0.00152025,0.00162783,1.71514,1.66217
130_bNAb_Combinations|1342294|sample|7|nan|1176,26.2,0.00839593,7,7,1,0.0089724,0.00143703,0.00121452,0.00121966,2.96282,2.9599
130_bNAb_Combinations|1342294|sample|7|nan|1176,131,0.0114892,8,7,1,0.00345259,0.00116466,0.00115034,0.00114319,4.27997,4.28456
130_bNAb_Combinations|1342294|sample|8|nan|1176,0.0016768,0.757549,1,8,1,0.753762,0.817865,0.80032,0.80095,-0.408553,-0.414253
130_bNAb_Combinations|1342294|sample|8|nan|1176,0.008384,0.8147,2,8,1,0.660063,0.82277,0.710255,0.713524,1.12109,1.08115
130_bNAb_Combinations|1342294|sample|8|nan|1176,0.04192,0.353071,3,8,1,0.450466,0.650926,0.344453,0.349112,0.185929,0.0843356
130_bNAb_Combinations|1342294|sample|8|nan|1176,0.2096,0.0670202,4,8,1,0.21989,0.202932,0.0696559,0.0708874,-0.235701,-0.341021
130_bNAb_Combinations|1342294|sample|8|nan|1176,1.048,0.0106054,5,8,1,0.0817999,0.0267825,0.010639,0.0107907,-0.00927183,-0.0507713
130_bNAb_Combinations|1342294|sample|8|nan|1176,4.46,0.00751215,6,8,1,0.0300211,0.00446787,0.00268067,0.00269443,1.8501,1.84359
130_bNAb_Combinations|1342294|sample|8|nan|1176,16.6,0.00883783,7,8,1,0.0120397,0.00166963,0.00145492,0.00145022,3.00778,3.01043
130_bNAb_Combinations|1342294|sample|8|nan|1176,131,0.0053027,8,8,1,0.00345259,0.00116466,0.00116666,0.00115828,1.71072,1.71495
130_bNAb_Combinations|1342294|sample|9|nan|1176,0.000448,0.773752,1,9,1,0.794027,0.820324,0.820417,0.820476,-0.435062,-0.43558
130_bNAb_Combinations|1342294|sample|9|nan|1176,0.00224,0.914862,2,9,1,0.767287,0.847141,0.848218,0.848152,0.601377,0.602018
130_bNAb_Combinations|1342294|sample|9|nan|1176,0.0112,0.927235,3,9,1,0.645436,0.833046,0.841865,0.83656,0.776049,0.829388
130_bNAb_Combinations|1342294|sample|9|nan|1176,0.056,0.603918,4,9,1,0.413643,0.589092,0.588457,0.572908,0.199296,0.410265
130_bNAb_Combinations|1342294|sample|9|nan|1176,0.28,0.117396,5,9,1,0.186611,0.145743,0.116253,0.118461,0.0666786,-0.0611468
130_bNAb_Combinations|1342294|sample|9|nan|1176,1.4,0.0113419,6,9,1,0.0658972,0.0178846,0.0110857,0.0123415,0.0694791,-0.259785
130_bNAb_Combinations|1342294|sample|9|nan|1176,7,0.00707026,7,9,1,0.0214429,0.00284583,0.00193969,0.0021178,2.03866,1.95022
130_bNAb_Combinations|1342294|sample|9|nan|1176,35,0.0109,8,9,1,0.00721726,0.00130209,0.00120438,0.00121709,4.00224,3.99431
130_bNAb_Combinations|1342294|vc|1|2|nan|1176,0,0.903962,1,2,1,0.820766,0.820768,0.820617,0.820768,0.776848,0.775293
130_bNAb_Combinations|1342294|vc|2|2|nan|1176,0,0.772868,2,2,1,0.851682,0.851684,0.850883,0.851684,-0.701825,-0.708378
130_bNAb_Combinations|1342294|vc|3|2|nan|1176,0,0.798792,3,2,1,0.851682,0.851684,0.850883,0.851684,-0.46861,-0.475378
130_bNAb_Combinations|1342294|vc|4|2|nan|1176,0,1,4,2,1,0.851682,0.851684,0.850883,0.851684,1.34146,1.33302
130_bNAb_Combinations|1342294|vc|5|2|nan|1176,0,0.928708,5,2,1,0.851682,0.851684,0.850883,0.851684,0.700116,0.692271
130_bNAb_Combinations|1342294|vc|6|2|nan|1176,0,0.843276,6,2,1,0.851682,0.851684,0.850883,0.851684,-0.0684342,-0.075571
130_bNAb_Combinations|1342294|vc|7|2|nan|1176,0,0.868906,7,2,1,0.851682,0.851684,0.850883,0.851684,0.162131,0.154782
130_bNAb_Combinations|1342294|vc|8|2|nan|1176,0,0.751657,8,2,1,0.820766,0.820768,0.820617,0.820768,-0.642757,-0.644055
130_bNAb_Combinations|1342312|cc|1|1|RHPA4259.7|5371,0,0.00173044,1,1,0,0,0,0,0,0.762841,0.762841
130_bNAb_Combinations|1342312|cc|2|1|RHPA4259.7|5371,0,0.00228271,2,1,0,0,0,0,0,1.0063,1.0063
130_bNAb_Combinations|1342312|cc|3|1|RHPA4259.7|5371,0,0.00237475,3,1,0,0,0,0,0,1.04688,1.04688
130_bNAb_Combinations|1342312|cc|4|1|RHPA4259.7|5371,0,0.00189612,4,1,0,0,0,0,0,0.835879,0.835879
130_bNAb_Combinations|1342312|cc|5|1|RHPA4259.7|5371,0,0.00136226,5,1,0,0,0,0,0,0.600534,0.600534
130_bNAb_Combinations|1342312|cc|6|1|RHPA4259.7|5371,0,0.00187771,6,1,0,0,0,0,0,0.827763,0.827763
130_bNAb_Combinations|1342312|cc|7|1|RHPA4259.7|5371,0,0.00250361,7,1,0,0,0,0,0,1.10368,1.10368
130_bNAb_Combinations|1342312|cc|8|1|RHPA4259.7|5371,0,0.0020618,8,1,0,0,0,0,0,0.908917,0.908917
130_bNAb_Combinations|1342312|sample|10|RHPA4259.7|5371,0.000448,0.715113,1,10,1,0.794027,0.820321,0.820287,0.820207,-0.980694,-0.980043
130_bNAb_Combinations|1342312|sample|10|RHPA4259.7|5371,0.00224,0.774601,2,10,1,0.767287,0.847139,0.844127,0.841898,-0.630362,-0.611728
130_bNAb_Combinations|1342312|sample|10|RHPA4259.7|5371,0.0112,0.535727,3,10,1,0.645436,0.833044,0.754711,0.732069,-2.21525,-2.04618
130_bNAb_Combinations|1342312|sample|10|RHPA4259.7|5371,0.056,0.22458,4,10,1,0.403896,0.57521,0.207721,0.200712,0.584313,0.853804
130_bNAb_Combinations|1342312|sample|10|RHPA4259.7|5371,0.28,0.0133649,5,10,1,0.182214,0.142308,0.0144706,0.0160938,-0.268349,-0.63053
130_bNAb_Combinations|1342312|sample|10|RHPA4259.7|5371,1.4,0.00084681,6,10,1,0.0658972,0.0178845,0.00189459,0.00210394,-0.417296,-0.495388
130_bNAb_Combinations|1342312|sample|10|RHPA4259.7|5371,7,0.000607494,7,10,1,0.0214429,0.00284583,0.00122313,0.00123325,-0.253877,-0.257912
130_bNAb_Combinations|1342312|sample|10|RHPA4259.7|5371,111.5,0.00169362,8,10,1,0.00374274,0.00117104,0.00114862,0.00114027,0.225635,0.229194
130_bNAb_Combinations|1342312|sample|11|RHPA4259.7|5371,0.0014272,0.619276,1,11,1,0.760703,0.818456,0.792464,0.798005,-1.67034,-1.71207
130_bNAb_Combinations|1342312|sample|11|RHPA4259.7|5371,0.007136,0.546386,2,11,1,0.677087,0.828537,0.630972,0.650124,-1.0189,-1.21376
130_bNAb_Combinations|1342312|sample|11|RHPA4259.7|5371,0.03568,0.216194,3,11,1,0.462451,0.667241,0.193103,0.195475,0.855835,0.759397
130_bNAb_Combinations|1342312|sample|11|RHPA4259.7|5371,0.1784,0.0229007,4,11,1,0.227589,0.22852,0.0257176,0.0237267,-0.506667,-0.155713
130_bNAb_Combinations|1342312|sample|11|RHPA4259.7|5371,0.892,0.000994082,5,11,1,0.0861931,0.0314132,0.00375602,0.00330715,-1.00467,-0.85935
130_bNAb_Combinations|1342312|sample|11|RHPA4259.7|5371,4.46,0.000865219,6,11,1,0.0291456,0.00433757,0.00145285,0.00137864,-0.239424,-0.21
130_bNAb_Combinations|1342312|sample|11|RHPA4259.7|5371,22.3,0.000938855,7,11,1,0.00994269,0.0015026,0.0012175,0.00120085,-0.114943,-0.108168
130_bNAb_Combinations|1342312|sample|11|RHPA4259.7|5371,35,0.00169362,8,11,1,0.00721726,0.00130209,0.00116203,0.0011488,0.219929,0.22556
130_bNAb_Combinations|1342312|sample|12|RHPA4259.7|5371,0.0014272,0.585532,1,12,1,0.760703,0.818456,0.80355,0.800986,-2.07432,-2.05635
130_bNAb_Combinations|1342312|sample|12|RHPA4259.7|5371,0.007136,0.505481,2,12,1,0.652508,0.798461,0.645131,0.634998,-1.64625,-1.5505
130_bNAb_Combinations|1342312|sample|12|RHPA4259.7|5371,0.03568,0.206879,3,12,1,0.445664,0.64302,0.183589,0.18437,0.904035,0.870339
130_bNAb_Combinations|1342312|sample|12|RHPA4259.7|5371,0.1784,0.0190532,4,12,1,0.219327,0.220225,0.0190635,0.0205803,-0.00218552,-0.311505
130_bNAb_Combinations|1342312|sample|12|RHPA4259.7|5371,0.892,3.68178e-05,5,12,1,0.0830642,0.0302729,0.00257532,0.00281672,-0.977101,-1.05745
130_bNAb_Combinations|1342312|sample|12|RHPA4259.7|5371,4.46,0.000607494,6,12,1,0.0280877,0.00418011,0.00125998,0.00128166,-0.268548,-0.277156
130_bNAb_Combinations|1342312|sample|12|RHPA4259.7|5371,22.3,0,7,12,1,0.00958177,0.00144806,0.00115715,0.00115186,-0.478852,-0.4768
130_bNAb_Combinations|1342312|sample|12|RHPA4259.7|5371,111.5,0.00154635,8,12,1,0.00374274,0.00117104,0.00114912,0.00114091,0.164452,0.167924
130_bNAb_Combinations|1342312|sample|3|RHPA4259.7|5371,0.0010624,0.763952,1,3,1,0.771724,0.819247,0.819226,0.819023,-0.51606,-0.514283
130_bNAb_Combinations|1342312|sample|3|RHPA4259.7|5371,0.005312,0.818875,2,3,1,0.705296,0.836338,0.824566,0.821837,-0.052795,-0.0275727
130_bNAb_Combinations|1342312|sample|3|RHPA4259.7|5371,0.02656,0.538378,3,3,1,0.52294,0.74246,0.547194,0.541805,-0.121938,-0.0478637
130_bNAb_Combinations|1342312|sample|3|RHPA4259.7|5371,0.1328,0.0814411,4,3,1,0.273405,0.314065,0.0720536,0.0768135,0.81705,0.382484
130_bNAb_Combinations|1342312|sample|3|RHPA4259.7|5371,0.664,0.00397633,5,3,1,0.107441,0.0477663,0.00529629,0.00604032,-0.448022,-0.678628
130_bNAb_Combinations|1342312|sample|3|RHPA4259.7|5371,3.32,0.00173044,6,3,1,0.0367223,0.00615662,0.00144294,0.00150243,0.117198,0.0926602
130_bNAb_Combinations|1342312|sample|3|RHPA4259.7|5371,16.6,0.00147271,7,3,1,0.0120397,0.00166963,0.00120198,0.001199,0.111769,0.113016
130_bNAb_Combinations|1342312|sample|3|RHPA4259.7|5371,83,0.0012334,8,3,1,0.0043714,0.00118732,0.00114901,0.00114081,0.034935,0.0383466
130_bNAb_Combinations|1342312|sample|4|RHPA4259.7|5371,0.0010624,0.732077,1,4,1,0.771724,0.819247,0.819728,0.819323,-0.817844,-0.81446
130_bNAb_Combinations|1342312|sample|4|RHPA4259.7|5371,0.005312,0.824591,2,4,1,0.705296,0.836338,0.830485,0.82366,-0.0543049,0.00864666
130_bNAb_Combinations|1342312|sample|4|RHPA4259.7|5371,0.02656,0.536592,3,4,1,0.52294,0.74246,0.562435,0.529544,-0.348066,0.10064
130_bNAb_Combinations|1342312|sample|4|RHPA4259.7|5371,0.1328,0.0694384,4,4,1,0.280003,0.321644,0.0666495,0.0666697,0.258288,0.256357
130_bNAb_Combinations|1342312|sample|4|RHPA4259.7|5371,0.664,0.00323997,5,4,1,0.110033,0.0489191,0.00434929,0.00488602,-0.392678,-0.568839
130_bNAb_Combinations|1342312|sample|4|RHPA4259.7|5371,3.32,0.00138067,6,4,1,0.0367223,0.00615662,0.00135945,0.00140298,0.00868914,-0.00911461
130_bNAb_Combinations|1342312|sample|4|RHPA4259.7|5371,16.6,0.00134385,7,4,1,0.0120397,0.00166963,0.0011965,0.00119212,0.0608485,0.0626746
130_bNAb_Combinations|1342312|sample|4|RHPA4259.7|5371,83,0.00163839,8,4,1,0.0043714,0.00118732,0.00114868,0.00114036,0.202744,0.206279
130_bNAb_Combinations|1342312|sample|5|RHPA4259.7|5371,0.0004352,0.786834,1,5,1,0.794573,0.820339,0.820514,0.820633,-0.313964,-0.315029
130_bNAb_Combinations|1342312|sample|5|RHPA4259.7|5371,0.002176,0.889859,2,5,1,0.768894,0.847322,0.848401,0.848625,0.37403,0.371915
130_bNAb_Combinations|1342312|sample|5|RHPA4259.7|5371,0.01088,0.800236,3,5,1,0.649053,0.834746,0.818434,0.812041,-0.170062,-0.111173
130_bNAb_Combinations|1342312|sample|5|RHPA4259.7|5371,0.0544,0.336165,4,5,1,0.418398,0.597405,0.333278,0.322396,0.0642816,0.316328
130_bNAb_Combinations|1342312|sample|5|RHPA4259.7|5371,0.272,0.022643,5,5,1,0.189766,0.150818,0.0226392,0.023133,0.000734128,-0.0937118
130_bNAb_Combinations|1342312|sample|5|RHPA4259.7|5371,1.36,0.00209862,6,5,1,0.0671861,0.0185731,0.00211352,0.0021996,-0.00587191,-0.0396026
130_bNAb_Combinations|1342312|sample|5|RHPA4259.7|5371,6.8,0.00149112,7,5,1,0.0218689,0.00291578,0.00122663,0.00122561,0.109052,0.10948
130_bNAb_Combinations|1342312|sample|5|RHPA4259.7|5371,34,0.00193294,8,5,1,0.00734723,0.00130892,0.00114988,0.00114175,0.324172,0.327678
130_bNAb_Combinations|1342312|sample|6|RHPA4259.7|5371,0.0004352,0.751903,1,6,1,0.794573,0.820339,0.820413,0.820526,-0.638718,-0.639691
130_bNAb_Combinations|1342312|sample|6|RHPA4259.7|5371,0.002176,0.86336,2,6,1,0.768894,0.847322,0.846681,0.846855,0.150773,0.149165
130_bNAb_Combinations|1342312|sample|6|RHPA4259.7|5371,0.01088,0.716604,3,6,1,0.649053,0.834746,0.796167,0.78946,-0.763869,-0.705287
130_bNAb_Combinations|1342312|sample|6|RHPA4259.7|5371,0.0544,0.300461,4,6,1,0.418398,0.597405,0.296627,0.283902,0.0953166,0.428984
130_bNAb_Combinations|1342312|sample|6|RHPA4259.7|5371,0.272,0.0212255,5,6,1,0.189766,0.150818,0.0225246,0.0219039,-0.252202,-0.133774
130_bNAb_Combinations|1342312|sample|6|RHPA4259.7|5371,1.36,0.00147271,6,6,1,0.0671861,0.0185731,0.00227669,0.00227484,-0.314081,-0.313387
130_bNAb_Combinations|1342312|sample|6|RHPA4259.7|5371,6.8,0.00171203,7,6,1,0.0218689,0.00291578,0.00124131,0.00123545,0.193931,0.196405
130_bNAb_Combinations|1342312|sample|6|RHPA4259.7|5371,34,0.00117817,8,6,1,0.00734723,0.00130892,0.00115085,0.0011425,0.01131,0.0147736
130_bNAb_Combinations|1342312|sample|7|RHPA4259.7|5371,0.0016768,0.684987,1,7,1,0.753762,0.817862,0.818019,0.815737,-1.24382,-1.22583
130_bNAb_Combinations|1342312|sample|7|RHPA4259.7|5371,0.008384,0.658662,2,7,1,0.660063,0.822768,0.802026,0.780155,-1.36657,-1.18984
130_bNAb_Combinations|1342312|sample|7|RHPA4259.7|5371,0.04192,0.390536,3,7,1,0.450466,0.650925,0.404034,0.371531,-0.250087,0.38151
130_bNAb_Combinations|1342312|sample|7|RHPA4259.7|5371,0.2096,0.0446784,4,7,1,0.21989,0.202931,0.039357,0.0433448,0.728453,0.170642
130_bNAb_Combinations|1342312|sample|7|RHPA4259.7|5371,1.048,0.00222748,5,7,1,0.0817999,0.0267825,0.00332223,0.00420769,-0.40643,-0.705483
130_bNAb_Combinations|1342312|sample|7|RHPA4259.7|5371,5.24,0.00160158,6,7,1,0.0268957,0.00380328,0.00133134,0.00141329,0.110808,0.0768747
130_bNAb_Combinations|1342312|sample|7|RHPA4259.7|5371,26.2,0.00115976,7,7,1,0.0089724,0.00143703,0.00119613,0.00119556,-0.0150173,-0.0147853
130_bNAb_Combinations|1342312|sample|7|RHPA4259.7|5371,131,0.00149112,8,7,1,0.00345259,0.00116465,0.00114871,0.00114072,0.141762,0.145128
130_bNAb_Combinations|1342312|sample|8|RHPA4259.7|5371,0.0016768,0.685069,1,8,1,0.753762,0.817862,0.816601,0.81496,-1.23188,-1.2189
130_bNAb_Combinations|1342312|sample|8|RHPA4259.7|5371,0.008384,0.702457,2,8,1,0.660063,0.822768,0.789118,0.773937,-0.839288,-0.705537
130_bNAb_Combinations|1342312|sample|8|RHPA4259.7|5371,0.04192,0.377254,3,8,1,0.450466,0.650925,0.390247,0.363408,-0.24886,0.283874
130_bNAb_Combinations|1342312|sample|8|RHPA4259.7|5371,0.2096,0.0456541,4,8,1,0.21989,0.202931,0.0441243,0.0439567,0.193271,0.215025
130_bNAb_Combinations|1342312|sample|8|RHPA4259.7|5371,1.048,0.00265088,5,8,1,0.0817999,0.0267825,0.00407259,0.00441653,-0.509645,-0.623106
130_bNAb_Combinations|1342312|sample|8|RHPA4259.7|5371,5.24,0.00114135,6,8,1,0.0268957,0.00380328,0.00139924,0.0014385,-0.10537,-0.121161
130_bNAb_Combinations|1342312|sample|8|RHPA4259.7|5371,26.2,0.00121499,7,8,1,0.0089724,0.00143703,0.00120136,0.001198,0.00562534,0.00701674
130_bNAb_Combinations|1342312|sample|8|RHPA4259.7|5371,131,0.00121499,8,8,1,0.00345259,0.00116465,0.00114908,0.00114094,0.0272858,0.0306709
130_bNAb_Combinations|1342312|sample|9|RHPA4259.7|5371,0.000448,0.719568,1,9,1,0.794027,0.820321,0.820505,0.820634,-0.94094,-0.942001
130_bNAb_Combinations|1342312|sample|9|RHPA4259.7|5371,0.00224,0.768397,2,9,1,0.767287,0.847139,0.847799,0.848114,-0.716845,-0.719425
130_bNAb_Combinations|1342312|sample|9|RHPA4259.7|5371,0.0112,0.637998,3,9,1,0.645436,0.833044,0.796668,0.789963,-1.52242,-1.47019
130_bNAb_Combinations|1342312|sample|9|RHPA4259.7|5371,0.056,0.250297,4,9,1,0.413643,0.589091,0.241024,0.230821,0.280036,0.612282
130_bNAb_Combinations|1342312|sample|9|RHPA4259.7|5371,0.28,0.0105667,5,9,1,0.186611,0.145742,0.0130406,0.0128387,-0.628331,-0.580851
130_bNAb_Combinations|1342312|sample|9|RHPA4259.7|5371,1.4,0.00130703,6,9,1,0.0658972,0.0178845,0.00165125,0.00165456,-0.138813,-0.140123
130_bNAb_Combinations|1342312|sample|9|RHPA4259.7|5371,7,0.00136226,7,9,1,0.0214429,0.00284583,0.00120587,0.00119896,0.0645502,0.0674265
130_bNAb_Combinations|1342312|sample|9|RHPA4259.7|5371,35,0.00138067,8,9,1,0.00721726,0.00130209,0.00114897,0.00114049,0.095923,0.0994783
130_bNAb_Combinations|1342312|vc|1|2|RHPA4259.7|5371,0,0.805648,1,2,1,0.820766,0.820766,0.820614,0.820766,-0.139494,-0.140886
130_bNAb_Combinations|1342312|vc|2|2|RHPA4259.7|5371,0,0.988964,2,2,1,0.851682,0.851682,0.850881,0.851682,1.2422,1.23385
130_bNAb_Combinations|1342312|vc|3|2|RHPA4259.7|5371,0,0.95037,3,2,1,0.851682,0.851682,0.850881,0.851682,0.895005,0.886978
130_bNAb_Combinations|1342312|vc|4|2|RHPA4259.7|5371,0,0.951677,4,2,1,0.851682,0.851682,0.850881,0.851682,0.906763,0.898725
130_bNAb_Combinations|1342312|vc|5|2|RHPA4259.7|5371,0,1,5,2,1,0.851682,0.851682,0.850881,0.851682,1.34148,1.33304
130_bNAb_Combinations|1342312|vc|6|2|RHPA4259.7|5371,0,0.952339,6,2,1,0.851682,0.851682,0.850881,0.851682,0.912725,0.904682
130_bNAb_Combinations|1342312|vc|7|2|RHPA4259.7|5371,0,0.995186,7,2,1,0.851682,0.851682,0.850881,0.851682,1.29818,1.28978
130_bNAb_Combinations|1342312|vc|8|2|RHPA4259.7|5371,0,0.750412,8,2,1,0.820766,0.820766,0.820614,0.820766,-0.654339,-0.655637
130_bNAb_Combinations|1342336|cc|1|1|nan|3430,0,0,1,1,0,0,0,0,0,0,0
130_bNAb_Combinations|1342336|cc|2|1|nan|3430,0,0,2,1,0,0,0,0,0,0,0
130_bNAb_Combinations|1342336|cc|3|1|nan|3430,0,0.00041405,3,1,0,0,0,0,0,0.182529,0.182529
130_bNAb_Combinations|1342336|cc|4|1|nan|3430,0,0.00119614,4,1,0,0,0,0,0,0.527305,0.527305
130_bNAb_Combinations|1342336|cc|5|1|nan|3430,0,0.00174821,5,1,0,0,0,0,0,0.770676,0.770676
130_bNAb_Combinations|1342336|cc|6|1|nan|3430,0,0.00207025,6,1,0,0,0,0,0,0.912643,0.912643
130_bNAb_Combinations|1342336|cc|7|1|nan|3430,0,0.00110413,7,1,0,0,0,0,0,0.486743,0.486743
130_bNAb_Combinations|1342336|cc|8|1|nan|3430,0,0.0016562,8,1,0,0,0,0,0,0.730114,0.730114
130_bNAb_Combinations|1342336|sample|10|nan|3430,0.000448,0.700021,1,10,1,0.794027,0.772661,0.767529,0.772157,-0.671774,-0.713614
130_bNAb_Combinations|1342336|sample|10|nan|3430,0.00224,0.771582,2,10,1,0.767287,0.807888,0.796734,0.801909,-0.241306,-0.289121
130_bNAb_Combinations|1342336|sample|10|nan|3430,0.0112,0.689301,3,10,1,0.645436,0.802036,0.732483,0.741964,-0.449769,-0.541672
130_bNAb_Combinations|1342336|sample|10|nan|3430,0.056,0.346491,4,10,1,0.403896,0.553799,0.325053,0.339769,0.4887,0.14693
130_bNAb_Combinations|1342336|sample|10|nan|3430,0.28,0.0542406,5,10,1,0.182214,0.137011,0.0472864,0.0506609,0.835848,0.409025
130_bNAb_Combinations|1342336|sample|10|nan|3430,1.4,0.00372645,6,10,1,0.0658972,0.0172188,0.00566411,0.00603071,-0.647337,-0.75793
130_bNAb_Combinations|1342336|sample|10|nan|3430,7,0.00216226,7,10,1,0.0214429,0.00271397,0.00153119,0.00156445,0.256079,0.242164
130_bNAb_Combinations|1342336|sample|10|nan|3430,35,0.00469257,8,10,1,0.00721726,0.00122643,0.00111081,0.00111229,1.48586,1.48512
130_bNAb_Combinations|1342336|sample|11|nan|3430,0.0014272,0.773285,1,11,1,0.760703,0.770904,0.761441,0.764527,0.118773,0.0874839
130_bNAb_Combinations|1342336|sample|11|nan|3430,0.007136,0.718722,2,11,1,0.677087,0.790149,0.728541,0.721977,-0.102815,-0.0343852
130_bNAb_Combinations|1342336|sample|11|nan|3430,0.03568,0.335588,3,11,1,0.462451,0.636326,0.356049,0.339223,-0.427751,-0.0795723
130_bNAb_Combinations|1342336|sample|11|nan|3430,0.1784,0.0538265,4,11,1,0.227589,0.217932,0.0518527,0.0498893,0.221675,0.455007
130_bNAb_Combinations|1342336|sample|11|nan|3430,0.892,0.00377246,5,11,1,0.0861931,0.0299577,0.0057255,0.00574414,-0.650767,-0.656459
130_bNAb_Combinations|1342336|sample|11|nan|3430,4.46,0.00207025,6,11,1,0.0291456,0.0041366,0.0015246,0.00154326,0.221494,0.21371
130_bNAb_Combinations|1342336|sample|11|nan|3430,22.3,0.00147218,7,11,1,0.00994269,0.00143298,0.00116386,0.00116521,0.127544,0.126977
130_bNAb_Combinations|1342336|sample|11|nan|3430,111.5,0.000690084,8,11,1,0.00374274,0.001103,0.00107824,0.00107684,-0.1613,-0.160731
130_bNAb_Combinations|1342336|sample|12|nan|3430,0.0014272,0.81048,1,12,1,0.760703,0.770904,0.766334,0.77123,0.439959,0.388744
130_bNAb_Combinations|1342336|sample|12|nan|3430,0.007136,0.757689,2,12,1,0.652508,0.752071,0.734131,0.741669,0.244835,0.164841
130_bNAb_Combinations|1342336|sample|12|nan|3430,0.03568,0.442183,3,12,1,0.445664,0.605661,0.432492,0.442471,0.168195,-0.00489174
130_bNAb_Combinations|1342336|sample|12|nan|3430,0.1784,0.0585651,4,12,1,0.219327,0.20743,0.0561261,0.0553356,0.258062,0.345405
130_bNAb_Combinations|1342336|sample|12|nan|3430,0.892,0.00211626,5,12,1,0.0830642,0.028514,0.00462836,0.00436447,-0.878134,-0.795277
130_bNAb_Combinations|1342336|sample|12|nan|3430,4.46,0.00119614,6,12,1,0.0280877,0.00393725,0.00129027,0.00126077,-0.0386784,-0.0265961
130_bNAb_Combinations|1342336|sample|12|nan|3430,22.3,0.000138017,7,12,1,0.00958177,0.00136392,0.00108843,0.00108427,-0.394738,-0.393097
130_bNAb_Combinations|1342336|sample|12|nan|3430,111.5,0.00193223,8,12,1,0.00374274,0.001103,0.00107628,0.00107427,0.355737,0.356608
130_bNAb_Combinations|1342336|sample|3|nan|3430,0.0010624,0.85338,1,3,1,0.771724,0.771649,0.767968,0.772649,0.849454,0.798147
130_bNAb_Combinations|1342336|sample|3|nan|3430,0.005312,0.846134,2,3,1,0.705296,0.797588,0.796573,0.802959,0.475589,0.411084
130_bNAb_Combinations|1342336|sample|3|nan|3430,0.02656,0.598923,3,3,1,0.52294,0.714824,0.657415,0.68185,-0.676977,-0.926258
130_bNAb_Combinations|1342336|sample|3|nan|3430,0.1328,0.155913,4,3,1,0.273405,0.302375,0.128102,0.142927,1.49022,0.631619
130_bNAb_Combinations|1342336|sample|3|nan|3430,0.664,0.00768293,5,3,1,0.107441,0.0459883,0.00853019,0.00932445,-0.252155,-0.474193
130_bNAb_Combinations|1342336|sample|3|nan|3430,1.36,0.00156419,6,3,1,0.0671861,0.0178818,0.00311781,0.00330173,-0.582444,-0.645696
130_bNAb_Combinations|1342336|sample|3|nan|3430,16.6,0.00115014,7,3,1,0.0120397,0.00159227,0.00114772,0.0011465,0.00100152,0.00150551
130_bNAb_Combinations|1342336|sample|3|nan|3430,83,0.00276033,8,3,1,0.0043714,0.00111833,0.00107633,0.00107452,0.699874,0.700692
130_bNAb_Combinations|1342336|sample|4|nan|3430,0.0010624,0.773193,1,4,1,0.771724,0.771649,0.768337,0.772868,0.0482677,0.00320351
130_bNAb_Combinations|1342336|sample|4|nan|3430,0.005312,0.819405,2,4,1,0.705296,0.797588,0.802894,0.806698,0.157216,0.120444
130_bNAb_Combinations|1342336|sample|4|nan|3430,0.02656,0.59009,3,4,1,0.52294,0.714824,0.720816,0.720876,-1.38312,-1.38364
130_bNAb_Combinations|1342336|sample|4|nan|3430,0.1328,0.181814,4,4,1,0.280003,0.311971,0.152547,0.165062,1.34311,0.716157
130_bNAb_Combinations|1342336|sample|4|nan|3430,0.664,0.00570469,5,4,1,0.110033,0.0474477,0.00760039,0.00918688,-0.5849,-1.01106
130_bNAb_Combinations|1342336|sample|4|nan|3430,3.32,0.000966117,6,4,1,0.0367223,0.00592745,0.00139429,0.00148409,-0.174988,-0.2107
130_bNAb_Combinations|1342336|sample|4|nan|3430,16.6,0.0008281,7,4,1,0.0120397,0.00159227,0.00113754,0.00113997,-0.128187,-0.129175
130_bNAb_Combinations|1342336|sample|4|nan|3430,83,0.00289835,8,4,1,0.0043714,0.00111833,0.00107575,0.00107413,0.757499,0.758238
130_bNAb_Combinations|1342336|sample|5|nan|3430,0.0004352,0.505739,1,5,1,0.794573,0.772678,0.759566,0.764936,-2.55169,-2.58779
130_bNAb_Combinations|1342336|sample|5|nan|3430,0.002176,0.471465,2,5,1,0.768894,0.808063,0.732307,0.74154,-2.71751,-2.77949
130_bNAb_Combinations|1342336|sample|5|nan|3430,0.01088,0.433165,3,5,1,0.649053,0.803675,0.442714,0.45592,-0.162052,-0.375398
130_bNAb_Combinations|1342336|sample|5|nan|3430,0.0544,0.118556,4,5,1,0.418398,0.579437,0.0988483,0.101775,1.32104,1.09732
130_bNAb_Combinations|1342336|sample|5|nan|3430,0.272,0.00814299,5,5,1,0.189766,0.146282,0.0136188,0.0137267,-1.3651,-1.38722
130_bNAb_Combinations|1342336|sample|5|nan|3430,3.32,0.00156419,6,5,1,0.0367223,0.00592745,0.00159444,0.00158047,-0.0122352,-0.00658758
130_bNAb_Combinations|1342336|sample|5|nan|3430,6.8,0.000552067,7,5,1,0.0218689,0.00278069,0.00128347,0.00127565,-0.30066,-0.297566
130_bNAb_Combinations|1342336|sample|5|nan|3430,34,0.00207025,8,5,1,0.00734723,0.00123287,0.00109219,0.00108937,0.406141,0.407373
130_bNAb_Combinations|1342336|sample|6|nan|3430,0.0004352,0.356474,1,6,1,0.794573,0.772678,0.749367,0.753177,-4.00222,-4.02106
130_bNAb_Combinations|1342336|sample|6|nan|3430,0.002176,0.439698,2,6,1,0.768894,0.808063,0.679325,0.680867,-2.68624,-2.69756
130_bNAb_Combinations|1342336|sample|6|nan|3430,0.01088,0.353622,3,6,1,0.649053,0.803675,0.350893,0.350976,0.0578473,0.0560676
130_bNAb_Combinations|1342336|sample|6|nan|3430,0.0544,0.0923792,4,6,1,0.418398,0.579437,0.0775209,0.0781831,1.21898,1.1566
130_bNAb_Combinations|1342336|sample|6|nan|3430,0.272,0.00602673,5,6,1,0.189766,0.146282,0.0123801,0.0126218,-1.64904,-1.69815
130_bNAb_Combinations|1342336|sample|6|nan|3430,1.36,0.00197824,6,6,1,0.0671861,0.0178818,0.00265467,0.00270496,-0.259354,-0.277948
130_bNAb_Combinations|1342336|sample|6|nan|3430,6.8,0.00133416,7,6,1,0.0218689,0.00278069,0.00132268,0.00133008,0.00471161,0.00167204
130_bNAb_Combinations|1342336|sample|6|nan|3430,34,0.00041405,8,6,1,0.00734723,0.00123287,0.00110027,0.00110001,-0.284831,-0.284728
130_bNAb_Combinations|1342336|sample|7|nan|3430,0.0016768,0.313114,1,7,1,0.753762,0.770344,0.500347,0.466218,-2.82401,-2.4721
130_bNAb_Combinations|1342336|sample|7|nan|3430,0.008384,0.189313,2,7,1,0.660063,0.784647,0.177301,0.171034,0.481276,0.756683
130_bNAb_Combinations|1342336|sample|7|nan|3430,0.04192,0.0440733,3,7,1,0.450466,0.626696,0.0349591,0.0385144,1.3518,0.77236
130_bNAb_Combinations|1342336|sample|7|nan|3430,0.2096,0.00276033,4,7,1,0.21989,0.196828,0.00663363,0.00820063,-1.24249,-1.63968
130_bNAb_Combinations|1342336|sample|7|nan|3430,1.048,0.00174821,5,7,1,0.0817999,0.0259769,0.00203145,0.00244042,-0.112024,-0.268224
130_bNAb_Combinations|1342336|sample|7|nan|3430,5.24,0.000506061,6,7,1,0.0268957,0.00366172,0.00129469,0.0013817,-0.323993,-0.3581
130_bNAb_Combinations|1342336|sample|7|nan|3430,26.2,0.0024383,7,7,1,0.0089724,0.00137045,0.00114735,0.00116312,0.534497,0.527527
130_bNAb_Combinations|1342336|sample|7|nan|3430,131,0.00142617,8,7,1,0.00345259,0.00109699,0.00107795,0.00107951,0.144707,0.144048
130_bNAb_Combinations|1342336|sample|8|nan|3430,0.0016768,0.444621,1,8,1,0.753762,0.770344,0.671729,0.677119,-2.57396,-2.6146
130_bNAb_Combinations|1342336|sample|8|nan|3430,0.008384,0.344421,2,8,1,0.660063,0.784647,0.316203,0.322074,0.660299,0.513891
130_bNAb_Combinations|1342336|sample|8|nan|3430,0.04192,0.0510662,3,8,1,0.450466,0.626696,0.0481553,0.0495592,0.345259,0.175007
130_bNAb_Combinations|1342336|sample|8|nan|3430,0.2096,0.00464656,4,8,1,0.21989,0.196828,0.00593984,0.00610486,-0.427025,-0.47818
130_bNAb_Combinations|1342336|sample|8|nan|3430,1.048,0.000966117,5,8,1,0.0817999,0.0259769,0.00165285,0.0016675,-0.276916,-0.282609
130_bNAb_Combinations|1342336|sample|8|nan|3430,5.24,0.00128816,6,8,1,0.0268957,0.00366172,0.00121502,0.00121423,0.0301731,0.0305003
130_bNAb_Combinations|1342336|sample|8|nan|3430,26.2,0.0016562,7,8,1,0.0089724,0.00137045,0.00113367,0.00113172,0.216503,0.217335
130_bNAb_Combinations|1342336|sample|8|nan|3430,131,0.00184022,8,8,1,0.00345259,0.00109699,0.00107581,0.001074,0.3177,0.318483
130_bNAb_Combinations|1342336|sample|9|nan|3430,0.000448,0.777977,1,9,1,0.794027,0.772661,0.768062,0.772572,0.0985931,0.053447
130_bNAb_Combinations|1342336|sample|9|nan|3430,0.00224,0.692844,2,9,1,0.767287,0.807888,0.801761,0.805576,-1.03855,-1.06995
130_bNAb_Combinations|1342336|sample|9|nan|3430,0.0112,0.745773,3,9,1,0.645436,0.802036,0.768514,0.765395,-0.226011,-0.195791
130_bNAb_Combinations|1342336|sample|9|nan|3430,0.056,0.380075,4,9,1,0.413643,0.571373,0.394733,0.37945,-0.277701,0.012298
130_bNAb_Combinations|1342336|sample|9|nan|3430,0.28,0.0556667,5,9,1,0.186611,0.141359,0.0538276,0.0514507,0.200849,0.476238
130_bNAb_Combinations|1342336|sample|9|nan|3430,1.4,0.00234628,6,9,1,0.0658972,0.0172188,0.005369,0.00527149,-1.02274,-0.993943
130_bNAb_Combinations|1342336|sample|9|nan|3430,7,0.00184022,7,9,1,0.0214429,0.00271397,0.00144465,0.00144354,0.161242,0.161703
130_bNAb_Combinations|1342336|sample|9|nan|3430,35,0.00188623,8,9,1,0.00721726,0.00122643,0.00109875,0.00109761,0.326888,0.327378
130_bNAb_Combinations|1342336|vc|1|2|nan|3430,0,0.92255,1,2,1,0.820766,0.773079,0.768493,0.773079,1.53112,1.47693
130_bNAb_Combinations|1342336|vc|2|2|nan|3430,0,0.992179,2,2,1,0.851682,0.812221,0.807554,0.812221,1.74808,1.69432
130_bNAb_Combinations|1342336|vc|3|2|nan|3430,0,1,3,2,1,0.851682,0.812221,0.807554,0.812221,1.82214,1.76795
130_bNAb_Combinations|1342336|vc|4|2|nan|3430,0,0.999402,4,2,1,0.851682,0.812221,0.807554,0.812221,1.81647,1.76232
130_bNAb_Combinations|1342336|vc|5|2|nan|3430,0,0.95802,5,2,1,0.851682,0.812221,0.807554,0.812221,1.42465,1.37271
130_bNAb_Combinations|1342336|vc|6|2|nan|3430,0,0.951441,6,2,1,0.851682,0.812221,0.807554,0.812221,1.36236,1.31077
130_bNAb_Combinations|1342336|vc|7|2|nan|3430,0,0.88701,7,2,1,0.851682,0.812221,0.807554,0.812221,0.752313,0.704146
130_bNAb_Combinations|1342336|vc|8|2|nan|3430,0,0.926598,8,2,1,0.820766,0.773079,0.768493,0.773079,1.57136,1.51693
130_bNAb_Combinations|1342348|cc|1|1|nan|4166,0,0.000451154,1,1,0,0,0,0,0,0.198885,0.198885
130_bNAb_Combinations|1342348|cc|2|1|nan|4166,0,0.000773408,2,1,0,0,0,0,0,0.340947,0.340947
130_bNAb_Combinations|1342348|cc|3|1|nan|4166,0,0.00125679,3,1,0,0,0,0,0,0.554038,0.554038
130_bNAb_Combinations|1342348|cc|4|1|nan|4166,0,0.00128901,4,1,0,0,0,0,0,0.568244,0.568244
130_bNAb_Combinations|1342348|cc|5|1|nan|4166,0,0.000998985,5,1,0,0,0,0,0,0.440389,0.440389
130_bNAb_Combinations|1342348|cc|6|1|nan|4166,0,0.000773408,6,1,0,0,0,0,0,0.340947,0.340947
130_bNAb_Combinations|1342348|cc|7|1|nan|4166,0,0.000386704,7,1,0,0,0,0,0,0.170473,0.170473
130_bNAb_Combinations|1342348|cc|8|1|nan|4166,0,0.000644506,8,1,0,0,0,0,0,0.284122,0.284122
130_bNAb_Combinations|1342348|sample|10|nan|4166,0.000448,0.780191,1,10,1,0.794027,0.743808,0.743772,0.743916,0.373714,0.372166
130_bNAb_Combinations|1342348|sample|10|nan|4166,0.00224,0.775422,2,10,1,0.767287,0.784127,0.782517,0.780904,-0.0692822,-0.0536357
130_bNAb_Combinations|1342348|sample|10|nan|4166,0.0112,0.555339,3,10,1,0.645436,0.783265,0.697373,0.671949,-1.55203,-1.32119
130_bNAb_Combinations|1342348|sample|10|nan|4166,0.056,0.143113,4,10,1,0.403896,0.540837,0.12706,0.128788,0.866367,0.763998
130_bNAb_Combinations|1342348|sample|10|nan|4166,0.28,0.00270693,5,10,1,0.182214,0.133804,0.00597845,0.00741095,-1.07846,-1.46232
130_bNAb_Combinations|1342348|sample|10|nan|4166,1.4,0.000998985,6,10,1,0.0658972,0.0168158,0.00131034,0.00140936,-0.12781,-0.167584
130_bNAb_Combinations|1342348|sample|10|nan|4166,7,0.000902309,7,10,1,0.0214429,0.00263415,0.00110652,0.0011054,-0.0847348,-0.0842733
130_bNAb_Combinations|1342348|sample|10|nan|4166,35,0.00128901,8,10,1,0.00721726,0.00118064,0.00104125,0.001034,0.103161,0.106225
130_bNAb_Combinations|1342348|sample|11|nan|4166,0.0014272,0.594042,1,11,1,0.760703,0.742117,0.717325,0.711589,-1.31057,-1.25942
130_bNAb_Combinations|1342348|sample|11|nan|4166,0.007136,0.394937,2,11,1,0.677087,0.766909,0.529199,0.508554,-1.91822,-1.68694
130_bNAb_Combinations|1342348|sample|11|nan|4166,0.03568,0.125195,3,11,1,0.462451,0.617611,0.106953,0.104397,1.14334,1.33078
130_bNAb_Combinations|1342348|sample|11|nan|4166,0.1784,0.00373814,4,11,1,0.227589,0.211523,0.0102904,0.0108735,-1.82752,-1.94959
130_bNAb_Combinations|1342348|sample|11|nan|4166,0.892,0.000676732,5,11,1,0.0861931,0.0290766,0.00180761,0.00191854,-0.452399,-0.49397
130_bNAb_Combinations|1342348|sample|11|nan|4166,4.46,0.000322253,6,11,1,0.0291456,0.00401493,0.00115528,0.00116351,-0.344758,-0.348014
130_bNAb_Combinations|1342348|sample|11|nan|4166,22.3,0.00112789,7,11,1,0.00994269,0.00139083,0.00110565,0.00110057,0.00922567,0.0113364
130_bNAb_Combinations|1342348|sample|11|nan|4166,111.5,0.00290028,8,11,1,0.00374274,0.00106182,0.00104139,0.00103403,0.773991,0.777363
130_bNAb_Combinations|1342348|sample|12|nan|4166,0.0014272,0.658396,1,12,1,0.760703,0.742117,0.734216,0.73202,-0.78791,-0.767331
130_bNAb_Combinations|1342348|sample|12|nan|4166,0.007136,0.466784,2,12,1,0.652508,0.723987,0.589926,0.571405,-1.58353,-1.38766
130_bNAb_Combinations|1342348|sample|12|nan|4166,0.03568,0.130416,3,12,1,0.445664,0.583044,0.121458,0.115303,0.502885,0.887733
130_bNAb_Combinations|1342348|sample|12|nan|4166,0.1784,0.00364146,4,12,1,0.219327,0.199684,0.00824066,0.0083932,-1.38404,-1.4216
130_bNAb_Combinations|1342348|sample|12|nan|4166,0.892,0.000290028,5,12,1,0.0830642,0.0274492,0.00140869,0.00144254,-0.45684,-0.469834
130_bNAb_Combinations|1342348|sample|12|nan|4166,4.46,0.00151459,6,12,1,0.0280877,0.00379023,0.00105971,0.0010561,0.189218,0.190752
130_bNAb_Combinations|1342348|sample|12|nan|4166,22.3,0.000290028,7,12,1,0.00958177,0.00131299,0.00104204,0.00103482,-0.313109,-0.310221
130_bNAb_Combinations|1342348|sample|12|nan|4166,111.5,0.000998985,8,12,1,0.00374274,0.00106182,0.00104115,0.00103365,-0.0175563,-0.0144387
130_bNAb_Combinations|1342348|sample|3|nan|4166,0.0010624,0.836295,1,3,1,0.771724,0.742835,0.742936,0.741493,0.95905,0.975719
130_bNAb_Combinations|1342348|sample|3|nan|4166,0.005312,0.838358,2,3,1,0.705296,0.77413,0.764316,0.744096,0.739807,0.96685
130_bNAb_Combinations|1342348|sample|3|nan|4166,0.02656,0.39555,3,3,1,0.52294,0.698093,0.49129,0.420183,-1.46973,-0.439561
130_bNAb_Combinations|1342348|sample|3|nan|4166,0.1328,0.0558787,4,3,1,0.273405,0.295298,0.0514777,0.0505781,0.496931,0.6064
130_bNAb_Combinations|1342348|sample|3|nan|4166,0.664,0.00054783,5,3,1,0.107441,0.044912,0.00351176,0.00437513,-1.09055,-1.35321
130_bNAb_Combinations|1342348|sample|3|nan|4166,3.32,0,6,3,1,0.0367223,0.00578872,0.00125631,0.00134541,-0.517173,-0.551265
130_bNAb_Combinations|1342348|sample|3|nan|4166,16.6,0.000515605,7,3,1,0.0120397,0.00154544,0.00110598,0.00110663,-0.244975,-0.245237
130_bNAb_Combinations|1342348|sample|3|nan|4166,83,0.000676732,8,3,1,0.0043714,0.00107657,0.00104129,0.00103427,-0.151792,-0.148924
130_bNAb_Combinations|1342348|sample|4|nan|4166,0.0010624,0.820247,1,4,1,0.771724,0.742835,0.742409,0.741909,0.800157,0.805831
130_bNAb_Combinations|1342348|sample|4|nan|4166,0.005312,0.753734,2,4,1,0.705296,0.77413,0.755187,0.745628,-0.0146836,0.0829743
130_bNAb_Combinations|1342348|sample|4|nan|4166,0.02656,0.405797,3,4,1,0.52294,0.698093,0.437569,0.401287,-0.545277,0.0841178
130_bNAb_Combinations|1342348|sample|4|nan|4166,0.1328,0.0446321,4,4,1,0.280003,0.306114,0.0450478,0.042769,-0.0517482,0.240649
130_bNAb_Combinations|1342348|sample|4|nan|4166,0.664,0.00161127,5,4,1,0.110033,0.0465571,0.00340474,0.00354945,-0.663232,-0.711874
130_bNAb_Combinations|1342348|sample|4|nan|4166,3.32,0.000934534,6,4,1,0.0367223,0.00578872,0.0012544,0.00126935,-0.131688,-0.137735
130_bNAb_Combinations|1342348|sample|4|nan|4166,16.6,0.00174017,7,4,1,0.0120397,0.00154544,0.00110627,0.00110127,0.263027,0.265175
130_bNAb_Combinations|1342348|sample|4|nan|4166,83,0.00157904,8,4,1,0.0043714,0.00107657,0.00104131,0.00103391,0.223896,0.22707
130_bNAb_Combinations|1342348|sample|5|nan|4166,0.0004352,0.638577,1,5,1,0.794573,0.743825,0.738103,0.740695,-1.02893,-1.05212
130_bNAb_Combinations|1342348|sample|5|nan|4166,0.002176,0.565522,2,5,1,0.768894,0.784297,0.727631,0.746305,-1.69948,-1.84893
130_bNAb_Combinations|1342348|sample|5|nan|4166,0.01088,0.421233,3,5,1,0.649053,0.784865,0.445339,0.494694,-0.406774,-1.12022
130_bNAb_Combinations|1342348|sample|5|nan|4166,0.0544,0.115592,4,5,1,0.418398,0.56856,0.0878364,0.09676,2.05457,1.28537
130_bNAb_Combinations|1342348|sample|5|nan|4166,0.272,0.00244912,5,5,1,0.189766,0.143536,0.0103819,0.0101653,-2.20536,-2.1618
130_bNAb_Combinations|1342348|sample|5|nan|4166,1.36,0.000612281,6,5,1,0.0671861,0.0174633,0.00201408,0.00188282,-0.554912,-0.506319
130_bNAb_Combinations|1342348|sample|5|nan|4166,6.8,0.000451154,7,5,1,0.0218689,0.0026989,0.00118106,0.00115431,-0.301667,-0.291025
130_bNAb_Combinations|1342348|sample|5|nan|4166,34,0.00112789,8,5,1,0.00734723,0.00118683,0.00104834,0.00103831,0.0331103,0.0373026
130_bNAb_Combinations|1342348|sample|6|nan|4166,0.0004352,0.860416,1,6,1,0.794573,0.743825,0.743545,0.74395,1.19961,1.19482
130_bNAb_Combinations|1342348|sample|6|nan|4166,0.002176,0.860384,2,6,1,0.768894,0.784297,0.777733,0.781057,0.811902,0.776007
130_bNAb_Combinations|1342348|sample|6|nan|4166,0.01088,0.595749,3,6,1,0.649053,0.784865,0.6363,0.66132,-0.484485,-0.754539
130_bNAb_Combinations|1342348|sample|6|nan|4166,0.0544,0.123713,4,6,1,0.418398,0.56856,0.105701,0.113876,1.1403,0.584109
130_bNAb_Combinations|1342348|sample|6|nan|4166,0.272,0.00206242,5,6,1,0.189766,0.143536,0.00606427,0.0060487,-1.31446,-1.3102
130_bNAb_Combinations|1342348|sample|6|nan|4166,1.36,0.000290028,6,6,1,0.0671861,0.0174633,0.00134618,0.00132314,-0.432728,-0.423798
130_bNAb_Combinations|1342348|sample|6|nan|4166,6.8,0.000676732,7,6,1,0.0218689,0.0026989,0.00110922,0.00110125,-0.179427,-0.176196
130_bNAb_Combinations|1342348|sample|6|nan|4166,131,0.00103121,8,6,1,0.00345259,0.00105602,0.00104112,0.00103359,-0.00412702,-0.00099296
130_bNAb_Combinations|1342348|sample|7|nan|4166,0.0016768,0.591592,1,7,1,0.753762,0.741579,0.674621,0.670943,-0.937085,-0.900354
130_bNAb_Combinations|1342348|sample|7|nan|4166,0.008384,0.337077,2,7,1,0.660063,0.761569,0.350118,0.341428,-0.277037,-0.0946767
130_bNAb_Combinations|1342348|sample|7|nan|4166,0.04192,0.0558143,3,7,1,0.450466,0.612028,0.0517617,0.050275,0.455717,0.636516
130_bNAb_Combinations|1342348|sample|7|nan|4166,0.2096,0.00167572,4,7,1,0.21989,0.193133,0.00576073,0.00567474,-1.35911,-1.33539
130_bNAb_Combinations|1342348|sample|7|nan|4166,1.048,0.000644506,5,7,1,0.0817999,0.0254893,0.00157071,0.00156307,-0.37507,-0.372123
130_bNAb_Combinations|1342348|sample|7|nan|4166,5.24,0.000805633,6,7,1,0.0268957,0.00357601,0.00118175,0.00117575,-0.155442,-0.153011
130_bNAb_Combinations|1342348|sample|7|nan|4166,26.2,0.00103121,7,7,1,0.0089724,0.00133014,0.00110392,0.00109726,-0.0301743,-0.0274194
130_bNAb_Combinations|1342348|sample|7|nan|4166,131,0.00206242,8,7,1,0.00345259,0.00105602,0.00104128,0.00103377,0.425177,0.428478
130_bNAb_Combinations|1342348|sample|8|nan|4166,0.0016768,0.684353,1,8,1,0.753762,0.741579,0.725839,0.722841,-0.435975,-0.406106
130_bNAb_Combinations|1342348|sample|8|nan|4166,0.008384,0.476548,2,8,1,0.660063,0.761569,0.543495,0.527404,-0.932117,-0.728975
130_bNAb_Combinations|1342348|sample|8|nan|4166,0.04192,0.100446,3,8,1,0.450466,0.612028,0.0915664,0.0896965,0.634883,0.781953
130_bNAb_Combinations|1342348|sample|8|nan|4166,0.2096,0.0028036,4,8,1,0.21989,0.193133,0.00699873,0.00728569,-1.32586,-1.4003
130_bNAb_Combinations|1342348|sample|8|nan|4166,1.048,0.000290028,5,8,1,0.0817999,0.0254893,0.00151801,0.00155415,-0.498637,-0.51235
130_bNAb_Combinations|1342348|sample|8|nan|4166,5.24,0.000451154,6,8,1,0.0268957,0.00357601,0.00116922,0.00116669,-0.296963,-0.295955
130_bNAb_Combinations|1342348|sample|8|nan|4166,26.2,0.000580056,7,8,1,0.0089724,0.00133014,0.00110249,0.00109606,-0.216824,-0.214228
130_bNAb_Combinations|1342348|sample|8|nan|4166,34,0.00103121,8,8,1,0.00734723,0.00118683,0.00104165,0.0010343,-0.00434585,-0.00128732
130_bNAb_Combinations|1342348|sample|9|nan|4166,0.000448,0.905531,1,9,1,0.794027,0.743808,0.743769,0.743988,1.65992,1.65719
130_bNAb_Combinations|1342348|sample|9|nan|4166,0.00224,0.858483,2,9,1,0.767287,0.784127,0.782737,0.78251,0.739418,0.741847
130_bNAb_Combinations|1342348|sample|9|nan|4166,0.0112,0.63305,3,9,1,0.645436,0.783265,0.709562,0.696513,-0.822041,-0.694307
130_bNAb_Combinations|1342348|sample|9|nan|4166,0.056,0.165574,4,9,1,0.413643,0.560647,0.154013,0.15447,0.526023,0.503881
130_bNAb_Combinations|1342348|sample|9|nan|4166,0.28,0.00634839,5,9,1,0.186611,0.138705,0.00766727,0.00866483,-0.405854,-0.685885
130_bNAb_Combinations|1342348|sample|9|nan|4166,1.4,0.00119234,6,9,1,0.0658972,0.0168158,0.00137227,0.00143928,-0.0736206,-0.100686
130_bNAb_Combinations|1342348|sample|9|nan|4166,7,0.000451154,7,9,1,0.0214429,0.00263415,0.00110896,0.00110619,-0.272909,-0.271803
130_bNAb_Combinations|1342348|sample|9|nan|4166,35,0.00180462,8,9,1,0.00721726,0.00118064,0.00104135,0.00103401,0.317808,0.320987
130_bNAb_Combinations|1342348|vc|1|2|nan|4166,0,0.800445,1,2,1,0.820766,0.744211,0.743915,0.744211,0.579968,0.576698
130_bNAb_Combinations|1342348|vc|2|2|nan|4166,0,0.905725,2,2,1,0.851682,0.788333,0.787123,0.788333,1.15147,1.13801
130_bNAb_Combinations|1342348|vc|3|2|nan|4166,0,1,3,2,1,0.851682,0.788333,0.787123,0.788333,2.06676,2.05193
130_bNAb_Combinations|1342348|vc|4|2|nan|4166,0,0.920162,4,2,1,0.851682,0.788333,0.787123,0.788333,1.29163,1.27797
130_bNAb_Combinations|1342348|vc|5|2|nan|4166,0,0.841097,5,2,1,0.851682,0.788333,0.787123,0.788333,0.524019,0.511503
130_bNAb_Combinations|1342348|vc|6|2|nan|4166,0,0.905435,6,2,1,0.851682,0.788333,0.787123,0.788333,1.14865,1.1352
130_bNAb_Combinations|1342348|vc|7|2|nan|4166,0,0.801959,7,2,1,0.851682,0.788333,0.787123,0.788333,0.144044,0.132099
130_bNAb_Combinations|1342348|vc|8|2|nan|4166,0,0.723716,8,2,1,0.820766,0.744211,0.743915,0.744211,-0.207224,-0.210187
130_bNAb_Combinations|1342372|cc|1|1|nan|2944,0,0.00214128,1,1,0,0,0,0,0,0.943956,0.943956
130_bNAb_Combinations|1342372|cc|2|1|nan|2944,0,0.00406844,2,1,0,0,0,0,0,1.79352,1.79352
130_bNAb_Combinations|1342372|cc|3|1|nan|2944,0,0.00282649,3,1,0,0,0,0,0,1.24602,1.24602
130_bNAb_Combinations|1342372|cc|4|1|nan|2944,0,0.00355453,4,1,0,0,0,0,0,1.56697,1.56697
130_bNAb_Combinations|1342372|cc|5|1|nan|2944,0,0.00321192,5,1,0,0,0,0,0,1.41593,1.41593
130_bNAb_Combinations|1342372|cc|6|1|nan|2944,0,0.0020128,6,1,0,0,0,0,0,0.887318,0.887318
130_bNAb_Combinations|1342372|cc|7|1|nan|2944,0,0.00111347,7,1,0,0,0,0,0,0.490857,0.490857
130_bNAb_Combinations|1342372|cc|8|1|nan|2944,0,0.000642385,8,1,0,0,0,0,0,0.283187,0.283187
130_bNAb_Combinations|1342372|sample|10|nan|2944,0.000448,0.751247,1,10,1,0.794027,0.75389,0.75421,0.754206,-0.0299889,-0.0299533
130_bNAb_Combinations|1342372|sample|10|nan|2944,0.00224,0.862851,2,10,1,0.767287,0.79243,0.792906,0.794455,0.674224,0.658039
130_bNAb_Combinations|1342372|sample|10|nan|2944,0.0112,0.818334,3,10,1,0.645436,0.789824,0.77311,0.781784,0.446838,0.357223
130_bNAb_Combinations|1342372|sample|10|nan|2944,0.056,0.34798,4,10,1,0.403896,0.545366,0.332448,0.338675,0.346579,0.204005
130_bNAb_Combinations|1342372|sample|10|nan|2944,0.28,0.0255241,5,10,1,0.182214,0.134925,0.0274781,0.0253414,-0.337783,0.0331475
130_bNAb_Combinations|1342372|sample|10|nan|2944,1.4,0.00141325,6,10,1,0.0658972,0.0169566,0.00249856,0.00224524,-0.419339,-0.325538
130_bNAb_Combinations|1342372|sample|10|nan|2944,7,0.000556733,7,10,1,0.0214429,0.00266204,0.00117691,0.00115226,-0.256375,-0.246504
130_bNAb_Combinations|1342372|sample|10|nan|2944,35,0.0018415,8,10,1,0.00721726,0.00119664,0.00105865,0.00104949,0.32566,0.329631
130_bNAb_Combinations|1342372|sample|11|nan|2944,0.0014272,0.588917,1,11,1,0.760703,0.752176,0.743486,0.740771,-1.58669,-1.5644
130_bNAb_Combinations|1342372|sample|11|nan|2944,0.007136,0.570245,2,11,1,0.677087,0.77503,0.672802,0.659646,-1.16053,-1.03131
130_bNAb_Combinations|1342372|sample|11|nan|2944,0.03568,0.255112,3,11,1,0.462451,0.62415,0.242484,0.237344,0.379238,0.544329
130_bNAb_Combinations|1342372|sample|11|nan|2944,0.1784,0.0297638,4,11,1,0.227589,0.213763,0.0278718,0.0295806,0.324242,0.030263
130_bNAb_Combinations|1342372|sample|11|nan|2944,0.892,0.0020128,5,11,1,0.0861931,0.0293845,0.0033194,0.0036934,-0.485144,-0.613115
130_bNAb_Combinations|1342372|sample|11|nan|2944,4.46,0.00098499,6,11,1,0.0291456,0.00405745,0.00129034,0.00133448,-0.125476,-0.143283
130_bNAb_Combinations|1342372|sample|11|nan|2944,22.3,0.000770861,7,11,1,0.00994269,0.00140556,0.00112782,0.0011265,-0.147946,-0.147408
130_bNAb_Combinations|1342372|sample|11|nan|2944,111.5,0.00274084,8,11,1,0.00374274,0.00107621,0.00105677,0.00104926,0.700631,0.704037
130_bNAb_Combinations|1342372|sample|12|nan|2944,0.0014272,0.760412,1,12,1,0.760703,0.752176,0.747618,0.74742,0.130619,0.13268
130_bNAb_Combinations|1342372|sample|12|nan|2944,0.007136,0.606283,2,12,1,0.652508,0.733801,0.670431,0.668234,-0.728405,-0.705716
130_bNAb_Combinations|1342372|sample|12|nan|2944,0.03568,0.282135,3,12,1,0.445664,0.590947,0.275557,0.269541,0.175262,0.342585
130_bNAb_Combinations|1342372|sample|12|nan|2944,0.1784,0.0301492,4,12,1,0.219327,0.202391,0.0308679,0.0297209,-0.115558,0.0705438
130_bNAb_Combinations|1342372|sample|12|nan|2944,0.892,0.00209846,5,12,1,0.0830642,0.0278213,0.0032801,0.00317128,-0.43957,-0.401166
130_bNAb_Combinations|1342372|sample|12|nan|2944,4.46,0.000942164,6,12,1,0.0280877,0.0038416,0.00121601,0.00119972,-0.112973,-0.106342
130_bNAb_Combinations|1342372|sample|12|nan|2944,22.3,0,7,12,1,0.00958177,0.00133079,0.00106722,0.00105846,-0.443753,-0.440315
130_bNAb_Combinations|1342372|sample|12|nan|2944,111.5,0.000471082,8,12,1,0.00374274,0.00107621,0.00105653,0.00104837,-0.243568,-0.240277
130_bNAb_Combinations|1342372|sample|3|nan|2944,0.0010624,0.787264,1,3,1,0.771724,0.752903,0.753903,0.753581,0.33783,0.34123
130_bNAb_Combinations|1342372|sample|3|nan|2944,0.005312,0.896555,2,3,1,0.705296,0.782327,0.78924,0.787281,1.03915,1.0607
130_bNAb_Combinations|1342372|sample|3|nan|2944,0.02656,0.630907,3,3,1,0.52294,0.70394,0.742907,0.723443,-1.15058,-0.97559
130_bNAb_Combinations|1342372|sample|3|nan|2944,0.1328,0.303313,4,3,1,0.273405,0.297771,0.311963,0.28949,-0.205037,0.351573
130_bNAb_Combinations|1342372|sample|3|nan|2944,0.664,0.0365731,5,3,1,0.107441,0.0452881,0.0348427,0.034937,0.257214,0.242757
130_bNAb_Combinations|1342372|sample|3|nan|2944,3.32,0.00179868,6,3,1,0.0367223,0.0058372,0.00363351,0.00395342,-0.67126,-0.776665
130_bNAb_Combinations|1342372|sample|3|nan|2944,16.6,0.000942164,7,3,1,0.0120397,0.0015618,0.00128145,0.00132082,-0.139486,-0.15535
130_bNAb_Combinations|1342372|sample|3|nan|2944,83,0.0014989,8,3,1,0.0043714,0.00109117,0.00106693,0.00106378,0.179616,0.180957
130_bNAb_Combinations|1342372|sample|4|nan|2944,0.0010624,0.711912,1,4,1,0.771724,0.752903,0.753768,0.753674,-0.423931,-0.423037
130_bNAb_Combinations|1342372|sample|4|nan|2944,0.005312,0.776814,2,4,1,0.705296,0.782327,0.787499,0.78753,-0.103688,-0.103986
130_bNAb_Combinations|1342372|sample|4|nan|2944,0.02656,0.656731,3,4,1,0.52294,0.70394,0.725273,0.715284,-0.720845,-0.62418
130_bNAb_Combinations|1342372|sample|4|nan|2944,0.1328,0.279309,4,4,1,0.280003,0.308161,0.287802,0.262772,-0.217227,0.460676
130_bNAb_Combinations|1342372|sample|4|nan|2944,0.664,0.0268517,5,4,1,0.110033,0.0468683,0.0314144,0.0272068,-0.725542,-0.0617538
130_bNAb_Combinations|1342372|sample|4|nan|2944,3.32,0.00239824,6,4,1,0.0367223,0.0058372,0.00335843,0.00300005,-0.355864,-0.226899
130_bNAb_Combinations|1342372|sample|4|nan|2944,16.6,0.00145607,7,4,1,0.0120397,0.0015618,0.00126725,0.00123277,0.0776835,0.0920373
130_bNAb_Combinations|1342372|sample|4|nan|2944,83,0.0033404,8,4,1,0.0043714,0.00109117,0.00106629,0.00105612,0.945626,0.950368
130_bNAb_Combinations|1342372|sample|5|nan|2944,0.0004352,0.680349,1,5,1,0.794573,0.753907,0.748292,0.748461,-0.693073,-0.69464
130_bNAb_Combinations|1342372|sample|5|nan|2944,0.002176,0.620072,2,5,1,0.768894,0.792601,0.720281,0.720791,-1.06101,-1.06568
130_bNAb_Combinations|1342372|sample|5|nan|2944,0.01088,0.368536,3,5,1,0.649053,0.791438,0.35231,0.343876,0.342634,0.532893
130_bNAb_Combinations|1342372|sample|5|nan|2944,0.0544,0.0418835,4,5,1,0.418398,0.572361,0.0472079,0.0437115,-0.640737,-0.232501
130_bNAb_Combinations|1342372|sample|5|nan|2944,0.272,0.0050106,5,5,1,0.189766,0.144495,0.00493597,0.00449595,0.0257323,0.180972
130_bNAb_Combinations|1342372|sample|5|nan|2944,1.36,0.00466799,6,5,1,0.0671861,0.0176095,0.0014415,0.00139224,1.31539,1.33891
130_bNAb_Combinations|1342372|sample|5|nan|2944,6.8,0.00265519,7,5,1,0.0218689,0.00272748,0.00113438,0.00112327,0.630102,0.635079
130_bNAb_Combinations|1342372|sample|5|nan|2944,34,0.00171303,8,5,1,0.00734723,0.00120292,0.00105721,0.00104877,0.272834,0.27647
130_bNAb_Combinations|1342372|sample|6|nan|2944,0.0004352,0.549303,1,6,1,0.794573,0.753907,0.743037,0.742383,-1.98989,-1.98489
130_bNAb_Combinations|1342372|sample|6|nan|2944,0.002176,0.553671,2,6,1,0.768894,0.792601,0.68413,0.681815,-1.45244,-1.43139
130_bNAb_Combinations|1342372|sample|6|nan|2944,0.01088,0.323997,3,6,1,0.649053,0.791438,0.302247,0.30084,0.531174,0.568025
130_bNAb_Combinations|1342372|sample|6|nan|2944,0.0544,0.0450526,4,6,1,0.418398,0.572361,0.0444954,0.0450538,0.0699736,-0.000151759
130_bNAb_Combinations|1342372|sample|6|nan|2944,0.272,0.00471082,5,6,1,0.189766,0.144495,0.00543164,0.00557519,-0.24323,-0.289872
130_bNAb_Combinations|1342372|sample|6|nan|2944,1.36,0.00222693,6,6,1,0.0671861,0.0176095,0.0015448,0.00156013,0.276605,0.270171
130_bNAb_Combinations|1342372|sample|6|nan|2944,6.8,0.00158455,7,6,1,0.0218689,0.00272748,0.00114793,0.00114341,0.18077,0.182684
130_bNAb_Combinations|1342372|sample|6|nan|2944,34,0.00248389,8,6,1,0.00734723,0.00120292,0.00105872,0.00105092,0.592854,0.596346
130_bNAb_Combinations|1342372|sample|7|nan|2944,0.0016768,0.214214,1,7,1,0.753762,0.75163,0.273604,0.273191,-1.59295,-1.58413
130_bNAb_Combinations|1342372|sample|7|nan|2944,0.008384,0.0853943,2,7,1,0.660063,0.769633,0.068763,0.069932,1.5026,1.37835
130_bNAb_Combinations|1342372|sample|7|nan|2944,0.04192,0.00997837,3,7,1,0.450466,0.617153,0.0136331,0.014119,-0.910694,-1.01603
130_bNAb_Combinations|1342372|sample|7|nan|2944,0.2096,0.0033404,4,7,1,0.21989,0.194424,0.00334643,0.00347119,-0.00223637,-0.0482149
130_bNAb_Combinations|1342372|sample|7|nan|2944,1.048,0.00239824,5,7,1,0.0817999,0.0256597,0.0015547,0.00157731,0.341875,0.332323
130_bNAb_Combinations|1342372|sample|7|nan|2944,5.24,0.00244106,6,7,1,0.0268957,0.00360596,0.0012179,0.00121695,0.504548,0.504963
130_bNAb_Combinations|1342372|sample|7|nan|2944,26.2,0.00102782,7,7,1,0.0089724,0.00134423,0.00112251,0.00111636,-0.0392593,-0.0367209
130_bNAb_Combinations|1342372|sample|7|nan|2944,131,0.00222693,8,7,1,0.00345259,0.00107034,0.00105707,0.00104916,0.486695,0.490191
130_bNAb_Combinations|1342372|sample|8|nan|2944,0.0016768,0.339286,1,8,1,0.753762,0.75163,0.416121,0.393153,-1.38387,-1.02444
130_bNAb_Combinations|1342372|sample|8|nan|2944,0.008384,0.116743,2,8,1,0.660063,0.769633,0.10899,0.10517,0.478087,0.735837
130_bNAb_Combinations|1342372|sample|8|nan|2944,0.04192,0.0176442,3,8,1,0.450466,0.617153,0.0175011,0.0181259,0.0317332,-0.105001
130_bNAb_Combinations|1342372|sample|8|nan|2944,0.2096,0.00239824,4,8,1,0.21989,0.194424,0.00340326,0.00367337,-0.371688,-0.465632
130_bNAb_Combinations|1342372|sample|8|nan|2944,1.048,0.00175585,5,8,1,0.0817999,0.0256597,0.00148438,0.00153977,0.110426,0.0876442
130_bNAb_Combinations|1342372|sample|8|nan|2944,5.24,0.00175585,6,8,1,0.0268957,0.00360596,0.00119687,0.00120129,0.230833,0.228956
130_bNAb_Combinations|1342372|sample|8|nan|2944,26.2,0.00124194,7,8,1,0.0089724,0.00134423,0.00111799,0.00111257,0.0514002,0.0536627
130_bNAb_Combinations|1342372|sample|8|nan|2944,131,0.00188433,8,8,1,0.00345259,0.00107034,0.00105622,0.00104839,0.344531,0.347932
130_bNAb_Combinations|1342372|sample|9|nan|2944,0.000448,0.870816,1,9,1,0.794027,0.75389,0.754261,0.754216,1.17977,1.18029
130_bNAb_Combinations|1342372|sample|9|nan|2944,0.00224,0.950301,2,9,1,0.767287,0.79243,0.793878,0.794775,1.50602,1.49572
130_bNAb_Combinations|1342372|sample|9|nan|2944,0.0112,0.819533,3,9,1,0.645436,0.789824,0.789089,0.79041,0.294846,0.281591
130_bNAb_Combinations|1342372|sample|9|nan|2944,0.056,0.414574,4,9,1,0.413643,0.564395,0.404023,0.402258,0.195483,0.229145
130_bNAb_Combinations|1342372|sample|9|nan|2944,0.28,0.0345603,5,9,1,0.186611,0.139633,0.034956,0.034316,-0.0586901,0.0366869
130_bNAb_Combinations|1342372|sample|9|nan|2944,1.4,0.00214128,6,9,1,0.0658972,0.0169566,0.00273017,0.00267741,-0.224956,-0.205332
130_bNAb_Combinations|1342372|sample|9|nan|2944,7,0.00222693,7,9,1,0.0214429,0.00266204,0.00118337,0.00117337,0.431251,0.435613
130_bNAb_Combinations|1342372|sample|9|nan|2944,35,0.00171303,8,9,1,0.00721726,0.00119664,0.00105875,0.00105049,0.27217,0.275728
130_bNAb_Combinations|1342372|vc|1|2|nan|2944,0,0.866191,1,2,1,0.820766,0.754299,0.754345,0.754299,1.13198,1.13251
130_bNAb_Combinations|1342372|vc|2|2|nan|2944,0,0.961949,2,2,1,0.851682,0.79668,0.795793,0.79668,1.59596,1.58572
130_bNAb_Combinations|1342372|vc|3|2|nan|2944,0,0.934862,3,2,1,0.851682,0.79668,0.795793,0.79668,1.33578,1.32582
130_bNAb_Combinations|1342372|vc|4|2|nan|2944,0,1,4,2,1,0.851682,0.79668,0.795793,0.79668,1.96145,1.9508
130_bNAb_Combinations|1342372|vc|5|2|nan|2944,0,0.921672,5,2,1,0.851682,0.79668,0.795793,0.79668,1.20909,1.19926
130_bNAb_Combinations|1342372|vc|6|2|nan|2944,0,0.914177,6,2,1,0.851682,0.79668,0.795793,0.79668,1.1371,1.12736
130_bNAb_Combinations|1342372|vc|7|2|nan|2944,0,0.942057,7,2,1,0.851682,0.79668,0.795793,0.79668,1.40489,1.39485
130_bNAb_Combinations|1342372|vc|8|2|nan|2944,0,0.751547,8,2,1,0.820766,0.754299,0.754345,0.754299,-0.0283187,-0.0278522
130_bNAb_Combinations|1342384|cc|1|1|nan|2946,0,0.000377127,1,1,0,0,0,0,0,0.166252,0.166252
130_bNAb_Combinations|1342384|cc|2|1|nan|2946,0,0.0014378,2,1,0,0,0,0,0,0.633834,0.633834
130_bNAb_Combinations|1342384|cc|3|1|nan|2946,0,0.00120209,3,1,0,0,0,0,0,0.529927,0.529927
130_bNAb_Combinations|1342384|cc|4|1|nan|2946,0,0.0012728,4,1,0,0,0,0,0,0.561099,0.561099
130_bNAb_Combinations|1342384|cc|5|1|nan|2946,0,0.000966389,5,1,0,0,0,0,0,0.42602,0.42602
130_bNAb_Combinations|1342384|cc|6|1|nan|2946,0,0.00162636,6,1,0,0,0,0,0,0.71696,0.71696
130_bNAb_Combinations|1342384|cc|7|1|nan|2946,0,0.000848536,7,1,0,0,0,0,0,0.374066,0.374066
130_bNAb_Combinations|1342384|cc|8|1|nan|2946,0,0.00219205,8,1,0,0,0,0,0,0.966337,0.966337
130_bNAb_Combinations|1342384|sample|10|nan|2946,0.000448,0.832709,1,10,1,0.794027,0.8203,0.820591,0.820733,0.112951,0.111612
130_bNAb_Combinations|1342384|sample|10|nan|2946,0.00224,0.893214,2,10,1,0.767287,0.847121,0.850807,0.851503,0.381529,0.374962
130_bNAb_Combinations|1342384|sample|10|nan|2946,0.0112,0.830847,3,10,1,0.645436,0.83303,0.875027,0.875079,-0.386697,-0.387134
130_bNAb_Combinations|1342384|sample|10|nan|2946,0.056,0.747702,4,10,1,0.403896,0.5752,0.859443,0.849561,-0.995414,-0.917719
130_bNAb_Combinations|1342384|sample|10|nan|2946,0.28,0.523358,5,10,1,0.182214,0.142306,0.660882,0.614358,-1.58356,-1.12496
130_bNAb_Combinations|1342384|sample|10|nan|2946,1.4,0.154434,6,10,1,0.0658972,0.0178842,0.135716,0.133304,0.953204,1.09318
130_bNAb_Combinations|1342384|sample|10|nan|2946,7,0.00813181,7,10,1,0.0214429,0.00284577,0.0102391,0.0125247,-0.588823,-1.13474
130_bNAb_Combinations|1342384|sample|10|nan|2946,35,0.000424268,8,10,1,0.00721726,0.00130205,0.00167068,0.00198232,-0.502138,-0.61776
130_bNAb_Combinations|1342384|sample|11|nan|2946,0.0014272,0.811224,1,11,1,0.760703,0.818435,0.820571,0.820723,-0.0871266,-0.0885277
130_bNAb_Combinations|1342384|sample|11|nan|2946,0.007136,0.815467,2,11,1,0.677087,0.82852,0.850419,0.851253,-0.314598,-0.321796
130_bNAb_Combinations|1342384|sample|11|nan|2946,0.03568,0.75647,3,11,1,0.462451,0.667227,0.842593,0.843968,-0.782232,-0.793451
130_bNAb_Combinations|1342384|sample|11|nan|2946,0.1784,0.594977,4,11,1,0.227589,0.228516,0.718667,0.726604,-1.3125,-1.38182
130_bNAb_Combinations|1342384|sample|11|nan|2946,0.892,0.223507,5,11,1,0.0861931,0.0314125,0.191974,0.201074,1.175,0.801149
130_bNAb_Combinations|1342384|sample|11|nan|2946,4.46,0.0123038,6,11,1,0.0291456,0.00433748,0.0141168,0.0148021,-0.444903,-0.600173
130_bNAb_Combinations|1342384|sample|11|nan|2946,22.3,0.00110781,7,11,1,0.00994269,0.00150257,0.00189047,0.00191531,-0.311772,-0.321262
130_bNAb_Combinations|1342384|sample|11|nan|2946,111.5,0.000212134,8,11,1,0.00374274,0.00117101,0.00118444,0.00117729,-0.401782,-0.398977
130_bNAb_Combinations|1342384|sample|12|nan|2946,0.0014272,0.737932,1,12,1,0.760703,0.818435,0.820406,0.820549,-0.768919,-0.770122
130_bNAb_Combinations|1342384|sample|12|nan|2946,0.007136,0.703767,2,12,1,0.652508,0.79844,0.818331,0.818416,-1.07075,-1.07143
130_bNAb_Combinations|1342384|sample|12|nan|2946,0.03568,0.613551,3,12,1,0.445664,0.643003,0.794072,0.793695,-1.73762,-1.7348
130_bNAb_Combinations|1342384|sample|12|nan|2946,0.1784,0.447709,4,12,1,0.219327,0.220219,0.584844,0.582916,-1.77834,-1.75897
130_bNAb_Combinations|1342384|sample|12|nan|2946,0.892,0.167386,5,12,1,0.0830642,0.0302721,0.140581,0.140138,1.32308,1.34874
130_bNAb_Combinations|1342384|sample|12|nan|2946,4.46,0.00902748,6,12,1,0.0280877,0.00418,0.014831,0.0148801,-1.39292,-1.40259
130_bNAb_Combinations|1342384|sample|12|nan|2946,26.2,0.00101353,7,12,1,0.0086467,0.00138483,0.00204538,0.0020487,-0.407818,-0.409061
130_bNAb_Combinations|1342384|sample|12|nan|2946,111.5,0.000353557,8,12,1,0.00374274,0.00117101,0.00124384,0.00123726,-0.366734,-0.364151
130_bNAb_Combinations|1342384|sample|3|nan|2946,0.0010624,0.852284,1,3,1,0.771724,0.819226,0.82058,0.820723,0.295519,0.294133
130_bNAb_Combinations|1342384|sample|3|nan|2946,0.005312,0.967355,2,3,1,0.705296,0.836321,0.850635,0.851351,1.05031,1.04301
130_bNAb_Combinations|1342384|sample|3|nan|2946,0.02656,0.934439,3,3,1,0.52294,0.742448,0.87237,0.872628,0.544892,0.542471
130_bNAb_Combinations|1342384|sample|3|nan|2946,0.1328,0.7873,4,3,1,0.273405,0.31406,0.822411,0.815158,-0.326564,-0.261355
130_bNAb_Combinations|1342384|sample|3|nan|2946,0.664,0.423797,5,3,1,0.107441,0.0477655,0.435292,0.418971,-0.198277,0.0863415
130_bNAb_Combinations|1342384|sample|3|nan|2946,3.32,0.0580305,6,3,1,0.0367223,0.00615651,0.0533275,0.0534408,0.51721,0.503938
130_bNAb_Combinations|1342384|sample|3|nan|2946,16.6,0.00157922,7,3,1,0.0120397,0.00166959,0.00463687,0.00491554,-1.06843,-1.15145
130_bNAb_Combinations|1342384|sample|3|nan|2946,83,0.00113138,8,3,1,0.0043714,0.00118728,0.00136294,0.00139105,-0.0947901,-0.106141
130_bNAb_Combinations|1342384|sample|4|nan|2946,0.0010624,0.86071,1,4,1,0.771724,0.819226,0.820572,0.820724,0.374145,0.372654
130_bNAb_Combinations|1342384|sample|4|nan|2946,0.005312,0.945269,2,4,1,0.705296,0.836321,0.850535,0.851368,0.852571,0.844264
130_bNAb_Combinations|1342384|sample|4|nan|2946,0.02656,0.912624,3,4,1,0.52294,0.742448,0.871286,0.872916,0.363343,0.348381
130_bNAb_Combinations|1342384|sample|4|nan|2946,0.1328,0.777,4,4,1,0.280003,0.32164,0.83321,0.838921,-0.516168,-0.564822
130_bNAb_Combinations|1342384|sample|4|nan|2946,0.664,0.449052,5,4,1,0.110033,0.0489184,0.432496,0.446578,0.287354,0.041648
130_bNAb_Combinations|1342384|sample|4|nan|2946,3.32,0.0637345,6,4,1,0.0367223,0.00615651,0.0554228,0.0577626,0.887889,0.618175
130_bNAb_Combinations|1342384|sample|4|nan|2946,16.6,0.000824966,7,4,1,0.0120397,0.00166959,0.00516374,0.00527138,-1.48119,-1.51083
130_bNAb_Combinations|1342384|sample|4|nan|2946,83,0.00122566,8,4,1,0.0043714,0.00118728,0.00142215,0.00141695,-0.0801848,-0.0780858
130_bNAb_Combinations|1342384|sample|5|nan|2946,0.0004352,0.831271,1,5,1,0.794573,0.820318,0.820589,0.82074,0.0995641,0.0981412
130_bNAb_Combinations|1342384|sample|5|nan|2946,0.002176,0.940013,2,5,1,0.768894,0.847304,0.85079,0.851599,0.802736,0.794719
130_bNAb_Combinations|1342384|sample|5|nan|2946,0.01088,0.927863,3,5,1,0.649053,0.834732,0.874912,0.876258,0.463519,0.45106
130_bNAb_Combinations|1342384|sample|5|nan|2946,0.0544,0.928664,4,5,1,0.418398,0.597397,0.880539,0.883602,0.418638,0.39066
130_bNAb_Combinations|1342384|sample|5|nan|2946,0.272,0.640798,5,5,1,0.189766,0.150816,0.704998,0.719763,-0.694122,-0.83667
130_bNAb_Combinations|1342384|sample|5|nan|2946,1.36,0.206866,6,5,1,0.0671861,0.0185728,0.176634,0.188376,1.21546,0.701041
130_bNAb_Combinations|1342384|sample|5|nan|2946,6.8,0.0148258,7,5,1,0.0218689,0.00291572,0.0155221,0.016511,-0.163641,-0.384621
130_bNAb_Combinations|1342384|sample|5|nan|2946,34,0.0014378,8,5,1,0.00734723,0.00130889,0.00210898,0.00215483,-0.26442,-0.281833
130_bNAb_Combinations|1342384|sample|6|nan|2946,0.0004352,0.830022,1,6,1,0.794573,0.820318,0.820588,0.820737,0.0879329,0.0865312
130_bNAb_Combinations|1342384|sample|6|nan|2946,0.002176,0.856574,2,6,1,0.768894,0.847304,0.850776,0.851561,0.0521594,0.0450577
130_bNAb_Combinations|1342384|sample|6|nan|2946,0.01088,0.907722,3,6,1,0.649053,0.834732,0.874803,0.875875,0.288199,0.278477
130_bNAb_Combinations|1342384|sample|6|nan|2946,0.0544,0.866297,4,6,1,0.418398,0.597397,0.880282,0.880476,-0.121691,-0.123359
130_bNAb_Combinations|1342384|sample|6|nan|2946,0.272,0.656119,5,6,1,0.189766,0.150816,0.714158,0.710493,-0.619661,-0.583455
130_bNAb_Combinations|1342384|sample|6|nan|2946,1.36,0.215328,6,6,1,0.0671861,0.0185728,0.19702,0.198544,0.666174,0.606431
130_bNAb_Combinations|1342384|sample|6|nan|2946,6.8,0.0191628,7,6,1,0.0218689,0.00291572,0.0189267,0.0198142,0.0503245,-0.135605
130_bNAb_Combinations|1342384|sample|6|nan|2946,34,0.000919248,8,6,1,0.00734723,0.00130889,0.00243797,0.00255162,-0.588556,-0.629055
130_bNAb_Combinations|1342384|sample|7|nan|2946,0.0016768,0.840605,1,7,1,0.753762,0.817841,0.820585,0.820739,0.186611,0.185142
130_bNAb_Combinations|1342384|sample|7|nan|2946,0.008384,0.904881,2,7,1,0.660063,0.822751,0.850647,0.851518,0.488028,0.479712
130_bNAb_Combinations|1342384|sample|7|nan|2946,0.04192,0.848065,3,7,1,0.450466,0.650914,0.871148,0.873547,-0.20292,-0.223409
130_bNAb_Combinations|1342384|sample|7|nan|2946,0.2096,0.67164,4,7,1,0.21989,0.202929,0.799008,0.813569,-1.21858,-1.3341
130_bNAb_Combinations|1342384|sample|7|nan|2946,1.048,0.275727,5,7,1,0.0817999,0.0267821,0.244192,0.252555,0.940804,0.669937
130_bNAb_Combinations|1342384|sample|7|nan|2946,5.24,0.0130345,6,7,1,0.0268957,0.00380322,0.015853,0.0148571,-0.655895,-0.437118
130_bNAb_Combinations|1342384|sample|7|nan|2946,22.3,0.00101353,7,7,1,0.00994269,0.00150257,0.00208902,0.00193558,-0.424129,-0.366455
130_bNAb_Combinations|1342384|sample|7|nan|2946,131,0.00134352,8,7,1,0.00345259,0.00116462,0.0011775,0.00116128,0.0686261,0.0753951
130_bNAb_Combinations|1342384|sample|8|nan|2946,0.0016768,0.843233,1,8,1,0.753762,0.817841,0.820544,0.820692,0.211497,0.210081
130_bNAb_Combinations|1342384|sample|8|nan|2946,0.008384,0.859049,2,8,1,0.660063,0.822751,0.850108,0.85089,0.0804981,0.0733982
130_bNAb_Combinations|1342384|sample|8|nan|2946,0.04192,0.826463,3,8,1,0.450466,0.650914,0.86485,0.866005,-0.33987,-0.349636
130_bNAb_Combinations|1342384|sample|8|nan|2946,0.2096,0.628153,4,8,1,0.21989,0.202929,0.755147,0.758035,-1.28396,-1.30827
130_bNAb_Combinations|1342384|sample|8|nan|2946,1.048,0.272168,5,8,1,0.0817999,0.0267821,0.241165,0.247302,0.935742,0.733148
130_bNAb_Combinations|1342384|sample|8|nan|2946,5.24,0.0230755,6,8,1,0.0268957,0.00380322,0.022707,0.0238263,0.0712132,-0.141193
130_bNAb_Combinations|1342384|sample|8|nan|2946,26.2,0.00051855,7,8,1,0.0089724,0.001437,0.00266002,0.00275927,-0.820855,-0.854737
130_bNAb_Combinations|1342384|sample|8|nan|2946,131,0.000636402,8,8,1,0.00345259,0.00116462,0.00124607,0.00124655,-0.251112,-0.251304
130_bNAb_Combinations|1342384|sample|9|nan|2946,0.000448,0.818201,1,9,1,0.794027,0.8203,0.820589,0.820735,-0.0222593,-0.0236131
130_bNAb_Combinations|1342384|sample|9|nan|2946,0.00224,0.806145,2,9,1,0.767287,0.847121,0.850785,0.851533,-0.401626,-0.40801
130_bNAb_Combinations|1342384|sample|9|nan|2946,0.0112,0.857139,3,9,1,0.645436,0.83303,0.874778,0.875459,-0.154425,-0.160266
130_bNAb_Combinations|1342384|sample|9|nan|2946,0.056,0.757849,4,9,1,0.413643,0.589083,0.877856,0.874602,-1.04707,-1.0224
130_bNAb_Combinations|1342384|sample|9|nan|2946,0.28,0.546375,5,9,1,0.186611,0.14574,0.673959,0.659512,-1.44132,-1.30539
130_bNAb_Combinations|1342384|sample|9|nan|2946,1.4,0.174787,6,9,1,0.0658972,0.0178842,0.145923,0.151497,1.37819,1.07542
130_bNAb_Combinations|1342384|sample|9|nan|2946,7,0.0105124,7,9,1,0.0214429,0.00284577,0.0121112,0.0142148,-0.418709,-0.905771
130_bNAb_Combinations|1342384|sample|9|nan|2946,35,0,8,9,1,0.00721726,0.00130205,0.00184871,0.00209727,-0.738008,-0.826735
130_bNAb_Combinations|1342384|vc|1|2|nan|2946,0,0.93029,1,2,1,0.820766,0.820744,0.820594,0.820744,1.02248,1.0209
130_bNAb_Combinations|1342384|vc|2|2|nan|2946,0,0.910809,2,2,1,0.851682,0.851664,0.850864,0.851664,0.539277,0.531592
130_bNAb_Combinations|1342384|vc|3|2|nan|2946,0,1,3,2,1,0.851682,0.851664,0.850864,0.851664,1.34165,1.33323
130_bNAb_Combinations|1342384|vc|4|2|nan|2946,0,0.996582,4,2,1,0.851682,0.851664,0.850864,0.851664,1.31091,1.30251
130_bNAb_Combinations|1342384|vc|5|2|nan|2946,0,0.999953,5,2,1,0.851682,0.851664,0.850864,0.851664,1.34123,1.33281
130_bNAb_Combinations|1342384|vc|6|2|nan|2946,0,0.889549,6,2,1,0.851682,0.851664,0.850864,0.851664,0.348012,0.340504
130_bNAb_Combinations|1342384|vc|7|2|nan|2946,0,0.878541,7,2,1,0.851682,0.851664,0.850864,0.851664,0.248988,0.24157
130_bNAb_Combinations|1342384|vc|8|2|nan|2946,0,0.78624,8,2,1,0.820766,0.820744,0.820594,0.820744,-0.320221,-0.321563
130_bNAb_Combinations|1342396|cc|1|1|PVO.4|5024,0,0.000406233,1,1,0,0,0,0,0,0.179083,0.179083
130_bNAb_Combinations|1342396|cc|2|1|PVO.4|5024,0,0.00130897,2,1,0,0,0,0,0,0.577044,0.577044
130_bNAb_Combinations|1342396|cc|3|1|PVO.4|5024,0,0.00155723,3,1,0,0,0,0,0,0.686483,0.686483
130_bNAb_Combinations|1342396|cc|4|1|PVO.4|5024,0,0.000835035,4,1,0,0,0,0,0,0.368114,0.368114
130_bNAb_Combinations|1342396|cc|5|1|PVO.4|5024,0,0.000654487,5,1,0,0,0,0,0,0.288522,0.288522
130_bNAb_Combinations|1342396|cc|6|1|PVO.4|5024,0,0.000631919,6,1,0,0,0,0,0,0.278573,0.278573
130_bNAb_Combinations|1342396|cc|7|1|PVO.4|5024,0,0.000880172,7,1,0,0,0,0,0,0.388012,0.388012
130_bNAb_Combinations|1342396|cc|8|1|PVO.4|5024,0,0.00139925,8,1,0,0,0,0,0,0.61684,0.61684
130_bNAb_Combinations|1342396|sample|10|PVO.4|5024,0.000448,0.979181,1,10,1,0.794027,0.820293,0.820531,0.820688,1.4789,1.47715
130_bNAb_Combinations|1342396|sample|10|PVO.4|5024,0.00224,0.936165,2,10,1,0.767287,0.847116,0.850015,0.850879,0.77578,0.767238
130_bNAb_Combinations|1342396|sample|10|PVO.4|5024,0.0112,0.876155,3,10,1,0.645436,0.833026,0.863431,0.865201,0.112837,0.0969453
130_bNAb_Combinations|1342396|sample|10|PVO.4|5024,0.056,0.655875,4,10,1,0.403896,0.575197,0.721289,0.724147,-0.69166,-0.719096
130_bNAb_Combinations|1342396|sample|10|PVO.4|5024,0.28,0.224692,5,10,1,0.182214,0.142305,0.211404,0.208956,0.453171,0.542441
130_bNAb_Combinations|1342396|sample|10|PVO.4|5024,1.4,0.0181,6,10,1,0.0658972,0.0178841,0.01963,0.0187854,-0.320057,-0.146696
130_bNAb_Combinations|1342396|sample|10|PVO.4|5024,6.8,0.000744761,7,10,1,0.0218689,0.0029157,0.00249118,0.00238434,-0.675017,-0.637087
130_bNAb_Combinations|1342396|sample|10|PVO.4|5024,35,0.00126384,8,10,1,0.00721726,0.00130204,0.00122972,0.00121254,0.0140662,0.0211668
130_bNAb_Combinations|1342396|sample|11|PVO.4|5024,0.0014272,0.884652,1,11,1,0.760703,0.818428,0.820315,0.820434,0.599892,0.598695
130_bNAb_Combinations|1342396|sample|11|PVO.4|5024,0.007136,0.868504,2,11,1,0.677087,0.828515,0.846036,0.846343,0.203257,0.20041
130_bNAb_Combinations|1342396|sample|11|PVO.4|5024,0.03568,0.719981,3,11,1,0.462451,0.667223,0.774713,0.769623,-0.539696,-0.492669
130_bNAb_Combinations|1342396|sample|11|PVO.4|5024,0.1784,0.317923,4,11,1,0.227589,0.228514,0.316099,0.303613,0.0426855,0.347984
130_bNAb_Combinations|1342396|sample|11|PVO.4|5024,0.892,0.0285718,5,11,1,0.0861931,0.0314123,0.029238,0.0279607,-0.110851,0.104514
130_bNAb_Combinations|1342396|sample|11|PVO.4|5024,4.46,0.000835035,6,11,1,0.0291456,0.00433745,0.0028688,0.0028085,-0.771667,-0.750987
130_bNAb_Combinations|1342396|sample|11|PVO.4|5024,22.3,0.000428802,7,11,1,0.00994269,0.00150256,0.00128822,0.00127875,-0.353195,-0.349476
130_bNAb_Combinations|1342396|sample|11|PVO.4|5024,111.5,0.00101558,8,11,1,0.00374274,0.001171,0.00115385,0.00114531,-0.057228,-0.0537167
130_bNAb_Combinations|1342396|sample|12|PVO.4|5024,0.0014272,0.927138,1,12,1,0.760703,0.818428,0.819787,0.820174,1.00159,0.997514
130_bNAb_Combinations|1342396|sample|12|PVO.4|5024,0.007136,0.869272,2,12,1,0.652508,0.798434,0.810594,0.813054,0.553543,0.52876
130_bNAb_Combinations|1342396|sample|12|PVO.4|5024,0.03568,0.694806,3,12,1,0.445664,0.642998,0.709933,0.726404,-0.162447,-0.331809
130_bNAb_Combinations|1342396|sample|12|PVO.4|5024,0.1784,0.301414,4,12,1,0.219327,0.220218,0.276647,0.295139,0.657438,0.156726
130_bNAb_Combinations|1342396|sample|12|PVO.4|5024,0.892,0.0357485,5,12,1,0.0830642,0.0302718,0.0327018,0.0331899,0.47211,0.392669
130_bNAb_Combinations|1342396|sample|12|PVO.4|5024,4.46,0.000180548,6,12,1,0.0280877,0.00417997,0.00373508,0.00355939,-1.29425,-1.24043
130_bNAb_Combinations|1342396|sample|12|PVO.4|5024,22.3,0.000744761,7,12,1,0.00958177,0.00144801,0.00135353,0.00131638,-0.249328,-0.234569
130_bNAb_Combinations|1342396|sample|12|PVO.4|5024,111.5,0.000383665,8,12,1,0.00374274,0.001171,0.00116463,0.00115271,-0.32305,-0.318321
130_bNAb_Combinations|1342396|sample|3|PVO.4|5024,0.0010624,0.997833,1,3,1,0.771724,0.819219,0.820396,0.820404,1.6543,1.6542
130_bNAb_Combinations|1342396|sample|3|PVO.4|5024,0.005312,0.936549,2,3,1,0.705296,0.836315,0.847649,0.846764,0.802728,0.811547
130_bNAb_Combinations|1342396|sample|3|PVO.4|5024,0.02656,0.845349,3,3,1,0.52294,0.742444,0.825033,0.810664,0.188373,0.327182
130_bNAb_Combinations|1342396|sample|3|PVO.4|5024,0.1328,0.395513,4,3,1,0.273405,0.314058,0.436287,0.405104,-0.70175,-0.177237
130_bNAb_Combinations|1342396|sample|3|PVO.4|5024,0.664,0.0558345,5,3,1,0.107441,0.0477653,0.0511981,0.0509551,0.52564,0.555146
130_bNAb_Combinations|1342396|sample|3|PVO.4|5024,3.32,0.00187319,6,3,1,0.0367223,0.00615648,0.00445949,0.0049131,-0.910952,-1.04927
130_bNAb_Combinations|1342396|sample|3|PVO.4|5024,16.6,0.000383665,7,3,1,0.0120397,0.00166958,0.00138376,0.0014362,-0.408952,-0.429218
130_bNAb_Combinations|1342396|sample|3|PVO.4|5024,83,4.5137e-05,8,3,1,0.0043714,0.00118728,0.0011598,0.00115705,-0.461208,-0.460135
130_bNAb_Combinations|1342396|sample|4|PVO.4|5024,0.0010624,1,1,4,1,0.771724,0.819219,0.820301,0.820461,1.67556,1.67376
130_bNAb_Combinations|1342396|sample|4|PVO.4|5024,0.005312,0.917851,2,4,1,0.705296,0.836315,0.846833,0.847649,0.64187,0.633893
130_bNAb_Combinations|1342396|sample|4|PVO.4|5024,0.02656,0.813708,3,4,1,0.52294,0.742444,0.822435,0.822637,-0.0811627,-0.0830216
130_bNAb_Combinations|1342396|sample|4|PVO.4|5024,0.1328,0.442377,4,4,1,0.280003,0.321639,0.473993,0.465366,-0.502421,-0.371843
130_bNAb_Combinations|1342396|sample|4|PVO.4|5024,0.664,0.0734831,5,4,1,0.110033,0.0489182,0.0687693,0.0648969,0.425851,0.81204
130_bNAb_Combinations|1342396|sample|4|PVO.4|5024,3.32,0.000744761,6,4,1,0.0367223,0.00615648,0.00639664,0.00595886,-1.83085,-1.72026
130_bNAb_Combinations|1342396|sample|4|PVO.4|5024,16.6,0,7,4,1,0.0120397,0.00166958,0.00155908,0.00151237,-0.631733,-0.614297
130_bNAb_Combinations|1342396|sample|4|PVO.4|5024,83,0.00128641,8,4,1,0.0043714,0.00118728,0.00117432,0.0011625,0.0463416,0.051261
130_bNAb_Combinations|1342396|sample|5|PVO.4|5024,0.0004352,0.941051,1,5,1,0.794573,0.820311,0.820565,0.82072,1.1231,1.12144
130_bNAb_Combinations|1342396|sample|5|PVO.4|5024,0.002176,0.951918,2,5,1,0.768894,0.847298,0.850468,0.851329,0.91308,0.904431
130_bNAb_Combinations|1342396|sample|5|PVO.4|5024,0.01088,0.856509,3,5,1,0.649053,0.834728,0.868981,0.870995,-0.109905,-0.127364
130_bNAb_Combinations|1342396|sample|5|PVO.4|5024,0.0544,0.688656,4,5,1,0.418398,0.597394,0.784513,0.792901,-0.933675,-1.00487
130_bNAb_Combinations|1342396|sample|5|PVO.4|5024,0.272,0.280042,5,5,1,0.189766,0.150815,0.254323,0.259654,0.738724,0.574343
130_bNAb_Combinations|1342396|sample|5|PVO.4|5024,1.36,0.0189124,6,5,1,0.0671861,0.0185727,0.0202752,0.0199193,-0.28022,-0.208997
130_bNAb_Combinations|1342396|sample|5|PVO.4|5024,7,0.000744761,7,5,1,0.0214429,0.00284575,0.00220476,0.00213081,-0.572422,-0.54545
130_bNAb_Combinations|1342396|sample|5|PVO.4|5024,34,0.00101558,8,5,1,0.00734723,0.00130888,0.00120668,0.00119184,-0.0788733,-0.0728037
130_bNAb_Combinations|1342396|sample|6|PVO.4|5024,0.0004352,0.943534,1,6,1,0.794573,0.820311,0.820581,0.820729,1.14606,1.14448
130_bNAb_Combinations|1342396|sample|6|PVO.4|5024,0.002176,0.932938,2,6,1,0.768894,0.847298,0.85074,0.851459,0.739575,0.732494
130_bNAb_Combinations|1342396|sample|6|PVO.4|5024,0.01088,0.827035,3,6,1,0.649053,0.834728,0.87292,0.872793,-0.402571,-0.401514
130_bNAb_Combinations|1342396|sample|6|PVO.4|5024,0.0544,0.633431,4,6,1,0.418398,0.597394,0.82198,0.808545,-1.75458,-1.65605
130_bNAb_Combinations|1342396|sample|6|PVO.4|5024,0.272,0.287173,5,6,1,0.189766,0.150815,0.269058,0.263135,0.493599,0.668775
130_bNAb_Combinations|1342396|sample|6|PVO.4|5024,1.36,0.0159334,6,6,1,0.0671861,0.0185727,0.0155232,0.0174841,0.0963909,-0.344154
130_bNAb_Combinations|1342396|sample|6|PVO.4|5024,6.8,0.000112843,7,6,1,0.0218689,0.0029157,0.00174035,0.00192059,-0.653321,-0.719016
130_bNAb_Combinations|1342396|sample|6|PVO.4|5024,34,0.00106072,8,6,1,0.00734723,0.00130888,0.00116906,0.00117252,-0.0448059,-0.0462266
130_bNAb_Combinations|1342396|sample|7|PVO.4|5024,0.0016768,0.922297,1,7,1,0.753762,0.817834,0.820425,0.820445,0.949739,0.949527
130_bNAb_Combinations|1342396|sample|7|PVO.4|5024,0.008384,0.936097,2,7,1,0.660063,0.822745,0.847857,0.847048,0.796586,0.804638
130_bNAb_Combinations|1342396|sample|7|PVO.4|5024,0.04192,0.727643,3,7,1,0.450466,0.650911,0.823341,0.809877,-0.889087,-0.77643
130_bNAb_Combinations|1342396|sample|7|PVO.4|5024,0.2096,0.405872,4,7,1,0.21989,0.202928,0.416185,0.395895,-0.185711,0.188484
130_bNAb_Combinations|1342396|sample|7|PVO.4|5024,1.048,0.0484998,5,7,1,0.0817999,0.026782,0.0420615,0.0450924,0.841459,0.423847
130_bNAb_Combinations|1342396|sample|7|PVO.4|5024,5.24,0.000428802,6,7,1,0.0268957,0.0038032,0.00352932,0.00415336,-1.13986,-1.33023
130_bNAb_Combinations|1342396|sample|7|PVO.4|5024,26.2,0.00045137,7,7,1,0.0089724,0.00143699,0.0013148,0.00136982,-0.354349,-0.375839
130_bNAb_Combinations|1342396|sample|7|PVO.4|5024,131,0.00076733,8,7,1,0.00345259,0.00116461,0.00115502,0.00115165,-0.160452,-0.159088
130_bNAb_Combinations|1342396|sample|8|PVO.4|5024,0.0016768,0.916587,1,8,1,0.753762,0.817834,0.820149,0.820365,0.899373,0.897136
130_bNAb_Combinations|1342396|sample|8|PVO.4|5024,0.008384,0.899265,2,8,1,0.660063,0.822745,0.844676,0.846085,0.494623,0.481065
130_bNAb_Combinations|1342396|sample|8|PVO.4|5024,0.04192,0.765017,3,8,1,0.450466,0.650911,0.795898,0.800837,-0.296586,-0.34194
130_bNAb_Combinations|1342396|sample|8|PVO.4|5024,0.2096,0.385245,4,8,1,0.21989,0.202928,0.376471,0.377533,0.173912,0.15246
130_bNAb_Combinations|1342396|sample|8|PVO.4|5024,1.048,0.0468748,5,8,1,0.0817999,0.026782,0.0458536,0.0438618,0.125516,0.382289
130_bNAb_Combinations|1342396|sample|8|PVO.4|5024,5.24,0.00135411,6,8,1,0.0268957,0.0038032,0.00454537,0.00422355,-1.1197,-1.02154
130_bNAb_Combinations|1342396|sample|8|PVO.4|5024,26.2,0.00112843,7,8,1,0.0089724,0.00143699,0.00142594,0.00138485,-0.12139,-0.104849
130_bNAb_Combinations|1342396|sample|8|PVO.4|5024,131,0.000993015,8,8,1,0.00345259,0.00116461,0.00116489,0.0011533,-0.0710973,-0.0663448
130_bNAb_Combinations|1342396|sample|9|PVO.4|5024,0.000448,0.907999,1,9,1,0.794027,0.820293,0.820566,0.820717,0.814994,0.813444
130_bNAb_Combinations|1342396|sample|9|PVO.4|5024,0.00224,0.90238,2,9,1,0.767287,0.847116,0.850469,0.851253,0.46721,0.459741
130_bNAb_Combinations|1342396|sample|9|PVO.4|5024,0.0112,0.86864,3,9,1,0.645436,0.833026,0.868362,0.869374,0.00245077,-0.00646721
130_bNAb_Combinations|1342396|sample|9|PVO.4|5024,0.056,0.632776,4,9,1,0.413643,0.58908,0.766322,0.766538,-1.33095,-1.33274
130_bNAb_Combinations|1342396|sample|9|PVO.4|5024,0.28,0.23205,5,9,1,0.186611,0.14574,0.209564,0.211107,0.77305,0.715132
130_bNAb_Combinations|1342396|sample|9|PVO.4|5024,1.4,0.0129543,6,9,1,0.0658972,0.0178841,0.0147304,0.01507,-0.427605,-0.504092
130_bNAb_Combinations|1342396|sample|9|PVO.4|5024,7,0.000902741,7,9,1,0.0214429,0.00284575,0.00187948,0.00190115,-0.389302,-0.397501
130_bNAb_Combinations|1342396|sample|9|PVO.4|5024,35,0.000835035,8,9,1,0.00721726,0.00130204,0.00118279,0.00117632,-0.143715,-0.141086
130_bNAb_Combinations|1342396|vc|1|2|PVO.4|5024,0,0.943804,1,2,1,0.820766,0.820738,0.820586,0.820738,1.14854,1.14691
130_bNAb_Combinations|1342396|vc|2|2|PVO.4|5024,0,0.908609,2,2,1,0.851682,0.851659,0.850857,0.851659,0.519547,0.511866
130_bNAb_Combinations|1342396|vc|3|2|PVO.4|5024,0,0.910922,3,2,1,0.851682,0.851659,0.850857,0.851659,0.540357,0.532658
130_bNAb_Combinations|1342396|vc|4|2|PVO.4|5024,0,0.912705,4,2,1,0.851682,0.851659,0.850857,0.851659,0.556397,0.548683
130_bNAb_Combinations|1342396|vc|5|2|PVO.4|5024,0,0.907345,5,2,1,0.851682,0.851659,0.850857,0.851659,0.508177,0.500507
130_bNAb_Combinations|1342396|vc|6|2|PVO.4|5024,0,0.878886,6,2,1,0.851682,0.851659,0.850857,0.851659,0.252153,0.244719
130_bNAb_Combinations|1342396|vc|7|2|PVO.4|5024,0,0.860549,7,2,1,0.851682,0.851659,0.850857,0.851659,0.0871887,0.0799068
130_bNAb_Combinations|1342396|vc|8|2|PVO.4|5024,0,0.761022,8,2,1,0.820766,0.820738,0.820586,0.820738,-0.555203,-0.556517
130_bNAb_Combinations|1342408|cc|1|1|nan|4168,0,0.0014393,1,1,0,0,0,0,0,0.634497,0.634497
130_bNAb_Combinations|1342408|cc|2|1|nan|4168,0,0.0014393,2,1,0,0,0,0,0,0.634497,0.634497
130_bNAb_Combinations|1342408|cc|3|1|nan|4168,0,0.000729786,3,1,0,0,0,0,0,0.321717,0.321717
130_bNAb_Combinations|1342408|cc|4|1|nan|4168,0,0.00152039,4,1,0,0,0,0,0,0.670243,0.670243
130_bNAb_Combinations|1342408|cc|5|1|nan|4168,0,0.000973049,5,1,0,0,0,0,0,0.428956,0.428956
130_bNAb_Combinations|1342408|cc|6|1|nan|4168,0,0.00105414,6,1,0,0,0,0,0,0.464702,0.464702
130_bNAb_Combinations|1342408|cc|7|1|nan|4168,0,0.00154066,7,1,0,0,0,0,0,0.67918,0.67918
130_bNAb_Combinations|1342408|cc|8|1|nan|4168,0,0.00145957,8,1,0,0,0,0,0,0.643433,0.643433
130_bNAb_Combinations|1342408|sample|10|nan|4168,0.000448,0.916804,1,10,1,0.794027,0.820309,0.818781,0.819225,0.915656,0.911031
130_bNAb_Combinations|1342408|sample|10|nan|4168,0.00224,0.894222,2,10,1,0.767287,0.847129,0.838628,0.840879,0.507278,0.485464
130_bNAb_Combinations|1342408|sample|10|nan|4168,0.0112,0.788636,3,10,1,0.645436,0.833036,0.79941,0.806097,-0.103034,-0.16562
130_bNAb_Combinations|1342408|sample|10|nan|4168,0.056,0.510932,4,10,1,0.403896,0.575204,0.537804,0.545978,-0.377978,-0.485814
130_bNAb_Combinations|1342408|sample|10|nan|4168,0.28,0.18495,5,10,1,0.182214,0.142307,0.171452,0.170246,0.557545,0.611276
130_bNAb_Combinations|1342408|sample|10|nan|4168,1.4,0.0293334,6,10,1,0.0658972,0.0178843,0.0322708,0.0306445,-0.459095,-0.21181
130_bNAb_Combinations|1342408|sample|10|nan|4168,7,0.00658835,7,10,1,0.0214429,0.00284579,0.00592525,0.00545891,0.219084,0.380664
130_bNAb_Combinations|1342408|sample|10|nan|4168,35,0.00121631,8,10,1,0.00721726,0.00130207,0.00184709,0.00174158,-0.251829,-0.210841
130_bNAb_Combinations|1342408|sample|11|nan|4168,0.0014272,0.875389,1,11,1,0.760703,0.818444,0.81582,0.814455,0.55842,0.57216
130_bNAb_Combinations|1342408|sample|11|nan|4168,0.007136,0.813651,2,11,1,0.677087,0.828527,0.816506,0.809753,-0.0267398,0.0368144
130_bNAb_Combinations|1342408|sample|11|nan|4168,0.03568,0.571504,3,11,1,0.462451,0.667233,0.653433,0.632552,-0.953871,-0.733577
130_bNAb_Combinations|1342408|sample|11|nan|4168,0.1784,0.26249,4,11,1,0.227589,0.228518,0.268894,0.257101,-0.174599,0.153221
130_bNAb_Combinations|1342408|sample|11|nan|4168,0.892,0.0583626,5,11,1,0.0861931,0.0314128,0.0523367,0.0525635,0.672076,0.644686
130_bNAb_Combinations|1342408|sample|11|nan|4168,4.46,0.00764249,6,11,1,0.0291456,0.00433752,0.00870157,0.00927394,-0.313152,-0.472167
130_bNAb_Combinations|1342408|sample|11|nan|4168,22.3,0.00103386,7,11,1,0.00994269,0.00150258,0.00224462,0.00240135,-0.473751,-0.530912
130_bNAb_Combinations|1342408|sample|11|nan|4168,111.5,0.000628427,8,11,1,0.00374274,0.00117102,0.00129009,0.00131551,-0.271897,-0.281967
130_bNAb_Combinations|1342408|sample|12|nan|4168,0.0014272,0.802025,1,12,1,0.760703,0.818444,0.803491,0.805899,-0.0139452,-0.0367556
130_bNAb_Combinations|1342408|sample|12|nan|4168,0.007136,0.67335,2,12,1,0.652508,0.798449,0.73551,0.744448,-0.644851,-0.728923
130_bNAb_Combinations|1342408|sample|12|nan|4168,0.03568,0.487102,3,12,1,0.445664,0.64301,0.504017,0.522876,-0.25333,-0.517086
130_bNAb_Combinations|1342408|sample|12|nan|4168,0.1784,0.201948,4,12,1,0.219327,0.220222,0.186522,0.197439,0.590164,0.163758
130_bNAb_Combinations|1342408|sample|12|nan|4168,0.892,0.0520986,5,12,1,0.0830642,0.0302724,0.0429899,0.0450634,1.17229,0.875529
130_bNAb_Combinations|1342408|sample|12|nan|4168,4.46,0.00689243,6,12,1,0.0280877,0.00418005,0.0091842,0.00940058,-0.665485,-0.722508
130_bNAb_Combinations|1342408|sample|12|nan|4168,22.3,0,7,12,1,0.00958177,0.00144803,0.00263935,0.00263757,-1.01273,-1.01213
130_bNAb_Combinations|1342408|sample|12|nan|4168,111.5,0.00109468,8,12,1,0.00374274,0.00117102,0.00142324,0.00140958,-0.134076,-0.128592
130_bNAb_Combinations|1342408|sample|3|nan|4168,0.0010624,0.884744,1,3,1,0.771724,0.819235,0.817398,0.818032,0.63014,0.623736
130_bNAb_Combinations|1342408|sample|3|nan|4168,0.005312,0.890796,2,3,1,0.705296,0.836328,0.83142,0.834502,0.546387,0.516156
130_bNAb_Combinations|1342408|sample|3|nan|4168,0.02656,0.776077,3,3,1,0.52294,0.742453,0.768702,0.778242,0.073282,-0.0212482
130_bNAb_Combinations|1342408|sample|3|nan|4168,0.1328,0.462381,4,3,1,0.273405,0.314062,0.478013,0.49115,-0.246404,-0.441771
130_bNAb_Combinations|1342408|sample|3|nan|4168,0.664,0.16701,5,3,1,0.107441,0.0477659,0.147438,0.15036,0.925925,0.77403
130_bNAb_Combinations|1342408|sample|3|nan|4168,3.32,0.0252587,6,3,1,0.0367223,0.00615656,0.0296791,0.0293484,-0.728636,-0.678867
130_bNAb_Combinations|1342408|sample|3|nan|4168,16.6,0.00823037,7,3,1,0.0120397,0.00166961,0.00594931,0.00572081,0.75288,0.83637
130_bNAb_Combinations|1342408|sample|3|nan|4168,83,0.0027367,8,3,1,0.0043714,0.0011873,0.00192084,0.00185019,0.324498,0.353868
130_bNAb_Combinations|1342408|sample|4|nan|4168,0.0010624,0.931106,1,4,1,0.771724,0.819235,0.819067,0.81884,1.04623,1.04863
130_bNAb_Combinations|1342408|sample|4|nan|4168,0.005312,0.912324,2,4,1,0.705296,0.836328,0.840086,0.838887,0.658034,0.669895
130_bNAb_Combinations|1342408|sample|4|nan|4168,0.02656,0.764897,3,4,1,0.52294,0.742453,0.805219,0.797967,-0.382866,-0.316794
130_bNAb_Combinations|1342408|sample|4|nan|4168,0.1328,0.50485,4,4,1,0.280003,0.321642,0.559865,0.545352,-0.744272,-0.562063
130_bNAb_Combinations|1342408|sample|4|nan|4168,0.664,0.189005,5,4,1,0.110033,0.0489187,0.175709,0.17275,0.537096,0.666842
130_bNAb_Combinations|1342408|sample|4|nan|4168,3.32,0.0320092,6,4,1,0.0367223,0.00615656,0.0310574,0.0318588,0.152459,0.023702
130_bNAb_Combinations|1342408|sample|4|nan|4168,16.6,0.00490579,7,4,1,0.0120397,0.00166961,0.00554675,0.005884,-0.215212,-0.323758
130_bNAb_Combinations|1342408|sample|4|nan|4168,83,0.00336513,8,4,1,0.0043714,0.0011873,0.00176429,0.00183795,0.641822,0.609988
130_bNAb_Combinations|1342408|sample|5|nan|4168,0.0004352,0.950283,1,5,1,0.794573,0.820327,0.820004,0.820105,1.21519,1.21411
130_bNAb_Combinations|1342408|sample|5|nan|4168,0.002176,0.951642,2,5,1,0.768894,0.847311,0.846807,0.847352,0.947538,0.942021
130_bNAb_Combinations|1342408|sample|5|nan|4168,0.01088,0.940502,3,5,1,0.649053,0.834738,0.849194,0.849349,0.823012,0.821463
130_bNAb_Combinations|1342408|sample|5|nan|4168,0.0544,0.710366,4,5,1,0.418398,0.5974,0.742439,0.741449,-0.329686,-0.319931
130_bNAb_Combinations|1342408|sample|5|nan|4168,0.272,0.40341,5,5,1,0.189766,0.150817,0.378702,0.380306,0.487016,0.453572
130_bNAb_Combinations|1342408|sample|5|nan|4168,1.36,0.0853039,6,5,1,0.0671861,0.0185729,0.0883288,0.0905217,-0.222873,-0.376652
130_bNAb_Combinations|1342408|sample|5|nan|4168,6.8,0.0187109,7,5,1,0.0218689,0.00291575,0.0152204,0.0159023,0.827883,0.652636
130_bNAb_Combinations|1342408|sample|5|nan|4168,34,0.00358812,8,5,1,0.00734723,0.0013089,0.0032319,0.00337344,0.132816,0.0795079
130_bNAb_Combinations|1342408|sample|6|nan|4168,0.0004352,0.97762,1,6,1,0.794573,0.820327,0.819127,0.819817,1.47991,1.47225
130_bNAb_Combinations|1342408|sample|6|nan|4168,0.002176,0.945205,2,6,1,0.768894,0.847311,0.842658,0.846031,0.931333,0.897189
130_bNAb_Combinations|1342408|sample|6|nan|4168,0.01088,0.909192,3,6,1,0.649053,0.834738,0.832134,0.844393,0.708513,0.587318
130_bNAb_Combinations|1342408|sample|6|nan|4168,0.0544,0.685827,4,6,1,0.418398,0.5974,0.697752,0.732146,-0.130242,-0.482662
130_bNAb_Combinations|1342408|sample|6|nan|4168,0.272,0.395595,5,6,1,0.189766,0.150817,0.352756,0.386639,0.903531,0.173056
130_bNAb_Combinations|1342408|sample|6|nan|4168,1.36,0.103062,6,6,1,0.0671861,0.0185729,0.0944802,0.10132,0.597643,0.114353
130_bNAb_Combinations|1342408|sample|6|nan|4168,6.8,0.021549,7,6,1,0.0218689,0.00291575,0.0195153,0.0195733,0.426706,0.413906
130_bNAb_Combinations|1342408|sample|6|nan|4168,34,0.0035273,8,6,1,0.00734723,0.0013089,0.00447152,0.00423152,-0.332393,-0.250617
130_bNAb_Combinations|1342408|sample|7|nan|4168,0.0016768,0.917554,1,7,1,0.753762,0.81785,0.819757,0.819263,0.912483,0.917634
130_bNAb_Combinations|1342408|sample|7|nan|4168,0.008384,0.915081,2,7,1,0.660063,0.822758,0.843559,0.84042,0.648884,0.679844
130_bNAb_Combinations|1342408|sample|7|nan|4168,0.04192,0.793126,3,7,1,0.450466,0.650919,0.8165,0.798578,-0.218937,-0.0521892
130_bNAb_Combinations|1342408|sample|7|nan|4168,0.2096,0.446072,4,7,1,0.21989,0.20293,0.556092,0.520985,-1.49821,-1.08662
130_bNAb_Combinations|1342408|sample|7|nan|4168,1.048,0.165205,5,7,1,0.0817999,0.0267822,0.14646,0.142652,0.892121,1.09886
130_bNAb_Combinations|1342408|sample|7|nan|4168,5.24,0.019988,6,7,1,0.0268957,0.00380325,0.0208922,0.0229367,-0.182954,-0.56664
130_bNAb_Combinations|1342408|sample|7|nan|4168,26.2,0.00425709,7,7,1,0.0089724,0.00143701,0.00350711,0.00411044,0.276009,0.052479
130_bNAb_Combinations|1342408|sample|7|nan|4168,131,0.000932505,8,7,1,0.00345259,0.00116464,0.00141459,0.00152437,-0.196815,-0.240255
130_bNAb_Combinations|1342408|sample|8|nan|4168,0.0016768,0.942246,1,8,1,0.753762,0.81785,0.819424,0.8194,1.14643,1.14669
130_bNAb_Combinations|1342408|sample|8|nan|4168,0.008384,0.898073,2,8,1,0.660063,0.822758,0.841101,0.840867,0.518364,0.52063
130_bNAb_Combinations|1342408|sample|8|nan|4168,0.04192,0.752481,3,8,1,0.450466,0.650919,0.800871,0.797567,-0.461918,-0.432124
130_bNAb_Combinations|1342408|sample|8|nan|4168,0.2096,0.451961,4,8,1,0.21989,0.20293,0.510318,0.505789,-0.863573,-0.803445
130_bNAb_Combinations|1342408|sample|8|nan|4168,1.048,0.14763,5,8,1,0.0817999,0.0267822,0.126756,0.128472,1.12894,1.02396
130_bNAb_Combinations|1342408|sample|8|nan|4168,5.24,0.0171703,6,8,1,0.0268957,0.00380325,0.0185185,0.0194445,-0.290666,-0.478109
130_bNAb_Combinations|1342408|sample|8|nan|4168,26.2,0.00251371,7,8,1,0.0089724,0.00143701,0.00330602,0.00350015,-0.294375,-0.36315
130_bNAb_Combinations|1342408|sample|8|nan|4168,131,0.000871689,8,8,1,0.00345259,0.00116464,0.00140144,0.00142773,-0.216422,-0.226851
130_bNAb_Combinations|1342408|sample|9|nan|4168,0.000448,0.936184,1,9,1,0.794027,0.820309,0.817378,0.818777,1.11166,1.09673
130_bNAb_Combinations|1342408|sample|9|nan|4168,0.00224,0.852218,2,9,1,0.767287,0.847129,0.832551,0.839113,0.180739,0.119517
130_bNAb_Combinations|1342408|sample|9|nan|4168,0.0112,0.786669,3,9,1,0.645436,0.833036,0.78026,0.802755,0.0627641,-0.153193
130_bNAb_Combinations|1342408|sample|9|nan|4168,0.056,0.554121,4,9,1,0.413643,0.589086,0.532545,0.570371,0.306387,-0.215915
130_bNAb_Combinations|1342408|sample|9|nan|4168,0.28,0.196982,5,9,1,0.186611,0.145741,0.186828,0.197365,0.38787,-0.0139277
130_bNAb_Combinations|1342408|sample|9|nan|4168,1.4,0.0447602,6,9,1,0.0658972,0.0178843,0.0403684,0.0390297,0.590734,0.78898
130_bNAb_Combinations|1342408|sample|9|nan|4168,7,0.00464225,7,9,1,0.0214429,0.00284579,0.00826493,0.00732445,-1.08916,-0.83668
130_bNAb_Combinations|1342408|sample|9|nan|4168,35,0.00154066,8,9,1,0.00721726,0.00130207,0.0023797,0.00210009,-0.326098,-0.220493
130_bNAb_Combinations|1342408|vc|1|2|nan|4168,0,0.949635,1,2,1,0.820766,0.820754,0.820602,0.820754,1.20271,1.20108
130_bNAb_Combinations|1342408|vc|2|2|nan|4168,0,0.965274,2,2,1,0.851682,0.851672,0.850871,0.851672,1.02919,1.02104
130_bNAb_Combinations|1342408|vc|3|2|nan|4168,0,1,3,2,1,0.851682,0.851672,0.850871,0.851672,1.34159,1.33315
130_bNAb_Combinations|1342408|vc|4|2|nan|4168,0,0.969906,4,2,1,0.851682,0.851672,0.850871,0.851672,1.07086,1.06268
130_bNAb_Combinations|1342408|vc|5|2|nan|4168,0,0.940482,5,2,1,0.851682,0.851672,0.850871,0.851672,0.806155,0.798212
130_bNAb_Combinations|1342408|vc|6|2|nan|4168,0,0.930052,6,2,1,0.851682,0.851672,0.850871,0.851672,0.712327,0.704469
130_bNAb_Combinations|1342408|vc|7|2|nan|4168,0,0.924538,7,2,1,0.851682,0.851672,0.850871,0.851672,0.662723,0.654911
130_bNAb_Combinations|1342408|vc|8|2|nan|4168,0,0.903212,8,2,1,0.820766,0.820754,0.820602,0.820754,0.770008,0.768453
704_VRC01_Concordance|1200432|cc|1|1|PVO.4|5024,0,0.00146144,1,1,0,0,0,0,0,0.644257,0.644257
704_VRC01_Concordance|1200432|cc|2|1|PVO.4|5024,0,0.00217593,2,1,0,0,0,0,0,0.959228,0.959228
704_VRC01_Concordance|1200432|cc|3|1|PVO.4|5024,0,0.0011042,3,1,0,0,0,0,0,0.486772,0.486772
704_VRC01_Concordance|1200432|cc|4|1|PVO.4|5024,0,0.00198107,4,1,0,0,0,0,0,0.873327,0.873327
704_VRC01_Concordance|1200432|cc|5|1|PVO.4|5024,0,0.00298784,5,1,0,0,0,0,0,1.31715,1.31715
704_VRC01_Concordance|1200432|cc|6|1|PVO.4|5024,0,0.00175373,6,1,0,0,0,0,0,0.773109,0.773109
704_VRC01_Concordance|1200432|cc|7|1|PVO.4|5024,0,0.00233831,7,1,0,0,0,0,0,1.03081,1.03081
704_VRC01_Concordance|1200432|cc|8|1|PVO.4|5024,0,0.00334508,8,1,0,0,0,0,0,1.47463,1.47463
704_VRC01_Concordance|1200432|sample|10|PVO.4|5024,0.0022862368541381,0.850689,1,10,1,0.738327,0.816259,0.820546,0.82062,0.280979,0.280267
704_VRC01_Concordance|1200432|sample|10|PVO.4|5024,0.0068587105624143,0.988097,2,10,1,0.681097,0.829775,0.850469,0.850893,1.23869,1.23428
704_VRC01_Concordance|1200432|sample|10|PVO.4|5024,0.0205761316872428,0.866635,3,10,1,0.56175,0.778941,0.873548,0.873034,-0.060606,-0.0561308
704_VRC01_Concordance|1200432|sample|10|PVO.4|5024,0.0617283950617284,0.879642,4,10,1,0.388361,0.547197,0.861531,0.855589,0.16095,0.215219
704_VRC01_Concordance|1200432|sample|10|PVO.4|5024,0.1851851851851852,0.740724,5,10,1,0.229757,0.226376,0.796848,0.774685,-0.538384,-0.334895
704_VRC01_Concordance|1200432|sample|10|PVO.4|5024,0.5555555555555556,0.485621,6,10,1,0.120303,0.0603177,0.552311,0.518592,-0.914178,-0.480382
704_VRC01_Concordance|1200432|sample|10|PVO.4|5024,1.66666666666667,0.212201,7,10,1,0.0569131,0.0138579,0.191407,0.185121,0.776949,1.04317
704_VRC01_Concordance|1200432|sample|10|PVO.4|5024,5,0.0380949,8,10,1,0.0259808,0.00372482,0.0393318,0.0422392,-0.169389,-0.540041
704_VRC01_Concordance|1200432|sample|11|PVO.4|5024,0.0457247370827618,0.868454,1,11,1,0.408363,0.588996,0.800727,0.798169,0.64661,0.673132
704_VRC01_Concordance|1200432|sample|11|PVO.4|5024,0.1371742112482854,0.719452,2,11,1,0.26111,0.295954,0.749461,0.740777,-0.305656,-0.219685
704_VRC01_Concordance|1200432|sample|11|PVO.4|5024,0.411522633744856,0.42653,3,11,1,0.140667,0.0861046,0.489906,0.475488,-0.975549,-0.775645
704_VRC01_Concordance|1200432|sample|11|PVO.4|5024,1.23456790123457,0.188591,4,11,1,0.0695711,0.0204649,0.170279,0.164893,0.761109,1.01401
704_VRC01_Concordance|1200432|sample|11|PVO.4|5024,3.7037037037037,0.036601,5,11,1,0.0330872,0.00528883,0.0382384,0.0378593,-0.228621,-0.176895
704_VRC01_Concordance|1200432|sample|11|PVO.4|5024,11.1111111111111,0.00789179,6,11,1,0.0157054,0.0020448,0.00824006,0.00836828,-0.10481,-0.14269
704_VRC01_Concordance|1200432|sample|11|PVO.4|5024,33.3333333333333,0.00133154,7,11,1,0.00771776,0.00136324,0.00249318,0.00255071,-0.448947,-0.469845
704_VRC01_Concordance|1200432|sample|11|PVO.4|5024,100,0.000389718,8,11,1,0.00395896,0.00117626,0.00137922,0.00138945,-0.404717,-0.408684
704_VRC01_Concordance|1200432|sample|12|PVO.4|5024,0.0457247370827618,0.755582,1,12,1,0.408363,0.588996,0.785586,0.790781,-0.291861,-0.340186
704_VRC01_Concordance|1200432|sample|12|PVO.4|5024,0.1371742112482854,0.635256,2,12,1,0.251631,0.28521,0.670453,0.68581,-0.399647,-0.56149
704_VRC01_Concordance|1200432|sample|12|PVO.4|5024,0.411522633744856,0.416203,3,12,1,0.135561,0.082979,0.386374,0.406263,0.576787,0.18318
704_VRC01_Concordance|1200432|sample|12|PVO.4|5024,1.23456790123457,0.135362,4,12,1,0.0670457,0.019722,0.124124,0.131014,0.619083,0.228438
704_VRC01_Concordance|1200432|sample|12|PVO.4|5024,3.7037037037037,0.0341003,5,12,1,0.0318861,0.00509685,0.028968,0.0298304,0.858873,0.701597
704_VRC01_Concordance|1200432|sample|12|PVO.4|5024,11.1111111111111,0.00308527,6,12,1,0.0151353,0.00197057,0.00684012,0.00682787,-1.19438,-1.19107
704_VRC01_Concordance|1200432|sample|12|PVO.4|5024,33.3333333333333,0.000292288,7,12,1,0.00743761,0.00131375,0.00228759,0.00224186,-0.779059,-0.762948
704_VRC01_Concordance|1200432|sample|12|PVO.4|5024,100,0.000292288,8,12,1,0.00395896,0.00117626,0.00137542,0.00135242,-0.4431,-0.434216
704_VRC01_Concordance|1200432|sample|3|PVO.4|5024,0.0457247370827618,0.931426,1,3,1,0.408363,0.588996,0.789952,0.792349,1.36871,1.34154
704_VRC01_Concordance|1200432|sample|3|PVO.4|5024,0.1371742112482854,0.65242,2,3,1,0.26111,0.295954,0.696994,0.704705,-0.487325,-0.565521
704_VRC01_Concordance|1200432|sample|3|PVO.4|5024,0.411522633744856,0.404284,3,3,1,0.144892,0.0886911,0.388593,0.396679,0.301751,0.143389
704_VRC01_Concordance|1200432|sample|3|PVO.4|5024,1.23456790123457,0.116071,4,3,1,0.071661,0.0210796,0.108437,0.109787,0.472813,0.385093
704_VRC01_Concordance|1200432|sample|3|PVO.4|5024,3.7037037037037,0.0223763,5,3,1,0.0340811,0.0054477,0.0221862,0.022017,0.0372226,0.0706385
704_VRC01_Concordance|1200432|sample|3|PVO.4|5024,11.1111111111111,0.00337756,6,3,1,0.0161772,0.00210622,0.00498409,0.00486561,-0.552784,-0.514703
704_VRC01_Concordance|1200432|sample|3|PVO.4|5024,33.3333333333333,0.00295536,7,3,1,0.00771776,0.00136324,0.00183461,0.00179366,0.447727,0.46506
704_VRC01_Concordance|1200432|sample|3|PVO.4|5024,100,0.00168878,8,3,1,0.00395896,0.00117626,0.00125764,0.00124116,0.177471,0.184415
704_VRC01_Concordance|1200432|sample|4|PVO.4|5024,0.0457247370827618,0.855821,1,4,1,0.408363,0.588996,0.81193,0.807612,0.413374,0.456422
704_VRC01_Concordance|1200432|sample|4|PVO.4|5024,0.1371742112482854,0.721108,2,4,1,0.26111,0.295954,0.79713,0.780003,-0.729007,-0.576891
704_VRC01_Concordance|1200432|sample|4|PVO.4|5024,0.411522633744856,0.572009,3,4,1,0.144892,0.0886911,0.614777,0.577813,-0.528368,-0.0761639
704_VRC01_Concordance|1200432|sample|4|PVO.4|5024,1.23456790123457,0.23966,4,4,1,0.0733903,0.0215883,0.244318,0.229505,-0.138903,0.320956
704_VRC01_Concordance|1200432|sample|4|PVO.4|5024,3.7037037037037,0.0572236,5,4,1,0.0349036,0.00557917,0.0512085,0.0524077,0.68184,0.536568
704_VRC01_Concordance|1200432|sample|4|PVO.4|5024,11.1111111111111,0.00779436,6,4,1,0.0161772,0.00210622,0.00934432,0.0105068,-0.447416,-0.75075
704_VRC01_Concordance|1200432|sample|4|PVO.4|5024,33.3333333333333,0.0027605,7,4,1,0.00771776,0.00136324,0.00245115,0.00279496,0.119808,-0.0131198
704_VRC01_Concordance|1200432|sample|4|PVO.4|5024,100,0.00116915,8,4,1,0.00395896,0.00117626,0.00134145,0.00141565,-0.0706108,-0.100628
704_VRC01_Concordance|1200432|sample|5|PVO.4|5024,0.0022862368541381,0.883215,1,5,1,0.738327,0.816259,0.820409,0.820596,0.585541,0.583669
704_VRC01_Concordance|1200432|sample|5|PVO.4|5024,0.0068587105624143,0.89653,2,5,1,0.681097,0.829775,0.849821,0.850773,0.420708,0.411684
704_VRC01_Concordance|1200432|sample|5|PVO.4|5024,0.0205761316872428,0.878603,3,5,1,0.56175,0.778941,0.870612,0.872449,0.0702876,0.054021
704_VRC01_Concordance|1200432|sample|5|PVO.4|5024,0.0617283950617284,0.790088,4,5,1,0.397733,0.560402,0.869834,0.873524,-0.702074,-0.731524
704_VRC01_Concordance|1200432|sample|5|PVO.4|5024,0.1851851851851852,0.721465,5,5,1,0.235302,0.231839,0.775979,0.78309,-0.53669,-0.601311
704_VRC01_Concordance|1200432|sample|5|PVO.4|5024,0.5555555555555556,0.483543,6,5,1,0.120303,0.0603177,0.492449,0.498378,-0.136409,-0.22462
704_VRC01_Concordance|1200432|sample|5|PVO.4|5024,1.66666666666667,0.199503,7,5,1,0.0569131,0.0138579,0.174418,0.173459,1.02017,1.06444
704_VRC01_Concordance|1200432|sample|5|PVO.4|5024,5,0.0347498,8,5,1,0.0259808,0.00372482,0.0410671,0.039554,-0.839611,-0.655379
704_VRC01_Concordance|1200432|sample|6|PVO.4|5024,0.0022862368541381,0.994382,1,6,1,0.738327,0.816259,0.820114,0.820318,1.62528,1.62299
704_VRC01_Concordance|1200432|sample|6|PVO.4|5024,0.0068587105624143,0.986474,2,6,1,0.681097,0.829775,0.848675,0.84966,1.2428,1.23251
704_VRC01_Concordance|1200432|sample|6|PVO.4|5024,0.0205761316872428,0.991621,3,6,1,0.56175,0.778941,0.866423,0.868259,1.10649,1.088
704_VRC01_Concordance|1200432|sample|6|PVO.4|5024,0.0617283950617284,0.869396,4,6,1,0.397733,0.560402,0.856364,0.859565,0.116498,0.0875632
704_VRC01_Concordance|1200432|sample|6|PVO.4|5024,0.1851851851851852,0.779355,5,6,1,0.235302,0.231839,0.745992,0.750504,0.341355,0.293454
704_VRC01_Concordance|1200432|sample|6|PVO.4|5024,0.5555555555555556,0.468051,6,6,1,0.120303,0.0603177,0.47014,0.472018,-0.0334587,-0.0632855
704_VRC01_Concordance|1200432|sample|6|PVO.4|5024,1.66666666666667,0.186123,7,6,1,0.0569131,0.0138579,0.182114,0.180136,0.156763,0.236449
704_VRC01_Concordance|1200432|sample|6|PVO.4|5024,5,0.0497215,8,6,1,0.0259808,0.00372482,0.0499706,0.0483526,-0.0287492,0.161876
704_VRC01_Concordance|1200432|sample|7|PVO.4|5024,0.0457247370827618,0.822711,1,7,1,0.408363,0.588996,0.801576,0.802534,0.201576,0.192209
704_VRC01_Concordance|1200432|sample|7|PVO.4|5024,0.1371742112482854,0.758505,2,7,1,0.26111,0.295954,0.746171,0.749888,0.126166,0.087719
704_VRC01_Concordance|1200432|sample|7|PVO.4|5024,0.411522633744856,0.445919,3,7,1,0.144892,0.0886911,0.479115,0.484544,-0.522092,-0.600913
704_VRC01_Concordance|1200432|sample|7|PVO.4|5024,1.23456790123457,0.173424,4,7,1,0.0733903,0.0215883,0.152858,0.154457,0.942092,0.860797
704_VRC01_Concordance|1200432|sample|7|PVO.4|5024,3.7037037037037,0.0308202,5,7,1,0.0349036,0.00557917,0.0311077,0.0311334,-0.0460041,-0.0500902
704_VRC01_Concordance|1200432|sample|7|PVO.4|5024,11.1111111111111,0.00402709,6,7,1,0.0161772,0.00210622,0.00630044,0.00624053,-0.739372,-0.721685
704_VRC01_Concordance|1200432|sample|7|PVO.4|5024,33.3333333333333,0.00243574,7,7,1,0.00771776,0.00136324,0.00202889,0.00200259,0.160933,0.171564
704_VRC01_Concordance|1200432|sample|7|PVO.4|5024,100,0.00113668,8,7,1,0.00395896,0.00117626,0.00128533,0.00127219,-0.0611019,-0.0557404
704_VRC01_Concordance|1200432|sample|8|PVO.4|5024,0.0457247370827618,0.796746,1,8,1,0.408363,0.588996,0.801413,0.802115,-0.044518,-0.0511782
704_VRC01_Concordance|1200432|sample|8|PVO.4|5024,0.1371742112482854,0.73569,2,8,1,0.26111,0.295954,0.748224,0.751625,-0.127872,-0.161849
704_VRC01_Concordance|1200432|sample|8|PVO.4|5024,0.411522633744856,0.466265,3,8,1,0.144892,0.0886911,0.490758,0.497994,-0.376385,-0.480745
704_VRC01_Concordance|1200432|sample|8|PVO.4|5024,1.23456790123457,0.184954,4,8,1,0.0733903,0.0215883,0.163883,0.168269,0.906611,0.700974
704_VRC01_Concordance|1200432|sample|8|PVO.4|5024,3.7037037037037,0.0379325,5,8,1,0.0349036,0.00557917,0.0346556,0.0357112,0.488836,0.324821
704_VRC01_Concordance|1200432|sample|8|PVO.4|5024,11.1111111111111,0.00399461,6,8,1,0.0161772,0.00210622,0.00710263,0.00728759,-0.978173,-1.02872
704_VRC01_Concordance|1200432|sample|8|PVO.4|5024,33.3333333333333,0.00168878,7,8,1,0.00771776,0.00136324,0.00219295,0.00221776,-0.197788,-0.207263
704_VRC01_Concordance|1200432|sample|8|PVO.4|5024,100,0,8,8,1,0.00395896,0.00117626,0.00131736,0.00131425,-0.540565,-0.539378
704_VRC01_Concordance|1200432|sample|9|PVO.4|5024,0.0022862368541381,0.844113,1,9,1,0.738327,0.816259,0.820415,0.82048,0.220931,0.220308
704_VRC01_Concordance|1200432|sample|9|PVO.4|5024,0.0068587105624143,0.938782,2,9,1,0.681097,0.829775,0.849823,0.850245,0.801248,0.797061
704_VRC01_Concordance|1200432|sample|9|PVO.4|5024,0.0205761316872428,0.856568,3,9,1,0.56175,0.778941,0.870464,0.87012,-0.122261,-0.119272
704_VRC01_Concordance|1200432|sample|9|PVO.4|5024,0.0617283950617284,0.895653,4,9,1,0.397733,0.560402,0.868314,0.863954,0.241105,0.280939
704_VRC01_Concordance|1200432|sample|9|PVO.4|5024,0.1851851851851852,0.785119,5,9,1,0.235302,0.231839,0.766747,0.752501,0.183,0.330917
704_VRC01_Concordance|1200432|sample|9|PVO.4|5024,0.5555555555555556,0.449345,6,9,1,0.120303,0.0603177,0.467576,0.451838,-0.293552,-0.0414877
704_VRC01_Concordance|1200432|sample|9|PVO.4|5024,1.66666666666667,0.160499,7,9,1,0.0569131,0.0138579,0.155397,0.153374,0.230282,0.325384
704_VRC01_Concordance|1200432|sample|9|PVO.4|5024,5,0.0365685,8,9,1,0.0259808,0.00372482,0.0349777,0.0363174,0.235866,0.0363073
704_VRC01_Concordance|1200432|vc|1|2|PVO.4|5024,0,0.927366,1,2,1,0.820766,0.820766,0.820614,0.820766,0.995022,0.993425
704_VRC01_Concordance|1200432|vc|2|2|PVO.4|5024,0,0.913369,2,2,1,0.851682,0.851682,0.850881,0.851682,0.562147,0.554426
704_VRC01_Concordance|1200432|vc|3|2|PVO.4|5024,0,1,3,2,1,0.851682,0.851682,0.850881,0.851682,1.34148,1.33304
704_VRC01_Concordance|1200432|vc|4|2|PVO.4|5024,0,0.936054,4,2,1,0.851682,0.851682,0.850881,0.851682,0.76622,0.758312
704_VRC01_Concordance|1200432|vc|5|2|PVO.4|5024,0,0.990712,5,2,1,0.851682,0.851682,0.850881,0.851682,1.25792,1.24956
704_VRC01_Concordance|1200432|vc|6|2|PVO.4|5024,0,0.919832,6,2,1,0.851682,0.851682,0.850881,0.851682,0.620286,0.612513
704_VRC01_Concordance|1200432|vc|7|2|PVO.4|5024,0,0.864589,7,2,1,0.851682,0.851682,0.850881,0.851682,0.123323,0.116007
704_VRC01_Concordance|1200432|vc|8|2|PVO.4|5024,0,0.869461,8,2,1,0.820766,0.820766,0.820614,0.820766,0.455295,0.453795
