id,time,rlu_norm,plate_row,plate_col,virus_cc,popPred_medianCOV,popPred,indivPred_SAEM,indivPred_mode,indWRes_SAEM,indWRes_mode
130_bNAb_Combinations|1313842|cc|1|1|nan|2946,0,0.00107969,1,1,0,0,0,0,0,0.426943,0.426943
130_bNAb_Combinations|1313842|cc|2|1|nan|2946,0,0.000918885,2,1,0,0,0,0,0,0.363356,0.363356
130_bNAb_Combinations|1313842|cc|3|1|nan|2946,0,0.00110266,3,1,0,0,0,0,0,0.436027,0.436027
130_bNAb_Combinations|1313842|cc|4|1|nan|2946,0,0.00133238,4,1,0,0,0,0,0,0.526866,0.526866
130_bNAb_Combinations|1313842|cc|5|1|nan|2946,0,0.00153913,5,1,0,0,0,0,0,0.608622,0.608622
130_bNAb_Combinations|1313842|cc|6|1|nan|2946,0,0.00149319,6,1,0,0,0,0,0,0.590454,0.590454
130_bNAb_Combinations|1313842|cc|7|1|nan|2946,0,0.00149319,7,1,0,0,0,0,0,0.590454,0.590454
130_bNAb_Combinations|1313842|cc|8|1|nan|2946,0,0.000826997,8,1,0,0,0,0,0,0.327021,0.327021
130_bNAb_Combinations|1313842|sample|10|nan|2946,0.0003648,0.782305,1,10,1,0.84049,0.867986,0.867986,0.867986,-0.713423,-0.713423
130_bNAb_Combinations|1313842|sample|10|nan|2946,0.001824,0.882187,2,10,1,0.779736,0.867657,0.867657,0.867657,0.121031,0.121031
130_bNAb_Combinations|1313842|sample|10|nan|2946,0.00912,0.889573,3,10,1,0.665006,0.86426,0.86426,0.86426,0.211656,0.211656
130_bNAb_Combinations|1313842|sample|10|nan|2946,0.0456,0.751223,4,10,1,0.492161,0.830572,0.830572,0.830572,-0.689797,-0.689797
130_bNAb_Combinations|1313842|sample|10|nan|2946,0.228,0.542866,5,10,1,0.303735,0.591657,0.591657,0.591657,-0.590192,-0.590192
130_bNAb_Combinations|1313842|sample|10|nan|2946,1.14,0.150628,6,10,1,0.158708,0.148661,0.148661,0.148661,0.0868181,0.0868181
130_bNAb_Combinations|1313842|sample|10|nan|2946,5.7,0.0141738,7,10,1,0.0741748,0.016977,0.016977,0.016977,-0.580565,-0.580565
130_bNAb_Combinations|1313842|sample|10|nan|2946,28.5,0.000252693,8,10,1,0.0326576,0.00166829,0.00166829,0.00166829,-0.513856,-0.513856
130_bNAb_Combinations|1313842|sample|11|nan|2946,0.0003712,0.787795,1,11,1,0.840044,0.868016,0.868016,0.868016,-0.66793,-0.66793
130_bNAb_Combinations|1313842|sample|11|nan|2946,0.001856,0.899692,2,11,1,0.778821,0.867942,0.867942,0.867942,0.26438,0.26438
130_bNAb_Combinations|1313842|sample|11|nan|2946,0.00928,0.943259,3,11,1,0.663419,0.866934,0.866934,0.866934,0.636267,0.636267
130_bNAb_Combinations|1313842|sample|11|nan|2946,0.0464,0.770876,4,11,1,0.49009,0.853414,0.853414,0.853414,-0.698728,-0.698728
130_bNAb_Combinations|1313842|sample|11|nan|2946,0.2319999999999999,0.591682,5,11,1,0.301856,0.703669,0.703669,0.703669,-1.14457,-1.14457
130_bNAb_Combinations|1313842|sample|11|nan|2946,1.16,0.238543,6,11,1,0.157485,0.207311,0.207311,0.207311,1.02032,1.02032
130_bNAb_Combinations|1313842|sample|11|nan|2946,5.8,0.0150238,7,11,1,0.0735381,0.0195114,0.0195114,0.0195114,-0.867714,-0.867714
130_bNAb_Combinations|1313842|sample|11|nan|2946,29,0,8,11,1,0.0323631,0.00146033,0.00146033,0.00146033,-0.535568,-0.535568
130_bNAb_Combinations|1313842|sample|12|nan|2946,0.0003712,0.726907,1,12,1,0.840044,0.868016,0.868016,0.868016,-1.17489,-1.17489
130_bNAb_Combinations|1313842|sample|12|nan|2946,0.001856,0.725805,2,12,1,0.778821,0.867942,0.867942,0.867942,-1.18355,-1.18355
130_bNAb_Combinations|1313842|sample|12|nan|2946,0.00928,0.699823,3,12,1,0.663419,0.866934,0.866934,0.866934,-1.39309,-1.39309
130_bNAb_Combinations|1313842|sample|12|nan|2946,0.0464,0.628667,4,12,1,0.49009,0.853414,0.853414,0.853414,-1.90261,-1.90261
130_bNAb_Combinations|1313842|sample|12|nan|2946,0.2319999999999999,0.46638,5,12,1,0.301856,0.703669,0.703669,0.703669,-2.42521,-2.42521
130_bNAb_Combinations|1313842|sample|12|nan|2946,1.16,0.173084,6,12,1,0.157485,0.207311,0.207311,0.207311,-1.11819,-1.11819
130_bNAb_Combinations|1313842|sample|12|nan|2946,5.8,0.0100848,7,12,1,0.0735381,0.0195114,0.0195114,0.0195114,-1.82271,-1.82271
130_bNAb_Combinations|1313842|sample|12|nan|2946,29,0.00119455,8,12,1,0.0323631,0.00146033,0.00146033,0.00146033,-0.0974721,-0.0974722
130_bNAb_Combinations|1313842|sample|3|nan|2946,0.000064,0.866394,1,3,1,0.870301,0.867402,0.867402,0.867402,-0.0084006,-0.0084006
130_bNAb_Combinations|1313842|sample|3|nan|2946,0.00032,0.944316,2,3,1,0.843731,0.865931,0.865931,0.865931,0.654178,0.654178
130_bNAb_Combinations|1313842|sample|3|nan|2946,0.0016,0.961051,3,3,1,0.786426,0.860993,0.860993,0.860993,0.839745,0.839745
130_bNAb_Combinations|1313842|sample|3|nan|2946,0.008,0.986159,4,3,1,0.676723,0.844705,0.844705,0.844705,1.20957,1.20957
130_bNAb_Combinations|1313842|sample|3|nan|2946,0.04,0.882578,5,3,1,0.50769,0.793918,0.793918,0.793918,0.805511,0.805511
130_bNAb_Combinations|1313842|sample|3|nan|2946,0.2,0.77709,6,3,1,0.318065,0.659781,0.659781,0.659781,1.27651,1.27651
130_bNAb_Combinations|1313842|sample|3|nan|2946,1,0.473111,7,3,1,0.168156,0.419892,0.419892,0.419892,0.895876,0.895876
130_bNAb_Combinations|1313842|sample|3|nan|2946,5,0.151731,8,3,1,0.079135,0.188339,0.188339,0.188339,-1.30557,-1.30557
130_bNAb_Combinations|1313842|sample|4|nan|2946,0.000064,0.844789,1,4,1,0.870301,0.867402,0.867402,0.867402,-0.188414,-0.188414
130_bNAb_Combinations|1313842|sample|4|nan|2946,0.00032,0.96429,2,4,1,0.843731,0.865931,0.865931,0.865931,0.820879,0.820879
130_bNAb_Combinations|1313842|sample|4|nan|2946,0.0016,0.942363,3,4,1,0.786426,0.860993,0.860993,0.860993,0.682906,0.682906
130_bNAb_Combinations|1313842|sample|4|nan|2946,0.008,0.926512,4,4,1,0.676723,0.844705,0.844705,0.844705,0.69953,0.69953
130_bNAb_Combinations|1313842|sample|4|nan|2946,0.04,0.878374,5,4,1,0.50769,0.793918,0.793918,0.793918,0.767317,0.767317
130_bNAb_Combinations|1313842|sample|4|nan|2946,0.2,0.73798,6,4,1,0.318065,0.659781,0.659781,0.659781,0.850931,0.850931
130_bNAb_Combinations|1313842|sample|4|nan|2946,1,0.443512,7,4,1,0.168156,0.419892,0.419892,0.419892,0.397602,0.397602
130_bNAb_Combinations|1313842|sample|4|nan|2946,5,0.140934,8,4,1,0.079135,0.188339,0.188339,0.188339,-1.69063,-1.69063
130_bNAb_Combinations|1313842|sample|5|nan|2946,0.0006144,0.829983,1,5,1,0.825396,0.864602,0.864602,0.864602,-0.289351,-0.289351
130_bNAb_Combinations|1313842|sample|5|nan|2946,0.003072,0.89357,2,5,1,0.749392,0.856564,0.856564,0.856564,0.312145,0.312145
130_bNAb_Combinations|1313842|sample|5|nan|2946,0.01536,0.91946,3,5,1,0.614366,0.830461,0.830461,0.830461,0.773791,0.773791
130_bNAb_Combinations|1313842|sample|5|nan|2946,0.0768,0.844513,4,5,1,0.42961,0.752878,0.752878,0.752878,0.876825,0.876825
130_bNAb_Combinations|1313842|sample|5|nan|2946,0.384,0.634686,5,5,1,0.250097,0.57214,0.57214,0.57214,0.781563,0.781563
130_bNAb_Combinations|1313842|sample|5|nan|2946,1.92,0.273162,6,5,1,0.125216,0.315793,0.315793,0.315793,-0.94101,-0.94101
130_bNAb_Combinations|1313842|sample|5|nan|2946,9.6,0.101927,7,5,1,0.057129,0.125561,0.125561,0.125561,-1.20974,-1.20974
130_bNAb_Combinations|1313842|sample|5|nan|2946,48,0.049482,8,5,1,0.0248622,0.0413446,0.0413446,0.0413446,1.00102,1.00102
130_bNAb_Combinations|1313842|sample|6|nan|2946,0.0006144,0.807137,1,6,1,0.825396,0.864602,0.864602,0.864602,-0.480304,-0.480304
130_bNAb_Combinations|1313842|sample|6|nan|2946,0.003072,0.913073,2,6,1,0.749392,0.856564,0.856564,0.856564,0.476658,0.476658
130_bNAb_Combinations|1313842|sample|6|nan|2946,0.01536,0.905757,3,6,1,0.614366,0.830461,0.830461,0.830461,0.654652,0.654652
130_bNAb_Combinations|1313842|sample|6|nan|2946,0.0768,0.884312,4,6,1,0.42961,0.752878,0.752878,0.752878,1.25765,1.25765
130_bNAb_Combinations|1313842|sample|6|nan|2946,0.384,0.63016,5,6,1,0.250097,0.57214,0.57214,0.57214,0.725013,0.725013
130_bNAb_Combinations|1313842|sample|6|nan|2946,1.92,0.318692,6,6,1,0.125216,0.315793,0.315793,0.315793,0.0640008,0.0640008
130_bNAb_Combinations|1313842|sample|6|nan|2946,9.6,0.14291,7,6,1,0.057129,0.125561,0.125561,0.125561,0.887992,0.887992
130_bNAb_Combinations|1313842|sample|6|nan|2946,48,0.0423376,8,6,1,0.0248622,0.0413446,0.0413446,0.0413446,0.122163,0.122163
130_bNAb_Combinations|1313842|sample|7|nan|2946,0.0000768,0.796949,1,7,1,0.868259,0.868018,0.868018,0.868018,-0.591726,-0.591726
130_bNAb_Combinations|1313842|sample|7|nan|2946,0.000384,1,2,7,1,0.839164,0.867984,0.867984,0.867984,1.09923,1.09923
130_bNAb_Combinations|1313842|sample|7|nan|2946,0.00192,0.911982,3,7,1,0.777019,0.867629,0.867629,0.867629,0.369454,0.369454
130_bNAb_Combinations|1313842|sample|7|nan|2946,0.0096,0.8727,4,7,1,0.660305,0.86397,0.86397,0.86397,0.073017,0.073017
130_bNAb_Combinations|1313842|sample|7|nan|2946,0.048,0.846259,5,7,1,0.486048,0.827809,0.827809,0.827809,0.160913,0.160913
130_bNAb_Combinations|1313842|sample|7|nan|2946,0.24,0.530266,6,7,1,0.298211,0.577436,0.577436,0.577436,-0.584192,-0.584192
130_bNAb_Combinations|1313842|sample|7|nan|2946,1.2,0.187832,7,7,1,0.155124,0.139704,0.139704,0.139704,2.24347,2.24347
130_bNAb_Combinations|1313842|sample|7|nan|2946,6,0.0118536,8,7,1,0.0723112,0.0157802,0.0157802,0.0157802,-0.841472,-0.841472
130_bNAb_Combinations|1313842|sample|8|nan|2946,0.0000768,0.807666,1,8,1,0.868259,0.868018,0.868018,0.868018,-0.502499,-0.502499
130_bNAb_Combinations|1313842|sample|8|nan|2946,0.000384,0.9013,2,8,1,0.839164,0.867984,0.867984,0.867984,0.277409,0.277409
130_bNAb_Combinations|1313842|sample|8|nan|2946,0.00192,0.96043,3,8,1,0.777019,0.867629,0.867629,0.867629,0.773017,0.773017
130_bNAb_Combinations|1313842|sample|8|nan|2946,0.0096,0.907296,4,8,1,0.660305,0.86397,0.86397,0.86397,0.362389,0.362389
130_bNAb_Combinations|1313842|sample|8|nan|2946,0.048,0.786233,5,8,1,0.486048,0.827809,0.827809,0.827809,-0.362613,-0.362613
130_bNAb_Combinations|1313842|sample|8|nan|2946,0.24,0.560359,6,8,1,0.298211,0.577436,0.577436,0.577436,-0.211489,-0.211489
130_bNAb_Combinations|1313842|sample|8|nan|2946,1.2,0.163389,7,8,1,0.155124,0.139704,0.139704,0.139704,1.10408,1.10408
130_bNAb_Combinations|1313842|sample|8|nan|2946,6,0.0142427,8,8,1,0.0723112,0.0157802,0.0157802,0.0157802,-0.329487,-0.329487
130_bNAb_Combinations|1313842|sample|9|nan|2946,0.0003648,0.848418,1,9,1,0.84049,0.867986,0.867986,0.867986,-0.162931,-0.162931
130_bNAb_Combinations|1313842|sample|9|nan|2946,0.001824,0.929671,2,9,1,0.779736,0.867657,0.867657,0.867657,0.516544,0.516544
130_bNAb_Combinations|1313842|sample|9|nan|2946,0.00912,0.902196,3,9,1,0.665006,0.86426,0.86426,0.86426,0.317206,0.317206
130_bNAb_Combinations|1313842|sample|9|nan|2946,0.0456,0.850118,4,9,1,0.492161,0.830572,0.830572,0.830572,0.169923,0.169923
130_bNAb_Combinations|1313842|sample|9|nan|2946,0.228,0.545806,5,9,1,0.303735,0.591657,0.591657,0.591657,-0.554624,-0.554624
130_bNAb_Combinations|1313842|sample|9|nan|2946,1.14,0.154396,6,9,1,0.158708,0.148661,0.148661,0.148661,0.253038,0.253038
130_bNAb_Combinations|1313842|sample|9|nan|2946,5.7,0.0108658,7,9,1,0.0741748,0.016977,0.016977,0.016977,-1.26567,-1.26567
130_bNAb_Combinations|1313842|sample|9|nan|2946,28.5,0.000413498,8,9,1,0.0326576,0.00166829,0.00166829,0.00166829,-0.455485,-0.455485
130_bNAb_Combinations|1313842|vc|1|2|nan|2946,0,0.842836,1,2,1,0.890522,0.883736,0.883736,0.883736,-0.334607,-0.334607
130_bNAb_Combinations|1313842|vc|2|2|nan|2946,0,0.947647,2,2,1,0.890522,0.883736,0.883736,0.883736,0.522857,0.522857
130_bNAb_Combinations|1313842|vc|3|2|nan|2946,0,0.949806,3,2,1,0.890522,0.883736,0.883736,0.883736,0.540523,0.540523
130_bNAb_Combinations|1313842|vc|4|2|nan|2946,0,0.93376,4,2,1,0.890522,0.883736,0.883736,0.883736,0.409249,0.409249
130_bNAb_Combinations|1313842|vc|5|2|nan|2946,0,0.949576,5,2,1,0.890522,0.883736,0.883736,0.883736,0.538644,0.538644
130_bNAb_Combinations|1313842|vc|6|2|nan|2946,0,0.978843,6,2,1,0.890522,0.883736,0.883736,0.883736,0.778076,0.778076
130_bNAb_Combinations|1313842|vc|7|2|nan|2946,0,0.900864,7,2,1,0.890522,0.883736,0.883736,0.883736,0.140123,0.140123
130_bNAb_Combinations|1313842|vc|8|2|nan|2946,0,0.690864,8,2,1,0.890522,0.883736,0.883736,0.883736,-1.57791,-1.57791
130_bNAb_Combinations|1313860|cc|1|1|PVO.4|5024,0,0.000722109,1,1,0,0,0,0,0,0.285544,0.285544
130_bNAb_Combinations|1313860|cc|2|1|PVO.4|5024,0,0.000902636,2,1,0,0,0,0,0,0.356931,0.356931
130_bNAb_Combinations|1313860|cc|3|1|PVO.4|5024,0,0.0011634,3,1,0,0,0,0,0,0.460044,0.460044
130_bNAb_Combinations|1313860|cc|4|1|PVO.4|5024,0,0.00162474,4,1,0,0,0,0,0,0.642475,0.642475
130_bNAb_Combinations|1313860|cc|5|1|PVO.4|5024,0,0.00138404,5,1,0,0,0,0,0,0.547293,0.547293
130_bNAb_Combinations|1313860|cc|6|1|PVO.4|5024,0,0.0016448,6,1,0,0,0,0,0,0.650407,0.650407
130_bNAb_Combinations|1313860|cc|7|1|PVO.4|5024,0,0.00178521,7,1,0,0,0,0,0,0.705929,0.705929
130_bNAb_Combinations|1313860|cc|8|1|PVO.4|5024,0,0.00148433,8,1,0,0,0,0,0,0.586952,0.586952
130_bNAb_Combinations|1313860|sample|10|PVO.4|5024,0.0003648,0.940566,1,10,1,0.84049,0.861435,0.861435,0.861435,0.663789,0.663789
130_bNAb_Combinations|1313860|sample|10|PVO.4|5024,0.001824,0.927278,2,10,1,0.779736,0.860348,0.860348,0.860348,0.562129,0.562129
130_bNAb_Combinations|1313860|sample|10|PVO.4|5024,0.00912,0.889708,3,10,1,0.665006,0.848669,0.848669,0.848669,0.34932,0.34932
130_bNAb_Combinations|1313860|sample|10|PVO.4|5024,0.0456,0.686274,4,10,1,0.492161,0.739232,0.739232,0.739232,-0.51586,-0.51586
130_bNAb_Combinations|1313860|sample|10|PVO.4|5024,0.228,0.317477,5,10,1,0.303735,0.307206,0.307206,0.307206,0.23268,0.23268
130_bNAb_Combinations|1313860|sample|10|PVO.4|5024,1.14,0.0365267,6,10,1,0.158708,0.0416643,0.0416643,0.0416643,-0.628652,-0.628652
130_bNAb_Combinations|1313860|sample|10|PVO.4|5024,5.7,0.000641874,7,10,1,0.0741748,0.00399716,0.00399716,0.00399716,-1.09282,-1.09282
130_bNAb_Combinations|1313860|sample|10|PVO.4|5024,28.5,0.000441289,8,10,1,0.0326576,0.000369315,0.000369315,0.000369315,0.0279085,0.0279085
130_bNAb_Combinations|1313860|sample|11|PVO.4|5024,0.0003712,0.89049,1,11,1,0.840044,0.861485,0.861485,0.861485,0.243292,0.243292
130_bNAb_Combinations|1313860|sample|11|PVO.4|5024,0.001856,0.925934,2,11,1,0.778821,0.8607,0.8607,0.8607,0.547662,0.547662
130_bNAb_Combinations|1313860|sample|11|PVO.4|5024,0.00928,0.859359,3,11,1,0.663419,0.849701,0.849701,0.849701,0.0821119,0.0821119
130_bNAb_Combinations|1313860|sample|11|PVO.4|5024,0.0464,0.674941,4,11,1,0.49009,0.719134,0.719134,0.719134,-0.442207,-0.442207
130_bNAb_Combinations|1313860|sample|11|PVO.4|5024,0.2319999999999999,0.244805,5,11,1,0.301856,0.225918,0.225918,0.225918,0.570083,0.570083
130_bNAb_Combinations|1313860|sample|11|PVO.4|5024,1.16,0.0178521,6,11,1,0.157485,0.021027,0.021027,0.021027,-0.590456,-0.590456
130_bNAb_Combinations|1313860|sample|11|PVO.4|5024,5.8,0.00070205,7,11,1,0.0735381,0.00151439,0.00151439,0.00151439,-0.297123,-0.297123
130_bNAb_Combinations|1313860|sample|11|PVO.4|5024,29,0.000160469,8,11,1,0.0323631,0.0001068,0.0001068,0.0001068,0.0211017,0.0211017
130_bNAb_Combinations|1313860|sample|12|PVO.4|5024,0.0003712,0.939283,1,12,1,0.840044,0.861485,0.861485,0.861485,0.65256,0.65256
130_bNAb_Combinations|1313860|sample|12|PVO.4|5024,0.001856,0.916777,2,12,1,0.778821,0.8607,0.8607,0.8607,0.470787,0.470787
130_bNAb_Combinations|1313860|sample|12|PVO.4|5024,0.00928,0.891313,3,12,1,0.663419,0.849701,0.849701,0.849701,0.353771,0.353771
130_bNAb_Combinations|1313860|sample|12|PVO.4|5024,0.0464,0.651633,4,12,1,0.49009,0.719134,0.719134,0.719134,-0.675434,-0.675434
130_bNAb_Combinations|1313860|sample|12|PVO.4|5024,0.2319999999999999,0.224295,5,12,1,0.301856,0.225918,0.225918,0.225918,-0.0489899,-0.0489899
130_bNAb_Combinations|1313860|sample|12|PVO.4|5024,1.16,0.00968829,6,12,1,0.157485,0.021027,0.021027,0.021027,-2.10873,-2.10873
130_bNAb_Combinations|1313860|sample|12|PVO.4|5024,5.8,0.000661933,7,12,1,0.0735381,0.00151439,0.00151439,0.00151439,-0.311796,-0.311796
130_bNAb_Combinations|1313860|sample|12|PVO.4|5024,29,0,8,12,1,0.0323631,0.0001068,0.0001068,0.0001068,-0.0419917,-0.0419917
130_bNAb_Combinations|1313860|sample|3|PVO.4|5024,0.000064,0.942953,1,3,1,0.870301,0.861543,0.861543,0.861543,0.682816,0.682816
130_bNAb_Combinations|1313860|sample|3|PVO.4|5024,0.00032,0.869078,2,3,1,0.843731,0.861532,0.861532,0.861532,0.0632859,0.0632859
130_bNAb_Combinations|1313860|sample|3|PVO.4|5024,0.0016,0.85281,3,3,1,0.786426,0.861431,0.861431,0.861431,-0.0723156,-0.0723156
130_bNAb_Combinations|1313860|sample|3|PVO.4|5024,0.008,0.886438,4,3,1,0.676723,0.860489,0.860489,0.860489,0.217907,0.217907
130_bNAb_Combinations|1313860|sample|3|PVO.4|5024,0.04,0.784701,5,3,1,0.50769,0.851822,0.851822,0.851822,-0.569252,-0.569252
130_bNAb_Combinations|1313860|sample|3|PVO.4|5024,0.2,0.757893,6,3,1,0.318065,0.778824,0.778824,0.778824,-0.193766,-0.193766
130_bNAb_Combinations|1313860|sample|3|PVO.4|5024,1,0.495868,7,3,1,0.168156,0.433296,0.433296,0.433296,1.02208,1.02208
130_bNAb_Combinations|1313860|sample|3|PVO.4|5024,5,0.0938942,8,3,1,0.079135,0.0844897,0.0844897,0.0844897,0.673038,0.673038
130_bNAb_Combinations|1313860|sample|4|PVO.4|5024,0.000064,0.963754,1,4,1,0.870301,0.861543,0.861543,0.861543,0.85728,0.85728
130_bNAb_Combinations|1313860|sample|4|PVO.4|5024,0.00032,0.848879,2,4,1,0.843731,0.861532,0.861532,0.861532,-0.106132,-0.106132
130_bNAb_Combinations|1313860|sample|4|PVO.4|5024,0.0016,0.847455,3,4,1,0.786426,0.861431,0.861431,0.861431,-0.117241,-0.117241
130_bNAb_Combinations|1313860|sample|4|PVO.4|5024,0.008,0.867142,4,4,1,0.676723,0.860489,0.860489,0.860489,0.0558672,0.0558672
130_bNAb_Combinations|1313860|sample|4|PVO.4|5024,0.04,0.805653,5,4,1,0.50769,0.851822,0.851822,0.851822,-0.391565,-0.391565
130_bNAb_Combinations|1313860|sample|4|PVO.4|5024,0.2,0.707095,6,4,1,0.318065,0.778824,0.778824,0.778824,-0.664023,-0.664023
130_bNAb_Combinations|1313860|sample|4|PVO.4|5024,1,0.503972,7,4,1,0.168156,0.433296,0.433296,0.433296,1.15445,1.15445
130_bNAb_Combinations|1313860|sample|4|PVO.4|5024,5,0.0983672,8,4,1,0.079135,0.0844897,0.0844897,0.0844897,0.993156,0.993155
130_bNAb_Combinations|1313860|sample|5|PVO.4|5024,0.0006144,0.899286,1,5,1,0.825396,0.861514,0.861514,0.861514,0.316813,0.316813
130_bNAb_Combinations|1313860|sample|5|PVO.4|5024,0.003072,0.907339,2,5,1,0.749392,0.861264,0.861264,0.861264,0.386572,0.386572
130_bNAb_Combinations|1313860|sample|5|PVO.4|5024,0.01536,0.855779,3,5,1,0.614366,0.858943,0.858943,0.858943,-0.0266143,-0.0266143
130_bNAb_Combinations|1313860|sample|5|PVO.4|5024,0.0768,0.837576,4,5,1,0.42961,0.837924,0.837924,0.837924,-0.00300584,-0.00300584
130_bNAb_Combinations|1313860|sample|5|PVO.4|5024,0.384,0.66436,5,5,1,0.250097,0.682514,0.682514,0.682514,-0.191144,-0.191144
130_bNAb_Combinations|1313860|sample|5|PVO.4|5024,1.92,0.280479,6,5,1,0.125216,0.250383,0.250383,0.250383,0.825832,0.825832
130_bNAb_Combinations|1313860|sample|5|PVO.4|5024,9.6,0.0437879,7,5,1,0.057129,0.036331,0.036331,0.036331,1.00092,1.00092
130_bNAb_Combinations|1313860|sample|5|PVO.4|5024,48,0.00302884,8,5,1,0.0248622,0.00405704,0.00405704,0.00405704,-0.334001,-0.334001
130_bNAb_Combinations|1313860|sample|6|PVO.4|5024,0.0006144,0.902947,1,6,1,0.825396,0.861514,0.861514,0.861514,0.347518,0.347518
130_bNAb_Combinations|1313860|sample|6|PVO.4|5024,0.003072,1,2,6,1,0.749392,0.861264,0.861264,0.861264,1.164,1.164
130_bNAb_Combinations|1313860|sample|6|PVO.4|5024,0.01536,0.888003,3,6,1,0.614366,0.858943,0.858943,0.858943,0.244462,0.244462
130_bNAb_Combinations|1313860|sample|6|PVO.4|5024,0.0768,0.842731,4,6,1,0.42961,0.837924,0.837924,0.837924,0.0414237,0.0414237
130_bNAb_Combinations|1313860|sample|6|PVO.4|5024,0.384,0.660529,5,6,1,0.250097,0.682514,0.682514,0.682514,-0.231482,-0.231482
130_bNAb_Combinations|1313860|sample|6|PVO.4|5024,1.92,0.278232,6,6,1,0.125216,0.250383,0.250383,0.250383,0.764187,0.764187
130_bNAb_Combinations|1313860|sample|6|PVO.4|5024,9.6,0.029446,7,6,1,0.057129,0.036331,0.036331,0.036331,-0.924165,-0.924165
130_bNAb_Combinations|1313860|sample|6|PVO.4|5024,48,0.00204597,8,6,1,0.0248622,0.00405704,0.00405704,0.00405704,-0.653278,-0.653279
130_bNAb_Combinations|1313860|sample|7|PVO.4|5024,0.0000768,0.964978,1,7,1,0.868259,0.861534,0.861534,0.861534,0.867632,0.867632
130_bNAb_Combinations|1313860|sample|7|PVO.4|5024,0.000384,0.899587,2,7,1,0.839164,0.861426,0.861426,0.861426,0.320111,0.320111
130_bNAb_Combinations|1313860|sample|7|PVO.4|5024,0.00192,0.93161,3,7,1,0.777019,0.860253,0.860253,0.860253,0.599377,0.599377
130_bNAb_Combinations|1313860|sample|7|PVO.4|5024,0.0096,0.845689,4,7,1,0.660305,0.847666,0.847666,0.847666,-0.0168478,-0.0168478
130_bNAb_Combinations|1313860|sample|7|PVO.4|5024,0.048,0.647902,5,7,1,0.486048,0.73102,0.73102,0.73102,-0.81852,-0.81852
130_bNAb_Combinations|1313860|sample|7|PVO.4|5024,0.24,0.298712,6,7,1,0.298211,0.292325,0.292325,0.292325,0.151637,0.151637
130_bNAb_Combinations|1313860|sample|7|PVO.4|5024,1.2,0.0363862,7,7,1,0.155124,0.0387469,0.0387469,0.0387469,-0.303533,-0.303533
130_bNAb_Combinations|1313860|sample|7|PVO.4|5024,6,0.00108316,8,7,1,0.0723112,0.00370545,0.00370545,0.00370545,-0.865213,-0.865213
130_bNAb_Combinations|1313860|sample|8|PVO.4|5024,0.0000768,0.950786,1,8,1,0.868259,0.861534,0.861534,0.861534,0.748602,0.748602
130_bNAb_Combinations|1313860|sample|8|PVO.4|5024,0.000384,0.92461,2,8,1,0.839164,0.861426,0.861426,0.861426,0.530016,0.530016
130_bNAb_Combinations|1313860|sample|8|PVO.4|5024,0.00192,0.843312,3,8,1,0.777019,0.860253,0.860253,0.860253,-0.142296,-0.142296
130_bNAb_Combinations|1313860|sample|8|PVO.4|5024,0.0096,0.847094,4,8,1,0.660305,0.847666,0.847666,0.847666,-0.00488245,-0.00488245
130_bNAb_Combinations|1313860|sample|8|PVO.4|5024,0.048,0.634433,5,8,1,0.486048,0.73102,0.73102,0.73102,-0.951161,-0.951161
130_bNAb_Combinations|1313860|sample|8|PVO.4|5024,0.24,0.29454,6,8,1,0.298211,0.292325,0.292325,0.292325,0.0525937,0.0525936
130_bNAb_Combinations|1313860|sample|8|PVO.4|5024,1.2,0.0356641,7,8,1,0.155124,0.0387469,0.0387469,0.0387469,-0.396382,-0.396382
130_bNAb_Combinations|1313860|sample|8|PVO.4|5024,6,0.00112328,8,8,1,0.0723112,0.00370545,0.00370545,0.00370545,-0.851977,-0.851977
130_bNAb_Combinations|1313860|sample|9|PVO.4|5024,0.0003648,0.996159,1,9,1,0.84049,0.861435,0.861435,0.861435,1.13012,1.13012
130_bNAb_Combinations|1313860|sample|9|PVO.4|5024,0.001824,0.900911,2,9,1,0.779736,0.860348,0.860348,0.860348,0.340679,0.340679
130_bNAb_Combinations|1313860|sample|9|PVO.4|5024,0.00912,0.872167,3,9,1,0.665006,0.848669,0.848669,0.848669,0.200011,0.200011
130_bNAb_Combinations|1313860|sample|9|PVO.4|5024,0.0456,0.672464,4,9,1,0.492161,0.739232,0.739232,0.739232,-0.650385,-0.650385
130_bNAb_Combinations|1313860|sample|9|PVO.4|5024,0.228,0.315531,5,9,1,0.303735,0.307206,0.307206,0.307206,0.188601,0.188601
130_bNAb_Combinations|1313860|sample|9|PVO.4|5024,1.14,0.0348417,6,9,1,0.158708,0.0416643,0.0416643,0.0416643,-0.834824,-0.834824
130_bNAb_Combinations|1313860|sample|9|PVO.4|5024,5.7,0.0010631,7,9,1,0.0741748,0.00399716,0.00399716,0.00399716,-0.955623,-0.955623
130_bNAb_Combinations|1313860|sample|9|PVO.4|5024,28.5,0.000762226,8,9,1,0.0326576,0.000369315,0.000369315,0.000369315,0.152355,0.152355
130_bNAb_Combinations|1313860|vc|1|2|PVO.4|5024,0,0.954858,1,2,1,0.890522,0.877142,0.877142,0.877142,0.640485,0.640485
130_bNAb_Combinations|1313860|vc|2|2|PVO.4|5024,0,0.902094,2,2,1,0.890522,0.877142,0.877142,0.877142,0.205639,0.205639
130_bNAb_Combinations|1313860|vc|3|2|PVO.4|5024,0,0.86299,3,2,1,0.890522,0.877142,0.877142,0.877142,-0.116631,-0.116631
130_bNAb_Combinations|1313860|vc|4|2|PVO.4|5024,0,0.843613,4,2,1,0.890522,0.877142,0.877142,0.877142,-0.276319,-0.276319
130_bNAb_Combinations|1313860|vc|5|2|PVO.4|5024,0,0.869359,5,2,1,0.890522,0.877142,0.877142,0.877142,-0.0641451,-0.0641451
130_bNAb_Combinations|1313860|vc|6|2|PVO.4|5024,0,0.81162,6,2,1,0.890522,0.877142,0.877142,0.877142,-0.539987,-0.539987
130_bNAb_Combinations|1313860|vc|7|2|PVO.4|5024,0,0.761714,7,2,1,0.890522,0.877142,0.877142,0.877142,-0.951276,-0.951276
130_bNAb_Combinations|1313860|vc|8|2|PVO.4|5024,0,0.747362,8,2,1,0.890522,0.877142,0.877142,0.877142,-1.06956,-1.06956
130_bNAb_Combinations|1313884|cc|1|1|nan|4168,0,0.000363452,1,1,0,0,0,0,0,0.14372,0.14372
130_bNAb_Combinations|1313884|cc|2|1|nan|4168,0,0.000879936,2,1,0,0,0,0,0,0.347955,0.347955
130_bNAb_Combinations|1313884|cc|3|1|nan|4168,0,0.000248678,3,1,0,0,0,0,0,0.098335,0.098335
130_bNAb_Combinations|1313884|cc|4|1|nan|4168,0,5.73872e-05,4,1,0,0,0,0,0,0.0226927,0.0226927
130_bNAb_Combinations|1313884|cc|5|1|nan|4168,0,0,5,1,0,0,0,0,0,0,0
130_bNAb_Combinations|1313884|cc|6|1|nan|4168,0,0.000325194,6,1,0,0,0,0,0,0.128592,0.128592
130_bNAb_Combinations|1313884|cc|7|1|nan|4168,0,0.000554743,7,1,0,0,0,0,0,0.219363,0.219363
130_bNAb_Combinations|1313884|cc|8|1|nan|4168,0,0.000248678,8,1,0,0,0,0,0,0.098335,0.098335
130_bNAb_Combinations|1313884|sample|10|nan|4168,0.0003648,0.774009,1,10,1,0.84049,0.814882,0.814882,0.814882,-0.362005,-0.362005
130_bNAb_Combinations|1313884|sample|10|nan|4168,0.001824,0.732346,2,10,1,0.779736,0.747529,0.747529,0.747529,-0.146291,-0.146291
130_bNAb_Combinations|1313884|sample|10|nan|4168,0.00912,0.69975,3,10,1,0.665006,0.630357,0.630357,0.630357,0.789343,0.789343
130_bNAb_Combinations|1313884|sample|10|nan|4168,0.0456,0.452067,4,10,1,0.492161,0.466067,0.466067,0.466067,-0.213215,-0.213215
130_bNAb_Combinations|1313884|sample|10|nan|4168,0.228,0.221036,5,10,1,0.303735,0.293838,0.293838,0.293838,-1.71987,-1.71987
130_bNAb_Combinations|1313884|sample|10|nan|4168,1.14,0.135271,6,10,1,0.158708,0.160475,0.160475,0.160475,-1.03868,-1.03868
130_bNAb_Combinations|1313884|sample|10|nan|4168,5.7,0.0867311,7,10,1,0.0741748,0.0794157,0.0794157,0.0794157,0.550618,0.550618
130_bNAb_Combinations|1313884|sample|10|nan|4168,28.5,0.0454124,8,10,1,0.0326576,0.0371801,0.0371801,0.0371801,1.0882,1.0882
130_bNAb_Combinations|1313884|sample|11|nan|4168,0.0003712,0.771905,1,11,1,0.840044,0.875828,0.875828,0.875828,-0.85772,-0.85772
130_bNAb_Combinations|1313884|sample|11|nan|4168,0.001856,0.762522,2,11,1,0.778821,0.866096,0.866096,0.866096,-0.864237,-0.864237
130_bNAb_Combinations|1313884|sample|11|nan|4168,0.00928,0.738841,3,11,1,0.663419,0.819749,0.819749,0.819749,-0.71244,-0.71244
130_bNAb_Combinations|1313884|sample|11|nan|4168,0.0464,0.560166,4,11,1,0.49009,0.644328,0.644328,0.644328,-0.937173,-0.937173
130_bNAb_Combinations|1313884|sample|11|nan|4168,0.2319999999999999,0.294645,5,11,1,0.301856,0.308475,0.308475,0.308475,-0.31211,-0.31211
130_bNAb_Combinations|1313884|sample|11|nan|4168,1.16,0.069228,6,11,1,0.157485,0.084468,0.084468,0.084468,-1.09089,-1.09089
130_bNAb_Combinations|1313884|sample|11|nan|4168,5.8,0.0138494,7,11,1,0.0735381,0.0179925,0.0179925,0.0179925,-0.834292,-0.834292
130_bNAb_Combinations|1313884|sample|11|nan|4168,29,0.00181726,8,11,1,0.0323631,0.00359562,0.00359562,0.00359562,-0.589658,-0.589658
130_bNAb_Combinations|1313884|sample|12|nan|4168,0.0003712,0.813233,1,12,1,0.840044,0.875828,0.875828,0.875828,-0.51662,-0.51662
130_bNAb_Combinations|1313884|sample|12|nan|4168,0.001856,0.742858,2,12,1,0.778821,0.866096,0.866096,0.866096,-1.02832,-1.02832
130_bNAb_Combinations|1313884|sample|12|nan|4168,0.00928,0.718258,3,12,1,0.663419,0.819749,0.819749,0.819749,-0.893682,-0.893682
130_bNAb_Combinations|1313884|sample|12|nan|4168,0.0464,0.538636,4,12,1,0.49009,0.644328,0.644328,0.644328,-1.17691,-1.17691
130_bNAb_Combinations|1313884|sample|12|nan|4168,0.2319999999999999,0.244077,5,12,1,0.301856,0.308475,0.308475,0.308475,-1.45327,-1.45327
130_bNAb_Combinations|1313884|sample|12|nan|4168,1.16,0.0551873,6,12,1,0.157485,0.084468,0.084468,0.084468,-2.09593,-2.09593
130_bNAb_Combinations|1313884|sample|12|nan|4168,5.8,0.00767075,7,12,1,0.0735381,0.0179925,0.0179925,0.0179925,-2.07849,-2.07849
130_bNAb_Combinations|1313884|sample|12|nan|4168,29,0.00585349,8,12,1,0.0323631,0.00359562,0.00359562,0.00359562,0.748651,0.748651
130_bNAb_Combinations|1313884|sample|3|nan|4168,0.000064,0.896254,1,3,1,0.870301,0.87824,0.87824,0.87824,0.148274,0.148274
130_bNAb_Combinations|1313884|sample|3|nan|4168,0.00032,0.883198,2,3,1,0.843731,0.878227,0.878227,0.878227,0.0409181,0.0409181
130_bNAb_Combinations|1313884|sample|3|nan|4168,0.0016,0.945425,3,3,1,0.786426,0.878141,0.878141,0.878141,0.553886,0.553886
130_bNAb_Combinations|1313884|sample|3|nan|4168,0.008,0.973478,4,3,1,0.676723,0.877578,0.877578,0.877578,0.78995,0.78995
130_bNAb_Combinations|1313884|sample|3|nan|4168,0.04,0.977246,5,3,1,0.50769,0.873892,0.873892,0.873892,0.854875,0.854875
130_bNAb_Combinations|1313884|sample|3|nan|4168,0.2,0.815472,6,3,1,0.318065,0.850383,0.850383,0.850383,-0.296572,-0.296572
130_bNAb_Combinations|1313884|sample|3|nan|4168,1,0.719559,7,3,1,0.168156,0.722475,0.722475,0.722475,-0.0290497,-0.0290497
130_bNAb_Combinations|1313884|sample|3|nan|4168,5,0.315142,8,3,1,0.079135,0.363078,0.363078,0.363078,-0.92705,-0.92705
130_bNAb_Combinations|1313884|sample|4|nan|4168,0.000064,0.855298,1,4,1,0.870301,0.87824,0.87824,0.87824,-0.188839,-0.188839
130_bNAb_Combinations|1313884|sample|4|nan|4168,0.00032,0.910725,2,4,1,0.843731,0.878227,0.878227,0.878227,0.2675,0.2675
130_bNAb_Combinations|1313884|sample|4|nan|4168,0.0016,0.951039,3,4,1,0.786426,0.878141,0.878141,0.878141,0.600104,0.600104
130_bNAb_Combinations|1313884|sample|4|nan|4168,0.008,1,4,4,1,0.676723,0.877578,0.877578,0.877578,1.00842,1.00842
130_bNAb_Combinations|1313884|sample|4|nan|4168,0.04,0.93895,5,4,1,0.50769,0.873892,0.873892,0.873892,0.538114,0.538114
130_bNAb_Combinations|1313884|sample|4|nan|4168,0.2,0.839584,6,4,1,0.318065,0.850383,0.850383,0.850383,-0.0917369,-0.0917369
130_bNAb_Combinations|1313884|sample|4|nan|4168,1,0.743183,7,4,1,0.168156,0.722475,0.722475,0.722475,0.206277,0.206277
130_bNAb_Combinations|1313884|sample|4|nan|4168,5,0.341148,8,4,1,0.079135,0.363078,0.363078,0.363078,-0.424118,-0.424118
130_bNAb_Combinations|1313884|sample|5|nan|4168,0.0006144,0.922661,1,5,1,0.825396,0.878209,0.878209,0.878209,0.365906,0.365906
130_bNAb_Combinations|1313884|sample|5|nan|4168,0.003072,0.913852,2,5,1,0.749392,0.878026,0.878026,0.878026,0.294967,0.294967
130_bNAb_Combinations|1313884|sample|5|nan|4168,0.01536,0.961512,3,5,1,0.614366,0.876819,0.876819,0.876819,0.698238,0.698238
130_bNAb_Combinations|1313884|sample|5|nan|4168,0.0768,0.95651,4,5,1,0.42961,0.868958,0.868958,0.868958,0.728194,0.728194
130_bNAb_Combinations|1313884|sample|5|nan|4168,0.384,0.877392,5,5,1,0.250097,0.820548,0.820548,0.820548,0.500061,0.500061
130_bNAb_Combinations|1313884|sample|5|nan|4168,1.92,0.606372,6,5,1,0.125216,0.600417,0.600417,0.600417,0.0710075,0.0710075
130_bNAb_Combinations|1313884|sample|5|nan|4168,9.6,0.20403,7,5,1,0.057129,0.21711,0.21711,0.21711,-0.409535,-0.409535
130_bNAb_Combinations|1313884|sample|5|nan|4168,48,0.0395206,8,5,1,0.0248622,0.0417413,0.0417413,0.0417413,-0.271385,-0.271385
130_bNAb_Combinations|1313884|sample|6|nan|4168,0.0006144,0.914177,1,6,1,0.825396,0.878209,0.878209,0.878209,0.296072,0.296072
130_bNAb_Combinations|1313884|sample|6|nan|4168,0.003072,0.90533,2,6,1,0.749392,0.878026,0.878026,0.878026,0.224804,0.224804
130_bNAb_Combinations|1313884|sample|6|nan|4168,0.01536,0.984926,3,6,1,0.614366,0.876819,0.876819,0.876819,0.89127,0.89127
130_bNAb_Combinations|1313884|sample|6|nan|4168,0.0768,0.925091,4,6,1,0.42961,0.868958,0.868958,0.868958,0.466869,0.466869
130_bNAb_Combinations|1313884|sample|6|nan|4168,0.384,0.830947,5,6,1,0.250097,0.820548,0.820548,0.820548,0.0914779,0.0914779
130_bNAb_Combinations|1313884|sample|6|nan|4168,1.92,0.605607,6,6,1,0.125216,0.600417,0.600417,0.600417,0.0618828,0.0618829
130_bNAb_Combinations|1313884|sample|6|nan|4168,9.6,0.219678,7,6,1,0.057129,0.21711,0.21711,0.21711,0.0804176,0.0804176
130_bNAb_Combinations|1313884|sample|6|nan|4168,48,0.0417587,8,6,1,0.0248622,0.0417413,0.0417413,0.0417413,0.00212608,0.00212614
130_bNAb_Combinations|1313884|sample|7|nan|4168,0.0000768,0.836418,1,7,1,0.868259,0.848151,0.848151,0.848151,-0.0999302,-0.0999302
130_bNAb_Combinations|1313884|sample|7|nan|4168,0.000384,0.922776,2,7,1,0.839164,0.813347,0.813347,0.813347,0.97099,0.97099
130_bNAb_Combinations|1313884|sample|7|nan|4168,0.00192,0.897153,3,7,1,0.777019,0.744629,0.744629,0.744629,1.47522,1.47522
130_bNAb_Combinations|1313884|sample|7|nan|4168,0.0096,0.78389,4,7,1,0.660305,0.625736,0.625736,0.625736,1.81189,1.81189
130_bNAb_Combinations|1313884|sample|7|nan|4168,0.048,0.503936,5,7,1,0.486048,0.460413,0.460413,0.460413,0.670688,0.670688
130_bNAb_Combinations|1313884|sample|7|nan|4168,0.24,0.280795,6,7,1,0.298211,0.28881,0.28881,0.28881,-0.192427,-0.192427
130_bNAb_Combinations|1313884|sample|7|nan|4168,1.2,0.161478,7,7,1,0.155124,0.157115,0.157115,0.157115,0.183219,0.183219
130_bNAb_Combinations|1313884|sample|7|nan|4168,6,0.0913986,8,7,1,0.0723112,0.0775695,0.0775695,0.0775695,1.06085,1.06085
130_bNAb_Combinations|1313884|sample|8|nan|4168,0.0000768,0.913412,1,8,1,0.868259,0.848151,0.848151,0.848151,0.555828,0.555828
130_bNAb_Combinations|1313884|sample|8|nan|4168,0.000384,0.818351,2,8,1,0.839164,0.813347,0.813347,0.813347,0.0443991,0.0443991
130_bNAb_Combinations|1313884|sample|8|nan|4168,0.00192,0.894723,3,8,1,0.777019,0.744629,0.744629,0.744629,1.45172,1.45172
130_bNAb_Combinations|1313884|sample|8|nan|4168,0.0096,0.810594,4,8,1,0.660305,0.625736,0.625736,0.625736,2.11783,2.11783
130_bNAb_Combinations|1313884|sample|8|nan|4168,0.048,0.521984,5,8,1,0.486048,0.460413,0.460413,0.460413,0.948812,0.948812
130_bNAb_Combinations|1313884|sample|8|nan|4168,0.24,0.263512,6,8,1,0.298211,0.28881,0.28881,0.28881,-0.607399,-0.607399
130_bNAb_Combinations|1313884|sample|8|nan|4168,1.2,0.145199,7,8,1,0.155124,0.157115,0.157115,0.157115,-0.500463,-0.500463
130_bNAb_Combinations|1313884|sample|8|nan|4168,6,0.0915325,8,8,1,0.0723112,0.0775695,0.0775695,0.0775695,1.07112,1.07112
130_bNAb_Combinations|1313884|sample|9|nan|4168,0.0003648,0.835442,1,9,1,0.84049,0.814882,0.814882,0.814882,0.182099,0.182099
130_bNAb_Combinations|1313884|sample|9|nan|4168,0.001824,0.770136,2,9,1,0.779736,0.747529,0.747529,0.747529,0.217828,0.217828
130_bNAb_Combinations|1313884|sample|9|nan|4168,0.00912,0.72326,3,9,1,0.665006,0.630357,0.630357,0.630357,1.05676,1.05676
130_bNAb_Combinations|1313884|sample|9|nan|4168,0.0456,0.460312,4,9,1,0.492161,0.466067,0.466067,0.466067,-0.0876471,-0.0876471
130_bNAb_Combinations|1313884|sample|9|nan|4168,0.228,0.270179,5,9,1,0.303735,0.293838,0.293838,0.293838,-0.558931,-0.558931
130_bNAb_Combinations|1313884|sample|9|nan|4168,1.14,0.154668,6,9,1,0.158708,0.160475,0.160475,0.160475,-0.23932,-0.23932
130_bNAb_Combinations|1313884|sample|9|nan|4168,5.7,0.0824654,7,9,1,0.0741748,0.0794157,0.0794157,0.0794157,0.229543,0.229543
130_bNAb_Combinations|1313884|sample|9|nan|4168,28.5,0.0480713,8,9,1,0.0326576,0.0371801,0.0371801,0.0371801,1.43968,1.43968
130_bNAb_Combinations|1313884|vc|1|2|nan|4168,0,0.9016,1,2,1,0.890522,0.894142,0.894142,0.894142,0.0603212,0.0603212
130_bNAb_Combinations|1313884|vc|2|2|nan|4168,0,0.943493,2,2,1,0.890522,0.894142,0.894142,0.894142,0.399142,0.399142
130_bNAb_Combinations|1313884|vc|3|2|nan|4168,0,0.895508,3,2,1,0.890522,0.894142,0.894142,0.894142,0.0110452,0.0110452
130_bNAb_Combinations|1313884|vc|4|2|nan|4168,0,0.872534,4,2,1,0.890522,0.894142,0.894142,0.894142,-0.174765,-0.174765
130_bNAb_Combinations|1313884|vc|5|2|nan|4168,0,0.872572,5,2,1,0.890522,0.894142,0.894142,0.894142,-0.174455,-0.174455
130_bNAb_Combinations|1313884|vc|6|2|nan|4168,0,0.86009,6,2,1,0.890522,0.894142,0.894142,0.894142,-0.275405,-0.275405
130_bNAb_Combinations|1313884|vc|7|2|nan|4168,0,0.851932,7,2,1,0.890522,0.894142,0.894142,0.894142,-0.34139,-0.34139
130_bNAb_Combinations|1313884|vc|8|2|nan|4168,0,0.811301,8,2,1,0.890522,0.894142,0.894142,0.894142,-0.67,-0.67
130_bNAb_Combinations|1313920|cc|1|1|nan|1798,0,0.00106207,1,1,0,0,0,0,0,0.419974,0.419974
130_bNAb_Combinations|1313920|cc|2|1|nan|1798,0,0.00146853,2,1,0,0,0,0,0,0.580705,0.580705
130_bNAb_Combinations|1313920|cc|3|1|nan|1798,0,0.00173077,3,1,0,0,0,0,0,0.684402,0.684402
130_bNAb_Combinations|1313920|cc|4|1|nan|1798,0,0.00124563,4,1,0,0,0,0,0,0.492562,0.492562
130_bNAb_Combinations|1313920|cc|5|1|nan|1798,0,0.0014292,5,1,0,0,0,0,0,0.56515,0.56515
130_bNAb_Combinations|1313920|cc|6|1|nan|1798,0,0.0014292,6,1,0,0,0,0,0,0.56515,0.56515
130_bNAb_Combinations|1313920|cc|7|1|nan|1798,0,0.0012063,7,1,0,0,0,0,0,0.477007,0.477007
130_bNAb_Combinations|1313920|cc|8|1|nan|1798,0,0.00215035,8,1,0,0,0,0,0,0.850318,0.850318
130_bNAb_Combinations|1313920|sample|10|nan|1798,0.0003648,0.782696,1,10,1,0.84049,0.837322,0.837322,0.837322,-0.471127,-0.471127
130_bNAb_Combinations|1313920|sample|10|nan|1798,0.001824,0.776855,2,10,1,0.779736,0.833885,0.833885,0.833885,-0.49385,-0.49385
130_bNAb_Combinations|1313920|sample|10|nan|1798,0.00912,0.694879,3,10,1,0.665006,0.794598,0.794598,0.794598,-0.905225,-0.905225
130_bNAb_Combinations|1313920|sample|10|nan|1798,0.0456,0.420198,4,10,1,0.492161,0.506906,0.506906,0.506906,-1.21798,-1.21798
130_bNAb_Combinations|1313920|sample|10|nan|1798,0.228,0.0873778,5,10,1,0.303735,0.0945458,0.0945458,0.0945458,-0.467416,-0.467416
130_bNAb_Combinations|1313920|sample|10|nan|1798,1.14,0.00264861,6,10,1,0.158708,0.00875464,0.00875464,0.00875464,-1.64374,-1.64374
130_bNAb_Combinations|1313920|sample|10|nan|1798,5.7,0.000629372,7,10,1,0.0741748,0.000733794,0.000733794,0.000733794,-0.0397301,-0.0397301
130_bNAb_Combinations|1313920|sample|10|nan|1798,28.5,7.86715e-05,8,10,1,0.0326576,6.09789e-05,6.09789e-05,6.09789e-05,0.00697344,0.00697344
130_bNAb_Combinations|1313920|sample|11|nan|1798,0.0003712,0.869963,1,11,1,0.840044,0.837633,0.837633,0.837633,0.278731,0.278731
130_bNAb_Combinations|1313920|sample|11|nan|1798,0.001856,0.691286,2,11,1,0.778821,0.837613,0.837613,0.837613,-1.26159,-1.26159
130_bNAb_Combinations|1313920|sample|11|nan|1798,0.00928,0.783024,3,11,1,0.663419,0.837153,0.837153,0.837153,-0.466937,-0.466937
130_bNAb_Combinations|1313920|sample|11|nan|1798,0.0464,0.669481,4,11,1,0.49009,0.826986,0.826986,0.826986,-1.37503,-1.37503
130_bNAb_Combinations|1313920|sample|11|nan|1798,0.2319999999999999,0.434162,5,11,1,0.301856,0.650129,0.650129,0.650129,-2.384,-2.384
130_bNAb_Combinations|1313920|sample|11|nan|1798,1.16,0.115116,6,11,1,0.157485,0.112281,0.112281,0.112281,0.159806,0.159806
130_bNAb_Combinations|1313920|sample|11|nan|1798,5.8,0.00319931,7,11,1,0.0735381,0.00574902,0.00574902,0.00574902,-0.770865,-0.770865
130_bNAb_Combinations|1313920|sample|11|nan|1798,29,0.000760491,8,11,1,0.0323631,0.000258359,0.000258359,0.000258359,0.195849,0.195849
130_bNAb_Combinations|1313920|sample|12|nan|1798,0.0003712,0.815542,1,12,1,0.840044,0.837633,0.837633,0.837633,-0.190463,-0.190463
130_bNAb_Combinations|1313920|sample|12|nan|1798,0.001856,0.74085,2,12,1,0.778821,0.837613,0.837613,0.837613,-0.834269,-0.834269
130_bNAb_Combinations|1313920|sample|12|nan|1798,0.00928,0.723103,3,12,1,0.663419,0.837153,0.837153,0.837153,-0.983843,-0.983843
130_bNAb_Combinations|1313920|sample|12|nan|1798,0.0464,0.623072,4,12,1,0.49009,0.826986,0.826986,0.826986,-1.78019,-1.78019
130_bNAb_Combinations|1313920|sample|12|nan|1798,0.2319999999999999,0.462477,5,12,1,0.301856,0.650129,0.650129,0.650129,-2.07144,-2.07144
130_bNAb_Combinations|1313920|sample|12|nan|1798,1.16,0.11273,6,12,1,0.157485,0.112281,0.112281,0.112281,0.0252691,0.0252691
130_bNAb_Combinations|1313920|sample|12|nan|1798,5.8,0.00295018,7,12,1,0.0735381,0.00574902,0.00574902,0.00574902,-0.846185,-0.846185
130_bNAb_Combinations|1313920|sample|12|nan|1798,29,0,8,12,1,0.0323631,0.000258359,0.000258359,0.000258359,-0.100769,-0.100769
130_bNAb_Combinations|1313920|sample|3|nan|1798,0.000064,0.927104,1,3,1,0.870301,0.830431,0.830431,0.830431,0.840544,0.840544
130_bNAb_Combinations|1313920|sample|3|nan|1798,0.00032,0.90564,2,3,1,0.843731,0.82011,0.82011,0.82011,0.752813,0.752813
130_bNAb_Combinations|1313920|sample|3|nan|1798,0.0016,0.884681,3,3,1,0.786426,0.795744,0.795744,0.795744,0.806216,0.806216
130_bNAb_Combinations|1313920|sample|3|nan|1798,0.008,0.948877,4,3,1,0.676723,0.741472,0.741472,0.741472,2.01436,2.01436
130_bNAb_Combinations|1313920|sample|3|nan|1798,0.04,0.855769,5,3,1,0.50769,0.634809,0.634809,0.634809,2.49629,2.49629
130_bNAb_Combinations|1313920|sample|3|nan|1798,0.2,0.458209,6,3,1,0.318065,0.468704,0.468704,0.468704,-0.158977,-0.158977
130_bNAb_Combinations|1313920|sample|3|nan|1798,1,0.22622,7,3,1,0.168156,0.284991,0.284991,0.284991,-1.42886,-1.42886
130_bNAb_Combinations|1313920|sample|3|nan|1798,5,0.122223,8,3,1,0.079135,0.144987,0.144987,0.144987,-1.02693,-1.02693
130_bNAb_Combinations|1313920|sample|4|nan|1798,0.000064,0.895872,1,4,1,0.870301,0.830431,0.830431,0.830431,0.568986,0.568986
130_bNAb_Combinations|1313920|sample|4|nan|1798,0.00032,0.93585,2,4,1,0.843731,0.82011,0.82011,0.82011,1.01871,1.01871
130_bNAb_Combinations|1313920|sample|4|nan|1798,0.0016,0.876977,3,4,1,0.786426,0.795744,0.795744,0.795744,0.736386,0.736386
130_bNAb_Combinations|1313920|sample|4|nan|1798,0.008,0.971855,4,4,1,0.676723,0.741472,0.741472,0.741472,2.23754,2.23754
130_bNAb_Combinations|1313920|sample|4|nan|1798,0.04,0.784276,5,4,1,0.50769,0.634809,0.634809,0.634809,1.6886,1.6886
130_bNAb_Combinations|1313920|sample|4|nan|1798,0.2,0.443294,6,4,1,0.318065,0.468704,0.468704,0.468704,-0.384904,-0.384904
130_bNAb_Combinations|1313920|sample|4|nan|1798,1,0.218818,7,4,1,0.168156,0.284991,0.284991,0.284991,-1.60881,-1.60881
130_bNAb_Combinations|1313920|sample|4|nan|1798,5,0.123534,8,4,1,0.079135,0.144987,0.144987,0.144987,-0.967779,-0.967779
130_bNAb_Combinations|1313920|sample|5|nan|1798,0.0006144,0.907764,1,5,1,0.825396,0.81261,0.81261,0.81261,0.845076,0.845076
130_bNAb_Combinations|1313920|sample|5|nan|1798,0.003072,0.859919,2,5,1,0.749392,0.778567,0.778567,0.778567,0.753343,0.753343
130_bNAb_Combinations|1313920|sample|5|nan|1798,0.01536,0.783712,3,5,1,0.614366,0.705731,0.705731,0.705731,0.794744,0.794744
130_bNAb_Combinations|1313920|sample|5|nan|1798,0.0768,0.672202,4,5,1,0.42961,0.573544,0.573544,0.573544,1.22989,1.22989
130_bNAb_Combinations|1313920|sample|5|nan|1798,0.384,0.368891,5,5,1,0.250097,0.392451,0.392451,0.392451,-0.423087,-0.423087
130_bNAb_Combinations|1313920|sample|5|nan|1798,1.92,0.184222,6,5,1,0.125216,0.220743,0.220743,0.220743,-1.12618,-1.12618
130_bNAb_Combinations|1313920|sample|5|nan|1798,9.6,0.127972,7,5,1,0.057129,0.106235,0.106235,0.106235,1.28484,1.28484
130_bNAb_Combinations|1313920|sample|5|nan|1798,48,0.0587283,8,5,1,0.0248622,0.0466357,0.0466357,0.0466357,1.36704,1.36704
130_bNAb_Combinations|1313920|sample|6|nan|1798,0.0006144,0.830286,1,6,1,0.825396,0.81261,0.81261,0.81261,0.156984,0.156984
130_bNAb_Combinations|1313920|sample|6|nan|1798,0.003072,0.853841,2,6,1,0.749392,0.778567,0.778567,0.778567,0.697065,0.697065
130_bNAb_Combinations|1313920|sample|6|nan|1798,0.01536,0.751916,3,6,1,0.614366,0.705731,0.705731,0.705731,0.470693,0.470693
130_bNAb_Combinations|1313920|sample|6|nan|1798,0.0768,0.612799,4,6,1,0.42961,0.573544,0.573544,0.573544,0.489352,0.489352
130_bNAb_Combinations|1313920|sample|6|nan|1798,0.384,0.297509,5,6,1,0.250097,0.392451,0.392451,0.392451,-1.70491,-1.70491
130_bNAb_Combinations|1313920|sample|6|nan|1798,1.92,0.174251,6,6,1,0.125216,0.220743,0.220743,0.220743,-1.43367,-1.43367
130_bNAb_Combinations|1313920|sample|6|nan|1798,9.6,0.113582,7,6,1,0.057129,0.106235,0.106235,0.106235,0.434279,0.43428
130_bNAb_Combinations|1313920|sample|6|nan|1798,48,0.057994,8,6,1,0.0248622,0.0466357,0.0466357,0.0466357,1.28403,1.28403
130_bNAb_Combinations|1313920|sample|7|nan|1798,0.0000768,0.81364,1,7,1,0.868259,0.837606,0.837606,0.837606,-0.206628,-0.206628
130_bNAb_Combinations|1313920|sample|7|nan|1798,0.000384,0.811293,2,7,1,0.839164,0.837296,0.837296,0.837296,-0.22427,-0.22427
130_bNAb_Combinations|1313920|sample|7|nan|1798,0.00192,0.832548,3,7,1,0.777019,0.833577,0.833577,0.833577,-0.00891506,-0.00891506
130_bNAb_Combinations|1313920|sample|7|nan|1798,0.0096,0.838533,4,7,1,0.660305,0.791242,0.791242,0.791242,0.431079,0.431079
130_bNAb_Combinations|1313920|sample|7|nan|1798,0.048,0.504533,5,7,1,0.486048,0.490906,0.490906,0.490906,0.197427,0.197427
130_bNAb_Combinations|1313920|sample|7|nan|1798,0.24,0.121528,6,7,1,0.298211,0.0880946,0.0880946,0.0880946,2.31188,2.31188
130_bNAb_Combinations|1313920|sample|7|nan|1798,1.2,0.00317308,7,7,1,0.155124,0.00809352,0.00809352,0.00809352,-1.3573,-1.3573
130_bNAb_Combinations|1313920|sample|7|nan|1798,6,0.000773603,8,7,1,0.0723112,0.000677886,0.000677886,0.000677886,0.0365234,0.0365234
130_bNAb_Combinations|1313920|sample|8|nan|1798,0.0000768,0.853369,1,8,1,0.868259,0.837606,0.837606,0.837606,0.13591,0.13591
130_bNAb_Combinations|1313920|sample|8|nan|1798,0.000384,0.858752,2,8,1,0.839164,0.837296,0.837296,0.837296,0.185058,0.185058
130_bNAb_Combinations|1313920|sample|8|nan|1798,0.00192,0.804488,3,8,1,0.777019,0.833577,0.833577,0.833577,-0.251983,-0.251983
130_bNAb_Combinations|1313920|sample|8|nan|1798,0.0096,0.786951,4,8,1,0.660305,0.791242,0.791242,0.791242,-0.0391141,-0.0391141
130_bNAb_Combinations|1313920|sample|8|nan|1798,0.048,0.487829,5,8,1,0.486048,0.490906,0.490906,0.490906,-0.0445872,-0.0445872
130_bNAb_Combinations|1313920|sample|8|nan|1798,0.24,0.111628,6,8,1,0.298211,0.0880946,0.0880946,0.0880946,1.62734,1.62734
130_bNAb_Combinations|1313920|sample|8|nan|1798,1.2,0.0031862,7,8,1,0.155124,0.00809352,0.00809352,0.00809352,-1.35368,-1.35368
130_bNAb_Combinations|1313920|sample|8|nan|1798,6,0.000694932,8,8,1,0.0723112,0.000677886,0.000677886,0.000677886,0.00650418,0.00650419
130_bNAb_Combinations|1313920|sample|9|nan|1798,0.0003648,0.799965,1,9,1,0.84049,0.837322,0.837322,0.837322,-0.322192,-0.322192
130_bNAb_Combinations|1313920|sample|9|nan|1798,0.001824,0.747006,2,9,1,0.779736,0.833885,0.833885,0.833885,-0.752328,-0.752328
130_bNAb_Combinations|1313920|sample|9|nan|1798,0.00912,0.676214,3,9,1,0.665006,0.794598,0.794598,0.794598,-1.07466,-1.07466
130_bNAb_Combinations|1313920|sample|9|nan|1798,0.0456,0.461861,4,9,1,0.492161,0.506906,0.506906,0.506906,-0.632749,-0.632749
130_bNAb_Combinations|1313920|sample|9|nan|1798,0.228,0.0981493,5,9,1,0.303735,0.0945458,0.0945458,0.0945458,0.234978,0.234978
130_bNAb_Combinations|1313920|sample|9|nan|1798,1.14,0.00317308,6,9,1,0.158708,0.00875464,0.00875464,0.00875464,-1.50255,-1.50255
130_bNAb_Combinations|1313920|sample|9|nan|1798,5.7,0.000485141,7,9,1,0.0741748,0.000733794,0.000733794,0.000733794,-0.0946068,-0.0946068
130_bNAb_Combinations|1313920|sample|9|nan|1798,28.5,0.000563812,8,9,1,0.0326576,6.09789e-05,6.09789e-05,6.09789e-05,0.198189,0.198189
130_bNAb_Combinations|1313920|vc|1|2|nan|1798,0,0.838599,1,2,1,0.890522,0.852798,0.852798,0.852798,-0.120292,-0.120292
130_bNAb_Combinations|1313920|vc|2|2|nan|1798,0,0.91969,2,2,1,0.890522,0.852798,0.852798,0.852798,0.56667,0.56667
130_bNAb_Combinations|1313920|vc|3|2|nan|1798,0,0.872133,3,2,1,0.890522,0.852798,0.852798,0.852798,0.16379,0.16379
130_bNAb_Combinations|1313920|vc|4|2|nan|1798,0,0.947723,4,2,1,0.890522,0.852798,0.852798,0.852798,0.804155,0.804155
130_bNAb_Combinations|1313920|vc|5|2|nan|1798,0,1,5,2,1,0.890522,0.852798,0.852798,0.852798,1.24702,1.24702
130_bNAb_Combinations|1313920|vc|6|2|nan|1798,0,0.938505,6,2,1,0.890522,0.852798,0.852798,0.852798,0.726067,0.726067
130_bNAb_Combinations|1313920|vc|7|2|nan|1798,0,0.844873,7,2,1,0.890522,0.852798,0.852798,0.852798,-0.0671412,-0.0671412
130_bNAb_Combinations|1313920|vc|8|2|nan|1798,0,0.756315,8,2,1,0.890522,0.852798,0.852798,0.852798,-0.817362,-0.817362
130_bNAb_Combinations|1313938|cc|1|1|TRO.11|8301,0,0.000314857,1,1,0,0,0,0,0,0.124504,0.124504
130_bNAb_Combinations|1313938|cc|2|1|TRO.11|8301,0,0.000558156,2,1,0,0,0,0,0,0.220712,0.220712
130_bNAb_Combinations|1313938|cc|3|1|TRO.11|8301,0,0.000586779,3,1,0,0,0,0,0,0.232031,0.232031
130_bNAb_Combinations|1313938|cc|4|1|TRO.11|8301,0,0.000686961,4,1,0,0,0,0,0,0.271646,0.271646
130_bNAb_Combinations|1313938|cc|5|1|TRO.11|8301,0,0.000615402,5,1,0,0,0,0,0,0.243349,0.243349
130_bNAb_Combinations|1313938|cc|6|1|TRO.11|8301,0,0.001102,6,1,0,0,0,0,0,0.435765,0.435765
130_bNAb_Combinations|1313938|cc|7|1|TRO.11|8301,0,0.00120218,7,1,0,0,0,0,0,0.47538,0.47538
130_bNAb_Combinations|1313938|cc|8|1|TRO.11|8301,0,0.000457974,8,1,0,0,0,0,0,0.181097,0.181097
130_bNAb_Combinations|1313938|sample|10|TRO.11|8301,0.0003648,0.972099,1,10,1,0.84049,0.874406,0.874406,0.874406,0.807587,0.807587
130_bNAb_Combinations|1313938|sample|10|TRO.11|8301,0.001824,0.800331,2,10,1,0.779736,0.868642,0.868642,0.868642,-0.568372,-0.568372
130_bNAb_Combinations|1313938|sample|10|TRO.11|8301,0.00912,0.620841,3,10,1,0.665006,0.760031,0.760031,0.760031,-1.31963,-1.31963
130_bNAb_Combinations|1313938|sample|10|TRO.11|8301,0.0456,0.181823,4,10,1,0.492161,0.20482,0.20482,0.20482,-0.75968,-0.75968
130_bNAb_Combinations|1313938|sample|10|TRO.11|8301,0.228,0.00905929,5,10,1,0.303735,0.0121648,0.0121648,0.0121648,-0.743548,-0.743548
130_bNAb_Combinations|1313938|sample|10|TRO.11|8301,1.14,0.000415039,6,10,1,0.158708,0.000568702,0.000568702,0.000568702,-0.0589671,-0.0589672
130_bNAb_Combinations|1313938|sample|10|TRO.11|8301,5.7,0.000314857,7,10,1,0.0741748,2.6286e-05,2.6286e-05,2.6286e-05,0.11395,0.11395
130_bNAb_Combinations|1313938|sample|10|TRO.11|8301,28.5,0.000887324,8,10,1,0.0326576,1.24997e-06,1.24997e-06,1.24997e-06,0.350358,0.350358
130_bNAb_Combinations|1313938|sample|11|TRO.11|8301,0.0003712,0.957351,1,11,1,0.840044,0.874672,0.874672,0.874672,0.683267,0.683267
130_bNAb_Combinations|1313938|sample|11|TRO.11|8301,0.001856,0.926724,2,11,1,0.778821,0.874385,0.874385,0.874385,0.432679,0.432679
130_bNAb_Combinations|1313938|sample|11|TRO.11|8301,0.00928,0.826421,3,11,1,0.663419,0.868483,0.868483,0.868483,-0.350028,-0.350028
130_bNAb_Combinations|1313938|sample|11|TRO.11|8301,0.0464,0.657393,4,11,1,0.49009,0.762155,0.762155,0.762155,-0.99052,-0.99052
130_bNAb_Combinations|1313938|sample|11|TRO.11|8301,0.2319999999999999,0.217337,5,11,1,0.301856,0.215886,0.215886,0.215886,0.0456797,0.0456797
130_bNAb_Combinations|1313938|sample|11|TRO.11|8301,1.16,0.00788574,6,11,1,0.157485,0.0136535,0.0136535,0.0136535,-1.31735,-1.31735
130_bNAb_Combinations|1313938|sample|11|TRO.11|8301,5.8,4.2935e-05,7,11,1,0.0735381,0.000672219,0.000672219,0.000672219,-0.240191,-0.240191
130_bNAb_Combinations|1313938|sample|11|TRO.11|8301,29,0.00034348,8,11,1,0.0323631,3.41994e-05,3.41994e-05,3.41994e-05,0.122076,0.122076
130_bNAb_Combinations|1313938|sample|12|TRO.11|8301,0.0003712,0.867789,1,12,1,0.840044,0.874672,0.874672,0.874672,-0.0568866,-0.0568866
130_bNAb_Combinations|1313938|sample|12|TRO.11|8301,0.001856,0.853241,2,12,1,0.778821,0.874385,0.874385,0.874385,-0.174791,-0.174791
130_bNAb_Combinations|1313938|sample|12|TRO.11|8301,0.00928,0.83694,3,12,1,0.663419,0.868483,0.868483,0.868483,-0.262491,-0.262491
130_bNAb_Combinations|1313938|sample|12|TRO.11|8301,0.0464,0.620225,4,12,1,0.49009,0.762155,0.762155,0.762155,-1.34194,-1.34194
130_bNAb_Combinations|1313938|sample|12|TRO.11|8301,0.2319999999999999,0.188106,5,12,1,0.301856,0.215886,0.215886,0.215886,-0.874389,-0.874389
130_bNAb_Combinations|1313938|sample|12|TRO.11|8301,1.16,0.00864425,6,12,1,0.157485,0.0136535,0.0136535,0.0136535,-1.14411,-1.14411
130_bNAb_Combinations|1313938|sample|12|TRO.11|8301,5.8,0,7,12,1,0.0735381,0.000672219,0.000672219,0.000672219,-0.256578,-0.256578
130_bNAb_Combinations|1313938|sample|12|TRO.11|8301,29,0.000143117,8,12,1,0.0323631,3.41994e-05,3.41994e-05,3.41994e-05,0.0429906,0.0429906
130_bNAb_Combinations|1313938|sample|3|TRO.11|8301,0.000064,0.999256,1,3,1,0.870301,0.874675,0.874675,0.874675,1.02955,1.02955
130_bNAb_Combinations|1313938|sample|3|TRO.11|8301,0.00032,1,2,3,1,0.843731,0.874597,0.874597,0.874597,1.03643,1.03643
130_bNAb_Combinations|1313938|sample|3|TRO.11|8301,0.0016,0.897106,3,3,1,0.786426,0.874015,0.874015,0.874015,0.190967,0.190967
130_bNAb_Combinations|1313938|sample|3|TRO.11|8301,0.008,0.970361,4,3,1,0.676723,0.869706,0.869706,0.869706,0.836466,0.836466
130_bNAb_Combinations|1313938|sample|3|TRO.11|8301,0.04,0.880483,5,3,1,0.50769,0.83889,0.83889,0.83889,0.358068,0.358068
130_bNAb_Combinations|1313938|sample|3|TRO.11|8301,0.2,0.715899,6,3,1,0.318065,0.663669,0.663669,0.663669,0.565109,0.565109
130_bNAb_Combinations|1313938|sample|3|TRO.11|8301,1,0.31236,7,3,1,0.168156,0.259613,0.259613,0.259613,1.39934,1.39934
130_bNAb_Combinations|1313938|sample|3|TRO.11|8301,5,0.0404162,8,3,1,0.079135,0.046891,0.046891,0.046891,-0.729115,-0.729115
130_bNAb_Combinations|1313938|sample|4|TRO.11|8301,0.000064,0.979763,1,4,1,0.870301,0.874675,0.874675,0.874675,0.86846,0.86846
130_bNAb_Combinations|1313938|sample|4|TRO.11|8301,0.00032,0.958596,2,4,1,0.843731,0.874597,0.874597,0.874597,0.69424,0.69424
130_bNAb_Combinations|1313938|sample|4|TRO.11|8301,0.0016,0.947948,3,4,1,0.786426,0.874015,0.874015,0.874015,0.611442,0.611442
130_bNAb_Combinations|1313938|sample|4|TRO.11|8301,0.008,0.949609,4,4,1,0.676723,0.869706,0.869706,0.869706,0.664011,0.664011
130_bNAb_Combinations|1313938|sample|4|TRO.11|8301,0.04,0.862629,5,4,1,0.50769,0.83889,0.83889,0.83889,0.204366,0.204366
130_bNAb_Combinations|1313938|sample|4|TRO.11|8301,0.2,0.698095,6,4,1,0.318065,0.663669,0.663669,0.663669,0.372479,0.372479
130_bNAb_Combinations|1313938|sample|4|TRO.11|8301,1,0.273174,7,4,1,0.168156,0.259613,0.259613,0.259613,0.359774,0.359774
130_bNAb_Combinations|1313938|sample|4|TRO.11|8301,5,0.0442374,8,4,1,0.079135,0.046891,0.046891,0.046891,-0.298816,-0.298816
130_bNAb_Combinations|1313938|sample|5|TRO.11|8301,0.0006144,0.941673,1,5,1,0.825396,0.874483,0.874483,0.874483,0.555378,0.555378
130_bNAb_Combinations|1313938|sample|5|TRO.11|8301,0.003072,0.958739,2,5,1,0.749392,0.873172,0.873172,0.873172,0.708325,0.708325
130_bNAb_Combinations|1313938|sample|5|TRO.11|8301,0.01536,0.915761,3,5,1,0.614366,0.863526,0.863526,0.863526,0.437134,0.437134
130_bNAb_Combinations|1313938|sample|5|TRO.11|8301,0.0768,0.82456,4,5,1,0.42961,0.797848,0.797848,0.797848,0.241524,0.241524
130_bNAb_Combinations|1313938|sample|5|TRO.11|8301,0.384,0.514634,5,5,1,0.250097,0.509243,0.509243,0.509243,0.0753818,0.0753818
130_bNAb_Combinations|1313938|sample|5|TRO.11|8301,1.92,0.141399,6,5,1,0.125216,0.137806,0.137806,0.137806,0.169526,0.169526
130_bNAb_Combinations|1313938|sample|5|TRO.11|8301,9.6,0.0210382,7,5,1,0.057129,0.0214155,0.0214155,0.0214155,-0.0694889,-0.0694888
130_bNAb_Combinations|1313938|sample|5|TRO.11|8301,48,0.00739914,8,5,1,0.0248622,0.00293639,0.00293639,0.00293639,1.52488,1.52488
130_bNAb_Combinations|1313938|sample|6|TRO.11|8301,0.0006144,0.9722,1,6,1,0.825396,0.874483,0.874483,0.874483,0.807708,0.807708
130_bNAb_Combinations|1313938|sample|6|TRO.11|8301,0.003072,0.899854,2,6,1,0.749392,0.873172,0.873172,0.873172,0.220871,0.220871
130_bNAb_Combinations|1313938|sample|6|TRO.11|8301,0.01536,0.850665,3,6,1,0.614366,0.863526,0.863526,0.863526,-0.107629,-0.107629
130_bNAb_Combinations|1313938|sample|6|TRO.11|8301,0.0768,0.801476,4,6,1,0.42961,0.797848,0.797848,0.797848,0.0327996,0.0327996
130_bNAb_Combinations|1313938|sample|6|TRO.11|8301,0.384,0.527478,5,6,1,0.250097,0.509243,0.509243,0.509243,0.255011,0.255011
130_bNAb_Combinations|1313938|sample|6|TRO.11|8301,1.92,0.143947,6,6,1,0.125216,0.137806,0.137806,0.137806,0.289718,0.289718
130_bNAb_Combinations|1313938|sample|6|TRO.11|8301,9.6,0.0206374,7,6,1,0.057129,0.0214155,0.0214155,0.0214155,-0.143292,-0.143292
130_bNAb_Combinations|1313938|sample|6|TRO.11|8301,48,0.00800023,8,6,1,0.0248622,0.00293639,0.00293639,0.00293639,1.73027,1.73027
130_bNAb_Combinations|1313938|sample|7|TRO.11|8301,0.0000768,0.947047,1,7,1,0.868259,0.874673,0.874673,0.874673,0.598107,0.598107
130_bNAb_Combinations|1313938|sample|7|TRO.11|8301,0.000384,0.922266,2,7,1,0.839164,0.874377,0.874377,0.874377,0.395888,0.395888
130_bNAb_Combinations|1313938|sample|7|TRO.11|8301,0.00192,0.797075,3,7,1,0.777019,0.868025,0.868025,0.868025,-0.590733,-0.590733
130_bNAb_Combinations|1313938|sample|7|TRO.11|8301,0.0096,0.572639,4,7,1,0.660305,0.749905,0.749905,0.749905,-1.70275,-1.70275
130_bNAb_Combinations|1313938|sample|7|TRO.11|8301,0.048,0.211555,5,7,1,0.486048,0.189843,0.189843,0.189843,0.768746,0.768746
130_bNAb_Combinations|1313938|sample|7|TRO.11|8301,0.24,0.00928828,6,7,1,0.298211,0.0110431,0.0110431,0.0110431,-0.436007,-0.436007
130_bNAb_Combinations|1313938|sample|7|TRO.11|8301,1.2,0.000157428,7,7,1,0.155124,0.000515625,0.000515625,0.000515625,-0.137835,-0.137835
130_bNAb_Combinations|1313938|sample|7|TRO.11|8301,6,0.001102,8,7,1,0.0723112,2.38348e-05,2.38348e-05,2.38348e-05,0.425797,0.425797
130_bNAb_Combinations|1313938|sample|8|TRO.11|8301,0.0000768,0.992465,1,8,1,0.868259,0.874673,0.874673,0.874673,0.973447,0.973447
130_bNAb_Combinations|1313938|sample|8|TRO.11|8301,0.000384,0.918846,2,8,1,0.839164,0.874377,0.874377,0.874377,0.367612,0.367612
130_bNAb_Combinations|1313938|sample|8|TRO.11|8301,0.00192,0.798592,3,8,1,0.777019,0.868025,0.868025,0.868025,-0.578102,-0.578102
130_bNAb_Combinations|1313938|sample|8|TRO.11|8301,0.0096,0.614093,4,8,1,0.660305,0.749905,0.749905,0.749905,-1.30456,-1.30456
130_bNAb_Combinations|1313938|sample|8|TRO.11|8301,0.048,0.216235,5,8,1,0.486048,0.189843,0.189843,0.189843,0.934444,0.934444
130_bNAb_Combinations|1313938|sample|8|TRO.11|8301,0.24,0.0118501,6,8,1,0.298211,0.0110431,0.0110431,0.0110431,0.200511,0.200511
130_bNAb_Combinations|1313938|sample|8|TRO.11|8301,1.2,0.000787142,7,8,1,0.155124,0.000515625,0.000515625,0.000515625,0.104481,0.104481
130_bNAb_Combinations|1313938|sample|8|TRO.11|8301,6,0.000543844,8,8,1,0.0723112,2.38348e-05,2.38348e-05,2.38348e-05,0.205366,0.205366
130_bNAb_Combinations|1313938|sample|9|TRO.11|8301,0.0003648,0.965087,1,9,1,0.84049,0.874406,0.874406,0.874406,0.749615,0.749615
130_bNAb_Combinations|1313938|sample|9|TRO.11|8301,0.001824,0.834471,2,9,1,0.779736,0.868642,0.868642,0.868642,-0.284314,-0.284314
130_bNAb_Combinations|1313938|sample|9|TRO.11|8301,0.00912,0.637786,3,9,1,0.665006,0.760031,0.760031,0.760031,-1.15897,-1.15897
130_bNAb_Combinations|1313938|sample|9|TRO.11|8301,0.0456,0.173393,4,9,1,0.492161,0.20482,0.20482,0.20482,-1.03814,-1.03814
130_bNAb_Combinations|1313938|sample|9|TRO.11|8301,0.228,0.00868719,5,9,1,0.303735,0.0121648,0.0121648,0.0121648,-0.832639,-0.832639
130_bNAb_Combinations|1313938|sample|9|TRO.11|8301,1.14,0.00025761,6,9,1,0.158708,0.000568702,0.000568702,0.000568702,-0.119379,-0.119379
130_bNAb_Combinations|1313938|sample|9|TRO.11|8301,5.7,0.000543844,7,9,1,0.0741748,2.6286e-05,2.6286e-05,2.6286e-05,0.204371,0.204371
130_bNAb_Combinations|1313938|sample|9|TRO.11|8301,28.5,0.00104475,8,9,1,0.0326576,1.24997e-06,1.24997e-06,1.24997e-06,0.412606,0.412606
130_bNAb_Combinations|1313938|vc|1|2|TRO.11|8301,0,0.914116,1,2,1,0.890522,0.890522,0.890522,0.890522,0.19158,0.19158
130_bNAb_Combinations|1313938|vc|2|2|TRO.11|8301,0,0.902924,2,2,1,0.890522,0.890522,0.890522,0.890522,0.100703,0.100703
130_bNAb_Combinations|1313938|vc|3|2|TRO.11|8301,0,0.968414,3,2,1,0.890522,0.890522,0.890522,0.890522,0.632486,0.632486
130_bNAb_Combinations|1313938|vc|4|2|TRO.11|8301,0,0.926266,4,2,1,0.890522,0.890522,0.890522,0.890522,0.290244,0.290244
130_bNAb_Combinations|1313938|vc|5|2|TRO.11|8301,0,0.902967,5,2,1,0.890522,0.890522,0.890522,0.890522,0.101052,0.101052
130_bNAb_Combinations|1313938|vc|6|2|TRO.11|8301,0,0.92744,6,2,1,0.890522,0.890522,0.890522,0.890522,0.299773,0.299773
130_bNAb_Combinations|1313938|vc|7|2|TRO.11|8301,0,0.886129,7,2,1,0.890522,0.890522,0.890522,0.890522,-0.0356711,-0.0356711
130_bNAb_Combinations|1313938|vc|8|2|TRO.11|8301,0,0.777732,8,2,1,0.890522,0.890522,0.890522,0.890522,-0.915856,-0.915856
130_bNAb_Combinations|1313956|cc|1|1|Ce1176_A3|7023,0,0.000508745,1,1,0,0,0,0,0,0.201174,0.201174
130_bNAb_Combinations|1313956|cc|2|1|Ce1176_A3|7023,0,0.000481245,2,1,0,0,0,0,0,0.190299,0.190299
130_bNAb_Combinations|1313956|cc|3|1|Ce1176_A3|7023,0,0.000632494,3,1,0,0,0,0,0,0.250108,0.250108
130_bNAb_Combinations|1313956|cc|4|1|Ce1176_A3|7023,0,0.00112749,4,1,0,0,0,0,0,0.445844,0.445844
130_bNAb_Combinations|1313956|cc|5|1|Ce1176_A3|7023,0,0.00140249,5,1,0,0,0,0,0,0.554587,0.554587
130_bNAb_Combinations|1313956|cc|6|1|Ce1176_A3|7023,0,0.00147124,6,1,0,0,0,0,0,0.581773,0.581773
130_bNAb_Combinations|1313956|cc|7|1|Ce1176_A3|7023,0,0.00120999,7,1,0,0,0,0,0,0.478467,0.478467
130_bNAb_Combinations|1313956|cc|8|1|Ce1176_A3|7023,0,0.00149874,8,1,0,0,0,0,0,0.592647,0.592647
130_bNAb_Combinations|1313956|sample|10|Ce1176_A3|7023,0.0003648,0.703622,1,10,1,0.84049,0.820556,0.820556,0.820556,-1.02867,-1.02867
130_bNAb_Combinations|1313956|sample|10|Ce1176_A3|7023,0.001824,0.749608,2,10,1,0.779736,0.816141,0.816141,0.816141,-0.588387,-0.588387
130_bNAb_Combinations|1313956|sample|10|Ce1176_A3|7023,0.00912,0.514314,3,10,1,0.665006,0.726187,0.726187,0.726187,-2.09999,-2.09999
130_bNAb_Combinations|1313956|sample|10|Ce1176_A3|7023,0.0456,0.208599,4,10,1,0.492161,0.205279,0.205279,0.205279,0.109449,0.109449
130_bNAb_Combinations|1313956|sample|10|Ce1176_A3|7023,0.228,0.00944616,5,10,1,0.303735,0.0117203,0.0117203,0.0117203,-0.552457,-0.552457
130_bNAb_Combinations|1313956|sample|10|Ce1176_A3|7023,1.14,0.000343747,6,10,1,0.158708,0.000516121,0.000516121,0.000516121,-0.0663286,-0.0663286
130_bNAb_Combinations|1313956|sample|10|Ce1176_A3|7023,5.7,0.000233748,7,10,1,0.0741748,2.24319e-05,2.24319e-05,2.24319e-05,0.0834606,0.0834606
130_bNAb_Combinations|1313956|sample|10|Ce1176_A3|7023,28.5,0.000398746,8,10,1,0.0326576,9.75144e-07,9.75144e-07,9.75144e-07,0.157283,0.157283
130_bNAb_Combinations|1313956|sample|11|Ce1176_A3|7023,0.0003712,0.688607,1,11,1,0.840044,0.820753,0.820753,0.820753,-1.16222,-1.16222
130_bNAb_Combinations|1313956|sample|11|Ce1176_A3|7023,0.001856,0.732462,2,11,1,0.778821,0.820674,0.820674,0.820674,-0.775895,-0.775895
130_bNAb_Combinations|1313956|sample|11|Ce1176_A3|7023,0.00928,0.765771,3,11,1,0.663419,0.819296,0.819296,0.819296,-0.471566,-0.471566
130_bNAb_Combinations|1313956|sample|11|Ce1176_A3|7023,0.0464,0.662853,4,11,1,0.49009,0.795784,0.795784,0.795784,-1.20496,-1.20496
130_bNAb_Combinations|1313956|sample|11|Ce1176_A3|7023,0.2319999999999999,0.428576,5,11,1,0.301856,0.528849,0.528849,0.528849,-1.35206,-1.35206
130_bNAb_Combinations|1313956|sample|11|Ce1176_A3|7023,1.16,0.0788005,6,11,1,0.157485,0.0766465,0.0766465,0.0766465,0.166831,0.166831
130_bNAb_Combinations|1313956|sample|11|Ce1176_A3|7023,5.8,0.00151248,7,11,1,0.0735381,0.00477865,0.00477865,0.00477865,-1.02834,-1.02834
130_bNAb_Combinations|1313956|sample|11|Ce1176_A3|7023,29,0.000233748,8,11,1,0.0323631,0.000273198,0.000273198,0.000273198,-0.0153751,-0.0153751
130_bNAb_Combinations|1313956|sample|12|Ce1176_A3|7023,0.0003712,0.632164,1,12,1,0.840044,0.820753,0.820753,0.820753,-1.65863,-1.65863
130_bNAb_Combinations|1313956|sample|12|Ce1176_A3|7023,0.001856,0.613698,2,12,1,0.778821,0.820674,0.820674,0.820674,-1.82052,-1.82052
130_bNAb_Combinations|1313956|sample|12|Ce1176_A3|7023,0.00928,0.591375,3,12,1,0.663419,0.819296,0.819296,0.819296,-2.00804,-2.00804
130_bNAb_Combinations|1313956|sample|12|Ce1176_A3|7023,0.0464,0.519222,4,12,1,0.49009,0.795784,0.795784,0.795784,-2.50691,-2.50691
130_bNAb_Combinations|1313956|sample|12|Ce1176_A3|7023,0.2319999999999999,0.330526,5,12,1,0.301856,0.528849,0.528849,0.528849,-2.67416,-2.67416
130_bNAb_Combinations|1313956|sample|12|Ce1176_A3|7023,1.16,0.0625069,6,12,1,0.157485,0.0766465,0.0766465,0.0766465,-1.09518,-1.09518
130_bNAb_Combinations|1313956|sample|12|Ce1176_A3|7023,5.8,0.00237873,7,12,1,0.0735381,0.00477865,0.00477865,0.00477865,-0.755604,-0.755604
130_bNAb_Combinations|1313956|sample|12|Ce1176_A3|7023,29,0.000769992,8,12,1,0.0323631,0.000273198,0.000273198,0.000273198,0.193615,0.193615
130_bNAb_Combinations|1313956|sample|3|Ce1176_A3|7023,0.000064,0.742974,1,3,1,0.870301,0.8147,0.8147,0.8147,-0.635413,-0.635413
130_bNAb_Combinations|1313956|sample|3|Ce1176_A3|7023,0.00032,0.893054,2,3,1,0.843731,0.806923,0.806923,0.806923,0.770198,0.770198
130_bNAb_Combinations|1313956|sample|3|Ce1176_A3|7023,0.0016,0.908543,3,3,1,0.786426,0.789544,0.789544,0.789544,1.087,1.087
130_bNAb_Combinations|1313956|sample|3|Ce1176_A3|7023,0.008,0.937844,4,3,1,0.676723,0.752186,0.752186,0.752186,1.77809,1.77809
130_bNAb_Combinations|1313956|sample|3|Ce1176_A3|7023,0.04,0.777115,5,3,1,0.50769,0.678191,0.678191,0.678191,1.04801,1.04801
130_bNAb_Combinations|1313956|sample|3|Ce1176_A3|7023,0.2,0.561758,6,3,1,0.318065,0.552794,0.552794,0.552794,0.115793,0.115793
130_bNAb_Combinations|1313956|sample|3|Ce1176_A3|7023,1,0.368964,7,3,1,0.168156,0.387555,0.387555,0.387555,-0.337868,-0.337868
130_bNAb_Combinations|1313956|sample|3|Ce1176_A3|7023,5,0.208888,8,3,1,0.079135,0.22942,0.22942,0.22942,-0.610987,-0.610987
130_bNAb_Combinations|1313956|sample|4|Ce1176_A3|7023,0.000064,0.71326,1,4,1,0.870301,0.8147,0.8147,0.8147,-0.898639,-0.898639
130_bNAb_Combinations|1313956|sample|4|Ce1176_A3|7023,0.00032,0.883119,2,4,1,0.843731,0.806923,0.806923,0.806923,0.681363,0.681363
130_bNAb_Combinations|1313956|sample|4|Ce1176_A3|7023,0.0016,0.934819,3,4,1,0.786426,0.789544,0.789544,0.789544,1.32702,1.32702
130_bNAb_Combinations|1313956|sample|4|Ce1176_A3|7023,0.008,0.950487,4,4,1,0.676723,0.752186,0.752186,0.752186,1.89917,1.89917
130_bNAb_Combinations|1313956|sample|4|Ce1176_A3|7023,0.04,0.817519,5,4,1,0.50769,0.678191,0.678191,0.678191,1.47606,1.47606
130_bNAb_Combinations|1313956|sample|4|Ce1176_A3|7023,0.2,0.59253,6,4,1,0.318065,0.552794,0.552794,0.552794,0.513335,0.513335
130_bNAb_Combinations|1313956|sample|4|Ce1176_A3|7023,1,0.33859,7,4,1,0.168156,0.387555,0.387555,0.387555,-0.889871,-0.889871
130_bNAb_Combinations|1313956|sample|4|Ce1176_A3|7023,5,0.207004,8,4,1,0.079135,0.22942,0.22942,0.22942,-0.667043,-0.667043
130_bNAb_Combinations|1313956|sample|5|Ce1176_A3|7023,0.0006144,0.687672,1,5,1,0.825396,0.801479,0.801479,0.801479,-1.02445,-1.02445
130_bNAb_Combinations|1313956|sample|5|Ce1176_A3|7023,0.003072,0.893274,2,5,1,0.749392,0.777625,0.777625,0.777625,1.07221,1.07221
130_bNAb_Combinations|1313956|sample|5|Ce1176_A3|7023,0.01536,0.886089,3,5,1,0.614366,0.727684,0.727684,0.727684,1.56689,1.56689
130_bNAb_Combinations|1313956|sample|5|Ce1176_A3|7023,0.0768,0.71535,4,5,1,0.42961,0.63382,0.63382,0.63382,0.922485,0.922485
130_bNAb_Combinations|1313956|sample|5|Ce1176_A3|7023,0.384,0.488319,5,5,1,0.250097,0.488515,0.488515,0.488515,-0.00284262,-0.00284263
130_bNAb_Combinations|1313956|sample|5|Ce1176_A3|7023,1.92,0.393054,6,5,1,0.125216,0.319574,0.319574,0.319574,1.60379,1.60379
130_bNAb_Combinations|1313956|sample|5|Ce1176_A3|7023,9.6,0.204928,7,5,1,0.057129,0.177793,0.177793,0.177793,1.01966,1.01966
130_bNAb_Combinations|1313956|sample|5|Ce1176_A3|7023,48,0.100326,8,5,1,0.0248622,0.0878844,0.0878844,0.0878844,0.862013,0.862013
130_bNAb_Combinations|1313956|sample|6|Ce1176_A3|7023,0.0006144,0.700267,1,6,1,0.825396,0.801479,0.801479,0.801479,-0.911073,-0.911073
130_bNAb_Combinations|1313956|sample|6|Ce1176_A3|7023,0.003072,0.779562,2,6,1,0.749392,0.777625,0.777625,0.777625,0.0179609,0.0179609
130_bNAb_Combinations|1313956|sample|6|Ce1176_A3|7023,0.01536,0.830994,3,6,1,0.614366,0.727684,0.727684,0.727684,1.0219,1.0219
130_bNAb_Combinations|1313956|sample|6|Ce1176_A3|7023,0.0768,0.671062,4,6,1,0.42961,0.63382,0.63382,0.63382,0.42138,0.42138
130_bNAb_Combinations|1313956|sample|6|Ce1176_A3|7023,0.384,0.520893,5,6,1,0.250097,0.488515,0.488515,0.488515,0.471302,0.471302
130_bNAb_Combinations|1313956|sample|6|Ce1176_A3|7023,1.92,0.352251,6,6,1,0.125216,0.319574,0.319574,0.319574,0.713212,0.713212
130_bNAb_Combinations|1313956|sample|6|Ce1176_A3|7023,9.6,0.186758,7,6,1,0.057129,0.177793,0.177793,0.177793,0.336852,0.336852
130_bNAb_Combinations|1313956|sample|6|Ce1176_A3|7023,48,0.0915191,8,6,1,0.0248622,0.0878844,0.0878844,0.0878844,0.25183,0.251831
130_bNAb_Combinations|1313956|sample|7|Ce1176_A3|7023,0.0000768,0.644896,1,7,1,0.868259,0.820748,0.820748,0.820748,-1.54662,-1.54662
130_bNAb_Combinations|1313956|sample|7|Ce1176_A3|7023,0.000384,0.807536,2,7,1,0.839164,0.820535,0.820535,0.820535,-0.114352,-0.114352
130_bNAb_Combinations|1313956|sample|7|Ce1176_A3|7023,0.00192,0.874608,3,7,1,0.777019,0.815659,0.815659,0.815659,0.52162,0.52162
130_bNAb_Combinations|1313956|sample|7|Ce1176_A3|7023,0.0096,0.712752,4,7,1,0.660305,0.717496,0.717496,0.717496,-0.0475803,-0.0475804
130_bNAb_Combinations|1313956|sample|7|Ce1176_A3|7023,0.048,0.234181,5,7,1,0.486048,0.190279,0.190279,0.190279,1.55117,1.55117
130_bNAb_Combinations|1313956|sample|7|Ce1176_A3|7023,0.24,0.0112199,6,7,1,0.298211,0.0106198,0.0106198,0.0106198,0.151253,0.151253
130_bNAb_Combinations|1313956|sample|7|Ce1176_A3|7023,1.2,0.000769992,7,7,1,0.155124,0.000467052,0.000467052,0.000467052,0.116869,0.116869
130_bNAb_Combinations|1313956|sample|7|Ce1176_A3|7023,6,0.000536245,8,7,1,0.0723112,2.02982e-05,2.02982e-05,2.02982e-05,0.2038,0.2038
130_bNAb_Combinations|1313956|sample|8|Ce1176_A3|7023,0.0000768,0.696355,1,8,1,0.868259,0.820748,0.820748,0.820748,-1.09404,-1.09404
130_bNAb_Combinations|1313956|sample|8|Ce1176_A3|7023,0.000384,0.873701,2,8,1,0.839164,0.820535,0.820535,0.820535,0.46771,0.46771
130_bNAb_Combinations|1313956|sample|8|Ce1176_A3|7023,0.00192,0.872793,3,8,1,0.777019,0.815659,0.815659,0.815659,0.50556,0.50556
130_bNAb_Combinations|1313956|sample|8|Ce1176_A3|7023,0.0096,0.757666,4,8,1,0.660305,0.717496,0.717496,0.717496,0.402841,0.402841
130_bNAb_Combinations|1313956|sample|8|Ce1176_A3|7023,0.048,0.240416,5,8,1,0.486048,0.190279,0.190279,0.190279,1.77149,1.77149
130_bNAb_Combinations|1313956|sample|8|Ce1176_A3|7023,0.24,0.0117424,6,8,1,0.298211,0.0106198,0.0106198,0.0106198,0.282952,0.282952
130_bNAb_Combinations|1313956|sample|8|Ce1176_A3|7023,1.2,0.000178748,7,8,1,0.155124,0.000467052,0.000467052,0.000467052,-0.111222,-0.111222
130_bNAb_Combinations|1313956|sample|8|Ce1176_A3|7023,6,0.000316247,8,8,1,0.0723112,2.02982e-05,2.02982e-05,2.02982e-05,0.1169,0.1169
130_bNAb_Combinations|1313956|sample|9|Ce1176_A3|7023,0.0003648,0.758106,1,9,1,0.84049,0.820556,0.820556,0.820556,-0.549378,-0.549378
130_bNAb_Combinations|1313956|sample|9|Ce1176_A3|7023,0.001824,0.682688,2,9,1,0.779736,0.816141,0.816141,0.816141,-1.1802,-1.1802
130_bNAb_Combinations|1313956|sample|9|Ce1176_A3|7023,0.00912,0.715818,3,9,1,0.665006,0.726187,0.726187,0.726187,-0.102777,-0.102777
130_bNAb_Combinations|1313956|sample|9|Ce1176_A3|7023,0.0456,0.196719,4,9,1,0.492161,0.205279,0.205279,0.205279,-0.282181,-0.282181
130_bNAb_Combinations|1313956|sample|9|Ce1176_A3|7023,0.228,0.00966615,5,9,1,0.303735,0.0117203,0.0117203,0.0117203,-0.499014,-0.499014
130_bNAb_Combinations|1313956|sample|9|Ce1176_A3|7023,1.14,0.000756242,6,9,1,0.158708,0.000516121,0.000516121,0.000516121,0.0923974,0.0923974
130_bNAb_Combinations|1313956|sample|9|Ce1176_A3|7023,5.7,0.000439996,7,9,1,0.0741748,2.24319e-05,2.24319e-05,2.24319e-05,0.16492,0.16492
130_bNAb_Combinations|1313956|sample|9|Ce1176_A3|7023,28.5,0,8,9,1,0.0326576,9.75144e-07,9.75144e-07,9.75144e-07,-0.000385582,-0.000385582
130_bNAb_Combinations|1313956|vc|1|2|Ce1176_A3|7023,0,0.749127,1,2,1,0.890522,0.835617,0.835617,0.835617,-0.747437,-0.747437
130_bNAb_Combinations|1313956|vc|2|2|Ce1176_A3|7023,0,0.930921,2,2,1,0.890522,0.835617,0.835617,0.835617,0.82361,0.82361
130_bNAb_Combinations|1313956|vc|3|2|Ce1176_A3|7023,0,1,3,2,1,0.890522,0.835617,0.835617,0.835617,1.42059,1.42059
130_bNAb_Combinations|1313956|vc|4|2|Ce1176_A3|7023,0,0.968987,4,2,1,0.890522,0.835617,0.835617,0.835617,1.15258,1.15258
130_bNAb_Combinations|1313956|vc|5|2|Ce1176_A3|7023,0,0.924369,5,2,1,0.890522,0.835617,0.835617,0.835617,0.76699,0.76699
130_bNAb_Combinations|1313956|vc|6|2|Ce1176_A3|7023,0,0.980379,6,2,1,0.890522,0.835617,0.835617,0.835617,1.25102,1.25102
130_bNAb_Combinations|1313956|vc|7|2|Ce1176_A3|7023,0,0.892036,7,2,1,0.890522,0.835617,0.835617,0.835617,0.487572,0.487572
130_bNAb_Combinations|1313956|vc|8|2|Ce1176_A3|7023,0,0.653015,8,2,1,0.890522,0.835617,0.835617,0.835617,-1.57802,-1.57802
130_bNAb_Combinations|1313974|cc|1|1|nan|1176,0,0,1,1,0,0,0,0,0,0,0
130_bNAb_Combinations|1313974|cc|2|1|nan|1176,0,0.00187935,2,1,0,0,0,0,0,0.743152,0.743152
130_bNAb_Combinations|1313974|cc|3|1|nan|1176,0,0.00338282,3,1,0,0,0,0,0,1.33767,1.33767
130_bNAb_Combinations|1313974|cc|4|1|nan|1176,0,0.00250579,4,1,0,0,0,0,0,0.99087,0.99087
130_bNAb_Combinations|1313974|cc|5|1|nan|1176,0,0.00425985,5,1,0,0,0,0,0,1.68448,1.68448
130_bNAb_Combinations|1313974|cc|6|1|nan|1176,0,0.00200464,6,1,0,0,0,0,0,0.792696,0.792696
130_bNAb_Combinations|1313974|cc|7|1|nan|1176,0,0.00701623,7,1,0,0,0,0,0,2.77444,2.77444
130_bNAb_Combinations|1313974|cc|8|1|nan|1176,0,0.00275637,8,1,0,0,0,0,0,1.08996,1.08996
130_bNAb_Combinations|1313974|sample|10|nan|1176,0.0003648,0.564806,1,10,1,0.84049,0.799858,0.799858,0.799858,-2.12004,-2.12004
130_bNAb_Combinations|1313974|sample|10|nan|1176,0.001824,0.969555,2,10,1,0.779736,0.798117,0.798117,0.798117,1.54957,1.54957
130_bNAb_Combinations|1313974|sample|10|nan|1176,0.00912,0.987972,3,10,1,0.665006,0.791145,0.791145,0.791145,1.79438,1.79438
130_bNAb_Combinations|1313974|sample|10|nan|1176,0.0456,0.768277,4,10,1,0.492161,0.764116,0.764116,0.764116,0.0392401,0.0392401
130_bNAb_Combinations|1313974|sample|10|nan|1176,0.228,0.6812,5,10,1,0.303735,0.671262,0.671262,0.671262,0.106343,0.106343
130_bNAb_Combinations|1313974|sample|10|nan|1176,1.14,0.388273,6,10,1,0.158708,0.449902,0.449902,0.449902,-0.971009,-0.971009
130_bNAb_Combinations|1313974|sample|10|nan|1176,5.7,0.221387,7,10,1,0.0741748,0.19266,0.19266,0.19266,1.00354,1.00354
130_bNAb_Combinations|1313974|sample|10|nan|1176,28.5,0.0676565,8,10,1,0.0326576,0.0581166,0.0581166,0.0581166,0.917217,0.917217
130_bNAb_Combinations|1313974|sample|11|nan|1176,0.0003712,0.686964,1,11,1,0.840044,0.798909,0.798909,0.798909,-1.01086,-1.01086
130_bNAb_Combinations|1313974|sample|11|nan|1176,0.001856,0.787446,2,11,1,0.778821,0.788138,0.788138,0.788138,-0.00633388,-0.00633388
130_bNAb_Combinations|1313974|sample|11|nan|1176,0.00928,0.683957,3,11,1,0.663419,0.709785,0.709785,0.709785,-0.26176,-0.26176
130_bNAb_Combinations|1313974|sample|11|nan|1176,0.0464,0.431373,4,11,1,0.49009,0.391276,0.391276,0.391276,0.722097,0.722097
130_bNAb_Combinations|1313974|sample|11|nan|1176,0.2319999999999999,0.127921,5,11,1,0.301856,0.0837075,0.0837075,0.0837075,3.18832,3.18832
130_bNAb_Combinations|1313974|sample|11|nan|1176,1.16,0.00889557,6,11,1,0.157485,0.0112566,0.0112566,0.0112566,-0.582448,-0.582448
130_bNAb_Combinations|1313974|sample|11|nan|1176,5.8,0.00664036,7,11,1,0.0735381,0.00139203,0.00139203,0.00139203,1.93135,1.93135
130_bNAb_Combinations|1313974|sample|11|nan|1176,29,0.0085197,8,11,1,0.0323631,0.00017036,0.00017036,0.00017036,3.27174,3.27174
130_bNAb_Combinations|1313974|sample|12|nan|1176,0.0003712,0.62507,1,12,1,0.840044,0.798909,0.798909,0.798909,-1.56975,-1.56975
130_bNAb_Combinations|1313974|sample|12|nan|1176,0.001856,0.659149,2,12,1,0.778821,0.788138,0.788138,0.788138,-1.18031,-1.18031
130_bNAb_Combinations|1313974|sample|12|nan|1176,0.00928,0.546764,3,12,1,0.663419,0.709785,0.709785,0.709785,-1.65216,-1.65216
130_bNAb_Combinations|1313974|sample|12|nan|1176,0.0464,0.27877,4,12,1,0.49009,0.391276,0.391276,0.391276,-2.02611,-2.02611
130_bNAb_Combinations|1313974|sample|12|nan|1176,0.2319999999999999,0.0630207,5,12,1,0.301856,0.0837075,0.0837075,0.0837075,-1.49177,-1.49177
130_bNAb_Combinations|1313974|sample|12|nan|1176,1.16,0.00413456,6,12,1,0.157485,0.0112566,0.0112566,0.0112566,-1.75696,-1.75696
130_bNAb_Combinations|1313974|sample|12|nan|1176,5.8,0.0072668,7,12,1,0.0735381,0.00139203,0.00139203,0.00139203,2.16188,2.16188
130_bNAb_Combinations|1313974|sample|12|nan|1176,29,0.00375869,8,12,1,0.0323631,0.00017036,0.00017036,0.00017036,1.40611,1.40611
130_bNAb_Combinations|1313974|sample|3|nan|1176,0.000064,0.544885,1,3,1,0.870301,0.784236,0.784236,0.784236,-2.20082,-2.20082
130_bNAb_Combinations|1313974|sample|3|nan|1176,0.00032,0.833553,2,3,1,0.843731,0.754379,0.754379,0.754379,0.75611,0.75611
130_bNAb_Combinations|1313974|sample|3|nan|1176,0.0016,0.76765,3,3,1,0.786426,0.678065,0.678065,0.678065,0.94925,0.94925
130_bNAb_Combinations|1313974|sample|3|nan|1176,0.008,0.763766,4,3,1,0.676723,0.521969,0.521969,0.521969,3.30186,3.30186
130_bNAb_Combinations|1313974|sample|3|nan|1176,0.04,0.33966,5,3,1,0.50769,0.310595,0.310595,0.310595,0.651702,0.651702
130_bNAb_Combinations|1313974|sample|3|nan|1176,0.2,0.074798,6,3,1,0.318065,0.141364,0.141364,0.141364,-3.07081,-3.07081
130_bNAb_Combinations|1313974|sample|3|nan|1176,1,0.0275637,7,3,1,0.168156,0.0541474,0.0541474,0.0541474,-2.69522,-2.69522
130_bNAb_Combinations|1313974|sample|3|nan|1176,5,0.0219257,8,3,1,0.079135,0.0191749,0.0191749,0.0191749,0.53662,0.53662
130_bNAb_Combinations|1313974|sample|4|nan|1176,0.000064,0.596254,1,4,1,0.870301,0.784236,0.784236,0.784236,-1.72849,-1.72849
130_bNAb_Combinations|1313974|sample|4|nan|1176,0.00032,0.751363,2,4,1,0.843731,0.754379,0.754379,0.754379,-0.0288109,-0.0288109
130_bNAb_Combinations|1313974|sample|4|nan|1176,0.0016,0.81952,3,4,1,0.786426,0.678065,0.678065,0.678065,1.49887,1.49887
130_bNAb_Combinations|1313974|sample|4|nan|1176,0.008,0.746852,4,4,1,0.676723,0.521969,0.521969,0.521969,3.07089,3.07089
130_bNAb_Combinations|1313974|sample|4|nan|1176,0.04,0.327758,5,4,1,0.50769,0.310595,0.310595,0.310595,0.384827,0.384827
130_bNAb_Combinations|1313974|sample|4|nan|1176,0.2,0.106747,6,4,1,0.318065,0.141364,0.141364,0.141364,-1.59695,-1.59695
130_bNAb_Combinations|1313974|sample|4|nan|1176,1,0.0308213,7,4,1,0.168156,0.0541474,0.0541474,0.0541474,-2.36495,-2.36495
130_bNAb_Combinations|1313974|sample|4|nan|1176,5,0.0120278,8,4,1,0.079135,0.0191749,0.0191749,0.0191749,-1.39424,-1.39424
130_bNAb_Combinations|1313974|sample|5|nan|1176,0.0006144,0.585729,1,5,1,0.825396,0.731173,0.731173,0.731173,-1.43198,-1.43198
130_bNAb_Combinations|1313974|sample|5|nan|1176,0.003072,0.613794,2,5,1,0.749392,0.625329,0.625329,0.625329,-0.13223,-0.13223
130_bNAb_Combinations|1313974|sample|5|nan|1176,0.01536,0.526467,3,5,1,0.614366,0.437924,0.437924,0.437924,1.43165,1.43165
130_bNAb_Combinations|1313974|sample|5|nan|1176,0.0768,0.174278,4,5,1,0.42961,0.232204,0.232204,0.232204,-1.70464,-1.70464
130_bNAb_Combinations|1313974|sample|5|nan|1176,0.384,0.0800601,5,5,1,0.250097,0.097209,0.097209,0.097209,-1.09256,-1.09256
130_bNAb_Combinations|1313974|sample|5|nan|1176,1.92,0.03458,6,5,1,0.125216,0.0357566,0.0357566,0.0357566,-0.159603,-0.159603
130_bNAb_Combinations|1313974|sample|5|nan|1176,9.6,0.0281902,7,5,1,0.057129,0.0124639,0.0124639,0.0124639,3.72914,3.72914
130_bNAb_Combinations|1313974|sample|5|nan|1176,48,0.00826912,8,5,1,0.0248622,0.00426008,0.00426008,0.00426008,1.29077,1.29077
130_bNAb_Combinations|1313974|sample|6|nan|1176,0.0006144,0.51469,1,6,1,0.825396,0.731173,0.731173,0.731173,-2.13141,-2.13141
130_bNAb_Combinations|1313974|sample|6|nan|1176,0.003072,0.808369,2,6,1,0.749392,0.625329,0.625329,0.625329,2.09834,2.09834
130_bNAb_Combinations|1313974|sample|6|nan|1176,0.01536,0.47986,3,6,1,0.614366,0.437924,0.437924,0.437924,0.678052,0.678052
130_bNAb_Combinations|1313974|sample|6|nan|1176,0.0768,0.164756,4,6,1,0.42961,0.232204,0.232204,0.232204,-1.98485,-1.98485
130_bNAb_Combinations|1313974|sample|6|nan|1176,0.384,0.0816889,5,6,1,0.250097,0.097209,0.097209,0.097209,-0.98879,-0.98879
130_bNAb_Combinations|1313974|sample|6|nan|1176,1.92,0.045856,6,6,1,0.125216,0.0357566,0.0357566,0.0357566,1.36994,1.36994
130_bNAb_Combinations|1313974|sample|6|nan|1176,9.6,0.023805,7,6,1,0.057129,0.0124639,0.0124639,0.0124639,2.6893,2.6893
130_bNAb_Combinations|1313974|sample|6|nan|1176,48,0.00789325,8,6,1,0.0248622,0.00426008,0.00426008,0.00426008,1.16976,1.16976
130_bNAb_Combinations|1313974|sample|7|nan|1176,0.0000768,0.626699,1,7,1,0.868259,0.800283,0.800283,0.800283,-1.56482,-1.56482
130_bNAb_Combinations|1313974|sample|7|nan|1176,0.000384,0.800727,2,7,1,0.839164,0.799832,0.799832,0.799832,0.00807031,0.00807031
130_bNAb_Combinations|1313974|sample|7|nan|1176,0.00192,0.993736,3,7,1,0.777019,0.798012,0.798012,0.798012,1.76931,1.76931
130_bNAb_Combinations|1313974|sample|7|nan|1176,0.0096,1,4,7,1,0.660305,0.790726,0.790726,0.790726,1.90883,1.90883
130_bNAb_Combinations|1313974|sample|7|nan|1176,0.048,0.854476,5,7,1,0.486048,0.762539,0.762539,0.762539,0.868831,0.868831
130_bNAb_Combinations|1313974|sample|7|nan|1176,0.24,0.743344,6,7,1,0.298211,0.666361,0.666361,0.666361,0.829655,0.829655
130_bNAb_Combinations|1313974|sample|7|nan|1176,1.2,0.326505,7,7,1,0.155124,0.441098,0.441098,0.441098,-1.84006,-1.84006
130_bNAb_Combinations|1313974|sample|7|nan|1176,6,0.132932,8,7,1,0.0723112,0.186216,0.186216,0.186216,-1.91997,-1.91997
130_bNAb_Combinations|1313974|sample|8|nan|1176,0.0000768,0.625321,1,8,1,0.868259,0.800283,0.800283,0.800283,-1.57724,-1.57724
130_bNAb_Combinations|1313974|sample|8|nan|1176,0.000384,0.783938,2,8,1,0.839164,0.799832,0.799832,0.799832,-0.14336,-0.14336
130_bNAb_Combinations|1313974|sample|8|nan|1176,0.00192,0.983211,3,8,1,0.777019,0.798012,0.798012,0.798012,1.67417,1.67417
130_bNAb_Combinations|1313974|sample|8|nan|1176,0.0096,0.927081,4,8,1,0.660305,0.790726,0.790726,0.790726,1.24372,1.24372
130_bNAb_Combinations|1313974|sample|8|nan|1176,0.048,0.862056,5,8,1,0.486048,0.762539,0.762539,0.762539,0.940465,0.940465
130_bNAb_Combinations|1313974|sample|8|nan|1176,0.24,0.641108,6,8,1,0.298211,0.666361,0.666361,0.666361,-0.272161,-0.272161
130_bNAb_Combinations|1313974|sample|8|nan|1176,1.2,0.408069,7,8,1,0.155124,0.441098,0.441098,0.441098,-0.530364,-0.530364
130_bNAb_Combinations|1313974|sample|8|nan|1176,6,0.107499,8,8,1,0.0723112,0.186216,0.186216,0.186216,-2.83643,-2.83643
130_bNAb_Combinations|1313974|sample|9|nan|1176,0.0003648,0.584727,1,9,1,0.84049,0.799858,0.799858,0.799858,-1.94036,-1.94036
130_bNAb_Combinations|1313974|sample|9|nan|1176,0.001824,0.879471,2,9,1,0.779736,0.798117,0.798117,0.798117,0.735335,0.735335
130_bNAb_Combinations|1313974|sample|9|nan|1176,0.00912,0.847836,3,9,1,0.665006,0.791145,0.791145,0.791145,0.516824,0.516824
130_bNAb_Combinations|1313974|sample|9|nan|1176,0.0456,0.917183,4,9,1,0.492161,0.764116,0.764116,0.764116,1.44362,1.44362
130_bNAb_Combinations|1313974|sample|9|nan|1176,0.228,0.733697,5,9,1,0.303735,0.671262,0.671262,0.671262,0.668085,0.668085
130_bNAb_Combinations|1313974|sample|9|nan|1176,1.14,0.394788,6,9,1,0.158708,0.449902,0.449902,0.449902,-0.86836,-0.86836
130_bNAb_Combinations|1313974|sample|9|nan|1176,5.7,0.20109,7,9,1,0.0741748,0.19266,0.19266,0.19266,0.294481,0.294481
130_bNAb_Combinations|1313974|sample|9|nan|1176,28.5,0.0780555,8,9,1,0.0326576,0.0581166,0.0581166,0.0581166,1.91704,1.91704
130_bNAb_Combinations|1313974|vc|1|2|nan|1176,0,0.615047,1,2,1,0.890522,0.814922,0.814922,0.814922,-1.77018,-1.77018
130_bNAb_Combinations|1313974|vc|2|2|nan|1176,0,0.671678,2,2,1,0.890522,0.814922,0.814922,0.814922,-1.26863,-1.26863
130_bNAb_Combinations|1313974|vc|3|2|nan|1176,0,0.718411,3,2,1,0.890522,0.814922,0.814922,0.814922,-0.854739,-0.854739
130_bNAb_Combinations|1313974|vc|4|2|nan|1176,0,0.81739,4,2,1,0.890522,0.814922,0.814922,0.814922,0.0218635,0.0218635
130_bNAb_Combinations|1313974|vc|5|2|nan|1176,0,0.786068,5,2,1,0.890522,0.814922,0.814922,0.814922,-0.255542,-0.255542
130_bNAb_Combinations|1313974|vc|6|2|nan|1176,0,0.718662,6,2,1,0.890522,0.814922,0.814922,0.814922,-0.85252,-0.85252
130_bNAb_Combinations|1313974|vc|7|2|nan|1176,0,0.706008,7,2,1,0.890522,0.814922,0.814922,0.814922,-0.964592,-0.964592
130_bNAb_Combinations|1313974|vc|8|2|nan|1176,0,0.513437,8,2,1,0.890522,0.814922,0.814922,0.814922,-2.67008,-2.67008
130_bNAb_Combinations|1313992|cc|1|1|RHPA4259.7|5371,0,0.000660826,1,1,0,0,0,0,0,0.261312,0.261312
130_bNAb_Combinations|1313992|cc|2|1|RHPA4259.7|5371,0,0.00171458,2,1,0,0,0,0,0,0.677997,0.677997
130_bNAb_Combinations|1313992|cc|3|1|RHPA4259.7|5371,0,0.00114305,3,1,0,0,0,0,0,0.451998,0.451998
130_bNAb_Combinations|1313992|cc|4|1|RHPA4259.7|5371,0,0.00148239,4,1,0,0,0,0,0,0.586185,0.586185
130_bNAb_Combinations|1313992|cc|5|1|RHPA4259.7|5371,0,0.00150025,5,1,0,0,0,0,0,0.593248,0.593248
130_bNAb_Combinations|1313992|cc|6|1|RHPA4259.7|5371,0,0.00133951,6,1,0,0,0,0,0,0.529686,0.529686
130_bNAb_Combinations|1313992|cc|7|1|RHPA4259.7|5371,0,0.001661,7,1,0,0,0,0,0,0.65681,0.65681
130_bNAb_Combinations|1313992|cc|8|1|RHPA4259.7|5371,0,0.00142881,8,1,0,0,0,0,0,0.564998,0.564998
130_bNAb_Combinations|1313992|sample|10|RHPA4259.7|5371,0.0003648,0.6759,1,10,1,0.84049,0.782506,0.782506,0.782506,-0.982352,-0.982352
130_bNAb_Combinations|1313992|sample|10|RHPA4259.7|5371,0.001824,0.701074,2,10,1,0.779736,0.777104,0.777104,0.777104,-0.705353,-0.705353
130_bNAb_Combinations|1313992|sample|10|RHPA4259.7|5371,0.00912,0.541985,3,10,1,0.665006,0.69295,0.69295,0.69295,-1.56618,-1.56618
130_bNAb_Combinations|1313992|sample|10|RHPA4259.7|5371,0.0456,0.23562,4,10,1,0.492161,0.23855,0.23855,0.23855,-0.0840936,-0.0840936
130_bNAb_Combinations|1313992|sample|10|RHPA4259.7|5371,0.228,0.0160206,5,10,1,0.303735,0.0190315,0.0190315,0.0190315,-0.589593,-0.589593
130_bNAb_Combinations|1313992|sample|10|RHPA4259.7|5371,1.14,0.00158956,6,10,1,0.158708,0.00110742,0.00110742,0.00110742,0.179977,0.179977
130_bNAb_Combinations|1313992|sample|10|RHPA4259.7|5371,5.7,0.000392924,7,10,1,0.0741748,6.31188e-05,6.31188e-05,6.31188e-05,0.129976,0.129976
130_bNAb_Combinations|1313992|sample|10|RHPA4259.7|5371,28.5,0.000928729,8,10,1,0.0326576,3.66592e-06,3.66592e-06,3.66592e-06,0.365727,0.365727
130_bNAb_Combinations|1313992|sample|11|RHPA4259.7|5371,0.0003712,0.650289,1,11,1,0.840044,0.782056,0.782056,0.782056,-1.21489,-1.21489
130_bNAb_Combinations|1313992|sample|11|RHPA4259.7|5371,0.001856,0.618283,2,11,1,0.778821,0.772591,0.772591,0.772591,-1.43973,-1.43973
130_bNAb_Combinations|1313992|sample|11|RHPA4259.7|5371,0.00928,0.451639,3,11,1,0.663419,0.665266,0.665266,0.665266,-2.30598,-2.30598
130_bNAb_Combinations|1313992|sample|11|RHPA4259.7|5371,0.0464,0.163215,4,11,1,0.49009,0.233301,0.233301,0.233301,-2.05348,-2.05348
130_bNAb_Combinations|1313992|sample|11|RHPA4259.7|5371,0.2319999999999999,0.0123414,5,11,1,0.301856,0.0241653,0.0241653,0.0241653,-2.03786,-2.03786
130_bNAb_Combinations|1313992|sample|11|RHPA4259.7|5371,1.16,0,6,11,1,0.157485,0.0018666,0.0018666,0.0018666,-0.671022,-0.671022
130_bNAb_Combinations|1313992|sample|11|RHPA4259.7|5371,5.8,0.000839428,7,11,1,0.0735381,0.000140621,0.000140621,0.000140621,0.274265,0.274265
130_bNAb_Combinations|1313992|sample|11|RHPA4259.7|5371,29,0.000500085,8,11,1,0.0323631,1.08192e-05,1.08192e-05,1.08192e-05,0.193359,0.193359
130_bNAb_Combinations|1313992|sample|12|RHPA4259.7|5371,0.0003712,0.617105,1,12,1,0.840044,0.782056,0.782056,0.782056,-1.52085,-1.52085
130_bNAb_Combinations|1313992|sample|12|RHPA4259.7|5371,0.001856,0.643716,2,12,1,0.778821,0.772591,0.772591,0.772591,-1.20243,-1.20243
130_bNAb_Combinations|1313992|sample|12|RHPA4259.7|5371,0.00928,0.450916,3,12,1,0.663419,0.665266,0.665266,0.665266,-2.31378,-2.31378
130_bNAb_Combinations|1313992|sample|12|RHPA4259.7|5371,0.0464,0.208089,4,12,1,0.49009,0.233301,0.233301,0.233301,-0.738695,-0.738695
130_bNAb_Combinations|1313992|sample|12|RHPA4259.7|5371,0.2319999999999999,0.0184138,5,12,1,0.301856,0.0241653,0.0241653,0.0241653,-0.991273,-0.991273
130_bNAb_Combinations|1313992|sample|12|RHPA4259.7|5371,1.16,0.000125021,6,12,1,0.157485,0.0018666,0.0018666,0.0018666,-0.626079,-0.626079
130_bNAb_Combinations|1313992|sample|12|RHPA4259.7|5371,5.8,0.000500085,7,12,1,0.0735381,0.000140621,0.000140621,0.000140621,0.141081,0.141081
130_bNAb_Combinations|1313992|sample|12|RHPA4259.7|5371,29,0.000285763,8,12,1,0.0323631,1.08192e-05,1.08192e-05,1.08192e-05,0.108658,0.108658
130_bNAb_Combinations|1313992|sample|3|RHPA4259.7|5371,0.000064,0.754539,1,3,1,0.870301,0.782834,0.782834,0.782834,-0.260631,-0.260631
130_bNAb_Combinations|1313992|sample|3|RHPA4259.7|5371,0.00032,0.910976,2,3,1,0.843731,0.782832,0.782832,0.782832,1.18034,1.18034
130_bNAb_Combinations|1313992|sample|3|RHPA4259.7|5371,0.0016,0.927479,3,3,1,0.786426,0.782801,0.782801,0.782801,1.33268,1.33268
130_bNAb_Combinations|1313992|sample|3|RHPA4259.7|5371,0.008,0.944785,4,3,1,0.676723,0.782298,0.782298,0.782298,1.49767,1.49767
130_bNAb_Combinations|1313992|sample|3|RHPA4259.7|5371,0.04,0.905162,5,3,1,0.50769,0.774198,0.774198,0.774198,1.21945,1.21945
130_bNAb_Combinations|1313992|sample|3|RHPA4259.7|5371,0.2,0.651807,6,3,1,0.318065,0.662562,0.662562,0.662562,-0.116554,-0.116554
130_bNAb_Combinations|1313992|sample|3|RHPA4259.7|5371,1,0.224351,7,3,1,0.168156,0.197985,0.197985,0.197985,0.898411,0.898411
130_bNAb_Combinations|1313992|sample|3|RHPA4259.7|5371,5,0.0158956,8,3,1,0.079135,0.0159532,0.0159532,0.0159532,-0.0122834,-0.0122835
130_bNAb_Combinations|1313992|sample|4|RHPA4259.7|5371,0.000064,0.699119,1,4,1,0.870301,0.782834,0.782834,0.782834,-0.771107,-0.771107
130_bNAb_Combinations|1313992|sample|4|RHPA4259.7|5371,0.00032,0.930694,2,4,1,0.843731,0.782832,0.782832,0.782832,1.36196,1.36196
130_bNAb_Combinations|1313992|sample|4|RHPA4259.7|5371,0.0016,0.969602,3,4,1,0.786426,0.782801,0.782801,0.782801,1.72069,1.72069
130_bNAb_Combinations|1313992|sample|4|RHPA4259.7|5371,0.008,1,4,4,1,0.676723,0.782298,0.782298,0.782298,2.0066,2.0066
130_bNAb_Combinations|1313992|sample|4|RHPA4259.7|5371,0.04,0.855217,5,4,1,0.50769,0.774198,0.774198,0.774198,0.754389,0.754389
130_bNAb_Combinations|1313992|sample|4|RHPA4259.7|5371,0.2,0.614506,6,4,1,0.318065,0.662562,0.662562,0.662562,-0.520794,-0.520794
130_bNAb_Combinations|1313992|sample|4|RHPA4259.7|5371,1,0.229173,7,4,1,0.168156,0.197985,0.197985,0.197985,1.06273,1.06273
130_bNAb_Combinations|1313992|sample|4|RHPA4259.7|5371,5,0.0174851,8,4,1,0.079135,0.0159532,0.0159532,0.0159532,0.326657,0.326657
130_bNAb_Combinations|1313992|sample|5|RHPA4259.7|5371,0.0006144,0.682232,1,5,1,0.825396,0.782828,0.782828,0.782828,-0.926602,-0.926602
130_bNAb_Combinations|1313992|sample|5|RHPA4259.7|5371,0.003072,0.897884,2,5,1,0.749392,0.782732,0.782732,0.782732,1.0608,1.0608
130_bNAb_Combinations|1313992|sample|5|RHPA4259.7|5371,0.01536,0.905895,3,5,1,0.614366,0.781176,0.781176,0.781176,1.15117,1.15117
130_bNAb_Combinations|1313992|sample|5|RHPA4259.7|5371,0.0768,0.832025,4,5,1,0.42961,0.756688,0.756688,0.756688,0.71733,0.71733
130_bNAb_Combinations|1313992|sample|5|RHPA4259.7|5371,0.384,0.471151,5,5,1,0.250097,0.50108,0.50108,0.50108,-0.425113,-0.425113
130_bNAb_Combinations|1313992|sample|5|RHPA4259.7|5371,1.92,0.0757807,6,5,1,0.125216,0.0771243,0.0771243,0.0771243,-0.10355,-0.10355
130_bNAb_Combinations|1313992|sample|5|RHPA4259.7|5371,9.6,0.0066797,7,5,1,0.057129,0.00522226,0.00522226,0.00522226,0.450351,0.450351
130_bNAb_Combinations|1313992|sample|5|RHPA4259.7|5371,48,0.00155384,8,5,1,0.0248622,0.000322949,0.000322949,0.000322949,0.478455,0.478455
130_bNAb_Combinations|1313992|sample|6|RHPA4259.7|5371,0.0006144,0.679213,1,6,1,0.825396,0.782828,0.782828,0.782828,-0.954405,-0.954405
130_bNAb_Combinations|1313992|sample|6|RHPA4259.7|5371,0.003072,0.909244,2,6,1,0.749392,0.782732,0.782732,0.782732,1.16545,1.16545
130_bNAb_Combinations|1313992|sample|6|RHPA4259.7|5371,0.01536,0.882409,3,6,1,0.614366,0.781176,0.781176,0.781176,0.934392,0.934392
130_bNAb_Combinations|1313992|sample|6|RHPA4259.7|5371,0.0768,0.759665,4,6,1,0.42961,0.756688,0.756688,0.756688,0.0283403,0.0283403
130_bNAb_Combinations|1313992|sample|6|RHPA4259.7|5371,0.384,0.442039,5,6,1,0.250097,0.50108,0.50108,0.50108,-0.838629,-0.838629
130_bNAb_Combinations|1313992|sample|6|RHPA4259.7|5371,1.92,0.0812102,6,6,1,0.125216,0.0771243,0.0771243,0.0771243,0.31489,0.31489
130_bNAb_Combinations|1313992|sample|6|RHPA4259.7|5371,9.6,0.00728695,7,6,1,0.057129,0.00522226,0.00522226,0.00522226,0.63799,0.63799
130_bNAb_Combinations|1313992|sample|6|RHPA4259.7|5371,48,0.000660826,8,6,1,0.0248622,0.000322949,0.000322949,0.000322949,0.131336,0.131336
130_bNAb_Combinations|1313992|sample|7|RHPA4259.7|5371,0.0000768,0.658728,1,7,1,0.868259,0.782814,0.782814,0.782814,-1.14299,-1.14299
130_bNAb_Combinations|1313992|sample|7|RHPA4259.7|5371,0.000384,0.835624,2,7,1,0.839164,0.782475,0.782475,0.782475,0.489775,0.489775
130_bNAb_Combinations|1313992|sample|7|RHPA4259.7|5371,0.00192,0.789589,3,7,1,0.777019,0.77656,0.77656,0.77656,0.12096,0.12096
130_bNAb_Combinations|1313992|sample|7|RHPA4259.7|5371,0.0096,0.635402,4,7,1,0.660305,0.68542,0.68542,0.68542,-0.524452,-0.524452
130_bNAb_Combinations|1313992|sample|7|RHPA4259.7|5371,0.048,0.221618,5,7,1,0.486048,0.22367,0.22367,0.22367,-0.0625023,-0.0625023
130_bNAb_Combinations|1313992|sample|7|RHPA4259.7|5371,0.24,0.0149132,6,7,1,0.298211,0.0174064,0.0174064,0.0174064,-0.510198,-0.510198
130_bNAb_Combinations|1313992|sample|7|RHPA4259.7|5371,1.2,0.00198248,7,7,1,0.155124,0.00101084,0.00101084,0.00101084,0.364484,0.364484
130_bNAb_Combinations|1313992|sample|7|RHPA4259.7|5371,6,0.00167886,8,7,1,0.0723112,5.76141e-05,5.76141e-05,5.76141e-05,0.639118,0.639118
130_bNAb_Combinations|1313992|sample|8|RHPA4259.7|5371,0.0000768,0.639796,1,8,1,0.868259,0.782814,0.782814,0.782814,-1.31737,-1.31737
130_bNAb_Combinations|1313992|sample|8|RHPA4259.7|5371,0.000384,0.832418,2,8,1,0.839164,0.782475,0.782475,0.782475,0.460232,0.460232
130_bNAb_Combinations|1313992|sample|8|RHPA4259.7|5371,0.00192,0.855234,3,8,1,0.777019,0.77656,0.77656,0.77656,0.730389,0.730389
130_bNAb_Combinations|1313992|sample|8|RHPA4259.7|5371,0.0096,0.694582,4,8,1,0.660305,0.68542,0.68542,0.68542,0.0960718,0.0960718
130_bNAb_Combinations|1313992|sample|8|RHPA4259.7|5371,0.048,0.261848,5,8,1,0.486048,0.22367,0.22367,0.22367,1.16307,1.16307
130_bNAb_Combinations|1313992|sample|8|RHPA4259.7|5371,0.24,0.0198069,6,8,1,0.298211,0.0174064,0.0174064,0.0174064,0.491249,0.491249
130_bNAb_Combinations|1313992|sample|8|RHPA4259.7|5371,1.2,0.00117877,7,8,1,0.155124,0.00101084,0.00101084,0.00101084,0.0629955,0.0629955
130_bNAb_Combinations|1313992|sample|8|RHPA4259.7|5371,6,0.000464364,8,8,1,0.0723112,5.76141e-05,5.76141e-05,5.76141e-05,0.160347,0.160347
130_bNAb_Combinations|1313992|sample|9|RHPA4259.7|5371,0.0003648,0.59653,1,9,1,0.84049,0.782506,0.782506,0.782506,-1.71374,-1.71374
130_bNAb_Combinations|1313992|sample|9|RHPA4259.7|5371,0.001824,0.754182,2,9,1,0.779736,0.777104,0.777104,0.777104,-0.212659,-0.212659
130_bNAb_Combinations|1313992|sample|9|RHPA4259.7|5371,0.00912,0.593958,3,9,1,0.665006,0.69295,0.69295,0.69295,-1.02699,-1.02699
130_bNAb_Combinations|1313992|sample|9|RHPA4259.7|5371,0.0456,0.260651,4,9,1,0.492161,0.23855,0.23855,0.23855,0.634341,0.634341
130_bNAb_Combinations|1313992|sample|9|RHPA4259.7|5371,0.228,0.0158598,5,9,1,0.303735,0.0190315,0.0190315,0.0190315,-0.621069,-0.621069
130_bNAb_Combinations|1313992|sample|9|RHPA4259.7|5371,1.14,0.000964449,6,9,1,0.158708,0.00110742,0.00110742,0.00110742,-0.0533688,-0.0533688
130_bNAb_Combinations|1313992|sample|9|RHPA4259.7|5371,5.7,0.000267903,7,9,1,0.0741748,6.31188e-05,6.31188e-05,6.31188e-05,0.0807051,0.0807051
130_bNAb_Combinations|1313992|sample|9|RHPA4259.7|5371,28.5,0.000839428,8,9,1,0.0326576,3.66592e-06,3.66592e-06,3.66592e-06,0.330422,0.330422
130_bNAb_Combinations|1313992|vc|1|2|RHPA4259.7|5371,0,0.779132,1,2,1,0.890522,0.797007,0.797007,0.797007,-0.161782,-0.161782
130_bNAb_Combinations|1313992|vc|2|2|RHPA4259.7|5371,0,0.953474,2,2,1,0.890522,0.797007,0.797007,0.797007,1.41618,1.41618
130_bNAb_Combinations|1313992|vc|3|2|RHPA4259.7|5371,0,0.91795,3,2,1,0.890522,0.797007,0.797007,0.797007,1.09466,1.09466
130_bNAb_Combinations|1313992|vc|4|2|RHPA4259.7|5371,0,0.938007,4,2,1,0.890522,0.797007,0.797007,0.797007,1.27619,1.27619
130_bNAb_Combinations|1313992|vc|5|2|RHPA4259.7|5371,0,0.961699,5,2,1,0.890522,0.797007,0.797007,0.797007,1.49062,1.49062
130_bNAb_Combinations|1313992|vc|6|2|RHPA4259.7|5371,0,0.866995,6,2,1,0.890522,0.797007,0.797007,0.797007,0.633465,0.633465
130_bNAb_Combinations|1313992|vc|7|2|RHPA4259.7|5371,0,0.852279,7,2,1,0.890522,0.797007,0.797007,0.797007,0.500263,0.500263
130_bNAb_Combinations|1313992|vc|8|2|RHPA4259.7|5371,0,0.715353,8,2,1,0.890522,0.797007,0.797007,0.797007,-0.739042,-0.739042
130_bNAb_Combinations|1314016|cc|1|1|nan|3430,0,0.0013549,1,1,0,0,0,0,0,0.535768,0.535768
130_bNAb_Combinations|1314016|cc|2|1|nan|3430,0,0.00201049,2,1,0,0,0,0,0,0.795011,0.795011
130_bNAb_Combinations|1314016|cc|3|1|nan|3430,0,0.00170455,3,1,0,0,0,0,0,0.674031,0.674031
130_bNAb_Combinations|1314016|cc|4|1|nan|3430,0,0.00253497,4,1,0,0,0,0,0,1.0024,1.0024
130_bNAb_Combinations|1314016|cc|5|1|nan|3430,0,0.00104895,5,1,0,0,0,0,0,0.414788,0.414788
130_bNAb_Combinations|1314016|cc|6|1|nan|3430,0,0.000743007,6,1,0,0,0,0,0,0.293808,0.293808
130_bNAb_Combinations|1314016|cc|7|1|nan|3430,0,0,7,1,0,0,0,0,0,0,0
130_bNAb_Combinations|1314016|cc|8|1|nan|3430,0,0.00187937,8,1,0,0,0,0,0,0.743162,0.743162
130_bNAb_Combinations|1314016|sample|10|nan|3430,0.0003648,0.774781,1,10,1,0.84049,0.867057,0.867057,0.867057,-0.769134,-0.769134
130_bNAb_Combinations|1314016|sample|10|nan|3430,0.001824,0.738134,2,10,1,0.779736,0.837543,0.837543,0.837543,-0.857156,-0.857156
130_bNAb_Combinations|1314016|sample|10|nan|3430,0.00912,0.636976,3,10,1,0.665006,0.714898,0.714898,0.714898,-0.784217,-0.784217
130_bNAb_Combinations|1314016|sample|10|nan|3430,0.0456,0.400415,4,10,1,0.492161,0.411329,0.411329,0.411329,-0.187373,-0.187373
130_bNAb_Combinations|1314016|sample|10|nan|3430,0.228,0.120367,5,10,1,0.303735,0.130991,0.130991,0.130991,-0.52407,-0.52407
130_bNAb_Combinations|1314016|sample|10|nan|3430,1.14,0.0218531,6,10,1,0.158708,0.0295362,0.0295362,0.0295362,-1.17665,-1.17665
130_bNAb_Combinations|1314016|sample|10|nan|3430,5.7,0.0119318,7,10,1,0.0741748,0.00602348,0.00602348,0.00602348,1.76644,1.76644
130_bNAb_Combinations|1314016|sample|10|nan|3430,28.5,0.00895979,8,10,1,0.0326576,0.0012018,0.0012018,0.0012018,2.88222,2.88222
130_bNAb_Combinations|1314016|sample|11|nan|3430,0.0003712,1,1,11,1,0.840044,0.874347,0.874347,0.874347,1.03879,1.03879
130_bNAb_Combinations|1314016|sample|11|nan|3430,0.001856,0.764248,2,11,1,0.778821,0.870159,0.870159,0.870159,-0.879705,-0.879705
130_bNAb_Combinations|1314016|sample|11|nan|3430,0.00928,0.669886,3,11,1,0.663419,0.817727,0.817727,0.817727,-1.30495,-1.30495
130_bNAb_Combinations|1314016|sample|11|nan|3430,0.0464,0.36392,4,11,1,0.49009,0.452614,0.452614,0.452614,-1.38939,-1.38939
130_bNAb_Combinations|1314016|sample|11|nan|3430,0.2319999999999999,0.066521,5,11,1,0.301856,0.0648679,0.0648679,0.0648679,0.146087,0.146087
130_bNAb_Combinations|1314016|sample|11|nan|3430,1.16,0.00305944,6,11,1,0.157485,0.00520242,0.00520242,0.00520242,-0.662731,-0.662731
130_bNAb_Combinations|1314016|sample|11|nan|3430,5.8,0.000437063,7,11,1,0.0735381,0.000390765,0.000390765,0.000390765,0.0179322,0.0179322
130_bNAb_Combinations|1314016|sample|11|nan|3430,29,0.00227273,8,11,1,0.0323631,2.92125e-05,2.92125e-05,2.92125e-05,0.88577,0.88577
130_bNAb_Combinations|1314016|sample|12|nan|3430,0.0003712,0.984091,1,12,1,0.840044,0.874347,0.874347,0.874347,0.907264,0.907264
130_bNAb_Combinations|1314016|sample|12|nan|3430,0.001856,0.80153,2,12,1,0.778821,0.870159,0.870159,0.870159,-0.570042,-0.570042
130_bNAb_Combinations|1314016|sample|12|nan|3430,0.00928,0.693553,3,12,1,0.663419,0.817727,0.817727,0.817727,-1.09605,-1.09605
130_bNAb_Combinations|1314016|sample|12|nan|3430,0.0464,0.359899,4,12,1,0.49009,0.452614,0.452614,0.452614,-1.45238,-1.45238
130_bNAb_Combinations|1314016|sample|12|nan|3430,0.2319999999999999,0.0557255,5,12,1,0.301856,0.0648679,0.0648679,0.0648679,-0.807963,-0.807963
130_bNAb_Combinations|1314016|sample|12|nan|3430,1.16,0.000305944,6,12,1,0.157485,0.00520242,0.00520242,0.00520242,-1.51427,-1.51427
130_bNAb_Combinations|1314016|sample|12|nan|3430,5.8,0.00104895,7,12,1,0.0735381,0.000390765,0.000390765,0.000390765,0.254932,0.254932
130_bNAb_Combinations|1314016|sample|12|nan|3430,29,0.00161713,8,12,1,0.0323631,2.92125e-05,2.92125e-05,2.92125e-05,0.626933,0.626933
130_bNAb_Combinations|1314016|sample|3|nan|3430,0.000064,0.934375,1,3,1,0.870301,0.849069,0.849069,0.849069,0.72578,0.72578
130_bNAb_Combinations|1314016|sample|3|nan|3430,0.00032,0.84434,2,3,1,0.843731,0.764222,0.764222,0.764222,0.75551,0.75551
130_bNAb_Combinations|1314016|sample|3|nan|3430,0.0016,0.64458,3,3,1,0.786426,0.51681,0.51681,0.51681,1.76157,1.76157
130_bNAb_Combinations|1314016|sample|3|nan|3430,0.008,0.217177,4,3,1,0.676723,0.202595,0.202595,0.202595,0.486526,0.486526
130_bNAb_Combinations|1314016|sample|3|nan|3430,0.04,0.0300699,5,3,1,0.50769,0.0517799,0.0517799,0.0517799,-2.27506,-2.27506
130_bNAb_Combinations|1314016|sample|3|nan|3430,0.2,0.0116259,6,3,1,0.318065,0.0113407,0.0113407,0.0113407,0.0701414,0.0701414
130_bNAb_Combinations|1314016|sample|3|nan|3430,1,0.00983392,7,3,1,0.168156,0.00239299,0.00239299,0.00239299,2.60809,2.60809
130_bNAb_Combinations|1314016|sample|3|nan|3430,5,0.00957168,8,3,1,0.079135,0.000501804,0.000501804,0.000501804,3.49264,3.49264
130_bNAb_Combinations|1314016|sample|4|nan|3430,0.000064,0.986801,1,4,1,0.870301,0.849069,0.849069,0.849069,1.17182,1.17182
130_bNAb_Combinations|1314016|sample|4|nan|3430,0.00032,0.92017,2,4,1,0.843731,0.764222,0.764222,0.764222,1.47059,1.47059
130_bNAb_Combinations|1314016|sample|4|nan|3430,0.0016,0.701202,3,4,1,0.786426,0.51681,0.51681,0.51681,2.54221,2.54221
130_bNAb_Combinations|1314016|sample|4|nan|3430,0.008,0.233566,4,4,1,0.676723,0.202595,0.202595,0.202595,1.03339,1.03339
130_bNAb_Combinations|1314016|sample|4|nan|3430,0.04,0.0290647,5,4,1,0.50769,0.0517799,0.0517799,0.0517799,-2.3804,-2.3804
130_bNAb_Combinations|1314016|sample|4|nan|3430,0.2,0.0108392,6,4,1,0.318065,0.0113407,0.0113407,0.0113407,-0.123391,-0.123391
130_bNAb_Combinations|1314016|sample|4|nan|3430,1,0.0083042,7,4,1,0.168156,0.00239299,0.00239299,0.00239299,2.07191,2.07191
130_bNAb_Combinations|1314016|sample|4|nan|3430,5,0.00472028,8,4,1,0.079135,0.000501804,0.000501804,0.000501804,1.62446,1.62446
130_bNAb_Combinations|1314016|sample|5|nan|3430,0.0006144,0.749082,1,5,1,0.825396,0.687237,0.687237,0.687237,0.6468,0.6468
130_bNAb_Combinations|1314016|sample|5|nan|3430,0.003072,0.389576,2,5,1,0.749392,0.379194,0.379194,0.379194,0.192651,0.192651
130_bNAb_Combinations|1314016|sample|5|nan|3430,0.01536,0.0907343,3,5,1,0.614366,0.120481,0.120481,0.120481,-1.57821,-1.57821
130_bNAb_Combinations|1314016|sample|5|nan|3430,0.0768,0.0207168,4,5,1,0.42961,0.0282263,0.0282263,0.0282263,-1.18219,-1.18219
130_bNAb_Combinations|1314016|sample|5|nan|3430,0.384,0.0156906,5,5,1,0.250097,0.00604747,0.00604747,0.00604747,2.88023,2.88023
130_bNAb_Combinations|1314016|sample|5|nan|3430,1.92,0.00690559,6,5,1,0.125216,0.00127049,0.00127049,0.00127049,2.08632,2.08632
130_bNAb_Combinations|1314016|sample|5|nan|3430,9.6,0.00743007,7,5,1,0.057129,0.000266719,0.000266719,0.000266719,2.79272,2.79272
130_bNAb_Combinations|1314016|sample|5|nan|3430,48,0.0101836,8,5,1,0.0248622,5.6903e-05,5.6903e-05,5.6903e-05,3.99223,3.99223
130_bNAb_Combinations|1314016|sample|6|nan|3430,0.0006144,0.677579,1,6,1,0.825396,0.687237,0.687237,0.687237,-0.101014,-0.101014
130_bNAb_Combinations|1314016|sample|6|nan|3430,0.003072,0.36038,2,6,1,0.749392,0.379194,0.379194,0.379194,-0.3491,-0.3491
130_bNAb_Combinations|1314016|sample|6|nan|3430,0.01536,0.088243,3,6,1,0.614366,0.120481,0.120481,0.120481,-1.71038,-1.71038
130_bNAb_Combinations|1314016|sample|6|nan|3430,0.0768,0.0203234,4,6,1,0.42961,0.0282263,0.0282263,0.0282263,-1.24411,-1.24411
130_bNAb_Combinations|1314016|sample|6|nan|3430,0.384,0.0114948,5,6,1,0.250097,0.00604747,0.00604747,0.00604747,1.62701,1.62701
130_bNAb_Combinations|1314016|sample|6|nan|3430,1.92,0.00655594,6,6,1,0.125216,0.00127049,0.00127049,0.00127049,1.95687,1.95687
130_bNAb_Combinations|1314016|sample|6|nan|3430,9.6,0.0083479,7,6,1,0.057129,0.000266719,0.000266719,0.000266719,3.15055,3.15055
130_bNAb_Combinations|1314016|sample|6|nan|3430,48,0.00467657,8,6,1,0.0248622,5.6903e-05,5.6903e-05,5.6903e-05,1.82121,1.82121
130_bNAb_Combinations|1314016|sample|7|nan|3430,0.0000768,0.664773,1,7,1,0.868259,0.873082,0.873082,0.873082,-1.72456,-1.72456
130_bNAb_Combinations|1314016|sample|7|nan|3430,0.000384,0.829917,2,7,1,0.839164,0.866657,0.866657,0.866657,-0.306376,-0.306376
130_bNAb_Combinations|1314016|sample|7|nan|3430,0.00192,0.764467,3,7,1,0.777019,0.835666,0.835666,0.835666,-0.615263,-0.615263
130_bNAb_Combinations|1314016|sample|7|nan|3430,0.0096,0.770411,4,7,1,0.660305,0.708056,0.708056,0.708056,0.633454,0.633454
130_bNAb_Combinations|1314016|sample|7|nan|3430,0.048,0.49139,5,7,1,0.486048,0.400116,0.400116,0.400116,1.60904,1.60904
130_bNAb_Combinations|1314016|sample|7|nan|3430,0.24,0.156862,6,7,1,0.298211,0.125353,0.125353,0.125353,1.61515,1.61515
130_bNAb_Combinations|1314016|sample|7|nan|3430,1.2,0.0207168,7,7,1,0.155124,0.0281,0.0281,0.0281,-1.16544,-1.16544
130_bNAb_Combinations|1314016|sample|7|nan|3430,6,0.00895979,8,7,1,0.0723112,0.00572284,0.00572284,0.00572284,0.979691,0.979691
130_bNAb_Combinations|1314016|sample|8|nan|3430,0.0000768,0.754545,1,8,1,0.868259,0.873082,0.873082,0.873082,-0.981345,-0.981345
130_bNAb_Combinations|1314016|sample|8|nan|3430,0.000384,0.798864,2,8,1,0.839164,0.866657,0.866657,0.866657,-0.565327,-0.565327
130_bNAb_Combinations|1314016|sample|8|nan|3430,0.00192,0.800874,3,8,1,0.777019,0.835666,0.835666,0.835666,-0.300652,-0.300652
130_bNAb_Combinations|1314016|sample|8|nan|3430,0.0096,0.751836,4,8,1,0.660305,0.708056,0.708056,0.708056,0.444752,0.444752
130_bNAb_Combinations|1314016|sample|8|nan|3430,0.048,0.501442,5,8,1,0.486048,0.400116,0.400116,0.400116,1.78625,1.78625
130_bNAb_Combinations|1314016|sample|8|nan|3430,0.24,0.11875,6,8,1,0.298211,0.125353,0.125353,0.125353,-0.338476,-0.338476
130_bNAb_Combinations|1314016|sample|8|nan|3430,1.2,0.0323427,7,8,1,0.155124,0.0281,0.0281,0.0281,0.669714,0.669714
130_bNAb_Combinations|1314016|sample|8|nan|3430,6,0.010271,8,8,1,0.0723112,0.00572284,0.00572284,0.00572284,1.37653,1.37653
130_bNAb_Combinations|1314016|sample|9|nan|3430,0.0003648,0.854218,1,9,1,0.84049,0.867057,0.867057,0.867057,-0.107021,-0.107021
130_bNAb_Combinations|1314016|sample|9|nan|3430,0.001824,0.730004,2,9,1,0.779736,0.837543,0.837543,0.837543,-0.927251,-0.927251
130_bNAb_Combinations|1314016|sample|9|nan|3430,0.00912,0.572749,3,9,1,0.665006,0.714898,0.714898,0.714898,-1.4306,-1.4306
130_bNAb_Combinations|1314016|sample|9|nan|3430,0.0456,0.403955,4,9,1,0.492161,0.411329,0.411329,0.411329,-0.126591,-0.126591
130_bNAb_Combinations|1314016|sample|9|nan|3430,0.228,0.124956,5,9,1,0.303735,0.130991,0.130991,0.130991,-0.297689,-0.297689
130_bNAb_Combinations|1314016|sample|9|nan|3430,1.14,0.0266608,6,9,1,0.158708,0.0295362,0.0295362,0.0295362,-0.440357,-0.440357
130_bNAb_Combinations|1314016|sample|9|nan|3430,5.7,0.0117133,7,9,1,0.0741748,0.00602348,0.00602348,0.00602348,1.7011,1.7011
130_bNAb_Combinations|1314016|sample|9|nan|3430,28.5,0.00231643,8,9,1,0.0326576,0.0012018,0.0012018,0.0012018,0.414105,0.414105
130_bNAb_Combinations|1314016|vc|1|2|nan|3430,0,0.961123,1,2,1,0.890522,0.890522,0.890522,0.890522,0.573284,0.573284
130_bNAb_Combinations|1314016|vc|2|2|nan|3430,0,0.986976,2,2,1,0.890522,0.890522,0.890522,0.890522,0.783205,0.783205
130_bNAb_Combinations|1314016|vc|3|2|nan|3430,0,0.934987,3,2,1,0.890522,0.890522,0.890522,0.890522,0.361056,0.361056
130_bNAb_Combinations|1314016|vc|4|2|nan|3430,0,0.886582,4,2,1,0.890522,0.890522,0.890522,0.890522,-0.0319923,-0.0319923
130_bNAb_Combinations|1314016|vc|5|2|nan|3430,0,0.904633,5,2,1,0.890522,0.890522,0.890522,0.890522,0.11458,0.11458
130_bNAb_Combinations|1314016|vc|6|2|nan|3430,0,0.928955,6,2,1,0.890522,0.890522,0.890522,0.890522,0.31208,0.31208
130_bNAb_Combinations|1314016|vc|7|2|nan|3430,0,0.883566,7,2,1,0.890522,0.890522,0.890522,0.890522,-0.0564802,-0.0564802
130_bNAb_Combinations|1314016|vc|8|2|nan|3430,0,0.902404,8,2,1,0.890522,0.890522,0.890522,0.890522,0.0964803,0.0964803
130_bNAb_Combinations|1314040|cc|1|1|nan|4166,0,0.000767291,1,1,0,0,0,0,0,0.303411,0.303411
130_bNAb_Combinations|1314040|cc|2|1|nan|4166,0,0.000630275,2,1,0,0,0,0,0,0.249231,0.249231
130_bNAb_Combinations|1314040|cc|3|1|nan|4166,0,0,3,1,0,0,0,0,0,0,0
130_bNAb_Combinations|1314040|cc|4|1|nan|4166,0,0.00104132,4,1,0,0,0,0,0,0.411772,0.411772
130_bNAb_Combinations|1314040|cc|5|1|nan|4166,0,0.00117834,5,1,0,0,0,0,0,0.465953,0.465953
130_bNAb_Combinations|1314040|cc|6|1|nan|4166,0,0.00202784,6,1,0,0,0,0,0,0.801872,0.801872
130_bNAb_Combinations|1314040|cc|7|1|nan|4166,0,0.001699,7,1,0,0,0,0,0,0.671839,0.671839
130_bNAb_Combinations|1314040|cc|8|1|nan|4166,0,0.00219226,8,1,0,0,0,0,0,0.866889,0.866889
130_bNAb_Combinations|1314040|sample|10|nan|4166,0.0003648,0.809588,1,10,1,0.84049,0.873592,0.873592,0.873592,-0.529571,-0.529571
130_bNAb_Combinations|1314040|sample|10|nan|4166,0.001824,0.790529,2,10,1,0.779736,0.855002,0.855002,0.855002,-0.544805,-0.544805
130_bNAb_Combinations|1314040|sample|10|nan|4166,0.00912,0.456991,3,10,1,0.665006,0.614746,0.614746,0.614746,-1.83869,-1.83869
130_bNAb_Combinations|1314040|sample|10|nan|4166,0.0456,0.0730023,4,10,1,0.492161,0.0997819,0.0997819,0.0997819,-1.66907,-1.66907
130_bNAb_Combinations|1314040|sample|10|nan|4166,0.228,0.0016442,5,10,1,0.303735,0.00608995,0.00608995,0.00608995,-1.32559,-1.32559
130_bNAb_Combinations|1314040|sample|10|nan|4166,1.14,0.00145237,6,10,1,0.158708,0.000333919,0.000333919,0.000333919,0.434501,0.434501
130_bNAb_Combinations|1314040|sample|10|nan|4166,5.7,0.000876905,7,10,1,0.0741748,1.8324e-05,1.8324e-05,1.8324e-05,0.339177,0.339177
130_bNAb_Combinations|1314040|sample|10|nan|4166,28.5,0.00142497,8,10,1,0.0326576,1.13388e-06,1.13388e-06,1.13388e-06,0.562995,0.562995
130_bNAb_Combinations|1314040|sample|11|nan|4166,0.0003712,0.722789,1,11,1,0.840044,0.873664,0.873664,0.873664,-1.24826,-1.24826
130_bNAb_Combinations|1314040|sample|11|nan|4166,0.001856,0.682835,2,11,1,0.778821,0.859793,0.859793,0.859793,-1.48717,-1.48717
130_bNAb_Combinations|1314040|sample|11|nan|4166,0.00928,0.694111,3,11,1,0.663419,0.696195,0.696195,0.696195,-0.0215266,-0.0215266
130_bNAb_Combinations|1314040|sample|11|nan|4166,0.0464,0.1565,4,11,1,0.49009,0.182435,0.182435,0.182435,-0.952093,-0.952093
130_bNAb_Combinations|1314040|sample|11|nan|4166,0.2319999999999999,0.0120848,5,11,1,0.301856,0.0153025,0.0153025,0.0153025,-0.699246,-0.699246
130_bNAb_Combinations|1314040|sample|11|nan|4166,1.16,0.000876905,6,11,1,0.157485,0.00105109,0.00105108,0.00105109,-0.0652055,-0.0652055
130_bNAb_Combinations|1314040|sample|11|nan|4166,5.8,0.000959114,7,11,1,0.0735381,7.11003e-05,7.11003e-05,7.11003e-05,0.349816,0.349816
130_bNAb_Combinations|1314040|sample|11|nan|4166,6,0.00120574,8,11,1,0.0723112,6.71774e-05,6.71774e-05,6.71774e-05,0.448611,0.448611
130_bNAb_Combinations|1314040|sample|12|nan|4166,0.0003712,0.634577,1,12,1,0.840044,0.873664,0.873664,0.873664,-1.97807,-1.97807
130_bNAb_Combinations|1314040|sample|12|nan|4166,0.001856,0.570344,2,12,1,0.778821,0.859793,0.859793,0.859793,-2.43255,-2.43255
130_bNAb_Combinations|1314040|sample|12|nan|4166,0.00928,0.44666,3,12,1,0.663419,0.696195,0.696195,0.696195,-2.57705,-2.57705
130_bNAb_Combinations|1314040|sample|12|nan|4166,0.0464,0.130275,4,12,1,0.49009,0.182435,0.182435,0.182435,-1.91482,-1.91482
130_bNAb_Combinations|1314040|sample|12|nan|4166,0.2319999999999999,0.00937192,5,12,1,0.301856,0.0153025,0.0153025,0.0153025,-1.2888,-1.2888
130_bNAb_Combinations|1314040|sample|12|nan|4166,1.16,0.000685082,6,12,1,0.157485,0.00105109,0.00105108,0.00105109,-0.137015,-0.137015
130_bNAb_Combinations|1314040|sample|12|nan|4166,5.8,0.000959114,7,12,1,0.0735381,7.11003e-05,7.11003e-05,7.11003e-05,0.349816,0.349816
130_bNAb_Combinations|1314040|sample|12|nan|4166,29,0.00142497,8,12,1,0.0323631,4.80692e-06,4.80692e-06,4.80692e-06,0.561433,0.561433
130_bNAb_Combinations|1314040|sample|3|nan|4166,0.000064,0.931259,1,3,1,0.870301,0.862522,0.862522,0.862522,0.575877,0.575877
130_bNAb_Combinations|1314040|sample|3|nan|4166,0.00032,0.9236,2,3,1,0.843731,0.819255,0.819255,0.819255,0.919347,0.919347
130_bNAb_Combinations|1314040|sample|3|nan|4166,0.0016,0.710882,3,3,1,0.786426,0.660336,0.660336,0.660336,0.549576,0.549576
130_bNAb_Combinations|1314040|sample|3|nan|4166,0.008,0.333703,4,3,1,0.676723,0.342032,0.342032,0.342032,-0.17046,-0.17046
130_bNAb_Combinations|1314040|sample|3|nan|4166,0.04,0.08358,5,3,1,0.50769,0.103252,0.103252,0.103252,-1.19121,-1.19121
130_bNAb_Combinations|1314040|sample|3|nan|4166,0.2,0.0126329,6,3,1,0.318065,0.0237403,0.0237403,0.0237403,-1.93354,-1.93354
130_bNAb_Combinations|1314040|sample|3|nan|4166,1,0.0107147,7,3,1,0.168156,0.00505712,0.00505712,0.00505712,1.76035,1.76035
130_bNAb_Combinations|1314040|sample|3|nan|4166,5,0.00452154,8,3,1,0.079135,0.00105901,0.00105901,0.00105901,1.2957,1.2957
130_bNAb_Combinations|1314040|sample|4|nan|4166,0.000064,0.849679,1,4,1,0.870301,0.862522,0.862522,0.862522,-0.1076,-0.1076
130_bNAb_Combinations|1314040|sample|4|nan|4166,0.00032,0.922147,2,4,1,0.843731,0.819255,0.819255,0.819255,0.906551,0.906551
130_bNAb_Combinations|1314040|sample|4|nan|4166,0.0016,0.857325,3,4,1,0.786426,0.660336,0.660336,0.660336,2.14182,2.14182
130_bNAb_Combinations|1314040|sample|4|nan|4166,0.008,0.429779,4,4,1,0.676723,0.342032,0.342032,0.342032,1.79598,1.79598
130_bNAb_Combinations|1314040|sample|4|nan|4166,0.04,0.0907322,5,4,1,0.50769,0.103252,0.103252,0.103252,-0.758126,-0.758126
130_bNAb_Combinations|1314040|sample|4|nan|4166,0.2,0.0240601,6,4,1,0.318065,0.0237403,0.0237403,0.0237403,0.0556718,0.0556718
130_bNAb_Combinations|1314040|sample|4|nan|4166,1,0.0110435,7,4,1,0.168156,0.00505712,0.00505712,0.00505712,1.86267,1.86267
130_bNAb_Combinations|1314040|sample|4|nan|4166,5,0.00460375,8,4,1,0.079135,0.00105901,0.00105901,0.00105901,1.32646,1.32646
130_bNAb_Combinations|1314040|sample|5|nan|4166,0.0006144,0.779376,1,5,1,0.825396,0.775602,0.775602,0.775602,0.0350796,0.0350796
130_bNAb_Combinations|1314040|sample|5|nan|4166,0.003072,0.614409,2,5,1,0.749392,0.542308,0.542308,0.542308,0.948864,0.948864
130_bNAb_Combinations|1314040|sample|5|nan|4166,0.01536,0.200195,3,5,1,0.614366,0.22198,0.22198,0.22198,-0.668323,-0.668323
130_bNAb_Combinations|1314040|sample|5|nan|4166,0.0768,0.0378713,4,5,1,0.42961,0.0579008,0.0579008,0.0579008,-1.93117,-1.93117
130_bNAb_Combinations|1314040|sample|5|nan|4166,0.384,0.0177847,5,5,1,0.250097,0.0127362,0.0127362,0.0127362,1.18675,1.18675
130_bNAb_Combinations|1314040|sample|5|nan|4166,1.92,0.0106325,6,5,1,0.125216,0.00268575,0.00268575,0.00268575,2.74718,2.74718
130_bNAb_Combinations|1314040|sample|5|nan|4166,9.6,0.00548065,7,5,1,0.057129,0.000561242,0.000561242,0.000561242,1.88852,1.88852
130_bNAb_Combinations|1314040|sample|5|nan|4166,48,0.00260331,8,5,1,0.0248622,0.000117104,0.000117104,0.000117104,0.976996,0.976996
130_bNAb_Combinations|1314040|sample|6|nan|4166,0.0006144,0.836677,1,6,1,0.825396,0.775602,0.775602,0.775602,0.567679,0.567679
130_bNAb_Combinations|1314040|sample|6|nan|4166,0.003072,0.59672,2,6,1,0.749392,0.542308,0.542308,0.542308,0.716073,0.716073
130_bNAb_Combinations|1314040|sample|6|nan|4166,0.01536,0.231763,3,6,1,0.614366,0.22198,0.22198,0.22198,0.300141,0.300141
130_bNAb_Combinations|1314040|sample|6|nan|4166,0.0768,0.0379261,4,6,1,0.42961,0.0579008,0.0579008,0.0579008,-1.92588,-1.92588
130_bNAb_Combinations|1314040|sample|6|nan|4166,0.384,0.0173463,5,6,1,0.250097,0.0127362,0.0127362,0.0127362,1.08368,1.08368
130_bNAb_Combinations|1314040|sample|6|nan|4166,1.92,0.00800175,6,6,1,0.125216,0.00268575,0.00268575,0.00268575,1.83774,1.83774
130_bNAb_Combinations|1314040|sample|6|nan|4166,9.6,0.00649457,7,6,1,0.057129,0.000561242,0.000561242,0.000561242,2.27775,2.27775
130_bNAb_Combinations|1314040|sample|6|nan|4166,48,0.00227447,8,6,1,0.0248622,0.000117104,0.000117104,0.000117104,0.847773,0.847773
130_bNAb_Combinations|1314040|sample|7|nan|4166,0.0000768,0.895881,1,7,1,0.868259,0.874621,0.874621,0.874621,0.175704,0.175704
130_bNAb_Combinations|1314040|sample|7|nan|4166,0.000384,1,2,7,1,0.839164,0.873486,0.873486,0.873486,1.04692,1.04692
130_bNAb_Combinations|1314040|sample|7|nan|4166,0.00192,0.885057,3,7,1,0.777019,0.853136,0.853136,0.853136,0.270315,0.270315
130_bNAb_Combinations|1314040|sample|7|nan|4166,0.0096,0.541804,4,7,1,0.660305,0.597487,0.597487,0.597487,-0.667188,-0.667188
130_bNAb_Combinations|1314040|sample|7|nan|4166,0.048,0.108462,5,7,1,0.486048,0.091871,0.091871,0.091871,1.10807,1.10807
130_bNAb_Combinations|1314040|sample|7|nan|4166,0.24,0.00367204,6,7,1,0.298211,0.0055539,0.0055539,0.0055539,-0.573533,-0.573533
130_bNAb_Combinations|1314040|sample|7|nan|4166,1.2,0.00134276,7,7,1,0.155124,0.000304362,0.000304362,0.000304362,0.404029,0.404029
130_bNAb_Combinations|1314040|sample|7|nan|4166,6,0.00120574,8,7,1,0.0723112,1.67135e-05,1.67135e-05,1.67135e-05,0.469759,0.469759
130_bNAb_Combinations|1314040|sample|8|nan|4166,0.0000768,0.844966,1,8,1,0.868259,0.874621,0.874621,0.874621,-0.245089,-0.245089
130_bNAb_Combinations|1314040|sample|8|nan|4166,0.000384,0.936,2,8,1,0.839164,0.873486,0.873486,0.873486,0.517311,0.517311
130_bNAb_Combinations|1314040|sample|8|nan|4166,0.00192,0.95599,3,8,1,0.777019,0.853136,0.853136,0.853136,0.870996,0.870996
130_bNAb_Combinations|1314040|sample|8|nan|4166,0.0096,0.549326,4,8,1,0.660305,0.597487,0.597487,0.597487,-0.577058,-0.577058
130_bNAb_Combinations|1314040|sample|8|nan|4166,0.048,0.117697,5,8,1,0.486048,0.091871,0.091871,0.091871,1.72484,1.72484
130_bNAb_Combinations|1314040|sample|8|nan|4166,0.24,0.00523402,6,8,1,0.298211,0.0055539,0.0055539,0.0055539,-0.097488,-0.097488
130_bNAb_Combinations|1314040|sample|8|nan|4166,1.2,0.00183602,7,8,1,0.155124,0.000304362,0.000304362,0.000304362,0.59595,0.59595
130_bNAb_Combinations|1314040|sample|8|nan|4166,29,0.00120574,8,8,1,0.0323631,1.10323e-06,1.10323e-06,1.10323e-06,0.476325,0.476325
130_bNAb_Combinations|1314040|sample|9|nan|4166,0.0003648,0.860586,1,9,1,0.84049,0.873592,0.873592,0.873592,-0.107612,-0.107612
130_bNAb_Combinations|1314040|sample|9|nan|4166,0.001824,0.800655,2,9,1,0.779736,0.855002,0.855002,0.855002,-0.459243,-0.459243
130_bNAb_Combinations|1314040|sample|9|nan|4166,0.00912,0.529856,3,9,1,0.665006,0.614746,0.614746,0.614746,-0.989419,-0.989419
130_bNAb_Combinations|1314040|sample|9|nan|4166,0.0456,0.113285,4,9,1,0.492161,0.0997819,0.0997819,0.0997819,0.841606,0.841606
130_bNAb_Combinations|1314040|sample|9|nan|4166,0.228,0.00408309,5,9,1,0.303735,0.00608995,0.00608995,0.00608995,-0.598388,-0.598388
130_bNAb_Combinations|1314040|sample|9|nan|4166,1.14,0.000959114,6,9,1,0.158708,0.000333919,0.000333919,0.000333919,0.242878,0.242878
130_bNAb_Combinations|1314040|sample|9|nan|4166,5.7,0.00134276,7,9,1,0.0741748,1.8324e-05,1.8324e-05,1.8324e-05,0.52321,0.52321
130_bNAb_Combinations|1314040|sample|9|nan|4166,28.5,0.00109613,8,9,1,0.0326576,1.13388e-06,1.13388e-06,1.13388e-06,0.43297,0.43297
130_bNAb_Combinations|1314040|vc|1|2|nan|4166,0,0.872575,1,2,1,0.890522,0.890522,0.890522,0.890522,-0.145733,-0.145733
130_bNAb_Combinations|1314040|vc|2|2|nan|4166,0,0.811123,2,2,1,0.890522,0.890522,0.890522,0.890522,-0.644724,-0.644724
130_bNAb_Combinations|1314040|vc|3|2|nan|4166,0,0.8264,3,2,1,0.890522,0.890522,0.890522,0.890522,-0.520671,-0.520671
130_bNAb_Combinations|1314040|vc|4|2|nan|4166,0,0.88503,4,2,1,0.890522,0.890522,0.890522,0.890522,-0.0445992,-0.0445992
130_bNAb_Combinations|1314040|vc|5|2|nan|4166,0,0.762811,5,2,1,0.890522,0.890522,0.890522,0.890522,-1.03702,-1.03702
130_bNAb_Combinations|1314040|vc|6|2|nan|4166,0,0.755714,6,2,1,0.890522,0.890522,0.890522,0.890522,-1.09465,-1.09465
130_bNAb_Combinations|1314040|vc|7|2|nan|4166,0,0.742903,7,2,1,0.890522,0.890522,0.890522,0.890522,-1.19868,-1.19868
130_bNAb_Combinations|1314040|vc|8|2|nan|4166,0,0.592911,8,2,1,0.890522,0.890522,0.890522,0.890522,-2.41661,-2.41661
130_bNAb_Combinations|1314058|cc|1|1|nan|2944,0,0.00196858,1,1,0,0,0,0,0,0.77844,0.77844
130_bNAb_Combinations|1314058|cc|2|1|nan|2944,0,0.000401752,2,1,0,0,0,0,0,0.158865,0.158865
130_bNAb_Combinations|1314058|cc|3|1|nan|2944,0,0.00192841,3,1,0,0,0,0,0,0.762553,0.762553
130_bNAb_Combinations|1314058|cc|4|1|nan|2944,0,0.00156683,4,1,0,0,0,0,0,0.619574,0.619574
130_bNAb_Combinations|1314058|cc|5|1|nan|2944,0,0.00192841,5,1,0,0,0,0,0,0.762553,0.762553
130_bNAb_Combinations|1314058|cc|6|1|nan|2944,0,0.00273191,6,1,0,0,0,0,0,1.08028,1.08028
130_bNAb_Combinations|1314058|cc|7|1|nan|2944,0,0.00228998,7,1,0,0,0,0,0,0.905532,0.905532
130_bNAb_Combinations|1314058|cc|8|1|nan|2944,0,0,8,1,0,0,0,0,0,0,0
130_bNAb_Combinations|1314058|sample|10|nan|2944,0.0003648,0.569001,1,10,1,0.84049,0.818931,0.818931,0.818931,-2.2029,-2.2029
130_bNAb_Combinations|1314058|sample|10|nan|2944,0.001824,0.774678,2,10,1,0.779736,0.802182,0.802182,0.802182,-0.24737,-0.24737
130_bNAb_Combinations|1314058|sample|10|nan|2944,0.00912,0.604516,3,10,1,0.665006,0.58815,0.58815,0.58815,0.199111,0.199111
130_bNAb_Combinations|1314058|sample|10|nan|2944,0.0456,0.103933,4,10,1,0.492161,0.102334,0.102334,0.102334,0.0975874,0.0975873
130_bNAb_Combinations|1314058|sample|10|nan|2944,0.228,0.00494155,5,10,1,0.303735,0.00651932,0.00651932,0.00651932,-0.462429,-0.462429
130_bNAb_Combinations|1314058|sample|10|nan|2944,1.14,0.00176771,6,10,1,0.158708,0.000369221,0.000369221,0.000369221,0.542281,0.542281
130_bNAb_Combinations|1314058|sample|10|nan|2944,5.7,0.00212928,7,10,1,0.0741748,2.08108e-05,2.08108e-05,2.08108e-05,0.832828,0.832828
130_bNAb_Combinations|1314058|sample|10|nan|2944,28.5,0.00152666,8,10,1,0.0326576,1.22066e-06,1.22066e-06,1.22066e-06,0.603166,0.603166
130_bNAb_Combinations|1314058|sample|11|nan|2944,0.0003712,0.654956,1,11,1,0.840044,0.819635,0.819635,0.819635,-1.45028,-1.45028
130_bNAb_Combinations|1314058|sample|11|nan|2944,0.001856,0.910209,2,11,1,0.778821,0.816493,0.816493,0.816493,0.828425,0.828425
130_bNAb_Combinations|1314058|sample|11|nan|2944,0.00928,0.826323,3,11,1,0.663419,0.783449,0.783449,0.783449,0.394611,0.394611
130_bNAb_Combinations|1314058|sample|11|nan|2944,0.0464,0.531096,4,11,1,0.49009,0.542058,0.542058,0.542058,-0.144337,-0.144337
130_bNAb_Combinations|1314058|sample|11|nan|2944,0.2319999999999999,0.155357,5,11,1,0.301856,0.123467,0.123467,0.123467,1.65639,1.65639
130_bNAb_Combinations|1314058|sample|11|nan|2944,1.16,0.00719135,6,11,1,0.157485,0.0130005,0.0130005,0.0130005,-1.35416,-1.35416
130_bNAb_Combinations|1314058|sample|11|nan|2944,5.8,0.000964204,7,11,1,0.0735381,0.00119877,0.00119877,0.00119877,-0.0871592,-0.0871593
130_bNAb_Combinations|1314058|sample|11|nan|2944,29,0.00116508,8,11,1,0.0323631,0.000109094,0.000109094,0.000109094,0.415144,0.415144
130_bNAb_Combinations|1314058|sample|12|nan|2944,0.0003712,0.691174,1,12,1,0.840044,0.819635,0.819635,0.819635,-1.13132,-1.13132
130_bNAb_Combinations|1314058|sample|12|nan|2944,0.001856,0.787493,2,12,1,0.778821,0.816493,0.816493,0.816493,-0.256351,-0.256351
130_bNAb_Combinations|1314058|sample|12|nan|2944,0.00928,0.705837,3,12,1,0.663419,0.783449,0.783449,0.783449,-0.714331,-0.714331
130_bNAb_Combinations|1314058|sample|12|nan|2944,0.0464,0.438512,4,12,1,0.49009,0.542058,0.542058,0.542058,-1.36331,-1.36331
130_bNAb_Combinations|1314058|sample|12|nan|2944,0.2319999999999999,0.141899,5,12,1,0.301856,0.123467,0.123467,0.123467,0.957342,0.957342
130_bNAb_Combinations|1314058|sample|12|nan|2944,1.16,0.0106062,6,12,1,0.157485,0.0130005,0.0130005,0.0130005,-0.558114,-0.558114
130_bNAb_Combinations|1314058|sample|12|nan|2944,5.8,0.000763328,7,12,1,0.0735381,0.00119877,0.00119877,0.00119877,-0.161799,-0.161799
130_bNAb_Combinations|1314058|sample|12|nan|2944,29,0.000682978,8,12,1,0.0323631,0.000109094,0.000109094,0.000109094,0.225613,0.225613
130_bNAb_Combinations|1314058|sample|3|nan|2944,0.000064,0.7568,1,3,1,0.870301,0.804407,0.804407,0.804407,-0.427017,-0.427017
130_bNAb_Combinations|1314058|sample|3|nan|2944,0.00032,0.711502,2,3,1,0.843731,0.715787,0.715787,0.715787,-0.0430749,-0.0430749
130_bNAb_Combinations|1314058|sample|3|nan|2944,0.0016,0.556567,3,3,1,0.786426,0.391222,0.391222,0.391222,2.97806,2.97806
130_bNAb_Combinations|1314058|sample|3|nan|2944,0.008,0.0999156,4,3,1,0.676723,0.0886542,0.0886542,0.0886542,0.774656,0.774656
130_bNAb_Combinations|1314058|sample|3|nan|2944,0.04,0.00779398,5,3,1,0.50769,0.0130391,0.0130391,0.0130391,-1.2212,-1.2212
130_bNAb_Combinations|1314058|sample|3|nan|2944,0.2,0.0069503,6,3,1,0.318065,0.00180638,0.00180638,0.00180638,1.85463,1.85463
130_bNAb_Combinations|1314058|sample|3|nan|2944,1,0.00361576,7,3,1,0.168156,0.000291304,0.000291304,0.000291304,1.2944,1.2944
130_bNAb_Combinations|1314058|sample|3|nan|2944,5,0.00610662,8,3,1,0.079135,8.97059e-05,8.97059e-05,8.97059e-05,2.3679,2.3679
130_bNAb_Combinations|1314058|sample|4|nan|2944,0.000064,0.636756,1,4,1,0.870301,0.804407,0.804407,0.804407,-1.50376,-1.50376
130_bNAb_Combinations|1314058|sample|4|nan|2944,0.00032,0.746153,2,4,1,0.843731,0.715787,0.715787,0.715787,0.305233,0.305233
130_bNAb_Combinations|1314058|sample|4|nan|2944,0.0016,0.537845,3,4,1,0.786426,0.391222,0.391222,0.391222,2.64086,2.64086
130_bNAb_Combinations|1314058|sample|4|nan|2944,0.008,0.0750874,4,4,1,0.676723,0.0886542,0.0886542,0.0886542,-0.933243,-0.933243
130_bNAb_Combinations|1314058|sample|4|nan|2944,0.04,0.0161906,5,4,1,0.50769,0.0130391,0.0130391,0.0130391,0.733739,0.733739
130_bNAb_Combinations|1314058|sample|4|nan|2944,0.2,0.00445944,6,4,1,0.318065,0.00180638,0.00180638,0.00180638,0.956554,0.956554
130_bNAb_Combinations|1314058|sample|4|nan|2944,1,0.0061468,7,4,1,0.168156,0.000291304,0.000291304,0.000291304,2.27987,2.27987
130_bNAb_Combinations|1314058|sample|4|nan|2944,5,0.00337471,8,4,1,0.079135,8.97059e-05,8.97059e-05,8.97059e-05,1.29278,1.29278
130_bNAb_Combinations|1314058|sample|5|nan|2944,0.0006144,0.421638,1,5,1,0.825396,0.616571,0.616571,0.616571,-2.26547,-2.26547
130_bNAb_Combinations|1314058|sample|5|nan|2944,0.003072,0.241091,2,5,1,0.749392,0.235361,0.235361,0.235361,0.166533,0.166533
130_bNAb_Combinations|1314058|sample|5|nan|2944,0.01536,0.0357559,3,5,1,0.614366,0.0416557,0.0416557,0.0416557,-0.722015,-0.722015
130_bNAb_Combinations|1314058|sample|5|nan|2944,0.0768,0.0111687,4,5,1,0.42961,0.00583636,0.00583636,0.00583636,1.6064,1.6064
130_bNAb_Combinations|1314058|sample|5|nan|2944,0.384,0.00397734,5,5,1,0.250097,0.000830703,0.000830703,0.000830703,1.19127,1.19127
130_bNAb_Combinations|1314058|sample|5|nan|2944,1.92,0.0050219,6,5,1,0.125216,0.000161405,0.000161405,0.000161405,1.90552,1.90552
130_bNAb_Combinations|1314058|sample|5|nan|2944,9.6,0.00289261,7,5,1,0.057129,7.24514e-05,7.24514e-05,7.24514e-05,1.11087,1.11087
130_bNAb_Combinations|1314058|sample|5|nan|2944,48,0.00337471,8,5,1,0.0248622,6.06385e-05,6.06385e-05,6.06385e-05,1.30625,1.30625
130_bNAb_Combinations|1314058|sample|6|nan|2944,0.0006144,0.459122,1,6,1,0.825396,0.616571,0.616571,0.616571,-1.82985,-1.82985
130_bNAb_Combinations|1314058|sample|6|nan|2944,0.003072,0.181552,2,6,1,0.749392,0.235361,0.235361,0.235361,-1.56381,-1.56381
130_bNAb_Combinations|1314058|sample|6|nan|2944,0.01536,0.0224981,3,6,1,0.614366,0.0416557,0.0416557,0.0416557,-2.34451,-2.34451
130_bNAb_Combinations|1314058|sample|6|nan|2944,0.0768,0.00879836,4,6,1,0.42961,0.00583636,0.00583636,0.00583636,0.89232,0.89232
130_bNAb_Combinations|1314058|sample|6|nan|2944,0.384,0.00377647,5,6,1,0.250097,0.000830703,0.000830703,0.000830703,1.11523,1.11523
130_bNAb_Combinations|1314058|sample|6|nan|2944,1.92,0.00425857,6,6,1,0.125216,0.000161405,0.000161405,0.000161405,1.60626,1.60626
130_bNAb_Combinations|1314058|sample|6|nan|2944,9.6,0.00349524,7,6,1,0.057129,7.24514e-05,7.24514e-05,7.24514e-05,1.34825,1.34825
130_bNAb_Combinations|1314058|sample|6|nan|2944,48,0.00317384,8,6,1,0.0248622,6.06385e-05,6.06385e-05,6.06385e-05,1.22707,1.22707
130_bNAb_Combinations|1314058|sample|7|nan|2944,0.0000768,0.772267,1,7,1,0.868259,0.819887,0.819887,0.819887,-0.41925,-0.41925
130_bNAb_Combinations|1314058|sample|7|nan|2944,0.000384,0.792997,2,7,1,0.839164,0.818833,0.818833,0.818833,-0.227743,-0.227743
130_bNAb_Combinations|1314058|sample|7|nan|2944,0.00192,0.847113,3,7,1,0.777019,0.800515,0.800515,0.800515,0.419956,0.419956
130_bNAb_Combinations|1314058|sample|7|nan|2944,0.0096,0.388996,4,7,1,0.660305,0.572596,0.572596,0.572596,-2.29246,-2.29246
130_bNAb_Combinations|1314058|sample|7|nan|2944,0.048,0.102889,5,7,1,0.486048,0.0943954,0.0943954,0.0943954,0.554572,0.554572
130_bNAb_Combinations|1314058|sample|7|nan|2944,0.24,0.00903941,6,7,1,0.298211,0.00595196,0.00595196,0.00595196,0.925748,0.925748
130_bNAb_Combinations|1314058|sample|7|nan|2944,1.2,0.00305331,7,7,1,0.155124,0.000336871,0.000336871,0.000336871,1.05513,1.05513
130_bNAb_Combinations|1314058|sample|7|nan|2944,6,0.00325419,8,7,1,0.0723112,1.89912e-05,1.89912e-05,1.89912e-05,1.278,1.278
130_bNAb_Combinations|1314058|sample|8|nan|2944,0.0000768,0.84412,1,8,1,0.868259,0.819887,0.819887,0.819887,0.213347,0.213347
130_bNAb_Combinations|1314058|sample|8|nan|2944,0.000384,0.940119,2,8,1,0.839164,0.818833,0.818833,0.818833,1.06915,1.06915
130_bNAb_Combinations|1314058|sample|8|nan|2944,0.00192,0.824917,3,8,1,0.777019,0.800515,0.800515,0.800515,0.219914,0.219914
130_bNAb_Combinations|1314058|sample|8|nan|2944,0.0096,0.591097,4,8,1,0.660305,0.572596,0.572596,0.572596,0.231016,0.231016
130_bNAb_Combinations|1314058|sample|8|nan|2944,0.048,0.135872,5,8,1,0.486048,0.0943954,0.0943953,0.0943954,2.70827,2.70827
130_bNAb_Combinations|1314058|sample|8|nan|2944,0.24,0.00361576,6,8,1,0.298211,0.00595196,0.00595196,0.00595196,-0.700489,-0.700489
130_bNAb_Combinations|1314058|sample|8|nan|2944,1.2,0.00329436,7,8,1,0.155124,0.000336871,0.000336871,0.000336871,1.14876,1.14876
130_bNAb_Combinations|1314058|sample|8|nan|2944,6,0.00289261,8,8,1,0.0723112,1.89912e-05,1.89912e-05,1.89912e-05,1.13517,1.13517
130_bNAb_Combinations|1314058|sample|9|nan|2944,0.0003648,0.631373,1,9,1,0.84049,0.818931,0.818931,0.818931,-1.65315,-1.65315
130_bNAb_Combinations|1314058|sample|9|nan|2944,0.001824,0.855028,2,9,1,0.779736,0.802182,0.802182,0.802182,0.475294,0.475294
130_bNAb_Combinations|1314058|sample|9|nan|2944,0.00912,0.528323,3,9,1,0.665006,0.58815,0.58815,0.58815,-0.727856,-0.727856
130_bNAb_Combinations|1314058|sample|9|nan|2944,0.0456,0.0948536,4,9,1,0.492161,0.102334,0.102334,0.102334,-0.456376,-0.456376
130_bNAb_Combinations|1314058|sample|9|nan|2944,0.228,0.00401752,5,9,1,0.303735,0.00651932,0.00651932,0.00651932,-0.733251,-0.733251
130_bNAb_Combinations|1314058|sample|9|nan|2944,1.14,0.00309349,6,9,1,0.158708,0.000369221,0.000369221,0.000369221,1.05637,1.05637
130_bNAb_Combinations|1314058|sample|9|nan|2944,5.7,0.00200876,7,9,1,0.0741748,2.08108e-05,2.08108e-05,2.08108e-05,0.785222,0.785222
130_bNAb_Combinations|1314058|sample|9|nan|2944,28.5,0.00369612,8,9,1,0.0326576,1.22066e-06,1.22066e-06,1.22066e-06,1.46098,1.46098
130_bNAb_Combinations|1314058|vc|1|2|nan|2944,0,0.691535,1,2,1,0.890522,0.834795,0.834795,0.834795,-1.23923,-1.23923
130_bNAb_Combinations|1314058|vc|2|2|nan|2944,0,0.932385,2,2,1,0.890522,0.834795,0.834795,0.834795,0.844183,0.844183
130_bNAb_Combinations|1314058|vc|3|2|nan|2944,0,1,3,2,1,0.890522,0.834795,0.834795,0.834795,1.42907,1.42907
130_bNAb_Combinations|1314058|vc|4|2|nan|2944,0,0.97479,4,2,1,0.890522,0.834795,0.834795,0.834795,1.21099,1.21099
130_bNAb_Combinations|1314058|vc|5|2|nan|2944,0,0.982805,5,2,1,0.890522,0.834795,0.834795,0.834795,1.28033,1.28033
130_bNAb_Combinations|1314058|vc|6|2|nan|2944,0,0.897594,6,2,1,0.890522,0.834795,0.834795,0.834795,0.543226,0.543226
130_bNAb_Combinations|1314058|vc|7|2|nan|2944,0,0.932385,7,2,1,0.890522,0.834795,0.834795,0.834795,0.844183,0.844183
130_bNAb_Combinations|1314058|vc|8|2|nan|2944,0,0.756117,8,2,1,0.890522,0.834795,0.834795,0.834795,-0.680582,-0.680582
130_bNAb_Combinations|1342240|cc|1|1|nan|1798,0,0.000747678,1,1,0,0,0,0,0,0.295655,0.295655
130_bNAb_Combinations|1342240|cc|2|1|nan|1798,0,0.000889479,2,1,0,0,0,0,0,0.351728,0.351728
130_bNAb_Combinations|1342240|cc|3|1|nan|1798,0,0.00106995,3,1,0,0,0,0,0,0.423093,0.423093
130_bNAb_Combinations|1342240|cc|4|1|nan|1798,0,0.0011473,4,1,0,0,0,0,0,0.453678,0.453678
130_bNAb_Combinations|1342240|cc|5|1|nan|1798,0,0.00125043,5,1,0,0,0,0,0,0.494458,0.494458
130_bNAb_Combinations|1342240|cc|6|1|nan|1798,0,0.00109574,6,1,0,0,0,0,0,0.433288,0.433288
130_bNAb_Combinations|1342240|cc|7|1|nan|1798,0,0.00113441,7,1,0,0,0,0,0,0.448581,0.448581
130_bNAb_Combinations|1342240|cc|8|1|nan|1798,0,0.00134066,8,1,0,0,0,0,0,0.530141,0.530141
130_bNAb_Combinations|1342240|sample|3|nan|1798,0.0010624,0.835221,1,3,1,0.805112,0.919538,0.919538,0.919538,-0.663481,-0.663481
130_bNAb_Combinations|1342240|sample|3|nan|1798,0.005312,0.877793,2,3,1,0.710597,0.919366,0.919366,0.919366,-0.327189,-0.327189
130_bNAb_Combinations|1342240|sample|3|nan|1798,0.02656,0.931355,3,3,1,0.555068,0.915533,0.915533,0.915533,0.125039,0.125039
130_bNAb_Combinations|1342240|sample|3|nan|1798,0.1328,0.830071,4,3,1,0.364601,0.837345,0.837345,0.837345,-0.0627339,-0.0627339
130_bNAb_Combinations|1342240|sample|3|nan|1798,0.664,0.362418,5,3,1,0.200439,0.287459,0.287459,0.287459,1.80771,1.80771
130_bNAb_Combinations|1342240|sample|3|nan|1798,3.32,0.0234358,6,3,1,0.0966129,0.0182985,0.0182985,0.0182985,1.02594,1.02594
130_bNAb_Combinations|1342240|sample|3|nan|1798,83,0.000966825,8,3,1,0.0186251,3.72117e-05,3.72117e-05,3.72117e-05,0.366867,0.366867
130_bNAb_Combinations|1342240|sample|4|nan|1798,0.0010624,0.808053,1,4,1,0.805112,0.919538,0.919538,0.919538,-0.877262,-0.877262
130_bNAb_Combinations|1342240|sample|4|nan|1798,0.005312,0.88955,2,4,1,0.710597,0.919366,0.919366,0.919366,-0.234661,-0.234661
130_bNAb_Combinations|1342240|sample|4|nan|1798,0.02656,0.902873,3,4,1,0.555068,0.915533,0.915533,0.915533,-0.10005,-0.10005
130_bNAb_Combinations|1342240|sample|4|nan|1798,0.1328,0.803702,4,4,1,0.364601,0.837345,0.837345,0.837345,-0.290149,-0.290149
130_bNAb_Combinations|1342240|sample|4|nan|1798,0.664,0.370758,5,4,1,0.200439,0.287459,0.287459,0.287459,2.00885,2.00885
130_bNAb_Combinations|1342240|sample|4|nan|1798,3.32,0.0203936,6,4,1,0.0966129,0.0182985,0.0182985,0.0182985,0.418386,0.418386
130_bNAb_Combinations|1342240|sample|4|nan|1798,16.6,3.8673e-05,7,4,1,0.0432012,0.000832767,0.000832767,0.000832767,-0.300602,-0.300602
130_bNAb_Combinations|1342240|sample|4|nan|1798,83,0.000747678,8,4,1,0.0186251,3.72117e-05,3.72117e-05,3.72117e-05,0.280382,0.280382
130_bNAb_Combinations|1342240|sample|8|nan|1798,16.6,0.000721896,7,8,1,0.0432012,0.000832767,0.000832767,0.000832767,-0.04197,-0.04197
130_bNAb_Combinations|1342240|vc|1|2|nan|1798,0,0.862537,1,2,1,0.890522,0.936193,0.936193,0.936193,-0.569483,-0.569483
130_bNAb_Combinations|1342240|vc|2|2|nan|1798,0,0.923324,2,2,1,0.890522,0.936193,0.936193,0.936193,-0.099495,-0.099495
130_bNAb_Combinations|1342240|vc|3|2|nan|1798,0,0.944627,3,2,1,0.890522,0.936193,0.936193,0.936193,0.0652076,0.0652076
130_bNAb_Combinations|1342240|vc|4|2|nan|1798,0,1,4,2,1,0.890522,0.936193,0.936193,0.936193,0.493335,0.493335
130_bNAb_Combinations|1342240|vc|5|2|nan|1798,0,0.995817,5,2,1,0.890522,0.936193,0.936193,0.936193,0.460992,0.460992
130_bNAb_Combinations|1342240|vc|6|2|nan|1798,0,0.979742,6,2,1,0.890522,0.936193,0.936193,0.936193,0.336705,0.336705
130_bNAb_Combinations|1342240|vc|7|2|nan|1798,0,0.912625,7,2,1,0.890522,0.936193,0.936193,0.936193,-0.18222,-0.18222
130_bNAb_Combinations|1342240|vc|8|2|nan|1798,0,0.732654,8,2,1,0.890522,0.936193,0.936193,0.936193,-1.5737,-1.5737
130_bNAb_Combinations|1342258|cc|1|1|TRO.11|8301,0,0.000586773,1,1,0,0,0,0,0,0.232028,0.232028
130_bNAb_Combinations|1342258|cc|2|1|TRO.11|8301,0,0.000602214,2,1,0,0,0,0,0,0.238134,0.238134
130_bNAb_Combinations|1342258|cc|3|1|TRO.11|8301,0,0.000756628,3,1,0,0,0,0,0,0.299195,0.299195
130_bNAb_Combinations|1342258|cc|4|1|TRO.11|8301,0,0.000694863,4,1,0,0,0,0,0,0.274771,0.274771
130_bNAb_Combinations|1342258|cc|5|1|TRO.11|8301,0,0.000957366,5,1,0,0,0,0,0,0.378573,0.378573
130_bNAb_Combinations|1342258|cc|6|1|TRO.11|8301,0,0.000648538,6,1,0,0,0,0,0,0.256452,0.256452
130_bNAb_Combinations|1342258|cc|7|1|TRO.11|8301,0,0.00103457,7,1,0,0,0,0,0,0.409103,0.409103
130_bNAb_Combinations|1342258|cc|8|1|TRO.11|8301,0,0.00112722,8,1,0,0,0,0,0,0.445739,0.445739
130_bNAb_Combinations|1342258|sample|3|TRO.11|8301,0.0010624,1,1,3,1,0.805112,0.874581,0.874581,0.874581,1.03658,1.03658
130_bNAb_Combinations|1342258|sample|3|TRO.11|8301,0.005312,0.977008,2,3,1,0.710597,0.872505,0.872505,0.872505,0.865719,0.865719
130_bNAb_Combinations|1342258|sample|3|TRO.11|8301,0.02656,0.852774,3,3,1,0.555068,0.831706,0.831706,0.831706,0.182902,0.182902
130_bNAb_Combinations|1342258|sample|3|TRO.11|8301,0.1328,0.409135,4,3,1,0.364601,0.422949,0.422949,0.422949,-0.230929,-0.230929
130_bNAb_Combinations|1342258|sample|3|TRO.11|8301,0.664,0.0368586,5,3,1,0.200439,0.0379081,0.0379081,0.0379081,-0.136943,-0.136943
130_bNAb_Combinations|1342258|sample|3|TRO.11|8301,3.32,0.000988249,6,3,1,0.0966129,0.00191469,0.00191469,0.00191469,-0.332267,-0.332267
130_bNAb_Combinations|1342258|sample|3|TRO.11|8301,16.6,0.000617656,7,3,1,0.0432012,9.44843e-05,9.44843e-05,9.44843e-05,0.205837,0.205837
130_bNAb_Combinations|1342258|sample|3|TRO.11|8301,83,0.0017912,8,3,1,0.0186251,6.22305e-06,6.22305e-06,6.22305e-06,0.705601,0.705601
130_bNAb_Combinations|1342258|sample|4|TRO.11|8301,0.0010624,0.951962,1,4,1,0.805112,0.874581,0.874581,0.874581,0.639548,0.639548
130_bNAb_Combinations|1342258|sample|4|TRO.11|8301,0.005312,0.975433,2,4,1,0.710597,0.872505,0.872505,0.872505,0.852671,0.852671
130_bNAb_Combinations|1342258|sample|4|TRO.11|8301,0.02656,0.81302,3,4,1,0.555068,0.831706,0.831706,0.831706,-0.162227,-0.162227
130_bNAb_Combinations|1342258|sample|4|TRO.11|8301,0.1328,0.42409,4,4,1,0.364601,0.422949,0.422949,0.422949,0.0190783,0.0190782
130_bNAb_Combinations|1342258|sample|4|TRO.11|8301,0.664,0.0475286,5,4,1,0.200439,0.0379081,0.0379081,0.0379081,1.25535,1.25535
130_bNAb_Combinations|1342258|sample|4|TRO.11|8301,3.32,0.000586773,6,4,1,0.0966129,0.00191469,0.00191469,0.00191469,-0.476256,-0.476256
130_bNAb_Combinations|1342258|sample|4|TRO.11|8301,16.6,0.00101913,7,4,1,0.0432012,9.44843e-05,9.44843e-05,9.44843e-05,0.363794,0.363794
130_bNAb_Combinations|1342258|sample|4|TRO.11|8301,83,0.00205371,8,4,1,0.0186251,6.22305e-06,6.22305e-06,6.22305e-06,0.809369,0.809369
130_bNAb_Combinations|1342258|vc|1|2|TRO.11|8301,0,0.96755,1,2,1,0.890522,0.890522,0.890522,0.890522,0.625469,0.625469
130_bNAb_Combinations|1342258|vc|2|2|TRO.11|8301,0,0.984057,2,2,1,0.890522,0.890522,0.890522,0.890522,0.759505,0.759505
130_bNAb_Combinations|1342258|vc|3|2|TRO.11|8301,0,0.968554,3,2,1,0.890522,0.890522,0.890522,0.890522,0.633619,0.633619
130_bNAb_Combinations|1342258|vc|4|2|TRO.11|8301,0,0.996418,4,2,1,0.890522,0.890522,0.890522,0.890522,0.859875,0.859875
130_bNAb_Combinations|1342258|vc|5|2|TRO.11|8301,0,0.95952,5,2,1,0.890522,0.890522,0.890522,0.890522,0.560269,0.560269
130_bNAb_Combinations|1342258|vc|6|2|TRO.11|8301,0,0.92514,6,2,1,0.890522,0.890522,0.890522,0.890522,0.2811,0.2811
130_bNAb_Combinations|1342258|vc|7|2|TRO.11|8301,0,0.920917,7,2,1,0.890522,0.890522,0.890522,0.890522,0.246807,0.246807
130_bNAb_Combinations|1342258|vc|8|2|TRO.11|8301,0,0.827859,8,2,1,0.890522,0.890522,0.890522,0.890522,-0.508824,-0.508824
130_bNAb_Combinations|1342276|cc|1|1|Ce1176_A3|7023,0,0.00106045,1,1,0,0,0,0,0,0.419336,0.419336
130_bNAb_Combinations|1342276|cc|2|1|Ce1176_A3|7023,0,0.000899371,2,1,0,0,0,0,0,0.35564,0.35564
130_bNAb_Combinations|1342276|cc|3|1|Ce1176_A3|7023,0,0.00139604,3,1,0,0,0,0,0,0.552038,0.552038
130_bNAb_Combinations|1342276|cc|4|1|Ce1176_A3|7023,0,0.000885948,4,1,0,0,0,0,0,0.350332,0.350332
130_bNAb_Combinations|1342276|cc|5|1|Ce1176_A3|7023,0,0.000939641,5,1,0,0,0,0,0,0.371564,0.371564
130_bNAb_Combinations|1342276|cc|6|1|Ce1176_A3|7023,0,0.00115442,6,1,0,0,0,0,0,0.456493,0.456493
130_bNAb_Combinations|1342276|cc|7|1|Ce1176_A3|7023,0,0.00167793,7,1,0,0,0,0,0,0.663507,0.663507
130_bNAb_Combinations|1342276|cc|8|1|Ce1176_A3|7023,0,0.0012618,8,1,0,0,0,0,0,0.498957,0.498957
130_bNAb_Combinations|1342276|sample|3|Ce1176_A3|7023,0.0010624,0.725068,1,3,1,0.805112,0.874706,0.874702,0.874706,-1.23655,-1.23658
130_bNAb_Combinations|1342276|sample|3|Ce1176_A3|7023,0.005312,0.881934,2,3,1,0.710597,0.874162,0.874157,0.874162,0.0643069,0.0642688
130_bNAb_Combinations|1342276|sample|3|Ce1176_A3|7023,0.02656,0.891317,3,3,1,0.555068,0.864695,0.86469,0.864695,0.222531,0.222492
130_bNAb_Combinations|1342276|sample|3|Ce1176_A3|7023,0.1328,0.705718,4,3,1,0.364601,0.726345,0.726342,0.726345,-0.204372,-0.204409
130_bNAb_Combinations|1342276|sample|3|Ce1176_A3|7023,0.664,0.239233,5,3,1,0.200439,0.190435,0.190434,0.190435,1.72288,1.72284
130_bNAb_Combinations|1342276|sample|3|Ce1176_A3|7023,3.32,0.012269,6,3,1,0.0966129,0.0136248,0.0136247,0.0136248,-0.30992,-0.309936
130_bNAb_Combinations|1342276|sample|3|Ce1176_A3|7023,16.6,0.00138262,7,3,1,0.0432012,0.000786199,0.000786195,0.000786199,0.226313,0.226312
130_bNAb_Combinations|1342276|sample|3|Ce1176_A3|7023,83,0.00073829,8,3,1,0.0186251,4.47449e-05,4.47447e-05,4.47449e-05,0.273594,0.273594
130_bNAb_Combinations|1342276|sample|4|Ce1176_A3|7023,0.0010624,0.749337,1,4,1,0.805112,0.874706,0.874702,0.874706,-1.03599,-1.03602
130_bNAb_Combinations|1342276|sample|4|Ce1176_A3|7023,0.005312,0.874437,2,4,1,0.710597,0.874162,0.874157,0.874162,0.00231522,0.00227743
130_bNAb_Combinations|1342276|sample|4|Ce1176_A3|7023,0.02656,0.920365,3,4,1,0.555068,0.864695,0.86469,0.864695,0.465302,0.465262
130_bNAb_Combinations|1342276|sample|4|Ce1176_A3|7023,0.1328,0.749364,4,4,1,0.364601,0.726345,0.726342,0.726345,0.22814,0.228101
130_bNAb_Combinations|1342276|sample|4|Ce1176_A3|7023,0.664,0.256838,5,4,1,0.200439,0.190435,0.190434,0.190435,2.34444,2.34439
130_bNAb_Combinations|1342276|sample|4|Ce1176_A3|7023,3.32,0.0164035,6,4,1,0.0966129,0.0136248,0.0136247,0.0136248,0.635223,0.635205
130_bNAb_Combinations|1342276|sample|4|Ce1176_A3|7023,16.6,0.000402703,7,4,1,0.0432012,0.000786199,0.000786195,0.000786199,-0.145517,-0.145518
130_bNAb_Combinations|1342276|sample|4|Ce1176_A3|7023,83,0.000617479,8,4,1,0.0186251,4.47449e-05,4.47447e-05,4.47449e-05,0.225936,0.225935
130_bNAb_Combinations|1342276|vc|1|2|Ce1176_A3|7023,0,0.763009,1,2,1,0.890522,0.890575,0.89057,0.890575,-1.03575,-1.03578
130_bNAb_Combinations|1342276|vc|2|2|Ce1176_A3|7023,0,0.910553,2,2,1,0.890522,0.890575,0.89057,0.890575,0.162249,0.162211
130_bNAb_Combinations|1342276|vc|3|2|Ce1176_A3|7023,0,1,3,2,1,0.890522,0.890575,0.89057,0.890575,0.888525,0.888483
130_bNAb_Combinations|1342276|vc|4|2|Ce1176_A3|7023,0,0.978623,4,2,1,0.890522,0.890575,0.89057,0.890575,0.714953,0.714912
130_bNAb_Combinations|1342276|vc|5|2|Ce1176_A3|7023,0,0.915016,5,2,1,0.890522,0.890575,0.89057,0.890575,0.19849,0.198451
130_bNAb_Combinations|1342276|vc|6|2|Ce1176_A3|7023,0,0.948528,6,2,1,0.890522,0.890575,0.89057,0.890575,0.470591,0.470551
130_bNAb_Combinations|1342276|vc|7|2|Ce1176_A3|7023,0,0.841536,7,2,1,0.890522,0.890575,0.89057,0.890575,-0.398139,-0.398174
130_bNAb_Combinations|1342276|vc|8|2|Ce1176_A3|7023,0,0.749606,8,2,1,0.890522,0.890575,0.89057,0.890575,-1.14458,-1.14461
130_bNAb_Combinations|1342294|cc|1|1|nan|1176,0,0.00986891,1,1,0,0,0,0,0,3.90248,3.90248
130_bNAb_Combinations|1342294|cc|2|1|nan|1176,0,0.00692296,2,1,0,0,0,0,0,2.73756,2.73756
130_bNAb_Combinations|1342294|cc|3|1|nan|1176,0,0.00368243,3,1,0,0,0,0,0,1.45615,1.45615
130_bNAb_Combinations|1342294|cc|4|1|nan|1176,0,0.0107527,4,1,0,0,0,0,0,4.25195,4.25195
130_bNAb_Combinations|1342294|cc|5|1|nan|1176,0,0.000736485,5,1,0,0,0,0,0,0.29123,0.29123
130_bNAb_Combinations|1342294|cc|6|1|nan|1176,0,0,6,1,0,0,0,0,0,0,0
130_bNAb_Combinations|1342294|cc|7|1|nan|1176,0,0.00618648,7,1,0,0,0,0,0,2.44633,2.44633
130_bNAb_Combinations|1342294|cc|8|1|nan|1176,0,0.0048608,8,1,0,0,0,0,0,1.92211,1.92211
130_bNAb_Combinations|1342294|sample|3|nan|1176,0.0010624,0.7384,1,3,1,0.805112,0.843832,0.843832,0.843832,-0.902451,-0.902451
130_bNAb_Combinations|1342294|sample|3|nan|1176,0.005312,0.840477,2,3,1,0.710597,0.800839,0.800839,0.800839,0.35709,0.35709
130_bNAb_Combinations|1342294|sample|3|nan|1176,0.02656,0.51554,3,3,1,0.555068,0.565093,0.565093,0.565093,-0.62668,-0.62668
130_bNAb_Combinations|1342294|sample|3|nan|1176,0.1328,0.173221,4,3,1,0.364601,0.165699,0.165699,0.165699,0.301224,0.301224
130_bNAb_Combinations|1342294|sample|3|nan|1176,0.664,0.0191486,5,3,1,0.200439,0.0244137,0.0244137,0.0244137,-0.902211,-0.902211
130_bNAb_Combinations|1342294|sample|3|nan|1176,3.32,0.00559729,6,3,1,0.0966129,0.00305882,0.00305882,0.00305882,0.862484,0.862484
130_bNAb_Combinations|1342294|sample|3|nan|1176,83,0.0050081,8,3,1,0.0186251,4.58971e-05,4.58971e-05,4.58971e-05,1.9574,1.9574
130_bNAb_Combinations|1342294|sample|4|nan|1176,0.0010624,0.680071,1,4,1,0.805112,0.843832,0.843832,0.843832,-1.40173,-1.40173
130_bNAb_Combinations|1342294|sample|4|nan|1176,0.005312,0.847842,2,4,1,0.710597,0.800839,0.800839,0.800839,0.423437,0.423437
130_bNAb_Combinations|1342294|sample|4|nan|1176,0.02656,0.692444,3,4,1,0.555068,0.565093,0.565093,0.565093,1.61057,1.61057
130_bNAb_Combinations|1342294|sample|4|nan|1176,0.1328,0.216085,4,4,1,0.364601,0.165699,0.165699,0.165699,2.0176,2.0176
130_bNAb_Combinations|1342294|sample|4|nan|1176,0.664,0.0187067,5,4,1,0.200439,0.0244137,0.0244137,0.0244137,-0.977932,-0.977932
130_bNAb_Combinations|1342294|sample|4|nan|1176,3.32,0.00456621,6,4,1,0.0966129,0.00305882,0.00305882,0.00305882,0.512159,0.512159
130_bNAb_Combinations|1342294|sample|4|nan|1176,16.6,0.00618648,7,4,1,0.0432012,0.000374852,0.000374852,0.000374852,2.25287,2.25287
130_bNAb_Combinations|1342294|sample|4|nan|1176,83,0.00265135,8,4,1,0.0186251,4.58971e-05,4.58971e-05,4.58971e-05,1.02775,1.02775
130_bNAb_Combinations|1342294|sample|8|nan|1176,16.6,0.00883783,7,8,1,0.0432012,0.000374852,0.000374852,0.000374852,3.28066,3.28066
130_bNAb_Combinations|1342294|vc|1|2|nan|1176,0,0.903962,1,2,1,0.890522,0.865573,0.865573,0.865573,0.320518,0.320518
130_bNAb_Combinations|1342294|vc|2|2|nan|1176,0,0.772868,2,2,1,0.890522,0.865573,0.865573,0.865573,-0.774008,-0.774008
130_bNAb_Combinations|1342294|vc|3|2|nan|1176,0,0.798792,3,2,1,0.890522,0.865573,0.865573,0.865573,-0.557562,-0.557562
130_bNAb_Combinations|1342294|vc|4|2|nan|1176,0,1,4,2,1,0.890522,0.865573,0.865573,0.865573,1.12235,1.12235
130_bNAb_Combinations|1342294|vc|5|2|nan|1176,0,0.928708,5,2,1,0.890522,0.865573,0.865573,0.865573,0.527126,0.527126
130_bNAb_Combinations|1342294|vc|6|2|nan|1176,0,0.843276,6,2,1,0.890522,0.865573,0.865573,0.865573,-0.186161,-0.186161
130_bNAb_Combinations|1342294|vc|7|2|nan|1176,0,0.868906,7,2,1,0.890522,0.865573,0.865573,0.865573,0.0278248,0.0278248
130_bNAb_Combinations|1342294|vc|8|2|nan|1176,0,0.751657,8,2,1,0.890522,0.865573,0.865573,0.865573,-0.9511,-0.9511
130_bNAb_Combinations|1342312|cc|1|1|RHPA4259.7|5371,0,0.00173044,1,1,0,0,0,0,0,0.68427,0.68427
130_bNAb_Combinations|1342312|cc|2|1|RHPA4259.7|5371,0,0.00228271,2,1,0,0,0,0,0,0.902654,0.902654
130_bNAb_Combinations|1342312|cc|3|1|RHPA4259.7|5371,0,0.00237475,3,1,0,0,0,0,0,0.939051,0.939051
130_bNAb_Combinations|1342312|cc|4|1|RHPA4259.7|5371,0,0.00189612,4,1,0,0,0,0,0,0.749785,0.749785
130_bNAb_Combinations|1342312|cc|5|1|RHPA4259.7|5371,0,0.00136226,5,1,0,0,0,0,0,0.53868,0.53868
130_bNAb_Combinations|1342312|cc|6|1|RHPA4259.7|5371,0,0.00187771,6,1,0,0,0,0,0,0.742505,0.742505
130_bNAb_Combinations|1342312|cc|7|1|RHPA4259.7|5371,0,0.00250361,7,1,0,0,0,0,0,0.990007,0.990007
130_bNAb_Combinations|1342312|cc|8|1|RHPA4259.7|5371,0,0.0020618,8,1,0,0,0,0,0,0.8153,0.8153
130_bNAb_Combinations|1342312|sample|3|RHPA4259.7|5371,0.0010624,0.763952,1,3,1,0.805112,0.869987,0.869987,0.869987,-0.880904,-0.880904
130_bNAb_Combinations|1342312|sample|3|RHPA4259.7|5371,0.005312,0.818875,2,3,1,0.710597,0.815931,0.815931,0.815931,0.0260408,0.0260408
130_bNAb_Combinations|1342312|sample|3|RHPA4259.7|5371,0.02656,0.538378,3,3,1,0.555068,0.446312,0.446312,0.446312,1.46176,1.46176
130_bNAb_Combinations|1342312|sample|3|RHPA4259.7|5371,0.1328,0.0814411,4,3,1,0.364601,0.0634158,0.0634158,0.0634158,1.62117,1.62117
130_bNAb_Combinations|1342312|sample|3|RHPA4259.7|5371,0.664,0.00397633,5,3,1,0.200439,0.00510016,0.00510016,0.00510016,-0.349049,-0.349049
130_bNAb_Combinations|1342312|sample|3|RHPA4259.7|5371,3.32,0.00173044,6,3,1,0.0966129,0.000385021,0.000385021,0.000385021,0.521271,0.521271
130_bNAb_Combinations|1342312|sample|3|RHPA4259.7|5371,16.6,0.00147271,7,3,1,0.0432012,2.91971e-05,2.91971e-05,2.91971e-05,0.56992,0.56992
130_bNAb_Combinations|1342312|sample|3|RHPA4259.7|5371,83,0.0012334,8,3,1,0.0186251,2.4892e-06,2.4892e-06,2.4892e-06,0.486675,0.486675
130_bNAb_Combinations|1342312|sample|4|RHPA4259.7|5371,0.0010624,0.732077,1,4,1,0.805112,0.869987,0.869987,0.869987,-1.14571,-1.14571
130_bNAb_Combinations|1342312|sample|4|RHPA4259.7|5371,0.005312,0.824591,2,4,1,0.710597,0.815931,0.815931,0.815931,0.0766029,0.0766029
130_bNAb_Combinations|1342312|sample|4|RHPA4259.7|5371,0.02656,0.536592,3,4,1,0.555068,0.446312,0.446312,0.446312,1.43341,1.43341
130_bNAb_Combinations|1342312|sample|4|RHPA4259.7|5371,0.1328,0.0694384,4,4,1,0.364601,0.0634158,0.0634158,0.0634158,0.541669,0.541669
130_bNAb_Combinations|1342312|sample|4|RHPA4259.7|5371,0.664,0.00323997,5,4,1,0.200439,0.00510016,0.00510016,0.00510016,-0.577752,-0.577752
130_bNAb_Combinations|1342312|sample|4|RHPA4259.7|5371,3.32,0.00138067,6,4,1,0.0966129,0.000385021,0.000385021,0.000385021,0.385755,0.385755
130_bNAb_Combinations|1342312|sample|4|RHPA4259.7|5371,16.6,0.00134385,7,4,1,0.0432012,2.91971e-05,2.91971e-05,2.91971e-05,0.519044,0.519044
130_bNAb_Combinations|1342312|sample|4|RHPA4259.7|5371,83,0.00163839,8,4,1,0.0186251,2.4892e-06,2.4892e-06,2.4892e-06,0.646802,0.646802
130_bNAb_Combinations|1342312|vc|1|2|RHPA4259.7|5371,0,0.805648,1,2,1,0.890522,0.890522,0.890522,0.890522,-0.689182,-0.689182
130_bNAb_Combinations|1342312|vc|2|2|RHPA4259.7|5371,0,0.988964,2,2,1,0.890522,0.890522,0.890522,0.890522,0.799351,0.799351
130_bNAb_Combinations|1342312|vc|3|2|RHPA4259.7|5371,0,0.95037,3,2,1,0.890522,0.890522,0.890522,0.890522,0.485964,0.485964
130_bNAb_Combinations|1342312|vc|4|2|RHPA4259.7|5371,0,0.951677,4,2,1,0.890522,0.890522,0.890522,0.890522,0.496577,0.496577
130_bNAb_Combinations|1342312|vc|5|2|RHPA4259.7|5371,0,1,5,2,1,0.890522,0.890522,0.890522,0.890522,0.888965,0.888965
130_bNAb_Combinations|1342312|vc|6|2|RHPA4259.7|5371,0,0.952339,6,2,1,0.890522,0.890522,0.890522,0.890522,0.501958,0.501958
130_bNAb_Combinations|1342312|vc|7|2|RHPA4259.7|5371,0,0.995186,7,2,1,0.890522,0.890522,0.890522,0.890522,0.849875,0.849875
130_bNAb_Combinations|1342312|vc|8|2|RHPA4259.7|5371,0,0.750412,8,2,1,0.890522,0.890522,0.890522,0.890522,-1.1377,-1.1377
130_bNAb_Combinations|1342336|cc|1|1|nan|3430,0,0,1,1,0,0,0,0,0,0,0
130_bNAb_Combinations|1342336|cc|2|1|nan|3430,0,0,2,1,0,0,0,0,0,0,0
130_bNAb_Combinations|1342336|cc|3|1|nan|3430,0,0.00041405,3,1,0,0,0,0,0,0.163728,0.163728
130_bNAb_Combinations|1342336|cc|4|1|nan|3430,0,0.00119614,4,1,0,0,0,0,0,0.472993,0.472993
130_bNAb_Combinations|1342336|cc|5|1|nan|3430,0,0.00174821,5,1,0,0,0,0,0,0.691298,0.691298
130_bNAb_Combinations|1342336|cc|6|1|nan|3430,0,0.00207025,6,1,0,0,0,0,0,0.818642,0.818642
130_bNAb_Combinations|1342336|cc|7|1|nan|3430,0,0.00110413,7,1,0,0,0,0,0,0.436609,0.436609
130_bNAb_Combinations|1342336|cc|8|1|nan|3430,0,0.0016562,8,1,0,0,0,0,0,0.654914,0.654914
130_bNAb_Combinations|1342336|sample|3|nan|3430,0.0010624,0.85338,1,3,1,0.805112,0.872839,0.872839,0.872839,-0.161141,-0.161141
130_bNAb_Combinations|1342336|sample|3|nan|3430,0.005312,0.846134,2,3,1,0.710597,0.850581,0.850581,0.850581,-0.037768,-0.037768
130_bNAb_Combinations|1342336|sample|3|nan|3430,0.02656,0.598923,3,3,1,0.555068,0.634105,0.634105,0.634105,-0.397893,-0.397893
130_bNAb_Combinations|1342336|sample|3|nan|3430,0.1328,0.155913,4,3,1,0.364601,0.14388,0.14388,0.14388,0.546484,0.546484
130_bNAb_Combinations|1342336|sample|3|nan|3430,0.664,0.00768293,5,3,1,0.200439,0.0126769,0.0126769,0.0126769,-1.17616,-1.17616
130_bNAb_Combinations|1342336|sample|3|nan|3430,16.6,0.00115014,7,3,1,0.0432012,7.17785e-05,7.17785e-05,7.17785e-05,0.424785,0.424785
130_bNAb_Combinations|1342336|sample|3|nan|3430,83,0.00276033,8,3,1,0.0186251,5.37356e-06,5.37356e-06,5.37356e-06,1.08908,1.08908
130_bNAb_Combinations|1342336|sample|4|nan|3430,0.0010624,0.773193,1,4,1,0.805112,0.872839,0.872839,0.872839,-0.825183,-0.825183
130_bNAb_Combinations|1342336|sample|4|nan|3430,0.005312,0.819405,2,4,1,0.710597,0.850581,0.850581,0.850581,-0.264783,-0.264783
130_bNAb_Combinations|1342336|sample|4|nan|3430,0.02656,0.59009,3,4,1,0.555068,0.634105,0.634105,0.634105,-0.497792,-0.497792
130_bNAb_Combinations|1342336|sample|4|nan|3430,0.1328,0.181814,4,4,1,0.364601,0.14388,0.14388,0.14388,1.72286,1.72286
130_bNAb_Combinations|1342336|sample|4|nan|3430,0.664,0.00570469,5,4,1,0.200439,0.0126769,0.0126769,0.0126769,-1.64207,-1.64207
130_bNAb_Combinations|1342336|sample|4|nan|3430,3.32,0.000966117,6,4,1,0.0966129,0.000959804,0.000959804,0.000959804,0.00237432,0.00237433
130_bNAb_Combinations|1342336|sample|4|nan|3430,16.6,0.0008281,7,4,1,0.0432012,7.17785e-05,7.17785e-05,7.17785e-05,0.297928,0.297928
130_bNAb_Combinations|1342336|sample|4|nan|3430,83,0.00289835,8,4,1,0.0186251,5.37356e-06,5.37356e-06,5.37356e-06,1.14364,1.14364
130_bNAb_Combinations|1342336|sample|5|nan|3430,3.32,0.00156419,6,5,1,0.0966129,0.000959804,0.000959804,0.000959804,0.227307,0.227307
130_bNAb_Combinations|1342336|vc|1|2|nan|3430,0,0.92255,1,2,1,0.890522,0.890522,0.890522,0.890522,0.260065,0.260065
130_bNAb_Combinations|1342336|vc|2|2|nan|3430,0,0.992179,2,2,1,0.890522,0.890522,0.890522,0.890522,0.825459,0.825459
130_bNAb_Combinations|1342336|vc|3|2|nan|3430,0,1,3,2,1,0.890522,0.890522,0.890522,0.890522,0.888965,0.888965
130_bNAb_Combinations|1342336|vc|4|2|nan|3430,0,0.999402,4,2,1,0.890522,0.890522,0.890522,0.890522,0.884108,0.884108
130_bNAb_Combinations|1342336|vc|5|2|nan|3430,0,0.95802,5,2,1,0.890522,0.890522,0.890522,0.890522,0.548085,0.548085
130_bNAb_Combinations|1342336|vc|6|2|nan|3430,0,0.951441,6,2,1,0.890522,0.890522,0.890522,0.890522,0.494665,0.494665
130_bNAb_Combinations|1342336|vc|7|2|nan|3430,0,0.88701,7,2,1,0.890522,0.890522,0.890522,0.890522,-0.0285153,-0.0285153
130_bNAb_Combinations|1342336|vc|8|2|nan|3430,0,0.926598,8,2,1,0.890522,0.890522,0.890522,0.890522,0.292939,0.292939
130_bNAb_Combinations|1342348|cc|1|1|nan|4166,0,0.000451154,1,1,0,0,0,0,0,0.178401,0.178401
130_bNAb_Combinations|1342348|cc|2|1|nan|4166,0,0.000773408,2,1,0,0,0,0,0,0.30583,0.30583
130_bNAb_Combinations|1342348|cc|3|1|nan|4166,0,0.00125679,3,1,0,0,0,0,0,0.496973,0.496973
130_bNAb_Combinations|1342348|cc|4|1|nan|4166,0,0.00128901,4,1,0,0,0,0,0,0.509716,0.509716
130_bNAb_Combinations|1342348|cc|5|1|nan|4166,0,0.000998985,5,1,0,0,0,0,0,0.39503,0.39503
130_bNAb_Combinations|1342348|cc|6|1|nan|4166,0,0.000773408,6,1,0,0,0,0,0,0.30583,0.30583
130_bNAb_Combinations|1342348|cc|7|1|nan|4166,0,0.000386704,7,1,0,0,0,0,0,0.152915,0.152915
130_bNAb_Combinations|1342348|cc|8|1|nan|4166,0,0.000644506,8,1,0,0,0,0,0,0.254858,0.254858
130_bNAb_Combinations|1342348|sample|3|nan|4166,0.0010624,0.836295,1,3,1,0.805112,0.868773,0.868773,0.868773,-0.270183,-0.270183
130_bNAb_Combinations|1342348|sample|3|nan|4166,0.005312,0.838358,2,3,1,0.710597,0.794631,0.794631,0.794631,0.396924,0.396924
130_bNAb_Combinations|1342348|sample|3|nan|4166,0.02656,0.39555,3,3,1,0.555068,0.35113,0.35113,0.35113,0.886784,0.886784
130_bNAb_Combinations|1342348|sample|3|nan|4166,0.1328,0.0558787,4,3,1,0.364601,0.0379177,0.0379177,0.0379177,2.34328,2.34328
130_bNAb_Combinations|1342348|sample|3|nan|4166,0.664,0.00054783,5,3,1,0.200439,0.00266988,0.00266988,0.00266988,-0.73414,-0.73414
130_bNAb_Combinations|1342348|sample|3|nan|4166,3.32,0,6,3,1,0.0966129,0.000180912,0.000180912,0.000180912,-0.0708516,-0.0708516
130_bNAb_Combinations|1342348|sample|3|nan|4166,16.6,0.000515605,7,3,1,0.0432012,1.22285e-05,1.22285e-05,1.22285e-05,0.198921,0.198921
130_bNAb_Combinations|1342348|sample|3|nan|4166,83,0.000676732,8,3,1,0.0186251,8.28808e-07,8.28808e-07,8.28808e-07,0.267261,0.267261
130_bNAb_Combinations|1342348|sample|4|nan|4166,0.0010624,0.820247,1,4,1,0.805112,0.868773,0.868773,0.868773,-0.403689,-0.403689
130_bNAb_Combinations|1342348|sample|4|nan|4166,0.005312,0.753734,2,4,1,0.710597,0.794631,0.794631,0.794631,-0.371241,-0.37124
130_bNAb_Combinations|1342348|sample|4|nan|4166,0.02656,0.405797,3,4,1,0.555068,0.35113,0.35113,0.35113,1.09137,1.09137
130_bNAb_Combinations|1342348|sample|4|nan|4166,0.1328,0.0446321,4,4,1,0.364601,0.0379177,0.0379177,0.0379177,0.875993,0.875992
130_bNAb_Combinations|1342348|sample|4|nan|4166,0.664,0.00161127,5,4,1,0.200439,0.00266988,0.00266988,0.00266988,-0.366236,-0.366236
130_bNAb_Combinations|1342348|sample|4|nan|4166,3.32,0.000934534,6,4,1,0.0966129,0.000180912,0.000180912,0.000180912,0.295146,0.295146
130_bNAb_Combinations|1342348|sample|4|nan|4166,16.6,0.00174017,7,4,1,0.0432012,1.22285e-05,1.22285e-05,1.22285e-05,0.682834,0.682834
130_bNAb_Combinations|1342348|sample|4|nan|4166,83,0.00157904,8,4,1,0.0186251,8.28808e-07,8.28808e-07,8.28808e-07,0.624047,0.624047
130_bNAb_Combinations|1342348|vc|1|2|nan|4166,0,0.800445,1,2,1,0.890522,0.890522,0.890522,0.890522,-0.731431,-0.731431
130_bNAb_Combinations|1342348|vc|2|2|nan|4166,0,0.905725,2,2,1,0.890522,0.890522,0.890522,0.890522,0.123447,0.123447
130_bNAb_Combinations|1342348|vc|3|2|nan|4166,0,1,3,2,1,0.890522,0.890522,0.890522,0.890522,0.888965,0.888965
130_bNAb_Combinations|1342348|vc|4|2|nan|4166,0,0.920162,4,2,1,0.890522,0.890522,0.890522,0.890522,0.240676,0.240676
130_bNAb_Combinations|1342348|vc|5|2|nan|4166,0,0.841097,5,2,1,0.890522,0.890522,0.890522,0.890522,-0.401333,-0.401333
130_bNAb_Combinations|1342348|vc|6|2|nan|4166,0,0.905435,6,2,1,0.890522,0.890522,0.890522,0.890522,0.121092,0.121092
130_bNAb_Combinations|1342348|vc|7|2|nan|4166,0,0.801959,7,2,1,0.890522,0.890522,0.890522,0.890522,-0.719133,-0.719133
130_bNAb_Combinations|1342348|vc|8|2|nan|4166,0,0.723716,8,2,1,0.890522,0.890522,0.890522,0.890522,-1.35447,-1.35447
130_bNAb_Combinations|1342372|cc|1|1|nan|2944,0,0.00214128,1,1,0,0,0,0,0,0.84673,0.84673
130_bNAb_Combinations|1342372|cc|2|1|nan|2944,0,0.00406844,2,1,0,0,0,0,0,1.60879,1.60879
130_bNAb_Combinations|1342372|cc|3|1|nan|2944,0,0.00282649,3,1,0,0,0,0,0,1.11768,1.11768
130_bNAb_Combinations|1342372|cc|4|1|nan|2944,0,0.00355453,4,1,0,0,0,0,0,1.40557,1.40557
130_bNAb_Combinations|1342372|cc|5|1|nan|2944,0,0.00321192,5,1,0,0,0,0,0,1.2701,1.2701
130_bNAb_Combinations|1342372|cc|6|1|nan|2944,0,0.0020128,6,1,0,0,0,0,0,0.795926,0.795926
130_bNAb_Combinations|1342372|cc|7|1|nan|2944,0,0.00111347,7,1,0,0,0,0,0,0.4403,0.4403
130_bNAb_Combinations|1342372|cc|8|1|nan|2944,0,0.000642385,8,1,0,0,0,0,0,0.254019,0.254019
130_bNAb_Combinations|1342372|sample|3|nan|2944,0.0010624,0.787264,1,3,1,0.805112,0.862565,0.862565,0.862565,-0.630851,-0.630851
130_bNAb_Combinations|1342372|sample|3|nan|2944,0.005312,0.896555,2,3,1,0.710597,0.846971,0.846971,0.846971,0.422873,0.422873
130_bNAb_Combinations|1342372|sample|3|nan|2944,0.02656,0.630907,3,3,1,0.555068,0.706441,0.706441,0.706441,-0.769044,-0.769044
130_bNAb_Combinations|1342372|sample|3|nan|2944,0.1328,0.303313,4,3,1,0.364601,0.250006,0.250006,0.250006,1.46477,1.46477
130_bNAb_Combinations|1342372|sample|3|nan|2944,0.664,0.0365731,5,3,1,0.200439,0.0308291,0.0308291,0.0308291,0.856698,0.856698
130_bNAb_Combinations|1342372|sample|3|nan|2944,3.32,0.00179868,6,3,1,0.0966129,0.00289569,0.00289569,0.00289569,-0.375547,-0.375547
130_bNAb_Combinations|1342372|sample|3|nan|2944,16.6,0.000942164,7,3,1,0.0432012,0.00026397,0.00026397,0.00026397,0.26444,0.26444
130_bNAb_Combinations|1342372|sample|3|nan|2944,83,0.0014989,8,3,1,0.0186251,2.40006e-05,2.40006e-05,2.40006e-05,0.582472,0.582472
130_bNAb_Combinations|1342372|sample|4|nan|2944,0.0010624,0.711912,1,4,1,0.805112,0.862565,0.862565,0.862565,-1.26212,-1.26212
130_bNAb_Combinations|1342372|sample|4|nan|2944,0.005312,0.776814,2,4,1,0.710597,0.846971,0.846971,0.846971,-0.59834,-0.59834
130_bNAb_Combinations|1342372|sample|4|nan|2944,0.02656,0.656731,3,4,1,0.555068,0.706441,0.706441,0.706441,-0.50612,-0.50612
130_bNAb_Combinations|1342372|sample|4|nan|2944,0.1328,0.279309,4,4,1,0.364601,0.250006,0.250006,0.250006,0.805195,0.805195
130_bNAb_Combinations|1342372|sample|4|nan|2944,0.664,0.0268517,5,4,1,0.200439,0.0308291,0.0308291,0.0308291,-0.59323,-0.59323
130_bNAb_Combinations|1342372|sample|4|nan|2944,3.32,0.00239824,6,4,1,0.0966129,0.00289569,0.00289569,0.00289569,-0.170296,-0.170296
130_bNAb_Combinations|1342372|sample|4|nan|2944,16.6,0.00145607,7,4,1,0.0432012,0.00026397,0.00026397,0.00026397,0.464822,0.464822
130_bNAb_Combinations|1342372|sample|4|nan|2944,83,0.0033404,8,4,1,0.0186251,2.40006e-05,2.40006e-05,2.40006e-05,1.30972,1.30972
130_bNAb_Combinations|1342372|vc|1|2|nan|2944,0,0.866191,1,2,1,0.890522,0.8798,0.8798,0.8798,-0.111826,-0.111826
130_bNAb_Combinations|1342372|vc|2|2|nan|2944,0,0.961949,2,2,1,0.890522,0.8798,0.8798,0.8798,0.675012,0.675012
130_bNAb_Combinations|1342372|vc|3|2|nan|2944,0,0.934862,3,2,1,0.890522,0.8798,0.8798,0.8798,0.452439,0.452439
130_bNAb_Combinations|1342372|vc|4|2|nan|2944,0,1,4,2,1,0.890522,0.8798,0.8798,0.8798,0.987672,0.987672
130_bNAb_Combinations|1342372|vc|5|2|nan|2944,0,0.921672,5,2,1,0.890522,0.8798,0.8798,0.8798,0.344055,0.344055
130_bNAb_Combinations|1342372|vc|6|2|nan|2944,0,0.914177,6,2,1,0.890522,0.8798,0.8798,0.8798,0.282473,0.282473
130_bNAb_Combinations|1342372|vc|7|2|nan|2944,0,0.942057,7,2,1,0.890522,0.8798,0.8798,0.8798,0.511557,0.511557
130_bNAb_Combinations|1342372|vc|8|2|nan|2944,0,0.751547,8,2,1,0.890522,0.8798,0.8798,0.8798,-1.05385,-1.05385
130_bNAb_Combinations|1342384|cc|1|1|nan|2946,0,0.000377127,1,1,0,0,0,0,0,0.149128,0.149128
130_bNAb_Combinations|1342384|cc|2|1|nan|2946,0,0.0014378,2,1,0,0,0,0,0,0.56855,0.56855
130_bNAb_Combinations|1342384|cc|3|1|nan|2946,0,0.00120209,3,1,0,0,0,0,0,0.475345,0.475345
130_bNAb_Combinations|1342384|cc|4|1|nan|2946,0,0.0012728,4,1,0,0,0,0,0,0.503307,0.503307
130_bNAb_Combinations|1342384|cc|5|1|nan|2946,0,0.000966389,5,1,0,0,0,0,0,0.38214,0.38214
130_bNAb_Combinations|1342384|cc|6|1|nan|2946,0,0.00162636,6,1,0,0,0,0,0,0.643114,0.643114
130_bNAb_Combinations|1342384|cc|7|1|nan|2946,0,0.000848536,7,1,0,0,0,0,0,0.335538,0.335538
130_bNAb_Combinations|1342384|cc|8|1|nan|2946,0,0.00219205,8,1,0,0,0,0,0,0.866806,0.866806
130_bNAb_Combinations|1342384|sample|3|nan|2946,0.0010624,0.852284,1,3,1,0.805112,0.874654,0.874654,0.874654,-0.184875,-0.184875
130_bNAb_Combinations|1342384|sample|3|nan|2946,0.005312,0.967355,2,3,1,0.710597,0.874244,0.874244,0.874244,0.76985,0.76985
130_bNAb_Combinations|1342384|sample|3|nan|2946,0.02656,0.934439,3,3,1,0.555068,0.868677,0.868677,0.868677,0.547133,0.547133
130_bNAb_Combinations|1342384|sample|3|nan|2946,0.1328,0.7873,4,3,1,0.364601,0.799237,0.799237,0.799237,-0.107749,-0.107749
130_bNAb_Combinations|1342384|sample|3|nan|2946,0.664,0.423797,5,3,1,0.200439,0.382271,0.382271,0.382271,0.764628,0.764628
130_bNAb_Combinations|1342384|sample|3|nan|2946,3.32,0.0580305,6,3,1,0.0966129,0.0470847,0.0470847,0.0470847,1.22894,1.22894
130_bNAb_Combinations|1342384|sample|3|nan|2946,16.6,0.00157922,7,3,1,0.0432012,0.00363182,0.00363182,0.00363182,-0.679483,-0.679483
130_bNAb_Combinations|1342384|sample|3|nan|2946,83,0.00113138,8,3,1,0.0186251,0.000267191,0.000267191,0.000267191,0.336906,0.336906
130_bNAb_Combinations|1342384|sample|4|nan|2946,0.0010624,0.86071,1,4,1,0.805112,0.874654,0.874654,0.874654,-0.115237,-0.115237
130_bNAb_Combinations|1342384|sample|4|nan|2946,0.005312,0.945269,2,4,1,0.710597,0.874244,0.874244,0.874244,0.587246,0.587246
130_bNAb_Combinations|1342384|sample|4|nan|2946,0.02656,0.912624,3,4,1,0.555068,0.868677,0.868677,0.868677,0.365638,0.365638
130_bNAb_Combinations|1342384|sample|4|nan|2946,0.1328,0.777,4,4,1,0.364601,0.799237,0.799237,0.799237,-0.200723,-0.200723
130_bNAb_Combinations|1342384|sample|4|nan|2946,0.664,0.449052,5,4,1,0.200439,0.382271,0.382271,0.382271,1.22967,1.22967
130_bNAb_Combinations|1342384|sample|4|nan|2946,3.32,0.0637345,6,4,1,0.0966129,0.0470847,0.0470847,0.0470847,1.86937,1.86937
130_bNAb_Combinations|1342384|sample|4|nan|2946,16.6,0.000824966,7,4,1,0.0432012,0.00363182,0.00363182,0.00363182,-0.929168,-0.929168
130_bNAb_Combinations|1342384|sample|4|nan|2946,83,0.00122566,8,4,1,0.0186251,0.000267191,0.000267191,0.000267191,0.373662,0.373662
130_bNAb_Combinations|1342384|vc|1|2|nan|2946,0,0.93029,1,2,1,0.890522,0.890522,0.890522,0.890522,0.32292,0.32292
130_bNAb_Combinations|1342384|vc|2|2|nan|2946,0,0.910809,2,2,1,0.890522,0.890522,0.890522,0.890522,0.164734,0.164734
130_bNAb_Combinations|1342384|vc|3|2|nan|2946,0,1,3,2,1,0.890522,0.890522,0.890522,0.890522,0.888965,0.888965
130_bNAb_Combinations|1342384|vc|4|2|nan|2946,0,0.996582,4,2,1,0.890522,0.890522,0.890522,0.890522,0.861213,0.861213
130_bNAb_Combinations|1342384|vc|5|2|nan|2946,0,0.999953,5,2,1,0.890522,0.890522,0.890522,0.890522,0.888582,0.888582
130_bNAb_Combinations|1342384|vc|6|2|nan|2946,0,0.889549,6,2,1,0.890522,0.890522,0.890522,0.890522,-0.00790265,-0.00790265
130_bNAb_Combinations|1342384|vc|7|2|nan|2946,0,0.878541,7,2,1,0.890522,0.890522,0.890522,0.890522,-0.0972831,-0.0972831
130_bNAb_Combinations|1342384|vc|8|2|nan|2946,0,0.78624,8,2,1,0.890522,0.890522,0.890522,0.890522,-0.846778,-0.846778
130_bNAb_Combinations|1342396|cc|1|1|PVO.4|5024,0,0.000406233,1,1,0,0,0,0,0,0.160637,0.160637
130_bNAb_Combinations|1342396|cc|2|1|PVO.4|5024,0,0.00130897,2,1,0,0,0,0,0,0.51761,0.51761
130_bNAb_Combinations|1342396|cc|3|1|PVO.4|5024,0,0.00155723,3,1,0,0,0,0,0,0.615777,0.615777
130_bNAb_Combinations|1342396|cc|4|1|PVO.4|5024,0,0.000835035,4,1,0,0,0,0,0,0.330199,0.330199
130_bNAb_Combinations|1342396|cc|5|1|PVO.4|5024,0,0.000654487,5,1,0,0,0,0,0,0.258805,0.258805
130_bNAb_Combinations|1342396|cc|6|1|PVO.4|5024,0,0.000631919,6,1,0,0,0,0,0,0.249881,0.249881
130_bNAb_Combinations|1342396|cc|7|1|PVO.4|5024,0,0.000880172,7,1,0,0,0,0,0,0.348048,0.348048
130_bNAb_Combinations|1342396|cc|8|1|PVO.4|5024,0,0.00139925,8,1,0,0,0,0,0,0.553307,0.553307
130_bNAb_Combinations|1342396|sample|3|PVO.4|5024,0.0010624,0.997833,1,3,1,0.805112,0.899394,0.899394,0.899394,0.79161,0.79161
130_bNAb_Combinations|1342396|sample|3|PVO.4|5024,0.005312,0.936549,2,3,1,0.710597,0.894775,0.894775,0.894775,0.337627,0.337627
130_bNAb_Combinations|1342396|sample|3|PVO.4|5024,0.02656,0.845349,3,3,1,0.555068,0.833926,0.833926,0.833926,0.098914,0.098914
130_bNAb_Combinations|1342396|sample|3|PVO.4|5024,0.1328,0.395513,4,3,1,0.364601,0.424137,0.424137,0.424137,-0.477219,-0.477219
130_bNAb_Combinations|1342396|sample|3|PVO.4|5024,0.664,0.0558345,5,3,1,0.200439,0.0531397,0.0531397,0.0531397,0.277052,0.277052
130_bNAb_Combinations|1342396|sample|3|PVO.4|5024,3.32,0.00187319,6,3,1,0.0966129,0.00395757,0.00395757,0.00395757,-0.680073,-0.680073
130_bNAb_Combinations|1342396|sample|3|PVO.4|5024,16.6,0.000383665,7,3,1,0.0432012,0.000279735,0.000279735,0.000279735,0.0404906,0.0404906
130_bNAb_Combinations|1342396|sample|3|PVO.4|5024,83,4.5137e-05,8,3,1,0.0186251,1.9731e-05,1.9731e-05,1.9731e-05,0.0100357,0.0100357
130_bNAb_Combinations|1342396|sample|4|PVO.4|5024,0.0010624,1,1,4,1,0.805112,0.899394,0.899394,0.899394,0.809033,0.809033
130_bNAb_Combinations|1342396|sample|4|PVO.4|5024,0.005312,0.917851,2,4,1,0.710597,0.894775,0.894775,0.894775,0.186505,0.186505
130_bNAb_Combinations|1342396|sample|4|PVO.4|5024,0.02656,0.813708,3,4,1,0.555068,0.833926,0.833926,0.833926,-0.175068,-0.175068
130_bNAb_Combinations|1342396|sample|4|PVO.4|5024,0.1328,0.442377,4,4,1,0.364601,0.424137,0.424137,0.424137,0.304112,0.304112
130_bNAb_Combinations|1342396|sample|4|PVO.4|5024,0.664,0.0734831,5,4,1,0.200439,0.0531397,0.0531397,0.0531397,2.09148,2.09148
130_bNAb_Combinations|1342396|sample|4|PVO.4|5024,3.32,0.000744761,6,4,1,0.0966129,0.00395757,0.00395757,0.00395757,-1.04824,-1.04824
130_bNAb_Combinations|1342396|sample|4|PVO.4|5024,16.6,0,7,4,1,0.0432012,0.000279735,0.000279735,0.000279735,-0.108983,-0.108983
130_bNAb_Combinations|1342396|sample|4|PVO.4|5024,83,0.00128641,8,4,1,0.0186251,1.9731e-05,1.9731e-05,1.9731e-05,0.500354,0.500354
130_bNAb_Combinations|1342396|vc|1|2|PVO.4|5024,0,0.943804,1,2,1,0.890522,0.916034,0.916034,0.916034,0.21934,0.21934
130_bNAb_Combinations|1342396|vc|2|2|PVO.4|5024,0,0.908609,2,2,1,0.890522,0.916034,0.916034,0.916034,-0.0586491,-0.0586491
130_bNAb_Combinations|1342396|vc|3|2|PVO.4|5024,0,0.910922,3,2,1,0.890522,0.916034,0.916034,0.916034,-0.0403779,-0.0403779
130_bNAb_Combinations|1342396|vc|4|2|PVO.4|5024,0,0.912705,4,2,1,0.890522,0.916034,0.916034,0.916034,-0.0262958,-0.0262958
130_bNAb_Combinations|1342396|vc|5|2|PVO.4|5024,0,0.907345,5,2,1,0.890522,0.916034,0.916034,0.916034,-0.0686314,-0.0686314
130_bNAb_Combinations|1342396|vc|6|2|PVO.4|5024,0,0.878886,6,2,1,0.890522,0.916034,0.916034,0.916034,-0.293411,-0.293411
130_bNAb_Combinations|1342396|vc|7|2|PVO.4|5024,0,0.860549,7,2,1,0.890522,0.916034,0.916034,0.916034,-0.438244,-0.438244
130_bNAb_Combinations|1342396|vc|8|2|PVO.4|5024,0,0.761022,8,2,1,0.890522,0.916034,0.916034,0.916034,-1.22435,-1.22435
130_bNAb_Combinations|1342408|cc|1|1|nan|4168,0,0.0014393,1,1,0,0,0,0,0,0.569145,0.569145
130_bNAb_Combinations|1342408|cc|2|1|nan|4168,0,0.0014393,2,1,0,0,0,0,0,0.569145,0.569145
130_bNAb_Combinations|1342408|cc|3|1|nan|4168,0,0.000729786,3,1,0,0,0,0,0,0.28858,0.28858
130_bNAb_Combinations|1342408|cc|4|1|nan|4168,0,0.00152039,4,1,0,0,0,0,0,0.601209,0.601209
130_bNAb_Combinations|1342408|cc|5|1|nan|4168,0,0.000973049,5,1,0,0,0,0,0,0.384774,0.384774
130_bNAb_Combinations|1342408|cc|6|1|nan|4168,0,0.00105414,6,1,0,0,0,0,0,0.416838,0.416838
130_bNAb_Combinations|1342408|cc|7|1|nan|4168,0,0.00154066,7,1,0,0,0,0,0,0.609225,0.609225
130_bNAb_Combinations|1342408|cc|8|1|nan|4168,0,0.00145957,8,1,0,0,0,0,0,0.577161,0.577161
130_bNAb_Combinations|1342408|sample|3|nan|4168,0.0010624,0.884744,1,3,1,0.805112,0.928204,0.928204,0.928204,-0.338853,-0.338853
130_bNAb_Combinations|1342408|sample|3|nan|4168,0.005312,0.890796,2,3,1,0.710597,0.899109,0.899109,0.899109,-0.0668699,-0.0668699
130_bNAb_Combinations|1342408|sample|3|nan|4168,0.02656,0.776077,3,3,1,0.555068,0.775439,0.775439,0.775439,0.00593452,0.00593451
130_bNAb_Combinations|1342408|sample|3|nan|4168,0.1328,0.462381,4,3,1,0.364601,0.456192,0.456192,0.456192,0.0962108,0.0962108
130_bNAb_Combinations|1342408|sample|3|nan|4168,0.664,0.16701,5,3,1,0.200439,0.147414,0.147414,0.147414,0.871038,0.871038
130_bNAb_Combinations|1342408|sample|3|nan|4168,3.32,0.0252587,6,3,1,0.0966129,0.0331737,0.0331737,0.0331737,-1.12712,-1.12712
130_bNAb_Combinations|1342408|sample|3|nan|4168,16.6,0.00823037,7,3,1,0.0432012,0.00671149,0.00671149,0.00671149,0.441794,0.441794
130_bNAb_Combinations|1342408|sample|3|nan|4168,83,0.0027367,8,3,1,0.0186251,0.0013268,0.0013268,0.0013268,0.520528,0.520528
130_bNAb_Combinations|1342408|sample|4|nan|4168,0.0010624,0.931106,1,4,1,0.805112,0.928204,0.928204,0.928204,0.0226244,0.0226244
130_bNAb_Combinations|1342408|sample|4|nan|4168,0.005312,0.912324,2,4,1,0.710597,0.899109,0.899109,0.899109,0.106308,0.106308
130_bNAb_Combinations|1342408|sample|4|nan|4168,0.02656,0.764897,3,4,1,0.555068,0.775439,0.775439,0.775439,-0.098003,-0.098003
130_bNAb_Combinations|1342408|sample|4|nan|4168,0.1328,0.50485,4,4,1,0.364601,0.456192,0.456192,0.456192,0.756484,0.756484
130_bNAb_Combinations|1342408|sample|4|nan|4168,0.664,0.189005,5,4,1,0.200439,0.147414,0.147414,0.147414,1.84874,1.84874
130_bNAb_Combinations|1342408|sample|4|nan|4168,3.32,0.0320092,6,4,1,0.0966129,0.0331737,0.0331737,0.0331737,-0.165828,-0.165828
130_bNAb_Combinations|1342408|sample|4|nan|4168,16.6,0.00490579,7,4,1,0.0432012,0.00671149,0.00671149,0.00671149,-0.525225,-0.525225
130_bNAb_Combinations|1342408|sample|4|nan|4168,83,0.00336513,8,4,1,0.0186251,0.0013268,0.0013268,0.0013268,0.752539,0.752539
130_bNAb_Combinations|1342408|vc|1|2|nan|4168,0,0.949635,1,2,1,0.890522,0.952549,0.952549,0.952549,-0.0221561,-0.0221561
130_bNAb_Combinations|1342408|vc|2|2|nan|4168,0,0.965274,2,2,1,0.890522,0.952549,0.952549,0.952549,0.0967285,0.0967285
130_bNAb_Combinations|1342408|vc|3|2|nan|4168,0,1,3,2,1,0.890522,0.952549,0.952549,0.952549,0.360694,0.360694
130_bNAb_Combinations|1342408|vc|4|2|nan|4168,0,0.969906,4,2,1,0.890522,0.952549,0.952549,0.952549,0.131939,0.131939
130_bNAb_Combinations|1342408|vc|5|2|nan|4168,0,0.940482,5,2,1,0.890522,0.952549,0.952549,0.952549,-0.0917301,-0.0917301
130_bNAb_Combinations|1342408|vc|6|2|nan|4168,0,0.930052,6,2,1,0.890522,0.952549,0.952549,0.952549,-0.171012,-0.171012
130_bNAb_Combinations|1342408|vc|7|2|nan|4168,0,0.924538,7,2,1,0.890522,0.952549,0.952549,0.952549,-0.212926,-0.212926
130_bNAb_Combinations|1342408|vc|8|2|nan|4168,0,0.903212,8,2,1,0.890522,0.952549,0.952549,0.952549,-0.375034,-0.375034
704_VRC01_Concordance|1200432|cc|1|1|PVO.4|5024,0,0.00146144,1,1,0,0,0,0,0,0.5779,0.5779
704_VRC01_Concordance|1200432|cc|2|1|PVO.4|5024,0,0.00217593,2,1,0,0,0,0,0,0.860429,0.860429
704_VRC01_Concordance|1200432|cc|3|1|PVO.4|5024,0,0.0011042,3,1,0,0,0,0,0,0.436636,0.436636
704_VRC01_Concordance|1200432|cc|4|1|PVO.4|5024,0,0.00198107,4,1,0,0,0,0,0,0.783376,0.783376
704_VRC01_Concordance|1200432|cc|5|1|PVO.4|5024,0,0.00298784,5,1,0,0,0,0,0,1.18148,1.18148
704_VRC01_Concordance|1200432|cc|6|1|PVO.4|5024,0,0.00175373,6,1,0,0,0,0,0,0.69348,0.69348
704_VRC01_Concordance|1200432|cc|7|1|PVO.4|5024,0,0.00233831,7,1,0,0,0,0,0,0.92464,0.92464
704_VRC01_Concordance|1200432|cc|8|1|PVO.4|5024,0,0.00334508,8,1,0,0,0,0,0,1.32275,1.32275
704_VRC01_Concordance|1200432|sample|10|PVO.4|5024,0.002286236854138,0.850689,1,10,1,0.76734,0.874473,0.874473,0.874473,-0.196597,-0.196597
704_VRC01_Concordance|1200432|sample|10|PVO.4|5024,0.0068587105624142,0.988097,2,10,1,0.689947,0.873568,0.873568,0.873568,0.947657,0.947657
704_VRC01_Concordance|1200432|sample|10|PVO.4|5024,0.0205761316872428,0.866635,3,10,1,0.583393,0.868849,0.868849,0.868849,-0.0184184,-0.0184184
704_VRC01_Concordance|1200432|sample|10|PVO.4|5024,0.0617283950617284,0.879642,4,10,1,0.455891,0.84492,0.84492,0.84492,0.29683,0.29683
704_VRC01_Concordance|1200432|sample|10|PVO.4|5024,0.1851851851851852,0.740724,5,10,1,0.32662,0.738298,0.738298,0.738298,0.0236592,0.0236593
704_VRC01_Concordance|1200432|sample|10|PVO.4|5024,0.5555555555555556,0.485621,6,10,1,0.215805,0.4443,0.4443,0.4443,0.658911,0.658911
704_VRC01_Concordance|1200432|sample|10|PVO.4|5024,1.66666666666667,0.212201,7,10,1,0.133674,0.143876,0.143876,0.143876,3.10327,3.10327
704_VRC01_Concordance|1200432|sample|10|PVO.4|5024,5,0.0380949,8,10,1,0.079135,0.0316515,0.0316515,0.0316515,0.945311,0.945311
704_VRC01_Concordance|1200432|sample|11|PVO.4|5024,0.0457247370827617,0.868454,1,11,1,0.491836,0.85552,0.85552,0.85552,0.109233,0.109233
704_VRC01_Concordance|1200432|sample|11|PVO.4|5024,0.1371742112482853,0.719452,2,11,1,0.360835,0.782731,0.782731,0.782731,-0.582942,-0.582942
704_VRC01_Concordance|1200432|sample|11|PVO.4|5024,0.411522633744856,0.42653,3,11,1,0.243422,0.541257,0.541257,0.541257,-1.51268,-1.51268
704_VRC01_Concordance|1200432|sample|11|PVO.4|5024,1.23456790123457,0.188591,4,11,1,0.153167,0.20677,0.20677,0.20677,-0.59531,-0.59531
704_VRC01_Concordance|1200432|sample|11|PVO.4|5024,3.7037037037037,0.036601,5,11,1,0.0916376,0.0487608,0.0487608,0.0487608,-1.33132,-1.33132
704_VRC01_Concordance|1200432|sample|11|PVO.4|5024,11.1111111111111,0.00789179,6,11,1,0.0530472,0.00973835,0.00973835,0.00973835,-0.479881,-0.479881
704_VRC01_Concordance|1200432|sample|11|PVO.4|5024,33.3333333333333,0.00133154,7,11,1,0.0300957,0.00187406,0.00187406,0.00187406,-0.194962,-0.194962
704_VRC01_Concordance|1200432|sample|11|PVO.4|5024,100,0.000389718,8,11,1,0.0168744,0.000358028,0.000358028,0.000358028,0.0122954,0.0122954
704_VRC01_Concordance|1200432|sample|12|PVO.4|5024,0.0457247370827617,0.755582,1,12,1,0.491836,0.85552,0.85552,0.85552,-0.84399,-0.84399
704_VRC01_Concordance|1200432|sample|12|PVO.4|5024,0.1371742112482853,0.635256,2,12,1,0.360835,0.782731,0.782731,0.782731,-1.35857,-1.35857
704_VRC01_Concordance|1200432|sample|12|PVO.4|5024,0.411522633744856,0.416203,3,12,1,0.243422,0.541257,0.541257,0.541257,-1.64885,-1.64885
704_VRC01_Concordance|1200432|sample|12|PVO.4|5024,1.23456790123457,0.135362,4,12,1,0.153167,0.20677,0.20677,0.20677,-2.33845,-2.33845
704_VRC01_Concordance|1200432|sample|12|PVO.4|5024,3.7037037037037,0.0341003,5,12,1,0.0916376,0.0487608,0.0487608,0.0487608,-1.6051,-1.6051
704_VRC01_Concordance|1200432|sample|12|PVO.4|5024,11.1111111111111,0.00308527,6,12,1,0.0530472,0.00973835,0.00973835,0.00973835,-1.72899,-1.72899
704_VRC01_Concordance|1200432|sample|12|PVO.4|5024,33.3333333333333,0.000292288,7,12,1,0.0300957,0.00187406,0.00187406,0.00187406,-0.568426,-0.568426
704_VRC01_Concordance|1200432|sample|12|PVO.4|5024,100,0.000292288,8,12,1,0.0168744,0.000358028,0.000358028,0.000358028,-0.0255064,-0.0255064
704_VRC01_Concordance|1200432|sample|3|PVO.4|5024,0.0457247370827617,0.931426,1,3,1,0.491836,0.85552,0.85552,0.85552,0.641041,0.641041
704_VRC01_Concordance|1200432|sample|3|PVO.4|5024,0.1371742112482853,0.65242,2,3,1,0.360835,0.782731,0.782731,0.782731,-1.20045,-1.20045
704_VRC01_Concordance|1200432|sample|3|PVO.4|5024,0.411522633744856,0.404284,3,3,1,0.243422,0.541257,0.541257,0.541257,-1.806,-1.806
704_VRC01_Concordance|1200432|sample|3|PVO.4|5024,1.23456790123457,0.116071,4,3,1,0.153167,0.20677,0.20677,0.20677,-2.97019,-2.97019
704_VRC01_Concordance|1200432|sample|3|PVO.4|5024,3.7037037037037,0.0223763,5,3,1,0.0916376,0.0487608,0.0487608,0.0487608,-2.88871,-2.88871
704_VRC01_Concordance|1200432|sample|3|PVO.4|5024,11.1111111111111,0.00337756,6,3,1,0.0530472,0.00973835,0.00973835,0.00973835,-1.65303,-1.65303
704_VRC01_Concordance|1200432|sample|3|PVO.4|5024,33.3333333333333,0.00295536,7,3,1,0.0300957,0.00187406,0.00187406,0.00187406,0.388574,0.388574
704_VRC01_Concordance|1200432|sample|3|PVO.4|5024,100,0.00168878,8,3,1,0.0168744,0.000358028,0.000358028,0.000358028,0.516319,0.516319
704_VRC01_Concordance|1200432|sample|4|PVO.4|5024,0.0457247370827617,0.855821,1,4,1,0.491836,0.85552,0.85552,0.85552,0.00254237,0.00254237
704_VRC01_Concordance|1200432|sample|4|PVO.4|5024,0.1371742112482853,0.721108,2,4,1,0.360835,0.782731,0.782731,0.782731,-0.567683,-0.567683
704_VRC01_Concordance|1200432|sample|4|PVO.4|5024,0.411522633744856,0.572009,3,4,1,0.243422,0.541257,0.541257,0.541257,0.405463,0.405463
704_VRC01_Concordance|1200432|sample|4|PVO.4|5024,1.23456790123457,0.23966,4,4,1,0.153167,0.20677,0.20677,0.20677,1.0771,1.0771
704_VRC01_Concordance|1200432|sample|4|PVO.4|5024,3.7037037037037,0.0572236,5,4,1,0.0916376,0.0487608,0.0487608,0.0487608,0.926553,0.926553
704_VRC01_Concordance|1200432|sample|4|PVO.4|5024,11.1111111111111,0.00779436,6,4,1,0.0530472,0.00973835,0.00973835,0.00973835,-0.5052,-0.505201
704_VRC01_Concordance|1200432|sample|4|PVO.4|5024,33.3333333333333,0.0027605,7,4,1,0.0300957,0.00187406,0.00187406,0.00187406,0.31855,0.31855
704_VRC01_Concordance|1200432|sample|4|PVO.4|5024,100,0.00116915,8,4,1,0.0168744,0.000358028,0.000358028,0.000358028,0.31471,0.31471
704_VRC01_Concordance|1200432|sample|5|PVO.4|5024,0.002286236854138,0.883215,1,5,1,0.76734,0.874473,0.874473,0.874473,0.0722551,0.0722551
704_VRC01_Concordance|1200432|sample|5|PVO.4|5024,0.0068587105624142,0.89653,2,5,1,0.689947,0.873568,0.873568,0.873568,0.189997,0.189997
704_VRC01_Concordance|1200432|sample|5|PVO.4|5024,0.0205761316872428,0.878603,3,5,1,0.583393,0.868849,0.868849,0.868849,0.0811319,0.0811319
704_VRC01_Concordance|1200432|sample|5|PVO.4|5024,0.0617283950617284,0.790088,4,5,1,0.455891,0.84492,0.84492,0.84492,-0.46875,-0.46875
704_VRC01_Concordance|1200432|sample|5|PVO.4|5024,0.1851851851851852,0.721465,5,5,1,0.32662,0.738298,0.738298,0.738298,-0.164169,-0.164169
704_VRC01_Concordance|1200432|sample|5|PVO.4|5024,0.5555555555555556,0.483543,6,5,1,0.215805,0.4443,0.4443,0.4443,0.625767,0.625767
704_VRC01_Concordance|1200432|sample|5|PVO.4|5024,1.66666666666667,0.199503,7,5,1,0.133674,0.143876,0.143876,0.143876,2.52652,2.52652
704_VRC01_Concordance|1200432|sample|5|PVO.4|5024,5,0.0347498,8,5,1,0.079135,0.0316515,0.0316515,0.0316515,0.454554,0.454554
704_VRC01_Concordance|1200432|sample|6|PVO.4|5024,0.002286236854138,0.994382,1,6,1,0.76734,0.874473,0.874473,0.874473,0.991156,0.991156
704_VRC01_Concordance|1200432|sample|6|PVO.4|5024,0.0068587105624142,0.986474,2,6,1,0.689947,0.873568,0.873568,0.873568,0.934221,0.934221
704_VRC01_Concordance|1200432|sample|6|PVO.4|5024,0.0205761316872428,0.991621,3,6,1,0.583393,0.868849,0.868849,0.868849,1.02125,1.02125
704_VRC01_Concordance|1200432|sample|6|PVO.4|5024,0.0617283950617284,0.869396,4,6,1,0.455891,0.84492,0.84492,0.84492,0.209236,0.209236
704_VRC01_Concordance|1200432|sample|6|PVO.4|5024,0.1851851851851852,0.779355,5,6,1,0.32662,0.738298,0.738298,0.738298,0.400423,0.400423
704_VRC01_Concordance|1200432|sample|6|PVO.4|5024,0.5555555555555556,0.468051,6,6,1,0.215805,0.4443,0.4443,0.4443,0.378738,0.378738
704_VRC01_Concordance|1200432|sample|6|PVO.4|5024,1.66666666666667,0.186123,7,6,1,0.133674,0.143876,0.143876,0.143876,1.9188,1.9188
704_VRC01_Concordance|1200432|sample|6|PVO.4|5024,5,0.0497215,8,6,1,0.079135,0.0316515,0.0316515,0.0316515,2.65105,2.65105
704_VRC01_Concordance|1200432|sample|7|PVO.4|5024,0.0457247370827617,0.822711,1,7,1,0.491836,0.85552,0.85552,0.85552,-0.277075,-0.277075
704_VRC01_Concordance|1200432|sample|7|PVO.4|5024,0.1371742112482853,0.758505,2,7,1,0.360835,0.782731,0.782731,0.782731,-0.223177,-0.223177
704_VRC01_Concordance|1200432|sample|7|PVO.4|5024,0.411522633744856,0.445919,3,7,1,0.243422,0.541257,0.541257,0.541257,-1.25704,-1.25704
704_VRC01_Concordance|1200432|sample|7|PVO.4|5024,1.23456790123457,0.173424,4,7,1,0.153167,0.20677,0.20677,0.20677,-1.09198,-1.09198
704_VRC01_Concordance|1200432|sample|7|PVO.4|5024,3.7037037037037,0.0308202,5,7,1,0.0916376,0.0487608,0.0487608,0.0487608,-1.96423,-1.96423
704_VRC01_Concordance|1200432|sample|7|PVO.4|5024,11.1111111111111,0.00402709,6,7,1,0.0530472,0.00973835,0.00973835,0.00973835,-1.48423,-1.48423
704_VRC01_Concordance|1200432|sample|7|PVO.4|5024,33.3333333333333,0.00243574,7,7,1,0.0300957,0.00187406,0.00187406,0.00187406,0.201843,0.201843
704_VRC01_Concordance|1200432|sample|7|PVO.4|5024,100,0.00113668,8,7,1,0.0168744,0.000358028,0.000358028,0.000358028,0.302109,0.302109
704_VRC01_Concordance|1200432|sample|8|PVO.4|5024,0.0457247370827617,0.796746,1,8,1,0.491836,0.85552,0.85552,0.85552,-0.496353,-0.496353
704_VRC01_Concordance|1200432|sample|8|PVO.4|5024,0.1371742112482853,0.73569,2,8,1,0.360835,0.782731,0.782731,0.782731,-0.433352,-0.433352
704_VRC01_Concordance|1200432|sample|8|PVO.4|5024,0.411522633744856,0.466265,3,8,1,0.243422,0.541257,0.541257,0.541257,-0.988772,-0.988772
704_VRC01_Concordance|1200432|sample|8|PVO.4|5024,1.23456790123457,0.184954,4,8,1,0.153167,0.20677,0.20677,0.20677,-0.714427,-0.714427
704_VRC01_Concordance|1200432|sample|8|PVO.4|5024,3.7037037037037,0.0379325,5,8,1,0.0916376,0.0487608,0.0487608,0.0487608,-1.18553,-1.18553
704_VRC01_Concordance|1200432|sample|8|PVO.4|5024,11.1111111111111,0.00399461,6,8,1,0.0530472,0.00973835,0.00973835,0.00973835,-1.49267,-1.49267
704_VRC01_Concordance|1200432|sample|8|PVO.4|5024,33.3333333333333,0.00168878,7,8,1,0.0300957,0.00187406,0.00187406,0.00187406,-0.0665842,-0.0665842
704_VRC01_Concordance|1200432|sample|8|PVO.4|5024,100,0,8,8,1,0.0168744,0.000358028,0.000358028,0.000358028,-0.138912,-0.138912
704_VRC01_Concordance|1200432|sample|9|PVO.4|5024,0.002286236854138,0.844113,1,9,1,0.76734,0.874473,0.874473,0.874473,-0.250957,-0.250957
704_VRC01_Concordance|1200432|sample|9|PVO.4|5024,0.0068587105624142,0.938782,2,9,1,0.689947,0.873568,0.873568,0.873568,0.539604,0.539604
704_VRC01_Concordance|1200432|sample|9|PVO.4|5024,0.0205761316872428,0.856568,3,9,1,0.583393,0.868849,0.868849,0.868849,-0.102165,-0.102165
704_VRC01_Concordance|1200432|sample|9|PVO.4|5024,0.0617283950617284,0.895653,4,9,1,0.455891,0.84492,0.84492,0.84492,0.433704,0.433704
704_VRC01_Concordance|1200432|sample|9|PVO.4|5024,0.1851851851851852,0.785119,5,9,1,0.32662,0.738298,0.738298,0.738298,0.456645,0.456645
704_VRC01_Concordance|1200432|sample|9|PVO.4|5024,0.5555555555555556,0.449345,6,9,1,0.215805,0.4443,0.4443,0.4443,0.0804384,0.0804385
704_VRC01_Concordance|1200432|sample|9|PVO.4|5024,1.66666666666667,0.160499,7,9,1,0.133674,0.143876,0.143876,0.143876,0.75499,0.75499
704_VRC01_Concordance|1200432|sample|9|PVO.4|5024,5,0.0365685,8,9,1,0.079135,0.0316515,0.0316515,0.0316515,0.721373,0.721373
704_VRC01_Concordance|1200432|vc|1|2|PVO.4|5024,0,0.927366,1,2,1,0.890522,0.890522,0.890522,0.890522,0.299176,0.299176
704_VRC01_Concordance|1200432|vc|2|2|PVO.4|5024,0,0.913369,2,2,1,0.890522,0.890522,0.890522,0.890522,0.185517,0.185517
704_VRC01_Concordance|1200432|vc|3|2|PVO.4|5024,0,1,3,2,1,0.890522,0.890522,0.890522,0.890522,0.888965,0.888965
704_VRC01_Concordance|1200432|vc|4|2|PVO.4|5024,0,0.936054,4,2,1,0.890522,0.890522,0.890522,0.890522,0.369719,0.369719
704_VRC01_Concordance|1200432|vc|5|2|PVO.4|5024,0,0.990712,5,2,1,0.890522,0.890522,0.890522,0.890522,0.813543,0.813543
704_VRC01_Concordance|1200432|vc|6|2|PVO.4|5024,0,0.919832,6,2,1,0.890522,0.890522,0.890522,0.890522,0.237996,0.237996
704_VRC01_Concordance|1200432|vc|7|2|PVO.4|5024,0,0.864589,7,2,1,0.890522,0.890522,0.890522,0.890522,-0.210576,-0.210576
704_VRC01_Concordance|1200432|vc|8|2|PVO.4|5024,0,0.869461,8,2,1,0.890522,0.890522,0.890522,0.890522,-0.171019,-0.171019
