id,time,rlu_norm,plate_row,plate_col,virus_cc,popPred_medianCOV,popPred,indivPred_SAEM,indivPred_mode,indWRes_SAEM,indWRes_mode
130_bNAb_Combinations|1313842|cc|1|1|nan|2946,0,0.00107969,1,1,0,0,0,0,0,0.458746,0.458746
130_bNAb_Combinations|1313842|cc|2|1|nan|2946,0,0.000918885,2,1,0,0,0,0,0,0.390422,0.390422
130_bNAb_Combinations|1313842|cc|3|1|nan|2946,0,0.00110266,3,1,0,0,0,0,0,0.468507,0.468507
130_bNAb_Combinations|1313842|cc|4|1|nan|2946,0,0.00133238,4,1,0,0,0,0,0,0.566112,0.566112
130_bNAb_Combinations|1313842|cc|5|1|nan|2946,0,0.00153913,5,1,0,0,0,0,0,0.653957,0.653957
130_bNAb_Combinations|1313842|cc|6|1|nan|2946,0,0.00149319,6,1,0,0,0,0,0,0.634436,0.634436
130_bNAb_Combinations|1313842|cc|7|1|nan|2946,0,0.00149319,7,1,0,0,0,0,0,0.634436,0.634436
130_bNAb_Combinations|1313842|cc|8|1|nan|2946,0,0.000826997,8,1,0,0,0,0,0,0.35138,0.35138
130_bNAb_Combinations|1313842|sample|10|nan|2946,0.0003648,0.782305,1,10,1,0.832356,0.786941,0.786875,0.786941,-0.0279758,-0.0283719
130_bNAb_Combinations|1313842|sample|10|nan|2946,0.001824,0.882187,2,10,1,0.857454,0.825418,0.825381,0.825418,0.331681,0.331449
130_bNAb_Combinations|1313842|sample|10|nan|2946,0.00912,0.889573,3,10,1,0.833517,0.852869,0.852854,0.852869,0.207577,0.207493
130_bNAb_Combinations|1313842|sample|10|nan|2946,0.0456,0.751223,4,10,1,0.55024,0.814344,0.814345,0.814344,-0.373481,-0.373476
130_bNAb_Combinations|1313842|sample|10|nan|2946,0.228,0.542866,5,10,1,0.132692,0.57297,0.572983,0.57297,-0.25178,-0.251681
130_bNAb_Combinations|1313842|sample|10|nan|2946,1.14,0.150628,6,10,1,0.0174759,0.152851,0.152834,0.152851,-0.0655974,-0.0660967
130_bNAb_Combinations|1313842|sample|10|nan|2946,5.7,0.0141738,7,10,1,0.0029274,0.0197409,0.0197459,0.0197409,-0.871374,-0.87073
130_bNAb_Combinations|1313842|sample|10|nan|2946,28.5,0.000252693,8,10,1,0.0013441,0.0030382,0.0030516,0.0030382,-0.939834,-0.936199
130_bNAb_Combinations|1313842|sample|11|nan|2946,0.0003712,0.787795,1,11,1,0.832341,0.786947,0.786882,0.786947,0.00558599,0.00518713
130_bNAb_Combinations|1313842|sample|11|nan|2946,0.001856,0.899692,2,11,1,0.857308,0.825484,0.825447,0.825484,0.433469,0.433232
130_bNAb_Combinations|1313842|sample|11|nan|2946,0.00928,0.943259,3,11,1,0.808892,0.821843,0.821808,0.821843,0.712165,0.711934
130_bNAb_Combinations|1313842|sample|11|nan|2946,0.0464,0.770876,4,11,1,0.529868,0.789348,0.789328,0.789348,-0.11259,-0.112709
130_bNAb_Combinations|1313842|sample|11|nan|2946,0.2319999999999999,0.591682,5,11,1,0.126362,0.576682,0.576682,0.576682,0.124615,0.12461
130_bNAb_Combinations|1313842|sample|11|nan|2946,1.16,0.238543,6,11,1,0.0166157,0.164747,0.164726,0.164747,2.04677,2.04595
130_bNAb_Combinations|1313842|sample|11|nan|2946,5.8,0.0150238,7,11,1,0.00288649,0.0224575,0.0224613,0.0224575,-1.07011,-1.06967
130_bNAb_Combinations|1313842|sample|11|nan|2946,29,0,8,11,1,0.00133985,0.00332795,0.00334111,0.00332795,-1.10002,-1.09666
130_bNAb_Combinations|1313842|sample|12|nan|2946,0.0003712,0.726907,1,12,1,0.832341,0.786947,0.786882,0.786947,-0.367067,-0.367435
130_bNAb_Combinations|1313842|sample|12|nan|2946,0.001856,0.725805,2,12,1,0.827002,0.786574,0.786509,0.786574,-0.371705,-0.372071
130_bNAb_Combinations|1313842|sample|12|nan|2946,0.00928,0.699823,3,12,1,0.780298,0.783104,0.783042,0.783104,-0.51179,-0.51213
130_bNAb_Combinations|1313842|sample|12|nan|2946,0.0464,0.628667,4,12,1,0.511137,0.752141,0.752094,0.752141,-0.789833,-0.790085
130_bNAb_Combinations|1313842|sample|12|nan|2946,0.2319999999999999,0.46638,5,12,1,0.121895,0.5495,0.549479,0.5495,-0.723823,-0.723978
130_bNAb_Combinations|1313842|sample|12|nan|2946,1.16,0.173084,6,12,1,0.0160283,0.156981,0.156956,0.156981,0.467819,0.467
130_bNAb_Combinations|1313842|sample|12|nan|2946,5.8,0.0100848,7,12,1,0.00278446,0.0213989,0.0214018,0.0213989,-1.68071,-1.68043
130_bNAb_Combinations|1313842|sample|12|nan|2946,29,0.00119455,8,12,1,0.00133985,0.00332795,0.00334111,0.00332795,-0.706726,-0.703016
130_bNAb_Combinations|1313842|sample|3|nan|2946,0.000064,0.866394,1,3,1,0.83293,0.786992,0.786927,0.786992,0.486339,0.485901
130_bNAb_Combinations|1313842|sample|3|nan|2946,0.00032,0.944316,2,3,1,0.862966,0.825921,0.825883,0.825921,0.691086,0.690834
130_bNAb_Combinations|1313842|sample|3|nan|2946,0.0016,0.961051,3,3,1,0.883255,0.857718,0.8577,0.857718,0.581005,0.580891
130_bNAb_Combinations|1313842|sample|3|nan|2946,0.008,0.986159,4,3,1,0.842175,0.857547,0.857529,0.857547,0.723263,0.723147
130_bNAb_Combinations|1313842|sample|3|nan|2946,0.04,0.882578,5,3,1,0.587391,0.855949,0.855932,0.855949,0.150099,0.150003
130_bNAb_Combinations|1313842|sample|3|nan|2946,0.2,0.77709,6,3,1,0.154381,0.841319,0.84131,0.841319,-0.367965,-0.36801
130_bNAb_Combinations|1313842|sample|3|nan|2946,1,0.473111,7,3,1,0.0200625,0.698689,0.698686,0.698689,-1.55205,-1.55206
130_bNAb_Combinations|1313842|sample|3|nan|2946,5,0.151731,8,3,1,0.00315371,0.291921,0.291893,0.291921,-2.25741,-2.25766
130_bNAb_Combinations|1313842|sample|4|nan|2946,0.000064,0.844789,1,4,1,0.83293,0.786992,0.786927,0.786992,0.354115,0.353687
130_bNAb_Combinations|1313842|sample|4|nan|2946,0.00032,0.96429,2,4,1,0.862966,0.825921,0.825883,0.825921,0.807641,0.807385
130_bNAb_Combinations|1313842|sample|4|nan|2946,0.0016,0.942363,3,4,1,0.883255,0.857718,0.8577,0.857718,0.475948,0.475836
130_bNAb_Combinations|1313842|sample|4|nan|2946,0.008,0.926512,4,4,1,0.861499,0.883542,0.883537,0.883542,0.234617,0.234592
130_bNAb_Combinations|1313842|sample|4|nan|2946,0.04,0.878374,5,4,1,0.600869,0.881895,0.881892,0.881895,-0.0192439,-0.0192591
130_bNAb_Combinations|1313842|sample|4|nan|2946,0.2,0.73798,6,4,1,0.154381,0.841319,0.84131,0.841319,-0.592055,-0.592098
130_bNAb_Combinations|1313842|sample|4|nan|2946,1,0.443512,7,4,1,0.0200625,0.698689,0.698686,0.698689,-1.7557,-1.75572
130_bNAb_Combinations|1313842|sample|4|nan|2946,5,0.140934,8,4,1,0.00315371,0.291921,0.291893,0.291921,-2.4313,-2.43153
130_bNAb_Combinations|1313842|sample|5|nan|2946,0.0006144,0.829983,1,5,1,0.831688,0.786987,0.786922,0.786987,0.263536,0.263116
130_bNAb_Combinations|1313842|sample|5|nan|2946,0.003072,0.89357,2,5,1,0.851118,0.825874,0.825836,0.825874,0.395267,0.39503
130_bNAb_Combinations|1313842|sample|5|nan|2946,0.01536,0.91946,3,5,1,0.782184,0.857264,0.857246,0.857264,0.349927,0.349821
130_bNAb_Combinations|1313842|sample|5|nan|2946,0.0768,0.844513,4,5,1,0.40108,0.879193,0.879192,0.879193,-0.190251,-0.190256
130_bNAb_Combinations|1313842|sample|5|nan|2946,0.384,0.634686,5,5,1,0.071886,0.843057,0.84307,0.843057,-1.19153,-1.19147
130_bNAb_Combinations|1313842|sample|5|nan|2946,1.92,0.273162,6,5,1,0.00919257,0.591502,0.591516,0.591502,-2.57969,-2.57964
130_bNAb_Combinations|1313842|sample|5|nan|2946,9.6,0.101927,7,5,1,0.00204336,0.159485,0.159465,0.159485,-1.64448,-1.64487
130_bNAb_Combinations|1313842|sample|5|nan|2946,48,0.049482,8,5,1,0.00125248,0.0206111,0.0206143,0.0206111,4.39233,4.39326
130_bNAb_Combinations|1313842|sample|6|nan|2946,0.0006144,0.807137,1,6,1,0.831688,0.786987,0.786922,0.786987,0.123719,0.12331
130_bNAb_Combinations|1313842|sample|6|nan|2946,0.003072,0.913073,2,6,1,0.851118,0.825874,0.825836,0.825874,0.509081,0.508838
130_bNAb_Combinations|1313842|sample|6|nan|2946,0.01536,0.905757,3,6,1,0.782184,0.857264,0.857246,0.857264,0.272854,0.272749
130_bNAb_Combinations|1313842|sample|6|nan|2946,0.0768,0.884312,4,6,1,0.40108,0.879193,0.879192,0.879193,0.0280885,0.0280833
130_bNAb_Combinations|1313842|sample|6|nan|2946,0.384,0.63016,5,6,1,0.071886,0.843057,0.84307,0.843057,-1.2174,-1.21735
130_bNAb_Combinations|1313842|sample|6|nan|2946,1.92,0.318692,6,6,1,0.00919257,0.591502,0.591516,0.591502,-2.21075,-2.21069
130_bNAb_Combinations|1313842|sample|6|nan|2946,9.6,0.14291,7,6,1,0.00204336,0.159485,0.159465,0.159485,-0.47316,-0.473694
130_bNAb_Combinations|1313842|sample|6|nan|2946,48,0.0423376,8,6,1,0.00125248,0.0206111,0.0206143,0.0206111,3.30529,3.30611
130_bNAb_Combinations|1313842|sample|7|nan|2946,0.0000768,0.796949,1,7,1,0.832914,0.786986,0.786921,0.786986,0.0613731,0.0609694
130_bNAb_Combinations|1313842|sample|7|nan|2946,0.000384,1,2,7,1,0.86281,0.825865,0.825827,0.825865,1.01641,1.01615
130_bNAb_Combinations|1313842|sample|7|nan|2946,0.00192,0.911982,3,7,1,0.881769,0.857176,0.857158,0.857176,0.308396,0.308292
130_bNAb_Combinations|1313842|sample|7|nan|2946,0.0096,0.8727,4,7,1,0.848771,0.878354,0.878354,0.878354,-0.0310453,-0.0310476
130_bNAb_Combinations|1313842|sample|7|nan|2946,0.048,0.846259,5,7,1,0.547503,0.83591,0.835925,0.83591,0.0595862,0.0596755
130_bNAb_Combinations|1313842|sample|7|nan|2946,0.24,0.530266,6,7,1,0.12492,0.559281,0.559293,0.559281,-0.24849,-0.248397
130_bNAb_Combinations|1313842|sample|7|nan|2946,1.2,0.187832,7,7,1,0.0159197,0.138823,0.138804,0.138823,1.59389,1.59305
130_bNAb_Combinations|1313842|sample|7|nan|2946,6,0.0118536,8,7,1,0.00271022,0.0176192,0.0176238,0.0176192,-0.968109,-0.967484
130_bNAb_Combinations|1313842|sample|8|nan|2946,0.0000768,0.807666,1,8,1,0.832914,0.786986,0.786921,0.786986,0.126959,0.126549
130_bNAb_Combinations|1313842|sample|8|nan|2946,0.000384,0.9013,2,8,1,0.86281,0.825865,0.825827,0.825865,0.440435,0.440195
130_bNAb_Combinations|1313842|sample|8|nan|2946,0.00192,0.96043,3,8,1,0.881769,0.857176,0.857158,0.857176,0.580927,0.580817
130_bNAb_Combinations|1313842|sample|8|nan|2946,0.0096,0.907296,4,8,1,0.848771,0.878354,0.878354,0.878354,0.158929,0.158926
130_bNAb_Combinations|1313842|sample|8|nan|2946,0.048,0.786233,5,8,1,0.547503,0.83591,0.835925,0.83591,-0.286533,-0.28645
130_bNAb_Combinations|1313842|sample|8|nan|2946,0.24,0.560359,6,8,1,0.12492,0.559281,0.559293,0.559281,0.00913011,0.00922857
130_bNAb_Combinations|1313842|sample|8|nan|2946,1.2,0.163389,7,8,1,0.0159197,0.138823,0.138804,0.138823,0.799268,0.798534
130_bNAb_Combinations|1313842|sample|8|nan|2946,6,0.0142427,8,8,1,0.00271022,0.0176192,0.0176238,0.0176192,-0.567273,-0.566584
130_bNAb_Combinations|1313842|sample|9|nan|2946,0.0003648,0.848418,1,9,1,0.832356,0.786941,0.786875,0.786941,0.376666,0.376237
130_bNAb_Combinations|1313842|sample|9|nan|2946,0.001824,0.929671,2,9,1,0.857454,0.825418,0.825381,0.825418,0.608926,0.608682
130_bNAb_Combinations|1313842|sample|9|nan|2946,0.00912,0.902196,3,9,1,0.833517,0.852869,0.852854,0.852869,0.278939,0.278853
130_bNAb_Combinations|1313842|sample|9|nan|2946,0.0456,0.850118,4,9,1,0.562866,0.83903,0.839044,0.83903,0.0636207,0.0637051
130_bNAb_Combinations|1313842|sample|9|nan|2946,0.228,0.545806,5,9,1,0.135737,0.590339,0.590361,0.590339,-0.361728,-0.36156
130_bNAb_Combinations|1313842|sample|9|nan|2946,1.14,0.154396,6,9,1,0.0174759,0.152851,0.152834,0.152851,0.0464243,0.0459134
130_bNAb_Combinations|1313842|sample|9|nan|2946,5.7,0.0108658,7,9,1,0.0029274,0.0197409,0.0197459,0.0197409,-1.38868,-1.38812
130_bNAb_Combinations|1313842|sample|9|nan|2946,28.5,0.000413498,8,9,1,0.0013441,0.0030382,0.0030516,0.0030382,-0.885838,-0.882153
130_bNAb_Combinations|1313842|vc|1|2|nan|2946,0,0.842836,1,2,1,0.832986,0.786992,0.786927,0.786992,0.342164,0.341737
130_bNAb_Combinations|1313842|vc|2|2|nan|2946,0,0.947647,2,2,1,0.863511,0.825923,0.825885,0.825923,0.710509,0.710256
130_bNAb_Combinations|1313842|vc|3|2|nan|2946,0,0.949806,3,2,1,0.863511,0.825923,0.825885,0.825923,0.723109,0.722856
130_bNAb_Combinations|1313842|vc|4|2|nan|2946,0,0.93376,4,2,1,0.863511,0.825923,0.825885,0.825923,0.629476,0.629228
130_bNAb_Combinations|1313842|vc|5|2|nan|2946,0,0.949576,5,2,1,0.863511,0.825923,0.825885,0.825923,0.721769,0.721516
130_bNAb_Combinations|1313842|vc|6|2|nan|2946,0,0.978843,6,2,1,0.863511,0.825923,0.825885,0.825923,0.892547,0.892286
130_bNAb_Combinations|1313842|vc|7|2|nan|2946,0,0.900864,7,2,1,0.863511,0.825923,0.825885,0.825923,0.437519,0.437279
130_bNAb_Combinations|1313842|vc|8|2|nan|2946,0,0.690864,8,2,1,0.832986,0.786992,0.786927,0.786992,-0.587905,-0.588256
130_bNAb_Combinations|1313860|cc|1|1|PVO.4|5024,0,0.000722109,1,1,0,0,0,0,0,0.306814,0.306814
130_bNAb_Combinations|1313860|cc|2|1|PVO.4|5024,0,0.000902636,2,1,0,0,0,0,0,0.383518,0.383518
130_bNAb_Combinations|1313860|cc|3|1|PVO.4|5024,0,0.0011634,3,1,0,0,0,0,0,0.494312,0.494312
130_bNAb_Combinations|1313860|cc|4|1|PVO.4|5024,0,0.00162474,4,1,0,0,0,0,0,0.690332,0.690332
130_bNAb_Combinations|1313860|cc|5|1|PVO.4|5024,0,0.00138404,5,1,0,0,0,0,0,0.588061,0.588061
130_bNAb_Combinations|1313860|cc|6|1|PVO.4|5024,0,0.0016448,6,1,0,0,0,0,0,0.698855,0.698855
130_bNAb_Combinations|1313860|cc|7|1|PVO.4|5024,0,0.00178521,7,1,0,0,0,0,0,0.758513,0.758513
130_bNAb_Combinations|1313860|cc|8|1|PVO.4|5024,0,0.00148433,8,1,0,0,0,0,0,0.630674,0.630674
130_bNAb_Combinations|1313860|sample|10|PVO.4|5024,0.0003648,0.940566,1,10,1,0.832356,0.838238,0.838089,0.838238,0.589394,0.588433
130_bNAb_Combinations|1313860|sample|10|PVO.4|5024,0.001824,0.927278,2,10,1,0.857454,0.865514,0.865406,0.865514,0.344764,0.34412
130_bNAb_Combinations|1313860|sample|10|PVO.4|5024,0.00912,0.889708,3,10,1,0.833517,0.868713,0.868647,0.868713,0.116928,0.116552
130_bNAb_Combinations|1313860|sample|10|PVO.4|5024,0.0456,0.686274,4,10,1,0.55024,0.71281,0.712778,0.71281,-0.178809,-0.17902
130_bNAb_Combinations|1313860|sample|10|PVO.4|5024,0.228,0.317477,5,10,1,0.132692,0.267027,0.266992,0.267027,0.885806,0.885084
130_bNAb_Combinations|1313860|sample|10|PVO.4|5024,1.14,0.0365267,6,10,1,0.0174759,0.0400669,0.0400635,0.0400669,-0.335159,-0.335463
130_bNAb_Combinations|1313860|sample|10|PVO.4|5024,5.7,0.000641874,7,10,1,0.0029274,0.0054259,0.00543885,0.0054259,-1.38376,-1.38108
130_bNAb_Combinations|1313860|sample|10|PVO.4|5024,28.5,0.000441289,8,10,1,0.0013441,0.00161159,0.00162717,0.00161159,-0.441412,-0.43613
130_bNAb_Combinations|1313860|sample|11|PVO.4|5024,0.0003712,0.89049,1,11,1,0.832341,0.838087,0.837938,0.838087,0.302307,0.301398
130_bNAb_Combinations|1313860|sample|11|PVO.4|5024,0.001856,0.925934,2,11,1,0.857308,0.86406,0.863953,0.86406,0.345947,0.34531
130_bNAb_Combinations|1313860|sample|11|PVO.4|5024,0.00928,0.859359,3,11,1,0.808892,0.832452,0.832363,0.832452,0.156323,0.155787
130_bNAb_Combinations|1313860|sample|11|PVO.4|5024,0.0464,0.674941,4,11,1,0.529868,0.620678,0.620627,0.620678,0.419848,0.419422
130_bNAb_Combinations|1313860|sample|11|PVO.4|5024,0.2319999999999999,0.244805,5,11,1,0.126362,0.184614,0.184577,0.184614,1.50093,1.49971
130_bNAb_Combinations|1313860|sample|11|PVO.4|5024,1.16,0.0178521,6,11,1,0.0166157,0.0254435,0.0254447,0.0254435,-1.0042,-1.00407
130_bNAb_Combinations|1313860|sample|11|PVO.4|5024,5.8,0.00070205,7,11,1,0.00288649,0.00387772,0.0038919,0.00387772,-1.01263,-1.00906
130_bNAb_Combinations|1313860|sample|11|PVO.4|5024,29,0.000160469,8,11,1,0.00133985,0.00145021,0.00146598,0.00145021,-0.49198,-0.486629
130_bNAb_Combinations|1313860|sample|12|PVO.4|5024,0.0003712,0.939283,1,12,1,0.832341,0.838087,0.837938,0.838087,0.582985,0.582027
130_bNAb_Combinations|1313860|sample|12|PVO.4|5024,0.001856,0.916777,2,12,1,0.827002,0.834677,0.834531,0.834677,0.475023,0.4741
130_bNAb_Combinations|1313860|sample|12|PVO.4|5024,0.00928,0.891313,3,12,1,0.780298,0.804144,0.804016,0.804144,0.523056,0.52221
130_bNAb_Combinations|1313860|sample|12|PVO.4|5024,0.0464,0.651633,4,12,1,0.511137,0.599571,0.599491,0.599571,0.416997,0.416306
130_bNAb_Combinations|1313860|sample|12|PVO.4|5024,0.2319999999999999,0.224295,5,12,1,0.121895,0.178336,0.178291,0.178336,1.18442,1.18297
130_bNAb_Combinations|1313860|sample|12|PVO.4|5024,1.16,0.00968829,6,12,1,0.0160283,0.0245783,0.0245782,0.0245783,-2.01664,-2.01665
130_bNAb_Combinations|1313860|sample|12|PVO.4|5024,5.8,0.000661933,7,12,1,0.00278446,0.00374585,0.00375936,0.00374585,-0.991835,-0.988385
130_bNAb_Combinations|1313860|sample|12|PVO.4|5024,29,0,8,12,1,0.00133985,0.00145021,0.00146598,0.00145021,-0.552453,-0.547175
130_bNAb_Combinations|1313860|sample|3|PVO.4|5024,0.000064,0.942953,1,3,1,0.83293,0.838496,0.838347,0.838496,0.601456,0.600492
130_bNAb_Combinations|1313860|sample|3|PVO.4|5024,0.00032,0.869078,2,3,1,0.862966,0.868003,0.867893,0.868003,0.00658479,0.00597114
130_bNAb_Combinations|1313860|sample|3|PVO.4|5024,0.0016,0.85281,3,3,1,0.883255,0.892021,0.89194,0.892021,-0.21164,-0.212056
130_bNAb_Combinations|1313860|sample|3|PVO.4|5024,0.008,0.886438,4,3,1,0.842175,0.891045,0.890966,0.891045,-0.0245119,-0.0249394
130_bNAb_Combinations|1313860|sample|3|PVO.4|5024,0.04,0.784701,5,3,1,0.587391,0.882041,0.881968,0.882041,-0.531949,-0.532305
130_bNAb_Combinations|1313860|sample|3|PVO.4|5024,0.2,0.757893,6,3,1,0.154381,0.806036,0.80599,0.806036,-0.28749,-0.287749
130_bNAb_Combinations|1313860|sample|3|PVO.4|5024,1,0.495868,7,3,1,0.0200625,0.434947,0.4349,0.434947,0.667359,0.666777
130_bNAb_Combinations|1313860|sample|3|PVO.4|5024,5,0.0938942,8,3,1,0.00315371,0.0823229,0.0822995,0.0823229,0.604006,0.602637
130_bNAb_Combinations|1313860|sample|4|PVO.4|5024,0.000064,0.963754,1,4,1,0.83293,0.838496,0.838347,0.838496,0.721054,0.720069
130_bNAb_Combinations|1313860|sample|4|PVO.4|5024,0.00032,0.848879,2,4,1,0.862966,0.868003,0.867893,0.868003,-0.105651,-0.106251
130_bNAb_Combinations|1313860|sample|4|PVO.4|5024,0.0016,0.847455,3,4,1,0.883255,0.892021,0.89194,0.892021,-0.240606,-0.24102
130_bNAb_Combinations|1313860|sample|4|PVO.4|5024,0.008,0.867142,4,4,1,0.861499,0.910735,0.910678,0.910735,-0.230684,-0.23097
130_bNAb_Combinations|1313860|sample|4|PVO.4|5024,0.04,0.805653,5,4,1,0.600869,0.901531,0.901481,0.901531,-0.512883,-0.513125
130_bNAb_Combinations|1313860|sample|4|PVO.4|5024,0.2,0.707095,6,4,1,0.154381,0.806036,0.80599,0.806036,-0.591126,-0.591368
130_bNAb_Combinations|1313860|sample|4|PVO.4|5024,1,0.503972,7,4,1,0.0200625,0.434947,0.4349,0.434947,0.756063,0.755472
130_bNAb_Combinations|1313860|sample|4|PVO.4|5024,5,0.0983672,8,4,1,0.00315371,0.0823229,0.0822995,0.0823229,0.837024,0.835596
130_bNAb_Combinations|1313860|sample|5|PVO.4|5024,0.0006144,0.899286,1,5,1,0.831688,0.838468,0.838319,0.838468,0.350553,0.349633
130_bNAb_Combinations|1313860|sample|5|PVO.4|5024,0.003072,0.907339,2,5,1,0.851118,0.867733,0.867623,0.867733,0.220752,0.220113
130_bNAb_Combinations|1313860|sample|5|PVO.4|5024,0.01536,0.855779,3,5,1,0.782184,0.88944,0.889362,0.88944,-0.18216,-0.182567
130_bNAb_Combinations|1313860|sample|5|PVO.4|5024,0.0768,0.837576,4,5,1,0.40108,0.886753,0.886709,0.886753,-0.267292,-0.267515
130_bNAb_Combinations|1313860|sample|5|PVO.4|5024,0.384,0.66436,5,5,1,0.071886,0.721363,0.721349,0.721363,-0.379985,-0.380067
130_bNAb_Combinations|1313860|sample|5|PVO.4|5024,1.92,0.280479,6,5,1,0.00919257,0.258077,0.258042,0.258077,0.406746,0.406065
130_bNAb_Combinations|1313860|sample|5|PVO.4|5024,9.6,0.0437879,7,5,1,0.00204336,0.0372709,0.0372668,0.0372709,0.653396,0.652932
130_bNAb_Combinations|1313860|sample|5|PVO.4|5024,48,0.00302884,8,5,1,0.00125248,0.00504983,0.00506223,0.00504983,-0.599898,-0.596686
130_bNAb_Combinations|1313860|sample|6|PVO.4|5024,0.0006144,0.902947,1,6,1,0.831688,0.838468,0.838319,0.838468,0.371601,0.370678
130_bNAb_Combinations|1313860|sample|6|PVO.4|5024,0.003072,1,2,6,1,0.851118,0.867733,0.867623,0.867733,0.735781,0.735077
130_bNAb_Combinations|1313860|sample|6|PVO.4|5024,0.01536,0.888003,3,6,1,0.782184,0.88944,0.889362,0.88944,-0.00737271,-0.00779513
130_bNAb_Combinations|1313860|sample|6|PVO.4|5024,0.0768,0.842731,4,6,1,0.40108,0.886753,0.886709,0.886753,-0.239248,-0.239473
130_bNAb_Combinations|1313860|sample|6|PVO.4|5024,0.384,0.660529,5,6,1,0.071886,0.721363,0.721349,0.721363,-0.40553,-0.405612
130_bNAb_Combinations|1313860|sample|6|PVO.4|5024,1.92,0.278232,6,6,1,0.00919257,0.258077,0.258042,0.258077,0.366019,0.365344
130_bNAb_Combinations|1313860|sample|6|PVO.4|5024,9.6,0.029446,7,6,1,0.00204336,0.0372709,0.0372668,0.0372709,-0.78363,-0.783973
130_bNAb_Combinations|1313860|sample|6|PVO.4|5024,48,0.00204597,8,6,1,0.00125248,0.00504983,0.00506223,0.00504983,-0.889868,-0.886873
130_bNAb_Combinations|1313860|sample|7|PVO.4|5024,0.0000768,0.964978,1,7,1,0.832914,0.838468,0.838318,0.838468,0.728278,0.727292
130_bNAb_Combinations|1313860|sample|7|PVO.4|5024,0.000384,0.899587,2,7,1,0.86281,0.867727,0.867617,0.867727,0.177698,0.177065
130_bNAb_Combinations|1313860|sample|7|PVO.4|5024,0.00192,0.93161,3,7,1,0.881769,0.889378,0.8893,0.889378,0.229509,0.229066
130_bNAb_Combinations|1313860|sample|7|PVO.4|5024,0.0096,0.845689,4,7,1,0.848771,0.886192,0.886149,0.886192,-0.220243,-0.220467
130_bNAb_Combinations|1313860|sample|7|PVO.4|5024,0.048,0.647902,5,7,1,0.547503,0.717919,0.717906,0.717919,-0.468962,-0.469042
130_bNAb_Combinations|1313860|sample|7|PVO.4|5024,0.24,0.298712,6,7,1,0.12492,0.253945,0.253911,0.253945,0.824826,0.824083
130_bNAb_Combinations|1313860|sample|7|PVO.4|5024,1.2,0.0363862,7,7,1,0.0159197,0.0364941,0.0364904,0.0364941,-0.0106021,-0.0109844
130_bNAb_Combinations|1313860|sample|7|PVO.4|5024,6,0.00108316,8,7,1,0.00271022,0.00496318,0.00497565,0.00496318,-1.15441,-1.15158
130_bNAb_Combinations|1313860|sample|8|PVO.4|5024,0.0000768,0.950786,1,8,1,0.832914,0.838468,0.838318,0.838468,0.646679,0.645707
130_bNAb_Combinations|1313860|sample|8|PVO.4|5024,0.000384,0.92461,2,8,1,0.86281,0.867727,0.867617,0.867727,0.316783,0.316132
130_bNAb_Combinations|1313860|sample|8|PVO.4|5024,0.00192,0.843312,3,8,1,0.881769,0.889378,0.8893,0.889378,-0.249461,-0.249862
130_bNAb_Combinations|1313860|sample|8|PVO.4|5024,0.0096,0.847094,4,8,1,0.848771,0.886192,0.886149,0.886192,-0.2126,-0.212824
130_bNAb_Combinations|1313860|sample|8|PVO.4|5024,0.048,0.634433,5,8,1,0.547503,0.717919,0.717906,0.717919,-0.559195,-0.559273
130_bNAb_Combinations|1313860|sample|8|PVO.4|5024,0.24,0.29454,6,8,1,0.12492,0.253945,0.253911,0.253945,0.748014,0.74728
130_bNAb_Combinations|1313860|sample|8|PVO.4|5024,1.2,0.0356641,7,8,1,0.0159197,0.0364941,0.0364904,0.0364941,-0.0841265,-0.0845029
130_bNAb_Combinations|1313860|sample|8|PVO.4|5024,6,0.00112328,8,8,1,0.00271022,0.00496318,0.00497565,0.00496318,-1.14251,-1.13968
130_bNAb_Combinations|1313860|sample|9|PVO.4|5024,0.0003648,0.996159,1,9,1,0.832356,0.838238,0.838089,0.838238,0.90913,0.908114
130_bNAb_Combinations|1313860|sample|9|PVO.4|5024,0.001824,0.900911,2,9,1,0.857454,0.865514,0.865406,0.865514,0.197839,0.197214
130_bNAb_Combinations|1313860|sample|9|PVO.4|5024,0.00912,0.872167,3,9,1,0.833517,0.868713,0.868647,0.868713,0.019543,0.0191744
130_bNAb_Combinations|1313860|sample|9|PVO.4|5024,0.0456,0.672464,4,9,1,0.562866,0.728561,0.728548,0.728561,-0.370311,-0.370394
130_bNAb_Combinations|1313860|sample|9|PVO.4|5024,0.228,0.315531,5,9,1,0.135737,0.272927,0.272899,0.272927,0.732486,0.731927
130_bNAb_Combinations|1313860|sample|9|PVO.4|5024,1.14,0.0348417,6,9,1,0.0174759,0.0400669,0.0400635,0.0400669,-0.494828,-0.495122
130_bNAb_Combinations|1313860|sample|9|PVO.4|5024,5.7,0.0010631,7,9,1,0.0029274,0.0054259,0.00543885,0.0054259,-1.26225,-1.25947
130_bNAb_Combinations|1313860|sample|9|PVO.4|5024,28.5,0.000762226,8,9,1,0.0013441,0.00161159,0.00162717,0.00161159,-0.321952,-0.316528
130_bNAb_Combinations|1313860|vc|1|2|PVO.4|5024,0,0.954858,1,2,1,0.832986,0.838498,0.838348,0.838498,0.669897,0.66892
130_bNAb_Combinations|1313860|vc|2|2|PVO.4|5024,0,0.902094,2,2,1,0.863511,0.868015,0.867905,0.868015,0.189971,0.189334
130_bNAb_Combinations|1313860|vc|3|2|PVO.4|5024,0,0.86299,3,2,1,0.863511,0.868015,0.867905,0.868015,-0.0273095,-0.027919
130_bNAb_Combinations|1313860|vc|4|2|PVO.4|5024,0,0.843613,4,2,1,0.863511,0.868015,0.867905,0.868015,-0.134975,-0.135571
130_bNAb_Combinations|1313860|vc|5|2|PVO.4|5024,0,0.869359,5,2,1,0.863511,0.868015,0.867905,0.868015,0.00807725,0.00746331
130_bNAb_Combinations|1313860|vc|6|2|PVO.4|5024,0,0.81162,6,2,1,0.863511,0.868015,0.867905,0.868015,-0.312744,-0.313318
130_bNAb_Combinations|1313860|vc|7|2|PVO.4|5024,0,0.761714,7,2,1,0.863511,0.868015,0.867905,0.868015,-0.590043,-0.590582
130_bNAb_Combinations|1313860|vc|8|2|PVO.4|5024,0,0.747362,8,2,1,0.832986,0.838498,0.838348,0.838498,-0.523141,-0.523908
130_bNAb_Combinations|1313884|cc|1|1|nan|4168,0,0.000363452,1,1,0,0,0,0,0,0.154426,0.154426
130_bNAb_Combinations|1313884|cc|2|1|nan|4168,0,0.000879936,2,1,0,0,0,0,0,0.373873,0.373873
130_bNAb_Combinations|1313884|cc|3|1|nan|4168,0,0.000248678,3,1,0,0,0,0,0,0.10566,0.10566
130_bNAb_Combinations|1313884|cc|4|1|nan|4168,0,5.73872e-05,4,1,0,0,0,0,0,0.024383,0.024383
130_bNAb_Combinations|1313884|cc|5|1|nan|4168,0,0,5,1,0,0,0,0,0,0,0
130_bNAb_Combinations|1313884|cc|6|1|nan|4168,0,0.000325194,6,1,0,0,0,0,0,0.138171,0.138171
130_bNAb_Combinations|1313884|cc|7|1|nan|4168,0,0.000554743,7,1,0,0,0,0,0,0.235703,0.235703
130_bNAb_Combinations|1313884|cc|8|1|nan|4168,0,0.000248678,8,1,0,0,0,0,0,0.10566,0.10566
130_bNAb_Combinations|1313884|sample|10|nan|4168,0.0003648,0.774009,1,10,1,0.832356,0.795629,0.795466,0.795629,-0.129923,-0.130885
130_bNAb_Combinations|1313884|sample|10|nan|4168,0.001824,0.732346,2,10,1,0.857454,0.795586,0.795423,0.795586,-0.381965,-0.382876
130_bNAb_Combinations|1313884|sample|10|nan|4168,0.00912,0.69975,3,10,1,0.833517,0.795188,0.795026,0.795188,-0.57723,-0.578099
130_bNAb_Combinations|1313884|sample|10|nan|4168,0.0456,0.452067,4,10,1,0.55024,0.791494,0.791335,0.791494,-2.06491,-2.06547
130_bNAb_Combinations|1313884|sample|10|nan|4168,0.228,0.221036,5,10,1,0.132692,0.758601,0.758462,0.758601,-3.41064,-3.4109
130_bNAb_Combinations|1313884|sample|10|nan|4168,1.14,0.135271,6,10,1,0.0174759,0.546703,0.546615,0.546703,-3.60137,-3.60157
130_bNAb_Combinations|1313884|sample|10|nan|4168,5.7,0.0867311,7,10,1,0.0029274,0.152217,0.152173,0.152217,-1.95373,-1.95452
130_bNAb_Combinations|1313884|sample|10|nan|4168,28.5,0.0454124,8,10,1,0.0013441,0.0206163,0.0206171,0.0206163,3.77235,3.77258
130_bNAb_Combinations|1313884|sample|11|nan|4168,0.0003712,0.771905,1,11,1,0.832341,0.79551,0.795347,0.79551,-0.141968,-0.142927
130_bNAb_Combinations|1313884|sample|11|nan|4168,0.001856,0.762522,2,11,1,0.857308,0.794481,0.794319,0.794481,-0.192813,-0.193756
130_bNAb_Combinations|1313884|sample|11|nan|4168,0.00928,0.738841,3,11,1,0.808892,0.785005,0.78485,0.785005,-0.282314,-0.283208
130_bNAb_Combinations|1313884|sample|11|nan|4168,0.0464,0.560166,4,11,1,0.529868,0.706409,0.706287,0.706409,-0.994729,-0.995392
130_bNAb_Combinations|1313884|sample|11|nan|4168,0.2319999999999999,0.294645,5,11,1,0.126362,0.366016,0.365933,0.366016,-0.922917,-0.92379
130_bNAb_Combinations|1313884|sample|11|nan|4168,1.16,0.069228,6,11,1,0.0166157,0.0689676,0.0689272,0.0689676,0.0182803,0.0158141
130_bNAb_Combinations|1313884|sample|11|nan|4168,5.8,0.0138494,7,11,1,0.00288649,0.0108236,0.0108104,0.0108236,0.665585,0.662309
130_bNAb_Combinations|1313884|sample|11|nan|4168,29,0.00181726,8,11,1,0.00133985,0.00403671,0.00402909,0.00403671,-0.695954,-0.69801
130_bNAb_Combinations|1313884|sample|12|nan|4168,0.0003712,0.813233,1,12,1,0.832341,0.79551,0.795347,0.79551,0.108321,0.107312
130_bNAb_Combinations|1313884|sample|12|nan|4168,0.001856,0.742858,2,12,1,0.827002,0.794481,0.794319,0.794481,-0.312056,-0.312975
130_bNAb_Combinations|1313884|sample|12|nan|4168,0.00928,0.718258,3,12,1,0.780298,0.785005,0.78485,0.785005,-0.408609,-0.409479
130_bNAb_Combinations|1313884|sample|12|nan|4168,0.0464,0.538636,4,12,1,0.511137,0.706409,0.706287,0.706409,-1.14129,-1.14193
130_bNAb_Combinations|1313884|sample|12|nan|4168,0.2319999999999999,0.244077,5,12,1,0.121895,0.366016,0.365933,0.366016,-1.57758,-1.57831
130_bNAb_Combinations|1313884|sample|12|nan|4168,1.16,0.0551873,6,12,1,0.0160283,0.0689676,0.0689272,0.0689676,-0.834763,-0.8368
130_bNAb_Combinations|1313884|sample|12|nan|4168,5.8,0.00767075,7,12,1,0.00278446,0.0108236,0.0108104,0.0108236,-0.687629,-0.690107
130_bNAb_Combinations|1313884|sample|12|nan|4168,29,0.00585349,8,12,1,0.00133985,0.00403671,0.00402909,0.00403671,0.57405,0.571371
130_bNAb_Combinations|1313884|sample|3|nan|4168,0.000064,0.896254,1,3,1,0.83293,0.795634,0.795471,0.795634,0.610261,0.609149
130_bNAb_Combinations|1313884|sample|3|nan|4168,0.00032,0.883198,2,3,1,0.862966,0.795633,0.795469,0.795633,0.531215,0.530119
130_bNAb_Combinations|1313884|sample|3|nan|4168,0.0016,0.945425,3,3,1,0.883255,0.795621,0.795458,0.795621,0.908095,0.906923
130_bNAb_Combinations|1313884|sample|3|nan|4168,0.008,0.973478,4,3,1,0.842175,0.795511,0.795348,0.795511,1.07877,1.07757
130_bNAb_Combinations|1313884|sample|3|nan|4168,0.04,0.977246,5,3,1,0.587391,0.79449,0.794328,0.79449,1.10917,1.10797
130_bNAb_Combinations|1313884|sample|3|nan|4168,0.2,0.815472,6,3,1,0.154381,0.785083,0.784929,0.785083,0.18739,0.186406
130_bNAb_Combinations|1313884|sample|3|nan|4168,1,0.719559,7,3,1,0.0200625,0.706978,0.706858,0.706978,0.0863899,0.08556
130_bNAb_Combinations|1313884|sample|3|nan|4168,5,0.315142,8,3,1,0.00315371,0.366886,0.366814,0.366886,-0.667414,-0.668211
130_bNAb_Combinations|1313884|sample|4|nan|4168,0.000064,0.855298,1,4,1,0.83293,0.795634,0.795471,0.795634,0.362269,0.361207
130_bNAb_Combinations|1313884|sample|4|nan|4168,0.00032,0.910725,2,4,1,0.862966,0.795633,0.795469,0.795633,0.697895,0.696765
130_bNAb_Combinations|1313884|sample|4|nan|4168,0.0016,0.951039,3,4,1,0.883255,0.795621,0.795458,0.795621,0.942092,0.940913
130_bNAb_Combinations|1313884|sample|4|nan|4168,0.008,1,4,4,1,0.861499,0.795512,0.795348,0.795512,1.23939,1.23816
130_bNAb_Combinations|1313884|sample|4|nan|4168,0.04,0.93895,5,4,1,0.600869,0.79449,0.794328,0.79449,0.876953,0.875795
130_bNAb_Combinations|1313884|sample|4|nan|4168,0.2,0.839584,6,4,1,0.154381,0.785083,0.784929,0.785083,0.335326,0.334313
130_bNAb_Combinations|1313884|sample|4|nan|4168,1,0.743183,7,4,1,0.0200625,0.706978,0.706858,0.706978,0.247086,0.246229
130_bNAb_Combinations|1313884|sample|4|nan|4168,5,0.341148,8,4,1,0.00315371,0.366886,0.366814,0.366886,-0.331518,-0.332377
130_bNAb_Combinations|1313884|sample|5|nan|4168,0.0006144,0.922661,1,5,1,0.831688,0.795631,0.795467,0.795631,0.770188,0.769044
130_bNAb_Combinations|1313884|sample|5|nan|4168,0.003072,0.913852,2,5,1,0.851118,0.795602,0.795438,0.795602,0.717049,0.715915
130_bNAb_Combinations|1313884|sample|5|nan|4168,0.01536,0.961512,3,5,1,0.782184,0.795331,0.795168,0.795331,1.00763,1.00644
130_bNAb_Combinations|1313884|sample|5|nan|4168,0.0768,0.95651,4,5,1,0.40108,0.792811,0.792651,0.792811,0.995679,0.994506
130_bNAb_Combinations|1313884|sample|5|nan|4168,0.384,0.877392,5,5,1,0.071886,0.770047,0.769901,0.770047,0.672178,0.671143
130_bNAb_Combinations|1313884|sample|5|nan|4168,1.92,0.606372,6,5,1,0.00919257,0.60736,0.607263,0.60736,-0.00703675,-0.00780041
130_bNAb_Combinations|1313884|sample|5|nan|4168,9.6,0.20403,7,5,1,0.00204336,0.204925,0.204871,0.204925,-0.0189823,-0.0201899
130_bNAb_Combinations|1313884|sample|5|nan|4168,48,0.0395206,8,5,1,0.00125248,0.02944,0.029436,0.02944,1.20375,1.20315
130_bNAb_Combinations|1313884|sample|6|nan|4168,0.0006144,0.914177,1,6,1,0.831688,0.795631,0.795467,0.795631,0.718817,0.717683
130_bNAb_Combinations|1313884|sample|6|nan|4168,0.003072,0.90533,2,6,1,0.851118,0.795602,0.795438,0.795602,0.665444,0.664321
130_bNAb_Combinations|1313884|sample|6|nan|4168,0.01536,0.984926,3,6,1,0.782184,0.795331,0.795168,0.795331,1.14946,1.14824
130_bNAb_Combinations|1313884|sample|6|nan|4168,0.0768,0.925091,4,6,1,0.40108,0.792811,0.792651,0.792811,0.804761,0.803626
130_bNAb_Combinations|1313884|sample|6|nan|4168,0.384,0.830947,5,6,1,0.071886,0.770047,0.769901,0.770047,0.381739,0.380759
130_bNAb_Combinations|1313884|sample|6|nan|4168,1.92,0.605607,6,6,1,0.00919257,0.60736,0.607263,0.60736,-0.0130792,-0.0138419
130_bNAb_Combinations|1313884|sample|6|nan|4168,9.6,0.219678,7,6,1,0.00204336,0.204925,0.204871,0.204925,0.334391,0.333095
130_bNAb_Combinations|1313884|sample|6|nan|4168,48,0.0417587,8,6,1,0.00125248,0.02944,0.029436,0.02944,1.4709,1.47027
130_bNAb_Combinations|1313884|sample|7|nan|4168,0.0000768,0.836418,1,7,1,0.832914,0.795633,0.79547,0.795633,0.247947,0.246908
130_bNAb_Combinations|1313884|sample|7|nan|4168,0.000384,0.922776,2,7,1,0.86281,0.795629,0.795465,0.795629,0.770897,0.769752
130_bNAb_Combinations|1313884|sample|7|nan|4168,0.00192,0.897153,3,7,1,0.881769,0.795583,0.79542,0.795583,0.616053,0.61494
130_bNAb_Combinations|1313884|sample|7|nan|4168,0.0096,0.78389,4,7,1,0.848771,0.795156,0.794993,0.795156,-0.0672735,-0.0682455
130_bNAb_Combinations|1313884|sample|7|nan|4168,0.048,0.503936,5,7,1,0.547503,0.79119,0.791031,0.79119,-1.74804,-1.74866
130_bNAb_Combinations|1313884|sample|7|nan|4168,0.24,0.280795,6,7,1,0.12492,0.756006,0.755867,0.756006,-3.02512,-3.02545
130_bNAb_Combinations|1313884|sample|7|nan|4168,1.2,0.161478,7,7,1,0.0159197,0.534376,0.534289,0.534376,-3.33772,-3.33797
130_bNAb_Combinations|1313884|sample|7|nan|4168,6,0.0913986,8,7,1,0.00271022,0.143698,0.143656,0.143698,-1.64575,-1.64663
130_bNAb_Combinations|1313884|sample|8|nan|4168,0.0000768,0.913412,1,8,1,0.832914,0.795633,0.79547,0.795633,0.714164,0.713031
130_bNAb_Combinations|1313884|sample|8|nan|4168,0.000384,0.818351,2,8,1,0.86281,0.795629,0.795465,0.795629,0.138575,0.137559
130_bNAb_Combinations|1313884|sample|8|nan|4168,0.00192,0.894723,3,8,1,0.881769,0.795583,0.79542,0.795583,0.601341,0.600231
130_bNAb_Combinations|1313884|sample|8|nan|4168,0.0096,0.810594,4,8,1,0.848771,0.795156,0.794993,0.795156,0.0945213,0.0935166
130_bNAb_Combinations|1313884|sample|8|nan|4168,0.048,0.521984,5,8,1,0.547503,0.79119,0.791031,0.79119,-1.63815,-1.63879
130_bNAb_Combinations|1313884|sample|8|nan|4168,0.24,0.263512,6,8,1,0.12492,0.756006,0.755867,0.756006,-3.13517,-3.13549
130_bNAb_Combinations|1313884|sample|8|nan|4168,1.2,0.145199,7,8,1,0.0159197,0.534376,0.534289,0.534376,-3.48347,-3.48369
130_bNAb_Combinations|1313884|sample|8|nan|4168,6,0.0915325,8,8,1,0.00271022,0.143698,0.143656,0.143698,-1.64153,-1.64242
130_bNAb_Combinations|1313884|sample|9|nan|4168,0.0003648,0.835442,1,9,1,0.832356,0.795629,0.795466,0.795629,0.242068,0.241031
130_bNAb_Combinations|1313884|sample|9|nan|4168,0.001824,0.770136,2,9,1,0.857454,0.795586,0.795423,0.795586,-0.153129,-0.154087
130_bNAb_Combinations|1313884|sample|9|nan|4168,0.00912,0.72326,3,9,1,0.833517,0.795188,0.795026,0.795188,-0.434796,-0.435694
130_bNAb_Combinations|1313884|sample|9|nan|4168,0.0456,0.460312,4,9,1,0.562866,0.791494,0.791335,0.791494,-2.01473,-2.0153
130_bNAb_Combinations|1313884|sample|9|nan|4168,0.228,0.270179,5,9,1,0.135737,0.758602,0.758462,0.758602,-3.09877,-3.09909
130_bNAb_Combinations|1313884|sample|9|nan|4168,1.14,0.154668,6,9,1,0.0174759,0.546703,0.546615,0.546703,-3.43154,-3.43177
130_bNAb_Combinations|1313884|sample|9|nan|4168,5.7,0.0824654,7,9,1,0.0029274,0.152217,0.152173,0.152217,-2.08108,-2.08184
130_bNAb_Combinations|1313884|sample|9|nan|4168,28.5,0.0480713,8,9,1,0.0013441,0.0206163,0.0206171,0.0206163,4.17689,4.17712
130_bNAb_Combinations|1313884|vc|1|2|nan|4168,0,0.9016,1,2,1,0.832986,0.795634,0.795471,0.795634,0.642635,0.641516
130_bNAb_Combinations|1313884|vc|2|2|nan|4168,0,0.943493,2,2,1,0.863511,0.795634,0.795471,0.795634,0.896302,0.895132
130_bNAb_Combinations|1313884|vc|3|2|nan|4168,0,0.895508,3,2,1,0.863511,0.795634,0.795471,0.795634,0.605742,0.604631
130_bNAb_Combinations|1313884|vc|4|2|nan|4168,0,0.872534,4,2,1,0.863511,0.795634,0.795471,0.795634,0.46663,0.465547
130_bNAb_Combinations|1313884|vc|5|2|nan|4168,0,0.872572,5,2,1,0.863511,0.795634,0.795471,0.795634,0.466862,0.465779
130_bNAb_Combinations|1313884|vc|6|2|nan|4168,0,0.86009,6,2,1,0.863511,0.795634,0.795471,0.795634,0.391283,0.390215
130_bNAb_Combinations|1313884|vc|7|2|nan|4168,0,0.851932,7,2,1,0.863511,0.795634,0.795471,0.795634,0.341881,0.340823
130_bNAb_Combinations|1313884|vc|8|2|nan|4168,0,0.811301,8,2,1,0.832986,0.795634,0.795471,0.795634,0.095858,0.0948499
130_bNAb_Combinations|1313920|cc|1|1|nan|1798,0,0.00106207,1,1,0,0,0,0,0,0.451257,0.451257
130_bNAb_Combinations|1313920|cc|2|1|nan|1798,0,0.00146853,2,1,0,0,0,0,0,0.623961,0.623961
130_bNAb_Combinations|1313920|cc|3|1|nan|1798,0,0.00173077,3,1,0,0,0,0,0,0.735382,0.735382
130_bNAb_Combinations|1313920|cc|4|1|nan|1798,0,0.00124563,4,1,0,0,0,0,0,0.529252,0.529252
130_bNAb_Combinations|1313920|cc|5|1|nan|1798,0,0.0014292,5,1,0,0,0,0,0,0.607248,0.607248
130_bNAb_Combinations|1313920|cc|6|1|nan|1798,0,0.0014292,6,1,0,0,0,0,0,0.607248,0.607248
130_bNAb_Combinations|1313920|cc|7|1|nan|1798,0,0.0012063,7,1,0,0,0,0,0,0.512539,0.512539
130_bNAb_Combinations|1313920|cc|8|1|nan|1798,0,0.00215035,8,1,0,0,0,0,0,0.913657,0.913657
130_bNAb_Combinations|1313920|sample|10|nan|1798,0.0003648,0.782696,1,10,1,0.832356,0.753344,0.753279,0.753344,0.187957,0.187521
130_bNAb_Combinations|1313920|sample|10|nan|1798,0.001824,0.776855,2,10,1,0.857454,0.79039,0.79036,0.79039,-0.0822981,-0.0824802
130_bNAb_Combinations|1313920|sample|10|nan|1798,0.00912,0.694879,3,10,1,0.833517,0.757471,0.757482,0.757471,-0.397798,-0.397735
130_bNAb_Combinations|1313920|sample|10|nan|1798,0.0456,0.420198,4,10,1,0.55024,0.425441,0.425443,0.425441,-0.0586545,-0.0586407
130_bNAb_Combinations|1313920|sample|10|nan|1798,0.228,0.0873778,5,10,1,0.132692,0.0844064,0.0843958,0.0844064,0.151946,0.151392
130_bNAb_Combinations|1313920|sample|10|nan|1798,1.14,0.00264861,6,10,1,0.0174759,0.0109607,0.0109705,0.0109607,-1.80962,-1.80828
130_bNAb_Combinations|1313920|sample|10|nan|1798,5.7,0.000629372,7,10,1,0.0029274,0.0021324,0.0021469,0.0021324,-0.543344,-0.538725
130_bNAb_Combinations|1313920|sample|10|nan|1798,28.5,7.86715e-05,8,10,1,0.0013441,0.00115852,0.001173,0.00115852,-0.42193,-0.416825
130_bNAb_Combinations|1313920|sample|11|nan|1798,0.0003712,0.869963,1,11,1,0.832341,0.754175,0.754108,0.754175,0.73942,0.738931
130_bNAb_Combinations|1313920|sample|11|nan|1798,0.001856,0.691286,2,11,1,0.857308,0.798518,0.798482,0.798518,-0.646679,-0.646867
130_bNAb_Combinations|1313920|sample|11|nan|1798,0.00928,0.783024,3,11,1,0.808892,0.793238,0.793206,0.793238,-0.0618298,-0.062022
130_bNAb_Combinations|1313920|sample|11|nan|1798,0.0464,0.669481,4,11,1,0.529868,0.747139,0.747125,0.747139,-0.500107,-0.500191
130_bNAb_Combinations|1313920|sample|11|nan|1798,0.2319999999999999,0.434162,5,11,1,0.126362,0.484563,0.484559,0.484563,-0.496432,-0.49647
130_bNAb_Combinations|1313920|sample|11|nan|1798,1.16,0.115116,6,11,1,0.0166157,0.113947,0.11393,0.113947,0.0462125,0.0455464
130_bNAb_Combinations|1313920|sample|11|nan|1798,5.8,0.00319931,7,11,1,0.00288649,0.014955,0.0149617,0.014955,-2.17199,-2.1713
130_bNAb_Combinations|1313920|sample|11|nan|1798,29,0.000760491,8,11,1,0.00133985,0.00247714,0.00249032,0.00247714,-0.604157,-0.600118
130_bNAb_Combinations|1313920|sample|12|nan|1798,0.0003712,0.815542,1,12,1,0.832341,0.754175,0.754108,0.754175,0.392087,0.391628
130_bNAb_Combinations|1313920|sample|12|nan|1798,0.001856,0.74085,2,12,1,0.827002,0.753637,0.753571,0.753637,-0.0812507,-0.081665
130_bNAb_Combinations|1313920|sample|12|nan|1798,0.00928,0.723103,3,12,1,0.780298,0.748654,0.748592,0.748654,-0.163863,-0.164249
130_bNAb_Combinations|1313920|sample|12|nan|1798,0.0464,0.623072,4,12,1,0.511137,0.705146,0.705102,0.705146,-0.559348,-0.559613
130_bNAb_Combinations|1313920|sample|12|nan|1798,0.2319999999999999,0.462477,5,12,1,0.121895,0.457328,0.457305,0.457328,0.0539102,0.0536624
130_bNAb_Combinations|1313920|sample|12|nan|1798,1.16,0.11273,6,12,1,0.0160283,0.107542,0.107522,0.107542,0.213808,0.212927
130_bNAb_Combinations|1313920|sample|12|nan|1798,5.8,0.00295018,7,12,1,0.00278446,0.0141144,0.0141202,0.0141144,-2.13035,-2.12973
130_bNAb_Combinations|1313920|sample|12|nan|1798,29,0,8,12,1,0.00133985,0.00247714,0.00249032,0.00247714,-0.869765,-0.865976
130_bNAb_Combinations|1313920|sample|3|nan|1798,0.000064,0.927104,1,3,1,0.83293,0.754239,0.754173,0.754239,1.10361,1.10309
130_bNAb_Combinations|1313920|sample|3|nan|1798,0.00032,0.90564,2,3,1,0.862966,0.799155,0.799119,0.799155,0.642106,0.641857
130_bNAb_Combinations|1313920|sample|3|nan|1798,0.0016,0.884681,3,3,1,0.883255,0.835851,0.835836,0.835851,0.281676,0.281583
130_bNAb_Combinations|1313920|sample|3|nan|1798,0.008,0.948877,4,3,1,0.842175,0.835742,0.835727,0.835742,0.65259,0.652491
130_bNAb_Combinations|1313920|sample|3|nan|1798,0.04,0.855769,5,3,1,0.587391,0.834725,0.834711,0.834725,0.121596,0.121513
130_bNAb_Combinations|1313920|sample|3|nan|1798,0.2,0.458209,6,3,1,0.154381,0.825355,0.825346,0.825355,-2.14373,-2.14375
130_bNAb_Combinations|1313920|sample|3|nan|1798,1,0.22622,7,3,1,0.0200625,0.714287,0.714279,0.714287,-3.2859,-3.28592
130_bNAb_Combinations|1313920|sample|3|nan|1798,5,0.122223,8,3,1,0.00315371,0.357911,0.357884,0.357911,-3.11743,-3.11756
130_bNAb_Combinations|1313920|sample|4|nan|1798,0.000064,0.895872,1,4,1,0.83293,0.754239,0.754173,0.754239,0.904294,0.90379
130_bNAb_Combinations|1313920|sample|4|nan|1798,0.00032,0.93585,2,4,1,0.862966,0.799155,0.799119,0.799155,0.824209,0.823952
130_bNAb_Combinations|1313920|sample|4|nan|1798,0.0016,0.876977,3,4,1,0.883255,0.835851,0.835836,0.835851,0.237253,0.237161
130_bNAb_Combinations|1313920|sample|4|nan|1798,0.008,0.971855,4,4,1,0.861499,0.865736,0.865736,0.865736,0.591105,0.591103
130_bNAb_Combinations|1313920|sample|4|nan|1798,0.04,0.784276,5,4,1,0.600869,0.864683,0.864684,0.864683,-0.448423,-0.44842
130_bNAb_Combinations|1313920|sample|4|nan|1798,0.2,0.443294,6,4,1,0.154381,0.825355,0.825346,0.825355,-2.23081,-2.23084
130_bNAb_Combinations|1313920|sample|4|nan|1798,1,0.218818,7,4,1,0.0200625,0.714287,0.714279,0.714287,-3.33573,-3.33575
130_bNAb_Combinations|1313920|sample|4|nan|1798,5,0.123534,8,4,1,0.00315371,0.357911,0.357884,0.357911,-3.10008,-3.10021
130_bNAb_Combinations|1313920|sample|5|nan|1798,0.0006144,0.907764,1,5,1,0.831688,0.754236,0.75417,0.754236,0.980212,0.979702
130_bNAb_Combinations|1313920|sample|5|nan|1798,0.003072,0.859919,2,5,1,0.851118,0.799126,0.799089,0.799126,0.366692,0.366455
130_bNAb_Combinations|1313920|sample|5|nan|1798,0.01536,0.783712,3,5,1,0.782184,0.835562,0.835547,0.835562,-0.29902,-0.299101
130_bNAb_Combinations|1313920|sample|5|nan|1798,0.0768,0.672202,4,5,1,0.40108,0.862952,0.862953,0.862952,-1.0659,-1.06589
130_bNAb_Combinations|1313920|sample|5|nan|1798,0.384,0.368891,5,5,1,0.071886,0.839435,0.839447,0.839435,-2.70206,-2.70203
130_bNAb_Combinations|1313920|sample|5|nan|1798,1.92,0.184222,6,5,1,0.00919257,0.646096,0.646114,0.646096,-3.43206,-3.43202
130_bNAb_Combinations|1313920|sample|5|nan|1798,9.6,0.127972,7,5,1,0.00204336,0.21415,0.214129,0.21415,-1.86586,-1.86614
130_bNAb_Combinations|1313920|sample|5|nan|1798,48,0.0587283,8,5,1,0.00125248,0.0293408,0.0293397,0.0293408,3.51624,3.51601
130_bNAb_Combinations|1313920|sample|6|nan|1798,0.0006144,0.830286,1,6,1,0.831688,0.754236,0.75417,0.754236,0.485759,0.485292
130_bNAb_Combinations|1313920|sample|6|nan|1798,0.003072,0.853841,2,6,1,0.851118,0.799126,0.799089,0.799126,0.330057,0.329822
130_bNAb_Combinations|1313920|sample|6|nan|1798,0.01536,0.751916,3,6,1,0.782184,0.835562,0.835547,0.835562,-0.482444,-0.482522
130_bNAb_Combinations|1313920|sample|6|nan|1798,0.0768,0.612799,4,6,1,0.40108,0.862952,0.862953,0.862952,-1.39784,-1.39784
130_bNAb_Combinations|1313920|sample|6|nan|1798,0.384,0.297509,5,6,1,0.071886,0.839435,0.839447,0.839435,-3.11195,-3.11193
130_bNAb_Combinations|1313920|sample|6|nan|1798,1.92,0.174251,6,6,1,0.00919257,0.646096,0.646114,0.646096,-3.50616,-3.50612
130_bNAb_Combinations|1313920|sample|6|nan|1798,9.6,0.113582,7,6,1,0.00204336,0.21415,0.214129,0.21415,-2.17751,-2.17776
130_bNAb_Combinations|1313920|sample|6|nan|1798,48,0.057994,8,6,1,0.00125248,0.0293408,0.0293397,0.0293408,3.42838,3.42816
130_bNAb_Combinations|1313920|sample|7|nan|1798,0.0000768,0.81364,1,7,1,0.832914,0.754136,0.75407,0.754136,0.380217,0.379759
130_bNAb_Combinations|1313920|sample|7|nan|1798,0.000384,0.811293,2,7,1,0.86281,0.798138,0.798103,0.798138,0.079613,0.0793951
130_bNAb_Combinations|1313920|sample|7|nan|1798,0.00192,0.832548,3,7,1,0.881769,0.826027,0.826018,0.826027,0.0380951,0.038044
130_bNAb_Combinations|1313920|sample|7|nan|1798,0.0096,0.838533,4,7,1,0.848771,0.779265,0.779291,0.779265,0.366065,0.366237
130_bNAb_Combinations|1313920|sample|7|nan|1798,0.048,0.504533,5,7,1,0.547503,0.425325,0.425332,0.425325,0.885943,0.886038
130_bNAb_Combinations|1313920|sample|7|nan|1798,0.24,0.121528,6,7,1,0.12492,0.0792221,0.0792124,0.0792221,2.27938,2.27861
130_bNAb_Combinations|1313920|sample|7|nan|1798,1.2,0.00317308,7,7,1,0.0159197,0.00984325,0.00985263,0.00984325,-1.52853,-1.52705
130_bNAb_Combinations|1313920|sample|7|nan|1798,6,0.000773603,8,7,1,0.00271022,0.00194689,0.00196055,0.00194689,-0.430866,-0.42634
130_bNAb_Combinations|1313920|sample|8|nan|1798,0.0000768,0.853369,1,8,1,0.832914,0.754136,0.75407,0.754136,0.633794,0.633315
130_bNAb_Combinations|1313920|sample|8|nan|1798,0.000384,0.858752,2,8,1,0.86281,0.798138,0.798103,0.798138,0.36605,0.36582
130_bNAb_Combinations|1313920|sample|8|nan|1798,0.00192,0.804488,3,8,1,0.881769,0.826027,0.826018,0.826027,-0.125614,-0.125663
130_bNAb_Combinations|1313920|sample|8|nan|1798,0.0096,0.786951,4,8,1,0.848771,0.779265,0.779291,0.779265,0.0473335,0.0474946
130_bNAb_Combinations|1313920|sample|8|nan|1798,0.048,0.487829,5,8,1,0.547503,0.425325,0.425332,0.425325,0.699087,0.699179
130_bNAb_Combinations|1313920|sample|8|nan|1798,0.24,0.111628,6,8,1,0.12492,0.0792221,0.0792124,0.0792221,1.74613,1.74542
130_bNAb_Combinations|1313920|sample|8|nan|1798,1.2,0.0031862,7,8,1,0.0159197,0.00984325,0.00985263,0.00984325,-1.52553,-1.52405
130_bNAb_Combinations|1313920|sample|8|nan|1798,6,0.000694932,8,8,1,0.00271022,0.00194689,0.00196055,0.00194689,-0.459424,-0.454927
130_bNAb_Combinations|1313920|sample|9|nan|1798,0.0003648,0.799965,1,9,1,0.832356,0.753344,0.753279,0.753344,0.298289,0.297843
130_bNAb_Combinations|1313920|sample|9|nan|1798,0.001824,0.747006,2,9,1,0.857454,0.79039,0.79036,0.79039,-0.264193,-0.264369
130_bNAb_Combinations|1313920|sample|9|nan|1798,0.00912,0.676214,3,9,1,0.833517,0.757471,0.757482,0.757471,-0.516401,-0.516339
130_bNAb_Combinations|1313920|sample|9|nan|1798,0.0456,0.461861,4,9,1,0.562866,0.44071,0.440719,0.44071,0.228441,0.228543
130_bNAb_Combinations|1313920|sample|9|nan|1798,0.228,0.0981493,5,9,1,0.135737,0.0874357,0.0874263,0.0874357,0.529648,0.529134
130_bNAb_Combinations|1313920|sample|9|nan|1798,1.14,0.00317308,6,9,1,0.0174759,0.0109607,0.0109705,0.0109607,-1.69557,-1.69418
130_bNAb_Combinations|1313920|sample|9|nan|1798,5.7,0.000485141,7,9,1,0.0029274,0.0021324,0.0021469,0.0021324,-0.594986,-0.590421
130_bNAb_Combinations|1313920|sample|9|nan|1798,28.5,0.000563812,8,9,1,0.0013441,0.00115852,0.001173,0.00115852,-0.234879,-0.22956
130_bNAb_Combinations|1313920|vc|1|2|nan|1798,0,0.838599,1,2,1,0.832986,0.75424,0.754173,0.75424,0.538789,0.538317
130_bNAb_Combinations|1313920|vc|2|2|nan|1798,0,0.91969,2,2,1,0.863511,0.799157,0.79912,0.799157,0.726786,0.726533
130_bNAb_Combinations|1313920|vc|3|2|nan|1798,0,0.872133,3,2,1,0.863511,0.799157,0.79912,0.799157,0.440116,0.439875
130_bNAb_Combinations|1313920|vc|4|2|nan|1798,0,0.947723,4,2,1,0.863511,0.799157,0.79912,0.799157,0.895769,0.895508
130_bNAb_Combinations|1313920|vc|5|2|nan|1798,0,1,5,2,1,0.863511,0.799157,0.79912,0.799157,1.21089,1.21062
130_bNAb_Combinations|1313920|vc|6|2|nan|1798,0,0.938505,6,2,1,0.863511,0.799157,0.79912,0.799157,0.840205,0.839947
130_bNAb_Combinations|1313920|vc|7|2|nan|1798,0,0.844873,7,2,1,0.863511,0.799157,0.79912,0.799157,0.275796,0.275563
130_bNAb_Combinations|1313920|vc|8|2|nan|1798,0,0.756315,8,2,1,0.832986,0.75424,0.754173,0.75424,0.0136703,0.0132438
130_bNAb_Combinations|1313938|cc|1|1|TRO.11|8301,0,0.000314857,1,1,0,0,0,0,0,0.133779,0.133779
130_bNAb_Combinations|1313938|cc|2|1|TRO.11|8301,0,0.000558156,2,1,0,0,0,0,0,0.237153,0.237153
130_bNAb_Combinations|1313938|cc|3|1|TRO.11|8301,0,0.000586779,3,1,0,0,0,0,0,0.249315,0.249315
130_bNAb_Combinations|1313938|cc|4|1|TRO.11|8301,0,0.000686961,4,1,0,0,0,0,0,0.29188,0.29188
130_bNAb_Combinations|1313938|cc|5|1|TRO.11|8301,0,0.000615402,5,1,0,0,0,0,0,0.261476,0.261476
130_bNAb_Combinations|1313938|cc|6|1|TRO.11|8301,0,0.001102,6,1,0,0,0,0,0,0.468225,0.468225
130_bNAb_Combinations|1313938|cc|7|1|TRO.11|8301,0,0.00120218,7,1,0,0,0,0,0,0.510791,0.510791
130_bNAb_Combinations|1313938|cc|8|1|TRO.11|8301,0,0.000457974,8,1,0,0,0,0,0,0.194587,0.194587
130_bNAb_Combinations|1313938|sample|10|TRO.11|8301,0.0003648,0.972099,1,10,1,0.832356,0.832131,0.832058,0.832131,0.8112,0.810707
130_bNAb_Combinations|1313938|sample|10|TRO.11|8301,0.001824,0.800331,2,10,1,0.857454,0.827145,0.827145,0.827145,-0.156234,-0.156237
130_bNAb_Combinations|1313938|sample|10|TRO.11|8301,0.00912,0.620841,3,10,1,0.833517,0.606042,0.606076,0.606042,0.116818,0.117093
130_bNAb_Combinations|1313938|sample|10|TRO.11|8301,0.0456,0.181823,4,10,1,0.55024,0.164024,0.163998,0.164024,0.496281,0.495507
130_bNAb_Combinations|1313938|sample|10|TRO.11|8301,0.228,0.00905929,5,10,1,0.132692,0.0210104,0.0209999,0.0210104,-1.79525,-1.79625
130_bNAb_Combinations|1313938|sample|10|TRO.11|8301,1.14,0.000415039,6,10,1,0.0174759,0.00229945,0.00229754,0.00229945,-0.666664,-0.667248
130_bNAb_Combinations|1313938|sample|10|TRO.11|8301,5.7,0.000314857,7,10,1,0.0029274,0.000239735,0.000239452,0.000239735,0.0313851,0.0312667
130_bNAb_Combinations|1313938|sample|10|TRO.11|8301,28.5,0.000887324,8,10,1,0.0013441,2.47333e-05,2.46984e-05,2.47333e-05,0.365733,0.365717
130_bNAb_Combinations|1313938|sample|11|TRO.11|8301,0.0003712,0.957351,1,11,1,0.832341,0.836272,0.836195,0.836272,0.698379,0.697876
130_bNAb_Combinations|1313938|sample|11|TRO.11|8301,0.001856,0.926724,2,11,1,0.857308,0.865394,0.865379,0.865394,0.341845,0.341754
130_bNAb_Combinations|1313938|sample|11|TRO.11|8301,0.00928,0.826421,3,11,1,0.808892,0.832555,0.832554,0.832555,-0.0355075,-0.0355145
130_bNAb_Combinations|1313938|sample|11|TRO.11|8301,0.0464,0.657393,4,11,1,0.529868,0.614915,0.61493,0.614915,0.331227,0.331348
130_bNAb_Combinations|1313938|sample|11|TRO.11|8301,0.2319999999999999,0.217337,5,11,1,0.126362,0.17945,0.179432,0.17945,0.970073,0.969524
130_bNAb_Combinations|1313938|sample|11|TRO.11|8301,1.16,0.00788574,6,11,1,0.0166157,0.0246006,0.0246049,0.0246006,-2.26271,-2.2624
130_bNAb_Combinations|1313938|sample|11|TRO.11|8301,5.8,4.2935e-05,7,11,1,0.00288649,0.00378455,0.00379924,0.00378455,-1.19968,-1.19614
130_bNAb_Combinations|1313938|sample|11|TRO.11|8301,29,0.00034348,8,11,1,0.00133985,0.00143675,0.00145262,0.00143675,-0.418409,-0.412927
130_bNAb_Combinations|1313938|sample|12|TRO.11|8301,0.0003712,0.867789,1,12,1,0.832341,0.836272,0.836195,0.836272,0.182114,0.181658
130_bNAb_Combinations|1313938|sample|12|TRO.11|8301,0.001856,0.853241,2,12,1,0.827002,0.832737,0.832664,0.832737,0.11911,0.118675
130_bNAb_Combinations|1313938|sample|12|TRO.11|8301,0.00928,0.83694,3,12,1,0.780298,0.801138,0.80108,0.801138,0.21564,0.215278
130_bNAb_Combinations|1313938|sample|12|TRO.11|8301,0.0464,0.620225,4,12,1,0.511137,0.59171,0.591683,0.59171,0.231224,0.230989
130_bNAb_Combinations|1313938|sample|12|TRO.11|8301,0.2319999999999999,0.188106,5,12,1,0.121895,0.172678,0.172649,0.172678,0.410145,0.409299
130_bNAb_Combinations|1313938|sample|12|TRO.11|8301,1.16,0.00864425,6,12,1,0.0160283,0.0236723,0.0236747,0.0236723,-2.08796,-2.08777
130_bNAb_Combinations|1313938|sample|12|TRO.11|8301,5.8,0,7,12,1,0.00278446,0.00364173,0.00365561,0.00364173,-1.17859,-1.17519
130_bNAb_Combinations|1313938|sample|12|TRO.11|8301,29,0.000143117,8,12,1,0.00133985,0.00143675,0.00145262,0.00143675,-0.493994,-0.488604
130_bNAb_Combinations|1313938|sample|3|TRO.11|8301,0.000064,0.999256,1,3,1,0.83293,0.836695,0.836618,0.836695,0.937025,0.936497
130_bNAb_Combinations|1313938|sample|3|TRO.11|8301,0.00032,1,2,3,1,0.862966,0.869483,0.869464,0.869483,0.724032,0.723914
130_bNAb_Combinations|1313938|sample|3|TRO.11|8301,0.0016,0.897106,3,3,1,0.883255,0.895465,0.895485,0.895465,0.00873365,0.00883996
130_bNAb_Combinations|1313938|sample|3|TRO.11|8301,0.008,0.970361,4,3,1,0.842175,0.893271,0.893293,0.893271,0.416209,0.416334
130_bNAb_Combinations|1313938|sample|3|TRO.11|8301,0.04,0.880483,5,3,1,0.587391,0.8733,0.873331,0.8733,0.0394968,0.0396685
130_bNAb_Combinations|1313938|sample|3|TRO.11|8301,0.2,0.715899,6,3,1,0.154381,0.722583,0.722631,0.722583,-0.0448083,-0.044494
130_bNAb_Combinations|1313938|sample|3|TRO.11|8301,1,0.31236,7,3,1,0.0200625,0.269194,0.269178,0.269194,0.75175,0.751439
130_bNAb_Combinations|1313938|sample|3|TRO.11|8301,5,0.0404162,8,3,1,0.00315371,0.0393114,0.0393074,0.0393114,0.106632,0.106246
130_bNAb_Combinations|1313938|sample|4|TRO.11|8301,0.000064,0.979763,1,4,1,0.83293,0.836695,0.836618,0.836695,0.82472,0.824203
130_bNAb_Combinations|1313938|sample|4|TRO.11|8301,0.00032,0.958596,2,4,1,0.862966,0.869483,0.869464,0.869483,0.494382,0.494269
130_bNAb_Combinations|1313938|sample|4|TRO.11|8301,0.0016,0.947948,3,4,1,0.883255,0.895465,0.895485,0.895465,0.282646,0.282758
130_bNAb_Combinations|1313938|sample|4|TRO.11|8301,0.008,0.949609,4,4,1,0.861499,0.914165,0.91421,0.914165,0.186854,0.1871
130_bNAb_Combinations|1313938|sample|4|TRO.11|8301,0.04,0.862629,5,4,1,0.600869,0.893727,0.893781,0.893727,-0.168143,-0.167862
130_bNAb_Combinations|1313938|sample|4|TRO.11|8301,0.2,0.698095,6,4,1,0.154381,0.722583,0.722631,0.722583,-0.16331,-0.163003
130_bNAb_Combinations|1313938|sample|4|TRO.11|8301,1,0.273174,7,4,1,0.0200625,0.269194,0.269178,0.269194,0.0695669,0.0692933
130_bNAb_Combinations|1313938|sample|4|TRO.11|8301,5,0.0442374,8,4,1,0.00315371,0.0393114,0.0393074,0.0393114,0.474132,0.473717
130_bNAb_Combinations|1313938|sample|5|TRO.11|8301,0.0006144,0.941673,1,5,1,0.831688,0.836632,0.836556,0.836632,0.605669,0.605172
130_bNAb_Combinations|1313938|sample|5|TRO.11|8301,0.003072,0.958739,2,5,1,0.851118,0.868877,0.868859,0.868877,0.498877,0.498767
130_bNAb_Combinations|1313938|sample|5|TRO.11|8301,0.01536,0.915761,3,5,1,0.782184,0.889675,0.889699,0.889675,0.141312,0.141444
130_bNAb_Combinations|1313938|sample|5|TRO.11|8301,0.0768,0.82456,4,5,1,0.40108,0.861946,0.862008,0.861946,-0.209479,-0.209148
130_bNAb_Combinations|1313938|sample|5|TRO.11|8301,0.384,0.514634,5,5,1,0.071886,0.575734,0.575783,0.575734,-0.508782,-0.508412
130_bNAb_Combinations|1313938|sample|5|TRO.11|8301,1.92,0.141399,6,5,1,0.00919257,0.138043,0.138032,0.138043,0.11003,0.109672
130_bNAb_Combinations|1313938|sample|5|TRO.11|8301,9.6,0.0210382,7,5,1,0.00204336,0.0176952,0.0177023,0.0176952,0.558177,0.5595
130_bNAb_Combinations|1313938|sample|5|TRO.11|8301,48,0.00739914,8,5,1,0.00125248,0.00289962,0.00291411,0.00289962,1.52038,1.52682
130_bNAb_Combinations|1313938|sample|6|TRO.11|8301,0.0006144,0.9722,1,6,1,0.831688,0.836632,0.836556,0.836632,0.78156,0.781047
130_bNAb_Combinations|1313938|sample|6|TRO.11|8301,0.003072,0.899854,2,6,1,0.851118,0.868877,0.868859,0.868877,0.172037,0.171935
130_bNAb_Combinations|1313938|sample|6|TRO.11|8301,0.01536,0.850665,3,6,1,0.782184,0.889675,0.889699,0.889675,-0.211647,-0.211524
130_bNAb_Combinations|1313938|sample|6|TRO.11|8301,0.0768,0.801476,4,6,1,0.40108,0.861946,0.862008,0.861946,-0.338614,-0.338292
130_bNAb_Combinations|1313938|sample|6|TRO.11|8301,0.384,0.527478,5,6,1,0.071886,0.575734,0.575783,0.575734,-0.40191,-0.401531
130_bNAb_Combinations|1313938|sample|6|TRO.11|8301,1.92,0.143947,6,6,1,0.00919257,0.138043,0.138032,0.138043,0.193276,0.192912
130_bNAb_Combinations|1313938|sample|6|TRO.11|8301,9.6,0.0206374,7,6,1,0.00204336,0.0176952,0.0177023,0.0176952,0.491125,0.492432
130_bNAb_Combinations|1313938|sample|6|TRO.11|8301,48,0.00800023,8,6,1,0.00125248,0.00289962,0.00291411,0.00289962,1.72414,1.73079
130_bNAb_Combinations|1313938|sample|7|TRO.11|8301,0.0000768,0.947047,1,7,1,0.832914,0.83617,0.836094,0.83617,0.639644,0.639147
130_bNAb_Combinations|1313938|sample|7|TRO.11|8301,0.000384,0.922266,2,7,1,0.86281,0.864416,0.864401,0.864416,0.322808,0.322721
130_bNAb_Combinations|1313938|sample|7|TRO.11|8301,0.00192,0.797075,3,7,1,0.881769,0.849035,0.849072,0.849035,-0.295244,-0.295048
130_bNAb_Combinations|1313938|sample|7|TRO.11|8301,0.0096,0.572639,4,7,1,0.848771,0.605764,0.605812,0.605764,-0.262583,-0.262223
130_bNAb_Combinations|1313938|sample|7|TRO.11|8301,0.048,0.211555,5,7,1,0.547503,0.158319,0.158297,0.158319,1.53267,1.53183
130_bNAb_Combinations|1313938|sample|7|TRO.11|8301,0.24,0.00928828,6,7,1,0.12492,0.0195984,0.0195884,0.0195984,-1.61891,-1.61997
130_bNAb_Combinations|1313938|sample|7|TRO.11|8301,1.2,0.000157428,7,7,1,0.0159197,0.00207914,0.0020773,0.00207914,-0.690928,-0.691496
130_bNAb_Combinations|1313938|sample|7|TRO.11|8301,6,0.001102,8,7,1,0.00271022,0.000214842,0.000214572,0.000214842,0.37015,0.370029
130_bNAb_Combinations|1313938|sample|8|TRO.11|8301,0.0000768,0.992465,1,8,1,0.832914,0.83617,0.836094,0.83617,0.901479,0.900959
130_bNAb_Combinations|1313938|sample|8|TRO.11|8301,0.000384,0.918846,2,8,1,0.86281,0.864416,0.864401,0.864416,0.303726,0.303639
130_bNAb_Combinations|1313938|sample|8|TRO.11|8301,0.00192,0.798592,3,8,1,0.881769,0.849035,0.849072,0.849035,-0.28663,-0.286433
130_bNAb_Combinations|1313938|sample|8|TRO.11|8301,0.0096,0.614093,4,8,1,0.848771,0.605764,0.605812,0.605764,0.065547,0.0659321
130_bNAb_Combinations|1313938|sample|8|TRO.11|8301,0.048,0.216235,5,8,1,0.547503,0.158319,0.158297,0.158319,1.66734,1.66649
130_bNAb_Combinations|1313938|sample|8|TRO.11|8301,0.24,0.0118501,6,8,1,0.12492,0.0195984,0.0195884,0.0195984,-1.21626,-1.21745
130_bNAb_Combinations|1313938|sample|8|TRO.11|8301,1.2,0.000787142,7,8,1,0.0159197,0.00207914,0.0020773,0.00207914,-0.464306,-0.464904
130_bNAb_Combinations|1313938|sample|8|TRO.11|8301,6,0.000543844,8,8,1,0.00271022,0.000214842,0.000214572,0.000214842,0.137341,0.137225
130_bNAb_Combinations|1313938|sample|9|TRO.11|8301,0.0003648,0.965087,1,9,1,0.832356,0.832131,0.832058,0.832131,0.770578,0.770088
130_bNAb_Combinations|1313938|sample|9|TRO.11|8301,0.001824,0.834471,2,9,1,0.857454,0.827145,0.827145,0.827145,0.0426858,0.0426831
130_bNAb_Combinations|1313938|sample|9|TRO.11|8301,0.00912,0.637786,3,9,1,0.833517,0.606042,0.606076,0.606042,0.25089,0.251173
130_bNAb_Combinations|1313938|sample|9|TRO.11|8301,0.0456,0.173393,4,9,1,0.562866,0.16786,0.167838,0.16786,0.151347,0.150739
130_bNAb_Combinations|1313938|sample|9|TRO.11|8301,0.228,0.00868719,5,9,1,0.135737,0.0215018,0.0214916,0.0215018,-1.89643,-1.89736
130_bNAb_Combinations|1313938|sample|9|TRO.11|8301,1.14,0.00025761,6,9,1,0.0174759,0.00229945,0.00229754,0.00229945,-0.722415,-0.722992
130_bNAb_Combinations|1313938|sample|9|TRO.11|8301,5.7,0.000543844,7,9,1,0.0029274,0.000239735,0.000239452,0.000239735,0.126694,0.126573
130_bNAb_Combinations|1313938|sample|9|TRO.11|8301,28.5,0.00104475,8,9,1,0.0013441,2.47333e-05,2.46984e-05,2.47333e-05,0.432479,0.432463
130_bNAb_Combinations|1313938|vc|1|2|TRO.11|8301,0,0.914116,1,2,1,0.832986,0.836698,0.836621,0.836698,0.446478,0.445995
130_bNAb_Combinations|1313938|vc|2|2|TRO.11|8301,0,0.902924,2,2,1,0.863511,0.86951,0.869492,0.86951,0.185431,0.185324
130_bNAb_Combinations|1313938|vc|3|2|TRO.11|8301,0,0.968414,3,2,1,0.863511,0.86951,0.869492,0.86951,0.548668,0.548554
130_bNAb_Combinations|1313938|vc|4|2|TRO.11|8301,0,0.926266,4,2,1,0.863511,0.86951,0.869492,0.86951,0.314898,0.314788
130_bNAb_Combinations|1313938|vc|5|2|TRO.11|8301,0,0.902967,5,2,1,0.863511,0.86951,0.869492,0.86951,0.185669,0.185562
130_bNAb_Combinations|1313938|vc|6|2|TRO.11|8301,0,0.92744,6,2,1,0.863511,0.86951,0.869492,0.86951,0.321407,0.321297
130_bNAb_Combinations|1313938|vc|7|2|TRO.11|8301,0,0.886129,7,2,1,0.863511,0.86951,0.869492,0.86951,0.0922794,0.0921745
130_bNAb_Combinations|1313938|vc|8|2|TRO.11|8301,0,0.777732,8,2,1,0.832986,0.836698,0.836621,0.836698,-0.33928,-0.339692
130_bNAb_Combinations|1313956|cc|1|1|Ce1176_A3|7023,0,0.000508745,1,1,0,0,0,0,0,0.216159,0.216159
130_bNAb_Combinations|1313956|cc|2|1|Ce1176_A3|7023,0,0.000481245,2,1,0,0,0,0,0,0.204475,0.204475
130_bNAb_Combinations|1313956|cc|3|1|Ce1176_A3|7023,0,0.000632494,3,1,0,0,0,0,0,0.268738,0.268738
130_bNAb_Combinations|1313956|cc|4|1|Ce1176_A3|7023,0,0.00112749,4,1,0,0,0,0,0,0.479055,0.479055
130_bNAb_Combinations|1313956|cc|5|1|Ce1176_A3|7023,0,0.00140249,5,1,0,0,0,0,0,0.595898,0.595898
130_bNAb_Combinations|1313956|cc|6|1|Ce1176_A3|7023,0,0.00147124,6,1,0,0,0,0,0,0.625108,0.625108
130_bNAb_Combinations|1313956|cc|7|1|Ce1176_A3|7023,0,0.00120999,7,1,0,0,0,0,0,0.514108,0.514108
130_bNAb_Combinations|1313956|cc|8|1|Ce1176_A3|7023,0,0.00149874,8,1,0,0,0,0,0,0.636793,0.636793
130_bNAb_Combinations|1313956|sample|10|Ce1176_A3|7023,0.0003648,0.703622,1,10,1,0.832356,0.667406,0.667394,0.667406,0.260749,0.260656
130_bNAb_Combinations|1313956|sample|10|Ce1176_A3|7023,0.001824,0.749608,2,10,1,0.857454,0.703759,0.703783,0.703759,0.31305,0.313224
130_bNAb_Combinations|1313956|sample|10|Ce1176_A3|7023,0.00912,0.514314,3,10,1,0.833517,0.5761,0.576144,0.5761,-0.514134,-0.513804
130_bNAb_Combinations|1313956|sample|10|Ce1176_A3|7023,0.0456,0.208599,4,10,1,0.55024,0.181409,0.181392,0.181409,0.68922,0.688731
130_bNAb_Combinations|1313956|sample|10|Ce1176_A3|7023,0.228,0.00944616,5,10,1,0.132692,0.024535,0.0245243,0.024535,-2.04519,-2.04604
130_bNAb_Combinations|1313956|sample|10|Ce1176_A3|7023,1.14,0.000343747,6,10,1,0.0174759,0.00270496,0.00270294,0.00270496,-0.811631,-0.812211
130_bNAb_Combinations|1313956|sample|10|Ce1176_A3|7023,5.7,0.000233748,7,10,1,0.0029274,0.000272372,0.000272134,0.000272372,-0.0159329,-0.0160315
130_bNAb_Combinations|1313956|sample|10|Ce1176_A3|7023,28.5,0.000398746,8,10,1,0.0013441,2.67911e-05,2.6812e-05,2.67911e-05,0.157662,0.157671
130_bNAb_Combinations|1313956|sample|11|Ce1176_A3|7023,0.0003712,0.688607,1,11,1,0.832341,0.670027,0.670012,0.670027,0.13332,0.133215
130_bNAb_Combinations|1313956|sample|11|Ce1176_A3|7023,0.001856,0.732462,2,11,1,0.857308,0.729517,0.72953,0.729517,0.0193346,0.0194216
130_bNAb_Combinations|1313956|sample|11|Ce1176_A3|7023,0.00928,0.765771,3,11,1,0.808892,0.722188,0.722205,0.722188,0.29014,0.290264
130_bNAb_Combinations|1313956|sample|11|Ce1176_A3|7023,0.0464,0.662853,4,11,1,0.529868,0.66029,0.660323,0.66029,0.0184029,0.018643
130_bNAb_Combinations|1313956|sample|11|Ce1176_A3|7023,0.2319999999999999,0.428576,5,11,1,0.126362,0.367075,0.367088,0.367075,0.793613,0.793815
130_bNAb_Combinations|1313956|sample|11|Ce1176_A3|7023,1.16,0.0788005,6,11,1,0.0166157,0.07209,0.0720836,0.07209,0.392675,0.392268
130_bNAb_Combinations|1313956|sample|11|Ce1176_A3|7023,5.8,0.00151248,7,11,1,0.00288649,0.00936306,0.00937202,0.00936306,-1.83997,-1.83866
130_bNAb_Combinations|1313956|sample|11|Ce1176_A3|7023,29,0.000233748,8,11,1,0.00133985,0.00176651,0.00177873,0.00176651,-0.568513,-0.564536
130_bNAb_Combinations|1313956|sample|12|Ce1176_A3|7023,0.0003712,0.632164,1,12,1,0.832341,0.670027,0.670012,0.670027,-0.271371,-0.271468
130_bNAb_Combinations|1313956|sample|12|Ce1176_A3|7023,0.001856,0.613698,2,12,1,0.827002,0.669298,0.669285,0.669298,-0.398978,-0.399068
130_bNAb_Combinations|1313956|sample|12|Ce1176_A3|7023,0.00928,0.591375,3,12,1,0.780298,0.662574,0.662565,0.662574,-0.516066,-0.516126
130_bNAb_Combinations|1313956|sample|12|Ce1176_A3|7023,0.0464,0.519222,4,12,1,0.511137,0.605786,0.605793,0.605786,-0.685276,-0.685229
130_bNAb_Combinations|1313956|sample|12|Ce1176_A3|7023,0.2319999999999999,0.330526,5,12,1,0.121895,0.336774,0.336774,0.336774,-0.0876577,-0.0876651
130_bNAb_Combinations|1313956|sample|12|Ce1176_A3|7023,1.16,0.0625069,6,12,1,0.0160283,0.0661393,0.0661308,0.0661393,-0.228103,-0.22861
130_bNAb_Combinations|1313956|sample|12|Ce1176_A3|7023,5.8,0.00237873,7,12,1,0.00278446,0.00859018,0.00859807,0.00859018,-1.51206,-1.51073
130_bNAb_Combinations|1313956|sample|12|Ce1176_A3|7023,29,0.000769992,8,12,1,0.00133985,0.00176651,0.00177873,0.00176651,-0.371189,-0.36703
130_bNAb_Combinations|1313956|sample|3|Ce1176_A3|7023,0.000064,0.742974,1,3,1,0.83293,0.670114,0.6701,0.670114,0.522431,0.522317
130_bNAb_Combinations|1313956|sample|3|Ce1176_A3|7023,0.00032,0.893054,2,3,1,0.862966,0.730406,0.730418,0.730406,1.07114,1.07124
130_bNAb_Combinations|1313956|sample|3|Ce1176_A3|7023,0.0016,0.908543,3,3,1,0.883255,0.779675,0.779705,0.779675,0.795686,0.795899
130_bNAb_Combinations|1313956|sample|3|Ce1176_A3|7023,0.008,0.937844,4,3,1,0.842175,0.779641,0.779671,0.779641,0.976895,0.977116
130_bNAb_Combinations|1313956|sample|3|Ce1176_A3|7023,0.04,0.777115,5,3,1,0.587391,0.779325,0.779355,0.779325,-0.0138438,-0.0136587
130_bNAb_Combinations|1313956|sample|3|Ce1176_A3|7023,0.2,0.561758,6,3,1,0.154381,0.77639,0.776423,0.77639,-1.33126,-1.33112
130_bNAb_Combinations|1313956|sample|3|Ce1176_A3|7023,1,0.368964,7,3,1,0.0200625,0.70266,0.702684,0.70266,-2.28328,-2.28319
130_bNAb_Combinations|1313956|sample|3|Ce1176_A3|7023,5,0.208888,8,3,1,0.00315371,0.490978,0.490983,0.490978,-2.74322,-2.7432
130_bNAb_Combinations|1313956|sample|4|Ce1176_A3|7023,0.000064,0.71326,1,4,1,0.83293,0.670114,0.6701,0.670114,0.309417,0.309307
130_bNAb_Combinations|1313956|sample|4|Ce1176_A3|7023,0.00032,0.883119,2,4,1,0.862966,0.730406,0.730418,0.730406,1.00571,1.00581
130_bNAb_Combinations|1313956|sample|4|Ce1176_A3|7023,0.0016,0.934819,3,4,1,0.883255,0.779675,0.779705,0.779675,0.957963,0.958182
130_bNAb_Combinations|1313956|sample|4|Ce1176_A3|7023,0.008,0.950487,4,4,1,0.861499,0.819906,0.819947,0.819906,0.767176,0.767451
130_bNAb_Combinations|1313956|sample|4|Ce1176_A3|7023,0.04,0.817519,5,4,1,0.600869,0.819574,0.819615,0.819574,-0.0123249,-0.0120863
130_bNAb_Combinations|1313956|sample|4|Ce1176_A3|7023,0.2,0.59253,6,4,1,0.154381,0.77639,0.776423,0.77639,-1.14043,-1.14027
130_bNAb_Combinations|1313956|sample|4|Ce1176_A3|7023,1,0.33859,7,4,1,0.0200625,0.70266,0.702684,0.70266,-2.49109,-2.49101
130_bNAb_Combinations|1313956|sample|4|Ce1176_A3|7023,5,0.207004,8,4,1,0.00315371,0.490978,0.490983,0.490978,-2.76154,-2.76152
130_bNAb_Combinations|1313956|sample|5|Ce1176_A3|7023,0.0006144,0.687672,1,5,1,0.831688,0.670113,0.670099,0.670113,0.12598,0.125874
130_bNAb_Combinations|1313956|sample|5|Ce1176_A3|7023,0.003072,0.893274,2,5,1,0.851118,0.730397,0.730409,0.730397,1.07266,1.07276
130_bNAb_Combinations|1313956|sample|5|Ce1176_A3|7023,0.01536,0.886089,3,5,1,0.782184,0.779585,0.779615,0.779585,0.657644,0.657853
130_bNAb_Combinations|1313956|sample|5|Ce1176_A3|7023,0.0768,0.71535,4,5,1,0.40108,0.819027,0.819068,0.819027,-0.610189,-0.609978
130_bNAb_Combinations|1313956|sample|5|Ce1176_A3|7023,0.384,0.488319,5,5,1,0.071886,0.811449,0.811495,0.811449,-1.91879,-1.91863
130_bNAb_Combinations|1313956|sample|5|Ce1176_A3|7023,1.92,0.393054,6,5,1,0.00919257,0.710437,0.710484,0.710437,-2.14836,-2.14818
130_bNAb_Combinations|1313956|sample|5|Ce1176_A3|7023,9.6,0.204928,7,5,1,0.00204336,0.386957,0.38696,0.386957,-2.23228,-2.23226
130_bNAb_Combinations|1313956|sample|5|Ce1176_A3|7023,48,0.100326,8,5,1,0.00125248,0.086399,0.0863702,0.086399,0.69676,0.695119
130_bNAb_Combinations|1313956|sample|6|Ce1176_A3|7023,0.0006144,0.700267,1,6,1,0.831688,0.670113,0.670099,0.670113,0.216272,0.216165
130_bNAb_Combinations|1313956|sample|6|Ce1176_A3|7023,0.003072,0.779562,2,6,1,0.851118,0.730397,0.730409,0.730397,0.323732,0.323818
130_bNAb_Combinations|1313956|sample|6|Ce1176_A3|7023,0.01536,0.830994,3,6,1,0.782184,0.779585,0.779615,0.779585,0.317342,0.317538
130_bNAb_Combinations|1313956|sample|6|Ce1176_A3|7023,0.0768,0.671062,4,6,1,0.40108,0.819027,0.819068,0.819027,-0.870745,-0.870546
130_bNAb_Combinations|1313956|sample|6|Ce1176_A3|7023,0.384,0.520893,5,6,1,0.071886,0.811449,0.811495,0.811449,-1.72539,-1.72522
130_bNAb_Combinations|1313956|sample|6|Ce1176_A3|7023,1.92,0.352251,6,6,1,0.00919257,0.710437,0.710484,0.710437,-2.42451,-2.42435
130_bNAb_Combinations|1313956|sample|6|Ce1176_A3|7023,9.6,0.186758,7,6,1,0.00204336,0.386957,0.38696,0.386957,-2.45511,-2.45509
130_bNAb_Combinations|1313956|sample|6|Ce1176_A3|7023,48,0.0915191,8,6,1,0.00125248,0.086399,0.0863702,0.086399,0.257065,0.255553
130_bNAb_Combinations|1313956|sample|7|Ce1176_A3|7023,0.0000768,0.644896,1,7,1,0.832914,0.669802,0.669788,0.669802,-0.178528,-0.178625
130_bNAb_Combinations|1313956|sample|7|Ce1176_A3|7023,0.000384,0.807536,2,7,1,0.86281,0.727238,0.727253,0.727238,0.531023,0.531131
130_bNAb_Combinations|1313956|sample|7|Ce1176_A3|7023,0.00192,0.874608,3,7,1,0.881769,0.749217,0.749259,0.749217,0.805117,0.805431
130_bNAb_Combinations|1313956|sample|7|Ce1176_A3|7023,0.0096,0.712752,4,7,1,0.848771,0.594403,0.594455,0.594403,0.953935,0.954437
130_bNAb_Combinations|1313956|sample|7|Ce1176_A3|7023,0.048,0.234181,5,7,1,0.547503,0.180556,0.18054,0.180556,1.36488,1.36434
130_bNAb_Combinations|1313956|sample|7|Ce1176_A3|7023,0.24,0.0112199,6,7,1,0.12492,0.0228988,0.0228885,0.0228988,-1.65801,-1.65897
130_bNAb_Combinations|1313956|sample|7|Ce1176_A3|7023,1.2,0.000769992,7,7,1,0.0159197,0.00236047,0.00235864,0.00236047,-0.560118,-0.56069
130_bNAb_Combinations|1313956|sample|7|Ce1176_A3|7023,6,0.000536245,8,7,1,0.00271022,0.000232726,0.000232515,0.000232726,0.126493,0.126403
130_bNAb_Combinations|1313956|sample|8|Ce1176_A3|7023,0.0000768,0.696355,1,8,1,0.832914,0.669802,0.669788,0.669802,0.190548,0.190443
130_bNAb_Combinations|1313956|sample|8|Ce1176_A3|7023,0.000384,0.873701,2,8,1,0.86281,0.727238,0.727253,0.727238,0.968657,0.968774
130_bNAb_Combinations|1313956|sample|8|Ce1176_A3|7023,0.00192,0.872793,3,8,1,0.881769,0.749217,0.749259,0.749217,0.793459,0.793773
130_bNAb_Combinations|1313956|sample|8|Ce1176_A3|7023,0.0096,0.757666,4,8,1,0.848771,0.594403,0.594455,0.594403,1.31612,1.31665
130_bNAb_Combinations|1313956|sample|8|Ce1176_A3|7023,0.048,0.240416,5,8,1,0.547503,0.180556,0.18054,0.180556,1.52354,1.52298
130_bNAb_Combinations|1313956|sample|8|Ce1176_A3|7023,0.24,0.0117424,6,8,1,0.12492,0.0228988,0.0228885,0.0228988,-1.58377,-1.58475
130_bNAb_Combinations|1313956|sample|8|Ce1176_A3|7023,1.2,0.000178748,7,8,1,0.0159197,0.00236047,0.00235864,0.00236047,-0.768577,-0.769121
130_bNAb_Combinations|1313956|sample|8|Ce1176_A3|7023,6,0.000316247,8,8,1,0.00271022,0.000232726,0.000232515,0.000232726,0.0348713,0.0347829
130_bNAb_Combinations|1313956|sample|9|Ce1176_A3|7023,0.0003648,0.758106,1,9,1,0.832356,0.667406,0.667394,0.667406,0.652898,0.652799
130_bNAb_Combinations|1313956|sample|9|Ce1176_A3|7023,0.001824,0.682688,2,9,1,0.857454,0.703759,0.703783,0.703759,-0.14411,-0.143951
130_bNAb_Combinations|1313956|sample|9|Ce1176_A3|7023,0.00912,0.715818,3,9,1,0.833517,0.5761,0.576144,0.5761,1.16141,1.16187
130_bNAb_Combinations|1313956|sample|9|Ce1176_A3|7023,0.0456,0.196719,4,9,1,0.562866,0.190778,0.190762,0.190778,0.143917,0.143527
130_bNAb_Combinations|1313956|sample|9|Ce1176_A3|7023,0.228,0.00966615,5,9,1,0.135737,0.0258022,0.0257912,0.0258022,-2.11289,-2.1137
130_bNAb_Combinations|1313956|sample|9|Ce1176_A3|7023,1.14,0.000756242,6,9,1,0.0174759,0.00270496,0.00270294,0.00270496,-0.669721,-0.67032
130_bNAb_Combinations|1313956|sample|9|Ce1176_A3|7023,5.7,0.000439996,7,9,1,0.0029274,0.000272372,0.000272134,0.000272372,0.0696734,0.0695731
130_bNAb_Combinations|1313956|sample|9|Ce1176_A3|7023,28.5,0,8,9,1,0.0013441,2.67911e-05,2.6812e-05,2.67911e-05,-0.0113656,-0.0113567
130_bNAb_Combinations|1313956|vc|1|2|Ce1176_A3|7023,0,0.749127,1,2,1,0.832986,0.670114,0.6701,0.670114,0.566542,0.566427
130_bNAb_Combinations|1313956|vc|2|2|Ce1176_A3|7023,0,0.930921,2,2,1,0.863511,0.730406,0.730419,0.730406,1.32053,1.32063
130_bNAb_Combinations|1313956|vc|3|2|Ce1176_A3|7023,0,1,3,2,1,0.863511,0.730406,0.730419,0.730406,1.7755,1.77561
130_bNAb_Combinations|1313956|vc|4|2|Ce1176_A3|7023,0,0.968987,4,2,1,0.863511,0.730406,0.730419,0.730406,1.57124,1.57135
130_bNAb_Combinations|1313956|vc|5|2|Ce1176_A3|7023,0,0.924369,5,2,1,0.863511,0.730406,0.730419,0.730406,1.27738,1.27748
130_bNAb_Combinations|1313956|vc|6|2|Ce1176_A3|7023,0,0.980379,6,2,1,0.863511,0.730406,0.730419,0.730406,1.64627,1.64638
130_bNAb_Combinations|1313956|vc|7|2|Ce1176_A3|7023,0,0.892036,7,2,1,0.863511,0.730406,0.730419,0.730406,1.06443,1.06453
130_bNAb_Combinations|1313956|vc|8|2|Ce1176_A3|7023,0,0.653015,8,2,1,0.832986,0.670114,0.6701,0.670114,-0.122478,-0.122579
130_bNAb_Combinations|1313974|cc|1|1|nan|1176,0,0,1,1,0,0,0,0,0,0,0
130_bNAb_Combinations|1313974|cc|2|1|nan|1176,0,0.00187935,2,1,0,0,0,0,0,0.798509,0.798509
130_bNAb_Combinations|1313974|cc|3|1|nan|1176,0,0.00338282,3,1,0,0,0,0,0,1.43732,1.43732
130_bNAb_Combinations|1313974|cc|4|1|nan|1176,0,0.00250579,4,1,0,0,0,0,0,1.06468,1.06468
130_bNAb_Combinations|1313974|cc|5|1|nan|1176,0,0.00425985,5,1,0,0,0,0,0,1.80995,1.80995
130_bNAb_Combinations|1313974|cc|6|1|nan|1176,0,0.00200464,6,1,0,0,0,0,0,0.851743,0.851743
130_bNAb_Combinations|1313974|cc|7|1|nan|1176,0,0.00701623,7,1,0,0,0,0,0,2.9811,2.9811
130_bNAb_Combinations|1313974|cc|8|1|nan|1176,0,0.00275637,8,1,0,0,0,0,0,1.17115,1.17115
130_bNAb_Combinations|1313974|sample|10|nan|1176,0.0003648,0.564806,1,10,1,0.832356,0.621531,0.621507,0.621531,-0.437693,-0.43786
130_bNAb_Combinations|1313974|sample|10|nan|1176,0.001824,0.969555,2,10,1,0.857454,0.690688,0.690696,0.690688,1.94049,1.94057
130_bNAb_Combinations|1313974|sample|10|nan|1176,0.00912,0.987972,3,10,1,0.833517,0.747064,0.747094,0.747064,1.55158,1.55183
130_bNAb_Combinations|1313974|sample|10|nan|1176,0.0456,0.768277,4,10,1,0.55024,0.745655,0.745685,0.745655,0.145791,0.145994
130_bNAb_Combinations|1313974|sample|10|nan|1176,0.228,0.6812,5,10,1,0.132692,0.732751,0.732788,0.732751,-0.338681,-0.338456
130_bNAb_Combinations|1313974|sample|10|nan|1176,1.14,0.388273,6,10,1,0.0174759,0.630888,0.630939,0.630888,-1.84571,-1.84547
130_bNAb_Combinations|1313974|sample|10|nan|1176,5.7,0.221387,7,10,1,0.0029274,0.25418,0.254179,0.25418,-0.603103,-0.60312
130_bNAb_Combinations|1313974|sample|10|nan|1176,28.5,0.0676565,8,10,1,0.0013441,0.0371896,0.037186,0.0371896,3.05815,3.05755
130_bNAb_Combinations|1313974|sample|11|nan|1176,0.0003712,0.686964,1,11,1,0.832341,0.620931,0.620908,0.620931,0.510387,0.510189
130_bNAb_Combinations|1313974|sample|11|nan|1176,0.001856,0.787446,2,11,1,0.857308,0.684515,0.684527,0.684515,0.72253,0.72263
130_bNAb_Combinations|1313974|sample|11|nan|1176,0.00928,0.683957,3,11,1,0.808892,0.636956,0.636982,0.636956,0.353957,0.354168
130_bNAb_Combinations|1313974|sample|11|nan|1176,0.0464,0.431373,4,11,1,0.529868,0.386572,0.386588,0.386572,0.549709,0.549931
130_bNAb_Combinations|1313974|sample|11|nan|1176,0.2319999999999999,0.127921,5,11,1,0.126362,0.0834637,0.0834557,0.0834637,2.28814,2.28754
130_bNAb_Combinations|1313974|sample|11|nan|1176,1.16,0.00889557,6,11,1,0.0166157,0.0108634,0.0108709,0.0108634,-0.431449,-0.429959
130_bNAb_Combinations|1313974|sample|11|nan|1176,5.8,0.00664036,7,11,1,0.00288649,0.00204113,0.00205361,0.00204113,1.65357,1.6596
130_bNAb_Combinations|1313974|sample|11|nan|1176,29,0.0085197,8,11,1,0.00133985,0.000973834,0.000985787,0.000973834,2.94834,2.95584
130_bNAb_Combinations|1313974|sample|12|nan|1176,0.0003712,0.62507,1,12,1,0.832341,0.620931,0.620908,0.620931,0.0321626,0.0319823
130_bNAb_Combinations|1313974|sample|12|nan|1176,0.001856,0.659149,2,12,1,0.827002,0.615963,0.615943,0.615963,0.33648,0.336315
130_bNAb_Combinations|1313974|sample|12|nan|1176,0.00928,0.546764,3,12,1,0.780298,0.573167,0.573162,0.573167,-0.220619,-0.220661
130_bNAb_Combinations|1313974|sample|12|nan|1176,0.0464,0.27877,4,12,1,0.511137,0.347858,0.347855,0.347858,-0.939398,-0.939429
130_bNAb_Combinations|1313974|sample|12|nan|1176,0.2319999999999999,0.0630207,5,12,1,0.121895,0.0751051,0.0750941,0.0751051,-0.681279,-0.68181
130_bNAb_Combinations|1313974|sample|12|nan|1176,1.16,0.00413456,6,12,1,0.0160283,0.00977546,0.0097817,0.00977546,-1.29658,-1.29553
130_bNAb_Combinations|1313974|sample|12|nan|1176,5.8,0.0072668,7,12,1,0.00278446,0.00183672,0.00184785,0.00183672,1.9837,1.98944
130_bNAb_Combinations|1313974|sample|12|nan|1176,29,0.00375869,8,12,1,0.00133985,0.000973834,0.000985787,0.000973834,1.08515,1.09088
130_bNAb_Combinations|1313974|sample|3|nan|1176,0.000064,0.544885,1,3,1,0.83293,0.621522,0.621499,0.621522,-0.59141,-0.591572
130_bNAb_Combinations|1313974|sample|3|nan|1176,0.00032,0.833553,2,3,1,0.862966,0.690597,0.690605,0.690597,0.994856,0.994925
130_bNAb_Combinations|1313974|sample|3|nan|1176,0.0016,0.76765,3,3,1,0.883255,0.746151,0.746181,0.746151,0.138459,0.138659
130_bNAb_Combinations|1313974|sample|3|nan|1176,0.008,0.763766,4,3,1,0.842175,0.737248,0.737283,0.737248,0.172823,0.173057
130_bNAb_Combinations|1313974|sample|3|nan|1176,0.04,0.33966,5,3,1,0.587391,0.663553,0.663599,0.663553,-2.34467,-2.34449
130_bNAb_Combinations|1313974|sample|3|nan|1176,0.2,0.074798,6,3,1,0.154381,0.347224,0.347227,0.347224,-3.71087,-3.71086
130_bNAb_Combinations|1313974|sample|3|nan|1176,1,0.0275637,7,3,1,0.0200625,0.0692265,0.0692007,0.0692265,-2.52107,-2.52183
130_bNAb_Combinations|1313974|sample|3|nan|1176,5,0.0219257,8,3,1,0.00315371,0.0182871,0.0182739,0.0182871,0.599314,0.596876
130_bNAb_Combinations|1313974|sample|4|nan|1176,0.000064,0.596254,1,4,1,0.83293,0.621522,0.621499,0.621522,-0.194874,-0.195051
130_bNAb_Combinations|1313974|sample|4|nan|1176,0.00032,0.751363,2,4,1,0.862966,0.690597,0.690605,0.690597,0.422846,0.422908
130_bNAb_Combinations|1313974|sample|4|nan|1176,0.0016,0.81952,3,4,1,0.883255,0.746151,0.746181,0.746151,0.472974,0.473187
130_bNAb_Combinations|1313974|sample|4|nan|1176,0.008,0.746852,4,4,1,0.861499,0.782829,0.782876,0.782829,-0.221593,-0.221312
130_bNAb_Combinations|1313974|sample|4|nan|1176,0.04,0.327758,5,4,1,0.600869,0.704577,0.704636,0.704577,-2.57153,-2.57134
130_bNAb_Combinations|1313974|sample|4|nan|1176,0.2,0.106747,6,4,1,0.154381,0.347224,0.347227,0.347224,-3.27568,-3.27566
130_bNAb_Combinations|1313974|sample|4|nan|1176,1,0.0308213,7,4,1,0.0200625,0.0692265,0.0692007,0.0692265,-2.32383,-2.32465
130_bNAb_Combinations|1313974|sample|4|nan|1176,5,0.0120278,8,4,1,0.00315371,0.0182871,0.0182739,0.0182871,-1.02507,-1.02678
130_bNAb_Combinations|1313974|sample|5|nan|1176,0.0006144,0.585729,1,5,1,0.831688,0.621294,0.62127,0.621294,-0.274452,-0.274624
130_bNAb_Combinations|1313974|sample|5|nan|1176,0.003072,0.613794,2,5,1,0.851118,0.688234,0.688244,0.688234,-0.519889,-0.519827
130_bNAb_Combinations|1313974|sample|5|nan|1176,0.01536,0.526467,3,5,1,0.782184,0.72303,0.723069,0.72303,-1.3078,-1.30761
130_bNAb_Combinations|1313974|sample|5|nan|1176,0.0768,0.174278,4,5,1,0.40108,0.60538,0.605433,0.60538,-3.41493,-3.4148
130_bNAb_Combinations|1313974|sample|5|nan|1176,0.384,0.0800601,5,5,1,0.071886,0.211447,0.211427,0.211447,-2.87945,-2.87963
130_bNAb_Combinations|1313974|sample|5|nan|1176,1.92,0.03458,6,5,1,0.00919257,0.0405023,0.0404819,0.0405023,-0.554785,-0.556482
130_bNAb_Combinations|1313974|sample|5|nan|1176,9.6,0.0281902,7,5,1,0.00204336,0.0165306,0.0165189,0.0165306,2.03538,2.03251
130_bNAb_Combinations|1313974|sample|5|nan|1176,48,0.00826912,8,5,1,0.00125248,0.0127875,0.0127779,0.0127875,-0.90746,-0.90903
130_bNAb_Combinations|1313974|sample|6|nan|1176,0.0006144,0.51469,1,6,1,0.831688,0.621294,0.62127,0.621294,-0.82303,-0.823182
130_bNAb_Combinations|1313974|sample|6|nan|1176,0.003072,0.808369,2,6,1,0.851118,0.688234,0.688244,0.688234,0.838843,0.838925
130_bNAb_Combinations|1313974|sample|6|nan|1176,0.01536,0.47986,3,6,1,0.782184,0.72303,0.723069,0.72303,-1.61783,-1.61766
130_bNAb_Combinations|1313974|sample|6|nan|1176,0.0768,0.164756,4,6,1,0.40108,0.60538,0.605433,0.60538,-3.49035,-3.49023
130_bNAb_Combinations|1313974|sample|6|nan|1176,0.384,0.0816889,5,6,1,0.071886,0.211447,0.211427,0.211447,-2.84375,-2.84393
130_bNAb_Combinations|1313974|sample|6|nan|1176,1.92,0.045856,6,6,1,0.00919257,0.0405023,0.0404819,0.0405023,0.505174,0.503061
130_bNAb_Combinations|1313974|sample|6|nan|1176,9.6,0.023805,7,6,1,0.00204336,0.0165306,0.0165189,0.0165306,1.27065,1.26809
130_bNAb_Combinations|1313974|sample|6|nan|1176,48,0.00789325,8,6,1,0.00125248,0.0127875,0.0127779,0.0127875,-0.98311,-0.98465
130_bNAb_Combinations|1313974|sample|7|nan|1176,0.0000768,0.626699,1,7,1,0.832914,0.621533,0.621509,0.621533,0.040067,0.0398816
130_bNAb_Combinations|1313974|sample|7|nan|1176,0.000384,0.800727,2,7,1,0.86281,0.690703,0.690711,0.690703,0.765552,0.765618
130_bNAb_Combinations|1313974|sample|7|nan|1176,0.00192,0.993736,3,7,1,0.881769,0.747214,0.747243,0.747214,1.58743,1.58768
130_bNAb_Combinations|1313974|sample|7|nan|1176,0.0096,1,4,7,1,0.848771,0.793238,0.793281,0.793238,1.25513,1.25546
130_bNAb_Combinations|1313974|sample|7|nan|1176,0.048,0.854476,5,7,1,0.547503,0.791631,0.791675,0.791631,0.382071,0.382358
130_bNAb_Combinations|1313974|sample|7|nan|1176,0.24,0.743344,6,7,1,0.12492,0.731705,0.731742,0.731705,0.076276,0.0765248
130_bNAb_Combinations|1313974|sample|7|nan|1176,1.2,0.326505,7,7,1,0.0159197,0.576539,0.57657,0.576539,-2.07783,-2.07768
130_bNAb_Combinations|1313974|sample|7|nan|1176,6,0.132932,8,7,1,0.00271022,0.21856,0.218547,0.21856,-1.81851,-1.81869
130_bNAb_Combinations|1313974|sample|8|nan|1176,0.0000768,0.625321,1,8,1,0.832914,0.621533,0.621509,0.621533,0.0294284,0.0292434
130_bNAb_Combinations|1313974|sample|8|nan|1176,0.000384,0.783938,2,8,1,0.86281,0.690703,0.690711,0.690703,0.648727,0.64879
130_bNAb_Combinations|1313974|sample|8|nan|1176,0.00192,0.983211,3,8,1,0.881769,0.747214,0.747243,0.747214,1.51965,1.5199
130_bNAb_Combinations|1313974|sample|8|nan|1176,0.0096,0.927081,4,8,1,0.848771,0.793238,0.793281,0.793238,0.812396,0.812697
130_bNAb_Combinations|1313974|sample|8|nan|1176,0.048,0.862056,5,8,1,0.547503,0.791631,0.791675,0.791631,0.428186,0.428476
130_bNAb_Combinations|1313974|sample|8|nan|1176,0.24,0.641108,6,8,1,0.12492,0.731705,0.731742,0.731705,-0.595867,-0.595652
130_bNAb_Combinations|1313974|sample|8|nan|1176,1.2,0.408069,7,8,1,0.0159197,0.576539,0.57657,0.576539,-1.40011,-1.39992
130_bNAb_Combinations|1313974|sample|8|nan|1176,6,0.107499,8,8,1,0.00271022,0.21856,0.218547,0.21856,-2.35875,-2.35889
130_bNAb_Combinations|1313974|sample|9|nan|1176,0.0003648,0.584727,1,9,1,0.832356,0.621531,0.621507,0.621531,-0.283916,-0.28409
130_bNAb_Combinations|1313974|sample|9|nan|1176,0.001824,0.879471,2,9,1,0.857454,0.690688,0.690696,0.690688,1.31363,1.3137
130_bNAb_Combinations|1313974|sample|9|nan|1176,0.00912,0.847836,3,9,1,0.833517,0.747064,0.747094,0.747064,0.648915,0.649129
130_bNAb_Combinations|1313974|sample|9|nan|1176,0.0456,0.917183,4,9,1,0.562866,0.791755,0.791798,0.791755,0.762704,0.763011
130_bNAb_Combinations|1313974|sample|9|nan|1176,0.228,0.733697,5,9,1,0.135737,0.778053,0.778103,0.778053,-0.274806,-0.274513
130_bNAb_Combinations|1313974|sample|9|nan|1176,1.14,0.394788,6,9,1,0.0174759,0.630888,0.630939,0.630888,-1.79615,-1.79591
130_bNAb_Combinations|1313974|sample|9|nan|1176,5.7,0.20109,7,9,1,0.0029274,0.25418,0.254179,0.25418,-0.976405,-0.97642
130_bNAb_Combinations|1313974|sample|9|nan|1176,28.5,0.0780555,8,9,1,0.0013441,0.0371896,0.037186,0.0371896,4.10184,4.10116
130_bNAb_Combinations|1313974|vc|1|2|nan|1176,0,0.615047,1,2,1,0.832986,0.621533,0.621509,0.621533,-0.049879,-0.050061
130_bNAb_Combinations|1313974|vc|2|2|nan|1176,0,0.671678,2,2,1,0.863511,0.690704,0.690713,0.690704,-0.132451,-0.132396
130_bNAb_Combinations|1313974|vc|3|2|nan|1176,0,0.718411,3,2,1,0.863511,0.690704,0.690713,0.690704,0.192743,0.192802
130_bNAb_Combinations|1313974|vc|4|2|nan|1176,0,0.81739,4,2,1,0.863511,0.690704,0.690713,0.690704,0.881491,0.881557
130_bNAb_Combinations|1313974|vc|5|2|nan|1176,0,0.786068,5,2,1,0.863511,0.690704,0.690713,0.690704,0.663533,0.663597
130_bNAb_Combinations|1313974|vc|6|2|nan|1176,0,0.718662,6,2,1,0.863511,0.690704,0.690713,0.690704,0.194487,0.194545
130_bNAb_Combinations|1313974|vc|7|2|nan|1176,0,0.706008,7,2,1,0.863511,0.690704,0.690713,0.690704,0.106431,0.106489
130_bNAb_Combinations|1313974|vc|8|2|nan|1176,0,0.513437,8,2,1,0.832986,0.621533,0.621509,0.621533,-0.834234,-0.834387
130_bNAb_Combinations|1313992|cc|1|1|RHPA4259.7|5371,0,0.000660826,1,1,0,0,0,0,0,0.280776,0.280776
130_bNAb_Combinations|1313992|cc|2|1|RHPA4259.7|5371,0,0.00171458,2,1,0,0,0,0,0,0.728501,0.728501
130_bNAb_Combinations|1313992|cc|3|1|RHPA4259.7|5371,0,0.00114305,3,1,0,0,0,0,0,0.485667,0.485667
130_bNAb_Combinations|1313992|cc|4|1|RHPA4259.7|5371,0,0.00148239,4,1,0,0,0,0,0,0.62985,0.62985
130_bNAb_Combinations|1313992|cc|5|1|RHPA4259.7|5371,0,0.00150025,5,1,0,0,0,0,0,0.637438,0.637438
130_bNAb_Combinations|1313992|cc|6|1|RHPA4259.7|5371,0,0.00133951,6,1,0,0,0,0,0,0.569141,0.569141
130_bNAb_Combinations|1313992|cc|7|1|RHPA4259.7|5371,0,0.001661,7,1,0,0,0,0,0,0.705735,0.705735
130_bNAb_Combinations|1313992|cc|8|1|RHPA4259.7|5371,0,0.00142881,8,1,0,0,0,0,0,0.607084,0.607084
130_bNAb_Combinations|1313992|sample|10|RHPA4259.7|5371,0.0003648,0.6759,1,10,1,0.832356,0.829009,0.828894,0.829009,-0.889562,-0.890109
130_bNAb_Combinations|1313992|sample|10|RHPA4259.7|5371,0.001824,0.701074,2,10,1,0.857454,0.826503,0.826437,0.826503,-0.731045,-0.731369
130_bNAb_Combinations|1313992|sample|10|RHPA4259.7|5371,0.00912,0.541985,3,10,1,0.833517,0.626606,0.626587,0.626606,-0.647871,-0.647995
130_bNAb_Combinations|1313992|sample|10|RHPA4259.7|5371,0.0456,0.23562,4,10,1,0.55024,0.181318,0.181278,0.181318,1.37743,1.37612
130_bNAb_Combinations|1313992|sample|10|RHPA4259.7|5371,0.228,0.0160206,5,10,1,0.132692,0.0237573,0.0237438,0.0237573,-1.07077,-1.07223
130_bNAb_Combinations|1313992|sample|10|RHPA4259.7|5371,1.14,0.00158956,6,10,1,0.0174759,0.00260788,0.00260553,0.00260788,-0.351938,-0.352694
130_bNAb_Combinations|1313992|sample|10|RHPA4259.7|5371,5.7,0.000392924,7,10,1,0.0029274,0.000272304,0.000271963,0.000272304,0.0502075,0.0500642
130_bNAb_Combinations|1313992|sample|10|RHPA4259.7|5371,28.5,0.000928729,8,10,1,0.0013441,2.81542e-05,2.81086e-05,2.81542e-05,0.381729,0.381708
130_bNAb_Combinations|1313992|sample|11|RHPA4259.7|5371,0.0003712,0.650289,1,11,1,0.832341,0.829494,0.829379,0.829494,-1.0407,-1.04122
130_bNAb_Combinations|1313992|sample|11|RHPA4259.7|5371,0.001856,0.618283,2,11,1,0.857308,0.830869,0.830803,0.830869,-1.23287,-1.23315
130_bNAb_Combinations|1313992|sample|11|RHPA4259.7|5371,0.00928,0.451639,3,11,1,0.808892,0.631924,0.631891,0.631924,-1.36896,-1.36914
130_bNAb_Combinations|1313992|sample|11|RHPA4259.7|5371,0.0464,0.163215,4,11,1,0.529868,0.196001,0.195968,0.196001,-0.771413,-0.772065
130_bNAb_Combinations|1313992|sample|11|RHPA4259.7|5371,0.2319999999999999,0.0123414,5,11,1,0.126362,0.0273544,0.0273554,0.0273544,-1.88811,-1.88804
130_bNAb_Combinations|1313992|sample|11|RHPA4259.7|5371,1.16,0,6,11,1,0.0166157,0.00408835,0.00410239,0.00408835,-1.28476,-1.28151
130_bNAb_Combinations|1313992|sample|11|RHPA4259.7|5371,5.8,0.000839428,7,11,1,0.00288649,0.00151834,0.00153467,0.00151834,-0.260622,-0.254819
130_bNAb_Combinations|1313992|sample|11|RHPA4259.7|5371,29,0.000500085,8,11,1,0.00133985,0.00119814,0.00121417,0.00119814,-0.274432,-0.268611
130_bNAb_Combinations|1313992|sample|12|RHPA4259.7|5371,0.0003712,0.617105,1,12,1,0.832341,0.829494,0.829379,0.829494,-1.23353,-1.23403
130_bNAb_Combinations|1313992|sample|12|RHPA4259.7|5371,0.001856,0.643716,2,12,1,0.827002,0.801498,0.801399,0.801498,-0.947835,-0.948317
130_bNAb_Combinations|1313992|sample|12|RHPA4259.7|5371,0.00928,0.450916,3,12,1,0.780298,0.609585,0.609527,0.609585,-1.24798,-1.24833
130_bNAb_Combinations|1313992|sample|12|RHPA4259.7|5371,0.0464,0.208089,4,12,1,0.511137,0.189073,0.189033,0.189073,0.464344,0.463275
130_bNAb_Combinations|1313992|sample|12|RHPA4259.7|5371,0.2319999999999999,0.0184138,5,12,1,0.121895,0.0263875,0.0263873,0.0263875,-1.02833,-1.02835
130_bNAb_Combinations|1313992|sample|12|RHPA4259.7|5371,1.16,0.000125021,6,12,1,0.0160283,0.00394383,0.00395719,0.00394383,-1.2114,-1.20822
130_bNAb_Combinations|1313992|sample|12|RHPA4259.7|5371,5.8,0.000500085,7,12,1,0.00278446,0.00146467,0.00148036,0.00146467,-0.369006,-0.363539
130_bNAb_Combinations|1313992|sample|12|RHPA4259.7|5371,29,0.000285763,8,12,1,0.00133985,0.00119814,0.00121417,0.00119814,-0.356799,-0.351082
130_bNAb_Combinations|1313992|sample|3|RHPA4259.7|5371,0.000064,0.754539,1,3,1,0.83293,0.832981,0.832863,0.832981,-0.453265,-0.453888
130_bNAb_Combinations|1313992|sample|3|RHPA4259.7|5371,0.00032,0.910976,2,3,1,0.862966,0.863464,0.863379,0.863464,0.265837,0.265339
130_bNAb_Combinations|1313992|sample|3|RHPA4259.7|5371,0.0016,0.927479,3,3,1,0.883255,0.888004,0.887945,0.888004,0.214773,0.21444
130_bNAb_Combinations|1313992|sample|3|RHPA4259.7|5371,0.008,0.944785,4,3,1,0.842175,0.884247,0.884191,0.884247,0.330567,0.330242
130_bNAb_Combinations|1313992|sample|3|RHPA4259.7|5371,0.04,0.905162,5,3,1,0.587391,0.85066,0.85062,0.85066,0.309136,0.308896
130_bNAb_Combinations|1313992|sample|3|RHPA4259.7|5371,0.2,0.651807,6,3,1,0.154381,0.628127,0.628114,0.628127,0.181006,0.180898
130_bNAb_Combinations|1313992|sample|3|RHPA4259.7|5371,1,0.224351,7,3,1,0.0200625,0.178069,0.178038,0.178069,1.19397,1.19296
130_bNAb_Combinations|1313992|sample|3|RHPA4259.7|5371,5,0.0158956,8,3,1,0.00315371,0.0235451,0.0235464,0.0235451,-1.06671,-1.06658
130_bNAb_Combinations|1313992|sample|4|RHPA4259.7|5371,0.000064,0.699119,1,4,1,0.83293,0.832981,0.832863,0.832981,-0.773984,-0.774562
130_bNAb_Combinations|1313992|sample|4|RHPA4259.7|5371,0.00032,0.930694,2,4,1,0.862966,0.863464,0.863379,0.863464,0.375964,0.375455
130_bNAb_Combinations|1313992|sample|4|RHPA4259.7|5371,0.0016,0.969602,3,4,1,0.883255,0.888004,0.887945,0.888004,0.443613,0.443265
130_bNAb_Combinations|1313992|sample|4|RHPA4259.7|5371,0.008,1,4,4,1,0.861499,0.904537,0.9045,0.904537,0.509442,0.509225
130_bNAb_Combinations|1313992|sample|4|RHPA4259.7|5371,0.04,0.855217,5,4,1,0.600869,0.870179,0.870158,0.870179,-0.0828105,-0.0829265
130_bNAb_Combinations|1313992|sample|4|RHPA4259.7|5371,0.2,0.614506,6,4,1,0.154381,0.628127,0.628114,0.628127,-0.103957,-0.104059
130_bNAb_Combinations|1313992|sample|4|RHPA4259.7|5371,1,0.229173,7,4,1,0.0200625,0.178069,0.178038,0.178069,1.31829,1.31726
130_bNAb_Combinations|1313992|sample|4|RHPA4259.7|5371,5,0.0174851,8,4,1,0.00315371,0.0235451,0.0235464,0.0235451,-0.845087,-0.844945
130_bNAb_Combinations|1313992|sample|5|RHPA4259.7|5371,0.0006144,0.682232,1,5,1,0.831688,0.832874,0.832755,0.832874,-0.871198,-0.871761
130_bNAb_Combinations|1313992|sample|5|RHPA4259.7|5371,0.003072,0.897884,2,5,1,0.851118,0.862423,0.86234,0.862423,0.198761,0.198275
130_bNAb_Combinations|1313992|sample|5|RHPA4259.7|5371,0.01536,0.905895,3,5,1,0.782184,0.878119,0.878067,0.878119,0.152855,0.152561
130_bNAb_Combinations|1313992|sample|5|RHPA4259.7|5371,0.0768,0.832025,4,5,1,0.40108,0.818886,0.818877,0.818886,0.0773675,0.0773144
130_bNAb_Combinations|1313992|sample|5|RHPA4259.7|5371,0.384,0.471151,5,5,1,0.071886,0.449055,0.449043,0.449055,0.23457,0.234439
130_bNAb_Combinations|1313992|sample|5|RHPA4259.7|5371,1.92,0.0757807,6,5,1,0.00919257,0.0850787,0.085064,0.0850787,-0.469757,-0.470426
130_bNAb_Combinations|1313992|sample|5|RHPA4259.7|5371,9.6,0.0066797,7,5,1,0.00204336,0.0107441,0.0107536,0.0107441,-0.894519,-0.892811
130_bNAb_Combinations|1313992|sample|5|RHPA4259.7|5371,48,0.00155384,8,5,1,0.00125248,0.00216156,0.00217652,0.00216156,-0.222467,-0.217361
130_bNAb_Combinations|1313992|sample|6|RHPA4259.7|5371,0.0006144,0.679213,1,6,1,0.831688,0.832874,0.832755,0.832874,-0.888667,-0.889228
130_bNAb_Combinations|1313992|sample|6|RHPA4259.7|5371,0.003072,0.909244,2,6,1,0.851118,0.862423,0.86234,0.862423,0.262279,0.261787
130_bNAb_Combinations|1313992|sample|6|RHPA4259.7|5371,0.01536,0.882409,3,6,1,0.782184,0.878119,0.878067,0.878119,0.0238465,0.0235601
130_bNAb_Combinations|1313992|sample|6|RHPA4259.7|5371,0.0768,0.759665,4,6,1,0.40108,0.818886,0.818877,0.818886,-0.348439,-0.348487
130_bNAb_Combinations|1313992|sample|6|RHPA4259.7|5371,0.384,0.442039,5,6,1,0.071886,0.449055,0.449043,0.449055,-0.0743095,-0.0744328
130_bNAb_Combinations|1313992|sample|6|RHPA4259.7|5371,1.92,0.0812102,6,6,1,0.00919257,0.0850787,0.085064,0.0850787,-0.195013,-0.195724
130_bNAb_Combinations|1313992|sample|6|RHPA4259.7|5371,9.6,0.00728695,7,6,1,0.00204336,0.0107441,0.0107536,0.0107441,-0.761184,-0.75942
130_bNAb_Combinations|1313992|sample|6|RHPA4259.7|5371,48,0.000660826,8,6,1,0.00125248,0.00216156,0.00217652,0.00216156,-0.541513,-0.536757
130_bNAb_Combinations|1313992|sample|7|RHPA4259.7|5371,0.0000768,0.658728,1,7,1,0.832914,0.832527,0.832409,0.832527,-1.00564,-1.00618
130_bNAb_Combinations|1313992|sample|7|RHPA4259.7|5371,0.000384,0.835624,2,7,1,0.86281,0.859085,0.859004,0.859085,-0.13124,-0.131682
130_bNAb_Combinations|1313992|sample|7|RHPA4259.7|5371,0.00192,0.789589,3,7,1,0.881769,0.847699,0.847659,0.847699,-0.330267,-0.330477
130_bNAb_Combinations|1313992|sample|7|RHPA4259.7|5371,0.0096,0.635402,4,7,1,0.848771,0.627343,0.627337,0.627343,0.0616877,0.0616455
130_bNAb_Combinations|1313992|sample|7|RHPA4259.7|5371,0.048,0.221618,5,7,1,0.547503,0.175191,0.175154,0.175191,1.21636,1.21515
130_bNAb_Combinations|1313992|sample|7|RHPA4259.7|5371,0.24,0.0149132,6,7,1,0.12492,0.0221657,0.0221528,0.0221657,-1.05117,-1.05264
130_bNAb_Combinations|1313992|sample|7|RHPA4259.7|5371,1.2,0.00198248,7,7,1,0.0159197,0.00236098,0.00235875,0.00236098,-0.132664,-0.133428
130_bNAb_Combinations|1313992|sample|7|RHPA4259.7|5371,6,0.00167886,8,7,1,0.00271022,0.000244636,0.000244315,0.000244636,0.596838,0.596689
130_bNAb_Combinations|1313992|sample|8|RHPA4259.7|5371,0.0000768,0.639796,1,8,1,0.832914,0.832527,0.832409,0.832527,-1.11526,-1.11579
130_bNAb_Combinations|1313992|sample|8|RHPA4259.7|5371,0.000384,0.832418,2,8,1,0.86281,0.859085,0.859004,0.859085,-0.149235,-0.149676
130_bNAb_Combinations|1313992|sample|8|RHPA4259.7|5371,0.00192,0.855234,3,8,1,0.881769,0.847699,0.847659,0.847699,0.043082,0.0428547
130_bNAb_Combinations|1313992|sample|8|RHPA4259.7|5371,0.0096,0.694582,4,8,1,0.848771,0.627343,0.627337,0.627343,0.514344,0.514298
130_bNAb_Combinations|1313992|sample|8|RHPA4259.7|5371,0.048,0.261848,5,8,1,0.547503,0.175191,0.175154,0.175191,2.26953,2.26811
130_bNAb_Combinations|1313992|sample|8|RHPA4259.7|5371,0.24,0.0198069,6,8,1,0.12492,0.0221657,0.0221528,0.0221657,-0.34062,-0.342357
130_bNAb_Combinations|1313992|sample|8|RHPA4259.7|5371,1.2,0.00117877,7,8,1,0.0159197,0.00236098,0.00235875,0.00236098,-0.41603,-0.416748
130_bNAb_Combinations|1313992|sample|8|RHPA4259.7|5371,6,0.000464364,8,8,1,0.00271022,0.000244636,0.000244315,0.000244636,0.0915511,0.0914153
130_bNAb_Combinations|1313992|sample|9|RHPA4259.7|5371,0.0003648,0.59653,1,9,1,0.832356,0.829009,0.828894,0.829009,-1.35105,-1.35154
130_bNAb_Combinations|1313992|sample|9|RHPA4259.7|5371,0.001824,0.754182,2,9,1,0.857454,0.826503,0.826437,0.826503,-0.421355,-0.421703
130_bNAb_Combinations|1313992|sample|9|RHPA4259.7|5371,0.00912,0.593958,3,9,1,0.833517,0.626606,0.626587,0.626606,-0.24987,-0.250005
130_bNAb_Combinations|1313992|sample|9|RHPA4259.7|5371,0.0456,0.260651,4,9,1,0.562866,0.185478,0.185441,0.185478,1.86605,1.86478
130_bNAb_Combinations|1313992|sample|9|RHPA4259.7|5371,0.228,0.0158598,5,9,1,0.135737,0.0243024,0.0242891,0.0243024,-1.15086,-1.15225
130_bNAb_Combinations|1313992|sample|9|RHPA4259.7|5371,1.14,0.000964449,6,9,1,0.0174759,0.00260788,0.00260553,0.00260788,-0.568478,-0.569198
130_bNAb_Combinations|1313992|sample|9|RHPA4259.7|5371,5.7,0.000267903,7,9,1,0.0029274,0.000272304,0.000271963,0.000272304,-0.00168517,-0.00182701
130_bNAb_Combinations|1313992|sample|9|RHPA4259.7|5371,28.5,0.000839428,8,9,1,0.0013441,2.81542e-05,2.81086e-05,2.81542e-05,0.343878,0.343858
130_bNAb_Combinations|1313992|vc|1|2|RHPA4259.7|5371,0,0.779132,1,2,1,0.832986,0.832986,0.832868,0.832986,-0.310968,-0.311611
130_bNAb_Combinations|1313992|vc|2|2|RHPA4259.7|5371,0,0.953474,2,2,1,0.863511,0.863511,0.863426,0.863511,0.502908,0.502386
130_bNAb_Combinations|1313992|vc|3|2|RHPA4259.7|5371,0,0.91795,3,2,1,0.863511,0.863511,0.863426,0.863511,0.304511,0.304008
130_bNAb_Combinations|1313992|vc|4|2|RHPA4259.7|5371,0,0.938007,4,2,1,0.863511,0.863511,0.863426,0.863511,0.416527,0.416014
130_bNAb_Combinations|1313992|vc|5|2|RHPA4259.7|5371,0,0.961699,5,2,1,0.863511,0.863511,0.863426,0.863511,0.548842,0.548315
130_bNAb_Combinations|1313992|vc|6|2|RHPA4259.7|5371,0,0.866995,6,2,1,0.863511,0.863511,0.863426,0.863511,0.0199324,0.0194574
130_bNAb_Combinations|1313992|vc|7|2|RHPA4259.7|5371,0,0.852279,7,2,1,0.863511,0.863511,0.863426,0.863511,-0.0622593,-0.0627263
130_bNAb_Combinations|1313992|vc|8|2|RHPA4259.7|5371,0,0.715353,8,2,1,0.832986,0.832986,0.832868,0.832986,-0.680056,-0.680647
130_bNAb_Combinations|1314016|cc|1|1|nan|3430,0,0.0013549,1,1,0,0,0,0,0,0.575677,0.575677
130_bNAb_Combinations|1314016|cc|2|1|nan|3430,0,0.00201049,2,1,0,0,0,0,0,0.85423,0.85423
130_bNAb_Combinations|1314016|cc|3|1|nan|3430,0,0.00170455,3,1,0,0,0,0,0,0.724239,0.724239
130_bNAb_Combinations|1314016|cc|4|1|nan|3430,0,0.00253497,4,1,0,0,0,0,0,1.07707,1.07707
130_bNAb_Combinations|1314016|cc|5|1|nan|3430,0,0.00104895,5,1,0,0,0,0,0,0.445685,0.445685
130_bNAb_Combinations|1314016|cc|6|1|nan|3430,0,0.000743007,6,1,0,0,0,0,0,0.315694,0.315694
130_bNAb_Combinations|1314016|cc|7|1|nan|3430,0,0,7,1,0,0,0,0,0,0,0
130_bNAb_Combinations|1314016|cc|8|1|nan|3430,0,0.00187937,8,1,0,0,0,0,0,0.79852,0.79852
130_bNAb_Combinations|1314016|sample|10|nan|3430,0.0003648,0.774781,1,10,1,0.832356,0.795089,0.795407,0.795089,-0.124902,-0.123027
130_bNAb_Combinations|1314016|sample|10|nan|3430,0.001824,0.738134,2,10,1,0.857454,0.790573,0.791368,0.790573,-0.323992,-0.319468
130_bNAb_Combinations|1314016|sample|10|nan|3430,0.00912,0.636976,3,10,1,0.833517,0.750786,0.752005,0.750786,-0.736181,-0.72954
130_bNAb_Combinations|1314016|sample|10|nan|3430,0.0456,0.400415,4,10,1,0.55024,0.511718,0.512549,0.511718,-1.04557,-1.03947
130_bNAb_Combinations|1314016|sample|10|nan|3430,0.228,0.120367,5,10,1,0.132692,0.133609,0.133788,0.133609,-0.451363,-0.44589
130_bNAb_Combinations|1314016|sample|10|nan|3430,1.14,0.0218531,6,10,1,0.0174759,0.0234132,0.0234307,0.0234132,-0.220673,-0.218341
130_bNAb_Combinations|1314016|sample|10|nan|3430,5.7,0.0119318,7,10,1,0.0029274,0.00939019,0.00938645,0.00939019,0.595476,0.594494
130_bNAb_Combinations|1314016|sample|10|nan|3430,28.5,0.00895979,8,10,1,0.0013441,0.00785733,0.00784859,0.00785733,0.28062,0.278287
130_bNAb_Combinations|1314016|sample|11|nan|3430,0.0003712,1,1,11,1,0.832341,0.794317,0.794636,0.794317,1.24481,1.24723
130_bNAb_Combinations|1314016|sample|11|nan|3430,0.001856,0.764248,2,11,1,0.857308,0.783508,0.7843,0.783508,-0.12312,-0.118374
130_bNAb_Combinations|1314016|sample|11|nan|3430,0.00928,0.669886,3,11,1,0.808892,0.695219,0.695942,0.695219,-0.179967,-0.175155
130_bNAb_Combinations|1314016|sample|11|nan|3430,0.0464,0.36392,4,11,1,0.529868,0.339185,0.339526,0.339185,0.339582,0.344653
130_bNAb_Combinations|1314016|sample|11|nan|3430,0.2319999999999999,0.066521,5,11,1,0.126362,0.0595323,0.0595865,0.0595323,0.476659,0.480758
130_bNAb_Combinations|1314016|sample|11|nan|3430,1.16,0.00305944,6,11,1,0.0166157,0.00781324,0.00783192,0.00781324,-1.20627,-1.20272
130_bNAb_Combinations|1314016|sample|11|nan|3430,5.8,0.000437063,7,11,1,0.00288649,0.00183715,0.00185378,0.00183715,-0.518384,-0.512937
130_bNAb_Combinations|1314016|sample|11|nan|3430,29,0.00227273,8,11,1,0.00133985,0.00119142,0.00120731,0.00119142,0.409673,0.416306
130_bNAb_Combinations|1314016|sample|12|nan|3430,0.0003712,0.984091,1,12,1,0.832341,0.794317,0.794636,0.794317,1.14838,1.15076
130_bNAb_Combinations|1314016|sample|12|nan|3430,0.001856,0.80153,2,12,1,0.827002,0.783507,0.783827,0.783507,0.108766,0.110776
130_bNAb_Combinations|1314016|sample|12|nan|3430,0.00928,0.693553,3,12,1,0.780298,0.695218,0.695522,0.695218,-0.0136056,-0.0115121
130_bNAb_Combinations|1314016|sample|12|nan|3430,0.0464,0.359899,4,12,1,0.511137,0.339185,0.339321,0.339185,0.286628,0.288631
130_bNAb_Combinations|1314016|sample|12|nan|3430,0.2319999999999999,0.0557255,5,12,1,0.121895,0.0595322,0.0595506,0.0595322,-0.263061,-0.261862
130_bNAb_Combinations|1314016|sample|12|nan|3430,1.16,0.000305944,6,12,1,0.0160283,0.00781323,0.00782719,0.00781323,-1.90151,-1.89935
130_bNAb_Combinations|1314016|sample|12|nan|3430,5.8,0.00104895,7,12,1,0.00278446,0.00183714,0.00185266,0.00183714,-0.294106,-0.288764
130_bNAb_Combinations|1314016|sample|12|nan|3430,29,0.00161713,8,12,1,0.00133985,0.00119142,0.00120731,0.00119142,0.157584,0.163901
130_bNAb_Combinations|1314016|sample|3|nan|3430,0.000064,0.934375,1,3,1,0.83293,0.79248,0.792798,0.79248,0.860126,0.862401
130_bNAb_Combinations|1314016|sample|3|nan|3430,0.00032,0.84434,2,3,1,0.862966,0.767139,0.767918,0.767139,0.479112,0.484478
130_bNAb_Combinations|1314016|sample|3|nan|3430,0.0016,0.64458,3,3,1,0.883255,0.591275,0.592228,0.591275,0.423725,0.432118
130_bNAb_Combinations|1314016|sample|3|nan|3430,0.008,0.217177,4,3,1,0.842175,0.192333,0.192565,0.192333,0.589338,0.595552
130_bNAb_Combinations|1314016|sample|3|nan|3430,0.04,0.0300699,5,3,1,0.587391,0.0327601,0.0327339,0.0327601,-0.294274,-0.296994
130_bNAb_Combinations|1314016|sample|3|nan|3430,0.2,0.0116259,6,3,1,0.154381,0.0105085,0.0104544,0.0105085,0.260735,0.248071
130_bNAb_Combinations|1314016|sample|3|nan|3430,1,0.00983392,7,3,1,0.0200625,0.008047,0.00798579,0.008047,0.463436,0.446684
130_bNAb_Combinations|1314016|sample|3|nan|3430,5,0.00957168,8,3,1,0.00315371,0.00778232,0.00771647,0.00778232,0.471733,0.453434
130_bNAb_Combinations|1314016|sample|4|nan|3430,0.000064,0.986801,1,4,1,0.83293,0.79248,0.792798,0.79248,1.17863,1.18103
130_bNAb_Combinations|1314016|sample|4|nan|3430,0.00032,0.92017,2,4,1,0.862966,0.767139,0.767918,0.767139,0.954512,0.960354
130_bNAb_Combinations|1314016|sample|4|nan|3430,0.0016,0.701202,3,4,1,0.883255,0.591275,0.592228,0.591275,0.882001,0.891117
130_bNAb_Combinations|1314016|sample|4|nan|3430,0.008,0.233566,4,4,1,0.861499,0.192333,0.19268,0.192333,0.978475,0.988449
130_bNAb_Combinations|1314016|sample|4|nan|3430,0.04,0.0290647,5,4,1,0.600869,0.0327601,0.0327535,0.0327601,-0.407308,-0.407977
130_bNAb_Combinations|1314016|sample|4|nan|3430,0.2,0.0108392,6,4,1,0.154381,0.0105085,0.0104544,0.0105085,0.0856398,0.0734071
130_bNAb_Combinations|1314016|sample|4|nan|3430,1,0.0083042,7,4,1,0.0200625,0.008047,0.00798579,0.008047,0.0798425,0.0642921
130_bNAb_Combinations|1314016|sample|4|nan|3430,5,0.00472028,8,4,1,0.00315371,0.00778232,0.00771647,0.00778232,-0.761856,-0.775942
130_bNAb_Combinations|1314016|sample|5|nan|3430,0.0006144,0.749082,1,5,1,0.831688,0.728736,0.729042,0.728736,0.132232,0.134305
130_bNAb_Combinations|1314016|sample|5|nan|3430,0.003072,0.389576,2,5,1,0.851118,0.429993,0.430396,0.429993,-0.451372,-0.447327
130_bNAb_Combinations|1314016|sample|5|nan|3430,0.01536,0.0907343,3,5,1,0.782184,0.0945065,0.0945733,0.0945065,-0.17685,-0.17388
130_bNAb_Combinations|1314016|sample|5|nan|3430,0.0768,0.0207168,4,5,1,0.40108,0.0180601,0.0180254,0.0180601,0.445402,0.439145
130_bNAb_Combinations|1314016|sample|5|nan|3430,0.384,0.0156906,5,5,1,0.071886,0.00886831,0.00881785,0.00886831,1.65283,1.63663
130_bNAb_Combinations|1314016|sample|5|nan|3430,1.92,0.00690559,6,5,1,0.00919257,0.00787049,0.00781396,0.00787049,-0.229809,-0.243397
130_bNAb_Combinations|1314016|sample|5|nan|3430,9.6,0.00743007,7,5,1,0.00204336,0.00776341,0.00770221,0.00776341,-0.0692494,-0.0845534
130_bNAb_Combinations|1314016|sample|5|nan|3430,48,0.0101836,8,5,1,0.00125248,0.00775193,0.0076861,0.00775193,0.636048,0.617166
130_bNAb_Combinations|1314016|sample|6|nan|3430,0.0006144,0.677579,1,6,1,0.831688,0.728736,0.729042,0.728736,-0.339574,-0.337696
130_bNAb_Combinations|1314016|sample|6|nan|3430,0.003072,0.36038,2,6,1,0.851118,0.429993,0.430396,0.429993,-0.774212,-0.770461
130_bNAb_Combinations|1314016|sample|6|nan|3430,0.01536,0.088243,3,6,1,0.782184,0.0945065,0.0945733,0.0945065,-0.291612,-0.288714
130_bNAb_Combinations|1314016|sample|6|nan|3430,0.0768,0.0203234,4,6,1,0.40108,0.0180601,0.0180254,0.0180601,0.380304,0.374123
130_bNAb_Combinations|1314016|sample|6|nan|3430,0.384,0.0114948,5,6,1,0.071886,0.00886831,0.00881785,0.00886831,0.643773,0.630072
130_bNAb_Combinations|1314016|sample|6|nan|3430,1.92,0.00655594,6,6,1,0.00919257,0.00787049,0.00781396,0.00787049,-0.318268,-0.331597
130_bNAb_Combinations|1314016|sample|6|nan|3430,9.6,0.0083479,7,6,1,0.00204336,0.00776341,0.00770221,0.00776341,0.164306,0.14826
130_bNAb_Combinations|1314016|sample|6|nan|3430,48,0.00467657,8,6,1,0.00125248,0.00775193,0.0076861,0.00775193,-0.766459,-0.780545
130_bNAb_Combinations|1314016|sample|7|nan|3430,0.0000768,0.664773,1,7,1,0.832914,0.795572,0.79589,0.795572,-0.793527,-0.791917
130_bNAb_Combinations|1314016|sample|7|nan|3430,0.000384,0.829917,2,7,1,0.86281,0.79505,0.795847,0.79505,0.206205,0.211236
130_bNAb_Combinations|1314016|sample|7|nan|3430,0.00192,0.764467,3,7,1,0.881769,0.790203,0.791473,0.790203,-0.164343,-0.15686
130_bNAb_Combinations|1314016|sample|7|nan|3430,0.0096,0.770411,4,7,1,0.848771,0.747679,0.749343,0.747679,0.135305,0.146311
130_bNAb_Combinations|1314016|sample|7|nan|3430,0.048,0.49139,5,7,1,0.547503,0.498667,0.499774,0.498667,-0.0801302,-0.0696977
130_bNAb_Combinations|1314016|sample|7|nan|3430,0.24,0.156862,6,7,1,0.12492,0.126258,0.126425,0.126258,1.07829,1.08554
130_bNAb_Combinations|1314016|sample|7|nan|3430,1.2,0.0207168,7,7,1,0.0159197,0.0223519,0.0223546,0.0223519,-0.236387,-0.236012
130_bNAb_Combinations|1314016|sample|7|nan|3430,6,0.00895979,8,7,1,0.00271022,0.00927243,0.00926308,0.00927243,-0.0713738,-0.0735421
130_bNAb_Combinations|1314016|sample|8|nan|3430,0.0000768,0.754545,1,8,1,0.832914,0.795572,0.79589,0.795572,-0.250217,-0.248394
130_bNAb_Combinations|1314016|sample|8|nan|3430,0.000384,0.798864,2,8,1,0.86281,0.79505,0.795847,0.79505,0.0182582,0.0231039
130_bNAb_Combinations|1314016|sample|8|nan|3430,0.00192,0.800874,3,8,1,0.881769,0.790203,0.791473,0.790203,0.0572088,0.0650419
130_bNAb_Combinations|1314016|sample|8|nan|3430,0.0096,0.751836,4,8,1,0.848771,0.747679,0.749343,0.747679,0.0160099,0.0267545
130_bNAb_Combinations|1314016|sample|8|nan|3430,0.048,0.501442,5,8,1,0.547503,0.498667,0.499774,0.498667,0.0159434,0.0265845
130_bNAb_Combinations|1314016|sample|8|nan|3430,0.24,0.11875,6,8,1,0.12492,0.126258,0.126425,0.126258,-0.271918,-0.266312
130_bNAb_Combinations|1314016|sample|8|nan|3430,1.2,0.0323427,7,8,1,0.0159197,0.0223519,0.0223546,0.0223519,1.4416,1.44211
130_bNAb_Combinations|1314016|sample|8|nan|3430,6,0.010271,8,8,1,0.00271022,0.00927243,0.00926308,0.00927243,0.237195,0.234887
130_bNAb_Combinations|1314016|sample|9|nan|3430,0.0003648,0.854218,1,9,1,0.832356,0.795089,0.795407,0.795089,0.356138,0.358203
130_bNAb_Combinations|1314016|sample|9|nan|3430,0.001824,0.730004,2,9,1,0.857454,0.790573,0.791368,0.790573,-0.373469,-0.368993
130_bNAb_Combinations|1314016|sample|9|nan|3430,0.00912,0.572749,3,9,1,0.833517,0.750786,0.752005,0.750786,-1.14722,-1.14124
130_bNAb_Combinations|1314016|sample|9|nan|3430,0.0456,0.403955,4,9,1,0.562866,0.511719,0.512857,0.511719,-1.01483,-1.00641
130_bNAb_Combinations|1314016|sample|9|nan|3430,0.228,0.124956,5,9,1,0.135737,0.133609,0.133868,0.133609,-0.299554,-0.291361
130_bNAb_Combinations|1314016|sample|9|nan|3430,1.14,0.0266608,6,9,1,0.0174759,0.0234132,0.0234307,0.0234132,0.451856,0.454524
130_bNAb_Combinations|1314016|sample|9|nan|3430,5.7,0.0117133,7,9,1,0.0029274,0.00939019,0.00938645,0.00939019,0.544352,0.543379
130_bNAb_Combinations|1314016|sample|9|nan|3430,28.5,0.00231643,8,9,1,0.0013441,0.00785733,0.00784859,0.00785733,-1.39708,-1.39866
130_bNAb_Combinations|1314016|vc|1|2|nan|3430,0,0.961123,1,2,1,0.832986,0.795635,0.795952,0.795635,0.999546,1.00186
130_bNAb_Combinations|1314016|vc|2|2|nan|3430,0,0.986976,2,2,1,0.863511,0.795636,0.796433,0.795636,1.1524,1.15836
130_bNAb_Combinations|1314016|vc|3|2|nan|3430,0,0.934987,3,2,1,0.863511,0.795636,0.796433,0.795636,0.837974,0.843625
130_bNAb_Combinations|1314016|vc|4|2|nan|3430,0,0.886582,4,2,1,0.863511,0.795636,0.796433,0.795636,0.545222,0.550585
130_bNAb_Combinations|1314016|vc|5|2|nan|3430,0,0.904633,5,2,1,0.863511,0.795636,0.796433,0.795636,0.654393,0.659863
130_bNAb_Combinations|1314016|vc|6|2|nan|3430,0,0.928955,6,2,1,0.863511,0.795636,0.796433,0.795636,0.801495,0.807111
130_bNAb_Combinations|1314016|vc|7|2|nan|3430,0,0.883566,7,2,1,0.863511,0.795636,0.796433,0.795636,0.526983,0.532328
130_bNAb_Combinations|1314016|vc|8|2|nan|3430,0,0.902404,8,2,1,0.832986,0.795635,0.795952,0.795635,0.644201,0.646375
130_bNAb_Combinations|1314040|cc|1|1|nan|4166,0,0.000767291,1,1,0,0,0,0,0,0.326012,0.326012
130_bNAb_Combinations|1314040|cc|2|1|nan|4166,0,0.000630275,2,1,0,0,0,0,0,0.267795,0.267795
130_bNAb_Combinations|1314040|cc|3|1|nan|4166,0,0,3,1,0,0,0,0,0,0,0
130_bNAb_Combinations|1314040|cc|4|1|nan|4166,0,0.00104132,4,1,0,0,0,0,0,0.442445,0.442445
130_bNAb_Combinations|1314040|cc|5|1|nan|4166,0,0.00117834,5,1,0,0,0,0,0,0.500661,0.500661
130_bNAb_Combinations|1314040|cc|6|1|nan|4166,0,0.00202784,6,1,0,0,0,0,0,0.861603,0.861603
130_bNAb_Combinations|1314040|cc|7|1|nan|4166,0,0.001699,7,1,0,0,0,0,0,0.721884,0.721884
130_bNAb_Combinations|1314040|cc|8|1|nan|4166,0,0.00219226,8,1,0,0,0,0,0,0.931463,0.931463
130_bNAb_Combinations|1314040|sample|10|nan|4166,0.0003648,0.809588,1,10,1,0.832356,0.824085,0.823973,0.824085,-0.084133,-0.0847732
130_bNAb_Combinations|1314040|sample|10|nan|4166,0.001824,0.790529,2,10,1,0.857454,0.784449,0.784398,0.784449,0.0376456,0.0373254
130_bNAb_Combinations|1314040|sample|10|nan|4166,0.00912,0.456991,3,10,1,0.833517,0.458089,0.458068,0.458089,-0.0112152,-0.0114255
130_bNAb_Combinations|1314040|sample|10|nan|4166,0.0456,0.0730023,4,10,1,0.55024,0.091852,0.091836,0.091852,-0.890572,-0.89119
130_bNAb_Combinations|1314040|sample|10|nan|4166,0.228,0.0016442,5,10,1,0.132692,0.0119267,0.0119363,0.0119267,-2.14582,-2.14469
130_bNAb_Combinations|1314040|sample|10|nan|4166,1.14,0.00145237,6,10,1,0.0174759,0.00240091,0.00241696,0.00240091,-0.338664,-0.333416
130_bNAb_Combinations|1314040|sample|10|nan|4166,5.7,0.000876905,7,10,1,0.0029274,0.00132952,0.00134607,0.00132952,-0.178456,-0.172382
130_bNAb_Combinations|1314040|sample|10|nan|4166,28.5,0.00142497,8,10,1,0.0013441,0.00117861,0.00119467,0.00117861,0.0886434,0.0949438
130_bNAb_Combinations|1314040|sample|11|nan|4166,0.0003712,0.722789,1,11,1,0.832341,0.828523,0.828409,0.828523,-0.61447,-0.615053
130_bNAb_Combinations|1314040|sample|11|nan|4166,0.001856,0.682835,2,11,1,0.857308,0.822186,0.822123,0.822186,-0.816455,-0.816763
130_bNAb_Combinations|1314040|sample|11|nan|4166,0.00928,0.694111,3,11,1,0.808892,0.587904,0.587873,0.587904,0.866107,0.8658
130_bNAb_Combinations|1314040|sample|11|nan|4166,0.0464,0.1565,4,11,1,0.529868,0.161366,0.161336,0.161366,-0.136727,-0.137547
130_bNAb_Combinations|1314040|sample|11|nan|4166,0.2319999999999999,0.0120848,5,11,1,0.126362,0.0217814,0.021785,0.0217814,-1.42401,-1.42363
130_bNAb_Combinations|1314040|sample|11|nan|4166,1.16,0.000876905,6,11,1,0.0166157,0.00346122,0.00347576,0.00346122,-0.847946,-0.844021
130_bNAb_Combinations|1314040|sample|11|nan|4166,5.8,0.000959114,7,11,1,0.00288649,0.00145078,0.00146719,0.00145078,-0.19145,-0.185502
130_bNAb_Combinations|1314040|sample|11|nan|4166,6,0.00120574,8,11,1,0.00271022,0.00138877,0.00140455,0.00138877,-0.0752783,-0.0693882
130_bNAb_Combinations|1314040|sample|12|nan|4166,0.0003712,0.634577,1,12,1,0.832341,0.828523,0.828409,0.828523,-1.12766,-1.12817
130_bNAb_Combinations|1314040|sample|12|nan|4166,0.001856,0.570344,2,12,1,0.827002,0.793122,0.793026,0.793122,-1.35248,-1.3529
130_bNAb_Combinations|1314040|sample|12|nan|4166,0.00928,0.44666,3,12,1,0.780298,0.567122,0.567066,0.567122,-1.01691,-1.01729
130_bNAb_Combinations|1314040|sample|12|nan|4166,0.0464,0.130275,4,12,1,0.511137,0.155662,0.155626,0.155662,-0.741203,-0.742086
130_bNAb_Combinations|1314040|sample|12|nan|4166,0.2319999999999999,0.00937192,5,12,1,0.121895,0.0210115,0.021014,0.0210115,-1.74961,-1.74937
130_bNAb_Combinations|1314040|sample|12|nan|4166,1.16,0.000685082,6,12,1,0.0160283,0.00333887,0.00335275,0.00333887,-0.877604,-0.873856
130_bNAb_Combinations|1314040|sample|12|nan|4166,5.8,0.000959114,7,12,1,0.00278446,0.0013995,0.00141526,0.0013995,-0.172574,-0.166813
130_bNAb_Combinations|1314040|sample|12|nan|4166,29,0.00142497,8,12,1,0.00133985,0.00119115,0.00120719,0.00119115,0.0837414,0.0900217
130_bNAb_Combinations|1314040|sample|3|nan|4166,0.000064,0.931259,1,3,1,0.83293,0.832107,0.831989,0.832107,0.575073,0.574312
130_bNAb_Combinations|1314040|sample|3|nan|4166,0.00032,0.9236,2,3,1,0.862966,0.855084,0.855005,0.855084,0.386815,0.386339
130_bNAb_Combinations|1314040|sample|3|nan|4166,0.0016,0.710882,3,3,1,0.883255,0.813633,0.813603,0.813633,-0.60833,-0.608482
130_bNAb_Combinations|1314040|sample|3|nan|4166,0.008,0.333703,4,3,1,0.842175,0.478351,0.478332,0.478351,-1.44276,-1.44289
130_bNAb_Combinations|1314040|sample|3|nan|4166,0.04,0.08358,5,3,1,0.587391,0.0995825,0.0995651,0.0995825,-0.703271,-0.703927
130_bNAb_Combinations|1314040|sample|3|nan|4166,0.2,0.0126329,6,3,1,0.154381,0.0129382,0.0129473,0.0129382,-0.0628328,-0.0610404
130_bNAb_Combinations|1314040|sample|3|nan|4166,1,0.0107147,7,3,1,0.0200625,0.00244126,0.00245668,0.00244126,2.89112,2.89972
130_bNAb_Combinations|1314040|sample|3|nan|4166,5,0.00452154,8,3,1,0.00315371,0.00129369,0.00130958,0.00129369,1.2252,1.23279
130_bNAb_Combinations|1314040|sample|4|nan|4166,0.000064,0.849679,1,4,1,0.83293,0.832107,0.831989,0.832107,0.10248,0.101784
130_bNAb_Combinations|1314040|sample|4|nan|4166,0.00032,0.922147,2,4,1,0.862966,0.855084,0.855005,0.855084,0.378625,0.37815
130_bNAb_Combinations|1314040|sample|4|nan|4166,0.0016,0.857325,3,4,1,0.883255,0.813633,0.813603,0.813633,0.258925,0.258742
130_bNAb_Combinations|1314040|sample|4|nan|4166,0.008,0.429779,4,4,1,0.861499,0.489327,0.489319,0.489327,-0.580915,-0.580989
130_bNAb_Combinations|1314040|sample|4|nan|4166,0.04,0.0907322,5,4,1,0.600869,0.101867,0.101852,0.101867,-0.479348,-0.479952
130_bNAb_Combinations|1314040|sample|4|nan|4166,0.2,0.0240601,6,4,1,0.154381,0.0129382,0.0129473,0.0129382,2.22112,2.22376
130_bNAb_Combinations|1314040|sample|4|nan|4166,1,0.0110435,7,4,1,0.0200625,0.00244126,0.00245668,0.00244126,3.00625,3.01498
130_bNAb_Combinations|1314040|sample|4|nan|4166,5,0.00460375,8,4,1,0.00315371,0.00129369,0.00130958,0.00129369,1.25656,1.26419
130_bNAb_Combinations|1314040|sample|5|nan|4166,0.0006144,0.779376,1,5,1,0.831688,0.813171,0.813066,0.813171,-0.199644,-0.200241
130_bNAb_Combinations|1314040|sample|5|nan|4166,0.003072,0.614409,2,5,1,0.851118,0.70356,0.703522,0.70356,-0.60899,-0.609219
130_bNAb_Combinations|1314040|sample|5|nan|4166,0.01536,0.200195,3,5,1,0.782184,0.285119,0.28509,0.285119,-1.39867,-1.399
130_bNAb_Combinations|1314040|sample|5|nan|4166,0.0768,0.0378713,4,5,1,0.40108,0.0448317,0.0448288,0.0448317,-0.603537,-0.603759
130_bNAb_Combinations|1314040|sample|5|nan|4166,0.384,0.0177847,5,5,1,0.071886,0.00614873,0.00616245,0.00614873,3.21526,3.22156
130_bNAb_Combinations|1314040|sample|5|nan|4166,1.92,0.0106325,6,5,1,0.00919257,0.00175705,0.0017737,0.00175705,3.26103,3.27126
130_bNAb_Combinations|1314040|sample|5|nan|4166,9.6,0.00548065,7,5,1,0.00204336,0.00126235,0.00127899,0.00126235,1.60656,1.61503
130_bNAb_Combinations|1314040|sample|5|nan|4166,48,0.00260331,8,5,1,0.00125248,0.00117167,0.00118774,0.00117167,0.545156,0.552043
130_bNAb_Combinations|1314040|sample|6|nan|4166,0.0006144,0.836677,1,6,1,0.831688,0.813171,0.813066,0.813171,0.139916,0.139276
130_bNAb_Combinations|1314040|sample|6|nan|4166,0.003072,0.59672,2,6,1,0.851118,0.70356,0.703522,0.70356,-0.729873,-0.730096
130_bNAb_Combinations|1314040|sample|6|nan|4166,0.01536,0.231763,3,6,1,0.782184,0.285119,0.28509,0.285119,-0.878573,-0.878954
130_bNAb_Combinations|1314040|sample|6|nan|4166,0.0768,0.0379261,4,6,1,0.40108,0.0448317,0.0448288,0.0448317,-0.598783,-0.599004
130_bNAb_Combinations|1314040|sample|6|nan|4166,0.384,0.0173463,5,6,1,0.071886,0.00614873,0.00616245,0.00614873,3.09397,3.10017
130_bNAb_Combinations|1314040|sample|6|nan|4166,1.92,0.00800175,6,6,1,0.00919257,0.00175705,0.0017737,0.00175705,2.29263,2.30164
130_bNAb_Combinations|1314040|sample|6|nan|4166,9.6,0.00649457,7,6,1,0.00204336,0.00126235,0.00127899,0.00126235,1.99425,2.00322
130_bNAb_Combinations|1314040|sample|6|nan|4166,48,0.00227447,8,6,1,0.00125248,0.00117167,0.00118774,0.00117167,0.418516,0.425243
130_bNAb_Combinations|1314040|sample|7|nan|4166,0.0000768,0.895881,1,7,1,0.832914,0.831952,0.831834,0.831952,0.371095,0.370364
130_bNAb_Combinations|1314040|sample|7|nan|4166,0.000384,1,2,7,1,0.86281,0.853611,0.853533,0.853611,0.827355,0.826845
130_bNAb_Combinations|1314040|sample|7|nan|4166,0.00192,0.885057,3,7,1,0.881769,0.801697,0.80167,0.801697,0.501076,0.500898
130_bNAb_Combinations|1314040|sample|7|nan|4166,0.0096,0.541804,4,7,1,0.848771,0.452453,0.452442,0.452453,0.941188,0.941043
130_bNAb_Combinations|1314040|sample|7|nan|4166,0.048,0.108462,5,7,1,0.547503,0.0882012,0.088188,0.0882012,0.993767,0.992986
130_bNAb_Combinations|1314040|sample|7|nan|4166,0.24,0.00367204,6,7,1,0.12492,0.0112009,0.0112109,0.0112009,-1.622,-1.62056
130_bNAb_Combinations|1314040|sample|7|nan|4166,1.2,0.00134276,7,7,1,0.0159197,0.00225632,0.00227191,0.00225632,-0.329661,-0.324497
130_bNAb_Combinations|1314040|sample|7|nan|4166,6,0.00120574,8,7,1,0.00271022,0.00127453,0.00129045,0.00127453,-0.0323587,-0.0263089
130_bNAb_Combinations|1314040|sample|8|nan|4166,0.0000768,0.844966,1,8,1,0.832914,0.831952,0.831834,0.831952,0.076087,0.0753962
130_bNAb_Combinations|1314040|sample|8|nan|4166,0.000384,0.936,2,8,1,0.86281,0.853611,0.853533,0.853611,0.465832,0.465354
130_bNAb_Combinations|1314040|sample|8|nan|4166,0.00192,0.95599,3,8,1,0.881769,0.801697,0.80167,0.801697,0.927317,0.927125
130_bNAb_Combinations|1314040|sample|8|nan|4166,0.0096,0.549326,4,8,1,0.848771,0.452453,0.452442,0.452453,1.02041,1.02027
130_bNAb_Combinations|1314040|sample|8|nan|4166,0.048,0.117697,5,8,1,0.547503,0.0882012,0.088188,0.0882012,1.44643,1.44559
130_bNAb_Combinations|1314040|sample|8|nan|4166,0.24,0.00523402,6,8,1,0.12492,0.0112009,0.0112109,0.0112009,-1.28594,-1.28435
130_bNAb_Combinations|1314040|sample|8|nan|4166,1.2,0.00183602,7,8,1,0.0159197,0.00225632,0.00227191,0.00225632,-0.154654,-0.149292
130_bNAb_Combinations|1314040|sample|8|nan|4166,29,0.00120574,8,8,1,0.00133985,0.00117831,0.00119437,0.00117831,0.00437706,0.0105711
130_bNAb_Combinations|1314040|sample|9|nan|4166,0.0003648,0.860586,1,9,1,0.832356,0.824085,0.823973,0.824085,0.214132,0.213452
130_bNAb_Combinations|1314040|sample|9|nan|4166,0.001824,0.800655,2,9,1,0.857454,0.784449,0.784398,0.784449,0.0998106,0.0994863
130_bNAb_Combinations|1314040|sample|9|nan|4166,0.00912,0.529856,3,9,1,0.833517,0.458089,0.458068,0.458089,0.747027,0.746784
130_bNAb_Combinations|1314040|sample|9|nan|4166,0.0456,0.113285,4,9,1,0.562866,0.0939596,0.0939454,0.0939596,0.896204,0.895423
130_bNAb_Combinations|1314040|sample|9|nan|4166,0.228,0.00408309,5,9,1,0.135737,0.0122003,0.0122105,0.0122003,-1.6749,-1.67353
130_bNAb_Combinations|1314040|sample|9|nan|4166,1.14,0.000959114,6,9,1,0.0174759,0.00240091,0.00241696,0.00240091,-0.511847,-0.506798
130_bNAb_Combinations|1314040|sample|9|nan|4166,5.7,0.00134276,7,9,1,0.0029274,0.00132952,0.00134607,0.00132952,-0.00126029,0.00504288
130_bNAb_Combinations|1314040|sample|9|nan|4166,28.5,0.00109613,8,9,1,0.0013441,0.00117861,0.00119467,0.00117861,-0.0379277,-0.0317876
130_bNAb_Combinations|1314040|vc|1|2|nan|4166,0,0.872575,1,2,1,0.832986,0.832986,0.832867,0.832986,0.22979,0.229072
130_bNAb_Combinations|1314040|vc|2|2|nan|4166,0,0.811123,2,2,1,0.863511,0.86351,0.863426,0.86351,-0.292105,-0.29255
130_bNAb_Combinations|1314040|vc|3|2|nan|4166,0,0.8264,3,2,1,0.863511,0.86351,0.863426,0.86351,-0.206783,-0.207236
130_bNAb_Combinations|1314040|vc|4|2|nan|4166,0,0.88503,4,2,1,0.863511,0.86351,0.863426,0.86351,0.120656,0.120171
130_bNAb_Combinations|1314040|vc|5|2|nan|4166,0,0.762811,5,2,1,0.863511,0.86351,0.863426,0.86351,-0.561922,-0.562341
130_bNAb_Combinations|1314040|vc|6|2|nan|4166,0,0.755714,6,2,1,0.863511,0.86351,0.863426,0.86351,-0.601561,-0.601976
130_bNAb_Combinations|1314040|vc|7|2|nan|4166,0,0.742903,7,2,1,0.863511,0.86351,0.863426,0.86351,-0.673109,-0.673517
130_bNAb_Combinations|1314040|vc|8|2|nan|4166,0,0.592911,8,2,1,0.832986,0.832986,0.832867,0.832986,-1.38863,-1.38912
130_bNAb_Combinations|1314058|cc|1|1|nan|2944,0,0.00196858,1,1,0,0,0,0,0,0.836425,0.836425
130_bNAb_Combinations|1314058|cc|2|1|nan|2944,0,0.000401752,2,1,0,0,0,0,0,0.170699,0.170699
130_bNAb_Combinations|1314058|cc|3|1|nan|2944,0,0.00192841,3,1,0,0,0,0,0,0.819355,0.819355
130_bNAb_Combinations|1314058|cc|4|1|nan|2944,0,0.00156683,4,1,0,0,0,0,0,0.665726,0.665726
130_bNAb_Combinations|1314058|cc|5|1|nan|2944,0,0.00192841,5,1,0,0,0,0,0,0.819355,0.819355
130_bNAb_Combinations|1314058|cc|6|1|nan|2944,0,0.00273191,6,1,0,0,0,0,0,1.16075,1.16075
130_bNAb_Combinations|1314058|cc|7|1|nan|2944,0,0.00228998,7,1,0,0,0,0,0,0.972984,0.972984
130_bNAb_Combinations|1314058|cc|8|1|nan|2944,0,0,8,1,0,0,0,0,0,0,0
130_bNAb_Combinations|1314058|sample|10|nan|2944,0.0003648,0.569001,1,10,1,0.832356,0.686907,0.686858,0.686907,-0.824641,-0.824923
130_bNAb_Combinations|1314058|sample|10|nan|2944,0.001824,0.774678,2,10,1,0.857454,0.788173,0.78804,0.788173,-0.0816658,-0.0824635
130_bNAb_Combinations|1314058|sample|10|nan|2944,0.00912,0.604516,3,10,1,0.833517,0.522372,0.522305,0.522372,0.752546,0.751835
130_bNAb_Combinations|1314058|sample|10|nan|2944,0.0456,0.103933,4,10,1,0.55024,0.113086,0.113056,0.113086,-0.357874,-0.35897
130_bNAb_Combinations|1314058|sample|10|nan|2944,0.228,0.00494155,5,10,1,0.132692,0.0147215,0.014729,0.0147215,-1.82334,-1.82246
130_bNAb_Combinations|1314058|sample|10|nan|2944,1.14,0.00176771,6,10,1,0.0174759,0.00275966,0.00277599,0.00275966,-0.345104,-0.339902
130_bNAb_Combinations|1314058|sample|10|nan|2944,5.7,0.00212928,7,10,1,0.0029274,0.00133938,0.00135559,0.00133938,0.294068,0.300609
130_bNAb_Combinations|1314058|sample|10|nan|2944,28.5,0.00152666,8,10,1,0.0013441,0.000982753,0.000996175,0.000982753,0.207427,0.212904
130_bNAb_Combinations|1314058|sample|11|nan|2944,0.0003712,0.654956,1,11,1,0.832341,0.692572,0.692519,0.692572,-0.260718,-0.261065
130_bNAb_Combinations|1314058|sample|11|nan|2944,0.001856,0.910209,2,11,1,0.857308,0.848465,0.848302,0.848465,0.351825,0.35083
130_bNAb_Combinations|1314058|sample|11|nan|2944,0.00928,0.826323,3,11,1,0.808892,0.802998,0.802859,0.802998,0.140786,0.139931
130_bNAb_Combinations|1314058|sample|11|nan|2944,0.0464,0.531096,4,11,1,0.529868,0.53544,0.535355,0.53544,-0.0380586,-0.0388101
130_bNAb_Combinations|1314058|sample|11|nan|2944,0.2319999999999999,0.155357,5,11,1,0.126362,0.131048,0.131009,0.131048,0.834874,0.833312
130_bNAb_Combinations|1314058|sample|11|nan|2944,1.16,0.00719135,6,11,1,0.0166157,0.017298,0.017302,0.017298,-1.71529,-1.71485
130_bNAb_Combinations|1314058|sample|11|nan|2944,5.8,0.000964204,7,11,1,0.00288649,0.00295088,0.00296536,0.00295088,-0.675969,-0.671748
130_bNAb_Combinations|1314058|sample|11|nan|2944,29,0.00116508,8,11,1,0.00133985,0.00112313,0.00113637,0.00112313,0.0111,0.0162379
130_bNAb_Combinations|1314058|sample|12|nan|2944,0.0003712,0.691174,1,12,1,0.832341,0.692572,0.692519,0.692572,-0.00934169,-0.00970681
130_bNAb_Combinations|1314058|sample|12|nan|2944,0.001856,0.787493,2,12,1,0.827002,0.68837,0.68832,0.68837,0.692458,0.692063
130_bNAb_Combinations|1314058|sample|12|nan|2944,0.00928,0.705837,3,12,1,0.780298,0.651482,0.651448,0.651482,0.400885,0.400615
130_bNAb_Combinations|1314058|sample|12|nan|2944,0.0464,0.438512,4,12,1,0.511137,0.434409,0.434392,0.434409,0.0451449,0.0449643
130_bNAb_Combinations|1314058|sample|12|nan|2944,0.2319999999999999,0.141899,5,12,1,0.121895,0.10632,0.106302,0.10632,1.47655,1.47553
130_bNAb_Combinations|1314058|sample|12|nan|2944,1.16,0.0106062,6,12,1,0.0160283,0.0140341,0.014039,0.0140341,-0.65678,-0.655967
130_bNAb_Combinations|1314058|sample|12|nan|2944,5.8,0.000763328,7,12,1,0.00278446,0.00239408,0.00240613,0.00239408,-0.577234,-0.573499
130_bNAb_Combinations|1314058|sample|12|nan|2944,29,0.000682978,8,12,1,0.00133985,0.00112313,0.00113637,0.00112313,-0.175318,-0.170376
130_bNAb_Combinations|1314058|sample|3|nan|2944,0.000064,0.7568,1,3,1,0.83293,0.684312,0.684265,0.684312,0.509414,0.50905
130_bNAb_Combinations|1314058|sample|3|nan|2944,0.00032,0.711502,2,3,1,0.862966,0.763039,0.762915,0.763039,-0.324404,-0.325135
130_bNAb_Combinations|1314058|sample|3|nan|2944,0.0016,0.556567,3,3,1,0.883255,0.440248,0.440183,0.440248,1.25905,1.25818
130_bNAb_Combinations|1314058|sample|3|nan|2944,0.008,0.0999156,4,3,1,0.842175,0.0826243,0.0826027,0.0826243,0.898988,0.897661
130_bNAb_Combinations|1314058|sample|3|nan|2944,0.04,0.00779398,5,3,1,0.587391,0.0107551,0.0107652,0.0107551,-0.652051,-0.650129
130_bNAb_Combinations|1314058|sample|3|nan|2944,0.2,0.0069503,6,3,1,0.154381,0.00232515,0.00234192,0.00232515,1.62677,1.63467
130_bNAb_Combinations|1314058|sample|3|nan|2944,1,0.00361576,7,3,1,0.0200625,0.00129655,0.00131282,0.00129655,0.878237,0.885566
130_bNAb_Combinations|1314058|sample|3|nan|2944,5,0.00610662,8,3,1,0.00315371,0.000979027,0.000992455,0.000979027,2.00032,2.00773
130_bNAb_Combinations|1314058|sample|4|nan|2944,0.000064,0.636756,1,4,1,0.83293,0.684312,0.684265,0.684312,-0.333653,-0.33396
130_bNAb_Combinations|1314058|sample|4|nan|2944,0.00032,0.746153,2,4,1,0.862966,0.763039,0.762915,0.763039,-0.105764,-0.106531
130_bNAb_Combinations|1314058|sample|4|nan|2944,0.0016,0.537845,3,4,1,0.883255,0.440248,0.440183,0.440248,1.05652,1.05567
130_bNAb_Combinations|1314058|sample|4|nan|2944,0.008,0.0750874,4,4,1,0.861499,0.08585,0.0858321,0.08585,-0.539418,-0.540217
130_bNAb_Combinations|1314058|sample|4|nan|2944,0.04,0.0161906,5,4,1,0.600869,0.011175,0.011186,0.011175,1.07792,1.08083
130_bNAb_Combinations|1314058|sample|4|nan|2944,0.2,0.00445944,6,4,1,0.154381,0.00232515,0.00234192,0.00232515,0.747492,0.754323
130_bNAb_Combinations|1314058|sample|4|nan|2944,1,0.0061468,7,4,1,0.0200625,0.00129655,0.00131282,0.00129655,1.84346,1.85201
130_bNAb_Combinations|1314058|sample|4|nan|2944,5,0.00337471,8,4,1,0.00315371,0.000979027,0.000992455,0.000979027,0.93178,0.93804
130_bNAb_Combinations|1314058|sample|5|nan|2944,0.0006144,0.421638,1,5,1,0.831688,0.534966,0.53495,0.534966,-1.01323,-1.01335
130_bNAb_Combinations|1314058|sample|5|nan|2944,0.003072,0.241091,2,5,1,0.851118,0.227876,0.227818,0.227876,0.270999,0.269769
130_bNAb_Combinations|1314058|sample|5|nan|2944,0.01536,0.0357559,3,5,1,0.782184,0.0359999,0.035996,0.0359999,-0.0247011,-0.025096
130_bNAb_Combinations|1314058|sample|5|nan|2944,0.0768,0.0111687,4,5,1,0.40108,0.00535008,0.00536516,0.00535008,1.68143,1.6873
130_bNAb_Combinations|1314058|sample|5|nan|2944,0.384,0.00397734,5,5,1,0.071886,0.00178374,0.00180192,0.00178374,0.7991,0.806884
130_bNAb_Combinations|1314058|sample|5|nan|2944,1.92,0.0050219,6,5,1,0.00919257,0.00134742,0.0013653,0.00134742,1.38877,1.3975
130_bNAb_Combinations|1314058|sample|5|nan|2944,9.6,0.00289261,7,5,1,0.00204336,0.0012003,0.00121671,0.0012003,0.64394,0.651087
130_bNAb_Combinations|1314058|sample|5|nan|2944,48,0.00337471,8,5,1,0.00125248,0.000970659,0.000984101,0.000970659,0.935673,0.941948
130_bNAb_Combinations|1314058|sample|6|nan|2944,0.0006144,0.459122,1,6,1,0.831688,0.534966,0.53495,0.534966,-0.678054,-0.678183
130_bNAb_Combinations|1314058|sample|6|nan|2944,0.003072,0.181552,2,6,1,0.851118,0.227876,0.227818,0.227876,-0.94467,-0.94561
130_bNAb_Combinations|1314058|sample|6|nan|2944,0.01536,0.0224981,3,6,1,0.782184,0.0359999,0.035996,0.0359999,-1.38865,-1.38893
130_bNAb_Combinations|1314058|sample|6|nan|2944,0.0768,0.00879836,4,6,1,0.40108,0.00535008,0.00536516,0.00535008,0.994682,0.999945
130_bNAb_Combinations|1314058|sample|6|nan|2944,0.384,0.00377647,5,6,1,0.071886,0.00178374,0.00180192,0.00178374,0.725312,0.732995
130_bNAb_Combinations|1314058|sample|6|nan|2944,1.92,0.00425857,6,6,1,0.00919257,0.00134742,0.0013653,0.00134742,1.09886,1.10718
130_bNAb_Combinations|1314058|sample|6|nan|2944,9.6,0.00349524,7,6,1,0.00204336,0.0012003,0.00121671,0.0012003,0.87549,0.882937
130_bNAb_Combinations|1314058|sample|6|nan|2944,48,0.00317384,8,6,1,0.00125248,0.000970659,0.000984101,0.000970659,0.857051,0.863242
130_bNAb_Combinations|1314058|sample|7|nan|2944,0.0000768,0.772267,1,7,1,0.832914,0.692364,0.692312,0.692364,0.555109,0.554703
130_bNAb_Combinations|1314058|sample|7|nan|2944,0.000384,0.792997,2,7,1,0.86281,0.846106,0.845944,0.846106,-0.30173,-0.302594
130_bNAb_Combinations|1314058|sample|7|nan|2944,0.00192,0.847113,3,7,1,0.881769,0.853913,0.853803,0.853913,-0.0377735,-0.038391
130_bNAb_Combinations|1314058|sample|7|nan|2944,0.0096,0.388996,4,7,1,0.848771,0.525765,0.525724,0.525765,-1.24362,-1.2439
130_bNAb_Combinations|1314058|sample|7|nan|2944,0.048,0.102889,5,7,1,0.547503,0.110422,0.110398,0.110422,-0.301019,-0.301909
130_bNAb_Combinations|1314058|sample|7|nan|2944,0.24,0.00903941,6,7,1,0.12492,0.0138119,0.01382,0.0138119,-0.922571,-0.921303
130_bNAb_Combinations|1314058|sample|7|nan|2944,1.2,0.00305331,7,7,1,0.0159197,0.00244103,0.00245601,0.00244103,0.209124,0.214601
130_bNAb_Combinations|1314058|sample|7|nan|2944,6,0.00325419,8,7,1,0.00271022,0.00107866,0.00109196,0.00107866,0.839037,0.845089
130_bNAb_Combinations|1314058|sample|8|nan|2944,0.0000768,0.84412,1,8,1,0.832914,0.692364,0.692312,0.692364,1.05397,1.05352
130_bNAb_Combinations|1314058|sample|8|nan|2944,0.000384,0.940119,2,8,1,0.86281,0.846106,0.845944,0.846106,0.53668,0.535658
130_bNAb_Combinations|1314058|sample|8|nan|2944,0.00192,0.824917,3,8,1,0.881769,0.853913,0.853803,0.853913,-0.163119,-0.16372
130_bNAb_Combinations|1314058|sample|8|nan|2944,0.0096,0.591097,4,8,1,0.848771,0.525765,0.525724,0.525765,0.594606,0.594184
130_bNAb_Combinations|1314058|sample|8|nan|2944,0.048,0.135872,5,8,1,0.547503,0.110422,0.110398,0.110422,1.02116,1.02001
130_bNAb_Combinations|1314058|sample|8|nan|2944,0.24,0.00361576,6,8,1,0.12492,0.0138119,0.01382,0.0138119,-1.96923,-1.9683
130_bNAb_Combinations|1314058|sample|8|nan|2944,1.2,0.00329436,7,8,1,0.0159197,0.00244103,0.00245601,0.00244103,0.29352,0.299088
130_bNAb_Combinations|1314058|sample|8|nan|2944,6,0.00289261,8,8,1,0.00271022,0.00107866,0.00109196,0.00107866,0.69873,0.704633
130_bNAb_Combinations|1314058|sample|9|nan|2944,0.0003648,0.631373,1,9,1,0.832356,0.686907,0.686858,0.686907,-0.388229,-0.388541
130_bNAb_Combinations|1314058|sample|9|nan|2944,0.001824,0.855028,2,9,1,0.857454,0.788173,0.78804,0.788173,0.409393,0.408514
130_bNAb_Combinations|1314058|sample|9|nan|2944,0.00912,0.528323,3,9,1,0.833517,0.522372,0.522305,0.522372,0.0550941,0.0544715
130_bNAb_Combinations|1314058|sample|9|nan|2944,0.0456,0.0948536,4,9,1,0.562866,0.117501,0.117476,0.117501,-0.857056,-0.85784
130_bNAb_Combinations|1314058|sample|9|nan|2944,0.228,0.00401752,5,9,1,0.135737,0.0152962,0.0153049,0.0152962,-2.05759,-2.05668
130_bNAb_Combinations|1314058|sample|9|nan|2944,1.14,0.00309349,6,9,1,0.0174759,0.00275966,0.00277599,0.00275966,0.108669,0.114391
130_bNAb_Combinations|1314058|sample|9|nan|2944,5.7,0.00200876,7,9,1,0.0029274,0.00133938,0.00135559,0.00133938,0.248258,0.254741
130_bNAb_Combinations|1314058|sample|9|nan|2944,28.5,0.00369612,8,9,1,0.0013441,0.000982753,0.000996175,0.000982753,1.05572,1.06211
130_bNAb_Combinations|1314058|vc|1|2|nan|2944,0,0.691535,1,2,1,0.832986,0.69308,0.693027,0.69308,-0.0103449,-0.0107137
130_bNAb_Combinations|1314058|vc|2|2|nan|2944,0,0.932385,2,2,1,0.863511,0.85427,0.854102,0.85427,0.441915,0.440876
130_bNAb_Combinations|1314058|vc|3|2|nan|2944,0,1,3,2,1,0.863511,0.85427,0.854102,0.85427,0.823604,0.822491
130_bNAb_Combinations|1314058|vc|4|2|nan|2944,0,0.97479,4,2,1,0.863511,0.85427,0.854102,0.85427,0.681293,0.680207
130_bNAb_Combinations|1314058|vc|5|2|nan|2944,0,0.982805,5,2,1,0.863511,0.85427,0.854102,0.85427,0.726538,0.725443
130_bNAb_Combinations|1314058|vc|6|2|nan|2944,0,0.897594,6,2,1,0.863511,0.85427,0.854102,0.85427,0.245514,0.244513
130_bNAb_Combinations|1314058|vc|7|2|nan|2944,0,0.932385,7,2,1,0.863511,0.85427,0.854102,0.85427,0.441915,0.440876
130_bNAb_Combinations|1314058|vc|8|2|nan|2944,0,0.756117,8,2,1,0.832986,0.69308,0.693027,0.69308,0.437572,0.437169
130_bNAb_Combinations|1342240|cc|1|1|nan|1798,0,0.000747678,1,1,0,0,0,0,0,0.317678,0.317678
130_bNAb_Combinations|1342240|cc|2|1|nan|1798,0,0.000889479,2,1,0,0,0,0,0,0.377928,0.377928
130_bNAb_Combinations|1342240|cc|3|1|nan|1798,0,0.00106995,3,1,0,0,0,0,0,0.454609,0.454609
130_bNAb_Combinations|1342240|cc|4|1|nan|1798,0,0.0011473,4,1,0,0,0,0,0,0.487472,0.487472
130_bNAb_Combinations|1342240|cc|5|1|nan|1798,0,0.00125043,5,1,0,0,0,0,0,0.53129,0.53129
130_bNAb_Combinations|1342240|cc|6|1|nan|1798,0,0.00109574,6,1,0,0,0,0,0,0.465563,0.465563
130_bNAb_Combinations|1342240|cc|7|1|nan|1798,0,0.00113441,7,1,0,0,0,0,0,0.481995,0.481995
130_bNAb_Combinations|1342240|cc|8|1|nan|1798,0,0.00134066,8,1,0,0,0,0,0,0.56963,0.56963
130_bNAb_Combinations|1342240|sample|3|nan|1798,0.0010624,0.835221,1,3,1,0.830216,0.83268,0.832561,0.83268,0.0153958,0.0147096
130_bNAb_Combinations|1342240|sample|3|nan|1798,0.005312,0.877793,2,3,1,0.837438,0.860551,0.860469,0.860551,0.097081,0.0966125
130_bNAb_Combinations|1342240|sample|3|nan|1798,0.02656,0.931355,3,3,1,0.688483,0.860823,0.86078,0.860823,0.395354,0.395089
130_bNAb_Combinations|1342240|sample|3|nan|1798,0.1328,0.830071,4,3,1,0.240022,0.683701,0.683687,0.683701,1.02891,1.02879
130_bNAb_Combinations|1342240|sample|3|nan|1798,0.664,0.362418,5,3,1,0.0349217,0.234718,0.23469,0.234718,2.53514,2.53429
130_bNAb_Combinations|1342240|sample|3|nan|1798,3.32,0.0234358,6,3,1,0.00497901,0.0339439,0.0339435,0.0339439,-1.12984,-1.12987
130_bNAb_Combinations|1342240|sample|3|nan|1798,83,0.000966825,8,3,1,0.00120653,0.00153146,0.00154707,0.00153146,-0.217306,-0.211711
130_bNAb_Combinations|1342240|sample|4|nan|1798,0.0010624,0.808053,1,4,1,0.830216,0.83268,0.832561,0.83268,-0.141882,-0.142546
130_bNAb_Combinations|1342240|sample|4|nan|1798,0.005312,0.88955,2,4,1,0.837438,0.860551,0.860469,0.860551,0.162963,0.162488
130_bNAb_Combinations|1342240|sample|4|nan|1798,0.02656,0.902873,3,4,1,0.688483,0.860823,0.86078,0.860823,0.235798,0.235542
130_bNAb_Combinations|1342240|sample|4|nan|1798,0.1328,0.803702,4,4,1,0.24553,0.699389,0.69939,0.699389,0.716998,0.717006
130_bNAb_Combinations|1342240|sample|4|nan|1798,0.664,0.370758,5,4,1,0.035723,0.240104,0.24008,0.240104,2.53812,2.53742
130_bNAb_Combinations|1342240|sample|4|nan|1798,3.32,0.0203936,6,4,1,0.00497901,0.0339439,0.0339435,0.0339439,-1.45696,-1.45699
130_bNAb_Combinations|1342240|sample|4|nan|1798,16.6,3.8673e-05,7,4,1,0.00159934,0.00473022,0.00474376,0.00473022,-1.41533,-1.41243
130_bNAb_Combinations|1342240|sample|4|nan|1798,83,0.000747678,8,4,1,0.00120653,0.00153146,0.00154707,0.00153146,-0.299378,-0.293882
130_bNAb_Combinations|1342240|sample|8|nan|1798,16.6,0.000721896,7,8,1,0.00159934,0.00473022,0.00474376,0.00473022,-1.20981,-1.20674
130_bNAb_Combinations|1342240|vc|1|2|nan|1798,0,0.862537,1,2,1,0.832986,0.832986,0.832868,0.832986,0.171695,0.170984
130_bNAb_Combinations|1342240|vc|2|2|nan|1798,0,0.923324,2,2,1,0.863511,0.863511,0.863427,0.863511,0.334521,0.334016
130_bNAb_Combinations|1342240|vc|3|2|nan|1798,0,0.944627,3,2,1,0.863511,0.863511,0.863427,0.863511,0.453493,0.452976
130_bNAb_Combinations|1342240|vc|4|2|nan|1798,0,1,4,2,1,0.863511,0.863511,0.863427,0.863511,0.762747,0.7622
130_bNAb_Combinations|1342240|vc|5|2|nan|1798,0,0.995817,5,2,1,0.863511,0.863511,0.863427,0.863511,0.739384,0.73884
130_bNAb_Combinations|1342240|vc|6|2|nan|1798,0,0.979742,6,2,1,0.863511,0.863511,0.863427,0.863511,0.649607,0.649071
130_bNAb_Combinations|1342240|vc|7|2|nan|1798,0,0.912625,7,2,1,0.863511,0.863511,0.863427,0.863511,0.274766,0.274266
130_bNAb_Combinations|1342240|vc|8|2|nan|1798,0,0.732654,8,2,1,0.832986,0.832986,0.832868,0.832986,-0.579942,-0.580546
130_bNAb_Combinations|1342258|cc|1|1|TRO.11|8301,0,0.000586773,1,1,0,0,0,0,0,0.249312,0.249312
130_bNAb_Combinations|1342258|cc|2|1|TRO.11|8301,0,0.000602214,2,1,0,0,0,0,0,0.255873,0.255873
130_bNAb_Combinations|1342258|cc|3|1|TRO.11|8301,0,0.000756628,3,1,0,0,0,0,0,0.321481,0.321481
130_bNAb_Combinations|1342258|cc|4|1|TRO.11|8301,0,0.000694863,4,1,0,0,0,0,0,0.295238,0.295238
130_bNAb_Combinations|1342258|cc|5|1|TRO.11|8301,0,0.000957366,5,1,0,0,0,0,0,0.406772,0.406772
130_bNAb_Combinations|1342258|cc|6|1|TRO.11|8301,0,0.000648538,6,1,0,0,0,0,0,0.275555,0.275555
130_bNAb_Combinations|1342258|cc|7|1|TRO.11|8301,0,0.00103457,7,1,0,0,0,0,0,0.439576,0.439576
130_bNAb_Combinations|1342258|cc|8|1|TRO.11|8301,0,0.00112722,8,1,0,0,0,0,0,0.478941,0.478941
130_bNAb_Combinations|1342258|sample|3|TRO.11|8301,0.0010624,1,1,3,1,0.830216,0.831163,0.831046,0.831163,0.979854,0.979041
130_bNAb_Combinations|1342258|sample|3|TRO.11|8301,0.005312,0.977008,2,3,1,0.837438,0.846192,0.846119,0.846192,0.745752,0.745271
130_bNAb_Combinations|1342258|sample|3|TRO.11|8301,0.02656,0.852774,3,3,1,0.688483,0.746003,0.745985,0.746003,0.688874,0.688737
130_bNAb_Combinations|1342258|sample|3|TRO.11|8301,0.1328,0.409135,4,3,1,0.240022,0.319802,0.319775,0.319802,1.31808,1.31757
130_bNAb_Combinations|1342258|sample|3|TRO.11|8301,0.664,0.0368586,5,3,1,0.0349217,0.0514836,0.0514774,0.0514836,-1.13425,-1.13463
130_bNAb_Combinations|1342258|sample|3|TRO.11|8301,3.32,0.000988249,6,3,1,0.00497901,0.00691371,0.00692638,0.00691371,-1.57466,-1.57238
130_bNAb_Combinations|1342258|sample|3|TRO.11|8301,16.6,0.000617656,7,3,1,0.00159934,0.00180274,0.00181877,0.00180274,-0.440651,-0.435293
130_bNAb_Combinations|1342258|sample|3|TRO.11|8301,83,0.0017912,8,3,1,0.00120653,0.00122756,0.00124355,0.00122756,0.209984,0.216385
130_bNAb_Combinations|1342258|sample|4|TRO.11|8301,0.0010624,0.951962,1,4,1,0.830216,0.831163,0.831046,0.831163,0.701255,0.700481
130_bNAb_Combinations|1342258|sample|4|TRO.11|8301,0.005312,0.975433,2,4,1,0.837438,0.846192,0.846119,0.846192,0.736778,0.736298
130_bNAb_Combinations|1342258|sample|4|TRO.11|8301,0.02656,0.81302,3,4,1,0.688483,0.746003,0.745985,0.746003,0.43243,0.4323
130_bNAb_Combinations|1342258|sample|4|TRO.11|8301,0.1328,0.42409,4,4,1,0.24553,0.327141,0.32712,0.327141,1.3993,1.39892
130_bNAb_Combinations|1342258|sample|4|TRO.11|8301,0.664,0.0475286,5,4,1,0.035723,0.052665,0.0526598,0.052665,-0.390785,-0.39115
130_bNAb_Combinations|1342258|sample|4|TRO.11|8301,3.32,0.000586773,6,4,1,0.00497901,0.00691371,0.00692638,0.00691371,-1.68112,-1.67892
130_bNAb_Combinations|1342258|sample|4|TRO.11|8301,16.6,0.00101913,7,4,1,0.00159934,0.00180274,0.00181877,0.00180274,-0.293362,-0.287827
130_bNAb_Combinations|1342258|sample|4|TRO.11|8301,83,0.00205371,8,4,1,0.00120653,0.00122756,0.00124355,0.00122756,0.310635,0.317162
130_bNAb_Combinations|1342258|vc|1|2|TRO.11|8301,0,0.96755,1,2,1,0.832986,0.832985,0.832867,0.832985,0.779414,0.778618
130_bNAb_Combinations|1342258|vc|2|2|TRO.11|8301,0,0.984057,2,2,1,0.863511,0.86351,0.863426,0.86351,0.673713,0.673175
130_bNAb_Combinations|1342258|vc|3|2|TRO.11|8301,0,0.968554,3,2,1,0.863511,0.86351,0.863426,0.86351,0.587129,0.586599
130_bNAb_Combinations|1342258|vc|4|2|TRO.11|8301,0,0.996418,4,2,1,0.863511,0.86351,0.863426,0.86351,0.742747,0.742202
130_bNAb_Combinations|1342258|vc|5|2|TRO.11|8301,0,0.95952,5,2,1,0.863511,0.86351,0.863426,0.86351,0.53668,0.536155
130_bNAb_Combinations|1342258|vc|6|2|TRO.11|8301,0,0.92514,6,2,1,0.863511,0.86351,0.863426,0.86351,0.34467,0.344163
130_bNAb_Combinations|1342258|vc|7|2|TRO.11|8301,0,0.920917,7,2,1,0.863511,0.86351,0.863426,0.86351,0.321083,0.320579
130_bNAb_Combinations|1342258|vc|8|2|TRO.11|8301,0,0.827859,8,2,1,0.832986,0.832985,0.832867,0.832985,-0.0289783,-0.0296603
130_bNAb_Combinations|1342276|cc|1|1|Ce1176_A3|7023,0,0.00106045,1,1,0,0,0,0,0,0.450572,0.450572
130_bNAb_Combinations|1342276|cc|2|1|Ce1176_A3|7023,0,0.000899371,2,1,0,0,0,0,0,0.382131,0.382131
130_bNAb_Combinations|1342276|cc|3|1|Ce1176_A3|7023,0,0.00139604,3,1,0,0,0,0,0,0.593158,0.593158
130_bNAb_Combinations|1342276|cc|4|1|Ce1176_A3|7023,0,0.000885948,4,1,0,0,0,0,0,0.376427,0.376427
130_bNAb_Combinations|1342276|cc|5|1|Ce1176_A3|7023,0,0.000939641,5,1,0,0,0,0,0,0.399241,0.399241
130_bNAb_Combinations|1342276|cc|6|1|Ce1176_A3|7023,0,0.00115442,6,1,0,0,0,0,0,0.490496,0.490496
130_bNAb_Combinations|1342276|cc|7|1|Ce1176_A3|7023,0,0.00167793,7,1,0,0,0,0,0,0.712931,0.712931
130_bNAb_Combinations|1342276|cc|8|1|Ce1176_A3|7023,0,0.0012618,8,1,0,0,0,0,0,0.536124,0.536124
130_bNAb_Combinations|1342276|sample|3|Ce1176_A3|7023,0.0010624,0.725068,1,3,1,0.830216,0.832518,0.8324,0.832518,-0.621477,-0.622074
130_bNAb_Combinations|1342276|sample|3|Ce1176_A3|7023,0.005312,0.881934,2,3,1,0.837438,0.859004,0.858923,0.859004,0.12918,0.128715
130_bNAb_Combinations|1342276|sample|3|Ce1176_A3|7023,0.02656,0.891317,3,3,1,0.688483,0.846985,0.846946,0.846985,0.252564,0.252333
130_bNAb_Combinations|1342276|sample|3|Ce1176_A3|7023,0.1328,0.705718,4,3,1,0.240022,0.60991,0.609896,0.60991,0.753497,0.753372
130_bNAb_Combinations|1342276|sample|3|Ce1176_A3|7023,0.664,0.239233,5,3,1,0.0349217,0.169565,0.16954,0.169565,1.88105,1.88009
130_bNAb_Combinations|1342276|sample|3|Ce1176_A3|7023,3.32,0.012269,6,3,1,0.00497901,0.0229578,0.0229619,0.0229578,-1.51613,-1.51573
130_bNAb_Combinations|1342276|sample|3|Ce1176_A3|7023,16.6,0.00138262,7,3,1,0.00159934,0.00352074,0.00353523,0.00352074,-0.699569,-0.69553
130_bNAb_Combinations|1342276|sample|3|Ce1176_A3|7023,83,0.00073829,8,3,1,0.00120653,0.00140568,0.00142144,0.00140568,-0.258331,-0.25268
130_bNAb_Combinations|1342276|sample|4|Ce1176_A3|7023,0.0010624,0.749337,1,4,1,0.830216,0.832518,0.8324,0.832518,-0.480951,-0.481567
130_bNAb_Combinations|1342276|sample|4|Ce1176_A3|7023,0.005312,0.874437,2,4,1,0.837438,0.859004,0.858923,0.859004,0.0870939,0.0866322
130_bNAb_Combinations|1342276|sample|4|Ce1176_A3|7023,0.02656,0.920365,3,4,1,0.688483,0.846985,0.846946,0.846985,0.41791,0.417672
130_bNAb_Combinations|1342276|sample|4|Ce1176_A3|7023,0.1328,0.749364,4,4,1,0.24553,0.623905,0.623905,0.623905,0.964804,0.964802
130_bNAb_Combinations|1342276|sample|4|Ce1176_A3|7023,0.664,0.256838,5,4,1,0.035723,0.173456,0.173434,0.173456,2.20371,2.20285
130_bNAb_Combinations|1342276|sample|4|Ce1176_A3|7023,3.32,0.0164035,6,4,1,0.00497901,0.0229578,0.0229619,0.0229578,-0.929917,-0.92944
130_bNAb_Combinations|1342276|sample|4|Ce1176_A3|7023,16.6,0.000402703,7,4,1,0.00159934,0.00352074,0.00353523,0.00352074,-1.01803,-1.0143
130_bNAb_Combinations|1342276|sample|4|Ce1176_A3|7023,83,0.000617479,8,4,1,0.00120653,0.00140568,0.00142144,0.00140568,-0.304015,-0.29842
130_bNAb_Combinations|1342276|vc|1|2|Ce1176_A3|7023,0,0.763009,1,2,1,0.832986,0.832986,0.832867,0.832986,-0.404271,-0.4049
130_bNAb_Combinations|1342276|vc|2|2|Ce1176_A3|7023,0,0.910553,2,2,1,0.863511,0.863511,0.863426,0.863511,0.263199,0.2627
130_bNAb_Combinations|1342276|vc|3|2|Ce1176_A3|7023,0,1,3,2,1,0.863511,0.863511,0.863426,0.863511,0.762752,0.762205
130_bNAb_Combinations|1342276|vc|4|2|Ce1176_A3|7023,0,0.978623,4,2,1,0.863511,0.863511,0.863426,0.863511,0.643364,0.642829
130_bNAb_Combinations|1342276|vc|5|2|Ce1176_A3|7023,0,0.915016,5,2,1,0.863511,0.863511,0.863426,0.863511,0.288126,0.287625
130_bNAb_Combinations|1342276|vc|6|2|Ce1176_A3|7023,0,0.948528,6,2,1,0.863511,0.863511,0.863426,0.863511,0.475285,0.474766
130_bNAb_Combinations|1342276|vc|7|2|Ce1176_A3|7023,0,0.841536,7,2,1,0.863511,0.863511,0.863426,0.863511,-0.122252,-0.122713
130_bNAb_Combinations|1342276|vc|8|2|Ce1176_A3|7023,0,0.749606,8,2,1,0.832986,0.832986,0.832867,0.832986,-0.481836,-0.482455
130_bNAb_Combinations|1342294|cc|1|1|nan|1176,0,0.00986891,1,1,0,0,0,0,0,4.19317,4.19317
130_bNAb_Combinations|1342294|cc|2|1|nan|1176,0,0.00692296,2,1,0,0,0,0,0,2.94147,2.94147
130_bNAb_Combinations|1342294|cc|3|1|nan|1176,0,0.00368243,3,1,0,0,0,0,0,1.56461,1.56461
130_bNAb_Combinations|1342294|cc|4|1|nan|1176,0,0.0107527,4,1,0,0,0,0,0,4.56867,4.56867
130_bNAb_Combinations|1342294|cc|5|1|nan|1176,0,0.000736485,5,1,0,0,0,0,0,0.312923,0.312923
130_bNAb_Combinations|1342294|cc|6|1|nan|1176,0,0,6,1,0,0,0,0,0,0,0
130_bNAb_Combinations|1342294|cc|7|1|nan|1176,0,0.00618648,7,1,0,0,0,0,0,2.62855,2.62855
130_bNAb_Combinations|1342294|cc|8|1|nan|1176,0,0.0048608,8,1,0,0,0,0,0,2.06529,2.06529
130_bNAb_Combinations|1342294|sample|3|nan|1176,0.0010624,0.7384,1,3,1,0.830216,0.829527,0.829412,0.829527,-0.52885,-0.529447
130_bNAb_Combinations|1342294|sample|3|nan|1176,0.005312,0.840477,2,3,1,0.837438,0.831172,0.831105,0.831172,0.0543486,0.0539591
130_bNAb_Combinations|1342294|sample|3|nan|1176,0.02656,0.51554,3,3,1,0.688483,0.651862,0.651849,0.651862,-1.00408,-1.00416
130_bNAb_Combinations|1342294|sample|3|nan|1176,0.1328,0.173221,4,3,1,0.240022,0.203169,0.203141,0.203169,-0.681133,-0.681673
130_bNAb_Combinations|1342294|sample|3|nan|1176,0.664,0.0191486,5,3,1,0.0349217,0.0283982,0.0284001,0.0283982,-1.13297,-1.1328
130_bNAb_Combinations|1342294|sample|3|nan|1176,3.32,0.00559729,6,3,1,0.00497901,0.00423517,0.00424972,0.00423517,0.418075,0.42298
130_bNAb_Combinations|1342294|sample|3|nan|1176,83,0.0050081,8,3,1,0.00120653,0.00119845,0.00121448,0.00119845,1.4579,1.46591
130_bNAb_Combinations|1342294|sample|4|nan|1176,0.0010624,0.680071,1,4,1,0.830216,0.829527,0.829412,0.829527,-0.867792,-0.868343
130_bNAb_Combinations|1342294|sample|4|nan|1176,0.005312,0.847842,2,4,1,0.837438,0.831172,0.831105,0.831172,0.0970583,0.0966655
130_bNAb_Combinations|1342294|sample|4|nan|1176,0.02656,0.692444,3,4,1,0.688483,0.651862,0.651849,0.651862,0.29903,0.298923
130_bNAb_Combinations|1342294|sample|4|nan|1176,0.1328,0.216085,4,4,1,0.24553,0.207831,0.207807,0.207831,0.184432,0.183888
130_bNAb_Combinations|1342294|sample|4|nan|1176,0.664,0.0187067,5,4,1,0.035723,0.0290499,0.0290524,0.0290499,-1.24659,-1.24636
130_bNAb_Combinations|1342294|sample|4|nan|1176,3.32,0.00456621,6,4,1,0.00497901,0.00423517,0.00424972,0.00423517,0.0981894,0.102799
130_bNAb_Combinations|1342294|sample|4|nan|1176,16.6,0.00618648,7,4,1,0.00159934,0.00152134,0.00153767,0.00152134,1.74226,1.75058
130_bNAb_Combinations|1342294|sample|4|nan|1176,83,0.00265135,8,4,1,0.00120653,0.00119845,0.00121448,0.00119845,0.552194,0.559058
130_bNAb_Combinations|1342294|sample|8|nan|1176,16.6,0.00883783,7,8,1,0.00159934,0.00152134,0.00153767,0.00152134,2.73593,2.74549
130_bNAb_Combinations|1342294|vc|1|2|nan|1176,0,0.903962,1,2,1,0.832986,0.832986,0.832867,0.832986,0.411429,0.410685
130_bNAb_Combinations|1342294|vc|2|2|nan|1176,0,0.772868,2,2,1,0.863511,0.863511,0.863427,0.863511,-0.505761,-0.506185
130_bNAb_Combinations|1342294|vc|3|2|nan|1176,0,0.798792,3,2,1,0.863511,0.863511,0.863427,0.863511,-0.360976,-0.361415
130_bNAb_Combinations|1342294|vc|4|2|nan|1176,0,1,4,2,1,0.863511,0.863511,0.863427,0.863511,0.762747,0.7622
130_bNAb_Combinations|1342294|vc|5|2|nan|1176,0,0.928708,5,2,1,0.863511,0.863511,0.863427,0.863511,0.364591,0.364082
130_bNAb_Combinations|1342294|vc|6|2|nan|1176,0,0.843276,6,2,1,0.863511,0.863511,0.863427,0.863511,-0.11254,-0.113002
130_bNAb_Combinations|1342294|vc|7|2|nan|1176,0,0.868906,7,2,1,0.863511,0.863511,0.863427,0.863511,0.0305995,0.0301233
130_bNAb_Combinations|1342294|vc|8|2|nan|1176,0,0.751657,8,2,1,0.832986,0.832986,0.832867,0.832986,-0.469964,-0.470585
130_bNAb_Combinations|1342312|cc|1|1|RHPA4259.7|5371,0,0.00173044,1,1,0,0,0,0,0,0.73524,0.73524
130_bNAb_Combinations|1342312|cc|2|1|RHPA4259.7|5371,0,0.00228271,2,1,0,0,0,0,0,0.969891,0.969891
130_bNAb_Combinations|1342312|cc|3|1|RHPA4259.7|5371,0,0.00237475,3,1,0,0,0,0,0,1.009,1.009
130_bNAb_Combinations|1342312|cc|4|1|RHPA4259.7|5371,0,0.00189612,4,1,0,0,0,0,0,0.805635,0.805635
130_bNAb_Combinations|1342312|cc|5|1|RHPA4259.7|5371,0,0.00136226,5,1,0,0,0,0,0,0.578806,0.578806
130_bNAb_Combinations|1342312|cc|6|1|RHPA4259.7|5371,0,0.00187771,6,1,0,0,0,0,0,0.797814,0.797814
130_bNAb_Combinations|1342312|cc|7|1|RHPA4259.7|5371,0,0.00250361,7,1,0,0,0,0,0,1.06375,1.06375
130_bNAb_Combinations|1342312|cc|8|1|RHPA4259.7|5371,0,0.0020618,8,1,0,0,0,0,0,0.876031,0.876031
130_bNAb_Combinations|1342312|sample|3|RHPA4259.7|5371,0.0010624,0.763952,1,3,1,0.830216,0.818165,0.818057,0.818165,-0.318698,-0.319292
130_bNAb_Combinations|1342312|sample|3|RHPA4259.7|5371,0.005312,0.818875,2,3,1,0.837438,0.738664,0.738621,0.738664,0.522782,0.522474
130_bNAb_Combinations|1342312|sample|3|RHPA4259.7|5371,0.02656,0.538378,3,3,1,0.688483,0.34513,0.345104,0.34513,2.64833,2.64778
130_bNAb_Combinations|1342312|sample|3|RHPA4259.7|5371,0.1328,0.0814411,4,3,1,0.240022,0.0575921,0.0575841,0.0575921,1.68741,1.68665
130_bNAb_Combinations|1342312|sample|3|RHPA4259.7|5371,0.664,0.00397633,5,3,1,0.0349217,0.00764453,0.00765673,0.00764453,-0.938753,-0.936238
130_bNAb_Combinations|1342312|sample|3|RHPA4259.7|5371,3.32,0.00173044,6,3,1,0.00497901,0.00193409,0.00195057,0.00193409,-0.0799675,-0.0740729
130_bNAb_Combinations|1342312|sample|3|RHPA4259.7|5371,16.6,0.00147271,7,3,1,0.00159934,0.00128082,0.00129743,0.00128082,0.0669238,0.0733635
130_bNAb_Combinations|1342312|sample|3|RHPA4259.7|5371,83,0.0012334,8,3,1,0.00120653,0.00117358,0.00118965,0.00117358,0.0168465,0.0230617
130_bNAb_Combinations|1342312|sample|4|RHPA4259.7|5371,0.0010624,0.732077,1,4,1,0.830216,0.818165,0.818057,0.818165,-0.506453,-0.507022
130_bNAb_Combinations|1342312|sample|4|RHPA4259.7|5371,0.005312,0.824591,2,4,1,0.837438,0.738664,0.738621,0.738664,0.560017,0.559706
130_bNAb_Combinations|1342312|sample|4|RHPA4259.7|5371,0.02656,0.536592,3,4,1,0.688483,0.34513,0.345104,0.34513,2.62387,2.62331
130_bNAb_Combinations|1342312|sample|4|RHPA4259.7|5371,0.1328,0.0694384,4,4,1,0.24553,0.0589136,0.0589067,0.0589136,0.730918,0.730369
130_bNAb_Combinations|1342312|sample|4|RHPA4259.7|5371,0.664,0.00323997,5,4,1,0.035723,0.00781995,0.0078326,0.00781995,-1.16078,-1.15834
130_bNAb_Combinations|1342312|sample|4|RHPA4259.7|5371,3.32,0.00138067,6,4,1,0.00497901,0.00193409,0.00195057,0.00193409,-0.207029,-0.20129
130_bNAb_Combinations|1342312|sample|4|RHPA4259.7|5371,16.6,0.00134385,7,4,1,0.00159934,0.00128082,0.00129743,0.00128082,0.0177226,0.0240983
130_bNAb_Combinations|1342312|sample|4|RHPA4259.7|5371,83,0.00163839,8,4,1,0.00120653,0.00117358,0.00118965,0.00117358,0.172792,0.179205
130_bNAb_Combinations|1342312|vc|1|2|RHPA4259.7|5371,0,0.805648,1,2,1,0.832986,0.832985,0.832866,0.832985,-0.157515,-0.158179
130_bNAb_Combinations|1342312|vc|2|2|RHPA4259.7|5371,0,0.988964,2,2,1,0.863511,0.86351,0.863425,0.86351,0.70112,0.700579
130_bNAb_Combinations|1342312|vc|3|2|RHPA4259.7|5371,0,0.95037,3,2,1,0.863511,0.86351,0.863425,0.86351,0.485575,0.485054
130_bNAb_Combinations|1342312|vc|4|2|RHPA4259.7|5371,0,0.951677,4,2,1,0.863511,0.86351,0.863425,0.86351,0.492874,0.492353
130_bNAb_Combinations|1342312|vc|5|2|RHPA4259.7|5371,0,1,5,2,1,0.863511,0.86351,0.863425,0.86351,0.762756,0.762209
130_bNAb_Combinations|1342312|vc|6|2|RHPA4259.7|5371,0,0.952339,6,2,1,0.863511,0.86351,0.863425,0.86351,0.496576,0.496054
130_bNAb_Combinations|1342312|vc|7|2|RHPA4259.7|5371,0,0.995186,7,2,1,0.863511,0.86351,0.863425,0.86351,0.73587,0.735326
130_bNAb_Combinations|1342312|vc|8|2|RHPA4259.7|5371,0,0.750412,8,2,1,0.832986,0.832985,0.832866,0.832985,-0.477167,-0.477786
130_bNAb_Combinations|1342336|cc|1|1|nan|3430,0,0,1,1,0,0,0,0,0,0,0
130_bNAb_Combinations|1342336|cc|2|1|nan|3430,0,0,2,1,0,0,0,0,0,0,0
130_bNAb_Combinations|1342336|cc|3|1|nan|3430,0,0.00041405,3,1,0,0,0,0,0,0.175924,0.175924
130_bNAb_Combinations|1342336|cc|4|1|nan|3430,0,0.00119614,4,1,0,0,0,0,0,0.508226,0.508226
130_bNAb_Combinations|1342336|cc|5|1|nan|3430,0,0.00174821,5,1,0,0,0,0,0,0.742792,0.742792
130_bNAb_Combinations|1342336|cc|6|1|nan|3430,0,0.00207025,6,1,0,0,0,0,0,0.879622,0.879622
130_bNAb_Combinations|1342336|cc|7|1|nan|3430,0,0.00110413,7,1,0,0,0,0,0,0.469132,0.469132
130_bNAb_Combinations|1342336|cc|8|1|nan|3430,0,0.0016562,8,1,0,0,0,0,0,0.703697,0.703697
130_bNAb_Combinations|1342336|sample|3|nan|3430,0.0010624,0.85338,1,3,1,0.830216,0.827083,0.82697,0.827083,0.153914,0.153232
130_bNAb_Combinations|1342336|sample|3|nan|3430,0.005312,0.846134,2,3,1,0.837438,0.80959,0.809531,0.80959,0.217843,0.217478
130_bNAb_Combinations|1342336|sample|3|nan|3430,0.02656,0.598923,3,3,1,0.688483,0.54806,0.548044,0.54806,0.444318,0.444169
130_bNAb_Combinations|1342336|sample|3|nan|3430,0.1328,0.155913,4,3,1,0.240022,0.131532,0.13151,0.131532,0.83381,0.832926
130_bNAb_Combinations|1342336|sample|3|nan|3430,0.664,0.00768293,5,3,1,0.0349217,0.0173109,0.0173177,0.0173109,-1.63367,-1.6329
130_bNAb_Combinations|1342336|sample|3|nan|3430,16.6,0.00115014,7,3,1,0.00159934,0.00139144,0.00140792,0.00139144,-0.0975798,-0.0914585
130_bNAb_Combinations|1342336|sample|3|nan|3430,83,0.00276033,8,3,1,0.00120653,0.00118502,0.00120106,0.00118502,0.599865,0.606805
130_bNAb_Combinations|1342336|sample|4|nan|3430,0.0010624,0.773193,1,4,1,0.830216,0.827083,0.82697,0.827083,-0.313398,-0.314016
130_bNAb_Combinations|1342336|sample|4|nan|3430,0.005312,0.819405,2,4,1,0.837438,0.80959,0.809531,0.80959,0.0587643,0.0584107
130_bNAb_Combinations|1342336|sample|4|nan|3430,0.02656,0.59009,3,4,1,0.688483,0.54806,0.548044,0.54806,0.36718,0.367034
130_bNAb_Combinations|1342336|sample|4|nan|3430,0.1328,0.181814,4,4,1,0.24553,0.13455,0.13453,0.13455,1.58217,1.58131
130_bNAb_Combinations|1342336|sample|4|nan|3430,0.664,0.00570469,5,4,1,0.035723,0.0177081,0.0177155,0.0177081,-2.00881,-2.00809
130_bNAb_Combinations|1342336|sample|4|nan|3430,3.32,0.000966117,6,4,1,0.00497901,0.0029937,0.00300923,0.0029937,-0.688054,-0.683555
130_bNAb_Combinations|1342336|sample|4|nan|3430,16.6,0.0008281,7,4,1,0.00159934,0.00139144,0.00140792,0.00139144,-0.219486,-0.21352
130_bNAb_Combinations|1342336|sample|4|nan|3430,83,0.00289835,8,4,1,0.00120653,0.00118502,0.00120106,0.00118502,0.652962,0.659969
130_bNAb_Combinations|1342336|sample|5|nan|3430,3.32,0.00156419,6,5,1,0.00497901,0.0029937,0.00300923,0.0029937,-0.486643,-0.481928
130_bNAb_Combinations|1342336|vc|1|2|nan|3430,0,0.92255,1,2,1,0.832986,0.832986,0.832867,0.832986,0.518992,0.518233
130_bNAb_Combinations|1342336|vc|2|2|nan|3430,0,0.992179,2,2,1,0.863511,0.863511,0.863426,0.863511,0.719072,0.718529
130_bNAb_Combinations|1342336|vc|3|2|nan|3430,0,1,3,2,1,0.863511,0.863511,0.863426,0.863511,0.762751,0.762204
130_bNAb_Combinations|1342336|vc|4|2|nan|3430,0,0.999402,4,2,1,0.863511,0.863511,0.863426,0.863511,0.759411,0.758864
130_bNAb_Combinations|1342336|vc|5|2|nan|3430,0,0.95802,5,2,1,0.863511,0.863511,0.863426,0.863511,0.528296,0.527772
130_bNAb_Combinations|1342336|vc|6|2|nan|3430,0,0.951441,6,2,1,0.863511,0.863511,0.863426,0.863511,0.491555,0.491034
130_bNAb_Combinations|1342336|vc|7|2|nan|3430,0,0.88701,7,2,1,0.863511,0.863511,0.863426,0.863511,0.131715,0.13123
130_bNAb_Combinations|1342336|vc|8|2|nan|3430,0,0.926598,8,2,1,0.832986,0.832986,0.832867,0.832986,0.542421,0.541659
130_bNAb_Combinations|1342348|cc|1|1|nan|4166,0,0.000451154,1,1,0,0,0,0,0,0.19169,0.19169
130_bNAb_Combinations|1342348|cc|2|1|nan|4166,0,0.000773408,2,1,0,0,0,0,0,0.328611,0.328611
130_bNAb_Combinations|1342348|cc|3|1|nan|4166,0,0.00125679,3,1,0,0,0,0,0,0.533992,0.533992
130_bNAb_Combinations|1342348|cc|4|1|nan|4166,0,0.00128901,4,1,0,0,0,0,0,0.547684,0.547684
130_bNAb_Combinations|1342348|cc|5|1|nan|4166,0,0.000998985,5,1,0,0,0,0,0,0.424455,0.424455
130_bNAb_Combinations|1342348|cc|6|1|nan|4166,0,0.000773408,6,1,0,0,0,0,0,0.328611,0.328611
130_bNAb_Combinations|1342348|cc|7|1|nan|4166,0,0.000386704,7,1,0,0,0,0,0,0.164305,0.164305
130_bNAb_Combinations|1342348|cc|8|1|nan|4166,0,0.000644506,8,1,0,0,0,0,0,0.273842,0.273842
130_bNAb_Combinations|1342348|sample|3|nan|4166,0.0010624,0.836295,1,3,1,0.830216,0.814118,0.814013,0.814118,0.131895,0.131254
130_bNAb_Combinations|1342348|sample|3|nan|4166,0.005312,0.838358,2,3,1,0.837438,0.709995,0.709956,0.709995,0.869656,0.869346
130_bNAb_Combinations|1342348|sample|3|nan|4166,0.02656,0.39555,3,3,1,0.688483,0.294892,0.294864,0.294892,1.60588,1.60529
130_bNAb_Combinations|1342348|sample|3|nan|4166,0.1328,0.0558787,4,3,1,0.240022,0.0459072,0.0459027,0.0459072,0.849199,0.848749
130_bNAb_Combinations|1342348|sample|3|nan|4166,0.664,0.00054783,5,3,1,0.0349217,0.00625475,0.00626786,0.00625475,-1.57304,-1.57059
130_bNAb_Combinations|1342348|sample|3|nan|4166,3.32,0,6,3,1,0.00497901,0.00178345,0.00180007,0.00178345,-0.661316,-0.656028
130_bNAb_Combinations|1342348|sample|3|nan|4166,16.6,0.000515605,7,3,1,0.00159934,0.00126511,0.00128174,0.00126511,-0.29288,-0.286893
130_bNAb_Combinations|1342348|sample|3|nan|4166,83,0.000676732,8,3,1,0.00120653,0.00117195,0.00118802,0.00117195,-0.1969,-0.190954
130_bNAb_Combinations|1342348|sample|4|nan|4166,0.0010624,0.820247,1,4,1,0.830216,0.814118,0.814013,0.814118,0.0369027,0.0362733
130_bNAb_Combinations|1342348|sample|4|nan|4166,0.005312,0.753734,2,4,1,0.837438,0.709995,0.709956,0.709995,0.296506,0.296227
130_bNAb_Combinations|1342348|sample|4|nan|4166,0.02656,0.405797,3,4,1,0.688483,0.294892,0.294864,0.294892,1.76933,1.76872
130_bNAb_Combinations|1342348|sample|4|nan|4166,0.1328,0.0446321,4,4,1,0.24553,0.0469606,0.046957,0.0469606,-0.194338,-0.194623
130_bNAb_Combinations|1342348|sample|4|nan|4166,0.664,0.00161127,5,4,1,0.035723,0.00639827,0.00641182,0.00639827,-1.30957,-1.30686
130_bNAb_Combinations|1342348|sample|4|nan|4166,3.32,0.000934534,6,4,1,0.00497901,0.00178345,0.00180007,0.00178345,-0.317984,-0.312266
130_bNAb_Combinations|1342348|sample|4|nan|4166,16.6,0.00174017,7,4,1,0.00159934,0.00126511,0.00128174,0.00126511,0.175247,0.181844
130_bNAb_Combinations|1342348|sample|4|nan|4166,83,0.00157904,8,4,1,0.00120653,0.00117195,0.00118802,0.00117195,0.150583,0.156969
130_bNAb_Combinations|1342348|vc|1|2|nan|4166,0,0.800445,1,2,1,0.832986,0.832985,0.832866,0.832985,-0.187625,-0.188285
130_bNAb_Combinations|1342348|vc|2|2|nan|4166,0,0.905725,2,2,1,0.863511,0.86351,0.863425,0.86351,0.236241,0.235745
130_bNAb_Combinations|1342348|vc|3|2|nan|4166,0,1,3,2,1,0.863511,0.86351,0.863425,0.86351,0.762758,0.762211
130_bNAb_Combinations|1342348|vc|4|2|nan|4166,0,0.920162,4,2,1,0.863511,0.86351,0.863425,0.86351,0.31687,0.316366
130_bNAb_Combinations|1342348|vc|5|2|nan|4166,0,0.841097,5,2,1,0.863511,0.86351,0.863425,0.86351,-0.1247,-0.125161
130_bNAb_Combinations|1342348|vc|6|2|nan|4166,0,0.905435,6,2,1,0.863511,0.86351,0.863425,0.86351,0.234621,0.234125
130_bNAb_Combinations|1342348|vc|7|2|nan|4166,0,0.801959,7,2,1,0.863511,0.86351,0.863425,0.86351,-0.343279,-0.343719
130_bNAb_Combinations|1342348|vc|8|2|nan|4166,0,0.723716,8,2,1,0.832986,0.832985,0.832866,0.832985,-0.631655,-0.632252
130_bNAb_Combinations|1342372|cc|1|1|nan|2944,0,0.00214128,1,1,0,0,0,0,0,0.909802,0.909802
130_bNAb_Combinations|1342372|cc|2|1|nan|2944,0,0.00406844,2,1,0,0,0,0,0,1.72862,1.72862
130_bNAb_Combinations|1342372|cc|3|1|nan|2944,0,0.00282649,3,1,0,0,0,0,0,1.20094,1.20094
130_bNAb_Combinations|1342372|cc|4|1|nan|2944,0,0.00355453,4,1,0,0,0,0,0,1.51027,1.51027
130_bNAb_Combinations|1342372|cc|5|1|nan|2944,0,0.00321192,5,1,0,0,0,0,0,1.3647,1.3647
130_bNAb_Combinations|1342372|cc|6|1|nan|2944,0,0.0020128,6,1,0,0,0,0,0,0.855214,0.855214
130_bNAb_Combinations|1342372|cc|7|1|nan|2944,0,0.00111347,7,1,0,0,0,0,0,0.473097,0.473097
130_bNAb_Combinations|1342372|cc|8|1|nan|2944,0,0.000642385,8,1,0,0,0,0,0,0.272941,0.272941
130_bNAb_Combinations|1342372|sample|3|nan|2944,0.0010624,0.787264,1,3,1,0.830216,0.830366,0.830251,0.830366,-0.249539,-0.250178
130_bNAb_Combinations|1342372|sample|3|nan|2944,0.005312,0.896555,2,3,1,0.837438,0.838815,0.838746,0.838815,0.332228,0.331801
130_bNAb_Combinations|1342372|sample|3|nan|2944,0.02656,0.630907,3,3,1,0.688483,0.697012,0.696997,0.697012,-0.455806,-0.455899
130_bNAb_Combinations|1342372|sample|3|nan|2944,0.1328,0.303313,4,3,1,0.240022,0.249907,0.249878,0.249907,0.998936,0.998296
130_bNAb_Combinations|1342372|sample|3|nan|2944,0.664,0.0365731,5,3,1,0.0349217,0.0367812,0.0367798,0.0367812,-0.0209239,-0.0210639
130_bNAb_Combinations|1342372|sample|3|nan|2944,3.32,0.00179868,6,3,1,0.00497901,0.00519291,0.00520676,0.00519291,-0.996767,-0.99354
130_bNAb_Combinations|1342372|sample|3|nan|2944,16.6,0.000942164,7,3,1,0.00159934,0.0016218,0.00163802,0.0016218,-0.258798,-0.253077
130_bNAb_Combinations|1342372|sample|3|nan|2944,83,0.0014989,8,3,1,0.00120653,0.00120885,0.00122486,0.00120885,0.105227,0.111515
130_bNAb_Combinations|1342372|sample|4|nan|2944,0.0010624,0.711912,1,4,1,0.830216,0.830366,0.830251,0.830366,-0.686956,-0.687535
130_bNAb_Combinations|1342372|sample|4|nan|2944,0.005312,0.776814,2,4,1,0.837438,0.838815,0.838746,0.838815,-0.355921,-0.356292
130_bNAb_Combinations|1342372|sample|4|nan|2944,0.02656,0.656731,3,4,1,0.688483,0.697012,0.696997,0.697012,-0.277703,-0.277801
130_bNAb_Combinations|1342372|sample|4|nan|2944,0.1328,0.279309,4,4,1,0.24553,0.255641,0.255618,0.255641,0.433382,0.432917
130_bNAb_Combinations|1342372|sample|4|nan|2944,0.664,0.0268517,5,4,1,0.035723,0.0376252,0.0376246,0.0376252,-1.07156,-1.07161
130_bNAb_Combinations|1342372|sample|4|nan|2944,3.32,0.00239824,6,4,1,0.00497901,0.00519291,0.00520676,0.00519291,-0.821413,-0.81804
130_bNAb_Combinations|1342372|sample|4|nan|2944,16.6,0.00145607,7,4,1,0.00159934,0.0016218,0.00163802,0.0016218,-0.067668,-0.0617114
130_bNAb_Combinations|1342372|sample|4|nan|2944,83,0.0033404,8,4,1,0.00120653,0.00120885,0.00122486,0.00120885,0.812344,0.819524
130_bNAb_Combinations|1342372|vc|1|2|nan|2944,0,0.866191,1,2,1,0.832986,0.832986,0.832868,0.832986,0.192845,0.192132
130_bNAb_Combinations|1342372|vc|2|2|nan|2944,0,0.961949,2,2,1,0.863511,0.863511,0.863426,0.863511,0.550242,0.549716
130_bNAb_Combinations|1342372|vc|3|2|nan|2944,0,0.934862,3,2,1,0.863511,0.863511,0.863426,0.863511,0.398963,0.398451
130_bNAb_Combinations|1342372|vc|4|2|nan|2944,0,1,4,2,1,0.863511,0.863511,0.863426,0.863511,0.762751,0.762204
130_bNAb_Combinations|1342372|vc|5|2|nan|2944,0,0.921672,5,2,1,0.863511,0.863511,0.863426,0.863511,0.325297,0.324792
130_bNAb_Combinations|1342372|vc|6|2|nan|2944,0,0.914177,6,2,1,0.863511,0.863511,0.863426,0.863511,0.283441,0.28294
130_bNAb_Combinations|1342372|vc|7|2|nan|2944,0,0.942057,7,2,1,0.863511,0.863511,0.863426,0.863511,0.439145,0.438629
130_bNAb_Combinations|1342372|vc|8|2|nan|2944,0,0.751547,8,2,1,0.832986,0.832986,0.832868,0.832986,-0.470603,-0.471223
130_bNAb_Combinations|1342384|cc|1|1|nan|2946,0,0.000377127,1,1,0,0,0,0,0,0.160236,0.160236
130_bNAb_Combinations|1342384|cc|2|1|nan|2946,0,0.0014378,2,1,0,0,0,0,0,0.610901,0.610901
130_bNAb_Combinations|1342384|cc|3|1|nan|2946,0,0.00120209,3,1,0,0,0,0,0,0.510753,0.510753
130_bNAb_Combinations|1342384|cc|4|1|nan|2946,0,0.0012728,4,1,0,0,0,0,0,0.540798,0.540798
130_bNAb_Combinations|1342384|cc|5|1|nan|2946,0,0.000966389,5,1,0,0,0,0,0,0.410606,0.410606
130_bNAb_Combinations|1342384|cc|6|1|nan|2946,0,0.00162636,6,1,0,0,0,0,0,0.691019,0.691019
130_bNAb_Combinations|1342384|cc|7|1|nan|2946,0,0.000848536,7,1,0,0,0,0,0,0.360532,0.360532
130_bNAb_Combinations|1342384|cc|8|1|nan|2946,0,0.00219205,8,1,0,0,0,0,0,0.931374,0.931374
130_bNAb_Combinations|1342384|sample|3|nan|2946,0.0010624,0.852284,1,3,1,0.830216,0.872881,0.872725,0.872881,-0.112963,-0.113805
130_bNAb_Combinations|1342384|sample|3|nan|2946,0.005312,0.967355,2,3,1,0.837438,0.919093,0.918964,0.919093,0.254126,0.253414
130_bNAb_Combinations|1342384|sample|3|nan|2946,0.02656,0.934439,3,3,1,0.688483,0.931173,0.931083,0.931173,0.017395,0.0169305
130_bNAb_Combinations|1342384|sample|3|nan|2946,0.1328,0.7873,4,3,1,0.240022,0.792995,0.792943,0.792995,-0.034274,-0.0345873
130_bNAb_Combinations|1342384|sample|3|nan|2946,0.664,0.423797,5,3,1,0.0349217,0.333007,0.332963,0.333007,1.28851,1.28774
130_bNAb_Combinations|1342384|sample|3|nan|2946,3.32,0.0580305,6,3,1,0.00497901,0.052973,0.0529648,0.052973,0.383967,0.383295
130_bNAb_Combinations|1342384|sample|3|nan|2946,16.6,0.00157922,7,3,1,0.00159934,0.00692278,0.00693555,0.00692278,-1.41967,-1.41727
130_bNAb_Combinations|1342384|sample|3|nan|2946,83,0.00113138,8,3,1,0.00120653,0.00179752,0.00181361,0.00179752,-0.250383,-0.244774
130_bNAb_Combinations|1342384|sample|4|nan|2946,0.0010624,0.86071,1,4,1,0.830216,0.872881,0.872725,0.872881,-0.066397,-0.067247
130_bNAb_Combinations|1342384|sample|4|nan|2946,0.005312,0.945269,2,4,1,0.837438,0.919093,0.918964,0.919093,0.138143,0.137447
130_bNAb_Combinations|1342384|sample|4|nan|2946,0.02656,0.912624,3,4,1,0.688483,0.931173,0.931083,0.931173,-0.0956916,-0.0961453
130_bNAb_Combinations|1342384|sample|4|nan|2946,0.1328,0.777,4,4,1,0.24553,0.80846,0.80843,0.80846,-0.187306,-0.187477
130_bNAb_Combinations|1342384|sample|4|nan|2946,0.664,0.449052,5,4,1,0.035723,0.339501,0.339467,0.339501,1.52572,1.52509
130_bNAb_Combinations|1342384|sample|4|nan|2946,3.32,0.0637345,6,4,1,0.00497901,0.052973,0.0529648,0.052973,0.816325,0.815599
130_bNAb_Combinations|1342384|sample|4|nan|2946,16.6,0.000824966,7,4,1,0.00159934,0.00692278,0.00693555,0.00692278,-1.61958,-1.61732
130_bNAb_Combinations|1342384|sample|4|nan|2946,83,0.00122566,8,4,1,0.00120653,0.00179752,0.00181361,0.00179752,-0.215781,-0.21013
130_bNAb_Combinations|1342384|vc|1|2|nan|2946,0,0.93029,1,2,1,0.832986,0.873096,0.872939,0.873096,0.316855,0.315936
130_bNAb_Combinations|1342384|vc|2|2|nan|2946,0,0.910809,2,2,1,0.863511,0.921197,0.921066,0.921197,-0.0537416,-0.0544209
130_bNAb_Combinations|1342384|vc|3|2|nan|2946,0,1,3,2,1,0.863511,0.921197,0.921066,0.921197,0.413591,0.412846
130_bNAb_Combinations|1342384|vc|4|2|nan|2946,0,0.996582,4,2,1,0.863511,0.921197,0.921066,0.921197,0.395683,0.39494
130_bNAb_Combinations|1342384|vc|5|2|nan|2946,0,0.999953,5,2,1,0.863511,0.921197,0.921066,0.921197,0.413344,0.412599
130_bNAb_Combinations|1342384|vc|6|2|nan|2946,0,0.889549,6,2,1,0.863511,0.921197,0.921066,0.921197,-0.165141,-0.165804
130_bNAb_Combinations|1342384|vc|7|2|nan|2946,0,0.878541,7,2,1,0.863511,0.921197,0.921066,0.921197,-0.222816,-0.223472
130_bNAb_Combinations|1342384|vc|8|2|nan|2946,0,0.78624,8,2,1,0.832986,0.873096,0.872939,0.873096,-0.479,-0.479779
130_bNAb_Combinations|1342396|cc|1|1|PVO.4|5024,0,0.000406233,1,1,0,0,0,0,0,0.172603,0.172603
130_bNAb_Combinations|1342396|cc|2|1|PVO.4|5024,0,0.00130897,2,1,0,0,0,0,0,0.556166,0.556166
130_bNAb_Combinations|1342396|cc|3|1|PVO.4|5024,0,0.00155723,3,1,0,0,0,0,0,0.661645,0.661645
130_bNAb_Combinations|1342396|cc|4|1|PVO.4|5024,0,0.000835035,4,1,0,0,0,0,0,0.354795,0.354795
130_bNAb_Combinations|1342396|cc|5|1|PVO.4|5024,0,0.000654487,5,1,0,0,0,0,0,0.278083,0.278083
130_bNAb_Combinations|1342396|cc|6|1|PVO.4|5024,0,0.000631919,6,1,0,0,0,0,0,0.268494,0.268494
130_bNAb_Combinations|1342396|cc|7|1|PVO.4|5024,0,0.000880172,7,1,0,0,0,0,0,0.373974,0.373974
130_bNAb_Combinations|1342396|cc|8|1|PVO.4|5024,0,0.00139925,8,1,0,0,0,0,0,0.594522,0.594522
130_bNAb_Combinations|1342396|sample|3|PVO.4|5024,0.0010624,0.997833,1,3,1,0.830216,0.831232,0.831115,0.831232,0.96681,0.965999
130_bNAb_Combinations|1342396|sample|3|PVO.4|5024,0.005312,0.936549,2,3,1,0.837438,0.846831,0.846757,0.846831,0.511216,0.510754
130_bNAb_Combinations|1342396|sample|3|PVO.4|5024,0.02656,0.845349,3,3,1,0.688483,0.750521,0.750502,0.750521,0.608212,0.608074
130_bNAb_Combinations|1342396|sample|3|PVO.4|5024,0.1328,0.395513,4,3,1,0.240022,0.327658,0.327631,0.327658,0.978083,0.977617
130_bNAb_Combinations|1342396|sample|3|PVO.4|5024,0.664,0.0558345,5,3,1,0.0349217,0.0533286,0.0533218,0.0533286,0.189413,0.188882
130_bNAb_Combinations|1342396|sample|3|PVO.4|5024,3.32,0.00187319,6,3,1,0.00497901,0.00713344,0.00714597,0.00713344,-1.38176,-1.3794
130_bNAb_Combinations|1342396|sample|3|PVO.4|5024,16.6,0.000383665,7,3,1,0.00159934,0.0018259,0.0018419,0.0018259,-0.534052,-0.528824
130_bNAb_Combinations|1342396|sample|3|PVO.4|5024,83,4.5137e-05,8,3,1,0.00120653,0.00122996,0.00124594,0.00122996,-0.460334,-0.454778
130_bNAb_Combinations|1342396|sample|4|PVO.4|5024,0.0010624,1,1,4,1,0.830216,0.831232,0.831115,0.831232,0.979374,0.978561
130_bNAb_Combinations|1342396|sample|4|PVO.4|5024,0.005312,0.917851,2,4,1,0.837438,0.846831,0.846757,0.846831,0.404762,0.404308
130_bNAb_Combinations|1342396|sample|4|PVO.4|5024,0.02656,0.813708,3,4,1,0.688483,0.750521,0.750502,0.750521,0.405312,0.405179
130_bNAb_Combinations|1342396|sample|4|PVO.4|5024,0.1328,0.442377,4,4,1,0.24553,0.335176,0.335156,0.335176,1.51135,1.51098
130_bNAb_Combinations|1342396|sample|4|PVO.4|5024,0.664,0.0734831,5,4,1,0.035723,0.0545523,0.0545465,0.0545523,1.40099,1.40045
130_bNAb_Combinations|1342396|sample|4|PVO.4|5024,3.32,0.000744761,6,4,1,0.00497901,0.00713344,0.00714597,0.00713344,-1.67747,-1.67531
130_bNAb_Combinations|1342396|sample|4|PVO.4|5024,16.6,0,7,4,1,0.00159934,0.0018259,0.0018419,0.0018259,-0.674563,-0.669503
130_bNAb_Combinations|1342396|sample|4|PVO.4|5024,83,0.00128641,8,4,1,0.00120653,0.00122996,0.00124594,0.00122996,0.0155116,0.0216654
130_bNAb_Combinations|1342396|vc|1|2|PVO.4|5024,0,0.943804,1,2,1,0.832986,0.832986,0.832868,0.832986,0.641993,0.641217
130_bNAb_Combinations|1342396|vc|2|2|PVO.4|5024,0,0.908609,2,2,1,0.863511,0.863511,0.863426,0.863511,0.25234,0.251842
130_bNAb_Combinations|1342396|vc|3|2|PVO.4|5024,0,0.910922,3,2,1,0.863511,0.863511,0.863426,0.863511,0.265259,0.264761
130_bNAb_Combinations|1342396|vc|4|2|PVO.4|5024,0,0.912705,4,2,1,0.863511,0.863511,0.863426,0.863511,0.275217,0.274717
130_bNAb_Combinations|1342396|vc|5|2|PVO.4|5024,0,0.907345,5,2,1,0.863511,0.863511,0.863426,0.863511,0.245282,0.244785
130_bNAb_Combinations|1342396|vc|6|2|PVO.4|5024,0,0.878886,6,2,1,0.863511,0.863511,0.863426,0.863511,0.0863416,0.0858602
130_bNAb_Combinations|1342396|vc|7|2|PVO.4|5024,0,0.860549,7,2,1,0.863511,0.863511,0.863426,0.863511,-0.0160681,-0.0165397
130_bNAb_Combinations|1342396|vc|8|2|PVO.4|5024,0,0.761022,8,2,1,0.832986,0.832986,0.832868,0.832986,-0.415772,-0.416399
130_bNAb_Combinations|1342408|cc|1|1|nan|4168,0,0.0014393,1,1,0,0,0,0,0,0.61154,0.61154
130_bNAb_Combinations|1342408|cc|2|1|nan|4168,0,0.0014393,2,1,0,0,0,0,0,0.61154,0.61154
130_bNAb_Combinations|1342408|cc|3|1|nan|4168,0,0.000729786,3,1,0,0,0,0,0,0.310077,0.310077
130_bNAb_Combinations|1342408|cc|4|1|nan|4168,0,0.00152039,4,1,0,0,0,0,0,0.645993,0.645993
130_bNAb_Combinations|1342408|cc|5|1|nan|4168,0,0.000973049,5,1,0,0,0,0,0,0.413435,0.413435
130_bNAb_Combinations|1342408|cc|6|1|nan|4168,0,0.00105414,6,1,0,0,0,0,0,0.447888,0.447888
130_bNAb_Combinations|1342408|cc|7|1|nan|4168,0,0.00154066,7,1,0,0,0,0,0,0.654606,0.654606
130_bNAb_Combinations|1342408|cc|8|1|nan|4168,0,0.00145957,8,1,0,0,0,0,0,0.620153,0.620153
130_bNAb_Combinations|1342408|sample|3|nan|4168,0.0010624,0.884744,1,3,1,0.830216,0.832429,0.832311,0.832429,0.303632,0.302907
130_bNAb_Combinations|1342408|sample|3|nan|4168,0.005312,0.890796,2,3,1,0.837438,0.858153,0.858073,0.858153,0.183878,0.183409
130_bNAb_Combinations|1342408|sample|3|nan|4168,0.02656,0.776077,3,3,1,0.688483,0.839551,0.839514,0.839551,-0.364242,-0.364441
130_bNAb_Combinations|1342408|sample|3|nan|4168,0.1328,0.462381,4,3,1,0.240022,0.575958,0.575935,0.575958,-0.944559,-0.944715
130_bNAb_Combinations|1342408|sample|3|nan|4168,0.664,0.16701,5,3,1,0.0349217,0.148759,0.148715,0.148759,0.557946,0.556454
130_bNAb_Combinations|1342408|sample|3|nan|4168,3.32,0.0252587,6,3,1,0.00497901,0.021814,0.0217961,0.021814,0.508158,0.505258
130_bNAb_Combinations|1342408|sample|3|nan|4168,16.6,0.00823037,7,3,1,0.00159934,0.00542205,0.00541334,0.00542205,0.813837,0.810903
130_bNAb_Combinations|1342408|sample|3|nan|4168,83,0.0027367,8,3,1,0.00120653,0.00356548,0.00355846,0.00356548,-0.266648,-0.2688
130_bNAb_Combinations|1342408|sample|4|nan|4168,0.0010624,0.931106,1,4,1,0.830216,0.832429,0.832311,0.832429,0.572105,0.571342
130_bNAb_Combinations|1342408|sample|4|nan|4168,0.005312,0.912324,2,4,1,0.837438,0.858153,0.858073,0.858153,0.304853,0.304374
130_bNAb_Combinations|1342408|sample|4|nan|4168,0.02656,0.764897,3,4,1,0.688483,0.839551,0.839514,0.839551,-0.428435,-0.428631
130_bNAb_Combinations|1342408|sample|4|nan|4168,0.1328,0.50485,4,4,1,0.24553,0.589174,0.589163,0.589174,-0.685883,-0.685957
130_bNAb_Combinations|1342408|sample|4|nan|4168,0.664,0.189005,5,4,1,0.035723,0.152173,0.152131,0.152173,1.10111,1.09959
130_bNAb_Combinations|1342408|sample|4|nan|4168,3.32,0.0320092,6,4,1,0.00497901,0.021814,0.0217961,0.021814,1.49882,1.49539
130_bNAb_Combinations|1342408|sample|4|nan|4168,16.6,0.00490579,7,4,1,0.00159934,0.00542205,0.00541334,0.00542205,-0.146633,-0.149072
130_bNAb_Combinations|1342408|sample|4|nan|4168,83,0.00336513,8,4,1,0.00120653,0.00356548,0.00355846,0.00356548,-0.0627333,-0.0649801
130_bNAb_Combinations|1342408|vc|1|2|nan|4168,0,0.949635,1,2,1,0.832986,0.832986,0.832867,0.832986,0.675734,0.674953
130_bNAb_Combinations|1342408|vc|2|2|nan|4168,0,0.965274,2,2,1,0.863511,0.863511,0.863426,0.863511,0.568812,0.568284
130_bNAb_Combinations|1342408|vc|3|2|nan|4168,0,1,3,2,1,0.863511,0.863511,0.863426,0.863511,0.762751,0.762204
130_bNAb_Combinations|1342408|vc|4|2|nan|4168,0,0.969906,4,2,1,0.863511,0.863511,0.863426,0.863511,0.594682,0.594151
130_bNAb_Combinations|1342408|vc|5|2|nan|4168,0,0.940482,5,2,1,0.863511,0.863511,0.863426,0.863511,0.430349,0.429834
130_bNAb_Combinations|1342408|vc|6|2|nan|4168,0,0.930052,6,2,1,0.863511,0.863511,0.863426,0.863511,0.372099,0.37159
130_bNAb_Combinations|1342408|vc|7|2|nan|4168,0,0.924538,7,2,1,0.863511,0.863511,0.863426,0.863511,0.341304,0.340798
130_bNAb_Combinations|1342408|vc|8|2|nan|4168,0,0.903212,8,2,1,0.832986,0.832986,0.832867,0.832986,0.407086,0.406343
704_VRC01_Concordance|1200432|cc|1|1|PVO.4|5024,0,0.00146144,1,1,0,0,0,0,0,0.620947,0.620947
704_VRC01_Concordance|1200432|cc|2|1|PVO.4|5024,0,0.00217593,2,1,0,0,0,0,0,0.924522,0.924522
704_VRC01_Concordance|1200432|cc|3|1|PVO.4|5024,0,0.0011042,3,1,0,0,0,0,0,0.46916,0.46916
704_VRC01_Concordance|1200432|cc|4|1|PVO.4|5024,0,0.00198107,4,1,0,0,0,0,0,0.841729,0.841729
704_VRC01_Concordance|1200432|cc|5|1|PVO.4|5024,0,0.00298784,5,1,0,0,0,0,0,1.26949,1.26949
704_VRC01_Concordance|1200432|cc|6|1|PVO.4|5024,0,0.00175373,6,1,0,0,0,0,0,0.745137,0.745137
704_VRC01_Concordance|1200432|cc|7|1|PVO.4|5024,0,0.00233831,7,1,0,0,0,0,0,0.993516,0.993516
704_VRC01_Concordance|1200432|cc|8|1|PVO.4|5024,0,0.00334508,8,1,0,0,0,0,0,1.42128,1.42128
704_VRC01_Concordance|1200432|sample|10|PVO.4|5024,0.002286236854138,0.850689,1,10,1,0.825014,0.832498,0.83238,0.832498,0.106018,0.10532
704_VRC01_Concordance|1200432|sample|10|PVO.4|5024,0.0068587105624142,0.988097,2,10,1,0.826812,0.861191,0.861109,0.861191,0.711103,0.710574
704_VRC01_Concordance|1200432|sample|10|PVO.4|5024,0.0205761316872428,0.866635,3,10,1,0.738022,0.877598,0.877546,0.877598,-0.0599695,-0.0602496
704_VRC01_Concordance|1200432|sample|10|PVO.4|5024,0.0617283950617284,0.879642,4,10,1,0.459072,0.84068,0.840643,0.84068,0.223627,0.223408
704_VRC01_Concordance|1200432|sample|10|PVO.4|5024,0.1851851851851852,0.740724,5,10,1,0.16839,0.704581,0.704566,0.704581,0.246739,0.246629
704_VRC01_Concordance|1200432|sample|10|PVO.4|5024,0.5555555555555556,0.485621,6,10,1,0.0439224,0.404366,0.404342,0.404366,0.955068,0.95474
704_VRC01_Concordance|1200432|sample|10|PVO.4|5024,1.66666666666667,0.212201,7,10,1,0.0105925,0.133546,0.133519,0.133546,2.65116,2.64979
704_VRC01_Concordance|1200432|sample|10|PVO.4|5024,5,0.0380949,8,10,1,0.00315371,0.03275,0.0327469,0.03275,0.5906,0.590211
704_VRC01_Concordance|1200432|sample|11|PVO.4|5024,0.0457247370827617,0.868454,1,11,1,0.515142,0.802899,0.802799,0.802899,0.393979,0.393331
704_VRC01_Concordance|1200432|sample|11|PVO.4|5024,0.1371742112482853,0.719452,2,11,1,0.225734,0.736723,0.73668,0.736723,-0.112519,-0.11279
704_VRC01_Concordance|1200432|sample|11|PVO.4|5024,0.411522633744856,0.42653,3,11,1,0.0625927,0.482456,0.482424,0.482456,-0.552953,-0.553241
704_VRC01_Concordance|1200432|sample|11|PVO.4|5024,1.23456790123457,0.188591,4,11,1,0.0153605,0.187168,0.187136,0.187168,0.0357967,0.0349986
704_VRC01_Concordance|1200432|sample|11|PVO.4|5024,3.7037037037037,0.036601,5,11,1,0.00432984,0.0499092,0.0499016,0.0499092,-1.05846,-1.05893
704_VRC01_Concordance|1200432|sample|11|PVO.4|5024,11.1111111111111,0.00789179,6,11,1,0.00189026,0.0123013,0.0123099,0.0123013,-0.906683,-0.905247
704_VRC01_Concordance|1200432|sample|11|PVO.4|5024,33.3333333333333,0.00133154,7,11,1,0.00135731,0.0036483,0.00366269,0.0036483,-0.751223,-0.747296
704_VRC01_Concordance|1200432|sample|11|PVO.4|5024,100,0.000389718,8,11,1,0.00119733,0.00167958,0.00169503,0.00167958,-0.483368,-0.478206
704_VRC01_Concordance|1200432|sample|12|PVO.4|5024,0.0457247370827617,0.755582,1,12,1,0.515142,0.802899,0.802799,0.802899,-0.283333,-0.283899
704_VRC01_Concordance|1200432|sample|12|PVO.4|5024,0.1371742112482853,0.635256,2,12,1,0.217755,0.71068,0.710607,0.71068,-0.509886,-0.510325
704_VRC01_Concordance|1200432|sample|12|PVO.4|5024,0.411522633744856,0.416203,3,12,1,0.06038,0.465402,0.46535,0.465402,-0.503619,-0.504099
704_VRC01_Concordance|1200432|sample|12|PVO.4|5024,1.23456790123457,0.135362,4,12,1,0.0148175,0.180552,0.180513,0.180552,-1.149,-1.14976
704_VRC01_Concordance|1200432|sample|12|PVO.4|5024,3.7037037037037,0.0341003,5,12,1,0.00417678,0.0481449,0.0481355,0.0481449,-1.14999,-1.15059
704_VRC01_Concordance|1200432|sample|12|PVO.4|5024,11.1111111111111,0.00308527,6,12,1,0.00182344,0.0118664,0.0118742,0.0118664,-1.83729,-1.83628
704_VRC01_Concordance|1200432|sample|12|PVO.4|5024,33.3333333333333,0.000292288,7,12,1,0.00130933,0.00351933,0.00353306,0.00351933,-1.05336,-1.04985
704_VRC01_Concordance|1200432|sample|12|PVO.4|5024,100,0.000292288,8,12,1,0.00119733,0.00167958,0.00169503,0.00167958,-0.519447,-0.514327
704_VRC01_Concordance|1200432|sample|3|PVO.4|5024,0.0457247370827617,0.931426,1,3,1,0.515142,0.802899,0.802799,0.802899,0.771855,0.77116
704_VRC01_Concordance|1200432|sample|3|PVO.4|5024,0.1371742112482853,0.65242,2,3,1,0.225734,0.736723,0.73668,0.736723,-0.550302,-0.550548
704_VRC01_Concordance|1200432|sample|3|PVO.4|5024,0.411522633744856,0.404284,3,3,1,0.0644009,0.496394,0.496376,0.496394,-0.886037,-0.886179
704_VRC01_Concordance|1200432|sample|3|PVO.4|5024,1.23456790123457,0.116071,4,3,1,0.0158043,0.192575,0.192548,0.192575,-1.8314,-1.83181
704_VRC01_Concordance|1200432|sample|3|PVO.4|5024,3.7037037037037,0.0223763,5,3,1,0.00445492,0.051351,0.0513448,0.051351,-2.25237,-2.25263
704_VRC01_Concordance|1200432|sample|3|PVO.4|5024,11.1111111111111,0.00337756,6,3,1,0.00194487,0.0126566,0.0126659,0.0126566,-1.87808,-1.87693
704_VRC01_Concordance|1200432|sample|3|PVO.4|5024,33.3333333333333,0.00295536,7,3,1,0.00135731,0.0036483,0.00366269,0.0036483,-0.227939,-0.223515
704_VRC01_Concordance|1200432|sample|3|PVO.4|5024,100,0.00168878,8,3,1,0.00119733,0.00167958,0.00169503,0.00167958,-0.0023164,0.00340926
704_VRC01_Concordance|1200432|sample|4|PVO.4|5024,0.0457247370827617,0.855821,1,4,1,0.515142,0.802899,0.802799,0.802899,0.31817,0.317531
704_VRC01_Concordance|1200432|sample|4|PVO.4|5024,0.1371742112482853,0.721108,2,4,1,0.225734,0.736723,0.73668,0.736723,-0.101702,-0.101974
704_VRC01_Concordance|1200432|sample|4|PVO.4|5024,0.411522633744856,0.572009,3,4,1,0.0644009,0.496394,0.496376,0.496394,0.727675,0.727475
704_VRC01_Concordance|1200432|sample|4|PVO.4|5024,1.23456790123457,0.23966,4,4,1,0.0161669,0.196994,0.196971,0.196994,1.00061,0.999949
704_VRC01_Concordance|1200432|sample|4|PVO.4|5024,3.7037037037037,0.0572236,5,4,1,0.00455714,0.0525293,0.0525241,0.0525293,0.358663,0.35824
704_VRC01_Concordance|1200432|sample|4|PVO.4|5024,11.1111111111111,0.00779436,6,4,1,0.00194487,0.0126566,0.0126659,0.0126566,-0.985011,-0.98352
704_VRC01_Concordance|1200432|sample|4|PVO.4|5024,33.3333333333333,0.0027605,7,4,1,0.00135731,0.0036483,0.00366269,0.0036483,-0.290733,-0.286368
704_VRC01_Concordance|1200432|sample|4|PVO.4|5024,100,0.00116915,8,4,1,0.00119733,0.00167958,0.00169503,0.00167958,-0.194737,-0.189237
704_VRC01_Concordance|1200432|sample|5|PVO.4|5024,0.002286236854138,0.883215,1,5,1,0.825014,0.832498,0.83238,0.832498,0.294351,0.293627
704_VRC01_Concordance|1200432|sample|5|PVO.4|5024,0.0068587105624142,0.89653,2,5,1,0.826812,0.861191,0.861109,0.861191,0.19835,0.197869
704_VRC01_Concordance|1200432|sample|5|PVO.4|5024,0.0205761316872428,0.878603,3,5,1,0.738022,0.877598,0.877546,0.877598,0.00580663,0.00552278
704_VRC01_Concordance|1200432|sample|5|PVO.4|5024,0.0617283950617284,0.790088,4,5,1,0.469606,0.85997,0.859952,0.85997,-0.391737,-0.391831
704_VRC01_Concordance|1200432|sample|5|PVO.4|5024,0.1851851851851852,0.721465,5,5,1,0.172254,0.720749,0.720749,0.720749,0.00478001,0.00478295
704_VRC01_Concordance|1200432|sample|5|PVO.4|5024,0.5555555555555556,0.483543,6,5,1,0.0439224,0.404366,0.404342,0.404366,0.930644,0.930318
704_VRC01_Concordance|1200432|sample|5|PVO.4|5024,1.66666666666667,0.199503,7,5,1,0.0105925,0.133546,0.133519,0.133546,2.22329,2.222
704_VRC01_Concordance|1200432|sample|5|PVO.4|5024,5,0.0347498,8,5,1,0.00315371,0.03275,0.0327469,0.03275,0.221192,0.22083
704_VRC01_Concordance|1200432|sample|6|PVO.4|5024,0.002286236854138,0.994382,1,6,1,0.825014,0.832498,0.83238,0.832498,0.938048,0.937234
704_VRC01_Concordance|1200432|sample|6|PVO.4|5024,0.0068587105624142,0.986474,2,6,1,0.826812,0.861191,0.861109,0.861191,0.70201,0.701482
704_VRC01_Concordance|1200432|sample|6|PVO.4|5024,0.0205761316872428,0.991621,3,6,1,0.738022,0.877598,0.877546,0.877598,0.626976,0.626656
704_VRC01_Concordance|1200432|sample|6|PVO.4|5024,0.0617283950617284,0.869396,4,6,1,0.469606,0.85997,0.859952,0.85997,0.0529528,0.0528499
704_VRC01_Concordance|1200432|sample|6|PVO.4|5024,0.1851851851851852,0.779355,5,6,1,0.172254,0.720749,0.720749,0.720749,0.391081,0.391084
704_VRC01_Concordance|1200432|sample|6|PVO.4|5024,0.5555555555555556,0.468051,6,6,1,0.0439224,0.404366,0.404342,0.404366,0.748613,0.748298
704_VRC01_Concordance|1200432|sample|6|PVO.4|5024,1.66666666666667,0.186123,7,6,1,0.0105925,0.133546,0.133519,0.133546,1.77245,1.77124
704_VRC01_Concordance|1200432|sample|6|PVO.4|5024,5,0.0497215,8,6,1,0.00315371,0.03275,0.0327469,0.03275,1.87456,1.87408
704_VRC01_Concordance|1200432|sample|7|PVO.4|5024,0.0457247370827617,0.822711,1,7,1,0.515142,0.802899,0.802799,0.802899,0.119488,0.118873
704_VRC01_Concordance|1200432|sample|7|PVO.4|5024,0.1371742112482853,0.758505,2,7,1,0.225734,0.736723,0.73668,0.736723,0.142536,0.14225
704_VRC01_Concordance|1200432|sample|7|PVO.4|5024,0.411522633744856,0.445919,3,7,1,0.0644009,0.496394,0.496376,0.496394,-0.48546,-0.485617
704_VRC01_Concordance|1200432|sample|7|PVO.4|5024,1.23456790123457,0.173424,4,7,1,0.0161669,0.196994,0.196971,0.196994,-0.5519,-0.552385
704_VRC01_Concordance|1200432|sample|7|PVO.4|5024,3.7037037037037,0.0308202,5,7,1,0.00455714,0.0525293,0.0525241,0.0525293,-1.65645,-1.65671
704_VRC01_Concordance|1200432|sample|7|PVO.4|5024,11.1111111111111,0.00402709,6,7,1,0.00194487,0.0126566,0.0126659,0.0126566,-1.74675,-1.74555
704_VRC01_Concordance|1200432|sample|7|PVO.4|5024,33.3333333333333,0.00243574,7,7,1,0.00135731,0.0036483,0.00366269,0.0036483,-0.39539,-0.391125
704_VRC01_Concordance|1200432|sample|7|PVO.4|5024,100,0.00113668,8,7,1,0.00119733,0.00167958,0.00169503,0.00167958,-0.206763,-0.201277
704_VRC01_Concordance|1200432|sample|8|PVO.4|5024,0.0457247370827617,0.796746,1,8,1,0.515142,0.802899,0.802799,0.802899,-0.0363205,-0.0369161
704_VRC01_Concordance|1200432|sample|8|PVO.4|5024,0.1371742112482853,0.73569,2,8,1,0.225734,0.736723,0.73668,0.736723,-0.00646711,-0.00674421
704_VRC01_Concordance|1200432|sample|8|PVO.4|5024,0.411522633744856,0.466265,3,8,1,0.0644009,0.496394,0.496376,0.496394,-0.289702,-0.289866
704_VRC01_Concordance|1200432|sample|8|PVO.4|5024,1.23456790123457,0.184954,4,8,1,0.0161669,0.196994,0.196971,0.196994,-0.281667,-0.282182
704_VRC01_Concordance|1200432|sample|8|PVO.4|5024,3.7037037037037,0.0379325,5,8,1,0.00455714,0.0525293,0.0525241,0.0525293,-1.11363,-1.11394
704_VRC01_Concordance|1200432|sample|8|PVO.4|5024,11.1111111111111,0.00399461,6,8,1,0.00194487,0.0126566,0.0126659,0.0126566,-1.75331,-1.75211
704_VRC01_Concordance|1200432|sample|8|PVO.4|5024,33.3333333333333,0.00168878,7,8,1,0.00135731,0.0036483,0.00366269,0.0036483,-0.6361,-0.632064
704_VRC01_Concordance|1200432|sample|8|PVO.4|5024,100,0,8,8,1,0.00119733,0.00167958,0.00169503,0.00167958,-0.627683,-0.622691
704_VRC01_Concordance|1200432|sample|9|PVO.4|5024,0.002286236854138,0.844113,1,9,1,0.825014,0.832498,0.83238,0.832498,0.0679379,0.0672454
704_VRC01_Concordance|1200432|sample|9|PVO.4|5024,0.0068587105624142,0.938782,2,9,1,0.826812,0.861191,0.861109,0.861191,0.434949,0.434446
704_VRC01_Concordance|1200432|sample|9|PVO.4|5024,0.0205761316872428,0.856568,3,9,1,0.738022,0.877598,0.877546,0.877598,-0.115304,-0.11558
704_VRC01_Concordance|1200432|sample|9|PVO.4|5024,0.0617283950617284,0.895653,4,9,1,0.469606,0.85997,0.859952,0.85997,0.200181,0.200075
704_VRC01_Concordance|1200432|sample|9|PVO.4|5024,0.1851851851851852,0.785119,5,9,1,0.172254,0.720749,0.720749,0.720749,0.429549,0.429552
704_VRC01_Concordance|1200432|sample|9|PVO.4|5024,0.5555555555555556,0.449345,6,9,1,0.0439224,0.404366,0.404342,0.404366,0.528803,0.528499
704_VRC01_Concordance|1200432|sample|9|PVO.4|5024,1.66666666666667,0.160499,7,9,1,0.0105925,0.133546,0.133519,0.133546,0.909062,0.908009
704_VRC01_Concordance|1200432|sample|9|PVO.4|5024,5,0.0365685,8,9,1,0.00315371,0.03275,0.0327469,0.03275,0.422035,0.421658
704_VRC01_Concordance|1200432|vc|1|2|PVO.4|5024,0,0.927366,1,2,1,0.832986,0.832986,0.832868,0.832986,0.546866,0.546103
704_VRC01_Concordance|1200432|vc|2|2|PVO.4|5024,0,0.913369,2,2,1,0.863511,0.863511,0.863426,0.863511,0.278925,0.278425
704_VRC01_Concordance|1200432|vc|3|2|PVO.4|5024,0,1,3,2,1,0.863511,0.863511,0.863426,0.863511,0.762751,0.762204
704_VRC01_Concordance|1200432|vc|4|2|PVO.4|5024,0,0.936054,4,2,1,0.863511,0.863511,0.863426,0.863511,0.405618,0.405105
704_VRC01_Concordance|1200432|vc|5|2|PVO.4|5024,0,0.990712,5,2,1,0.863511,0.863511,0.863426,0.863511,0.710877,0.710335
704_VRC01_Concordance|1200432|vc|6|2|PVO.4|5024,0,0.919832,6,2,1,0.863511,0.863511,0.863426,0.863511,0.31502,0.314516
704_VRC01_Concordance|1200432|vc|7|2|PVO.4|5024,0,0.864589,7,2,1,0.863511,0.863511,0.863426,0.863511,0.00649596,0.00602222
704_VRC01_Concordance|1200432|vc|8|2|PVO.4|5024,0,0.869461,8,2,1,0.832986,0.832986,0.832868,0.832986,0.211766,0.21105
