id,time,rlu_norm,plate_row,plate_col,virus_cc,popPred_medianCOV,popPred,indivPred_SAEM,indivPred_mode,indWRes_SAEM,indWRes_mode
130_bNAb_Combinations|1313842|cc|1|1|nan|2946,0,0.00107969,1,1,0,0,0,0,0,0.558496,0.558496
130_bNAb_Combinations|1313842|cc|2|1|nan|2946,0,0.000918885,2,1,0,0,0,0,0,0.475316,0.475316
130_bNAb_Combinations|1313842|cc|3|1|nan|2946,0,0.00110266,3,1,0,0,0,0,0,0.570379,0.570379
130_bNAb_Combinations|1313842|cc|4|1|nan|2946,0,0.00133238,4,1,0,0,0,0,0,0.689208,0.689208
130_bNAb_Combinations|1313842|cc|5|1|nan|2946,0,0.00153913,5,1,0,0,0,0,0,0.796154,0.796154
130_bNAb_Combinations|1313842|cc|6|1|nan|2946,0,0.00149319,6,1,0,0,0,0,0,0.772388,0.772388
130_bNAb_Combinations|1313842|cc|7|1|nan|2946,0,0.00149319,7,1,0,0,0,0,0,0.772388,0.772388
130_bNAb_Combinations|1313842|cc|8|1|nan|2946,0,0.000826997,8,1,0,0,0,0,0,0.427784,0.427784
130_bNAb_Combinations|1313842|sample|10|nan|2946,0.0003648,0.782305,1,10,1,0.537138,0.534729,0.821775,0.821251,-0.415926,-0.410665
130_bNAb_Combinations|1313842|sample|10|nan|2946,0.001824,0.882187,2,10,1,0.272301,0.266664,0.929093,0.928647,-0.438215,-0.434257
130_bNAb_Combinations|1313842|sample|10|nan|2946,0.00912,0.889573,3,10,1,0.0360437,0.028143,0.919102,0.918854,-0.278819,-0.276548
130_bNAb_Combinations|1313842|sample|10|nan|2946,0.0456,0.751223,4,10,1,0.0121875,0.00408683,0.801911,0.801631,-0.547092,-0.544248
130_bNAb_Combinations|1313842|sample|10|nan|2946,0.228,0.542866,5,10,1,0.0121594,0.00405854,0.538521,0.538259,0.0691211,0.0733375
130_bNAb_Combinations|1313842|sample|10|nan|2946,1.14,0.150628,6,10,1,0.0121594,0.00405854,0.170853,0.170753,-0.951265,-0.947059
130_bNAb_Combinations|1313842|sample|10|nan|2946,5.7,0.0141738,7,10,1,0.0117293,0.00391496,0.00968624,0.00968374,1.48155,1.48251
130_bNAb_Combinations|1313842|sample|10|nan|2946,28.5,0.000252693,8,10,1,0.0102091,0.00340756,0.00341026,0.00340813,-1.36161,-1.36083
130_bNAb_Combinations|1313842|sample|11|nan|2946,0.0003712,0.787795,1,11,1,0.534444,0.531419,0.823103,0.822444,-0.37148,-0.364831
130_bNAb_Combinations|1313842|sample|11|nan|2946,0.001856,0.899692,2,11,1,0.268451,0.261395,0.933503,0.932606,-0.314409,-0.30636
130_bNAb_Combinations|1313842|sample|11|nan|2946,0.00928,0.943259,3,11,1,0.0338114,0.0243091,0.899197,0.897462,0.425084,0.442661
130_bNAb_Combinations|1313842|sample|11|nan|2946,0.0464,0.770876,4,11,1,0.0117534,0.00201918,0.805782,0.801967,-0.374983,-0.335558
130_bNAb_Combinations|1313842|sample|11|nan|2946,0.2319999999999999,0.591682,5,11,1,0.0117293,0.00199481,0.584717,0.577241,0.102304,0.214792
130_bNAb_Combinations|1313842|sample|11|nan|2946,1.16,0.238543,6,11,1,0.0117293,0.00199481,0.230438,0.222306,0.289423,0.599535
130_bNAb_Combinations|1313842|sample|11|nan|2946,5.8,0.0150238,7,11,1,0.0117293,0.00199481,0.0175056,0.0160139,-0.63417,-0.264406
130_bNAb_Combinations|1313842|sample|11|nan|2946,29,0,8,11,1,0.0102091,0.00173627,0.00174526,0.00174232,-0.819123,-0.817871
130_bNAb_Combinations|1313842|sample|12|nan|2946,0.0003712,0.726907,1,12,1,0.534444,0.531419,0.822357,0.821846,-1.00513,-1.00036
130_bNAb_Combinations|1313842|sample|12|nan|2946,0.001856,0.725805,2,12,1,0.233658,0.227517,0.8105,0.810007,-0.904656,-0.899928
130_bNAb_Combinations|1313842|sample|12|nan|2946,0.00928,0.699823,3,12,1,0.0294292,0.0211585,0.776718,0.776283,-0.856287,-0.851917
130_bNAb_Combinations|1313842|sample|12|nan|2946,0.0464,0.628667,4,12,1,0.0102301,0.00175749,0.685652,0.685387,-0.716815,-0.713743
130_bNAb_Combinations|1313842|sample|12|nan|2946,0.2319999999999999,0.46638,5,12,1,0.0102091,0.00173627,0.476248,0.476342,-0.176803,-0.178463
130_bNAb_Combinations|1313842|sample|12|nan|2946,1.16,0.173084,6,12,1,0.0102091,0.00173627,0.165596,0.16595,0.362307,0.344495
130_bNAb_Combinations|1313842|sample|12|nan|2946,5.8,0.0100848,7,12,1,0.0102091,0.00173627,0.00953046,0.00959644,0.184072,0.161761
130_bNAb_Combinations|1313842|sample|12|nan|2946,29,0.00119455,8,12,1,0.0102091,0.00173627,0.00173917,0.00173813,-0.255694,-0.255223
130_bNAb_Combinations|1313842|sample|3|nan|2946,0.000064,0.866394,1,3,1,0.722904,0.727638,0.827697,0.82716,0.404921,0.410803
130_bNAb_Combinations|1313842|sample|3|nan|2946,0.00032,0.944316,2,3,1,0.639797,0.653817,0.948862,0.94837,-0.0416067,-0.0371202
130_bNAb_Combinations|1313842|sample|3|nan|2946,0.0016,0.961051,3,3,1,0.312739,0.343029,0.977615,0.977225,-0.147207,-0.143792
130_bNAb_Combinations|1313842|sample|3|nan|2946,0.008,0.986159,4,3,1,0.0445597,0.0868901,0.960814,0.960074,0.229107,0.235979
130_bNAb_Combinations|1313842|sample|3|nan|2946,0.04,0.882578,5,3,1,0.0122238,0.0560034,0.913309,0.911627,-0.291974,-0.2765
130_bNAb_Combinations|1313842|sample|3|nan|2946,0.2,0.77709,6,3,1,0.0121594,0.0559419,0.788039,0.784189,-0.120212,-0.0783171
130_bNAb_Combinations|1313842|sample|3|nan|2946,1,0.473111,7,3,1,0.0117293,0.0539629,0.499202,0.492539,-0.446721,-0.336993
130_bNAb_Combinations|1313842|sample|3|nan|2946,5,0.151731,8,3,1,0.0102091,0.046969,0.148513,0.14429,0.171782,0.407567
130_bNAb_Combinations|1313842|sample|4|nan|2946,0.000064,0.844789,1,4,1,0.722904,0.727638,0.827569,0.827099,0.180211,0.18523
130_bNAb_Combinations|1313842|sample|4|nan|2946,0.00032,0.96429,2,4,1,0.639797,0.653817,0.948433,0.948167,0.145179,0.147654
130_bNAb_Combinations|1313842|sample|4|nan|2946,0.0016,0.942363,3,4,1,0.312739,0.343029,0.976319,0.976612,-0.302153,-0.30467
130_bNAb_Combinations|1313842|sample|4|nan|2946,0.008,0.926512,4,4,1,0.0450058,0.0877599,0.966548,0.967904,-0.359789,-0.371469
130_bNAb_Combinations|1313842|sample|4|nan|2946,0.04,0.878374,5,4,1,0.0123461,0.056564,0.911927,0.915827,-0.31926,-0.35488
130_bNAb_Combinations|1313842|sample|4|nan|2946,0.2,0.73798,6,4,1,0.0121594,0.0559419,0.762575,0.772109,-0.278861,-0.382277
130_bNAb_Combinations|1313842|sample|4|nan|2946,1,0.443512,7,4,1,0.0117293,0.0539629,0.455535,0.471664,-0.224885,-0.509175
130_bNAb_Combinations|1313842|sample|4|nan|2946,5,0.140934,8,4,1,0.0102091,0.046969,0.122367,0.131518,1.17688,0.560114
130_bNAb_Combinations|1313842|sample|5|nan|2946,0.0006144,0.829983,1,5,1,0.449209,0.466253,0.824097,0.823779,0.0618539,0.0652178
130_bNAb_Combinations|1313842|sample|5|nan|2946,0.003072,0.89357,2,5,1,0.165247,0.200593,0.936817,0.937057,-0.400762,-0.402883
130_bNAb_Combinations|1313842|sample|5|nan|2946,0.01536,0.91946,3,5,1,0.0174871,0.0610311,0.941714,0.943483,-0.205177,-0.221074
130_bNAb_Combinations|1313842|sample|5|nan|2946,0.0768,0.844513,4,5,1,0.0122816,0.0565024,0.869871,0.875113,-0.252725,-0.303179
130_bNAb_Combinations|1313842|sample|5|nan|2946,0.384,0.634686,5,5,1,0.0122811,0.0565019,0.672281,0.684116,-0.482081,-0.623138
130_bNAb_Combinations|1313842|sample|5|nan|2946,1.92,0.273162,6,5,1,0.0121594,0.0559419,0.326918,0.342414,-1.38133,-1.70283
130_bNAb_Combinations|1313842|sample|5|nan|2946,9.6,0.101927,7,5,1,0.0117293,0.0539629,0.0792702,0.0836338,2.07851,1.60549
130_bNAb_Combinations|1313842|sample|5|nan|2946,48,0.049482,8,5,1,0.0102091,0.046969,0.0470311,0.0470198,0.337879,0.339501
130_bNAb_Combinations|1313842|sample|6|nan|2946,0.0006144,0.807137,1,6,1,0.449209,0.466253,0.825456,0.824817,-0.192191,-0.185626
130_bNAb_Combinations|1313842|sample|6|nan|2946,0.003072,0.913073,2,6,1,0.165247,0.200593,0.94135,0.940518,-0.260796,-0.253339
130_bNAb_Combinations|1313842|sample|6|nan|2946,0.01536,0.905757,3,6,1,0.0174871,0.0610311,0.955114,0.953717,-0.448781,-0.4367
130_bNAb_Combinations|1313842|sample|6|nan|2946,0.0768,0.884312,4,6,1,0.0122816,0.0565024,0.90645,0.90307,-0.211894,-0.180203
130_bNAb_Combinations|1313842|sample|6|nan|2946,0.384,0.63016,5,6,1,0.0122811,0.0565019,0.756826,0.74887,-1.44679,-1.37
130_bNAb_Combinations|1313842|sample|6|nan|2946,1.92,0.318692,6,6,1,0.0121594,0.0559419,0.449943,0.437131,-2.48423,-2.30498
130_bNAb_Combinations|1313842|sample|6|nan|2946,9.6,0.14291,7,6,1,0.0117293,0.0539629,0.12793,0.121256,0.913119,1.38361
130_bNAb_Combinations|1313842|sample|6|nan|2946,48,0.0423376,8,6,1,0.0102091,0.046969,0.0476249,0.0474526,-0.722225,-0.700548
130_bNAb_Combinations|1313842|sample|7|nan|2946,0.0000768,0.796949,1,7,1,0.710319,0.709347,0.826425,0.825883,-0.308893,-0.303405
130_bNAb_Combinations|1313842|sample|7|nan|2946,0.000384,1,2,7,1,0.607934,0.60509,0.944592,0.944083,0.509309,0.514261
130_bNAb_Combinations|1313842|sample|7|nan|2946,0.00192,0.911982,3,7,1,0.270558,0.264616,0.96477,0.964331,-0.475252,-0.471508
130_bNAb_Combinations|1313842|sample|7|nan|2946,0.0096,0.8727,4,7,1,0.0335374,0.0255336,0.933402,0.932654,-0.564537,-0.558018
130_bNAb_Combinations|1313842|sample|7|nan|2946,0.048,0.846259,5,7,1,0.0123012,0.00411944,0.823225,0.821457,0.242312,0.261451
130_bNAb_Combinations|1313842|sample|7|nan|2946,0.24,0.530266,6,7,1,0.0121594,0.00405854,0.564863,0.561427,-0.525521,-0.476139
130_bNAb_Combinations|1313842|sample|7|nan|2946,1.2,0.187832,7,7,1,0.0117293,0.00391496,0.188903,0.185737,-0.0459851,0.0912907
130_bNAb_Combinations|1313842|sample|7|nan|2946,6,0.0118536,8,7,1,0.0102091,0.00340756,0.0108566,0.0105134,0.315383,0.429207
130_bNAb_Combinations|1313842|sample|8|nan|2946,0.0000768,0.807666,1,8,1,0.710319,0.709347,0.826158,0.825869,-0.193853,-0.190886
130_bNAb_Combinations|1313842|sample|8|nan|2946,0.000384,0.9013,2,8,1,0.607934,0.60509,0.943698,0.944036,-0.390081,-0.393056
130_bNAb_Combinations|1313842|sample|8|nan|2946,0.00192,0.96043,3,8,1,0.270558,0.264616,0.962096,0.964192,-0.0150371,-0.0338843
130_bNAb_Combinations|1313842|sample|8|nan|2946,0.0096,0.907296,4,8,1,0.0335374,0.0255336,0.925841,0.93226,-0.173853,-0.232449
130_bNAb_Combinations|1313842|sample|8|nan|2946,0.048,0.786233,5,8,1,0.0123012,0.00411944,0.803863,0.820444,-0.18984,-0.361079
130_bNAb_Combinations|1313842|sample|8|nan|2946,0.24,0.560359,6,8,1,0.0121594,0.00405854,0.527036,0.559411,0.541361,0.0145395
130_bNAb_Combinations|1313842|sample|8|nan|2946,1.2,0.163389,7,8,1,0.0117293,0.00391496,0.155046,0.18384,0.428434,-0.899697
130_bNAb_Combinations|1313842|sample|8|nan|2946,6,0.0142427,8,8,1,0.0102091,0.00340756,0.00761614,0.0103056,2.37105,1.27044
130_bNAb_Combinations|1313842|sample|9|nan|2946,0.0003648,0.848418,1,9,1,0.537138,0.534729,0.821249,0.821027,0.286481,0.288903
130_bNAb_Combinations|1313842|sample|9|nan|2946,0.001824,0.929671,2,9,1,0.272301,0.266664,0.927352,0.927904,0.0217033,0.0165277
130_bNAb_Combinations|1313842|sample|9|nan|2946,0.00912,0.902196,3,9,1,0.0360437,0.028143,0.914065,0.916701,-0.112674,-0.137306
130_bNAb_Combinations|1313842|sample|9|nan|2946,0.0456,0.850118,4,9,1,0.0123095,0.00412774,0.796921,0.804118,0.577693,0.495164
130_bNAb_Combinations|1313842|sample|9|nan|2946,0.228,0.545806,5,9,1,0.0122811,0.00409916,0.518977,0.532895,0.442411,0.207521
130_bNAb_Combinations|1313842|sample|9|nan|2946,1.14,0.154396,6,9,1,0.0121594,0.00405854,0.149582,0.161325,0.255284,-0.343331
130_bNAb_Combinations|1313842|sample|9|nan|2946,5.7,0.0108658,7,9,1,0.0117293,0.00391496,0.00784406,0.0088101,1.07133,0.701646
130_bNAb_Combinations|1313842|sample|9|nan|2946,28.5,0.000413498,8,9,1,0.0102091,0.00340756,0.0034099,0.00340793,-1.29213,-1.29141
130_bNAb_Combinations|1313842|vc|1|2|nan|2946,0,0.842836,1,2,1,0.828042,0.828043,0.828562,0.828043,0.149211,0.154726
130_bNAb_Combinations|1313842|vc|2|2|nan|2946,0,0.947647,2,2,1,0.951342,0.951343,0.951772,0.951343,-0.0376446,-0.0337396
130_bNAb_Combinations|1313842|vc|3|2|nan|2946,0,0.949806,3,2,1,0.951342,0.951343,0.951772,0.951343,-0.0179428,-0.0140291
130_bNAb_Combinations|1313842|vc|4|2|nan|2946,0,0.93376,4,2,1,0.951342,0.951343,0.951772,0.951343,-0.164344,-0.160495
130_bNAb_Combinations|1313842|vc|5|2|nan|2946,0,0.949576,5,2,1,0.951342,0.951343,0.951772,0.951343,-0.0200388,-0.016126
130_bNAb_Combinations|1313842|vc|6|2|nan|2946,0,0.978843,6,2,1,0.951342,0.951343,0.951772,0.951343,0.246984,0.251015
130_bNAb_Combinations|1313842|vc|7|2|nan|2946,0,0.900864,7,2,1,0.951342,0.951343,0.951772,0.951343,-0.464482,-0.460767
130_bNAb_Combinations|1313842|vc|8|2|nan|2946,0,0.690864,8,2,1,0.828042,0.828043,0.828562,0.828043,-1.43938,-1.43484
130_bNAb_Combinations|1313860|cc|1|1|PVO.4|5024,0,0.000722109,1,1,0,0,0,0,0,0.373528,0.373528
130_bNAb_Combinations|1313860|cc|2|1|PVO.4|5024,0,0.000902636,2,1,0,0,0,0,0,0.46691,0.46691
130_bNAb_Combinations|1313860|cc|3|1|PVO.4|5024,0,0.0011634,3,1,0,0,0,0,0,0.601796,0.601796
130_bNAb_Combinations|1313860|cc|4|1|PVO.4|5024,0,0.00162474,4,1,0,0,0,0,0,0.840439,0.840439
130_bNAb_Combinations|1313860|cc|5|1|PVO.4|5024,0,0.00138404,5,1,0,0,0,0,0,0.715929,0.715929
130_bNAb_Combinations|1313860|cc|6|1|PVO.4|5024,0,0.0016448,6,1,0,0,0,0,0,0.850814,0.850814
130_bNAb_Combinations|1313860|cc|7|1|PVO.4|5024,0,0.00178521,7,1,0,0,0,0,0,0.923445,0.923445
130_bNAb_Combinations|1313860|cc|8|1|PVO.4|5024,0,0.00148433,8,1,0,0,0,0,0,0.767808,0.767808
130_bNAb_Combinations|1313860|sample|10|PVO.4|5024,0.0003648,0.940566,1,10,1,0.537138,0.534241,0.815792,0.815053,1.32428,1.33331
130_bNAb_Combinations|1313860|sample|10|PVO.4|5024,0.001824,0.927278,2,10,1,0.272301,0.265524,0.909414,0.908267,0.170435,0.1816
130_bNAb_Combinations|1313860|sample|10|PVO.4|5024,0.00912,0.889708,3,10,1,0.0360437,0.0265401,0.863228,0.861033,0.265899,0.288657
130_bNAb_Combinations|1313860|sample|10|PVO.4|5024,0.0456,0.686274,4,10,1,0.0121875,0.0024417,0.667523,0.662898,0.242107,0.303881
130_bNAb_Combinations|1313860|sample|10|PVO.4|5024,0.228,0.317477,5,10,1,0.0121594,0.00241336,0.315953,0.309861,0.0404605,0.205909
130_bNAb_Combinations|1313860|sample|10|PVO.4|5024,1.14,0.0365267,6,10,1,0.0121594,0.00241336,0.0382534,0.0363401,-0.275812,0.0308598
130_bNAb_Combinations|1313860|sample|10|PVO.4|5024,5.7,0.000641874,7,10,1,0.0117293,0.00232798,0.00240915,0.00239716,-0.801216,-0.796269
130_bNAb_Combinations|1313860|sample|10|PVO.4|5024,28.5,0.000441289,8,10,1,0.0102091,0.00202626,0.00202753,0.00202626,-0.733495,-0.732957
130_bNAb_Combinations|1313860|sample|11|PVO.4|5024,0.0003712,0.89049,1,11,1,0.534444,0.531047,0.81375,0.812668,0.816483,0.829076
130_bNAb_Combinations|1313860|sample|11|PVO.4|5024,0.001856,0.925934,2,11,1,0.268451,0.260536,0.902755,0.900497,0.22275,0.245054
130_bNAb_Combinations|1313860|sample|11|PVO.4|5024,0.00928,0.859359,3,11,1,0.0338114,0.0231573,0.815149,0.809926,0.469588,0.528377
130_bNAb_Combinations|1313860|sample|11|PVO.4|5024,0.0464,0.674941,4,11,1,0.0117534,0.000839872,0.604721,0.594053,0.998246,1.16999
130_bNAb_Combinations|1313860|sample|11|PVO.4|5024,0.2319999999999999,0.244805,5,11,1,0.0117293,0.000815466,0.253609,0.241147,-0.287491,0.125203
130_bNAb_Combinations|1313860|sample|11|PVO.4|5024,1.16,0.0178521,6,11,1,0.0117293,0.000815466,0.0214623,0.0187273,-0.827804,-0.215988
130_bNAb_Combinations|1313860|sample|11|PVO.4|5024,5.8,0.00070205,7,11,1,0.0117293,0.000815466,0.000835455,0.000828887,-0.0657908,-0.0625743
130_bNAb_Combinations|1313860|sample|11|PVO.4|5024,29,0.000160469,8,11,1,0.0102091,0.000709775,0.000710219,0.000709775,-0.273025,-0.272811
130_bNAb_Combinations|1313860|sample|12|PVO.4|5024,0.0003712,0.939283,1,12,1,0.534444,0.531047,0.812302,0.812513,1.35337,1.35079
130_bNAb_Combinations|1313860|sample|12|PVO.4|5024,0.001856,0.916777,2,12,1,0.233658,0.226769,0.781797,0.783347,1.49356,1.47356
130_bNAb_Combinations|1313860|sample|12|PVO.4|5024,0.00928,0.891313,3,12,1,0.0294292,0.0201559,0.698861,0.7038,2.37617,2.29933
130_bNAb_Combinations|1313860|sample|12|PVO.4|5024,0.0464,0.651633,4,12,1,0.0102301,0.000731018,0.503455,0.514592,2.51631,2.27844
130_bNAb_Combinations|1313860|sample|12|PVO.4|5024,0.2319999999999999,0.224295,5,12,1,0.0102091,0.000709775,0.194005,0.207007,1.26843,0.68196
130_bNAb_Combinations|1313860|sample|12|PVO.4|5024,1.16,0.00968829,6,12,1,0.0102091,0.000709775,0.0131354,0.0156957,-1.00816,-1.61978
130_bNAb_Combinations|1313860|sample|12|PVO.4|5024,5.8,0.000661933,7,12,1,0.0102091,0.000709775,0.000716525,0.000720274,-0.0271027,-0.0289578
130_bNAb_Combinations|1313860|sample|12|PVO.4|5024,29,0,8,12,1,0.0102091,0.000709775,0.000710219,0.000709775,-0.352719,-0.352507
130_bNAb_Combinations|1313860|sample|3|PVO.4|5024,0.000064,0.942953,1,3,1,0.722904,0.721926,0.827638,0.827058,1.20673,1.21363
130_bNAb_Combinations|1313860|sample|3|PVO.4|5024,0.00032,0.869078,2,3,1,0.639797,0.6369,0.948674,0.94804,-0.728551,-0.723221
130_bNAb_Combinations|1313860|sample|3|PVO.4|5024,0.0016,0.85281,3,3,1,0.312739,0.30646,0.97705,0.976231,-1.10472,-1.09834
130_bNAb_Combinations|1313860|sample|3|PVO.4|5024,0.008,0.886438,4,3,1,0.0445597,0.0357584,0.959173,0.957201,-0.658588,-0.642031
130_bNAb_Combinations|1313860|sample|3|PVO.4|5024,0.04,0.784701,5,3,1,0.0122238,0.00311564,0.90864,0.903551,-1.18348,-1.14116
130_bNAb_Combinations|1313860|sample|3|PVO.4|5024,0.2,0.757893,6,3,1,0.0121594,0.00305067,0.775483,0.763192,-0.196182,-0.0600315
130_bNAb_Combinations|1313860|sample|3|PVO.4|5024,1,0.495868,7,3,1,0.0117293,0.00294275,0.471211,0.449953,0.446373,0.869042
130_bNAb_Combinations|1313860|sample|3|PVO.4|5024,5,0.0938942,8,3,1,0.0102091,0.00256134,0.108367,0.0952015,-1.01976,-0.102917
130_bNAb_Combinations|1313860|sample|4|PVO.4|5024,0.000064,0.963754,1,4,1,0.722904,0.721926,0.827615,0.827076,1.42468,1.43124
130_bNAb_Combinations|1313860|sample|4|PVO.4|5024,0.00032,0.848879,2,4,1,0.639797,0.6369,0.948598,0.948098,-0.912814,-0.908708
130_bNAb_Combinations|1313860|sample|4|PVO.4|5024,0.0016,0.847455,3,4,1,0.312739,0.30646,0.976821,0.976408,-1.15057,-1.14737
130_bNAb_Combinations|1313860|sample|4|PVO.4|5024,0.008,0.867142,4,4,1,0.0450058,0.0361163,0.967991,0.967297,-0.90498,-0.899389
130_bNAb_Combinations|1313860|sample|4|PVO.4|5024,0.04,0.805653,5,4,1,0.0123461,0.00314683,0.915782,0.914019,-1.04357,-1.0288
130_bNAb_Combinations|1313860|sample|4|PVO.4|5024,0.2,0.707095,6,4,1,0.0121594,0.00305067,0.770943,0.766676,-0.716216,-0.671988
130_bNAb_Combinations|1313860|sample|4|PVO.4|5024,1,0.503972,7,4,1,0.0117293,0.00294275,0.463228,0.455952,0.749839,0.897348
130_bNAb_Combinations|1313860|sample|4|PVO.4|5024,5,0.0983672,8,4,1,0.0102091,0.00256134,0.103243,0.0988334,-0.358164,-0.0355442
130_bNAb_Combinations|1313860|sample|5|PVO.4|5024,0.0006144,0.899286,1,5,1,0.449209,0.445682,0.824244,0.823729,0.788452,0.794348
130_bNAb_Combinations|1313860|sample|5|PVO.4|5024,0.003072,0.907339,2,5,1,0.165247,0.157909,0.937313,0.936896,-0.277616,-0.273872
130_bNAb_Combinations|1313860|sample|5|PVO.4|5024,0.01536,0.855779,3,5,1,0.0174871,0.00842913,0.943141,0.942977,-0.804245,-0.802866
130_bNAb_Combinations|1313860|sample|5|PVO.4|5024,0.0768,0.837576,4,5,1,0.0122816,0.00308173,0.873413,0.873445,-0.355745,-0.356045
130_bNAb_Combinations|1313860|sample|5|PVO.4|5024,0.384,0.66436,5,5,1,0.0122811,0.00308121,0.677887,0.678122,-0.172053,-0.17499
130_bNAb_Combinations|1313860|sample|5|PVO.4|5024,1.92,0.280479,6,5,1,0.0121594,0.00305067,0.321238,0.321656,-1.06495,-1.07453
130_bNAb_Combinations|1313860|sample|5|PVO.4|5024,9.6,0.0437879,7,5,1,0.0117293,0.00294275,0.039055,0.0392255,0.745173,0.716163
130_bNAb_Combinations|1313860|sample|5|PVO.4|5024,48,0.00302884,8,5,1,0.0102091,0.00256134,0.00264156,0.00264127,0.17351,0.173643
130_bNAb_Combinations|1313860|sample|6|PVO.4|5024,0.0006144,0.902947,1,6,1,0.449209,0.445682,0.823858,0.823229,0.831345,0.838589
130_bNAb_Combinations|1313860|sample|6|PVO.4|5024,0.003072,1,2,6,1,0.165247,0.157909,0.936028,0.93523,0.593309,0.601218
130_bNAb_Combinations|1313860|sample|6|PVO.4|5024,0.01536,0.888003,3,6,1,0.0174871,0.00842913,0.939357,0.938071,-0.474631,-0.463366
130_bNAb_Combinations|1313860|sample|6|PVO.4|5024,0.0768,0.842731,4,6,1,0.0122816,0.00308173,0.86319,0.860208,-0.205453,-0.176098
130_bNAb_Combinations|1313860|sample|6|PVO.4|5024,0.384,0.660529,5,6,1,0.0122811,0.00308121,0.654974,0.648552,0.0730566,0.159052
130_bNAb_Combinations|1313860|sample|6|PVO.4|5024,1.92,0.278232,6,6,1,0.0121594,0.00305067,0.290841,0.282773,-0.361955,-0.133846
130_bNAb_Combinations|1313860|sample|6|PVO.4|5024,9.6,0.029446,7,6,1,0.0117293,0.00294275,0.0300445,0.0279576,-0.112246,0.292073
130_bNAb_Combinations|1313860|sample|6|PVO.4|5024,48,0.00204597,8,6,1,0.0102091,0.00256134,0.00259884,0.00259032,-0.248233,-0.244515
130_bNAb_Combinations|1313860|sample|7|PVO.4|5024,0.0000768,0.964978,1,7,1,0.710319,0.709147,0.824073,0.823549,1.48076,1.4872
130_bNAb_Combinations|1313860|sample|7|PVO.4|5024,0.000384,0.899587,2,7,1,0.607934,0.604515,0.936742,0.936295,-0.344343,-0.340357
130_bNAb_Combinations|1313860|sample|7|PVO.4|5024,0.00192,0.93161,3,7,1,0.270558,0.263415,0.941459,0.941205,-0.0908264,-0.0885083
130_bNAb_Combinations|1313860|sample|7|PVO.4|5024,0.0096,0.845689,4,7,1,0.0335374,0.0239096,0.868855,0.868645,-0.231138,-0.229104
130_bNAb_Combinations|1313860|sample|7|PVO.4|5024,0.048,0.647902,5,7,1,0.0123012,0.00245784,0.667577,0.667272,-0.254031,-0.250197
130_bNAb_Combinations|1313860|sample|7|PVO.4|5024,0.24,0.298712,6,7,1,0.0121594,0.00241336,0.307154,0.306841,-0.230141,-0.221822
130_bNAb_Combinations|1313860|sample|7|PVO.4|5024,1.2,0.0363862,7,7,1,0.0117293,0.00232798,0.0342057,0.0341439,0.375783,0.386902
130_bNAb_Combinations|1313860|sample|7|PVO.4|5024,6,0.00108316,8,7,1,0.0102091,0.00202626,0.00208335,0.002082,-0.461154,-0.460563
130_bNAb_Combinations|1313860|sample|8|PVO.4|5024,0.0000768,0.950786,1,8,1,0.710319,0.709147,0.824243,0.823507,1.32957,1.33847
130_bNAb_Combinations|1313860|sample|8|PVO.4|5024,0.000384,0.92461,2,8,1,0.607934,0.604515,0.93731,0.936157,-0.117628,-0.107079
130_bNAb_Combinations|1313860|sample|8|PVO.4|5024,0.00192,0.843312,3,8,1,0.270558,0.263415,0.943132,0.940798,-0.918931,-0.899634
130_bNAb_Combinations|1313860|sample|8|PVO.4|5024,0.0096,0.847094,4,8,1,0.0335374,0.0239096,0.873384,0.867546,-0.260985,-0.204371
130_bNAb_Combinations|1313860|sample|8|PVO.4|5024,0.048,0.634433,5,8,1,0.0123012,0.00245784,0.677795,0.664808,-0.551618,-0.393772
130_bNAb_Combinations|1313860|sample|8|PVO.4|5024,0.24,0.29454,6,8,1,0.0121594,0.00241336,0.320964,0.303574,-0.690957,-0.249045
130_bNAb_Combinations|1313860|sample|8|PVO.4|5024,1.2,0.0356641,7,8,1,0.0117293,0.00232798,0.0385144,0.0331779,-0.453125,0.437228
130_bNAb_Combinations|1313860|sample|8|PVO.4|5024,6,0.00112328,8,8,1,0.0102091,0.00202626,0.0021065,0.0020775,-0.452782,-0.440093
130_bNAb_Combinations|1313860|sample|9|PVO.4|5024,0.0003648,0.996159,1,9,1,0.537138,0.534241,0.815417,0.814835,1.91915,1.92668
130_bNAb_Combinations|1313860|sample|9|PVO.4|5024,0.001824,0.900911,2,9,1,0.272301,0.265524,0.908189,0.907555,-0.0695349,-0.0635217
130_bNAb_Combinations|1313860|sample|9|PVO.4|5024,0.00912,0.872167,3,9,1,0.0360437,0.0265401,0.859827,0.859057,0.124395,0.132265
130_bNAb_Combinations|1313860|sample|9|PVO.4|5024,0.0456,0.672464,4,9,1,0.0123095,0.00246615,0.666391,0.665057,0.0785376,0.0959857
130_bNAb_Combinations|1313860|sample|9|PVO.4|5024,0.228,0.315531,5,9,1,0.0122811,0.00243752,0.308597,0.306945,0.188203,0.234246
130_bNAb_Combinations|1313860|sample|9|PVO.4|5024,1.14,0.0348417,6,9,1,0.0121594,0.00241336,0.0349649,0.0344944,-0.0209123,0.0595291
130_bNAb_Combinations|1313860|sample|9|PVO.4|5024,5.7,0.0010631,7,9,1,0.0117293,0.00232798,0.00239062,0.00238736,-0.602416,-0.601039
130_bNAb_Combinations|1313860|sample|9|PVO.4|5024,28.5,0.000762226,8,9,1,0.0102091,0.00202626,0.00202753,0.00202626,-0.58509,-0.584542
130_bNAb_Combinations|1313860|vc|1|2|PVO.4|5024,0,0.954858,1,2,1,0.828042,0.828039,0.828558,0.828039,1.32024,1.32648
130_bNAb_Combinations|1313860|vc|2|2|PVO.4|5024,0,0.902094,2,2,1,0.951342,0.951341,0.951771,0.951341,-0.453243,-0.449522
130_bNAb_Combinations|1313860|vc|3|2|PVO.4|5024,0,0.86299,3,2,1,0.951342,0.951341,0.951771,0.951341,-0.810023,-0.806461
130_bNAb_Combinations|1313860|vc|4|2|PVO.4|5024,0,0.843613,4,2,1,0.951342,0.951341,0.951771,0.951341,-0.986812,-0.983328
130_bNAb_Combinations|1313860|vc|5|2|PVO.4|5024,0,0.869359,5,2,1,0.951342,0.951341,0.951771,0.951341,-0.751917,-0.748329
130_bNAb_Combinations|1313860|vc|6|2|PVO.4|5024,0,0.81162,6,2,1,0.951342,0.951341,0.951771,0.951341,-1.27871,-1.27536
130_bNAb_Combinations|1313860|vc|7|2|PVO.4|5024,0,0.761714,7,2,1,0.951342,0.951341,0.951771,0.951341,-1.73405,-1.73089
130_bNAb_Combinations|1313860|vc|8|2|PVO.4|5024,0,0.747362,8,2,1,0.828042,0.828039,0.828558,0.828039,-0.848755,-0.843853
130_bNAb_Combinations|1313884|cc|1|1|nan|4168,0,0.000363452,1,1,0,0,0,0,0,0.188004,0.188004
130_bNAb_Combinations|1313884|cc|2|1|nan|4168,0,0.000879936,2,1,0,0,0,0,0,0.455169,0.455169
130_bNAb_Combinations|1313884|cc|3|1|nan|4168,0,0.000248678,3,1,0,0,0,0,0,0.128635,0.128635
130_bNAb_Combinations|1313884|cc|4|1|nan|4168,0,5.73872e-05,4,1,0,0,0,0,0,0.0296849,0.0296849
130_bNAb_Combinations|1313884|cc|5|1|nan|4168,0,0,5,1,0,0,0,0,0,0,0
130_bNAb_Combinations|1313884|cc|6|1|nan|4168,0,0.000325194,6,1,0,0,0,0,0,0.168214,0.168214
130_bNAb_Combinations|1313884|cc|7|1|nan|4168,0,0.000554743,7,1,0,0,0,0,0,0.286954,0.286954
130_bNAb_Combinations|1313884|cc|8|1|nan|4168,0,0.000248678,8,1,0,0,0,0,0,0.128635,0.128635
130_bNAb_Combinations|1313884|sample|10|nan|4168,0.0003648,0.774009,1,10,1,0.537138,0.566238,0.805259,0.805402,-0.335914,-0.337388
130_bNAb_Combinations|1313884|sample|10|nan|4168,0.001824,0.732346,2,10,1,0.272301,0.340205,0.875669,0.877337,-1.41912,-1.43296
130_bNAb_Combinations|1313884|sample|10|nan|4168,0.00912,0.69975,3,10,1,0.0360437,0.131043,0.774861,0.779977,-0.838382,-0.88974
130_bNAb_Combinations|1313884|sample|10|nan|4168,0.0456,0.452067,4,10,1,0.0121875,0.109568,0.500706,0.509786,-0.83036,-0.968387
130_bNAb_Combinations|1313884|sample|10|nan|4168,0.228,0.221036,5,10,1,0.0121594,0.109543,0.193473,0.199289,1.15713,0.888449
130_bNAb_Combinations|1313884|sample|10|nan|4168,1.14,0.135271,6,10,1,0.0121594,0.109543,0.110633,0.110834,1.70522,1.68864
130_bNAb_Combinations|1313884|sample|10|nan|4168,5.7,0.0867311,7,10,1,0.0117293,0.105668,0.105716,0.105668,-1.36655,-1.36364
130_bNAb_Combinations|1313884|sample|10|nan|4168,28.5,0.0454124,8,10,1,0.0102091,0.091973,0.0920306,0.091973,-3.77652,-3.77385
130_bNAb_Combinations|1313884|sample|11|nan|4168,0.0003712,0.771905,1,11,1,0.534444,0.533453,0.818077,0.816999,-0.488701,-0.477908
130_bNAb_Combinations|1313884|sample|11|nan|4168,0.001856,0.762522,2,11,1,0.268451,0.266124,0.916884,0.91462,-1.46098,-1.44305
130_bNAb_Combinations|1313884|sample|11|nan|4168,0.00928,0.738841,3,11,1,0.0338114,0.0306646,0.853113,0.84772,-1.16081,-1.11292
130_bNAb_Combinations|1313884|sample|11|nan|4168,0.0464,0.560166,4,11,1,0.0117534,0.00852767,0.691009,0.678978,-1.63341,-1.50886
130_bNAb_Combinations|1313884|sample|11|nan|4168,0.2319999999999999,0.294645,5,11,1,0.0117293,0.00850346,0.374934,0.356829,-1.81044,-1.47009
130_bNAb_Combinations|1313884|sample|11|nan|4168,1.16,0.069228,6,11,1,0.0117293,0.00850346,0.0691441,0.0610145,0.00861021,0.929605
130_bNAb_Combinations|1313884|sample|11|nan|4168,5.8,0.0138494,7,11,1,0.0117293,0.00850346,0.00888745,0.00875974,1.68855,1.74057
130_bNAb_Combinations|1313884|sample|11|nan|4168,29,0.00181726,8,11,1,0.0102091,0.00740138,0.00740601,0.00740138,-2.01686,-2.01557
130_bNAb_Combinations|1313884|sample|12|nan|4168,0.0003712,0.813233,1,12,1,0.534444,0.533453,0.817174,0.816577,-0.0417502,-0.0354567
130_bNAb_Combinations|1313884|sample|12|nan|4168,0.001856,0.742858,2,12,1,0.233658,0.231634,0.795611,0.794878,-0.573801,-0.56634
130_bNAb_Combinations|1313884|sample|12|nan|4168,0.00928,0.718258,3,12,1,0.0294292,0.0266904,0.735669,0.734592,-0.204462,-0.192095
130_bNAb_Combinations|1313884|sample|12|nan|4168,0.0464,0.538636,4,12,1,0.0102301,0.00742245,0.585145,0.583397,-0.682667,-0.658929
130_bNAb_Combinations|1313884|sample|12|nan|4168,0.2319999999999999,0.244077,5,12,1,0.0102091,0.00740138,0.301421,0.299263,-1.59148,-1.54205
130_bNAb_Combinations|1313884|sample|12|nan|4168,1.16,0.0551873,6,12,1,0.0102091,0.00740138,0.0491778,0.0483816,0.801648,0.918895
130_bNAb_Combinations|1313884|sample|12|nan|4168,5.8,0.00767075,7,12,1,0.0102091,0.00740138,0.00757943,0.00756651,0.0327257,0.0373727
130_bNAb_Combinations|1313884|sample|12|nan|4168,29,0.00585349,8,12,1,0.0102091,0.00740138,0.00740601,0.00740138,-0.560271,-0.558704
130_bNAb_Combinations|1313884|sample|3|nan|4168,0.000064,0.896254,1,3,1,0.722904,0.72634,0.828097,0.827595,0.71284,0.718521
130_bNAb_Combinations|1313884|sample|3|nan|4168,0.00032,0.883198,2,3,1,0.639797,0.649963,0.9502,0.949825,-0.61231,-0.609117
130_bNAb_Combinations|1313884|sample|3|nan|4168,0.0016,0.945425,3,3,1,0.312739,0.334698,0.98166,0.981623,-0.320707,-0.320395
130_bNAb_Combinations|1313884|sample|3|nan|4168,0.008,0.973478,4,3,1,0.0445597,0.0752408,0.972504,0.972783,0.00870065,0.00620092
130_bNAb_Combinations|1313884|sample|3|nan|4168,0.04,0.977246,5,3,1,0.0122238,0.043954,0.946171,0.947349,0.28517,0.274026
130_bNAb_Combinations|1313884|sample|3|nan|4168,0.2,0.815472,6,3,1,0.0121594,0.0438917,0.873224,0.876766,-0.57341,-0.606169
130_bNAb_Combinations|1313884|sample|3|nan|4168,1,0.719559,7,3,1,0.0117293,0.042339,0.667566,0.675553,0.671286,0.561609
130_bNAb_Combinations|1313884|sample|3|nan|4168,5,0.315142,8,3,1,0.0102091,0.0368517,0.301897,0.312126,0.367043,0.0809752
130_bNAb_Combinations|1313884|sample|4|nan|4168,0.000064,0.855298,1,4,1,0.722904,0.72634,0.828185,0.827634,0.283545,0.2895
130_bNAb_Combinations|1313884|sample|4|nan|4168,0.00032,0.910725,2,4,1,0.639797,0.649963,0.950495,0.949955,-0.363339,-0.358605
130_bNAb_Combinations|1313884|sample|4|nan|4168,0.0016,0.951039,3,4,1,0.312739,0.334698,0.982554,0.982018,-0.27868,-0.274087
130_bNAb_Combinations|1313884|sample|4|nan|4168,0.008,1,4,4,1,0.0450058,0.0759939,0.98474,0.983679,0.134645,0.144165
130_bNAb_Combinations|1313884|sample|4|nan|4168,0.04,0.93895,5,4,1,0.0123461,0.0443939,0.963019,0.960137,-0.217084,-0.191658
130_bNAb_Combinations|1313884|sample|4|nan|4168,0.2,0.839584,6,4,1,0.0121594,0.0438917,0.893371,0.885635,-0.522228,-0.450943
130_bNAb_Combinations|1313884|sample|4|nan|4168,1,0.743183,7,4,1,0.0117293,0.042339,0.71304,0.695472,0.364936,0.591878
130_bNAb_Combinations|1313884|sample|4|nan|4168,5,0.341148,8,4,1,0.0102091,0.0368517,0.361991,0.338085,-0.48604,0.0762181
130_bNAb_Combinations|1313884|sample|5|nan|4168,0.0006144,0.922661,1,5,1,0.449209,0.461568,0.82642,0.825874,1.00858,1.01496
130_bNAb_Combinations|1313884|sample|5|nan|4168,0.003072,0.913852,2,5,1,0.165247,0.190868,0.944567,0.944046,-0.282333,-0.277692
130_bNAb_Combinations|1313884|sample|5|nan|4168,0.01536,0.961512,3,5,1,0.0174871,0.0490467,0.964699,0.964224,-0.0286926,-0.0244224
130_bNAb_Combinations|1313884|sample|5|nan|4168,0.0768,0.95651,4,5,1,0.0122816,0.0443315,0.933257,0.932408,0.216289,0.224388
130_bNAb_Combinations|1313884|sample|5|nan|4168,0.384,0.877392,5,5,1,0.0122811,0.044331,0.823314,0.821298,0.568817,0.591438
130_bNAb_Combinations|1313884|sample|5|nan|4168,1.92,0.606372,6,5,1,0.0121594,0.0438917,0.568233,0.564367,0.575978,0.638589
130_bNAb_Combinations|1313884|sample|5|nan|4168,9.6,0.20403,7,5,1,0.0117293,0.042339,0.207044,0.203633,-0.118862,0.0159201
130_bNAb_Combinations|1313884|sample|5|nan|4168,48,0.0395206,8,5,1,0.0102091,0.0368517,0.0426562,0.042314,-0.463932,-0.415676
130_bNAb_Combinations|1313884|sample|6|nan|4168,0.0006144,0.914177,1,6,1,0.449209,0.461568,0.826433,0.825959,0.919521,0.925009
130_bNAb_Combinations|1313884|sample|6|nan|4168,0.003072,0.90533,2,6,1,0.165247,0.190868,0.944612,0.944332,-0.361069,-0.358596
130_bNAb_Combinations|1313884|sample|6|nan|4168,0.01536,0.984926,3,6,1,0.0174871,0.0490467,0.964835,0.96508,0.180871,0.178622
130_bNAb_Combinations|1313884|sample|6|nan|4168,0.0768,0.925091,4,6,1,0.0122816,0.0443315,0.933642,0.934832,-0.0795068,-0.0904579
130_bNAb_Combinations|1313884|sample|6|nan|4168,0.384,0.830947,5,6,1,0.0122811,0.044331,0.824302,0.827522,0.0698175,0.0358416
130_bNAb_Combinations|1313884|sample|6|nan|4168,1.92,0.605607,6,6,1,0.0121594,0.0438917,0.570176,0.576631,0.533315,0.43141
130_bNAb_Combinations|1313884|sample|6|nan|4168,9.6,0.219678,7,6,1,0.0117293,0.042339,0.208817,0.214882,0.424991,0.182763
130_bNAb_Combinations|1313884|sample|6|nan|4168,48,0.0417587,8,6,1,0.0102091,0.0368517,0.0428339,0.0434608,-0.158611,-0.248494
130_bNAb_Combinations|1313884|sample|7|nan|4168,0.0000768,0.836418,1,7,1,0.710319,0.722099,0.823647,0.822759,0.134279,0.14377
130_bNAb_Combinations|1313884|sample|7|nan|4168,0.000384,0.922776,2,7,1,0.607934,0.642284,0.935315,0.933658,-0.116381,-0.101174
130_bNAb_Combinations|1313884|sample|7|nan|4168,0.00192,0.897153,3,7,1,0.270558,0.342124,0.937356,0.933568,-0.37235,-0.338613
130_bNAb_Combinations|1313884|sample|7|nan|4168,0.0096,0.78389,4,7,1,0.0335374,0.129774,0.858645,0.849128,-0.754587,-0.665759
130_bNAb_Combinations|1313884|sample|7|nan|4168,0.048,0.503936,5,7,1,0.0123012,0.110658,0.650946,0.631263,-1.94531,-1.736
130_bNAb_Combinations|1313884|sample|7|nan|4168,0.24,0.280795,6,7,1,0.0121594,0.109543,0.317101,0.295989,-0.96033,-0.428995
130_bNAb_Combinations|1313884|sample|7|nan|4168,1.2,0.161478,7,7,1,0.0117293,0.105668,0.118913,0.115416,2.76657,3.0729
130_bNAb_Combinations|1313884|sample|7|nan|4168,6,0.0913986,8,7,1,0.0102091,0.091973,0.0920369,0.0919758,-0.0517001,-0.046782
130_bNAb_Combinations|1313884|sample|8|nan|4168,0.0000768,0.913412,1,8,1,0.710319,0.722099,0.822807,0.821999,0.953607,0.96303
130_bNAb_Combinations|1313884|sample|8|nan|4168,0.000384,0.818351,2,8,1,0.607934,0.642284,0.932525,0.931138,-1.06282,-1.05145
130_bNAb_Combinations|1313884|sample|8|nan|4168,0.00192,0.894723,3,8,1,0.270558,0.342124,0.929222,0.926243,-0.322261,-0.295362
130_bNAb_Combinations|1313884|sample|8|nan|4168,0.0096,0.810594,4,8,1,0.0335374,0.129774,0.837324,0.830073,-0.27655,-0.203254
130_bNAb_Combinations|1313884|sample|8|nan|4168,0.048,0.521984,5,8,1,0.0123012,0.110658,0.607186,0.593009,-1.20645,-1.02908
130_bNAb_Combinations|1313884|sample|8|nan|4168,0.24,0.263512,6,8,1,0.0121594,0.109543,0.272037,0.259023,-0.260621,0.143721
130_bNAb_Combinations|1313884|sample|8|nan|4168,1.2,0.145199,7,8,1,0.0117293,0.105668,0.112308,0.110885,2.24698,2.37025
130_bNAb_Combinations|1313884|sample|8|nan|4168,6,0.0915325,8,8,1,0.0102091,0.091973,0.0920316,0.0919736,-0.0404299,-0.0357476
130_bNAb_Combinations|1313884|sample|9|nan|4168,0.0003648,0.835442,1,9,1,0.537138,0.566238,0.810102,0.809954,0.270797,0.272426
130_bNAb_Combinations|1313884|sample|9|nan|4168,0.001824,0.770136,2,9,1,0.272301,0.340205,0.891092,0.891855,-1.17732,-1.18375
130_bNAb_Combinations|1313884|sample|9|nan|4168,0.00912,0.72326,3,9,1,0.0360437,0.131043,0.814626,0.817562,-0.971065,-0.998742
130_bNAb_Combinations|1313884|sample|9|nan|4168,0.0456,0.460312,4,9,1,0.0123095,0.110665,0.578533,0.584591,-1.75454,-1.82587
130_bNAb_Combinations|1313884|sample|9|nan|4168,0.228,0.270179,5,9,1,0.0122811,0.11064,0.248798,0.254119,0.710836,0.523434
130_bNAb_Combinations|1313884|sample|9|nan|4168,1.14,0.154668,6,9,1,0.0121594,0.109543,0.113769,0.114227,2.76279,2.7223
130_bNAb_Combinations|1313884|sample|9|nan|4168,5.7,0.0824654,7,9,1,0.0117293,0.105668,0.105716,0.105668,-1.67363,-1.67085
130_bNAb_Combinations|1313884|sample|9|nan|4168,28.5,0.0480713,8,9,1,0.0102091,0.091973,0.0920306,0.091973,-3.56112,-3.55833
130_bNAb_Combinations|1313884|vc|1|2|nan|4168,0,0.9016,1,2,1,0.828042,0.828046,0.828565,0.828046,0.763449,0.769341
130_bNAb_Combinations|1313884|vc|2|2|nan|4168,0,0.943493,2,2,1,0.951342,0.951344,0.951774,0.951344,-0.075552,-0.0716638
130_bNAb_Combinations|1313884|vc|3|2|nan|4168,0,0.895508,3,2,1,0.951342,0.951344,0.951774,0.951344,-0.513361,-0.509667
130_bNAb_Combinations|1313884|vc|4|2|nan|4168,0,0.872534,4,2,1,0.951342,0.951344,0.951774,0.951344,-0.722971,-0.71937
130_bNAb_Combinations|1313884|vc|5|2|nan|4168,0,0.872572,5,2,1,0.951342,0.951344,0.951774,0.951344,-0.722622,-0.719021
130_bNAb_Combinations|1313884|vc|6|2|nan|4168,0,0.86009,6,2,1,0.951342,0.951344,0.951774,0.951344,-0.836503,-0.832952
130_bNAb_Combinations|1313884|vc|7|2|nan|4168,0,0.851932,7,2,1,0.951342,0.951344,0.951774,0.951344,-0.91094,-0.907422
130_bNAb_Combinations|1313884|vc|8|2|nan|4168,0,0.811301,8,2,1,0.828042,0.828046,0.828565,0.828046,-0.180455,-0.175142
130_bNAb_Combinations|1313920|cc|1|1|nan|1798,0,0.00106207,1,1,0,0,0,0,0,0.549379,0.549379
130_bNAb_Combinations|1313920|cc|2|1|nan|1798,0,0.00146853,2,1,0,0,0,0,0,0.759635,0.759635
130_bNAb_Combinations|1313920|cc|3|1|nan|1798,0,0.00173077,3,1,0,0,0,0,0,0.895285,0.895285
130_bNAb_Combinations|1313920|cc|4|1|nan|1798,0,0.00124563,4,1,0,0,0,0,0,0.644334,0.644334
130_bNAb_Combinations|1313920|cc|5|1|nan|1798,0,0.0014292,5,1,0,0,0,0,0,0.739288,0.739288
130_bNAb_Combinations|1313920|cc|6|1|nan|1798,0,0.0014292,6,1,0,0,0,0,0,0.739288,0.739288
130_bNAb_Combinations|1313920|cc|7|1|nan|1798,0,0.0012063,7,1,0,0,0,0,0,0.623986,0.623986
130_bNAb_Combinations|1313920|cc|8|1|nan|1798,0,0.00215035,8,1,0,0,0,0,0,1.11232,1.11232
130_bNAb_Combinations|1313920|sample|10|nan|1798,0.0003648,0.782696,1,10,1,0.537138,0.533754,0.801965,0.800513,-0.207965,-0.192633
130_bNAb_Combinations|1313920|sample|10|nan|1798,0.001824,0.776855,2,10,1,0.272301,0.264379,0.864958,0.861586,-0.882956,-0.852423
130_bNAb_Combinations|1313920|sample|10|nan|1798,0.00912,0.694879,3,10,1,0.0360437,0.0249365,0.745408,0.737811,-0.585785,-0.502727
130_bNAb_Combinations|1313920|sample|10|nan|1798,0.0456,0.420198,4,10,1,0.0121875,0.00079779,0.434975,0.422441,-0.288963,-0.0451287
130_bNAb_Combinations|1313920|sample|10|nan|1798,0.228,0.0873778,5,10,1,0.0121594,0.000769399,0.0917496,0.0844743,-0.355067,0.252712
130_bNAb_Combinations|1313920|sample|10|nan|1798,1.14,0.00264861,6,10,1,0.0121594,0.000769399,0.00185476,0.00163189,0.370432,0.480077
130_bNAb_Combinations|1313920|sample|10|nan|1798,5.7,0.000629372,7,10,1,0.0117293,0.000742181,0.000742524,0.000742186,-0.0560935,-0.0559267
130_bNAb_Combinations|1313920|sample|10|nan|1798,28.5,7.86715e-05,8,10,1,0.0102091,0.000645991,0.000646396,0.000645991,-0.282966,-0.282771
130_bNAb_Combinations|1313920|sample|11|nan|1798,0.0003712,0.869963,1,11,1,0.534444,0.531237,0.820439,0.819645,0.522698,0.531577
130_bNAb_Combinations|1313920|sample|11|nan|1798,0.001856,0.691286,2,11,1,0.268451,0.26097,0.924666,0.92333,-2.19061,-2.18115
130_bNAb_Combinations|1313920|sample|11|nan|1798,0.00928,0.783024,3,11,1,0.0338114,0.0237384,0.874477,0.871554,-0.906737,-0.880647
130_bNAb_Combinations|1313920|sample|11|nan|1798,0.0464,0.669481,4,11,1,0.0117534,0.00143488,0.742635,0.736079,-0.851174,-0.781639
130_bNAb_Combinations|1313920|sample|11|nan|1798,0.2319999999999999,0.434162,5,11,1,0.0117293,0.00141049,0.460839,0.449556,-0.493423,-0.291624
130_bNAb_Combinations|1313920|sample|11|nan|1798,1.16,0.115116,6,11,1,0.0117293,0.00141049,0.116093,0.108301,-0.0648152,0.480418
130_bNAb_Combinations|1313920|sample|11|nan|1798,5.8,0.00319931,7,11,1,0.0117293,0.00141049,0.00362455,0.00323279,-0.181476,-0.0145638
130_bNAb_Combinations|1313920|sample|11|nan|1798,29,0.000760491,8,11,1,0.0102091,0.00122768,0.0012285,0.00122771,-0.225851,-0.225481
130_bNAb_Combinations|1313920|sample|12|nan|1798,0.0003712,0.815542,1,12,1,0.534444,0.531237,0.820637,0.820316,-0.05377,-0.0504008
130_bNAb_Combinations|1313920|sample|12|nan|1798,0.001856,0.74085,2,12,1,0.233658,0.227147,0.805536,0.805591,-0.695104,-0.695647
130_bNAb_Combinations|1313920|sample|12|nan|1798,0.00928,0.723103,3,12,1,0.0294292,0.0206618,0.762854,0.763943,-0.450539,-0.462234
130_bNAb_Combinations|1313920|sample|12|nan|1798,0.0464,0.623072,4,12,1,0.0102301,0.00124891,0.650436,0.65398,-0.362371,-0.407144
130_bNAb_Combinations|1313920|sample|12|nan|1798,0.2319999999999999,0.462477,5,12,1,0.0102091,0.00122768,0.408342,0.415424,1.12484,0.961674
130_bNAb_Combinations|1313920|sample|12|nan|1798,1.16,0.11273,6,12,1,0.0102091,0.00122768,0.106311,0.111864,0.459784,0.0593635
130_bNAb_Combinations|1313920|sample|12|nan|1798,5.8,0.00295018,7,12,1,0.0102091,0.00122768,0.00345307,0.00380559,-0.216405,-0.361891
130_bNAb_Combinations|1313920|sample|12|nan|1798,29,0,8,12,1,0.0102091,0.00122768,0.00122852,0.00122778,-0.59286,-0.592528
130_bNAb_Combinations|1313920|sample|3|nan|1798,0.000064,0.927104,1,3,1,0.722904,0.736492,0.826012,0.825381,1.05993,1.06735
130_bNAb_Combinations|1313920|sample|3|nan|1798,0.00032,0.90564,2,3,1,0.639797,0.68005,0.943208,0.942401,-0.34582,-0.338674
130_bNAb_Combinations|1313920|sample|3|nan|1798,0.0016,0.884681,3,3,1,0.312739,0.399741,0.960665,0.95934,-0.686965,-0.675899
130_bNAb_Combinations|1313920|sample|3|nan|1798,0.008,0.948877,4,3,1,0.0445597,0.166186,0.913089,0.909805,0.340103,0.372625
130_bNAb_Combinations|1313920|sample|3|nan|1798,0.04,0.855769,5,3,1,0.0122238,0.138022,0.789003,0.781299,0.732162,0.824532
130_bNAb_Combinations|1313920|sample|3|nan|1798,0.2,0.458209,6,3,1,0.0121594,0.137966,0.529072,0.515972,-1.14693,-0.95788
130_bNAb_Combinations|1313920|sample|3|nan|1798,1,0.22622,7,3,1,0.0117293,0.133086,0.219247,0.211207,0.260792,0.581308
130_bNAb_Combinations|1313920|sample|3|nan|1798,5,0.122223,8,3,1,0.0102091,0.115837,0.117039,0.1167,0.341603,0.364868
130_bNAb_Combinations|1313920|sample|4|nan|1798,0.000064,0.895872,1,4,1,0.722904,0.736492,0.825614,0.825194,0.736987,0.741756
130_bNAb_Combinations|1313920|sample|4|nan|1798,0.00032,0.93585,2,4,1,0.639797,0.68005,0.941876,0.941778,-0.0555479,-0.0546484
130_bNAb_Combinations|1313920|sample|4|nan|1798,0.0016,0.876977,3,4,1,0.312739,0.399741,0.956706,0.957488,-0.723742,-0.730258
130_bNAb_Combinations|1313920|sample|4|nan|1798,0.008,0.971855,4,4,1,0.0450058,0.167849,0.911125,0.913774,0.578357,0.551555
130_bNAb_Combinations|1313920|sample|4|nan|1798,0.04,0.784276,5,4,1,0.0123461,0.139404,0.770158,0.776671,0.158531,0.0847002
130_bNAb_Combinations|1313920|sample|4|nan|1798,0.2,0.443294,6,4,1,0.0121594,0.137966,0.484654,0.495257,-0.728673,-0.896536
130_bNAb_Combinations|1313920|sample|4|nan|1798,1,0.218818,7,4,1,0.0117293,0.133086,0.193991,0.199506,1.03974,0.788155
130_bNAb_Combinations|1313920|sample|4|nan|1798,5,0.123534,8,4,1,0.0102091,0.115837,0.116339,0.116387,0.476658,0.473345
130_bNAb_Combinations|1313920|sample|5|nan|1798,0.0006144,0.907764,1,5,1,0.449209,0.498154,0.81617,0.815852,0.971683,0.975428
130_bNAb_Combinations|1313920|sample|5|nan|1798,0.003072,0.859919,2,5,1,0.165247,0.266787,0.910731,0.910956,-0.484107,-0.486138
130_bNAb_Combinations|1313920|sample|5|nan|1798,0.01536,0.783712,3,5,1,0.0174871,0.142607,0.867703,0.869304,-0.839133,-0.853575
130_bNAb_Combinations|1313920|sample|5|nan|1798,0.0768,0.672202,4,5,1,0.0122816,0.139348,0.690441,0.694374,-0.227869,-0.275477
130_bNAb_Combinations|1313920|sample|5|nan|1798,0.384,0.368891,5,5,1,0.0122811,0.139347,0.375685,0.380731,-0.15291,-0.263087
130_bNAb_Combinations|1313920|sample|5|nan|1798,1.92,0.184222,6,5,1,0.0121594,0.137966,0.158457,0.159725,1.29741,1.22474
130_bNAb_Combinations|1313920|sample|5|nan|1798,9.6,0.127972,7,5,1,0.0117293,0.133086,0.133168,0.133112,-0.305681,-0.302503
130_bNAb_Combinations|1313920|sample|5|nan|1798,48,0.0587283,8,5,1,0.0102091,0.115837,0.11591,0.115837,-3.80055,-3.7978
130_bNAb_Combinations|1313920|sample|6|nan|1798,0.0006144,0.830286,1,6,1,0.449209,0.498154,0.811833,0.811704,0.196789,0.198189
130_bNAb_Combinations|1313920|sample|6|nan|1798,0.003072,0.853841,2,6,1,0.165247,0.266787,0.896696,0.897525,-0.414563,-0.422197
130_bNAb_Combinations|1313920|sample|6|nan|1798,0.01536,0.751916,3,6,1,0.0174871,0.142607,0.829799,0.83294,-0.812936,-0.842594
130_bNAb_Combinations|1313920|sample|6|nan|1798,0.0768,0.612799,4,6,1,0.0122816,0.139348,0.610928,0.617563,0.0263336,-0.0663567
130_bNAb_Combinations|1313920|sample|6|nan|1798,0.384,0.297509,5,6,1,0.0122811,0.139347,0.289778,0.296075,0.222713,0.0404761
130_bNAb_Combinations|1313920|sample|6|nan|1798,1.92,0.174251,6,6,1,0.0121594,0.137966,0.14367,0.144349,1.68157,1.63729
130_bNAb_Combinations|1313920|sample|6|nan|1798,9.6,0.113582,7,6,1,0.0117293,0.133086,0.133147,0.133087,-1.15116,-1.1481
130_bNAb_Combinations|1313920|sample|6|nan|1798,48,0.057994,8,6,1,0.0102091,0.115837,0.11591,0.115837,-3.84935,-3.84663
130_bNAb_Combinations|1313920|sample|7|nan|1798,0.0000768,0.81364,1,7,1,0.710319,0.708954,0.821022,0.81996,-0.0778587,-0.0667439
130_bNAb_Combinations|1313920|sample|7|nan|1798,0.000384,0.811293,2,7,1,0.607934,0.603938,0.926594,0.92437,-1.08006,-1.06172
130_bNAb_Combinations|1313920|sample|7|nan|1798,0.00192,0.832548,3,7,1,0.270558,0.262207,0.91187,0.9065,-0.754806,-0.707798
130_bNAb_Combinations|1313920|sample|7|nan|1798,0.0096,0.838533,4,7,1,0.0335374,0.0222851,0.791282,0.778167,0.516705,0.671002
130_bNAb_Combinations|1313920|sample|7|nan|1798,0.048,0.504533,5,7,1,0.0123012,0.00079745,0.508014,0.48401,-0.0585888,0.362052
130_bNAb_Combinations|1313920|sample|7|nan|1798,0.24,0.121528,6,7,1,0.0121594,0.000769399,0.13926,0.121231,-1.00253,0.0189872
130_bNAb_Combinations|1313920|sample|7|nan|1798,1.2,0.00317308,7,7,1,0.0117293,0.000742181,0.00413822,0.00304173,-0.401916,0.057678
130_bNAb_Combinations|1313920|sample|7|nan|1798,6,0.000773603,8,7,1,0.0102091,0.000645991,0.000646535,0.000646042,0.0633327,0.0635804
130_bNAb_Combinations|1313920|sample|8|nan|1798,0.0000768,0.853369,1,8,1,0.710319,0.708954,0.819944,0.819624,0.353,0.356509
130_bNAb_Combinations|1313920|sample|8|nan|1798,0.000384,0.858752,2,8,1,0.607934,0.603938,0.923031,0.92326,-0.604401,-0.606407
130_bNAb_Combinations|1313920|sample|8|nan|1798,0.00192,0.804488,3,8,1,0.270558,0.262207,0.901631,0.903315,-0.934683,-0.949151
130_bNAb_Combinations|1313920|sample|8|nan|1798,0.0096,0.786951,4,8,1,0.0335374,0.0222851,0.765559,0.770196,0.241613,0.188128
130_bNAb_Combinations|1313920|sample|8|nan|1798,0.048,0.487829,5,8,1,0.0123012,0.00079745,0.46136,0.469704,0.489039,0.329129
130_bNAb_Combinations|1313920|sample|8|nan|1798,0.24,0.111628,6,8,1,0.0121594,0.000769399,0.105592,0.111227,0.434942,0.027656
130_bNAb_Combinations|1313920|sample|8|nan|1798,1.2,0.0031862,7,8,1,0.0117293,0.000742181,0.00229748,0.00254598,0.405232,0.288226
130_bNAb_Combinations|1313920|sample|8|nan|1798,6,0.000694932,8,8,1,0.0102091,0.000645991,0.000646414,0.000646018,0.0241821,0.0243799
130_bNAb_Combinations|1313920|sample|9|nan|1798,0.0003648,0.799965,1,9,1,0.537138,0.533754,0.802796,0.801908,-0.0305295,-0.0209712
130_bNAb_Combinations|1313920|sample|9|nan|1798,0.001824,0.747006,2,9,1,0.272301,0.264379,0.867586,0.86599,-1.20485,-1.19105
130_bNAb_Combinations|1313920|sample|9|nan|1798,0.00912,0.676214,3,9,1,0.0360437,0.0249365,0.752054,0.748897,-0.871625,-0.838784
130_bNAb_Combinations|1313920|sample|9|nan|1798,0.0456,0.461861,4,9,1,0.0123095,0.000805776,0.450781,0.445604,0.209341,0.310574
130_bNAb_Combinations|1313920|sample|9|nan|1798,0.228,0.0981493,5,9,1,0.0122811,0.000777101,0.0997763,0.0966008,-0.123072,0.1204
130_bNAb_Combinations|1313920|sample|9|nan|1798,1.14,0.00317308,6,9,1,0.0121594,0.000769399,0.00210601,0.00199204,0.491409,0.547142
130_bNAb_Combinations|1313920|sample|9|nan|1798,5.7,0.000485141,7,9,1,0.0117293,0.000742181,0.00074253,0.000742192,-0.127596,-0.127431
130_bNAb_Combinations|1313920|sample|9|nan|1798,28.5,0.000563812,8,9,1,0.0102091,0.000645991,0.000646396,0.000645991,-0.0411613,-0.0409607
130_bNAb_Combinations|1313920|vc|1|2|nan|1798,0,0.838599,1,2,1,0.828042,0.828045,0.828564,0.828045,0.104897,0.110384
130_bNAb_Combinations|1313920|vc|2|2|nan|1798,0,0.91969,2,2,1,0.951342,0.951344,0.951774,0.951344,-0.292729,-0.288938
130_bNAb_Combinations|1313920|vc|3|2|nan|1798,0,0.872133,3,2,1,0.951342,0.951344,0.951774,0.951344,-0.72663,-0.723031
130_bNAb_Combinations|1313920|vc|4|2|nan|1798,0,0.947723,4,2,1,0.951342,0.951344,0.951774,0.951344,-0.0369589,-0.0330535
130_bNAb_Combinations|1313920|vc|5|2|nan|1798,0,1,5,2,1,0.951342,0.951344,0.951774,0.951344,0.440009,0.444126
130_bNAb_Combinations|1313920|vc|6|2|nan|1798,0,0.938505,6,2,1,0.951342,0.951344,0.951774,0.951344,-0.121059,-0.117191
130_bNAb_Combinations|1313920|vc|7|2|nan|1798,0,0.844873,7,2,1,0.951342,0.951344,0.951774,0.951344,-0.975342,-0.971853
130_bNAb_Combinations|1313920|vc|8|2|nan|1798,0,0.756315,8,2,1,0.828042,0.828045,0.828564,0.828045,-0.755227,-0.750268
130_bNAb_Combinations|1313938|cc|1|1|TRO.11|8301,0,0.000314857,1,1,0,0,0,0,0,0.162867,0.162867
130_bNAb_Combinations|1313938|cc|2|1|TRO.11|8301,0,0.000558156,2,1,0,0,0,0,0,0.28872,0.28872
130_bNAb_Combinations|1313938|cc|3|1|TRO.11|8301,0,0.000586779,3,1,0,0,0,0,0,0.303526,0.303526
130_bNAb_Combinations|1313938|cc|4|1|TRO.11|8301,0,0.000686961,4,1,0,0,0,0,0,0.355347,0.355347
130_bNAb_Combinations|1313938|cc|5|1|TRO.11|8301,0,0.000615402,5,1,0,0,0,0,0,0.318332,0.318332
130_bNAb_Combinations|1313938|cc|6|1|TRO.11|8301,0,0.001102,6,1,0,0,0,0,0,0.570036,0.570036
130_bNAb_Combinations|1313938|cc|7|1|TRO.11|8301,0,0.00120218,7,1,0,0,0,0,0,0.621858,0.621858
130_bNAb_Combinations|1313938|cc|8|1|TRO.11|8301,0,0.000457974,8,1,0,0,0,0,0,0.236898,0.236898
130_bNAb_Combinations|1313938|sample|10|TRO.11|8301,0.0003648,0.972099,1,10,1,0.537138,0.612186,0.879116,0.887347,0.91714,0.828353
130_bNAb_Combinations|1313938|sample|10|TRO.11|8301,0.001824,0.800331,2,10,1,0.272301,0.277088,0.813107,0.816752,-0.136035,-0.174091
130_bNAb_Combinations|1313938|sample|10|TRO.11|8301,0.00912,0.620841,3,10,1,0.0360437,0.0257572,0.554707,0.559893,1.0224,0.933755
130_bNAb_Combinations|1313938|sample|10|TRO.11|8301,0.0456,0.181823,4,10,1,0.0121875,0.00130222,0.180287,0.185198,0.0688016,-0.147503
130_bNAb_Combinations|1313938|sample|10|TRO.11|8301,0.228,0.00905929,5,10,1,0.0121594,0.00127346,0.008365,0.00893702,0.241117,0.04153
130_bNAb_Combinations|1313938|sample|10|TRO.11|8301,1.14,0.000415039,6,10,1,0.0121594,0.00127346,0.00127426,0.00127473,-0.41361,-0.413829
130_bNAb_Combinations|1313938|sample|10|TRO.11|8301,5.7,0.000314857,7,10,1,0.0117293,0.00126855,0.00126678,0.00126855,-0.458426,-0.459233
130_bNAb_Combinations|1313938|sample|10|TRO.11|8301,28.5,0.000887324,8,10,1,0.0102091,0.00120953,0.00119955,0.00120953,-0.150914,-0.155651
130_bNAb_Combinations|1313938|sample|11|TRO.11|8301,0.0003712,0.957351,1,11,1,0.534444,0.608713,0.920867,0.929028,0.343848,0.264628
130_bNAb_Combinations|1313938|sample|11|TRO.11|8301,0.001856,0.926724,2,11,1,0.268451,0.27227,0.931475,0.934271,-0.0442765,-0.0701196
130_bNAb_Combinations|1313938|sample|11|TRO.11|8301,0.00928,0.826421,3,11,1,0.0338114,0.0236461,0.821034,0.826081,0.0568184,0.00356322
130_bNAb_Combinations|1313938|sample|11|TRO.11|8301,0.0464,0.657393,4,11,1,0.0117534,0.000271567,0.567669,0.576448,1.35634,1.20554
130_bNAb_Combinations|1313938|sample|11|TRO.11|8301,0.2319999999999999,0.217337,5,11,1,0.0117293,0.000246005,0.19416,0.202524,0.969831,0.596265
130_bNAb_Combinations|1313938|sample|11|TRO.11|8301,1.16,0.00788574,6,11,1,0.0117293,0.000246005,0.00920355,0.010329,-0.443056,-0.787715
130_bNAb_Combinations|1313938|sample|11|TRO.11|8301,5.8,4.2935e-05,7,11,1,0.0117293,0.000246005,0.000247595,0.00024866,-0.104353,-0.10489
130_bNAb_Combinations|1313938|sample|11|TRO.11|8301,29,0.00034348,8,11,1,0.0102091,0.000234558,0.000232624,0.000234558,0.0565731,0.0555796
130_bNAb_Combinations|1313938|sample|12|TRO.11|8301,0.0003712,0.867789,1,12,1,0.534444,0.608713,0.920883,0.928728,-0.500374,-0.569544
130_bNAb_Combinations|1313938|sample|12|TRO.11|8301,0.001856,0.853241,2,12,1,0.233658,0.259601,0.882084,0.889957,-0.283557,-0.357817
130_bNAb_Combinations|1313938|sample|12|TRO.11|8301,0.00928,0.83694,3,12,1,0.0294292,0.0225459,0.777576,0.785463,0.660352,0.566998
130_bNAb_Combinations|1313938|sample|12|TRO.11|8301,0.0464,0.620225,4,12,1,0.0102301,0.000258932,0.537779,0.545194,1.31347,1.17958
130_bNAb_Combinations|1313938|sample|12|TRO.11|8301,0.2319999999999999,0.188106,5,12,1,0.0102091,0.000234558,0.184091,0.188627,0.17639,-0.0224247
130_bNAb_Combinations|1313938|sample|12|TRO.11|8301,1.16,0.00864425,6,12,1,0.0102091,0.000234558,0.00874593,0.0092302,-0.034789,-0.196798
130_bNAb_Combinations|1313938|sample|12|TRO.11|8301,5.8,0,7,12,1,0.0102091,0.000234558,0.000234472,0.000236679,-0.119645,-0.120756
130_bNAb_Combinations|1313938|sample|12|TRO.11|8301,29,0.000143117,8,12,1,0.0102091,0.000234558,0.000232624,0.000234558,-0.0456779,-0.04666
130_bNAb_Combinations|1313938|sample|3|TRO.11|8301,0.000064,0.999256,1,3,1,0.722904,0.827417,0.939992,0.947799,0.547369,0.471419
130_bNAb_Combinations|1313938|sample|3|TRO.11|8301,0.00032,1,2,3,1,0.639797,0.665653,0.989337,0.990685,0.0936598,0.0817054
130_bNAb_Combinations|1313938|sample|3|TRO.11|8301,0.0016,0.897106,3,3,1,0.312739,0.308517,0.984586,0.984679,-0.772001,-0.772755
130_bNAb_Combinations|1313938|sample|3|TRO.11|8301,0.008,0.970361,4,3,1,0.0445597,0.0332878,0.956463,0.956396,0.126184,0.126803
130_bNAb_Combinations|1313938|sample|3|TRO.11|8301,0.04,0.880483,5,3,1,0.0122238,9.86003e-05,0.878591,0.87812,0.0186789,0.0233306
130_bNAb_Combinations|1313938|sample|3|TRO.11|8301,0.2,0.715899,6,3,1,0.0121594,3.25427e-05,0.68523,0.683974,0.38601,0.402541
130_bNAb_Combinations|1313938|sample|3|TRO.11|8301,1,0.31236,7,3,1,0.0117293,3.24173e-05,0.330242,0.328852,-0.455106,-0.421419
130_bNAb_Combinations|1313938|sample|3|TRO.11|8301,5,0.0404162,8,3,1,0.0102091,3.09089e-05,0.038632,0.0383649,0.283049,0.326984
130_bNAb_Combinations|1313938|sample|4|TRO.11|8301,0.000064,0.979763,1,4,1,0.722904,0.827417,0.940089,0.947814,0.366403,0.292691
130_bNAb_Combinations|1313938|sample|4|TRO.11|8301,0.00032,0.958596,2,4,1,0.639797,0.665653,0.989635,0.990733,-0.272542,-0.281879
130_bNAb_Combinations|1313938|sample|4|TRO.11|8301,0.0016,0.947948,3,4,1,0.312739,0.308517,0.985457,0.98482,-0.330724,-0.325314
130_bNAb_Combinations|1313938|sample|4|TRO.11|8301,0.008,0.949609,4,4,1,0.0450058,0.0332984,0.959412,0.957104,-0.0887437,-0.0680093
130_bNAb_Combinations|1313938|sample|4|TRO.11|8301,0.04,0.862629,5,4,1,0.0123461,9.8632e-05,0.885721,0.879481,-0.226098,-0.166144
130_bNAb_Combinations|1313938|sample|4|TRO.11|8301,0.2,0.698095,6,4,1,0.0121594,3.25427e-05,0.700628,0.686432,-0.0311955,0.146543
130_bNAb_Combinations|1313938|sample|4|TRO.11|8301,1,0.273174,7,4,1,0.0117293,3.24173e-05,0.352294,0.3323,-1.89343,-1.49591
130_bNAb_Combinations|1313938|sample|4|TRO.11|8301,5,0.0442374,8,4,1,0.0102091,3.09089e-05,0.0464878,0.0395269,-0.312893,0.73547
130_bNAb_Combinations|1313938|sample|5|TRO.11|8301,0.0006144,0.941673,1,5,1,0.449209,0.509693,0.93563,0.943052,0.0560674,-0.0126986
130_bNAb_Combinations|1313938|sample|5|TRO.11|8301,0.003072,0.958739,2,5,1,0.165247,0.16274,0.975935,0.976211,-0.153072,-0.155482
130_bNAb_Combinations|1313938|sample|5|TRO.11|8301,0.01536,0.915761,3,5,1,0.0174871,0.00550109,0.945994,0.943103,-0.277491,-0.251715
130_bNAb_Combinations|1313938|sample|5|TRO.11|8301,0.0768,0.82456,4,5,1,0.0122816,3.30737e-05,0.851128,0.843125,-0.270496,-0.19078
130_bNAb_Combinations|1313938|sample|5|TRO.11|8301,0.384,0.514634,5,5,1,0.0122811,3.25531e-05,0.623903,0.606963,-1.5069,-1.30785
130_bNAb_Combinations|1313938|sample|5|TRO.11|8301,1.92,0.141399,6,5,1,0.0121594,3.25427e-05,0.25242,0.233155,-3.6414,-3.24122
130_bNAb_Combinations|1313938|sample|5|TRO.11|8301,9.6,0.0210382,7,5,1,0.0117293,3.24173e-05,0.0186852,0.0149442,0.581415,1.68167
130_bNAb_Combinations|1313938|sample|5|TRO.11|8301,48,0.00739914,8,5,1,0.0102091,3.09089e-05,4.37361e-05,3.81264e-05,3.79505,3.79919
130_bNAb_Combinations|1313938|sample|6|TRO.11|8301,0.0006144,0.9722,1,6,1,0.449209,0.509693,0.935265,0.943017,0.342822,0.268681
130_bNAb_Combinations|1313938|sample|6|TRO.11|8301,0.003072,0.899854,2,6,1,0.165247,0.16274,0.974821,0.976106,-0.668089,-0.678661
130_bNAb_Combinations|1313938|sample|6|TRO.11|8301,0.01536,0.850665,3,6,1,0.0174871,0.00550109,0.942831,0.942806,-0.84874,-0.848533
130_bNAb_Combinations|1313938|sample|6|TRO.11|8301,0.0768,0.801476,4,6,1,0.0122816,3.30737e-05,0.842819,0.842347,-0.425009,-0.420383
130_bNAb_Combinations|1313938|sample|6|TRO.11|8301,0.384,0.527478,5,6,1,0.0122811,3.25531e-05,0.606275,0.605327,-1.11738,-1.10563
130_bNAb_Combinations|1313938|sample|6|TRO.11|8301,1.92,0.143947,6,6,1,0.0121594,3.25427e-05,0.232279,0.231338,-3.13124,-3.10963
130_bNAb_Combinations|1313938|sample|6|TRO.11|8301,9.6,0.0206374,7,6,1,0.0117293,3.24173e-05,0.0147558,0.0146164,1.63266,1.67873
130_bNAb_Combinations|1313938|sample|6|TRO.11|8301,48,0.00800023,8,6,1,0.0102091,3.09089e-05,3.75692e-05,3.77078e-05,4.10985,4.10974
130_bNAb_Combinations|1313938|sample|7|TRO.11|8301,0.0000768,0.947047,1,7,1,0.710319,0.812977,0.920349,0.928552,0.251753,0.172882
130_bNAb_Combinations|1313938|sample|7|TRO.11|8301,0.000384,0.922266,2,7,1,0.607934,0.632337,0.929943,0.932871,-0.0716553,-0.098686
130_bNAb_Combinations|1313938|sample|7|TRO.11|8301,0.00192,0.797075,3,7,1,0.270558,0.266138,0.82125,0.825658,-0.254908,-0.299811
130_bNAb_Combinations|1313938|sample|7|TRO.11|8301,0.0096,0.572639,4,7,1,0.0335374,0.0228547,0.562958,0.571598,0.147534,0.0156342
130_bNAb_Combinations|1313938|sample|7|TRO.11|8301,0.048,0.211555,5,7,1,0.0123012,0.00129429,0.187952,0.196461,1.01756,0.624817
130_bNAb_Combinations|1313938|sample|7|TRO.11|8301,0.24,0.00928828,6,7,1,0.0121594,0.00127346,0.00924677,0.0103319,0.0139339,-0.336442
130_bNAb_Combinations|1313938|sample|7|TRO.11|8301,1.2,0.000157428,7,7,1,0.0117293,0.00126855,0.00126819,0.00127053,-0.534873,-0.535934
130_bNAb_Combinations|1313938|sample|7|TRO.11|8301,6,0.001102,8,7,1,0.0102091,0.00120953,0.00119955,0.00120953,-0.0471517,-0.0519453
130_bNAb_Combinations|1313938|sample|8|TRO.11|8301,0.0000768,0.992465,1,8,1,0.710319,0.812977,0.921846,0.929363,0.664848,0.589359
130_bNAb_Combinations|1313938|sample|8|TRO.11|8301,0.000384,0.918846,2,8,1,0.607934,0.632337,0.934384,0.935261,-0.144363,-0.152364
130_bNAb_Combinations|1313938|sample|8|TRO.11|8301,0.00192,0.798592,3,8,1,0.270558,0.266138,0.832786,0.831863,-0.355666,-0.346433
130_bNAb_Combinations|1313938|sample|8|TRO.11|8301,0.0096,0.614093,4,8,1,0.0335374,0.0228547,0.58635,0.584222,0.406404,0.43912
130_bNAb_Combinations|1313938|sample|8|TRO.11|8301,0.048,0.216235,5,8,1,0.0123012,0.00129429,0.211377,0.209241,0.187967,0.273163
130_bNAb_Combinations|1313938|sample|8|TRO.11|8301,0.24,0.0118501,6,8,1,0.0121594,0.00127346,0.0124179,0.0121146,-0.170104,-0.0800752
130_bNAb_Combinations|1313938|sample|8|TRO.11|8301,1.2,0.000787142,7,8,1,0.0117293,0.00126855,0.00127021,0.00127175,-0.232588,-0.233311
130_bNAb_Combinations|1313938|sample|8|TRO.11|8301,6,0.000543844,8,8,1,0.0102091,0.00120953,0.00119955,0.00120953,-0.316934,-0.321581
130_bNAb_Combinations|1313938|sample|9|TRO.11|8301,0.0003648,0.965087,1,9,1,0.537138,0.612186,0.878408,0.886651,0.855637,0.7672
130_bNAb_Combinations|1313938|sample|9|TRO.11|8301,0.001824,0.834471,2,9,1,0.272301,0.277088,0.811189,0.81488,0.248475,0.208158
130_bNAb_Combinations|1313938|sample|9|TRO.11|8301,0.00912,0.637786,3,9,1,0.0360437,0.0257572,0.5509,0.556157,1.35223,1.25875
130_bNAb_Combinations|1313938|sample|9|TRO.11|8301,0.0456,0.173393,4,9,1,0.0123095,0.00130264,0.17683,0.181718,-0.156675,-0.370176
130_bNAb_Combinations|1313938|sample|9|TRO.11|8301,0.228,0.00868719,5,9,1,0.0122811,0.00127387,0.00797945,0.00853035,0.249564,0.054116
130_bNAb_Combinations|1313938|sample|9|TRO.11|8301,1.14,0.00025761,6,9,1,0.0121594,0.00127346,0.00127411,0.00127456,-0.489328,-0.489532
130_bNAb_Combinations|1313938|sample|9|TRO.11|8301,5.7,0.000543844,7,9,1,0.0117293,0.00126855,0.00126678,0.00126855,-0.348151,-0.348969
130_bNAb_Combinations|1313938|sample|9|TRO.11|8301,28.5,0.00104475,8,9,1,0.0102091,0.00120953,0.00119955,0.00120953,-0.0748217,-0.0796002
130_bNAb_Combinations|1313938|vc|1|2|TRO.11|8301,0,0.914116,1,2,1,0.828042,0.949464,0.941633,0.949464,-0.253719,-0.323284
130_bNAb_Combinations|1313938|vc|2|2|TRO.11|8301,0,0.902924,2,2,1,0.951342,0.995798,0.99441,0.995798,-0.799519,-0.810533
130_bNAb_Combinations|1313938|vc|3|2|TRO.11|8301,0,0.968414,3,2,1,0.951342,0.995798,0.99441,0.995798,-0.227184,-0.238982
130_bNAb_Combinations|1313938|vc|4|2|TRO.11|8301,0,0.926266,4,2,1,0.951342,0.995798,0.99441,0.995798,-0.595525,-0.606818
130_bNAb_Combinations|1313938|vc|5|2|TRO.11|8301,0,0.902967,5,2,1,0.951342,0.995798,0.99441,0.995798,-0.799144,-0.810158
130_bNAb_Combinations|1313938|vc|6|2|TRO.11|8301,0,0.92744,6,2,1,0.951342,0.995798,0.99441,0.995798,-0.585269,-0.596576
130_bNAb_Combinations|1313938|vc|7|2|TRO.11|8301,0,0.886129,7,2,1,0.951342,0.995798,0.99441,0.995798,-0.946292,-0.957105
130_bNAb_Combinations|1313938|vc|8|2|TRO.11|8301,0,0.777732,8,2,1,0.828042,0.949464,0.941633,0.949464,-1.51122,-1.57059
130_bNAb_Combinations|1313956|cc|1|1|Ce1176_A3|7023,0,0.000508745,1,1,0,0,0,0,0,0.263161,0.263161
130_bNAb_Combinations|1313956|cc|2|1|Ce1176_A3|7023,0,0.000481245,2,1,0,0,0,0,0,0.248936,0.248936
130_bNAb_Combinations|1313956|cc|3|1|Ce1176_A3|7023,0,0.000632494,3,1,0,0,0,0,0,0.327173,0.327173
130_bNAb_Combinations|1313956|cc|4|1|Ce1176_A3|7023,0,0.00112749,4,1,0,0,0,0,0,0.583221,0.583221
130_bNAb_Combinations|1313956|cc|5|1|Ce1176_A3|7023,0,0.00140249,5,1,0,0,0,0,0,0.72547,0.72547
130_bNAb_Combinations|1313956|cc|6|1|Ce1176_A3|7023,0,0.00147124,6,1,0,0,0,0,0,0.761032,0.761032
130_bNAb_Combinations|1313956|cc|7|1|Ce1176_A3|7023,0,0.00120999,7,1,0,0,0,0,0,0.625896,0.625896
130_bNAb_Combinations|1313956|cc|8|1|Ce1176_A3|7023,0,0.00149874,8,1,0,0,0,0,0,0.775257,0.775257
130_bNAb_Combinations|1313956|sample|10|Ce1176_A3|7023,0.0003648,0.703622,1,10,1,0.537138,0.467578,0.681162,0.680633,0.284335,0.291259
130_bNAb_Combinations|1313956|sample|10|Ce1176_A3|7023,0.001824,0.749608,2,10,1,0.272301,0.243396,0.725783,0.72679,0.283506,0.271155
130_bNAb_Combinations|1313956|sample|10|Ce1176_A3|7023,0.00912,0.514314,3,10,1,0.0360437,0.0238577,0.54236,0.546799,-0.44315,-0.509249
130_bNAb_Combinations|1313956|sample|10|Ce1176_A3|7023,0.0456,0.208599,4,10,1,0.0121875,0.000759944,0.18756,0.192539,0.908776,0.677222
130_bNAb_Combinations|1313956|sample|10|Ce1176_A3|7023,0.228,0.00944616,5,10,1,0.0121594,0.00073279,0.00959134,0.0103089,-0.0481021,-0.278348
130_bNAb_Combinations|1313956|sample|10|Ce1176_A3|7023,1.14,0.000343747,6,10,1,0.0121594,0.00073279,0.000735707,0.000735322,-0.194383,-0.194196
130_bNAb_Combinations|1313956|sample|10|Ce1176_A3|7023,5.7,0.000233748,7,10,1,0.0117293,0.000679991,0.000681196,0.000679991,-0.222581,-0.221997
130_bNAb_Combinations|1313956|sample|10|Ce1176_A3|7023,28.5,0.000398746,8,10,1,0.0102091,0.000563142,0.00056418,0.000563142,-0.0828399,-0.0823251
130_bNAb_Combinations|1313956|sample|11|Ce1176_A3|7023,0.0003712,0.688607,1,11,1,0.534444,0.465576,0.718777,0.717279,-0.362419,-0.345131
130_bNAb_Combinations|1313956|sample|11|Ce1176_A3|7023,0.001856,0.732462,2,11,1,0.268451,0.240741,0.849572,0.847468,-1.19449,-1.17589
130_bNAb_Combinations|1313956|sample|11|Ce1176_A3|7023,0.00928,0.765771,3,11,1,0.0338114,0.0224751,0.798171,0.795123,-0.351309,-0.319448
130_bNAb_Combinations|1313956|sample|11|Ce1176_A3|7023,0.0464,0.662853,4,11,1,0.0117534,0.0019547,0.664888,0.659776,-0.0263758,0.0401939
130_bNAb_Combinations|1313956|sample|11|Ce1176_A3|7023,0.2319999999999999,0.428576,5,11,1,0.0117293,0.00193226,0.390201,0.382905,0.832894,1.00933
130_bNAb_Combinations|1313956|sample|11|Ce1176_A3|7023,1.16,0.0788005,6,11,1,0.0117293,0.00193226,0.0843129,0.0802387,-0.48055,-0.130626
130_bNAb_Combinations|1313956|sample|11|Ce1176_A3|7023,5.8,0.00151248,7,11,1,0.0117293,0.00193226,0.0029525,0.00281973,-0.63515,-0.580431
130_bNAb_Combinations|1313956|sample|11|Ce1176_A3|7023,29,0.000233748,8,11,1,0.0102091,0.00160022,0.00160318,0.00160023,-0.647617,-0.646323
130_bNAb_Combinations|1313956|sample|12|Ce1176_A3|7023,0.0003712,0.632164,1,12,1,0.534444,0.465576,0.718366,0.717035,-1.0361,-1.02195
130_bNAb_Combinations|1313956|sample|12|Ce1176_A3|7023,0.001856,0.613698,2,12,1,0.233658,0.199372,0.702456,0.70114,-1.09041,-1.07621
130_bNAb_Combinations|1313956|sample|12|Ce1176_A3|7023,0.00928,0.591375,3,12,1,0.0294292,0.018613,0.657827,0.656567,-0.870361,-0.855453
130_bNAb_Combinations|1313956|sample|12|Ce1176_A3|7023,0.0464,0.519222,4,12,1,0.0102301,0.00161881,0.542831,0.541748,-0.372725,-0.356318
130_bNAb_Combinations|1313956|sample|12|Ce1176_A3|7023,0.2319999999999999,0.330526,5,12,1,0.0102091,0.00160022,0.309969,0.309321,0.555604,0.574255
130_bNAb_Combinations|1313956|sample|12|Ce1176_A3|7023,1.16,0.0625069,6,12,1,0.0102091,0.00160022,0.0620703,0.0619503,0.0487537,0.0622499
130_bNAb_Combinations|1313956|sample|12|Ce1176_A3|7023,5.8,0.00237873,7,12,1,0.0102091,0.00160022,0.00220479,0.00220185,0.0796915,0.0810493
130_bNAb_Combinations|1313956|sample|12|Ce1176_A3|7023,29,0.000769992,8,12,1,0.0102091,0.00160022,0.00160318,0.00160023,-0.39402,-0.392687
130_bNAb_Combinations|1313956|sample|3|Ce1176_A3|7023,0.000064,0.742974,1,3,1,0.722904,0.649677,0.72569,0.724453,0.205693,0.220783
130_bNAb_Combinations|1313956|sample|3|Ce1176_A3|7023,0.00032,0.893054,2,3,1,0.639797,0.640079,0.873756,0.872556,0.19149,0.203668
130_bNAb_Combinations|1313956|sample|3|Ce1176_A3|7023,0.0016,0.908543,3,3,1,0.312739,0.413929,0.933374,0.933347,-0.230937,-0.230695
130_bNAb_Combinations|1313956|sample|3|Ce1176_A3|7023,0.008,0.937844,4,3,1,0.0445597,0.202867,0.911294,0.913309,0.252801,0.233103
130_bNAb_Combinations|1313956|sample|3|Ce1176_A3|7023,0.04,0.777115,5,3,1,0.0122238,0.177416,0.850233,0.857604,-0.745218,-0.813429
130_bNAb_Combinations|1313956|sample|3|Ce1176_A3|7023,0.2,0.561758,6,3,1,0.0121594,0.177366,0.69919,0.717643,-1.69608,-1.8755
130_bNAb_Combinations|1313956|sample|3|Ce1176_A3|7023,1,0.368964,7,3,1,0.0117293,0.164586,0.395594,0.420644,-0.570422,-1.04365
130_bNAb_Combinations|1313956|sample|3|Ce1176_A3|7023,5,0.208888,8,3,1,0.0102091,0.136304,0.159057,0.166757,2.50071,2.02573
130_bNAb_Combinations|1313956|sample|4|Ce1176_A3|7023,0.000064,0.71326,1,4,1,0.722904,0.649677,0.725625,0.724368,-0.14716,-0.132421
130_bNAb_Combinations|1313956|sample|4|Ce1176_A3|7023,0.00032,0.883119,2,4,1,0.639797,0.640079,0.873526,0.872255,0.0952223,0.107987
130_bNAb_Combinations|1313956|sample|4|Ce1176_A3|7023,0.0016,0.934819,3,4,1,0.312739,0.413929,0.932654,0.932405,0.0201469,0.0224745
130_bNAb_Combinations|1313956|sample|4|Ce1176_A3|7023,0.008,0.950487,4,4,1,0.0450058,0.209472,0.938405,0.940272,0.111778,0.0943212
130_bNAb_Combinations|1313956|sample|4|Ce1176_A3|7023,0.04,0.817519,5,4,1,0.0123461,0.183192,0.871843,0.878046,-0.540209,-0.597721
130_bNAb_Combinations|1313956|sample|4|Ce1176_A3|7023,0.2,0.59253,6,4,1,0.0121594,0.177366,0.686866,0.700995,-1.18461,-1.33522
130_bNAb_Combinations|1313956|sample|4|Ce1176_A3|7023,1,0.33859,7,4,1,0.0117293,0.164586,0.380102,0.398364,-0.923868,-1.27183
130_bNAb_Combinations|1313956|sample|4|Ce1176_A3|7023,5,0.207004,8,4,1,0.0102091,0.136304,0.155001,0.159767,2.67125,2.36106
130_bNAb_Combinations|1313956|sample|5|Ce1176_A3|7023,0.0006144,0.687672,1,5,1,0.449209,0.452536,0.72281,0.721472,-0.4198,-0.40455
130_bNAb_Combinations|1313956|sample|5|Ce1176_A3|7023,0.003072,0.893274,2,5,1,0.165247,0.280817,0.863642,0.862089,0.297408,0.313547
130_bNAb_Combinations|1313956|sample|5|Ce1176_A3|7023,0.01536,0.886089,3,5,1,0.0174871,0.181559,0.902194,0.901052,-0.154861,-0.14406
130_bNAb_Combinations|1313956|sample|5|Ce1176_A3|7023,0.0768,0.71535,4,5,1,0.0122816,0.183141,0.852577,0.851812,-1.39484,-1.38829
130_bNAb_Combinations|1313956|sample|5|Ce1176_A3|7023,0.384,0.488319,5,5,1,0.0122811,0.18314,0.667058,0.666311,-2.30944,-2.3023
130_bNAb_Combinations|1313956|sample|5|Ce1176_A3|7023,1.92,0.393054,6,5,1,0.0121594,0.177366,0.359769,0.359111,0.780724,0.797565
130_bNAb_Combinations|1313956|sample|5|Ce1176_A3|7023,9.6,0.204928,7,5,1,0.0117293,0.164586,0.176089,0.17575,1.31967,1.33754
130_bNAb_Combinations|1313956|sample|5|Ce1176_A3|7023,48,0.100326,8,5,1,0.0102091,0.136304,0.13656,0.136309,-2.08463,-2.07356
130_bNAb_Combinations|1313956|sample|6|Ce1176_A3|7023,0.0006144,0.700267,1,6,1,0.449209,0.452536,0.722057,0.720672,-0.260595,-0.24449
130_bNAb_Combinations|1313956|sample|6|Ce1176_A3|7023,0.003072,0.779562,2,6,1,0.165247,0.280817,0.861013,0.859296,-0.819957,-0.804243
130_bNAb_Combinations|1313956|sample|6|Ce1176_A3|7023,0.01536,0.830994,3,6,1,0.0174871,0.181559,0.894233,0.892594,-0.61342,-0.598592
130_bNAb_Combinations|1313956|sample|6|Ce1176_A3|7023,0.0768,0.671062,4,6,1,0.0122816,0.183141,0.831272,0.829188,-1.66935,-1.65169
130_bNAb_Combinations|1313956|sample|6|Ce1176_A3|7023,0.384,0.520893,5,6,1,0.0122811,0.18314,0.623442,0.620111,-1.41524,-1.37643
130_bNAb_Combinations|1313956|sample|6|Ce1176_A3|7023,1.92,0.352251,6,6,1,0.0121594,0.177366,0.316129,0.3132,0.958248,1.04514
130_bNAb_Combinations|1313956|sample|6|Ce1176_A3|7023,9.6,0.186758,7,6,1,0.0117293,0.164586,0.170036,0.169478,0.789915,0.818713
130_bNAb_Combinations|1313956|sample|6|Ce1176_A3|7023,48,0.0915191,8,6,1,0.0102091,0.136304,0.136556,0.136304,-2.59112,-2.58088
130_bNAb_Combinations|1313956|sample|7|Ce1176_A3|7023,0.0000768,0.644896,1,7,1,0.710319,0.621069,0.712046,0.710955,-0.814099,-0.80207
130_bNAb_Combinations|1313956|sample|7|Ce1176_A3|7023,0.000384,0.807536,2,7,1,0.607934,0.55604,0.826462,0.825755,-0.198329,-0.19108
130_bNAb_Combinations|1313956|sample|7|Ce1176_A3|7023,0.00192,0.874608,3,7,1,0.270558,0.250937,0.792929,0.79414,0.891366,0.876837
130_bNAb_Combinations|1313956|sample|7|Ce1176_A3|7023,0.0096,0.712752,4,7,1,0.0335374,0.0217964,0.583584,0.587883,1.90088,1.82455
130_bNAb_Combinations|1313956|sample|7|Ce1176_A3|7023,0.048,0.234181,5,7,1,0.0123012,0.000776544,0.218378,0.22345,0.593249,0.394349
130_bNAb_Combinations|1313956|sample|7|Ce1176_A3|7023,0.24,0.0112199,6,7,1,0.0121594,0.00073279,0.0132179,0.0140881,-0.58277,-0.813229
130_bNAb_Combinations|1313956|sample|7|Ce1176_A3|7023,1.2,0.000769992,7,7,1,0.0117293,0.000679991,0.000685945,0.000685715,0.0417976,0.0419128
130_bNAb_Combinations|1313956|sample|7|Ce1176_A3|7023,6,0.000536245,8,7,1,0.0102091,0.000563142,0.00056418,0.000563142,-0.0139885,-0.0134696
130_bNAb_Combinations|1313956|sample|8|Ce1176_A3|7023,0.0000768,0.696355,1,8,1,0.710319,0.621069,0.712843,0.711273,-0.199678,-0.181056
130_bNAb_Combinations|1313956|sample|8|Ce1176_A3|7023,0.000384,0.873701,2,8,1,0.607934,0.55604,0.829177,0.82684,0.465077,0.490846
130_bNAb_Combinations|1313956|sample|8|Ce1176_A3|7023,0.00192,0.872793,3,8,1,0.270558,0.250937,0.80058,0.797197,0.780689,0.820659
130_bNAb_Combinations|1313956|sample|8|Ce1176_A3|7023,0.0096,0.757666,4,8,1,0.0335374,0.0217964,0.600182,0.594515,2.25527,2.35808
130_bNAb_Combinations|1313956|sample|8|Ce1176_A3|7023,0.048,0.240416,5,8,1,0.0123012,0.000776544,0.236846,0.230823,0.124298,0.342083
130_bNAb_Combinations|1313956|sample|8|Ce1176_A3|7023,0.24,0.0117424,6,8,1,0.0121594,0.00073279,0.0164697,0.0153829,-1.24521,-0.991035
130_bNAb_Combinations|1313956|sample|8|Ce1176_A3|7023,1.2,0.000178748,7,8,1,0.0117293,0.000679991,0.000690046,0.000687331,-0.254216,-0.252905
130_bNAb_Combinations|1313956|sample|8|Ce1176_A3|7023,6,0.000316247,8,8,1,0.0102091,0.000563142,0.00056418,0.000563142,-0.124151,-0.123638
130_bNAb_Combinations|1313956|sample|9|Ce1176_A3|7023,0.0003648,0.758106,1,9,1,0.537138,0.467578,0.681125,0.681338,0.974616,0.971611
130_bNAb_Combinations|1313956|sample|9|Ce1176_A3|7023,0.001824,0.682688,2,9,1,0.272301,0.243396,0.725666,0.728999,-0.5115,-0.5487
130_bNAb_Combinations|1313956|sample|9|Ce1176_A3|7023,0.00912,0.715818,3,9,1,0.0360437,0.0238577,0.542105,0.551663,2.74605,2.55134
130_bNAb_Combinations|1313956|sample|9|Ce1176_A3|7023,0.0456,0.196719,4,9,1,0.0123095,0.000784685,0.193312,0.203963,0.143156,-0.289662
130_bNAb_Combinations|1313956|sample|9|Ce1176_A3|7023,0.228,0.00966615,5,9,1,0.0122811,0.000756647,0.0098637,0.0113914,-0.0647886,-0.535468
130_bNAb_Combinations|1313956|sample|9|Ce1176_A3|7023,1.14,0.000756242,6,9,1,0.0121594,0.00073279,0.000735687,0.000735865,0.0101942,0.0101055
130_bNAb_Combinations|1313956|sample|9|Ce1176_A3|7023,5.7,0.000439996,7,9,1,0.0117293,0.000679991,0.000681196,0.000679991,-0.119984,-0.119393
130_bNAb_Combinations|1313956|sample|9|Ce1176_A3|7023,28.5,0,8,9,1,0.0102091,0.000563142,0.00056418,0.000563142,-0.282509,-0.282006
130_bNAb_Combinations|1313956|vc|1|2|Ce1176_A3|7023,0,0.749127,1,2,1,0.828042,0.725405,0.726742,0.725405,0.266019,0.282415
130_bNAb_Combinations|1313956|vc|2|2|Ce1176_A3|7023,0,0.930921,2,2,1,0.951342,0.875923,0.877475,0.875923,0.528126,0.544411
130_bNAb_Combinations|1313956|vc|3|2|Ce1176_A3|7023,0,1,3,2,1,0.951342,0.875923,0.877475,0.875923,1.21074,1.22821
130_bNAb_Combinations|1313956|vc|4|2|Ce1176_A3|7023,0,0.968987,4,2,1,0.951342,0.875923,0.877475,0.875923,0.904283,0.921223
130_bNAb_Combinations|1313956|vc|5|2|Ce1176_A3|7023,0,0.924369,5,2,1,0.951342,0.875923,0.877475,0.875923,0.463383,0.479556
130_bNAb_Combinations|1313956|vc|6|2|Ce1176_A3|7023,0,0.980379,6,2,1,0.951342,0.875923,0.877475,0.875923,1.01685,1.03399
130_bNAb_Combinations|1313956|vc|7|2|Ce1176_A3|7023,0,0.892036,7,2,1,0.951342,0.875923,0.877475,0.875923,0.143883,0.159501
130_bNAb_Combinations|1313956|vc|8|2|Ce1176_A3|7023,0,0.653015,8,2,1,0.828042,0.725405,0.726742,0.725405,-0.876175,-0.861836
130_bNAb_Combinations|1313974|cc|1|1|nan|1176,0,0,1,1,0,0,0,0,0,0,0
130_bNAb_Combinations|1313974|cc|2|1|nan|1176,0,0.00187935,2,1,0,0,0,0,0,0.972138,0.972138
130_bNAb_Combinations|1313974|cc|3|1|nan|1176,0,0.00338282,3,1,0,0,0,0,0,1.74985,1.74985
130_bNAb_Combinations|1313974|cc|4|1|nan|1176,0,0.00250579,4,1,0,0,0,0,0,1.29618,1.29618
130_bNAb_Combinations|1313974|cc|5|1|nan|1176,0,0.00425985,5,1,0,0,0,0,0,2.20351,2.20351
130_bNAb_Combinations|1313974|cc|6|1|nan|1176,0,0.00200464,6,1,0,0,0,0,0,1.03695,1.03695
130_bNAb_Combinations|1313974|cc|7|1|nan|1176,0,0.00701623,7,1,0,0,0,0,0,3.62931,3.62931
130_bNAb_Combinations|1313974|cc|8|1|nan|1176,0,0.00275637,8,1,0,0,0,0,0,1.4258,1.4258
130_bNAb_Combinations|1313974|sample|10|nan|1176,0.0003648,0.564806,1,10,1,0.537138,0.416013,0.604478,0.601556,-0.564204,-0.525112
130_bNAb_Combinations|1313974|sample|10|nan|1176,0.001824,0.969555,2,10,1,0.272301,0.294284,0.793049,0.790167,1.92592,1.96435
130_bNAb_Combinations|1313974|sample|10|nan|1176,0.00912,0.987972,3,10,1,0.0360437,0.133249,0.876354,0.874383,1.10435,1.12634
130_bNAb_Combinations|1313974|sample|10|nan|1176,0.0456,0.768277,4,10,1,0.0121875,0.114099,0.835958,0.834548,-0.701349,-0.687875
130_bNAb_Combinations|1313974|sample|10|nan|1176,0.228,0.6812,5,10,1,0.0121594,0.114077,0.729548,0.729504,-0.572413,-0.571919
130_bNAb_Combinations|1313974|sample|10|nan|1176,1.14,0.388273,6,10,1,0.0121594,0.114077,0.500325,0.502432,-1.91435,-1.94244
130_bNAb_Combinations|1313974|sample|10|nan|1176,5.7,0.221387,7,10,1,0.0117293,0.101455,0.190661,0.192255,1.3074,1.23013
130_bNAb_Combinations|1313974|sample|10|nan|1176,28.5,0.0676565,8,10,1,0.0102091,0.0768168,0.0786232,0.0783498,-1.01286,-0.990436
130_bNAb_Combinations|1313974|sample|11|nan|1176,0.0003712,0.686964,1,11,1,0.534444,0.388493,0.590907,0.587961,1.39658,1.44641
130_bNAb_Combinations|1313974|sample|11|nan|1176,0.001856,0.787446,2,11,1,0.268451,0.222487,0.741985,0.738973,0.529415,0.56673
130_bNAb_Combinations|1313974|sample|11|nan|1176,0.00928,0.683957,3,11,1,0.0338114,0.0251554,0.642154,0.639174,0.560534,0.603214
130_bNAb_Combinations|1313974|sample|11|nan|1176,0.0464,0.431373,4,11,1,0.0117534,0.0066032,0.421504,0.418882,0.198901,0.253259
130_bNAb_Combinations|1313974|sample|11|nan|1176,0.2319999999999999,0.127921,5,11,1,0.0117293,0.00658291,0.126821,0.125526,0.0675717,0.148432
130_bNAb_Combinations|1313974|sample|11|nan|1176,1.16,0.00889557,6,11,1,0.0117293,0.00658291,0.0101129,0.0100135,-0.395605,-0.364609
130_bNAb_Combinations|1313974|sample|11|nan|1176,5.8,0.00664036,7,11,1,0.0117293,0.00658291,0.00660779,0.00658313,0.0121491,0.021368
130_bNAb_Combinations|1313974|sample|11|nan|1176,29,0.0085197,8,11,1,0.0102091,0.00498428,0.00500866,0.00498428,1.40452,1.41583
130_bNAb_Combinations|1313974|sample|12|nan|1176,0.0003712,0.62507,1,12,1,0.534444,0.388493,0.587139,0.584622,0.554927,0.594229
130_bNAb_Combinations|1313974|sample|12|nan|1176,0.001856,0.659149,2,12,1,0.233658,0.168457,0.552,0.550262,1.66437,1.69655
130_bNAb_Combinations|1313974|sample|12|nan|1176,0.00928,0.546764,3,12,1,0.0294292,0.0190466,0.460831,0.460933,1.58946,1.58722
130_bNAb_Combinations|1313974|sample|12|nan|1176,0.0464,0.27877,4,12,1,0.0102301,0.00499964,0.272635,0.275393,0.187168,0.102056
130_bNAb_Combinations|1313974|sample|12|nan|1176,0.2319999999999999,0.0630207,5,12,1,0.0102091,0.00498428,0.0621992,0.0644829,0.0915941,-0.158453
130_bNAb_Combinations|1313974|sample|12|nan|1176,1.16,0.00413456,6,12,1,0.0102091,0.00498428,0.0057286,0.00579693,-0.617544,-0.642092
130_bNAb_Combinations|1313974|sample|12|nan|1176,5.8,0.0072668,7,12,1,0.0102091,0.00498428,0.00500866,0.00498429,0.903323,0.91408
130_bNAb_Combinations|1313974|sample|12|nan|1176,29,0.00375869,8,12,1,0.0102091,0.00498428,0.00500866,0.00498428,-0.500022,-0.490813
130_bNAb_Combinations|1313974|sample|3|nan|1176,0.000064,0.544885,1,3,1,0.722904,0.528568,0.598546,0.595182,-0.770497,-0.726164
130_bNAb_Combinations|1313974|sample|3|nan|1176,0.00032,0.833553,2,3,1,0.639797,0.542314,0.770455,0.765888,0.708229,0.76393
130_bNAb_Combinations|1313974|sample|3|nan|1176,0.0016,0.76765,3,3,1,0.312739,0.299278,0.805274,0.798086,-0.404426,-0.33005
130_bNAb_Combinations|1313974|sample|3|nan|1176,0.008,0.763766,4,3,1,0.0445597,0.0616996,0.653362,0.639741,1.45565,1.66916
130_bNAb_Combinations|1313974|sample|3|nan|1176,0.04,0.33966,5,3,1,0.0122238,0.0330511,0.360391,0.341513,-0.485453,-0.0456715
130_bNAb_Combinations|1313974|sample|3|nan|1176,0.2,0.074798,6,3,1,0.0121594,0.0329941,0.0846354,0.0767456,-0.85486,-0.183476
130_bNAb_Combinations|1313974|sample|3|nan|1176,1,0.0275637,7,3,1,0.0117293,0.0293434,0.0297051,0.0295044,-0.40451,-0.368189
130_bNAb_Combinations|1313974|sample|3|nan|1176,5,0.0219257,8,3,1,0.0102091,0.0222175,0.0223261,0.0222175,-0.0898063,-0.0656199
130_bNAb_Combinations|1313974|sample|4|nan|1176,0.000064,0.596254,1,4,1,0.722904,0.528568,0.599038,0.596211,-0.0399443,0.000613283
130_bNAb_Combinations|1313974|sample|4|nan|1176,0.00032,0.751363,2,4,1,0.639797,0.542314,0.772313,0.769774,-0.234605,-0.206833
130_bNAb_Combinations|1313974|sample|4|nan|1176,0.0016,0.81952,3,4,1,0.312739,0.299278,0.81096,0.809971,0.0913814,0.10206
130_bNAb_Combinations|1313974|sample|4|nan|1176,0.008,0.746852,4,4,1,0.0450058,0.0651971,0.70398,0.705569,0.525579,0.504988
130_bNAb_Combinations|1313974|sample|4|nan|1176,0.04,0.327758,5,4,1,0.0123461,0.0349246,0.40276,0.406582,-1.57913,-1.64464
130_bNAb_Combinations|1313974|sample|4|nan|1176,0.2,0.106747,6,4,1,0.0121594,0.0329941,0.0947769,0.0967625,0.945878,0.775211
130_bNAb_Combinations|1313974|sample|4|nan|1176,1,0.0308213,7,4,1,0.0117293,0.0293434,0.0298672,0.0297996,0.179601,0.192611
130_bNAb_Combinations|1313974|sample|4|nan|1176,5,0.0120278,8,4,1,0.0102091,0.0222175,0.0223261,0.0222175,-2.30963,-2.29158
130_bNAb_Combinations|1313974|sample|5|nan|1176,0.0006144,0.585729,1,5,1,0.449209,0.334124,0.578618,0.575683,0.10553,0.149823
130_bNAb_Combinations|1313974|sample|5|nan|1176,0.003072,0.613794,2,5,1,0.165247,0.154735,0.697837,0.694835,-1.03914,-1.00626
130_bNAb_Combinations|1313974|sample|5|nan|1176,0.01536,0.526467,3,5,1,0.0174871,0.0377144,0.60407,0.601598,-1.10436,-1.07346
130_bNAb_Combinations|1313974|sample|5|nan|1176,0.0768,0.174278,4,5,1,0.0122816,0.0348648,0.306516,0.304795,-3.61226,-3.58432
130_bNAb_Combinations|1313974|sample|5|nan|1176,0.384,0.0800601,5,5,1,0.0122811,0.0348643,0.0622289,0.0618033,1.98724,2.04565
130_bNAb_Combinations|1313974|sample|5|nan|1176,1.92,0.03458,6,5,1,0.0121594,0.0329941,0.0331205,0.0330353,0.256952,0.272408
130_bNAb_Combinations|1313974|sample|5|nan|1176,9.6,0.0281902,7,5,1,0.0117293,0.0293434,0.0294532,0.0293434,-0.239889,-0.219544
130_bNAb_Combinations|1313974|sample|5|nan|1176,48,0.00826912,8,5,1,0.0102091,0.0222175,0.0223261,0.0222175,-3.1526,-3.13688
130_bNAb_Combinations|1313974|sample|6|nan|1176,0.0006144,0.51469,1,6,1,0.449209,0.334124,0.579081,0.576287,-0.954762,-0.917632
130_bNAb_Combinations|1313974|sample|6|nan|1176,0.003072,0.808369,2,6,1,0.165247,0.154735,0.69947,0.696967,1.34343,1.37912
130_bNAb_Combinations|1313974|sample|6|nan|1176,0.01536,0.47986,3,6,1,0.0174871,0.0377144,0.608158,0.606937,-1.81388,-1.80013
130_bNAb_Combinations|1313974|sample|6|nan|1176,0.0768,0.164756,4,6,1,0.0122816,0.0348648,0.312205,0.312224,-3.9582,-3.95848
130_bNAb_Combinations|1313974|sample|6|nan|1176,0.384,0.0816889,5,6,1,0.0122811,0.0348643,0.0638954,0.0639757,1.94222,1.93155
130_bNAb_Combinations|1313974|sample|6|nan|1176,1.92,0.045856,6,6,1,0.0121594,0.0329941,0.033128,0.033045,2.24053,2.25886
130_bNAb_Combinations|1313974|sample|6|nan|1176,9.6,0.023805,7,6,1,0.0117293,0.0293434,0.0294532,0.0293434,-1.07275,-1.05438
130_bNAb_Combinations|1313974|sample|6|nan|1176,48,0.00789325,8,6,1,0.0102091,0.0222175,0.0223261,0.0222175,-3.23689,-3.22141
130_bNAb_Combinations|1313974|sample|7|nan|1176,0.0000768,0.626699,1,7,1,0.710319,0.527487,0.605435,0.602534,0.301951,0.34475
130_bNAb_Combinations|1313974|sample|7|nan|1176,0.000384,0.800727,2,7,1,0.607934,0.542645,0.796733,0.793937,0.0433812,0.0739994
130_bNAb_Combinations|1313974|sample|7|nan|1176,0.00192,0.993736,3,7,1,0.270558,0.321483,0.888321,0.886648,1.02918,1.04746
130_bNAb_Combinations|1313974|sample|7|nan|1176,0.0096,1,4,7,1,0.0335374,0.138395,0.918151,0.918408,0.773625,0.770985
130_bNAb_Combinations|1313974|sample|7|nan|1176,0.048,0.854476,5,7,1,0.0123012,0.12056,0.86317,0.866576,-0.0873033,-0.121044
130_bNAb_Combinations|1313974|sample|7|nan|1176,0.24,0.743344,6,7,1,0.0121594,0.114077,0.684875,0.694061,0.736294,0.612595
130_bNAb_Combinations|1313974|sample|7|nan|1176,1.2,0.326505,7,7,1,0.0117293,0.101455,0.377707,0.392007,-1.14644,-1.41536
130_bNAb_Combinations|1313974|sample|7|nan|1176,6,0.132932,8,7,1,0.0102091,0.0768168,0.112945,0.118589,1.35872,0.934482
130_bNAb_Combinations|1313974|sample|8|nan|1176,0.0000768,0.625321,1,8,1,0.710319,0.527487,0.605401,0.60248,0.28287,0.325892
130_bNAb_Combinations|1313974|sample|8|nan|1176,0.000384,0.783938,2,8,1,0.607934,0.542645,0.796604,0.793728,-0.137602,-0.106731
130_bNAb_Combinations|1313974|sample|8|nan|1176,0.00192,0.983211,3,8,1,0.270558,0.321483,0.887901,0.885962,0.930969,0.951945
130_bNAb_Combinations|1313974|sample|8|nan|1176,0.0096,0.927081,4,8,1,0.0335374,0.138395,0.916881,0.916334,0.0965394,0.101781
130_bNAb_Combinations|1313974|sample|8|nan|1176,0.048,0.862056,5,8,1,0.0123012,0.12056,0.859712,0.86091,0.0236307,0.0115408
130_bNAb_Combinations|1313974|sample|8|nan|1176,0.24,0.641108,6,8,1,0.0121594,0.114077,0.677137,0.68127,-0.458773,-0.508368
130_bNAb_Combinations|1313974|sample|8|nan|1176,1.2,0.408069,7,8,1,0.0117293,0.101455,0.366953,0.373738,0.946384,0.776492
130_bNAb_Combinations|1313974|sample|8|nan|1176,6,0.107499,8,8,1,0.0102091,0.0768168,0.109086,0.111476,-0.111216,-0.273459
130_bNAb_Combinations|1313974|sample|9|nan|1176,0.0003648,0.584727,1,9,1,0.537138,0.416013,0.604213,0.601416,-0.277241,-0.238523
130_bNAb_Combinations|1313974|sample|9|nan|1176,0.001824,0.879471,2,9,1,0.272301,0.294284,0.792031,0.789631,0.955297,0.984439
130_bNAb_Combinations|1313974|sample|9|nan|1176,0.00912,0.847836,3,9,1,0.0360437,0.133249,0.873067,0.872648,-0.250557,-0.246512
130_bNAb_Combinations|1313974|sample|9|nan|1176,0.0456,0.917183,4,9,1,0.0123095,0.120567,0.872955,0.876774,0.439271,0.399624
130_bNAb_Combinations|1313974|sample|9|nan|1176,0.228,0.733697,5,9,1,0.0122811,0.120543,0.746565,0.758238,-0.148959,-0.2798
130_bNAb_Combinations|1313974|sample|9|nan|1176,1.14,0.394788,6,9,1,0.0121594,0.114077,0.460774,0.480867,-1.22064,-1.52807
130_bNAb_Combinations|1313974|sample|9|nan|1176,5.7,0.20109,7,9,1,0.0117293,0.101455,0.166864,0.178454,1.64468,1.02327
130_bNAb_Combinations|1313974|sample|9|nan|1176,28.5,0.0780555,8,9,1,0.0102091,0.0768168,0.0777904,0.0777826,0.0246949,0.0254269
130_bNAb_Combinations|1313974|vc|1|2|nan|1176,0,0.615047,1,2,1,0.828042,0.60326,0.60621,0.60326,0.125326,0.16796
130_bNAb_Combinations|1313974|vc|2|2|nan|1176,0,0.671678,2,2,1,0.951342,0.796746,0.799729,0.796746,-1.38578,-1.35847
130_bNAb_Combinations|1313974|vc|3|2|nan|1176,0,0.718411,3,2,1,0.951342,0.796746,0.799729,0.796746,-0.880032,-0.85086
130_bNAb_Combinations|1313974|vc|4|2|nan|1176,0,0.81739,4,2,1,0.951342,0.796746,0.799729,0.796746,0.191133,0.22423
130_bNAb_Combinations|1313974|vc|5|2|nan|1176,0,0.786068,5,2,1,0.951342,0.796746,0.799729,0.796746,-0.147843,-0.115988
130_bNAb_Combinations|1313974|vc|6|2|nan|1176,0,0.718662,6,2,1,0.951342,0.796746,0.799729,0.796746,-0.87732,-0.848138
130_bNAb_Combinations|1313974|vc|7|2|nan|1176,0,0.706008,7,2,1,0.951342,0.796746,0.799729,0.796746,-1.01427,-0.985586
130_bNAb_Combinations|1313974|vc|8|2|nan|1176,0,0.513437,8,2,1,0.828042,0.60326,0.60621,0.60326,-1.31572,-1.27994
130_bNAb_Combinations|1313992|cc|1|1|RHPA4259.7|5371,0,0.000660826,1,1,0,0,0,0,0,0.341829,0.341829
130_bNAb_Combinations|1313992|cc|2|1|RHPA4259.7|5371,0,0.00171458,2,1,0,0,0,0,0,0.886907,0.886907
130_bNAb_Combinations|1313992|cc|3|1|RHPA4259.7|5371,0,0.00114305,3,1,0,0,0,0,0,0.591271,0.591271
130_bNAb_Combinations|1313992|cc|4|1|RHPA4259.7|5371,0,0.00148239,4,1,0,0,0,0,0,0.766805,0.766805
130_bNAb_Combinations|1313992|cc|5|1|RHPA4259.7|5371,0,0.00150025,5,1,0,0,0,0,0,0.776043,0.776043
130_bNAb_Combinations|1313992|cc|6|1|RHPA4259.7|5371,0,0.00133951,6,1,0,0,0,0,0,0.692896,0.692896
130_bNAb_Combinations|1313992|cc|7|1|RHPA4259.7|5371,0,0.001661,7,1,0,0,0,0,0,0.859191,0.859191
130_bNAb_Combinations|1313992|cc|8|1|RHPA4259.7|5371,0,0.00142881,8,1,0,0,0,0,0,0.739089,0.739089
130_bNAb_Combinations|1313992|sample|10|RHPA4259.7|5371,0.0003648,0.6759,1,10,1,0.537138,0.463874,0.676044,0.678732,-0.00182822,-0.0359672
130_bNAb_Combinations|1313992|sample|10|RHPA4259.7|5371,0.001824,0.701074,2,10,1,0.272301,0.242535,0.734041,0.734445,-0.387971,-0.392512
130_bNAb_Combinations|1313992|sample|10|RHPA4259.7|5371,0.00912,0.541985,3,10,1,0.0360437,0.0247779,0.575727,0.572272,-0.503145,-0.454276
130_bNAb_Combinations|1313992|sample|10|RHPA4259.7|5371,0.0456,0.23562,4,10,1,0.0121875,0.00179498,0.226392,0.221701,0.335023,0.515296
130_bNAb_Combinations|1313992|sample|10|RHPA4259.7|5371,0.228,0.0160206,5,10,1,0.0121594,0.00176795,0.0169427,0.0160232,-0.239522,-0.000698195
130_bNAb_Combinations|1313992|sample|10|RHPA4259.7|5371,1.14,0.00158956,6,10,1,0.0121594,0.00176795,0.00177306,0.00177537,-0.0860011,-0.0870704
130_bNAb_Combinations|1313992|sample|10|RHPA4259.7|5371,5.7,0.000392924,7,10,1,0.0117293,0.00163669,0.00163119,0.00163669,-0.584713,-0.587135
130_bNAb_Combinations|1313992|sample|10|RHPA4259.7|5371,28.5,0.000928729,8,10,1,0.0102091,0.0013526,0.00134594,0.0013526,-0.200054,-0.203178
130_bNAb_Combinations|1313992|sample|11|RHPA4259.7|5371,0.0003712,0.650289,1,11,1,0.534444,0.461451,0.670477,0.673751,-0.259546,-0.30021
130_bNAb_Combinations|1313992|sample|11|RHPA4259.7|5371,0.001856,0.618283,2,11,1,0.268451,0.238833,0.716481,0.718778,-1.18331,-1.20721
130_bNAb_Combinations|1313992|sample|11|RHPA4259.7|5371,0.00928,0.451639,3,11,1,0.0338114,0.0218601,0.495967,0.497467,-0.76375,-0.787293
130_bNAb_Combinations|1313992|sample|11|RHPA4259.7|5371,0.0464,0.163215,4,11,1,0.0117534,0.00146129,0.170645,0.171119,-0.349858,-0.371233
130_bNAb_Combinations|1313992|sample|11|RHPA4259.7|5371,0.2319999999999999,0.0123414,5,11,1,0.0117293,0.00143899,0.00927761,0.00930585,1.02716,1.01661
130_bNAb_Combinations|1313992|sample|11|RHPA4259.7|5371,1.16,0,6,11,1,0.0117293,0.00143899,0.00143586,0.0014407,-0.685166,-0.687297
130_bNAb_Combinations|1313992|sample|11|RHPA4259.7|5371,5.8,0.000839428,7,11,1,0.0117293,0.00143899,0.00143416,0.00143899,-0.283818,-0.286049
130_bNAb_Combinations|1313992|sample|11|RHPA4259.7|5371,29,0.000500085,8,11,1,0.0102091,0.00118922,0.00118336,0.00118922,-0.330549,-0.333278
130_bNAb_Combinations|1313992|sample|12|RHPA4259.7|5371,0.0003712,0.617105,1,12,1,0.534444,0.461451,0.679214,0.683084,-0.788497,-0.832997
130_bNAb_Combinations|1313992|sample|12|RHPA4259.7|5371,0.001856,0.643716,2,12,1,0.233658,0.197378,0.614029,0.618431,0.415808,0.351703
130_bNAb_Combinations|1313992|sample|12|RHPA4259.7|5371,0.00928,0.450916,3,12,1,0.0294292,0.0180658,0.457126,0.462402,-0.115771,-0.211751
130_bNAb_Combinations|1313992|sample|12|RHPA4259.7|5371,0.0464,0.208089,4,12,1,0.0102301,0.00120765,0.193818,0.198557,0.598121,0.390722
130_bNAb_Combinations|1313992|sample|12|RHPA4259.7|5371,0.2319999999999999,0.0184138,5,12,1,0.0102091,0.00118922,0.0173339,0.0183566,0.277328,0.0142732
130_bNAb_Combinations|1313992|sample|12|RHPA4259.7|5371,1.16,0.000125021,6,12,1,0.0102091,0.00118922,0.0011998,0.00120853,-0.519483,-0.523452
130_bNAb_Combinations|1313992|sample|12|RHPA4259.7|5371,5.8,0.000500085,7,12,1,0.0102091,0.00118922,0.00118336,0.00118922,-0.330549,-0.333278
130_bNAb_Combinations|1313992|sample|12|RHPA4259.7|5371,29,0.000285763,8,12,1,0.0102091,0.00118922,0.00118336,0.00118922,-0.434233,-0.436928
130_bNAb_Combinations|1313992|sample|3|RHPA4259.7|5371,0.000064,0.754539,1,3,1,0.722904,0.627248,0.714093,0.717631,0.488977,0.444056
130_bNAb_Combinations|1313992|sample|3|RHPA4259.7|5371,0.00032,0.910976,2,3,1,0.639797,0.583277,0.86179,0.864695,0.494713,0.463961
130_bNAb_Combinations|1313992|sample|3|RHPA4259.7|5371,0.0016,0.927479,3,3,1,0.312739,0.293607,0.920634,0.922558,0.0645279,0.0462925
130_bNAb_Combinations|1313992|sample|3|RHPA4259.7|5371,0.008,0.944785,4,3,1,0.0445597,0.0361779,0.887812,0.889702,0.55656,0.536975
130_bNAb_Combinations|1313992|sample|3|RHPA4259.7|5371,0.04,0.905162,5,3,1,0.0122238,0.00513573,0.79826,0.800069,1.159,1.13687
130_bNAb_Combinations|1313992|sample|3|RHPA4259.7|5371,0.2,0.651807,6,3,1,0.0121594,0.00507395,0.585124,0.586726,0.978823,0.952765
130_bNAb_Combinations|1313992|sample|3|RHPA4259.7|5371,1,0.224351,7,3,1,0.0117293,0.00469722,0.220274,0.221507,0.151826,0.105356
130_bNAb_Combinations|1313992|sample|3|RHPA4259.7|5371,5,0.0158956,8,3,1,0.0102091,0.00388191,0.0168254,0.0170073,-0.242365,-0.288222
130_bNAb_Combinations|1313992|sample|4|RHPA4259.7|5371,0.000064,0.699119,1,4,1,0.722904,0.627248,0.71408,0.717648,-0.180876,-0.222928
130_bNAb_Combinations|1313992|sample|4|RHPA4259.7|5371,0.00032,0.930694,2,4,1,0.639797,0.583277,0.861743,0.864755,0.69354,0.660974
130_bNAb_Combinations|1313992|sample|4|RHPA4259.7|5371,0.0016,0.969602,3,4,1,0.312739,0.293607,0.920487,0.922748,0.463069,0.440694
130_bNAb_Combinations|1313992|sample|4|RHPA4259.7|5371,0.008,1,4,4,1,0.0450058,0.0374191,0.918632,0.920779,0.768682,0.746685
130_bNAb_Combinations|1313992|sample|4|RHPA4259.7|5371,0.04,0.855217,5,4,1,0.0123461,0.00531192,0.825229,0.828976,0.314707,0.274161
130_bNAb_Combinations|1313992|sample|4|RHPA4259.7|5371,0.2,0.614506,6,4,1,0.0121594,0.00507395,0.582799,0.589748,0.467225,0.360652
130_bNAb_Combinations|1313992|sample|4|RHPA4259.7|5371,1,0.229173,7,4,1,0.0117293,0.00469722,0.217775,0.224791,0.428971,0.160146
130_bNAb_Combinations|1313992|sample|4|RHPA4259.7|5371,5,0.0174851,8,4,1,0.0102091,0.00388191,0.0164025,0.017581,0.285751,-0.0244494
130_bNAb_Combinations|1313992|sample|5|RHPA4259.7|5371,0.0006144,0.682232,1,5,1,0.449209,0.387868,0.707604,0.710941,-0.309492,-0.348582
130_bNAb_Combinations|1313992|sample|5|RHPA4259.7|5371,0.003072,0.897884,2,5,1,0.165247,0.146127,0.839033,0.841278,0.607657,0.582947
130_bNAb_Combinations|1313992|sample|5|RHPA4259.7|5371,0.01536,0.905895,3,5,1,0.0174871,0.0101887,0.851191,0.851256,0.556922,0.556216
130_bNAb_Combinations|1313992|sample|5|RHPA4259.7|5371,0.0768,0.832025,4,5,1,0.0122816,0.00524852,0.730569,0.727247,1.19954,1.24435
130_bNAb_Combinations|1313992|sample|5|RHPA4259.7|5371,0.384,0.471151,5,5,1,0.0122811,0.00524802,0.42336,0.416925,0.959167,1.10445
130_bNAb_Combinations|1313992|sample|5|RHPA4259.7|5371,1.92,0.0757807,6,5,1,0.0121594,0.00507395,0.0869583,0.0833268,-0.949635,-0.664291
130_bNAb_Combinations|1313992|sample|5|RHPA4259.7|5371,9.6,0.0066797,7,5,1,0.0117293,0.00469722,0.00550693,0.00542429,0.4588,0.49293
130_bNAb_Combinations|1313992|sample|5|RHPA4259.7|5371,48,0.00155384,8,5,1,0.0102091,0.00388191,0.00386278,0.00388192,-0.974162,-0.981339
130_bNAb_Combinations|1313992|sample|6|RHPA4259.7|5371,0.0006144,0.679213,1,6,1,0.449209,0.387868,0.707776,0.710942,-0.348324,-0.385251
130_bNAb_Combinations|1313992|sample|6|RHPA4259.7|5371,0.003072,0.909244,2,6,1,0.165247,0.146127,0.839631,0.841284,0.718271,0.699858
130_bNAb_Combinations|1313992|sample|6|RHPA4259.7|5371,0.01536,0.882409,3,6,1,0.0174871,0.0101887,0.852969,0.851275,0.299108,0.316936
130_bNAb_Combinations|1313992|sample|6|RHPA4259.7|5371,0.0768,0.759665,4,6,1,0.0122816,0.00524852,0.735037,0.727292,0.289451,0.384434
130_bNAb_Combinations|1313992|sample|6|RHPA4259.7|5371,0.384,0.442039,5,6,1,0.0122811,0.00524802,0.43091,0.417,0.219604,0.509894
130_bNAb_Combinations|1313992|sample|6|RHPA4259.7|5371,1.92,0.0812102,6,6,1,0.0121594,0.00507395,0.0912901,0.083368,-0.822148,-0.189877
130_bNAb_Combinations|1313992|sample|6|RHPA4259.7|5371,9.6,0.00728695,7,6,1,0.0117293,0.00469722,0.00563444,0.00542536,0.64285,0.730908
130_bNAb_Combinations|1313992|sample|6|RHPA4259.7|5371,48,0.000660826,8,6,1,0.0102091,0.00388191,0.00386279,0.00388192,-1.35093,-1.35776
130_bNAb_Combinations|1313992|sample|7|RHPA4259.7|5371,0.0000768,0.658728,1,7,1,0.710319,0.615877,0.701667,0.704811,-0.528096,-0.564292
130_bNAb_Combinations|1313992|sample|7|RHPA4259.7|5371,0.000384,0.835624,2,7,1,0.607934,0.552808,0.818562,0.820197,0.180483,0.162874
130_bNAb_Combinations|1313992|sample|7|RHPA4259.7|5371,0.00192,0.789589,3,7,1,0.270558,0.250689,0.791774,0.790279,-0.0238711,-0.0075552
130_bNAb_Combinations|1313992|sample|7|RHPA4259.7|5371,0.0096,0.635402,4,7,1,0.0335374,0.0227995,0.59127,0.585248,0.641269,0.736059
130_bNAb_Combinations|1313992|sample|7|RHPA4259.7|5371,0.048,0.221618,5,7,1,0.0123012,0.00184845,0.22904,0.221944,-0.266578,-0.0120457
130_bNAb_Combinations|1313992|sample|7|RHPA4259.7|5371,0.24,0.0149132,6,7,1,0.0121594,0.00176795,0.015976,0.0147513,-0.284121,0.0449722
130_bNAb_Combinations|1313992|sample|7|RHPA4259.7|5371,1.2,0.00198248,7,7,1,0.0117293,0.00163669,0.00163799,0.00164203,0.162609,0.160669
130_bNAb_Combinations|1313992|sample|7|RHPA4259.7|5371,6,0.00167886,8,7,1,0.0102091,0.0013526,0.00134594,0.0013526,0.159638,0.156384
130_bNAb_Combinations|1313992|sample|8|RHPA4259.7|5371,0.0000768,0.639796,1,8,1,0.710319,0.615877,0.702712,0.706144,-0.772661,-0.810942
130_bNAb_Combinations|1313992|sample|8|RHPA4259.7|5371,0.000384,0.832418,2,8,1,0.607934,0.552808,0.822141,0.824752,0.10825,0.0805011
130_bNAb_Combinations|1313992|sample|8|RHPA4259.7|5371,0.00192,0.855234,3,8,1,0.270558,0.250689,0.801953,0.803196,0.575057,0.560784
130_bNAb_Combinations|1313992|sample|8|RHPA4259.7|5371,0.0096,0.694582,4,8,1,0.0335374,0.0227995,0.613738,0.613607,1.13287,1.13493
130_bNAb_Combinations|1313992|sample|8|RHPA4259.7|5371,0.048,0.261848,5,8,1,0.0123012,0.00184845,0.255095,0.254436,0.219304,0.241292
130_bNAb_Combinations|1313992|sample|8|RHPA4259.7|5371,0.24,0.0198069,6,8,1,0.0121594,0.00176795,0.0211201,0.0209736,-0.303797,-0.270945
130_bNAb_Combinations|1313992|sample|8|RHPA4259.7|5371,1.2,0.00117877,7,8,1,0.0117293,0.00163669,0.00164683,0.00165202,-0.220835,-0.223222
130_bNAb_Combinations|1313992|sample|8|RHPA4259.7|5371,6,0.000464364,8,8,1,0.0102091,0.0013526,0.00134594,0.0013526,-0.422721,-0.425764
130_bNAb_Combinations|1313992|sample|9|RHPA4259.7|5371,0.0003648,0.59653,1,9,1,0.537138,0.463874,0.675984,0.679527,-1.01339,-1.05319
130_bNAb_Combinations|1313992|sample|9|RHPA4259.7|5371,0.001824,0.754182,2,9,1,0.272301,0.242535,0.733851,0.736967,0.239319,0.201807
130_bNAb_Combinations|1313992|sample|9|RHPA4259.7|5371,0.00912,0.593958,3,9,1,0.0360437,0.0247779,0.575293,0.578026,0.278528,0.236647
130_bNAb_Combinations|1313992|sample|9|RHPA4259.7|5371,0.0456,0.260651,4,9,1,0.0123095,0.00185657,0.233851,0.236025,0.944091,0.860061
130_bNAb_Combinations|1313992|sample|9|RHPA4259.7|5371,0.228,0.0158598,5,9,1,0.0122811,0.00182861,0.0174412,0.0178446,-0.404831,-0.502227
130_bNAb_Combinations|1313992|sample|9|RHPA4259.7|5371,1.14,0.000964449,6,9,1,0.0121594,0.00176795,0.00177292,0.00177722,-0.378891,-0.38082
130_bNAb_Combinations|1313992|sample|9|RHPA4259.7|5371,5.7,0.000267903,7,9,1,0.0117293,0.00163669,0.00163119,0.00163669,-0.643748,-0.646153
130_bNAb_Combinations|1313992|sample|9|RHPA4259.7|5371,28.5,0.000839428,8,9,1,0.0102091,0.0013526,0.00134594,0.0013526,-0.242875,-0.245983
130_bNAb_Combinations|1313992|vc|1|2|RHPA4259.7|5371,0,0.779132,1,2,1,0.828042,0.719201,0.715655,0.719201,0.765776,0.719525
130_bNAb_Combinations|1313992|vc|2|2|RHPA4259.7|5371,0,0.953474,2,2,1,0.951342,0.870252,0.867331,0.870252,0.860995,0.829062
130_bNAb_Combinations|1313992|vc|3|2|RHPA4259.7|5371,0,0.91795,3,2,1,0.951342,0.870252,0.867331,0.870252,0.505936,0.475172
130_bNAb_Combinations|1313992|vc|4|2|RHPA4259.7|5371,0,0.938007,4,2,1,0.951342,0.870252,0.867331,0.870252,0.706405,0.67498
130_bNAb_Combinations|1313992|vc|5|2|RHPA4259.7|5371,0,0.961699,5,2,1,0.951342,0.870252,0.867331,0.870252,0.9432,0.910996
130_bNAb_Combinations|1313992|vc|6|2|RHPA4259.7|5371,0,0.866995,6,2,1,0.951342,0.870252,0.867331,0.870252,-0.00335657,-0.0324444
130_bNAb_Combinations|1313992|vc|7|2|RHPA4259.7|5371,0,0.852279,7,2,1,0.951342,0.870252,0.867331,0.870252,-0.15045,-0.179054
130_bNAb_Combinations|1313992|vc|8|2|RHPA4259.7|5371,0,0.715353,8,2,1,0.828042,0.719201,0.715655,0.719201,-0.00364124,-0.0461871
130_bNAb_Combinations|1314016|cc|1|1|nan|3430,0,0.0013549,1,1,0,0,0,0,0,0.700853,0.700853
130_bNAb_Combinations|1314016|cc|2|1|nan|3430,0,0.00201049,2,1,0,0,0,0,0,1.03997,1.03997
130_bNAb_Combinations|1314016|cc|3|1|nan|3430,0,0.00170455,3,1,0,0,0,0,0,0.881718,0.881718
130_bNAb_Combinations|1314016|cc|4|1|nan|3430,0,0.00253497,4,1,0,0,0,0,0,1.31127,1.31127
130_bNAb_Combinations|1314016|cc|5|1|nan|3430,0,0.00104895,5,1,0,0,0,0,0,0.542596,0.542596
130_bNAb_Combinations|1314016|cc|6|1|nan|3430,0,0.000743007,6,1,0,0,0,0,0,0.384339,0.384339
130_bNAb_Combinations|1314016|cc|7|1|nan|3430,0,0,7,1,0,0,0,0,0,0,0
130_bNAb_Combinations|1314016|cc|8|1|nan|3430,0,0.00187937,8,1,0,0,0,0,0,0.97215,0.97215
130_bNAb_Combinations|1314016|sample|10|nan|3430,0.0003648,0.774781,1,10,1,0.537138,0.571176,0.852966,0.852789,-0.794356,-0.792713
130_bNAb_Combinations|1314016|sample|10|nan|3430,0.001824,0.738134,2,10,1,0.272301,0.27778,0.881982,0.882187,-1.41433,-1.41602
130_bNAb_Combinations|1314016|sample|10|nan|3430,0.00912,0.636976,3,10,1,0.0360437,0.0379776,0.7585,0.759629,-1.38507,-1.3959
130_bNAb_Combinations|1314016|sample|10|nan|3430,0.0456,0.400415,4,10,1,0.0121875,0.0140627,0.455809,0.457967,-1.03546,-1.07092
130_bNAb_Combinations|1314016|sample|10|nan|3430,0.228,0.120367,5,10,1,0.0121594,0.0140346,0.111363,0.112822,0.619639,0.513382
130_bNAb_Combinations|1314016|sample|10|nan|3430,1.14,0.0218531,6,10,1,0.0121594,0.0140346,0.0153686,0.0154263,1.76604,1.74723
130_bNAb_Combinations|1314016|sample|10|nan|3430,5.7,0.0119318,7,10,1,0.0117293,0.0136884,0.0136926,0.0136884,-0.50565,-0.504523
130_bNAb_Combinations|1314016|sample|10|nan|3430,28.5,0.00895979,8,10,1,0.0102091,0.012465,0.0124698,0.012465,-1.04969,-1.04842
130_bNAb_Combinations|1314016|sample|11|nan|3430,0.0003712,1,1,11,1,0.534444,0.564243,0.84731,0.847139,1.56147,1.56353
130_bNAb_Combinations|1314016|sample|11|nan|3430,0.001856,0.764248,2,11,1,0.268451,0.264816,0.864922,0.865143,-1.00898,-1.01094
130_bNAb_Combinations|1314016|sample|11|nan|3430,0.00928,0.669886,3,11,1,0.0338114,0.023894,0.698578,0.699562,-0.354389,-0.366037
130_bNAb_Combinations|1314016|sample|11|nan|3430,0.0464,0.36392,4,11,1,0.0117534,0.00124352,0.374728,0.376567,-0.243836,-0.283991
130_bNAb_Combinations|1314016|sample|11|nan|3430,0.2319999999999999,0.066521,5,11,1,0.0117293,0.00121875,0.0626077,0.0635591,0.434047,0.324648
130_bNAb_Combinations|1314016|sample|11|nan|3430,1.16,0.00305944,6,11,1,0.0117293,0.00121875,0.00159693,0.00161416,0.691864,0.683087
130_bNAb_Combinations|1314016|sample|11|nan|3430,5.8,0.000437063,7,11,1,0.0117293,0.00121875,0.00121912,0.00121875,-0.377599,-0.377428
130_bNAb_Combinations|1314016|sample|11|nan|3430,29,0.00227273,8,11,1,0.0102091,0.00110982,0.00111025,0.00110982,0.564637,0.564858
130_bNAb_Combinations|1314016|sample|12|nan|3430,0.0003712,0.984091,1,12,1,0.534444,0.564243,0.84747,0.846941,1.39689,1.40315
130_bNAb_Combinations|1314016|sample|12|nan|3430,0.001856,0.80153,2,12,1,0.233658,0.241148,0.788117,0.787283,0.147248,0.15657
130_bNAb_Combinations|1314016|sample|12|nan|3430,0.00928,0.693553,3,12,1,0.0294292,0.0217585,0.637219,0.635766,0.761078,0.782446
130_bNAb_Combinations|1314016|sample|12|nan|3430,0.0464,0.359899,4,12,1,0.0102301,0.00113238,0.342866,0.340925,0.418295,0.468501
130_bNAb_Combinations|1314016|sample|12|nan|3430,0.2319999999999999,0.0557255,5,12,1,0.0102091,0.00110982,0.0577765,0.056936,-0.242168,-0.144544
130_bNAb_Combinations|1314016|sample|12|nan|3430,1.16,0.000305944,6,12,1,0.0102091,0.00110982,0.00146742,0.00145359,-0.553292,-0.547113
130_bNAb_Combinations|1314016|sample|12|nan|3430,5.8,0.00104895,7,12,1,0.0102091,0.00110982,0.00111025,0.00110982,-0.0297731,-0.0295665
130_bNAb_Combinations|1314016|sample|12|nan|3430,29,0.00161713,8,12,1,0.0102091,0.00110982,0.00111025,0.00110982,0.246203,0.246416
130_bNAb_Combinations|1314016|sample|3|nan|3430,0.000064,0.934375,1,3,1,0.722904,0.767799,0.829834,0.831068,1.09114,1.0767
130_bNAb_Combinations|1314016|sample|3|nan|3430,0.00032,0.84434,2,3,1,0.639797,0.649271,0.81379,0.818036,0.325023,0.278429
130_bNAb_Combinations|1314016|sample|3|nan|3430,0.0016,0.64458,3,3,1,0.312739,0.313309,0.599958,0.609623,0.639257,0.493075
130_bNAb_Combinations|1314016|sample|3|nan|3430,0.008,0.217177,4,3,1,0.0445597,0.0436913,0.233243,0.244128,-0.56734,-0.912038
130_bNAb_Combinations|1314016|sample|3|nan|3430,0.04,0.0300699,5,3,1,0.0122238,0.0111791,0.0246506,0.0266417,1.14773,0.692976
130_bNAb_Combinations|1314016|sample|3|nan|3430,0.2,0.0116259,6,3,1,0.0121594,0.0111144,0.0111219,0.0111231,0.157907,0.157541
130_bNAb_Combinations|1314016|sample|3|nan|3430,1,0.00983392,7,3,1,0.0117293,0.0108402,0.0108435,0.0108402,-0.319514,-0.318508
130_bNAb_Combinations|1314016|sample|3|nan|3430,5,0.00957168,8,3,1,0.0102091,0.0098714,0.0098752,0.0098714,-0.0995034,-0.0982728
130_bNAb_Combinations|1314016|sample|4|nan|3430,0.000064,0.986801,1,4,1,0.722904,0.767799,0.831662,0.8321,1.61577,1.61037
130_bNAb_Combinations|1314016|sample|4|nan|3430,0.00032,0.92017,2,4,1,0.639797,0.649271,0.819043,0.821011,1.06914,1.04587
130_bNAb_Combinations|1314016|sample|4|nan|3430,0.0016,0.701202,3,4,1,0.312739,0.313309,0.611283,0.61609,1.26495,1.18824
130_bNAb_Combinations|1314016|sample|4|nan|3430,0.008,0.233566,4,4,1,0.0450058,0.0439962,0.247558,0.253262,-0.467352,-0.64398
130_bNAb_Combinations|1314016|sample|4|nan|3430,0.04,0.0290647,5,4,1,0.0123461,0.0112571,0.0271381,0.028277,0.385078,0.153493
130_bNAb_Combinations|1314016|sample|4|nan|3430,0.2,0.0108392,6,4,1,0.0121594,0.0111144,0.0111251,0.0111254,-0.0895787,-0.0896867
130_bNAb_Combinations|1314016|sample|4|nan|3430,1,0.0083042,7,4,1,0.0117293,0.0108402,0.0108435,0.0108402,-0.80362,-0.802671
130_bNAb_Combinations|1314016|sample|4|nan|3430,5,0.00472028,8,4,1,0.0102091,0.0098714,0.0098752,0.0098714,-1.68994,-1.68894
130_bNAb_Combinations|1314016|sample|5|nan|3430,0.0006144,0.749082,1,5,1,0.449209,0.476747,0.660018,0.658728,1.16275,1.18184
130_bNAb_Combinations|1314016|sample|5|nan|3430,0.003072,0.389576,2,5,1,0.165247,0.1669,0.418481,0.416546,-0.586614,-0.549782
130_bNAb_Combinations|1314016|sample|5|nan|3430,0.01536,0.0907343,3,5,1,0.0174871,0.0164713,0.0935732,0.0925629,-0.226773,-0.147417
130_bNAb_Combinations|1314016|sample|5|nan|3430,0.0768,0.0207168,4,5,1,0.0122816,0.0111925,0.0120329,0.012006,2.6359,2.64652
130_bNAb_Combinations|1314016|sample|5|nan|3430,0.384,0.0156906,5,5,1,0.0122811,0.011192,0.0111926,0.011192,1.40589,1.40611
130_bNAb_Combinations|1314016|sample|5|nan|3430,1.92,0.00690559,6,5,1,0.0121594,0.0111144,0.011116,0.0111144,-1.31957,-1.31915
130_bNAb_Combinations|1314016|sample|5|nan|3430,9.6,0.00743007,7,5,1,0.0117293,0.0108402,0.0108435,0.0108402,-1.08025,-1.07933
130_bNAb_Combinations|1314016|sample|5|nan|3430,48,0.0101836,8,5,1,0.0102091,0.0098714,0.0098752,0.0098714,0.101093,0.102352
130_bNAb_Combinations|1314016|sample|6|nan|3430,0.0006144,0.677579,1,6,1,0.449209,0.476747,0.649044,0.651929,0.378666,0.338904
130_bNAb_Combinations|1314016|sample|6|nan|3430,0.003072,0.36038,2,6,1,0.165247,0.1669,0.398757,0.404288,-0.815792,-0.921104
130_bNAb_Combinations|1314016|sample|6|nan|3430,0.01536,0.088243,3,6,1,0.0174871,0.0164713,0.0826079,0.0856827,0.499643,0.220224
130_bNAb_Combinations|1314016|sample|6|nan|3430,0.0768,0.0203234,4,6,1,0.0122816,0.0111925,0.0117578,0.011829,2.6248,2.5966
130_bNAb_Combinations|1314016|sample|6|nan|3430,0.384,0.0114948,5,6,1,0.0122811,0.011192,0.0111926,0.011192,0.0944448,0.0946396
130_bNAb_Combinations|1314016|sample|6|nan|3430,1.92,0.00655594,6,6,1,0.0121594,0.0111144,0.011116,0.0111144,-1.42915,-1.42874
130_bNAb_Combinations|1314016|sample|6|nan|3430,9.6,0.0083479,7,6,1,0.0117293,0.0108402,0.0108435,0.0108402,-0.789788,-0.788837
130_bNAb_Combinations|1314016|sample|6|nan|3430,48,0.00467657,8,6,1,0.0102091,0.0098714,0.0098752,0.0098714,-1.70427,-1.70327
130_bNAb_Combinations|1314016|sample|7|nan|3430,0.0000768,0.664773,1,7,1,0.710319,0.75479,0.87228,0.871761,-2.06248,-2.05852
130_bNAb_Combinations|1314016|sample|7|nan|3430,0.000384,0.829917,2,7,1,0.607934,0.617925,0.941774,0.940911,-1.0312,-1.02417
130_bNAb_Combinations|1314016|sample|7|nan|3430,0.00192,0.764467,3,7,1,0.270558,0.273048,0.918821,0.917062,-1.45788,-1.44398
130_bNAb_Combinations|1314016|sample|7|nan|3430,0.0096,0.770411,4,7,1,0.0335374,0.0353772,0.800498,0.796354,-0.325302,-0.281929
130_bNAb_Combinations|1314016|sample|7|nan|3430,0.048,0.49139,5,7,1,0.0123012,0.0141526,0.525625,0.517933,-0.557629,-0.438555
130_bNAb_Combinations|1314016|sample|7|nan|3430,0.24,0.156862,6,7,1,0.0121594,0.0140346,0.159693,0.153519,-0.14155,0.173194
130_bNAb_Combinations|1314016|sample|7|nan|3430,1.2,0.0207168,7,7,1,0.0117293,0.0136884,0.0177173,0.0172574,0.761779,0.890336
130_bNAb_Combinations|1314016|sample|7|nan|3430,6,0.00895979,8,7,1,0.0102091,0.012465,0.01247,0.0124652,-1.04975,-1.04847
130_bNAb_Combinations|1314016|sample|8|nan|3430,0.0000768,0.754545,1,8,1,0.710319,0.75479,0.872308,0.871903,-1.17044,-1.16695
130_bNAb_Combinations|1314016|sample|8|nan|3430,0.000384,0.798864,2,8,1,0.607934,0.617925,0.941861,0.941361,-1.31817,-1.31425
130_bNAb_Combinations|1314016|sample|8|nan|3430,0.00192,0.800874,3,8,1,0.270558,0.273048,0.919071,0.918348,-1.11608,-1.11011
130_bNAb_Combinations|1314016|sample|8|nan|3430,0.0096,0.751836,4,8,1,0.0335374,0.0353772,0.801135,0.79962,-0.532607,-0.517196
130_bNAb_Combinations|1314016|sample|8|nan|3430,0.048,0.501442,5,8,1,0.0123012,0.0141526,0.526835,0.524093,-0.412679,-0.369985
130_bNAb_Combinations|1314016|sample|8|nan|3430,0.24,0.11875,6,8,1,0.0121594,0.0140346,0.160691,0.158505,-2.08542,-2.00133
130_bNAb_Combinations|1314016|sample|8|nan|3430,1.2,0.0323427,7,8,1,0.0117293,0.0136884,0.0177954,0.017628,3.68626,3.74666
130_bNAb_Combinations|1314016|sample|8|nan|3430,6,0.010271,8,8,1,0.0102091,0.012465,0.01247,0.0124652,-0.657636,-0.656303
130_bNAb_Combinations|1314016|sample|9|nan|3430,0.0003648,0.854218,1,9,1,0.537138,0.571176,0.855068,0.853659,-0.00862063,0.00567197
130_bNAb_Combinations|1314016|sample|9|nan|3430,0.001824,0.730004,2,9,1,0.272301,0.27778,0.88836,0.884825,-1.546,-1.51741
130_bNAb_Combinations|1314016|sample|9|nan|3430,0.00912,0.572749,3,9,1,0.0360437,0.0379776,0.77462,0.766273,-2.25396,-2.18379
130_bNAb_Combinations|1314016|sample|9|nan|3430,0.0456,0.403955,4,9,1,0.0123095,0.0141609,0.487621,0.472875,-1.46535,-1.24341
130_bNAb_Combinations|1314016|sample|9|nan|3430,0.228,0.124956,5,9,1,0.0122811,0.0141325,0.131476,0.121309,-0.387906,0.232977
130_bNAb_Combinations|1314016|sample|9|nan|3430,1.14,0.0266608,6,9,1,0.0121594,0.0140346,0.0162416,0.0157486,2.76333,2.93752
130_bNAb_Combinations|1314016|sample|9|nan|3430,5.7,0.0117133,7,9,1,0.0117293,0.0136884,0.0136926,0.0136884,-0.568417,-0.567291
130_bNAb_Combinations|1314016|sample|9|nan|3430,28.5,0.00231643,8,9,1,0.0102091,0.012465,0.0124698,0.012465,-3.03642,-3.03548
130_bNAb_Combinations|1314016|vc|1|2|nan|3430,0,0.961123,1,2,1,0.828042,0.879602,0.87994,0.879602,0.800019,0.803655
130_bNAb_Combinations|1314016|vc|2|2|nan|3430,0,0.986976,2,2,1,0.951342,0.965932,0.966226,0.965932,0.186537,0.189235
130_bNAb_Combinations|1314016|vc|3|2|nan|3430,0,0.934987,3,2,1,0.951342,0.965932,0.966226,0.965932,-0.280827,-0.278268
130_bNAb_Combinations|1314016|vc|4|2|nan|3430,0,0.886582,4,2,1,0.951342,0.965932,0.966226,0.965932,-0.715972,-0.713543
130_bNAb_Combinations|1314016|vc|5|2|nan|3430,0,0.904633,5,2,1,0.951342,0.965932,0.966226,0.965932,-0.553701,-0.551224
130_bNAb_Combinations|1314016|vc|6|2|nan|3430,0,0.928955,6,2,1,0.951342,0.965932,0.966226,0.965932,-0.335048,-0.332506
130_bNAb_Combinations|1314016|vc|7|2|nan|3430,0,0.883566,7,2,1,0.951342,0.965932,0.966226,0.965932,-0.743083,-0.740662
130_bNAb_Combinations|1314016|vc|8|2|nan|3430,0,0.902404,8,2,1,0.828042,0.879602,0.87994,0.879602,0.221371,0.224789
130_bNAb_Combinations|1314040|cc|1|1|nan|4166,0,0.000767291,1,1,0,0,0,0,0,0.3969,0.3969
130_bNAb_Combinations|1314040|cc|2|1|nan|4166,0,0.000630275,2,1,0,0,0,0,0,0.326025,0.326025
130_bNAb_Combinations|1314040|cc|3|1|nan|4166,0,0,3,1,0,0,0,0,0,0,0
130_bNAb_Combinations|1314040|cc|4|1|nan|4166,0,0.00104132,4,1,0,0,0,0,0,0.53865,0.53865
130_bNAb_Combinations|1314040|cc|5|1|nan|4166,0,0.00117834,5,1,0,0,0,0,0,0.609525,0.609525
130_bNAb_Combinations|1314040|cc|6|1|nan|4166,0,0.00202784,6,1,0,0,0,0,0,1.04895,1.04895
130_bNAb_Combinations|1314040|cc|7|1|nan|4166,0,0.001699,7,1,0,0,0,0,0,0.878851,0.878851
130_bNAb_Combinations|1314040|cc|8|1|nan|4166,0,0.00219226,8,1,0,0,0,0,0,1.134,1.134
130_bNAb_Combinations|1314040|sample|10|nan|4166,0.0003648,0.809588,1,10,1,0.537138,0.534114,0.746252,0.747015,0.733452,0.723899
130_bNAb_Combinations|1314040|sample|10|nan|4166,0.001824,0.790529,2,10,1,0.272301,0.265231,0.700608,0.703722,1.10754,1.06457
130_bNAb_Combinations|1314040|sample|10|nan|4166,0.00912,0.456991,3,10,1,0.0360437,0.0261291,0.403217,0.408987,1.13094,0.995917
130_bNAb_Combinations|1314040|sample|10|nan|4166,0.0456,0.0730023,4,10,1,0.0121875,0.00202033,0.0746381,0.0777621,-0.157641,-0.443589
130_bNAb_Combinations|1314040|sample|10|nan|4166,0.228,0.0016442,5,10,1,0.0121594,0.00199198,0.00257394,0.00264735,-0.417976,-0.449301
130_bNAb_Combinations|1314040|sample|10|nan|4166,1.14,0.00145237,6,10,1,0.0121594,0.00199198,0.00199238,0.00199198,-0.250167,-0.249985
130_bNAb_Combinations|1314040|sample|10|nan|4166,5.7,0.000876905,7,10,1,0.0117293,0.00192151,0.00192237,0.00192151,-0.486112,-0.48573
130_bNAb_Combinations|1314040|sample|10|nan|4166,28.5,0.00142497,8,10,1,0.0102091,0.00167246,0.00167351,0.00167246,-0.117094,-0.116607
130_bNAb_Combinations|1314040|sample|11|nan|4166,0.0003712,0.722789,1,11,1,0.534444,0.531099,0.775398,0.776534,-0.586828,-0.598636
130_bNAb_Combinations|1314040|sample|11|nan|4166,0.001856,0.682835,2,11,1,0.268451,0.26066,0.783704,0.788191,-1.11347,-1.15652
130_bNAb_Combinations|1314040|sample|11|nan|4166,0.00928,0.694111,3,11,1,0.0338114,0.0233231,0.539108,0.548712,2.46348,2.27163
130_bNAb_Combinations|1314040|sample|11|nan|4166,0.0464,0.1565,4,11,1,0.0117534,0.00100977,0.181978,0.191733,-1.13138,-1.49145
130_bNAb_Combinations|1314040|sample|11|nan|4166,0.2319999999999999,0.0120848,5,11,1,0.0117293,0.000985373,0.0089822,0.0102828,1.05198,0.581968
130_bNAb_Combinations|1314040|sample|11|nan|4166,1.16,0.000876905,6,11,1,0.0117293,0.000985373,0.000987356,0.000987684,-0.0540132,-0.0541724
130_bNAb_Combinations|1314040|sample|11|nan|4166,5.8,0.000959114,7,11,1,0.0117293,0.000985373,0.000985818,0.000985373,-0.0130598,-0.0128424
130_bNAb_Combinations|1314040|sample|11|nan|4166,6,0.00120574,8,11,1,0.0102091,0.000857658,0.000858195,0.000857658,0.171182,0.171451
130_bNAb_Combinations|1314040|sample|12|nan|4166,0.0003712,0.634577,1,12,1,0.534444,0.531099,0.772761,0.771313,-1.5465,-1.5331
130_bNAb_Combinations|1314040|sample|12|nan|4166,0.001856,0.570344,2,12,1,0.233658,0.226875,0.675475,0.67262,-1.34187,-1.31082
130_bNAb_Combinations|1314040|sample|12|nan|4166,0.00928,0.44666,3,12,1,0.0294292,0.0203002,0.455854,0.450859,-0.171849,-0.079324
130_bNAb_Combinations|1314040|sample|12|nan|4166,0.0464,0.130275,4,12,1,0.0102301,0.000878897,0.145664,0.141338,-0.835803,-0.617272
130_bNAb_Combinations|1314040|sample|12|nan|4166,0.2319999999999999,0.00937192,5,12,1,0.0102091,0.000857658,0.00634109,0.00590352,1.14347,1.33346
130_bNAb_Combinations|1314040|sample|12|nan|4166,1.16,0.000685082,6,12,1,0.0102091,0.000857658,0.000858906,0.000858232,-0.0856118,-0.0852831
130_bNAb_Combinations|1314040|sample|12|nan|4166,5.8,0.000959114,7,12,1,0.0102091,0.000857658,0.000858195,0.000857658,0.0497068,0.0499729
130_bNAb_Combinations|1314040|sample|12|nan|4166,29,0.00142497,8,12,1,0.0102091,0.000857658,0.000858195,0.000857658,0.279159,0.279432
130_bNAb_Combinations|1314040|sample|3|nan|4166,0.000064,0.931259,1,3,1,0.722904,0.722694,0.79904,0.798424,1.43211,1.43986
130_bNAb_Combinations|1314040|sample|3|nan|4166,0.00032,0.9236,2,3,1,0.639797,0.639181,0.855797,0.85507,0.686634,0.694576
130_bNAb_Combinations|1314040|sample|3|nan|4166,0.0016,0.710882,3,3,1,0.312739,0.311391,0.722809,0.721874,-0.142501,-0.131494
130_bNAb_Combinations|1314040|sample|3|nan|4166,0.008,0.333703,4,3,1,0.0445597,0.0426533,0.399293,0.398045,-1.39245,-1.37007
130_bNAb_Combinations|1314040|sample|3|nan|4166,0.04,0.08358,5,3,1,0.0122238,0.0102476,0.0777504,0.0771999,0.543358,0.59814
130_bNAb_Combinations|1314040|sample|3|nan|4166,0.2,0.0126329,6,3,1,0.0121594,0.0101831,0.0106679,0.0106563,0.625788,0.62974
130_bNAb_Combinations|1314040|sample|3|nan|4166,1,0.0107147,7,3,1,0.0117293,0.00982288,0.00982732,0.00982288,0.291422,0.292928
130_bNAb_Combinations|1314040|sample|3|nan|4166,5,0.00452154,8,3,1,0.0102091,0.00854972,0.00855508,0.00854972,-1.39039,-1.38884
130_bNAb_Combinations|1314040|sample|4|nan|4166,0.000064,0.849679,1,4,1,0.722904,0.722694,0.802516,0.801715,0.508669,0.517822
130_bNAb_Combinations|1314040|sample|4|nan|4166,0.00032,0.922147,2,4,1,0.639797,0.639181,0.866747,0.865428,0.554087,0.568132
130_bNAb_Combinations|1314040|sample|4|nan|4166,0.0016,0.857325,3,4,1,0.312739,0.311391,0.750136,0.747687,1.235,1.26726
130_bNAb_Combinations|1314040|sample|4|nan|4166,0.008,0.429779,4,4,1,0.0450058,0.0430803,0.448771,0.444865,-0.360371,-0.288683
130_bNAb_Combinations|1314040|sample|4|nan|4166,0.04,0.0907322,5,4,1,0.0123461,0.0103502,0.103832,0.101519,-0.957606,-0.803943
130_bNAb_Combinations|1314040|sample|4|nan|4166,0.2,0.0240601,6,4,1,0.0121594,0.0101831,0.0113459,0.0112678,3.9525,3.98773
130_bNAb_Combinations|1314040|sample|4|nan|4166,1,0.0110435,7,4,1,0.0117293,0.00982288,0.00982732,0.00982289,0.399415,0.400939
130_bNAb_Combinations|1314040|sample|4|nan|4166,5,0.00460375,8,4,1,0.0102091,0.00854972,0.00855508,0.00854972,-1.36205,-1.36049
130_bNAb_Combinations|1314040|sample|5|nan|4166,0.0006144,0.779376,1,5,1,0.449209,0.448454,0.713857,0.710066,0.79236,0.842571
130_bNAb_Combinations|1314040|sample|5|nan|4166,0.003072,0.614409,2,5,1,0.165247,0.163664,0.615784,0.607209,-0.0192045,0.10194
130_bNAb_Combinations|1314040|sample|5|nan|4166,0.01536,0.200195,3,5,1,0.0174871,0.0155225,0.279615,0.269066,-2.36619,-2.12753
130_bNAb_Combinations|1314040|sample|5|nan|4166,0.0768,0.0378713,4,5,1,0.0122816,0.0102856,0.0341056,0.031574,0.650216,1.14391
130_bNAb_Combinations|1314040|sample|5|nan|4166,0.384,0.0177847,5,5,1,0.0122811,0.0102851,0.0103131,0.0103052,2.41031,2.41354
130_bNAb_Combinations|1314040|sample|5|nan|4166,1.92,0.0106325,6,5,1,0.0121594,0.0101831,0.0101852,0.0101831,0.144962,0.145646
130_bNAb_Combinations|1314040|sample|5|nan|4166,9.6,0.00548065,7,5,1,0.0117293,0.00982288,0.00982731,0.00982288,-1.42751,-1.42629
130_bNAb_Combinations|1314040|sample|5|nan|4166,48,0.00260331,8,5,1,0.0102091,0.00854972,0.00855508,0.00854972,-2.05162,-2.0502
130_bNAb_Combinations|1314040|sample|6|nan|4166,0.0006144,0.836677,1,6,1,0.449209,0.448454,0.713263,0.712181,1.49372,1.50905
130_bNAb_Combinations|1314040|sample|6|nan|4166,0.003072,0.59672,2,6,1,0.165247,0.163664,0.614293,0.612486,-0.246042,-0.221369
130_bNAb_Combinations|1314040|sample|6|nan|4166,0.01536,0.231763,3,6,1,0.0174871,0.0155225,0.277696,0.27576,-1.37738,-1.32806
130_bNAb_Combinations|1314040|sample|6|nan|4166,0.0768,0.0379261,4,6,1,0.0122816,0.0102856,0.0336248,0.0331806,0.749749,0.834479
130_bNAb_Combinations|1314040|sample|6|nan|4166,0.384,0.0173463,5,6,1,0.0122811,0.0102851,0.0103116,0.0103096,2.26946,2.27028
130_bNAb_Combinations|1314040|sample|6|nan|4166,1.92,0.00800175,6,6,1,0.0121594,0.0101831,0.0101852,0.0101831,-0.707666,-0.707047
130_bNAb_Combinations|1314040|sample|6|nan|4166,9.6,0.00649457,7,6,1,0.0117293,0.00982288,0.00982731,0.00982288,-1.09452,-1.09324
130_bNAb_Combinations|1314040|sample|6|nan|4166,48,0.00227447,8,6,1,0.0102091,0.00854972,0.00855508,0.00854972,-2.16497,-2.16358
130_bNAb_Combinations|1314040|sample|7|nan|4166,0.0000768,0.895881,1,7,1,0.710319,0.709095,0.805186,0.804,0.975008,0.989175
130_bNAb_Combinations|1314040|sample|7|nan|4166,0.000384,1,2,7,1,0.607934,0.604368,0.875199,0.872653,1.23638,1.26521
130_bNAb_Combinations|1314040|sample|7|nan|4166,0.00192,0.885057,3,7,1,0.270558,0.263106,0.771554,0.765904,1.27223,1.34519
130_bNAb_Combinations|1314040|sample|7|nan|4166,0.0096,0.541804,4,7,1,0.0335374,0.0234932,0.485837,0.475877,0.983701,1.18218
130_bNAb_Combinations|1314040|sample|7|nan|4166,0.048,0.108462,5,7,1,0.0123012,0.00203224,0.124314,0.117267,-0.990968,-0.579288
130_bNAb_Combinations|1314040|sample|7|nan|4166,0.24,0.00367204,6,7,1,0.0121594,0.00199198,0.00441246,0.00404492,-0.304403,-0.155966
130_bNAb_Combinations|1314040|sample|7|nan|4166,1.2,0.00134276,7,7,1,0.0117293,0.00192151,0.00192244,0.00192155,-0.26953,-0.26913
130_bNAb_Combinations|1314040|sample|7|nan|4166,6,0.00120574,8,7,1,0.0102091,0.00167246,0.00167351,0.00167246,-0.22038,-0.219899
130_bNAb_Combinations|1314040|sample|8|nan|4166,0.0000768,0.844966,1,8,1,0.710319,0.709095,0.805637,0.805101,0.422563,0.428603
130_bNAb_Combinations|1314040|sample|8|nan|4166,0.000384,0.936,2,8,1,0.607934,0.604368,0.876639,0.876158,0.587126,0.592206
130_bNAb_Combinations|1314040|sample|8|nan|4166,0.00192,0.95599,3,8,1,0.270558,0.263106,0.775274,0.774937,2.0161,2.02071
130_bNAb_Combinations|1314040|sample|8|nan|4166,0.0096,0.549326,4,8,1,0.0335374,0.0234932,0.49269,0.492402,0.982084,0.987639
130_bNAb_Combinations|1314040|sample|8|nan|4166,0.048,0.117697,5,8,1,0.0123012,0.00203224,0.129383,0.129251,-0.705246,-0.697929
130_bNAb_Combinations|1314040|sample|8|nan|4166,0.24,0.00523402,6,8,1,0.0121594,0.00199198,0.00470452,0.00470092,0.214771,0.216268
130_bNAb_Combinations|1314040|sample|8|nan|4166,1.2,0.00183602,7,8,1,0.0117293,0.00192151,0.00192246,0.00192159,-0.0401906,-0.039789
130_bNAb_Combinations|1314040|sample|8|nan|4166,29,0.00120574,8,8,1,0.0102091,0.00167246,0.00167351,0.00167246,-0.22038,-0.219899
130_bNAb_Combinations|1314040|sample|9|nan|4166,0.0003648,0.860586,1,9,1,0.537138,0.534114,0.760075,0.760033,1.14324,1.14378
130_bNAb_Combinations|1314040|sample|9|nan|4166,0.001824,0.800655,2,9,1,0.272301,0.265231,0.739248,0.740192,0.717695,0.705785
130_bNAb_Combinations|1314040|sample|9|nan|4166,0.00912,0.529856,3,9,1,0.0360437,0.0261291,0.471371,0.473732,1.05842,1.01079
130_bNAb_Combinations|1314040|sample|9|nan|4166,0.0456,0.113285,4,9,1,0.0123095,0.00204056,0.117295,0.119099,-0.263745,-0.377351
130_bNAb_Combinations|1314040|sample|9|nan|4166,0.228,0.00408309,5,9,1,0.0122811,0.00201192,0.00408294,0.00417904,6.0882e-05,-0.0398804
130_bNAb_Combinations|1314040|sample|9|nan|4166,1.14,0.000959114,6,9,1,0.0121594,0.00199198,0.00199242,0.00199202,-0.478693,-0.478518
130_bNAb_Combinations|1314040|sample|9|nan|4166,5.7,0.00134276,7,9,1,0.0117293,0.00192151,0.00192237,0.00192151,-0.269503,-0.269112
130_bNAb_Combinations|1314040|sample|9|nan|4166,28.5,0.00109613,8,9,1,0.0102091,0.00167246,0.00167351,0.00167246,-0.272023,-0.271544
130_bNAb_Combinations|1314040|vc|1|2|nan|4166,0,0.872575,1,2,1,0.828042,0.828038,0.828557,0.828038,0.460132,0.465838
130_bNAb_Combinations|1314040|vc|2|2|nan|4166,0,0.811123,2,2,1,0.951342,0.951343,0.951772,0.951343,-1.28326,-1.27991
130_bNAb_Combinations|1314040|vc|3|2|nan|4166,0,0.8264,3,2,1,0.951342,0.951343,0.951772,0.951343,-1.14387,-1.14046
130_bNAb_Combinations|1314040|vc|4|2|nan|4166,0,0.88503,4,2,1,0.951342,0.951343,0.951772,0.951343,-0.608948,-0.605297
130_bNAb_Combinations|1314040|vc|5|2|nan|4166,0,0.762811,5,2,1,0.951342,0.951343,0.951772,0.951343,-1.72405,-1.72089
130_bNAb_Combinations|1314040|vc|6|2|nan|4166,0,0.755714,6,2,1,0.951342,0.951343,0.951772,0.951343,-1.78881,-1.78568
130_bNAb_Combinations|1314040|vc|7|2|nan|4166,0,0.742903,7,2,1,0.951342,0.951343,0.951772,0.951343,-1.90569,-1.90262
130_bNAb_Combinations|1314040|vc|8|2|nan|4166,0,0.592911,8,2,1,0.828042,0.828038,0.828557,0.828038,-2.46326,-2.45935
130_bNAb_Combinations|1314058|cc|1|1|nan|2944,0,0.00196858,1,1,0,0,0,0,0,1.0183,1.0183
130_bNAb_Combinations|1314058|cc|2|1|nan|2944,0,0.000401752,2,1,0,0,0,0,0,0.207816,0.207816
130_bNAb_Combinations|1314058|cc|3|1|nan|2944,0,0.00192841,3,1,0,0,0,0,0,0.997516,0.997516
130_bNAb_Combinations|1314058|cc|4|1|nan|2944,0,0.00156683,4,1,0,0,0,0,0,0.810482,0.810482
130_bNAb_Combinations|1314058|cc|5|1|nan|2944,0,0.00192841,5,1,0,0,0,0,0,0.997516,0.997516
130_bNAb_Combinations|1314058|cc|6|1|nan|2944,0,0.00273191,6,1,0,0,0,0,0,1.41315,1.41315
130_bNAb_Combinations|1314058|cc|7|1|nan|2944,0,0.00228998,7,1,0,0,0,0,0,1.18455,1.18455
130_bNAb_Combinations|1314058|cc|8|1|nan|2944,0,0,8,1,0,0,0,0,0,0,0
130_bNAb_Combinations|1314058|sample|10|nan|2944,0.0003648,0.569001,1,10,1,0.537138,0.53416,0.761474,0.760697,-2.18532,-2.17868
130_bNAb_Combinations|1314058|sample|10|nan|2944,0.001824,0.774678,2,10,1,0.272301,0.26533,0.743223,0.742074,0.365702,0.379639
130_bNAb_Combinations|1314058|sample|10|nan|2944,0.00912,0.604516,3,10,1,0.0360437,0.0262682,0.478805,0.477263,2.2409,2.27545
130_bNAb_Combinations|1314058|sample|10|nan|2944,0.0456,0.103933,4,10,1,0.0121875,0.00216294,0.121515,0.120512,-1.12134,-1.06508
130_bNAb_Combinations|1314058|sample|10|nan|2944,0.228,0.00494155,5,10,1,0.0121594,0.00213459,0.00446032,0.00441039,0.197404,0.218391
130_bNAb_Combinations|1314058|sample|10|nan|2944,1.14,0.00176771,6,10,1,0.0121594,0.00213459,0.00213509,0.00213465,-0.168929,-0.168732
130_bNAb_Combinations|1314058|sample|10|nan|2944,5.7,0.00212928,7,10,1,0.0117293,0.00205908,0.00206001,0.00205908,0.0319788,0.0324096
130_bNAb_Combinations|1314058|sample|10|nan|2944,28.5,0.00152666,8,10,1,0.0102091,0.00179221,0.00179333,0.00179221,-0.124844,-0.124326
130_bNAb_Combinations|1314058|sample|11|nan|2944,0.0003712,0.654956,1,11,1,0.534444,0.531105,0.809227,0.807946,-1.65036,-1.63919
130_bNAb_Combinations|1314058|sample|11|nan|2944,0.001856,0.910209,2,11,1,0.268451,0.260665,0.888116,0.885239,0.215745,0.244612
130_bNAb_Combinations|1314058|sample|11|nan|2944,0.00928,0.826323,3,11,1,0.0338114,0.0233292,0.777044,0.770407,0.548539,0.627666
130_bNAb_Combinations|1314058|sample|11|nan|2944,0.0464,0.531096,4,11,1,0.0117534,0.00101595,0.525848,0.51337,0.0854387,0.29539
130_bNAb_Combinations|1314058|sample|11|nan|2944,0.2319999999999999,0.155357,5,11,1,0.0117293,0.000991544,0.169366,0.158244,-0.664132,-0.145536
130_bNAb_Combinations|1314058|sample|11|nan|2944,1.16,0.00719135,6,11,1,0.0117293,0.000991544,0.0075104,0.00637832,-0.114647,0.306256
130_bNAb_Combinations|1314058|sample|11|nan|2944,5.8,0.000964204,7,11,1,0.0117293,0.000991544,0.000992886,0.000992087,-0.0140219,-0.0136321
130_bNAb_Combinations|1314058|sample|11|nan|2944,29,0.00116508,8,11,1,0.0102091,0.000863034,0.000863575,0.000863034,0.148459,0.148729
130_bNAb_Combinations|1314058|sample|12|nan|2944,0.0003712,0.691174,1,12,1,0.534444,0.531105,0.810023,0.809306,-1.2702,-1.26363
130_bNAb_Combinations|1314058|sample|12|nan|2944,0.001856,0.787493,2,12,1,0.233658,0.226881,0.775379,0.774314,0.135137,0.147206
130_bNAb_Combinations|1314058|sample|12|nan|2944,0.00928,0.705837,3,12,1,0.0294292,0.0203056,0.682188,0.680301,0.298957,0.323682
130_bNAb_Combinations|1314058|sample|12|nan|2944,0.0464,0.438512,4,12,1,0.0102301,0.000884274,0.469193,0.466038,-0.557733,-0.503645
130_bNAb_Combinations|1314058|sample|12|nan|2944,0.2319999999999999,0.141899,5,12,1,0.0102091,0.000863034,0.1583,0.155495,-0.826649,-0.696398
130_bNAb_Combinations|1314058|sample|12|nan|2944,1.16,0.0106062,6,12,1,0.0102091,0.000863034,0.00780919,0.00748064,0.99305,1.12453
130_bNAb_Combinations|1314058|sample|12|nan|2944,5.8,0.000763328,7,12,1,0.0102091,0.000863034,0.000864906,0.000864212,-0.0500124,-0.0496726
130_bNAb_Combinations|1314058|sample|12|nan|2944,29,0.000682978,8,12,1,0.0102091,0.000863034,0.000863575,0.000863034,-0.0889245,-0.0886611
130_bNAb_Combinations|1314058|sample|3|nan|2944,0.000064,0.7568,1,3,1,0.722904,0.722304,0.758117,0.75694,-0.0150222,-0.00160242
130_bNAb_Combinations|1314058|sample|3|nan|2944,0.00032,0.711502,2,3,1,0.639797,0.638011,0.733762,0.731489,-0.262069,-0.23602
130_bNAb_Combinations|1314058|sample|3|nan|2944,0.0016,0.556567,3,3,1,0.312739,0.308859,0.461842,0.458295,1.74834,1.82736
130_bNAb_Combinations|1314058|sample|3|nan|2944,0.008,0.0999156,4,3,1,0.0445597,0.0391129,0.112002,0.109747,-0.827644,-0.685189
130_bNAb_Combinations|1314058|sample|3|nan|2944,0.04,0.00779398,5,3,1,0.0122238,0.0065854,0.00817935,0.00808441,-0.134815,-0.101986
130_bNAb_Combinations|1314058|sample|3|nan|2944,0.2,0.0069503,6,3,1,0.0121594,0.00652066,0.00652201,0.00652068,0.160347,0.160855
130_bNAb_Combinations|1314058|sample|3|nan|2944,1,0.00361576,7,3,1,0.0117293,0.00628999,0.00629283,0.00628999,-1.01209,-1.01114
130_bNAb_Combinations|1314058|sample|3|nan|2944,5,0.00610662,8,3,1,0.0102091,0.00547477,0.0054782,0.00547477,0.24616,0.24754
130_bNAb_Combinations|1314058|sample|4|nan|2944,0.000064,0.636756,1,4,1,0.722904,0.722304,0.757146,0.752865,-1.37453,-1.33303
130_bNAb_Combinations|1314058|sample|4|nan|2944,0.00032,0.746153,2,4,1,0.639797,0.638011,0.731019,0.720043,0.17883,0.313112
130_bNAb_Combinations|1314058|sample|4|nan|2944,0.0016,0.537845,3,4,1,0.312739,0.308859,0.456854,0.437827,1.5106,1.9435
130_bNAb_Combinations|1314058|sample|4|nan|2944,0.008,0.0750874,4,4,1,0.0450058,0.0395045,0.109778,0.097808,-2.41716,-1.74804
130_bNAb_Combinations|1314058|sample|4|nan|2944,0.04,0.0161906,5,4,1,0.0123461,0.00665132,0.00811794,0.00767381,2.83096,3.04028
130_bNAb_Combinations|1314058|sample|4|nan|2944,0.2,0.00445944,6,4,1,0.0121594,0.00652066,0.00652201,0.00652067,-0.772203,-0.771744
130_bNAb_Combinations|1314058|sample|4|nan|2944,1,0.0061468,7,4,1,0.0117293,0.00628999,0.00629283,0.00628999,-0.0552065,-0.0541391
130_bNAb_Combinations|1314058|sample|4|nan|2944,5,0.00337471,8,4,1,0.0102091,0.00547477,0.0054782,0.00547477,-0.823947,-0.822729
130_bNAb_Combinations|1314058|sample|5|nan|2944,0.0006144,0.421638,1,5,1,0.449209,0.447033,0.540707,0.535943,-1.88696,-1.82706
130_bNAb_Combinations|1314058|sample|5|nan|2944,0.003072,0.241091,2,5,1,0.165247,0.160709,0.275528,0.269067,-1.04031,-0.864214
130_bNAb_Combinations|1314058|sample|5|nan|2944,0.01536,0.0357559,3,5,1,0.0174871,0.0118801,0.0324087,0.0307247,0.597767,0.93015
130_bNAb_Combinations|1314058|sample|5|nan|2944,0.0768,0.0111687,4,5,1,0.0122816,0.00658645,0.00662123,0.00661502,1.6954,1.69816
130_bNAb_Combinations|1314058|sample|5|nan|2944,0.384,0.00397734,5,5,1,0.0122811,0.00658593,0.00658646,0.00658593,-0.974166,-0.973992
130_bNAb_Combinations|1314058|sample|5|nan|2944,1.92,0.0050219,6,5,1,0.0121594,0.00652066,0.00652199,0.00652066,-0.56162,-0.561154
130_bNAb_Combinations|1314058|sample|5|nan|2944,9.6,0.00289261,7,5,1,0.0117293,0.00628999,0.00629283,0.00628999,-1.28548,-1.28456
130_bNAb_Combinations|1314058|sample|5|nan|2944,48,0.00337471,8,5,1,0.0102091,0.00547477,0.0054782,0.00547477,-0.823947,-0.822729
130_bNAb_Combinations|1314058|sample|6|nan|2944,0.0006144,0.459122,1,6,1,0.449209,0.447033,0.487333,0.48942,-0.494394,-0.528776
130_bNAb_Combinations|1314058|sample|6|nan|2944,0.003072,0.181552,2,6,1,0.165247,0.160709,0.204786,0.20764,-0.925696,-1.02618
130_bNAb_Combinations|1314058|sample|6|nan|2944,0.01536,0.0224981,3,6,1,0.0174871,0.0118801,0.0173974,0.0178719,1.30743,1.16973
130_bNAb_Combinations|1314058|sample|6|nan|2944,0.0768,0.00879836,4,6,1,0.0122816,0.00658645,0.00658981,0.00658971,0.82449,0.82453
130_bNAb_Combinations|1314058|sample|6|nan|2944,0.384,0.00377647,5,6,1,0.0122811,0.00658593,0.00658646,0.00658593,-1.04917,-1.04899
130_bNAb_Combinations|1314058|sample|6|nan|2944,1.92,0.00425857,6,6,1,0.0121594,0.00652066,0.00652199,0.00652066,-0.847402,-0.846952
130_bNAb_Combinations|1314058|sample|6|nan|2944,9.6,0.00349524,7,6,1,0.0117293,0.00628999,0.00629283,0.00628999,-1.05765,-1.05671
130_bNAb_Combinations|1314058|sample|6|nan|2944,48,0.00317384,8,6,1,0.0102091,0.00547477,0.0054782,0.00547477,-0.902631,-0.901425
130_bNAb_Combinations|1314058|sample|7|nan|2944,0.0000768,0.772267,1,7,1,0.710319,0.709117,0.804902,0.802777,-0.350954,-0.32895
130_bNAb_Combinations|1314058|sample|7|nan|2944,0.000384,0.792997,2,7,1,0.607934,0.604418,0.874279,0.868751,-0.806074,-0.755936
130_bNAb_Combinations|1314058|sample|7|nan|2944,0.00192,0.847113,3,7,1,0.270558,0.26321,0.769185,0.755932,0.876116,1.04269
130_bNAb_Combinations|1314058|sample|7|nan|2944,0.0096,0.388996,4,7,1,0.0335374,0.0236342,0.481523,0.458088,-1.64037,-1.28532
130_bNAb_Combinations|1314058|sample|7|nan|2944,0.048,0.102889,5,7,1,0.0123012,0.00217628,0.121265,0.105305,-1.17413,-0.174491
130_bNAb_Combinations|1314058|sample|7|nan|2944,0.24,0.00903941,6,7,1,0.0121594,0.00213459,0.0043827,0.00364011,1.91713,2.30247
130_bNAb_Combinations|1314058|sample|7|nan|2944,1.2,0.00305331,7,7,1,0.0117293,0.00205908,0.00206006,0.0020591,0.458511,0.458979
130_bNAb_Combinations|1314058|sample|7|nan|2944,6,0.00325419,8,7,1,0.0102091,0.00179221,0.00179333,0.00179221,0.683895,0.684461
130_bNAb_Combinations|1314058|sample|8|nan|2944,0.0000768,0.84412,1,8,1,0.710319,0.709117,0.806405,0.80594,0.404848,0.410074
130_bNAb_Combinations|1314058|sample|8|nan|2944,0.000384,0.940119,2,8,1,0.607934,0.604418,0.879074,0.878819,0.602145,0.604837
130_bNAb_Combinations|1314058|sample|8|nan|2944,0.00192,0.824917,3,8,1,0.270558,0.26321,0.781593,0.781844,0.479498,0.476578
130_bNAb_Combinations|1314058|sample|8|nan|2944,0.0096,0.591097,4,8,1,0.0335374,0.0236342,0.504495,0.505306,1.46772,1.45171
130_bNAb_Combinations|1314058|sample|8|nan|2944,0.048,0.135872,5,8,1,0.0123012,0.00217628,0.138505,0.13923,-0.149584,-0.189896
130_bNAb_Combinations|1314058|sample|8|nan|2944,0.24,0.00361576,6,8,1,0.0121594,0.00213459,0.00541993,0.00547435,-0.708532,-0.728145
130_bNAb_Combinations|1314058|sample|8|nan|2944,1.2,0.00329436,7,8,1,0.0117293,0.00205908,0.00206014,0.00205922,0.569745,0.570199
130_bNAb_Combinations|1314058|sample|8|nan|2944,6,0.00289261,8,8,1,0.0102091,0.00179221,0.00179333,0.00179221,0.514624,0.51518
130_bNAb_Combinations|1314058|sample|9|nan|2944,0.0003648,0.631373,1,9,1,0.537138,0.53416,0.756463,0.755995,-1.42947,-1.42497
130_bNAb_Combinations|1314058|sample|9|nan|2944,0.001824,0.855028,2,9,1,0.272301,0.26533,0.729007,0.728736,1.49309,1.49685
130_bNAb_Combinations|1314058|sample|9|nan|2944,0.00912,0.528323,3,9,1,0.0360437,0.0262682,0.452631,0.452726,1.42446,1.42239
130_bNAb_Combinations|1314058|sample|9|nan|2944,0.0456,0.0948536,4,9,1,0.0123095,0.0021846,0.104591,0.104764,-0.707423,-0.718965
130_bNAb_Combinations|1314058|sample|9|nan|2944,0.228,0.00401752,5,9,1,0.0122811,0.00215596,0.00364446,0.00365441,0.159053,0.154738
130_bNAb_Combinations|1314058|sample|9|nan|2944,1.14,0.00309349,6,9,1,0.0121594,0.00213459,0.00213505,0.00213461,0.440716,0.440926
130_bNAb_Combinations|1314058|sample|9|nan|2944,5.7,0.00200876,7,9,1,0.0117293,0.00205908,0.00206001,0.00205908,-0.0236591,-0.0232309
130_bNAb_Combinations|1314058|sample|9|nan|2944,28.5,0.00369612,8,9,1,0.0102091,0.00179221,0.00179333,0.00179221,0.890781,0.89136
130_bNAb_Combinations|1314058|vc|1|2|nan|2944,0,0.691535,1,2,1,0.828042,0.828044,0.828562,0.828044,-1.43236,-1.42782
130_bNAb_Combinations|1314058|vc|2|2|nan|2944,0,0.932385,2,2,1,0.951342,0.951343,0.951773,0.951343,-0.176888,-0.173045
130_bNAb_Combinations|1314058|vc|3|2|nan|2944,0,1,3,2,1,0.951342,0.951343,0.951773,0.951343,0.440018,0.444135
130_bNAb_Combinations|1314058|vc|4|2|nan|2944,0,0.97479,4,2,1,0.951342,0.951343,0.951773,0.951343,0.210007,0.214022
130_bNAb_Combinations|1314058|vc|5|2|nan|2944,0,0.982805,5,2,1,0.951342,0.951343,0.951773,0.951343,0.283134,0.287181
130_bNAb_Combinations|1314058|vc|6|2|nan|2944,0,0.897594,6,2,1,0.951342,0.951343,0.951773,0.951343,-0.494321,-0.490619
130_bNAb_Combinations|1314058|vc|7|2|nan|2944,0,0.932385,7,2,1,0.951342,0.951343,0.951773,0.951343,-0.176888,-0.173045
130_bNAb_Combinations|1314058|vc|8|2|nan|2944,0,0.756117,8,2,1,0.828042,0.828044,0.828562,0.828044,-0.757282,-0.752324
130_bNAb_Combinations|1342240|cc|1|1|nan|1798,0,0.000747678,1,1,0,0,0,0,0,0.386755,0.386755
130_bNAb_Combinations|1342240|cc|2|1|nan|1798,0,0.000889479,2,1,0,0,0,0,0,0.460105,0.460105
130_bNAb_Combinations|1342240|cc|3|1|nan|1798,0,0.00106995,3,1,0,0,0,0,0,0.553459,0.553459
130_bNAb_Combinations|1342240|cc|4|1|nan|1798,0,0.0011473,4,1,0,0,0,0,0,0.593468,0.593468
130_bNAb_Combinations|1342240|cc|5|1|nan|1798,0,0.00125043,5,1,0,0,0,0,0,0.646814,0.646814
130_bNAb_Combinations|1342240|cc|6|1|nan|1798,0,0.00109574,6,1,0,0,0,0,0,0.566796,0.566796
130_bNAb_Combinations|1342240|cc|7|1|nan|1798,0,0.00113441,7,1,0,0,0,0,0,0.5868,0.5868
130_bNAb_Combinations|1342240|cc|8|1|nan|1798,0,0.00134066,8,1,0,0,0,0,0,0.693491,0.693491
130_bNAb_Combinations|1342240|sample|3|nan|1798,0.0010624,0.835221,1,3,1,0.344142,0.338832,0.815347,0.814755,0.211047,0.217488
130_bNAb_Combinations|1342240|sample|3|nan|1798,0.005312,0.877793,2,3,1,0.081482,0.0719358,0.908031,0.907365,-0.288931,-0.282766
130_bNAb_Combinations|1342240|sample|3|nan|1798,0.02656,0.931355,3,3,1,0.0127458,0.00205518,0.85942,0.858561,0.725485,0.734867
130_bNAb_Combinations|1342240|sample|3|nan|1798,0.1328,0.830071,4,3,1,0.0121594,0.0014622,0.658923,0.657321,2.23797,2.2643
130_bNAb_Combinations|1342240|sample|3|nan|1798,0.664,0.362418,5,3,1,0.0121594,0.0014622,0.30408,0.302143,1.60567,1.66903
130_bNAb_Combinations|1342240|sample|3|nan|1798,3.32,0.0234358,6,3,1,0.0121594,0.0014622,0.0337886,0.0332414,-1.79874,-1.72219
130_bNAb_Combinations|1342240|sample|3|nan|1798,83,0.000966825,8,3,1,0.0102091,0.00122763,0.0012284,0.00122763,-0.126233,-0.125867
130_bNAb_Combinations|1342240|sample|4|nan|1798,0.0010624,0.808053,1,4,1,0.344142,0.338832,0.815165,0.814519,-0.0755381,-0.0687279
130_bNAb_Combinations|1342240|sample|4|nan|1798,0.005312,0.88955,2,4,1,0.081482,0.0719358,0.907438,0.906595,-0.171038,-0.163125
130_bNAb_Combinations|1342240|sample|4|nan|1798,0.02656,0.902873,3,4,1,0.0127458,0.00205518,0.857777,0.85643,0.455656,0.469986
130_bNAb_Combinations|1342240|sample|4|nan|1798,0.1328,0.803702,4,4,1,0.0122811,0.00147685,0.661729,0.659102,1.8488,1.89033
130_bNAb_Combinations|1342240|sample|4|nan|1798,0.664,0.370758,5,4,1,0.0122811,0.00147685,0.30215,0.298817,1.89977,2.01306
130_bNAb_Combinations|1342240|sample|4|nan|1798,3.32,0.0203936,6,4,1,0.0121594,0.0014622,0.0323183,0.0313791,-2.13351,-2.00357
130_bNAb_Combinations|1342240|sample|4|nan|1798,16.6,3.8673e-05,7,4,1,0.0117293,0.00141046,0.00146423,0.00145946,-0.679206,-0.677108
130_bNAb_Combinations|1342240|sample|4|nan|1798,83,0.000747678,8,4,1,0.0102091,0.00122763,0.0012284,0.00122763,-0.23199,-0.231628
130_bNAb_Combinations|1342240|sample|8|nan|1798,16.6,0.000721896,7,8,1,0.0117293,0.00141046,0.0014111,0.00141046,-0.329314,-0.32902
130_bNAb_Combinations|1342240|vc|1|2|nan|1798,0,0.862537,1,2,1,0.828042,0.828012,0.82853,0.828012,0.355488,0.361132
130_bNAb_Combinations|1342240|vc|2|2|nan|1798,0,0.923324,2,2,1,0.951342,0.951325,0.951755,0.951325,-0.259402,-0.255593
130_bNAb_Combinations|1342240|vc|3|2|nan|1798,0,0.944627,3,2,1,0.951342,0.951325,0.951755,0.951325,-0.0650393,-0.061144
130_bNAb_Combinations|1342240|vc|4|2|nan|1798,0,1,4,2,1,0.951342,0.951325,0.951755,0.951325,0.440186,0.444306
130_bNAb_Combinations|1342240|vc|5|2|nan|1798,0,0.995817,5,2,1,0.951342,0.951325,0.951755,0.951325,0.402019,0.406122
130_bNAb_Combinations|1342240|vc|6|2|nan|1798,0,0.979742,6,2,1,0.951342,0.951325,0.951755,0.951325,0.25535,0.259388
130_bNAb_Combinations|1342240|vc|7|2|nan|1798,0,0.912625,7,2,1,0.951342,0.951325,0.951755,0.951325,-0.357024,-0.353259
130_bNAb_Combinations|1342240|vc|8|2|nan|1798,0,0.732654,8,2,1,0.828042,0.828012,0.82853,0.828012,-1.00225,-0.997443
130_bNAb_Combinations|1342258|cc|1|1|TRO.11|8301,0,0.000586773,1,1,0,0,0,0,0,0.303523,0.303523
130_bNAb_Combinations|1342258|cc|2|1|TRO.11|8301,0,0.000602214,2,1,0,0,0,0,0,0.31151,0.31151
130_bNAb_Combinations|1342258|cc|3|1|TRO.11|8301,0,0.000756628,3,1,0,0,0,0,0,0.391384,0.391384
130_bNAb_Combinations|1342258|cc|4|1|TRO.11|8301,0,0.000694863,4,1,0,0,0,0,0,0.359435,0.359435
130_bNAb_Combinations|1342258|cc|5|1|TRO.11|8301,0,0.000957366,5,1,0,0,0,0,0,0.495221,0.495221
130_bNAb_Combinations|1342258|cc|6|1|TRO.11|8301,0,0.000648538,6,1,0,0,0,0,0,0.335472,0.335472
130_bNAb_Combinations|1342258|cc|7|1|TRO.11|8301,0,0.00103457,7,1,0,0,0,0,0,0.535158,0.535158
130_bNAb_Combinations|1342258|cc|8|1|TRO.11|8301,0,0.00112722,8,1,0,0,0,0,0,0.583083,0.583083
130_bNAb_Combinations|1342258|sample|3|TRO.11|8301,0.0010624,1,1,3,1,0.344142,0.390723,0.916604,0.916873,0.789547,0.786775
130_bNAb_Combinations|1342258|sample|3|TRO.11|8301,0.005312,0.977008,2,3,1,0.081482,0.0735565,0.875213,0.872447,1.00845,1.03907
130_bNAb_Combinations|1342258|sample|3|TRO.11|8301,0.02656,0.852774,3,3,1,0.0127458,0.000846092,0.700004,0.692984,1.88322,1.98924
130_bNAb_Combinations|1342258|sample|3|TRO.11|8301,0.1328,0.409135,4,3,1,0.0121594,0.000246185,0.355258,0.345033,1.27907,1.56479
130_bNAb_Combinations|1342258|sample|3|TRO.11|8301,0.664,0.0368586,5,3,1,0.0121594,0.000246183,0.050242,0.0462545,-1.75708,-1.31121
130_bNAb_Combinations|1342258|sample|3|TRO.11|8301,3.32,0.000988249,6,3,1,0.0121594,0.000246183,0.000448858,0.00040786,0.271872,0.293222
130_bNAb_Combinations|1342258|sample|3|TRO.11|8301,16.6,0.000617656,7,3,1,0.0117293,0.000244004,0.000243922,0.000244004,0.190602,0.190559
130_bNAb_Combinations|1342258|sample|3|TRO.11|8301,83,0.0017912,8,3,1,0.0102091,0.000236304,0.00023595,0.000236304,0.793535,0.793339
130_bNAb_Combinations|1342258|sample|4|TRO.11|8301,0.0010624,0.951962,1,4,1,0.344142,0.390723,0.918366,0.918934,0.317473,0.311911
130_bNAb_Combinations|1342258|sample|4|TRO.11|8301,0.005312,0.975433,2,4,1,0.081482,0.0735565,0.880149,0.878203,0.938752,0.960001
130_bNAb_Combinations|1342258|sample|4|TRO.11|8301,0.02656,0.81302,3,4,1,0.0127458,0.000846092,0.711614,0.706438,1.23014,1.30217
130_bNAb_Combinations|1342258|sample|4|TRO.11|8301,0.1328,0.42409,4,4,1,0.0122811,0.000246801,0.373629,0.365791,1.14165,1.34597
130_bNAb_Combinations|1342258|sample|4|TRO.11|8301,0.664,0.0475286,5,4,1,0.0122811,0.0002468,0.0577539,0.0543963,-1.20771,-0.849248
130_bNAb_Combinations|1342258|sample|4|TRO.11|8301,3.32,0.000586773,6,4,1,0.0121594,0.000246183,0.000542249,0.000497628,0.0223228,0.0448078
130_bNAb_Combinations|1342258|sample|4|TRO.11|8301,16.6,0.00101913,7,4,1,0.0117293,0.000244004,0.000243923,0.000244004,0.395353,0.395309
130_bNAb_Combinations|1342258|sample|4|TRO.11|8301,83,0.00205371,8,4,1,0.0102091,0.000236304,0.00023595,0.000236304,0.927473,0.927273
130_bNAb_Combinations|1342258|vc|1|2|TRO.11|8301,0,0.96755,1,2,1,0.828042,0.956528,0.955096,0.956528,0.113237,0.100073
130_bNAb_Combinations|1342258|vc|2|2|TRO.11|8301,0,0.984057,2,2,1,0.951342,0.987699,0.987368,0.987699,-0.0291406,-0.0320428
130_bNAb_Combinations|1342258|vc|3|2|TRO.11|8301,0,0.968554,3,2,1,0.951342,0.987699,0.987368,0.987699,-0.165576,-0.168433
130_bNAb_Combinations|1342258|vc|4|2|TRO.11|8301,0,0.996418,4,2,1,0.951342,0.987699,0.987368,0.987699,0.0796409,0.0767029
130_bNAb_Combinations|1342258|vc|5|2|TRO.11|8301,0,0.95952,5,2,1,0.951342,0.987699,0.987368,0.987699,-0.245073,-0.247904
130_bNAb_Combinations|1342258|vc|6|2|TRO.11|8301,0,0.92514,6,2,1,0.951342,0.987699,0.987368,0.987699,-0.547637,-0.550368
130_bNAb_Combinations|1342258|vc|7|2|TRO.11|8301,0,0.920917,7,2,1,0.951342,0.987699,0.987368,0.987699,-0.584803,-0.587522
130_bNAb_Combinations|1342258|vc|8|2|TRO.11|8301,0,0.827859,8,2,1,0.828042,0.956528,0.955096,0.956528,-1.15692,-1.16822
130_bNAb_Combinations|1342276|cc|1|1|Ce1176_A3|7023,0,0.00106045,1,1,0,0,0,0,0,0.548545,0.548545
130_bNAb_Combinations|1342276|cc|2|1|Ce1176_A3|7023,0,0.000899371,2,1,0,0,0,0,0,0.465222,0.465222
130_bNAb_Combinations|1342276|cc|3|1|Ce1176_A3|7023,0,0.00139604,3,1,0,0,0,0,0,0.722135,0.722135
130_bNAb_Combinations|1342276|cc|4|1|Ce1176_A3|7023,0,0.000885948,4,1,0,0,0,0,0,0.458278,0.458278
130_bNAb_Combinations|1342276|cc|5|1|Ce1176_A3|7023,0,0.000939641,5,1,0,0,0,0,0,0.486052,0.486052
130_bNAb_Combinations|1342276|cc|6|1|Ce1176_A3|7023,0,0.00115442,6,1,0,0,0,0,0,0.59715,0.59715
130_bNAb_Combinations|1342276|cc|7|1|Ce1176_A3|7023,0,0.00167793,7,1,0,0,0,0,0,0.867951,0.867951
130_bNAb_Combinations|1342276|cc|8|1|Ce1176_A3|7023,0,0.0012618,8,1,0,0,0,0,0,0.652699,0.652699
130_bNAb_Combinations|1342276|sample|3|Ce1176_A3|7023,0.0010624,0.725068,1,3,1,0.344142,0.31781,0.759684,0.76042,-0.393941,-0.401929
130_bNAb_Combinations|1342276|sample|3|Ce1176_A3|7023,0.005312,0.881934,2,3,1,0.081482,0.069978,0.864522,0.864932,0.174583,0.170393
130_bNAb_Combinations|1342276|sample|3|Ce1176_A3|7023,0.02656,0.891317,3,3,1,0.0127458,0.00272118,0.815597,0.816102,0.803843,0.797993
130_bNAb_Combinations|1342276|sample|3|Ce1176_A3|7023,0.1328,0.705718,4,3,1,0.0121594,0.00213869,0.584819,0.585809,1.77555,1.75811
130_bNAb_Combinations|1342276|sample|3|Ce1176_A3|7023,0.664,0.239233,5,3,1,0.0121594,0.00213868,0.222759,0.223876,0.607143,0.56334
130_bNAb_Combinations|1342276|sample|3|Ce1176_A3|7023,3.32,0.012269,6,3,1,0.0121594,0.00213868,0.0157223,0.0159317,-0.930335,-0.980496
130_bNAb_Combinations|1342276|sample|3|Ce1176_A3|7023,16.6,0.00138262,7,3,1,0.0117293,0.00202356,0.00202875,0.00202966,-0.298759,-0.299167
130_bNAb_Combinations|1342276|sample|3|Ce1176_A3|7023,83,0.00073829,8,3,1,0.0102091,0.00171145,0.00170988,0.00171145,-0.456866,-0.457567
130_bNAb_Combinations|1342276|sample|4|Ce1176_A3|7023,0.0010624,0.749337,1,4,1,0.344142,0.31781,0.760512,0.761235,-0.127029,-0.135127
130_bNAb_Combinations|1342276|sample|4|Ce1176_A3|7023,0.005312,0.874437,2,4,1,0.081482,0.069978,0.867284,0.867652,0.0714967,0.0677917
130_bNAb_Combinations|1342276|sample|4|Ce1176_A3|7023,0.02656,0.920365,3,4,1,0.0127458,0.00272118,0.823249,0.823637,1.02159,1.01704
130_bNAb_Combinations|1342276|sample|4|Ce1176_A3|7023,0.1328,0.749364,4,4,1,0.0122811,0.00218115,0.612957,0.61368,1.91383,1.90151
130_bNAb_Combinations|1342276|sample|4|Ce1176_A3|7023,0.664,0.256838,5,4,1,0.0122811,0.00218115,0.245785,0.246683,0.371684,0.340325
130_bNAb_Combinations|1342276|sample|4|Ce1176_A3|7023,3.32,0.0164035,6,4,1,0.0121594,0.00213868,0.0191606,0.0193585,-0.672351,-0.716686
130_bNAb_Combinations|1342276|sample|4|Ce1176_A3|7023,16.6,0.000402703,7,4,1,0.0117293,0.00202356,0.00203362,0.00203464,-0.753913,-0.754346
130_bNAb_Combinations|1342276|sample|4|Ce1176_A3|7023,83,0.000617479,8,4,1,0.0102091,0.00171145,0.00170988,0.00171145,-0.513675,-0.514371
130_bNAb_Combinations|1342276|vc|1|2|Ce1176_A3|7023,0,0.763009,1,2,1,0.828042,0.775827,0.775115,0.775827,-0.13508,-0.142901
130_bNAb_Combinations|1342276|vc|2|2|Ce1176_A3|7023,0,0.910553,2,2,1,0.951342,0.91731,0.917019,0.91731,-0.0611888,-0.0639247
130_bNAb_Combinations|1342276|vc|3|2|Ce1176_A3|7023,0,1,3,2,1,0.951342,0.91731,0.917019,0.91731,0.785275,0.782275
130_bNAb_Combinations|1342276|vc|4|2|Ce1176_A3|7023,0,0.978623,4,2,1,0.951342,0.91731,0.917019,0.91731,0.58298,0.580043
130_bNAb_Combinations|1342276|vc|5|2|Ce1176_A3|7023,0,0.915016,5,2,1,0.951342,0.91731,0.917019,0.91731,-0.0189514,-0.0217004
130_bNAb_Combinations|1342276|vc|6|2|Ce1176_A3|7023,0,0.948528,6,2,1,0.951342,0.91731,0.917019,0.91731,0.298179,0.295331
130_bNAb_Combinations|1342276|vc|7|2|Ce1176_A3|7023,0,0.841536,7,2,1,0.951342,0.91731,0.917019,0.91731,-0.714313,-0.716845
130_bNAb_Combinations|1342276|vc|8|2|Ce1176_A3|7023,0,0.749606,8,2,1,0.828042,0.775827,0.775115,0.775827,-0.28464,-0.292326
130_bNAb_Combinations|1342294|cc|1|1|nan|1176,0,0.00986891,1,1,0,0,0,0,0,5.10493,5.10493
130_bNAb_Combinations|1342294|cc|2|1|nan|1176,0,0.00692296,2,1,0,0,0,0,0,3.58107,3.58107
130_bNAb_Combinations|1342294|cc|3|1|nan|1176,0,0.00368243,3,1,0,0,0,0,0,1.90483,1.90483
130_bNAb_Combinations|1342294|cc|4|1|nan|1176,0,0.0107527,4,1,0,0,0,0,0,5.56209,5.56209
130_bNAb_Combinations|1342294|cc|5|1|nan|1176,0,0.000736485,5,1,0,0,0,0,0,0.380965,0.380965
130_bNAb_Combinations|1342294|cc|6|1|nan|1176,0,0,6,1,0,0,0,0,0,0,0
130_bNAb_Combinations|1342294|cc|7|1|nan|1176,0,0.00618648,7,1,0,0,0,0,0,3.20011,3.20011
130_bNAb_Combinations|1342294|cc|8|1|nan|1176,0,0.0048608,8,1,0,0,0,0,0,2.51437,2.51437
130_bNAb_Combinations|1342294|sample|3|nan|1176,0.0010624,0.7384,1,3,1,0.344142,0.317972,0.71725,0.719746,0.254602,0.223797
130_bNAb_Combinations|1342294|sample|3|nan|1176,0.005312,0.840477,2,3,1,0.081482,0.0747322,0.744607,0.750373,1.1126,1.03783
130_bNAb_Combinations|1342294|sample|3|nan|1176,0.02656,0.51554,3,3,1,0.0127458,0.00856557,0.53435,0.546056,-0.301529,-0.479016
130_bNAb_Combinations|1342294|sample|3|nan|1176,0.1328,0.173221,4,3,1,0.0121594,0.0079882,0.175113,0.186129,-0.0870002,-0.561454
130_bNAb_Combinations|1342294|sample|3|nan|1176,0.664,0.0191486,5,3,1,0.0121594,0.0079882,0.0142739,0.0155262,1.37396,0.981774
130_bNAb_Combinations|1342294|sample|3|nan|1176,3.32,0.00559729,6,3,1,0.0121594,0.0079882,0.00798789,0.0079895,-0.842698,-0.843212
130_bNAb_Combinations|1342294|sample|3|nan|1176,83,0.0050081,8,3,1,0.0102091,0.00635774,0.00635157,0.00635774,-0.506637,-0.508829
130_bNAb_Combinations|1342294|sample|4|nan|1176,0.0010624,0.680071,1,4,1,0.344142,0.317972,0.724806,0.72436,-0.533027,-0.528032
130_bNAb_Combinations|1342294|sample|4|nan|1176,0.005312,0.847842,2,4,1,0.081482,0.0747322,0.767785,0.764529,0.901647,0.942232
130_bNAb_Combinations|1342294|sample|4|nan|1176,0.02656,0.692444,3,4,1,0.0127458,0.00856557,0.584161,0.576545,1.592,1.72584
130_bNAb_Combinations|1342294|sample|4|nan|1176,0.1328,0.216085,4,4,1,0.0122811,0.00815829,0.229977,0.221586,-0.497059,-0.203743
130_bNAb_Combinations|1342294|sample|4|nan|1176,0.664,0.0187067,5,4,1,0.0122811,0.00815829,0.0216438,0.0202588,-0.670307,-0.367354
130_bNAb_Combinations|1342294|sample|4|nan|1176,3.32,0.00456621,6,4,1,0.0121594,0.0079882,0.00799289,0.00799255,-1.20768,-1.20758
130_bNAb_Combinations|1342294|sample|4|nan|1176,16.6,0.00618648,7,4,1,0.0117293,0.00753981,0.00753718,0.00753981,-0.484841,-0.485734
130_bNAb_Combinations|1342294|sample|4|nan|1176,83,0.00265135,8,4,1,0.0102091,0.00635774,0.00635157,0.00635774,-1.3954,-1.39735
130_bNAb_Combinations|1342294|sample|8|nan|1176,16.6,0.00883783,7,8,1,0.0117293,0.00753981,0.00753718,0.00753981,0.466876,0.465881
130_bNAb_Combinations|1342294|vc|1|2|nan|1176,0,0.903962,1,2,1,0.828042,0.769493,0.768746,0.769493,1.52102,1.51118
130_bNAb_Combinations|1342294|vc|2|2|nan|1176,0,0.772868,2,2,1,0.951342,0.912562,0.912243,0.912562,-1.32573,-1.3283
130_bNAb_Combinations|1342294|vc|3|2|nan|1176,0,0.798792,3,2,1,0.951342,0.912562,0.912243,0.912562,-1.07914,-1.0818
130_bNAb_Combinations|1342294|vc|4|2|nan|1176,0,1,4,2,1,0.951342,0.912562,0.912243,0.912562,0.834732,0.831415
130_bNAb_Combinations|1342294|vc|5|2|nan|1176,0,0.928708,5,2,1,0.951342,0.912562,0.912243,0.912562,0.156611,0.153526
130_bNAb_Combinations|1342294|vc|6|2|nan|1176,0,0.843276,6,2,1,0.951342,0.912562,0.912243,0.912562,-0.656013,-0.658819
130_bNAb_Combinations|1342294|vc|7|2|nan|1176,0,0.868906,7,2,1,0.951342,0.912562,0.912243,0.912562,-0.412226,-0.415116
130_bNAb_Combinations|1342294|vc|8|2|nan|1176,0,0.751657,8,2,1,0.828042,0.769493,0.768746,0.769493,-0.192235,-0.200444
130_bNAb_Combinations|1342312|cc|1|1|RHPA4259.7|5371,0,0.00173044,1,1,0,0,0,0,0,0.895111,0.895111
130_bNAb_Combinations|1342312|cc|2|1|RHPA4259.7|5371,0,0.00228271,2,1,0,0,0,0,0,1.18079,1.18079
130_bNAb_Combinations|1342312|cc|3|1|RHPA4259.7|5371,0,0.00237475,3,1,0,0,0,0,0,1.2284,1.2284
130_bNAb_Combinations|1342312|cc|4|1|RHPA4259.7|5371,0,0.00189612,4,1,0,0,0,0,0,0.980814,0.980814
130_bNAb_Combinations|1342312|cc|5|1|RHPA4259.7|5371,0,0.00136226,5,1,0,0,0,0,0,0.704662,0.704662
130_bNAb_Combinations|1342312|cc|6|1|RHPA4259.7|5371,0,0.00187771,6,1,0,0,0,0,0,0.971291,0.971291
130_bNAb_Combinations|1342312|cc|7|1|RHPA4259.7|5371,0,0.00250361,7,1,0,0,0,0,0,1.29505,1.29505
130_bNAb_Combinations|1342312|cc|8|1|RHPA4259.7|5371,0,0.0020618,8,1,0,0,0,0,0,1.06652,1.06652
130_bNAb_Combinations|1342312|sample|3|RHPA4259.7|5371,0.0010624,0.763952,1,3,1,0.344142,0.33894,0.755002,0.753702,0.102466,0.117542
130_bNAb_Combinations|1342312|sample|3|RHPA4259.7|5371,0.005312,0.818875,2,3,1,0.081482,0.0720883,0.724818,0.722216,1.12067,1.15573
130_bNAb_Combinations|1342312|sample|3|RHPA4259.7|5371,0.02656,0.538378,3,3,1,0.0127458,0.00222365,0.445026,0.440965,1.78571,1.87992
130_bNAb_Combinations|1342312|sample|3|RHPA4259.7|5371,0.1328,0.0814411,4,3,1,0.0121594,0.00163077,0.0984292,0.0959878,-1.29997,-1.13718
130_bNAb_Combinations|1342312|sample|3|RHPA4259.7|5371,0.664,0.00397633,5,3,1,0.0121594,0.00163076,0.0029232,0.0028368,0.465183,0.50553
130_bNAb_Combinations|1342312|sample|3|RHPA4259.7|5371,3.32,0.00173044,6,3,1,0.0121594,0.00163076,0.00163111,0.00163078,0.0469033,0.0470621
130_bNAb_Combinations|1342312|sample|3|RHPA4259.7|5371,16.6,0.00147271,7,3,1,0.0117293,0.00157308,0.00157379,0.00157308,-0.0478776,-0.0475429
130_bNAb_Combinations|1342312|sample|3|RHPA4259.7|5371,83,0.0012334,8,3,1,0.0102091,0.00136924,0.0013701,0.00136924,-0.0654625,-0.065055
130_bNAb_Combinations|1342312|sample|4|RHPA4259.7|5371,0.0010624,0.732077,1,4,1,0.344142,0.33894,0.751363,0.750128,-0.221855,-0.207981
130_bNAb_Combinations|1342312|sample|4|RHPA4259.7|5371,0.005312,0.824591,2,4,1,0.081482,0.0720883,0.714646,0.712244,1.32819,1.36168
130_bNAb_Combinations|1342312|sample|4|RHPA4259.7|5371,0.02656,0.536592,3,4,1,0.0127458,0.00222365,0.427094,0.423485,2.17915,2.26939
130_bNAb_Combinations|1342312|sample|4|RHPA4259.7|5371,0.1328,0.0694384,4,4,1,0.0122811,0.00164709,0.0884404,0.0864339,-1.59171,-1.45122
130_bNAb_Combinations|1342312|sample|4|RHPA4259.7|5371,0.664,0.00323997,5,4,1,0.0122811,0.00164709,0.0025838,0.00252659,0.294843,0.32148
130_bNAb_Combinations|1342312|sample|4|RHPA4259.7|5371,3.32,0.00138067,6,4,1,0.0121594,0.00163076,0.0016311,0.00163077,-0.118256,-0.118101
130_bNAb_Combinations|1342312|sample|4|RHPA4259.7|5371,16.6,0.00134385,7,4,1,0.0117293,0.00157308,0.00157379,0.00157308,-0.108914,-0.108581
130_bNAb_Combinations|1342312|sample|4|RHPA4259.7|5371,83,0.00163839,8,4,1,0.0102091,0.00136924,0.0013701,0.00136924,0.128482,0.128899
130_bNAb_Combinations|1342312|vc|1|2|RHPA4259.7|5371,0,0.805648,1,2,1,0.828042,0.828072,0.82859,0.828072,-0.239813,-0.234538
130_bNAb_Combinations|1342312|vc|2|2|RHPA4259.7|5371,0,0.988964,2,2,1,0.951342,0.951351,0.95178,0.951351,0.339252,0.343324
130_bNAb_Combinations|1342312|vc|3|2|RHPA4259.7|5371,0,0.95037,3,2,1,0.951342,0.951351,0.95178,0.951351,-0.012873,-0.00895753
130_bNAb_Combinations|1342312|vc|4|2|RHPA4259.7|5371,0,0.951677,4,2,1,0.951342,0.951351,0.95178,0.951351,-0.000947916,0.00297281
130_bNAb_Combinations|1342312|vc|5|2|RHPA4259.7|5371,0,1,5,2,1,0.951342,0.951351,0.95178,0.951351,0.439943,0.444059
130_bNAb_Combinations|1342312|vc|6|2|RHPA4259.7|5371,0,0.952339,6,2,1,0.951342,0.951351,0.95178,0.951351,0.00509859,0.00902199
130_bNAb_Combinations|1342312|vc|7|2|RHPA4259.7|5371,0,0.995186,7,2,1,0.951342,0.951351,0.95178,0.951351,0.396022,0.400119
130_bNAb_Combinations|1342312|vc|8|2|RHPA4259.7|5371,0,0.750412,8,2,1,0.828042,0.828072,0.82859,0.828072,-0.817184,-0.812263
130_bNAb_Combinations|1342336|cc|1|1|nan|3430,0,0,1,1,0,0,0,0,0,0,0
130_bNAb_Combinations|1342336|cc|2|1|nan|3430,0,0,2,1,0,0,0,0,0,0,0
130_bNAb_Combinations|1342336|cc|3|1|nan|3430,0,0.00041405,3,1,0,0,0,0,0,0.214178,0.214178
130_bNAb_Combinations|1342336|cc|4|1|nan|3430,0,0.00119614,4,1,0,0,0,0,0,0.618735,0.618735
130_bNAb_Combinations|1342336|cc|5|1|nan|3430,0,0.00174821,5,1,0,0,0,0,0,0.904305,0.904305
130_bNAb_Combinations|1342336|cc|6|1|nan|3430,0,0.00207025,6,1,0,0,0,0,0,1.07089,1.07089
130_bNAb_Combinations|1342336|cc|7|1|nan|3430,0,0.00110413,7,1,0,0,0,0,0,0.57114,0.57114
130_bNAb_Combinations|1342336|cc|8|1|nan|3430,0,0.0016562,8,1,0,0,0,0,0,0.85671,0.85671
130_bNAb_Combinations|1342336|sample|3|nan|3430,0.0010624,0.85338,1,3,1,0.344142,0.338729,0.769502,0.770958,0.942626,0.924553
130_bNAb_Combinations|1342336|sample|3|nan|3430,0.005312,0.846134,2,3,1,0.081482,0.071742,0.766419,0.771773,0.899368,0.83327
130_bNAb_Combinations|1342336|sample|3|nan|3430,0.02656,0.598923,3,3,1,0.0127458,0.00183747,0.523575,0.534985,1.23193,1.02377
130_bNAb_Combinations|1342336|sample|3|nan|3430,0.1328,0.155913,4,3,1,0.0121594,0.00124436,0.156477,0.166627,-0.0287253,-0.515541
130_bNAb_Combinations|1342336|sample|3|nan|3430,0.664,0.00768293,5,3,1,0.0121594,0.00124436,0.00610196,0.0070625,0.602619,0.227085
130_bNAb_Combinations|1342336|sample|3|nan|3430,16.6,0.00115014,7,3,1,0.0117293,0.00120033,0.00120087,0.00120033,-0.0245194,-0.0242581
130_bNAb_Combinations|1342336|sample|3|nan|3430,83,0.00276033,8,3,1,0.0102091,0.00104475,0.0010454,0.00104475,0.835954,0.836303
130_bNAb_Combinations|1342336|sample|4|nan|3430,0.0010624,0.773193,1,4,1,0.344142,0.338729,0.773355,0.771879,-0.00182203,0.0147167
130_bNAb_Combinations|1342336|sample|4|nan|3430,0.005312,0.819405,2,4,1,0.081482,0.071742,0.777709,0.774475,0.463749,0.501757
130_bNAb_Combinations|1342336|sample|4|nan|3430,0.02656,0.59009,3,4,1,0.0127458,0.00183747,0.546389,0.540465,0.685572,0.786784
130_bNAb_Combinations|1342336|sample|4|nan|3430,0.1328,0.181814,4,4,1,0.0122811,0.00125682,0.178667,0.173306,0.14211,0.395024
130_bNAb_Combinations|1342336|sample|4|nan|3430,0.664,0.00570469,5,4,1,0.0122811,0.00125681,0.00821214,0.00764442,-0.876053,-0.693257
130_bNAb_Combinations|1342336|sample|4|nan|3430,3.32,0.000966117,6,4,1,0.0121594,0.00124436,0.00124559,0.00124514,-0.134741,-0.134529
130_bNAb_Combinations|1342336|sample|4|nan|3430,16.6,0.0008281,7,4,1,0.0117293,0.00120033,0.00120087,0.00120033,-0.180165,-0.179908
130_bNAb_Combinations|1342336|sample|4|nan|3430,83,0.00289835,8,4,1,0.0102091,0.00104475,0.0010454,0.00104475,0.903231,0.903582
130_bNAb_Combinations|1342336|sample|5|nan|3430,3.32,0.00156419,6,5,1,0.0121594,0.00124436,0.00124461,0.00124436,0.154088,0.154212
130_bNAb_Combinations|1342336|vc|1|2|nan|3430,0,0.92255,1,2,1,0.828042,0.828025,0.828543,0.828025,0.982686,0.988709
130_bNAb_Combinations|1342336|vc|2|2|nan|3430,0,0.992179,2,2,1,0.951342,0.951335,0.951765,0.951335,0.368738,0.372823
130_bNAb_Combinations|1342336|vc|3|2|nan|3430,0,1,3,2,1,0.951342,0.951335,0.951765,0.951335,0.440095,0.444212
130_bNAb_Combinations|1342336|vc|4|2|nan|3430,0,0.999402,4,2,1,0.951342,0.951335,0.951765,0.951335,0.434639,0.438753
130_bNAb_Combinations|1342336|vc|5|2|nan|3430,0,0.95802,5,2,1,0.951342,0.951335,0.951765,0.951335,0.0570733,0.0610201
130_bNAb_Combinations|1342336|vc|6|2|nan|3430,0,0.951441,6,2,1,0.951342,0.951335,0.951765,0.951335,-0.00295102,0.000969125
130_bNAb_Combinations|1342336|vc|7|2|nan|3430,0,0.88701,7,2,1,0.951342,0.951335,0.951765,0.951335,-0.590811,-0.587152
130_bNAb_Combinations|1342336|vc|8|2|nan|3430,0,0.926598,8,2,1,0.828042,0.828025,0.828543,0.828025,1.02501,1.03106
130_bNAb_Combinations|1342348|cc|1|1|nan|4166,0,0.000451154,1,1,0,0,0,0,0,0.233371,0.233371
130_bNAb_Combinations|1342348|cc|2|1|nan|4166,0,0.000773408,2,1,0,0,0,0,0,0.400064,0.400064
130_bNAb_Combinations|1342348|cc|3|1|nan|4166,0,0.00125679,3,1,0,0,0,0,0,0.650104,0.650104
130_bNAb_Combinations|1342348|cc|4|1|nan|4166,0,0.00128901,4,1,0,0,0,0,0,0.666773,0.666773
130_bNAb_Combinations|1342348|cc|5|1|nan|4166,0,0.000998985,5,1,0,0,0,0,0,0.516749,0.516749
130_bNAb_Combinations|1342348|cc|6|1|nan|4166,0,0.000773408,6,1,0,0,0,0,0,0.400064,0.400064
130_bNAb_Combinations|1342348|cc|7|1|nan|4166,0,0.000386704,7,1,0,0,0,0,0,0.200032,0.200032
130_bNAb_Combinations|1342348|cc|8|1|nan|4166,0,0.000644506,8,1,0,0,0,0,0,0.333387,0.333387
130_bNAb_Combinations|1342348|sample|3|nan|4166,0.0010624,0.836295,1,3,1,0.344142,0.338601,0.739422,0.739179,1.13195,1.13516
130_bNAb_Combinations|1342348|sample|3|nan|4166,0.005312,0.838358,2,3,1,0.081482,0.071541,0.682102,0.682439,1.97552,1.97031
130_bNAb_Combinations|1342348|sample|3|nan|4166,0.02656,0.39555,3,3,1,0.0127458,0.00161473,0.372895,0.373932,0.513503,0.488705
130_bNAb_Combinations|1342348|sample|3|nan|4166,0.1328,0.0558787,4,3,1,0.0121594,0.0010215,0.0593142,0.059847,-0.397484,-0.45595
130_bNAb_Combinations|1342348|sample|3|nan|4166,0.664,0.00054783,5,3,1,0.0121594,0.0010215,0.00133728,0.00134603,-0.378726,-0.382742
130_bNAb_Combinations|1342348|sample|3|nan|4166,3.32,0,6,3,1,0.0121594,0.0010215,0.00102171,0.0010215,-0.498687,-0.498591
130_bNAb_Combinations|1342348|sample|3|nan|4166,16.6,0.000515605,7,3,1,0.0117293,0.000985341,0.000985786,0.000985341,-0.229948,-0.229736
130_bNAb_Combinations|1342348|sample|3|nan|4166,83,0.000676732,8,3,1,0.0102091,0.000857602,0.00085814,0.000857602,-0.0893509,-0.0890888
130_bNAb_Combinations|1342348|sample|4|nan|4166,0.0010624,0.820247,1,4,1,0.344142,0.338601,0.733897,0.733876,1.01641,1.01668
130_bNAb_Combinations|1342348|sample|4|nan|4166,0.005312,0.753734,2,4,1,0.081482,0.071541,0.667304,0.668226,1.11635,1.10296
130_bNAb_Combinations|1342348|sample|4|nan|4166,0.02656,0.405797,3,4,1,0.0127458,0.00161473,0.349866,0.351748,1.34736,1.29537
130_bNAb_Combinations|1342348|sample|4|nan|4166,0.1328,0.0446321,4,4,1,0.0122811,0.00103173,0.0500352,0.050861,-0.711545,-0.810332
130_bNAb_Combinations|1342348|sample|4|nan|4166,0.664,0.00161127,5,4,1,0.0122811,0.00103173,0.00122397,0.00123351,0.186947,0.182249
130_bNAb_Combinations|1342348|sample|4|nan|4166,3.32,0.000934534,6,4,1,0.0121594,0.0010215,0.00102171,0.0010215,-0.0425477,-0.0424463
130_bNAb_Combinations|1342348|sample|4|nan|4166,16.6,0.00174017,7,4,1,0.0117293,0.000985341,0.000985786,0.000985341,0.36894,0.369167
130_bNAb_Combinations|1342348|sample|4|nan|4166,83,0.00157904,8,4,1,0.0102091,0.000857602,0.00085814,0.000857602,0.355073,0.355349
130_bNAb_Combinations|1342348|vc|1|2|nan|4166,0,0.800445,1,2,1,0.828042,0.827984,0.828503,0.827984,-0.293322,-0.288072
130_bNAb_Combinations|1342348|vc|2|2|nan|4166,0,0.905725,2,2,1,0.951342,0.951311,0.951742,0.951311,-0.419862,-0.416122
130_bNAb_Combinations|1342348|vc|3|2|nan|4166,0,1,3,2,1,0.951342,0.951311,0.951742,0.951311,0.440316,0.444438
130_bNAb_Combinations|1342348|vc|4|2|nan|4166,0,0.920162,4,2,1,0.951342,0.951311,0.951742,0.951311,-0.288138,-0.284339
130_bNAb_Combinations|1342348|vc|5|2|nan|4166,0,0.841097,5,2,1,0.951342,0.951311,0.951742,0.951311,-1.00953,-1.00606
130_bNAb_Combinations|1342348|vc|6|2|nan|4166,0,0.905435,6,2,1,0.951342,0.951311,0.951742,0.951311,-0.422508,-0.41877
130_bNAb_Combinations|1342348|vc|7|2|nan|4166,0,0.801959,7,2,1,0.951342,0.951311,0.951742,0.951311,-1.36663,-1.36331
130_bNAb_Combinations|1342348|vc|8|2|nan|4166,0,0.723716,8,2,1,0.828042,0.827984,0.828503,0.827984,-1.09543,-1.09068
130_bNAb_Combinations|1342372|cc|1|1|nan|2944,0,0.00214128,1,1,0,0,0,0,0,1.10763,1.10763
130_bNAb_Combinations|1342372|cc|2|1|nan|2944,0,0.00406844,2,1,0,0,0,0,0,2.1045,2.1045
130_bNAb_Combinations|1342372|cc|3|1|nan|2944,0,0.00282649,3,1,0,0,0,0,0,1.46207,1.46207
130_bNAb_Combinations|1342372|cc|4|1|nan|2944,0,0.00355453,4,1,0,0,0,0,0,1.83867,1.83867
130_bNAb_Combinations|1342372|cc|5|1|nan|2944,0,0.00321192,5,1,0,0,0,0,0,1.66145,1.66145
130_bNAb_Combinations|1342372|cc|6|1|nan|2944,0,0.0020128,6,1,0,0,0,0,0,1.04117,1.04117
130_bNAb_Combinations|1342372|cc|7|1|nan|2944,0,0.00111347,7,1,0,0,0,0,0,0.575968,0.575968
130_bNAb_Combinations|1342372|cc|8|1|nan|2944,0,0.000642385,8,1,0,0,0,0,0,0.332289,0.332289
130_bNAb_Combinations|1342372|sample|3|nan|2944,0.0010624,0.787264,1,3,1,0.344142,0.338616,0.791034,0.790418,-0.0412461,-0.0345303
130_bNAb_Combinations|1342372|sample|3|nan|2944,0.005312,0.896555,2,3,1,0.081482,0.071548,0.830954,0.83023,0.683803,0.691935
130_bNAb_Combinations|1342372|sample|3|nan|2944,0.02656,0.630907,3,3,1,0.0127458,0.00162114,0.662956,0.66207,-0.416599,-0.405603
130_bNAb_Combinations|1342372|sample|3|nan|2944,0.1328,0.303313,4,3,1,0.0121594,0.0010279,0.309402,0.308409,-0.164878,-0.138396
130_bNAb_Combinations|1342372|sample|3|nan|2944,0.664,0.0365731,5,3,1,0.0121594,0.0010279,0.0351159,0.0348454,0.246744,0.294076
130_bNAb_Combinations|1342372|sample|3|nan|2944,3.32,0.00179868,6,3,1,0.0121594,0.0010279,0.00110033,0.00109881,0.339382,0.34015
130_bNAb_Combinations|1342372|sample|3|nan|2944,16.6,0.000942164,7,3,1,0.0117293,0.000991525,0.000991973,0.000991525,-0.0243515,-0.0241332
130_bNAb_Combinations|1342372|sample|3|nan|2944,83,0.0014989,8,3,1,0.0102091,0.000863001,0.000863541,0.000863001,0.312845,0.31312
130_bNAb_Combinations|1342372|sample|4|nan|2944,0.0010624,0.711912,1,4,1,0.344142,0.338616,0.787899,0.786886,-0.834433,-0.824346
130_bNAb_Combinations|1342372|sample|4|nan|2944,0.005312,0.776814,2,4,1,0.081482,0.071548,0.821345,0.819414,-0.469492,-0.450175
130_bNAb_Combinations|1342372|sample|4|nan|2944,0.02656,0.656731,3,4,1,0.0127458,0.00162114,0.640801,0.637185,0.214038,0.264077
130_bNAb_Combinations|1342372|sample|4|nan|2944,0.1328,0.279309,4,4,1,0.0122811,0.0010382,0.283128,0.278749,-0.112449,0.0167176
130_bNAb_Combinations|1342372|sample|4|nan|2944,0.664,0.0268517,5,4,1,0.0122811,0.00103819,0.0269879,0.025883,-0.027312,0.199258
130_bNAb_Combinations|1342372|sample|4|nan|2944,3.32,0.00239824,6,4,1,0.0121594,0.0010279,0.00106153,0.0010577,0.651002,0.653007
130_bNAb_Combinations|1342372|sample|4|nan|2944,16.6,0.00145607,7,4,1,0.0117293,0.000991525,0.000991973,0.000991525,0.226896,0.22712
130_bNAb_Combinations|1342372|sample|4|nan|2944,83,0.0033404,8,4,1,0.0102091,0.000863001,0.000863541,0.000863001,1.21959,1.21989
130_bNAb_Combinations|1342372|vc|1|2|nan|2944,0,0.866191,1,2,1,0.828042,0.828012,0.82853,0.828012,0.393694,0.399356
130_bNAb_Combinations|1342372|vc|2|2|nan|2944,0,0.961949,2,2,1,0.951342,0.951325,0.951755,0.951325,0.0930176,0.09698
130_bNAb_Combinations|1342372|vc|3|2|nan|2944,0,0.934862,3,2,1,0.951342,0.951325,0.951755,0.951325,-0.154126,-0.150273
130_bNAb_Combinations|1342372|vc|4|2|nan|2944,0,1,4,2,1,0.951342,0.951325,0.951755,0.951325,0.440191,0.444307
130_bNAb_Combinations|1342372|vc|5|2|nan|2944,0,0.921672,5,2,1,0.951342,0.951325,0.951755,0.951325,-0.274474,-0.270675
130_bNAb_Combinations|1342372|vc|6|2|nan|2944,0,0.914177,6,2,1,0.951342,0.951325,0.951755,0.951325,-0.342854,-0.339085
130_bNAb_Combinations|1342372|vc|7|2|nan|2944,0,0.942057,7,2,1,0.951342,0.951325,0.951755,0.951325,-0.0884816,-0.0845997
130_bNAb_Combinations|1342372|vc|8|2|nan|2944,0,0.751547,8,2,1,0.828042,0.828012,0.82853,0.828012,-0.804745,-0.799819
130_bNAb_Combinations|1342384|cc|1|1|nan|2946,0,0.000377127,1,1,0,0,0,0,0,0.195078,0.195078
130_bNAb_Combinations|1342384|cc|2|1|nan|2946,0,0.0014378,2,1,0,0,0,0,0,0.743736,0.743736
130_bNAb_Combinations|1342384|cc|3|1|nan|2946,0,0.00120209,3,1,0,0,0,0,0,0.621812,0.621812
130_bNAb_Combinations|1342384|cc|4|1|nan|2946,0,0.0012728,4,1,0,0,0,0,0,0.658389,0.658389
130_bNAb_Combinations|1342384|cc|5|1|nan|2946,0,0.000966389,5,1,0,0,0,0,0,0.499888,0.499888
130_bNAb_Combinations|1342384|cc|6|1|nan|2946,0,0.00162636,6,1,0,0,0,0,0,0.841275,0.841275
130_bNAb_Combinations|1342384|cc|7|1|nan|2946,0,0.000848536,7,1,0,0,0,0,0,0.438926,0.438926
130_bNAb_Combinations|1342384|cc|8|1|nan|2946,0,0.00219205,8,1,0,0,0,0,0,1.13389,1.13389
130_bNAb_Combinations|1342384|sample|3|nan|2946,0.0010624,0.852284,1,3,1,0.344142,0.339144,0.818117,0.817288,0.361623,0.370763
130_bNAb_Combinations|1342384|sample|3|nan|2946,0.005312,0.967355,2,3,1,0.081482,0.0724783,0.917038,0.915591,0.476155,0.490607
130_bNAb_Combinations|1342384|sample|3|nan|2946,0.02656,0.934439,3,3,1,0.0127458,0.00266059,0.884599,0.881524,0.488607,0.520522
130_bNAb_Combinations|1342384|sample|3|nan|2946,0.1328,0.7873,4,3,1,0.0121594,0.00206796,0.71697,0.710041,0.846938,0.93924
130_bNAb_Combinations|1342384|sample|3|nan|2946,0.664,0.423797,5,3,1,0.0121594,0.00206796,0.38864,0.378064,0.765973,1.02305
130_bNAb_Combinations|1342384|sample|3|nan|2946,3.32,0.0580305,6,3,1,0.0121594,0.00206796,0.0673548,0.0624204,-0.976092,-0.488067
130_bNAb_Combinations|1342384|sample|3|nan|2946,16.6,0.00157922,7,3,1,0.0117293,0.0019948,0.00241306,0.00233145,-0.377954,-0.342396
130_bNAb_Combinations|1342384|sample|3|nan|2946,83,0.00113138,8,3,1,0.0102091,0.00173626,0.00173734,0.00173626,-0.284523,-0.284029
130_bNAb_Combinations|1342384|sample|4|nan|2946,0.0010624,0.86071,1,4,1,0.344142,0.339144,0.818326,0.817636,0.448477,0.456154
130_bNAb_Combinations|1342384|sample|4|nan|2946,0.005312,0.945269,2,4,1,0.081482,0.0724783,0.917727,0.916735,0.260446,0.270106
130_bNAb_Combinations|1342384|sample|4|nan|2946,0.02656,0.912624,3,4,1,0.0127458,0.00266059,0.886547,0.884756,0.255097,0.273162
130_bNAb_Combinations|1342384|sample|4|nan|2946,0.1328,0.777,4,4,1,0.0122811,0.00208867,0.72873,0.724861,0.572113,0.621197
130_bNAb_Combinations|1342384|sample|4|nan|2946,0.664,0.449052,5,4,1,0.0122811,0.00208866,0.399886,0.393895,1.04232,1.18638
130_bNAb_Combinations|1342384|sample|4|nan|2946,3.32,0.0637345,6,4,1,0.0121594,0.00206796,0.0709774,0.0680831,-0.727007,-0.451329
130_bNAb_Combinations|1342384|sample|4|nan|2946,16.6,0.000824966,7,4,1,0.0117293,0.0019948,0.00248043,0.00242625,-0.747788,-0.725326
130_bNAb_Combinations|1342384|sample|4|nan|2946,83,0.00122566,8,4,1,0.0102091,0.00173626,0.00173734,0.00173626,-0.240254,-0.239757
130_bNAb_Combinations|1342384|vc|1|2|nan|2946,0,0.93029,1,2,1,0.828042,0.828037,0.828555,0.828037,1.06346,1.06954
130_bNAb_Combinations|1342384|vc|2|2|nan|2946,0,0.910809,2,2,1,0.951342,0.95134,0.95177,0.95134,-0.373715,-0.369958
130_bNAb_Combinations|1342384|vc|3|2|nan|2946,0,1,3,2,1,0.951342,0.95134,0.95177,0.95134,0.440047,0.444165
130_bNAb_Combinations|1342384|vc|4|2|nan|2946,0,0.996582,4,2,1,0.951342,0.95134,0.95177,0.95134,0.408865,0.412968
130_bNAb_Combinations|1342384|vc|5|2|nan|2946,0,0.999953,5,2,1,0.951342,0.95134,0.95177,0.95134,0.439617,0.443734
130_bNAb_Combinations|1342384|vc|6|2|nan|2946,0,0.889549,6,2,1,0.951342,0.95134,0.95177,0.95134,-0.567693,-0.564023
130_bNAb_Combinations|1342384|vc|7|2|nan|2946,0,0.878541,7,2,1,0.951342,0.95134,0.95177,0.95134,-0.668123,-0.664497
130_bNAb_Combinations|1342384|vc|8|2|nan|2946,0,0.78624,8,2,1,0.828042,0.828037,0.828555,0.828037,-0.442337,-0.437185
130_bNAb_Combinations|1342396|cc|1|1|PVO.4|5024,0,0.000406233,1,1,0,0,0,0,0,0.210134,0.210134
130_bNAb_Combinations|1342396|cc|2|1|PVO.4|5024,0,0.00130897,2,1,0,0,0,0,0,0.677099,0.677099
130_bNAb_Combinations|1342396|cc|3|1|PVO.4|5024,0,0.00155723,3,1,0,0,0,0,0,0.805514,0.805514
130_bNAb_Combinations|1342396|cc|4|1|PVO.4|5024,0,0.000835035,4,1,0,0,0,0,0,0.431942,0.431942
130_bNAb_Combinations|1342396|cc|5|1|PVO.4|5024,0,0.000654487,5,1,0,0,0,0,0,0.338549,0.338549
130_bNAb_Combinations|1342396|cc|6|1|PVO.4|5024,0,0.000631919,6,1,0,0,0,0,0,0.326875,0.326875
130_bNAb_Combinations|1342396|cc|7|1|PVO.4|5024,0,0.000880172,7,1,0,0,0,0,0,0.455291,0.455291
130_bNAb_Combinations|1342396|cc|8|1|PVO.4|5024,0,0.00139925,8,1,0,0,0,0,0,0.723795,0.723795
130_bNAb_Combinations|1342396|sample|3|PVO.4|5024,0.0010624,0.997833,1,3,1,0.344142,0.377116,0.888206,0.887179,1.07045,1.08171
130_bNAb_Combinations|1342396|sample|3|PVO.4|5024,0.005312,0.936549,2,3,1,0.081482,0.0733898,0.875184,0.872584,0.607936,0.63555
130_bNAb_Combinations|1342396|sample|3|PVO.4|5024,0.02656,0.845349,3,3,1,0.0127458,0.00144975,0.717414,0.71157,1.5397,1.62294
130_bNAb_Combinations|1342396|sample|3|PVO.4|5024,0.1328,0.395513,4,3,1,0.0121594,0.000851851,0.383582,0.374715,0.263235,0.469236
130_bNAb_Combinations|1342396|sample|3|PVO.4|5024,0.664,0.0558345,5,3,1,0.0121594,0.000851849,0.0632596,0.0592491,-0.816889,-0.395401
130_bNAb_Combinations|1342396|sample|3|PVO.4|5024,3.32,0.00187319,6,3,1,0.0121594,0.000851849,0.00122785,0.00116555,0.311438,0.342673
130_bNAb_Combinations|1342396|sample|3|PVO.4|5024,16.6,0.000383665,7,3,1,0.0117293,0.000838354,0.000838507,0.000838354,-0.224274,-0.2242
130_bNAb_Combinations|1342396|sample|3|PVO.4|5024,83,4.5137e-05,8,3,1,0.0102091,0.000790659,0.000790814,0.000790659,-0.368659,-0.368586
130_bNAb_Combinations|1342396|sample|4|PVO.4|5024,0.0010624,1,1,4,1,0.344142,0.377116,0.890948,0.890251,1.06162,1.06923
130_bNAb_Combinations|1342396|sample|4|PVO.4|5024,0.005312,0.917851,2,4,1,0.081482,0.0733898,0.883125,0.881464,0.340993,0.35796
130_bNAb_Combinations|1342396|sample|4|PVO.4|5024,0.02656,0.813708,3,4,1,0.0127458,0.00144975,0.73662,0.732954,0.904119,0.951736
130_bNAb_Combinations|1342396|sample|4|PVO.4|5024,0.1328,0.442377,4,4,1,0.0122811,0.00085567,0.416066,0.410245,0.536952,0.664675
130_bNAb_Combinations|1342396|sample|4|PVO.4|5024,0.664,0.0734831,5,4,1,0.0122811,0.000855668,0.0790794,0.0760203,-0.514407,-0.240882
130_bNAb_Combinations|1342396|sample|4|PVO.4|5024,3.32,0.000744761,6,4,1,0.0121594,0.000851849,0.00154661,0.00147506,-0.380351,-0.34775
130_bNAb_Combinations|1342396|sample|4|PVO.4|5024,16.6,0,7,4,1,0.0117293,0.000838354,0.000838509,0.000838356,-0.413453,-0.41338
130_bNAb_Combinations|1342396|sample|4|PVO.4|5024,83,0.00128641,8,4,1,0.0102091,0.000790659,0.000790814,0.000790659,0.245019,0.245097
130_bNAb_Combinations|1342396|vc|1|2|PVO.4|5024,0,0.943804,1,2,1,0.828042,0.922401,0.922581,0.922401,0.199652,0.201384
130_bNAb_Combinations|1342396|vc|2|2|PVO.4|5024,0,0.908609,2,2,1,0.951342,0.978042,0.978221,0.978042,-0.618254,-0.616777
130_bNAb_Combinations|1342396|vc|3|2|PVO.4|5024,0,0.910922,3,2,1,0.951342,0.978042,0.978221,0.978042,-0.597709,-0.596228
130_bNAb_Combinations|1342396|vc|4|2|PVO.4|5024,0,0.912705,4,2,1,0.951342,0.978042,0.978221,0.978042,-0.581874,-0.580391
130_bNAb_Combinations|1342396|vc|5|2|PVO.4|5024,0,0.907345,5,2,1,0.951342,0.978042,0.978221,0.978042,-0.629478,-0.628004
130_bNAb_Combinations|1342396|vc|6|2|PVO.4|5024,0,0.878886,6,2,1,0.951342,0.978042,0.978221,0.978042,-0.882233,-0.880804
130_bNAb_Combinations|1342396|vc|7|2|PVO.4|5024,0,0.860549,7,2,1,0.951342,0.978042,0.978221,0.978042,-1.04509,-1.04369
130_bNAb_Combinations|1342396|vc|8|2|PVO.4|5024,0,0.761022,8,2,1,0.828042,0.922401,0.922581,0.922401,-1.51983,-1.51843
130_bNAb_Combinations|1342408|cc|1|1|nan|4168,0,0.0014393,1,1,0,0,0,0,0,0.744514,0.744514
130_bNAb_Combinations|1342408|cc|2|1|nan|4168,0,0.0014393,2,1,0,0,0,0,0,0.744514,0.744514
130_bNAb_Combinations|1342408|cc|3|1|nan|4168,0,0.000729786,3,1,0,0,0,0,0,0.3775,0.3775
130_bNAb_Combinations|1342408|cc|4|1|nan|4168,0,0.00152039,4,1,0,0,0,0,0,0.786458,0.786458
130_bNAb_Combinations|1342408|cc|5|1|nan|4168,0,0.000973049,5,1,0,0,0,0,0,0.503333,0.503333
130_bNAb_Combinations|1342408|cc|6|1|nan|4168,0,0.00105414,6,1,0,0,0,0,0,0.545278,0.545278
130_bNAb_Combinations|1342408|cc|7|1|nan|4168,0,0.00154066,7,1,0,0,0,0,0,0.796944,0.796944
130_bNAb_Combinations|1342408|cc|8|1|nan|4168,0,0.00145957,8,1,0,0,0,0,0,0.755,0.755
130_bNAb_Combinations|1342408|sample|3|nan|4168,0.0010624,0.884744,1,3,1,0.344142,0.357219,0.843521,0.844604,0.423429,0.411783
130_bNAb_Combinations|1342408|sample|3|nan|4168,0.005312,0.890796,2,3,1,0.081482,0.0799935,0.906153,0.908126,-0.147039,-0.165582
130_bNAb_Combinations|1342408|sample|3|nan|4168,0.02656,0.776077,3,3,1,0.0127458,0.00946966,0.815403,0.820318,-0.41758,-0.467007
130_bNAb_Combinations|1342408|sample|3|nan|4168,0.1328,0.462381,4,3,1,0.0121594,0.00887699,0.558499,0.568367,-1.47616,-1.60027
130_bNAb_Combinations|1342408|sample|3|nan|4168,0.664,0.16701,5,3,1,0.0121594,0.00887699,0.189095,0.198688,-0.946876,-1.29777
130_bNAb_Combinations|1342408|sample|3|nan|4168,3.32,0.0252587,6,3,1,0.0121594,0.00887699,0.0162928,0.0174759,2.37422,1.99041
130_bNAb_Combinations|1342408|sample|3|nan|4168,16.6,0.00823037,7,3,1,0.0117293,0.00866485,0.00866472,0.00866658,-0.149086,-0.149713
130_bNAb_Combinations|1342408|sample|3|nan|4168,83,0.0027367,8,3,1,0.0102091,0.00771947,0.00771486,0.00771947,-1.77414,-1.77545
130_bNAb_Combinations|1342408|sample|4|nan|4168,0.0010624,0.931106,1,4,1,0.344142,0.357219,0.846867,0.846954,0.861913,0.860928
130_bNAb_Combinations|1342408|sample|4|nan|4168,0.005312,0.912324,2,4,1,0.081482,0.0799935,0.916725,0.915549,-0.0416556,-0.030564
130_bNAb_Combinations|1342408|sample|4|nan|4168,0.02656,0.764897,3,4,1,0.0127458,0.00946966,0.843543,0.84008,-0.807783,-0.775335
130_bNAb_Combinations|1342408|sample|4|nan|4168,0.1328,0.50485,4,4,1,0.0122811,0.00892459,0.619729,0.61236,-1.59464,-1.50983
130_bNAb_Combinations|1342408|sample|4|nan|4168,0.664,0.189005,5,4,1,0.0122811,0.00892459,0.251157,0.242852,-2.04815,-1.83118
130_bNAb_Combinations|1342408|sample|4|nan|4168,3.32,0.0320092,6,4,1,0.0121594,0.00887699,0.0257748,0.0241965,1.28573,1.67279
130_bNAb_Combinations|1342408|sample|4|nan|4168,16.6,0.00490579,7,4,1,0.0117293,0.00866485,0.00867407,0.00867295,-1.29296,-1.29263
130_bNAb_Combinations|1342408|sample|4|nan|4168,83,0.00336513,8,4,1,0.0102091,0.00771947,0.00771486,0.00771947,-1.55018,-1.55153
130_bNAb_Combinations|1342408|vc|1|2|nan|4168,0,0.949635,1,2,1,0.828042,0.863633,0.863118,0.863633,0.868866,0.863185
130_bNAb_Combinations|1342408|vc|2|2|nan|4168,0,0.965274,2,2,1,0.951342,0.9694,0.969255,0.9694,-0.0356783,-0.0369689
130_bNAb_Combinations|1342408|vc|3|2|nan|4168,0,1,3,2,1,0.951342,0.9694,0.969255,0.9694,0.275537,0.274201
130_bNAb_Combinations|1342408|vc|4|2|nan|4168,0,0.969906,4,2,1,0.951342,0.9694,0.969255,0.9694,0.00583521,0.00453852
130_bNAb_Combinations|1342408|vc|5|2|nan|4168,0,0.940482,5,2,1,0.951342,0.9694,0.969255,0.9694,-0.257871,-0.259129
130_bNAb_Combinations|1342408|vc|6|2|nan|4168,0,0.930052,6,2,1,0.951342,0.9694,0.969255,0.9694,-0.351345,-0.352589
130_bNAb_Combinations|1342408|vc|7|2|nan|4168,0,0.924538,7,2,1,0.951342,0.9694,0.969255,0.9694,-0.400761,-0.401998
130_bNAb_Combinations|1342408|vc|8|2|nan|4168,0,0.903212,8,2,1,0.828042,0.863633,0.863118,0.863633,0.402655,0.397246
704_VRC01_Concordance|1200432|cc|1|1|PVO.4|5024,0,0.00146144,1,1,0,0,0,0,0,0.755967,0.755967
704_VRC01_Concordance|1200432|cc|2|1|PVO.4|5024,0,0.00217593,2,1,0,0,0,0,0,1.12555,1.12555
704_VRC01_Concordance|1200432|cc|3|1|PVO.4|5024,0,0.0011042,3,1,0,0,0,0,0,0.571175,0.571175
704_VRC01_Concordance|1200432|cc|4|1|PVO.4|5024,0,0.00198107,4,1,0,0,0,0,0,1.02475,1.02475
704_VRC01_Concordance|1200432|cc|5|1|PVO.4|5024,0,0.00298784,5,1,0,0,0,0,0,1.54553,1.54553
704_VRC01_Concordance|1200432|cc|6|1|PVO.4|5024,0,0.00175373,6,1,0,0,0,0,0,0.90716,0.90716
704_VRC01_Concordance|1200432|cc|7|1|PVO.4|5024,0,0.00233831,7,1,0,0,0,0,0,1.20955,1.20955
704_VRC01_Concordance|1200432|cc|8|1|PVO.4|5024,0,0.00334508,8,1,0,0,0,0,0,1.73032,1.73032
704_VRC01_Concordance|1200432|sample|10|PVO.4|5024,0.002286236854138,0.850689,1,10,1,0.194561,0.188814,0.813215,0.812682,0.398968,0.404905
704_VRC01_Concordance|1200432|sample|10|PVO.4|5024,0.0068587105624142,0.988097,2,10,1,0.0550686,0.0469243,0.915406,0.914941,0.689093,0.693845
704_VRC01_Concordance|1200432|sample|10|PVO.4|5024,0.0205761316872428,0.866635,3,10,1,0.0139608,0.00512024,0.909526,0.909246,-0.409172,-0.406617
704_VRC01_Concordance|1200432|sample|10|PVO.4|5024,0.0617283950617284,0.879642,4,10,1,0.0121626,0.00330534,0.832997,0.832668,0.485045,0.48866
704_VRC01_Concordance|1200432|sample|10|PVO.4|5024,0.1851851851851852,0.740724,5,10,1,0.0121594,0.00330215,0.69383,0.693451,0.583092,0.588118
704_VRC01_Concordance|1200432|sample|10|PVO.4|5024,0.5555555555555556,0.485621,6,10,1,0.0121594,0.00330215,0.474851,0.474474,0.193525,0.200458
704_VRC01_Concordance|1200432|sample|10|PVO.4|5024,1.66666666666667,0.212201,7,10,1,0.0117293,0.00318533,0.20974,0.209445,0.0959262,0.107576
704_VRC01_Concordance|1200432|sample|10|PVO.4|5024,5,0.0380949,8,10,1,0.0102091,0.00277249,0.0382389,0.0381648,-0.0230067,-0.0111809
704_VRC01_Concordance|1200432|sample|11|PVO.4|5024,0.0457247370827617,0.868454,1,11,1,0.0102322,0.00279584,0.693037,0.692701,2.18361,2.18882
704_VRC01_Concordance|1200432|sample|11|PVO.4|5024,0.1371742112482853,0.719452,2,11,1,0.0117293,0.00318533,0.656307,0.656243,0.828901,0.82983
704_VRC01_Concordance|1200432|sample|11|PVO.4|5024,0.411522633744856,0.42653,3,11,1,0.0117293,0.00318533,0.439741,0.439919,-0.255634,-0.258968
704_VRC01_Concordance|1200432|sample|11|PVO.4|5024,1.23456790123457,0.188591,4,11,1,0.0117293,0.00318533,0.192839,0.193141,-0.178876,-0.191315
704_VRC01_Concordance|1200432|sample|11|PVO.4|5024,3.7037037037037,0.036601,5,11,1,0.0117293,0.00318533,0.0373997,0.0375473,-0.129574,-0.153101
704_VRC01_Concordance|1200432|sample|11|PVO.4|5024,11.1111111111111,0.00789179,6,11,1,0.0117293,0.00318533,0.00425627,0.00426622,1.50558,1.50076
704_VRC01_Concordance|1200432|sample|11|PVO.4|5024,33.3333333333333,0.00133154,7,11,1,0.0117293,0.00318533,0.00318795,0.00318654,-0.809301,-0.808743
704_VRC01_Concordance|1200432|sample|11|PVO.4|5024,100,0.000389718,8,11,1,0.0102091,0.00277249,0.00277423,0.00277249,-1.06118,-1.0605
704_VRC01_Concordance|1200432|sample|12|PVO.4|5024,0.0457247370827617,0.755582,1,12,1,0.0102322,0.00279584,0.692917,0.690768,0.780185,0.809396
704_VRC01_Concordance|1200432|sample|12|PVO.4|5024,0.1371742112482853,0.635256,2,12,1,0.0102091,0.00277249,0.571141,0.567883,0.963509,1.01811
704_VRC01_Concordance|1200432|sample|12|PVO.4|5024,0.411522633744856,0.416203,3,12,1,0.0102091,0.00277249,0.382531,0.37833,0.744829,0.846661
704_VRC01_Concordance|1200432|sample|12|PVO.4|5024,1.23456790123457,0.135362,4,12,1,0.0102091,0.00277249,0.167621,0.16403,-1.54382,-1.39917
704_VRC01_Concordance|1200432|sample|12|PVO.4|5024,3.7037037037037,0.0341003,5,12,1,0.0102091,0.00277249,0.0324645,0.0311928,0.291818,0.532325
704_VRC01_Concordance|1200432|sample|12|PVO.4|5024,11.1111111111111,0.00308527,6,12,1,0.0102091,0.00277249,0.00369942,0.00362189,-0.26115,-0.229038
704_VRC01_Concordance|1200432|sample|12|PVO.4|5024,33.3333333333333,0.000292288,7,12,1,0.0102091,0.00277249,0.00277524,0.00277336,-1.10493,-1.10419
704_VRC01_Concordance|1200432|sample|12|PVO.4|5024,100,0.000292288,8,12,1,0.0102091,0.00277249,0.00277423,0.00277249,-1.10453,-1.10386
704_VRC01_Concordance|1200432|sample|3|PVO.4|5024,0.0457247370827617,0.931426,1,3,1,0.0102322,0.00279584,0.670014,0.665476,3.36312,3.44424
704_VRC01_Concordance|1200432|sample|3|PVO.4|5024,0.1371742112482853,0.65242,2,3,1,0.0117293,0.00318533,0.611829,0.603812,0.570524,0.69203
704_VRC01_Concordance|1200432|sample|3|PVO.4|5024,0.411522633744856,0.404284,3,3,1,0.0121594,0.00330215,0.39419,0.383932,0.216948,0.448612
704_VRC01_Concordance|1200432|sample|3|PVO.4|5024,1.23456790123457,0.116071,4,3,1,0.0121594,0.00330215,0.148671,0.140996,-1.73851,-1.39374
704_VRC01_Concordance|1200432|sample|3|PVO.4|5024,3.7037037037037,0.0223763,5,3,1,0.0121594,0.00330215,0.0224632,0.0204761,-0.0194177,0.447143
704_VRC01_Concordance|1200432|sample|3|PVO.4|5024,11.1111111111111,0.00337756,6,3,1,0.0121594,0.00330215,0.00362717,0.0035636,-0.106513,-0.0796304
704_VRC01_Concordance|1200432|sample|3|PVO.4|5024,33.3333333333333,0.00295536,7,3,1,0.0117293,0.00318533,0.00318688,0.00318541,-0.100937,-0.100301
704_VRC01_Concordance|1200432|sample|3|PVO.4|5024,100,0.00168878,8,3,1,0.0102091,0.00277249,0.00277423,0.00277249,-0.483057,-0.482327
704_VRC01_Concordance|1200432|sample|4|PVO.4|5024,0.0457247370827617,0.855821,1,4,1,0.0102322,0.00279584,0.707705,0.71002,1.80644,1.77255
704_VRC01_Concordance|1200432|sample|4|PVO.4|5024,0.1371742112482853,0.721108,2,4,1,0.0117293,0.00318533,0.685505,0.690797,0.447936,0.378516
704_VRC01_Concordance|1200432|sample|4|PVO.4|5024,0.411522633744856,0.572009,3,4,1,0.0121594,0.00330215,0.498741,0.507174,1.25559,1.09319
704_VRC01_Concordance|1200432|sample|4|PVO.4|5024,1.23456790123457,0.23966,4,4,1,0.0122811,0.00333521,0.242768,0.251412,-0.105725,-0.386894
704_VRC01_Concordance|1200432|sample|4|PVO.4|5024,3.7037037037037,0.0572236,5,4,1,0.0122811,0.00333521,0.0558884,0.0598829,0.161732,-0.305403
704_VRC01_Concordance|1200432|sample|4|PVO.4|5024,11.1111111111111,0.00779436,6,4,1,0.0121594,0.00330215,0.00569741,0.00608049,0.813487,0.653881
704_VRC01_Concordance|1200432|sample|4|PVO.4|5024,33.3333333333333,0.0027605,7,4,1,0.0117293,0.00318533,0.00319201,0.00319235,-0.188077,-0.188222
704_VRC01_Concordance|1200432|sample|4|PVO.4|5024,100,0.00116915,8,4,1,0.0102091,0.00277249,0.00277423,0.00277249,-0.714305,-0.713594
704_VRC01_Concordance|1200432|sample|5|PVO.4|5024,0.002286236854138,0.883215,1,5,1,0.194561,0.188814,0.812436,0.812114,0.754237,0.757966
704_VRC01_Concordance|1200432|sample|5|PVO.4|5024,0.0068587105624142,0.89653,2,5,1,0.0550686,0.0469243,0.913581,0.913611,-0.161957,-0.162232
704_VRC01_Concordance|1200432|sample|5|PVO.4|5024,0.0205761316872428,0.878603,3,5,1,0.0139608,0.00512024,0.905755,0.906495,-0.260083,-0.266959
704_VRC01_Concordance|1200432|sample|5|PVO.4|5024,0.0617283950617284,0.790088,4,5,1,0.0122843,0.00333843,0.833987,0.835717,-0.455954,-0.472964
704_VRC01_Concordance|1200432|sample|5|PVO.4|5024,0.1851851851851852,0.721465,5,5,1,0.0122811,0.00333521,0.688208,0.691277,0.416828,0.376716
704_VRC01_Concordance|1200432|sample|5|PVO.4|5024,0.5555555555555556,0.483543,6,5,1,0.0121594,0.00330215,0.457509,0.461781,0.484895,0.401702
704_VRC01_Concordance|1200432|sample|5|PVO.4|5024,1.66666666666667,0.199503,7,5,1,0.0117293,0.00318533,0.19436,0.198136,0.21502,0.0561299
704_VRC01_Concordance|1200432|sample|5|PVO.4|5024,5,0.0347498,8,5,1,0.0102091,0.00277249,0.0330484,0.0343106,0.299988,0.075545
704_VRC01_Concordance|1200432|sample|6|PVO.4|5024,0.002286236854138,0.994382,1,6,1,0.194561,0.188814,0.813483,0.813392,1.9253,1.92647
704_VRC01_Concordance|1200432|sample|6|PVO.4|5024,0.0068587105624142,0.986474,2,6,1,0.0550686,0.0469243,0.916034,0.916608,0.667294,0.661444
704_VRC01_Concordance|1200432|sample|6|PVO.4|5024,0.0205761316872428,0.991621,3,6,1,0.0139608,0.00512024,0.910827,0.9127,0.769678,0.750318
704_VRC01_Concordance|1200432|sample|6|PVO.4|5024,0.0617283950617284,0.869396,4,6,1,0.0122843,0.00333843,0.843737,0.847667,0.263489,0.222119
704_VRC01_Concordance|1200432|sample|6|PVO.4|5024,0.1851851851851852,0.779355,5,6,1,0.0122811,0.00333521,0.705033,0.711974,0.909795,0.816973
704_VRC01_Concordance|1200432|sample|6|PVO.4|5024,0.5555555555555556,0.468051,6,6,1,0.0121594,0.00330215,0.480969,0.490864,-0.229265,-0.396994
704_VRC01_Concordance|1200432|sample|6|PVO.4|5024,1.66666666666667,0.186123,7,6,1,0.0117293,0.00318533,0.215314,0.224539,-1.11031,-1.40543
704_VRC01_Concordance|1200432|sample|6|PVO.4|5024,5,0.0497215,8,6,1,0.0102091,0.00277249,0.0402249,0.0436684,1.4647,0.880675
704_VRC01_Concordance|1200432|sample|7|PVO.4|5024,0.0457247370827617,0.822711,1,7,1,0.0102322,0.00279584,0.687462,0.683668,1.69692,1.75397
704_VRC01_Concordance|1200432|sample|7|PVO.4|5024,0.1371742112482853,0.758505,2,7,1,0.0117293,0.00318533,0.645385,0.63859,1.50941,1.61666
704_VRC01_Concordance|1200432|sample|7|PVO.4|5024,0.411522633744856,0.445919,3,7,1,0.0121594,0.00330215,0.4402,0.431039,0.110545,0.293519
704_VRC01_Concordance|1200432|sample|7|PVO.4|5024,1.23456790123457,0.173424,4,7,1,0.0122811,0.00333521,0.188009,0.18022,-0.628578,-0.304449
704_VRC01_Concordance|1200432|sample|7|PVO.4|5024,3.7037037037037,0.0308202,5,7,1,0.0122811,0.00333521,0.0342332,0.0316519,-0.587851,-0.15084
704_VRC01_Concordance|1200432|sample|7|PVO.4|5024,11.1111111111111,0.00402709,6,7,1,0.0121594,0.00330215,0.00412783,0.00399619,-0.0419747,0.012954
704_VRC01_Concordance|1200432|sample|7|PVO.4|5024,33.3333333333333,0.00243574,7,7,1,0.0117293,0.00318533,0.00318744,0.00318581,-0.327712,-0.327029
704_VRC01_Concordance|1200432|sample|7|PVO.4|5024,100,0.00113668,8,7,1,0.0102091,0.00277249,0.00277423,0.00277249,-0.728757,-0.728049
704_VRC01_Concordance|1200432|sample|8|PVO.4|5024,0.0457247370827617,0.796746,1,8,1,0.0102322,0.00279584,0.683874,0.690222,1.42341,1.33129
704_VRC01_Concordance|1200432|sample|8|PVO.4|5024,0.1371742112482853,0.73569,2,8,1,0.0117293,0.00318533,0.638408,0.651374,1.3119,1.115
704_VRC01_Concordance|1200432|sample|8|PVO.4|5024,0.411522633744856,0.466265,3,8,1,0.0121594,0.00330215,0.430413,0.449078,0.708208,0.325905
704_VRC01_Concordance|1200432|sample|8|PVO.4|5024,1.23456790123457,0.184954,4,8,1,0.0122811,0.00333521,0.179574,0.195957,0.241793,-0.456561
704_VRC01_Concordance|1200432|sample|8|PVO.4|5024,3.7037037037037,0.0379325,5,8,1,0.0122811,0.00333521,0.0314207,0.0370342,1.18663,0.146717
704_VRC01_Concordance|1200432|sample|8|PVO.4|5024,11.1111111111111,0.00399461,6,8,1,0.0121594,0.00330215,0.00398454,0.00428503,0.00422503,-0.120109
704_VRC01_Concordance|1200432|sample|8|PVO.4|5024,33.3333333333333,0.00168878,7,8,1,0.0117293,0.00318533,0.00318723,0.00318627,-0.653273,-0.652884
704_VRC01_Concordance|1200432|sample|8|PVO.4|5024,100,0,8,8,1,0.0102091,0.00277249,0.00277423,0.00277249,-1.23461,-1.23395
704_VRC01_Concordance|1200432|sample|9|PVO.4|5024,0.002286236854138,0.844113,1,9,1,0.194561,0.188814,0.811564,0.811775,0.347214,0.34488
704_VRC01_Concordance|1200432|sample|9|PVO.4|5024,0.0068587105624142,0.938782,2,9,1,0.0550686,0.0469243,0.911539,0.912816,0.259328,0.246835
704_VRC01_Concordance|1200432|sample|9|PVO.4|5024,0.0205761316872428,0.856568,3,9,1,0.0139608,0.00512024,0.901543,0.904853,-0.432784,-0.46297
704_VRC01_Concordance|1200432|sample|9|PVO.4|5024,0.0617283950617284,0.895653,4,9,1,0.0122843,0.00333843,0.825936,0.83257,0.731036,0.656304
704_VRC01_Concordance|1200432|sample|9|PVO.4|5024,0.1851851851851852,0.785119,5,9,1,0.0122811,0.00333521,0.674476,0.685881,1.41426,1.24791
704_VRC01_Concordance|1200432|sample|9|PVO.4|5024,0.5555555555555556,0.449345,6,9,1,0.0121594,0.00330215,0.438821,0.454352,0.204052,-0.0938875
704_VRC01_Concordance|1200432|sample|9|PVO.4|5024,1.66666666666667,0.160499,7,9,1,0.0117293,0.00318533,0.178479,0.191672,-0.812728,-1.31998
704_VRC01_Concordance|1200432|sample|9|PVO.4|5024,5,0.0365685,8,9,1,0.0102091,0.00277249,0.0281328,0.0322101,1.64897,0.781499
704_VRC01_Concordance|1200432|vc|1|2|PVO.4|5024,0,0.927366,1,2,1,0.828042,0.828042,0.828561,0.828042,1.03283,1.03889
704_VRC01_Concordance|1200432|vc|2|2|PVO.4|5024,0,0.913369,2,2,1,0.951342,0.951342,0.951772,0.951342,-0.350383,-0.346617
704_VRC01_Concordance|1200432|vc|3|2|PVO.4|5024,0,1,3,2,1,0.951342,0.951342,0.951772,0.951342,0.440024,0.444141
704_VRC01_Concordance|1200432|vc|4|2|PVO.4|5024,0,0.936054,4,2,1,0.951342,0.951342,0.951772,0.951342,-0.143411,-0.139553
704_VRC01_Concordance|1200432|vc|5|2|PVO.4|5024,0,0.990712,5,2,1,0.951342,0.951342,0.951772,0.951342,0.355279,0.359359
704_VRC01_Concordance|1200432|vc|6|2|PVO.4|5024,0,0.919832,6,2,1,0.951342,0.951342,0.951772,0.951342,-0.291418,-0.287625
704_VRC01_Concordance|1200432|vc|7|2|PVO.4|5024,0,0.864589,7,2,1,0.951342,0.951342,0.951772,0.951342,-0.795441,-0.791872
704_VRC01_Concordance|1200432|vc|8|2|PVO.4|5024,0,0.869461,8,2,1,0.828042,0.828042,0.828561,0.828042,0.427534,0.433219
