id,time,rlu_norm,plate_row,plate_col,virus_cc,popPred_medianCOV,popPred,indivPred_SAEM,indivPred_mode,indWRes_SAEM,indWRes_mode
130_bNAb_Combinations|1313842|cc|1|1|nan|2946,0,0.00107969,1,1,0,0,0,0,0,0.583908,0.583908
130_bNAb_Combinations|1313842|cc|2|1|nan|2946,0,0.000918885,2,1,0,0,0,0,0,0.496943,0.496943
130_bNAb_Combinations|1313842|cc|3|1|nan|2946,0,0.00110266,3,1,0,0,0,0,0,0.596332,0.596332
130_bNAb_Combinations|1313842|cc|4|1|nan|2946,0,0.00133238,4,1,0,0,0,0,0,0.720568,0.720568
130_bNAb_Combinations|1313842|cc|5|1|nan|2946,0,0.00153913,5,1,0,0,0,0,0,0.83238,0.83238
130_bNAb_Combinations|1313842|cc|6|1|nan|2946,0,0.00149319,6,1,0,0,0,0,0,0.807533,0.807533
130_bNAb_Combinations|1313842|cc|7|1|nan|2946,0,0.00149319,7,1,0,0,0,0,0,0.807533,0.807533
130_bNAb_Combinations|1313842|cc|8|1|nan|2946,0,0.000826997,8,1,0,0,0,0,0,0.447249,0.447249
130_bNAb_Combinations|1313842|sample|10|nan|2946,0.0003648,0.782305,1,10,1,0.830893,0.816179,0.821101,0.820038,-0.469978,-0.457679
130_bNAb_Combinations|1313842|sample|10|nan|2946,0.001824,0.882187,2,10,1,0.923122,0.876475,0.892774,0.891775,-0.118157,-0.10713
130_bNAb_Combinations|1313842|sample|10|nan|2946,0.00912,0.889573,3,10,1,0.961471,0.828651,0.882141,0.879782,0.0839358,0.11086
130_bNAb_Combinations|1313842|sample|10|nan|2946,0.0456,0.751223,4,10,1,0.9333,0.6183,0.759008,0.754716,-0.101837,-0.0459403
130_bNAb_Combinations|1313842|sample|10|nan|2946,0.228,0.542866,5,10,1,0.731943,0.26402,0.50803,0.502925,0.672772,0.778904
130_bNAb_Combinations|1313842|sample|10|nan|2946,1.14,0.150628,6,10,1,0.101041,0.0243955,0.174597,0.172419,-1.26094,-1.15941
130_bNAb_Combinations|1313842|sample|10|nan|2946,5.7,0.0141738,7,10,1,0.000410163,0.00272482,0.0112942,0.0112819,0.973118,0.977685
130_bNAb_Combinations|1313842|sample|10|nan|2946,28.5,0.000252693,8,10,1,0.000369009,0.0024379,0.00171015,0.00164087,-0.722532,-0.690516
130_bNAb_Combinations|1313842|sample|11|nan|2946,0.0003712,0.787795,1,11,1,0.830892,0.816009,0.827118,0.826571,-0.472975,-0.466691
130_bNAb_Combinations|1313842|sample|11|nan|2946,0.001856,0.899692,2,11,1,0.923112,0.875941,0.908588,0.908839,-0.0976012,-0.100321
130_bNAb_Combinations|1313842|sample|11|nan|2946,0.00928,0.943259,3,11,1,0.919683,0.791307,0.879228,0.879406,0.72546,0.723295
130_bNAb_Combinations|1313842|sample|11|nan|2946,0.0464,0.770876,4,11,1,0.892126,0.58843,0.795516,0.795602,-0.307866,-0.308907
130_bNAb_Combinations|1313842|sample|11|nan|2946,0.2319999999999999,0.591682,5,11,1,0.69576,0.24881,0.586607,0.586729,0.0852786,0.0832234
130_bNAb_Combinations|1313842|sample|11|nan|2946,1.16,0.238543,6,11,1,0.0917985,0.0224481,0.232378,0.232784,0.249694,0.232892
130_bNAb_Combinations|1313842|sample|11|nan|2946,5.8,0.0150238,7,11,1,0.000410159,0.00272302,0.0147001,0.0148912,0.0982719,0.0400275
130_bNAb_Combinations|1313842|sample|11|nan|2946,29,0,8,11,1,0.000369009,0.0024379,0.000801822,0.000858544,-0.415909,-0.444046
130_bNAb_Combinations|1313842|sample|12|nan|2946,0.0003712,0.726907,1,12,1,0.830892,0.816009,0.822947,0.823289,-1.16087,-1.16453
130_bNAb_Combinations|1313842|sample|12|nan|2946,0.001856,0.725805,2,12,1,0.830514,0.788077,0.807937,0.80959,-1.01079,-1.02908
130_bNAb_Combinations|1313842|sample|12|nan|2946,0.00928,0.699823,3,12,1,0.827429,0.711933,0.767597,0.772323,-0.876871,-0.932412
130_bNAb_Combinations|1313842|sample|12|nan|2946,0.0464,0.628667,4,12,1,0.802637,0.529406,0.665656,0.676593,-0.54985,-0.701224
130_bNAb_Combinations|1313842|sample|12|nan|2946,0.2319999999999999,0.46638,5,12,1,0.625968,0.223852,0.447921,0.466712,0.402402,-0.00695456
130_bNAb_Combinations|1313842|sample|12|nan|2946,1.16,0.173084,6,12,1,0.0825901,0.0201964,0.149349,0.165105,1.43607,0.441396
130_bNAb_Combinations|1313842|sample|12|nan|2946,5.8,0.0100848,7,12,1,0.000369016,0.00244988,0.00805274,0.0101221,0.769554,-0.0131128
130_bNAb_Combinations|1313842|sample|12|nan|2946,29,0.00119455,8,12,1,0.000369009,0.0024379,0.0010972,0.00132123,0.0497462,-0.0640145
130_bNAb_Combinations|1313842|sample|3|nan|2946,0.000064,0.866394,1,3,1,0.830939,0.82629,0.830642,0.83014,0.428238,0.434502
130_bNAb_Combinations|1313842|sample|3|nan|2946,0.00032,0.944316,2,3,1,0.923542,0.908536,0.92053,0.92095,0.257637,0.252973
130_bNAb_Combinations|1313842|sample|3|nan|2946,0.0016,0.961051,3,3,1,0.965052,0.920223,0.956622,0.957411,0.0461983,0.037931
130_bNAb_Combinations|1313842|sample|3|nan|2946,0.008,0.986159,4,3,1,0.962098,0.83929,0.940423,0.942173,0.485132,0.465721
130_bNAb_Combinations|1313842|sample|3|nan|2946,0.04,0.882578,5,3,1,0.938285,0.641715,0.894388,0.899153,-0.131581,-0.183716
130_bNAb_Combinations|1313842|sample|3|nan|2946,0.2,0.77709,6,3,1,0.764503,0.294045,0.771877,0.784751,0.0670843,-0.0970085
130_bNAb_Combinations|1313842|sample|3|nan|2946,1,0.473111,7,3,1,0.137661,0.0310105,0.480194,0.50534,-0.144422,-0.625622
130_bNAb_Combinations|1313842|sample|3|nan|2946,5,0.151731,8,3,1,0.00036918,0.00247176,0.127502,0.144803,1.68489,0.430844
130_bNAb_Combinations|1313842|sample|4|nan|2946,0.000064,0.844789,1,4,1,0.830939,0.82629,0.829965,0.829834,0.177693,0.1793
130_bNAb_Combinations|1313842|sample|4|nan|2946,0.00032,0.96429,2,4,1,0.923542,0.908536,0.918741,0.920097,0.494318,0.4789
130_bNAb_Combinations|1313842|sample|4|nan|2946,0.0016,0.942363,3,4,1,0.965052,0.920223,0.952315,0.95523,-0.104272,-0.134408
130_bNAb_Combinations|1313842|sample|4|nan|2946,0.008,0.926512,4,4,1,0.980958,0.855739,0.949412,0.955395,-0.24064,-0.301658
130_bNAb_Combinations|1313842|sample|4|nan|2946,0.04,0.878374,5,4,1,0.956678,0.654291,0.893376,0.905248,-0.167333,-0.295905
130_bNAb_Combinations|1313842|sample|4|nan|2946,0.2,0.73798,6,4,1,0.764503,0.294045,0.743678,0.763368,-0.0760379,-0.330248
130_bNAb_Combinations|1313842|sample|4|nan|2946,1,0.443512,7,4,1,0.137661,0.0310105,0.457817,0.478541,-0.305384,-0.71662
130_bNAb_Combinations|1313842|sample|4|nan|2946,5,0.140934,8,4,1,0.00036918,0.00247176,0.126949,0.133054,0.976203,0.527947
130_bNAb_Combinations|1313842|sample|5|nan|2946,0.0006144,0.829983,1,5,1,0.830843,0.810128,0.824875,0.823593,0.0615996,0.0771825
130_bNAb_Combinations|1313842|sample|5|nan|2946,0.003072,0.89357,2,5,1,0.922666,0.857646,0.902792,0.901924,-0.101814,-0.092319
130_bNAb_Combinations|1313842|sample|5|nan|2946,0.01536,0.91946,3,5,1,0.957593,0.777793,0.906093,0.906257,0.147041,0.14521
130_bNAb_Combinations|1313842|sample|5|nan|2946,0.0768,0.844513,4,5,1,0.920677,0.524228,0.824743,0.831979,0.238463,0.149896
130_bNAb_Combinations|1313842|sample|5|nan|2946,0.384,0.634686,5,5,1,0.569823,0.158066,0.602873,0.63183,0.52065,0.0446629
130_bNAb_Combinations|1313842|sample|5|nan|2946,1.92,0.273162,6,5,1,0.0116249,0.00732758,0.263065,0.311788,0.364451,-1.18877
130_bNAb_Combinations|1313842|sample|5|nan|2946,9.6,0.101927,7,5,1,0.000410152,0.00270987,0.0720711,0.0880671,3.34245,1.31945
130_bNAb_Combinations|1313842|sample|5|nan|2946,48,0.049482,8,5,1,0.000369009,0.0024379,0.0534324,0.054185,-0.556351,-0.655519
130_bNAb_Combinations|1313842|sample|6|nan|2946,0.0006144,0.807137,1,6,1,0.830843,0.810128,0.825865,0.823641,-0.225584,-0.199323
130_bNAb_Combinations|1313842|sample|6|nan|2946,0.003072,0.913073,2,6,1,0.922666,0.857646,0.906899,0.903188,0.0678659,0.109095
130_bNAb_Combinations|1313842|sample|6|nan|2946,0.01536,0.905757,3,6,1,0.957593,0.777793,0.920531,0.912486,-0.160034,-0.0735174
130_bNAb_Combinations|1313842|sample|6|nan|2946,0.0768,0.884312,4,6,1,0.920677,0.524228,0.868903,0.853818,0.176622,0.355554
130_bNAb_Combinations|1313842|sample|6|nan|2946,0.384,0.63016,5,6,1,0.569823,0.158066,0.709976,0.68874,-1.11431,-0.842381
130_bNAb_Combinations|1313842|sample|6|nan|2946,1.92,0.318692,6,6,1,0.0116249,0.00732758,0.41565,0.399537,-2.27065,-1.96622
130_bNAb_Combinations|1313842|sample|6|nan|2946,9.6,0.14291,7,6,1,0.000410152,0.00270987,0.126582,0.124237,1.14262,1.32814
130_bNAb_Combinations|1313842|sample|6|nan|2946,48,0.0423376,8,6,1,0.000369009,0.0024379,0.0457594,0.0437162,-0.539165,-0.22432
130_bNAb_Combinations|1313842|sample|7|nan|2946,0.0000768,0.796949,1,7,1,0.830938,0.82569,0.829133,0.828648,-0.386177,-0.380573
130_bNAb_Combinations|1313842|sample|7|nan|2946,0.000384,1,2,7,1,0.923529,0.906611,0.915658,0.91619,0.918335,0.912014
130_bNAb_Combinations|1313842|sample|7|nan|2946,0.00192,0.911982,3,7,1,0.964941,0.914543,0.941917,0.943234,-0.31703,-0.330516
130_bNAb_Combinations|1313842|sample|7|nan|2946,0.0096,0.8727,4,7,1,0.980037,0.840422,0.916572,0.920255,-0.477221,-0.515252
130_bNAb_Combinations|1313842|sample|7|nan|2946,0.048,0.846259,5,7,1,0.949365,0.620751,0.799315,0.810209,0.583821,0.442451
130_bNAb_Combinations|1313842|sample|7|nan|2946,0.24,0.530266,6,7,1,0.718045,0.252467,0.5255,0.550241,0.0890835,-0.357155
130_bNAb_Combinations|1313842|sample|7|nan|2946,1.2,0.187832,7,7,1,0.082736,0.0207965,0.157591,0.183633,1.74422,0.211027
130_bNAb_Combinations|1313842|sample|7|nan|2946,6,0.0118536,8,7,1,0.000369012,0.00244721,0.00764007,0.0113358,1.62062,0.174743
130_bNAb_Combinations|1313842|sample|8|nan|2946,0.0000768,0.807666,1,8,1,0.830938,0.82569,0.827684,0.828864,-0.240616,-0.254447
130_bNAb_Combinations|1313842|sample|8|nan|2946,0.000384,0.9013,2,8,1,0.923529,0.906611,0.911839,0.91668,-0.115219,-0.167275
130_bNAb_Combinations|1313842|sample|8|nan|2946,0.00192,0.96043,3,8,1,0.964941,0.914543,0.932849,0.944068,0.294882,0.1729
130_bNAb_Combinations|1313842|sample|8|nan|2946,0.0096,0.907296,4,8,1,0.980037,0.840422,0.897216,0.920804,0.111957,-0.146275
130_bNAb_Combinations|1313842|sample|8|nan|2946,0.048,0.786233,5,8,1,0.949365,0.620751,0.765339,0.806941,0.271106,-0.255157
130_bNAb_Combinations|1313842|sample|8|nan|2946,0.24,0.560359,6,8,1,0.718045,0.252467,0.487628,0.535041,1.46121,0.465115
130_bNAb_Combinations|1313842|sample|8|nan|2946,1.2,0.163389,7,8,1,0.082736,0.0207965,0.147019,0.163801,1.0044,-0.0229184
130_bNAb_Combinations|1313842|sample|8|nan|2946,6,0.0142427,8,8,1,0.000369012,0.00244721,0.0108503,0.0135664,1.16361,0.212507
130_bNAb_Combinations|1313842|sample|9|nan|2946,0.0003648,0.848418,1,9,1,0.830893,0.816179,0.824278,0.822802,0.291331,0.309687
130_bNAb_Combinations|1313842|sample|9|nan|2946,0.001824,0.929671,2,9,1,0.923122,0.876475,0.899943,0.898274,0.32922,0.348338
130_bNAb_Combinations|1313842|sample|9|nan|2946,0.00912,0.902196,3,9,1,0.961471,0.828651,0.89506,0.892693,0.079448,0.106076
130_bNAb_Combinations|1313842|sample|9|nan|2946,0.0456,0.850118,4,9,1,0.951595,0.630418,0.788619,0.789328,0.774967,0.765358
130_bNAb_Combinations|1313842|sample|9|nan|2946,0.228,0.545806,5,9,1,0.746291,0.269195,0.513471,0.528542,0.61809,0.320919
130_bNAb_Combinations|1313842|sample|9|nan|2946,1.14,0.154396,6,9,1,0.101041,0.0243955,0.14395,0.168396,0.652987,-0.7609
130_bNAb_Combinations|1313842|sample|9|nan|2946,5.7,0.0108658,7,9,1,0.000410163,0.00272482,0.00587374,0.00854628,2.05743,0.862595
130_bNAb_Combinations|1313842|sample|9|nan|2946,28.5,0.000413498,8,9,1,0.000369009,0.0024379,0.00229938,0.0017365,-0.908828,-0.655034
130_bNAb_Combinations|1313842|vc|1|2|nan|2946,0,0.842836,1,2,1,0.830945,0.830961,0.831488,0.830961,0.135792,0.142187
130_bNAb_Combinations|1313842|vc|2|2|nan|2946,0,0.947647,2,2,1,0.923591,0.923605,0.92329,0.923605,0.263046,0.259559
130_bNAb_Combinations|1313842|vc|3|2|nan|2946,0,0.949806,3,2,1,0.923591,0.923605,0.92329,0.923605,0.286368,0.282872
130_bNAb_Combinations|1313842|vc|4|2|nan|2946,0,0.93376,4,2,1,0.923591,0.923605,0.92329,0.923605,0.113071,0.109633
130_bNAb_Combinations|1313842|vc|5|2|nan|2946,0,0.949576,5,2,1,0.923591,0.923605,0.92329,0.923605,0.283887,0.280392
130_bNAb_Combinations|1313842|vc|6|2|nan|2946,0,0.978843,6,2,1,0.923591,0.923605,0.92329,0.923605,0.599964,0.596363
130_bNAb_Combinations|1313842|vc|7|2|nan|2946,0,0.900864,7,2,1,0.923591,0.923605,0.92329,0.923605,-0.242206,-0.245525
130_bNAb_Combinations|1313842|vc|8|2|nan|2946,0,0.690864,8,2,1,0.830945,0.830961,0.831488,0.830961,-1.6827,-1.67744
130_bNAb_Combinations|1313860|cc|1|1|PVO.4|5024,0,0.000722109,1,1,0,0,0,0,0,0.390524,0.390524
130_bNAb_Combinations|1313860|cc|2|1|PVO.4|5024,0,0.000902636,2,1,0,0,0,0,0,0.488155,0.488155
130_bNAb_Combinations|1313860|cc|3|1|PVO.4|5024,0,0.0011634,3,1,0,0,0,0,0,0.629178,0.629178
130_bNAb_Combinations|1313860|cc|4|1|PVO.4|5024,0,0.00162474,4,1,0,0,0,0,0,0.878679,0.878679
130_bNAb_Combinations|1313860|cc|5|1|PVO.4|5024,0,0.00138404,5,1,0,0,0,0,0,0.748504,0.748504
130_bNAb_Combinations|1313860|cc|6|1|PVO.4|5024,0,0.0016448,6,1,0,0,0,0,0,0.889527,0.889527
130_bNAb_Combinations|1313860|cc|7|1|PVO.4|5024,0,0.00178521,7,1,0,0,0,0,0,0.965462,0.965462
130_bNAb_Combinations|1313860|cc|8|1|PVO.4|5024,0,0.00148433,8,1,0,0,0,0,0,0.802744,0.802744
130_bNAb_Combinations|1313860|sample|10|PVO.4|5024,0.0003648,0.940566,1,10,1,0.830893,0.816156,0.820303,0.81986,1.45825,1.46439
130_bNAb_Combinations|1313860|sample|10|PVO.4|5024,0.001824,0.927278,2,10,1,0.923122,0.876458,0.885687,0.887001,0.467851,0.452415
130_bNAb_Combinations|1313860|sample|10|PVO.4|5024,0.00912,0.889708,3,10,1,0.961471,0.828641,0.849293,0.854812,0.473689,0.40642
130_bNAb_Combinations|1313860|sample|10|PVO.4|5024,0.0456,0.686274,4,10,1,0.9333,0.618293,0.651546,0.669215,0.527101,0.252264
130_bNAb_Combinations|1313860|sample|10|PVO.4|5024,0.228,0.317477,5,10,1,0.731943,0.264017,0.288842,0.320575,0.946998,-0.0928784
130_bNAb_Combinations|1313860|sample|10|PVO.4|5024,1.14,0.0365267,6,10,1,0.101041,0.0243952,0.024684,0.0358254,2.77015,0.130589
130_bNAb_Combinations|1313860|sample|10|PVO.4|5024,5.7,0.000641874,7,10,1,0.000410163,0.00272477,0.00104999,0.00097059,-0.209045,-0.169052
130_bNAb_Combinations|1313860|sample|10|PVO.4|5024,28.5,0.000441289,8,10,1,0.000369009,0.00243783,0.000935648,0.000833346,-0.254689,-0.203035
130_bNAb_Combinations|1313860|sample|11|PVO.4|5024,0.0003712,0.89049,1,11,1,0.830892,0.815986,0.822626,0.819975,0.820618,0.855366
130_bNAb_Combinations|1313860|sample|11|PVO.4|5024,0.001856,0.925934,2,11,1,0.923112,0.875924,0.890984,0.885899,0.390853,0.450246
130_bNAb_Combinations|1313860|sample|11|PVO.4|5024,0.00928,0.859359,3,11,1,0.919683,0.791292,0.820051,0.810439,0.476781,0.600235
130_bNAb_Combinations|1313860|sample|11|PVO.4|5024,0.0464,0.674941,4,11,1,0.892126,0.588419,0.622148,0.61304,0.838035,0.996776
130_bNAb_Combinations|1313860|sample|11|PVO.4|5024,0.2319999999999999,0.244805,5,11,1,0.69576,0.248805,0.24847,0.255823,-0.139523,-0.408216
130_bNAb_Combinations|1313860|sample|11|PVO.4|5024,1.16,0.0178521,6,11,1,0.0917985,0.0224476,0.0126872,0.0173586,1.66825,0.138809
130_bNAb_Combinations|1313860|sample|11|PVO.4|5024,5.8,0.00070205,7,11,1,0.000410159,0.00272297,0.00102932,0.000893383,-0.167809,-0.0987841
130_bNAb_Combinations|1313860|sample|11|PVO.4|5024,29,0.000160469,8,11,1,0.000369009,0.00243783,0.000926517,0.000800782,-0.394843,-0.332151
130_bNAb_Combinations|1313860|sample|12|PVO.4|5024,0.0003712,0.939283,1,12,1,0.830892,0.815986,0.825076,0.82406,1.37698,1.3909
130_bNAb_Combinations|1313860|sample|12|PVO.4|5024,0.001856,0.916777,2,12,1,0.830514,0.788055,0.808482,0.806966,1.33189,1.35302
130_bNAb_Combinations|1313860|sample|12|PVO.4|5024,0.00928,0.891313,3,12,1,0.827429,0.711913,0.75094,0.749533,1.85547,1.87749
130_bNAb_Combinations|1313860|sample|12|PVO.4|5024,0.0464,0.651633,4,12,1,0.802637,0.529391,0.574278,0.577957,1.32705,1.25615
130_bNAb_Combinations|1313860|sample|12|PVO.4|5024,0.2319999999999999,0.224295,5,12,1,0.625968,0.223846,0.21709,0.231741,0.310757,-0.302385
130_bNAb_Combinations|1313860|sample|12|PVO.4|5024,1.16,0.00968829,6,12,1,0.0825901,0.0201958,0.00702806,0.0100125,1.04741,-0.114423
130_bNAb_Combinations|1313860|sample|12|PVO.4|5024,5.8,0.000661933,7,12,1,0.000369016,0.00244981,0.000678976,0.000729698,-0.008896,-0.0352797
130_bNAb_Combinations|1313860|sample|12|PVO.4|5024,29,0,8,12,1,0.000369009,0.00243783,0.000678955,0.000729569,-0.354397,-0.379829
130_bNAb_Combinations|1313860|sample|3|PVO.4|5024,0.000064,0.942953,1,3,1,0.830939,0.826267,0.830994,0.830276,1.34048,1.35022
130_bNAb_Combinations|1313860|sample|3|PVO.4|5024,0.00032,0.869078,2,3,1,0.923542,0.908519,0.921566,0.921311,-0.567912,-0.565308
130_bNAb_Combinations|1313860|sample|3|PVO.4|5024,0.0016,0.85281,3,3,1,0.965052,0.920212,0.959248,0.958107,-1.10726,-1.09667
130_bNAb_Combinations|1313860|sample|3|PVO.4|5024,0.008,0.886438,4,3,1,0.962098,0.83928,0.946158,0.942841,-0.629682,-0.596765
130_bNAb_Combinations|1313860|sample|3|PVO.4|5024,0.04,0.784701,5,3,1,0.938285,0.641707,0.904582,0.897055,-1.32094,-1.24817
130_bNAb_Combinations|1313860|sample|3|PVO.4|5024,0.2,0.757893,6,3,1,0.764503,0.294041,0.781006,0.768834,-0.294023,-0.141327
130_bNAb_Combinations|1313860|sample|3|PVO.4|5024,1,0.495868,7,3,1,0.137661,0.0310099,0.462724,0.45634,0.700316,0.846437
130_bNAb_Combinations|1313860|sample|3|PVO.4|5024,5,0.0938942,8,3,1,0.00036918,0.00247169,0.0893945,0.0948822,0.423095,-0.0884229
130_bNAb_Combinations|1313860|sample|4|PVO.4|5024,0.000064,0.963754,1,4,1,0.830939,0.826267,0.830496,0.830194,1.59643,1.60062
130_bNAb_Combinations|1313860|sample|4|PVO.4|5024,0.00032,0.848879,2,4,1,0.923542,0.908519,0.920112,0.921078,-0.771922,-0.78158
130_bNAb_Combinations|1313860|sample|4|PVO.4|5024,0.0016,0.847455,3,4,1,0.965052,0.920212,0.955385,0.957513,-1.12724,-1.14696
130_bNAb_Combinations|1313860|sample|4|PVO.4|5024,0.008,0.867142,4,4,1,0.980958,0.855733,0.955333,0.959963,-0.92113,-0.964904
130_bNAb_Combinations|1313860|sample|4|PVO.4|5024,0.04,0.805653,5,4,1,0.956678,0.654287,0.90188,0.91203,-1.06343,-1.16277
130_bNAb_Combinations|1313860|sample|4|PVO.4|5024,0.2,0.707095,6,4,1,0.764503,0.294041,0.746756,0.765614,-0.527112,-0.759047
130_bNAb_Combinations|1313860|sample|4|PVO.4|5024,1,0.503972,7,4,1,0.137661,0.0310099,0.434985,0.456867,1.54677,1.00757
130_bNAb_Combinations|1313860|sample|4|PVO.4|5024,5,0.0983672,8,4,1,0.00036918,0.00247169,0.0935389,0.0993175,0.437251,-0.0818428
130_bNAb_Combinations|1313860|sample|5|PVO.4|5024,0.0006144,0.899286,1,5,1,0.830843,0.810105,0.826328,0.824872,0.878348,0.897413
130_bNAb_Combinations|1313860|sample|5|PVO.4|5024,0.003072,0.907339,2,5,1,0.922666,0.857629,0.907215,0.905137,0.00137195,0.024248
130_bNAb_Combinations|1313860|sample|5|PVO.4|5024,0.01536,0.855779,3,5,1,0.957593,0.777784,0.918304,0.913269,-0.67886,-0.627571
130_bNAb_Combinations|1313860|sample|5|PVO.4|5024,0.0768,0.837576,4,5,1,0.920677,0.524224,0.855016,0.844695,-0.203071,-0.0838818
130_bNAb_Combinations|1313860|sample|5|PVO.4|5024,0.384,0.66436,5,5,1,0.569823,0.158065,0.661075,0.645994,0.0491615,0.281079
130_bNAb_Combinations|1313860|sample|5|PVO.4|5024,1.92,0.280479,6,5,1,0.0116249,0.0073275,0.31358,0.303593,-1.01325,-0.729457
130_bNAb_Combinations|1313860|sample|5|PVO.4|5024,9.6,0.0437879,7,5,1,0.000410152,0.00270982,0.039993,0.0406749,0.656592,0.532434
130_bNAb_Combinations|1313860|sample|5|PVO.4|5024,48,0.00302884,8,5,1,0.000369009,0.00243783,0.00197551,0.00305137,0.515525,-0.0104838
130_bNAb_Combinations|1313860|sample|6|PVO.4|5024,0.0006144,0.902947,1,6,1,0.830843,0.810105,0.826974,0.826189,0.913937,0.92424
130_bNAb_Combinations|1313860|sample|6|PVO.4|5024,0.003072,1,2,6,1,0.922666,0.857629,0.908457,0.908241,1.00447,1.00708
130_bNAb_Combinations|1313860|sample|6|PVO.4|5024,0.01536,0.888003,3,6,1,0.957593,0.777784,0.919545,0.919307,-0.342014,-0.339519
130_bNAb_Combinations|1313860|sample|6|PVO.4|5024,0.0768,0.842731,4,6,1,0.920677,0.524224,0.851844,0.853053,-0.106498,-0.120456
130_bNAb_Combinations|1313860|sample|6|PVO.4|5024,0.384,0.660529,5,6,1,0.569823,0.158065,0.639607,0.647814,0.323308,0.194063
130_bNAb_Combinations|1313860|sample|6|PVO.4|5024,1.92,0.278232,6,6,1,0.0116249,0.0073275,0.267235,0.28494,0.391175,-0.224672
130_bNAb_Combinations|1313860|sample|6|PVO.4|5024,9.6,0.029446,7,6,1,0.000410152,0.00270982,0.0216701,0.0280327,1.95428,0.30695
130_bNAb_Combinations|1313860|sample|6|PVO.4|5024,48,0.00204597,8,6,1,0.000369009,0.00243783,0.00176199,0.00210066,0.140428,-0.0266065
130_bNAb_Combinations|1313860|sample|7|PVO.4|5024,0.0000768,0.964978,1,7,1,0.830938,0.825666,0.827692,0.8256,1.65012,1.67942
130_bNAb_Combinations|1313860|sample|7|PVO.4|5024,0.000384,0.899587,2,7,1,0.923529,0.906593,0.9106,0.906895,-0.120562,-0.0803255
130_bNAb_Combinations|1313860|sample|7|PVO.4|5024,0.00192,0.93161,3,7,1,0.964941,0.914532,0.925368,0.916893,0.0672701,0.16003
130_bNAb_Combinations|1313860|sample|7|PVO.4|5024,0.0096,0.845689,4,7,1,0.980037,0.840416,0.866147,0.850614,-0.235203,-0.0576365
130_bNAb_Combinations|1313860|sample|7|PVO.4|5024,0.048,0.647902,5,7,1,0.949365,0.620746,0.667698,0.651211,-0.293392,-0.0502469
130_bNAb_Combinations|1313860|sample|7|PVO.4|5024,0.24,0.298712,6,7,1,0.718045,0.252464,0.297449,0.300421,0.0406354,-0.0544772
130_bNAb_Combinations|1313860|sample|7|PVO.4|5024,1.2,0.0363862,7,7,1,0.082736,0.0207961,0.0271313,0.035213,2.04953,0.220951
130_bNAb_Combinations|1313860|sample|7|PVO.4|5024,6,0.00108316,8,7,1,0.000369012,0.00244714,0.00132975,0.00139925,-0.124554,-0.15911
130_bNAb_Combinations|1313860|sample|8|PVO.4|5024,0.0000768,0.950786,1,8,1,0.830938,0.825666,0.82516,0.825124,1.51451,1.51501
130_bNAb_Combinations|1313860|sample|8|PVO.4|5024,0.000384,0.92461,2,8,1,0.923529,0.906593,0.903964,0.905654,0.227649,0.208624
130_bNAb_Combinations|1313860|sample|8|PVO.4|5024,0.00192,0.843312,3,8,1,0.964941,0.914532,0.910063,0.914016,-0.731166,-0.771191
130_bNAb_Combinations|1313860|sample|8|PVO.4|5024,0.0096,0.847094,4,8,1,0.980037,0.840416,0.836134,0.844808,0.130433,0.0269294
130_bNAb_Combinations|1313860|sample|8|PVO.4|5024,0.048,0.634433,5,8,1,0.949365,0.620746,0.626093,0.642369,0.13158,-0.122137
130_bNAb_Combinations|1313860|sample|8|PVO.4|5024,0.24,0.29454,6,8,1,0.718045,0.252464,0.275506,0.293687,0.657996,0.02778
130_bNAb_Combinations|1313860|sample|8|PVO.4|5024,1.2,0.0356641,7,8,1,0.082736,0.0207961,0.0296036,0.0345608,1.27359,0.210323
130_bNAb_Combinations|1313860|sample|8|PVO.4|5024,6,0.00112328,8,8,1,0.000369012,0.00244714,0.00124778,0.00142206,-0.0631419,-0.150226
130_bNAb_Combinations|1313860|sample|9|PVO.4|5024,0.0003648,0.996159,1,9,1,0.830893,0.816156,0.81893,0.818847,2.15251,2.15373
130_bNAb_Combinations|1313860|sample|9|PVO.4|5024,0.001824,0.900911,2,9,1,0.923122,0.876458,0.882512,0.884257,0.207689,0.187634
130_bNAb_Combinations|1313860|sample|9|PVO.4|5024,0.00912,0.872167,3,9,1,0.961471,0.828641,0.843874,0.848453,0.333687,0.278202
130_bNAb_Combinations|1313860|sample|9|PVO.4|5024,0.0456,0.672464,4,9,1,0.951595,0.630414,0.660484,0.670879,0.179428,0.0233745
130_bNAb_Combinations|1313860|sample|9|PVO.4|5024,0.228,0.315531,5,9,1,0.746291,0.269193,0.301254,0.315831,0.453878,-0.00909903
130_bNAb_Combinations|1313860|sample|9|PVO.4|5024,1.14,0.0348417,6,9,1,0.101041,0.0243952,0.0294537,0.0341304,1.13579,0.136708
130_bNAb_Combinations|1313860|sample|9|PVO.4|5024,5.7,0.0010631,7,9,1,0.000410163,0.00272477,0.000835606,0.00117729,0.117802,-0.0581162
130_bNAb_Combinations|1313860|sample|9|PVO.4|5024,28.5,0.000762226,8,9,1,0.000369009,0.00243783,0.000727082,0.0010203,0.0182991,-0.132389
130_bNAb_Combinations|1313860|vc|1|2|PVO.4|5024,0,0.954858,1,2,1,0.830945,0.830937,0.831464,0.830937,1.47657,1.48379
130_bNAb_Combinations|1313860|vc|2|2|PVO.4|5024,0,0.902094,2,2,1,0.923591,0.923587,0.923272,0.923587,-0.228727,-0.232053
130_bNAb_Combinations|1313860|vc|3|2|PVO.4|5024,0,0.86299,3,2,1,0.923591,0.923587,0.923272,0.923587,-0.651058,-0.654243
130_bNAb_Combinations|1313860|vc|4|2|PVO.4|5024,0,0.843613,4,2,1,0.923591,0.923587,0.923272,0.923587,-0.860329,-0.863444
130_bNAb_Combinations|1313860|vc|5|2|PVO.4|5024,0,0.869359,5,2,1,0.923591,0.923587,0.923272,0.923587,-0.582276,-0.585484
130_bNAb_Combinations|1313860|vc|6|2|PVO.4|5024,0,0.81162,6,2,1,0.923591,0.923587,0.923272,0.923587,-1.20586,-1.20886
130_bNAb_Combinations|1313860|vc|7|2|PVO.4|5024,0,0.761714,7,2,1,0.923591,0.923587,0.923272,0.923587,-1.74485,-1.74767
130_bNAb_Combinations|1313860|vc|8|2|PVO.4|5024,0,0.747362,8,2,1,0.830945,0.830937,0.831464,0.830937,-1.00639,-1.00071
130_bNAb_Combinations|1313884|cc|1|1|nan|4168,0,0.000363452,1,1,0,0,0,0,0,0.196559,0.196559
130_bNAb_Combinations|1313884|cc|2|1|nan|4168,0,0.000879936,2,1,0,0,0,0,0,0.475879,0.475879
130_bNAb_Combinations|1313884|cc|3|1|nan|4168,0,0.000248678,3,1,0,0,0,0,0,0.134488,0.134488
130_bNAb_Combinations|1313884|cc|4|1|nan|4168,0,5.73872e-05,4,1,0,0,0,0,0,0.0310356,0.0310356
130_bNAb_Combinations|1313884|cc|5|1|nan|4168,0,0,5,1,0,0,0,0,0,0,0
130_bNAb_Combinations|1313884|cc|6|1|nan|4168,0,0.000325194,6,1,0,0,0,0,0,0.175868,0.175868
130_bNAb_Combinations|1313884|cc|7|1|nan|4168,0,0.000554743,7,1,0,0,0,0,0,0.300011,0.300011
130_bNAb_Combinations|1313884|cc|8|1|nan|4168,0,0.000248678,8,1,0,0,0,0,0,0.134488,0.134488
130_bNAb_Combinations|1313884|sample|10|nan|4168,0.0003648,0.774009,1,10,1,0.830893,0.816245,0.764134,0.777107,0.12833,-0.039598
130_bNAb_Combinations|1313884|sample|10|nan|4168,0.001824,0.732346,2,10,1,0.923122,0.876507,0.774827,0.797773,-0.544611,-0.815214
130_bNAb_Combinations|1313884|sample|10|nan|4168,0.00912,0.69975,3,10,1,0.961471,0.828666,0.672289,0.702459,0.404303,-0.0382036
130_bNAb_Combinations|1313884|sample|10|nan|4168,0.0456,0.452067,4,10,1,0.9333,0.618311,0.463178,0.489473,-0.234536,-0.748772
130_bNAb_Combinations|1313884|sample|10|nan|4168,0.228,0.221036,5,10,1,0.731943,0.264025,0.23412,0.245202,-0.526299,-0.931295
130_bNAb_Combinations|1313884|sample|10|nan|4168,1.14,0.135271,6,10,1,0.101041,0.0243959,0.101624,0.106306,2.84255,2.35541
130_bNAb_Combinations|1313884|sample|10|nan|4168,5.7,0.0867311,7,10,1,0.000410163,0.00272492,0.0746916,0.0818055,1.31007,0.498086
130_bNAb_Combinations|1313884|sample|10|nan|4168,28.5,0.0454124,8,10,1,0.000369009,0.00243809,0.0668413,0.0733856,-2.54547,-3.087
130_bNAb_Combinations|1313884|sample|11|nan|4168,0.0003712,0.771905,1,11,1,0.830892,0.816074,0.799959,0.803115,-0.348623,-0.386344
130_bNAb_Combinations|1313884|sample|11|nan|4168,0.001856,0.762522,2,11,1,0.923112,0.875973,0.838915,0.850979,-0.906194,-1.03475
130_bNAb_Combinations|1313884|sample|11|nan|4168,0.00928,0.738841,3,11,1,0.919683,0.791336,0.728358,0.758927,0.142747,-0.262784
130_bNAb_Combinations|1313884|sample|11|nan|4168,0.0464,0.560166,4,11,1,0.892126,0.588452,0.51382,0.57708,0.88533,-0.288806
130_bNAb_Combinations|1313884|sample|11|nan|4168,0.2319999999999999,0.294645,5,11,1,0.69576,0.248819,0.218453,0.300771,3.26733,-0.195026
130_bNAb_Combinations|1313884|sample|11|nan|4168,1.16,0.069228,6,11,1,0.0917985,0.0224489,0.0307421,0.067618,7.90184,0.189535
130_bNAb_Combinations|1313884|sample|11|nan|4168,5.8,0.0138494,7,11,1,0.000410159,0.00272312,0.006173,0.00931202,3.12587,1.64144
130_bNAb_Combinations|1313884|sample|11|nan|4168,29,0.00181726,8,11,1,0.000369009,0.00243809,0.0054477,0.00717684,-1.52252,-2.09814
130_bNAb_Combinations|1313884|sample|12|nan|4168,0.0003712,0.813233,1,12,1,0.830892,0.816074,0.806466,0.809735,0.0834386,0.0429654
130_bNAb_Combinations|1313884|sample|12|nan|4168,0.001856,0.742858,2,12,1,0.830514,0.78814,0.77082,0.777441,-0.360301,-0.441907
130_bNAb_Combinations|1313884|sample|12|nan|4168,0.00928,0.718258,3,12,1,0.827429,0.71199,0.689246,0.700326,0.416892,0.253702
130_bNAb_Combinations|1313884|sample|12|nan|4168,0.0464,0.538636,4,12,1,0.802637,0.529448,0.522792,0.535824,0.297638,0.0515882
130_bNAb_Combinations|1313884|sample|12|nan|4168,0.2319999999999999,0.244077,5,12,1,0.625968,0.22387,0.264913,0.270768,-0.747185,-0.937805
130_bNAb_Combinations|1313884|sample|12|nan|4168,1.16,0.0551873,6,12,1,0.0825901,0.020198,0.052643,0.0509527,0.36229,0.617577
130_bNAb_Combinations|1313884|sample|12|nan|4168,5.8,0.00767075,7,12,1,0.000369016,0.00245008,0.00622191,0.00681737,0.588821,0.338761
130_bNAb_Combinations|1313884|sample|12|nan|4168,29,0.00585349,8,12,1,0.000369009,0.00243809,0.00551633,0.00634415,0.140997,-0.198438
130_bNAb_Combinations|1313884|sample|3|nan|4168,0.000064,0.896254,1,3,1,0.830939,0.826356,0.831188,0.830778,0.778845,0.784137
130_bNAb_Combinations|1313884|sample|3|nan|4168,0.00032,0.883198,2,3,1,0.923542,0.90857,0.922085,0.922759,-0.420515,-0.427494
130_bNAb_Combinations|1313884|sample|3|nan|4168,0.0016,0.945425,3,3,1,0.965052,0.920239,0.961155,0.96257,-0.163316,-0.177759
130_bNAb_Combinations|1313884|sample|3|nan|4168,0.008,0.973478,4,3,1,0.962098,0.839304,0.953133,0.956241,0.212973,0.179866
130_bNAb_Combinations|1313884|sample|3|nan|4168,0.04,0.977246,5,3,1,0.938285,0.641726,0.929106,0.936407,0.516723,0.435008
130_bNAb_Combinations|1313884|sample|3|nan|4168,0.2,0.815472,6,3,1,0.764503,0.29405,0.859593,0.876091,-0.511064,-0.689214
130_bNAb_Combinations|1313884|sample|3|nan|4168,1,0.719559,7,3,1,0.137661,0.0310116,0.6491,0.67842,1.07333,0.600328
130_bNAb_Combinations|1313884|sample|3|nan|4168,5,0.315142,8,3,1,0.00036918,0.00247196,0.285397,0.312444,0.994832,0.0828457
130_bNAb_Combinations|1313884|sample|4|nan|4168,0.000064,0.855298,1,4,1,0.830939,0.826356,0.831282,0.830803,0.287442,0.293349
130_bNAb_Combinations|1313884|sample|4|nan|4168,0.00032,0.910725,2,4,1,0.923542,0.90857,0.922368,0.922845,-0.125866,-0.130957
130_bNAb_Combinations|1313884|sample|4|nan|4168,0.0016,0.951039,3,4,1,0.965052,0.920239,0.961934,0.962848,-0.113023,-0.122398
130_bNAb_Combinations|1313884|sample|4|nan|4168,0.008,1,4,4,1,0.980958,0.855746,0.973933,0.975844,0.267164,0.247104
130_bNAb_Combinations|1313884|sample|4|nan|4168,0.04,0.93895,5,4,1,0.956678,0.654297,0.952245,0.957386,-0.13931,-0.192154
130_bNAb_Combinations|1313884|sample|4|nan|4168,0.2,0.839584,6,4,1,0.764503,0.29405,0.869627,0.883573,-0.34406,-0.495989
130_bNAb_Combinations|1313884|sample|4|nan|4168,1,0.743183,7,4,1,0.137661,0.0310116,0.664378,0.696424,1.17362,0.665176
130_bNAb_Combinations|1313884|sample|4|nan|4168,5,0.341148,8,4,1,0.00036918,0.00247196,0.296043,0.338566,1.45757,0.0735028
130_bNAb_Combinations|1313884|sample|5|nan|4168,0.0006144,0.922661,1,5,1,0.830843,0.810192,0.829995,0.829802,1.11079,1.11336
130_bNAb_Combinations|1313884|sample|5|nan|4168,0.003072,0.913852,2,5,1,0.922666,0.857678,0.918025,0.919278,-0.045319,-0.0588442
130_bNAb_Combinations|1313884|sample|5|nan|4168,0.01536,0.961512,3,5,1,0.957593,0.777807,0.948212,0.950942,0.139936,0.110901
130_bNAb_Combinations|1313884|sample|5|nan|4168,0.0768,0.95651,4,5,1,0.920677,0.524232,0.932284,0.937629,0.259166,0.200863
130_bNAb_Combinations|1313884|sample|5|nan|4168,0.384,0.877392,5,5,1,0.569823,0.158067,0.833901,0.842379,0.518941,0.413666
130_bNAb_Combinations|1313884|sample|5|nan|4168,1.92,0.606372,6,5,1,0.0116249,0.00732771,0.58263,0.588458,0.401638,0.300139
130_bNAb_Combinations|1313884|sample|5|nan|4168,9.6,0.20403,7,5,1,0.000410152,0.00270997,0.20613,0.203847,-0.0949737,0.00838031
130_bNAb_Combinations|1313884|sample|5|nan|4168,48,0.0395206,8,5,1,0.000369009,0.00243809,0.0291558,0.0383831,2.19845,0.202346
130_bNAb_Combinations|1313884|sample|6|nan|4168,0.0006144,0.914177,1,6,1,0.830843,0.810192,0.830803,0.829634,0.99846,1.01386
130_bNAb_Combinations|1313884|sample|6|nan|4168,0.003072,0.90533,2,6,1,0.922666,0.857678,0.920435,0.918821,-0.163623,-0.146397
130_bNAb_Combinations|1313884|sample|6|nan|4168,0.01536,0.984926,3,6,1,0.957593,0.777807,0.954668,0.949884,0.316251,0.36807
130_bNAb_Combinations|1313884|sample|6|nan|4168,0.0768,0.925091,4,6,1,0.920677,0.524232,0.947759,0.935681,-0.238618,-0.112895
130_bNAb_Combinations|1313884|sample|6|nan|4168,0.384,0.830947,5,6,1,0.569823,0.158067,0.864006,0.840687,-0.381016,-0.115303
130_bNAb_Combinations|1313884|sample|6|nan|4168,1.92,0.605607,6,6,1,0.0116249,0.00732771,0.617358,0.593094,-0.187948,0.208055
130_bNAb_Combinations|1313884|sample|6|nan|4168,9.6,0.219678,7,6,1,0.000410152,0.00270997,0.213168,0.216782,0.285535,0.125085
130_bNAb_Combinations|1313884|sample|6|nan|4168,48,0.0417587,8,6,1,0.000369009,0.00243809,0.0415711,0.0406464,0.031619,0.190343
130_bNAb_Combinations|1313884|sample|7|nan|4168,0.0000768,0.836418,1,7,1,0.830938,0.825756,0.818187,0.81988,0.221612,0.200632
130_bNAb_Combinations|1313884|sample|7|nan|4168,0.000384,0.922776,2,7,1,0.923529,0.906644,0.885643,0.892133,0.417728,0.342262
130_bNAb_Combinations|1313884|sample|7|nan|4168,0.00192,0.897153,3,7,1,0.964941,0.914559,0.867333,0.883331,0.342387,0.155882
130_bNAb_Combinations|1313884|sample|7|nan|4168,0.0096,0.78389,4,7,1,0.980037,0.840429,0.750183,0.78521,0.44597,-0.0167118
130_bNAb_Combinations|1313884|sample|7|nan|4168,0.048,0.503936,5,7,1,0.949365,0.620756,0.503364,0.562096,0.0111503,-1.01868
130_bNAb_Combinations|1313884|sample|7|nan|4168,0.24,0.280795,6,7,1,0.718045,0.252472,0.222526,0.274904,2.45661,0.204098
130_bNAb_Combinations|1313884|sample|7|nan|4168,1.2,0.161478,7,7,1,0.082736,0.0207973,0.116642,0.135962,3.36788,1.67741
130_bNAb_Combinations|1313884|sample|7|nan|4168,6,0.0913986,8,7,1,0.000369012,0.00244741,0.101667,0.114757,-0.867146,-1.77929
130_bNAb_Combinations|1313884|sample|8|nan|4168,0.0000768,0.913412,1,8,1,0.830938,0.825756,0.813663,0.821292,1.21915,1.11568
130_bNAb_Combinations|1313884|sample|8|nan|4168,0.000384,0.818351,2,8,1,0.923529,0.906644,0.877144,0.895075,-0.66767,-0.854208
130_bNAb_Combinations|1313884|sample|8|nan|4168,0.00192,0.894723,3,8,1,0.964941,0.914559,0.855416,0.888122,0.457471,0.074056
130_bNAb_Combinations|1313884|sample|8|nan|4168,0.0096,0.810594,4,8,1,0.980037,0.840429,0.742873,0.789666,0.904622,0.263371
130_bNAb_Combinations|1313884|sample|8|nan|4168,0.048,0.521984,5,8,1,0.949365,0.620756,0.519469,0.558142,0.0475375,-0.637645
130_bNAb_Combinations|1313884|sample|8|nan|4168,0.24,0.263512,6,8,1,0.718045,0.252472,0.257464,0.259227,0.222748,0.156831
130_bNAb_Combinations|1313884|sample|8|nan|4168,1.2,0.145199,7,8,1,0.082736,0.0207973,0.129739,0.12583,1.0589,1.36246
130_bNAb_Combinations|1313884|sample|8|nan|4168,6,0.0915325,8,8,1,0.000369012,0.00244741,0.107575,0.107766,-1.2915,-1.3049
130_bNAb_Combinations|1313884|sample|9|nan|4168,0.0003648,0.835442,1,9,1,0.830893,0.816245,0.781226,0.78217,0.689508,0.676701
130_bNAb_Combinations|1313884|sample|9|nan|4168,0.001824,0.770136,2,9,1,0.923122,0.876507,0.809113,0.812397,-0.479009,-0.517314
130_bNAb_Combinations|1313884|sample|9|nan|4168,0.00912,0.72326,3,9,1,0.961471,0.828666,0.7308,0.736502,-0.102344,-0.178384
130_bNAb_Combinations|1313884|sample|9|nan|4168,0.0456,0.460312,4,9,1,0.951595,0.630424,0.551394,0.559385,-1.62525,-1.7434
130_bNAb_Combinations|1313884|sample|9|nan|4168,0.228,0.270179,5,9,1,0.746291,0.269197,0.306764,0.314193,-1.14334,-1.3448
130_bNAb_Combinations|1313884|sample|9|nan|4168,1.14,0.154668,6,9,1,0.101041,0.0243959,0.124728,0.127127,2.12227,1.92008
130_bNAb_Combinations|1313884|sample|9|nan|4168,5.7,0.0824654,7,9,1,0.000410163,0.00272492,0.0752015,0.0742509,0.786116,0.898084
130_bNAb_Combinations|1313884|sample|9|nan|4168,28.5,0.0480713,8,9,1,0.000369009,0.00243809,0.0661379,0.0649689,-2.16384,-2.05206
130_bNAb_Combinations|1313884|vc|1|2|nan|4168,0,0.9016,1,2,1,0.830945,0.831027,0.831555,0.831027,0.838094,0.844932
130_bNAb_Combinations|1313884|vc|2|2|nan|4168,0,0.943493,2,2,1,0.923591,0.923639,0.923325,0.923639,0.217805,0.214339
130_bNAb_Combinations|1313884|vc|3|2|nan|4168,0,0.895508,3,2,1,0.923591,0.923639,0.923325,0.923639,-0.300414,-0.303707
130_bNAb_Combinations|1313884|vc|4|2|nan|4168,0,0.872534,4,2,1,0.923591,0.923639,0.923325,0.923639,-0.548524,-0.551734
130_bNAb_Combinations|1313884|vc|5|2|nan|4168,0,0.872572,5,2,1,0.923591,0.923639,0.923325,0.923639,-0.54811,-0.551321
130_bNAb_Combinations|1313884|vc|6|2|nan|4168,0,0.86009,6,2,1,0.923591,0.923639,0.923325,0.923639,-0.682907,-0.686073
130_bNAb_Combinations|1313884|vc|7|2|nan|4168,0,0.851932,7,2,1,0.923591,0.923639,0.923325,0.923639,-0.771016,-0.774152
130_bNAb_Combinations|1313884|vc|8|2|nan|4168,0,0.811301,8,2,1,0.830945,0.831027,0.831555,0.831027,-0.242333,-0.236166
130_bNAb_Combinations|1313920|cc|1|1|nan|1798,0,0.00106207,1,1,0,0,0,0,0,0.574376,0.574376
130_bNAb_Combinations|1313920|cc|2|1|nan|1798,0,0.00146853,2,1,0,0,0,0,0,0.794199,0.794199
130_bNAb_Combinations|1313920|cc|3|1|nan|1798,0,0.00173077,3,1,0,0,0,0,0,0.936021,0.936021
130_bNAb_Combinations|1313920|cc|4|1|nan|1798,0,0.00124563,4,1,0,0,0,0,0,0.673651,0.673651
130_bNAb_Combinations|1313920|cc|5|1|nan|1798,0,0.0014292,5,1,0,0,0,0,0,0.772926,0.772926
130_bNAb_Combinations|1313920|cc|6|1|nan|1798,0,0.0014292,6,1,0,0,0,0,0,0.772926,0.772926
130_bNAb_Combinations|1313920|cc|7|1|nan|1798,0,0.0012063,7,1,0,0,0,0,0,0.652378,0.652378
130_bNAb_Combinations|1313920|cc|8|1|nan|1798,0,0.00215035,8,1,0,0,0,0,0,1.16293,1.16293
130_bNAb_Combinations|1313920|sample|10|nan|1798,0.0003648,0.782696,1,10,1,0.830893,0.816195,0.797524,0.797777,-0.184808,-0.187908
130_bNAb_Combinations|1313920|sample|10|nan|1798,0.001824,0.776855,2,10,1,0.923122,0.876479,0.821833,0.824821,-0.544388,-0.578502
130_bNAb_Combinations|1313920|sample|10|nan|1798,0.00912,0.694879,3,10,1,0.961471,0.828652,0.69748,0.705438,-0.0369434,-0.148338
130_bNAb_Combinations|1313920|sample|10|nan|1798,0.0456,0.420198,4,10,1,0.9333,0.618301,0.390277,0.404506,0.744181,0.377152
130_bNAb_Combinations|1313920|sample|10|nan|1798,0.228,0.0873778,5,10,1,0.731943,0.264021,0.077897,0.0871917,0.997447,0.0178662
130_bNAb_Combinations|1313920|sample|10|nan|1798,1.14,0.00264861,6,10,1,0.101041,0.0243955,0.00163844,0.00217121,0.502544,0.231468
130_bNAb_Combinations|1313920|sample|10|nan|1798,5.7,0.000629372,7,10,1,0.000410163,0.00272484,0.000743939,0.000912732,-0.0596021,-0.146154
130_bNAb_Combinations|1313920|sample|10|nan|1798,28.5,7.86715e-05,8,10,1,0.000369009,0.00243795,0.000669975,0.000821181,-0.308787,-0.384763
130_bNAb_Combinations|1313920|sample|11|nan|1798,0.0003712,0.869963,1,11,1,0.830892,0.816024,0.821509,0.820469,0.58668,0.60001
130_bNAb_Combinations|1313920|sample|11|nan|1798,0.001856,0.691286,2,11,1,0.923112,0.875945,0.891603,0.891451,-2.23871,-2.23738
130_bNAb_Combinations|1313920|sample|11|nan|1798,0.00928,0.783024,3,11,1,0.919683,0.791311,0.834697,0.83681,-0.615988,-0.639598
130_bNAb_Combinations|1313920|sample|11|nan|1798,0.0464,0.669481,4,11,1,0.892126,0.588433,0.689962,0.701691,-0.294007,-0.454849
130_bNAb_Combinations|1313920|sample|11|nan|1798,0.2319999999999999,0.434162,5,11,1,0.69576,0.248811,0.398341,0.429914,0.873684,0.0963081
130_bNAb_Combinations|1313920|sample|11|nan|1798,1.16,0.115116,6,11,1,0.0917985,0.0224482,0.0823784,0.110599,3.29171,0.355159
130_bNAb_Combinations|1313920|sample|11|nan|1798,5.8,0.00319931,7,11,1,0.000410159,0.00272303,0.00203209,0.00356749,0.569707,-0.167377
130_bNAb_Combinations|1313920|sample|11|nan|1798,29,0.000760491,8,11,1,0.000369009,0.00243795,0.00106605,0.000971523,-0.156389,-0.108524
130_bNAb_Combinations|1313920|sample|12|nan|1798,0.0003712,0.815542,1,12,1,0.830892,0.816024,0.82539,0.824096,-0.118701,-0.10326
130_bNAb_Combinations|1313920|sample|12|nan|1798,0.001856,0.74085,2,12,1,0.830514,0.788092,0.812834,0.810543,-0.880688,-0.855006
130_bNAb_Combinations|1313920|sample|12|nan|1798,0.00928,0.723103,3,12,1,0.827429,0.711946,0.77538,0.771277,-0.66974,-0.620388
130_bNAb_Combinations|1313920|sample|12|nan|1798,0.0464,0.623072,4,12,1,0.802637,0.529416,0.670618,0.664736,-0.701698,-0.620172
130_bNAb_Combinations|1313920|sample|12|nan|1798,0.2319999999999999,0.462477,5,12,1,0.625968,0.223856,0.429158,0.426079,0.75676,0.832417
130_bNAb_Combinations|1313920|sample|12|nan|1798,1.16,0.11273,6,12,1,0.0825901,0.0201968,0.109147,0.113076,0.284881,-0.0267498
130_bNAb_Combinations|1313920|sample|12|nan|1798,5.8,0.00295018,7,12,1,0.000369016,0.00244993,0.00220507,0.00294022,0.36069,0.00466078
130_bNAb_Combinations|1313920|sample|12|nan|1798,29,0,8,12,1,0.000369009,0.00243795,0.000586564,0.000822389,-0.307629,-0.42613
130_bNAb_Combinations|1313920|sample|3|nan|1798,0.000064,0.927104,1,3,1,0.830939,0.826306,0.827695,0.828423,1.19486,1.18509
130_bNAb_Combinations|1313920|sample|3|nan|1798,0.00032,0.90564,2,3,1,0.923542,0.908541,0.911315,0.915312,-0.0620823,-0.105344
130_bNAb_Combinations|1313920|sample|3|nan|1798,0.0016,0.884681,3,3,1,0.965052,0.920224,0.929934,0.940283,-0.485313,-0.589861
130_bNAb_Combinations|1313920|sample|3|nan|1798,0.008,0.948877,4,3,1,0.962098,0.83929,0.868936,0.893723,0.916212,0.614959
130_bNAb_Combinations|1313920|sample|3|nan|1798,0.04,0.855769,5,3,1,0.938285,0.641715,0.720059,0.772195,1.8688,1.075
130_bNAb_Combinations|1313920|sample|3|nan|1798,0.2,0.458209,6,3,1,0.764503,0.294045,0.443802,0.517555,0.316874,-1.12577
130_bNAb_Combinations|1313920|sample|3|nan|1798,1,0.22622,7,3,1,0.137661,0.0310106,0.183527,0.213888,2.14684,0.539207
130_bNAb_Combinations|1313920|sample|3|nan|1798,5,0.122223,8,3,1,0.00036918,0.00247181,0.125563,0.121639,-0.235418,0.0423051
130_bNAb_Combinations|1313920|sample|4|nan|1798,0.000064,0.895872,1,4,1,0.830939,0.826306,0.828262,0.827662,0.812093,0.819882
130_bNAb_Combinations|1313920|sample|4|nan|1798,0.00032,0.93585,2,4,1,0.923542,0.908541,0.912942,0.913182,0.250158,0.247468
130_bNAb_Combinations|1313920|sample|4|nan|1798,0.0016,0.876977,3,4,1,0.965052,0.920224,0.934202,0.934862,-0.610942,-0.617569
130_bNAb_Combinations|1313920|sample|4|nan|1798,0.008,0.971855,4,4,1,0.980958,0.855738,0.896343,0.898674,0.839538,0.811561
130_bNAb_Combinations|1313920|sample|4|nan|1798,0.04,0.784276,5,4,1,0.956678,0.654291,0.755103,0.763028,0.383536,0.276521
130_bNAb_Combinations|1313920|sample|4|nan|1798,0.2,0.443294,6,4,1,0.764503,0.294045,0.471703,0.487375,-0.589282,-0.88604
130_bNAb_Combinations|1313920|sample|4|nan|1798,1,0.218818,7,4,1,0.137661,0.0310106,0.198251,0.203712,0.964046,0.690703
130_bNAb_Combinations|1313920|sample|4|nan|1798,5,0.123534,8,4,1,0.00036918,0.00247181,0.131559,0.124455,-0.542999,-0.0653848
130_bNAb_Combinations|1313920|sample|5|nan|1798,0.0006144,0.907764,1,5,1,0.830843,0.810143,0.81507,0.813262,1.13101,1.15558
130_bNAb_Combinations|1313920|sample|5|nan|1798,0.003072,0.859919,2,5,1,0.922666,0.85765,0.875397,0.873768,-0.176115,-0.157868
130_bNAb_Combinations|1313920|sample|5|nan|1798,0.01536,0.783712,3,5,1,0.957593,0.777794,0.837677,0.837445,-0.64107,-0.638491
130_bNAb_Combinations|1313920|sample|5|nan|1798,0.0768,0.672202,4,5,1,0.920677,0.524228,0.678737,0.686323,-0.0953197,-0.203762
130_bNAb_Combinations|1313920|sample|5|nan|1798,0.384,0.368891,5,5,1,0.569823,0.158066,0.388615,0.409124,-0.492572,-0.956595
130_bNAb_Combinations|1313920|sample|5|nan|1798,1.92,0.184222,6,5,1,0.0116249,0.00732758,0.152907,0.164117,1.85546,1.1183
130_bNAb_Combinations|1313920|sample|5|nan|1798,9.6,0.127972,7,5,1,0.000410152,0.00270988,0.10979,0.107149,1.43849,1.68198
130_bNAb_Combinations|1313920|sample|5|nan|1798,48,0.0587283,8,5,1,0.000369009,0.00243795,0.0986843,0.0958298,-3.45997,-3.29278
130_bNAb_Combinations|1313920|sample|6|nan|1798,0.0006144,0.830286,1,6,1,0.830843,0.810143,0.806438,0.803654,0.29403,0.329457
130_bNAb_Combinations|1313920|sample|6|nan|1798,0.003072,0.853841,2,6,1,0.922666,0.85765,0.854787,0.852446,-0.011015,0.0162924
130_bNAb_Combinations|1313920|sample|6|nan|1798,0.01536,0.751916,3,6,1,0.957593,0.777794,0.79555,0.797278,-0.545171,-0.565555
130_bNAb_Combinations|1313920|sample|6|nan|1798,0.0768,0.612799,4,6,1,0.920677,0.524228,0.611077,0.626979,0.027811,-0.223424
130_bNAb_Combinations|1313920|sample|6|nan|1798,0.384,0.297509,5,6,1,0.569823,0.158066,0.324883,0.3561,-0.810358,-1.59007
130_bNAb_Combinations|1313920|sample|6|nan|1798,1.92,0.174251,6,6,1,0.0116249,0.00732758,0.133753,0.145815,2.70078,1.75743
130_bNAb_Combinations|1313920|sample|6|nan|1798,9.6,0.113582,7,6,1,0.000410152,0.00270988,0.104562,0.0996055,0.743873,1.20087
130_bNAb_Combinations|1313920|sample|6|nan|1798,48,0.057994,8,6,1,0.000369009,0.00243795,0.094069,0.0890745,-3.25162,-2.93113
130_bNAb_Combinations|1313920|sample|7|nan|1798,0.0000768,0.81364,1,7,1,0.830938,0.825705,0.824564,0.823559,-0.131783,-0.119804
130_bNAb_Combinations|1313920|sample|7|nan|1798,0.000384,0.811293,2,7,1,0.923529,0.906615,0.900106,0.899321,-0.98337,-0.975512
130_bNAb_Combinations|1313920|sample|7|nan|1798,0.00192,0.832548,3,7,1,0.964941,0.914544,0.893379,0.891953,-0.678517,-0.66365
130_bNAb_Combinations|1313920|sample|7|nan|1798,0.0096,0.838533,4,7,1,0.980037,0.840422,0.778569,0.777944,0.765155,0.773738
130_bNAb_Combinations|1313920|sample|7|nan|1798,0.048,0.504533,5,7,1,0.949365,0.62075,0.483593,0.489301,0.424078,0.305021
130_bNAb_Combinations|1313920|sample|7|nan|1798,0.24,0.121528,6,7,1,0.718045,0.252467,0.112681,0.1218,0.684515,-0.0196874
130_bNAb_Combinations|1313920|sample|7|nan|1798,1.2,0.00317308,7,7,1,0.082736,0.0207966,0.00264077,0.00314725,0.252446,0.0119673
130_bNAb_Combinations|1313920|sample|7|nan|1798,6,0.000773603,8,7,1,0.000369012,0.00244726,0.00116257,0.00107614,-0.198116,-0.154765
130_bNAb_Combinations|1313920|sample|8|nan|1798,0.0000768,0.853369,1,8,1,0.830938,0.825705,0.824102,0.822317,0.353284,0.375628
130_bNAb_Combinations|1313920|sample|8|nan|1798,0.000384,0.858752,2,8,1,0.923529,0.906615,0.898603,0.895931,-0.441975,-0.413547
130_bNAb_Combinations|1313920|sample|8|nan|1798,0.00192,0.804488,3,8,1,0.964941,0.914544,0.888943,0.883824,-0.946625,-0.89429
130_bNAb_Combinations|1313920|sample|8|nan|1798,0.0096,0.786951,4,8,1,0.980037,0.840422,0.767114,0.761625,0.256809,0.330186
130_bNAb_Combinations|1313920|sample|8|nan|1798,0.048,0.487829,5,8,1,0.949365,0.62075,0.462732,0.467535,0.530286,0.424557
130_bNAb_Combinations|1313920|sample|8|nan|1798,0.24,0.111628,6,8,1,0.718045,0.252467,0.0988832,0.112021,1.1018,-0.0305724
130_bNAb_Combinations|1313920|sample|8|nan|1798,1.2,0.0031862,7,8,1,0.082736,0.0207966,0.00203858,0.00299045,0.55997,0.0913408
130_bNAb_Combinations|1313920|sample|8|nan|1798,6,0.000694932,8,8,1,0.000369012,0.00244726,0.00100923,0.00111,-0.16132,-0.211967
130_bNAb_Combinations|1313920|sample|9|nan|1798,0.0003648,0.799965,1,9,1,0.830893,0.816195,0.79859,0.799473,0.0171146,0.00611469
130_bNAb_Combinations|1313920|sample|9|nan|1798,0.001824,0.747006,2,9,1,0.923122,0.876479,0.825337,0.829536,-0.944138,-0.989831
130_bNAb_Combinations|1313920|sample|9|nan|1798,0.00912,0.676214,3,9,1,0.961471,0.828652,0.706837,0.716299,-0.429373,-0.554816
130_bNAb_Combinations|1313920|sample|9|nan|1798,0.0456,0.461861,4,9,1,0.951595,0.630418,0.414677,0.429639,1.10748,0.73105
130_bNAb_Combinations|1313920|sample|9|nan|1798,0.228,0.0981493,5,9,1,0.746291,0.269195,0.0898925,0.0990991,0.77282,-0.0819587
130_bNAb_Combinations|1313920|sample|9|nan|1798,1.14,0.00317308,6,9,1,0.101041,0.0243955,0.0018714,0.00265942,0.640276,0.243388
130_bNAb_Combinations|1313920|sample|9|nan|1798,5.7,0.000485141,7,9,1,0.000410163,0.00272484,0.000583733,0.000989822,-0.0517152,-0.259295
130_bNAb_Combinations|1313920|sample|9|nan|1798,28.5,0.000563812,8,9,1,0.000369009,0.00243795,0.00052569,0.000890528,0.0200565,-0.168706
130_bNAb_Combinations|1313920|vc|1|2|nan|1798,0,0.838599,1,2,1,0.830945,0.830976,0.831503,0.830976,0.0849101,0.0912655
130_bNAb_Combinations|1313920|vc|2|2|nan|1798,0,0.91969,2,2,1,0.923591,0.92361,0.923294,0.92361,-0.0389314,-0.0423231
130_bNAb_Combinations|1313920|vc|3|2|nan|1798,0,0.872133,3,2,1,0.923591,0.92361,0.923294,0.92361,-0.552542,-0.555762
130_bNAb_Combinations|1313920|vc|4|2|nan|1798,0,0.947723,4,2,1,0.923591,0.92361,0.923294,0.92361,0.263826,0.260333
130_bNAb_Combinations|1313920|vc|5|2|nan|1798,0,1,5,2,1,0.923591,0.92361,0.923294,0.92361,0.828415,0.824733
130_bNAb_Combinations|1313920|vc|6|2|nan|1798,0,0.938505,6,2,1,0.923591,0.92361,0.923294,0.92361,0.164276,0.160816
130_bNAb_Combinations|1313920|vc|7|2|nan|1798,0,0.844873,7,2,1,0.923591,0.92361,0.923294,0.92361,-0.846944,-0.850066
130_bNAb_Combinations|1313920|vc|8|2|nan|1798,0,0.756315,8,2,1,0.830945,0.830976,0.831503,0.830976,-0.899679,-0.893934
130_bNAb_Combinations|1313938|cc|1|1|TRO.11|8301,0,0.000314857,1,1,0,0,0,0,0,0.170278,0.170278
130_bNAb_Combinations|1313938|cc|2|1|TRO.11|8301,0,0.000558156,2,1,0,0,0,0,0,0.301857,0.301857
130_bNAb_Combinations|1313938|cc|3|1|TRO.11|8301,0,0.000586779,3,1,0,0,0,0,0,0.317336,0.317336
130_bNAb_Combinations|1313938|cc|4|1|TRO.11|8301,0,0.000686961,4,1,0,0,0,0,0,0.371516,0.371516
130_bNAb_Combinations|1313938|cc|5|1|TRO.11|8301,0,0.000615402,5,1,0,0,0,0,0,0.332816,0.332816
130_bNAb_Combinations|1313938|cc|6|1|TRO.11|8301,0,0.001102,6,1,0,0,0,0,0,0.595973,0.595973
130_bNAb_Combinations|1313938|cc|7|1|TRO.11|8301,0,0.00120218,7,1,0,0,0,0,0,0.650152,0.650152
130_bNAb_Combinations|1313938|cc|8|1|TRO.11|8301,0,0.000457974,8,1,0,0,0,0,0,0.247677,0.247677
130_bNAb_Combinations|1313938|sample|10|TRO.11|8301,0.0003648,0.972099,1,10,1,0.830893,0.931071,0.889412,0.887685,0.926334,0.947481
130_bNAb_Combinations|1313938|sample|10|TRO.11|8301,0.001824,0.800331,2,10,1,0.923122,0.942092,0.821702,0.818638,-0.258708,-0.222429
130_bNAb_Combinations|1313938|sample|10|TRO.11|8301,0.00912,0.620841,3,10,1,0.961471,0.857418,0.570218,0.567172,0.874426,0.931867
130_bNAb_Combinations|1313938|sample|10|TRO.11|8301,0.0456,0.181823,4,10,1,0.9333,0.639764,0.189747,0.190072,-0.38657,-0.401808
130_bNAb_Combinations|1313938|sample|10|TRO.11|8301,0.228,0.00905929,5,10,1,0.731943,0.273186,0.00796578,0.00849715,0.415472,0.209427
130_bNAb_Combinations|1313938|sample|10|TRO.11|8301,1.14,0.000415039,6,10,1,0.101041,0.0252423,0.000715265,0.000843819,-0.156419,-0.221935
130_bNAb_Combinations|1313938|sample|10|TRO.11|8301,5.7,0.000314857,7,10,1,0.000410163,0.00292882,0.000710253,0.000837867,-0.206055,-0.27079
130_bNAb_Combinations|1313938|sample|10|TRO.11|8301,28.5,0.000887324,8,10,1,0.000369009,0.00278108,0.000678227,0.000800041,0.109147,0.045278
130_bNAb_Combinations|1313938|sample|11|TRO.11|8301,0.0003712,0.957351,1,11,1,0.830892,0.930877,0.93285,0.933347,0.261951,0.256511
130_bNAb_Combinations|1313938|sample|11|TRO.11|8301,0.001856,0.926724,2,11,1,0.923112,0.941518,0.943648,0.945312,-0.178906,-0.196164
130_bNAb_Combinations|1313938|sample|11|TRO.11|8301,0.00928,0.826421,3,11,1,0.919683,0.850549,0.845776,0.850555,-0.227779,-0.28246
130_bNAb_Combinations|1313938|sample|11|TRO.11|8301,0.0464,0.657393,4,11,1,0.892126,0.632483,0.598339,0.609452,0.973593,0.776397
130_bNAb_Combinations|1313938|sample|11|TRO.11|8301,0.2319999999999999,0.217337,5,11,1,0.69576,0.267437,0.200714,0.213242,0.770444,0.179573
130_bNAb_Combinations|1313938|sample|11|TRO.11|8301,1.16,0.00788574,6,11,1,0.0917985,0.0241287,0.00688382,0.00846645,0.396699,-0.216591
130_bNAb_Combinations|1313938|sample|11|TRO.11|8301,5.8,4.2935e-05,7,11,1,0.000410159,0.00292688,0.000502839,0.00070729,-0.242246,-0.346273
130_bNAb_Combinations|1313938|sample|11|TRO.11|8301,29,0.00034348,8,11,1,0.000369009,0.00278108,0.000480037,0.000675118,-0.0720141,-0.17314
130_bNAb_Combinations|1313938|sample|12|TRO.11|8301,0.0003712,0.867789,1,12,1,0.830892,0.930877,0.926161,0.930898,-0.628499,-0.676117
130_bNAb_Combinations|1313938|sample|12|TRO.11|8301,0.001856,0.853241,2,12,1,0.830514,0.899013,0.885873,0.896797,-0.367001,-0.484019
130_bNAb_Combinations|1313938|sample|12|TRO.11|8301,0.00928,0.83694,3,12,1,0.827429,0.81215,0.778142,0.800091,0.750676,0.457833
130_bNAb_Combinations|1313938|sample|12|TRO.11|8301,0.0464,0.620225,4,12,1,0.802637,0.60393,0.533277,0.564538,1.6024,0.97128
130_bNAb_Combinations|1313938|sample|12|TRO.11|8301,0.2319999999999999,0.188106,5,12,1,0.625968,0.255363,0.177667,0.194843,0.540567,-0.320851
130_bNAb_Combinations|1313938|sample|12|TRO.11|8301,1.16,0.00864425,6,12,1,0.0825901,0.0230394,0.00788578,0.00826129,0.289042,0.143917
130_bNAb_Combinations|1313938|sample|12|TRO.11|8301,5.8,0,7,12,1,0.000369016,0.00279474,0.000677411,0.000723699,-0.353619,-0.376887
130_bNAb_Combinations|1313938|sample|12|TRO.11|8301,29,0.000143117,8,12,1,0.000369009,0.00278108,0.000676707,0.00072329,-0.278552,-0.302148
130_bNAb_Combinations|1313938|sample|3|TRO.11|8301,0.000064,0.999256,1,3,1,0.830939,0.942605,0.946285,0.946282,0.55845,0.558487
130_bNAb_Combinations|1313938|sample|3|TRO.11|8301,0.00032,1,2,3,1,0.923542,0.976554,0.987634,0.987676,0.125009,0.124589
130_bNAb_Combinations|1313938|sample|3|TRO.11|8301,0.0016,0.897106,3,3,1,0.965052,0.952168,0.984026,0.984052,-0.881882,-0.882116
130_bNAb_Combinations|1313938|sample|3|TRO.11|8301,0.008,0.970361,4,3,1,0.962098,0.868425,0.955335,0.955715,0.15694,0.152906
130_bNAb_Combinations|1313938|sample|3|TRO.11|8301,0.04,0.880483,5,3,1,0.938285,0.663992,0.875156,0.877087,0.0606366,0.0385721
130_bNAb_Combinations|1313938|sample|3|TRO.11|8301,0.2,0.715899,6,3,1,0.764503,0.304252,0.675205,0.681678,0.596593,0.497065
130_bNAb_Combinations|1313938|sample|3|TRO.11|8301,1,0.31236,7,3,1,0.137661,0.0333321,0.312665,0.324118,-0.00937015,-0.34888
130_bNAb_Combinations|1313938|sample|3|TRO.11|8301,5,0.0404162,8,3,1,0.00036918,0.0028197,0.0356851,0.0388313,0.883277,0.279733
130_bNAb_Combinations|1313938|sample|4|TRO.11|8301,0.000064,0.979763,1,4,1,0.830939,0.942605,0.945535,0.946318,0.361138,0.35259
130_bNAb_Combinations|1313938|sample|4|TRO.11|8301,0.00032,0.958596,2,4,1,0.923542,0.976554,0.985721,0.987643,-0.274737,-0.293644
130_bNAb_Combinations|1313938|sample|4|TRO.11|8301,0.0016,0.947948,3,4,1,0.965052,0.952168,0.979514,0.983525,-0.321707,-0.361139
130_bNAb_Combinations|1313938|sample|4|TRO.11|8301,0.008,0.949609,4,4,1,0.980958,0.869181,0.946295,0.953791,0.0349387,-0.0437531
130_bNAb_Combinations|1313938|sample|4|TRO.11|8301,0.04,0.862629,5,4,1,0.956678,0.664569,0.857077,0.867103,0.0645009,-0.0513761
130_bNAb_Combinations|1313938|sample|4|TRO.11|8301,0.2,0.698095,6,4,1,0.764503,0.304252,0.649314,0.650758,0.742872,0.719323
130_bNAb_Combinations|1313938|sample|4|TRO.11|8301,1,0.273174,7,4,1,0.137661,0.0333321,0.299093,0.279922,-0.829535,-0.229838
130_bNAb_Combinations|1313938|sample|4|TRO.11|8301,5,0.0442374,8,4,1,0.00036918,0.0028197,0.0380306,0.0427534,1.11097,0.245255
130_bNAb_Combinations|1313938|sample|5|TRO.11|8301,0.0006144,0.941673,1,5,1,0.830843,0.924167,0.939794,0.936604,0.0199388,0.053983
130_bNAb_Combinations|1313938|sample|5|TRO.11|8301,0.003072,0.958739,2,5,1,0.922666,0.921854,0.967696,0.960388,-0.0923761,-0.0171261
130_bNAb_Combinations|1313938|sample|5|TRO.11|8301,0.01536,0.915761,3,5,1,0.957593,0.804794,0.92634,0.911793,-0.113878,0.0433877
130_bNAb_Combinations|1313938|sample|5|TRO.11|8301,0.0768,0.82456,4,5,1,0.920677,0.532462,0.799656,0.777533,0.309595,0.60085
130_bNAb_Combinations|1313938|sample|5|TRO.11|8301,0.384,0.514634,5,5,1,0.569823,0.160549,0.517118,0.501209,-0.0471595,0.262671
130_bNAb_Combinations|1313938|sample|5|TRO.11|8301,1.92,0.141399,6,5,1,0.0116249,0.00758196,0.147902,0.154237,-0.396844,-0.75479
130_bNAb_Combinations|1313938|sample|5|TRO.11|8301,9.6,0.0210382,7,5,1,0.000410152,0.00291274,0.0155001,0.0161675,1.64214,1.41668
130_bNAb_Combinations|1313938|sample|5|TRO.11|8301,48,0.00739914,8,5,1,0.000369009,0.00278108,0.012164,0.0108306,-1.56501,-1.17775
130_bNAb_Combinations|1313938|sample|6|TRO.11|8301,0.0006144,0.9722,1,6,1,0.830843,0.924167,0.929175,0.936212,0.461777,0.383402
130_bNAb_Combinations|1313938|sample|6|TRO.11|8301,0.003072,0.899854,2,6,1,0.922666,0.921854,0.940648,0.95955,-0.432601,-0.620822
130_bNAb_Combinations|1313938|sample|6|TRO.11|8301,0.01536,0.850665,3,6,1,0.957593,0.804794,0.86405,0.910299,-0.154259,-0.653051
130_bNAb_Combinations|1313938|sample|6|TRO.11|8301,0.0768,0.801476,4,6,1,0.920677,0.532462,0.676545,0.775644,1.82802,0.330827
130_bNAb_Combinations|1313938|sample|6|TRO.11|8301,0.384,0.527478,5,6,1,0.569823,0.160549,0.351085,0.500685,4.85199,0.524763
130_bNAb_Combinations|1313938|sample|6|TRO.11|8301,1.92,0.143947,6,6,1,0.0116249,0.00758196,0.0666912,0.155995,9.19305,-0.701235
130_bNAb_Combinations|1313938|sample|6|TRO.11|8301,9.6,0.0206374,7,6,1,0.000410152,0.00291274,0.0112402,0.0163802,3.18141,1.23079
130_bNAb_Combinations|1313938|sample|6|TRO.11|8301,48,0.00800023,8,6,1,0.000369009,0.00278108,0.0103165,0.0106521,-0.809025,-0.915713
130_bNAb_Combinations|1313938|sample|7|TRO.11|8301,0.0000768,0.947047,1,7,1,0.830938,0.94192,0.927121,0.926841,0.214326,0.217404
130_bNAb_Combinations|1313938|sample|7|TRO.11|8301,0.000384,0.922266,2,7,1,0.923529,0.974484,0.929923,0.929835,-0.0821117,-0.0811816
130_bNAb_Combinations|1313938|sample|7|TRO.11|8301,0.00192,0.797075,3,7,1,0.964941,0.946291,0.824253,0.825729,-0.328009,-0.345218
130_bNAb_Combinations|1313938|sample|7|TRO.11|8301,0.0096,0.572639,4,7,1,0.980037,0.853623,0.567815,0.574589,0.083664,-0.0334305
130_bNAb_Combinations|1313938|sample|7|TRO.11|8301,0.048,0.211555,5,7,1,0.949365,0.630501,0.18954,0.200097,1.07506,0.532548
130_bNAb_Combinations|1313938|sample|7|TRO.11|8301,0.24,0.00928828,6,7,1,0.718045,0.261231,0.00824441,0.0101388,0.392527,-0.298902
130_bNAb_Combinations|1313938|sample|7|TRO.11|8301,1.2,0.000157428,7,7,1,0.082736,0.0223534,0.000754405,0.000863437,-0.310405,-0.365063
130_bNAb_Combinations|1313938|sample|7|TRO.11|8301,6,0.001102,8,7,1,0.000369012,0.0027917,0.000719801,0.000823172,0.19908,0.144471
130_bNAb_Combinations|1313938|sample|8|TRO.11|8301,0.0000768,0.992465,1,8,1,0.830938,0.94192,0.930576,0.927533,0.663268,0.698122
130_bNAb_Combinations|1313938|sample|8|TRO.11|8301,0.000384,0.918846,2,8,1,0.923529,0.974484,0.938667,0.931925,-0.210627,-0.139976
130_bNAb_Combinations|1313938|sample|8|TRO.11|8301,0.00192,0.798592,3,8,1,0.964941,0.946291,0.843198,0.83132,-0.526503,-0.391706
130_bNAb_Combinations|1313938|sample|8|TRO.11|8301,0.0096,0.614093,4,8,1,0.980037,0.853623,0.598263,0.586344,0.261016,0.466554
130_bNAb_Combinations|1313938|sample|8|TRO.11|8301,0.048,0.216235,5,8,1,0.949365,0.630501,0.211389,0.212601,0.214194,0.159797
130_bNAb_Combinations|1313938|sample|8|TRO.11|8301,0.24,0.0118501,6,8,1,0.718045,0.261231,0.00981928,0.0120538,0.721636,-0.067145
130_bNAb_Combinations|1313938|sample|8|TRO.11|8301,1.2,0.000787142,7,8,1,0.082736,0.0223534,0.000791786,0.000944674,-0.00240972,-0.0811217
130_bNAb_Combinations|1313938|sample|8|TRO.11|8301,6,0.000543844,8,8,1,0.000369012,0.0027917,0.000755405,0.000899839,-0.109998,-0.183738
130_bNAb_Combinations|1313938|sample|9|TRO.11|8301,0.0003648,0.965087,1,9,1,0.830893,0.931071,0.888256,0.889634,0.861818,0.845073
130_bNAb_Combinations|1313938|sample|9|TRO.11|8301,0.001824,0.834471,2,9,1,0.923122,0.942092,0.820122,0.821745,0.174024,0.154049
130_bNAb_Combinations|1313938|sample|9|TRO.11|8301,0.00912,0.637786,3,9,1,0.961471,0.857418,0.570194,0.569005,1.1676,1.19054
130_bNAb_Combinations|1313938|sample|9|TRO.11|8301,0.0456,0.173393,4,9,1,0.951595,0.640321,0.193019,0.187627,-0.94265,-0.701553
130_bNAb_Combinations|1313938|sample|9|TRO.11|8301,0.228,0.00868719,5,9,1,0.746291,0.273423,0.0085828,0.00777627,0.0387704,0.348563
130_bNAb_Combinations|1313938|sample|9|TRO.11|8301,1.14,0.00025761,6,9,1,0.101041,0.0252423,0.000573027,0.000921762,-0.165539,-0.342405
130_bNAb_Combinations|1313938|sample|9|TRO.11|8301,5.7,0.000543844,7,9,1,0.000410163,0.00292882,0.000568642,0.000915602,-0.0130179,-0.19172
130_bNAb_Combinations|1313938|sample|9|TRO.11|8301,28.5,0.00104475,8,9,1,0.000369009,0.00278108,0.000543002,0.000874267,0.26374,0.0881064
130_bNAb_Combinations|1313938|vc|1|2|TRO.11|8301,0,0.914116,1,2,1,0.830945,0.947933,0.94791,0.947933,-0.355684,-0.355921
130_bNAb_Combinations|1313938|vc|2|2|TRO.11|8301,0,0.902924,2,2,1,0.923591,0.992751,0.992669,0.992751,-0.902765,-0.903517
130_bNAb_Combinations|1313938|vc|3|2|TRO.11|8301,0,0.968414,3,2,1,0.923591,0.992751,0.992669,0.992751,-0.243987,-0.244792
130_bNAb_Combinations|1313938|vc|4|2|TRO.11|8301,0,0.926266,4,2,1,0.923591,0.992751,0.992669,0.992751,-0.66796,-0.668731
130_bNAb_Combinations|1313938|vc|5|2|TRO.11|8301,0,0.902967,5,2,1,0.923591,0.992751,0.992669,0.992751,-0.902333,-0.903085
130_bNAb_Combinations|1313938|vc|6|2|TRO.11|8301,0,0.92744,6,2,1,0.923591,0.992751,0.992669,0.992751,-0.656155,-0.656927
130_bNAb_Combinations|1313938|vc|7|2|TRO.11|8301,0,0.886129,7,2,1,0.923591,0.992751,0.992669,0.992751,-1.07171,-1.07244
130_bNAb_Combinations|1313938|vc|8|2|TRO.11|8301,0,0.777732,8,2,1,0.830945,0.947933,0.94791,0.947933,-1.79111,-1.79131
130_bNAb_Combinations|1313956|cc|1|1|Ce1176_A3|7023,0,0.000508745,1,1,0,0,0,0,0,0.275135,0.275135
130_bNAb_Combinations|1313956|cc|2|1|Ce1176_A3|7023,0,0.000481245,2,1,0,0,0,0,0,0.260263,0.260263
130_bNAb_Combinations|1313956|cc|3|1|Ce1176_A3|7023,0,0.000632494,3,1,0,0,0,0,0,0.342059,0.342059
130_bNAb_Combinations|1313956|cc|4|1|Ce1176_A3|7023,0,0.00112749,4,1,0,0,0,0,0,0.609758,0.609758
130_bNAb_Combinations|1313956|cc|5|1|Ce1176_A3|7023,0,0.00140249,5,1,0,0,0,0,0,0.75848,0.75848
130_bNAb_Combinations|1313956|cc|6|1|Ce1176_A3|7023,0,0.00147124,6,1,0,0,0,0,0,0.79566,0.79566
130_bNAb_Combinations|1313956|cc|7|1|Ce1176_A3|7023,0,0.00120999,7,1,0,0,0,0,0,0.654374,0.654374
130_bNAb_Combinations|1313956|cc|8|1|Ce1176_A3|7023,0,0.00149874,8,1,0,0,0,0,0,0.810532,0.810532
130_bNAb_Combinations|1313956|sample|10|Ce1176_A3|7023,0.0003648,0.703622,1,10,1,0.830893,0.816172,0.777279,0.773868,-0.941395,-0.901671
130_bNAb_Combinations|1313956|sample|10|Ce1176_A3|7023,0.001824,0.749608,2,10,1,0.923122,0.876466,0.759372,0.754933,-0.12766,-0.0700218
130_bNAb_Combinations|1313956|sample|10|Ce1176_A3|7023,0.00912,0.514314,3,10,1,0.961471,0.828646,0.547697,0.545383,-0.599567,-0.560305
130_bNAb_Combinations|1313956|sample|10|Ce1176_A3|7023,0.0456,0.208599,4,10,1,0.9333,0.618296,0.1872,0.191898,1.05686,0.806476
130_bNAb_Combinations|1313956|sample|10|Ce1176_A3|7023,0.228,0.00944616,5,10,1,0.731943,0.264019,0.00890714,0.0106104,0.19784,-0.402586
130_bNAb_Combinations|1313956|sample|10|Ce1176_A3|7023,1.14,0.000343747,6,10,1,0.101041,0.0243953,0.000563783,0.000662904,-0.115536,-0.166729
130_bNAb_Combinations|1313956|sample|10|Ce1176_A3|7023,5.7,0.000233748,7,10,1,0.000410163,0.0027248,0.0005383,0.000631777,-0.160124,-0.208265
130_bNAb_Combinations|1313956|sample|10|Ce1176_A3|7023,28.5,0.000398746,8,10,1,0.000369009,0.00243788,0.000484777,0.000568406,-0.0453578,-0.0890631
130_bNAb_Combinations|1313956|sample|11|Ce1176_A3|7023,0.0003712,0.688607,1,11,1,0.830892,0.816002,0.822732,0.821137,-1.62164,-1.60539
130_bNAb_Combinations|1313956|sample|11|Ce1176_A3|7023,0.001856,0.732462,2,11,1,0.923112,0.875932,0.894354,0.892229,-1.80383,-1.7843
130_bNAb_Combinations|1313956|sample|11|Ce1176_A3|7023,0.00928,0.765771,3,11,1,0.919683,0.791299,0.838937,0.835324,-0.867904,-0.82853
130_bNAb_Combinations|1313956|sample|11|Ce1176_A3|7023,0.0464,0.662853,4,11,1,0.892126,0.588424,0.692069,0.689712,-0.418152,-0.385697
130_bNAb_Combinations|1313956|sample|11|Ce1176_A3|7023,0.2319999999999999,0.428576,5,11,1,0.69576,0.248807,0.388052,0.395448,1.0134,0.813663
130_bNAb_Combinations|1313956|sample|11|Ce1176_A3|7023,1.16,0.0788005,6,11,1,0.0917985,0.0224479,0.0687257,0.0792163,1.17098,-0.0431627
130_bNAb_Combinations|1313956|sample|11|Ce1176_A3|7023,5.8,0.00151248,7,11,1,0.000410159,0.00272299,0.00115307,0.00164997,0.18315,-0.068359
130_bNAb_Combinations|1313956|sample|11|Ce1176_A3|7023,29,0.000233748,8,11,1,0.000369009,0.00243788,0.000703173,0.000828612,-0.244724,-0.308138
130_bNAb_Combinations|1313956|sample|12|Ce1176_A3|7023,0.0003712,0.632164,1,12,1,0.830892,0.816002,0.811729,0.812496,-2.19979,-2.20715
130_bNAb_Combinations|1313956|sample|12|Ce1176_A3|7023,0.001856,0.613698,2,12,1,0.830514,0.78807,0.781033,0.784002,-2.12864,-2.15839
130_bNAb_Combinations|1313956|sample|12|Ce1176_A3|7023,0.00928,0.591375,3,12,1,0.827429,0.711927,0.706467,0.714788,-1.61458,-1.71168
130_bNAb_Combinations|1313956|sample|12|Ce1176_A3|7023,0.0464,0.519222,4,12,1,0.802637,0.529402,0.544135,0.562725,-0.450272,-0.761124
130_bNAb_Combinations|1313956|sample|12|Ce1176_A3|7023,0.2319999999999999,0.330526,5,12,1,0.625968,0.22385,0.276136,0.303233,1.87625,0.862275
130_bNAb_Combinations|1313956|sample|12|Ce1176_A3|7023,1.16,0.0625069,6,12,1,0.0825901,0.0201962,0.0481853,0.0620026,2.17493,0.0634858
130_bNAb_Combinations|1313956|sample|12|Ce1176_A3|7023,5.8,0.00237873,7,12,1,0.000369016,0.00244986,0.00177241,0.00215582,0.29967,0.108156
130_bNAb_Combinations|1313956|sample|12|Ce1176_A3|7023,29,0.000769992,8,12,1,0.000369009,0.00243788,0.00129096,0.00117698,-0.263652,-0.207144
130_bNAb_Combinations|1313956|sample|3|Ce1176_A3|7023,0.000064,0.742974,1,3,1,0.830939,0.826283,0.82756,0.828542,-1.01686,-1.02747
130_bNAb_Combinations|1313956|sample|3|Ce1176_A3|7023,0.00032,0.893054,2,3,1,0.923542,0.908528,0.911571,0.916118,-0.202507,-0.251002
130_bNAb_Combinations|1313956|sample|3|Ce1176_A3|7023,0.0016,0.908543,3,3,1,0.965052,0.920217,0.932434,0.943791,-0.255544,-0.372569
130_bNAb_Combinations|1313956|sample|3|Ce1176_A3|7023,0.008,0.937844,4,3,1,0.962098,0.839284,0.88007,0.906397,0.65396,0.345828
130_bNAb_Combinations|1313956|sample|3|Ce1176_A3|7023,0.04,0.777115,5,3,1,0.938285,0.64171,0.756959,0.811965,0.264357,-0.426816
130_bNAb_Combinations|1313956|sample|3|Ce1176_A3|7023,0.2,0.561758,6,3,1,0.764503,0.294043,0.527309,0.613064,0.641809,-0.826146
130_bNAb_Combinations|1313956|sample|3|Ce1176_A3|7023,1,0.368964,7,3,1,0.137661,0.0310102,0.275429,0.338145,3.23435,0.878453
130_bNAb_Combinations|1313956|sample|3|Ce1176_A3|7023,5,0.208888,8,3,1,0.00036918,0.00247174,0.190195,0.211102,0.909963,-0.098002
130_bNAb_Combinations|1313956|sample|4|Ce1176_A3|7023,0.000064,0.71326,1,4,1,0.830939,0.826283,0.82929,0.828855,-1.39201,-1.3875
130_bNAb_Combinations|1313956|sample|4|Ce1176_A3|7023,0.00032,0.883119,2,4,1,0.923542,0.908528,0.916099,0.916868,-0.358923,-0.366989
130_bNAb_Combinations|1313956|sample|4|Ce1176_A3|7023,0.0016,0.934819,3,4,1,0.965052,0.920217,0.94305,0.945303,-0.0870664,-0.110642
130_bNAb_Combinations|1313956|sample|4|Ce1176_A3|7023,0.008,0.950487,4,4,1,0.980958,0.855735,0.919485,0.926447,0.336173,0.258759
130_bNAb_Combinations|1313956|sample|4|Ce1176_A3|7023,0.04,0.817519,5,4,1,0.956678,0.654289,0.808376,0.828826,0.112456,-0.135733
130_bNAb_Combinations|1313956|sample|4|Ce1176_A3|7023,0.2,0.59253,6,4,1,0.764503,0.294043,0.563039,0.60605,0.515695,-0.220154
130_bNAb_Combinations|1313956|sample|4|Ce1176_A3|7023,1,0.33859,7,4,1,0.137661,0.0310102,0.287026,0.323997,1.71543,0.433121
130_bNAb_Combinations|1313956|sample|4|Ce1176_A3|7023,5,0.207004,8,4,1,0.00036918,0.00247174,0.197918,0.205488,0.426555,0.0687876
130_bNAb_Combinations|1313956|sample|5|Ce1176_A3|7023,0.0006144,0.687672,1,5,1,0.830843,0.81012,0.821191,0.820487,-1.61727,-1.6101
130_bNAb_Combinations|1313956|sample|5|Ce1176_A3|7023,0.003072,0.893274,2,5,1,0.922666,0.857638,0.895935,0.896015,-0.0295998,-0.0304912
130_bNAb_Combinations|1313956|sample|5|Ce1176_A3|7023,0.01536,0.886089,3,5,1,0.957593,0.777788,0.897618,0.898066,-0.128,-0.132906
130_bNAb_Combinations|1313956|sample|5|Ce1176_A3|7023,0.0768,0.71535,4,5,1,0.920677,0.524226,0.827129,0.828953,-1.34443,-1.36343
130_bNAb_Combinations|1313956|sample|5|Ce1176_A3|7023,0.384,0.488319,5,5,1,0.569823,0.158065,0.65246,0.658302,-2.48792,-2.55424
130_bNAb_Combinations|1313956|sample|5|Ce1176_A3|7023,1.92,0.393054,6,5,1,0.0116249,0.00732754,0.381576,0.392915,0.291664,0.00343592
130_bNAb_Combinations|1313956|sample|5|Ce1176_A3|7023,9.6,0.204928,7,5,1,0.000410152,0.00270984,0.163416,0.173979,2.31777,1.63331
130_bNAb_Combinations|1313956|sample|5|Ce1176_A3|7023,48,0.100326,8,5,1,0.000369009,0.00243788,0.105548,0.111854,-0.427263,-0.897669
130_bNAb_Combinations|1313956|sample|6|Ce1176_A3|7023,0.0006144,0.700267,1,6,1,0.830843,0.81012,0.822248,0.817024,-1.47566,-1.42129
130_bNAb_Combinations|1313956|sample|6|Ce1176_A3|7023,0.003072,0.779562,2,6,1,0.922666,0.857638,0.89771,0.888146,-1.31161,-1.21814
130_bNAb_Combinations|1313956|sample|6|Ce1176_A3|7023,0.01536,0.830994,3,6,1,0.957593,0.777788,0.899362,0.882009,-0.757622,-0.576213
130_bNAb_Combinations|1313956|sample|6|Ce1176_A3|7023,0.0768,0.671062,4,6,1,0.920677,0.524226,0.825151,0.799807,-1.85767,-1.60018
130_bNAb_Combinations|1313956|sample|6|Ce1176_A3|7023,0.384,0.520893,5,6,1,0.569823,0.158065,0.637906,0.615549,-1.81291,-1.51821
130_bNAb_Combinations|1313956|sample|6|Ce1176_A3|7023,1.92,0.352251,6,6,1,0.0116249,0.00732754,0.351156,0.352247,0.030119,0.000103992
130_bNAb_Combinations|1313956|sample|6|Ce1176_A3|7023,9.6,0.186758,7,6,1,0.000410152,0.00270984,0.143852,0.156558,2.68373,1.7521
130_bNAb_Combinations|1313956|sample|6|Ce1176_A3|7023,48,0.0915191,8,6,1,0.000369009,0.00243788,0.101035,0.105619,-0.807879,-1.15291
130_bNAb_Combinations|1313956|sample|7|Ce1176_A3|7023,0.0000768,0.644896,1,7,1,0.830938,0.825682,0.82064,0.819239,-2.13013,-2.11668
130_bNAb_Combinations|1313956|sample|7|Ce1176_A3|7023,0.000384,0.807536,2,7,1,0.923529,0.906602,0.884848,0.883007,-0.870482,-0.851492
130_bNAb_Combinations|1313956|sample|7|Ce1176_A3|7023,0.00192,0.874608,3,7,1,0.964941,0.914537,0.840886,0.837454,0.399112,0.441491
130_bNAb_Combinations|1313956|sample|7|Ce1176_A3|7023,0.0096,0.712752,4,7,1,0.980037,0.840419,0.62992,0.627621,1.29912,1.33994
130_bNAb_Combinations|1313956|sample|7|Ce1176_A3|7023,0.048,0.234181,5,7,1,0.949365,0.620748,0.232465,0.237405,0.0694839,-0.128036
130_bNAb_Combinations|1313956|sample|7|Ce1176_A3|7023,0.24,0.0112199,6,7,1,0.718045,0.252465,0.00991516,0.0116616,0.462086,-0.14748
130_bNAb_Combinations|1313956|sample|7|Ce1176_A3|7023,1.2,0.000769992,7,7,1,0.082736,0.0207963,0.000860695,0.000907026,-0.0469069,-0.0707009
130_bNAb_Combinations|1313956|sample|7|Ce1176_A3|7023,6,0.000536245,8,7,1,0.000369012,0.00244719,0.000774864,0.000815437,-0.123943,-0.144718
130_bNAb_Combinations|1313956|sample|8|Ce1176_A3|7023,0.0000768,0.696355,1,8,1,0.830938,0.825682,0.820108,0.820753,-1.50092,-1.50758
130_bNAb_Combinations|1313956|sample|8|Ce1176_A3|7023,0.000384,0.873701,2,8,1,0.923529,0.906602,0.883662,0.887278,-0.112308,-0.152466
130_bNAb_Combinations|1313956|sample|8|Ce1176_A3|7023,0.00192,0.872793,3,8,1,0.964941,0.914537,0.839271,0.84753,0.397488,0.296705
130_bNAb_Combinations|1313956|sample|8|Ce1176_A3|7023,0.0096,0.757666,4,8,1,0.980037,0.840419,0.630836,0.644844,1.98639,1.7297
130_bNAb_Combinations|1313956|sample|8|Ce1176_A3|7023,0.048,0.240416,5,8,1,0.949365,0.620748,0.239179,0.249675,0.0487841,-0.350853
130_bNAb_Combinations|1313956|sample|8|Ce1176_A3|7023,0.24,0.0117424,6,8,1,0.718045,0.252465,0.0111475,0.0120282,0.202027,-0.0942909
130_bNAb_Combinations|1313956|sample|8|Ce1176_A3|7023,1.2,0.000178748,7,8,1,0.082736,0.0207963,0.00038389,0.000749444,-0.108725,-0.296815
130_bNAb_Combinations|1313956|sample|8|Ce1176_A3|7023,6,0.000316247,8,8,1,0.000369012,0.00244719,0.000345156,0.000673777,-0.015353,-0.186671
130_bNAb_Combinations|1313956|sample|9|Ce1176_A3|7023,0.0003648,0.758106,1,9,1,0.830893,0.816172,0.784595,0.788912,-0.33547,-0.388063
130_bNAb_Combinations|1313956|sample|9|Ce1176_A3|7023,0.001824,0.682688,2,9,1,0.923122,0.876466,0.774239,0.786593,-1.17458,-1.31263
130_bNAb_Combinations|1313956|sample|9|Ce1176_A3|7023,0.00912,0.715818,3,9,1,0.961471,0.828646,0.565853,0.587696,2.60976,2.14935
130_bNAb_Combinations|1313956|sample|9|Ce1176_A3|7023,0.0456,0.196719,4,9,1,0.951595,0.630416,0.195306,0.212582,0.0671336,-0.697518
130_bNAb_Combinations|1313956|sample|9|Ce1176_A3|7023,0.228,0.00966615,5,9,1,0.746291,0.269194,0.00781677,0.00941395,0.706592,0.0909064
130_bNAb_Combinations|1313956|sample|9|Ce1176_A3|7023,1.14,0.000756242,6,9,1,0.101041,0.0243953,0.000468827,0.000774352,0.151658,-0.00940658
130_bNAb_Combinations|1313956|sample|9|Ce1176_A3|7023,5.7,0.000439996,7,9,1,0.000410163,0.0027248,0.000448156,0.000740316,-0.00431046,-0.156267
130_bNAb_Combinations|1313956|sample|9|Ce1176_A3|7023,28.5,0,8,9,1,0.000369009,0.00243788,0.000403596,0.000666057,-0.213685,-0.347894
130_bNAb_Combinations|1313956|vc|1|2|Ce1176_A3|7023,0,0.749127,1,2,1,0.830945,0.830954,0.83148,0.830954,-0.985449,-0.979752
130_bNAb_Combinations|1313956|vc|2|2|Ce1176_A3|7023,0,0.930921,2,2,1,0.923591,0.923596,0.923281,0.923596,0.0825062,0.0790761
130_bNAb_Combinations|1313956|vc|3|2|Ce1176_A3|7023,0,1,3,2,1,0.923591,0.923596,0.923281,0.923596,0.828567,0.824888
130_bNAb_Combinations|1313956|vc|4|2|Ce1176_A3|7023,0,0.968987,4,2,1,0.923591,0.923596,0.923281,0.923596,0.493627,0.490059
130_bNAb_Combinations|1313956|vc|5|2|Ce1176_A3|7023,0,0.924369,5,2,1,0.923591,0.923596,0.923281,0.923596,0.0117462,0.00833982
130_bNAb_Combinations|1313956|vc|6|2|Ce1176_A3|7023,0,0.980379,6,2,1,0.923591,0.923596,0.923281,0.923596,0.616659,0.61305
130_bNAb_Combinations|1313956|vc|7|2|Ce1176_A3|7023,0,0.892036,7,2,1,0.923591,0.923596,0.923281,0.923596,-0.33745,-0.34074
130_bNAb_Combinations|1313956|vc|8|2|Ce1176_A3|7023,0,0.653015,8,2,1,0.830945,0.830954,0.83148,0.830954,-2.13553,-2.13054
130_bNAb_Combinations|1313974|cc|1|1|nan|1176,0,0,1,1,0,0,0,0,0,0,0
130_bNAb_Combinations|1313974|cc|2|1|nan|1176,0,0.00187935,2,1,0,0,0,0,0,1.01637,1.01637
130_bNAb_Combinations|1313974|cc|3|1|nan|1176,0,0.00338282,3,1,0,0,0,0,0,1.82947,1.82947
130_bNAb_Combinations|1313974|cc|4|1|nan|1176,0,0.00250579,4,1,0,0,0,0,0,1.35516,1.35516
130_bNAb_Combinations|1313974|cc|5|1|nan|1176,0,0.00425985,5,1,0,0,0,0,0,2.30377,2.30377
130_bNAb_Combinations|1313974|cc|6|1|nan|1176,0,0.00200464,6,1,0,0,0,0,0,1.08413,1.08413
130_bNAb_Combinations|1313974|cc|7|1|nan|1176,0,0.00701623,7,1,0,0,0,0,0,3.79445,3.79445
130_bNAb_Combinations|1313974|cc|8|1|nan|1176,0,0.00275637,8,1,0,0,0,0,0,1.49068,1.49068
130_bNAb_Combinations|1313974|sample|10|nan|1176,0.0003648,0.564806,1,10,1,0.830893,0.584554,0.588241,0.592432,-0.392785,-0.459853
130_bNAb_Combinations|1313974|sample|10|nan|1176,0.001824,0.969555,2,10,1,0.923122,0.775368,0.8004,0.807086,2.10091,2.00153
130_bNAb_Combinations|1313974|sample|10|nan|1176,0.00912,0.987972,3,10,1,0.961471,0.787336,0.876739,0.887516,1.26375,1.12775
130_bNAb_Combinations|1313974|sample|10|nan|1176,0.0456,0.768277,4,10,1,0.9333,0.587473,0.822302,0.83947,-0.653523,-0.843972
130_bNAb_Combinations|1313974|sample|10|nan|1176,0.228,0.6812,5,10,1,0.731943,0.250857,0.702643,0.724191,-0.302407,-0.588714
130_bNAb_Combinations|1313974|sample|10|nan|1176,1.14,0.388273,6,10,1,0.101041,0.0231792,0.483111,0.495782,-1.92249,-2.1257
130_bNAb_Combinations|1313974|sample|10|nan|1176,5.7,0.221387,7,10,1,0.000410163,0.0024105,0.196289,0.193649,1.18718,1.32836
130_bNAb_Combinations|1313974|sample|10|nan|1176,28.5,0.0676565,8,10,1,0.000369009,0.00174604,0.0639635,0.0694842,0.453929,-0.210616
130_bNAb_Combinations|1313974|sample|11|nan|1176,0.0003712,0.686964,1,11,1,0.830892,0.584432,0.580123,0.581928,1.815,1.77897
130_bNAb_Combinations|1313974|sample|11|nan|1176,0.001856,0.787446,2,11,1,0.923112,0.774895,0.763339,0.763163,0.313598,0.315952
130_bNAb_Combinations|1313974|sample|11|nan|1176,0.00928,0.683957,3,11,1,0.919683,0.700025,0.666163,0.664078,0.264314,0.296177
130_bNAb_Combinations|1313974|sample|11|nan|1176,0.0464,0.431373,4,11,1,0.892126,0.520551,0.437387,0.435849,-0.134146,-0.100168
130_bNAb_Combinations|1313974|sample|11|nan|1176,0.2319999999999999,0.127921,5,11,1,0.69576,0.220108,0.122274,0.124714,0.4072,0.227324
130_bNAb_Combinations|1313974|sample|11|nan|1176,1.16,0.00889557,6,11,1,0.0917985,0.0198586,0.00975199,0.0100049,-0.305042,-0.391657
130_bNAb_Combinations|1313974|sample|11|nan|1176,5.8,0.00664036,7,11,1,0.000410159,0.0024089,0.0078255,0.00769761,-0.452658,-0.405759
130_bNAb_Combinations|1313974|sample|11|nan|1176,29,0.0085197,8,11,1,0.000369009,0.00174604,0.00569157,0.00560686,1.17425,1.21362
130_bNAb_Combinations|1313974|sample|12|nan|1176,0.0003712,0.62507,1,12,1,0.830892,0.584432,0.580976,0.582523,0.747999,0.719908
130_bNAb_Combinations|1313974|sample|12|nan|1176,0.001856,0.659149,2,12,1,0.830514,0.564427,0.555659,0.55547,1.83296,1.83691
130_bNAb_Combinations|1313974|sample|12|nan|1176,0.00928,0.546764,3,12,1,0.827429,0.509892,0.479892,0.476686,1.36435,1.43901
130_bNAb_Combinations|1313974|sample|12|nan|1176,0.0464,0.27877,4,12,1,0.802637,0.379165,0.29667,0.291903,-0.57732,-0.430058
130_bNAb_Combinations|1313974|sample|12|nan|1176,0.2319999999999999,0.0630207,5,12,1,0.625968,0.160325,0.0633842,0.0628986,-0.0449851,0.0152119
130_bNAb_Combinations|1313974|sample|12|nan|1176,1.16,0.00413456,6,12,1,0.0825901,0.0144648,0.00464927,0.00508306,-0.223201,-0.403846
130_bNAb_Combinations|1313974|sample|12|nan|1176,5.8,0.0072668,7,12,1,0.000369016,0.00175462,0.00433522,0.00473257,1.28852,1.09508
130_bNAb_Combinations|1313974|sample|12|nan|1176,29,0.00375869,8,12,1,0.000369009,0.00174604,0.00433522,0.00473257,-0.253401,-0.420825
130_bNAb_Combinations|1313974|sample|3|nan|1176,0.000064,0.544885,1,3,1,0.830939,0.591795,0.585397,0.587943,-0.682208,-0.722043
130_bNAb_Combinations|1313974|sample|3|nan|1176,0.00032,0.833553,2,3,1,0.923542,0.803731,0.785229,0.78785,0.611502,0.576459
130_bNAb_Combinations|1313974|sample|3|nan|1176,0.0016,0.76765,3,3,1,0.965052,0.874343,0.817987,0.822743,-0.612051,-0.666086
130_bNAb_Combinations|1313974|sample|3|nan|1176,0.008,0.763766,4,3,1,0.962098,0.797444,0.64778,0.663269,1.77037,1.49912
130_bNAb_Combinations|1313974|sample|3|nan|1176,0.04,0.33966,5,3,1,0.938285,0.60972,0.322135,0.353676,0.523001,-0.382838
130_bNAb_Combinations|1313974|sample|3|nan|1176,0.2,0.074798,6,3,1,0.764503,0.279384,0.0606062,0.0744289,1.81814,0.0402742
130_bNAb_Combinations|1313974|sample|3|nan|1176,1,0.0275637,7,3,1,0.137661,0.0274332,0.028475,0.0279098,-0.196059,-0.0753611
130_bNAb_Combinations|1313974|sample|3|nan|1176,5,0.0219257,8,3,1,0.00036918,0.00177029,0.0206947,0.0202581,0.317012,0.434265
130_bNAb_Combinations|1313974|sample|4|nan|1176,0.000064,0.596254,1,4,1,0.830939,0.591795,0.578862,0.583238,0.296069,0.219968
130_bNAb_Combinations|1313974|sample|4|nan|1176,0.00032,0.751363,2,4,1,0.923542,0.803731,0.768091,0.77523,-0.216305,-0.305827
130_bNAb_Combinations|1313974|sample|4|nan|1176,0.0016,0.81952,3,4,1,0.965052,0.874343,0.788964,0.800216,0.38488,0.239814
130_bNAb_Combinations|1313974|sample|4|nan|1176,0.008,0.746852,4,4,1,0.980958,0.836833,0.65984,0.675616,1.30452,1.04374
130_bNAb_Combinations|1313974|sample|4|nan|1176,0.04,0.327758,5,4,1,0.956678,0.639836,0.374573,0.387951,-1.21084,-1.50566
130_bNAb_Combinations|1313974|sample|4|nan|1176,0.2,0.106747,6,4,1,0.764503,0.279384,0.0994681,0.101488,0.626123,0.444786
130_bNAb_Combinations|1313974|sample|4|nan|1176,1,0.0308213,7,4,1,0.137661,0.0274332,0.0265514,0.0254147,0.95766,1.24378
130_bNAb_Combinations|1313974|sample|4|nan|1176,5,0.0120278,8,4,1,0.00036918,0.00177029,0.0183522,0.0175889,-1.73139,-1.55434
130_bNAb_Combinations|1313974|sample|5|nan|1176,0.0006144,0.585729,1,5,1,0.830843,0.58022,0.536341,0.529422,0.905169,1.04501
130_bNAb_Combinations|1313974|sample|5|nan|1176,0.003072,0.613794,2,5,1,0.922666,0.758711,0.642784,0.626359,-0.44583,-0.198151
130_bNAb_Combinations|1313974|sample|5|nan|1176,0.01536,0.526467,3,5,1,0.957593,0.739014,0.522167,0.503066,0.0808774,0.456233
130_bNAb_Combinations|1313974|sample|5|nan|1176,0.0768,0.174278,4,5,1,0.920677,0.512646,0.259402,0.253745,-3.11308,-2.96652
130_bNAb_Combinations|1313974|sample|5|nan|1176,0.384,0.0800601,5,5,1,0.569823,0.154574,0.061423,0.066971,2.36334,1.55246
130_bNAb_Combinations|1313974|sample|5|nan|1176,1.92,0.03458,6,5,1,0.0116249,0.00696225,0.0267916,0.0301206,1.73761,0.927219
130_bNAb_Combinations|1313974|sample|5|nan|1176,9.6,0.0281902,7,5,1,0.000410152,0.00239727,0.0235422,0.0263396,1.11655,0.417
130_bNAb_Combinations|1313974|sample|5|nan|1176,48,0.00826912,8,5,1,0.000369009,0.00174604,0.0171225,0.0191855,-2.50666,-2.92297
130_bNAb_Combinations|1313974|sample|6|nan|1176,0.0006144,0.51469,1,6,1,0.830843,0.58022,0.54514,0.536349,-0.549374,-0.396949
130_bNAb_Combinations|1313974|sample|6|nan|1176,0.003072,0.808369,2,6,1,0.922666,0.758711,0.659745,0.639279,2.22856,2.61429
130_bNAb_Combinations|1313974|sample|6|nan|1176,0.01536,0.47986,3,6,1,0.957593,0.739014,0.538322,0.515896,-1.06766,-0.685708
130_bNAb_Combinations|1313974|sample|6|nan|1176,0.0768,0.164756,4,6,1,0.920677,0.512646,0.260243,0.25688,-3.48155,-3.39992
130_bNAb_Combinations|1313974|sample|6|nan|1176,0.384,0.0816889,5,6,1,0.569823,0.154574,0.0624956,0.0672339,2.40177,1.70923
130_bNAb_Combinations|1313974|sample|6|nan|1176,1.92,0.045856,6,6,1,0.0116249,0.00696225,0.0358349,0.0345202,1.86576,2.16257
130_bNAb_Combinations|1313974|sample|6|nan|1176,9.6,0.023805,7,6,1,0.000410152,0.00239727,0.0317945,0.0304789,-1.60627,-1.37757
130_bNAb_Combinations|1313974|sample|6|nan|1176,48,0.00789325,8,6,1,0.000369009,0.00174604,0.0231245,0.0222005,-3.69527,-3.5493
130_bNAb_Combinations|1313974|sample|7|nan|1176,0.0000768,0.626699,1,7,1,0.830938,0.591365,0.59104,0.594518,0.594938,0.533869
130_bNAb_Combinations|1313974|sample|7|nan|1176,0.000384,0.800727,2,7,1,0.923529,0.802028,0.808938,0.814364,-0.100928,-0.166533
130_bNAb_Combinations|1313974|sample|7|nan|1176,0.00192,0.993736,3,7,1,0.964941,0.868946,0.896927,0.907813,1.07563,0.943454
130_bNAb_Combinations|1313974|sample|7|nan|1176,0.0096,1,4,7,1,0.980037,0.821855,0.903965,0.931522,1.0589,0.733157
130_bNAb_Combinations|1313974|sample|7|nan|1176,0.048,0.854476,5,7,1,0.949365,0.607036,0.800147,0.868579,0.674975,-0.161699
130_bNAb_Combinations|1313974|sample|7|nan|1176,0.24,0.743344,6,7,1,0.718045,0.23988,0.540284,0.669948,3.69537,1.08424
130_bNAb_Combinations|1313974|sample|7|nan|1176,1.2,0.326505,7,7,1,0.082736,0.0183975,0.226421,0.342658,4.15244,-0.454666
130_bNAb_Combinations|1313974|sample|7|nan|1176,6,0.132932,8,7,1,0.000369012,0.00175271,0.10336,0.128527,2.46279,0.304207
130_bNAb_Combinations|1313974|sample|8|nan|1176,0.0000768,0.625321,1,8,1,0.830938,0.591365,0.591592,0.594315,0.562223,0.514538
130_bNAb_Combinations|1313974|sample|8|nan|1176,0.000384,0.783938,2,8,1,0.923529,0.802028,0.811371,0.813912,-0.336218,-0.366237
130_bNAb_Combinations|1313974|sample|8|nan|1176,0.00192,0.983211,3,8,1,0.964941,0.868946,0.905559,0.907534,0.854727,0.83121
130_bNAb_Combinations|1313974|sample|8|nan|1176,0.0096,0.927081,4,8,1,0.980037,0.821855,0.931682,0.934302,-0.0492447,-0.0770821
130_bNAb_Combinations|1313974|sample|8|nan|1176,0.048,0.862056,5,8,1,0.949365,0.607036,0.878214,0.885857,-0.183269,-0.267687
130_bNAb_Combinations|1313974|sample|8|nan|1176,0.24,0.641108,6,8,1,0.718045,0.23988,0.706168,0.728009,-0.91309,-1.18394
130_bNAb_Combinations|1313974|sample|8|nan|1176,1.2,0.408069,7,8,1,0.082736,0.0183975,0.390174,0.429892,0.44518,-0.494868
130_bNAb_Combinations|1313974|sample|8|nan|1176,6,0.107499,8,8,1,0.000369012,0.00175271,0.0836325,0.100779,2.37031,0.571646
130_bNAb_Combinations|1313974|sample|9|nan|1176,0.0003648,0.584727,1,9,1,0.830893,0.584554,0.587495,0.592527,-0.0464395,-0.129814
130_bNAb_Combinations|1313974|sample|9|nan|1176,0.001824,0.879471,2,9,1,0.923122,0.775368,0.797334,0.807139,1.02398,0.891036
130_bNAb_Combinations|1313974|sample|9|nan|1176,0.00912,0.847836,3,9,1,0.961471,0.787336,0.866947,0.886779,-0.219535,-0.437547
130_bNAb_Combinations|1313974|sample|9|nan|1176,0.0456,0.917183,4,9,1,0.951595,0.61649,0.836575,0.876594,0.958829,0.461227
130_bNAb_Combinations|1313974|sample|9|nan|1176,0.228,0.733697,5,9,1,0.746291,0.263248,0.677374,0.744999,0.823149,-0.15056
130_bNAb_Combinations|1313974|sample|9|nan|1176,1.14,0.394788,6,9,1,0.101041,0.0231792,0.395774,0.465943,-0.0241888,-1.49349
130_bNAb_Combinations|1313974|sample|9|nan|1176,5.7,0.20109,7,9,1,0.000410163,0.0024105,0.160232,0.178617,2.32183,1.15818
130_bNAb_Combinations|1313974|sample|9|nan|1176,28.5,0.0780555,8,9,1,0.000369009,0.00174604,0.0861072,0.0809195,-0.780814,-0.292183
130_bNAb_Combinations|1313974|vc|1|2|nan|1176,0,0.615047,1,2,1,0.830945,0.595141,0.592379,0.595141,0.377374,0.3299
130_bNAb_Combinations|1313974|vc|2|2|nan|1176,0,0.671678,2,2,1,0.923591,0.817062,0.814477,0.817062,-1.74361,-1.76968
130_bNAb_Combinations|1313974|vc|3|2|nan|1176,0,0.718411,3,2,1,0.923591,0.817062,0.814477,0.817062,-1.17299,-1.20082
130_bNAb_Combinations|1313974|vc|4|2|nan|1176,0,0.81739,4,2,1,0.923591,0.817062,0.814477,0.817062,0.0355701,0.00399912
130_bNAb_Combinations|1313974|vc|5|2|nan|1176,0,0.786068,5,2,1,0.923591,0.817062,0.814477,0.817062,-0.346885,-0.377273
130_bNAb_Combinations|1313974|vc|6|2|nan|1176,0,0.718662,6,2,1,0.923591,0.817062,0.814477,0.817062,-1.16993,-1.19777
130_bNAb_Combinations|1313974|vc|7|2|nan|1176,0,0.706008,7,2,1,0.923591,0.817062,0.814477,0.817062,-1.32444,-1.3518
130_bNAb_Combinations|1313974|vc|8|2|nan|1176,0,0.513437,8,2,1,0.830945,0.595141,0.592379,0.595141,-1.31416,-1.35402
130_bNAb_Combinations|1313992|cc|1|1|RHPA4259.7|5371,0,0.000660826,1,1,0,0,0,0,0,0.357382,0.357382
130_bNAb_Combinations|1313992|cc|2|1|RHPA4259.7|5371,0,0.00171458,2,1,0,0,0,0,0,0.927261,0.927261
130_bNAb_Combinations|1313992|cc|3|1|RHPA4259.7|5371,0,0.00114305,3,1,0,0,0,0,0,0.618174,0.618174
130_bNAb_Combinations|1313992|cc|4|1|RHPA4259.7|5371,0,0.00148239,4,1,0,0,0,0,0,0.801695,0.801695
130_bNAb_Combinations|1313992|cc|5|1|RHPA4259.7|5371,0,0.00150025,5,1,0,0,0,0,0,0.811354,0.811354
130_bNAb_Combinations|1313992|cc|6|1|RHPA4259.7|5371,0,0.00133951,6,1,0,0,0,0,0,0.724423,0.724423
130_bNAb_Combinations|1313992|cc|7|1|RHPA4259.7|5371,0,0.001661,7,1,0,0,0,0,0,0.898285,0.898285
130_bNAb_Combinations|1313992|cc|8|1|RHPA4259.7|5371,0,0.00142881,8,1,0,0,0,0,0,0.772718,0.772718
130_bNAb_Combinations|1313992|sample|10|RHPA4259.7|5371,0.0003648,0.6759,1,10,1,0.830893,0.686823,0.652372,0.656528,0.35667,0.291858
130_bNAb_Combinations|1313992|sample|10|RHPA4259.7|5371,0.001824,0.701074,2,10,1,0.923122,0.81998,0.709558,0.722338,-0.118506,-0.291909
130_bNAb_Combinations|1313992|sample|10|RHPA4259.7|5371,0.00912,0.541985,3,10,1,0.961471,0.805554,0.5382,0.564243,0.0691379,-0.388414
130_bNAb_Combinations|1313992|sample|10|RHPA4259.7|5371,0.0456,0.23562,4,10,1,0.9333,0.601066,0.194668,0.221641,1.95183,0.591542
130_bNAb_Combinations|1313992|sample|10|RHPA4259.7|5371,0.228,0.0160206,5,10,1,0.731943,0.256661,0.0118425,0.0165961,1.38669,-0.165373
130_bNAb_Combinations|1313992|sample|10|RHPA4259.7|5371,1.14,0.00158956,6,10,1,0.101041,0.0237155,0.00104044,0.00111313,0.281405,0.243262
130_bNAb_Combinations|1313992|sample|10|RHPA4259.7|5371,5.7,0.000392924,7,10,1,0.000410163,0.00254919,0.000954613,0.00101675,-0.289099,-0.320073
130_bNAb_Combinations|1313992|sample|10|RHPA4259.7|5371,28.5,0.000928729,8,10,1,0.000369009,0.00205151,0.000773205,0.000822815,0.0807889,0.0548792
130_bNAb_Combinations|1313992|sample|11|RHPA4259.7|5371,0.0003712,0.650289,1,11,1,0.830892,0.686679,0.640863,0.634685,0.145381,0.24295
130_bNAb_Combinations|1313992|sample|11|RHPA4259.7|5371,0.001856,0.618283,2,11,1,0.923112,0.81948,0.678752,0.672198,-0.881992,-0.793859
130_bNAb_Combinations|1313992|sample|11|RHPA4259.7|5371,0.00928,0.451639,3,11,1,0.919683,0.740302,0.444216,0.450869,0.163113,0.0166787
130_bNAb_Combinations|1313992|sample|11|RHPA4259.7|5371,0.0464,0.163215,4,11,1,0.892126,0.550502,0.137964,0.160606,1.63879,0.147965
130_bNAb_Combinations|1313992|sample|11|RHPA4259.7|5371,0.2319999999999999,0.0123414,5,11,1,0.69576,0.232772,0.00620862,0.0118023,2.49372,0.179169
130_bNAb_Combinations|1313992|sample|11|RHPA4259.7|5371,1.16,0,6,11,1,0.0917985,0.0210012,0.000810879,0.000803708,-0.420412,-0.416847
130_bNAb_Combinations|1313992|sample|11|RHPA4259.7|5371,5.8,0.000839428,7,11,1,0.000410159,0.0025475,0.000810112,0.000792356,0.0151998,0.0244281
130_bNAb_Combinations|1313992|sample|11|RHPA4259.7|5371,29,0.000500085,8,11,1,0.000369009,0.00205151,0.000656164,0.000641224,-0.0815644,-0.0738137
130_bNAb_Combinations|1313992|sample|12|RHPA4259.7|5371,0.0003712,0.617105,1,12,1,0.830892,0.686679,0.666895,0.665061,-0.738803,-0.7135
130_bNAb_Combinations|1313992|sample|12|RHPA4259.7|5371,0.001856,0.643716,2,12,1,0.830514,0.663174,0.606338,0.603938,0.608361,0.649908
130_bNAb_Combinations|1313992|sample|12|RHPA4259.7|5371,0.00928,0.450916,3,12,1,0.827429,0.599098,0.454573,0.455696,-0.0785991,-0.1025
130_bNAb_Combinations|1313992|sample|12|RHPA4259.7|5371,0.0464,0.208089,4,12,1,0.802637,0.4455,0.190304,0.200363,0.865322,0.358638
130_bNAb_Combinations|1313992|sample|12|RHPA4259.7|5371,0.2319999999999999,0.0184138,5,12,1,0.625968,0.188374,0.0140728,0.0187362,1.34305,-0.0873496
130_bNAb_Combinations|1313992|sample|12|RHPA4259.7|5371,1.16,0.000125021,6,12,1,0.0825901,0.0169954,0.000419551,0.000635595,-0.155811,-0.2671
130_bNAb_Combinations|1313992|sample|12|RHPA4259.7|5371,5.8,0.000500085,7,12,1,0.000369016,0.0020616,0.000414471,0.000618381,0.0453028,-0.0619402
130_bNAb_Combinations|1313992|sample|12|RHPA4259.7|5371,29,0.000285763,8,12,1,0.000369009,0.00205151,0.000414471,0.000618381,-0.0681065,-0.174159
130_bNAb_Combinations|1313992|sample|3|RHPA4259.7|5371,0.000064,0.754539,1,3,1,0.830939,0.695331,0.697733,0.698295,0.806627,0.798012
130_bNAb_Combinations|1313992|sample|3|RHPA4259.7|5371,0.00032,0.910976,2,3,1,0.923542,0.849975,0.858317,0.860333,0.610843,0.586105
130_bNAb_Combinations|1313992|sample|3|RHPA4259.7|5371,0.0016,0.927479,3,3,1,0.965052,0.894574,0.922271,0.925882,0.0563017,0.0171988
130_bNAb_Combinations|1313992|sample|3|RHPA4259.7|5371,0.008,0.944785,4,3,1,0.962098,0.815896,0.891403,0.899357,0.596729,0.503411
130_bNAb_Combinations|1313992|sample|3|RHPA4259.7|5371,0.04,0.905162,5,3,1,0.938285,0.623828,0.803125,0.821017,1.26311,1.01944
130_bNAb_Combinations|1313992|sample|3|RHPA4259.7|5371,0.2,0.651807,6,3,1,0.764503,0.285849,0.583736,0.617158,1.14945,0.554345
130_bNAb_Combinations|1313992|sample|3|RHPA4259.7|5371,1,0.224351,7,3,1,0.137661,0.0290117,0.203671,0.233644,0.945734,-0.374548
130_bNAb_Combinations|1313992|sample|3|RHPA4259.7|5371,5,0.0158956,8,3,1,0.00036918,0.00208001,0.0116092,0.0150325,1.43353,0.259449
130_bNAb_Combinations|1313992|sample|4|RHPA4259.7|5371,0.000064,0.699119,1,4,1,0.830939,0.695331,0.697861,0.698016,0.0178612,0.0156501
130_bNAb_Combinations|1313992|sample|4|RHPA4259.7|5371,0.00032,0.930694,2,4,1,0.923542,0.849975,0.858791,0.859451,0.833617,0.825341
130_bNAb_Combinations|1313992|sample|4|RHPA4259.7|5371,0.0016,0.969602,3,4,1,0.965052,0.894574,0.923805,0.923542,0.494341,0.497318
130_bNAb_Combinations|1313992|sample|4|RHPA4259.7|5371,0.008,1,4,4,1,0.980958,0.845164,0.928341,0.926164,0.769785,0.794997
130_bNAb_Combinations|1313992|sample|4|RHPA4259.7|5371,0.04,0.855217,5,4,1,0.956678,0.646206,0.844812,0.840156,0.122582,0.178398
130_bNAb_Combinations|1313992|sample|4|RHPA4259.7|5371,0.2,0.614506,6,4,1,0.764503,0.285849,0.610502,0.605202,0.0647417,0.151704
130_bNAb_Combinations|1313992|sample|4|RHPA4259.7|5371,1,0.229173,7,4,1,0.137661,0.0290117,0.232227,0.232332,-0.123785,-0.12799
130_bNAb_Combinations|1313992|sample|4|RHPA4259.7|5371,5,0.0174851,8,4,1,0.00036918,0.00208001,0.0147066,0.0166176,0.843395,0.249114
130_bNAb_Combinations|1313992|sample|5|RHPA4259.7|5371,0.0006144,0.682232,1,5,1,0.830843,0.68173,0.69451,0.694612,-0.175136,-0.17657
130_bNAb_Combinations|1313992|sample|5|RHPA4259.7|5371,0.003072,0.897884,2,5,1,0.922666,0.802365,0.844564,0.84536,0.628362,0.618422
130_bNAb_Combinations|1313992|sample|5|RHPA4259.7|5371,0.01536,0.905895,3,5,1,0.957593,0.756114,0.871936,0.873485,0.387903,0.369564
130_bNAb_Combinations|1313992|sample|5|RHPA4259.7|5371,0.0768,0.832025,4,5,1,0.920677,0.51775,0.760656,0.768043,0.931609,0.827334
130_bNAb_Combinations|1313992|sample|5|RHPA4259.7|5371,0.384,0.471151,5,5,1,0.569823,0.156113,0.426493,0.449249,1.02039,0.476116
130_bNAb_Combinations|1313992|sample|5|RHPA4259.7|5371,1.92,0.0757807,6,5,1,0.0116249,0.00712334,0.0618049,0.077672,1.76385,-0.199442
130_bNAb_Combinations|1313992|sample|5|RHPA4259.7|5371,9.6,0.0066797,7,5,1,0.000410152,0.0025352,0.00444785,0.00457589,0.976217,0.915176
130_bNAb_Combinations|1313992|sample|5|RHPA4259.7|5371,48,0.00155384,8,5,1,0.000369009,0.00205151,0.0035434,0.00353503,-0.905448,-0.901975
130_bNAb_Combinations|1313992|sample|6|RHPA4259.7|5371,0.0006144,0.679213,1,6,1,0.830843,0.68173,0.693117,0.69267,-0.198703,-0.192443
130_bNAb_Combinations|1313992|sample|6|RHPA4259.7|5371,0.003072,0.909244,2,6,1,0.922666,0.802365,0.840501,0.839501,0.813944,0.826743
130_bNAb_Combinations|1313992|sample|6|RHPA4259.7|5371,0.01536,0.882409,3,6,1,0.957593,0.756114,0.863139,0.859612,0.222301,0.264055
130_bNAb_Combinations|1313992|sample|6|RHPA4259.7|5371,0.0768,0.759665,4,6,1,0.920677,0.51775,0.749371,0.744025,0.136345,0.208601
130_bNAb_Combinations|1313992|sample|6|RHPA4259.7|5371,0.384,0.442039,5,6,1,0.569823,0.156113,0.430749,0.431207,0.255525,0.244901
130_bNAb_Combinations|1313992|sample|6|RHPA4259.7|5371,1.92,0.0812102,6,6,1,0.0116249,0.00712334,0.0763097,0.0818926,0.52417,-0.068944
130_bNAb_Combinations|1313992|sample|6|RHPA4259.7|5371,9.6,0.00728695,7,6,1,0.000410152,0.0025352,0.00497296,0.00471362,0.989803,1.11287
130_bNAb_Combinations|1313992|sample|6|RHPA4259.7|5371,48,0.000660826,8,6,1,0.000369009,0.00205151,0.00380391,0.00345189,-1.41393,-1.27543
130_bNAb_Combinations|1313992|sample|7|RHPA4259.7|5371,0.0000768,0.658728,1,7,1,0.830938,0.694825,0.684329,0.685527,-0.370462,-0.387129
130_bNAb_Combinations|1313992|sample|7|RHPA4259.7|5371,0.000384,0.835624,2,7,1,0.923529,0.848174,0.811406,0.815234,0.296807,0.248743
130_bNAb_Combinations|1313992|sample|7|RHPA4259.7|5371,0.00192,0.789589,3,7,1,0.964941,0.889052,0.783711,0.79134,0.0745223,-0.0219847
130_bNAb_Combinations|1313992|sample|7|RHPA4259.7|5371,0.0096,0.635402,4,7,1,0.980037,0.830037,0.576647,0.589621,1.00396,0.765592
130_bNAb_Combinations|1313992|sample|7|RHPA4259.7|5371,0.048,0.221618,5,7,1,0.949365,0.61308,0.213519,0.225188,0.354662,-0.148852
130_bNAb_Combinations|1313992|sample|7|RHPA4259.7|5371,0.24,0.0149132,6,7,1,0.718045,0.24543,0.0128319,0.0147154,0.669181,0.0600429
130_bNAb_Combinations|1313992|sample|7|RHPA4259.7|5371,1.2,0.00198248,7,7,1,0.082736,0.019456,0.00142424,0.00186159,0.280653,0.0594931
130_bNAb_Combinations|1313992|sample|7|RHPA4259.7|5371,6,0.00167886,8,7,1,0.000369012,0.00205935,0.00115161,0.00150398,0.268694,0.0875753
130_bNAb_Combinations|1313992|sample|8|RHPA4259.7|5371,0.0000768,0.639796,1,8,1,0.830938,0.694825,0.68677,0.688698,-0.677382,-0.703262
130_bNAb_Combinations|1313992|sample|8|RHPA4259.7|5371,0.000384,0.832418,2,8,1,0.923529,0.848174,0.819177,0.825042,0.160767,0.0889314
130_bNAb_Combinations|1313992|sample|8|RHPA4259.7|5371,0.00192,0.855234,3,8,1,0.964941,0.889052,0.803772,0.815661,0.63655,0.482516
130_bNAb_Combinations|1313992|sample|8|RHPA4259.7|5371,0.0096,0.694582,4,8,1,0.980037,0.830037,0.61609,0.634957,1.25788,0.927952
130_bNAb_Combinations|1313992|sample|8|RHPA4259.7|5371,0.048,0.261848,5,8,1,0.949365,0.61308,0.252951,0.267209,0.333087,-0.190707
130_bNAb_Combinations|1313992|sample|8|RHPA4259.7|5371,0.24,0.0198069,6,8,1,0.718045,0.24543,0.0184994,0.0197162,0.356547,0.0239563
130_bNAb_Combinations|1313992|sample|8|RHPA4259.7|5371,1.2,0.00117877,7,8,1,0.082736,0.019456,0.00096936,0.00109594,0.107703,0.0423326
130_bNAb_Combinations|1313992|sample|8|RHPA4259.7|5371,6,0.000464364,8,8,1,0.000369012,0.00205935,0.000779398,0.000881834,-0.163596,-0.215663
130_bNAb_Combinations|1313992|sample|9|RHPA4259.7|5371,0.0003648,0.59653,1,9,1,0.830893,0.686823,0.666047,0.664131,-1.03279,-1.00714
130_bNAb_Combinations|1313992|sample|9|RHPA4259.7|5371,0.001824,0.754182,2,9,1,0.923122,0.81998,0.744702,0.740639,0.126323,0.181433
130_bNAb_Combinations|1313992|sample|9|RHPA4259.7|5371,0.00912,0.593958,3,9,1,0.961471,0.805554,0.597753,0.592015,-0.0626246,0.0323628
130_bNAb_Combinations|1313992|sample|9|RHPA4259.7|5371,0.0456,0.260651,4,9,1,0.951595,0.622628,0.246046,0.24557,0.561088,0.580401
130_bNAb_Combinations|1313992|sample|9|RHPA4259.7|5371,0.228,0.0158598,5,9,1,0.746291,0.265868,0.015503,0.0167885,0.1058,-0.265396
130_bNAb_Combinations|1313992|sample|9|RHPA4259.7|5371,1.14,0.000964449,6,9,1,0.101041,0.0237155,0.000844289,0.000889351,0.0621931,0.0387807
130_bNAb_Combinations|1313992|sample|9|RHPA4259.7|5371,5.7,0.000267903,7,9,1,0.000410163,0.00254919,0.000774496,0.000814503,-0.263138,-0.283341
130_bNAb_Combinations|1313992|sample|9|RHPA4259.7|5371,28.5,0.000839428,8,9,1,0.000369009,0.00205151,0.000627315,0.000659147,0.111011,0.0941979
130_bNAb_Combinations|1313992|vc|1|2|RHPA4259.7|5371,0,0.779132,1,2,1,0.830945,0.699261,0.698958,0.699261,1.13649,1.13172
130_bNAb_Combinations|1313992|vc|2|2|RHPA4259.7|5371,0,0.953474,2,2,1,0.923591,0.864073,0.862948,0.864073,1.04459,1.03029
130_bNAb_Combinations|1313992|vc|3|2|RHPA4259.7|5371,0,0.91795,3,2,1,0.923591,0.864073,0.862948,0.864073,0.634681,0.620905
130_bNAb_Combinations|1313992|vc|4|2|RHPA4259.7|5371,0,0.938007,4,2,1,0.923591,0.864073,0.862948,0.864073,0.866119,0.852049
130_bNAb_Combinations|1313992|vc|5|2|RHPA4259.7|5371,0,0.961699,5,2,1,0.923591,0.864073,0.862948,0.864073,1.1395,1.12508
130_bNAb_Combinations|1313992|vc|6|2|RHPA4259.7|5371,0,0.866995,6,2,1,0.923591,0.864073,0.862948,0.864073,0.0467075,0.0336812
130_bNAb_Combinations|1313992|vc|7|2|RHPA4259.7|5371,0,0.852279,7,2,1,0.923591,0.864073,0.862948,0.864073,-0.12311,-0.13592
130_bNAb_Combinations|1313992|vc|8|2|RHPA4259.7|5371,0,0.715353,8,2,1,0.830945,0.699261,0.698958,0.699261,0.232405,0.228018
130_bNAb_Combinations|1314016|cc|1|1|nan|3430,0,0.0013549,1,1,0,0,0,0,0,0.732742,0.732742
130_bNAb_Combinations|1314016|cc|2|1|nan|3430,0,0.00201049,2,1,0,0,0,0,0,1.08729,1.08729
130_bNAb_Combinations|1314016|cc|3|1|nan|3430,0,0.00170455,3,1,0,0,0,0,0,0.921837,0.921837
130_bNAb_Combinations|1314016|cc|4|1|nan|3430,0,0.00253497,4,1,0,0,0,0,0,1.37094,1.37094
130_bNAb_Combinations|1314016|cc|5|1|nan|3430,0,0.00104895,5,1,0,0,0,0,0,0.567284,0.567284
130_bNAb_Combinations|1314016|cc|6|1|nan|3430,0,0.000743007,6,1,0,0,0,0,0,0.401826,0.401826
130_bNAb_Combinations|1314016|cc|7|1|nan|3430,0,0,7,1,0,0,0,0,0,0,0
130_bNAb_Combinations|1314016|cc|8|1|nan|3430,0,0.00187937,8,1,0,0,0,0,0,1.01638,1.01638
130_bNAb_Combinations|1314016|sample|10|nan|3430,0.0003648,0.774781,1,10,1,0.830893,0.880065,0.83794,0.833903,-0.750061,-0.705444
130_bNAb_Combinations|1314016|sample|10|nan|3430,0.001824,0.738134,2,10,1,0.923122,0.904353,0.805508,0.805843,-0.831606,-0.8354
130_bNAb_Combinations|1314016|sample|10|nan|3430,0.00912,0.636976,3,10,1,0.961471,0.84004,0.646094,0.661917,-0.13954,-0.372789
130_bNAb_Combinations|1314016|sample|10|nan|3430,0.0456,0.400415,4,10,1,0.9333,0.626798,0.353137,0.394417,1.2933,0.147699
130_bNAb_Combinations|1314016|sample|10|nan|3430,0.228,0.120367,5,10,1,0.731943,0.267649,0.0868544,0.122944,3.22691,-0.184969
130_bNAb_Combinations|1314016|sample|10|nan|3430,1.14,0.0218531,6,10,1,0.101041,0.0247307,0.015619,0.0181735,1.84214,1.01223
130_bNAb_Combinations|1314016|sample|10|nan|3430,5.7,0.0119318,7,10,1,0.000410163,0.00281149,0.0136024,0.0116381,-0.524371,0.0981341
130_bNAb_Combinations|1314016|sample|10|nan|3430,28.5,0.00895979,8,10,1,0.000369009,0.00262872,0.0128012,0.0109351,-1.2363,-0.675585
130_bNAb_Combinations|1314016|sample|11|nan|3430,0.0003712,1,1,11,1,0.830892,0.879882,0.854739,0.8563,1.69193,1.67076
130_bNAb_Combinations|1314016|sample|11|nan|3430,0.001856,0.764248,2,11,1,0.923112,0.903802,0.835005,0.840241,-0.843187,-0.90006
130_bNAb_Combinations|1314016|sample|11|nan|3430,0.00928,0.669886,3,11,1,0.919683,0.816476,0.663082,0.671779,0.101524,-0.0278832
130_bNAb_Combinations|1314016|sample|11|nan|3430,0.0464,0.36392,4,11,1,0.892126,0.607146,0.352657,0.361214,0.308522,0.072451
130_bNAb_Combinations|1314016|sample|11|nan|3430,0.2319999999999999,0.066521,5,11,1,0.69576,0.256724,0.0635875,0.0656619,0.362224,0.103472
130_bNAb_Combinations|1314016|sample|11|nan|3430,1.16,0.00305944,6,11,1,0.0917985,0.0231621,0.00226001,0.00223607,0.385974,0.397985
130_bNAb_Combinations|1314016|sample|11|nan|3430,5.8,0.000437063,7,11,1,0.000410159,0.00280963,0.00171754,0.00169339,-0.634564,-0.62333
130_bNAb_Combinations|1314016|sample|11|nan|3430,29,0.00227273,8,11,1,0.000369009,0.00262872,0.00161639,0.00159214,0.326872,0.339351
130_bNAb_Combinations|1314016|sample|12|nan|3430,0.0003712,0.984091,1,12,1,0.830892,0.879882,0.867147,0.866565,1.34303,1.3506
130_bNAb_Combinations|1314016|sample|12|nan|3430,0.001856,0.80153,2,12,1,0.830514,0.849764,0.809476,0.809867,-0.0976134,-0.102369
130_bNAb_Combinations|1314016|sample|12|nan|3430,0.00928,0.693553,3,12,1,0.827429,0.767659,0.656834,0.659982,0.552958,0.503207
130_bNAb_Combinations|1314016|sample|12|nan|3430,0.0464,0.359899,4,12,1,0.802637,0.570845,0.348501,0.355623,0.315727,0.116204
130_bNAb_Combinations|1314016|sample|12|nan|3430,0.2319999999999999,0.0557255,5,12,1,0.625968,0.241374,0.0516453,0.0556233,0.589202,0.0139765
130_bNAb_Combinations|1314016|sample|12|nan|3430,1.16,0.000305944,6,12,1,0.0825901,0.0217773,0.00107599,0.0012192,-0.393922,-0.46384
130_bNAb_Combinations|1314016|sample|12|nan|3430,5.8,0.00104895,7,12,1,0.000369016,0.00264164,0.000923512,0.00102216,0.0646645,0.0137404
130_bNAb_Combinations|1314016|sample|12|nan|3430,29,0.00161713,8,12,1,0.000369009,0.00262872,0.000923512,0.00102216,0.357566,0.305185
130_bNAb_Combinations|1314016|sample|3|nan|3430,0.000064,0.934375,1,3,1,0.830939,0.890968,0.850054,0.839631,0.987419,1.12295
130_bNAb_Combinations|1314016|sample|3|nan|3430,0.00032,0.84434,2,3,1,0.923542,0.937435,0.812228,0.79476,0.393162,0.620055
130_bNAb_Combinations|1314016|sample|3|nan|3430,0.0016,0.64458,3,3,1,0.965052,0.93287,0.608295,0.589864,0.588728,0.914639
130_bNAb_Combinations|1314016|sample|3|nan|3430,0.008,0.217177,4,3,1,0.962098,0.850824,0.24062,0.241102,-0.919429,-0.936578
130_bNAb_Combinations|1314016|sample|3|nan|3430,0.04,0.0300699,5,3,1,0.938285,0.650534,0.0233396,0.0281993,1.62451,0.404857
130_bNAb_Combinations|1314016|sample|3|nan|3430,0.2,0.0116259,6,3,1,0.764503,0.298086,0.00970949,0.0105362,0.683603,0.377752
130_bNAb_Combinations|1314016|sample|3|nan|3430,1,0.00983392,7,3,1,0.137661,0.0319969,0.00945277,0.010245,0.137196,-0.143936
130_bNAb_Combinations|1314016|sample|3|nan|3430,5,0.00957168,8,3,1,0.00036918,0.00266524,0.00889609,0.00963245,0.248066,-0.0217353
130_bNAb_Combinations|1314016|sample|4|nan|3430,0.000064,0.986801,1,4,1,0.830939,0.890968,0.861972,0.851137,1.44201,1.58668
130_bNAb_Combinations|1314016|sample|4|nan|3430,0.00032,0.92017,2,4,1,0.923542,0.937435,0.839527,0.818816,0.955936,1.23116
130_bNAb_Combinations|1314016|sample|4|nan|3430,0.0016,0.701202,3,4,1,0.965052,0.93287,0.653296,0.625557,0.72522,1.19445
130_bNAb_Combinations|1314016|sample|4|nan|3430,0.008,0.233566,4,4,1,0.980958,0.860948,0.275358,0.266497,-1.44548,-1.17436
130_bNAb_Combinations|1314016|sample|4|nan|3430,0.04,0.0290647,5,4,1,0.956678,0.658275,0.0238268,0.0274408,1.24983,0.357201
130_bNAb_Combinations|1314016|sample|4|nan|3430,0.2,0.0108392,6,4,1,0.764503,0.298086,0.00816696,0.0082452,1.00771,0.975379
130_bNAb_Combinations|1314016|sample|4|nan|3430,1,0.0083042,7,4,1,0.137661,0.0319969,0.00795177,0.00801923,0.133973,0.108056
130_bNAb_Combinations|1314016|sample|4|nan|3430,5,0.00472028,8,4,1,0.00036918,0.00266524,0.00748348,0.00753976,-1.06911,-1.08856
130_bNAb_Combinations|1314016|sample|5|nan|3430,0.0006144,0.749082,1,5,1,0.830843,0.87354,0.647027,0.647677,1.55951,1.54806
130_bNAb_Combinations|1314016|sample|5|nan|3430,0.003072,0.389576,2,5,1,0.922666,0.884926,0.396801,0.396207,-0.176872,-0.162564
130_bNAb_Combinations|1314016|sample|5|nan|3430,0.01536,0.0907343,3,5,1,0.957593,0.788483,0.0995642,0.0970908,-0.758941,-0.558006
130_bNAb_Combinations|1314016|sample|5|nan|3430,0.0768,0.0207168,4,5,1,0.920677,0.52742,0.0149656,0.0137486,1.73233,2.17732
130_bNAb_Combinations|1314016|sample|5|nan|3430,0.384,0.0156906,5,5,1,0.569823,0.159028,0.0134948,0.0124108,0.691478,1.06872
130_bNAb_Combinations|1314016|sample|5|nan|3430,1.92,0.00690559,6,5,1,0.0116249,0.0074283,0.0133362,0.0122649,-2.03513,-1.75454
130_bNAb_Combinations|1314016|sample|5|nan|3430,9.6,0.00743007,7,5,1,0.000410152,0.00279606,0.0129879,0.011942,-1.77818,-1.49266
130_bNAb_Combinations|1314016|sample|5|nan|3430,48,0.0101836,8,5,1,0.000369009,0.00262872,0.012223,0.011228,-0.66859,-0.353742
130_bNAb_Combinations|1314016|sample|6|nan|3430,0.0006144,0.677579,1,6,1,0.830843,0.87354,0.584218,0.598281,1.57524,1.30746
130_bNAb_Combinations|1314016|sample|6|nan|3430,0.003072,0.36038,2,6,1,0.922666,0.884926,0.350678,0.364224,0.267172,-0.10209
130_bNAb_Combinations|1314016|sample|6|nan|3430,0.01536,0.088243,3,6,1,0.957593,0.788483,0.0991471,0.103083,-0.94053,-1.23867
130_bNAb_Combinations|1314016|sample|6|nan|3430,0.0768,0.0203234,4,6,1,0.920677,0.52742,0.0134103,0.013248,2.18279,2.24535
130_bNAb_Combinations|1314016|sample|6|nan|3430,0.384,0.0114948,5,6,1,0.569823,0.159028,0.00966169,0.00953799,0.654979,0.70223
130_bNAb_Combinations|1314016|sample|6|nan|3430,1.92,0.00655594,6,6,1,0.0116249,0.0074283,0.00954586,0.00942414,-1.0727,-1.03347
130_bNAb_Combinations|1314016|sample|6|nan|3430,9.6,0.0083479,7,6,1,0.000410152,0.00279606,0.00929655,0.00917609,-0.343368,-0.301058
130_bNAb_Combinations|1314016|sample|6|nan|3430,48,0.00467657,8,6,1,0.000369009,0.00262872,0.00874907,0.00862745,-1.50334,-1.46491
130_bNAb_Combinations|1314016|sample|7|nan|3430,0.0000768,0.664773,1,7,1,0.830938,0.89032,0.879661,0.880515,-2.43348,-2.44084
130_bNAb_Combinations|1314016|sample|7|nan|3430,0.000384,0.829917,2,7,1,0.923529,0.935448,0.907961,0.911692,-0.856814,-0.894179
130_bNAb_Combinations|1314016|sample|7|nan|3430,0.00192,0.764467,3,7,1,0.964941,0.927112,0.867268,0.874616,-1.18045,-1.25442
130_bNAb_Combinations|1314016|sample|7|nan|3430,0.0096,0.770411,4,7,1,0.980037,0.845538,0.73305,0.744464,0.505588,0.345871
130_bNAb_Combinations|1314016|sample|7|nan|3430,0.048,0.49139,5,7,1,0.949365,0.62453,0.469175,0.480879,0.463184,0.214012
130_bNAb_Combinations|1314016|sample|7|nan|3430,0.24,0.156862,6,7,1,0.718045,0.255937,0.156339,0.160719,0.0303828,-0.218583
130_bNAb_Combinations|1314016|sample|7|nan|3430,1.2,0.0207168,7,7,1,0.082736,0.021458,0.0180145,0.0185174,0.746556,0.599448
130_bNAb_Combinations|1314016|sample|7|nan|3430,6,0.00895979,8,7,1,0.000369012,0.00263877,0.00883775,0.00952044,0.0449074,-0.201327
130_bNAb_Combinations|1314016|sample|8|nan|3430,0.0000768,0.754545,1,8,1,0.830938,0.89032,0.882558,0.87743,-1.44501,-1.39505
130_bNAb_Combinations|1314016|sample|8|nan|3430,0.000384,0.798864,2,8,1,0.923529,0.935448,0.911695,0.904709,-1.23376,-1.16613
130_bNAb_Combinations|1314016|sample|8|nan|3430,0.00192,0.800874,3,8,1,0.964941,0.927112,0.866436,0.860347,-0.753545,-0.688288
130_bNAb_Combinations|1314016|sample|8|nan|3430,0.0096,0.751836,4,8,1,0.980037,0.845538,0.709497,0.719648,0.591489,0.443494
130_bNAb_Combinations|1314016|sample|8|nan|3430,0.048,0.501442,5,8,1,0.949365,0.62453,0.400093,0.450739,2.46165,1.09869
130_bNAb_Combinations|1314016|sample|8|nan|3430,0.24,0.11875,6,8,1,0.718045,0.255937,0.0937882,0.14699,2.25554,-1.73295
130_bNAb_Combinations|1314016|sample|8|nan|3430,1.2,0.0323427,7,8,1,0.082736,0.021458,0.0210952,0.0241094,2.86749,1.95164
130_bNAb_Combinations|1314016|sample|8|nan|3430,6,0.010271,8,8,1,0.000369012,0.00263877,0.0190863,0.0165886,-2.36658,-1.8157
130_bNAb_Combinations|1314016|sample|9|nan|3430,0.0003648,0.854218,1,9,1,0.830893,0.880065,0.80925,0.816275,0.552534,0.462296
130_bNAb_Combinations|1314016|sample|9|nan|3430,0.001824,0.730004,2,9,1,0.923122,0.904353,0.768193,0.77962,-0.493711,-0.632264
130_bNAb_Combinations|1314016|sample|9|nan|3430,0.00912,0.572749,3,9,1,0.961471,0.84004,0.622984,0.635267,-0.796396,-0.972514
130_bNAb_Combinations|1314016|sample|9|nan|3430,0.0456,0.403955,4,9,1,0.951595,0.634256,0.385417,0.391561,0.466625,0.307292
130_bNAb_Combinations|1314016|sample|9|nan|3430,0.228,0.124956,5,9,1,0.746291,0.270834,0.140432,0.138082,-0.98877,-0.851226
130_bNAb_Combinations|1314016|sample|9|nan|3430,1.14,0.0266608,6,9,1,0.101041,0.0247307,0.0226671,0.0213885,0.97962,1.33436
130_bNAb_Combinations|1314016|sample|9|nan|3430,5.7,0.0117133,7,9,1,0.000410163,0.00281149,0.0080044,0.00893022,1.40714,1.02065
130_bNAb_Combinations|1314016|sample|9|nan|3430,28.5,0.00231643,8,9,1,0.000369009,0.00262872,0.00739452,0.008321,-1.97144,-2.25152
130_bNAb_Combinations|1314016|vc|1|2|nan|3430,0,0.961123,1,2,1,0.830945,0.896004,0.896942,0.896004,0.713099,0.724264
130_bNAb_Combinations|1314016|vc|2|2|nan|3430,0,0.986976,2,2,1,0.923591,0.952983,0.953069,0.952983,0.354973,0.355904
130_bNAb_Combinations|1314016|vc|3|2|nan|3430,0,0.934987,3,2,1,0.923591,0.952983,0.953069,0.952983,-0.189299,-0.188416
130_bNAb_Combinations|1314016|vc|4|2|nan|3430,0,0.886582,4,2,1,0.923591,0.952983,0.953069,0.952983,-0.69605,-0.695213
130_bNAb_Combinations|1314016|vc|5|2|nan|3430,0,0.904633,5,2,1,0.923591,0.952983,0.953069,0.952983,-0.507077,-0.506222
130_bNAb_Combinations|1314016|vc|6|2|nan|3430,0,0.928955,6,2,1,0.923591,0.952983,0.953069,0.952983,-0.252443,-0.251566
130_bNAb_Combinations|1314016|vc|7|2|nan|3430,0,0.883566,7,2,1,0.923591,0.952983,0.953069,0.952983,-0.727622,-0.726787
130_bNAb_Combinations|1314016|vc|8|2|nan|3430,0,0.902404,8,2,1,0.830945,0.896004,0.896942,0.896004,0.0606852,0.0711812
130_bNAb_Combinations|1314040|cc|1|1|nan|4166,0,0.000767291,1,1,0,0,0,0,0,0.414959,0.414959
130_bNAb_Combinations|1314040|cc|2|1|nan|4166,0,0.000630275,2,1,0,0,0,0,0,0.34086,0.34086
130_bNAb_Combinations|1314040|cc|3|1|nan|4166,0,0,3,1,0,0,0,0,0,0,0
130_bNAb_Combinations|1314040|cc|4|1|nan|4166,0,0.00104132,4,1,0,0,0,0,0,0.563159,0.563159
130_bNAb_Combinations|1314040|cc|5|1|nan|4166,0,0.00117834,5,1,0,0,0,0,0,0.637259,0.637259
130_bNAb_Combinations|1314040|cc|6|1|nan|4166,0,0.00202784,6,1,0,0,0,0,0,1.09668,1.09668
130_bNAb_Combinations|1314040|cc|7|1|nan|4166,0,0.001699,7,1,0,0,0,0,0,0.918839,0.918839
130_bNAb_Combinations|1314040|cc|8|1|nan|4166,0,0.00219226,8,1,0,0,0,0,0,1.1856,1.1856
130_bNAb_Combinations|1314040|sample|10|nan|4166,0.0003648,0.809588,1,10,1,0.830893,0.816125,0.762876,0.767272,0.608023,0.547722
130_bNAb_Combinations|1314040|sample|10|nan|4166,0.001824,0.790529,2,10,1,0.923122,0.876444,0.708856,0.716896,1.14201,1.01833
130_bNAb_Combinations|1314040|sample|10|nan|4166,0.00912,0.456991,3,10,1,0.961471,0.828636,0.428859,0.431718,0.639373,0.570751
130_bNAb_Combinations|1314040|sample|10|nan|4166,0.0456,0.0730023,4,10,1,0.9333,0.61829,0.080601,0.075734,-0.777699,-0.293974
130_bNAb_Combinations|1314040|sample|10|nan|4166,0.228,0.0016442,5,10,1,0.731943,0.264017,0.00113601,0.00155369,0.259183,0.0452103
130_bNAb_Combinations|1314040|sample|10|nan|4166,1.14,0.00145237,6,10,1,0.101041,0.0243953,0.000660553,0.0012626,0.4137,0.0961761
130_bNAb_Combinations|1314040|sample|10|nan|4166,5.7,0.000876905,7,10,1,0.000410163,0.00272473,0.000631938,0.00120783,0.128175,-0.16817
130_bNAb_Combinations|1314040|sample|10|nan|4166,28.5,0.00142497,8,10,1,0.000369009,0.00243774,0.000569087,0.00108664,0.449281,0.172983
130_bNAb_Combinations|1314040|sample|11|nan|4166,0.0003712,0.722789,1,11,1,0.830892,0.815954,0.779027,0.78209,-0.717198,-0.75337
130_bNAb_Combinations|1314040|sample|11|nan|4166,0.001856,0.682835,2,11,1,0.923112,0.87591,0.759533,0.772285,-1.00262,-1.15046
130_bNAb_Combinations|1314040|sample|11|nan|4166,0.00928,0.694111,3,11,1,0.919683,0.791279,0.514343,0.544504,3.43066,2.70222
130_bNAb_Combinations|1314040|sample|11|nan|4166,0.0464,0.1565,4,11,1,0.892126,0.588409,0.160535,0.194496,-0.228909,-1.81237
130_bNAb_Combinations|1314040|sample|11|nan|4166,0.2319999999999999,0.0120848,5,11,1,0.69576,0.248801,0.00611814,0.0104453,2.435,0.57014
130_bNAb_Combinations|1314040|sample|11|nan|4166,1.16,0.000876905,6,11,1,0.0917985,0.0224473,0.00128264,0.00123658,-0.205422,-0.182519
130_bNAb_Combinations|1314040|sample|11|nan|4166,5.8,0.000959114,7,11,1,0.000410159,0.00272292,0.00128249,0.00123533,-0.163723,-0.140174
130_bNAb_Combinations|1314040|sample|11|nan|4166,6,0.00120574,8,11,1,0.000369012,0.00244705,0.00115493,0.00111138,0.0258903,0.0481876
130_bNAb_Combinations|1314040|sample|12|nan|4166,0.0003712,0.634577,1,12,1,0.830892,0.815954,0.743474,0.746157,-1.4535,-1.48409
130_bNAb_Combinations|1314040|sample|12|nan|4166,0.001856,0.570344,2,12,1,0.830514,0.788024,0.626119,0.629991,-0.879919,-0.935393
130_bNAb_Combinations|1314040|sample|12|nan|4166,0.00928,0.44666,3,12,1,0.827429,0.711885,0.405082,0.407739,0.997973,0.928387
130_bNAb_Combinations|1314040|sample|12|nan|4166,0.0464,0.130275,4,12,1,0.802637,0.529371,0.134657,0.133686,-0.290486,-0.227574
130_bNAb_Combinations|1314040|sample|12|nan|4166,0.2319999999999999,0.00937192,5,12,1,0.625968,0.223837,0.00888918,0.00859973,0.1773,0.286602
130_bNAb_Combinations|1314040|sample|12|nan|4166,1.16,0.000685082,6,12,1,0.0825901,0.020195,0.000696097,0.00112364,-0.00574452,-0.223811
130_bNAb_Combinations|1314040|sample|12|nan|4166,5.8,0.000959114,7,12,1,0.000369016,0.00244971,0.000688818,0.00111876,0.141016,-0.0814904
130_bNAb_Combinations|1314040|sample|12|nan|4166,29,0.00142497,8,12,1,0.000369009,0.00243774,0.000688818,0.00111876,0.384057,0.156309
130_bNAb_Combinations|1314040|sample|3|nan|4166,0.000064,0.931259,1,3,1,0.830939,0.826235,0.801056,0.792822,1.61583,1.73545
130_bNAb_Combinations|1314040|sample|3|nan|4166,0.00032,0.9236,2,3,1,0.923542,0.908505,0.828733,0.812897,1.13886,1.35427
130_bNAb_Combinations|1314040|sample|3|nan|4166,0.0016,0.710882,3,3,1,0.965052,0.920206,0.705595,0.682432,0.0742569,0.412795
130_bNAb_Combinations|1314040|sample|3|nan|4166,0.008,0.333703,4,3,1,0.962098,0.839274,0.390652,0.377326,-1.4151,-1.12042
130_bNAb_Combinations|1314040|sample|3|nan|4166,0.04,0.08358,5,3,1,0.938285,0.641703,0.0764233,0.0807935,0.764588,0.284627
130_bNAb_Combinations|1314040|sample|3|nan|4166,0.2,0.0126329,6,3,1,0.764503,0.294039,0.0105457,0.010363,0.723321,0.791561
130_bNAb_Combinations|1314040|sample|3|nan|4166,1,0.0107147,7,3,1,0.137661,0.0310094,0.00967973,0.00911218,0.369569,0.583863
130_bNAb_Combinations|1314040|sample|3|nan|4166,5,0.00452154,8,3,1,0.00036918,0.00247159,0.00871699,0.00819789,-1.55054,-1.3848
130_bNAb_Combinations|1314040|sample|4|nan|4166,0.000064,0.849679,1,4,1,0.830939,0.826235,0.799267,0.806379,0.626994,0.533892
130_bNAb_Combinations|1314040|sample|4|nan|4166,0.00032,0.922147,2,4,1,0.923542,0.908505,0.824079,0.843942,1.1838,0.922293
130_bNAb_Combinations|1314040|sample|4|nan|4166,0.0016,0.857325,3,4,1,0.965052,0.920206,0.695995,0.736261,2.2964,1.63135
130_bNAb_Combinations|1314040|sample|4|nan|4166,0.008,0.429779,4,4,1,0.980958,0.85573,0.38654,0.437648,1.08534,-0.175391
130_bNAb_Combinations|1314040|sample|4|nan|4166,0.04,0.0907322,5,4,1,0.956678,0.654285,0.0766301,0.095012,1.50334,-0.38256
130_bNAb_Combinations|1314040|sample|4|nan|4166,0.2,0.0240601,6,4,1,0.764503,0.294039,0.0154137,0.0154399,2.57029,2.56053
130_bNAb_Combinations|1314040|sample|4|nan|4166,1,0.0110435,7,4,1,0.137661,0.0310094,0.0144164,0.0142598,-1.03274,-0.989463
130_bNAb_Combinations|1314040|sample|4|nan|4166,5,0.00460375,8,4,1,0.00036918,0.00247159,0.0129826,0.0128291,-2.68119,-2.64483
130_bNAb_Combinations|1314040|sample|5|nan|4166,0.0006144,0.779376,1,5,1,0.830843,0.810073,0.684271,0.686251,1.37631,1.34387
130_bNAb_Combinations|1314040|sample|5|nan|4166,0.003072,0.614409,2,5,1,0.922666,0.857616,0.548235,0.553775,1.18736,1.07744
130_bNAb_Combinations|1314040|sample|5|nan|4166,0.01536,0.200195,3,5,1,0.957593,0.777779,0.241658,0.248343,-1.61965,-1.83375
130_bNAb_Combinations|1314040|sample|5|nan|4166,0.0768,0.0378713,4,5,1,0.920677,0.524223,0.0319304,0.0342654,1.19121,0.691219
130_bNAb_Combinations|1314040|sample|5|nan|4166,0.384,0.0177847,5,5,1,0.569823,0.158064,0.00993282,0.0106793,2.77914,2.45127
130_bNAb_Combinations|1314040|sample|5|nan|4166,1.92,0.0106325,6,5,1,0.0116249,0.00732745,0.00970174,0.0104267,0.332094,0.0715884
130_bNAb_Combinations|1314040|sample|5|nan|4166,9.6,0.00548065,7,5,1,0.000410152,0.00270977,0.00928148,0.0099744,-1.37647,-1.58824
130_bNAb_Combinations|1314040|sample|5|nan|4166,48,0.00260331,8,5,1,0.000369009,0.00243774,0.00835835,0.0089736,-2.15499,-2.33256
130_bNAb_Combinations|1314040|sample|6|nan|4166,0.0006144,0.836677,1,6,1,0.830843,0.810073,0.69351,0.698878,2.04496,1.95357
130_bNAb_Combinations|1314040|sample|6|nan|4166,0.003072,0.59672,2,6,1,0.922666,0.857616,0.567839,0.574086,0.500894,0.388418
130_bNAb_Combinations|1314040|sample|6|nan|4166,0.01536,0.231763,3,6,1,0.957593,0.777779,0.264242,0.263627,-1.16747,-1.14788
130_bNAb_Combinations|1314040|sample|6|nan|4166,0.0768,0.0379261,4,6,1,0.920677,0.524223,0.0370951,0.0353859,0.151242,0.476874
130_bNAb_Combinations|1314040|sample|6|nan|4166,0.384,0.0173463,5,6,1,0.569823,0.158064,0.00873761,0.00991101,3.17916,2.63366
130_bNAb_Combinations|1314040|sample|6|nan|4166,1.92,0.00800175,6,6,1,0.0116249,0.00732745,0.00849291,0.00967595,-0.18301,-0.597915
130_bNAb_Combinations|1314040|sample|6|nan|4166,9.6,0.00649457,7,6,1,0.000410152,0.00270977,0.00812502,0.00925618,-0.615812,-1.00102
130_bNAb_Combinations|1314040|sample|6|nan|4166,48,0.00227447,8,6,1,0.000369009,0.00243774,0.00731691,0.00832745,-1.96341,-2.26914
130_bNAb_Combinations|1314040|sample|7|nan|4166,0.0000768,0.895881,1,7,1,0.830938,0.825634,0.816413,0.815204,0.968074,0.984237
130_bNAb_Combinations|1314040|sample|7|nan|4166,0.000384,1,2,7,1,0.923529,0.906579,0.867648,0.867815,1.51912,1.51691
130_bNAb_Combinations|1314040|sample|7|nan|4166,0.00192,0.885057,3,7,1,0.964941,0.914526,0.780947,0.787909,1.32451,1.22527
130_bNAb_Combinations|1314040|sample|7|nan|4166,0.0096,0.541804,4,7,1,0.980037,0.840414,0.478595,0.507392,1.29295,0.665381
130_bNAb_Combinations|1314040|sample|7|nan|4166,0.048,0.108462,5,7,1,0.949365,0.620746,0.0853843,0.114419,2.25349,-0.454946
130_bNAb_Combinations|1314040|sample|7|nan|4166,0.24,0.00367204,6,7,1,0.718045,0.252464,0.00143394,0.00261524,1.12467,0.501776
130_bNAb_Combinations|1314040|sample|7|nan|4166,1.2,0.00134276,7,7,1,0.082736,0.020796,0.00115044,0.00169535,0.0980133,-0.174921
130_bNAb_Combinations|1314040|sample|7|nan|4166,6,0.00120574,8,7,1,0.000369012,0.00244705,0.00103602,0.00152524,0.0869967,-0.159831
130_bNAb_Combinations|1314040|sample|8|nan|4166,0.0000768,0.844966,1,8,1,0.830938,0.825634,0.814795,0.81541,0.368252,0.360487
130_bNAb_Combinations|1314040|sample|8|nan|4166,0.000384,0.936,2,8,1,0.923529,0.906579,0.866256,0.868961,0.801763,0.768317
130_bNAb_Combinations|1314040|sample|8|nan|4166,0.00192,0.95599,3,8,1,0.964941,0.914526,0.789417,0.792581,2.09697,2.04911
130_bNAb_Combinations|1314040|sample|8|nan|4166,0.0096,0.549326,4,8,1,0.980037,0.840414,0.522577,0.519993,0.502699,0.553913
130_bNAb_Combinations|1314040|sample|8|nan|4166,0.048,0.117697,5,8,1,0.949365,0.620746,0.134814,0.126159,-1.13366,-0.593863
130_bNAb_Combinations|1314040|sample|8|nan|4166,0.24,0.00523402,6,8,1,0.718045,0.252464,0.0033473,0.00352533,0.866241,0.778253
130_bNAb_Combinations|1314040|sample|8|nan|4166,1.2,0.00183602,7,8,1,0.082736,0.020796,0.00146961,0.00221457,0.1838,-0.183165
130_bNAb_Combinations|1314040|sample|8|nan|4166,29,0.00120574,8,8,1,0.000369009,0.00243774,0.00132344,0.00199237,-0.0594691,-0.384678
130_bNAb_Combinations|1314040|sample|9|nan|4166,0.0003648,0.860586,1,9,1,0.830893,0.816125,0.777975,0.774566,1.05492,1.10316
130_bNAb_Combinations|1314040|sample|9|nan|4166,0.001824,0.800655,2,9,1,0.923122,0.876444,0.74735,0.742365,0.707887,0.779162
130_bNAb_Combinations|1314040|sample|9|nan|4166,0.00912,0.529856,3,9,1,0.961471,0.828636,0.492829,0.489617,0.736333,0.805261
130_bNAb_Combinations|1314040|sample|9|nan|4166,0.0456,0.113285,4,9,1,0.951595,0.630413,0.116689,0.12011,-0.255602,-0.499847
130_bNAb_Combinations|1314040|sample|9|nan|4166,0.228,0.00408309,5,9,1,0.746291,0.269194,0.00179926,0.00289111,1.12731,0.558768
130_bNAb_Combinations|1314040|sample|9|nan|4166,1.14,0.000959114,6,9,1,0.101041,0.0243953,0.000660089,0.00146275,0.156234,-0.252723
130_bNAb_Combinations|1314040|sample|9|nan|4166,5.7,0.00134276,7,9,1,0.000410163,0.00272473,0.000631495,0.00139929,0.372168,-0.0284566
130_bNAb_Combinations|1314040|sample|9|nan|4166,28.5,0.00109613,8,9,1,0.000369009,0.00243774,0.000568687,0.00125889,0.276878,-0.0825027
130_bNAb_Combinations|1314040|vc|1|2|nan|4166,0,0.872575,1,2,1,0.830945,0.830905,0.831431,0.830905,0.492358,0.498963
130_bNAb_Combinations|1314040|vc|2|2|nan|4166,0,0.811123,2,2,1,0.923591,0.923573,0.923257,0.923573,-1.21109,-1.21409
130_bNAb_Combinations|1314040|vc|3|2|nan|4166,0,0.8264,3,2,1,0.923591,0.923573,0.923257,0.923573,-1.04609,-1.04914
130_bNAb_Combinations|1314040|vc|4|2|nan|4166,0,0.88503,4,2,1,0.923591,0.923573,0.923257,0.923573,-0.412871,-0.41614
130_bNAb_Combinations|1314040|vc|5|2|nan|4166,0,0.762811,5,2,1,0.923591,0.923573,0.923257,0.923573,-1.73287,-1.7357
130_bNAb_Combinations|1314040|vc|6|2|nan|4166,0,0.755714,6,2,1,0.923591,0.923573,0.923257,0.923573,-1.80953,-1.81233
130_bNAb_Combinations|1314040|vc|7|2|nan|4166,0,0.742903,7,2,1,0.923591,0.923573,0.923257,0.923573,-1.94789,-1.95065
130_bNAb_Combinations|1314040|vc|8|2|nan|4166,0,0.592911,8,2,1,0.830945,0.830905,0.831431,0.830905,-2.85432,-2.84979
130_bNAb_Combinations|1314058|cc|1|1|nan|2944,0,0.00196858,1,1,0,0,0,0,0,1.06463,1.06463
130_bNAb_Combinations|1314058|cc|2|1|nan|2944,0,0.000401752,2,1,0,0,0,0,0,0.217272,0.217272
130_bNAb_Combinations|1314058|cc|3|1|nan|2944,0,0.00192841,3,1,0,0,0,0,0,1.0429,1.0429
130_bNAb_Combinations|1314058|cc|4|1|nan|2944,0,0.00156683,4,1,0,0,0,0,0,0.847359,0.847359
130_bNAb_Combinations|1314058|cc|5|1|nan|2944,0,0.00192841,5,1,0,0,0,0,0,1.0429,1.0429
130_bNAb_Combinations|1314058|cc|6|1|nan|2944,0,0.00273191,6,1,0,0,0,0,0,1.47745,1.47745
130_bNAb_Combinations|1314058|cc|7|1|nan|2944,0,0.00228998,7,1,0,0,0,0,0,1.23845,1.23845
130_bNAb_Combinations|1314058|cc|8|1|nan|2944,0,0,8,1,0,0,0,0,0,0,0
130_bNAb_Combinations|1314058|sample|10|nan|2944,0.0003648,0.569001,1,10,1,0.830893,0.816224,0.780051,0.77874,-2.68803,-2.67572
130_bNAb_Combinations|1314058|sample|10|nan|2944,0.001824,0.774678,2,10,1,0.923122,0.87651,0.749482,0.750493,0.333669,0.319862
130_bNAb_Combinations|1314058|sample|10|nan|2944,0.00912,0.604516,3,10,1,0.961471,0.828672,0.488799,0.497577,2.31945,2.10706
130_bNAb_Combinations|1314058|sample|10|nan|2944,0.0456,0.103933,4,10,1,0.9333,0.618316,0.106276,0.117449,-0.190561,-1.00922
130_bNAb_Combinations|1314058|sample|10|nan|2944,0.228,0.00494155,5,10,1,0.731943,0.264027,0.00301392,0.00331938,0.898538,0.745715
130_bNAb_Combinations|1314058|sample|10|nan|2944,1.14,0.00176771,6,10,1,0.101041,0.0243961,0.00232063,0.00220313,-0.266195,-0.210799
130_bNAb_Combinations|1314058|sample|10|nan|2944,5.7,0.00212928,7,10,1,0.000410163,0.00272493,0.00222018,0.00210762,-0.043968,0.0105342
130_bNAb_Combinations|1314058|sample|10|nan|2944,28.5,0.00152666,8,10,1,0.000369009,0.00243803,0.00199945,0.00189624,-0.23113,-0.181573
130_bNAb_Combinations|1314058|sample|11|nan|2944,0.0003712,0.654956,1,11,1,0.830892,0.816053,0.812201,0.812493,-1.92526,-1.92816
130_bNAb_Combinations|1314058|sample|11|nan|2944,0.001856,0.910209,2,11,1,0.923112,0.875976,0.860808,0.863829,0.571421,0.534635
130_bNAb_Combinations|1314058|sample|11|nan|2944,0.00928,0.826323,3,11,1,0.919683,0.791339,0.749218,0.757031,1.02146,0.908709
130_bNAb_Combinations|1314058|sample|11|nan|2944,0.0464,0.531096,4,11,1,0.892126,0.588454,0.495502,0.511623,0.704151,0.373516
130_bNAb_Combinations|1314058|sample|11|nan|2944,0.2319999999999999,0.155357,5,11,1,0.69576,0.24882,0.14527,0.160452,0.62552,-0.289152
130_bNAb_Combinations|1314058|sample|11|nan|2944,1.16,0.00719135,6,11,1,0.0917985,0.022449,0.0050229,0.0063996,0.925604,0.319507
130_bNAb_Combinations|1314058|sample|11|nan|2944,5.8,0.000964204,7,11,1,0.000410159,0.00272313,0.00132405,0.00134659,-0.181814,-0.192987
130_bNAb_Combinations|1314058|sample|11|nan|2944,29,0.00116508,8,11,1,0.000369009,0.00243803,0.00119235,0.00121135,-0.0138676,-0.0235122
130_bNAb_Combinations|1314058|sample|12|nan|2944,0.0003712,0.691174,1,12,1,0.830892,0.816053,0.800468,0.804629,-1.35734,-1.40189
130_bNAb_Combinations|1314058|sample|12|nan|2944,0.001856,0.787493,2,12,1,0.830514,0.78812,0.752268,0.761575,0.46481,0.33793
130_bNAb_Combinations|1314058|sample|12|nan|2944,0.00928,0.705837,3,12,1,0.827429,0.711972,0.638883,0.656334,1.0358,0.74604
130_bNAb_Combinations|1314058|sample|12|nan|2944,0.0464,0.438512,4,12,1,0.802637,0.529435,0.415803,0.439114,0.531641,-0.0133783
130_bNAb_Combinations|1314058|sample|12|nan|2944,0.2319999999999999,0.141899,5,12,1,0.625968,0.223864,0.134791,0.148667,0.470808,-0.411195
130_bNAb_Combinations|1314058|sample|12|nan|2944,1.16,0.0106062,6,12,1,0.0825901,0.0201975,0.00770311,0.00899958,1.11395,0.587749
130_bNAb_Combinations|1314058|sample|12|nan|2944,5.8,0.000763328,7,12,1,0.000369016,0.00245001,0.000791615,0.00115372,-0.0146801,-0.198928
130_bNAb_Combinations|1314058|sample|12|nan|2944,29,0.000682978,8,12,1,0.000369009,0.00243803,0.000788572,0.0011507,-0.0548091,-0.238367
130_bNAb_Combinations|1314058|sample|3|nan|2944,0.000064,0.7568,1,3,1,0.830939,0.826335,0.74881,0.770264,0.105899,-0.173613
130_bNAb_Combinations|1314058|sample|3|nan|2944,0.00032,0.711502,2,3,1,0.923542,0.908573,0.687554,0.731344,0.344962,-0.269127
130_bNAb_Combinations|1314058|sample|3|nan|2944,0.0016,0.556567,3,3,1,0.965052,0.920246,0.421697,0.471533,3.11515,1.76443
130_bNAb_Combinations|1314058|sample|3|nan|2944,0.008,0.0999156,4,3,1,0.962098,0.839311,0.09725,0.109821,0.233678,-0.783526
130_bNAb_Combinations|1314058|sample|3|nan|2944,0.04,0.00779398,5,3,1,0.938285,0.641731,0.00713873,0.00689119,0.256891,0.357348
130_bNAb_Combinations|1314058|sample|3|nan|2944,0.2,0.0069503,6,3,1,0.764503,0.294052,0.00582812,0.0058353,0.46335,0.460252
130_bNAb_Combinations|1314058|sample|3|nan|2944,1,0.00361576,7,3,1,0.137661,0.0310117,0.00557582,0.00558233,-0.817685,-0.820179
130_bNAb_Combinations|1314058|sample|3|nan|2944,5,0.00610662,8,3,1,0.00036918,0.00247189,0.00502149,0.00502245,0.463219,0.46279
130_bNAb_Combinations|1314058|sample|4|nan|2944,0.000064,0.636756,1,4,1,0.830939,0.826335,0.749238,0.768257,-1.4901,-1.69994
130_bNAb_Combinations|1314058|sample|4|nan|2944,0.00032,0.746153,2,4,1,0.923542,0.908573,0.692028,0.720848,0.774726,0.348094
130_bNAb_Combinations|1314058|sample|4|nan|2944,0.0016,0.537845,3,4,1,0.965052,0.920246,0.435328,0.442347,2.29682,2.10699
130_bNAb_Combinations|1314058|sample|4|nan|2944,0.008,0.0750874,4,4,1,0.980958,0.855751,0.112461,0.088811,-2.89672,-1.29741
130_bNAb_Combinations|1314058|sample|4|nan|2944,0.04,0.0161906,5,4,1,0.956678,0.654301,0.00913499,0.00867237,2.56858,2.78306
130_bNAb_Combinations|1314058|sample|4|nan|2944,0.2,0.00445944,6,4,1,0.764503,0.294052,0.0069059,0.00813226,-0.967817,-1.38684
130_bNAb_Combinations|1314058|sample|4|nan|2944,1,0.0061468,7,4,1,0.137661,0.0310117,0.00660691,0.00777971,-0.184161,-0.624752
130_bNAb_Combinations|1314058|sample|4|nan|2944,5,0.00337471,8,4,1,0.00036918,0.00247189,0.00595007,0.00699944,-1.05813,-1.42874
130_bNAb_Combinations|1314058|sample|5|nan|2944,0.0006144,0.421638,1,5,1,0.830843,0.810171,0.471996,0.463798,-1.04393,-0.888824
130_bNAb_Combinations|1314058|sample|5|nan|2944,0.003072,0.241091,2,5,1,0.922666,0.857681,0.227643,0.227156,0.555192,0.576437
130_bNAb_Combinations|1314058|sample|5|nan|2944,0.01536,0.0357559,3,5,1,0.957593,0.777813,0.0339418,0.0365636,0.349874,-0.148397
130_bNAb_Combinations|1314058|sample|5|nan|2944,0.0768,0.0111687,4,5,1,0.920677,0.524236,0.00578393,0.00578077,2.22737,2.22897
130_bNAb_Combinations|1314058|sample|5|nan|2944,0.384,0.00397734,5,5,1,0.569823,0.158068,0.00562269,0.00552667,-0.685079,-0.647645
130_bNAb_Combinations|1314058|sample|5|nan|2944,1.92,0.0050219,6,5,1,0.0116249,0.00732777,0.00551405,0.00542049,-0.205837,-0.16735
130_bNAb_Combinations|1314058|sample|5|nan|2944,9.6,0.00289261,7,5,1,0.000410152,0.00270998,0.00527536,0.0051855,-1.00642,-0.97209
130_bNAb_Combinations|1314058|sample|5|nan|2944,48,0.00337471,8,5,1,0.000369009,0.00243803,0.00475089,0.00466542,-0.594203,-0.559328
130_bNAb_Combinations|1314058|sample|6|nan|2944,0.0006144,0.459122,1,6,1,0.830843,0.810171,0.464606,0.440752,-0.115424,0.406705
130_bNAb_Combinations|1314058|sample|6|nan|2944,0.003072,0.181552,2,6,1,0.922666,0.857681,0.191165,0.188441,-0.465805,-0.338227
130_bNAb_Combinations|1314058|sample|6|nan|2944,0.01536,0.0224981,3,6,1,0.957593,0.777813,0.0175988,0.02153,1.36901,0.244156
130_bNAb_Combinations|1314058|sample|6|nan|2944,0.0768,0.00879836,4,6,1,0.920677,0.524236,0.00510484,0.00492231,1.57118,1.6615
130_bNAb_Combinations|1314058|sample|6|nan|2944,0.384,0.00377647,5,6,1,0.569823,0.158068,0.00509692,0.00488442,-0.561893,-0.475696
130_bNAb_Combinations|1314058|sample|6|nan|2944,1.92,0.00425857,6,6,1,0.0116249,0.00732777,0.00499845,0.00479059,-0.316142,-0.229328
130_bNAb_Combinations|1314058|sample|6|nan|2944,9.6,0.00349524,7,6,1,0.000410152,0.00270998,0.00478207,0.0045829,-0.554891,-0.473001
130_bNAb_Combinations|1314058|sample|6|nan|2944,48,0.00317384,8,6,1,0.000369009,0.00243803,0.00430665,0.00412326,-0.49852,-0.421157
130_bNAb_Combinations|1314058|sample|7|nan|2944,0.0000768,0.772267,1,7,1,0.830938,0.825734,0.800896,0.796629,-0.355361,-0.303976
130_bNAb_Combinations|1314058|sample|7|nan|2944,0.000384,0.792997,2,7,1,0.923529,0.906647,0.831387,0.823813,-0.459419,-0.372102
130_bNAb_Combinations|1314058|sample|7|nan|2944,0.00192,0.847113,3,7,1,0.964941,0.914566,0.720024,0.708471,1.75018,1.9396
130_bNAb_Combinations|1314058|sample|7|nan|2944,0.0096,0.388996,4,7,1,0.980037,0.840435,0.434763,0.426537,-1.02665,-0.857678
130_bNAb_Combinations|1314058|sample|7|nan|2944,0.048,0.102889,5,7,1,0.949365,0.62076,0.103021,0.104888,-0.0110307,-0.164482
130_bNAb_Combinations|1314058|sample|7|nan|2944,0.24,0.00903941,6,7,1,0.718045,0.252474,0.0059571,0.00645113,1.26607,1.04235
130_bNAb_Combinations|1314058|sample|7|nan|2944,1.2,0.00305331,7,7,1,0.082736,0.0207973,0.00416459,0.00420802,-0.492067,-0.510335
130_bNAb_Combinations|1314058|sample|7|nan|2944,6,0.00325419,8,7,1,0.000369012,0.00244735,0.00375054,0.00378592,-0.223813,-0.239394
130_bNAb_Combinations|1314058|sample|8|nan|2944,0.0000768,0.84412,1,8,1,0.830938,0.825734,0.816509,0.815953,0.336323,0.343323
130_bNAb_Combinations|1314058|sample|8|nan|2944,0.000384,0.940119,2,8,1,0.923529,0.906647,0.870329,0.87084,0.798626,0.792325
130_bNAb_Combinations|1314058|sample|8|nan|2944,0.00192,0.824917,3,8,1,0.964941,0.914566,0.796811,0.798804,0.350608,0.324947
130_bNAb_Combinations|1314058|sample|8|nan|2944,0.0096,0.591097,4,8,1,0.980037,0.840435,0.529063,0.535039,1.15205,1.02982
130_bNAb_Combinations|1314058|sample|8|nan|2944,0.048,0.135872,5,8,1,0.949365,0.62076,0.133165,0.139796,0.181246,-0.251681
130_bNAb_Combinations|1314058|sample|8|nan|2944,0.24,0.00361576,6,8,1,0.718045,0.252474,0.00403462,0.00442234,-0.186521,-0.353187
130_bNAb_Combinations|1314058|sample|8|nan|2944,1.2,0.00329436,7,8,1,0.082736,0.0207973,0.00249904,0.00256785,0.379687,0.34572
130_bNAb_Combinations|1314058|sample|8|nan|2944,6,0.00289261,8,8,1,0.000369012,0.00244735,0.00225059,0.00231031,0.310116,0.280475
130_bNAb_Combinations|1314058|sample|9|nan|2944,0.0003648,0.631373,1,9,1,0.830893,0.816224,0.777676,0.776633,-1.86894,-1.85805
130_bNAb_Combinations|1314058|sample|9|nan|2944,0.001824,0.855028,2,9,1,0.923122,0.87651,0.743486,0.741878,1.48879,1.51344
130_bNAb_Combinations|1314058|sample|9|nan|2944,0.00912,0.528323,3,9,1,0.961471,0.828672,0.479186,0.475201,1.00393,1.0941
130_bNAb_Combinations|1314058|sample|9|nan|2944,0.0456,0.0948536,4,9,1,0.951595,0.630428,0.10403,0.101028,-0.760013,-0.524235
130_bNAb_Combinations|1314058|sample|9|nan|2944,0.228,0.00401752,5,9,1,0.746291,0.269199,0.00359927,0.00357205,0.189867,0.202471
130_bNAb_Combinations|1314058|sample|9|nan|2944,1.14,0.00309349,6,9,1,0.101041,0.0243961,0.00289522,0.00293243,0.0929253,0.0753566
130_bNAb_Combinations|1314058|sample|9|nan|2944,5.7,0.00200876,7,9,1,0.000410163,0.00272493,0.00276989,0.0028053,-0.358803,-0.374881
130_bNAb_Combinations|1314058|sample|9|nan|2944,28.5,0.00369612,8,9,1,0.000369009,0.00243803,0.00249451,0.00252394,0.573764,0.558939
130_bNAb_Combinations|1314058|vc|1|2|nan|2944,0,0.691535,1,2,1,0.830945,0.831006,0.831531,0.831006,-1.67511,-1.66985
130_bNAb_Combinations|1314058|vc|2|2|nan|2944,0,0.932385,2,2,1,0.923591,0.923643,0.923327,0.923643,0.0978286,0.0943838
130_bNAb_Combinations|1314058|vc|3|2|nan|2944,0,1,3,2,1,0.923591,0.923643,0.923327,0.923643,0.828038,0.824348
130_bNAb_Combinations|1314058|vc|4|2|nan|2944,0,0.97479,4,2,1,0.923591,0.923643,0.923327,0.923643,0.555782,0.552184
130_bNAb_Combinations|1314058|vc|5|2|nan|2944,0,0.982805,5,2,1,0.923591,0.923643,0.923327,0.923643,0.64234,0.638713
130_bNAb_Combinations|1314058|vc|6|2|nan|2944,0,0.897594,6,2,1,0.923591,0.923643,0.923327,0.923643,-0.277906,-0.281225
130_bNAb_Combinations|1314058|vc|7|2|nan|2944,0,0.932385,7,2,1,0.923591,0.923643,0.923327,0.923643,0.0978286,0.0943838
130_bNAb_Combinations|1314058|vc|8|2|nan|2944,0,0.756117,8,2,1,0.830945,0.831006,0.831531,0.831006,-0.902365,-0.89663
130_bNAb_Combinations|1342240|cc|1|1|nan|1798,0,0.000747678,1,1,0,0,0,0,0,0.404352,0.404352
130_bNAb_Combinations|1342240|cc|2|1|nan|1798,0,0.000889479,2,1,0,0,0,0,0,0.48104,0.48104
130_bNAb_Combinations|1342240|cc|3|1|nan|1798,0,0.00106995,3,1,0,0,0,0,0,0.578642,0.578642
130_bNAb_Combinations|1342240|cc|4|1|nan|1798,0,0.0011473,4,1,0,0,0,0,0,0.620472,0.620472
130_bNAb_Combinations|1342240|cc|5|1|nan|1798,0,0.00125043,5,1,0,0,0,0,0,0.676244,0.676244
130_bNAb_Combinations|1342240|cc|6|1|nan|1798,0,0.00109574,6,1,0,0,0,0,0,0.592585,0.592585
130_bNAb_Combinations|1342240|cc|7|1|nan|1798,0,0.00113441,7,1,0,0,0,0,0,0.6135,0.6135
130_bNAb_Combinations|1342240|cc|8|1|nan|1798,0,0.00134066,8,1,0,0,0,0,0,0.725046,0.725046
130_bNAb_Combinations|1342240|sample|3|nan|1798,0.0010624,0.835221,1,3,1,0.830737,0.801206,0.825584,0.825936,0.116123,0.111832
130_bNAb_Combinations|1342240|sample|3|nan|1798,0.005312,0.877793,2,3,1,0.921702,0.830191,0.900454,0.903406,-0.250818,-0.282577
130_bNAb_Combinations|1342240|sample|3|nan|1798,0.02656,0.931355,3,3,1,0.949445,0.707336,0.884511,0.891533,0.527635,0.445083
130_bNAb_Combinations|1342240|sample|3|nan|1798,0.1328,0.830071,4,3,1,0.842057,0.390066,0.712763,0.724849,1.63151,1.43963
130_bNAb_Combinations|1342240|sample|3|nan|1798,0.664,0.362418,5,3,1,0.316068,0.0705933,0.336825,0.344647,0.732184,0.497458
130_bNAb_Combinations|1342240|sample|3|nan|1798,3.32,0.0234358,6,3,1,0.00053946,0.0032638,0.0255906,0.0249315,-0.493733,-0.347868
130_bNAb_Combinations|1342240|sample|3|nan|1798,83,0.000966825,8,3,1,0.000369009,0.00243812,0.000591578,0.00107532,0.196751,-0.0555041
130_bNAb_Combinations|1342240|sample|4|nan|1798,0.0010624,0.808053,1,4,1,0.830737,0.801206,0.824498,0.82578,-0.198406,-0.213554
130_bNAb_Combinations|1342240|sample|4|nan|1798,0.005312,0.88955,2,4,1,0.921702,0.830191,0.89721,0.902806,-0.0850814,-0.146352
130_bNAb_Combinations|1342240|sample|4|nan|1798,0.02656,0.902873,3,4,1,0.949445,0.707336,0.876329,0.889457,0.301711,0.150285
130_bNAb_Combinations|1342240|sample|4|nan|1798,0.1328,0.803702,4,4,1,0.858564,0.397707,0.711458,0.733018,1.28522,0.956581
130_bNAb_Combinations|1342240|sample|4|nan|1798,0.664,0.370758,5,4,1,0.322264,0.0719762,0.330927,0.341369,1.15876,0.830189
130_bNAb_Combinations|1342240|sample|4|nan|1798,3.32,0.0203936,6,4,1,0.00053946,0.0032638,0.0256117,0.0222724,-1.19511,-0.46527
130_bNAb_Combinations|1342240|sample|4|nan|1798,16.6,3.8673e-05,7,4,1,0.000410152,0.0027098,0.000857572,0.000763335,-0.423562,-0.376624
130_bNAb_Combinations|1342240|sample|4|nan|1798,83,0.000747678,8,4,1,0.000369009,0.00243812,0.000768296,0.00068574,-0.010713,0.0323189
130_bNAb_Combinations|1342240|sample|8|nan|1798,16.6,0.000721896,7,8,1,0.000410152,0.0027098,0.00103789,0.00117731,-0.16196,-0.231786
130_bNAb_Combinations|1342240|vc|1|2|nan|1798,0,0.862537,1,2,1,0.830945,0.831035,0.83156,0.831035,0.370635,0.377147
130_bNAb_Combinations|1342240|vc|2|2|nan|1798,0,0.923324,2,2,1,0.923591,0.923638,0.923322,0.923638,2.78513e-05,-0.00338356
130_bNAb_Combinations|1342240|vc|3|2|nan|1798,0,0.944627,3,2,1,0.923591,0.923638,0.923322,0.923638,0.230085,0.226597
130_bNAb_Combinations|1342240|vc|4|2|nan|1798,0,1,4,2,1,0.923591,0.923638,0.923322,0.923638,0.828095,0.824406
130_bNAb_Combinations|1342240|vc|5|2|nan|1798,0,0.995817,5,2,1,0.923591,0.923638,0.923322,0.923638,0.782918,0.779245
130_bNAb_Combinations|1342240|vc|6|2|nan|1798,0,0.979742,6,2,1,0.923591,0.923638,0.923322,0.923638,0.609314,0.605698
130_bNAb_Combinations|1342240|vc|7|2|nan|1798,0,0.912625,7,2,1,0.923591,0.923638,0.923322,0.923638,-0.115523,-0.118895
130_bNAb_Combinations|1342240|vc|8|2|nan|1798,0,0.732654,8,2,1,0.830945,0.831035,0.83156,0.831035,-1.18341,-1.17786
130_bNAb_Combinations|1342258|cc|1|1|TRO.11|8301,0,0.000586773,1,1,0,0,0,0,0,0.317333,0.317333
130_bNAb_Combinations|1342258|cc|2|1|TRO.11|8301,0,0.000602214,2,1,0,0,0,0,0,0.325684,0.325684
130_bNAb_Combinations|1342258|cc|3|1|TRO.11|8301,0,0.000756628,3,1,0,0,0,0,0,0.409193,0.409193
130_bNAb_Combinations|1342258|cc|4|1|TRO.11|8301,0,0.000694863,4,1,0,0,0,0,0,0.375789,0.375789
130_bNAb_Combinations|1342258|cc|5|1|TRO.11|8301,0,0.000957366,5,1,0,0,0,0,0,0.517754,0.517754
130_bNAb_Combinations|1342258|cc|6|1|TRO.11|8301,0,0.000648538,6,1,0,0,0,0,0,0.350737,0.350737
130_bNAb_Combinations|1342258|cc|7|1|TRO.11|8301,0,0.00103457,7,1,0,0,0,0,0,0.559508,0.559508
130_bNAb_Combinations|1342258|cc|8|1|TRO.11|8301,0,0.00112722,8,1,0,0,0,0,0,0.609614,0.609614
130_bNAb_Combinations|1342258|sample|3|TRO.11|8301,0.0010624,1,1,3,1,0.830737,0.8011,0.813942,0.814973,2.27327,2.25789
130_bNAb_Combinations|1342258|sample|3|TRO.11|8301,0.005312,0.977008,2,3,1,0.921702,0.830141,0.857041,0.86134,1.39364,1.33713
130_bNAb_Combinations|1342258|sample|3|TRO.11|8301,0.02656,0.852774,3,3,1,0.949445,0.707316,0.743939,0.751113,1.4518,1.34346
130_bNAb_Combinations|1342258|sample|3|TRO.11|8301,0.1328,0.409135,4,3,1,0.842057,0.390054,0.388781,0.391529,0.508088,0.436556
130_bNAb_Combinations|1342258|sample|3|TRO.11|8301,0.664,0.0368586,5,3,1,0.316068,0.0705912,0.0410594,0.0386171,-0.713872,-0.311551
130_bNAb_Combinations|1342258|sample|3|TRO.11|8301,3.32,0.000988249,6,3,1,0.00053946,0.00326371,0.000903404,0.00117086,0.0437826,-0.0929694
130_bNAb_Combinations|1342258|sample|3|TRO.11|8301,16.6,0.000617656,7,3,1,0.000410152,0.00270963,0.000849461,0.00111167,-0.119947,-0.252263
130_bNAb_Combinations|1342258|sample|3|TRO.11|8301,83,0.0017912,8,3,1,0.000369009,0.0024378,0.000764987,0.00100014,0.533303,0.406218
130_bNAb_Combinations|1342258|sample|4|TRO.11|8301,0.0010624,0.951962,1,4,1,0.830737,0.8011,0.810101,0.813014,1.74129,1.69958
130_bNAb_Combinations|1342258|sample|4|TRO.11|8301,0.005312,0.975433,2,4,1,0.921702,0.830141,0.84534,0.856993,1.53174,1.37597
130_bNAb_Combinations|1342258|sample|4|TRO.11|8301,0.02656,0.81302,3,4,1,0.949445,0.707316,0.715779,0.746739,1.34686,0.880925
130_bNAb_Combinations|1342258|sample|4|TRO.11|8301,0.1328,0.42409,4,4,1,0.858564,0.397702,0.35783,0.407838,1.78997,0.387584
130_bNAb_Combinations|1342258|sample|4|TRO.11|8301,0.664,0.0475286,5,4,1,0.322264,0.0719752,0.03306,0.0489326,2.83792,-0.210861
130_bNAb_Combinations|1342258|sample|4|TRO.11|8301,3.32,0.000586773,6,4,1,0.00053946,0.00326371,0.00120329,0.00127301,-0.313376,-0.347603
130_bNAb_Combinations|1342258|sample|4|TRO.11|8301,16.6,0.00101913,7,4,1,0.000410152,0.00270963,0.00114224,0.00118761,-0.0627689,-0.0857024
130_bNAb_Combinations|1342258|sample|4|TRO.11|8301,83,0.00205371,8,4,1,0.000369009,0.0024378,0.00102865,0.00106846,0.525621,0.504196
130_bNAb_Combinations|1342258|vc|1|2|TRO.11|8301,0,0.96755,1,2,1,0.830945,0.830926,0.831452,0.830926,1.62861,1.63592
130_bNAb_Combinations|1342258|vc|2|2|TRO.11|8301,0,0.984057,2,2,1,0.923591,0.923582,0.923267,0.923582,0.656547,0.652923
130_bNAb_Combinations|1342258|vc|3|2|TRO.11|8301,0,0.968554,3,2,1,0.923591,0.923582,0.923267,0.923582,0.48911,0.485541
130_bNAb_Combinations|1342258|vc|4|2|TRO.11|8301,0,0.996418,4,2,1,0.923591,0.923582,0.923267,0.923582,0.790047,0.786378
130_bNAb_Combinations|1342258|vc|5|2|TRO.11|8301,0,0.95952,5,2,1,0.923591,0.923582,0.923267,0.923582,0.391549,0.388013
130_bNAb_Combinations|1342258|vc|6|2|TRO.11|8301,0,0.92514,6,2,1,0.923591,0.923582,0.923267,0.923582,0.0202339,0.0168223
130_bNAb_Combinations|1342258|vc|7|2|TRO.11|8301,0,0.920917,7,2,1,0.923591,0.923582,0.923267,0.923582,-0.0253779,-0.0287742
130_bNAb_Combinations|1342258|vc|8|2|TRO.11|8301,0,0.827859,8,2,1,0.830945,0.830926,0.831452,0.830926,-0.0429964,-0.0367178
130_bNAb_Combinations|1342276|cc|1|1|Ce1176_A3|7023,0,0.00106045,1,1,0,0,0,0,0,0.573504,0.573504
130_bNAb_Combinations|1342276|cc|2|1|Ce1176_A3|7023,0,0.000899371,2,1,0,0,0,0,0,0.48639,0.48639
130_bNAb_Combinations|1342276|cc|3|1|Ce1176_A3|7023,0,0.00139604,3,1,0,0,0,0,0,0.754993,0.754993
130_bNAb_Combinations|1342276|cc|4|1|Ce1176_A3|7023,0,0.000885948,4,1,0,0,0,0,0,0.47913,0.47913
130_bNAb_Combinations|1342276|cc|5|1|Ce1176_A3|7023,0,0.000939641,5,1,0,0,0,0,0,0.508168,0.508168
130_bNAb_Combinations|1342276|cc|6|1|Ce1176_A3|7023,0,0.00115442,6,1,0,0,0,0,0,0.624321,0.624321
130_bNAb_Combinations|1342276|cc|7|1|Ce1176_A3|7023,0,0.00167793,7,1,0,0,0,0,0,0.907443,0.907443
130_bNAb_Combinations|1342276|cc|8|1|Ce1176_A3|7023,0,0.0012618,8,1,0,0,0,0,0,0.682397,0.682397
130_bNAb_Combinations|1342276|sample|3|Ce1176_A3|7023,0.0010624,0.725068,1,3,1,0.830737,0.801155,0.821355,0.820853,-1.16607,-1.16068
130_bNAb_Combinations|1342276|sample|3|Ce1176_A3|7023,0.005312,0.881934,2,3,1,0.921702,0.830168,0.88657,0.887461,-0.0521014,-0.0620509
130_bNAb_Combinations|1342276|sample|3|Ce1176_A3|7023,0.02656,0.891317,3,3,1,0.949445,0.707327,0.843983,0.847805,0.558201,0.510864
130_bNAb_Combinations|1342276|sample|3|Ce1176_A3|7023,0.1328,0.705718,4,3,1,0.842057,0.390061,0.619859,0.632507,1.36782,1.14366
130_bNAb_Combinations|1342276|sample|3|Ce1176_A3|7023,0.664,0.239233,5,3,1,0.316068,0.0705924,0.224359,0.244322,0.622344,-0.196792
130_bNAb_Combinations|1342276|sample|3|Ce1176_A3|7023,3.32,0.012269,6,3,1,0.00053946,0.00326376,0.00931173,0.0122457,1.06983,0.00763459
130_bNAb_Combinations|1342276|sample|3|Ce1176_A3|7023,16.6,0.00138262,7,3,1,0.000410152,0.00270972,0.00150162,0.00119966,-0.0596015,0.0930155
130_bNAb_Combinations|1342276|sample|3|Ce1176_A3|7023,83,0.00073829,8,3,1,0.000369009,0.00243796,0.00135222,0.0010789,-0.309758,-0.174214
130_bNAb_Combinations|1342276|sample|4|Ce1176_A3|7023,0.0010624,0.749337,1,4,1,0.830737,0.801155,0.818819,0.821175,-0.843987,-0.87016
130_bNAb_Combinations|1342276|sample|4|Ce1176_A3|7023,0.005312,0.874437,2,4,1,0.921702,0.830168,0.880188,0.888861,-0.0650893,-0.161684
130_bNAb_Combinations|1342276|sample|4|Ce1176_A3|7023,0.02656,0.920365,3,4,1,0.949445,0.707327,0.831782,0.852991,1.05962,0.786319
130_bNAb_Combinations|1342276|sample|4|Ce1176_A3|7023,0.1328,0.749364,4,4,1,0.858564,0.397705,0.620057,0.659872,2.05936,1.34164
130_bNAb_Combinations|1342276|sample|4|Ce1176_A3|7023,0.664,0.256838,5,4,1,0.322264,0.0719758,0.234711,0.270972,0.888007,-0.496261
130_bNAb_Combinations|1342276|sample|4|Ce1176_A3|7023,3.32,0.0164035,6,4,1,0.00053946,0.00326376,0.0122995,0.0159354,1.3421,0.137057
130_bNAb_Combinations|1342276|sample|4|Ce1176_A3|7023,16.6,0.000402703,7,4,1,0.000410152,0.00270972,0.00106631,0.000919738,-0.339634,-0.266585
130_bNAb_Combinations|1342276|sample|4|Ce1176_A3|7023,83,0.000617479,8,4,1,0.000369009,0.00243796,0.00095941,0.000826172,-0.175948,-0.108116
130_bNAb_Combinations|1342276|vc|1|2|Ce1176_A3|7023,0,0.763009,1,2,1,0.830945,0.830983,0.831509,0.830983,-0.819651,-0.813856
130_bNAb_Combinations|1342276|vc|2|2|Ce1176_A3|7023,0,0.910553,2,2,1,0.923591,0.923613,0.923297,0.923613,-0.137639,-0.140997
130_bNAb_Combinations|1342276|vc|3|2|Ce1176_A3|7023,0,1,3,2,1,0.923591,0.923613,0.923297,0.923613,0.82838,0.824698
130_bNAb_Combinations|1342276|vc|4|2|Ce1176_A3|7023,0,0.978623,4,2,1,0.923591,0.923613,0.923297,0.923613,0.597512,0.593908
130_bNAb_Combinations|1342276|vc|5|2|Ce1176_A3|7023,0,0.915016,5,2,1,0.923591,0.923613,0.923297,0.923613,-0.0894358,-0.0928103
130_bNAb_Combinations|1342276|vc|6|2|Ce1176_A3|7023,0,0.948528,6,2,1,0.923591,0.923613,0.923297,0.923613,0.272486,0.26899
130_bNAb_Combinations|1342276|vc|7|2|Ce1176_A3|7023,0,0.841536,7,2,1,0.923591,0.923613,0.923297,0.923613,-0.883011,-0.88612
130_bNAb_Combinations|1342276|vc|8|2|Ce1176_A3|7023,0,0.749606,8,2,1,0.830945,0.830983,0.831509,0.830983,-0.980031,-0.974335
130_bNAb_Combinations|1342294|cc|1|1|nan|1176,0,0.00986891,1,1,0,0,0,0,0,5.33721,5.33721
130_bNAb_Combinations|1342294|cc|2|1|nan|1176,0,0.00692296,2,1,0,0,0,0,0,3.74401,3.74401
130_bNAb_Combinations|1342294|cc|3|1|nan|1176,0,0.00368243,3,1,0,0,0,0,0,1.9915,1.9915
130_bNAb_Combinations|1342294|cc|4|1|nan|1176,0,0.0107527,4,1,0,0,0,0,0,5.81517,5.81517
130_bNAb_Combinations|1342294|cc|5|1|nan|1176,0,0.000736485,5,1,0,0,0,0,0,0.398299,0.398299
130_bNAb_Combinations|1342294|cc|6|1|nan|1176,0,0,6,1,0,0,0,0,0,0,0
130_bNAb_Combinations|1342294|cc|7|1|nan|1176,0,0.00618648,7,1,0,0,0,0,0,3.34571,3.34571
130_bNAb_Combinations|1342294|cc|8|1|nan|1176,0,0.0048608,8,1,0,0,0,0,0,2.62878,2.62878
130_bNAb_Combinations|1342294|sample|3|nan|1176,0.0010624,0.7384,1,3,1,0.830737,0.80115,0.758312,0.763494,-0.260697,-0.326371
130_bNAb_Combinations|1342294|sample|3|nan|1176,0.005312,0.840477,2,3,1,0.921702,0.830176,0.724555,0.735174,1.58666,1.42101
130_bNAb_Combinations|1342294|sample|3|nan|1176,0.02656,0.51554,3,3,1,0.949445,0.707334,0.510439,0.522499,0.0980528,-0.1308
130_bNAb_Combinations|1342294|sample|3|nan|1176,0.1328,0.173221,4,3,1,0.842057,0.390065,0.182662,0.186911,-0.476744,-0.677078
130_bNAb_Combinations|1342294|sample|3|nan|1176,0.664,0.0191486,5,3,1,0.316068,0.0705931,0.0165154,0.0166862,0.758344,0.705748
130_bNAb_Combinations|1342294|sample|3|nan|1176,3.32,0.00559729,6,3,1,0.00053946,0.00326379,0.00510611,0.00587306,0.20893,-0.113661
130_bNAb_Combinations|1342294|sample|3|nan|1176,83,0.0050081,8,3,1,0.000369009,0.00243795,0.0043917,0.00504984,0.270269,-0.0177969
130_bNAb_Combinations|1342294|sample|4|nan|1176,0.0010624,0.680071,1,4,1,0.830737,0.80115,0.794047,0.789124,-1.42666,-1.37335
130_bNAb_Combinations|1342294|sample|4|nan|1176,0.005312,0.847842,2,4,1,0.921702,0.830176,0.798545,0.789972,0.613664,0.728021
130_bNAb_Combinations|1342294|sample|4|nan|1176,0.02656,0.692444,3,4,1,0.949445,0.707334,0.611208,0.602023,1.31194,1.48188
130_bNAb_Combinations|1342294|sample|4|nan|1176,0.1328,0.216085,4,4,1,0.858564,0.397708,0.23538,0.23761,-0.772324,-0.854117
130_bNAb_Combinations|1342294|sample|4|nan|1176,0.664,0.0187067,5,4,1,0.322264,0.0719763,0.015597,0.0175778,0.919495,0.315647
130_bNAb_Combinations|1342294|sample|4|nan|1176,3.32,0.00456621,6,4,1,0.00053946,0.00326379,0.00514281,0.00466925,-0.244892,-0.0446439
130_bNAb_Combinations|1342294|sample|4|nan|1176,16.6,0.00618648,7,4,1,0.000410152,0.00270975,0.00491953,0.00446475,0.543153,0.752541
130_bNAb_Combinations|1342294|sample|4|nan|1176,83,0.00265135,8,4,1,0.000369009,0.00243795,0.00443039,0.00401692,-0.778743,-0.608577
130_bNAb_Combinations|1342294|sample|8|nan|1176,16.6,0.00883783,7,8,1,0.000410152,0.00270975,0.00837169,0.00835938,0.174459,0.179149
130_bNAb_Combinations|1342294|vc|1|2|nan|1176,0,0.903962,1,2,1,0.830945,0.830978,0.831504,0.830978,0.867017,0.873855
130_bNAb_Combinations|1342294|vc|2|2|nan|1176,0,0.772868,2,2,1,0.923591,0.923621,0.923306,0.923621,-1.6247,-1.62756
130_bNAb_Combinations|1342294|vc|3|2|nan|1176,0,0.798792,3,2,1,0.923591,0.923621,0.923306,0.923621,-1.34472,-1.34768
130_bNAb_Combinations|1342294|vc|4|2|nan|1176,0,1,4,2,1,0.923591,0.923621,0.923306,0.923621,0.828279,0.824596
130_bNAb_Combinations|1342294|vc|5|2|nan|1176,0,0.928708,5,2,1,0.923591,0.923621,0.923306,0.923621,0.0583428,0.0549174
130_bNAb_Combinations|1342294|vc|6|2|nan|1176,0,0.843276,6,2,1,0.923591,0.923621,0.923306,0.923621,-0.864308,-0.867424
130_bNAb_Combinations|1342294|vc|7|2|nan|1176,0,0.868906,7,2,1,0.923591,0.923621,0.923306,0.923621,-0.587512,-0.590722
130_bNAb_Combinations|1342294|vc|8|2|nan|1176,0,0.751657,8,2,1,0.830945,0.830978,0.831504,0.830978,-0.955429,-0.949719
130_bNAb_Combinations|1342312|cc|1|1|RHPA4259.7|5371,0,0.00173044,1,1,0,0,0,0,0,0.93584,0.93584
130_bNAb_Combinations|1342312|cc|2|1|RHPA4259.7|5371,0,0.00228271,2,1,0,0,0,0,0,1.23451,1.23451
130_bNAb_Combinations|1342312|cc|3|1|RHPA4259.7|5371,0,0.00237475,3,1,0,0,0,0,0,1.28429,1.28429
130_bNAb_Combinations|1342312|cc|4|1|RHPA4259.7|5371,0,0.00189612,4,1,0,0,0,0,0,1.02544,1.02544
130_bNAb_Combinations|1342312|cc|5|1|RHPA4259.7|5371,0,0.00136226,5,1,0,0,0,0,0,0.736725,0.736725
130_bNAb_Combinations|1342312|cc|6|1|RHPA4259.7|5371,0,0.00187771,6,1,0,0,0,0,0,1.01549,1.01549
130_bNAb_Combinations|1342312|cc|7|1|RHPA4259.7|5371,0,0.00250361,7,1,0,0,0,0,0,1.35398,1.35398
130_bNAb_Combinations|1342312|cc|8|1|RHPA4259.7|5371,0,0.0020618,8,1,0,0,0,0,0,1.11504,1.11504
130_bNAb_Combinations|1342312|sample|3|RHPA4259.7|5371,0.0010624,0.763952,1,3,1,0.830737,0.821882,0.794119,0.798423,-0.377574,-0.429177
130_bNAb_Combinations|1342312|sample|3|RHPA4259.7|5371,0.005312,0.818875,2,3,1,0.921702,0.846533,0.748456,0.757045,0.933821,0.810833
130_bNAb_Combinations|1342312|sample|3|RHPA4259.7|5371,0.02656,0.538378,3,3,1,0.949445,0.715809,0.464552,0.472077,1.55402,1.37421
130_bNAb_Combinations|1342312|sample|3|RHPA4259.7|5371,0.1328,0.0814411,4,3,1,0.842057,0.394738,0.0884957,0.087876,-0.668892,-0.613685
130_bNAb_Combinations|1342312|sample|3|RHPA4259.7|5371,0.664,0.00397633,5,3,1,0.316068,0.0714389,0.0017648,0.00226777,1.09345,0.824607
130_bNAb_Combinations|1342312|sample|3|RHPA4259.7|5371,3.32,0.00173044,6,3,1,0.00053946,0.0033029,0.00136967,0.00195996,0.181868,-0.112418
130_bNAb_Combinations|1342312|sample|3|RHPA4259.7|5371,16.6,0.00147271,7,3,1,0.000410152,0.00276314,0.00131988,0.00188928,0.0772355,-0.204726
130_bNAb_Combinations|1342312|sample|3|RHPA4259.7|5371,83,0.0012334,8,3,1,0.000369009,0.00250104,0.00119529,0.00171007,0.0193782,-0.236311
130_bNAb_Combinations|1342312|sample|4|RHPA4259.7|5371,0.0010624,0.732077,1,4,1,0.830737,0.821882,0.800812,0.800646,-0.853274,-0.851383
130_bNAb_Combinations|1342312|sample|4|RHPA4259.7|5371,0.005312,0.824591,2,4,1,0.921702,0.846533,0.758142,0.758188,0.870187,0.869535
130_bNAb_Combinations|1342312|sample|4|RHPA4259.7|5371,0.02656,0.536592,3,4,1,0.949445,0.715809,0.460732,0.461905,1.60955,1.5808
130_bNAb_Combinations|1342312|sample|4|RHPA4259.7|5371,0.1328,0.0694384,4,4,1,0.858564,0.400353,0.0739231,0.0757289,-0.492035,-0.676979
130_bNAb_Combinations|1342312|sample|4|RHPA4259.7|5371,0.664,0.00323997,5,4,1,0.322264,0.0724549,0.00188093,0.00193397,0.66818,0.640461
130_bNAb_Combinations|1342312|sample|4|RHPA4259.7|5371,3.32,0.00138067,6,4,1,0.00053946,0.0033029,0.0017411,0.00177659,-0.178413,-0.195642
130_bNAb_Combinations|1342312|sample|4|RHPA4259.7|5371,16.6,0.00134385,7,4,1,0.000410152,0.00276314,0.00167781,0.00171252,-0.16582,-0.182746
130_bNAb_Combinations|1342312|sample|4|RHPA4259.7|5371,83,0.00163839,8,4,1,0.000369009,0.00250104,0.00151943,0.00155008,0.0595285,0.0441276
130_bNAb_Combinations|1342312|vc|1|2|RHPA4259.7|5371,0,0.805648,1,2,1,0.830945,0.852482,0.85207,0.852482,-0.542353,-0.546909
130_bNAb_Combinations|1342312|vc|2|2|RHPA4259.7|5371,0,0.988964,2,2,1,0.923591,0.94182,0.940885,0.94182,0.509732,0.499335
130_bNAb_Combinations|1342312|vc|3|2|RHPA4259.7|5371,0,0.95037,3,2,1,0.923591,0.94182,0.940885,0.94182,0.100557,0.0905575
130_bNAb_Combinations|1342312|vc|4|2|RHPA4259.7|5371,0,0.951677,4,2,1,0.923591,0.94182,0.940885,0.94182,0.114414,0.104401
130_bNAb_Combinations|1342312|vc|5|2|RHPA4259.7|5371,0,1,5,2,1,0.923591,0.94182,0.940885,0.94182,0.626737,0.616226
130_bNAb_Combinations|1342312|vc|6|2|RHPA4259.7|5371,0,0.952339,6,2,1,0.923591,0.94182,0.940885,0.94182,0.12144,0.11142
130_bNAb_Combinations|1342312|vc|7|2|RHPA4259.7|5371,0,0.995186,7,2,1,0.923591,0.94182,0.940885,0.94182,0.5757,0.565238
130_bNAb_Combinations|1342312|vc|8|2|RHPA4259.7|5371,0,0.750412,8,2,1,0.830945,0.852482,0.85207,0.852482,-1.18768,-1.19194
130_bNAb_Combinations|1342336|cc|1|1|nan|3430,0,0,1,1,0,0,0,0,0,0,0
130_bNAb_Combinations|1342336|cc|2|1|nan|3430,0,0,2,1,0,0,0,0,0,0,0
130_bNAb_Combinations|1342336|cc|3|1|nan|3430,0,0.00041405,3,1,0,0,0,0,0,0.223923,0.223923
130_bNAb_Combinations|1342336|cc|4|1|nan|3430,0,0.00119614,4,1,0,0,0,0,0,0.646888,0.646888
130_bNAb_Combinations|1342336|cc|5|1|nan|3430,0,0.00174821,5,1,0,0,0,0,0,0.945452,0.945452
130_bNAb_Combinations|1342336|cc|6|1|nan|3430,0,0.00207025,6,1,0,0,0,0,0,1.11961,1.11961
130_bNAb_Combinations|1342336|cc|7|1|nan|3430,0,0.00110413,7,1,0,0,0,0,0,0.597127,0.597127
130_bNAb_Combinations|1342336|cc|8|1|nan|3430,0,0.0016562,8,1,0,0,0,0,0,0.895691,0.895691
130_bNAb_Combinations|1342336|sample|3|nan|3430,0.0010624,0.85338,1,3,1,0.830737,0.859691,0.833542,0.835574,0.236818,0.212056
130_bNAb_Combinations|1342336|sample|3|nan|3430,0.005312,0.846134,2,3,1,0.921702,0.870641,0.790223,0.795869,0.703153,0.62777
130_bNAb_Combinations|1342336|sample|3|nan|3430,0.02656,0.598923,3,3,1,0.949445,0.725968,0.535193,0.547478,1.17045,0.924338
130_bNAb_Combinations|1342336|sample|3|nan|3430,0.1328,0.155913,4,3,1,0.842057,0.40034,0.153904,0.166125,0.118349,-0.561831
130_bNAb_Combinations|1342336|sample|3|nan|3430,0.664,0.00768293,5,3,1,0.316068,0.0724527,0.00538923,0.006622,0.964249,0.424386
130_bNAb_Combinations|1342336|sample|3|nan|3430,16.6,0.00115014,7,3,1,0.000410152,0.00284183,0.00193315,0.00217488,-0.384005,-0.496763
130_bNAb_Combinations|1342336|sample|3|nan|3430,83,0.00276033,8,3,1,0.000369009,0.00261609,0.00177969,0.00200212,0.484509,0.370611
130_bNAb_Combinations|1342336|sample|4|nan|3430,0.0010624,0.773193,1,4,1,0.830737,0.859691,0.838675,0.839368,-0.776993,-0.784584
130_bNAb_Combinations|1342336|sample|4|nan|3430,0.005312,0.819405,2,4,1,0.921702,0.870641,0.803383,0.805049,0.198278,0.177292
130_bNAb_Combinations|1342336|sample|4|nan|3430,0.02656,0.59009,3,4,1,0.949445,0.725968,0.558959,0.562876,0.548234,0.476032
130_bNAb_Combinations|1342336|sample|4|nan|3430,0.1328,0.181814,4,4,1,0.858564,0.402947,0.172658,0.177648,0.486553,0.215748
130_bNAb_Combinations|1342336|sample|4|nan|3430,0.664,0.00570469,5,4,1,0.322264,0.0729244,0.00549187,0.00646853,0.0890899,-0.307403
130_bNAb_Combinations|1342336|sample|4|nan|3430,3.32,0.000966117,6,4,1,0.00053946,0.00334977,0.000910414,0.00139876,0.0287344,-0.217788
130_bNAb_Combinations|1342336|sample|4|nan|3430,16.6,0.0008281,7,4,1,0.000410152,0.00284183,0.000889573,0.00136721,-0.0317443,-0.271803
130_bNAb_Combinations|1342336|sample|4|nan|3430,83,0.00289835,8,4,1,0.000369009,0.00261609,0.000818956,0.0012586,1.07765,0.831187
130_bNAb_Combinations|1342336|sample|5|nan|3430,3.32,0.00156419,6,5,1,0.00053946,0.00334977,0.00115563,0.00171492,0.208167,-0.0747053
130_bNAb_Combinations|1342336|vc|1|2|nan|3430,0,0.92255,1,2,1,0.830945,0.891698,0.891152,0.891698,0.351068,0.344752
130_bNAb_Combinations|1342336|vc|2|2|nan|3430,0,0.992179,2,2,1,0.923591,0.968641,0.967994,0.968641,0.249363,0.242533
130_bNAb_Combinations|1342336|vc|3|2|nan|3430,0,1,3,2,1,0.923591,0.968641,0.967994,0.968641,0.330003,0.32312
130_bNAb_Combinations|1342336|vc|4|2|nan|3430,0,0.999402,4,2,1,0.923591,0.968641,0.967994,0.968641,0.323836,0.316957
130_bNAb_Combinations|1342336|vc|5|2|nan|3430,0,0.95802,5,2,1,0.923591,0.968641,0.967994,0.968641,-0.102841,-0.109441
130_bNAb_Combinations|1342336|vc|6|2|nan|3430,0,0.951441,6,2,1,0.923591,0.968641,0.967994,0.968641,-0.170673,-0.177229
130_bNAb_Combinations|1342336|vc|7|2|nan|3430,0,0.88701,7,2,1,0.923591,0.968641,0.967994,0.968641,-0.835001,-0.841121
130_bNAb_Combinations|1342336|vc|8|2|nan|3430,0,0.926598,8,2,1,0.830945,0.891698,0.891152,0.891698,0.396336,0.389992
130_bNAb_Combinations|1342348|cc|1|1|nan|4166,0,0.000451154,1,1,0,0,0,0,0,0.243989,0.243989
130_bNAb_Combinations|1342348|cc|2|1|nan|4166,0,0.000773408,2,1,0,0,0,0,0,0.418267,0.418267
130_bNAb_Combinations|1342348|cc|3|1|nan|4166,0,0.00125679,3,1,0,0,0,0,0,0.679684,0.679684
130_bNAb_Combinations|1342348|cc|4|1|nan|4166,0,0.00128901,4,1,0,0,0,0,0,0.697112,0.697112
130_bNAb_Combinations|1342348|cc|5|1|nan|4166,0,0.000998985,5,1,0,0,0,0,0,0.540262,0.540262
130_bNAb_Combinations|1342348|cc|6|1|nan|4166,0,0.000773408,6,1,0,0,0,0,0,0.418267,0.418267
130_bNAb_Combinations|1342348|cc|7|1|nan|4166,0,0.000386704,7,1,0,0,0,0,0,0.209134,0.209134
130_bNAb_Combinations|1342348|cc|8|1|nan|4166,0,0.000644506,8,1,0,0,0,0,0,0.348556,0.348556
130_bNAb_Combinations|1342348|sample|3|nan|4166,0.0010624,0.836295,1,3,1,0.830737,0.801229,0.770708,0.765925,0.845231,0.912401
130_bNAb_Combinations|1342348|sample|3|nan|4166,0.005312,0.838358,2,3,1,0.921702,0.830229,0.710601,0.707407,1.7821,1.83469
130_bNAb_Combinations|1342348|sample|3|nan|4166,0.02656,0.39555,3,3,1,0.949445,0.707361,0.39169,0.403957,0.0956776,-0.202343
130_bNAb_Combinations|1342348|sample|3|nan|4166,0.1328,0.0558787,4,3,1,0.842057,0.390079,0.0437992,0.0566645,1.96294,-0.105927
130_bNAb_Combinations|1342348|sample|3|nan|4166,0.664,0.00054783,5,3,1,0.316068,0.0705957,0.000558058,0.000781249,-0.0053717,-0.121202
130_bNAb_Combinations|1342348|sample|3|nan|4166,3.32,0,6,3,1,0.00053946,0.00326392,0.000534687,0.000689079,-0.281174,-0.359495
130_bNAb_Combinations|1342348|sample|3|nan|4166,16.6,0.000515605,7,3,1,0.000410152,0.00270992,0.00051155,0.000659217,0.00213489,-0.0750377
130_bNAb_Combinations|1342348|sample|3|nan|4166,83,0.000676732,8,3,1,0.000369009,0.00243819,0.000460704,0.000593115,0.114038,0.0438388
130_bNAb_Combinations|1342348|sample|4|nan|4166,0.0010624,0.820247,1,4,1,0.830737,0.801229,0.762123,0.762947,0.757283,0.745771
130_bNAb_Combinations|1342348|sample|4|nan|4166,0.005312,0.753734,2,4,1,0.921702,0.830229,0.688863,0.696479,0.932692,0.814431
130_bNAb_Combinations|1342348|sample|4|nan|4166,0.02656,0.405797,3,4,1,0.949445,0.707361,0.361035,0.380473,1.19901,0.645319
130_bNAb_Combinations|1342348|sample|4|nan|4166,0.1328,0.0446321,4,4,1,0.858564,0.397716,0.037126,0.0467167,1.36525,-0.323667
130_bNAb_Combinations|1342348|sample|4|nan|4166,0.664,0.00161127,5,4,1,0.322264,0.0719778,0.00097361,0.00145342,0.327883,0.0792412
130_bNAb_Combinations|1342348|sample|4|nan|4166,3.32,0.000934534,6,4,1,0.00053946,0.00326392,0.000939065,0.00138597,-0.00233371,-0.227389
130_bNAb_Combinations|1342348|sample|4|nan|4166,16.6,0.00174017,7,4,1,0.000410152,0.00270992,0.00089843,0.00132591,0.434473,0.209287
130_bNAb_Combinations|1342348|sample|4|nan|4166,83,0.00157904,8,4,1,0.000369009,0.00243819,0.000809128,0.00119295,0.399208,0.19635
130_bNAb_Combinations|1342348|vc|1|2|nan|4166,0,0.800445,1,2,1,0.830945,0.831059,0.831585,0.831059,-0.372585,-0.366517
130_bNAb_Combinations|1342348|vc|2|2|nan|4166,0,0.905725,2,2,1,0.923591,0.92368,0.923365,0.92368,-0.1905,-0.193837
130_bNAb_Combinations|1342348|vc|3|2|nan|4166,0,1,3,2,1,0.923591,0.92368,0.923365,0.92368,0.827587,0.82391
130_bNAb_Combinations|1342348|vc|4|2|nan|4166,0,0.920162,4,2,1,0.923591,0.92368,0.923365,0.92368,-0.0345939,-0.0379833
130_bNAb_Combinations|1342348|vc|5|2|nan|4166,0,0.841097,5,2,1,0.923591,0.92368,0.923365,0.92368,-0.888423,-0.891527
130_bNAb_Combinations|1342348|vc|6|2|nan|4166,0,0.905435,6,2,1,0.923591,0.92368,0.923365,0.92368,-0.193632,-0.196968
130_bNAb_Combinations|1342348|vc|7|2|nan|4166,0,0.801959,7,2,1,0.923591,0.92368,0.923365,0.92368,-1.31107,-1.31404
130_bNAb_Combinations|1342348|vc|8|2|nan|4166,0,0.723716,8,2,1,0.830945,0.831059,0.831585,0.831059,-1.29061,-1.28511
130_bNAb_Combinations|1342372|cc|1|1|nan|2944,0,0.00214128,1,1,0,0,0,0,0,1.15803,1.15803
130_bNAb_Combinations|1342372|cc|2|1|nan|2944,0,0.00406844,2,1,0,0,0,0,0,2.20025,2.20025
130_bNAb_Combinations|1342372|cc|3|1|nan|2944,0,0.00282649,3,1,0,0,0,0,0,1.5286,1.5286
130_bNAb_Combinations|1342372|cc|4|1|nan|2944,0,0.00355453,4,1,0,0,0,0,0,1.92233,1.92233
130_bNAb_Combinations|1342372|cc|5|1|nan|2944,0,0.00321192,5,1,0,0,0,0,0,1.73704,1.73704
130_bNAb_Combinations|1342372|cc|6|1|nan|2944,0,0.0020128,6,1,0,0,0,0,0,1.08855,1.08855
130_bNAb_Combinations|1342372|cc|7|1|nan|2944,0,0.00111347,7,1,0,0,0,0,0,0.602175,0.602175
130_bNAb_Combinations|1342372|cc|8|1|nan|2944,0,0.000642385,8,1,0,0,0,0,0,0.347408,0.347408
130_bNAb_Combinations|1342372|sample|3|nan|2944,0.0010624,0.787264,1,3,1,0.830737,0.801345,0.784671,0.792533,0.0328276,-0.0660838
130_bNAb_Combinations|1342372|sample|3|nan|2944,0.005312,0.896555,2,3,1,0.921702,0.830327,0.787095,0.804877,1.38195,1.13246
130_bNAb_Combinations|1342372|sample|3|nan|2944,0.02656,0.630907,3,3,1,0.949445,0.707415,0.622559,0.648122,0.132431,-0.26262
130_bNAb_Combinations|1342372|sample|3|nan|2944,0.1328,0.303313,4,3,1,0.842057,0.390109,0.290135,0.305111,0.433983,-0.0564781
130_bNAb_Combinations|1342372|sample|3|nan|2944,0.664,0.0365731,5,3,1,0.316068,0.0706011,0.0367422,0.0356905,-0.0309703,0.164758
130_bNAb_Combinations|1342372|sample|3|nan|2944,3.32,0.00179868,6,3,1,0.00053946,0.00326417,0.00139485,0.00151483,0.203317,0.142068
130_bNAb_Combinations|1342372|sample|3|nan|2944,16.6,0.000942164,7,3,1,0.000410152,0.00271024,0.00122323,0.00138734,-0.142722,-0.224222
130_bNAb_Combinations|1342372|sample|3|nan|2944,83,0.0014989,8,3,1,0.000369009,0.00243854,0.00110167,0.00124826,0.202941,0.127113
130_bNAb_Combinations|1342372|sample|4|nan|2944,0.0010624,0.711912,1,4,1,0.830737,0.801345,0.785491,0.78916,-0.930794,-0.972777
130_bNAb_Combinations|1342372|sample|4|nan|2944,0.005312,0.776814,2,4,1,0.921702,0.830327,0.784245,0.794512,-0.0941473,-0.221403
130_bNAb_Combinations|1342372|sample|4|nan|2944,0.02656,0.656731,3,4,1,0.949445,0.707415,0.605089,0.62319,0.842187,0.531568
130_bNAb_Combinations|1342372|sample|4|nan|2944,0.1328,0.279309,4,4,1,0.858564,0.397734,0.259726,0.276605,0.715331,0.0931094
130_bNAb_Combinations|1342372|sample|4|nan|2944,0.664,0.0268517,5,4,1,0.322264,0.071981,0.0233827,0.0266624,0.836462,0.0423436
130_bNAb_Combinations|1342372|sample|4|nan|2944,3.32,0.00239824,6,4,1,0.00053946,0.00326417,0.00171168,0.00236757,0.340331,0.0147293
130_bNAb_Combinations|1342372|sample|4|nan|2944,16.6,0.00145607,7,4,1,0.000410152,0.00271024,0.00161963,0.0022441,-0.0814418,-0.380756
130_bNAb_Combinations|1342372|sample|4|nan|2944,83,0.0033404,8,4,1,0.000369009,0.00243854,0.00145868,0.00201913,0.94443,0.645303
130_bNAb_Combinations|1342372|vc|1|2|nan|2944,0,0.866191,1,2,1,0.830945,0.83118,0.831704,0.83118,0.412564,0.419091
130_bNAb_Combinations|1342372|vc|2|2|nan|2944,0,0.961949,2,2,1,0.923591,0.923789,0.923473,0.923789,0.415464,0.411908
130_bNAb_Combinations|1342372|vc|3|2|nan|2944,0,0.934862,3,2,1,0.923591,0.923789,0.923473,0.923789,0.12298,0.119522
130_bNAb_Combinations|1342372|vc|4|2|nan|2944,0,1,4,2,1,0.923591,0.923789,0.923473,0.923789,0.826329,0.822636
130_bNAb_Combinations|1342372|vc|5|2|nan|2944,0,0.921672,5,2,1,0.923591,0.923789,0.923473,0.923789,-0.0194474,-0.0228568
130_bNAb_Combinations|1342372|vc|6|2|nan|2944,0,0.914177,6,2,1,0.923591,0.923789,0.923473,0.923789,-0.100372,-0.103754
130_bNAb_Combinations|1342372|vc|7|2|nan|2944,0,0.942057,7,2,1,0.923591,0.923789,0.923473,0.923789,0.200667,0.197184
130_bNAb_Combinations|1342372|vc|8|2|nan|2944,0,0.751547,8,2,1,0.830945,0.83118,0.831704,0.83118,-0.958916,-0.953236
130_bNAb_Combinations|1342384|cc|1|1|nan|2946,0,0.000377127,1,1,0,0,0,0,0,0.203954,0.203954
130_bNAb_Combinations|1342384|cc|2|1|nan|2946,0,0.0014378,2,1,0,0,0,0,0,0.777576,0.777576
130_bNAb_Combinations|1342384|cc|3|1|nan|2946,0,0.00120209,3,1,0,0,0,0,0,0.650105,0.650105
130_bNAb_Combinations|1342384|cc|4|1|nan|2946,0,0.0012728,4,1,0,0,0,0,0,0.688346,0.688346
130_bNAb_Combinations|1342384|cc|5|1|nan|2946,0,0.000966389,5,1,0,0,0,0,0,0.522633,0.522633
130_bNAb_Combinations|1342384|cc|6|1|nan|2946,0,0.00162636,6,1,0,0,0,0,0,0.879554,0.879554
130_bNAb_Combinations|1342384|cc|7|1|nan|2946,0,0.000848536,7,1,0,0,0,0,0,0.458898,0.458898
130_bNAb_Combinations|1342384|cc|8|1|nan|2946,0,0.00219205,8,1,0,0,0,0,0,1.18549,1.18549
130_bNAb_Combinations|1342384|sample|3|nan|2946,0.0010624,0.852284,1,3,1,0.830737,0.801083,0.825537,0.824814,0.322304,0.331301
130_bNAb_Combinations|1342384|sample|3|nan|2946,0.005312,0.967355,2,3,1,0.921702,0.830134,0.901669,0.901492,0.726074,0.728171
130_bNAb_Combinations|1342384|sample|3|nan|2946,0.02656,0.934439,3,3,1,0.949445,0.707313,0.892067,0.891626,0.473303,0.478454
130_bNAb_Combinations|1342384|sample|3|nan|2946,0.1328,0.7873,4,3,1,0.842057,0.390053,0.74309,0.743331,0.590393,0.586992
130_bNAb_Combinations|1342384|sample|3|nan|2946,0.664,0.423797,5,3,1,0.316068,0.070591,0.405162,0.409137,0.44719,0.348541
130_bNAb_Combinations|1342384|sample|3|nan|2946,3.32,0.0580305,6,3,1,0.00053946,0.0032637,0.054995,0.0586547,0.418449,-0.0819927
130_bNAb_Combinations|1342384|sample|3|nan|2946,16.6,0.00157922,7,3,1,0.000410152,0.00270961,0.00121073,0.00147768,0.187234,0.0509153
130_bNAb_Combinations|1342384|sample|3|nan|2946,83,0.00113138,8,3,1,0.000369009,0.00243775,0.00103044,0.00124841,0.0517557,-0.0593515
130_bNAb_Combinations|1342384|sample|4|nan|2946,0.0010624,0.86071,1,4,1,0.830737,0.801083,0.825419,0.824642,0.425326,0.435093
130_bNAb_Combinations|1342384|sample|4|nan|2946,0.005312,0.945269,2,4,1,0.921702,0.830134,0.901212,0.901159,0.487233,0.487851
130_bNAb_Combinations|1342384|sample|4|nan|2946,0.02656,0.912624,3,4,1,0.949445,0.707313,0.890475,0.891462,0.247847,0.236547
130_bNAb_Combinations|1342384|sample|4|nan|2946,0.1328,0.777,4,4,1,0.858564,0.397701,0.752995,0.759973,0.316451,0.222459
130_bNAb_Combinations|1342384|sample|4|nan|2946,0.664,0.449052,5,4,1,0.322264,0.0719751,0.40411,0.425431,1.08122,0.541005
130_bNAb_Combinations|1342384|sample|4|nan|2946,3.32,0.0637345,6,4,1,0.00053946,0.0032637,0.0507638,0.064479,1.89677,-0.0909497
130_bNAb_Combinations|1342384|sample|4|nan|2946,16.6,0.000824966,7,4,1,0.000410152,0.00270961,0.000884096,0.00128085,-0.0305428,-0.230834
130_bNAb_Combinations|1342384|sample|4|nan|2946,83,0.00122566,8,4,1,0.000369009,0.00243775,0.000750041,0.00102649,0.247361,0.102144
130_bNAb_Combinations|1342384|vc|1|2|nan|2946,0,0.93029,1,2,1,0.830945,0.830909,0.831435,0.830909,1.18297,1.19001
130_bNAb_Combinations|1342384|vc|2|2|nan|2946,0,0.910809,2,2,1,0.923591,0.923575,0.923259,0.923575,-0.134463,-0.137823
130_bNAb_Combinations|1342384|vc|3|2|nan|2946,0,1,3,2,1,0.923591,0.923575,0.923259,0.923575,0.828824,0.825141
130_bNAb_Combinations|1342384|vc|4|2|nan|2946,0,0.996582,4,2,1,0.923591,0.923575,0.923259,0.923575,0.791912,0.788241
130_bNAb_Combinations|1342384|vc|5|2|nan|2946,0,0.999953,5,2,1,0.923591,0.923575,0.923259,0.923575,0.828315,0.824632
130_bNAb_Combinations|1342384|vc|6|2|nan|2946,0,0.889549,6,2,1,0.923591,0.923575,0.923259,0.923575,-0.364083,-0.367367
130_bNAb_Combinations|1342384|vc|7|2|nan|2946,0,0.878541,7,2,1,0.923591,0.923575,0.923259,0.923575,-0.482967,-0.486211
130_bNAb_Combinations|1342384|vc|8|2|nan|2946,0,0.78624,8,2,1,0.830945,0.830909,0.831435,0.830909,-0.540843,-0.534874
130_bNAb_Combinations|1342396|cc|1|1|PVO.4|5024,0,0.000406233,1,1,0,0,0,0,0,0.219695,0.219695
130_bNAb_Combinations|1342396|cc|2|1|PVO.4|5024,0,0.00130897,2,1,0,0,0,0,0,0.707907,0.707907
130_bNAb_Combinations|1342396|cc|3|1|PVO.4|5024,0,0.00155723,3,1,0,0,0,0,0,0.842166,0.842166
130_bNAb_Combinations|1342396|cc|4|1|PVO.4|5024,0,0.000835035,4,1,0,0,0,0,0,0.451596,0.451596
130_bNAb_Combinations|1342396|cc|5|1|PVO.4|5024,0,0.000654487,5,1,0,0,0,0,0,0.353954,0.353954
130_bNAb_Combinations|1342396|cc|6|1|PVO.4|5024,0,0.000631919,6,1,0,0,0,0,0,0.341748,0.341748
130_bNAb_Combinations|1342396|cc|7|1|PVO.4|5024,0,0.000880172,7,1,0,0,0,0,0,0.476007,0.476007
130_bNAb_Combinations|1342396|cc|8|1|PVO.4|5024,0,0.00139925,8,1,0,0,0,0,0,0.756729,0.756729
130_bNAb_Combinations|1342396|sample|3|PVO.4|5024,0.0010624,0.997833,1,3,1,0.830737,0.871917,0.884283,0.880076,1.27931,1.33292
130_bNAb_Combinations|1342396|sample|3|PVO.4|5024,0.005312,0.936549,2,3,1,0.921702,0.876855,0.898274,0.893834,0.424643,0.476209
130_bNAb_Combinations|1342396|sample|3|PVO.4|5024,0.02656,0.845349,3,3,1,0.949445,0.728041,0.756737,0.750375,1.16253,1.2563
130_bNAb_Combinations|1342396|sample|3|PVO.4|5024,0.1328,0.395513,4,3,1,0.842057,0.401484,0.409013,0.403486,-0.32105,-0.1921
130_bNAb_Combinations|1342396|sample|3|PVO.4|5024,0.664,0.0558345,5,3,1,0.316068,0.0726596,0.0558083,0.0558882,0.00357851,-0.00731486
130_bNAb_Combinations|1342396|sample|3|PVO.4|5024,3.32,0.00187319,6,3,1,0.00053946,0.00335934,0.000727855,0.00105588,0.596337,0.41852
130_bNAb_Combinations|1342396|sample|3|PVO.4|5024,16.6,0.000383665,7,3,1,0.000410152,0.00286211,0.000631379,0.000942458,-0.129617,-0.287785
130_bNAb_Combinations|1342396|sample|3|PVO.4|5024,83,4.5137e-05,8,3,1,0.000369009,0.0026533,0.000586476,0.000873698,-0.283912,-0.428209
130_bNAb_Combinations|1342396|sample|4|PVO.4|5024,0.0010624,1,1,4,1,0.830737,0.871917,0.882568,0.880757,1.32556,1.34871
130_bNAb_Combinations|1342396|sample|4|PVO.4|5024,0.005312,0.917851,2,4,1,0.921702,0.876855,0.895184,0.897412,0.252325,0.226976
130_bNAb_Combinations|1342396|sample|4|PVO.4|5024,0.02656,0.813708,3,4,1,0.949445,0.728041,0.755119,0.763685,0.770255,0.650439
130_bNAb_Combinations|1342396|sample|4|PVO.4|5024,0.1328,0.442377,4,4,1,0.858564,0.403363,0.419804,0.435338,0.523619,0.157709
130_bNAb_Combinations|1342396|sample|4|PVO.4|5024,0.664,0.0734831,5,4,1,0.322264,0.0729998,0.0658241,0.0736278,0.920717,-0.0159302
130_bNAb_Combinations|1342396|sample|4|PVO.4|5024,3.32,0.000744761,6,4,1,0.00053946,0.00335934,0.00104031,0.00112241,-0.151459,-0.192739
130_bNAb_Combinations|1342396|sample|4|PVO.4|5024,16.6,0,7,4,1,0.000410152,0.00286211,0.000836862,0.000839232,-0.43331,-0.434485
130_bNAb_Combinations|1342396|sample|4|PVO.4|5024,83,0.00128641,8,4,1,0.000369009,0.0026533,0.000777346,0.000778003,0.264382,0.264031
130_bNAb_Combinations|1342396|vc|1|2|PVO.4|5024,0,0.943804,1,2,1,0.830945,0.90438,0.907334,0.90438,0.400669,0.434505
130_bNAb_Combinations|1342396|vc|2|2|PVO.4|5024,0,0.908609,2,2,1,0.923591,0.975555,0.976803,0.975555,-0.696906,-0.685013
130_bNAb_Combinations|1342396|vc|3|2|PVO.4|5024,0,0.910922,3,2,1,0.923591,0.975555,0.976803,0.975555,-0.673266,-0.661342
130_bNAb_Combinations|1342396|vc|4|2|PVO.4|5024,0,0.912705,4,2,1,0.923591,0.975555,0.976803,0.975555,-0.655046,-0.643099
130_bNAb_Combinations|1342396|vc|5|2|PVO.4|5024,0,0.907345,5,2,1,0.923591,0.975555,0.976803,0.975555,-0.709822,-0.697945
130_bNAb_Combinations|1342396|vc|6|2|PVO.4|5024,0,0.878886,6,2,1,0.923591,0.975555,0.976803,0.975555,-1.00066,-0.989145
130_bNAb_Combinations|1342396|vc|7|2|PVO.4|5024,0,0.860549,7,2,1,0.923591,0.975555,0.976803,0.975555,-1.18805,-1.17677
130_bNAb_Combinations|1342396|vc|8|2|PVO.4|5024,0,0.761022,8,2,1,0.830945,0.90438,0.907334,0.90438,-1.60739,-1.57997
130_bNAb_Combinations|1342408|cc|1|1|nan|4168,0,0.0014393,1,1,0,0,0,0,0,0.778389,0.778389
130_bNAb_Combinations|1342408|cc|2|1|nan|4168,0,0.0014393,2,1,0,0,0,0,0,0.778389,0.778389
130_bNAb_Combinations|1342408|cc|3|1|nan|4168,0,0.000729786,3,1,0,0,0,0,0,0.394676,0.394676
130_bNAb_Combinations|1342408|cc|4|1|nan|4168,0,0.00152039,4,1,0,0,0,0,0,0.822242,0.822242
130_bNAb_Combinations|1342408|cc|5|1|nan|4168,0,0.000973049,5,1,0,0,0,0,0,0.526235,0.526235
130_bNAb_Combinations|1342408|cc|6|1|nan|4168,0,0.00105414,6,1,0,0,0,0,0,0.570088,0.570088
130_bNAb_Combinations|1342408|cc|7|1|nan|4168,0,0.00154066,7,1,0,0,0,0,0,0.833206,0.833206
130_bNAb_Combinations|1342408|cc|8|1|nan|4168,0,0.00145957,8,1,0,0,0,0,0,0.789353,0.789353
130_bNAb_Combinations|1342408|sample|3|nan|4168,0.0010624,0.884744,1,3,1,0.830737,0.870363,0.85829,0.859975,0.306879,0.286781
130_bNAb_Combinations|1342408|sample|3|nan|4168,0.005312,0.890796,2,3,1,0.921702,0.876109,0.855767,0.86587,0.407512,0.286668
130_bNAb_Combinations|1342408|sample|3|nan|4168,0.02656,0.776077,3,3,1,0.949445,0.727806,0.720823,0.744368,0.760098,0.422746
130_bNAb_Combinations|1342408|sample|3|nan|4168,0.1328,0.462381,4,3,1,0.842057,0.401354,0.45399,0.492125,0.180559,-0.592323
130_bNAb_Combinations|1342408|sample|3|nan|4168,0.664,0.16701,5,3,1,0.316068,0.0726362,0.149588,0.181767,1.05261,-0.748564
130_bNAb_Combinations|1342408|sample|3|nan|4168,3.32,0.0252587,6,3,1,0.00053946,0.00335826,0.0161025,0.0212072,2.66815,1.03005
130_bNAb_Combinations|1342408|sample|3|nan|4168,16.6,0.00823037,7,3,1,0.000410152,0.00285968,0.00724487,0.00642145,0.384793,0.729344
130_bNAb_Combinations|1342408|sample|3|nan|4168,83,0.0027367,8,3,1,0.000369009,0.00264857,0.00671396,0.00591435,-1.58523,-1.30748
130_bNAb_Combinations|1342408|sample|4|nan|4168,0.0010624,0.931106,1,4,1,0.830737,0.870363,0.878546,0.862716,0.595956,0.78937
130_bNAb_Combinations|1342408|sample|4|nan|4168,0.005312,0.912324,2,4,1,0.921702,0.876109,0.900835,0.873417,0.12711,0.443682
130_bNAb_Combinations|1342408|sample|4|nan|4168,0.02656,0.764897,3,4,1,0.949445,0.727806,0.804888,0.761942,-0.493982,0.0385139
130_bNAb_Combinations|1342408|sample|4|nan|4168,0.1328,0.50485,4,4,1,0.858564,0.403319,0.573273,0.526017,-1.17582,-0.395289
130_bNAb_Combinations|1342408|sample|4|nan|4168,0.664,0.189005,5,4,1,0.322264,0.0729917,0.233164,0.213697,-1.78314,-1.08052
130_bNAb_Combinations|1342408|sample|4|nan|4168,3.32,0.0320092,6,4,1,0.00053946,0.00335826,0.0250997,0.0275072,1.60093,0.988894
130_bNAb_Combinations|1342408|sample|4|nan|4168,16.6,0.00490579,7,4,1,0.000410152,0.00285968,0.00422335,0.00456463,0.301408,0.148477
130_bNAb_Combinations|1342408|sample|4|nan|4168,83,0.00336513,8,4,1,0.000369009,0.00264857,0.00388265,0.00412308,-0.232002,-0.336223
130_bNAb_Combinations|1342408|vc|1|2|nan|4168,0,0.949635,1,2,1,0.830945,0.902768,0.905679,0.902768,0.483758,0.51743
130_bNAb_Combinations|1342408|vc|2|2|nan|4168,0,0.965274,2,2,1,0.923591,0.974724,0.975967,0.974724,-0.109369,-0.0967723
130_bNAb_Combinations|1342408|vc|3|2|nan|4168,0,1,3,2,1,0.923591,0.974724,0.975967,0.974724,0.245808,0.258849
130_bNAb_Combinations|1342408|vc|4|2|nan|4168,0,0.969906,4,2,1,0.923591,0.974724,0.975967,0.974724,-0.0619911,-0.0493354
130_bNAb_Combinations|1342408|vc|5|2|nan|4168,0,0.940482,5,2,1,0.923591,0.974724,0.975967,0.974724,-0.362948,-0.350669
130_bNAb_Combinations|1342408|vc|6|2|nan|4168,0,0.930052,6,2,1,0.923591,0.974724,0.975967,0.974724,-0.469625,-0.45748
130_bNAb_Combinations|1342408|vc|7|2|nan|4168,0,0.924538,7,2,1,0.923591,0.974724,0.975967,0.974724,-0.526022,-0.513947
130_bNAb_Combinations|1342408|vc|8|2|nan|4168,0,0.903212,8,2,1,0.830945,0.902768,0.905679,0.902768,-0.0271543,0.00490419
704_VRC01_Concordance|1200432|cc|1|1|PVO.4|5024,0,0.00146144,1,1,0,0,0,0,0,0.790364,0.790364
704_VRC01_Concordance|1200432|cc|2|1|PVO.4|5024,0,0.00217593,2,1,0,0,0,0,0,1.17676,1.17676
704_VRC01_Concordance|1200432|cc|3|1|PVO.4|5024,0,0.0011042,3,1,0,0,0,0,0,0.597164,0.597164
704_VRC01_Concordance|1200432|cc|4|1|PVO.4|5024,0,0.00198107,4,1,0,0,0,0,0,1.07138,1.07138
704_VRC01_Concordance|1200432|cc|5|1|PVO.4|5024,0,0.00298784,5,1,0,0,0,0,0,1.61585,1.61585
704_VRC01_Concordance|1200432|cc|6|1|PVO.4|5024,0,0.00175373,6,1,0,0,0,0,0,0.948436,0.948436
704_VRC01_Concordance|1200432|cc|7|1|PVO.4|5024,0,0.00233831,7,1,0,0,0,0,0,1.26458,1.26458
704_VRC01_Concordance|1200432|cc|8|1|PVO.4|5024,0,0.00334508,8,1,0,0,0,0,0,1.80905,1.80905
704_VRC01_Concordance|1200432|sample|10|PVO.4|5024,0.002286236854138,0.850689,1,10,1,0.830379,0.781873,0.821139,0.819094,0.357956,0.383662
704_VRC01_Concordance|1200432|sample|10|PVO.4|5024,0.0068587105624142,0.988097,2,10,1,0.920955,0.8139,0.897968,0.895336,1.00028,1.03246
704_VRC01_Concordance|1200432|sample|10|PVO.4|5024,0.0205761316872428,0.866635,3,10,1,0.953957,0.742524,0.907263,0.902718,-0.446373,-0.398387
704_VRC01_Concordance|1200432|sample|10|PVO.4|5024,0.0617283950617284,0.879642,4,10,1,0.918092,0.559824,0.841291,0.834876,0.453678,0.533547
704_VRC01_Concordance|1200432|sample|10|PVO.4|5024,0.1851851851851852,0.740724,5,10,1,0.781746,0.311936,0.711409,0.70515,0.408461,0.499967
704_VRC01_Concordance|1200432|sample|10|PVO.4|5024,0.5555555555555556,0.485621,6,10,1,0.398451,0.0939624,0.490366,0.489692,-0.0948199,-0.081459
704_VRC01_Concordance|1200432|sample|10|PVO.4|5024,1.66666666666667,0.212201,7,10,1,0.0230676,0.00966065,0.206074,0.213803,0.277209,-0.0700506
704_VRC01_Concordance|1200432|sample|10|PVO.4|5024,5,0.0380949,8,10,1,0.00036918,0.00247171,0.0315479,0.0370589,1.32271,0.188674
704_VRC01_Concordance|1200432|sample|11|PVO.4|5024,0.0457247370827617,0.868454,1,11,1,0.803164,0.531715,0.703962,0.712276,2.31558,2.17355
704_VRC01_Concordance|1200432|sample|11|PVO.4|5024,0.1371742112482853,0.719452,2,11,1,0.800789,0.365863,0.649613,0.662507,1.06307,0.8504
704_VRC01_Concordance|1200432|sample|11|PVO.4|5024,0.411522633744856,0.42653,3,11,1,0.507707,0.136196,0.439682,0.451469,-0.291854,-0.539567
704_VRC01_Concordance|1200432|sample|11|PVO.4|5024,1.23456790123457,0.188591,4,11,1,0.0755678,0.0194939,0.193628,0.198401,-0.241248,-0.459513
704_VRC01_Concordance|1200432|sample|11|PVO.4|5024,3.7037037037037,0.036601,5,11,1,0.000436799,0.00294109,0.03604,0.0358006,0.104064,0.149125
704_VRC01_Concordance|1200432|sample|11|PVO.4|5024,11.1111111111111,0.00789179,6,11,1,0.000410152,0.00270969,0.00356741,0.00388032,1.9659,1.79851
704_VRC01_Concordance|1200432|sample|11|PVO.4|5024,33.3333333333333,0.00133154,7,11,1,0.000410152,0.00270966,0.00271969,0.00317991,-0.655912,-0.855092
704_VRC01_Concordance|1200432|sample|11|PVO.4|5024,100,0.000389718,8,11,1,0.000369009,0.00243785,0.00244891,0.00286076,-0.985373,-1.15998
704_VRC01_Concordance|1200432|sample|12|PVO.4|5024,0.0457247370827617,0.755582,1,12,1,0.803164,0.531715,0.700323,0.700126,0.78183,0.784833
704_VRC01_Concordance|1200432|sample|12|PVO.4|5024,0.1371742112482853,0.635256,2,12,1,0.720462,0.329163,0.578631,0.579785,0.964358,0.942869
704_VRC01_Concordance|1200432|sample|12|PVO.4|5024,0.411522633744856,0.416203,3,12,1,0.456779,0.122534,0.38677,0.390225,0.738356,0.646185
704_VRC01_Concordance|1200432|sample|12|PVO.4|5024,1.23456790123457,0.135362,4,12,1,0.0679875,0.0175385,0.165545,0.170243,-1.6658,-1.87721
704_VRC01_Concordance|1200432|sample|12|PVO.4|5024,3.7037037037037,0.0341003,5,12,1,0.000392983,0.00264607,0.0282561,0.0305825,1.2633,0.724614
704_VRC01_Concordance|1200432|sample|12|PVO.4|5024,11.1111111111111,0.00308527,6,12,1,0.000369009,0.00243788,0.00154256,0.00186978,0.771089,0.597927
704_VRC01_Concordance|1200432|sample|12|PVO.4|5024,33.3333333333333,0.000292288,7,12,1,0.000369009,0.00243785,0.00091541,0.00110772,-0.321355,-0.416472
704_VRC01_Concordance|1200432|sample|12|PVO.4|5024,100,0.000292288,8,12,1,0.000369009,0.00243785,0.000915176,0.00110734,-0.321238,-0.416287
704_VRC01_Concordance|1200432|sample|3|PVO.4|5024,0.0457247370827617,0.931426,1,3,1,0.803164,0.531715,0.708493,0.693548,3.11873,3.39761
704_VRC01_Concordance|1200432|sample|3|PVO.4|5024,0.1371742112482853,0.65242,2,3,1,0.800789,0.365863,0.64288,0.622066,0.146696,0.481904
704_VRC01_Concordance|1200432|sample|3|PVO.4|5024,0.411522633744856,0.404284,3,3,1,0.530726,0.142371,0.425934,0.407162,-0.495296,-0.0687411
704_VRC01_Concordance|1200432|sample|3|PVO.4|5024,1.23456790123457,0.116071,4,3,1,0.0789939,0.0203777,0.152925,0.147424,-2.18341,-1.91898
704_VRC01_Concordance|1200432|sample|3|PVO.4|5024,3.7037037037037,0.0223763,5,3,1,0.000456603,0.00307443,0.0171501,0.0183016,1.47856,1.11704
704_VRC01_Concordance|1200432|sample|3|PVO.4|5024,11.1111111111111,0.00337756,6,3,1,0.000428748,0.00283255,0.00268838,0.00312376,0.326112,0.117709
704_VRC01_Concordance|1200432|sample|3|PVO.4|5024,33.3333333333333,0.00295536,7,3,1,0.000410152,0.00270966,0.00249904,0.0028774,0.217847,0.0365711
704_VRC01_Concordance|1200432|sample|3|PVO.4|5024,100,0.00168878,8,3,1,0.000369009,0.00243785,0.00225055,0.00258876,-0.271353,-0.427849
704_VRC01_Concordance|1200432|sample|4|PVO.4|5024,0.0457247370827617,0.855821,1,4,1,0.803164,0.531715,0.73479,0.731714,1.63408,1.68247
704_VRC01_Concordance|1200432|sample|4|PVO.4|5024,0.1371742112482853,0.721108,2,4,1,0.800789,0.365863,0.702921,0.699612,0.256388,0.304437
704_VRC01_Concordance|1200432|sample|4|PVO.4|5024,0.411522633744856,0.572009,3,4,1,0.530726,0.142371,0.529007,0.526581,0.798661,0.847474
704_VRC01_Concordance|1200432|sample|4|PVO.4|5024,1.23456790123457,0.23966,4,4,1,0.0805424,0.0207772,0.262046,0.262853,-0.810958,-0.837777
704_VRC01_Concordance|1200432|sample|4|PVO.4|5024,3.7037037037037,0.0572236,5,4,1,0.000465553,0.0031347,0.0549988,0.0572765,0.306672,-0.00707977
704_VRC01_Concordance|1200432|sample|4|PVO.4|5024,11.1111111111111,0.00779436,6,4,1,0.000428748,0.00283255,0.00422437,0.005072,1.57667,1.15965
704_VRC01_Concordance|1200432|sample|4|PVO.4|5024,33.3333333333333,0.0027605,7,4,1,0.000410152,0.00270966,0.00259131,0.00319961,0.0804253,-0.202958
704_VRC01_Concordance|1200432|sample|4|PVO.4|5024,100,0.00116915,8,4,1,0.000369009,0.00243785,0.00233305,0.00287775,-0.560003,-0.801439
704_VRC01_Concordance|1200432|sample|5|PVO.4|5024,0.002286236854138,0.883215,1,5,1,0.830379,0.781873,0.817425,0.817103,0.800481,0.804703
704_VRC01_Concordance|1200432|sample|5|PVO.4|5024,0.0068587105624142,0.89653,2,5,1,0.920955,0.8139,0.890481,0.891229,0.0676857,0.0592695
704_VRC01_Concordance|1200432|sample|5|PVO.4|5024,0.0205761316872428,0.878603,3,5,1,0.953957,0.742524,0.893762,0.89505,-0.169017,-0.183116
704_VRC01_Concordance|1200432|sample|5|PVO.4|5024,0.0617283950617284,0.790088,4,5,1,0.93609,0.570798,0.83616,0.838196,-0.548286,-0.571149
704_VRC01_Concordance|1200432|sample|5|PVO.4|5024,0.1851851851851852,0.721465,5,5,1,0.79707,0.318051,0.696521,0.699808,0.354806,0.306635
704_VRC01_Concordance|1200432|sample|5|PVO.4|5024,0.5555555555555556,0.483543,6,5,1,0.398451,0.0939624,0.46378,0.468216,0.416669,0.320194
704_VRC01_Concordance|1200432|sample|5|PVO.4|5024,1.66666666666667,0.199503,7,5,1,0.0230676,0.00966065,0.195955,0.199739,0.168092,-0.0109657
704_VRC01_Concordance|1200432|sample|5|PVO.4|5024,5,0.0347498,8,5,1,0.00036918,0.00247171,0.0327986,0.0340449,0.384662,0.135704
704_VRC01_Concordance|1200432|sample|6|PVO.4|5024,0.002286236854138,0.994382,1,6,1,0.830379,0.781873,0.818381,0.820393,2.13899,2.10947
704_VRC01_Concordance|1200432|sample|6|PVO.4|5024,0.0068587105624142,0.986474,2,6,1,0.920955,0.8139,0.891576,0.897415,1.06059,0.988989
704_VRC01_Concordance|1200432|sample|6|PVO.4|5024,0.0205761316872428,0.991621,3,6,1,0.953957,0.742524,0.893639,0.905022,1.09259,0.953765
704_VRC01_Concordance|1200432|sample|6|PVO.4|5024,0.0617283950617284,0.869396,4,6,1,0.93609,0.570798,0.830916,0.851321,0.460757,0.211356
704_VRC01_Concordance|1200432|sample|6|PVO.4|5024,0.1851851851851852,0.779355,5,6,1,0.79707,0.318051,0.678461,0.710941,1.47225,0.953868
704_VRC01_Concordance|1200432|sample|6|PVO.4|5024,0.5555555555555556,0.468051,6,6,1,0.398451,0.0939624,0.427152,0.468144,0.933118,-0.00193066
704_VRC01_Concordance|1200432|sample|6|PVO.4|5024,1.66666666666667,0.186123,7,6,1,0.0230676,0.00966065,0.158009,0.193328,1.61773,-0.345597
704_VRC01_Concordance|1200432|sample|6|PVO.4|5024,5,0.0497215,8,6,1,0.00036918,0.00247171,0.0251214,0.0476957,5.697,0.309906
704_VRC01_Concordance|1200432|sample|7|PVO.4|5024,0.0457247370827617,0.822711,1,7,1,0.803164,0.531715,0.711414,0.712935,1.55077,1.5264
704_VRC01_Concordance|1200432|sample|7|PVO.4|5024,0.1371742112482853,0.758505,2,7,1,0.800789,0.365863,0.654068,0.658832,1.5792,1.49657
704_VRC01_Concordance|1200432|sample|7|PVO.4|5024,0.411522633744856,0.445919,3,7,1,0.530726,0.142371,0.450628,0.458587,-0.102074,-0.270008
704_VRC01_Concordance|1200432|sample|7|PVO.4|5024,1.23456790123457,0.173424,4,7,1,0.0805424,0.0207772,0.183587,0.191581,-0.510848,-0.878057
704_VRC01_Concordance|1200432|sample|7|PVO.4|5024,3.7037037037037,0.0308202,5,7,1,0.000465553,0.0031347,0.0256302,0.0286444,1.18815,0.466466
704_VRC01_Concordance|1200432|sample|7|PVO.4|5024,11.1111111111111,0.00402709,6,7,1,0.000428748,0.00283255,0.00219241,0.00286807,0.888656,0.543892
704_VRC01_Concordance|1200432|sample|7|PVO.4|5024,33.3333333333333,0.00243574,7,7,1,0.000410152,0.00270966,0.00184626,0.00242747,0.290305,0.00396003
704_VRC01_Concordance|1200432|sample|7|PVO.4|5024,100,0.00113668,8,7,1,0.000369009,0.00243785,0.00166267,0.00218395,-0.261366,-0.507467
704_VRC01_Concordance|1200432|sample|8|PVO.4|5024,0.0457247370827617,0.796746,1,8,1,0.803164,0.531715,0.714409,0.710025,1.14256,1.21063
704_VRC01_Concordance|1200432|sample|8|PVO.4|5024,0.1371742112482853,0.73569,2,8,1,0.800789,0.365863,0.663597,0.658474,1.0749,1.16
704_VRC01_Concordance|1200432|sample|8|PVO.4|5024,0.411522633744856,0.466265,3,8,1,0.530726,0.142371,0.470485,0.466401,-0.0877544,-0.0028447
704_VRC01_Concordance|1200432|sample|8|PVO.4|5024,1.23456790123457,0.184954,4,8,1,0.0805424,0.0207772,0.206673,0.206449,-0.980049,-0.970921
704_VRC01_Concordance|1200432|sample|8|PVO.4|5024,3.7037037037037,0.0379325,5,8,1,0.000465553,0.0031347,0.0341977,0.0355785,0.716833,0.440347
704_VRC01_Concordance|1200432|sample|8|PVO.4|5024,11.1111111111111,0.00399461,6,8,1,0.000428748,0.00283255,0.00215107,0.00250965,0.894711,0.708562
704_VRC01_Concordance|1200432|sample|8|PVO.4|5024,33.3333333333333,0.00168878,7,8,1,0.000410152,0.00270966,0.0014881,0.00173481,0.100573,-0.0227926
704_VRC01_Concordance|1200432|sample|8|PVO.4|5024,100,0,8,8,1,0.000369009,0.00243785,0.00134004,0.00156063,-0.676522,-0.779356
704_VRC01_Concordance|1200432|sample|9|PVO.4|5024,0.002286236854138,0.844113,1,9,1,0.830379,0.781873,0.818036,0.819545,0.317051,0.29817
704_VRC01_Concordance|1200432|sample|9|PVO.4|5024,0.0068587105624142,0.938782,2,9,1,0.920955,0.8139,0.89007,0.895375,0.545319,0.483107
704_VRC01_Concordance|1200432|sample|9|PVO.4|5024,0.0205761316872428,0.856568,3,9,1,0.953957,0.742524,0.888801,0.900498,-0.361347,-0.486208
704_VRC01_Concordance|1200432|sample|9|PVO.4|5024,0.0617283950617284,0.895653,4,9,1,0.93609,0.570798,0.817963,0.841959,0.944667,0.634681
704_VRC01_Concordance|1200432|sample|9|PVO.4|5024,0.1851851851851852,0.785119,5,9,1,0.79707,0.318051,0.650162,0.693698,2.05262,1.3055
704_VRC01_Concordance|1200432|sample|9|PVO.4|5024,0.5555555555555556,0.449345,6,9,1,0.398451,0.0939624,0.383219,0.442868,1.67351,0.14273
704_VRC01_Concordance|1200432|sample|9|PVO.4|5024,1.66666666666667,0.160499,7,9,1,0.0230676,0.00966065,0.124702,0.169429,2.53787,-0.482675
704_VRC01_Concordance|1200432|sample|9|PVO.4|5024,5,0.0365685,8,9,1,0.00036918,0.00247171,0.0239279,0.0348763,3.0091,0.320698
704_VRC01_Concordance|1200432|vc|1|2|PVO.4|5024,0,0.927366,1,2,1,0.830945,0.830945,0.831472,0.830945,1.1475,1.15452
704_VRC01_Concordance|1200432|vc|2|2|PVO.4|5024,0,0.913369,2,2,1,0.923591,0.923591,0.923275,0.923591,-0.106991,-0.110357
704_VRC01_Concordance|1200432|vc|3|2|PVO.4|5024,0,1,3,2,1,0.923591,0.923591,0.923275,0.923591,0.828636,0.824957
704_VRC01_Concordance|1200432|vc|4|2|PVO.4|5024,0,0.936054,4,2,1,0.923591,0.923591,0.923275,0.923591,0.138009,0.13456
704_VRC01_Concordance|1200432|vc|5|2|PVO.4|5024,0,0.990712,5,2,1,0.923591,0.923591,0.923275,0.923591,0.728322,0.724676
704_VRC01_Concordance|1200432|vc|6|2|PVO.4|5024,0,0.919832,6,2,1,0.923591,0.923591,0.923275,0.923591,-0.0371913,-0.0405813
704_VRC01_Concordance|1200432|vc|7|2|PVO.4|5024,0,0.864589,7,2,1,0.923591,0.923591,0.923275,0.923591,-0.633818,-0.637008
704_VRC01_Concordance|1200432|vc|8|2|PVO.4|5024,0,0.869461,8,2,1,0.830945,0.830945,0.831472,0.830945,0.454586,0.461177
