id,time,rlu_norm,plate_row,plate_col,virus_cc,popPred_medianCOV,popPred,indivPred_SAEM,indivPred_mode,indWRes_SAEM,indWRes_mode
130_bNAb_Combinations|1313842|cc|1|1|nan|2946,0,0.00107969,1,1,0,0,0,0,0,0.490783,0.490783
130_bNAb_Combinations|1313842|cc|2|1|nan|2946,0,0.000918885,2,1,0,0,0,0,0,0.417688,0.417688
130_bNAb_Combinations|1313842|cc|3|1|nan|2946,0,0.00110266,3,1,0,0,0,0,0,0.501225,0.501225
130_bNAb_Combinations|1313842|cc|4|1|nan|2946,0,0.00133238,4,1,0,0,0,0,0,0.605647,0.605647
130_bNAb_Combinations|1313842|cc|5|1|nan|2946,0,0.00153913,5,1,0,0,0,0,0,0.699627,0.699627
130_bNAb_Combinations|1313842|cc|6|1|nan|2946,0,0.00149319,6,1,0,0,0,0,0,0.678743,0.678743
130_bNAb_Combinations|1313842|cc|7|1|nan|2946,0,0.00149319,7,1,0,0,0,0,0,0.678743,0.678743
130_bNAb_Combinations|1313842|cc|8|1|nan|2946,0,0.000826997,8,1,0,0,0,0,0,0.375919,0.375919
130_bNAb_Combinations|1313842|sample|10|nan|2946,0.0003648,0.782305,1,10,1,0.814093,0.772077,0.770771,0.772069,0.0589011,0.0521815
130_bNAb_Combinations|1313842|sample|10|nan|2946,0.001824,0.882187,2,10,1,0.814197,0.772205,0.770835,0.772136,0.568602,0.561024
130_bNAb_Combinations|1313842|sample|10|nan|2946,0.00912,0.889573,3,10,1,0.814301,0.772333,0.770362,0.771687,0.609104,0.601309
130_bNAb_Combinations|1313842|sample|10|nan|2946,0.0456,0.751223,4,10,1,0.814301,0.772333,0.76473,0.766291,-0.0695131,-0.077393
130_bNAb_Combinations|1313842|sample|10|nan|2946,0.228,0.542866,5,10,1,0.814301,0.772333,0.714081,0.717685,-0.942928,-0.958
130_bNAb_Combinations|1313842|sample|10|nan|2946,1.14,0.150628,6,10,1,0.814301,0.772333,0.387896,0.400338,-2.38125,-2.4299
130_bNAb_Combinations|1313842|sample|10|nan|2946,5.7,0.0141738,7,10,1,0.814197,0.772205,0.00963163,0.0112276,0.98328,0.586853
130_bNAb_Combinations|1313842|sample|10|nan|2946,28.5,0.000252693,8,10,1,0.814093,0.772077,0.00260386,0.0026177,-0.823806,-0.827647
130_bNAb_Combinations|1313842|sample|11|nan|2946,0.0003712,0.787795,1,11,1,0.814093,0.772077,0.770778,0.772077,0.0868991,0.0801346
130_bNAb_Combinations|1313842|sample|11|nan|2946,0.001856,0.899692,2,11,1,0.814197,0.772205,0.770907,0.772205,0.65756,0.649853
130_bNAb_Combinations|1313842|sample|11|nan|2946,0.00928,0.943259,3,11,1,0.814197,0.772205,0.770907,0.772205,0.880006,0.871929
130_bNAb_Combinations|1313842|sample|11|nan|2946,0.0464,0.770876,4,11,1,0.814197,0.772205,0.770907,0.772205,-0.000158381,-0.00677302
130_bNAb_Combinations|1313842|sample|11|nan|2946,0.2319999999999999,0.591682,5,11,1,0.814197,0.772205,0.770891,0.772189,-0.915036,-0.920135
130_bNAb_Combinations|1313842|sample|11|nan|2946,1.16,0.238543,6,11,1,0.814197,0.772205,0.76172,0.763593,-2.70313,-2.70622
130_bNAb_Combinations|1313842|sample|11|nan|2946,5.8,0.0150238,7,11,1,0.814197,0.772205,0.0109594,0.0137017,0.820596,0.234342
130_bNAb_Combinations|1313842|sample|11|nan|2946,29,0,8,11,1,0.814093,0.772077,0.0026038,0.00261752,-0.912329,-0.916032
130_bNAb_Combinations|1313842|sample|12|nan|2946,0.0003712,0.726907,1,12,1,0.814093,0.772077,0.770778,0.772077,-0.224037,-0.230284
130_bNAb_Combinations|1313842|sample|12|nan|2946,0.001856,0.725805,2,12,1,0.814093,0.772077,0.770778,0.772077,-0.229668,-0.235906
130_bNAb_Combinations|1313842|sample|12|nan|2946,0.00928,0.699823,3,12,1,0.814093,0.772077,0.770778,0.772077,-0.362347,-0.368365
130_bNAb_Combinations|1313842|sample|12|nan|2946,0.0464,0.628667,4,12,1,0.814093,0.772077,0.770778,0.772077,-0.725721,-0.731135
130_bNAb_Combinations|1313842|sample|12|nan|2946,0.2319999999999999,0.46638,5,12,1,0.814093,0.772077,0.770737,0.77206,-1.55435,-1.55845
130_bNAb_Combinations|1313842|sample|12|nan|2946,1.16,0.173084,6,12,1,0.814093,0.772077,0.747906,0.762369,-3.02418,-3.04213
130_bNAb_Combinations|1313842|sample|12|nan|2946,5.8,0.0100848,7,12,1,0.814093,0.772077,0.00261274,0.00905151,2.61602,0.230964
130_bNAb_Combinations|1313842|sample|12|nan|2946,29,0.00119455,8,12,1,0.814093,0.772077,0.0026038,0.00261752,-0.493777,-0.497985
130_bNAb_Combinations|1313842|sample|3|nan|2946,0.000064,0.866394,1,3,1,0.814093,0.772077,0.770778,0.772077,0.488282,0.48085
130_bNAb_Combinations|1313842|sample|3|nan|2946,0.00032,0.944316,2,3,1,0.814197,0.772205,0.770907,0.772205,0.885401,0.877315
130_bNAb_Combinations|1313842|sample|3|nan|2946,0.0016,0.961051,3,3,1,0.814301,0.772333,0.771036,0.772333,0.970032,0.961812
130_bNAb_Combinations|1313842|sample|3|nan|2946,0.008,0.986159,4,3,1,0.814301,0.772333,0.771036,0.772332,1.09821,1.08978
130_bNAb_Combinations|1313842|sample|3|nan|2946,0.04,0.882578,5,3,1,0.814301,0.772333,0.771033,0.772329,0.569443,0.561891
130_bNAb_Combinations|1313842|sample|3|nan|2946,0.2,0.77709,6,3,1,0.814301,0.772333,0.770804,0.772054,0.0320979,0.0256734
130_bNAb_Combinations|1313842|sample|3|nan|2946,1,0.473111,7,3,1,0.814197,0.772205,0.752824,0.750507,-1.46209,-1.4544
130_bNAb_Combinations|1313842|sample|3|nan|2946,5,0.151731,8,3,1,0.814093,0.772077,0.188289,0.14216,-0.738561,0.252453
130_bNAb_Combinations|1313842|sample|4|nan|2946,0.000064,0.844789,1,4,1,0.814093,0.772077,0.770778,0.772077,0.37795,0.370702
130_bNAb_Combinations|1313842|sample|4|nan|2946,0.00032,0.96429,2,4,1,0.814197,0.772205,0.770907,0.772205,0.987387,0.979132
130_bNAb_Combinations|1313842|sample|4|nan|2946,0.0016,0.942363,3,4,1,0.814301,0.772333,0.771036,0.772333,0.87463,0.866568
130_bNAb_Combinations|1313842|sample|4|nan|2946,0.008,0.926512,4,4,1,0.814406,0.77246,0.771164,0.77246,0.792925,0.785005
130_bNAb_Combinations|1313842|sample|4|nan|2946,0.04,0.878374,5,4,1,0.814406,0.77246,0.771161,0.772457,0.547237,0.539727
130_bNAb_Combinations|1313842|sample|4|nan|2946,0.2,0.73798,6,4,1,0.814301,0.772333,0.770792,0.772042,-0.167561,-0.173664
130_bNAb_Combinations|1313842|sample|4|nan|2946,1,0.443512,7,4,1,0.814197,0.772205,0.751904,0.74956,-1.61395,-1.60663
130_bNAb_Combinations|1313842|sample|4|nan|2946,5,0.140934,8,4,1,0.814093,0.772077,0.175187,0.131989,-0.741298,0.252994
130_bNAb_Combinations|1313842|sample|5|nan|2946,0.0006144,0.829983,1,5,1,0.814093,0.772077,0.770778,0.772077,0.302343,0.29522
130_bNAb_Combinations|1313842|sample|5|nan|2946,0.003072,0.89357,2,5,1,0.814197,0.772205,0.770907,0.772205,0.626302,0.618646
130_bNAb_Combinations|1313842|sample|5|nan|2946,0.01536,0.91946,3,5,1,0.814301,0.772333,0.771036,0.772332,0.757709,0.749841
130_bNAb_Combinations|1313842|sample|5|nan|2946,0.0768,0.844513,4,5,1,0.814406,0.77246,0.771161,0.772457,0.374405,0.367179
130_bNAb_Combinations|1313842|sample|5|nan|2946,0.384,0.634686,5,5,1,0.814406,0.77246,0.770895,0.77219,-0.695476,-0.700924
130_bNAb_Combinations|1313842|sample|5|nan|2946,1.92,0.273162,6,5,1,0.814301,0.772333,0.75046,0.751672,-2.50265,-2.50501
130_bNAb_Combinations|1313842|sample|5|nan|2946,9.6,0.101927,7,5,1,0.814197,0.772205,0.331278,0.330356,-2.68505,-2.68153
130_bNAb_Combinations|1313842|sample|5|nan|2946,48,0.049482,8,5,1,0.814093,0.772077,0.0428071,0.0420457,0.515313,0.582695
130_bNAb_Combinations|1313842|sample|6|nan|2946,0.0006144,0.807137,1,6,1,0.814093,0.772077,0.770778,0.772077,0.185676,0.178747
130_bNAb_Combinations|1313842|sample|6|nan|2946,0.003072,0.913073,2,6,1,0.814197,0.772205,0.770907,0.772205,0.725883,0.718062
130_bNAb_Combinations|1313842|sample|6|nan|2946,0.01536,0.905757,3,6,1,0.814301,0.772333,0.771036,0.772332,0.687755,0.680004
130_bNAb_Combinations|1313842|sample|6|nan|2946,0.0768,0.884312,4,6,1,0.814406,0.77246,0.77116,0.772457,0.577551,0.569987
130_bNAb_Combinations|1313842|sample|6|nan|2946,0.384,0.63016,5,6,1,0.814406,0.77246,0.770861,0.772173,-0.718441,-0.723922
130_bNAb_Combinations|1313842|sample|6|nan|2946,1.92,0.318692,6,6,1,0.814301,0.772333,0.747899,0.750397,-2.25811,-2.26378
130_bNAb_Combinations|1313842|sample|6|nan|2946,9.6,0.14291,7,6,1,0.814197,0.772205,0.297833,0.313295,-2.01157,-2.10612
130_bNAb_Combinations|1313842|sample|6|nan|2946,48,0.0423376,8,6,1,0.814093,0.772077,0.0302951,0.0353511,1.22757,0.630547
130_bNAb_Combinations|1313842|sample|7|nan|2946,0.0000768,0.796949,1,7,1,0.814093,0.772077,0.770777,0.772076,0.133654,0.12681
130_bNAb_Combinations|1313842|sample|7|nan|2946,0.000384,1,2,7,1,0.814197,0.772205,0.770896,0.772197,1.16979,1.16121
130_bNAb_Combinations|1313842|sample|7|nan|2946,0.00192,0.911982,3,7,1,0.814301,0.772333,0.770934,0.772257,0.720149,0.712184
130_bNAb_Combinations|1313842|sample|7|nan|2946,0.0096,0.8727,4,7,1,0.814406,0.77246,0.77021,0.771754,0.523769,0.514858
130_bNAb_Combinations|1313842|sample|7|nan|2946,0.048,0.846259,5,7,1,0.814406,0.77246,0.76225,0.765853,0.433753,0.413218
130_bNAb_Combinations|1313842|sample|7|nan|2946,0.24,0.530266,6,7,1,0.814301,0.772333,0.691692,0.712783,-0.917432,-1.00698
130_bNAb_Combinations|1313842|sample|7|nan|2946,1.2,0.187832,7,7,1,0.814197,0.772205,0.292753,0.377371,-1.38529,-1.95409
130_bNAb_Combinations|1313842|sample|7|nan|2946,6,0.0118536,8,7,1,0.814093,0.772077,0.00374677,0.00885985,2.58087,0.676477
130_bNAb_Combinations|1313842|sample|8|nan|2946,0.0000768,0.807666,1,8,1,0.814093,0.772077,0.770777,0.772076,0.188378,0.181445
130_bNAb_Combinations|1313842|sample|8|nan|2946,0.000384,0.9013,2,8,1,0.814197,0.772205,0.770899,0.772197,0.665815,0.658094
130_bNAb_Combinations|1313842|sample|8|nan|2946,0.00192,0.96043,3,8,1,0.814301,0.772333,0.770965,0.772262,0.967314,0.959094
130_bNAb_Combinations|1313842|sample|8|nan|2946,0.0096,0.907296,4,8,1,0.814406,0.77246,0.770501,0.771801,0.698818,0.691025
130_bNAb_Combinations|1313842|sample|8|nan|2946,0.048,0.786233,5,8,1,0.814406,0.77246,0.764964,0.766295,0.109429,0.102406
130_bNAb_Combinations|1313842|sample|8|nan|2946,0.24,0.560359,6,8,1,0.814301,0.772333,0.715035,0.71663,-0.850716,-0.857601
130_bNAb_Combinations|1313842|sample|8|nan|2946,1.2,0.163389,7,8,1,0.814197,0.772205,0.393353,0.395908,-2.27662,-2.28738
130_bNAb_Combinations|1313842|sample|8|nan|2946,6,0.0142427,8,8,1,0.814093,0.772077,0.0109664,0.0112399,0.66126,0.597761
130_bNAb_Combinations|1313842|sample|9|nan|2946,0.0003648,0.848418,1,9,1,0.814093,0.772077,0.770763,0.772058,0.396569,0.38931
130_bNAb_Combinations|1313842|sample|9|nan|2946,0.001824,0.929671,2,9,1,0.814197,0.772205,0.770768,0.77203,0.811481,0.803734
130_bNAb_Combinations|1313842|sample|9|nan|2946,0.00912,0.902196,3,9,1,0.814301,0.772333,0.769731,0.770695,0.67737,0.671608
130_bNAb_Combinations|1313842|sample|9|nan|2946,0.0456,0.850118,4,9,1,0.814406,0.77246,0.759001,0.757223,0.472447,0.482786
130_bNAb_Combinations|1313842|sample|9|nan|2946,0.228,0.545806,5,9,1,0.814406,0.77246,0.664715,0.641263,-0.702865,-0.584597
130_bNAb_Combinations|1313842|sample|9|nan|2946,1.14,0.154396,6,9,1,0.814301,0.772333,0.20452,0.14677,-0.935585,0.195197
130_bNAb_Combinations|1313842|sample|9|nan|2946,5.7,0.0108658,7,9,1,0.814197,0.772205,0.00269099,0.00262653,2.84251,2.88115
130_bNAb_Combinations|1313842|sample|9|nan|2946,28.5,0.000413498,8,9,1,0.814093,0.772077,0.00260374,0.00261747,-0.76743,-0.771307
130_bNAb_Combinations|1313842|vc|1|2|nan|2946,0,0.842836,1,2,1,0.814093,0.772077,0.770778,0.772077,0.367979,0.360747
130_bNAb_Combinations|1313842|vc|2|2|nan|2946,0,0.947647,2,2,1,0.814197,0.772205,0.770907,0.772205,0.902409,0.894294
130_bNAb_Combinations|1313842|vc|3|2|nan|2946,0,0.949806,3,2,1,0.814197,0.772205,0.770907,0.772205,0.913434,0.905302
130_bNAb_Combinations|1313842|vc|4|2|nan|2946,0,0.93376,4,2,1,0.814197,0.772205,0.770907,0.772205,0.831505,0.823509
130_bNAb_Combinations|1313842|vc|5|2|nan|2946,0,0.949576,5,2,1,0.814197,0.772205,0.770907,0.772205,0.912261,0.904131
130_bNAb_Combinations|1313842|vc|6|2|nan|2946,0,0.978843,6,2,1,0.814197,0.772205,0.770907,0.772205,1.06169,1.05331
130_bNAb_Combinations|1313842|vc|7|2|nan|2946,0,0.900864,7,2,1,0.814197,0.772205,0.770907,0.772205,0.663542,0.655825
130_bNAb_Combinations|1313842|vc|8|2|nan|2946,0,0.690864,8,2,1,0.814093,0.772077,0.770778,0.772077,-0.408099,-0.41404
130_bNAb_Combinations|1313860|cc|1|1|PVO.4|5024,0,0.000722109,1,1,0,0,0,0,0,0.328241,0.328241
130_bNAb_Combinations|1313860|cc|2|1|PVO.4|5024,0,0.000902636,2,1,0,0,0,0,0,0.410301,0.410301
130_bNAb_Combinations|1313860|cc|3|1|PVO.4|5024,0,0.0011634,3,1,0,0,0,0,0,0.528833,0.528833
130_bNAb_Combinations|1313860|cc|4|1|PVO.4|5024,0,0.00162474,4,1,0,0,0,0,0,0.738542,0.738542
130_bNAb_Combinations|1313860|cc|5|1|PVO.4|5024,0,0.00138404,5,1,0,0,0,0,0,0.629129,0.629129
130_bNAb_Combinations|1313860|cc|6|1|PVO.4|5024,0,0.0016448,6,1,0,0,0,0,0,0.74766,0.74766
130_bNAb_Combinations|1313860|cc|7|1|PVO.4|5024,0,0.00178521,7,1,0,0,0,0,0,0.811485,0.811485
130_bNAb_Combinations|1313860|cc|8|1|PVO.4|5024,0,0.00148433,8,1,0,0,0,0,0,0.674718,0.674718
130_bNAb_Combinations|1313860|sample|10|PVO.4|5024,0.0003648,0.940566,1,10,1,0.814093,0.81409,0.812858,0.813065,0.618767,0.61761
130_bNAb_Combinations|1313860|sample|10|PVO.4|5024,0.001824,0.927278,2,10,1,0.814197,0.814194,0.809021,0.809164,0.575663,0.574867
130_bNAb_Combinations|1313860|sample|10|PVO.4|5024,0.00912,0.889708,3,10,1,0.814301,0.814299,0.790022,0.78986,0.496803,0.49771
130_bNAb_Combinations|1313860|sample|10|PVO.4|5024,0.0456,0.686274,4,10,1,0.814301,0.814299,0.702768,0.701313,-0.0922814,-0.0843153
130_bNAb_Combinations|1313860|sample|10|PVO.4|5024,0.228,0.317477,5,10,1,0.814301,0.814299,0.399997,0.395596,-0.803666,-0.769081
130_bNAb_Combinations|1313860|sample|10|PVO.4|5024,1.14,0.0365267,6,10,1,0.814301,0.814299,0.0339359,0.032355,0.241573,0.403939
130_bNAb_Combinations|1313860|sample|10|PVO.4|5024,5.7,0.000641874,7,10,1,0.814197,0.814194,0.00275393,0.00276375,-0.730379,-0.733151
130_bNAb_Combinations|1313860|sample|10|PVO.4|5024,28.5,0.000441289,8,10,1,0.814093,0.81409,0.0027493,0.0027599,-0.798463,-0.801393
130_bNAb_Combinations|1313860|sample|11|PVO.4|5024,0.0003712,0.89049,1,11,1,0.814093,0.81409,0.811116,0.811361,0.385401,0.384095
130_bNAb_Combinations|1313860|sample|11|PVO.4|5024,0.001856,0.925934,2,11,1,0.814197,0.814194,0.802352,0.802668,0.606531,0.604745
130_bNAb_Combinations|1313860|sample|11|PVO.4|5024,0.00928,0.859359,3,11,1,0.814197,0.814194,0.765814,0.766413,0.480768,0.477322
130_bNAb_Combinations|1313860|sample|11|PVO.4|5024,0.0464,0.674941,4,11,1,0.814197,0.814194,0.629132,0.630654,0.285876,0.275723
130_bNAb_Combinations|1313860|sample|11|PVO.4|5024,0.2319999999999999,0.244805,5,11,1,0.814197,0.814194,0.279622,0.282176,-0.48062,-0.511355
130_bNAb_Combinations|1313860|sample|11|PVO.4|5024,1.16,0.0178521,6,11,1,0.814197,0.814194,0.0149016,0.0153374,0.496446,0.41548
130_bNAb_Combinations|1313860|sample|11|PVO.4|5024,5.8,0.00070205,7,11,1,0.814197,0.814194,0.00275057,0.00276128,-0.708614,-0.711656
130_bNAb_Combinations|1313860|sample|11|PVO.4|5024,29,0.000160469,8,11,1,0.814093,0.81409,0.00274929,0.00275989,-0.895611,-0.898451
130_bNAb_Combinations|1313860|sample|12|PVO.4|5024,0.0003712,0.939283,1,12,1,0.814093,0.81409,0.810539,0.810853,0.625549,0.623783
130_bNAb_Combinations|1313860|sample|12|PVO.4|5024,0.001856,0.916777,2,12,1,0.814093,0.81409,0.799832,0.800437,0.575747,0.572342
130_bNAb_Combinations|1313860|sample|12|PVO.4|5024,0.00928,0.891313,3,12,1,0.814093,0.81409,0.75598,0.757733,0.704481,0.693762
130_bNAb_Combinations|1313860|sample|12|PVO.4|5024,0.0464,0.651633,4,12,1,0.814093,0.81409,0.59597,0.601294,0.366426,0.328482
130_bNAb_Combinations|1313860|sample|12|PVO.4|5024,0.2319999999999999,0.224295,5,12,1,0.814093,0.81409,0.223674,0.231828,0.010631,-0.124651
130_bNAb_Combinations|1313860|sample|12|PVO.4|5024,1.16,0.00968829,6,12,1,0.814093,0.81409,0.00778072,0.00854735,0.459162,0.262463
130_bNAb_Combinations|1313860|sample|12|PVO.4|5024,5.8,0.000661933,7,12,1,0.814093,0.81409,0.00274934,0.00275997,-0.722143,-0.725151
130_bNAb_Combinations|1313860|sample|12|PVO.4|5024,29,0,8,12,1,0.814093,0.81409,0.00274929,0.00275989,-0.951126,-0.953915
130_bNAb_Combinations|1313860|sample|3|PVO.4|5024,0.000064,0.942953,1,3,1,0.814093,0.81409,0.813867,0.81409,0.624678,0.623429
130_bNAb_Combinations|1313860|sample|3|PVO.4|5024,0.00032,0.869078,2,3,1,0.814197,0.814194,0.813972,0.814194,0.266637,0.265486
130_bNAb_Combinations|1313860|sample|3|PVO.4|5024,0.0016,0.85281,3,3,1,0.814301,0.814299,0.814076,0.814299,0.187396,0.186268
130_bNAb_Combinations|1313860|sample|3|PVO.4|5024,0.008,0.886438,4,3,1,0.814301,0.814299,0.814076,0.814299,0.350089,0.348917
130_bNAb_Combinations|1313860|sample|3|PVO.4|5024,0.04,0.784701,5,3,1,0.814301,0.814299,0.814076,0.814299,-0.142114,-0.143153
130_bNAb_Combinations|1313860|sample|3|PVO.4|5024,0.2,0.757893,6,3,1,0.814301,0.814299,0.814042,0.814263,-0.271661,-0.272654
130_bNAb_Combinations|1313860|sample|3|PVO.4|5024,1,0.495868,7,3,1,0.814197,0.814194,0.805349,0.804955,-1.51332,-1.51212
130_bNAb_Combinations|1313860|sample|3|PVO.4|5024,5,0.0938942,8,3,1,0.814093,0.81409,0.102294,0.0881056,-0.3011,0.237897
130_bNAb_Combinations|1313860|sample|4|PVO.4|5024,0.000064,0.963754,1,4,1,0.814093,0.81409,0.813867,0.81409,0.725337,0.724061
130_bNAb_Combinations|1313860|sample|4|PVO.4|5024,0.00032,0.848879,2,4,1,0.814197,0.814194,0.813972,0.814194,0.168902,0.167778
130_bNAb_Combinations|1313860|sample|4|PVO.4|5024,0.0016,0.847455,3,4,1,0.814301,0.814299,0.814076,0.814299,0.161485,0.160364
130_bNAb_Combinations|1313860|sample|4|PVO.4|5024,0.008,0.867142,4,4,1,0.814406,0.814403,0.81418,0.814403,0.256196,0.25505
130_bNAb_Combinations|1313860|sample|4|PVO.4|5024,0.04,0.805653,5,4,1,0.814406,0.814403,0.81418,0.814403,-0.041252,-0.0423175
130_bNAb_Combinations|1313860|sample|4|PVO.4|5024,0.2,0.707095,6,4,1,0.814301,0.814299,0.814041,0.814263,-0.517426,-0.518364
130_bNAb_Combinations|1313860|sample|4|PVO.4|5024,1,0.503972,7,4,1,0.814197,0.814194,0.804943,0.805152,-1.47244,-1.47308
130_bNAb_Combinations|1313860|sample|4|PVO.4|5024,5,0.0983672,8,4,1,0.814093,0.81409,0.0928704,0.092325,0.215318,0.237959
130_bNAb_Combinations|1313860|sample|5|PVO.4|5024,0.0006144,0.899286,1,5,1,0.814093,0.81409,0.813867,0.81409,0.413361,0.41217
130_bNAb_Combinations|1313860|sample|5|PVO.4|5024,0.003072,0.907339,2,5,1,0.814197,0.814194,0.813972,0.814194,0.451771,0.45057
130_bNAb_Combinations|1313860|sample|5|PVO.4|5024,0.01536,0.855779,3,5,1,0.814301,0.814299,0.814076,0.814299,0.201758,0.200626
130_bNAb_Combinations|1313860|sample|5|PVO.4|5024,0.0768,0.837576,4,5,1,0.814406,0.814403,0.81418,0.814403,0.113174,0.112067
130_bNAb_Combinations|1313860|sample|5|PVO.4|5024,0.384,0.66436,5,5,1,0.814406,0.814403,0.814057,0.814282,-0.724252,-0.725142
130_bNAb_Combinations|1313860|sample|5|PVO.4|5024,1.92,0.280479,6,5,1,0.814301,0.814299,0.783355,0.784124,-2.52727,-2.52868
130_bNAb_Combinations|1313860|sample|5|PVO.4|5024,9.6,0.0437879,7,5,1,0.814197,0.814194,0.0389726,0.0406388,0.401605,0.253785
130_bNAb_Combinations|1313860|sample|5|PVO.4|5024,48,0.00302884,8,5,1,0.814093,0.81409,0.00275769,0.00276961,0.0937375,0.0895247
130_bNAb_Combinations|1313860|sample|6|PVO.4|5024,0.0006144,0.902947,1,6,1,0.814093,0.81409,0.813867,0.81409,0.431076,0.42988
130_bNAb_Combinations|1313860|sample|6|PVO.4|5024,0.003072,1,2,6,1,0.814197,0.814194,0.813972,0.814194,0.900119,0.898797
130_bNAb_Combinations|1313860|sample|6|PVO.4|5024,0.01536,0.888003,3,6,1,0.814301,0.814299,0.814076,0.814299,0.357658,0.356484
130_bNAb_Combinations|1313860|sample|6|PVO.4|5024,0.0768,0.842731,4,6,1,0.814406,0.814403,0.81418,0.814402,0.138112,0.136998
130_bNAb_Combinations|1313860|sample|6|PVO.4|5024,0.384,0.660529,5,6,1,0.814406,0.814403,0.814041,0.814265,-0.742722,-0.743604
130_bNAb_Combinations|1313860|sample|6|PVO.4|5024,1.92,0.278232,6,6,1,0.814301,0.814299,0.779309,0.779879,-2.53115,-2.5322
130_bNAb_Combinations|1313860|sample|6|PVO.4|5024,9.6,0.029446,7,6,1,0.814197,0.814194,0.0265842,0.0271414,0.322352,0.255559
130_bNAb_Combinations|1313860|sample|6|PVO.4|5024,48,0.00204597,8,6,1,0.814093,0.81409,0.00275074,0.00276145,-0.243787,-0.24726
130_bNAb_Combinations|1313860|sample|7|PVO.4|5024,0.0000768,0.964978,1,7,1,0.814093,0.81409,0.813655,0.81388,0.73247,0.731187
130_bNAb_Combinations|1313860|sample|7|PVO.4|5024,0.000384,0.899587,2,7,1,0.814197,0.814194,0.812931,0.813159,0.419823,0.418604
130_bNAb_Combinations|1313860|sample|7|PVO.4|5024,0.00192,0.93161,3,7,1,0.814301,0.814299,0.808971,0.809217,0.597031,0.595654
130_bNAb_Combinations|1313860|sample|7|PVO.4|5024,0.0096,0.845689,4,7,1,0.814406,0.814403,0.789388,0.789722,0.280811,0.279029
130_bNAb_Combinations|1313860|sample|7|PVO.4|5024,0.048,0.647902,5,7,1,0.814406,0.814403,0.699677,0.70038,-0.290936,-0.294597
130_bNAb_Combinations|1313860|sample|7|PVO.4|5024,0.24,0.298712,6,7,1,0.814301,0.814299,0.391579,0.393061,-0.923444,-0.934722
130_bNAb_Combinations|1313860|sample|7|PVO.4|5024,1.2,0.0363862,7,7,1,0.814197,0.814194,0.0313658,0.0318305,0.498104,0.446824
130_bNAb_Combinations|1313860|sample|7|PVO.4|5024,6,0.00108316,8,7,1,0.814093,0.81409,0.00275281,0.0027636,-0.577445,-0.580632
130_bNAb_Combinations|1313860|sample|8|PVO.4|5024,0.0000768,0.950786,1,8,1,0.814093,0.81409,0.813655,0.813878,0.663778,0.662521
130_bNAb_Combinations|1313860|sample|8|PVO.4|5024,0.000384,0.92461,2,8,1,0.814197,0.814194,0.812931,0.813151,0.541056,0.539843
130_bNAb_Combinations|1313860|sample|8|PVO.4|5024,0.00192,0.843312,3,8,1,0.814301,0.814299,0.808968,0.809179,0.167194,0.166126
130_bNAb_Combinations|1313860|sample|8|PVO.4|5024,0.0096,0.847094,4,8,1,0.814406,0.814403,0.789375,0.789538,0.287884,0.28701
130_bNAb_Combinations|1313860|sample|8|PVO.4|5024,0.048,0.634433,5,8,1,0.814406,0.814403,0.69962,0.699583,-0.366335,-0.366145
130_bNAb_Combinations|1313860|sample|8|PVO.4|5024,0.24,0.29454,6,8,1,0.814301,0.814299,0.391426,0.390908,-0.963781,-0.959875
130_bNAb_Combinations|1313860|sample|8|PVO.4|5024,1.2,0.0356641,7,8,1,0.814197,0.814194,0.0313148,0.0311086,0.432076,0.454897
130_bNAb_Combinations|1313860|sample|8|PVO.4|5024,6,0.00112328,8,8,1,0.814093,0.81409,0.00275279,0.00276327,-0.563563,-0.566674
130_bNAb_Combinations|1313860|sample|9|PVO.4|5024,0.0003648,0.996159,1,9,1,0.814093,0.81409,0.812808,0.813048,0.888419,0.886995
130_bNAb_Combinations|1313860|sample|9|PVO.4|5024,0.001824,0.900911,2,9,1,0.814197,0.814194,0.808775,0.809082,0.448643,0.44698
130_bNAb_Combinations|1313860|sample|9|PVO.4|5024,0.00912,0.872167,3,9,1,0.814301,0.814299,0.788842,0.789468,0.415876,0.412432
130_bNAb_Combinations|1313860|sample|9|PVO.4|5024,0.0456,0.672464,4,9,1,0.814406,0.814403,0.69773,0.699696,-0.142367,-0.153021
130_bNAb_Combinations|1313860|sample|9|PVO.4|5024,0.228,0.315531,5,9,1,0.814406,0.814403,0.386161,0.391022,-0.711963,-0.75171
130_bNAb_Combinations|1313860|sample|9|PVO.4|5024,1.14,0.0348417,6,9,1,0.814301,0.814299,0.0292621,0.0307982,0.584222,0.406942
130_bNAb_Combinations|1313860|sample|9|PVO.4|5024,5.7,0.0010631,7,9,1,0.814197,0.814194,0.00275199,0.00276311,-0.584138,-0.587419
130_bNAb_Combinations|1313860|sample|9|PVO.4|5024,28.5,0.000762226,8,9,1,0.814093,0.81409,0.0027493,0.0027599,-0.687434,-0.690466
130_bNAb_Combinations|1313860|vc|1|2|PVO.4|5024,0,0.954858,1,2,1,0.814093,0.81409,0.813867,0.81409,0.682288,0.681023
130_bNAb_Combinations|1313860|vc|2|2|PVO.4|5024,0,0.902094,2,2,1,0.814197,0.814194,0.813972,0.814194,0.426391,0.425197
130_bNAb_Combinations|1313860|vc|3|2|PVO.4|5024,0,0.86299,3,2,1,0.814197,0.814194,0.813972,0.814194,0.237181,0.236038
130_bNAb_Combinations|1313860|vc|4|2|PVO.4|5024,0,0.843613,4,2,1,0.814197,0.814194,0.813972,0.814194,0.143425,0.142308
130_bNAb_Combinations|1313860|vc|5|2|PVO.4|5024,0,0.869359,5,2,1,0.814197,0.814194,0.813972,0.814194,0.267996,0.266845
130_bNAb_Combinations|1313860|vc|6|2|PVO.4|5024,0,0.81162,6,2,1,0.814197,0.814194,0.813972,0.814194,-0.0113785,-0.0124539
130_bNAb_Combinations|1313860|vc|7|2|PVO.4|5024,0,0.761714,7,2,1,0.814197,0.814194,0.813972,0.814194,-0.252853,-0.253863
130_bNAb_Combinations|1313860|vc|8|2|PVO.4|5024,0,0.747362,8,2,1,0.814093,0.81409,0.813867,0.81409,-0.321831,-0.322823
130_bNAb_Combinations|1313884|cc|1|1|nan|4168,0,0.000363452,1,1,0,0,0,0,0,0.16521,0.16521
130_bNAb_Combinations|1313884|cc|2|1|nan|4168,0,0.000879936,2,1,0,0,0,0,0,0.399983,0.399983
130_bNAb_Combinations|1313884|cc|3|1|nan|4168,0,0.000248678,3,1,0,0,0,0,0,0.113039,0.113039
130_bNAb_Combinations|1313884|cc|4|1|nan|4168,0,5.73872e-05,4,1,0,0,0,0,0,0.0260859,0.0260859
130_bNAb_Combinations|1313884|cc|5|1|nan|4168,0,0,5,1,0,0,0,0,0,0,0
130_bNAb_Combinations|1313884|cc|6|1|nan|4168,0,0.000325194,6,1,0,0,0,0,0,0.14782,0.14782
130_bNAb_Combinations|1313884|cc|7|1|nan|4168,0,0.000554743,7,1,0,0,0,0,0,0.252163,0.252163
130_bNAb_Combinations|1313884|cc|8|1|nan|4168,0,0.000248678,8,1,0,0,0,0,0,0.113039,0.113039
130_bNAb_Combinations|1313884|sample|10|nan|4168,0.0003648,0.774009,1,10,1,0.814093,0.814092,0.810789,0.810907,-0.178654,-0.179199
130_bNAb_Combinations|1313884|sample|10|nan|4168,0.001824,0.732346,2,10,1,0.814197,0.814197,0.805032,0.80495,-0.355563,-0.355196
130_bNAb_Combinations|1313884|sample|10|nan|4168,0.00912,0.69975,3,10,1,0.814301,0.814301,0.788377,0.787731,-0.442597,-0.43973
130_bNAb_Combinations|1313884|sample|10|nan|4168,0.0456,0.452067,4,10,1,0.814301,0.814301,0.742248,0.740118,-1.53816,-1.53122
130_bNAb_Combinations|1313884|sample|10|nan|4168,0.228,0.221036,5,10,1,0.814301,0.814301,0.627879,0.622511,-2.54397,-2.53175
130_bNAb_Combinations|1313884|sample|10|nan|4168,1.14,0.135271,6,10,1,0.814301,0.814301,0.409307,0.399909,-2.60941,-2.57787
130_bNAb_Combinations|1313884|sample|10|nan|4168,5.7,0.0867311,7,10,1,0.814197,0.814197,0.163063,0.154397,-1.76852,-1.651
130_bNAb_Combinations|1313884|sample|10|nan|4168,28.5,0.0454124,8,10,1,0.814093,0.814092,0.0362998,0.0328034,0.805101,1.20773
130_bNAb_Combinations|1313884|sample|11|nan|4168,0.0003712,0.771905,1,11,1,0.814093,0.814092,0.812196,0.812467,-0.195373,-0.196621
130_bNAb_Combinations|1313884|sample|11|nan|4168,0.001856,0.762522,2,11,1,0.814197,0.814197,0.806783,0.807209,-0.216045,-0.218015
130_bNAb_Combinations|1313884|sample|11|nan|4168,0.00928,0.738841,3,11,1,0.814197,0.814197,0.783443,0.784518,-0.224129,-0.229223
130_bNAb_Combinations|1313884|sample|11|nan|4168,0.0464,0.560166,4,11,1,0.814197,0.814197,0.690844,0.694295,-0.743584,-0.759476
130_bNAb_Combinations|1313884|sample|11|nan|4168,0.2319999999999999,0.294645,5,11,1,0.814197,0.814197,0.407862,0.416128,-1.08181,-1.13821
130_bNAb_Combinations|1313884|sample|11|nan|4168,1.16,0.069228,6,11,1,0.814197,0.814197,0.0566147,0.0608971,0.76809,0.476122
130_bNAb_Combinations|1313884|sample|11|nan|4168,5.8,0.0138494,7,11,1,0.814197,0.814197,0.00637257,0.00655484,1.96722,1.89641
130_bNAb_Combinations|1313884|sample|11|nan|4168,29,0.00181726,8,11,1,0.814093,0.814092,0.00628723,0.00644475,-1.18275,-1.21174
130_bNAb_Combinations|1313884|sample|12|nan|4168,0.0003712,0.813233,1,12,1,0.814093,0.814092,0.812071,0.81229,0.00563648,0.00457629
130_bNAb_Combinations|1313884|sample|12|nan|4168,0.001856,0.742858,2,12,1,0.814093,0.814092,0.806145,0.806347,-0.309163,-0.310075
130_bNAb_Combinations|1313884|sample|12|nan|4168,0.00928,0.718258,3,12,1,0.814093,0.814092,0.78111,0.781247,-0.316771,-0.317406
130_bNAb_Combinations|1313884|sample|12|nan|4168,0.0464,0.538636,4,12,1,0.814093,0.814092,0.682356,0.682255,-0.827839,-0.827376
130_bNAb_Combinations|1313884|sample|12|nan|4168,0.2319999999999999,0.244077,5,12,1,0.814093,0.814092,0.387402,0.386832,-1.44022,-1.43656
130_bNAb_Combinations|1313884|sample|12|nan|4168,1.16,0.0551873,6,12,1,0.814093,0.814092,0.0471906,0.0470116,0.568986,0.58359
130_bNAb_Combinations|1313884|sample|12|nan|4168,5.8,0.00767075,7,12,1,0.814093,0.814092,0.00632988,0.00648609,0.353792,0.309372
130_bNAb_Combinations|1313884|sample|12|nan|4168,29,0.00585349,8,12,1,0.814093,0.814092,0.00628723,0.00644475,-0.114768,-0.154825
130_bNAb_Combinations|1313884|sample|3|nan|4168,0.000064,0.896254,1,3,1,0.814093,0.814092,0.813869,0.814092,0.398676,0.397489
130_bNAb_Combinations|1313884|sample|3|nan|4168,0.00032,0.883198,2,3,1,0.814197,0.814197,0.813974,0.814197,0.334949,0.33378
130_bNAb_Combinations|1313884|sample|3|nan|4168,0.0016,0.945425,3,3,1,0.814301,0.814301,0.814078,0.814301,0.635454,0.634204
130_bNAb_Combinations|1313884|sample|3|nan|4168,0.008,0.973478,4,3,1,0.814301,0.814301,0.814078,0.814301,0.771172,0.769886
130_bNAb_Combinations|1313884|sample|3|nan|4168,0.04,0.977246,5,3,1,0.814301,0.814301,0.814078,0.814301,0.789404,0.788113
130_bNAb_Combinations|1313884|sample|3|nan|4168,0.2,0.815472,6,3,1,0.814301,0.814301,0.814078,0.814301,0.00674335,0.00566377
130_bNAb_Combinations|1313884|sample|3|nan|4168,1,0.719559,7,3,1,0.814197,0.814197,0.813486,0.81369,-0.454746,-0.455623
130_bNAb_Combinations|1313884|sample|3|nan|4168,5,0.315142,8,3,1,0.814093,0.814092,0.308577,0.297105,0.0823454,0.23475
130_bNAb_Combinations|1313884|sample|4|nan|4168,0.000064,0.855298,1,4,1,0.814093,0.814092,0.813869,0.814092,0.200485,0.199351
130_bNAb_Combinations|1313884|sample|4|nan|4168,0.00032,0.910725,2,4,1,0.814197,0.814197,0.813974,0.814197,0.46814,0.466934
130_bNAb_Combinations|1313884|sample|4|nan|4168,0.0016,0.951039,3,4,1,0.814301,0.814301,0.814078,0.814301,0.662616,0.661359
130_bNAb_Combinations|1313884|sample|4|nan|4168,0.008,1,4,4,1,0.814406,0.814405,0.814182,0.814405,0.898868,0.897548
130_bNAb_Combinations|1313884|sample|4|nan|4168,0.04,0.93895,5,4,1,0.814406,0.814405,0.814182,0.814405,0.603545,0.602305
130_bNAb_Combinations|1313884|sample|4|nan|4168,0.2,0.839584,6,4,1,0.814301,0.814301,0.814078,0.814301,0.123398,0.122286
130_bNAb_Combinations|1313884|sample|4|nan|4168,1,0.743183,7,4,1,0.814197,0.814197,0.813484,0.81373,-0.340361,-0.341452
130_bNAb_Combinations|1313884|sample|4|nan|4168,5,0.341148,8,4,1,0.814093,0.814092,0.307543,0.32165,0.422939,0.234918
130_bNAb_Combinations|1313884|sample|5|nan|4168,0.0006144,0.922661,1,5,1,0.814093,0.814092,0.813869,0.814092,0.526469,0.525246
130_bNAb_Combinations|1313884|sample|5|nan|4168,0.003072,0.913852,2,5,1,0.814197,0.814197,0.813974,0.814197,0.483273,0.482064
130_bNAb_Combinations|1313884|sample|5|nan|4168,0.01536,0.961512,3,5,1,0.814301,0.814301,0.814078,0.814301,0.713285,0.712014
130_bNAb_Combinations|1313884|sample|5|nan|4168,0.0768,0.95651,4,5,1,0.814406,0.814405,0.814182,0.814405,0.688492,0.687229
130_bNAb_Combinations|1313884|sample|5|nan|4168,0.384,0.877392,5,5,1,0.814406,0.814405,0.814182,0.814404,0.305774,0.304614
130_bNAb_Combinations|1313884|sample|5|nan|4168,1.92,0.606372,6,5,1,0.814301,0.814301,0.812433,0.812654,-0.998917,-0.999718
130_bNAb_Combinations|1313884|sample|5|nan|4168,9.6,0.20403,7,5,1,0.814197,0.814197,0.351531,0.349377,-1.62974,-1.61561
130_bNAb_Combinations|1313884|sample|5|nan|4168,48,0.0395206,8,5,1,0.814093,0.814092,0.0343554,0.0333369,0.476935,0.58479
130_bNAb_Combinations|1313884|sample|6|nan|4168,0.0006144,0.914177,1,6,1,0.814093,0.814092,0.813869,0.814092,0.485414,0.484203
130_bNAb_Combinations|1313884|sample|6|nan|4168,0.003072,0.90533,2,6,1,0.814197,0.814197,0.813974,0.814197,0.442039,0.44084
130_bNAb_Combinations|1313884|sample|6|nan|4168,0.01536,0.984926,3,6,1,0.814301,0.814301,0.814078,0.814301,0.826561,0.82526
130_bNAb_Combinations|1313884|sample|6|nan|4168,0.0768,0.925091,4,6,1,0.814406,0.814405,0.814182,0.814405,0.536504,0.535282
130_bNAb_Combinations|1313884|sample|6|nan|4168,0.384,0.830947,5,6,1,0.814406,0.814405,0.814182,0.814404,0.0811006,0.0800016
130_bNAb_Combinations|1313884|sample|6|nan|4168,1.92,0.605607,6,6,1,0.814301,0.814301,0.812377,0.812687,-1.00242,-1.00355
130_bNAb_Combinations|1313884|sample|6|nan|4168,9.6,0.219678,7,6,1,0.814197,0.814197,0.341685,0.355344,-1.38594,-1.48329
130_bNAb_Combinations|1313884|sample|6|nan|4168,48,0.0417587,8,6,1,0.814093,0.814092,0.0310607,0.0354161,1.06954,0.57159
130_bNAb_Combinations|1313884|sample|7|nan|4168,0.0000768,0.836418,1,7,1,0.814093,0.814092,0.812264,0.812478,0.117115,0.116048
130_bNAb_Combinations|1313884|sample|7|nan|4168,0.000384,0.922776,2,7,1,0.814197,0.814197,0.809301,0.809496,0.552196,0.551113
130_bNAb_Combinations|1313884|sample|7|nan|4168,0.00192,0.897153,3,7,1,0.814301,0.814301,0.80054,0.800683,0.47523,0.474442
130_bNAb_Combinations|1313884|sample|7|nan|4168,0.0096,0.78389,4,7,1,0.814406,0.814405,0.775483,0.775481,0.0426706,0.0426799
130_bNAb_Combinations|1313884|sample|7|nan|4168,0.048,0.503936,5,7,1,0.814406,0.814405,0.707709,0.707339,-1.13221,-1.13074
130_bNAb_Combinations|1313884|sample|7|nan|4168,0.24,0.280795,6,7,1,0.814301,0.814301,0.549254,0.548168,-1.91519,-1.91116
130_bNAb_Combinations|1313884|sample|7|nan|4168,1.2,0.161478,7,7,1,0.814197,0.814197,0.288267,0.286609,-1.69929,-1.68648
130_bNAb_Combinations|1313884|sample|7|nan|4168,6,0.0913986,8,7,1,0.814093,0.814092,0.0735718,0.0725588,0.861978,0.922308
130_bNAb_Combinations|1313884|sample|8|nan|4168,0.0000768,0.913412,1,8,1,0.814093,0.814092,0.812383,0.812478,0.489787,0.48927
130_bNAb_Combinations|1313884|sample|8|nan|4168,0.000384,0.818351,2,8,1,0.814197,0.814197,0.809647,0.809498,0.0423349,0.0430692
130_bNAb_Combinations|1313884|sample|8|nan|4168,0.00192,0.894723,3,8,1,0.814301,0.814301,0.801537,0.800687,0.457809,0.462473
130_bNAb_Combinations|1313884|sample|8|nan|4168,0.0096,0.810594,4,8,1,0.814406,0.814405,0.778292,0.775492,0.163379,0.178176
130_bNAb_Combinations|1313884|sample|8|nan|4168,0.048,0.521984,5,8,1,0.814406,0.814405,0.71511,0.707367,-1.06209,-1.03052
130_bNAb_Combinations|1313884|sample|8|nan|4168,0.24,0.263512,6,8,1,0.814301,0.814301,0.565526,0.548228,-2.09352,-2.03491
130_bNAb_Combinations|1313884|sample|8|nan|4168,1.2,0.145199,7,8,1,0.814197,0.814197,0.311287,0.286692,-2.06588,-1.90646
130_bNAb_Combinations|1313884|sample|8|nan|4168,6,0.0915325,8,8,1,0.814093,0.814092,0.0876281,0.0726064,0.161257,0.925988
130_bNAb_Combinations|1313884|sample|9|nan|4168,0.0003648,0.835442,1,9,1,0.814093,0.814092,0.811087,0.810969,0.118261,0.118852
130_bNAb_Combinations|1313884|sample|9|nan|4168,0.001824,0.770136,2,9,1,0.814197,0.814197,0.805894,0.805129,-0.174737,-0.17116
130_bNAb_Combinations|1313884|sample|9|nan|4168,0.00912,0.72326,3,9,1,0.814301,0.814301,0.79083,0.788241,-0.336409,-0.324567
130_bNAb_Combinations|1313884|sample|9|nan|4168,0.0456,0.460312,4,9,1,0.814406,0.814405,0.749015,0.741592,-1.51666,-1.49229
130_bNAb_Combinations|1313884|sample|9|nan|4168,0.228,0.270179,5,9,1,0.814406,0.814405,0.64395,0.625856,-2.27963,-2.23113
130_bNAb_Combinations|1313884|sample|9|nan|4168,1.14,0.154668,6,9,1,0.814301,0.814301,0.43745,0.405479,-2.52285,-2.41033
130_bNAb_Combinations|1313884|sample|9|nan|4168,5.7,0.0824654,7,9,1,0.814197,0.814197,0.190328,0.159436,-2.15679,-1.82176
130_bNAb_Combinations|1313884|sample|9|nan|4168,28.5,0.0480713,8,9,1,0.814093,0.814092,0.0484271,0.0347967,-0.0247675,1.2133
130_bNAb_Combinations|1313884|vc|1|2|nan|4168,0,0.9016,1,2,1,0.814093,0.814092,0.813869,0.814092,0.42455,0.423355
130_bNAb_Combinations|1313884|vc|2|2|nan|4168,0,0.943493,2,2,1,0.814197,0.814197,0.813974,0.814197,0.626691,0.625443
130_bNAb_Combinations|1313884|vc|3|2|nan|4168,0,0.895508,3,2,1,0.814197,0.814197,0.813974,0.814197,0.39451,0.393325
130_bNAb_Combinations|1313884|vc|4|2|nan|4168,0,0.872534,4,2,1,0.814197,0.814197,0.813974,0.814197,0.283348,0.282193
130_bNAb_Combinations|1313884|vc|5|2|nan|4168,0,0.872572,5,2,1,0.814197,0.814197,0.813974,0.814197,0.283533,0.282378
130_bNAb_Combinations|1313884|vc|6|2|nan|4168,0,0.86009,6,2,1,0.814197,0.814197,0.813974,0.814197,0.22314,0.222
130_bNAb_Combinations|1313884|vc|7|2|nan|4168,0,0.851932,7,2,1,0.814197,0.814197,0.813974,0.814197,0.183664,0.182535
130_bNAb_Combinations|1313884|vc|8|2|nan|4168,0,0.811301,8,2,1,0.814093,0.814092,0.813869,0.814092,-0.0124249,-0.0135012
130_bNAb_Combinations|1313920|cc|1|1|nan|1798,0,0.00106207,1,1,0,0,0,0,0,0.482771,0.482771
130_bNAb_Combinations|1313920|cc|2|1|nan|1798,0,0.00146853,2,1,0,0,0,0,0,0.667536,0.667536
130_bNAb_Combinations|1313920|cc|3|1|nan|1798,0,0.00173077,3,1,0,0,0,0,0,0.786739,0.786739
130_bNAb_Combinations|1313920|cc|4|1|nan|1798,0,0.00124563,4,1,0,0,0,0,0,0.566213,0.566213
130_bNAb_Combinations|1313920|cc|5|1|nan|1798,0,0.0014292,5,1,0,0,0,0,0,0.649655,0.649655
130_bNAb_Combinations|1313920|cc|6|1|nan|1798,0,0.0014292,6,1,0,0,0,0,0,0.649655,0.649655
130_bNAb_Combinations|1313920|cc|7|1|nan|1798,0,0.0012063,7,1,0,0,0,0,0,0.548333,0.548333
130_bNAb_Combinations|1313920|cc|8|1|nan|1798,0,0.00215035,8,1,0,0,0,0,0,0.977463,0.977463
130_bNAb_Combinations|1313920|sample|10|nan|1798,0.0003648,0.782696,1,10,1,0.814093,0.814095,0.798105,0.797492,-0.0760214,-0.073055
130_bNAb_Combinations|1313920|sample|10|nan|1798,0.001824,0.776855,2,10,1,0.814197,0.814199,0.763333,0.760935,0.0697162,0.082337
130_bNAb_Combinations|1313920|sample|10|nan|1798,0.00912,0.694879,3,10,1,0.814301,0.814304,0.659592,0.652422,0.21018,0.255626
130_bNAb_Combinations|1313920|sample|10|nan|1798,0.0456,0.420198,4,10,1,0.814301,0.814304,0.410716,0.396154,0.0899831,0.236388
130_bNAb_Combinations|1313920|sample|10|nan|1798,0.228,0.0873778,5,10,1,0.814301,0.814304,0.0935294,0.0835518,-0.239409,0.164996
130_bNAb_Combinations|1313920|sample|10|nan|1798,1.14,0.00264861,6,10,1,0.814301,0.814304,0.00389637,0.00356804,-0.392536,-0.296952
130_bNAb_Combinations|1313920|sample|10|nan|1798,5.7,0.000629372,7,10,1,0.814197,0.814199,0.00275012,0.00276071,-0.733629,-0.736613
130_bNAb_Combinations|1313920|sample|10|nan|1798,28.5,7.86715e-05,8,10,1,0.814093,0.814095,0.00274974,0.00276034,-0.92403,-0.926844
130_bNAb_Combinations|1313920|sample|11|nan|1798,0.0003712,0.869963,1,11,1,0.814093,0.814095,0.81382,0.814038,0.271704,0.270575
130_bNAb_Combinations|1313920|sample|11|nan|1798,0.001856,0.691286,2,11,1,0.814197,0.814199,0.813561,0.813748,-0.591935,-0.592705
130_bNAb_Combinations|1313920|sample|11|nan|1798,0.00928,0.783024,3,11,1,0.814197,0.814199,0.810692,0.81063,-0.134413,-0.134121
130_bNAb_Combinations|1313920|sample|11|nan|1798,0.0464,0.669481,4,11,1,0.814197,0.814199,0.78834,0.786371,-0.593604,-0.585218
130_bNAb_Combinations|1313920|sample|11|nan|1798,0.2319999999999999,0.434162,5,11,1,0.814197,0.814199,0.632892,0.619409,-1.23294,-1.17396
130_bNAb_Combinations|1313920|sample|11|nan|1798,1.16,0.115116,6,11,1,0.814197,0.814199,0.12471,0.106235,-0.28614,0.30746
130_bNAb_Combinations|1313920|sample|11|nan|1798,5.8,0.00319931,7,11,1,0.814197,0.814199,0.00276467,0.00276623,0.150163,0.149603
130_bNAb_Combinations|1313920|sample|11|nan|1798,29,0.000760491,8,11,1,0.814093,0.814095,0.00274964,0.00276024,-0.688134,-0.691162
130_bNAb_Combinations|1313920|sample|12|nan|1798,0.0003712,0.815542,1,12,1,0.814093,0.814095,0.813815,0.814038,0.00835716,0.00727647
130_bNAb_Combinations|1313920|sample|12|nan|1798,0.001856,0.74085,2,12,1,0.814093,0.814095,0.813418,0.81364,-0.351367,-0.352345
130_bNAb_Combinations|1313920|sample|12|nan|1798,0.00928,0.723103,3,12,1,0.814093,0.814095,0.810281,0.810493,-0.423724,-0.424644
130_bNAb_Combinations|1313920|sample|12|nan|1798,0.0464,0.623072,4,12,1,0.814093,0.814095,0.785878,0.786014,-0.815605,-0.816148
130_bNAb_Combinations|1313920|sample|12|nan|1798,0.2319999999999999,0.462477,5,12,1,0.814093,0.814095,0.618065,0.617743,-0.988117,-0.986581
130_bNAb_Combinations|1313920|sample|12|nan|1798,1.16,0.11273,6,12,1,0.814093,0.814095,0.104845,0.10424,0.276282,0.299082
130_bNAb_Combinations|1313920|sample|12|nan|1798,5.8,0.00295018,7,12,1,0.814093,0.814095,0.00275491,0.00276528,0.0675202,0.0638772
130_bNAb_Combinations|1313920|sample|12|nan|1798,29,0,8,12,1,0.814093,0.814095,0.00274964,0.00276024,-0.95122,-0.954007
130_bNAb_Combinations|1313920|sample|3|nan|1798,0.000064,0.927104,1,3,1,0.814093,0.814095,0.813869,0.814092,0.547968,0.546742
130_bNAb_Combinations|1313920|sample|3|nan|1798,0.00032,0.90564,2,3,1,0.814197,0.814199,0.813957,0.814179,0.443627,0.442434
130_bNAb_Combinations|1313920|sample|3|nan|1798,0.0016,0.884681,3,3,1,0.814301,0.814304,0.813945,0.814161,0.342272,0.341141
130_bNAb_Combinations|1313920|sample|3|nan|1798,0.008,0.948877,4,3,1,0.814301,0.814304,0.81314,0.813311,0.657439,0.656474
130_bNAb_Combinations|1313920|sample|3|nan|1798,0.04,0.855769,5,3,1,0.814301,0.814304,0.807581,0.807448,0.234988,0.235675
130_bNAb_Combinations|1313920|sample|3|nan|1798,0.2,0.458209,6,3,1,0.814301,0.814304,0.770348,0.768236,-1.59488,-1.5884
130_bNAb_Combinations|1313920|sample|3|nan|1798,1,0.22622,7,3,1,0.814197,0.814199,0.565632,0.554618,-2.35233,-2.32049
130_bNAb_Combinations|1313920|sample|3|nan|1798,5,0.122223,8,3,1,0.814093,0.814095,0.12006,0.108184,0.0668209,0.477888
130_bNAb_Combinations|1313920|sample|4|nan|1798,0.000064,0.895872,1,4,1,0.814093,0.814095,0.813869,0.814092,0.396828,0.395641
130_bNAb_Combinations|1313920|sample|4|nan|1798,0.00032,0.93585,2,4,1,0.814197,0.814199,0.813956,0.814179,0.589808,0.58857
130_bNAb_Combinations|1313920|sample|4|nan|1798,0.0016,0.876977,3,4,1,0.814301,0.814304,0.813939,0.814161,0.305032,0.303872
130_bNAb_Combinations|1313920|sample|4|nan|1798,0.008,0.971855,4,4,1,0.814406,0.814408,0.813199,0.813421,0.768399,0.767116
130_bNAb_Combinations|1313920|sample|4|nan|1798,0.04,0.784276,5,4,1,0.814406,0.814408,0.807369,0.807588,-0.112639,-0.113681
130_bNAb_Combinations|1313920|sample|4|nan|1798,0.2,0.443294,6,4,1,0.814301,0.814304,0.768276,0.768479,-1.66493,-1.66554
130_bNAb_Combinations|1313920|sample|4|nan|1798,1,0.218818,7,4,1,0.814197,0.814199,0.555685,0.555777,-2.37583,-2.3761
130_bNAb_Combinations|1313920|sample|4|nan|1798,5,0.123534,8,4,1,0.814093,0.814095,0.1095,0.109362,0.47241,0.477605
130_bNAb_Combinations|1313920|sample|5|nan|1798,0.0006144,0.907764,1,5,1,0.814093,0.814095,0.813856,0.81408,0.454449,0.453242
130_bNAb_Combinations|1313920|sample|5|nan|1798,0.003072,0.859919,2,5,1,0.814197,0.814199,0.813865,0.814094,0.222863,0.221697
130_bNAb_Combinations|1313920|sample|5|nan|1798,0.01536,0.783712,3,5,1,0.814301,0.814304,0.81331,0.813571,-0.143328,-0.144544
130_bNAb_Combinations|1313920|sample|5|nan|1798,0.0768,0.672202,4,5,1,0.814406,0.814408,0.808863,0.809347,-0.66538,-0.667341
130_bNAb_Combinations|1313920|sample|5|nan|1798,0.384,0.368891,5,5,1,0.814406,0.814408,0.77854,0.78048,-2.07134,-2.07603
130_bNAb_Combinations|1313920|sample|5|nan|1798,1.92,0.184222,6,5,1,0.814301,0.814304,0.615525,0.624228,-2.75029,-2.76721
130_bNAb_Combinations|1313920|sample|5|nan|1798,9.6,0.127972,7,5,1,0.814197,0.814199,0.239765,0.254442,-1.79071,-1.91284
130_bNAb_Combinations|1313920|sample|5|nan|1798,48,0.0587283,8,5,1,0.814093,0.814095,0.0410219,0.0470767,1.41598,0.830729
130_bNAb_Combinations|1313920|sample|6|nan|1798,0.0006144,0.830286,1,6,1,0.814093,0.814095,0.813858,0.81408,0.0795012,0.0784046
130_bNAb_Combinations|1313920|sample|6|nan|1798,0.003072,0.853841,2,6,1,0.814197,0.814199,0.813876,0.814093,0.193398,0.192297
130_bNAb_Combinations|1313920|sample|6|nan|1798,0.01536,0.751916,3,6,1,0.814301,0.814304,0.813386,0.813568,-0.297641,-0.298455
130_bNAb_Combinations|1313920|sample|6|nan|1798,0.0768,0.612799,4,6,1,0.814406,0.814408,0.809385,0.809324,-0.956537,-0.956311
130_bNAb_Combinations|1313920|sample|6|nan|1798,0.384,0.297509,5,6,1,0.814406,0.814408,0.781976,0.780328,-2.439,-2.43578
130_bNAb_Combinations|1313920|sample|6|nan|1798,1.92,0.174251,6,6,1,0.814301,0.814304,0.63268,0.623469,-2.84509,-2.82854
130_bNAb_Combinations|1313920|sample|6|nan|1798,9.6,0.113582,7,6,1,0.814197,0.814199,0.270263,0.253096,-2.23541,-2.12098
130_bNAb_Combinations|1313920|sample|6|nan|1798,48,0.057994,8,6,1,0.814093,0.814095,0.054433,0.0464903,0.224336,0.828892
130_bNAb_Combinations|1313920|sample|7|nan|1798,0.0000768,0.81364,1,7,1,0.814093,0.814095,0.809552,0.809721,0.0198893,0.0190622
130_bNAb_Combinations|1313920|sample|7|nan|1798,0.000384,0.811293,2,7,1,0.814197,0.814199,0.799866,0.799914,0.0562589,0.056019
130_bNAb_Combinations|1313920|sample|7|nan|1798,0.00192,0.832548,3,7,1,0.814301,0.814304,0.768653,0.768324,0.327182,0.329007
130_bNAb_Combinations|1313920|sample|7|nan|1798,0.0096,0.838533,4,7,1,0.814406,0.814408,0.674585,0.67322,0.955092,0.964974
130_bNAb_Combinations|1313920|sample|7|nan|1798,0.048,0.504533,5,7,1,0.814406,0.814408,0.441785,0.438616,0.554425,0.586549
130_bNAb_Combinations|1313920|sample|7|nan|1798,0.24,0.121528,6,7,1,0.814301,0.814304,0.117653,0.114962,0.122016,0.211266
130_bNAb_Combinations|1313920|sample|7|nan|1798,1.2,0.00317308,7,7,1,0.814197,0.814199,0.00511353,0.00495914,-0.556886,-0.518347
130_bNAb_Combinations|1313920|sample|7|nan|1798,6,0.000773603,8,7,1,0.814093,0.814095,0.00274996,0.00276053,-0.683689,-0.686713
130_bNAb_Combinations|1313920|sample|8|nan|1798,0.0000768,0.853369,1,8,1,0.814093,0.814095,0.809192,0.809555,0.215006,0.213145
130_bNAb_Combinations|1313920|sample|8|nan|1798,0.000384,0.858752,2,8,1,0.814197,0.814199,0.798698,0.799375,0.296073,0.292491
130_bNAb_Combinations|1313920|sample|8|nan|1798,0.00192,0.804488,3,8,1,0.814301,0.814304,0.764976,0.766627,0.203289,0.194383
130_bNAb_Combinations|1313920|sample|8|nan|1798,0.0096,0.786951,4,8,1,0.814406,0.814408,0.664075,0.668361,0.727008,0.697203
130_bNAb_Combinations|1313920|sample|8|nan|1798,0.048,0.487829,5,8,1,0.814406,0.814408,0.41983,0.428424,0.631594,0.540925
130_bNAb_Combinations|1313920|sample|8|nan|1798,0.24,0.111628,6,8,1,0.814301,0.814304,0.100346,0.106823,0.411643,0.165499
130_bNAb_Combinations|1313920|sample|8|nan|1798,1.2,0.0031862,7,8,1,0.814197,0.814199,0.00420142,0.00451626,-0.311865,-0.398888
130_bNAb_Combinations|1313920|sample|8|nan|1798,6,0.000694932,8,8,1,0.814093,0.814095,0.0027498,0.00276045,-0.710859,-0.71388
130_bNAb_Combinations|1313920|sample|9|nan|1798,0.0003648,0.799965,1,9,1,0.814093,0.814095,0.797624,0.798395,0.0115568,0.00773948
130_bNAb_Combinations|1313920|sample|9|nan|1798,0.001824,0.747006,2,9,1,0.814197,0.814199,0.761824,0.763768,-0.0765521,-0.0863796
130_bNAb_Combinations|1313920|sample|9|nan|1798,0.00912,0.676214,3,9,1,0.814301,0.814304,0.65533,0.660412,0.125192,0.0940096
130_bNAb_Combinations|1313920|sample|9|nan|1798,0.0456,0.461861,4,9,1,0.814406,0.814408,0.402215,0.412171,0.577759,0.469928
130_bNAb_Combinations|1313920|sample|9|nan|1798,0.228,0.0981493,5,9,1,0.814406,0.814408,0.0876153,0.0944808,0.435125,0.141454
130_bNAb_Combinations|1313920|sample|9|nan|1798,1.14,0.00317308,6,9,1,0.814301,0.814304,0.00368654,0.00394086,-0.164254,-0.240692
130_bNAb_Combinations|1313920|sample|9|nan|1798,5.7,0.000485141,7,9,1,0.814197,0.814199,0.00275011,0.00276073,-0.783519,-0.786467
130_bNAb_Combinations|1313920|sample|9|nan|1798,28.5,0.000563812,8,9,1,0.814093,0.814095,0.00274974,0.00276034,-0.7562,-0.759169
130_bNAb_Combinations|1313920|vc|1|2|nan|1798,0,0.838599,1,2,1,0.814093,0.814095,0.813872,0.814095,0.119658,0.118546
130_bNAb_Combinations|1313920|vc|2|2|nan|1798,0,0.91969,2,2,1,0.814197,0.814199,0.813976,0.814199,0.511501,0.510284
130_bNAb_Combinations|1313920|vc|3|2|nan|1798,0,0.872133,3,2,1,0.814197,0.814199,0.813976,0.814199,0.281393,0.280239
130_bNAb_Combinations|1313920|vc|4|2|nan|1798,0,0.947723,4,2,1,0.814197,0.814199,0.813976,0.814199,0.647142,0.645889
130_bNAb_Combinations|1313920|vc|5|2|nan|1798,0,1,5,2,1,0.814197,0.814199,0.813976,0.814199,0.90009,0.898768
130_bNAb_Combinations|1313920|vc|6|2|nan|1798,0,0.938505,6,2,1,0.814197,0.814199,0.813976,0.814199,0.602542,0.6013
130_bNAb_Combinations|1313920|vc|7|2|nan|1798,0,0.844873,7,2,1,0.814197,0.814199,0.813976,0.814199,0.149495,0.148376
130_bNAb_Combinations|1313920|vc|8|2|nan|1798,0,0.756315,8,2,1,0.814093,0.814095,0.813872,0.814095,-0.278529,-0.279533
130_bNAb_Combinations|1313938|cc|1|1|TRO.11|8301,0,0.000314857,1,1,0,0,0,0,0,0.143121,0.143121
130_bNAb_Combinations|1313938|cc|2|1|TRO.11|8301,0,0.000558156,2,1,0,0,0,0,0,0.253715,0.253715
130_bNAb_Combinations|1313938|cc|3|1|TRO.11|8301,0,0.000586779,3,1,0,0,0,0,0,0.266726,0.266726
130_bNAb_Combinations|1313938|cc|4|1|TRO.11|8301,0,0.000686961,4,1,0,0,0,0,0,0.312264,0.312264
130_bNAb_Combinations|1313938|cc|5|1|TRO.11|8301,0,0.000615402,5,1,0,0,0,0,0,0.279737,0.279737
130_bNAb_Combinations|1313938|cc|6|1|TRO.11|8301,0,0.001102,6,1,0,0,0,0,0,0.500924,0.500924
130_bNAb_Combinations|1313938|cc|7|1|TRO.11|8301,0,0.00120218,7,1,0,0,0,0,0,0.546462,0.546462
130_bNAb_Combinations|1313938|cc|8|1|TRO.11|8301,0,0.000457974,8,1,0,0,0,0,0,0.208176,0.208176
130_bNAb_Combinations|1313938|sample|10|TRO.11|8301,0.0003648,0.972099,1,10,1,0.814093,0.814091,0.748703,0.749235,1.17407,1.17045
130_bNAb_Combinations|1313938|sample|10|TRO.11|8301,0.001824,0.800331,2,10,1,0.814197,0.814196,0.650007,0.65095,0.908395,0.901408
130_bNAb_Combinations|1313938|sample|10|TRO.11|8301,0.00912,0.620841,3,10,1,0.814301,0.8143,0.445128,0.446654,1.54111,1.52261
130_bNAb_Combinations|1313938|sample|10|TRO.11|8301,0.0456,0.181823,4,10,1,0.814301,0.8143,0.164407,0.165818,0.400375,0.364952
130_bNAb_Combinations|1313938|sample|10|TRO.11|8301,0.228,0.00905929,5,10,1,0.814301,0.8143,0.0150943,0.0153765,-1.00724,-1.04201
130_bNAb_Combinations|1313938|sample|10|TRO.11|8301,1.14,0.000415039,6,10,1,0.814301,0.8143,0.00277868,0.0027908,-0.815628,-0.81895
130_bNAb_Combinations|1313938|sample|10|TRO.11|8301,5.7,0.000314857,7,10,1,0.814197,0.814196,0.00274978,0.00276038,-0.842334,-0.845223
130_bNAb_Combinations|1313938|sample|10|TRO.11|8301,28.5,0.000887324,8,10,1,0.814093,0.814091,0.00274942,0.00276002,-0.644193,-0.647264
130_bNAb_Combinations|1313938|sample|11|TRO.11|8301,0.0003712,0.957351,1,11,1,0.814093,0.814091,0.81119,0.811427,0.709615,0.708263
130_bNAb_Combinations|1313938|sample|11|TRO.11|8301,0.001856,0.926724,2,11,1,0.814197,0.814196,0.802062,0.802344,0.61205,0.610455
130_bNAb_Combinations|1313938|sample|11|TRO.11|8301,0.00928,0.826421,3,11,1,0.814197,0.814196,0.762087,0.762558,0.332241,0.329605
130_bNAb_Combinations|1313938|sample|11|TRO.11|8301,0.0464,0.657393,4,11,1,0.814197,0.814196,0.607124,0.60822,0.324923,0.317274
130_bNAb_Combinations|1313938|sample|11|TRO.11|8301,0.2319999999999999,0.217337,5,11,1,0.814197,0.814196,0.225812,0.227375,-0.143832,-0.169229
130_bNAb_Combinations|1313938|sample|11|TRO.11|8301,1.16,0.00788574,6,11,1,0.814197,0.814196,0.00669173,0.00681031,0.30766,0.274996
130_bNAb_Combinations|1313938|sample|11|TRO.11|8301,5.8,4.2935e-05,7,11,1,0.814197,0.814196,0.00274985,0.00276045,-0.936423,-0.939224
130_bNAb_Combinations|1313938|sample|11|TRO.11|8301,29,0.00034348,8,11,1,0.814093,0.814091,0.00274949,0.00276009,-0.832354,-0.835251
130_bNAb_Combinations|1313938|sample|12|TRO.11|8301,0.0003712,0.867789,1,12,1,0.814093,0.814091,0.810969,0.811376,0.275934,0.273823
130_bNAb_Combinations|1313938|sample|12|TRO.11|8301,0.001856,0.853241,2,12,1,0.814093,0.814091,0.800983,0.802018,0.256909,0.251504
130_bNAb_Combinations|1313938|sample|12|TRO.11|8301,0.00928,0.83694,3,12,1,0.814093,0.814091,0.757855,0.761512,0.410673,0.389824
130_bNAb_Combinations|1313938|sample|12|TRO.11|8301,0.0464,0.620225,4,12,1,0.814093,0.814091,0.59253,0.604783,0.183357,0.100194
130_bNAb_Combinations|1313938|sample|12|TRO.11|8301,0.2319999999999999,0.188106,5,12,1,0.814093,0.814091,0.203222,0.221932,-0.283881,-0.583719
130_bNAb_Combinations|1313938|sample|12|TRO.11|8301,1.16,0.00864425,6,12,1,0.814093,0.814091,0.00528786,0.00642153,0.951289,0.582929
130_bNAb_Combinations|1313938|sample|12|TRO.11|8301,5.8,0,7,12,1,0.814093,0.814091,0.00274949,0.0027601,-0.95118,-0.95397
130_bNAb_Combinations|1313938|sample|12|TRO.11|8301,29,0.000143117,8,12,1,0.814093,0.814091,0.00274949,0.00276009,-0.901669,-0.904502
130_bNAb_Combinations|1313938|sample|3|TRO.11|8301,0.000064,0.999256,1,3,1,0.814093,0.814091,0.813868,0.814091,0.89713,0.895807
130_bNAb_Combinations|1313938|sample|3|TRO.11|8301,0.00032,1,2,3,1,0.814197,0.814196,0.813973,0.814196,0.900112,0.898789
130_bNAb_Combinations|1313938|sample|3|TRO.11|8301,0.0016,0.897106,3,3,1,0.814301,0.8143,0.814077,0.8143,0.401696,0.400509
130_bNAb_Combinations|1313938|sample|3|TRO.11|8301,0.008,0.970361,4,3,1,0.814301,0.8143,0.814063,0.814286,0.756181,0.754895
130_bNAb_Combinations|1313938|sample|3|TRO.11|8301,0.04,0.880483,5,3,1,0.814301,0.8143,0.813751,0.813983,0.322979,0.321761
130_bNAb_Combinations|1313938|sample|3|TRO.11|8301,0.2,0.715899,6,3,1,0.814301,0.8143,0.806828,0.807272,-0.443825,-0.445748
130_bNAb_Combinations|1313938|sample|3|TRO.11|8301,1,0.31236,7,3,1,0.814197,0.814196,0.669072,0.673308,-2.09496,-2.10667
130_bNAb_Combinations|1313938|sample|3|TRO.11|8301,5,0.0404162,8,3,1,0.814093,0.814091,0.0335864,0.0367702,0.642085,0.318795
130_bNAb_Combinations|1313938|sample|4|TRO.11|8301,0.000064,0.979763,1,4,1,0.814093,0.814091,0.813868,0.814091,0.802802,0.801504
130_bNAb_Combinations|1313938|sample|4|TRO.11|8301,0.00032,0.958596,2,4,1,0.814197,0.814196,0.813973,0.814196,0.699776,0.698507
130_bNAb_Combinations|1313938|sample|4|TRO.11|8301,0.0016,0.947948,3,4,1,0.814301,0.8143,0.814077,0.8143,0.64767,0.646417
130_bNAb_Combinations|1313938|sample|4|TRO.11|8301,0.008,0.949609,4,4,1,0.814406,0.814404,0.814169,0.814391,0.655183,0.653934
130_bNAb_Combinations|1313938|sample|4|TRO.11|8301,0.04,0.862629,5,4,1,0.814406,0.814404,0.813894,0.814098,0.235834,0.23479
130_bNAb_Combinations|1313938|sample|4|TRO.11|8301,0.2,0.698095,6,4,1,0.814301,0.8143,0.80769,0.807493,-0.534368,-0.533533
130_bNAb_Combinations|1313938|sample|4|TRO.11|8301,1,0.273174,7,4,1,0.814197,0.814196,0.684913,0.677351,-2.3629,-2.34507
130_bNAb_Combinations|1313938|sample|4|TRO.11|8301,5,0.0442374,8,4,1,0.814093,0.814091,0.0483135,0.0403468,-0.284322,0.315409
130_bNAb_Combinations|1313938|sample|5|TRO.11|8301,0.0006144,0.941673,1,5,1,0.814093,0.814091,0.813868,0.814091,0.618474,0.617226
130_bNAb_Combinations|1313938|sample|5|TRO.11|8301,0.003072,0.958739,2,5,1,0.814197,0.814196,0.813972,0.814195,0.700474,0.699206
130_bNAb_Combinations|1313938|sample|5|TRO.11|8301,0.01536,0.915761,3,5,1,0.814301,0.8143,0.814052,0.814273,0.492083,0.490884
130_bNAb_Combinations|1313938|sample|5|TRO.11|8301,0.0768,0.82456,4,5,1,0.814406,0.814404,0.813625,0.813795,0.0529362,0.0521013
130_bNAb_Combinations|1313938|sample|5|TRO.11|8301,0.384,0.514634,5,5,1,0.814406,0.814404,0.801879,0.800953,-1.4106,-1.40766
130_bNAb_Combinations|1313938|sample|5|TRO.11|8301,1.92,0.141399,6,5,1,0.814301,0.8143,0.591012,0.573628,-2.98422,-2.95447
130_bNAb_Combinations|1313938|sample|5|TRO.11|8301,9.6,0.0210382,7,5,1,0.814197,0.814196,0.0249613,0.0184909,-0.463162,0.372142
130_bNAb_Combinations|1313938|sample|5|TRO.11|8301,48,0.00739914,8,5,1,0.814093,0.814091,0.00276147,0.00276404,1.60272,1.60148
130_bNAb_Combinations|1313938|sample|6|TRO.11|8301,0.0006144,0.9722,1,6,1,0.814093,0.814091,0.813868,0.814091,0.766199,0.764912
130_bNAb_Combinations|1313938|sample|6|TRO.11|8301,0.003072,0.899854,2,6,1,0.814197,0.814196,0.813972,0.814195,0.415551,0.41436
130_bNAb_Combinations|1313938|sample|6|TRO.11|8301,0.01536,0.850665,3,6,1,0.814301,0.8143,0.814052,0.814273,0.177139,0.176023
130_bNAb_Combinations|1313938|sample|6|TRO.11|8301,0.0768,0.801476,4,6,1,0.814406,0.814404,0.813613,0.813791,-0.0587525,-0.0596027
130_bNAb_Combinations|1313938|sample|6|TRO.11|8301,0.384,0.527478,5,6,1,0.814406,0.814404,0.80162,0.80087,-1.34668,-1.34424
130_bNAb_Combinations|1313938|sample|6|TRO.11|8301,1.92,0.143947,6,6,1,0.814301,0.8143,0.587004,0.572385,-2.9605,-2.93483
130_bNAb_Combinations|1313938|sample|6|TRO.11|8301,9.6,0.0206374,7,6,1,0.814197,0.814196,0.0233253,0.0181113,-0.333511,0.374276
130_bNAb_Combinations|1313938|sample|6|TRO.11|8301,48,0.00800023,8,6,1,0.814093,0.814091,0.00275891,0.00276374,1.81174,1.80931
130_bNAb_Combinations|1313938|sample|7|TRO.11|8301,0.0000768,0.947047,1,7,1,0.814093,0.814091,0.790755,0.790151,0.778194,0.781793
130_bNAb_Combinations|1313938|sample|7|TRO.11|8301,0.000384,0.922266,2,7,1,0.814197,0.814196,0.753067,0.751164,0.884141,0.89632
130_bNAb_Combinations|1313938|sample|7|TRO.11|8301,0.00192,0.797075,3,7,1,0.814301,0.8143,0.660133,0.655344,0.815003,0.849582
130_bNAb_Combinations|1313938|sample|7|TRO.11|8301,0.0096,0.572639,4,7,1,0.814406,0.814404,0.463912,0.454736,0.915703,1.01265
130_bNAb_Combinations|1313938|sample|7|TRO.11|8301,0.048,0.211555,5,7,1,0.814406,0.814404,0.183409,0.173929,0.583073,0.819895
130_bNAb_Combinations|1313938|sample|7|TRO.11|8301,0.24,0.00928828,6,7,1,0.814301,0.8143,0.0192921,0.0171351,-1.41976,-1.2064
130_bNAb_Combinations|1313938|sample|7|TRO.11|8301,1.2,0.000157428,7,7,1,0.814197,0.814196,0.00280974,0.00280285,-0.912781,-0.910954
130_bNAb_Combinations|1313938|sample|7|TRO.11|8301,6,0.001102,8,7,1,0.814093,0.814091,0.00274943,0.00276002,-0.569926,-0.573065
130_bNAb_Combinations|1313938|sample|8|TRO.11|8301,0.0000768,0.992465,1,8,1,0.814093,0.814091,0.790373,0.790906,1.00672,1.0034
130_bNAb_Combinations|1313938|sample|8|TRO.11|8301,0.000384,0.918846,2,8,1,0.814197,0.814196,0.752084,0.753102,0.872529,0.866042
130_bNAb_Combinations|1313938|sample|8|TRO.11|8301,0.00192,0.798592,3,8,1,0.814301,0.8143,0.657814,0.65991,0.840747,0.825635
130_bNAb_Combinations|1313938|sample|8|TRO.11|8301,0.0096,0.614093,4,8,1,0.814406,0.814404,0.459557,0.463278,1.31362,1.27188
130_bNAb_Combinations|1313938|sample|8|TRO.11|8301,0.048,0.216235,5,8,1,0.814406,0.814404,0.178908,0.182664,0.791805,0.698149
130_bNAb_Combinations|1313938|sample|8|TRO.11|8301,0.24,0.0118501,6,8,1,0.814301,0.8143,0.0182452,0.0191141,-0.942799,-1.0375
130_bNAb_Combinations|1313938|sample|8|TRO.11|8301,1.2,0.000787142,7,8,1,0.814197,0.814196,0.00280088,0.0028186,-0.693551,-0.698581
130_bNAb_Combinations|1313938|sample|8|TRO.11|8301,6,0.000543844,8,8,1,0.814093,0.814091,0.00274943,0.00276002,-0.76302,-0.765981
130_bNAb_Combinations|1313938|sample|9|TRO.11|8301,0.0003648,0.965087,1,9,1,0.814093,0.814091,0.749298,0.748826,1.13319,1.13638
130_bNAb_Combinations|1313938|sample|9|TRO.11|8301,0.001824,0.834471,2,9,1,0.814197,0.814196,0.651401,0.649994,1.10394,1.1148
130_bNAb_Combinations|1313938|sample|9|TRO.11|8301,0.00912,0.637786,3,9,1,0.814301,0.8143,0.447693,0.444899,1.65787,1.6926
130_bNAb_Combinations|1313938|sample|9|TRO.11|8301,0.0456,0.173393,4,9,1,0.814406,0.814404,0.166933,0.16413,0.146377,0.213303
130_bNAb_Combinations|1313938|sample|9|TRO.11|8301,0.228,0.00868719,5,9,1,0.814406,0.814404,0.0155987,0.015038,-1.12964,-1.06246
130_bNAb_Combinations|1313938|sample|9|TRO.11|8301,1.14,0.00025761,6,9,1,0.814301,0.8143,0.00278162,0.00278885,-0.870743,-0.872693
130_bNAb_Combinations|1313938|sample|9|TRO.11|8301,5.7,0.000543844,7,9,1,0.814197,0.814196,0.00274978,0.00276038,-0.763119,-0.76608
130_bNAb_Combinations|1313938|sample|9|TRO.11|8301,28.5,0.00104475,8,9,1,0.814093,0.814091,0.00274942,0.00276002,-0.589731,-0.592852
130_bNAb_Combinations|1313938|vc|1|2|TRO.11|8301,0,0.914116,1,2,1,0.814093,0.814091,0.813868,0.814091,0.485118,0.483907
130_bNAb_Combinations|1313938|vc|2|2|TRO.11|8301,0,0.902924,2,2,1,0.814197,0.814196,0.813973,0.814196,0.430399,0.429203
130_bNAb_Combinations|1313938|vc|3|2|TRO.11|8301,0,0.968414,3,2,1,0.814197,0.814196,0.813973,0.814196,0.74728,0.745999
130_bNAb_Combinations|1313938|vc|4|2|TRO.11|8301,0,0.926266,4,2,1,0.814197,0.814196,0.813973,0.814196,0.543343,0.542117
130_bNAb_Combinations|1313938|vc|5|2|TRO.11|8301,0,0.902967,5,2,1,0.814197,0.814196,0.813973,0.814196,0.430606,0.429411
130_bNAb_Combinations|1313938|vc|6|2|TRO.11|8301,0,0.92744,6,2,1,0.814197,0.814196,0.813973,0.814196,0.549021,0.547794
130_bNAb_Combinations|1313938|vc|7|2|TRO.11|8301,0,0.886129,7,2,1,0.814197,0.814196,0.813973,0.814196,0.349136,0.347962
130_bNAb_Combinations|1313938|vc|8|2|TRO.11|8301,0,0.777732,8,2,1,0.814093,0.814091,0.813868,0.814091,-0.174869,-0.175902
130_bNAb_Combinations|1313956|cc|1|1|Ce1176_A3|7023,0,0.000508745,1,1,0,0,0,0,0,0.231255,0.231255
130_bNAb_Combinations|1313956|cc|2|1|Ce1176_A3|7023,0,0.000481245,2,1,0,0,0,0,0,0.218754,0.218754
130_bNAb_Combinations|1313956|cc|3|1|Ce1176_A3|7023,0,0.000632494,3,1,0,0,0,0,0,0.287506,0.287506
130_bNAb_Combinations|1313956|cc|4|1|Ce1176_A3|7023,0,0.00112749,4,1,0,0,0,0,0,0.51251,0.51251
130_bNAb_Combinations|1313956|cc|5|1|Ce1176_A3|7023,0,0.00140249,5,1,0,0,0,0,0,0.637513,0.637513
130_bNAb_Combinations|1313956|cc|6|1|Ce1176_A3|7023,0,0.00147124,6,1,0,0,0,0,0,0.668763,0.668763
130_bNAb_Combinations|1313956|cc|7|1|Ce1176_A3|7023,0,0.00120999,7,1,0,0,0,0,0,0.550011,0.550011
130_bNAb_Combinations|1313956|cc|8|1|Ce1176_A3|7023,0,0.00149874,8,1,0,0,0,0,0,0.681264,0.681264
130_bNAb_Combinations|1313956|sample|10|Ce1176_A3|7023,0.0003648,0.703622,1,10,1,0.814093,0.757733,0.714003,0.71429,-0.0571781,-0.0587349
130_bNAb_Combinations|1313956|sample|10|Ce1176_A3|7023,0.001824,0.749608,2,10,1,0.814197,0.757869,0.637374,0.637385,0.691484,0.691401
130_bNAb_Combinations|1313956|sample|10|Ce1176_A3|7023,0.00912,0.514314,3,10,1,0.814301,0.758005,0.457524,0.45702,0.484843,0.489669
130_bNAb_Combinations|1313956|sample|10|Ce1176_A3|7023,0.0456,0.208599,4,10,1,0.814301,0.758005,0.176378,0.175623,0.692822,0.711978
130_bNAb_Combinations|1313956|sample|10|Ce1176_A3|7023,0.228,0.00944616,5,10,1,0.814301,0.758005,0.014345,0.0141942,-0.844131,-0.823522
130_bNAb_Combinations|1313956|sample|10|Ce1176_A3|7023,1.14,0.000343747,6,10,1,0.814301,0.758005,0.00257054,0.0025808,-0.782522,-0.785418
130_bNAb_Combinations|1313956|sample|10|Ce1176_A3|7023,5.7,0.000233748,7,10,1,0.814197,0.757869,0.00255867,0.00256937,-0.817864,-0.820853
130_bNAb_Combinations|1313956|sample|10|Ce1176_A3|7023,28.5,0.000398746,8,10,1,0.814093,0.757733,0.00255821,0.00256891,-0.75969,-0.762734
130_bNAb_Combinations|1313956|sample|11|Ce1176_A3|7023,0.0003712,0.688607,1,11,1,0.814093,0.757733,0.757101,0.757545,-0.356028,-0.358128
130_bNAb_Combinations|1313956|sample|11|Ce1176_A3|7023,0.001856,0.732462,2,11,1,0.814197,0.757869,0.756289,0.756677,-0.123982,-0.125938
130_bNAb_Combinations|1313956|sample|11|Ce1176_A3|7023,0.00928,0.765771,3,11,1,0.814197,0.757869,0.750292,0.750331,0.0811796,0.0809724
130_bNAb_Combinations|1313956|sample|11|Ce1176_A3|7023,0.0464,0.662853,4,11,1,0.814197,0.757869,0.713362,0.711314,-0.278443,-0.267913
130_bNAb_Combinations|1313956|sample|11|Ce1176_A3|7023,0.2319999999999999,0.428576,5,11,1,0.814197,0.757869,0.519844,0.508931,-0.687331,-0.617901
130_bNAb_Combinations|1313956|sample|11|Ce1176_A3|7023,1.16,0.0788005,6,11,1,0.814197,0.757869,0.0820249,0.0723203,-0.141392,0.318171
130_bNAb_Combinations|1313956|sample|11|Ce1176_A3|7023,5.8,0.00151248,7,11,1,0.814197,0.757869,0.00257803,0.00257976,-0.374198,-0.374749
130_bNAb_Combinations|1313956|sample|11|Ce1176_A3|7023,29,0.000233748,8,11,1,0.814093,0.757733,0.00255816,0.00256886,-0.817722,-0.820711
130_bNAb_Combinations|1313956|sample|12|Ce1176_A3|7023,0.0003712,0.632164,1,12,1,0.814093,0.757733,0.757064,0.757525,-0.64925,-0.651255
130_bNAb_Combinations|1313956|sample|12|Ce1176_A3|7023,0.001856,0.613698,2,12,1,0.814093,0.757733,0.755914,0.75641,-0.740375,-0.742477
130_bNAb_Combinations|1313956|sample|12|Ce1176_A3|7023,0.00928,0.591375,3,12,1,0.814093,0.757733,0.748653,0.74937,-0.826636,-0.82962
130_bNAb_Combinations|1313956|sample|12|Ce1176_A3|7023,0.0464,0.519222,4,12,1,0.814093,0.757733,0.704212,0.706235,-1.03289,-1.04123
130_bNAb_Combinations|1313956|sample|12|Ce1176_A3|7023,0.2319999999999999,0.330526,5,12,1,0.814093,0.757733,0.479843,0.487009,-1.21656,-1.25651
130_bNAb_Combinations|1313956|sample|12|Ce1176_A3|7023,1.16,0.0625069,6,12,1,0.814093,0.757733,0.0518042,0.0562014,0.703512,0.386415
130_bNAb_Combinations|1313956|sample|12|Ce1176_A3|7023,5.8,0.00237873,7,12,1,0.814093,0.757733,0.00256022,0.0025719,-0.0638363,-0.0678769
130_bNAb_Combinations|1313956|sample|12|Ce1176_A3|7023,29,0.000769992,8,12,1,0.814093,0.757733,0.00255816,0.00256886,-0.629073,-0.63224
130_bNAb_Combinations|1313956|sample|3|Ce1176_A3|7023,0.000064,0.742974,1,3,1,0.814093,0.757733,0.757279,0.757733,-0.0743377,-0.076654
130_bNAb_Combinations|1313956|sample|3|Ce1176_A3|7023,0.00032,0.893054,2,3,1,0.814197,0.757869,0.757415,0.757869,0.704749,0.701973
130_bNAb_Combinations|1313956|sample|3|Ce1176_A3|7023,0.0016,0.908543,3,3,1,0.814301,0.758005,0.757551,0.758005,0.78438,0.78156
130_bNAb_Combinations|1313956|sample|3|Ce1176_A3|7023,0.008,0.937844,4,3,1,0.814301,0.758005,0.757551,0.758005,0.936595,0.933684
130_bNAb_Combinations|1313956|sample|3|Ce1176_A3|7023,0.04,0.777115,5,3,1,0.814301,0.758005,0.757546,0.757999,0.101659,0.0992437
130_bNAb_Combinations|1313956|sample|3|Ce1176_A3|7023,0.2,0.561758,6,3,1,0.814301,0.758005,0.757213,0.757653,-1.01581,-1.01751
130_bNAb_Combinations|1313956|sample|3|Ce1176_A3|7023,1,0.368964,7,3,1,0.814197,0.757869,0.736616,0.736251,-1.96354,-1.96256
130_bNAb_Combinations|1313956|sample|3|Ce1176_A3|7023,5,0.208888,8,3,1,0.814093,0.757733,0.206009,0.195571,0.0533634,0.259452
130_bNAb_Combinations|1313956|sample|4|Ce1176_A3|7023,0.000064,0.71326,1,4,1,0.814093,0.757733,0.757279,0.757733,-0.22875,-0.230974
130_bNAb_Combinations|1313956|sample|4|Ce1176_A3|7023,0.00032,0.883119,2,4,1,0.814197,0.757869,0.757415,0.757869,0.653133,0.650387
130_bNAb_Combinations|1313956|sample|4|Ce1176_A3|7023,0.0016,0.934819,3,4,1,0.814301,0.758005,0.757551,0.758005,0.92088,0.917979
130_bNAb_Combinations|1313956|sample|4|Ce1176_A3|7023,0.008,0.950487,4,4,1,0.814406,0.758141,0.757687,0.758141,1.00139,0.998442
130_bNAb_Combinations|1313956|sample|4|Ce1176_A3|7023,0.04,0.817519,5,4,1,0.814406,0.758141,0.757682,0.758135,0.310791,0.308254
130_bNAb_Combinations|1313956|sample|4|Ce1176_A3|7023,0.2,0.59253,6,4,1,0.814301,0.758005,0.757208,0.757651,-0.855865,-0.857668
130_bNAb_Combinations|1313956|sample|4|Ce1176_A3|7023,1,0.33859,7,4,1,0.814197,0.757869,0.736362,0.736108,-2.12513,-2.12449
130_bNAb_Combinations|1313956|sample|4|Ce1176_A3|7023,5,0.207004,8,4,1,0.814093,0.757733,0.202738,0.193808,0.0803008,0.259334
130_bNAb_Combinations|1313956|sample|5|Ce1176_A3|7023,0.0006144,0.687672,1,5,1,0.814093,0.757733,0.757279,0.757733,-0.361726,-0.363871
130_bNAb_Combinations|1313956|sample|5|Ce1176_A3|7023,0.003072,0.893274,2,5,1,0.814197,0.757869,0.757415,0.757869,0.705892,0.703115
130_bNAb_Combinations|1313956|sample|5|Ce1176_A3|7023,0.01536,0.886089,3,5,1,0.814301,0.758005,0.757551,0.758005,0.667738,0.664986
130_bNAb_Combinations|1313956|sample|5|Ce1176_A3|7023,0.0768,0.71535,4,5,1,0.814406,0.758141,0.757682,0.758136,-0.21987,-0.222095
130_bNAb_Combinations|1313956|sample|5|Ce1176_A3|7023,0.384,0.488319,5,5,1,0.814406,0.758141,0.757366,0.757833,-1.39799,-1.39957
130_bNAb_Combinations|1313956|sample|5|Ce1176_A3|7023,1.92,0.393054,6,5,1,0.814301,0.758005,0.738251,0.739509,-1.83958,-1.84318
130_bNAb_Combinations|1313956|sample|5|Ce1176_A3|7023,9.6,0.204928,7,5,1,0.814197,0.757869,0.389275,0.400063,-1.84372,-1.90011
130_bNAb_Combinations|1313956|sample|5|Ce1176_A3|7023,48,0.100326,8,5,1,0.814093,0.757733,0.0792689,0.0863955,0.952269,0.582796
130_bNAb_Combinations|1313956|sample|6|Ce1176_A3|7023,0.0006144,0.700267,1,6,1,0.814093,0.757733,0.757279,0.757733,-0.296274,-0.298458
130_bNAb_Combinations|1313956|sample|6|Ce1176_A3|7023,0.003072,0.779562,2,6,1,0.814197,0.757869,0.757415,0.757869,0.115073,0.112646
130_bNAb_Combinations|1313956|sample|6|Ce1176_A3|7023,0.01536,0.830994,3,6,1,0.814301,0.758005,0.757551,0.758005,0.381524,0.378941
130_bNAb_Combinations|1313956|sample|6|Ce1176_A3|7023,0.0768,0.671062,4,6,1,0.814406,0.758141,0.757683,0.758136,-0.449904,-0.45199
130_bNAb_Combinations|1313956|sample|6|Ce1176_A3|7023,0.384,0.520893,5,6,1,0.814406,0.758141,0.757398,0.757819,-1.22885,-1.23037
130_bNAb_Combinations|1313956|sample|6|Ce1176_A3|7023,1.92,0.352251,6,6,1,0.814301,0.758005,0.740151,0.738702,-2.0619,-2.05818
130_bNAb_Combinations|1313956|sample|6|Ce1176_A3|7023,9.6,0.186758,7,6,1,0.814197,0.757869,0.415908,0.388943,-2.14808,-2.02382
130_bNAb_Combinations|1313956|sample|6|Ce1176_A3|7023,48,0.0915191,8,6,1,0.814093,0.757733,0.0988816,0.0786343,-0.272292,0.586924
130_bNAb_Combinations|1313956|sample|7|Ce1176_A3|7023,0.0000768,0.644896,1,7,1,0.814093,0.757733,0.743522,0.744141,-0.5219,-0.524745
130_bNAb_Combinations|1313956|sample|7|Ce1176_A3|7023,0.000384,0.807536,2,7,1,0.814197,0.757869,0.717727,0.718648,0.492123,0.48646
130_bNAb_Combinations|1313956|sample|7|Ce1176_A3|7023,0.00192,0.874608,3,7,1,0.814301,0.758005,0.646949,0.648634,1.38214,1.3684
130_bNAb_Combinations|1313956|sample|7|Ce1176_A3|7023,0.0096,0.712752,4,7,1,0.814406,0.758141,0.477754,0.480841,1.92286,1.88563
130_bNAb_Combinations|1313956|sample|7|Ce1176_A3|7023,0.048,0.234181,5,7,1,0.814406,0.758141,0.1998,0.203306,0.656251,0.579584
130_bNAb_Combinations|1313956|sample|7|Ce1176_A3|7023,0.24,0.0112199,6,7,1,0.814301,0.758005,0.0194869,0.0203376,-1.16517,-1.2475
130_bNAb_Combinations|1313956|sample|7|Ce1176_A3|7023,1.2,0.000769992,7,7,1,0.814197,0.757869,0.0025895,0.00260437,-0.63833,-0.642703
130_bNAb_Combinations|1313956|sample|7|Ce1176_A3|7023,6,0.000536245,8,7,1,0.814093,0.757733,0.00255821,0.00256891,-0.711319,-0.714408
130_bNAb_Combinations|1313956|sample|8|Ce1176_A3|7023,0.0000768,0.696355,1,8,1,0.814093,0.757733,0.744438,0.74451,-0.254135,-0.25449
130_bNAb_Combinations|1313956|sample|8|Ce1176_A3|7023,0.000384,0.873701,2,8,1,0.814197,0.757869,0.720328,0.719695,0.83743,0.841613
130_bNAb_Combinations|1313956|sample|8|Ce1176_A3|7023,0.00192,0.872793,3,8,1,0.814301,0.758005,0.653846,0.65141,1.31541,1.33496
130_bNAb_Combinations|1313956|sample|8|Ce1176_A3|7023,0.0096,0.757666,4,8,1,0.814406,0.758141,0.492779,0.486874,2.10249,2.17497
130_bNAb_Combinations|1313956|sample|8|Ce1176_A3|7023,0.048,0.240416,5,8,1,0.814406,0.758141,0.218424,0.210733,0.385368,0.538352
130_bNAb_Combinations|1313956|sample|8|Ce1176_A3|7023,0.24,0.0117424,6,8,1,0.814301,0.758005,0.0244092,0.0222611,-1.52034,-1.34995
130_bNAb_Combinations|1313956|sample|8|Ce1176_A3|7023,1.2,0.000178748,7,8,1,0.814197,0.757869,0.00261948,0.00261538,-0.854013,-0.852886
130_bNAb_Combinations|1313956|sample|8|Ce1176_A3|7023,6,0.000316247,8,8,1,0.814093,0.757733,0.00255821,0.00256891,-0.788713,-0.791729
130_bNAb_Combinations|1313956|sample|9|Ce1176_A3|7023,0.0003648,0.758106,1,9,1,0.814093,0.757733,0.715332,0.715827,0.235161,0.232279
130_bNAb_Combinations|1313956|sample|9|Ce1176_A3|7023,0.001824,0.682688,2,9,1,0.814197,0.757869,0.640857,0.641415,0.256337,0.252702
130_bNAb_Combinations|1313956|sample|9|Ce1176_A3|7023,0.00912,0.715818,3,9,1,0.814301,0.758005,0.464863,0.465508,2.10932,2.10103
130_bNAb_Combinations|1313956|sample|9|Ce1176_A3|7023,0.0456,0.196719,4,9,1,0.814406,0.758141,0.184668,0.185196,0.248021,0.236517
130_bNAb_Combinations|1313956|sample|9|Ce1176_A3|7023,0.228,0.00966615,5,9,1,0.814406,0.758141,0.0160034,0.0161053,-1.01885,-1.03098
130_bNAb_Combinations|1313956|sample|9|Ce1176_A3|7023,1.14,0.000756242,6,9,1,0.814301,0.758005,0.00257533,0.00258629,-0.638979,-0.642208
130_bNAb_Combinations|1313956|sample|9|Ce1176_A3|7023,5.7,0.000439996,7,9,1,0.814197,0.757869,0.00255867,0.00256937,-0.74531,-0.748368
130_bNAb_Combinations|1313956|sample|9|Ce1176_A3|7023,28.5,0,8,9,1,0.814093,0.757733,0.00255821,0.00256891,-0.899967,-0.902878
130_bNAb_Combinations|1313956|vc|1|2|Ce1176_A3|7023,0,0.749127,1,2,1,0.814093,0.757733,0.757279,0.757733,-0.042362,-0.0446973
130_bNAb_Combinations|1313956|vc|2|2|Ce1176_A3|7023,0,0.930921,2,2,1,0.814197,0.757869,0.757415,0.757869,0.901498,0.898606
130_bNAb_Combinations|1313956|vc|3|2|Ce1176_A3|7023,0,1,3,2,1,0.814197,0.757869,0.757415,0.757869,1.26042,1.25731
130_bNAb_Combinations|1313956|vc|4|2|Ce1176_A3|7023,0,0.968987,4,2,1,0.814197,0.757869,0.757415,0.757869,1.09928,1.09627
130_bNAb_Combinations|1313956|vc|5|2|Ce1176_A3|7023,0,0.924369,5,2,1,0.814197,0.757869,0.757415,0.757869,0.867456,0.864584
130_bNAb_Combinations|1313956|vc|6|2|Ce1176_A3|7023,0,0.980379,6,2,1,0.814197,0.757869,0.757415,0.757869,1.15847,1.15543
130_bNAb_Combinations|1313956|vc|7|2|Ce1176_A3|7023,0,0.892036,7,2,1,0.814197,0.757869,0.757415,0.757869,0.699462,0.69669
130_bNAb_Combinations|1313956|vc|8|2|Ce1176_A3|7023,0,0.653015,8,2,1,0.814093,0.757733,0.757279,0.757733,-0.541825,-0.543864
130_bNAb_Combinations|1313974|cc|1|1|nan|1176,0,0,1,1,0,0,0,0,0,0,0
130_bNAb_Combinations|1313974|cc|2|1|nan|1176,0,0.00187935,2,1,0,0,0,0,0,0.854274,0.854274
130_bNAb_Combinations|1313974|cc|3|1|nan|1176,0,0.00338282,3,1,0,0,0,0,0,1.53769,1.53769
130_bNAb_Combinations|1313974|cc|4|1|nan|1176,0,0.00250579,4,1,0,0,0,0,0,1.13903,1.13903
130_bNAb_Combinations|1313974|cc|5|1|nan|1176,0,0.00425985,5,1,0,0,0,0,0,1.93635,1.93635
130_bNAb_Combinations|1313974|cc|6|1|nan|1176,0,0.00200464,6,1,0,0,0,0,0,0.911226,0.911226
130_bNAb_Combinations|1313974|cc|7|1|nan|1176,0,0.00701623,7,1,0,0,0,0,0,3.18929,3.18929
130_bNAb_Combinations|1313974|cc|8|1|nan|1176,0,0.00275637,8,1,0,0,0,0,0,1.25294,1.25294
130_bNAb_Combinations|1313974|sample|10|nan|1176,0.0003648,0.564806,1,10,1,0.814093,0.814094,0.81387,0.814094,-1.20527,-1.20603
130_bNAb_Combinations|1313974|sample|10|nan|1176,0.001824,0.969555,2,10,1,0.814197,0.814198,0.813975,0.814198,0.752786,0.751503
130_bNAb_Combinations|1313974|sample|10|nan|1176,0.00912,0.987972,3,10,1,0.814301,0.814302,0.814079,0.814302,0.841289,0.839984
130_bNAb_Combinations|1313974|sample|10|nan|1176,0.0456,0.768277,4,10,1,0.814301,0.814302,0.814073,0.814297,-0.221565,-0.222585
130_bNAb_Combinations|1313974|sample|10|nan|1176,0.228,0.6812,5,10,1,0.814301,0.814302,0.813793,0.814041,-0.641705,-0.642712
130_bNAb_Combinations|1313974|sample|10|nan|1176,1.14,0.388273,6,10,1,0.814301,0.814302,0.800861,0.802233,-2.02868,-2.03198
130_bNAb_Combinations|1313974|sample|10|nan|1176,5.7,0.221387,7,10,1,0.814197,0.814198,0.47851,0.501136,-2.10063,-2.18407
130_bNAb_Combinations|1313974|sample|10|nan|1176,28.5,0.0676565,8,10,1,0.814093,0.814094,0.0472131,0.0595797,1.45401,0.470497
130_bNAb_Combinations|1313974|sample|11|nan|1176,0.0003712,0.686964,1,11,1,0.814093,0.814094,0.796499,0.795646,-0.541498,-0.537853
130_bNAb_Combinations|1313974|sample|11|nan|1176,0.001856,0.787446,2,11,1,0.814197,0.814198,0.76224,0.759334,0.130144,0.145699
130_bNAb_Combinations|1313974|sample|11|nan|1176,0.00928,0.683957,3,11,1,0.814197,0.814198,0.666892,0.658839,0.100543,0.149775
130_bNAb_Combinations|1313974|sample|11|nan|1176,0.0464,0.431373,4,11,1,0.814197,0.814198,0.446864,0.430603,-0.135349,0.00697488
130_bNAb_Combinations|1313974|sample|11|nan|1176,0.2319999999999999,0.127921,5,11,1,0.814197,0.814198,0.140526,0.12613,-0.336133,0.0528467
130_bNAb_Combinations|1313974|sample|11|nan|1176,1.16,0.00889557,6,11,1,0.814197,0.814198,0.00873604,0.00716456,0.0363033,0.432787
130_bNAb_Combinations|1313974|sample|11|nan|1176,5.8,0.00664036,7,11,1,0.814197,0.814198,0.00275496,0.00276277,1.34351,1.3399
130_bNAb_Combinations|1313974|sample|11|nan|1176,29,0.0085197,8,11,1,0.814093,0.814094,0.00274931,0.00275992,1.99628,1.99078
130_bNAb_Combinations|1313974|sample|12|nan|1176,0.0003712,0.62507,1,12,1,0.814093,0.814094,0.787501,0.787596,-0.812066,-0.812443
130_bNAb_Combinations|1313974|sample|12|nan|1176,0.001856,0.659149,2,12,1,0.814093,0.814094,0.736242,0.7361,-0.411943,-0.41126
130_bNAb_Combinations|1313974|sample|12|nan|1176,0.00928,0.546764,3,12,1,0.814093,0.814094,0.600411,0.599723,-0.350574,-0.34647
130_bNAb_Combinations|1313974|sample|12|nan|1176,0.0464,0.27877,4,12,1,0.814093,0.814094,0.326088,0.324787,-0.562555,-0.54922
130_bNAb_Combinations|1313974|sample|12|nan|1176,0.2319999999999999,0.0630207,5,12,1,0.814093,0.814094,0.0569072,0.0562394,0.370626,0.415336
130_bNAb_Combinations|1313974|sample|12|nan|1176,1.16,0.00413456,6,12,1,0.814093,0.814094,0.00320058,0.0031951,0.310921,0.312887
130_bNAb_Combinations|1313974|sample|12|nan|1176,5.8,0.0072668,7,12,1,0.814093,0.814094,0.00274932,0.00275993,1.56283,1.55773
130_bNAb_Combinations|1313974|sample|12|nan|1176,29,0.00375869,8,12,1,0.814093,0.814094,0.00274931,0.00275992,0.349197,0.345211
130_bNAb_Combinations|1313974|sample|3|nan|1176,0.000064,0.544885,1,3,1,0.814093,0.814094,0.811145,0.811222,-1.29277,-1.29302
130_bNAb_Combinations|1313974|sample|3|nan|1176,0.00032,0.833553,2,3,1,0.814197,0.814198,0.80614,0.805945,0.133915,0.1349
130_bNAb_Combinations|1313974|sample|3|nan|1176,0.0016,0.76765,3,3,1,0.814301,0.814302,0.791713,0.790753,-0.119667,-0.115032
130_bNAb_Combinations|1313974|sample|3|nan|1176,0.008,0.763766,4,3,1,0.814301,0.814302,0.751482,0.748486,0.0643215,0.0803301
130_bNAb_Combinations|1313974|sample|3|nan|1176,0.04,0.33966,5,3,1,0.814301,0.814302,0.648174,0.640515,-1.86953,-1.84462
130_bNAb_Combinations|1313974|sample|3|nan|1176,0.2,0.074798,6,3,1,0.814301,0.814302,0.431589,0.41734,-3.2255,-3.20024
130_bNAb_Combinations|1313974|sample|3|nan|1176,1,0.0275637,7,3,1,0.814197,0.814198,0.153712,0.140756,-3.09091,-3.01379
130_bNAb_Combinations|1313974|sample|3|nan|1176,5,0.0219257,8,3,1,0.814093,0.814094,0.0182813,0.0153192,0.536563,1.09231
130_bNAb_Combinations|1313974|sample|4|nan|1176,0.000064,0.596254,1,4,1,0.814093,0.814094,0.808287,0.808258,-1.03308,-1.03298
130_bNAb_Combinations|1313974|sample|4|nan|1176,0.00032,0.751363,2,4,1,0.814197,0.814198,0.797978,0.797484,-0.230025,-0.227729
130_bNAb_Combinations|1313974|sample|4|nan|1176,0.0016,0.81952,3,4,1,0.814301,0.814302,0.768845,0.767081,0.259426,0.269067
130_bNAb_Combinations|1313974|sample|4|nan|1176,0.008,0.746852,4,4,1,0.814406,0.814407,0.690917,0.686023,0.318247,0.348529
130_bNAb_Combinations|1313974|sample|4|nan|1176,0.04,0.327758,5,4,1,0.814406,0.814407,0.510172,0.499702,-1.39935,-1.3462
130_bNAb_Combinations|1313974|sample|4|nan|1176,0.2,0.106747,6,4,1,0.814301,0.814302,0.222007,0.209519,-1.98833,-1.87432
130_bNAb_Combinations|1313974|sample|4|nan|1176,1,0.0308213,7,4,1,0.814197,0.814198,0.0284845,0.0247863,0.249784,0.716209
130_bNAb_Combinations|1313974|sample|4|nan|1176,5,0.0120278,8,4,1,0.814093,0.814094,0.0029913,0.00292738,3.06182,3.10035
130_bNAb_Combinations|1313974|sample|5|nan|1176,0.0006144,0.585729,1,5,1,0.814093,0.814094,0.806083,0.805641,-1.07653,-1.07495
130_bNAb_Combinations|1313974|sample|5|nan|1176,0.003072,0.613794,2,5,1,0.814197,0.814198,0.791761,0.790106,-0.885001,-0.87859
130_bNAb_Combinations|1313974|sample|5|nan|1176,0.01536,0.526467,3,5,1,0.814301,0.814302,0.752028,0.747153,-1.18026,-1.1622
130_bNAb_Combinations|1313974|sample|5|nan|1176,0.0768,0.174278,4,5,1,0.814406,0.814407,0.650541,0.638356,-2.87569,-2.85488
130_bNAb_Combinations|1313974|sample|5|nan|1176,0.384,0.0800601,5,5,1,0.814406,0.814407,0.440462,0.41805,-3.19378,-3.15246
130_bNAb_Combinations|1313974|sample|5|nan|1176,1.92,0.03458,6,5,1,0.814301,0.814302,0.172063,0.15082,-3.02676,-2.89975
130_bNAb_Combinations|1313974|sample|5|nan|1176,9.6,0.0281902,7,5,1,0.814197,0.814198,0.0283736,0.0218012,-0.0196615,0.832284
130_bNAb_Combinations|1313974|sample|5|nan|1176,48,0.00826912,8,5,1,0.814093,0.814094,0.00415526,0.00357247,1.26825,1.51635
130_bNAb_Combinations|1313974|sample|6|nan|1176,0.0006144,0.51469,1,6,1,0.814093,0.814094,0.804468,0.804966,-1.41851,-1.42007
130_bNAb_Combinations|1313974|sample|6|nan|1176,0.003072,0.808369,2,6,1,0.814197,0.814198,0.787204,0.788201,0.105857,0.100743
130_bNAb_Combinations|1313974|sample|6|nan|1176,0.01536,0.47986,3,6,1,0.814301,0.814302,0.739694,0.742002,-1.38201,-1.39
130_bNAb_Combinations|1313974|sample|6|nan|1176,0.0768,0.164756,4,6,1,0.814406,0.814407,0.620807,0.625985,-2.8837,-2.89265
130_bNAb_Combinations|1313974|sample|6|nan|1176,0.384,0.0816889,5,6,1,0.814406,0.814407,0.387577,0.396271,-3.0724,-3.0919
130_bNAb_Combinations|1313974|sample|6|nan|1176,1.92,0.045856,6,6,1,0.814301,0.814302,0.124853,0.131894,-2.35367,-2.43513
130_bNAb_Combinations|1313974|sample|6|nan|1176,9.6,0.023805,7,6,1,0.814197,0.814198,0.0152125,0.016843,1.42702,1.08258
130_bNAb_Combinations|1313974|sample|6|nan|1176,48,0.00789325,8,6,1,0.814093,0.814094,0.00312252,0.00322629,1.5986,1.55029
130_bNAb_Combinations|1313974|sample|7|nan|1176,0.0000768,0.626699,1,7,1,0.814093,0.814094,0.81387,0.814094,-0.90576,-0.906594
130_bNAb_Combinations|1313974|sample|7|nan|1176,0.000384,0.800727,2,7,1,0.814197,0.814198,0.813975,0.814198,-0.0641031,-0.0651645
130_bNAb_Combinations|1313974|sample|7|nan|1176,0.00192,0.993736,3,7,1,0.814301,0.814302,0.814079,0.814302,0.869172,0.867858
130_bNAb_Combinations|1313974|sample|7|nan|1176,0.0096,1,4,7,1,0.814406,0.814407,0.814183,0.814406,0.898863,0.897542
130_bNAb_Combinations|1313974|sample|7|nan|1176,0.048,0.854476,5,7,1,0.814406,0.814407,0.814161,0.814384,0.195021,0.193892
130_bNAb_Combinations|1313974|sample|7|nan|1176,0.24,0.743344,6,7,1,0.814301,0.814302,0.813025,0.813247,-0.337549,-0.33853
130_bNAb_Combinations|1313974|sample|7|nan|1176,1.2,0.326505,7,7,1,0.814197,0.814198,0.766364,0.766518,-2.25902,-2.25937
130_bNAb_Combinations|1313974|sample|7|nan|1176,6,0.132932,8,7,1,0.814093,0.814094,0.12443,0.12384,0.254114,0.272967
130_bNAb_Combinations|1313974|sample|8|nan|1176,0.0000768,0.625321,1,8,1,0.814093,0.814094,0.81387,0.814094,-0.912429,-0.913261
130_bNAb_Combinations|1313974|sample|8|nan|1176,0.000384,0.783938,2,8,1,0.814197,0.814198,0.813975,0.814198,-0.145337,-0.146377
130_bNAb_Combinations|1313974|sample|8|nan|1176,0.00192,0.983211,3,8,1,0.814301,0.814302,0.814079,0.814302,0.818255,0.816956
130_bNAb_Combinations|1313974|sample|8|nan|1176,0.0096,0.927081,4,8,1,0.814406,0.814407,0.814183,0.814406,0.546129,0.544904
130_bNAb_Combinations|1313974|sample|8|nan|1176,0.048,0.862056,5,8,1,0.814406,0.814407,0.814159,0.814382,0.2317,0.230563
130_bNAb_Combinations|1313974|sample|8|nan|1176,0.24,0.641108,6,8,1,0.814301,0.814302,0.812934,0.813125,-0.83245,-0.833183
130_bNAb_Combinations|1313974|sample|8|nan|1176,1.2,0.408069,7,8,1,0.814197,0.814198,0.762355,0.761207,-1.829,-1.82579
130_bNAb_Combinations|1313974|sample|8|nan|1176,6,0.107499,8,8,1,0.814093,0.814094,0.105913,0.10001,0.0550293,0.274082
130_bNAb_Combinations|1313974|sample|9|nan|1176,0.0003648,0.584727,1,9,1,0.814093,0.814094,0.81387,0.814094,-1.10887,-1.10965
130_bNAb_Combinations|1313974|sample|9|nan|1176,0.001824,0.879471,2,9,1,0.814197,0.814198,0.813975,0.814198,0.31691,0.315745
130_bNAb_Combinations|1313974|sample|9|nan|1176,0.00912,0.847836,3,9,1,0.814301,0.814302,0.814079,0.814302,0.163312,0.16219
130_bNAb_Combinations|1313974|sample|9|nan|1176,0.0456,0.917183,4,9,1,0.814406,0.814407,0.814178,0.814401,0.498276,0.497063
130_bNAb_Combinations|1313974|sample|9|nan|1176,0.228,0.733697,5,9,1,0.814406,0.814407,0.813932,0.814161,-0.388248,-0.389244
130_bNAb_Combinations|1313974|sample|9|nan|1176,1.14,0.394788,6,9,1,0.814301,0.814302,0.802447,0.802928,-2.00053,-2.0017
130_bNAb_Combinations|1313974|sample|9|nan|1176,5.7,0.20109,7,9,1,0.814197,0.814198,0.510211,0.515438,-2.37118,-2.38723
130_bNAb_Combinations|1313974|sample|9|nan|1176,28.5,0.0780555,8,9,1,0.814093,0.814094,0.0659107,0.0690611,0.64749,0.460111
130_bNAb_Combinations|1313974|vc|1|2|nan|1176,0,0.615047,1,2,1,0.814093,0.814094,0.81387,0.814094,-0.962146,-0.962965
130_bNAb_Combinations|1313974|vc|2|2|nan|1176,0,0.671678,2,2,1,0.814197,0.814198,0.813975,0.814198,-0.688515,-0.689408
130_bNAb_Combinations|1313974|vc|3|2|nan|1176,0,0.718411,3,2,1,0.814197,0.814198,0.813975,0.814198,-0.462393,-0.463347
130_bNAb_Combinations|1313974|vc|4|2|nan|1176,0,0.81739,4,2,1,0.814197,0.814198,0.813975,0.814198,0.0165249,0.0154416
130_bNAb_Combinations|1313974|vc|5|2|nan|1176,0,0.786068,5,2,1,0.814197,0.814198,0.813975,0.814198,-0.135031,-0.136074
130_bNAb_Combinations|1313974|vc|6|2|nan|1176,0,0.718662,6,2,1,0.814197,0.814198,0.813975,0.814198,-0.461181,-0.462135
130_bNAb_Combinations|1313974|vc|7|2|nan|1176,0,0.706008,7,2,1,0.814197,0.814198,0.813975,0.814198,-0.52241,-0.523347
130_bNAb_Combinations|1313974|vc|8|2|nan|1176,0,0.513437,8,2,1,0.814093,0.814094,0.81387,0.814094,-1.45386,-1.45454
130_bNAb_Combinations|1313992|cc|1|1|RHPA4259.7|5371,0,0.000660826,1,1,0,0,0,0,0,0.300385,0.300385
130_bNAb_Combinations|1313992|cc|2|1|RHPA4259.7|5371,0,0.00171458,2,1,0,0,0,0,0,0.779376,0.779376
130_bNAb_Combinations|1313992|cc|3|1|RHPA4259.7|5371,0,0.00114305,3,1,0,0,0,0,0,0.519584,0.519584
130_bNAb_Combinations|1313992|cc|4|1|RHPA4259.7|5371,0,0.00148239,4,1,0,0,0,0,0,0.673836,0.673836
130_bNAb_Combinations|1313992|cc|5|1|RHPA4259.7|5371,0,0.00150025,5,1,0,0,0,0,0,0.681954,0.681954
130_bNAb_Combinations|1313992|cc|6|1|RHPA4259.7|5371,0,0.00133951,6,1,0,0,0,0,0,0.608888,0.608888
130_bNAb_Combinations|1313992|cc|7|1|RHPA4259.7|5371,0,0.001661,7,1,0,0,0,0,0,0.755021,0.755021
130_bNAb_Combinations|1313992|cc|8|1|RHPA4259.7|5371,0,0.00142881,8,1,0,0,0,0,0,0.64948,0.64948
130_bNAb_Combinations|1313992|sample|10|RHPA4259.7|5371,0.0003648,0.6759,1,10,1,0.814093,0.814117,0.767763,0.76724,-0.470938,-0.468572
130_bNAb_Combinations|1313992|sample|10|RHPA4259.7|5371,0.001824,0.701074,2,10,1,0.814197,0.814221,0.687874,0.68617,0.0754295,0.0853802
130_bNAb_Combinations|1313992|sample|10|RHPA4259.7|5371,0.00912,0.541985,3,10,1,0.814301,0.814325,0.501733,0.497913,0.313891,0.346266
130_bNAb_Combinations|1313992|sample|10|RHPA4259.7|5371,0.0456,0.23562,4,10,1,0.814301,0.814325,0.205558,0.20106,0.558394,0.655717
130_bNAb_Combinations|1313992|sample|10|RHPA4259.7|5371,0.228,0.0160206,5,10,1,0.814301,0.814325,0.0198252,0.0187888,-0.529884,-0.400049
130_bNAb_Combinations|1313992|sample|10|RHPA4259.7|5371,1.14,0.00158956,6,10,1,0.814301,0.814325,0.00278241,0.00278803,-0.411487,-0.413227
130_bNAb_Combinations|1313992|sample|10|RHPA4259.7|5371,5.7,0.000392924,7,10,1,0.814197,0.814221,0.00274986,0.00276046,-0.81535,-0.818263
130_bNAb_Combinations|1313992|sample|10|RHPA4259.7|5371,28.5,0.000928729,8,10,1,0.814093,0.814117,0.00274951,0.0027601,-0.629893,-0.632976
130_bNAb_Combinations|1313992|sample|11|RHPA4259.7|5371,0.0003712,0.650289,1,11,1,0.814093,0.814117,0.732301,0.730488,-0.440557,-0.431877
130_bNAb_Combinations|1313992|sample|11|RHPA4259.7|5371,0.001856,0.618283,2,11,1,0.814197,0.814221,0.622282,0.618114,-0.0252241,0.00107469
130_bNAb_Combinations|1313992|sample|11|RHPA4259.7|5371,0.00928,0.451639,3,11,1,0.814197,0.814221,0.412658,0.405541,0.368234,0.442939
130_bNAb_Combinations|1313992|sample|11|RHPA4259.7|5371,0.0464,0.163215,4,11,1,0.814197,0.814221,0.149514,0.143157,0.3446,0.525627
130_bNAb_Combinations|1313992|sample|11|RHPA4259.7|5371,0.2319999999999999,0.0123414,5,11,1,0.814197,0.814221,0.015245,0.0139667,-0.481576,-0.284725
130_bNAb_Combinations|1313992|sample|11|RHPA4259.7|5371,1.16,0,6,11,1,0.814197,0.814221,0.00280287,0.00280163,-0.96517,-0.964845
130_bNAb_Combinations|1313992|sample|11|RHPA4259.7|5371,5.8,0.000839428,7,11,1,0.814197,0.814221,0.00274981,0.00276042,-0.660875,-0.663931
130_bNAb_Combinations|1313992|sample|11|RHPA4259.7|5371,29,0.000500085,8,11,1,0.814093,0.814117,0.00274946,0.00276006,-0.778168,-0.781116
130_bNAb_Combinations|1313992|sample|12|RHPA4259.7|5371,0.0003712,0.617105,1,12,1,0.814093,0.814117,0.743053,0.738963,-0.666903,-0.648776
130_bNAb_Combinations|1313992|sample|12|RHPA4259.7|5371,0.001856,0.643716,2,12,1,0.814093,0.814117,0.645685,0.636422,-0.0119742,0.0450088
130_bNAb_Combinations|1313992|sample|12|RHPA4259.7|5371,0.00928,0.450916,3,12,1,0.814093,0.814117,0.453094,0.436663,-0.0187777,0.127381
130_bNAb_Combinations|1313992|sample|12|RHPA4259.7|5371,0.0464,0.208089,4,12,1,0.814093,0.814117,0.188547,0.17196,0.394277,0.795859
130_bNAb_Combinations|1313992|sample|12|RHPA4259.7|5371,0.2319999999999999,0.0184138,5,12,1,0.814093,0.814117,0.024973,0.0204354,-0.774111,-0.275667
130_bNAb_Combinations|1313992|sample|12|RHPA4259.7|5371,1.16,0.000125021,6,12,1,0.814093,0.814117,0.00295,0.00287811,-0.960556,-0.941896
130_bNAb_Combinations|1313992|sample|12|RHPA4259.7|5371,5.8,0.000500085,7,12,1,0.814093,0.814117,0.00274948,0.00276007,-0.778175,-0.781118
130_bNAb_Combinations|1313992|sample|12|RHPA4259.7|5371,29,0.000285763,8,12,1,0.814093,0.814117,0.00274946,0.00276006,-0.852313,-0.855192
130_bNAb_Combinations|1313992|sample|3|RHPA4259.7|5371,0.000064,0.754539,1,3,1,0.814093,0.814117,0.813894,0.814116,-0.287224,-0.288223
130_bNAb_Combinations|1313992|sample|3|RHPA4259.7|5371,0.00032,0.910976,2,3,1,0.814197,0.814221,0.813997,0.814219,0.469231,0.468029
130_bNAb_Combinations|1313992|sample|3|RHPA4259.7|5371,0.0016,0.927479,3,3,1,0.814301,0.814325,0.814078,0.8143,0.548631,0.547407
130_bNAb_Combinations|1313992|sample|3|RHPA4259.7|5371,0.008,0.944785,4,3,1,0.814301,0.814325,0.813815,0.81404,0.633833,0.632574
130_bNAb_Combinations|1313992|sample|3|RHPA4259.7|5371,0.04,0.905162,5,3,1,0.814301,0.814325,0.810817,0.811068,0.458256,0.456899
130_bNAb_Combinations|1313992|sample|3|RHPA4259.7|5371,0.2,0.651807,6,3,1,0.814301,0.814325,0.777428,0.777961,-0.636086,-0.638352
130_bNAb_Combinations|1313992|sample|3|RHPA4259.7|5371,1,0.224351,7,3,1,0.814197,0.814221,0.489064,0.491407,-2.1168,-2.12553
130_bNAb_Combinations|1313992|sample|3|RHPA4259.7|5371,5,0.0158956,8,3,1,0.814093,0.814117,0.0128159,0.0131951,0.568279,0.489705
130_bNAb_Combinations|1313992|sample|4|RHPA4259.7|5371,0.000064,0.699119,1,4,1,0.814093,0.814117,0.813894,0.814116,-0.555406,-0.556332
130_bNAb_Combinations|1313992|sample|4|RHPA4259.7|5371,0.00032,0.930694,2,4,1,0.814197,0.814221,0.813997,0.814219,0.564634,0.563406
130_bNAb_Combinations|1313992|sample|4|RHPA4259.7|5371,0.0016,0.969602,3,4,1,0.814301,0.814325,0.814078,0.814301,0.752421,0.751139
130_bNAb_Combinations|1313992|sample|4|RHPA4259.7|5371,0.008,1,4,4,1,0.814406,0.81443,0.813923,0.814153,0.900408,0.899044
130_bNAb_Combinations|1313992|sample|4|RHPA4259.7|5371,0.04,0.855217,5,4,1,0.814406,0.81443,0.810959,0.811271,0.214933,0.213336
130_bNAb_Combinations|1313992|sample|4|RHPA4259.7|5371,0.2,0.614506,6,4,1,0.814301,0.814325,0.777838,0.779046,-0.826602,-0.831442
130_bNAb_Combinations|1313992|sample|4|RHPA4259.7|5371,1,0.229173,7,4,1,0.814197,0.814221,0.491914,0.499028,-2.08907,-2.11557
130_bNAb_Combinations|1313992|sample|4|RHPA4259.7|5371,5,0.0174851,8,4,1,0.814093,0.814117,0.0133332,0.0146775,0.748194,0.476923
130_bNAb_Combinations|1313992|sample|5|RHPA4259.7|5371,0.0006144,0.682232,1,5,1,0.814093,0.814117,0.813883,0.814105,-0.637077,-0.637981
130_bNAb_Combinations|1313992|sample|5|RHPA4259.7|5371,0.003072,0.897884,2,5,1,0.814197,0.814221,0.813869,0.814091,0.406571,0.405383
130_bNAb_Combinations|1313992|sample|5|RHPA4259.7|5371,0.01536,0.905895,3,5,1,0.814301,0.814325,0.812617,0.812844,0.452081,0.450854
130_bNAb_Combinations|1313992|sample|5|RHPA4259.7|5371,0.0768,0.832025,4,5,1,0.814406,0.81443,0.797383,0.797666,0.171068,0.169613
130_bNAb_Combinations|1313992|sample|5|RHPA4259.7|5371,0.384,0.471151,5,5,1,0.814406,0.81443,0.642576,0.643343,-1.04772,-1.05117
130_bNAb_Combinations|1313992|sample|5|RHPA4259.7|5371,1.92,0.0757807,6,5,1,0.814301,0.814325,0.0694501,0.0700852,0.322235,0.287573
130_bNAb_Combinations|1313992|sample|5|RHPA4259.7|5371,9.6,0.0066797,7,5,1,0.814197,0.814221,0.00274982,0.00276042,1.3595,1.35458
130_bNAb_Combinations|1313992|sample|5|RHPA4259.7|5371,48,0.00155384,8,5,1,0.814093,0.814117,0.0027494,0.00276,-0.413605,-0.416888
130_bNAb_Combinations|1313992|sample|6|RHPA4259.7|5371,0.0006144,0.679213,1,6,1,0.814093,0.814117,0.813883,0.814106,-0.651685,-0.652584
130_bNAb_Combinations|1313992|sample|6|RHPA4259.7|5371,0.003072,0.909244,2,6,1,0.814197,0.814221,0.813874,0.814095,0.461511,0.460318
130_bNAb_Combinations|1313992|sample|6|RHPA4259.7|5371,0.01536,0.882409,3,6,1,0.814301,0.814325,0.812676,0.812885,0.33794,0.336841
130_bNAb_Combinations|1313992|sample|6|RHPA4259.7|5371,0.0768,0.759665,4,6,1,0.814406,0.81443,0.798052,0.798128,-0.189408,-0.189764
130_bNAb_Combinations|1313992|sample|6|RHPA4259.7|5371,0.384,0.442039,5,6,1,0.814406,0.81443,0.648714,0.647581,-1.25137,-1.24666
130_bNAb_Combinations|1313992|sample|6|RHPA4259.7|5371,1.92,0.0812102,6,6,1,0.814301,0.814325,0.0764929,0.0749199,0.220278,0.299254
130_bNAb_Combinations|1313992|sample|6|RHPA4259.7|5371,9.6,0.00728695,7,6,1,0.814197,0.814221,0.00274988,0.00276046,1.56954,1.56444
130_bNAb_Combinations|1313992|sample|6|RHPA4259.7|5371,48,0.000660826,8,6,1,0.814093,0.814117,0.0027494,0.00276,-0.722542,-0.725541
130_bNAb_Combinations|1313992|sample|7|RHPA4259.7|5371,0.0000768,0.658728,1,7,1,0.814093,0.814117,0.798155,0.79746,-0.687857,-0.685018
130_bNAb_Combinations|1313992|sample|7|RHPA4259.7|5371,0.000384,0.835624,2,7,1,0.814197,0.814221,0.769352,0.767023,0.339049,0.352023
130_bNAb_Combinations|1313992|sample|7|RHPA4259.7|5371,0.00192,0.789589,3,7,1,0.814301,0.814325,0.691829,0.68545,0.55549,0.597175
130_bNAb_Combinations|1313992|sample|7|RHPA4259.7|5371,0.0096,0.635402,4,7,1,0.814406,0.81443,0.50998,0.496335,0.962509,1.09605
130_bNAb_Combinations|1313992|sample|7|RHPA4259.7|5371,0.048,0.221618,5,7,1,0.814406,0.81443,0.215343,0.199342,0.111458,0.426135
130_bNAb_Combinations|1313992|sample|7|RHPA4259.7|5371,0.24,0.0149132,6,7,1,0.814301,0.814325,0.0222996,0.0184735,-0.946774,-0.520463
130_bNAb_Combinations|1313992|sample|7|RHPA4259.7|5371,1.2,0.00198248,7,7,1,0.814197,0.814221,0.00279704,0.00278705,-0.280637,-0.277433
130_bNAb_Combinations|1313992|sample|7|RHPA4259.7|5371,6,0.00167886,8,7,1,0.814093,0.814117,0.00274951,0.0027601,-0.370388,-0.37371
130_bNAb_Combinations|1313992|sample|8|RHPA4259.7|5371,0.0000768,0.639796,1,8,1,0.814093,0.814117,0.799598,0.798958,-0.786968,-0.784436
130_bNAb_Combinations|1313992|sample|8|RHPA4259.7|5371,0.000384,0.832418,2,8,1,0.814197,0.814221,0.773377,0.771192,0.300501,0.3125
130_bNAb_Combinations|1313992|sample|8|RHPA4259.7|5371,0.00192,0.855234,3,8,1,0.814301,0.814325,0.702321,0.696252,0.856061,0.897701
130_bNAb_Combinations|1313992|sample|8|RHPA4259.7|5371,0.0096,0.694582,4,8,1,0.814406,0.81443,0.532514,0.519134,1.19195,1.32306
130_bNAb_Combinations|1313992|sample|8|RHPA4259.7|5371,0.048,0.261848,5,8,1,0.814406,0.81443,0.243388,0.226349,0.291448,0.601079
130_bNAb_Combinations|1313992|sample|8|RHPA4259.7|5371,0.24,0.0198069,6,8,1,0.814301,0.814325,0.0303446,0.0252393,-1.0728,-0.636098
130_bNAb_Combinations|1313992|sample|8|RHPA4259.7|5371,1.2,0.00117877,7,8,1,0.814197,0.814221,0.00286617,0.00282835,-0.577891,-0.566785
130_bNAb_Combinations|1313992|sample|8|RHPA4259.7|5371,6,0.000464364,8,8,1,0.814093,0.814117,0.00274951,0.0027601,-0.790539,-0.793474
130_bNAb_Combinations|1313992|sample|9|RHPA4259.7|5371,0.0003648,0.59653,1,9,1,0.814093,0.814117,0.769556,0.768891,-0.884984,-0.882335
130_bNAb_Combinations|1313992|sample|9|RHPA4259.7|5371,0.001824,0.754182,2,9,1,0.814197,0.814221,0.69252,0.690437,0.350029,0.362927
130_bNAb_Combinations|1313992|sample|9|RHPA4259.7|5371,0.00912,0.593958,3,9,1,0.814301,0.814325,0.511528,0.506861,0.630698,0.672435
130_bNAb_Combinations|1313992|sample|9|RHPA4259.7|5371,0.0456,0.260651,4,9,1,0.814406,0.81443,0.217148,0.211479,0.766609,0.888809
130_bNAb_Combinations|1313992|sample|9|RHPA4259.7|5371,0.228,0.0158598,5,9,1,0.814406,0.81443,0.0226789,0.0212418,-0.86351,-0.714175
130_bNAb_Combinations|1313992|sample|9|RHPA4259.7|5371,1.14,0.000964449,6,9,1,0.814301,0.814325,0.00279849,0.00280036,-0.631793,-0.632334
130_bNAb_Combinations|1313992|sample|9|RHPA4259.7|5371,5.7,0.000267903,7,9,1,0.814197,0.814221,0.00274986,0.00276046,-0.8586,-0.861473
130_bNAb_Combinations|1313992|sample|9|RHPA4259.7|5371,28.5,0.000839428,8,9,1,0.814093,0.814117,0.00274951,0.0027601,-0.660786,-0.663841
130_bNAb_Combinations|1313992|vc|1|2|RHPA4259.7|5371,0,0.779132,1,2,1,0.814093,0.814117,0.813894,0.814117,-0.168216,-0.169246
130_bNAb_Combinations|1313992|vc|2|2|RHPA4259.7|5371,0,0.953474,2,2,1,0.814197,0.814221,0.813999,0.814221,0.674845,0.673588
130_bNAb_Combinations|1313992|vc|3|2|RHPA4259.7|5371,0,0.91795,3,2,1,0.814197,0.814221,0.813999,0.814221,0.502965,0.501754
130_bNAb_Combinations|1313992|vc|4|2|RHPA4259.7|5371,0,0.938007,4,2,1,0.814197,0.814221,0.813999,0.814221,0.600009,0.598772
130_bNAb_Combinations|1313992|vc|5|2|RHPA4259.7|5371,0,0.961699,5,2,1,0.814197,0.814221,0.813999,0.814221,0.714639,0.713371
130_bNAb_Combinations|1313992|vc|6|2|RHPA4259.7|5371,0,0.866995,6,2,1,0.814197,0.814221,0.813999,0.814221,0.256421,0.255277
130_bNAb_Combinations|1313992|vc|7|2|RHPA4259.7|5371,0,0.852279,7,2,1,0.814197,0.814221,0.813999,0.814221,0.185215,0.184089
130_bNAb_Combinations|1313992|vc|8|2|RHPA4259.7|5371,0,0.715353,8,2,1,0.814093,0.814117,0.813894,0.814117,-0.476845,-0.477792
130_bNAb_Combinations|1314016|cc|1|1|nan|3430,0,0.0013549,1,1,0,0,0,0,0,0.61588,0.61588
130_bNAb_Combinations|1314016|cc|2|1|nan|3430,0,0.00201049,2,1,0,0,0,0,0,0.913886,0.913886
130_bNAb_Combinations|1314016|cc|3|1|nan|3430,0,0.00170455,3,1,0,0,0,0,0,0.774817,0.774817
130_bNAb_Combinations|1314016|cc|4|1|nan|3430,0,0.00253497,4,1,0,0,0,0,0,1.15229,1.15229
130_bNAb_Combinations|1314016|cc|5|1|nan|3430,0,0.00104895,5,1,0,0,0,0,0,0.47681,0.47681
130_bNAb_Combinations|1314016|cc|6|1|nan|3430,0,0.000743007,6,1,0,0,0,0,0,0.337741,0.337741
130_bNAb_Combinations|1314016|cc|7|1|nan|3430,0,0,7,1,0,0,0,0,0,0,0
130_bNAb_Combinations|1314016|cc|8|1|nan|3430,0,0.00187937,8,1,0,0,0,0,0,0.854285,0.854285
130_bNAb_Combinations|1314016|sample|10|nan|3430,0.0003648,0.774781,1,10,1,0.814093,0.814087,0.798585,0.798634,-0.117373,-0.117604
130_bNAb_Combinations|1314016|sample|10|nan|3430,0.001824,0.738134,2,10,1,0.814197,0.814192,0.768913,0.768629,-0.157555,-0.15616
130_bNAb_Combinations|1314016|sample|10|nan|3430,0.00912,0.636976,3,10,1,0.814301,0.814296,0.686384,0.68525,-0.282945,-0.276903
130_bNAb_Combinations|1314016|sample|10|nan|3430,0.0456,0.400415,4,10,1,0.814301,0.814296,0.490413,0.487746,-0.717729,-0.700199
130_bNAb_Combinations|1314016|sample|10|nan|3430,0.228,0.120367,5,10,1,0.814301,0.814296,0.187691,0.184663,-1.36425,-1.32329
130_bNAb_Combinations|1314016|sample|10|nan|3430,1.14,0.0218531,6,10,1,0.814301,0.814296,0.0169614,0.0163296,0.757162,0.876488
130_bNAb_Combinations|1314016|sample|10|nan|3430,5.7,0.0119318,7,10,1,0.814197,0.814192,0.00279706,0.00280256,3.14714,3.14375
130_bNAb_Combinations|1314016|sample|10|nan|3430,28.5,0.00895979,8,10,1,0.814093,0.814087,0.00274929,0.0027599,2.14854,2.1429
130_bNAb_Combinations|1314016|sample|11|nan|3430,0.0003712,1,1,11,1,0.814093,0.814087,0.790111,0.790207,1.0459,1.0453
130_bNAb_Combinations|1314016|sample|11|nan|3430,0.001856,0.764248,2,11,1,0.814197,0.814192,0.742956,0.742809,0.112755,0.113558
130_bNAb_Combinations|1314016|sample|11|nan|3430,0.00928,0.669886,3,11,1,0.814197,0.814192,0.614856,0.614132,0.351286,0.356323
130_bNAb_Combinations|1314016|sample|11|nan|3430,0.0464,0.36392,4,11,1,0.814197,0.814192,0.346339,0.344904,0.197098,0.214052
130_bNAb_Combinations|1314016|sample|11|nan|3430,0.2319999999999999,0.066521,5,11,1,0.814197,0.814192,0.0653793,0.0645676,0.0613047,0.106052
130_bNAb_Combinations|1314016|sample|11|nan|3430,1.16,0.00305944,6,11,1,0.814197,0.814192,0.00336557,0.00335297,-0.100524,-0.0964845
130_bNAb_Combinations|1314016|sample|11|nan|3430,5.8,0.000437063,7,11,1,0.814197,0.814192,0.00274989,0.00276049,-0.80009,-0.803017
130_bNAb_Combinations|1314016|sample|11|nan|3430,29,0.00227273,8,11,1,0.814093,0.814087,0.00274952,0.00276012,-0.164945,-0.168458
130_bNAb_Combinations|1314016|sample|12|nan|3430,0.0003712,0.984091,1,12,1,0.814093,0.814087,0.788445,0.788755,0.976968,0.97504
130_bNAb_Combinations|1314016|sample|12|nan|3430,0.001856,0.80153,2,12,1,0.814093,0.814087,0.738043,0.738516,0.338417,0.335684
130_bNAb_Combinations|1314016|sample|12|nan|3430,0.00928,0.693553,3,12,1,0.814093,0.814087,0.602612,0.603455,0.592153,0.585855
130_bNAb_Combinations|1314016|sample|12|nan|3430,0.0464,0.359899,4,12,1,0.814093,0.814087,0.325886,0.327087,0.404617,0.388936
130_bNAb_Combinations|1314016|sample|12|nan|3430,0.2319999999999999,0.0557255,5,12,1,0.814093,0.814087,0.0549199,0.0554711,0.0503649,0.0157709
130_bNAb_Combinations|1314016|sample|12|nan|3430,1.16,0.000305944,6,12,1,0.814093,0.814087,0.00311842,0.00313931,-0.942745,-0.948078
130_bNAb_Combinations|1314016|sample|12|nan|3430,5.8,0.00104895,7,12,1,0.814093,0.814087,0.00274953,0.00276013,-0.588308,-0.591431
130_bNAb_Combinations|1314016|sample|12|nan|3430,29,0.00161713,8,12,1,0.814093,0.814087,0.00274952,0.00276012,-0.391746,-0.39505
130_bNAb_Combinations|1314016|sample|3|nan|3430,0.000064,0.934375,1,3,1,0.814093,0.814087,0.739474,0.74054,1.03695,1.02981
130_bNAb_Combinations|1314016|sample|3|nan|3430,0.00032,0.84434,2,3,1,0.814197,0.814192,0.654729,0.656645,1.13765,1.12291
130_bNAb_Combinations|1314016|sample|3|nan|3430,0.0016,0.64458,3,3,1,0.814301,0.814296,0.497199,0.500324,1.1596,1.12804
130_bNAb_Combinations|1314016|sample|3|nan|3430,0.008,0.217177,4,3,1,0.814301,0.814296,0.268461,0.272168,-0.736446,-0.779253
130_bNAb_Combinations|1314016|sample|3|nan|3430,0.04,0.0300699,5,3,1,0.814301,0.814296,0.0702461,0.0723398,-2.02441,-2.07492
130_bNAb_Combinations|1314016|sample|3|nan|3430,0.2,0.0116259,6,3,1,0.814301,0.814296,0.00640058,0.00665831,1.37227,1.28278
130_bNAb_Combinations|1314016|sample|3|nan|3430,1,0.00983392,7,3,1,0.814197,0.814192,0.00276076,0.00277297,2.44455,2.43775
130_bNAb_Combinations|1314016|sample|3|nan|3430,5,0.00957168,8,3,1,0.814093,0.814087,0.00274929,0.00275989,2.36023,2.35439
130_bNAb_Combinations|1314016|sample|4|nan|3430,0.000064,0.986801,1,4,1,0.814093,0.814087,0.736967,0.741827,1.33368,1.29926
130_bNAb_Combinations|1314016|sample|4|nan|3430,0.00032,0.92017,2,4,1,0.814197,0.814192,0.6497,0.65924,1.63519,1.55499
130_bNAb_Combinations|1314016|sample|4|nan|3430,0.0016,0.701202,3,4,1,0.814301,0.814296,0.488598,0.50481,1.7017,1.52231
130_bNAb_Combinations|1314016|sample|4|nan|3430,0.008,0.233566,4,4,1,0.814406,0.8144,0.258189,0.277709,-0.367189,-0.613425
130_bNAb_Combinations|1314016|sample|4|nan|3430,0.04,0.0290647,5,4,1,0.814406,0.8144,0.0645616,0.075557,-1.9273,-2.19511
130_bNAb_Combinations|1314016|sample|4|nan|3430,0.2,0.0108392,6,4,1,0.814301,0.814296,0.0057644,0.00705938,1.39112,0.951303
130_bNAb_Combinations|1314016|sample|4|nan|3430,1,0.0083042,7,4,1,0.814197,0.814192,0.00275712,0.00277583,1.91773,1.90816
130_bNAb_Combinations|1314016|sample|4|nan|3430,5,0.00472028,8,4,1,0.814093,0.814087,0.00274929,0.00275989,0.681873,0.67758
130_bNAb_Combinations|1314016|sample|5|nan|3430,0.0006144,0.749082,1,5,1,0.814093,0.814087,0.626302,0.663103,0.769645,0.509441
130_bNAb_Combinations|1314016|sample|5|nan|3430,0.003072,0.389576,2,5,1,0.814197,0.814192,0.450207,0.51201,-0.525884,-0.935914
130_bNAb_Combinations|1314016|sample|5|nan|3430,0.01536,0.0907343,3,5,1,0.814301,0.814296,0.216025,0.287832,-2.21888,-2.64547
130_bNAb_Combinations|1314016|sample|5|nan|3430,0.0768,0.0207168,4,5,1,0.814406,0.8144,0.0451075,0.083158,-1.80258,-2.70433
130_bNAb_Combinations|1314016|sample|5|nan|3430,0.384,0.0156906,5,5,1,0.814406,0.8144,0.0042179,0.00853657,3.51978,1.64674
130_bNAb_Combinations|1314016|sample|5|nan|3430,1.92,0.00690559,6,5,1,0.814301,0.814296,0.00275241,0.00279873,1.43642,1.4147
130_bNAb_Combinations|1314016|sample|5|nan|3430,9.6,0.00743007,7,5,1,0.814197,0.814192,0.00274964,0.00276025,1.61916,1.614
130_bNAb_Combinations|1314016|sample|5|nan|3430,48,0.0101836,8,5,1,0.814093,0.814087,0.00274929,0.00275989,2.57192,2.56589
130_bNAb_Combinations|1314016|sample|6|nan|3430,0.0006144,0.677579,1,6,1,0.814093,0.814087,0.571352,0.570834,0.728954,0.733162
130_bNAb_Combinations|1314016|sample|6|nan|3430,0.003072,0.36038,2,6,1,0.814197,0.814192,0.365919,0.365045,-0.0588528,-0.0496774
130_bNAb_Combinations|1314016|sample|6|nan|3430,0.01536,0.088243,3,6,1,0.814301,0.814296,0.136222,0.135456,-1.31741,-1.30327
130_bNAb_Combinations|1314016|sample|6|nan|3430,0.0768,0.0203234,4,6,1,0.814406,0.8144,0.0177849,0.0175965,0.380725,0.411912
130_bNAb_Combinations|1314016|sample|6|nan|3430,0.384,0.0114948,5,6,1,0.814406,0.8144,0.00291048,0.00291646,2.92874,2.9252
130_bNAb_Combinations|1314016|sample|6|nan|3430,1.92,0.00655594,6,6,1,0.814301,0.814296,0.00275002,0.00276062,1.31659,1.31171
130_bNAb_Combinations|1314016|sample|6|nan|3430,9.6,0.0083479,7,6,1,0.814197,0.814192,0.00274964,0.00276024,1.93668,1.93123
130_bNAb_Combinations|1314016|sample|6|nan|3430,48,0.00467657,8,6,1,0.814093,0.814087,0.00274929,0.00275989,0.666753,0.662474
130_bNAb_Combinations|1314016|sample|7|nan|3430,0.0000768,0.664773,1,7,1,0.814093,0.814087,0.808785,0.80895,-0.701238,-0.701902
130_bNAb_Combinations|1314016|sample|7|nan|3430,0.000384,0.829917,2,7,1,0.814197,0.814192,0.798785,0.798836,0.153468,0.153206
130_bNAb_Combinations|1314016|sample|7|nan|3430,0.00192,0.764467,3,7,1,0.814301,0.814296,0.769294,0.769019,-0.0246995,-0.0233005
130_bNAb_Combinations|1314016|sample|7|nan|3430,0.0096,0.770411,4,7,1,0.814406,0.8144,0.687246,0.686134,0.475672,0.4828
130_bNAb_Combinations|1314016|sample|7|nan|3430,0.048,0.49139,5,7,1,0.814406,0.8144,0.492225,0.489599,-0.00663468,0.0143016
130_bNAb_Combinations|1314016|sample|7|nan|3430,0.24,0.156862,6,7,1,0.814301,0.814296,0.189949,0.186944,-0.662862,-0.61192
130_bNAb_Combinations|1314016|sample|7|nan|3430,1.2,0.0207168,7,7,1,0.814197,0.814192,0.0176093,0.0169627,0.469166,0.581042
130_bNAb_Combinations|1314016|sample|7|nan|3430,6,0.00895979,8,7,1,0.814093,0.814087,0.00280484,0.00280961,2.1191,2.11658
130_bNAb_Combinations|1314016|sample|8|nan|3430,0.0000768,0.754545,1,8,1,0.814093,0.814087,0.809397,0.809613,-0.26689,-0.26787
130_bNAb_Combinations|1314016|sample|8|nan|3430,0.000384,0.798864,2,8,1,0.814197,0.814192,0.800606,0.800807,-0.00857092,-0.00955597
130_bNAb_Combinations|1314016|sample|8|nan|3430,0.00192,0.800874,3,8,1,0.814301,0.814296,0.774576,0.774733,0.133647,0.13282
130_bNAb_Combinations|1314016|sample|8|nan|3430,0.0096,0.751836,4,8,1,0.814406,0.8144,0.701474,0.701518,0.282277,0.282017
130_bNAb_Combinations|1314016|sample|8|nan|3430,0.048,0.501442,5,8,1,0.814406,0.8144,0.523081,0.522891,-0.161967,-0.160606
130_bNAb_Combinations|1314016|sample|8|nan|3430,0.24,0.11875,6,8,1,0.814301,0.814296,0.226277,0.225913,-1.82123,-1.81787
130_bNAb_Combinations|1314016|sample|8|nan|3430,1.2,0.0323427,7,8,1,0.814197,0.814192,0.0268543,0.0267337,0.613509,0.629123
130_bNAb_Combinations|1314016|sample|8|nan|3430,6,0.010271,8,8,1,0.814093,0.814087,0.00292644,0.00293435,2.50234,2.49796
130_bNAb_Combinations|1314016|sample|9|nan|3430,0.0003648,0.854218,1,9,1,0.814093,0.814087,0.799752,0.799673,0.268174,0.268589
130_bNAb_Combinations|1314016|sample|9|nan|3430,0.001824,0.730004,2,9,1,0.814197,0.814192,0.772292,0.771638,-0.215531,-0.212375
130_bNAb_Combinations|1314016|sample|9|nan|3430,0.00912,0.572749,3,9,1,0.814301,0.814296,0.69546,0.693316,-0.693669,-0.683633
130_bNAb_Combinations|1314016|sample|9|nan|3430,0.0456,0.403955,4,9,1,0.814406,0.8144,0.509977,0.505049,-0.81363,-0.783254
130_bNAb_Combinations|1314016|sample|9|nan|3430,0.228,0.124956,5,9,1,0.814406,0.8144,0.210025,0.204114,-1.54787,-1.48031
130_bNAb_Combinations|1314016|sample|9|nan|3430,1.14,0.0266608,6,9,1,0.814301,0.814296,0.0221554,0.0206705,0.580201,0.810334
130_bNAb_Combinations|1314016|sample|9|nan|3430,5.7,0.0117133,7,9,1,0.814197,0.814192,0.0028501,0.00284286,3.03962,3.04401
130_bNAb_Combinations|1314016|sample|9|nan|3430,28.5,0.00231643,8,9,1,0.814093,0.814087,0.0027493,0.0027599,-0.149753,-0.153278
130_bNAb_Combinations|1314016|vc|1|2|nan|3430,0,0.961123,1,2,1,0.814093,0.814087,0.813864,0.814087,0.712623,0.711349
130_bNAb_Combinations|1314016|vc|2|2|nan|3430,0,0.986976,2,2,1,0.814197,0.814192,0.813969,0.814192,0.837116,0.835809
130_bNAb_Combinations|1314016|vc|3|2|nan|3430,0,0.934987,3,2,1,0.814197,0.814192,0.813969,0.814192,0.585562,0.584324
130_bNAb_Combinations|1314016|vc|4|2|nan|3430,0,0.886582,4,2,1,0.814197,0.814192,0.813969,0.814192,0.35135,0.350175
130_bNAb_Combinations|1314016|vc|5|2|nan|3430,0,0.904633,5,2,1,0.814197,0.814192,0.813969,0.814192,0.438691,0.437492
130_bNAb_Combinations|1314016|vc|6|2|nan|3430,0,0.928955,6,2,1,0.814197,0.814192,0.813969,0.814192,0.556378,0.555148
130_bNAb_Combinations|1314016|vc|7|2|nan|3430,0,0.883566,7,2,1,0.814197,0.814192,0.813969,0.814192,0.336758,0.335587
130_bNAb_Combinations|1314016|vc|8|2|nan|3430,0,0.902404,8,2,1,0.814093,0.814087,0.813864,0.814087,0.428465,0.427269
130_bNAb_Combinations|1314040|cc|1|1|nan|4166,0,0.000767291,1,1,0,0,0,0,0,0.348779,0.348779
130_bNAb_Combinations|1314040|cc|2|1|nan|4166,0,0.000630275,2,1,0,0,0,0,0,0.286497,0.286497
130_bNAb_Combinations|1314040|cc|3|1|nan|4166,0,0,3,1,0,0,0,0,0,0,0
130_bNAb_Combinations|1314040|cc|4|1|nan|4166,0,0.00104132,4,1,0,0,0,0,0,0.473343,0.473343
130_bNAb_Combinations|1314040|cc|5|1|nan|4166,0,0.00117834,5,1,0,0,0,0,0,0.535625,0.535625
130_bNAb_Combinations|1314040|cc|6|1|nan|4166,0,0.00202784,6,1,0,0,0,0,0,0.921774,0.921774
130_bNAb_Combinations|1314040|cc|7|1|nan|4166,0,0.001699,7,1,0,0,0,0,0,0.772297,0.772297
130_bNAb_Combinations|1314040|cc|8|1|nan|4166,0,0.00219226,8,1,0,0,0,0,0,0.996512,0.996512
130_bNAb_Combinations|1314040|sample|10|nan|4166,0.0003648,0.809588,1,10,1,0.814093,0.814093,0.721773,0.722524,0.47853,0.47395
130_bNAb_Combinations|1314040|sample|10|nan|4166,0.001824,0.790529,2,10,1,0.814197,0.814197,0.591026,0.592395,1.32414,1.31206
130_bNAb_Combinations|1314040|sample|10|nan|4166,0.00912,0.456991,3,10,1,0.814301,0.814302,0.348301,0.350282,1.21178,1.18313
130_bNAb_Combinations|1314040|sample|10|nan|4166,0.0456,0.0730023,4,10,1,0.814301,0.814302,0.0887327,0.0899974,-0.642326,-0.68508
130_bNAb_Combinations|1314040|sample|10|nan|4166,0.228,0.0016442,5,10,1,0.814301,0.814302,0.0053154,0.0054212,-1.03848,-1.06044
130_bNAb_Combinations|1314040|sample|10|nan|4166,1.14,0.00145237,6,10,1,0.814301,0.814302,0.00275104,0.00276171,-0.449212,-0.452481
130_bNAb_Combinations|1314040|sample|10|nan|4166,5.7,0.000876905,7,10,1,0.814197,0.814197,0.00274998,0.00276058,-0.647959,-0.651026
130_bNAb_Combinations|1314040|sample|10|nan|4166,28.5,0.00142497,8,10,1,0.814093,0.814093,0.00274963,0.00276023,-0.458257,-0.461498
130_bNAb_Combinations|1314040|sample|11|nan|4166,0.0003712,0.722789,1,11,1,0.814093,0.814093,0.747892,0.7493,-0.132072,-0.139222
130_bNAb_Combinations|1314040|sample|11|nan|4166,0.001856,0.682835,2,11,1,0.814197,0.814197,0.648263,0.651251,0.209471,0.190498
130_bNAb_Combinations|1314040|sample|11|nan|4166,0.00928,0.694111,3,11,1,0.814197,0.814197,0.442168,0.44744,2.22421,2.15249
130_bNAb_Combinations|1314040|sample|11|nan|4166,0.0464,0.1565,4,11,1,0.814197,0.814197,0.161891,0.166938,-0.12575,-0.23649
130_bNAb_Combinations|1314040|sample|11|nan|4166,0.2319999999999999,0.0120848,5,11,1,0.814197,0.814197,0.0146773,0.0156826,-0.440384,-0.586003
130_bNAb_Combinations|1314040|sample|11|nan|4166,1.16,0.000876905,6,11,1,0.814197,0.814197,0.00277655,0.00279289,-0.655635,-0.660341
130_bNAb_Combinations|1314040|sample|11|nan|4166,5.8,0.000959114,7,11,1,0.814197,0.814197,0.00274977,0.00276037,-0.619459,-0.622553
130_bNAb_Combinations|1314040|sample|11|nan|4166,6,0.00120574,8,11,1,0.814093,0.814093,0.00274942,0.00276002,-0.534035,-0.537207
130_bNAb_Combinations|1314040|sample|12|nan|4166,0.0003712,0.634577,1,12,1,0.814093,0.814093,0.736655,0.739071,-0.545145,-0.556244
130_bNAb_Combinations|1314040|sample|12|nan|4166,0.001856,0.570344,2,12,1,0.814093,0.814093,0.6223,0.627516,-0.327748,-0.357699
130_bNAb_Combinations|1314040|sample|12|nan|4166,0.00928,0.44666,3,12,1,0.814093,0.814093,0.396423,0.405193,0.49357,0.398779
130_bNAb_Combinations|1314040|sample|12|nan|4166,0.0464,0.130275,4,12,1,0.814093,0.814093,0.121611,0.128718,0.264554,0.0450853
130_bNAb_Combinations|1314040|sample|12|nan|4166,0.2319999999999999,0.00937192,5,12,1,0.814093,0.814093,0.00835076,0.00926505,0.237608,0.0236042
130_bNAb_Combinations|1314040|sample|12|nan|4166,1.16,0.000685082,6,12,1,0.814093,0.814093,0.00275364,0.00276609,-0.715354,-0.718883
130_bNAb_Combinations|1314040|sample|12|nan|4166,5.8,0.000959114,7,12,1,0.814093,0.814093,0.00274942,0.00276002,-0.619356,-0.62245
130_bNAb_Combinations|1314040|sample|12|nan|4166,29,0.00142497,8,12,1,0.814093,0.814093,0.00274942,0.00276002,-0.458193,-0.461436
130_bNAb_Combinations|1314040|sample|3|nan|4166,0.000064,0.931259,1,3,1,0.814093,0.814093,0.745353,0.747539,0.981374,0.967036
130_bNAb_Combinations|1314040|sample|3|nan|4166,0.00032,0.9236,2,3,1,0.814197,0.814197,0.668399,0.672568,1.50027,1.46674
130_bNAb_Combinations|1314040|sample|3|nan|4166,0.0016,0.710882,3,3,1,0.814301,0.814302,0.524165,0.531312,1.39475,1.32361
130_bNAb_Combinations|1314040|sample|3|nan|4166,0.008,0.333703,4,3,1,0.814301,0.814302,0.306377,0.3156,0.345198,0.222183
130_bNAb_Combinations|1314040|sample|3|nan|4166,0.04,0.08358,5,3,1,0.814301,0.814302,0.0964158,0.102747,-0.485843,-0.684278
130_bNAb_Combinations|1314040|sample|3|nan|4166,0.2,0.0126329,6,3,1,0.814301,0.814302,0.0106947,0.0118938,0.39665,0.142466
130_bNAb_Combinations|1314040|sample|3|nan|4166,1,0.0107147,7,3,1,0.814197,0.814197,0.00281288,0.00284428,2.71863,2.7005
130_bNAb_Combinations|1314040|sample|3|nan|4166,5,0.00452154,8,3,1,0.814093,0.814093,0.00274922,0.00275983,0.613144,0.608911
130_bNAb_Combinations|1314040|sample|4|nan|4166,0.000064,0.849679,1,4,1,0.814093,0.814093,0.761253,0.760634,0.457154,0.460726
130_bNAb_Combinations|1314040|sample|4|nan|4166,0.00032,0.922147,2,4,1,0.814197,0.814197,0.700764,0.699249,1.2421,1.25327
130_bNAb_Combinations|1314040|sample|4|nan|4166,0.0016,0.857325,3,4,1,0.814301,0.814302,0.582546,0.57954,1.84991,1.8797
130_bNAb_Combinations|1314040|sample|4|nan|4166,0.008,0.429779,4,4,1,0.814406,0.814406,0.387218,0.382672,0.427879,0.479082
130_bNAb_Combinations|1314040|sample|4|nan|4166,0.04,0.0907322,5,4,1,0.814406,0.814406,0.160042,0.155933,-1.63456,-1.57602
130_bNAb_Combinations|1314040|sample|4|nan|4166,0.2,0.0240601,6,4,1,0.814301,0.814302,0.0268688,0.0255356,-0.313847,-0.171282
130_bNAb_Combinations|1314040|sample|4|nan|4166,1,0.0110435,7,4,1,0.814197,0.814197,0.00336268,0.003305,2.52274,2.55384
130_bNAb_Combinations|1314040|sample|4|nan|4166,5,0.00460375,8,4,1,0.814093,0.814093,0.0027502,0.00276061,0.64119,0.637016
130_bNAb_Combinations|1314040|sample|5|nan|4166,0.0006144,0.779376,1,5,1,0.814093,0.814093,0.667571,0.668095,0.658087,0.654493
130_bNAb_Combinations|1314040|sample|5|nan|4166,0.003072,0.614409,2,5,1,0.814197,0.814197,0.523201,0.52394,0.682543,0.676077
130_bNAb_Combinations|1314040|sample|5|nan|4166,0.01536,0.200195,3,5,1,0.814301,0.814302,0.306353,0.307203,-1.34112,-1.34823
130_bNAb_Combinations|1314040|sample|5|nan|4166,0.0768,0.0378713,4,5,1,0.814406,0.814406,0.0980421,0.0985923,-2.24281,-2.25172
130_bNAb_Combinations|1314040|sample|5|nan|4166,0.384,0.0177847,5,5,1,0.814406,0.814406,0.0116068,0.0117185,1.20767,1.17935
130_bNAb_Combinations|1314040|sample|5|nan|4166,1.92,0.0106325,6,5,1,0.814301,0.814302,0.00285138,0.00286418,2.66822,2.6609
130_bNAb_Combinations|1314040|sample|5|nan|4166,9.6,0.00548065,7,5,1,0.814197,0.814197,0.00274962,0.00276023,0.944783,0.940247
130_bNAb_Combinations|1314040|sample|5|nan|4166,48,0.00260331,8,5,1,0.814093,0.814093,0.00274921,0.00275981,-0.0504738,-0.0540924
130_bNAb_Combinations|1314040|sample|6|nan|4166,0.0006144,0.836677,1,6,1,0.814093,0.814093,0.66306,0.666873,1.02877,1.0005
130_bNAb_Combinations|1314040|sample|6|nan|4166,0.003072,0.59672,2,6,1,0.814197,0.814197,0.515354,0.521805,0.618012,0.562093
130_bNAb_Combinations|1314040|sample|6|nan|4166,0.01536,0.231763,3,6,1,0.814301,0.814302,0.296308,0.304449,-0.842257,-0.923838
130_bNAb_Combinations|1314040|sample|6|nan|4166,0.0768,0.0379261,4,6,1,0.814406,0.814406,0.0913057,0.0967129,-2.12362,-2.21884
130_bNAb_Combinations|1314040|sample|6|nan|4166,0.384,0.0173463,5,6,1,0.814406,0.814406,0.0103379,0.011352,1.46105,1.18661
130_bNAb_Combinations|1314040|sample|6|nan|4166,1.92,0.00800175,6,6,1,0.814301,0.814302,0.00282451,0.00285591,1.77945,1.76388
130_bNAb_Combinations|1314040|sample|6|nan|4166,9.6,0.00649457,7,6,1,0.814197,0.814197,0.0027496,0.00276022,1.29555,1.29069
130_bNAb_Combinations|1314040|sample|6|nan|4166,48,0.00227447,8,6,1,0.814093,0.814093,0.00274921,0.00275981,-0.164238,-0.167752
130_bNAb_Combinations|1314040|sample|7|nan|4166,0.0000768,0.895881,1,7,1,0.814093,0.814093,0.783254,0.783286,0.566098,0.565912
130_bNAb_Combinations|1314040|sample|7|nan|4166,0.000384,1,2,7,1,0.814197,0.814197,0.734771,0.734515,1.42004,1.4219
130_bNAb_Combinations|1314040|sample|7|nan|4166,0.00192,0.885057,3,7,1,0.814301,0.814302,0.619688,0.618832,1.68097,1.68869
130_bNAb_Combinations|1314040|sample|7|nan|4166,0.0096,0.541804,4,7,1,0.814406,0.814406,0.394814,0.393193,1.44991,1.47182
130_bNAb_Combinations|1314040|sample|7|nan|4166,0.048,0.108462,5,7,1,0.814406,0.814406,0.122689,0.121336,-0.430859,-0.39395
130_bNAb_Combinations|1314040|sample|7|nan|4166,0.24,0.00367204,6,7,1,0.814301,0.814302,0.00880742,0.00863935,-1.16386,-1.13664
130_bNAb_Combinations|1314040|sample|7|nan|4166,1.2,0.00134276,7,7,1,0.814197,0.814197,0.00275586,0.00276604,-0.488588,-0.491673
130_bNAb_Combinations|1314040|sample|7|nan|4166,6,0.00120574,8,7,1,0.814093,0.814093,0.00274963,0.00276023,-0.534096,-0.537268
130_bNAb_Combinations|1314040|sample|8|nan|4166,0.0000768,0.844966,1,8,1,0.814093,0.814093,0.785249,0.784386,0.299398,0.304057
130_bNAb_Combinations|1314040|sample|8|nan|4166,0.000384,0.936,2,8,1,0.814197,0.814197,0.739779,0.737272,1.04354,1.06042
130_bNAb_Combinations|1314040|sample|8|nan|4166,0.00192,0.95599,3,8,1,0.814301,0.814302,0.631007,0.62504,2.02218,2.07869
130_bNAb_Combinations|1314040|sample|8|nan|4166,0.0096,0.549326,4,8,1,0.814406,0.814406,0.414207,0.403727,1.27171,1.40517
130_bNAb_Combinations|1314040|sample|8|nan|4166,0.048,0.117697,5,8,1,0.814406,0.814406,0.138916,0.129931,-0.572012,-0.351158
130_bNAb_Combinations|1314040|sample|8|nan|4166,0.24,0.00523402,6,8,1,0.814301,0.814302,0.0111341,0.00979349,-1.18076,-0.978411
130_bNAb_Combinations|1314040|sample|8|nan|4166,1.2,0.00183602,7,8,1,0.814197,0.814197,0.00276287,0.002769,-0.320271,-0.322216
130_bNAb_Combinations|1314040|sample|8|nan|4166,29,0.00120574,8,8,1,0.814093,0.814093,0.00274963,0.00276023,-0.534096,-0.537268
130_bNAb_Combinations|1314040|sample|9|nan|4166,0.0003648,0.860586,1,9,1,0.814093,0.814093,0.732632,0.73396,0.687044,0.678699
130_bNAb_Combinations|1314040|sample|9|nan|4166,0.001824,0.800655,2,9,1,0.814197,0.814197,0.615013,0.617705,1.18476,1.16256
130_bNAb_Combinations|1314040|sample|9|nan|4166,0.00912,0.529856,3,9,1,0.814301,0.814302,0.387,0.391326,1.43696,1.37838
130_bNAb_Combinations|1314040|sample|9|nan|4166,0.0456,0.113285,4,9,1,0.814406,0.814406,0.116435,0.119779,-0.100145,-0.20111
130_bNAb_Combinations|1314040|sample|9|nan|4166,0.228,0.00408309,5,9,1,0.814406,0.814406,0.00799985,0.00841061,-0.930456,-1.00344
130_bNAb_Combinations|1314040|sample|9|nan|4166,1.14,0.000959114,6,9,1,0.814301,0.814302,0.00275436,0.00276574,-0.620799,-0.624116
130_bNAb_Combinations|1314040|sample|9|nan|4166,5.7,0.00134276,7,9,1,0.814197,0.814197,0.00274998,0.00276058,-0.486804,-0.490019
130_bNAb_Combinations|1314040|sample|9|nan|4166,28.5,0.00109613,8,9,1,0.814093,0.814093,0.00274963,0.00276023,-0.572016,-0.575153
130_bNAb_Combinations|1314040|vc|1|2|nan|4166,0,0.872575,1,2,1,0.814093,0.814093,0.81387,0.814093,0.284086,0.282929
130_bNAb_Combinations|1314040|vc|2|2|nan|4166,0,0.811123,2,2,1,0.814197,0.814197,0.813974,0.814197,-0.0137962,-0.0148713
130_bNAb_Combinations|1314040|vc|3|2|nan|4166,0,0.8264,3,2,1,0.814197,0.814197,0.813974,0.814197,0.0601245,0.0590294
130_bNAb_Combinations|1314040|vc|4|2|nan|4166,0,0.88503,4,2,1,0.814197,0.814197,0.813974,0.814197,0.343808,0.342636
130_bNAb_Combinations|1314040|vc|5|2|nan|4166,0,0.762811,5,2,1,0.814197,0.814197,0.813974,0.814197,-0.247558,-0.24857
130_bNAb_Combinations|1314040|vc|6|2|nan|4166,0,0.755714,6,2,1,0.814197,0.814197,0.813974,0.814197,-0.2819,-0.282902
130_bNAb_Combinations|1314040|vc|7|2|nan|4166,0,0.742903,7,2,1,0.814197,0.814197,0.813974,0.814197,-0.343887,-0.344873
130_bNAb_Combinations|1314040|vc|8|2|nan|4166,0,0.592911,8,2,1,0.814093,0.814093,0.81387,0.814093,-1.06927,-1.07006
130_bNAb_Combinations|1314058|cc|1|1|nan|2944,0,0.00196858,1,1,0,0,0,0,0,0.894837,0.894837
130_bNAb_Combinations|1314058|cc|2|1|nan|2944,0,0.000401752,2,1,0,0,0,0,0,0.18262,0.18262
130_bNAb_Combinations|1314058|cc|3|1|nan|2944,0,0.00192841,3,1,0,0,0,0,0,0.876575,0.876575
130_bNAb_Combinations|1314058|cc|4|1|nan|2944,0,0.00156683,4,1,0,0,0,0,0,0.712218,0.712218
130_bNAb_Combinations|1314058|cc|5|1|nan|2944,0,0.00192841,5,1,0,0,0,0,0,0.876575,0.876575
130_bNAb_Combinations|1314058|cc|6|1|nan|2944,0,0.00273191,6,1,0,0,0,0,0,1.24182,1.24182
130_bNAb_Combinations|1314058|cc|7|1|nan|2944,0,0.00228998,7,1,0,0,0,0,0,1.04093,1.04093
130_bNAb_Combinations|1314058|cc|8|1|nan|2944,0,0,8,1,0,0,0,0,0,0,0
130_bNAb_Combinations|1314058|sample|10|nan|2944,0.0003648,0.569001,1,10,1,0.814093,0.814091,0.719006,0.721576,-0.820528,-0.831647
130_bNAb_Combinations|1314058|sample|10|nan|2944,0.001824,0.774678,2,10,1,0.814197,0.814196,0.595542,0.60067,1.18007,1.13665
130_bNAb_Combinations|1314058|sample|10|nan|2944,0.00912,0.604516,3,10,1,0.814301,0.8143,0.371813,0.379724,2.43412,2.3035
130_bNAb_Combinations|1314058|sample|10|nan|2944,0.0456,0.103933,4,10,1,0.814301,0.8143,0.117433,0.123586,-0.425868,-0.59115
130_bNAb_Combinations|1314058|sample|10|nan|2944,0.228,0.00494155,5,10,1,0.814301,0.8143,0.00986475,0.0108283,-1.05242,-1.19649
130_bNAb_Combinations|1314058|sample|10|nan|2944,1.14,0.00176771,6,10,1,0.814301,0.8143,0.00276637,0.00278218,-0.34498,-0.349961
130_bNAb_Combinations|1314058|sample|10|nan|2944,5.7,0.00212928,7,10,1,0.814197,0.814196,0.00275035,0.00276095,-0.21484,-0.218307
130_bNAb_Combinations|1314058|sample|10|nan|2944,28.5,0.00152666,8,10,1,0.814093,0.814091,0.00275,0.0027606,-0.423193,-0.426468
130_bNAb_Combinations|1314058|sample|11|nan|2944,0.0003712,0.654956,1,11,1,0.814093,0.814091,0.803144,0.803265,-0.726587,-0.727071
130_bNAb_Combinations|1314058|sample|11|nan|2944,0.001856,0.910209,2,11,1,0.814197,0.814196,0.778178,0.778065,0.667899,0.668567
130_bNAb_Combinations|1314058|sample|11|nan|2944,0.00928,0.826323,3,11,1,0.814197,0.814196,0.699088,0.698289,0.715555,0.720868
130_bNAb_Combinations|1314058|sample|11|nan|2944,0.0464,0.531096,4,11,1,0.814197,0.814196,0.488218,0.486029,0.343457,0.36259
130_bNAb_Combinations|1314058|sample|11|nan|2944,0.2319999999999999,0.155357,5,11,1,0.814197,0.814196,0.152374,0.150064,0.0737073,0.132688
130_bNAb_Combinations|1314058|sample|11|nan|2944,1.16,0.00719135,6,11,1,0.814197,0.814196,0.00709584,0.00689615,0.0239847,0.0750734
130_bNAb_Combinations|1314058|sample|11|nan|2944,5.8,0.000964204,7,11,1,0.814197,0.814196,0.0027508,0.00276131,-0.617998,-0.621066
130_bNAb_Combinations|1314058|sample|11|nan|2944,29,0.00116508,8,11,1,0.814093,0.814091,0.00274975,0.00276034,-0.548199,-0.551358
130_bNAb_Combinations|1314058|sample|12|nan|2944,0.0003712,0.691174,1,12,1,0.814093,0.814091,0.802998,0.803522,-0.54839,-0.550606
130_bNAb_Combinations|1314058|sample|12|nan|2944,0.001856,0.787493,2,12,1,0.814093,0.814091,0.7776,0.778813,0.0500834,0.0438788
130_bNAb_Combinations|1314058|sample|12|nan|2944,0.00928,0.705837,3,12,1,0.814093,0.814091,0.697546,0.700773,0.0467296,0.0284126
130_bNAb_Combinations|1314058|sample|12|nan|2944,0.0464,0.438512,4,12,1,0.814093,0.814091,0.48476,0.492007,-0.373049,-0.425261
130_bNAb_Combinations|1314058|sample|12|nan|2944,0.2319999999999999,0.141899,5,12,1,0.814093,0.814091,0.148936,0.156194,-0.177657,-0.344987
130_bNAb_Combinations|1314058|sample|12|nan|2944,1.16,0.0106062,6,12,1,0.814093,0.814091,0.00679509,0.00745309,0.9755,0.77432
130_bNAb_Combinations|1314058|sample|12|nan|2944,5.8,0.000763328,7,12,1,0.814093,0.814091,0.00275032,0.0027612,-0.687347,-0.690457
130_bNAb_Combinations|1314058|sample|12|nan|2944,29,0.000682978,8,12,1,0.814093,0.814091,0.00274975,0.00276034,-0.714978,-0.717983
130_bNAb_Combinations|1314058|sample|3|nan|2944,0.000064,0.7568,1,3,1,0.814093,0.814091,0.65159,0.653045,0.634251,0.624104
130_bNAb_Combinations|1314058|sample|3|nan|2944,0.00032,0.711502,2,3,1,0.814197,0.814196,0.525175,0.527347,1.38921,1.36745
130_bNAb_Combinations|1314058|sample|3|nan|2944,0.0016,0.556567,3,3,1,0.814301,0.8143,0.344608,0.347312,2.38784,2.33947
130_bNAb_Combinations|1314058|sample|3|nan|2944,0.008,0.0999156,4,3,1,0.814301,0.8143,0.153167,0.155455,-1.30916,-1.3464
130_bNAb_Combinations|1314058|sample|3|nan|2944,0.04,0.00779398,5,3,1,0.814301,0.8143,0.0344588,0.0353894,-2.45622,-2.48836
130_bNAb_Combinations|1314058|sample|3|nan|2944,0.2,0.0069503,6,3,1,0.814301,0.8143,0.00459106,0.00470232,0.703575,0.664855
130_bNAb_Combinations|1314058|sample|3|nan|2944,1,0.00361576,7,3,1,0.814197,0.814196,0.00276343,0.0027754,0.294507,0.290068
130_bNAb_Combinations|1314058|sample|3|nan|2944,5,0.00610662,8,3,1,0.814093,0.814091,0.00274935,0.00275996,1.16145,1.15672
130_bNAb_Combinations|1314058|sample|4|nan|2944,0.000064,0.636756,1,4,1,0.814093,0.814091,0.654953,0.643777,-0.109144,-0.0428301
130_bNAb_Combinations|1314058|sample|4|nan|2944,0.00032,0.746153,2,4,1,0.814197,0.814196,0.530527,0.51271,1.5917,1.7821
130_bNAb_Combinations|1314058|sample|4|nan|2944,0.0016,0.537845,3,4,1,0.814301,0.8143,0.35152,0.328685,2.05878,2.4675
130_bNAb_Combinations|1314058|sample|4|nan|2944,0.008,0.0750874,4,4,1,0.814406,0.814404,0.159174,0.13979,-1.9933,-1.73394
130_bNAb_Combinations|1314058|sample|4|nan|2944,0.04,0.0161906,5,4,1,0.814406,0.814404,0.0369363,0.0292526,-1.80737,-1.368
130_bNAb_Combinations|1314058|sample|4|nan|2944,0.2,0.00445944,6,4,1,0.814301,0.8143,0.00486988,0.00407324,-0.119896,0.119823
130_bNAb_Combinations|1314058|sample|4|nan|2944,1,0.0061468,7,4,1,0.814197,0.814196,0.00276741,0.00276775,1.16728,1.16712
130_bNAb_Combinations|1314058|sample|4|nan|2944,5,0.00337471,8,4,1,0.814093,0.814091,0.00274936,0.00275995,0.216344,0.212482
130_bNAb_Combinations|1314058|sample|5|nan|2944,0.0006144,0.421638,1,5,1,0.814093,0.814091,0.409548,0.403634,0.115064,0.173802
130_bNAb_Combinations|1314058|sample|5|nan|2944,0.003072,0.241091,2,5,1,0.814197,0.814196,0.212603,0.206613,0.512326,0.637285
130_bNAb_Combinations|1314058|sample|5|nan|2944,0.01536,0.0357559,3,5,1,0.814301,0.8143,0.0615393,0.0583146,-1.46009,-1.3389
130_bNAb_Combinations|1314058|sample|5|nan|2944,0.0768,0.0111687,4,5,1,0.814406,0.814404,0.00817366,0.00762715,0.704189,0.860457
130_bNAb_Combinations|1314058|sample|5|nan|2944,0.384,0.00397734,5,5,1,0.814406,0.814404,0.00282654,0.00282325,0.395469,0.39671
130_bNAb_Combinations|1314058|sample|5|nan|2944,1.92,0.0050219,6,5,1,0.814301,0.8143,0.00275011,0.0027607,0.785875,0.781494
130_bNAb_Combinations|1314058|sample|5|nan|2944,9.6,0.00289261,7,5,1,0.814197,0.814196,0.0027497,0.0027603,0.0494392,0.0457286
130_bNAb_Combinations|1314058|sample|5|nan|2944,48,0.00337471,8,5,1,0.814093,0.814091,0.00274935,0.00275995,0.216347,0.212483
130_bNAb_Combinations|1314058|sample|6|nan|2944,0.0006144,0.459122,1,6,1,0.814093,0.814091,0.360409,0.366109,1.06446,0.987742
130_bNAb_Combinations|1314058|sample|6|nan|2944,0.003072,0.181552,2,6,1,0.814197,0.814196,0.165818,0.170905,0.358772,0.235892
130_bNAb_Combinations|1314058|sample|6|nan|2944,0.01536,0.0224981,3,6,1,0.814301,0.8143,0.0387791,0.0409875,-1.36342,-1.47962
130_bNAb_Combinations|1314058|sample|6|nan|2944,0.0768,0.00879836,4,6,1,0.814406,0.814404,0.0048811,0.00514557,1.14337,1.04589
130_bNAb_Combinations|1314058|sample|6|nan|2944,0.384,0.00377647,5,6,1,0.814406,0.814404,0.0027639,0.00277762,0.349856,0.344705
130_bNAb_Combinations|1314058|sample|6|nan|2944,1.92,0.00425857,6,6,1,0.814301,0.8143,0.00275006,0.00276066,0.521841,0.517694
130_bNAb_Combinations|1314058|sample|6|nan|2944,9.6,0.00349524,7,6,1,0.814197,0.814196,0.0027497,0.0027603,0.257913,0.25401
130_bNAb_Combinations|1314058|sample|6|nan|2944,48,0.00317384,8,6,1,0.814093,0.814091,0.00274935,0.00275995,0.146854,0.143053
130_bNAb_Combinations|1314058|sample|7|nan|2944,0.0000768,0.772267,1,7,1,0.814093,0.814091,0.774194,0.774055,-0.00979728,-0.00909406
130_bNAb_Combinations|1314058|sample|7|nan|2944,0.000384,0.792997,2,7,1,0.814197,0.814196,0.717431,0.716806,0.414247,0.418031
130_bNAb_Combinations|1314058|sample|7|nan|2944,0.00192,0.847113,3,7,1,0.814301,0.8143,0.59216,0.590615,1.68898,1.70359
130_bNAb_Combinations|1314058|sample|7|nan|2944,0.0096,0.388996,4,7,1,0.814406,0.814404,0.366542,0.364001,0.238179,0.266933
130_bNAb_Combinations|1314058|sample|7|nan|2944,0.048,0.102889,5,7,1,0.814406,0.814404,0.113503,0.111548,-0.3456,-0.286542
130_bNAb_Combinations|1314058|sample|7|nan|2944,0.24,0.00903941,6,7,1,0.814301,0.8143,0.00932486,0.00905305,-0.0628404,-0.0030482
130_bNAb_Combinations|1314058|sample|7|nan|2944,1.2,0.00305331,7,7,1,0.814197,0.814196,0.00276378,0.00277308,0.100039,0.0967463
130_bNAb_Combinations|1314058|sample|7|nan|2944,6,0.00325419,8,7,1,0.814093,0.814091,0.00275,0.0027606,0.174417,0.170592
130_bNAb_Combinations|1314058|sample|8|nan|2944,0.0000768,0.84412,1,8,1,0.814093,0.814091,0.777054,0.778047,0.339751,0.334301
130_bNAb_Combinations|1314058|sample|8|nan|2944,0.000384,0.940119,2,8,1,0.814197,0.814196,0.724145,0.726179,1.17309,1.15883
130_bNAb_Combinations|1314058|sample|8|nan|2944,0.00192,0.824917,3,8,1,0.814301,0.8143,0.606225,0.610271,1.41562,1.38035
130_bNAb_Combinations|1314058|sample|8|nan|2944,0.0096,0.591097,4,8,1,0.814406,0.814404,0.38873,0.395096,2.02672,1.93203
130_bNAb_Combinations|1314058|sample|8|nan|2944,0.048,0.135872,5,8,1,0.814406,0.814404,0.131037,0.136299,0.137682,-0.0116944
130_bNAb_Combinations|1314058|sample|8|nan|2944,0.24,0.00361576,6,8,1,0.814301,0.8143,0.0121303,0.0130901,-1.62272,-1.72631
130_bNAb_Combinations|1314058|sample|8|nan|2944,1.2,0.00329436,7,8,1,0.814197,0.814196,0.00278062,0.00279863,0.17725,0.170768
130_bNAb_Combinations|1314058|sample|8|nan|2944,6,0.00289261,8,8,1,0.814093,0.814091,0.00275,0.0027606,0.0493355,0.0456254
130_bNAb_Combinations|1314058|sample|9|nan|2944,0.0003648,0.631373,1,9,1,0.814093,0.814091,0.718291,0.716704,-0.475908,-0.468242
130_bNAb_Combinations|1314058|sample|9|nan|2944,0.001824,0.855028,2,9,1,0.814197,0.814196,0.59405,0.590501,1.72347,1.75724
130_bNAb_Combinations|1314058|sample|9|nan|2944,0.00912,0.528323,3,9,1,0.814301,0.8143,0.369485,0.363833,1.67172,1.75747
130_bNAb_Combinations|1314058|sample|9|nan|2944,0.0456,0.0948536,4,9,1,0.814406,0.814404,0.115659,0.111342,-0.665693,-0.546522
130_bNAb_Combinations|1314058|sample|9|nan|2944,0.228,0.00401752,5,9,1,0.814406,0.814404,0.00960032,0.00898872,-1.21061,-1.11514
130_bNAb_Combinations|1314058|sample|9|nan|2944,1.14,0.00309349,6,9,1,0.814301,0.8143,0.00276507,0.00277284,0.113463,0.110704
130_bNAb_Combinations|1314058|sample|9|nan|2944,5.7,0.00200876,7,9,1,0.814197,0.814196,0.00275035,0.00276095,-0.256532,-0.259961
130_bNAb_Combinations|1314058|sample|9|nan|2944,28.5,0.00369612,8,9,1,0.814093,0.814091,0.00275,0.0027606,0.327294,0.323328
130_bNAb_Combinations|1314058|vc|1|2|nan|2944,0,0.691535,1,2,1,0.814093,0.814091,0.813868,0.814091,-0.591996,-0.592915
130_bNAb_Combinations|1314058|vc|2|2|nan|2944,0,0.932385,2,2,1,0.814197,0.814196,0.813973,0.814196,0.572951,0.571717
130_bNAb_Combinations|1314058|vc|3|2|nan|2944,0,1,3,2,1,0.814197,0.814196,0.813973,0.814196,0.900112,0.89879
130_bNAb_Combinations|1314058|vc|4|2|nan|2944,0,0.97479,4,2,1,0.814197,0.814196,0.813973,0.814196,0.778132,0.776842
130_bNAb_Combinations|1314058|vc|5|2|nan|2944,0,0.982805,5,2,1,0.814197,0.814196,0.813973,0.814196,0.816913,0.815613
130_bNAb_Combinations|1314058|vc|6|2|nan|2944,0,0.897594,6,2,1,0.814197,0.814196,0.813973,0.814196,0.404608,0.40342
130_bNAb_Combinations|1314058|vc|7|2|nan|2944,0,0.932385,7,2,1,0.814197,0.814196,0.813973,0.814196,0.572951,0.571717
130_bNAb_Combinations|1314058|vc|8|2|nan|2944,0,0.756117,8,2,1,0.814093,0.814091,0.813868,0.814091,-0.279472,-0.280476
130_bNAb_Combinations|1342240|cc|1|1|nan|1798,0,0.000747678,1,1,0,0,0,0,0,0.339864,0.339864
130_bNAb_Combinations|1342240|cc|2|1|nan|1798,0,0.000889479,2,1,0,0,0,0,0,0.404321,0.404321
130_bNAb_Combinations|1342240|cc|3|1|nan|1798,0,0.00106995,3,1,0,0,0,0,0,0.486357,0.486357
130_bNAb_Combinations|1342240|cc|4|1|nan|1798,0,0.0011473,4,1,0,0,0,0,0,0.521515,0.521515
130_bNAb_Combinations|1342240|cc|5|1|nan|1798,0,0.00125043,5,1,0,0,0,0,0,0.568393,0.568393
130_bNAb_Combinations|1342240|cc|6|1|nan|1798,0,0.00109574,6,1,0,0,0,0,0,0.498076,0.498076
130_bNAb_Combinations|1342240|cc|7|1|nan|1798,0,0.00113441,7,1,0,0,0,0,0,0.515656,0.515656
130_bNAb_Combinations|1342240|cc|8|1|nan|1798,0,0.00134066,8,1,0,0,0,0,0,0.609411,0.609411
130_bNAb_Combinations|1342240|sample|3|nan|1798,0.0010624,0.835221,1,3,1,0.814093,0.814084,0.813739,0.813961,0.103972,0.102868
130_bNAb_Combinations|1342240|sample|3|nan|1798,0.005312,0.877793,2,3,1,0.814197,0.814189,0.812997,0.813214,0.313894,0.312761
130_bNAb_Combinations|1342240|sample|3|nan|1798,0.02656,0.931355,3,3,1,0.814301,0.814293,0.806433,0.806607,0.610042,0.60906
130_bNAb_Combinations|1342240|sample|3|nan|1798,0.1328,0.830071,4,3,1,0.814301,0.814293,0.755692,0.755555,0.387329,0.388112
130_bNAb_Combinations|1342240|sample|3|nan|1798,0.664,0.362418,5,3,1,0.814301,0.814293,0.458995,0.457499,-0.821937,-0.811798
130_bNAb_Combinations|1342240|sample|3|nan|1798,3.32,0.0234358,6,3,1,0.814301,0.814293,0.0209368,0.0205004,0.33502,0.399398
130_bNAb_Combinations|1342240|sample|3|nan|1798,83,0.000966825,8,3,1,0.814093,0.814084,0.00274961,0.0027602,-0.616743,-0.619837
130_bNAb_Combinations|1342240|sample|4|nan|1798,0.0010624,0.808053,1,4,1,0.814093,0.814084,0.813731,0.813956,-0.0274824,-0.028562
130_bNAb_Combinations|1342240|sample|4|nan|1798,0.005312,0.88955,2,4,1,0.814197,0.814189,0.812937,0.813172,0.371166,0.369924
130_bNAb_Combinations|1342240|sample|4|nan|1798,0.02656,0.902873,3,4,1,0.814301,0.814293,0.805959,0.806273,0.473537,0.471824
130_bNAb_Combinations|1342240|sample|4|nan|1798,0.1328,0.803702,4,4,1,0.814406,0.814397,0.752293,0.753183,0.268908,0.263944
130_bNAb_Combinations|1342240|sample|4|nan|1798,0.664,0.370758,5,4,1,0.814406,0.814397,0.44298,0.446189,-0.636444,-0.660035
130_bNAb_Combinations|1342240|sample|4|nan|1798,3.32,0.0203936,6,4,1,0.814301,0.814293,0.0171048,0.0177707,0.506228,0.393595
130_bNAb_Combinations|1342240|sample|4|nan|1798,16.6,3.8673e-05,7,4,1,0.814197,0.814189,0.00275007,0.00276069,-0.937955,-0.940759
130_bNAb_Combinations|1342240|sample|4|nan|1798,83,0.000747678,8,4,1,0.814093,0.814084,0.00274961,0.0027602,-0.692556,-0.69558
130_bNAb_Combinations|1342240|sample|8|nan|1798,16.6,0.000721896,7,8,1,0.814197,0.814189,0.00274996,0.0027937,-0.701575,-0.713993
130_bNAb_Combinations|1342240|vc|1|2|nan|1798,0,0.862537,1,2,1,0.814093,0.814084,0.813861,0.814084,0.235555,0.234411
130_bNAb_Combinations|1342240|vc|2|2|nan|1798,0,0.923324,2,2,1,0.814197,0.814189,0.813966,0.814189,0.529148,0.527926
130_bNAb_Combinations|1342240|vc|3|2|nan|1798,0,0.944627,3,2,1,0.814197,0.814189,0.813966,0.814189,0.632223,0.630973
130_bNAb_Combinations|1342240|vc|4|2|nan|1798,0,1,4,2,1,0.814197,0.814189,0.813966,0.814189,0.900155,0.898832
130_bNAb_Combinations|1342240|vc|5|2|nan|1798,0,0.995817,5,2,1,0.814197,0.814189,0.813966,0.814189,0.879914,0.878597
130_bNAb_Combinations|1342240|vc|6|2|nan|1798,0,0.979742,6,2,1,0.814197,0.814189,0.813966,0.814189,0.802132,0.800836
130_bNAb_Combinations|1342240|vc|7|2|nan|1798,0,0.912625,7,2,1,0.814197,0.814189,0.813966,0.814189,0.477377,0.476169
130_bNAb_Combinations|1342240|vc|8|2|nan|1798,0,0.732654,8,2,1,0.814093,0.814084,0.813861,0.814084,-0.392984,-0.393957
130_bNAb_Combinations|1342258|cc|1|1|TRO.11|8301,0,0.000586773,1,1,0,0,0,0,0,0.266723,0.266723
130_bNAb_Combinations|1342258|cc|2|1|TRO.11|8301,0,0.000602214,2,1,0,0,0,0,0,0.273742,0.273742
130_bNAb_Combinations|1342258|cc|3|1|TRO.11|8301,0,0.000756628,3,1,0,0,0,0,0,0.343932,0.343932
130_bNAb_Combinations|1342258|cc|4|1|TRO.11|8301,0,0.000694863,4,1,0,0,0,0,0,0.315856,0.315856
130_bNAb_Combinations|1342258|cc|5|1|TRO.11|8301,0,0.000957366,5,1,0,0,0,0,0,0.43518,0.43518
130_bNAb_Combinations|1342258|cc|6|1|TRO.11|8301,0,0.000648538,6,1,0,0,0,0,0,0.294799,0.294799
130_bNAb_Combinations|1342258|cc|7|1|TRO.11|8301,0,0.00103457,7,1,0,0,0,0,0,0.470275,0.470275
130_bNAb_Combinations|1342258|cc|8|1|TRO.11|8301,0,0.00112722,8,1,0,0,0,0,0,0.512389,0.512389
130_bNAb_Combinations|1342258|sample|3|TRO.11|8301,0.0010624,1,1,3,1,0.814093,0.81408,0.80727,0.807241,0.940205,0.940379
130_bNAb_Combinations|1342258|sample|3|TRO.11|8301,0.005312,0.977008,2,3,1,0.814197,0.814184,0.784923,0.78405,0.963441,0.968885
130_bNAb_Combinations|1342258|sample|3|TRO.11|8301,0.02656,0.852774,3,3,1,0.814301,0.814289,0.692294,0.688213,0.911271,0.939915
130_bNAb_Combinations|1342258|sample|3|TRO.11|8301,0.1328,0.409135,4,3,1,0.814301,0.814289,0.398083,0.387477,0.108143,0.217594
130_bNAb_Combinations|1342258|sample|3|TRO.11|8301,0.664,0.0368586,5,3,1,0.814301,0.814289,0.0408447,0.0366503,-0.319906,0.0182594
130_bNAb_Combinations|1342258|sample|3|TRO.11|8301,3.32,0.000988249,6,3,1,0.814301,0.814289,0.00275949,0.00276678,-0.612226,-0.614354
130_bNAb_Combinations|1342258|sample|3|TRO.11|8301,16.6,0.000617656,7,3,1,0.814197,0.814184,0.0027498,0.0027604,-0.737592,-0.740576
130_bNAb_Combinations|1342258|sample|3|TRO.11|8301,83,0.0017912,8,3,1,0.814093,0.81408,0.00274945,0.00276005,-0.331505,-0.334863
130_bNAb_Combinations|1342258|sample|4|TRO.11|8301,0.0010624,0.951962,1,4,1,0.814093,0.81408,0.807824,0.807771,0.702676,0.702984
130_bNAb_Combinations|1342258|sample|4|TRO.11|8301,0.005312,0.975433,2,4,1,0.814197,0.814184,0.787336,0.786352,0.94058,0.946666
130_bNAb_Combinations|1342258|sample|4|TRO.11|8301,0.02656,0.81302,3,4,1,0.814301,0.814289,0.701834,0.697272,0.622882,0.652633
130_bNAb_Combinations|1342258|sample|4|TRO.11|8301,0.1328,0.42409,4,4,1,0.814406,0.814393,0.422896,0.410519,0.0110137,0.12885
130_bNAb_Combinations|1342258|sample|4|TRO.11|8301,0.664,0.0475286,5,4,1,0.814406,0.814393,0.0520852,0.0461491,-0.298134,0.100016
130_bNAb_Combinations|1342258|sample|4|TRO.11|8301,3.32,0.000586773,6,4,1,0.814301,0.814289,0.00277456,0.00277584,-0.755215,-0.755572
130_bNAb_Combinations|1342258|sample|4|TRO.11|8301,16.6,0.00101913,7,4,1,0.814197,0.814184,0.0027498,0.0027604,-0.598706,-0.601818
130_bNAb_Combinations|1342258|sample|4|TRO.11|8301,83,0.00205371,8,4,1,0.814093,0.81408,0.00274945,0.00276005,-0.240692,-0.244134
130_bNAb_Combinations|1342258|vc|1|2|TRO.11|8301,0,0.96755,1,2,1,0.814093,0.81408,0.813856,0.81408,0.743766,0.742483
130_bNAb_Combinations|1342258|vc|2|2|TRO.11|8301,0,0.984057,2,2,1,0.814197,0.814184,0.813961,0.814184,0.823037,0.821734
130_bNAb_Combinations|1342258|vc|3|2|TRO.11|8301,0,0.968554,3,2,1,0.814197,0.814184,0.813961,0.814184,0.748023,0.746739
130_bNAb_Combinations|1342258|vc|4|2|TRO.11|8301,0,0.996418,4,2,1,0.814197,0.814184,0.813961,0.814184,0.882847,0.881527
130_bNAb_Combinations|1342258|vc|5|2|TRO.11|8301,0,0.95952,5,2,1,0.814197,0.814184,0.813961,0.814184,0.704314,0.703043
130_bNAb_Combinations|1342258|vc|6|2|TRO.11|8301,0,0.92514,6,2,1,0.814197,0.814184,0.813961,0.814184,0.537959,0.536733
130_bNAb_Combinations|1342258|vc|7|2|TRO.11|8301,0,0.920917,7,2,1,0.814197,0.814184,0.813961,0.814184,0.517524,0.516304
130_bNAb_Combinations|1342258|vc|8|2|TRO.11|8301,0,0.827859,8,2,1,0.814093,0.81408,0.813856,0.81408,0.0677639,0.0666645
130_bNAb_Combinations|1342276|cc|1|1|Ce1176_A3|7023,0,0.00106045,1,1,0,0,0,0,0,0.482038,0.482038
130_bNAb_Combinations|1342276|cc|2|1|Ce1176_A3|7023,0,0.000899371,2,1,0,0,0,0,0,0.408817,0.408817
130_bNAb_Combinations|1342276|cc|3|1|Ce1176_A3|7023,0,0.00139604,3,1,0,0,0,0,0,0.634582,0.634582
130_bNAb_Combinations|1342276|cc|4|1|Ce1176_A3|7023,0,0.000885948,4,1,0,0,0,0,0,0.402716,0.402716
130_bNAb_Combinations|1342276|cc|5|1|Ce1176_A3|7023,0,0.000939641,5,1,0,0,0,0,0,0.427123,0.427123
130_bNAb_Combinations|1342276|cc|6|1|Ce1176_A3|7023,0,0.00115442,6,1,0,0,0,0,0,0.524751,0.524751
130_bNAb_Combinations|1342276|cc|7|1|Ce1176_A3|7023,0,0.00167793,7,1,0,0,0,0,0,0.762719,0.762719
130_bNAb_Combinations|1342276|cc|8|1|Ce1176_A3|7023,0,0.0012618,8,1,0,0,0,0,0,0.573565,0.573565
130_bNAb_Combinations|1342276|sample|3|Ce1176_A3|7023,0.0010624,0.725068,1,3,1,0.814093,0.814065,0.813335,0.813591,-0.427421,-0.42853
130_bNAb_Combinations|1342276|sample|3|Ce1176_A3|7023,0.005312,0.881934,2,3,1,0.814197,0.814169,0.810735,0.811167,0.345866,0.343584
130_bNAb_Combinations|1342276|sample|3|Ce1176_A3|7023,0.02656,0.891317,3,3,1,0.814301,0.814273,0.793882,0.795405,0.483249,0.474795
130_bNAb_Combinations|1342276|sample|3|Ce1176_A3|7023,0.1328,0.705718,4,3,1,0.814301,0.814273,0.694772,0.702205,0.061933,0.0196705
130_bNAb_Combinations|1342276|sample|3|Ce1176_A3|7023,0.664,0.239233,5,3,1,0.814301,0.814273,0.308642,0.328873,-0.870535,-1.05691
130_bNAb_Combinations|1342276|sample|3|Ce1176_A3|7023,3.32,0.012269,6,3,1,0.814301,0.814273,0.00747591,0.00936566,1.17539,0.637739
130_bNAb_Combinations|1342276|sample|3|Ce1176_A3|7023,16.6,0.00138262,7,3,1,0.814197,0.814169,0.00274961,0.00276025,-0.472903,-0.476144
130_bNAb_Combinations|1342276|sample|3|Ce1176_A3|7023,83,0.00073829,8,3,1,0.814093,0.814065,0.00274924,0.00275984,-0.695698,-0.698722
130_bNAb_Combinations|1342276|sample|4|Ce1176_A3|7023,0.0010624,0.749337,1,4,1,0.814093,0.814065,0.813411,0.813638,-0.310239,-0.311252
130_bNAb_Combinations|1342276|sample|4|Ce1176_A3|7023,0.005312,0.874437,2,4,1,0.814197,0.814169,0.811217,0.811462,0.306924,0.305644
130_bNAb_Combinations|1342276|sample|4|Ce1176_A3|7023,0.02656,0.920365,3,4,1,0.814301,0.814273,0.796885,0.797241,0.610147,0.608117
130_bNAb_Combinations|1342276|sample|4|Ce1176_A3|7023,0.1328,0.749364,4,4,1,0.814406,0.814377,0.711622,0.712594,0.208565,0.202921
130_bNAb_Combinations|1342276|sample|4|Ce1176_A3|7023,0.664,0.256838,5,4,1,0.814406,0.814377,0.357045,0.359508,-1.09051,-1.10985
130_bNAb_Combinations|1342276|sample|4|Ce1176_A3|7023,3.32,0.0164035,6,4,1,0.814301,0.814273,0.0130005,0.013362,0.622603,0.547367
130_bNAb_Combinations|1342276|sample|4|Ce1176_A3|7023,16.6,0.000402703,7,4,1,0.814197,0.814169,0.00274985,0.00276048,-0.811963,-0.814888
130_bNAb_Combinations|1342276|sample|4|Ce1176_A3|7023,83,0.000617479,8,4,1,0.814093,0.814065,0.00274924,0.00275984,-0.737493,-0.740479
130_bNAb_Combinations|1342276|vc|1|2|Ce1176_A3|7023,0,0.763009,1,2,1,0.814093,0.814065,0.813841,0.814065,-0.245995,-0.24701
130_bNAb_Combinations|1342276|vc|2|2|Ce1176_A3|7023,0,0.910553,2,2,1,0.814197,0.814169,0.813945,0.814169,0.46746,0.466252
130_bNAb_Combinations|1342276|vc|3|2|Ce1176_A3|7023,0,1,3,2,1,0.814197,0.814169,0.813945,0.814169,0.900274,0.898948
130_bNAb_Combinations|1342276|vc|4|2|Ce1176_A3|7023,0,0.978623,4,2,1,0.814197,0.814169,0.813945,0.814169,0.796836,0.795539
130_bNAb_Combinations|1342276|vc|5|2|Ce1176_A3|7023,0,0.915016,5,2,1,0.814197,0.814169,0.813945,0.814169,0.489057,0.487843
130_bNAb_Combinations|1342276|vc|6|2|Ce1176_A3|7023,0,0.948528,6,2,1,0.814197,0.814169,0.813945,0.814169,0.651212,0.649954
130_bNAb_Combinations|1342276|vc|7|2|Ce1176_A3|7023,0,0.841536,7,2,1,0.814197,0.814169,0.813945,0.814169,0.133505,0.132388
130_bNAb_Combinations|1342276|vc|8|2|Ce1176_A3|7023,0,0.749606,8,2,1,0.814093,0.814065,0.813841,0.814065,-0.310858,-0.311856
130_bNAb_Combinations|1342294|cc|1|1|nan|1176,0,0.00986891,1,1,0,0,0,0,0,4.486,4.486
130_bNAb_Combinations|1342294|cc|2|1|nan|1176,0,0.00692296,2,1,0,0,0,0,0,3.1469,3.1469
130_bNAb_Combinations|1342294|cc|3|1|nan|1176,0,0.00368243,3,1,0,0,0,0,0,1.67388,1.67388
130_bNAb_Combinations|1342294|cc|4|1|nan|1176,0,0.0107527,4,1,0,0,0,0,0,4.88773,4.88773
130_bNAb_Combinations|1342294|cc|5|1|nan|1176,0,0.000736485,5,1,0,0,0,0,0,0.334776,0.334776
130_bNAb_Combinations|1342294|cc|6|1|nan|1176,0,0,6,1,0,0,0,0,0,0,0
130_bNAb_Combinations|1342294|cc|7|1|nan|1176,0,0.00618648,7,1,0,0,0,0,0,2.81212,2.81212
130_bNAb_Combinations|1342294|cc|8|1|nan|1176,0,0.0048608,8,1,0,0,0,0,0,2.20952,2.20952
130_bNAb_Combinations|1342294|sample|3|nan|1176,0.0010624,0.7384,1,3,1,0.814093,0.814094,0.771302,0.772492,-0.167907,-0.173713
130_bNAb_Combinations|1342294|sample|3|nan|1176,0.005312,0.840477,2,3,1,0.814197,0.814198,0.691368,0.694224,0.847825,0.828208
130_bNAb_Combinations|1342294|sample|3|nan|1176,0.02656,0.51554,3,3,1,0.814301,0.814302,0.497142,0.503086,0.144768,0.0968583
130_bNAb_Combinations|1342294|sample|3|nan|1176,0.1328,0.173221,4,3,1,0.814301,0.814302,0.188641,0.195258,-0.31096,-0.429986
130_bNAb_Combinations|1342294|sample|3|nan|1176,0.664,0.0191486,5,3,1,0.814301,0.814302,0.0149953,0.0162739,0.696065,0.457177
130_bNAb_Combinations|1342294|sample|3|nan|1176,3.32,0.00559729,6,3,1,0.814301,0.814302,0.00276717,0.00278266,0.977572,0.970918
130_bNAb_Combinations|1342294|sample|3|nan|1176,83,0.0050081,8,3,1,0.814093,0.814094,0.00274931,0.00275992,0.781434,0.77705
130_bNAb_Combinations|1342294|sample|4|nan|1176,0.0010624,0.680071,1,4,1,0.814093,0.814094,0.774516,0.774602,-0.480004,-0.480388
130_bNAb_Combinations|1342294|sample|4|nan|1176,0.005312,0.847842,2,4,1,0.814197,0.814198,0.700159,0.700002,0.829304,0.830365
130_bNAb_Combinations|1342294|sample|4|nan|1176,0.02656,0.692444,3,4,1,0.814301,0.814302,0.516469,0.515833,1.33377,1.34021
130_bNAb_Combinations|1342294|sample|4|nan|1176,0.1328,0.216085,4,4,1,0.814406,0.814406,0.21113,0.210244,0.0897074,0.106166
130_bNAb_Combinations|1342294|sample|4|nan|1176,0.664,0.0187067,5,4,1,0.814406,0.814406,0.0196944,0.0194845,-0.13819,-0.109627
130_bNAb_Combinations|1342294|sample|4|nan|1176,3.32,0.00456621,6,4,1,0.814301,0.814302,0.00278948,0.00279869,0.612527,0.608865
130_bNAb_Combinations|1342294|sample|4|nan|1176,16.6,0.00618648,7,4,1,0.814197,0.814198,0.00274967,0.00276027,1.18894,1.18418
130_bNAb_Combinations|1342294|sample|4|nan|1176,83,0.00265135,8,4,1,0.814093,0.814094,0.00274931,0.00275992,-0.0338916,-0.0375251
130_bNAb_Combinations|1342294|sample|8|nan|1176,16.6,0.00883783,7,8,1,0.814197,0.814198,0.00274975,0.00787679,2.10611,0.229989
130_bNAb_Combinations|1342294|vc|1|2|nan|1176,0,0.903962,1,2,1,0.814093,0.814094,0.81387,0.814094,0.435973,0.434775
130_bNAb_Combinations|1342294|vc|2|2|nan|1176,0,0.772868,2,2,1,0.814197,0.814198,0.813975,0.814198,-0.1989,-0.199925
130_bNAb_Combinations|1342294|vc|3|2|nan|1176,0,0.798792,3,2,1,0.814197,0.814198,0.813975,0.814198,-0.0734632,-0.0745221
130_bNAb_Combinations|1342294|vc|4|2|nan|1176,0,1,4,2,1,0.814197,0.814198,0.813975,0.814198,0.900099,0.898776
130_bNAb_Combinations|1342294|vc|5|2|nan|1176,0,0.928708,5,2,1,0.814197,0.814198,0.813975,0.814198,0.555147,0.553918
130_bNAb_Combinations|1342294|vc|6|2|nan|1176,0,0.843276,6,2,1,0.814197,0.814198,0.813975,0.814198,0.141775,0.140658
130_bNAb_Combinations|1342294|vc|7|2|nan|1176,0,0.868906,7,2,1,0.814197,0.814198,0.813975,0.814198,0.265787,0.264636
130_bNAb_Combinations|1342294|vc|8|2|nan|1176,0,0.751657,8,2,1,0.814093,0.814094,0.81387,0.814094,-0.301063,-0.302061
130_bNAb_Combinations|1342312|cc|1|1|RHPA4259.7|5371,0,0.00173044,1,1,0,0,0,0,0,0.786587,0.786587
130_bNAb_Combinations|1342312|cc|2|1|RHPA4259.7|5371,0,0.00228271,2,1,0,0,0,0,0,1.03762,1.03762
130_bNAb_Combinations|1342312|cc|3|1|RHPA4259.7|5371,0,0.00237475,3,1,0,0,0,0,0,1.07946,1.07946
130_bNAb_Combinations|1342312|cc|4|1|RHPA4259.7|5371,0,0.00189612,4,1,0,0,0,0,0,0.861898,0.861898
130_bNAb_Combinations|1342312|cc|5|1|RHPA4259.7|5371,0,0.00136226,5,1,0,0,0,0,0,0.619228,0.619228
130_bNAb_Combinations|1342312|cc|6|1|RHPA4259.7|5371,0,0.00187771,6,1,0,0,0,0,0,0.85353,0.85353
130_bNAb_Combinations|1342312|cc|7|1|RHPA4259.7|5371,0,0.00250361,7,1,0,0,0,0,0,1.13804,1.13804
130_bNAb_Combinations|1342312|cc|8|1|RHPA4259.7|5371,0,0.0020618,8,1,0,0,0,0,0,0.93721,0.93721
130_bNAb_Combinations|1342312|sample|3|RHPA4259.7|5371,0.0010624,0.763952,1,3,1,0.814093,0.814071,0.715436,0.713105,0.266686,0.280402
130_bNAb_Combinations|1342312|sample|3|RHPA4259.7|5371,0.005312,0.818875,2,3,1,0.814197,0.814176,0.58702,0.581938,1.54921,1.59679
130_bNAb_Combinations|1342312|sample|3|RHPA4259.7|5371,0.02656,0.538378,3,3,1,0.814301,0.81428,0.357962,0.350089,1.95847,2.08879
130_bNAb_Combinations|1342312|sample|3|RHPA4259.7|5371,0.1328,0.0814411,4,3,1,0.814301,0.81428,0.108333,0.102606,-0.914281,-0.756568
130_bNAb_Combinations|1342312|sample|3|RHPA4259.7|5371,0.664,0.00397633,5,3,1,0.814301,0.81428,0.00928687,0.00848412,-1.17158,-1.04078
130_bNAb_Combinations|1342312|sample|3|RHPA4259.7|5371,3.32,0.00173044,6,3,1,0.814301,0.81428,0.00277277,0.00277763,-0.359865,-0.361391
130_bNAb_Combinations|1342312|sample|3|RHPA4259.7|5371,16.6,0.00147271,7,3,1,0.814197,0.814176,0.00274966,0.00276026,-0.44175,-0.445008
130_bNAb_Combinations|1342312|sample|3|RHPA4259.7|5371,83,0.0012334,8,3,1,0.814093,0.814071,0.0027493,0.00275991,-0.524433,-0.527615
130_bNAb_Combinations|1342312|sample|4|RHPA4259.7|5371,0.0010624,0.732077,1,4,1,0.814093,0.814071,0.709015,0.710811,0.127903,0.117648
130_bNAb_Combinations|1342312|sample|4|RHPA4259.7|5371,0.005312,0.824591,2,4,1,0.814197,0.814176,0.573756,0.577203,1.71419,1.68069
130_bNAb_Combinations|1342312|sample|4|RHPA4259.7|5371,0.02656,0.536592,3,4,1,0.814301,0.81428,0.338015,0.342987,2.27962,2.19112
130_bNAb_Combinations|1342312|sample|4|RHPA4259.7|5371,0.1328,0.0694384,4,4,1,0.814406,0.814384,0.0943054,0.0976532,-0.9605,-1.05552
130_bNAb_Combinations|1342312|sample|4|RHPA4259.7|5371,0.664,0.00323997,5,4,1,0.814406,0.814384,0.00741602,0.00783483,-1.02786,-1.1024
130_bNAb_Combinations|1342312|sample|4|RHPA4259.7|5371,3.32,0.00138067,6,4,1,0.814301,0.81428,0.00276094,0.00277371,-0.477028,-0.480907
130_bNAb_Combinations|1342312|sample|4|RHPA4259.7|5371,16.6,0.00134385,7,4,1,0.814197,0.814176,0.00274966,0.00276026,-0.486329,-0.489546
130_bNAb_Combinations|1342312|sample|4|RHPA4259.7|5371,83,0.00163839,8,4,1,0.814093,0.814071,0.0027493,0.00275991,-0.384323,-0.387634
130_bNAb_Combinations|1342312|vc|1|2|RHPA4259.7|5371,0,0.805648,1,2,1,0.814093,0.814071,0.813848,0.814071,-0.0396844,-0.0407532
130_bNAb_Combinations|1342312|vc|2|2|RHPA4259.7|5371,0,0.988964,2,2,1,0.814197,0.814176,0.813953,0.814176,0.84683,0.845521
130_bNAb_Combinations|1342312|vc|3|2|RHPA4259.7|5371,0,0.95037,3,2,1,0.814197,0.814176,0.813953,0.814176,0.660083,0.658825
130_bNAb_Combinations|1342312|vc|4|2|RHPA4259.7|5371,0,0.951677,4,2,1,0.814197,0.814176,0.813953,0.814176,0.666407,0.665148
130_bNAb_Combinations|1342312|vc|5|2|RHPA4259.7|5371,0,1,5,2,1,0.814197,0.814176,0.813953,0.814176,0.90023,0.898908
130_bNAb_Combinations|1342312|vc|6|2|RHPA4259.7|5371,0,0.952339,6,2,1,0.814197,0.814176,0.813953,0.814176,0.669614,0.668354
130_bNAb_Combinations|1342312|vc|7|2|RHPA4259.7|5371,0,0.995186,7,2,1,0.814197,0.814176,0.813953,0.814176,0.876937,0.875621
130_bNAb_Combinations|1342312|vc|8|2|RHPA4259.7|5371,0,0.750412,8,2,1,0.814093,0.814071,0.813848,0.814071,-0.30699,-0.307986
130_bNAb_Combinations|1342336|cc|1|1|nan|3430,0,0,1,1,0,0,0,0,0,0,0
130_bNAb_Combinations|1342336|cc|2|1|nan|3430,0,0,2,1,0,0,0,0,0,0,0
130_bNAb_Combinations|1342336|cc|3|1|nan|3430,0,0.00041405,3,1,0,0,0,0,0,0.18821,0.18821
130_bNAb_Combinations|1342336|cc|4|1|nan|3430,0,0.00119614,4,1,0,0,0,0,0,0.543719,0.543719
130_bNAb_Combinations|1342336|cc|5|1|nan|3430,0,0.00174821,5,1,0,0,0,0,0,0.794666,0.794666
130_bNAb_Combinations|1342336|cc|6|1|nan|3430,0,0.00207025,6,1,0,0,0,0,0,0.941051,0.941051
130_bNAb_Combinations|1342336|cc|7|1|nan|3430,0,0.00110413,7,1,0,0,0,0,0,0.501894,0.501894
130_bNAb_Combinations|1342336|cc|8|1|nan|3430,0,0.0016562,8,1,0,0,0,0,0,0.752841,0.752841
130_bNAb_Combinations|1342336|sample|3|nan|3430,0.0010624,0.85338,1,3,1,0.814093,0.8642,0.805264,0.810804,0.235304,0.206804
130_bNAb_Combinations|1342336|sample|3|nan|3430,0.005312,0.846134,2,3,1,0.814197,0.900858,0.733527,0.74032,0.603909,0.562338
130_bNAb_Combinations|1342336|sample|3|nan|3430,0.02656,0.598923,3,3,1,0.814301,0.92762,0.504729,0.508897,0.730252,0.692323
130_bNAb_Combinations|1342336|sample|3|nan|3430,0.1328,0.155913,4,3,1,0.814301,0.92762,0.15283,0.153266,0.0759386,0.0650399
130_bNAb_Combinations|1342336|sample|3|nan|3430,0.664,0.00768293,5,3,1,0.814301,0.92762,0.0080587,0.00803725,-0.0889557,-0.0839835
130_bNAb_Combinations|1342336|sample|3|nan|3430,16.6,0.00115014,7,3,1,0.814197,0.900858,0.00301282,0.00305431,-0.629974,-0.641745
130_bNAb_Combinations|1342336|sample|3|nan|3430,83,0.00276033,8,3,1,0.814093,0.8642,0.00289879,0.00293003,-0.0472855,-0.0577985
130_bNAb_Combinations|1342336|sample|4|nan|3430,0.0010624,0.773193,1,4,1,0.814093,0.8642,0.805753,0.811347,-0.159138,-0.185206
130_bNAb_Combinations|1342336|sample|4|nan|3430,0.005312,0.819405,2,4,1,0.814197,0.900858,0.734898,0.741845,0.452373,0.411343
130_bNAb_Combinations|1342336|sample|4|nan|3430,0.02656,0.59009,3,4,1,0.814301,0.92762,0.507617,0.512108,0.635808,0.596002
130_bNAb_Combinations|1342336|sample|4|nan|3430,0.1328,0.181814,4,4,1,0.814406,0.947158,0.158765,0.159446,0.547703,0.529385
130_bNAb_Combinations|1342336|sample|4|nan|3430,0.664,0.00570469,5,4,1,0.814406,0.947158,0.00848998,0.00848899,-0.642864,-0.642671
130_bNAb_Combinations|1342336|sample|4|nan|3430,3.32,0.000966117,6,4,1,0.814301,0.92762,0.00310109,0.00314635,-0.716692,-0.729101
130_bNAb_Combinations|1342336|sample|4|nan|3430,16.6,0.0008281,7,4,1,0.814197,0.900858,0.00301282,0.00305431,-0.73889,-0.750279
130_bNAb_Combinations|1342336|sample|4|nan|3430,83,0.00289835,8,4,1,0.814093,0.8642,0.00289879,0.00293003,-0.000150473,-0.0107895
130_bNAb_Combinations|1342336|sample|5|nan|3430,3.32,0.00156419,6,5,1,0.814301,0.92762,0.00310595,0.00343286,-0.517343,-0.610224
130_bNAb_Combinations|1342336|vc|1|2|nan|3430,0,0.92255,1,2,1,0.814093,0.8642,0.858048,0.8642,0.296226,0.266084
130_bNAb_Combinations|1342336|vc|2|2|nan|3430,0,0.992179,2,2,1,0.814197,0.900858,0.891802,0.900858,0.443712,0.39966
130_bNAb_Combinations|1342336|vc|3|2|nan|3430,0,1,3,2,1,0.814197,0.900858,0.891802,0.900858,0.478284,0.433888
130_bNAb_Combinations|1342336|vc|4|2|nan|3430,0,0.999402,4,2,1,0.814197,0.900858,0.891802,0.900858,0.47564,0.431271
130_bNAb_Combinations|1342336|vc|5|2|nan|3430,0,0.95802,5,2,1,0.814197,0.900858,0.891802,0.900858,0.292714,0.250165
130_bNAb_Combinations|1342336|vc|6|2|nan|3430,0,0.951441,6,2,1,0.814197,0.900858,0.891802,0.900858,0.263633,0.221374
130_bNAb_Combinations|1342336|vc|7|2|nan|3430,0,0.88701,7,2,1,0.814197,0.900858,0.891802,0.900858,-0.0211795,-0.0606028
130_bNAb_Combinations|1342336|vc|8|2|nan|3430,0,0.926598,8,2,1,0.814093,0.8642,0.858048,0.8642,0.314819,0.284546
130_bNAb_Combinations|1342348|cc|1|1|nan|4166,0,0.000451154,1,1,0,0,0,0,0,0.205076,0.205076
130_bNAb_Combinations|1342348|cc|2|1|nan|4166,0,0.000773408,2,1,0,0,0,0,0,0.35156,0.35156
130_bNAb_Combinations|1342348|cc|3|1|nan|4166,0,0.00125679,3,1,0,0,0,0,0,0.571284,0.571284
130_bNAb_Combinations|1342348|cc|4|1|nan|4166,0,0.00128901,4,1,0,0,0,0,0,0.585933,0.585933
130_bNAb_Combinations|1342348|cc|5|1|nan|4166,0,0.000998985,5,1,0,0,0,0,0,0.454098,0.454098
130_bNAb_Combinations|1342348|cc|6|1|nan|4166,0,0.000773408,6,1,0,0,0,0,0,0.35156,0.35156
130_bNAb_Combinations|1342348|cc|7|1|nan|4166,0,0.000386704,7,1,0,0,0,0,0,0.17578,0.17578
130_bNAb_Combinations|1342348|cc|8|1|nan|4166,0,0.000644506,8,1,0,0,0,0,0,0.292966,0.292966
130_bNAb_Combinations|1342348|sample|3|nan|4166,0.0010624,0.836295,1,3,1,0.814093,0.814094,0.712951,0.711968,0.680351,0.686711
130_bNAb_Combinations|1342348|sample|3|nan|4166,0.005312,0.838358,2,3,1,0.814197,0.814199,0.570353,0.56798,1.84229,1.86626
130_bNAb_Combinations|1342348|sample|3|nan|4166,0.02656,0.39555,3,3,1,0.814301,0.814303,0.315564,0.311941,0.981781,1.03785
130_bNAb_Combinations|1342348|sample|3|nan|4166,0.1328,0.0558787,4,3,1,0.814301,0.814303,0.0695301,0.0674936,-0.69416,-0.60638
130_bNAb_Combinations|1342348|sample|3|nan|4166,0.664,0.00054783,5,3,1,0.814301,0.814303,0.00429758,0.00419063,-1.14339,-1.11996
130_bNAb_Combinations|1342348|sample|3|nan|4166,3.32,0,6,3,1,0.814301,0.814303,0.00275061,0.00276113,-0.951474,-0.954241
130_bNAb_Combinations|1342348|sample|3|nan|4166,16.6,0.000515605,7,3,1,0.814197,0.814199,0.00274978,0.00276038,-0.772888,-0.77584
130_bNAb_Combinations|1342348|sample|3|nan|4166,83,0.000676732,8,3,1,0.814093,0.814094,0.00274943,0.00276003,-0.717048,-0.720052
130_bNAb_Combinations|1342348|sample|4|nan|4166,0.0010624,0.820247,1,4,1,0.814093,0.814094,0.709268,0.708255,0.615286,0.621783
130_bNAb_Combinations|1342348|sample|4|nan|4166,0.005312,0.753734,2,4,1,0.814197,0.814199,0.562476,0.560061,1.33286,1.35542
130_bNAb_Combinations|1342348|sample|4|nan|4166,0.02656,0.405797,3,4,1,0.814301,0.814303,0.304112,0.300515,1.29381,1.35516
130_bNAb_Combinations|1342348|sample|4|nan|4166,0.1328,0.0446321,4,4,1,0.814406,0.814407,0.063321,0.0614193,-1.03218,-0.952275
130_bNAb_Combinations|1342348|sample|4|nan|4166,0.664,0.00161127,5,4,1,0.814406,0.814407,0.00396178,0.00387769,-0.735652,-0.714055
130_bNAb_Combinations|1342348|sample|4|nan|4166,3.32,0.000934534,6,4,1,0.814301,0.814303,0.0027504,0.00276096,-0.628146,-0.631218
130_bNAb_Combinations|1342348|sample|4|nan|4166,16.6,0.00174017,7,4,1,0.814197,0.814199,0.00274978,0.00276038,-0.349264,-0.352607
130_bNAb_Combinations|1342348|sample|4|nan|4166,83,0.00157904,8,4,1,0.814093,0.814094,0.00274943,0.00276003,-0.404894,-0.408185
130_bNAb_Combinations|1342348|vc|1|2|nan|4166,0,0.800445,1,2,1,0.814093,0.814094,0.813871,0.814094,-0.0649739,-0.066036
130_bNAb_Combinations|1342348|vc|2|2|nan|4166,0,0.905725,2,2,1,0.814197,0.814199,0.813976,0.814199,0.443935,0.442736
130_bNAb_Combinations|1342348|vc|3|2|nan|4166,0,1,3,2,1,0.814197,0.814199,0.813976,0.814199,0.900094,0.898771
130_bNAb_Combinations|1342348|vc|4|2|nan|4166,0,0.920162,4,2,1,0.814197,0.814199,0.813976,0.814199,0.51379,0.512572
130_bNAb_Combinations|1342348|vc|5|2|nan|4166,0,0.841097,5,2,1,0.814197,0.814199,0.813976,0.814199,0.131228,0.130114
130_bNAb_Combinations|1342348|vc|6|2|nan|4166,0,0.905435,6,2,1,0.814197,0.814199,0.813976,0.814199,0.442532,0.441333
130_bNAb_Combinations|1342348|vc|7|2|nan|4166,0,0.801959,7,2,1,0.814197,0.814199,0.813976,0.814199,-0.0581429,-0.0592059
130_bNAb_Combinations|1342348|vc|8|2|nan|4166,0,0.723716,8,2,1,0.814093,0.814094,0.813871,0.814094,-0.436278,-0.43724
130_bNAb_Combinations|1342372|cc|1|1|nan|2944,0,0.00214128,1,1,0,0,0,0,0,0.973339,0.973339
130_bNAb_Combinations|1342372|cc|2|1|nan|2944,0,0.00406844,2,1,0,0,0,0,0,1.84934,1.84934
130_bNAb_Combinations|1342372|cc|3|1|nan|2944,0,0.00282649,3,1,0,0,0,0,0,1.28481,1.28481
130_bNAb_Combinations|1342372|cc|4|1|nan|2944,0,0.00355453,4,1,0,0,0,0,0,1.61574,1.61574
130_bNAb_Combinations|1342372|cc|5|1|nan|2944,0,0.00321192,5,1,0,0,0,0,0,1.46001,1.46001
130_bNAb_Combinations|1342372|cc|6|1|nan|2944,0,0.0020128,6,1,0,0,0,0,0,0.914939,0.914939
130_bNAb_Combinations|1342372|cc|7|1|nan|2944,0,0.00111347,7,1,0,0,0,0,0,0.506136,0.506136
130_bNAb_Combinations|1342372|cc|8|1|nan|2944,0,0.000642385,8,1,0,0,0,0,0,0.292002,0.292002
130_bNAb_Combinations|1342372|sample|3|nan|2944,0.0010624,0.787264,1,3,1,0.814093,0.814105,0.791594,0.792616,-0.0215401,-0.0265871
130_bNAb_Combinations|1342372|sample|3|nan|2944,0.005312,0.896555,2,3,1,0.814197,0.81421,0.74093,0.743686,0.82637,0.808765
130_bNAb_Combinations|1342372|sample|3|nan|2944,0.02656,0.630907,3,3,1,0.814301,0.814314,0.592911,0.599983,0.251399,0.202232
130_bNAb_Combinations|1342372|sample|3|nan|2944,0.1328,0.303313,4,3,1,0.814301,0.814314,0.284242,0.295423,0.259109,0.103254
130_bNAb_Combinations|1342372|sample|3|nan|2944,0.664,0.0365731,5,3,1,0.814301,0.814314,0.0306253,0.0342859,0.601205,0.211532
130_bNAb_Combinations|1342372|sample|3|nan|2944,3.32,0.00179868,6,3,1,0.814301,0.814314,0.0028064,0.00284021,-0.346903,-0.357498
130_bNAb_Combinations|1342372|sample|3|nan|2944,16.6,0.000942164,7,3,1,0.814197,0.81421,0.00275015,0.00276075,-0.625432,-0.628519
130_bNAb_Combinations|1342372|sample|3|nan|2944,83,0.0014989,8,3,1,0.814093,0.814105,0.00274979,0.00276039,-0.432733,-0.435998
130_bNAb_Combinations|1342372|sample|4|nan|2944,0.0010624,0.711912,1,4,1,0.814093,0.814105,0.791592,0.790515,-0.396321,-0.39149
130_bNAb_Combinations|1342372|sample|4|nan|2944,0.005312,0.776814,2,4,1,0.814197,0.81421,0.740923,0.737031,0.190588,0.212353
130_bNAb_Combinations|1342372|sample|4|nan|2944,0.02656,0.656731,3,4,1,0.814301,0.814314,0.59289,0.582083,0.422412,0.502948
130_bNAb_Combinations|1342372|sample|4|nan|2944,0.1328,0.279309,4,4,1,0.814406,0.814418,0.284245,0.267288,-0.0670671,0.173356
130_bNAb_Combinations|1342372|sample|4|nan|2944,0.664,0.0268517,5,4,1,0.814406,0.814418,0.0306189,0.0256033,-0.380854,0.144629
130_bNAb_Combinations|1342372|sample|4|nan|2944,3.32,0.00239824,6,4,1,0.814301,0.814314,0.00280634,0.00279274,-0.140488,-0.135966
130_bNAb_Combinations|1342372|sample|4|nan|2944,16.6,0.00145607,7,4,1,0.814197,0.81421,0.00275015,0.00276075,-0.447657,-0.450908
130_bNAb_Combinations|1342372|sample|4|nan|2944,83,0.0033404,8,4,1,0.814093,0.814105,0.00274979,0.00276039,0.204314,0.200463
130_bNAb_Combinations|1342372|vc|1|2|nan|2944,0,0.866191,1,2,1,0.814093,0.814105,0.813882,0.814105,0.253132,0.251983
130_bNAb_Combinations|1342372|vc|2|2|nan|2944,0,0.961949,2,2,1,0.814197,0.81421,0.813986,0.81421,0.715922,0.714649
130_bNAb_Combinations|1342372|vc|3|2|nan|2944,0,0.934862,3,2,1,0.814197,0.81421,0.813986,0.81421,0.58486,0.583622
130_bNAb_Combinations|1342372|vc|4|2|nan|2944,0,1,4,2,1,0.814197,0.81421,0.813986,0.81421,0.90003,0.898707
130_bNAb_Combinations|1342372|vc|5|2|nan|2944,0,0.921672,5,2,1,0.814197,0.81421,0.813986,0.81421,0.521038,0.519818
130_bNAb_Combinations|1342372|vc|6|2|nan|2944,0,0.914177,6,2,1,0.814197,0.81421,0.813986,0.81421,0.484776,0.483566
130_bNAb_Combinations|1342372|vc|7|2|nan|2944,0,0.942057,7,2,1,0.814197,0.81421,0.813986,0.81421,0.619671,0.618425
130_bNAb_Combinations|1342372|vc|8|2|nan|2944,0,0.751547,8,2,1,0.814093,0.814105,0.813882,0.814105,-0.301647,-0.302645
130_bNAb_Combinations|1342384|cc|1|1|nan|2946,0,0.000377127,1,1,0,0,0,0,0,0.171427,0.171427
130_bNAb_Combinations|1342384|cc|2|1|nan|2946,0,0.0014378,2,1,0,0,0,0,0,0.653564,0.653564
130_bNAb_Combinations|1342384|cc|3|1|nan|2946,0,0.00120209,3,1,0,0,0,0,0,0.546422,0.546422
130_bNAb_Combinations|1342384|cc|4|1|nan|2946,0,0.0012728,4,1,0,0,0,0,0,0.578565,0.578565
130_bNAb_Combinations|1342384|cc|5|1|nan|2946,0,0.000966389,5,1,0,0,0,0,0,0.439281,0.439281
130_bNAb_Combinations|1342384|cc|6|1|nan|2946,0,0.00162636,6,1,0,0,0,0,0,0.739277,0.739277
130_bNAb_Combinations|1342384|cc|7|1|nan|2946,0,0.000848536,7,1,0,0,0,0,0,0.38571,0.38571
130_bNAb_Combinations|1342384|cc|8|1|nan|2946,0,0.00219205,8,1,0,0,0,0,0,0.996417,0.996417
130_bNAb_Combinations|1342384|sample|3|nan|2946,0.0010624,0.852284,1,3,1,0.814093,0.814087,0.813864,0.814087,0.185922,0.184793
130_bNAb_Combinations|1342384|sample|3|nan|2946,0.005312,0.967355,2,3,1,0.814197,0.814192,0.813969,0.814192,0.742178,0.740898
130_bNAb_Combinations|1342384|sample|3|nan|2946,0.02656,0.934439,3,3,1,0.814301,0.814296,0.814073,0.814296,0.58233,0.581094
130_bNAb_Combinations|1342384|sample|3|nan|2946,0.1328,0.7873,4,3,1,0.814301,0.814296,0.814066,0.814289,-0.129495,-0.130537
130_bNAb_Combinations|1342384|sample|3|nan|2946,0.664,0.423797,5,3,1,0.814301,0.814296,0.810098,0.810174,-1.878,-1.8782
130_bNAb_Combinations|1342384|sample|3|nan|2946,3.32,0.0580305,6,3,1,0.814301,0.814296,0.06169,0.0562141,-0.206796,0.111288
130_bNAb_Combinations|1342384|sample|3|nan|2946,16.6,0.00157922,7,3,1,0.814197,0.814192,0.0027497,0.0027603,-0.404917,-0.408209
130_bNAb_Combinations|1342384|sample|3|nan|2946,83,0.00113138,8,3,1,0.814093,0.814087,0.00274935,0.00275995,-0.559738,-0.562888
130_bNAb_Combinations|1342384|sample|4|nan|2946,0.0010624,0.86071,1,4,1,0.814093,0.814087,0.813864,0.814087,0.2267,0.225559
130_bNAb_Combinations|1342384|sample|4|nan|2946,0.005312,0.945269,2,4,1,0.814197,0.814192,0.813969,0.814192,0.635315,0.634064
130_bNAb_Combinations|1342384|sample|4|nan|2946,0.02656,0.912624,3,4,1,0.814301,0.814296,0.814073,0.814296,0.476791,0.475584
130_bNAb_Combinations|1342384|sample|4|nan|2946,0.1328,0.777,4,4,1,0.814406,0.8144,0.814171,0.814393,-0.179812,-0.180839
130_bNAb_Combinations|1342384|sample|4|nan|2946,0.664,0.449052,5,4,1,0.814406,0.8144,0.810292,0.810424,-1.75575,-1.75611
130_bNAb_Combinations|1342384|sample|4|nan|2946,3.32,0.0637345,6,4,1,0.814301,0.814296,0.0653086,0.0616475,-0.0846042,0.118002
130_bNAb_Combinations|1342384|sample|4|nan|2946,16.6,0.000824966,7,4,1,0.814197,0.814192,0.0027497,0.0027603,-0.665845,-0.668897
130_bNAb_Combinations|1342384|sample|4|nan|2946,83,0.00122566,8,4,1,0.814093,0.814087,0.00274935,0.00275995,-0.527121,-0.530301
130_bNAb_Combinations|1342384|vc|1|2|nan|2946,0,0.93029,1,2,1,0.814093,0.814087,0.813864,0.814087,0.563414,0.562182
130_bNAb_Combinations|1342384|vc|2|2|nan|2946,0,0.910809,2,2,1,0.814197,0.814192,0.813969,0.814192,0.468575,0.46737
130_bNAb_Combinations|1342384|vc|3|2|nan|2946,0,1,3,2,1,0.814197,0.814192,0.813969,0.814192,0.900135,0.898813
130_bNAb_Combinations|1342384|vc|4|2|nan|2946,0,0.996582,4,2,1,0.814197,0.814192,0.813969,0.814192,0.883598,0.88228
130_bNAb_Combinations|1342384|vc|5|2|nan|2946,0,0.999953,5,2,1,0.814197,0.814192,0.813969,0.814192,0.899907,0.898585
130_bNAb_Combinations|1342384|vc|6|2|nan|2946,0,0.889549,6,2,1,0.814197,0.814192,0.813969,0.814192,0.365704,0.364526
130_bNAb_Combinations|1342384|vc|7|2|nan|2946,0,0.878541,7,2,1,0.814197,0.814192,0.813969,0.814192,0.312443,0.31128
130_bNAb_Combinations|1342384|vc|8|2|nan|2946,0,0.78624,8,2,1,0.814093,0.814087,0.813864,0.814087,-0.133682,-0.134726
130_bNAb_Combinations|1342396|cc|1|1|PVO.4|5024,0,0.000406233,1,1,0,0,0,0,0,0.184657,0.184657
130_bNAb_Combinations|1342396|cc|2|1|PVO.4|5024,0,0.00130897,2,1,0,0,0,0,0,0.595006,0.595006
130_bNAb_Combinations|1342396|cc|3|1|PVO.4|5024,0,0.00155723,3,1,0,0,0,0,0,0.707852,0.707852
130_bNAb_Combinations|1342396|cc|4|1|PVO.4|5024,0,0.000835035,4,1,0,0,0,0,0,0.379573,0.379573
130_bNAb_Combinations|1342396|cc|5|1|PVO.4|5024,0,0.000654487,5,1,0,0,0,0,0,0.297503,0.297503
130_bNAb_Combinations|1342396|cc|6|1|PVO.4|5024,0,0.000631919,6,1,0,0,0,0,0,0.287244,0.287244
130_bNAb_Combinations|1342396|cc|7|1|PVO.4|5024,0,0.000880172,7,1,0,0,0,0,0,0.40009,0.40009
130_bNAb_Combinations|1342396|cc|8|1|PVO.4|5024,0,0.00139925,8,1,0,0,0,0,0,0.636041,0.636041
130_bNAb_Combinations|1342396|sample|3|PVO.4|5024,0.0010624,0.997833,1,3,1,0.814093,0.814093,0.806733,0.806693,0.932869,0.933109
130_bNAb_Combinations|1342396|sample|3|PVO.4|5024,0.005312,0.936549,2,3,1,0.814197,0.814197,0.784111,0.783249,0.765366,0.77053
130_bNAb_Combinations|1342396|sample|3|PVO.4|5024,0.02656,0.845349,3,3,1,0.814301,0.814302,0.694949,0.69111,0.850814,0.877318
130_bNAb_Combinations|1342396|sample|3|PVO.4|5024,0.1328,0.395513,4,3,1,0.814301,0.814302,0.419719,0.409748,-0.224891,-0.135402
130_bNAb_Combinations|1342396|sample|3|PVO.4|5024,0.664,0.0558345,5,3,1,0.814301,0.814302,0.0582582,0.0530525,-0.143972,0.179173
130_bNAb_Combinations|1342396|sample|3|PVO.4|5024,3.32,0.00187319,6,3,1,0.814301,0.814302,0.00281213,0.0028043,-0.323066,-0.320588
130_bNAb_Combinations|1342396|sample|3|PVO.4|5024,16.6,0.000383665,7,3,1,0.814197,0.814197,0.00274965,0.00276025,-0.818495,-0.821407
130_bNAb_Combinations|1342396|sample|3|PVO.4|5024,83,4.5137e-05,8,3,1,0.814093,0.814093,0.0027493,0.0027599,-0.935513,-0.938317
130_bNAb_Combinations|1342396|sample|4|PVO.4|5024,0.0010624,1,1,4,1,0.814093,0.814093,0.807173,0.807444,0.94079,0.939155
130_bNAb_Combinations|1342396|sample|4|PVO.4|5024,0.005312,0.917851,2,4,1,0.814197,0.814197,0.785927,0.786348,0.660852,0.658397
130_bNAb_Combinations|1342396|sample|4|PVO.4|5024,0.02656,0.813708,3,4,1,0.814301,0.814302,0.701788,0.702755,0.627041,0.620776
130_bNAb_Combinations|1342396|sample|4|PVO.4|5024,0.1328,0.442377,4,4,1,0.814406,0.814406,0.437318,0.439455,0.0451501,0.0259495
130_bNAb_Combinations|1342396|sample|4|PVO.4|5024,0.664,0.0734831,5,4,1,0.814406,0.814406,0.0682933,0.0695375,0.268132,0.200614
130_bNAb_Combinations|1342396|sample|4|PVO.4|5024,3.32,0.000744761,6,4,1,0.814301,0.814302,0.00286171,0.00287955,-0.725281,-0.730272
130_bNAb_Combinations|1342396|sample|4|PVO.4|5024,16.6,0,7,4,1,0.814197,0.814197,0.00274965,0.00276025,-0.951222,-0.954011
130_bNAb_Combinations|1342396|sample|4|PVO.4|5024,83,0.00128641,8,4,1,0.814093,0.814093,0.0027493,0.0027599,-0.506092,-0.509291
130_bNAb_Combinations|1342396|vc|1|2|PVO.4|5024,0,0.943804,1,2,1,0.814093,0.814093,0.81387,0.814093,0.62878,0.627529
130_bNAb_Combinations|1342396|vc|2|2|PVO.4|5024,0,0.908609,2,2,1,0.814197,0.814197,0.813974,0.814197,0.457897,0.456694
130_bNAb_Combinations|1342396|vc|3|2|PVO.4|5024,0,0.910922,3,2,1,0.814197,0.814197,0.813974,0.814197,0.46909,0.467884
130_bNAb_Combinations|1342396|vc|4|2|PVO.4|5024,0,0.912705,4,2,1,0.814197,0.814197,0.813974,0.814197,0.477717,0.476509
130_bNAb_Combinations|1342396|vc|5|2|PVO.4|5024,0,0.907345,5,2,1,0.814197,0.814197,0.813974,0.814197,0.451782,0.450581
130_bNAb_Combinations|1342396|vc|6|2|PVO.4|5024,0,0.878886,6,2,1,0.814197,0.814197,0.813974,0.814197,0.314081,0.312917
130_bNAb_Combinations|1342396|vc|7|2|PVO.4|5024,0,0.860549,7,2,1,0.814197,0.814197,0.813974,0.814197,0.225356,0.224216
130_bNAb_Combinations|1342396|vc|8|2|PVO.4|5024,0,0.761022,8,2,1,0.814093,0.814093,0.81387,0.814093,-0.255742,-0.256753
130_bNAb_Combinations|1342408|cc|1|1|nan|4168,0,0.0014393,1,1,0,0,0,0,0,0.654247,0.654247
130_bNAb_Combinations|1342408|cc|2|1|nan|4168,0,0.0014393,2,1,0,0,0,0,0,0.654247,0.654247
130_bNAb_Combinations|1342408|cc|3|1|nan|4168,0,0.000729786,3,1,0,0,0,0,0,0.331731,0.331731
130_bNAb_Combinations|1342408|cc|4|1|nan|4168,0,0.00152039,4,1,0,0,0,0,0,0.691106,0.691106
130_bNAb_Combinations|1342408|cc|5|1|nan|4168,0,0.000973049,5,1,0,0,0,0,0,0.442308,0.442308
130_bNAb_Combinations|1342408|cc|6|1|nan|4168,0,0.00105414,6,1,0,0,0,0,0,0.479167,0.479167
130_bNAb_Combinations|1342408|cc|7|1|nan|4168,0,0.00154066,7,1,0,0,0,0,0,0.700321,0.700321
130_bNAb_Combinations|1342408|cc|8|1|nan|4168,0,0.00145957,8,1,0,0,0,0,0,0.663462,0.663462
130_bNAb_Combinations|1342408|sample|3|nan|4168,0.0010624,0.884744,1,3,1,0.814093,0.814101,0.810981,0.811222,0.358214,0.356939
130_bNAb_Combinations|1342408|sample|3|nan|4168,0.005312,0.890796,2,3,1,0.814197,0.814205,0.801568,0.801867,0.438346,0.436715
130_bNAb_Combinations|1342408|sample|3|nan|4168,0.02656,0.776077,3,3,1,0.814301,0.814309,0.762026,0.762561,0.0725695,0.0697605
130_bNAb_Combinations|1342408|sample|3|nan|4168,0.1328,0.462381,4,3,1,0.814301,0.814309,0.614527,0.615814,-0.971748,-0.977947
130_bNAb_Combinations|1342408|sample|3|nan|4168,0.664,0.16701,5,3,1,0.814301,0.814309,0.258993,0.260986,-1.36759,-1.3869
130_bNAb_Combinations|1342408|sample|3|nan|4168,3.32,0.0252587,6,3,1,0.814301,0.814309,0.0187789,0.0192475,0.936763,0.854486
130_bNAb_Combinations|1342408|sample|3|nan|4168,16.6,0.00823037,7,3,1,0.814197,0.814205,0.00629889,0.0064571,0.510674,0.463968
130_bNAb_Combinations|1342408|sample|3|nan|4168,83,0.0027367,8,3,1,0.814093,0.814101,0.0062873,0.00644482,-0.939483,-0.970995
130_bNAb_Combinations|1342408|sample|4|nan|4168,0.0010624,0.931106,1,4,1,0.814093,0.814101,0.81136,0.811499,0.581251,0.580477
130_bNAb_Combinations|1342408|sample|4|nan|4168,0.005312,0.912324,2,4,1,0.814197,0.814205,0.803182,0.803048,0.535115,0.535862
130_bNAb_Combinations|1342408|sample|4|nan|4168,0.02656,0.764897,3,4,1,0.814301,0.814309,0.768645,0.767399,-0.0191903,-0.0128305
130_bNAb_Combinations|1342408|sample|4|nan|4168,0.1328,0.50485,4,4,1,0.814406,0.814413,0.637624,0.632677,-0.817714,-0.793319
130_bNAb_Combinations|1342408|sample|4|nan|4168,0.664,0.189005,5,4,1,0.814406,0.814413,0.300548,0.290984,-1.4356,-1.35438
130_bNAb_Combinations|1342408|sample|4|nan|4168,3.32,0.0320092,6,4,1,0.814301,0.814309,0.0278453,0.0255311,0.452862,0.752102
130_bNAb_Combinations|1342408|sample|4|nan|4168,16.6,0.00490579,7,4,1,0.814197,0.814205,0.00633495,0.00647923,-0.37696,-0.411086
130_bNAb_Combinations|1342408|sample|4|nan|4168,83,0.00336513,8,4,1,0.814093,0.814101,0.00628731,0.00644482,-0.773204,-0.806438
130_bNAb_Combinations|1342408|vc|1|2|nan|4168,0,0.949635,1,2,1,0.814093,0.814101,0.813878,0.814101,0.656949,0.655692
130_bNAb_Combinations|1342408|vc|2|2|nan|4168,0,0.965274,2,2,1,0.814197,0.814205,0.813982,0.814205,0.732034,0.730757
130_bNAb_Combinations|1342408|vc|3|2|nan|4168,0,1,3,2,1,0.814197,0.814205,0.813982,0.814205,0.900055,0.898734
130_bNAb_Combinations|1342408|vc|4|2|nan|4168,0,0.969906,4,2,1,0.814197,0.814205,0.813982,0.814205,0.754446,0.753164
130_bNAb_Combinations|1342408|vc|5|2|nan|4168,0,0.940482,5,2,1,0.814197,0.814205,0.813982,0.814205,0.612074,0.61083
130_bNAb_Combinations|1342408|vc|6|2|nan|4168,0,0.930052,6,2,1,0.814197,0.814205,0.813982,0.814205,0.561609,0.560379
130_bNAb_Combinations|1342408|vc|7|2|nan|4168,0,0.924538,7,2,1,0.814197,0.814205,0.813982,0.814205,0.534929,0.533706
130_bNAb_Combinations|1342408|vc|8|2|nan|4168,0,0.903212,8,2,1,0.814093,0.814101,0.813878,0.814101,0.432303,0.431107
704_VRC01_Concordance|1200432|cc|1|1|PVO.4|5024,0,0.00146144,1,1,0,0,0,0,0,0.664312,0.664312
704_VRC01_Concordance|1200432|cc|2|1|PVO.4|5024,0,0.00217593,2,1,0,0,0,0,0,0.989087,0.989087
704_VRC01_Concordance|1200432|cc|3|1|PVO.4|5024,0,0.0011042,3,1,0,0,0,0,0,0.501925,0.501925
704_VRC01_Concordance|1200432|cc|4|1|PVO.4|5024,0,0.00198107,4,1,0,0,0,0,0,0.900512,0.900512
704_VRC01_Concordance|1200432|cc|5|1|PVO.4|5024,0,0.00298784,5,1,0,0,0,0,0,1.35815,1.35815
704_VRC01_Concordance|1200432|cc|6|1|PVO.4|5024,0,0.00175373,6,1,0,0,0,0,0,0.797174,0.797174
704_VRC01_Concordance|1200432|cc|7|1|PVO.4|5024,0,0.00233831,7,1,0,0,0,0,0,1.0629,1.0629
704_VRC01_Concordance|1200432|cc|8|1|PVO.4|5024,0,0.00334508,8,1,0,0,0,0,0,1.52054,1.52054
704_VRC01_Concordance|1200432|sample|10|PVO.4|5024,0.002286236854138,0.850689,1,10,1,0.814093,0.814093,0.813865,0.814088,0.178202,0.177074
704_VRC01_Concordance|1200432|sample|10|PVO.4|5024,0.0068587105624142,0.988097,2,10,1,0.814197,0.814197,0.813942,0.814164,0.842701,0.841397
704_VRC01_Concordance|1200432|sample|10|PVO.4|5024,0.0205761316872428,0.866635,3,10,1,0.814301,0.814301,0.813855,0.814074,0.255421,0.254293
704_VRC01_Concordance|1200432|sample|10|PVO.4|5024,0.0617283950617284,0.879642,4,10,1,0.814301,0.814301,0.812525,0.812723,0.325326,0.32429
704_VRC01_Concordance|1200432|sample|10|PVO.4|5024,0.1851851851851852,0.740724,5,10,1,0.814301,0.814301,0.803361,0.803411,-0.307038,-0.307263
704_VRC01_Concordance|1200432|sample|10|PVO.4|5024,0.5555555555555556,0.485621,6,10,1,0.814301,0.814301,0.743006,0.742124,-1.36295,-1.35987
704_VRC01_Concordance|1200432|sample|10|PVO.4|5024,1.66666666666667,0.212201,7,10,1,0.814197,0.814197,0.445011,0.440812,-2.04241,-2.02431
704_VRC01_Concordance|1200432|sample|10|PVO.4|5024,5,0.0380949,8,10,1,0.814093,0.814093,0.0342306,0.0325624,0.357855,0.53302
704_VRC01_Concordance|1200432|sample|11|PVO.4|5024,0.0457247370827617,0.868454,1,11,1,0.814093,0.814093,0.812524,0.812666,0.2711,0.270367
704_VRC01_Concordance|1200432|sample|11|PVO.4|5024,0.1371742112482853,0.719452,2,11,1,0.814197,0.814197,0.80468,0.804342,-0.417097,-0.415616
704_VRC01_Concordance|1200432|sample|11|PVO.4|5024,0.411522633744856,0.42653,3,11,1,0.814197,0.814197,0.751845,0.748451,-1.70264,-1.69243
704_VRC01_Concordance|1200432|sample|11|PVO.4|5024,1.23456790123457,0.188591,4,11,1,0.814197,0.814197,0.476679,0.461628,-2.36249,-2.31071
704_VRC01_Concordance|1200432|sample|11|PVO.4|5024,3.7037037037037,0.036601,5,11,1,0.814197,0.814197,0.0376513,0.0315622,-0.0900929,0.497492
704_VRC01_Concordance|1200432|sample|11|PVO.4|5024,11.1111111111111,0.00789179,6,11,1,0.814197,0.814197,0.0027563,0.00276346,1.77556,1.77198
704_VRC01_Concordance|1200432|sample|11|PVO.4|5024,33.3333333333333,0.00133154,7,11,1,0.814197,0.814197,0.00274966,0.00276026,-0.490588,-0.493801
704_VRC01_Concordance|1200432|sample|11|PVO.4|5024,100,0.000389718,8,11,1,0.814093,0.814093,0.0027493,0.00275991,-0.816306,-0.819219
704_VRC01_Concordance|1200432|sample|12|PVO.4|5024,0.0457247370827617,0.755582,1,12,1,0.814093,0.814093,0.812455,0.812633,-0.275696,-0.276498
704_VRC01_Concordance|1200432|sample|12|PVO.4|5024,0.1371742112482853,0.635256,2,12,1,0.814093,0.814093,0.804104,0.804016,-0.826903,-0.826563
704_VRC01_Concordance|1200432|sample|12|PVO.4|5024,0.411522633744856,0.416203,3,12,1,0.814093,0.814093,0.748697,0.74692,-1.74745,-1.7422
704_VRC01_Concordance|1200432|sample|12|PVO.4|5024,1.23456790123457,0.135362,4,12,1,0.814093,0.814093,0.463746,0.455646,-2.76665,-2.74547
704_VRC01_Concordance|1200432|sample|12|PVO.4|5024,3.7037037037037,0.0341003,5,12,1,0.814093,0.814093,0.0324511,0.0294478,0.159314,0.484772
704_VRC01_Concordance|1200432|sample|12|PVO.4|5024,11.1111111111111,0.00308527,6,12,1,0.814093,0.814093,0.00275295,0.00276232,0.11493,0.111599
704_VRC01_Concordance|1200432|sample|12|PVO.4|5024,33.3333333333333,0.000292288,7,12,1,0.814093,0.814093,0.0027493,0.00275991,-0.850012,-0.852894
704_VRC01_Concordance|1200432|sample|12|PVO.4|5024,100,0.000292288,8,12,1,0.814093,0.814093,0.0027493,0.00275991,-0.850012,-0.852894
704_VRC01_Concordance|1200432|sample|3|PVO.4|5024,0.0457247370827617,0.931426,1,3,1,0.814093,0.814093,0.812143,0.812415,0.578451,0.57694
704_VRC01_Concordance|1200432|sample|3|PVO.4|5024,0.1371742112482853,0.65242,2,3,1,0.814197,0.814197,0.802062,0.802621,-0.734692,-0.736931
704_VRC01_Concordance|1200432|sample|3|PVO.4|5024,0.411522633744856,0.404284,3,3,1,0.814301,0.814301,0.735188,0.737544,-1.77068,-1.77765
704_VRC01_Concordance|1200432|sample|3|PVO.4|5024,1.23456790123457,0.116071,4,3,1,0.814301,0.814301,0.409676,0.417903,-2.79328,-2.81618
704_VRC01_Concordance|1200432|sample|3|PVO.4|5024,3.7037037037037,0.0223763,5,3,1,0.814301,0.814301,0.0170423,0.0187731,0.823022,0.521019
704_VRC01_Concordance|1200432|sample|3|PVO.4|5024,11.1111111111111,0.00337756,6,3,1,0.814301,0.814301,0.00275025,0.00276097,0.217001,0.213093
704_VRC01_Concordance|1200432|sample|3|PVO.4|5024,33.3333333333333,0.00295536,7,3,1,0.814197,0.814197,0.00274966,0.00276026,0.0711623,0.067432
704_VRC01_Concordance|1200432|sample|3|PVO.4|5024,100,0.00168878,8,3,1,0.814093,0.814093,0.0027493,0.00275991,-0.366892,-0.370219
704_VRC01_Concordance|1200432|sample|4|PVO.4|5024,0.0457247370827617,0.855821,1,4,1,0.814093,0.814093,0.812725,0.812881,0.208839,0.208045
704_VRC01_Concordance|1200432|sample|4|PVO.4|5024,0.1371742112482853,0.721108,2,4,1,0.814197,0.814197,0.806063,0.805821,-0.415054,-0.413993
704_VRC01_Concordance|1200432|sample|4|PVO.4|5024,0.411522633744856,0.572009,3,4,1,0.814301,0.814301,0.760921,0.758111,-0.977077,-0.966071
704_VRC01_Concordance|1200432|sample|4|PVO.4|5024,1.23456790123457,0.23966,4,4,1,0.814406,0.814406,0.516474,0.502953,-2.09804,-2.04829
704_VRC01_Concordance|1200432|sample|4|PVO.4|5024,3.7037037037037,0.0572236,5,4,1,0.814406,0.814406,0.0586308,0.0504252,-0.0831314,0.457285
704_VRC01_Concordance|1200432|sample|4|PVO.4|5024,11.1111111111111,0.00779436,6,4,1,0.814301,0.814301,0.00278832,0.00278154,1.726,1.72936
704_VRC01_Concordance|1200432|sample|4|PVO.4|5024,33.3333333333333,0.0027605,7,4,1,0.814197,0.814197,0.00274966,0.00276026,0.00375209,8.39419e-05
704_VRC01_Concordance|1200432|sample|4|PVO.4|5024,100,0.00116915,8,4,1,0.814093,0.814093,0.0027493,0.00275991,-0.546658,-0.549819
704_VRC01_Concordance|1200432|sample|5|PVO.4|5024,0.002286236854138,0.883215,1,5,1,0.814093,0.814093,0.813865,0.814088,0.335601,0.33443
704_VRC01_Concordance|1200432|sample|5|PVO.4|5024,0.0068587105624142,0.89653,2,5,1,0.814197,0.814197,0.81394,0.814163,0.399637,0.398447
704_VRC01_Concordance|1200432|sample|5|PVO.4|5024,0.0205761316872428,0.878603,3,5,1,0.814301,0.814301,0.813839,0.814066,0.313416,0.31223
704_VRC01_Concordance|1200432|sample|5|PVO.4|5024,0.0617283950617284,0.790088,4,5,1,0.814406,0.814406,0.812523,0.812775,-0.108745,-0.109935
704_VRC01_Concordance|1200432|sample|5|PVO.4|5024,0.1851851851851852,0.721465,5,5,1,0.814406,0.814406,0.802737,0.803164,-0.398687,-0.40057
704_VRC01_Concordance|1200432|sample|5|PVO.4|5024,0.5555555555555556,0.483543,6,5,1,0.814301,0.814301,0.738384,0.739898,-1.35783,-1.36313
704_VRC01_Concordance|1200432|sample|5|PVO.4|5024,1.66666666666667,0.199503,7,5,1,0.814197,0.814197,0.427055,0.432159,-2.07854,-2.10056
704_VRC01_Concordance|1200432|sample|5|PVO.4|5024,5,0.0347498,8,5,1,0.814093,0.814093,0.0279636,0.02954,0.735682,0.541544
704_VRC01_Concordance|1200432|sample|6|PVO.4|5024,0.002286236854138,0.994382,1,6,1,0.814093,0.814093,0.813865,0.814088,0.87356,0.872244
704_VRC01_Concordance|1200432|sample|6|PVO.4|5024,0.0068587105624142,0.986474,2,6,1,0.814197,0.814197,0.813944,0.814167,0.834828,0.833524
704_VRC01_Concordance|1200432|sample|6|PVO.4|5024,0.0205761316872428,0.991621,3,6,1,0.814301,0.814301,0.813873,0.814095,0.860158,0.858852
704_VRC01_Concordance|1200432|sample|6|PVO.4|5024,0.0617283950617284,0.869396,4,6,1,0.814406,0.814406,0.812755,0.812971,0.274467,0.273349
704_VRC01_Concordance|1200432|sample|6|PVO.4|5024,0.1851851851851852,0.779355,5,6,1,0.814406,0.814406,0.80433,0.804506,-0.122278,-0.123115
704_VRC01_Concordance|1200432|sample|6|PVO.4|5024,0.5555555555555556,0.468051,6,6,1,0.814301,0.814301,0.748539,0.748464,-1.47444,-1.47419
704_VRC01_Concordance|1200432|sample|6|PVO.4|5024,1.66666666666667,0.186123,7,6,1,0.814197,0.814197,0.46735,0.466281,-2.35142,-2.34775
704_VRC01_Concordance|1200432|sample|6|PVO.4|5024,5,0.0497215,8,6,1,0.814093,0.814093,0.0437386,0.0431056,0.453696,0.507816
704_VRC01_Concordance|1200432|sample|7|PVO.4|5024,0.0457247370827617,0.822711,1,7,1,0.814093,0.814093,0.81237,0.81258,0.0501338,0.0491038
704_VRC01_Concordance|1200432|sample|7|PVO.4|5024,0.1371742112482853,0.758505,2,7,1,0.814197,0.814197,0.803621,0.803752,-0.22108,-0.221688
704_VRC01_Concordance|1200432|sample|7|PVO.4|5024,0.411522633744856,0.445919,3,7,1,0.814301,0.814301,0.745123,0.744758,-1.57995,-1.57879
704_VRC01_Concordance|1200432|sample|7|PVO.4|5024,1.23456790123457,0.173424,4,7,1,0.814406,0.814406,0.448449,0.446243,-2.39462,-2.38693
704_VRC01_Concordance|1200432|sample|7|PVO.4|5024,3.7037037037037,0.0308202,5,7,1,0.814406,0.814406,0.027083,0.0263191,0.415099,0.510828
704_VRC01_Concordance|1200432|sample|7|PVO.4|5024,11.1111111111111,0.00402709,6,7,1,0.814301,0.814301,0.00275174,0.00276213,0.441115,0.43713
704_VRC01_Concordance|1200432|sample|7|PVO.4|5024,33.3333333333333,0.00243574,7,7,1,0.814197,0.814197,0.00274966,0.00276026,-0.108598,-0.112163
704_VRC01_Concordance|1200432|sample|7|PVO.4|5024,100,0.00113668,8,7,1,0.814093,0.814093,0.0027493,0.00275991,-0.557893,-0.561044
704_VRC01_Concordance|1200432|sample|8|PVO.4|5024,0.0457247370827617,0.796746,1,8,1,0.814093,0.814093,0.812548,0.812683,-0.0765936,-0.0772348
704_VRC01_Concordance|1200432|sample|8|PVO.4|5024,0.1371742112482853,0.73569,2,8,1,0.814197,0.814197,0.804846,0.804462,-0.338371,-0.336653
704_VRC01_Concordance|1200432|sample|8|PVO.4|5024,0.411522633744856,0.466265,3,8,1,0.814301,0.814301,0.753013,0.749318,-1.49849,-1.48639
704_VRC01_Concordance|1200432|sample|8|PVO.4|5024,1.23456790123457,0.184954,4,8,1,0.814406,0.814406,0.481393,0.46496,-2.40759,-2.35302
704_VRC01_Concordance|1200432|sample|8|PVO.4|5024,3.7037037037037,0.0379325,5,8,1,0.814406,0.814406,0.0396871,0.0327717,-0.144178,0.494703
704_VRC01_Concordance|1200432|sample|8|PVO.4|5024,11.1111111111111,0.00399461,6,8,1,0.814301,0.814301,0.00275821,0.00276434,0.427405,0.425059
704_VRC01_Concordance|1200432|sample|8|PVO.4|5024,33.3333333333333,0.00168878,7,8,1,0.814197,0.814197,0.00274966,0.00276026,-0.367003,-0.37033
704_VRC01_Concordance|1200432|sample|8|PVO.4|5024,100,0,8,8,1,0.814093,0.814093,0.0027493,0.00275991,-0.95113,-0.95392
704_VRC01_Concordance|1200432|sample|9|PVO.4|5024,0.002286236854138,0.844113,1,9,1,0.814093,0.814093,0.813865,0.814088,0.146377,0.145258
704_VRC01_Concordance|1200432|sample|9|PVO.4|5024,0.0068587105624142,0.938782,2,9,1,0.814197,0.814197,0.813941,0.814164,0.604077,0.602836
704_VRC01_Concordance|1200432|sample|9|PVO.4|5024,0.0205761316872428,0.856568,3,9,1,0.814301,0.814301,0.81385,0.814071,0.206724,0.2056
704_VRC01_Concordance|1200432|sample|9|PVO.4|5024,0.0617283950617284,0.895653,4,9,1,0.814406,0.814406,0.812598,0.812806,0.402545,0.401435
704_VRC01_Concordance|1200432|sample|9|PVO.4|5024,0.1851851851851852,0.785119,5,9,1,0.814406,0.814406,0.803249,0.80337,-0.0888791,-0.0894629
704_VRC01_Concordance|1200432|sample|9|PVO.4|5024,0.5555555555555556,0.449345,6,9,1,0.814301,0.814301,0.741632,0.74121,-1.5506,-1.54924
704_VRC01_Concordance|1200432|sample|9|PVO.4|5024,1.66666666666667,0.160499,7,9,1,0.814197,0.814197,0.439605,0.437242,-2.47809,-2.47013
704_VRC01_Concordance|1200432|sample|9|PVO.4|5024,5,0.0365685,8,9,1,0.814093,0.814093,0.0322238,0.0312836,0.422044,0.525419
704_VRC01_Concordance|1200432|vc|1|2|PVO.4|5024,0,0.927366,1,2,1,0.814093,0.814093,0.81387,0.814093,0.549234,0.548006
704_VRC01_Concordance|1200432|vc|2|2|PVO.4|5024,0,0.913369,2,2,1,0.814197,0.814197,0.813974,0.814197,0.480931,0.479722
704_VRC01_Concordance|1200432|vc|3|2|PVO.4|5024,0,1,3,2,1,0.814197,0.814197,0.813974,0.814197,0.900104,0.898781
704_VRC01_Concordance|1200432|vc|4|2|PVO.4|5024,0,0.936054,4,2,1,0.814197,0.814197,0.813974,0.814197,0.590694,0.589455
704_VRC01_Concordance|1200432|vc|5|2|PVO.4|5024,0,0.990712,5,2,1,0.814197,0.814197,0.813974,0.814197,0.855162,0.853851
704_VRC01_Concordance|1200432|vc|6|2|PVO.4|5024,0,0.919832,6,2,1,0.814197,0.814197,0.813974,0.814197,0.512202,0.510985
704_VRC01_Concordance|1200432|vc|7|2|PVO.4|5024,0,0.864589,7,2,1,0.814197,0.814197,0.813974,0.814197,0.244906,0.243761
704_VRC01_Concordance|1200432|vc|8|2|PVO.4|5024,0,0.869461,8,2,1,0.814093,0.814093,0.81387,0.814093,0.269017,0.267865
