id,time,rlu_norm,plate_row,plate_col,virus_cc,popPred_medianCOV,popPred,indivPred_SAEM,indivPred_mode,indWRes_SAEM,indWRes_mode
130_bNAb_Combinations|1313842|cc|1|1|nan|2946,0,0.00107969,1,1,0,0,0,0,0,0.476174,0.476174
130_bNAb_Combinations|1313842|cc|2|1|nan|2946,0,0.000918885,2,1,0,0,0,0,0,0.405254,0.405254
130_bNAb_Combinations|1313842|cc|3|1|nan|2946,0,0.00110266,3,1,0,0,0,0,0,0.486305,0.486305
130_bNAb_Combinations|1313842|cc|4|1|nan|2946,0,0.00133238,4,1,0,0,0,0,0,0.587619,0.587619
130_bNAb_Combinations|1313842|cc|5|1|nan|2946,0,0.00153913,5,1,0,0,0,0,0,0.678801,0.678801
130_bNAb_Combinations|1313842|cc|6|1|nan|2946,0,0.00149319,6,1,0,0,0,0,0,0.658538,0.658538
130_bNAb_Combinations|1313842|cc|7|1|nan|2946,0,0.00149319,7,1,0,0,0,0,0,0.658538,0.658538
130_bNAb_Combinations|1313842|cc|8|1|nan|2946,0,0.000826997,8,1,0,0,0,0,0,0.364729,0.364729
130_bNAb_Combinations|1313842|sample|10|nan|2946,0.0003648,0.782305,1,10,1,0.773368,0.773316,0.773817,0.773359,0.041718,0.043994
130_bNAb_Combinations|1313842|sample|10|nan|2946,0.001824,0.882187,2,10,1,0.773381,0.772996,0.773621,0.77327,0.533751,0.535716
130_bNAb_Combinations|1313842|sample|10|nan|2946,0.00912,0.889573,3,10,1,0.773394,0.770779,0.772142,0.772481,0.578429,0.576506
130_bNAb_Combinations|1313842|sample|10|nan|2946,0.0456,0.751223,4,10,1,0.773394,0.75597,0.761521,0.766157,-0.0514244,-0.0741269
130_bNAb_Combinations|1313842|sample|10|nan|2946,0.228,0.542866,5,10,1,0.773393,0.663618,0.689519,0.717846,-0.807843,-0.926304
130_bNAb_Combinations|1313842|sample|10|nan|2946,1.14,0.150628,6,10,1,0.773379,0.277514,0.338892,0.428869,-2.08311,-2.44565
130_bNAb_Combinations|1313842|sample|10|nan|2946,5.7,0.0141738,7,10,1,0.770937,0.00410658,0.00539959,0.0104444,2.38997,0.748454
130_bNAb_Combinations|1313842|sample|10|nan|2946,28.5,0.000252693,8,10,1,0.445849,0.00333522,0.00337099,0.00333522,-0.991871,-0.983402
130_bNAb_Combinations|1313842|sample|11|nan|2946,0.0003712,0.787795,1,11,1,0.773368,0.773314,0.773835,0.773361,0.0686143,0.0709859
130_bNAb_Combinations|1313842|sample|11|nan|2946,0.001856,0.899692,2,11,1,0.773381,0.772988,0.773739,0.773284,0.619141,0.621738
130_bNAb_Combinations|1313842|sample|11|nan|2946,0.00928,0.943259,3,11,1,0.773381,0.770712,0.772882,0.772558,0.838428,0.840369
130_bNAb_Combinations|1313842|sample|11|nan|2946,0.0464,0.770876,4,11,1,0.773381,0.755598,0.766169,0.766719,0.0233628,0.0206186
130_bNAb_Combinations|1313842|sample|11|nan|2946,0.2319999999999999,0.591682,5,11,1,0.773381,0.661492,0.715322,0.721124,-0.656803,-0.68216
130_bNAb_Combinations|1313842|sample|11|nan|2946,1.16,0.238543,6,11,1,0.773366,0.271669,0.417048,0.439763,-1.61257,-1.7257
130_bNAb_Combinations|1313842|sample|11|nan|2946,5.8,0.0150238,7,11,1,0.770798,0.0040036,0.0092216,0.0112727,1.24378,0.721611
130_bNAb_Combinations|1313842|sample|11|nan|2946,29,0,8,11,1,0.432017,0.00333522,0.00337099,0.00333522,-1.07225,-1.06402
130_bNAb_Combinations|1313842|sample|12|nan|2946,0.0003712,0.726907,1,12,1,0.773368,0.773314,0.773785,0.773201,-0.230419,-0.227719
130_bNAb_Combinations|1313842|sample|12|nan|2946,0.001856,0.725805,2,12,1,0.773368,0.772975,0.773414,0.772353,-0.234128,-0.229221
130_bNAb_Combinations|1313842|sample|12|nan|2946,0.00928,0.699823,3,12,1,0.773368,0.7707,0.770957,0.76736,-0.350915,-0.334714
130_bNAb_Combinations|1313842|sample|12|nan|2946,0.0464,0.628667,4,12,1,0.773368,0.755586,0.754841,0.738496,-0.635574,-0.565343
130_bNAb_Combinations|1313842|sample|12|nan|2946,0.2319999999999999,0.46638,5,12,1,0.773368,0.661481,0.656099,0.588836,-1.09761,-0.788206
130_bNAb_Combinations|1313842|sample|12|nan|2946,1.16,0.173084,6,12,1,0.773354,0.271665,0.25975,0.156034,-1.24163,0.398021
130_bNAb_Combinations|1313842|sample|12|nan|2946,5.8,0.0100848,7,12,1,0.770785,0.00400354,0.00390748,0.00339257,1.88141,2.12486
130_bNAb_Combinations|1313842|sample|12|nan|2946,29,0.00119455,8,12,1,0.432017,0.00333522,0.00337099,0.00333522,-0.692284,-0.682926
130_bNAb_Combinations|1313842|sample|3|nan|2946,0.000064,0.866394,1,3,1,0.773368,0.773366,0.773851,0.773374,0.454844,0.457467
130_bNAb_Combinations|1313842|sample|3|nan|2946,0.00032,0.944316,2,3,1,0.773381,0.773337,0.773863,0.773385,0.837749,0.840608
130_bNAb_Combinations|1313842|sample|3|nan|2946,0.0016,0.961051,3,3,1,0.773394,0.773065,0.773871,0.773391,0.919949,0.922878
130_bNAb_Combinations|1313842|sample|3|nan|2946,0.008,0.986159,4,3,1,0.773394,0.771159,0.77382,0.773309,1.04368,1.04687
130_bNAb_Combinations|1313842|sample|3|nan|2946,0.04,0.882578,5,3,1,0.773394,0.758472,0.773205,0.772402,0.538004,0.542513
130_bNAb_Combinations|1313842|sample|3|nan|2946,0.2,0.77709,6,3,1,0.773393,0.678504,0.765923,0.762438,0.0554482,0.0730811
130_bNAb_Combinations|1313842|sample|3|nan|2946,1,0.473111,7,3,1,0.773372,0.321754,0.684302,0.660448,-1.17211,-1.07679
130_bNAb_Combinations|1313842|sample|3|nan|2946,5,0.151731,8,3,1,0.771762,0.0054244,0.180495,0.136811,-0.584705,0.394315
130_bNAb_Combinations|1313842|sample|4|nan|2946,0.000064,0.844789,1,4,1,0.773368,0.773366,0.773851,0.773374,0.348656,0.351214
130_bNAb_Combinations|1313842|sample|4|nan|2946,0.00032,0.96429,2,4,1,0.773381,0.773337,0.773863,0.773385,0.935922,0.938839
130_bNAb_Combinations|1313842|sample|4|nan|2946,0.0016,0.942363,3,4,1,0.773394,0.773065,0.773868,0.773389,0.828122,0.830982
130_bNAb_Combinations|1313842|sample|4|nan|2946,0.008,0.926512,4,4,1,0.773406,0.771171,0.7738,0.77331,0.750617,0.753498
130_bNAb_Combinations|1313842|sample|4|nan|2946,0.04,0.878374,5,4,1,0.773406,0.758484,0.772906,0.772311,0.518994,0.522319
130_bNAb_Combinations|1313842|sample|4|nan|2946,0.2,0.73798,6,4,1,0.773393,0.678504,0.763036,0.761529,-0.124874,-0.117594
130_bNAb_Combinations|1313842|sample|4|nan|2946,1,0.443512,7,4,1,0.773372,0.321754,0.661714,0.653797,-1.25183,-1.22082
130_bNAb_Combinations|1313842|sample|4|nan|2946,5,0.140934,8,4,1,0.771762,0.0054244,0.138013,0.12668,0.0765559,0.404924
130_bNAb_Combinations|1313842|sample|5|nan|2946,0.0006144,0.829983,1,5,1,0.773368,0.773266,0.773851,0.773374,0.275888,0.278401
130_bNAb_Combinations|1313842|sample|5|nan|2946,0.003072,0.89357,2,5,1,0.773381,0.772664,0.773863,0.773386,0.588341,0.591046
130_bNAb_Combinations|1313842|sample|5|nan|2946,0.01536,0.91946,3,5,1,0.773394,0.768559,0.773876,0.773399,0.71551,0.718293
130_bNAb_Combinations|1313842|sample|5|nan|2946,0.0768,0.844513,4,5,1,0.773406,0.741469,0.773889,0.773411,0.347098,0.349657
130_bNAb_Combinations|1313842|sample|5|nan|2946,0.384,0.634686,5,5,1,0.773406,0.58268,0.773888,0.773411,-0.684138,-0.682207
130_bNAb_Combinations|1313842|sample|5|nan|2946,1.92,0.273162,6,5,1,0.773319,0.117401,0.773819,0.77332,-2.46079,-2.45991
130_bNAb_Combinations|1313842|sample|5|nan|2946,9.6,0.101927,7,5,1,0.760467,0.00333758,0.763041,0.760074,-3.29484,-3.29271
130_bNAb_Combinations|1313842|sample|5|nan|2946,48,0.049482,8,5,1,0.043957,0.00333522,0.0553737,0.0424003,-0.35356,0.532809
130_bNAb_Combinations|1313842|sample|6|nan|2946,0.0006144,0.807137,1,6,1,0.773368,0.773266,0.773851,0.773374,0.163602,0.166047
130_bNAb_Combinations|1313842|sample|6|nan|2946,0.003072,0.913073,2,6,1,0.773381,0.772664,0.773863,0.773386,0.684197,0.68696
130_bNAb_Combinations|1313842|sample|6|nan|2946,0.01536,0.905757,3,6,1,0.773394,0.768559,0.773876,0.773399,0.648164,0.650906
130_bNAb_Combinations|1313842|sample|6|nan|2946,0.0768,0.884312,4,6,1,0.773406,0.741469,0.773889,0.773411,0.542698,0.545377
130_bNAb_Combinations|1313842|sample|6|nan|2946,0.384,0.63016,5,6,1,0.773406,0.58268,0.773888,0.773411,-0.706379,-0.704462
130_bNAb_Combinations|1313842|sample|6|nan|2946,1.92,0.318692,6,6,1,0.773319,0.117401,0.773814,0.773306,-2.23699,-2.23595
130_bNAb_Combinations|1313842|sample|6|nan|2946,9.6,0.14291,7,6,1,0.760467,0.00333758,0.762489,0.758522,-3.09005,-3.08614
130_bNAb_Combinations|1313842|sample|6|nan|2946,48,0.0423376,8,6,1,0.043957,0.00333522,0.0518833,0.036177,-0.605817,0.527764
130_bNAb_Combinations|1313842|sample|7|nan|2946,0.0000768,0.796949,1,7,1,0.773368,0.773365,0.773843,0.773371,0.113568,0.115954
130_bNAb_Combinations|1313842|sample|7|nan|2946,0.000384,1,2,7,1,0.773381,0.773324,0.77381,0.773369,1.11177,1.11456
130_bNAb_Combinations|1313842|sample|7|nan|2946,0.00192,0.911982,3,7,1,0.773394,0.772984,0.77351,0.773263,0.680878,0.682309
130_bNAb_Combinations|1313842|sample|7|nan|2946,0.0096,0.8727,4,7,1,0.773406,0.770628,0.771389,0.772347,0.499509,0.494175
130_bNAb_Combinations|1313842|sample|7|nan|2946,0.048,0.846259,5,7,1,0.773406,0.754904,0.756955,0.765127,0.448608,0.403254
130_bNAb_Combinations|1313842|sample|7|nan|2946,0.24,0.530266,6,7,1,0.773393,0.657293,0.665267,0.710926,-0.770418,-0.965571
130_bNAb_Combinations|1313842|sample|7|nan|2946,1.2,0.187832,7,7,1,0.773364,0.260362,0.276193,0.400724,-1.19286,-1.99989
130_bNAb_Combinations|1313842|sample|7|nan|2946,6,0.0118536,8,7,1,0.770489,0.00383708,0.00402937,0.00777257,2.36024,0.951688
130_bNAb_Combinations|1313842|sample|8|nan|2946,0.0000768,0.807666,1,8,1,0.773368,0.773365,0.773847,0.773372,0.166218,0.168654
130_bNAb_Combinations|1313842|sample|8|nan|2946,0.000384,0.9013,2,8,1,0.773381,0.773324,0.773836,0.773374,0.62649,0.629131
130_bNAb_Combinations|1313842|sample|8|nan|2946,0.00192,0.96043,3,8,1,0.773394,0.772984,0.773673,0.773299,0.918108,0.920385
130_bNAb_Combinations|1313842|sample|8|nan|2946,0.0096,0.907296,4,8,1,0.773406,0.770628,0.772385,0.772599,0.664322,0.663085
130_bNAb_Combinations|1313842|sample|8|nan|2946,0.048,0.786233,5,8,1,0.773406,0.754904,0.762815,0.766807,0.116744,0.0963453
130_bNAb_Combinations|1313842|sample|8|nan|2946,0.24,0.560359,6,8,1,0.773393,0.657293,0.6955,0.721109,-0.738106,-0.847168
130_bNAb_Combinations|1313842|sample|8|nan|2946,1.2,0.163389,7,8,1,0.773364,0.260362,0.351466,0.437143,-2.00839,-2.36156
130_bNAb_Combinations|1313842|sample|8|nan|2946,6,0.0142427,8,8,1,0.770489,0.00383708,0.00555811,0.0105547,2.3393,0.735894
130_bNAb_Combinations|1313842|sample|9|nan|2946,0.0003648,0.848418,1,9,1,0.773368,0.773316,0.773765,0.773173,0.366955,0.370147
130_bNAb_Combinations|1313842|sample|9|nan|2946,0.001824,0.929671,2,9,1,0.773381,0.772996,0.773315,0.772223,0.769002,0.775456
130_bNAb_Combinations|1313842|sample|9|nan|2946,0.00912,0.902196,3,9,1,0.773394,0.770779,0.770365,0.766686,0.65084,0.672175
130_bNAb_Combinations|1313842|sample|9|nan|2946,0.0456,0.850118,4,9,1,0.773406,0.755982,0.751626,0.735332,0.498233,0.593375
130_bNAb_Combinations|1313842|sample|9|nan|2946,0.228,0.545806,5,9,1,0.773406,0.663629,0.641713,0.577419,-0.567133,-0.207445
130_bNAb_Combinations|1313842|sample|9|nan|2946,1.14,0.154396,6,9,1,0.773379,0.277514,0.233803,0.144086,-1.25934,0.259506
130_bNAb_Combinations|1313842|sample|9|nan|2946,5.7,0.0108658,7,9,1,0.770937,0.00410658,0.00371697,0.0033788,2.21066,2.37994
130_bNAb_Combinations|1313842|sample|9|nan|2946,28.5,0.000413498,8,9,1,0.445849,0.00333522,0.00337099,0.00333522,-0.940722,-0.932101
130_bNAb_Combinations|1313842|vc|1|2|nan|2946,0,0.842836,1,2,1,0.773368,0.773374,0.773851,0.773374,0.339059,0.341611
130_bNAb_Combinations|1313842|vc|2|2|nan|2946,0,0.947647,2,2,1,0.773381,0.773386,0.773863,0.773386,0.854118,0.856985
130_bNAb_Combinations|1313842|vc|3|2|nan|2946,0,0.949806,3,2,1,0.773381,0.773386,0.773863,0.773386,0.864731,0.867604
130_bNAb_Combinations|1313842|vc|4|2|nan|2946,0,0.93376,4,2,1,0.773381,0.773386,0.773863,0.773386,0.785867,0.788692
130_bNAb_Combinations|1313842|vc|5|2|nan|2946,0,0.949576,5,2,1,0.773381,0.773386,0.773863,0.773386,0.863602,0.866475
130_bNAb_Combinations|1313842|vc|6|2|nan|2946,0,0.978843,6,2,1,0.773381,0.773386,0.773863,0.773386,1.00744,1.0104
130_bNAb_Combinations|1313842|vc|7|2|nan|2946,0,0.900864,7,2,1,0.773381,0.773386,0.773863,0.773386,0.624188,0.626915
130_bNAb_Combinations|1313842|vc|8|2|nan|2946,0,0.690864,8,2,1,0.773368,0.773374,0.773851,0.773374,-0.407873,-0.405776
130_bNAb_Combinations|1313860|cc|1|1|PVO.4|5024,0,0.000722109,1,1,0,0,0,0,0,0.31847,0.31847
130_bNAb_Combinations|1313860|cc|2|1|PVO.4|5024,0,0.000902636,2,1,0,0,0,0,0,0.398088,0.398088
130_bNAb_Combinations|1313860|cc|3|1|PVO.4|5024,0,0.0011634,3,1,0,0,0,0,0,0.513091,0.513091
130_bNAb_Combinations|1313860|cc|4|1|PVO.4|5024,0,0.00162474,4,1,0,0,0,0,0,0.716558,0.716558
130_bNAb_Combinations|1313860|cc|5|1|PVO.4|5024,0,0.00138404,5,1,0,0,0,0,0,0.610401,0.610401
130_bNAb_Combinations|1313860|cc|6|1|PVO.4|5024,0,0.0016448,6,1,0,0,0,0,0,0.725404,0.725404
130_bNAb_Combinations|1313860|cc|7|1|PVO.4|5024,0,0.00178521,7,1,0,0,0,0,0,0.787329,0.787329
130_bNAb_Combinations|1313860|cc|8|1|PVO.4|5024,0,0.00148433,8,1,0,0,0,0,0,0.654633,0.654633
130_bNAb_Combinations|1313860|sample|10|PVO.4|5024,0.0003648,0.940566,1,10,1,0.773368,0.773312,0.772897,0.772312,0.82509,0.828586
130_bNAb_Combinations|1313860|sample|10|PVO.4|5024,0.001824,0.927278,2,10,1,0.773381,0.772992,0.769297,0.768371,0.781006,0.786521
130_bNAb_Combinations|1313860|sample|10|PVO.4|5024,0.00912,0.889708,3,10,1,0.773394,0.770775,0.752165,0.749885,0.695279,0.708932
130_bNAb_Combinations|1313860|sample|10|PVO.4|5024,0.0456,0.686274,4,10,1,0.773394,0.755957,0.674895,0.66797,0.0640241,0.104039
130_bNAb_Combinations|1313860|sample|10|PVO.4|5024,0.228,0.317477,5,10,1,0.773393,0.663558,0.401094,0.386172,-0.784779,-0.669094
130_bNAb_Combinations|1313860|sample|10|PVO.4|5024,1.14,0.0365267,6,10,1,0.773379,0.277354,0.035559,0.0314046,0.0840573,0.490975
130_bNAb_Combinations|1313860|sample|10|PVO.4|5024,5.7,0.000641874,7,10,1,0.770937,0.00410359,0.00337124,0.0033354,-0.86814,-0.859286
130_bNAb_Combinations|1313860|sample|10|PVO.4|5024,28.5,0.000441289,8,10,1,0.445849,0.00333521,0.00337098,0.00333521,-0.931879,-0.923232
130_bNAb_Combinations|1313860|sample|11|PVO.4|5024,0.0003712,0.89049,1,11,1,0.773368,0.773311,0.772254,0.771446,0.582309,0.586897
130_bNAb_Combinations|1313860|sample|11|PVO.4|5024,0.001856,0.925934,2,11,1,0.773381,0.772984,0.766667,0.764896,0.790038,0.800648
130_bNAb_Combinations|1313860|sample|11|PVO.4|5024,0.00928,0.859359,3,11,1,0.773381,0.770709,0.741796,0.736501,0.602496,0.634104
130_bNAb_Combinations|1313860|sample|11|PVO.4|5024,0.0464,0.674941,4,11,1,0.773381,0.755592,0.638875,0.622953,0.214209,0.316558
130_bNAb_Combinations|1313860|sample|11|PVO.4|5024,0.2319999999999999,0.244805,5,11,1,0.773381,0.661471,0.325399,0.29757,-0.927778,-0.6626
130_bNAb_Combinations|1313860|sample|11|PVO.4|5024,1.16,0.0178521,6,11,1,0.773366,0.271618,0.0182996,0.0143211,-0.0636983,0.589415
130_bNAb_Combinations|1313860|sample|11|PVO.4|5024,5.8,0.00070205,7,11,1,0.770798,0.00400276,0.00337105,0.00333527,-0.848953,-0.840058
130_bNAb_Combinations|1313860|sample|11|PVO.4|5024,29,0.000160469,8,11,1,0.432017,0.00333521,0.00337098,0.00333521,-1.0212,-1.01282
130_bNAb_Combinations|1313860|sample|12|PVO.4|5024,0.0003712,0.939283,1,12,1,0.773368,0.773311,0.771146,0.77033,0.829247,0.834144
130_bNAb_Combinations|1313860|sample|12|PVO.4|5024,0.001856,0.916777,2,12,1,0.773368,0.772972,0.762422,0.760703,0.769889,0.780201
130_bNAb_Combinations|1313860|sample|12|PVO.4|5024,0.00928,0.891313,3,12,1,0.773368,0.770696,0.726408,0.721641,0.862797,0.893536
130_bNAb_Combinations|1313860|sample|12|PVO.4|5024,0.0464,0.651633,4,12,1,0.773368,0.75558,0.591382,0.57866,0.386168,0.47784
130_bNAb_Combinations|1313860|sample|12|PVO.4|5024,0.2319999999999999,0.224295,5,12,1,0.773368,0.66146,0.247629,0.230394,-0.350104,-0.0981131
130_bNAb_Combinations|1313860|sample|12|PVO.4|5024,1.16,0.00968829,6,12,1,0.773354,0.271614,0.00927195,0.00801052,0.0889982,0.385687
130_bNAb_Combinations|1313860|sample|12|PVO.4|5024,5.8,0.000661933,7,12,1,0.770785,0.0040027,0.00337098,0.00333521,-0.861696,-0.852841
130_bNAb_Combinations|1313860|sample|12|PVO.4|5024,29,0,8,12,1,0.432017,0.00333521,0.00337098,0.00333521,-1.07224,-1.06401
130_bNAb_Combinations|1313860|sample|3|PVO.4|5024,0.000064,0.942953,1,3,1,0.773368,0.773363,0.773847,0.77337,0.831149,0.834001
130_bNAb_Combinations|1313860|sample|3|PVO.4|5024,0.00032,0.869078,2,3,1,0.773381,0.773333,0.773859,0.773381,0.46799,0.470624
130_bNAb_Combinations|1313860|sample|3|PVO.4|5024,0.0016,0.85281,3,3,1,0.773394,0.773061,0.773859,0.773378,0.388033,0.390639
130_bNAb_Combinations|1313860|sample|3|PVO.4|5024,0.008,0.886438,4,3,1,0.773394,0.771152,0.773737,0.773222,0.553999,0.5569
130_bNAb_Combinations|1313860|sample|3|PVO.4|5024,0.04,0.784701,5,3,1,0.773394,0.758447,0.772466,0.77166,0.0602443,0.0642776
130_bNAb_Combinations|1313860|sample|3|PVO.4|5024,0.2,0.757893,6,3,1,0.773393,0.678372,0.759368,0.756223,-0.00738783,0.00839629
130_bNAb_Combinations|1313860|sample|3|PVO.4|5024,1,0.495868,7,3,1,0.773372,0.321344,0.635725,0.617993,-0.834714,-0.749509
130_bNAb_Combinations|1313860|sample|3|PVO.4|5024,5,0.0938942,8,3,1,0.771762,0.00540655,0.10242,0.0845587,-0.295066,0.384935
130_bNAb_Combinations|1313860|sample|4|PVO.4|5024,0.000064,0.963754,1,4,1,0.773368,0.773363,0.773847,0.77337,0.933383,0.936298
130_bNAb_Combinations|1313860|sample|4|PVO.4|5024,0.00032,0.848879,2,4,1,0.773381,0.773333,0.773859,0.773381,0.368715,0.371287
130_bNAb_Combinations|1313860|sample|4|PVO.4|5024,0.0016,0.847455,3,4,1,0.773394,0.773061,0.773859,0.773379,0.361711,0.364295
130_bNAb_Combinations|1313860|sample|4|PVO.4|5024,0.008,0.867142,4,4,1,0.773406,0.771164,0.773749,0.773244,0.459081,0.461861
130_bNAb_Combinations|1313860|sample|4|PVO.4|5024,0.04,0.805653,5,4,1,0.773406,0.758459,0.772469,0.771755,0.16338,0.16705
130_bNAb_Combinations|1313860|sample|4|PVO.4|5024,0.2,0.707095,6,4,1,0.773393,0.678372,0.759295,0.756888,-0.261425,-0.250152
130_bNAb_Combinations|1313860|sample|4|PVO.4|5024,1,0.503972,7,4,1,0.773372,0.321344,0.635234,0.622226,-0.784017,-0.720885
130_bNAb_Combinations|1313860|sample|4|PVO.4|5024,5,0.0983672,8,4,1,0.771762,0.00540655,0.101857,0.0886157,-0.121382,0.385335
130_bNAb_Combinations|1313860|sample|5|PVO.4|5024,0.0006144,0.899286,1,5,1,0.773368,0.773263,0.773847,0.77337,0.616527,0.619248
130_bNAb_Combinations|1313860|sample|5|PVO.4|5024,0.003072,0.907339,2,5,1,0.773381,0.77266,0.773855,0.773378,0.656062,0.658811
130_bNAb_Combinations|1313860|sample|5|PVO.4|5024,0.01536,0.855779,3,5,1,0.773394,0.768548,0.773806,0.773324,0.402912,0.405532
130_bNAb_Combinations|1313860|sample|5|PVO.4|5024,0.0768,0.837576,4,5,1,0.773406,0.74142,0.772979,0.772444,0.31784,0.320693
130_bNAb_Combinations|1313860|sample|5|PVO.4|5024,0.384,0.66436,5,5,1,0.773406,0.582437,0.761565,0.76048,-0.485375,-0.480633
130_bNAb_Combinations|1313860|sample|5|PVO.4|5024,1.92,0.280479,6,5,1,0.773319,0.117084,0.621188,0.615858,-2.0804,-2.06533
130_bNAb_Combinations|1313860|sample|5|PVO.4|5024,9.6,0.0437879,7,5,1,0.760467,0.00333752,0.0409848,0.0384569,0.2169,0.434621
130_bNAb_Combinations|1313860|sample|5|PVO.4|5024,48,0.00302884,8,5,1,0.043957,0.00333521,0.00337098,0.00333521,-0.108826,-0.0977379
130_bNAb_Combinations|1313860|sample|6|PVO.4|5024,0.0006144,0.902947,1,6,1,0.773368,0.773263,0.773847,0.77337,0.63452,0.637253
130_bNAb_Combinations|1313860|sample|6|PVO.4|5024,0.003072,1,2,6,1,0.773381,0.77266,0.773852,0.773374,1.1115,1.11453
130_bNAb_Combinations|1313860|sample|6|PVO.4|5024,0.01536,0.888003,3,6,1,0.773394,0.768548,0.773772,0.773287,0.56149,0.564228
130_bNAb_Combinations|1313860|sample|6|PVO.4|5024,0.0768,0.842731,4,6,1,0.773406,0.74142,0.772606,0.77204,0.345206,0.348247
130_bNAb_Combinations|1313860|sample|6|PVO.4|5024,0.384,0.660529,5,6,1,0.773406,0.582437,0.75768,0.75633,-0.487565,-0.481637
130_bNAb_Combinations|1313860|sample|6|PVO.4|5024,1.92,0.278232,6,6,1,0.773319,0.117084,0.590423,0.583717,-2.00415,-1.9833
130_bNAb_Combinations|1313860|sample|6|PVO.4|5024,9.6,0.029446,7,6,1,0.760467,0.00333752,0.0273335,0.0253005,0.225357,0.468661
130_bNAb_Combinations|1313860|sample|6|PVO.4|5024,48,0.00204597,8,6,1,0.043957,0.00333521,0.00337098,0.00333521,-0.421459,-0.411298
130_bNAb_Combinations|1313860|sample|7|PVO.4|5024,0.0000768,0.964978,1,7,1,0.773368,0.773361,0.773664,0.773162,0.940518,0.943588
130_bNAb_Combinations|1313860|sample|7|PVO.4|5024,0.000384,0.899587,2,7,1,0.773381,0.773321,0.772966,0.772383,0.623035,0.626371
130_bNAb_Combinations|1313860|sample|7|PVO.4|5024,0.00192,0.93161,3,7,1,0.773394,0.77298,0.769524,0.768599,0.801071,0.806601
130_bNAb_Combinations|1313860|sample|7|PVO.4|5024,0.0096,0.845689,4,7,1,0.773406,0.770623,0.75291,0.75061,0.468544,0.481609
130_bNAb_Combinations|1313860|sample|7|PVO.4|5024,0.048,0.647902,5,7,1,0.773406,0.754891,0.676861,0.669777,-0.16247,-0.124008
130_bNAb_Combinations|1313860|sample|7|PVO.4|5024,0.24,0.298712,6,7,1,0.773393,0.65723,0.403185,0.3877,-0.975543,-0.863404
130_bNAb_Combinations|1313860|sample|7|PVO.4|5024,1.2,0.0363862,7,7,1,0.773364,0.260203,0.0350063,0.0307539,0.121382,0.548787
130_bNAb_Combinations|1313860|sample|7|PVO.4|5024,6,0.00108316,8,7,1,0.770489,0.00383502,0.00337113,0.00333531,-0.727751,-0.718484
130_bNAb_Combinations|1313860|sample|8|PVO.4|5024,0.0000768,0.950786,1,8,1,0.773368,0.773361,0.773673,0.773158,0.870697,0.873806
130_bNAb_Combinations|1313860|sample|8|PVO.4|5024,0.000384,0.92461,2,8,1,0.773381,0.773321,0.773005,0.772362,0.74593,0.749712
130_bNAb_Combinations|1313860|sample|8|PVO.4|5024,0.00192,0.843312,3,8,1,0.773394,0.77298,0.769692,0.768511,0.363771,0.37017
130_bNAb_Combinations|1313860|sample|8|PVO.4|5024,0.0096,0.847094,4,8,1,0.773406,0.770623,0.753605,0.750253,0.471694,0.490761
130_bNAb_Combinations|1313860|sample|8|PVO.4|5024,0.048,0.634433,5,8,1,0.773406,0.754891,0.679436,0.66849,-0.251537,-0.193434
130_bNAb_Combinations|1313860|sample|8|PVO.4|5024,0.24,0.29454,6,8,1,0.773393,0.65723,0.409286,0.384814,-1.05583,-0.882306
130_bNAb_Combinations|1313860|sample|8|PVO.4|5024,1.2,0.0356641,7,8,1,0.773364,0.260203,0.0368519,0.0300042,-0.100246,0.562162
130_bNAb_Combinations|1313860|sample|8|PVO.4|5024,6,0.00112328,8,8,1,0.770489,0.00383502,0.00337117,0.0033353,-0.714999,-0.705683
130_bNAb_Combinations|1313860|sample|9|PVO.4|5024,0.0003648,0.996159,1,9,1,0.773368,0.773312,0.772843,0.772266,1.099,1.10265
130_bNAb_Combinations|1313860|sample|9|PVO.4|5024,0.001824,0.900911,2,9,1,0.773381,0.772992,0.769071,0.76818,0.651963,0.657123
130_bNAb_Combinations|1313860|sample|9|PVO.4|5024,0.00912,0.872167,3,9,1,0.773394,0.770775,0.75125,0.749122,0.61197,0.624492
130_bNAb_Combinations|1313860|sample|9|PVO.4|5024,0.0456,0.672464,4,9,1,0.773406,0.755969,0.671596,0.665273,0.0049071,0.0410324
130_bNAb_Combinations|1313860|sample|9|PVO.4|5024,0.228,0.315531,5,9,1,0.773406,0.663569,0.393514,0.38021,-0.745694,-0.639628
130_bNAb_Combinations|1313860|sample|9|PVO.4|5024,1.14,0.0348417,6,9,1,0.773379,0.277354,0.0333565,0.0298462,0.135761,0.498201
130_bNAb_Combinations|1313860|sample|9|PVO.4|5024,5.7,0.0010631,7,9,1,0.770937,0.00410359,0.0033712,0.00333537,-0.734147,-0.7249
130_bNAb_Combinations|1313860|sample|9|PVO.4|5024,28.5,0.000762226,8,9,1,0.445849,0.00333521,0.00337098,0.00333521,-0.829795,-0.820845
130_bNAb_Combinations|1313860|vc|1|2|PVO.4|5024,0,0.954858,1,2,1,0.773368,0.77337,0.773847,0.77337,0.889659,0.892547
130_bNAb_Combinations|1313860|vc|2|2|PVO.4|5024,0,0.902094,2,2,1,0.773381,0.773383,0.77386,0.773383,0.630254,0.632985
130_bNAb_Combinations|1313860|vc|3|2|PVO.4|5024,0,0.86299,3,2,1,0.773381,0.773383,0.77386,0.773383,0.438063,0.440676
130_bNAb_Combinations|1313860|vc|4|2|PVO.4|5024,0,0.843613,4,2,1,0.773381,0.773383,0.77386,0.773383,0.342829,0.345384
130_bNAb_Combinations|1313860|vc|5|2|PVO.4|5024,0,0.869359,5,2,1,0.773381,0.773383,0.77386,0.773383,0.469363,0.471995
130_bNAb_Combinations|1313860|vc|6|2|PVO.4|5024,0,0.81162,6,2,1,0.773381,0.773383,0.77386,0.773383,0.185586,0.188045
130_bNAb_Combinations|1313860|vc|7|2|PVO.4|5024,0,0.761714,7,2,1,0.773381,0.773383,0.77386,0.773383,-0.0596943,-0.0573848
130_bNAb_Combinations|1313860|vc|8|2|PVO.4|5024,0,0.747362,8,2,1,0.773368,0.77337,0.773847,0.77337,-0.130172,-0.127906
130_bNAb_Combinations|1313884|cc|1|1|nan|4168,0,0.000363452,1,1,0,0,0,0,0,0.160293,0.160293
130_bNAb_Combinations|1313884|cc|2|1|nan|4168,0,0.000879936,2,1,0,0,0,0,0,0.388077,0.388077
130_bNAb_Combinations|1313884|cc|3|1|nan|4168,0,0.000248678,3,1,0,0,0,0,0,0.109674,0.109674
130_bNAb_Combinations|1313884|cc|4|1|nan|4168,0,5.73872e-05,4,1,0,0,0,0,0,0.0253094,0.0253094
130_bNAb_Combinations|1313884|cc|5|1|nan|4168,0,0,5,1,0,0,0,0,0,0,0
130_bNAb_Combinations|1313884|cc|6|1|nan|4168,0,0.000325194,6,1,0,0,0,0,0,0.14342,0.14342
130_bNAb_Combinations|1313884|cc|7|1|nan|4168,0,0.000554743,7,1,0,0,0,0,0,0.244657,0.244657
130_bNAb_Combinations|1313884|cc|8|1|nan|4168,0,0.000248678,8,1,0,0,0,0,0,0.109674,0.109674
130_bNAb_Combinations|1313884|sample|10|nan|4168,0.0003648,0.774009,1,10,1,0.773368,0.773364,0.773898,0.773422,0.000548386,0.00288971
130_bNAb_Combinations|1313884|sample|10|nan|4168,0.001824,0.732346,2,10,1,0.773381,0.773044,0.77391,0.773434,-0.204269,-0.202052
130_bNAb_Combinations|1313884|sample|10|nan|4168,0.00912,0.69975,3,10,1,0.773394,0.770827,0.773923,0.773447,-0.36452,-0.362399
130_bNAb_Combinations|1313884|sample|10|nan|4168,0.0456,0.452067,4,10,1,0.773394,0.756016,0.773923,0.773446,-1.58175,-1.58037
130_bNAb_Combinations|1313884|sample|10|nan|4168,0.228,0.221036,5,10,1,0.773393,0.663658,0.773908,0.773428,-2.71712,-2.71643
130_bNAb_Combinations|1313884|sample|10|nan|4168,1.14,0.135271,6,10,1,0.773379,0.277526,0.773125,0.772504,-3.13791,-3.13735
130_bNAb_Combinations|1313884|sample|10|nan|4168,5.7,0.0867311,7,10,1,0.770937,0.00410674,0.73308,0.727803,-3.35136,-3.34781
130_bNAb_Combinations|1313884|sample|10|nan|4168,28.5,0.0454124,8,10,1,0.445849,0.00333543,0.047738,0.0402297,-0.158437,0.407228
130_bNAb_Combinations|1313884|sample|11|nan|4168,0.0003712,0.771905,1,11,1,0.773368,0.773362,0.773344,0.772843,-0.00707796,-0.00461542
130_bNAb_Combinations|1313884|sample|11|nan|4168,0.001856,0.762522,2,11,1,0.773381,0.773036,0.771068,0.770479,-0.0421495,-0.0392742
130_bNAb_Combinations|1313884|sample|11|nan|4168,0.00928,0.738841,3,11,1,0.773381,0.77076,0.759399,0.758436,-0.102943,-0.0982463
130_bNAb_Combinations|1313884|sample|11|nan|4168,0.0464,0.560166,4,11,1,0.773381,0.755646,0.702122,0.699738,-0.76811,-0.757751
130_bNAb_Combinations|1313884|sample|11|nan|4168,0.2319999999999999,0.294645,5,11,1,0.773381,0.661541,0.469374,0.463776,-1.4057,-1.37678
130_bNAb_Combinations|1313884|sample|11|nan|4168,1.16,0.069228,6,11,1,0.773366,0.271707,0.061606,0.0590488,0.416859,0.577724
130_bNAb_Combinations|1313884|sample|11|nan|4168,5.8,0.0138494,7,11,1,0.770798,0.00400419,0.00337272,0.00333675,3.33196,3.35338
130_bNAb_Combinations|1313884|sample|11|nan|4168,29,0.00181726,8,11,1,0.432017,0.00333543,0.0033712,0.00333543,-0.494269,-0.484325
130_bNAb_Combinations|1313884|sample|12|nan|4168,0.0003712,0.813233,1,12,1,0.773368,0.773362,0.77333,0.772689,0.196255,0.199572
130_bNAb_Combinations|1313884|sample|12|nan|4168,0.001856,0.742858,2,12,1,0.773368,0.773023,0.770989,0.769783,-0.13877,-0.133029
130_bNAb_Combinations|1313884|sample|12|nan|4168,0.00928,0.718258,3,12,1,0.773368,0.770748,0.759097,0.755501,-0.204581,-0.187445
130_bNAb_Combinations|1313884|sample|12|nan|4168,0.0464,0.538636,4,12,1,0.773368,0.755634,0.700957,0.688352,-0.879739,-0.826099
130_bNAb_Combinations|1313884|sample|12|nan|4168,0.2319999999999999,0.244077,5,12,1,0.773368,0.66153,0.466162,0.433733,-1.79876,-1.64869
130_bNAb_Combinations|1313884|sample|12|nan|4168,1.16,0.0551873,6,12,1,0.773354,0.271702,0.0600428,0.0462494,-0.271587,0.625386
130_bNAb_Combinations|1313884|sample|12|nan|4168,5.8,0.00767075,7,12,1,0.770785,0.00400413,0.00337253,0.00333594,1.36701,1.38283
130_bNAb_Combinations|1313884|sample|12|nan|4168,29,0.00585349,8,12,1,0.432017,0.00333543,0.0033712,0.00333543,0.789555,0.803308
130_bNAb_Combinations|1313884|sample|3|nan|4168,0.000064,0.896254,1,3,1,0.773368,0.773415,0.773898,0.773422,0.601333,0.60404
130_bNAb_Combinations|1313884|sample|3|nan|4168,0.00032,0.883198,2,3,1,0.773381,0.773387,0.77391,0.773434,0.537099,0.539768
130_bNAb_Combinations|1313884|sample|3|nan|4168,0.0016,0.945425,3,3,1,0.773394,0.773132,0.773923,0.773445,0.842843,0.845706
130_bNAb_Combinations|1313884|sample|3|nan|4168,0.008,0.973478,4,3,1,0.773394,0.771334,0.773915,0.773424,0.980752,0.983784
130_bNAb_Combinations|1313884|sample|3|nan|4168,0.04,0.977246,5,3,1,0.773394,0.759359,0.773799,0.773139,0.999991,1.00408
130_bNAb_Combinations|1313884|sample|3|nan|4168,0.2,0.815472,6,3,1,0.773393,0.68361,0.771947,0.76929,0.214444,0.22831
130_bNAb_Combinations|1313884|sample|3|nan|4168,1,0.719559,7,3,1,0.773372,0.338148,0.742921,0.719059,-0.119548,0.00263971
130_bNAb_Combinations|1313884|sample|3|nan|4168,5,0.315142,8,3,1,0.771762,0.00625406,0.403306,0.289481,-0.823013,0.330977
130_bNAb_Combinations|1313884|sample|4|nan|4168,0.000064,0.855298,1,4,1,0.773368,0.773415,0.773898,0.773422,0.400053,0.402638
130_bNAb_Combinations|1313884|sample|4|nan|4168,0.00032,0.910725,2,4,1,0.773381,0.773387,0.77391,0.773434,0.672381,0.675132
130_bNAb_Combinations|1313884|sample|4|nan|4168,0.0016,0.951039,3,4,1,0.773394,0.773132,0.773923,0.773446,0.870435,0.873312
130_bNAb_Combinations|1313884|sample|4|nan|4168,0.008,1,4,4,1,0.773406,0.771346,0.773927,0.773441,1.11102,1.1141
130_bNAb_Combinations|1313884|sample|4|nan|4168,0.04,0.93895,5,4,1,0.773406,0.759372,0.773802,0.773204,0.811741,0.8153
130_bNAb_Combinations|1313884|sample|4|nan|4168,0.2,0.839584,6,4,1,0.773393,0.68361,0.771814,0.769881,0.333955,0.344328
130_bNAb_Combinations|1313884|sample|4|nan|4168,1,0.743183,7,4,1,0.773372,0.338148,0.741345,0.724986,0.00942402,0.0953931
130_bNAb_Combinations|1313884|sample|4|nan|4168,5,0.341148,8,4,1,0.771762,0.00625406,0.393794,0.313533,-0.50307,0.3296
130_bNAb_Combinations|1313884|sample|5|nan|4168,0.0006144,0.922661,1,5,1,0.773368,0.77332,0.773898,0.773422,0.731117,0.733903
130_bNAb_Combinations|1313884|sample|5|nan|4168,0.003072,0.913852,2,5,1,0.773381,0.772753,0.77391,0.773434,0.687751,0.690512
130_bNAb_Combinations|1313884|sample|5|nan|4168,0.01536,0.961512,3,5,1,0.773394,0.768881,0.773923,0.773447,0.921902,0.924805
130_bNAb_Combinations|1313884|sample|5|nan|4168,0.0768,0.95651,4,5,1,0.773406,0.743294,0.773936,0.773459,0.897242,0.900131
130_bNAb_Combinations|1313884|sample|5|nan|4168,0.384,0.877392,5,5,1,0.773406,0.592159,0.773935,0.773458,0.50843,0.511084
130_bNAb_Combinations|1313884|sample|5|nan|4168,1.92,0.606372,6,5,1,0.773319,0.130462,0.773817,0.773314,-0.823015,-0.821073
130_bNAb_Combinations|1313884|sample|5|nan|4168,9.6,0.20403,7,5,1,0.760467,0.00334019,0.758385,0.755483,-2.77954,-2.77549
130_bNAb_Combinations|1313884|sample|5|nan|4168,48,0.0395206,8,5,1,0.043957,0.00333543,0.041922,0.0338605,-0.182379,0.511265
130_bNAb_Combinations|1313884|sample|6|nan|4168,0.0006144,0.914177,1,6,1,0.773368,0.77332,0.773898,0.773422,0.689423,0.692183
130_bNAb_Combinations|1313884|sample|6|nan|4168,0.003072,0.90533,2,6,1,0.773381,0.772753,0.77391,0.773434,0.64587,0.648604
130_bNAb_Combinations|1313884|sample|6|nan|4168,0.01536,0.984926,3,6,1,0.773394,0.768881,0.773923,0.773447,1.03697,1.03994
130_bNAb_Combinations|1313884|sample|6|nan|4168,0.0768,0.925091,4,6,1,0.773406,0.743294,0.773936,0.773459,0.742834,0.745629
130_bNAb_Combinations|1313884|sample|6|nan|4168,0.384,0.830947,5,6,1,0.773406,0.592159,0.773935,0.773458,0.280179,0.282694
130_bNAb_Combinations|1313884|sample|6|nan|4168,1.92,0.605607,6,6,1,0.773319,0.130462,0.773816,0.773322,-0.826772,-0.824864
130_bNAb_Combinations|1313884|sample|6|nan|4168,9.6,0.219678,7,6,1,0.760467,0.00334019,0.758293,0.75614,-2.70095,-2.69772
130_bNAb_Combinations|1313884|sample|6|nan|4168,48,0.0417587,8,6,1,0.043957,0.00333543,0.0415682,0.0358168,0.0145725,0.513145
130_bNAb_Combinations|1313884|sample|7|nan|4168,0.0000768,0.836418,1,7,1,0.773368,0.773413,0.773898,0.773422,0.307264,0.309792
130_bNAb_Combinations|1313884|sample|7|nan|4168,0.000384,0.922776,2,7,1,0.773381,0.773373,0.77391,0.773433,0.731612,0.7344
130_bNAb_Combinations|1313884|sample|7|nan|4168,0.00192,0.897153,3,7,1,0.773394,0.773032,0.773914,0.773436,0.605657,0.608378
130_bNAb_Combinations|1313884|sample|7|nan|4168,0.0096,0.78389,4,7,1,0.773406,0.770676,0.773838,0.773343,0.0494053,0.051867
130_bNAb_Combinations|1313884|sample|7|nan|4168,0.048,0.503936,5,7,1,0.773406,0.754951,0.772816,0.772173,-1.32328,-1.3212
130_bNAb_Combinations|1313884|sample|7|nan|4168,0.24,0.280795,6,7,1,0.773393,0.657332,0.761248,0.759281,-2.40004,-2.39634
130_bNAb_Combinations|1313884|sample|7|nan|4168,1.2,0.161478,7,7,1,0.773364,0.260373,0.641079,0.629986,-2.83884,-2.82135
130_bNAb_Combinations|1313884|sample|7|nan|4168,6,0.0913986,8,7,1,0.770489,0.00383726,0.0926496,0.0817007,-0.0474668,0.412522
130_bNAb_Combinations|1313884|sample|8|nan|4168,0.0000768,0.913412,1,8,1,0.773368,0.773413,0.773898,0.773422,0.685663,0.688421
130_bNAb_Combinations|1313884|sample|8|nan|4168,0.000384,0.818351,2,8,1,0.773381,0.773373,0.77391,0.773433,0.218407,0.220882
130_bNAb_Combinations|1313884|sample|8|nan|4168,0.00192,0.894723,3,8,1,0.773394,0.773032,0.773915,0.773436,0.593714,0.596431
130_bNAb_Combinations|1313884|sample|8|nan|4168,0.0096,0.810594,4,8,1,0.773406,0.770676,0.773843,0.773344,0.180626,0.183199
130_bNAb_Combinations|1313884|sample|8|nan|4168,0.048,0.521984,5,8,1,0.773406,0.754951,0.772873,0.772177,-1.23464,-1.23232
130_bNAb_Combinations|1313884|sample|8|nan|4168,0.24,0.263512,6,8,1,0.773393,0.657332,0.761771,0.759318,-2.4873,-2.48296
130_bNAb_Combinations|1313884|sample|8|nan|4168,1.2,0.145199,7,8,1,0.773364,0.260373,0.644968,0.63025,-2.94062,-2.91976
130_bNAb_Combinations|1313884|sample|8|nan|4168,6,0.0915325,8,8,1,0.770489,0.00383726,0.0970952,0.0819571,-0.202196,0.40616
130_bNAb_Combinations|1313884|sample|9|nan|4168,0.0003648,0.835442,1,9,1,0.773368,0.773364,0.773898,0.773422,0.302469,0.304994
130_bNAb_Combinations|1313884|sample|9|nan|4168,0.001824,0.770136,2,9,1,0.773381,0.773044,0.77391,0.773434,-0.018551,-0.0162207
130_bNAb_Combinations|1313884|sample|9|nan|4168,0.00912,0.72326,3,9,1,0.773394,0.770827,0.773923,0.773447,-0.248982,-0.246792
130_bNAb_Combinations|1313884|sample|9|nan|4168,0.0456,0.460312,4,9,1,0.773406,0.756029,0.773935,0.773459,-1.54127,-1.53986
130_bNAb_Combinations|1313884|sample|9|nan|4168,0.228,0.270179,5,9,1,0.773406,0.663668,0.773915,0.773442,-2.47562,-2.47479
130_bNAb_Combinations|1313884|sample|9|nan|4168,1.14,0.154668,6,9,1,0.773379,0.277526,0.772917,0.772552,-3.04228,-3.0419
130_bNAb_Combinations|1313884|sample|9|nan|4168,5.7,0.0824654,7,9,1,0.770937,0.00410674,0.726089,0.729388,-3.36898,-3.37111
130_bNAb_Combinations|1313884|sample|9|nan|4168,28.5,0.0480713,8,9,1,0.445849,0.00333543,0.0369039,0.0426296,0.941436,0.407596
130_bNAb_Combinations|1313884|vc|1|2|nan|4168,0,0.9016,1,2,1,0.773368,0.773422,0.773898,0.773422,0.62761,0.630333
130_bNAb_Combinations|1313884|vc|2|2|nan|4168,0,0.943493,2,2,1,0.773381,0.773434,0.77391,0.773434,0.833421,0.83627
130_bNAb_Combinations|1313884|vc|3|2|nan|4168,0,0.895508,3,2,1,0.773381,0.773434,0.77391,0.773434,0.597595,0.6003
130_bNAb_Combinations|1313884|vc|4|2|nan|4168,0,0.872534,4,2,1,0.773381,0.773434,0.77391,0.773434,0.484688,0.487325
130_bNAb_Combinations|1313884|vc|5|2|nan|4168,0,0.872572,5,2,1,0.773381,0.773434,0.77391,0.773434,0.484876,0.487513
130_bNAb_Combinations|1313884|vc|6|2|nan|4168,0,0.86009,6,2,1,0.773381,0.773434,0.77391,0.773434,0.423534,0.426134
130_bNAb_Combinations|1313884|vc|7|2|nan|4168,0,0.851932,7,2,1,0.773381,0.773434,0.77391,0.773434,0.383439,0.386014
130_bNAb_Combinations|1313884|vc|8|2|nan|4168,0,0.811301,8,2,1,0.773368,0.773422,0.773898,0.773422,0.183825,0.186278
130_bNAb_Combinations|1313920|cc|1|1|nan|1798,0,0.00106207,1,1,0,0,0,0,0,0.468401,0.468401
130_bNAb_Combinations|1313920|cc|2|1|nan|1798,0,0.00146853,2,1,0,0,0,0,0,0.647665,0.647665
130_bNAb_Combinations|1313920|cc|3|1|nan|1798,0,0.00173077,3,1,0,0,0,0,0,0.76332,0.76332
130_bNAb_Combinations|1313920|cc|4|1|nan|1798,0,0.00124563,4,1,0,0,0,0,0,0.549359,0.549359
130_bNAb_Combinations|1313920|cc|5|1|nan|1798,0,0.0014292,5,1,0,0,0,0,0,0.630317,0.630317
130_bNAb_Combinations|1313920|cc|6|1|nan|1798,0,0.0014292,6,1,0,0,0,0,0,0.630317,0.630317
130_bNAb_Combinations|1313920|cc|7|1|nan|1798,0,0.0012063,7,1,0,0,0,0,0,0.532011,0.532011
130_bNAb_Combinations|1313920|cc|8|1|nan|1798,0,0.00215035,8,1,0,0,0,0,0,0.948367,0.948367
130_bNAb_Combinations|1313920|sample|10|nan|1798,0.0003648,0.782696,1,10,1,0.773368,0.773378,0.766161,0.763055,0.0820744,0.0978837
130_bNAb_Combinations|1313920|sample|10|nan|1798,0.001824,0.776855,2,10,1,0.773381,0.773058,0.745324,0.736619,0.160834,0.207637
130_bNAb_Combinations|1313920|sample|10|nan|1798,0.00912,0.694879,3,10,1,0.773394,0.770841,0.67227,0.648566,0.127695,0.271014
130_bNAb_Combinations|1313920|sample|10|nan|1798,0.0456,0.420198,4,10,1,0.773394,0.756031,0.457304,0.409929,-0.306254,0.0943391
130_bNAb_Combinations|1313920|sample|10|nan|1798,0.228,0.0873778,5,10,1,0.773393,0.663675,0.110038,0.0802778,-0.733913,0.306844
130_bNAb_Combinations|1313920|sample|10|nan|1798,1.14,0.00264861,6,10,1,0.773379,0.277545,0.00385879,0.00353115,-0.370009,-0.27705
130_bNAb_Combinations|1313920|sample|10|nan|1798,5.7,0.000629372,7,10,1,0.770937,0.00410708,0.00337132,0.00333554,-0.872137,-0.863312
130_bNAb_Combinations|1313920|sample|10|nan|1798,28.5,7.86715e-05,8,10,1,0.445849,0.00333549,0.00337126,0.00333549,-1.04729,-1.03898
130_bNAb_Combinations|1313920|sample|11|nan|1798,0.0003712,0.869963,1,11,1,0.773368,0.773376,0.773613,0.773123,0.473695,0.476405
130_bNAb_Combinations|1313920|sample|11|nan|1798,0.001856,0.691286,2,11,1,0.773381,0.77305,0.772267,0.771726,-0.398821,-0.396429
130_bNAb_Combinations|1313920|sample|11|nan|1798,0.00928,0.783024,3,11,1,0.773381,0.770774,0.76479,0.764013,0.0906661,0.0946263
130_bNAb_Combinations|1313920|sample|11|nan|1798,0.0464,0.669481,4,11,1,0.773381,0.755658,0.724695,0.72292,-0.289561,-0.280932
130_bNAb_Combinations|1313920|sample|11|nan|1798,0.2319999999999999,0.434162,5,11,1,0.773381,0.661544,0.538061,0.533412,-0.730867,-0.704151
130_bNAb_Combinations|1313920|sample|11|nan|1798,1.16,0.115116,6,11,1,0.773366,0.271688,0.105549,0.102122,0.32203,0.450887
130_bNAb_Combinations|1313920|sample|11|nan|1798,5.8,0.00319931,7,11,1,0.770798,0.00400387,0.00338292,0.00334584,-0.0583448,-0.0467056
130_bNAb_Combinations|1313920|sample|11|nan|1798,29,0.000760491,8,11,1,0.432017,0.00333549,0.00337126,0.00333549,-0.830417,-0.821469
130_bNAb_Combinations|1313920|sample|12|nan|1798,0.0003712,0.815542,1,12,1,0.773368,0.773376,0.773717,0.773116,0.205602,0.208714
130_bNAb_Combinations|1313920|sample|12|nan|1798,0.001856,0.74085,2,12,1,0.773368,0.773037,0.772771,0.771682,-0.157109,-0.151959
130_bNAb_Combinations|1313920|sample|12|nan|1798,0.00928,0.723103,3,12,1,0.773368,0.770762,0.767287,0.763853,-0.218998,-0.202877
130_bNAb_Combinations|1313920|sample|12|nan|1798,0.0464,0.623072,4,12,1,0.773368,0.755646,0.736109,0.722261,-0.583721,-0.521912
130_bNAb_Combinations|1313920|sample|12|nan|1798,0.2319999999999999,0.462477,5,12,1,0.773368,0.661533,0.578228,0.531273,-0.758515,-0.490022
130_bNAb_Combinations|1313920|sample|12|nan|1798,1.16,0.11273,6,12,1,0.773354,0.271683,0.143486,0.100455,-0.777207,0.43244
130_bNAb_Combinations|1313920|sample|12|nan|1798,5.8,0.00295018,7,12,1,0.770785,0.0040038,0.00341132,0.00334514,-0.146192,-0.125898
130_bNAb_Combinations|1313920|sample|12|nan|1798,29,0,8,12,1,0.432017,0.00333549,0.00337126,0.00333549,-1.07231,-1.06408
130_bNAb_Combinations|1313920|sample|3|nan|1798,0.000064,0.927104,1,3,1,0.773368,0.773428,0.773913,0.773436,0.752866,0.755671
130_bNAb_Combinations|1313920|sample|3|nan|1798,0.00032,0.90564,2,3,1,0.773381,0.773398,0.773924,0.773447,0.647311,0.650054
130_bNAb_Combinations|1313920|sample|3|nan|1798,0.0016,0.884681,3,3,1,0.773394,0.773126,0.773929,0.773449,0.544282,0.546977
130_bNAb_Combinations|1313920|sample|3|nan|1798,0.008,0.948877,4,3,1,0.773394,0.771212,0.773839,0.773336,0.86031,0.863334
130_bNAb_Combinations|1313920|sample|3|nan|1798,0.04,0.855769,5,3,1,0.773394,0.758476,0.772858,0.772152,0.408021,0.411865
130_bNAb_Combinations|1313920|sample|3|nan|1798,0.2,0.458209,6,3,1,0.773393,0.678217,0.76222,0.759786,-1.51673,-1.50936
130_bNAb_Combinations|1313920|sample|3|nan|1798,1,0.22622,7,3,1,0.773372,0.320698,0.655186,0.641015,-2.48517,-2.45549
130_bNAb_Combinations|1313920|sample|3|nan|1798,5,0.122223,8,3,1,0.771762,0.00537799,0.127545,0.10914,-0.150239,0.426939
130_bNAb_Combinations|1313920|sample|4|nan|1798,0.000064,0.895872,1,4,1,0.773368,0.773428,0.773913,0.773436,0.599373,0.602084
130_bNAb_Combinations|1313920|sample|4|nan|1798,0.00032,0.93585,2,4,1,0.773381,0.773398,0.773924,0.773447,0.795777,0.79861
130_bNAb_Combinations|1313920|sample|4|nan|1798,0.0016,0.876977,3,4,1,0.773394,0.773126,0.773929,0.773449,0.506427,0.509095
130_bNAb_Combinations|1313920|sample|4|nan|1798,0.008,0.971855,4,4,1,0.773406,0.771224,0.773848,0.773351,0.973194,0.976258
130_bNAb_Combinations|1313920|sample|4|nan|1798,0.04,0.784276,5,4,1,0.773406,0.758488,0.772837,0.772181,0.0562973,0.059573
130_bNAb_Combinations|1313920|sample|4|nan|1798,0.2,0.443294,6,4,1,0.773393,0.678217,0.761926,0.759927,-1.59028,-1.58442
130_bNAb_Combinations|1313920|sample|4|nan|1798,1,0.218818,7,4,1,0.773372,0.320698,0.653056,0.641988,-2.52381,-2.50132
130_bNAb_Combinations|1313920|sample|4|nan|1798,5,0.123534,8,4,1,0.771762,0.00537799,0.124454,0.110351,-0.0265636,0.425839
130_bNAb_Combinations|1313920|sample|5|nan|1798,0.0006144,0.907764,1,5,1,0.773368,0.773328,0.773913,0.773436,0.657818,0.660565
130_bNAb_Combinations|1313920|sample|5|nan|1798,0.003072,0.859919,2,5,1,0.773381,0.772723,0.773925,0.773448,0.422611,0.425215
130_bNAb_Combinations|1313920|sample|5|nan|1798,0.01536,0.783712,3,5,1,0.773394,0.768602,0.773938,0.773461,0.0480351,0.0504111
130_bNAb_Combinations|1313920|sample|5|nan|1798,0.0768,0.672202,4,5,1,0.773406,0.741408,0.773951,0.773473,-0.500023,-0.49798
130_bNAb_Combinations|1313920|sample|5|nan|1798,0.384,0.368891,5,5,1,0.773406,0.582091,0.77395,0.773473,-1.99058,-1.98945
130_bNAb_Combinations|1313920|sample|5|nan|1798,1.92,0.184222,6,5,1,0.773319,0.116574,0.773878,0.773397,-2.89801,-2.89743
130_bNAb_Combinations|1313920|sample|5|nan|1798,9.6,0.127972,7,5,1,0.760467,0.00333774,0.762693,0.761819,-3.16473,-3.16395
130_bNAb_Combinations|1313920|sample|5|nan|1798,48,0.0587283,8,5,1,0.043957,0.00333549,0.0519875,0.050351,0.427071,0.54546
130_bNAb_Combinations|1313920|sample|6|nan|1798,0.0006144,0.830286,1,6,1,0.773368,0.773328,0.773913,0.773436,0.277048,0.279563
130_bNAb_Combinations|1313920|sample|6|nan|1798,0.003072,0.853841,2,6,1,0.773381,0.772723,0.773925,0.773448,0.392744,0.39533
130_bNAb_Combinations|1313920|sample|6|nan|1798,0.01536,0.751916,3,6,1,0.773394,0.768602,0.773938,0.773461,-0.108224,-0.105944
130_bNAb_Combinations|1313920|sample|6|nan|1798,0.0768,0.612799,4,6,1,0.773406,0.741408,0.773951,0.773473,-0.791949,-0.790085
130_bNAb_Combinations|1313920|sample|6|nan|1798,0.384,0.297509,5,6,1,0.773406,0.582091,0.77395,0.773473,-2.34137,-2.34045
130_bNAb_Combinations|1313920|sample|6|nan|1798,1.92,0.174251,6,6,1,0.773319,0.116574,0.773882,0.773396,-2.94702,-2.94647
130_bNAb_Combinations|1313920|sample|6|nan|1798,9.6,0.113582,7,6,1,0.760467,0.00333774,0.763224,0.76171,-3.2369,-3.2357
130_bNAb_Combinations|1313920|sample|6|nan|1798,48,0.057994,8,6,1,0.043957,0.00333549,0.0553841,0.0497262,0.156595,0.544088
130_bNAb_Combinations|1313920|sample|7|nan|1798,0.0000768,0.81364,1,7,1,0.773368,0.773427,0.772114,0.771569,0.20455,0.207382
130_bNAb_Combinations|1313920|sample|7|nan|1798,0.000384,0.811293,2,7,1,0.773381,0.773386,0.767084,0.766377,0.219182,0.222891
130_bNAb_Combinations|1313920|sample|7|nan|1798,0.00192,0.832548,3,7,1,0.773394,0.773046,0.748148,0.746925,0.428906,0.435825
130_bNAb_Combinations|1313920|sample|7|nan|1798,0.0096,0.838533,4,7,1,0.773406,0.77069,0.680059,0.677382,0.884953,0.903408
130_bNAb_Combinations|1313920|sample|7|nan|1798,0.048,0.504533,5,7,1,0.773406,0.754965,0.472705,0.467462,0.254287,0.29944
130_bNAb_Combinations|1313920|sample|7|nan|1798,0.24,0.121528,6,7,1,0.773393,0.657349,0.11972,0.115935,0.0541222,0.172565
130_bNAb_Combinations|1313920|sample|7|nan|1798,1.2,0.00317308,7,7,1,0.773364,0.260392,0.00395484,0.00386788,-0.237208,-0.212277
130_bNAb_Combinations|1313920|sample|7|nan|1798,6,0.000773603,8,7,1,0.770489,0.00383751,0.00337126,0.00333549,-0.826247,-0.817286
130_bNAb_Combinations|1313920|sample|8|nan|1798,0.0000768,0.853369,1,8,1,0.773368,0.773427,0.772133,0.771366,0.400148,0.404323
130_bNAb_Combinations|1313920|sample|8|nan|1798,0.000384,0.858752,2,8,1,0.773381,0.773386,0.767147,0.765697,0.454121,0.462171
130_bNAb_Combinations|1313920|sample|8|nan|1798,0.00192,0.804488,3,8,1,0.773394,0.773046,0.748355,0.744726,0.28518,0.30508
130_bNAb_Combinations|1313920|sample|8|nan|1798,0.0096,0.786951,4,8,1,0.773406,0.77069,0.68068,0.670899,0.592901,0.656791
130_bNAb_Combinations|1313920|sample|8|nan|1798,0.048,0.487829,5,8,1,0.773406,0.754965,0.474092,0.453411,0.109433,0.286461
130_bNAb_Combinations|1313920|sample|8|nan|1798,0.24,0.111628,6,8,1,0.773393,0.657349,0.120788,0.105814,-0.272034,0.195242
130_bNAb_Combinations|1313920|sample|8|nan|1798,1.2,0.0031862,7,8,1,0.773364,0.260392,0.00397057,0.00374135,-0.237707,-0.171335
130_bNAb_Combinations|1313920|sample|8|nan|1798,6,0.000694932,8,8,1,0.770489,0.00383751,0.00337126,0.00333549,-0.85127,-0.842384
130_bNAb_Combinations|1313920|sample|9|nan|1798,0.0003648,0.799965,1,9,1,0.773368,0.773378,0.765966,0.764179,0.168804,0.178084
130_bNAb_Combinations|1313920|sample|9|nan|1798,0.001824,0.747006,2,9,1,0.773381,0.773058,0.744698,0.740096,0.0117795,0.035491
130_bNAb_Combinations|1313920|sample|9|nan|1798,0.00912,0.676214,3,9,1,0.773394,0.770841,0.670451,0.658226,0.0326388,0.103737
130_bNAb_Combinations|1313920|sample|9|nan|1798,0.0456,0.461861,4,9,1,0.773406,0.756043,0.453438,0.428866,0.0700946,0.290016
130_bNAb_Combinations|1313920|sample|9|nan|1798,0.228,0.0981493,5,9,1,0.773406,0.663686,0.107305,0.0913337,-0.303518,0.262001
130_bNAb_Combinations|1313920|sample|9|nan|1798,1.14,0.00317308,6,9,1,0.773379,0.277545,0.00382396,0.00361947,-0.199557,-0.139126
130_bNAb_Combinations|1313920|sample|9|nan|1798,5.7,0.000485141,7,9,1,0.770937,0.00410708,0.00337132,0.00333554,-0.918012,-0.909324
130_bNAb_Combinations|1313920|sample|9|nan|1798,28.5,0.000563812,8,9,1,0.445849,0.00333549,0.00337126,0.00333549,-0.892976,-0.884213
130_bNAb_Combinations|1313920|vc|1|2|nan|1798,0,0.838599,1,2,1,0.773368,0.773436,0.773913,0.773436,0.317903,0.320442
130_bNAb_Combinations|1313920|vc|2|2|nan|1798,0,0.91969,2,2,1,0.773381,0.773448,0.773925,0.773448,0.716352,0.719135
130_bNAb_Combinations|1313920|vc|3|2|nan|1798,0,0.872133,3,2,1,0.773381,0.773448,0.773925,0.773448,0.482635,0.485276
130_bNAb_Combinations|1313920|vc|4|2|nan|1798,0,0.947723,4,2,1,0.773381,0.773448,0.773925,0.773448,0.85412,0.856987
130_bNAb_Combinations|1313920|vc|5|2|nan|1798,0,1,5,2,1,0.773381,0.773448,0.773925,0.773448,1.11103,1.11406
130_bNAb_Combinations|1313920|vc|6|2|nan|1798,0,0.938505,6,2,1,0.773381,0.773448,0.773925,0.773448,0.80882,0.81166
130_bNAb_Combinations|1313920|vc|7|2|nan|1798,0,0.844873,7,2,1,0.773381,0.773448,0.773925,0.773448,0.348669,0.351228
130_bNAb_Combinations|1313920|vc|8|2|nan|1798,0,0.756315,8,2,1,0.773368,0.773436,0.773913,0.773436,-0.0864842,-0.0841914
130_bNAb_Combinations|1313938|cc|1|1|TRO.11|8301,0,0.000314857,1,1,0,0,0,0,0,0.138861,0.138861
130_bNAb_Combinations|1313938|cc|2|1|TRO.11|8301,0,0.000558156,2,1,0,0,0,0,0,0.246162,0.246162
130_bNAb_Combinations|1313938|cc|3|1|TRO.11|8301,0,0.000586779,3,1,0,0,0,0,0,0.258786,0.258786
130_bNAb_Combinations|1313938|cc|4|1|TRO.11|8301,0,0.000686961,4,1,0,0,0,0,0,0.302969,0.302969
130_bNAb_Combinations|1313938|cc|5|1|TRO.11|8301,0,0.000615402,5,1,0,0,0,0,0,0.27141,0.27141
130_bNAb_Combinations|1313938|cc|6|1|TRO.11|8301,0,0.001102,6,1,0,0,0,0,0,0.486013,0.486013
130_bNAb_Combinations|1313938|cc|7|1|TRO.11|8301,0,0.00120218,7,1,0,0,0,0,0,0.530196,0.530196
130_bNAb_Combinations|1313938|cc|8|1|TRO.11|8301,0,0.000457974,8,1,0,0,0,0,0,0.201979,0.201979
130_bNAb_Combinations|1313938|sample|10|TRO.11|8301,0.0003648,0.972099,1,10,1,0.773368,0.843021,0.800774,0.796539,0.814044,0.838555
130_bNAb_Combinations|1313938|sample|10|TRO.11|8301,0.001824,0.800331,2,10,1,0.773381,0.842667,0.717729,0.70939,0.437344,0.487091
130_bNAb_Combinations|1313938|sample|10|TRO.11|8301,0.00912,0.620841,3,10,1,0.773394,0.840243,0.513269,0.498969,0.792645,0.9233
130_bNAb_Combinations|1313938|sample|10|TRO.11|8301,0.0456,0.181823,4,10,1,0.773394,0.82408,0.184956,0.172586,-0.0622322,0.195949
130_bNAb_Combinations|1313938|sample|10|TRO.11|8301,0.228,0.00905929,5,10,1,0.773393,0.723293,0.0113734,0.0101199,-0.442948,-0.216508
130_bNAb_Combinations|1313938|sample|10|TRO.11|8301,1.14,0.000415039,6,10,1,0.773379,0.302151,0.00367874,0.00363629,-1.01235,-1.00262
130_bNAb_Combinations|1313938|sample|10|TRO.11|8301,5.7,0.000314857,7,10,1,0.770937,0.00446973,0.00367817,0.00363589,-1.0433,-1.03371
130_bNAb_Combinations|1313938|sample|10|TRO.11|8301,28.5,0.000887324,8,10,1,0.445849,0.00363586,0.00367814,0.00363586,-0.865714,-0.855516
130_bNAb_Combinations|1313938|sample|11|TRO.11|8301,0.0003712,0.957351,1,11,1,0.773368,0.84302,0.839801,0.838786,0.532844,0.538089
130_bNAb_Combinations|1313938|sample|11|TRO.11|8301,0.001856,0.926724,2,11,1,0.773381,0.842659,0.826121,0.825763,0.463497,0.46535
130_bNAb_Combinations|1313938|sample|11|TRO.11|8301,0.00928,0.826421,3,11,1,0.773381,0.840179,0.773108,0.774865,0.262275,0.253064
130_bNAb_Combinations|1313938|sample|11|TRO.11|8301,0.0464,0.657393,4,11,1,0.773381,0.823703,0.591697,0.598508,0.420847,0.372987
130_bNAb_Combinations|1313938|sample|11|TRO.11|8301,0.2319999999999999,0.217337,5,11,1,0.773381,0.721122,0.202518,0.210975,0.269839,0.111391
130_bNAb_Combinations|1313938|sample|11|TRO.11|8301,1.16,0.00788574,6,11,1,0.773366,0.296176,0.00622468,0.00654966,0.42747,0.336519
130_bNAb_Combinations|1313938|sample|11|TRO.11|8301,5.8,4.2935e-05,7,11,1,0.770798,0.00436481,0.00367817,0.00363589,-1.12765,-1.11835
130_bNAb_Combinations|1313938|sample|11|TRO.11|8301,29,0.00034348,8,11,1,0.432017,0.00363586,0.00367814,0.00363586,-1.03441,-1.02479
130_bNAb_Combinations|1313938|sample|12|TRO.11|8301,0.0003712,0.867789,1,12,1,0.773368,0.84302,0.83916,0.838215,0.129869,0.134306
130_bNAb_Combinations|1313938|sample|12|TRO.11|8301,0.001856,0.853241,2,12,1,0.773368,0.84265,0.823892,0.82376,0.135577,0.13621
130_bNAb_Combinations|1313938|sample|12|TRO.11|8301,0.00928,0.83694,3,12,1,0.773368,0.84017,0.765938,0.76836,0.352532,0.339448
130_bNAb_Combinations|1313938|sample|12|TRO.11|8301,0.0464,0.620225,4,12,1,0.773368,0.823695,0.573437,0.581651,0.309128,0.251311
130_bNAb_Combinations|1313938|sample|12|TRO.11|8301,0.2319999999999999,0.188106,5,12,1,0.773368,0.721114,0.183147,0.192358,0.0994084,-0.0813428
130_bNAb_Combinations|1313938|sample|12|TRO.11|8301,1.16,0.00864425,6,12,1,0.773354,0.296173,0.00553881,0.00581577,0.837618,0.748379
130_bNAb_Combinations|1313938|sample|12|TRO.11|8301,5.8,0,7,12,1,0.770785,0.00436476,0.00367814,0.00363586,-1.14096,-1.13171
130_bNAb_Combinations|1313938|sample|12|TRO.11|8301,29,0.000143117,8,12,1,0.432017,0.00363586,0.00367814,0.00363586,-1.09657,-1.08716
130_bNAb_Combinations|1313938|sample|3|TRO.11|8301,0.000064,0.999256,1,3,1,0.773368,0.843077,0.844358,0.843084,0.698389,0.705187
130_bNAb_Combinations|1313938|sample|3|TRO.11|8301,0.00032,1,2,3,1,0.773381,0.84304,0.844361,0.843086,0.701728,0.708536
130_bNAb_Combinations|1313938|sample|3|TRO.11|8301,0.0016,0.897106,3,3,1,0.773394,0.842742,0.844321,0.843039,0.238004,0.244148
130_bNAb_Combinations|1313938|sample|3|TRO.11|8301,0.008,0.970361,4,3,1,0.773394,0.840686,0.843897,0.842571,0.570495,0.577377
130_bNAb_Combinations|1313938|sample|3|TRO.11|8301,0.04,0.880483,5,3,1,0.773394,0.827,0.840243,0.838596,0.182311,0.190143
130_bNAb_Combinations|1313938|sample|3|TRO.11|8301,0.2,0.715899,6,3,1,0.773393,0.74068,0.809313,0.805567,-0.439222,-0.423545
130_bNAb_Combinations|1313938|sample|3|TRO.11|8301,1,0.31236,7,3,1,0.773372,0.35401,0.585445,0.572761,-1.76779,-1.72245
130_bNAb_Combinations|1313938|sample|3|TRO.11|8301,5,0.0404162,8,3,1,0.771762,0.00605956,0.0388084,0.0347406,0.130111,0.502277
130_bNAb_Combinations|1313938|sample|4|TRO.11|8301,0.000064,0.979763,1,4,1,0.773368,0.843077,0.844358,0.843084,0.610503,0.617169
130_bNAb_Combinations|1313938|sample|4|TRO.11|8301,0.00032,0.958596,2,4,1,0.773381,0.84304,0.844361,0.843087,0.515053,0.521576
130_bNAb_Combinations|1313938|sample|4|TRO.11|8301,0.0016,0.947948,3,4,1,0.773394,0.842742,0.844319,0.843045,0.467258,0.473706
130_bNAb_Combinations|1313938|sample|4|TRO.11|8301,0.008,0.949609,4,4,1,0.773406,0.840694,0.84389,0.842623,0.476917,0.483351
130_bNAb_Combinations|1313938|sample|4|TRO.11|8301,0.04,0.862629,5,4,1,0.773406,0.827009,0.840136,0.838917,0.101922,0.107596
130_bNAb_Combinations|1313938|sample|4|TRO.11|8301,0.2,0.698095,6,4,1,0.773393,0.74068,0.808527,0.807669,-0.519736,-0.51624
130_bNAb_Combinations|1313938|sample|4|TRO.11|8301,1,0.273174,7,4,1,0.773372,0.35401,0.581664,0.582725,-2.00977,-2.01307
130_bNAb_Combinations|1313938|sample|4|TRO.11|8301,5,0.0442374,8,4,1,0.771762,0.00605956,0.0374401,0.0381828,0.566369,0.496502
130_bNAb_Combinations|1313938|sample|5|TRO.11|8301,0.0006144,0.941673,1,5,1,0.773368,0.842969,0.844358,0.843083,0.438766,0.445176
130_bNAb_Combinations|1313938|sample|5|TRO.11|8301,0.003072,0.958739,2,5,1,0.773381,0.842314,0.844354,0.843077,0.515731,0.522269
130_bNAb_Combinations|1313938|sample|5|TRO.11|8301,0.01536,0.915761,3,5,1,0.773394,0.837881,0.844218,0.842917,0.32262,0.32899
130_bNAb_Combinations|1313938|sample|5|TRO.11|8301,0.0768,0.82456,4,5,1,0.773406,0.808651,0.842491,0.840952,-0.0810219,-0.0742024
130_bNAb_Combinations|1313938|sample|5|TRO.11|8301,0.384,0.514634,5,5,1,0.773406,0.637094,0.821928,0.818238,-1.42291,-1.4121
130_bNAb_Combinations|1313938|sample|5|TRO.11|8301,1.92,0.141399,6,5,1,0.773319,0.130515,0.611118,0.594442,-2.91474,-2.88899
130_bNAb_Combinations|1313938|sample|5|TRO.11|8301,9.6,0.0210382,7,5,1,0.760467,0.00363876,0.0208595,0.0176682,0.0232265,0.491174
130_bNAb_Combinations|1313938|sample|5|TRO.11|8301,48,0.00739914,8,5,1,0.043957,0.00363586,0.00367814,0.00363586,1.15426,1.17137
130_bNAb_Combinations|1313938|sample|6|TRO.11|8301,0.0006144,0.9722,1,6,1,0.773368,0.842969,0.844357,0.843083,0.576403,0.583019
130_bNAb_Combinations|1313938|sample|6|TRO.11|8301,0.003072,0.899854,2,6,1,0.773381,0.842314,0.844352,0.843077,0.250246,0.256375
130_bNAb_Combinations|1313938|sample|6|TRO.11|8301,0.01536,0.850665,3,6,1,0.773394,0.837881,0.844192,0.842913,0.0291912,0.0350085
130_bNAb_Combinations|1313938|sample|6|TRO.11|8301,0.0768,0.801476,4,6,1,0.773406,0.808651,0.842228,0.840915,-0.184201,-0.178543
130_bNAb_Combinations|1313938|sample|6|TRO.11|8301,0.384,0.527478,5,6,1,0.773406,0.637094,0.819495,0.817903,-1.35614,-1.35135
130_bNAb_Combinations|1313938|sample|6|TRO.11|8301,1.92,0.143947,6,6,1,0.773319,0.130515,0.59521,0.59232,-2.87398,-2.8693
130_bNAb_Combinations|1313938|sample|6|TRO.11|8301,9.6,0.0206374,7,6,1,0.760467,0.00363876,0.0176077,0.0172805,0.44261,0.496567
130_bNAb_Combinations|1313938|sample|6|TRO.11|8301,48,0.00800023,8,6,1,0.043957,0.00363586,0.00367814,0.00363586,1.34072,1.35847
130_bNAb_Combinations|1313938|sample|7|TRO.11|8301,0.0000768,0.947047,1,7,1,0.773368,0.843075,0.831005,0.828919,0.531515,0.542418
130_bNAb_Combinations|1313938|sample|7|TRO.11|8301,0.000384,0.922266,2,7,1,0.773381,0.843026,0.803587,0.800156,0.561945,0.580643
130_bNAb_Combinations|1313938|sample|7|TRO.11|8301,0.00192,0.797075,3,7,1,0.773394,0.842649,0.724087,0.717577,0.383087,0.420997
130_bNAb_Combinations|1313938|sample|7|TRO.11|8301,0.0096,0.572639,4,7,1,0.773406,0.840073,0.524191,0.513032,0.349671,0.439412
130_bNAb_Combinations|1313938|sample|7|TRO.11|8301,0.048,0.211555,5,7,1,0.773406,0.822912,0.193581,0.183621,0.341741,0.558592
130_bNAb_Combinations|1313938|sample|7|TRO.11|8301,0.24,0.00928828,6,7,1,0.773393,0.716391,0.0120547,0.0109817,-0.512149,-0.330575
130_bNAb_Combinations|1313938|sample|7|TRO.11|8301,1.2,0.000157428,7,7,1,0.773364,0.283457,0.00367874,0.00363631,-1.09226,-1.08281
130_bNAb_Combinations|1313938|sample|7|TRO.11|8301,6,0.001102,8,7,1,0.770489,0.00417813,0.00367814,0.00363586,-0.799121,-0.788695
130_bNAb_Combinations|1313938|sample|8|TRO.11|8301,0.0000768,0.992465,1,8,1,0.773368,0.843075,0.830985,0.830041,0.739658,0.744819
130_bNAb_Combinations|1313938|sample|8|TRO.11|8301,0.000384,0.918846,2,8,1,0.773381,0.843026,0.803534,0.803156,0.546039,0.548082
130_bNAb_Combinations|1313938|sample|8|TRO.11|8301,0.00192,0.798592,3,8,1,0.773394,0.842649,0.723955,0.724931,0.391813,0.386175
130_bNAb_Combinations|1313938|sample|8|TRO.11|8301,0.0096,0.614093,4,8,1,0.773406,0.840073,0.523936,0.527187,0.651018,0.623732
130_bNAb_Combinations|1313938|sample|8|TRO.11|8301,0.048,0.216235,5,8,1,0.773406,0.822912,0.193338,0.196942,0.435867,0.360816
130_bNAb_Combinations|1313938|sample|8|TRO.11|8301,0.24,0.0118501,6,8,1,0.773393,0.716391,0.0120278,0.0124201,-0.0329417,-0.103709
130_bNAb_Combinations|1313938|sample|8|TRO.11|8301,1.2,0.000787142,7,8,1,0.773364,0.283457,0.00367874,0.00363653,-0.896934,-0.886861
130_bNAb_Combinations|1313938|sample|8|TRO.11|8301,6,0.000543844,8,8,1,0.770489,0.00417813,0.00367814,0.00363586,-0.972262,-0.962428
130_bNAb_Combinations|1313938|sample|9|TRO.11|8301,0.0003648,0.965087,1,9,1,0.773368,0.843021,0.794102,0.795819,0.819176,0.809224
130_bNAb_Combinations|1313938|sample|9|TRO.11|8301,0.001824,0.834471,2,9,1,0.773381,0.842667,0.70185,0.707676,0.717871,0.680756
130_bNAb_Combinations|1313938|sample|9|TRO.11|8301,0.00912,0.637786,3,9,1,0.773394,0.840243,0.484054,0.495819,1.19993,1.08226
130_bNAb_Combinations|1313938|sample|9|TRO.11|8301,0.0456,0.173393,4,9,1,0.773406,0.824088,0.159555,0.169854,0.316306,0.076229
130_bNAb_Combinations|1313938|sample|9|TRO.11|8301,0.228,0.00868719,5,9,1,0.773406,0.723301,0.00898645,0.00986501,-0.065003,-0.243742
130_bNAb_Combinations|1313938|sample|9|TRO.11|8301,1.14,0.00025761,6,9,1,0.773379,0.302151,0.00367844,0.00363625,-1.06112,-1.05161
130_bNAb_Combinations|1313938|sample|9|TRO.11|8301,5.7,0.000543844,7,9,1,0.770937,0.00446973,0.00367817,0.00363589,-0.972271,-0.962437
130_bNAb_Combinations|1313938|sample|9|TRO.11|8301,28.5,0.00104475,8,9,1,0.445849,0.00363586,0.00367814,0.00363586,-0.816879,-0.806514
130_bNAb_Combinations|1313938|vc|1|2|TRO.11|8301,0,0.914116,1,2,1,0.773368,0.843085,0.844359,0.843085,0.314513,0.320737
130_bNAb_Combinations|1313938|vc|2|2|TRO.11|8301,0,0.902924,2,2,1,0.773381,0.843093,0.844367,0.843093,0.264011,0.270159
130_bNAb_Combinations|1313938|vc|3|2|TRO.11|8301,0,0.968414,3,2,1,0.773381,0.843093,0.844367,0.843093,0.559284,0.565873
130_bNAb_Combinations|1313938|vc|4|2|TRO.11|8301,0,0.926266,4,2,1,0.773381,0.843093,0.844367,0.843093,0.369253,0.375559
130_bNAb_Combinations|1313938|vc|5|2|TRO.11|8301,0,0.902967,5,2,1,0.773381,0.843093,0.844367,0.843093,0.264204,0.270353
130_bNAb_Combinations|1313938|vc|6|2|TRO.11|8301,0,0.92744,6,2,1,0.773381,0.843093,0.844367,0.843093,0.374544,0.380858
130_bNAb_Combinations|1313938|vc|7|2|TRO.11|8301,0,0.886129,7,2,1,0.773381,0.843093,0.844367,0.843093,0.188289,0.194324
130_bNAb_Combinations|1313938|vc|8|2|TRO.11|8301,0,0.777732,8,2,1,0.773368,0.843085,0.844359,0.843085,-0.300398,-0.295094
130_bNAb_Combinations|1313956|cc|1|1|Ce1176_A3|7023,0,0.000508745,1,1,0,0,0,0,0,0.224371,0.224371
130_bNAb_Combinations|1313956|cc|2|1|Ce1176_A3|7023,0,0.000481245,2,1,0,0,0,0,0,0.212243,0.212243
130_bNAb_Combinations|1313956|cc|3|1|Ce1176_A3|7023,0,0.000632494,3,1,0,0,0,0,0,0.278948,0.278948
130_bNAb_Combinations|1313956|cc|4|1|Ce1176_A3|7023,0,0.00112749,4,1,0,0,0,0,0,0.497254,0.497254
130_bNAb_Combinations|1313956|cc|5|1|Ce1176_A3|7023,0,0.00140249,5,1,0,0,0,0,0,0.618536,0.618536
130_bNAb_Combinations|1313956|cc|6|1|Ce1176_A3|7023,0,0.00147124,6,1,0,0,0,0,0,0.648856,0.648856
130_bNAb_Combinations|1313956|cc|7|1|Ce1176_A3|7023,0,0.00120999,7,1,0,0,0,0,0,0.533639,0.533639
130_bNAb_Combinations|1313956|cc|8|1|Ce1176_A3|7023,0,0.00149874,8,1,0,0,0,0,0,0.660984,0.660984
130_bNAb_Combinations|1313956|sample|10|Ce1176_A3|7023,0.0003648,0.703622,1,10,1,0.773368,0.773351,0.735376,0.735095,-0.16414,-0.162747
130_bNAb_Combinations|1313956|sample|10|Ce1176_A3|7023,0.001824,0.749608,2,10,1,0.773381,0.773031,0.66133,0.661349,0.506741,0.506618
130_bNAb_Combinations|1313956|sample|10|Ce1176_A3|7023,0.00912,0.514314,3,10,1,0.773394,0.770815,0.477126,0.477669,0.294403,0.289775
130_bNAb_Combinations|1313956|sample|10|Ce1176_A3|7023,0.0456,0.208599,4,10,1,0.773394,0.756008,0.175782,0.176483,0.684124,0.666986
130_bNAb_Combinations|1313956|sample|10|Ce1176_A3|7023,0.228,0.00944616,5,10,1,0.773393,0.663673,0.0111098,0.0111685,-0.322674,-0.333064
130_bNAb_Combinations|1313956|sample|10|Ce1176_A3|7023,1.14,0.000343747,6,10,1,0.773379,0.277595,0.00337185,0.0033361,-0.963113,-0.954564
130_bNAb_Combinations|1313956|sample|10|Ce1176_A3|7023,5.7,0.000233748,7,10,1,0.770937,0.00410805,0.0033712,0.00333543,-0.997945,-0.989495
130_bNAb_Combinations|1313956|sample|10|Ce1176_A3|7023,28.5,0.000398746,8,10,1,0.445849,0.00333537,0.00337114,0.00333537,-0.94545,-0.936844
130_bNAb_Combinations|1313956|sample|11|Ce1176_A3|7023,0.0003712,0.688607,1,11,1,0.773368,0.773349,0.773496,0.772924,-0.417412,-0.414903
130_bNAb_Combinations|1313956|sample|11|Ce1176_A3|7023,0.001856,0.732462,2,11,1,0.773381,0.773023,0.771812,0.770892,-0.193908,-0.189595
130_bNAb_Combinations|1313956|sample|11|Ce1176_A3|7023,0.00928,0.765771,3,11,1,0.773381,0.770747,0.762774,0.760296,0.0149434,0.0273829
130_bNAb_Combinations|1313956|sample|11|Ce1176_A3|7023,0.0464,0.662853,4,11,1,0.773381,0.755634,0.716062,0.707278,-0.282368,-0.238644
130_bNAb_Combinations|1313956|sample|11|Ce1176_A3|7023,0.2319999999999999,0.428576,5,11,1,0.773381,0.661529,0.51037,0.485103,-0.60606,-0.440274
130_bNAb_Combinations|1313956|sample|11|Ce1176_A3|7023,1.16,0.0788005,6,11,1,0.773366,0.271702,0.085179,0.0700161,-0.261273,0.429112
130_bNAb_Combinations|1313956|sample|11|Ce1176_A3|7023,5.8,0.00151248,7,11,1,0.770798,0.00400412,0.00337622,0.00333783,-0.592562,-0.582204
130_bNAb_Combinations|1313956|sample|11|Ce1176_A3|7023,29,0.000233748,8,11,1,0.432017,0.00333537,0.00337114,0.00333537,-0.997932,-0.989482
130_bNAb_Combinations|1313956|sample|12|Ce1176_A3|7023,0.0003712,0.632164,1,12,1,0.773368,0.773349,0.773351,0.772768,-0.694369,-0.692016
130_bNAb_Combinations|1313956|sample|12|Ce1176_A3|7023,0.001856,0.613698,2,12,1,0.773368,0.77301,0.771131,0.770176,-0.776472,-0.772706
130_bNAb_Combinations|1313956|sample|12|Ce1176_A3|7023,0.00928,0.591375,3,12,1,0.773368,0.770735,0.759764,0.757212,-0.84279,-0.832783
130_bNAb_Combinations|1313956|sample|12|Ce1176_A3|7023,0.0464,0.519222,4,12,1,0.773368,0.755621,0.703666,0.69499,-0.995837,-0.960695
130_bNAb_Combinations|1313956|sample|12|Ce1176_A3|7023,0.2319999999999999,0.330526,5,12,1,0.773368,0.661519,0.473749,0.450993,-1.14178,-1.00791
130_bNAb_Combinations|1313956|sample|12|Ce1176_A3|7023,1.16,0.0625069,6,12,1,0.773354,0.271697,0.0638052,0.0532573,-0.0688561,0.574012
130_bNAb_Combinations|1313956|sample|12|Ce1176_A3|7023,5.8,0.00237873,7,12,1,0.770785,0.00400406,0.00337281,0.00333624,-0.316153,-0.305443
130_bNAb_Combinations|1313956|sample|12|Ce1176_A3|7023,29,0.000769992,8,12,1,0.432017,0.00333537,0.00337114,0.00333537,-0.827365,-0.818409
130_bNAb_Combinations|1313956|sample|3|Ce1176_A3|7023,0.000064,0.742974,1,3,1,0.773368,0.773401,0.773885,0.773409,-0.151918,-0.14967
130_bNAb_Combinations|1313956|sample|3|Ce1176_A3|7023,0.00032,0.893054,2,3,1,0.773381,0.773371,0.773897,0.773421,0.58561,0.588309
130_bNAb_Combinations|1313956|sample|3|Ce1176_A3|7023,0.0016,0.908543,3,3,1,0.773394,0.773099,0.773907,0.773429,0.661675,0.66443
130_bNAb_Combinations|1313956|sample|3|Ce1176_A3|7023,0.008,0.937844,4,3,1,0.773394,0.77119,0.773876,0.773381,0.805866,0.808807
130_bNAb_Combinations|1313956|sample|3|Ce1176_A3|7023,0.04,0.777115,5,3,1,0.773394,0.75848,0.773466,0.772801,0.017942,0.0212303
130_bNAb_Combinations|1313956|sample|3|Ce1176_A3|7023,0.2,0.561758,6,3,1,0.773393,0.678377,0.768221,0.765853,-1.0221,-1.01347
130_bNAb_Combinations|1313956|sample|3|Ce1176_A3|7023,1,0.368964,7,3,1,0.773372,0.321267,0.703877,0.687,-1.80771,-1.75826
130_bNAb_Combinations|1313956|sample|3|Ce1176_A3|7023,5,0.208888,8,3,1,0.771762,0.0054028,0.230011,0.187451,-0.340322,0.420305
130_bNAb_Combinations|1313956|sample|4|Ce1176_A3|7023,0.000064,0.71326,1,4,1,0.773368,0.773401,0.773885,0.773409,-0.297951,-0.295792
130_bNAb_Combinations|1313956|sample|4|Ce1176_A3|7023,0.00032,0.883119,2,4,1,0.773381,0.773371,0.773897,0.773421,0.536787,0.539456
130_bNAb_Combinations|1313956|sample|4|Ce1176_A3|7023,0.0016,0.934819,3,4,1,0.773394,0.773099,0.773907,0.773429,0.790812,0.793644
130_bNAb_Combinations|1313956|sample|4|Ce1176_A3|7023,0.008,0.950487,4,4,1,0.773406,0.771202,0.773884,0.773393,0.86795,0.870913
130_bNAb_Combinations|1313956|sample|4|Ce1176_A3|7023,0.04,0.817519,5,4,1,0.773406,0.758492,0.773438,0.772804,0.216769,0.220062
130_bNAb_Combinations|1313956|sample|4|Ce1176_A3|7023,0.2,0.59253,6,4,1,0.773393,0.678377,0.767797,0.765765,-0.868142,-0.860326
130_bNAb_Combinations|1313956|sample|4|Ce1176_A3|7023,1,0.33859,7,4,1,0.773372,0.321267,0.700055,0.686262,-1.96154,-1.92414
130_bNAb_Combinations|1313956|sample|4|Ce1176_A3|7023,5,0.207004,8,4,1,0.771762,0.0054028,0.21909,0.185767,-0.204055,0.420002
130_bNAb_Combinations|1313956|sample|5|Ce1176_A3|7023,0.0006144,0.687672,1,5,1,0.773368,0.773301,0.773885,0.773409,-0.423712,-0.421628
130_bNAb_Combinations|1313956|sample|5|Ce1176_A3|7023,0.003072,0.893274,2,5,1,0.773381,0.772698,0.773897,0.773421,0.58669,0.589389
130_bNAb_Combinations|1313956|sample|5|Ce1176_A3|7023,0.01536,0.886089,3,5,1,0.773394,0.768585,0.77391,0.773434,0.55131,0.553988
130_bNAb_Combinations|1313956|sample|5|Ce1176_A3|7023,0.0768,0.71535,4,5,1,0.773406,0.741447,0.773923,0.773446,-0.287852,-0.285685
130_bNAb_Combinations|1313956|sample|5|Ce1176_A3|7023,0.384,0.488319,5,5,1,0.773406,0.582412,0.773923,0.773446,-1.40359,-1.4021
130_bNAb_Combinations|1313956|sample|5|Ce1176_A3|7023,1.92,0.393054,6,5,1,0.773319,0.117018,0.773876,0.7734,-1.87165,-1.87045
130_bNAb_Combinations|1313956|sample|5|Ce1176_A3|7023,9.6,0.204928,7,5,1,0.760467,0.00333768,0.766227,0.765863,-2.78588,-2.78538
130_bNAb_Combinations|1313956|sample|5|Ce1176_A3|7023,48,0.100326,8,5,1,0.043957,0.00333537,0.0831671,0.0855671,0.718235,0.602053
130_bNAb_Combinations|1313956|sample|6|Ce1176_A3|7023,0.0006144,0.700267,1,6,1,0.773368,0.773301,0.773885,0.773409,-0.361811,-0.359691
130_bNAb_Combinations|1313956|sample|6|Ce1176_A3|7023,0.003072,0.779562,2,6,1,0.773381,0.772698,0.773897,0.773421,0.0278402,0.0301988
130_bNAb_Combinations|1313956|sample|6|Ce1176_A3|7023,0.01536,0.830994,3,6,1,0.773394,0.768585,0.77391,0.773434,0.28054,0.283053
130_bNAb_Combinations|1313956|sample|6|Ce1176_A3|7023,0.0768,0.671062,4,6,1,0.773406,0.741447,0.773923,0.773446,-0.505506,-0.503471
130_bNAb_Combinations|1313956|sample|6|Ce1176_A3|7023,0.384,0.520893,5,6,1,0.773406,0.582412,0.773923,0.773446,-1.24351,-1.24192
130_bNAb_Combinations|1313956|sample|6|Ce1176_A3|7023,1.92,0.352251,6,6,1,0.773319,0.117018,0.773878,0.773396,-2.07219,-2.0711
130_bNAb_Combinations|1313956|sample|6|Ce1176_A3|7023,9.6,0.186758,7,6,1,0.760467,0.00333768,0.766476,0.76523,-2.87638,-2.87482
130_bNAb_Combinations|1313956|sample|6|Ce1176_A3|7023,48,0.0915191,8,6,1,0.043957,0.00333537,0.0862416,0.0781991,0.213756,0.589417
130_bNAb_Combinations|1313956|sample|7|Ce1176_A3|7023,0.0000768,0.644896,1,7,1,0.773368,0.7734,0.763671,0.763533,-0.591462,-0.590884
130_bNAb_Combinations|1313956|sample|7|Ce1176_A3|7023,0.000384,0.807536,2,7,1,0.773381,0.77336,0.742015,0.742477,0.335686,0.333116
130_bNAb_Combinations|1313956|sample|7|Ce1176_A3|7023,0.00192,0.874608,3,7,1,0.773394,0.773019,0.67741,0.679343,1.10545,1.09154
130_bNAb_Combinations|1313956|sample|7|Ce1176_A3|7023,0.0096,0.712752,4,7,1,0.773406,0.770664,0.507839,0.512378,1.52577,1.47897
130_bNAb_Combinations|1313956|sample|7|Ce1176_A3|7023,0.048,0.234181,5,7,1,0.773406,0.754943,0.205057,0.210171,0.523991,0.421898
130_bNAb_Combinations|1313956|sample|7|Ce1176_A3|7023,0.24,0.0112199,6,7,1,0.773393,0.657349,0.0145324,0.0152607,-0.547913,-0.648083
130_bNAb_Combinations|1313956|sample|7|Ce1176_A3|7023,1.2,0.000769992,7,7,1,0.773364,0.260442,0.00337247,0.00333693,-0.827697,-0.818799
130_bNAb_Combinations|1313956|sample|7|Ce1176_A3|7023,6,0.000536245,8,7,1,0.770489,0.00383814,0.00337114,0.00333537,-0.901715,-0.892979
130_bNAb_Combinations|1313956|sample|8|Ce1176_A3|7023,0.0000768,0.696355,1,8,1,0.773368,0.7734,0.764918,0.764033,-0.340872,-0.33686
130_bNAb_Combinations|1313956|sample|8|Ce1176_A3|7023,0.000384,0.873701,2,8,1,0.773381,0.77336,0.74547,0.74386,0.653963,0.663585
130_bNAb_Combinations|1313956|sample|8|Ce1176_A3|7023,0.00192,0.872793,3,8,1,0.773394,0.773019,0.686289,0.682896,1.03214,1.05607
130_bNAb_Combinations|1313956|sample|8|Ce1176_A3|7023,0.0096,0.757666,4,8,1,0.773406,0.770664,0.526341,0.519772,1.66287,1.73135
130_bNAb_Combinations|1313956|sample|8|Ce1176_A3|7023,0.048,0.240416,5,8,1,0.773406,0.754943,0.225504,0.218318,0.244886,0.374371
130_bNAb_Combinations|1313956|sample|8|Ce1176_A3|7023,0.24,0.0117424,6,8,1,0.773393,0.657349,0.0176878,0.0165091,-0.865911,-0.726678
130_bNAb_Combinations|1313956|sample|8|Ce1176_A3|7023,1.2,0.000178748,7,8,1,0.773364,0.260442,0.00337352,0.00333734,-1.01598,-1.00749
130_bNAb_Combinations|1313956|sample|8|Ce1176_A3|7023,6,0.000316247,8,8,1,0.770489,0.00383814,0.00337114,0.00333537,-0.971691,-0.963163
130_bNAb_Combinations|1313956|sample|9|Ce1176_A3|7023,0.0003648,0.758106,1,9,1,0.773368,0.773351,0.74233,0.737558,0.0807914,0.105903
130_bNAb_Combinations|1313956|sample|9|Ce1176_A3|7023,0.001824,0.682688,2,9,1,0.773381,0.773031,0.678622,0.667399,0.022749,0.0869704
130_bNAb_Combinations|1313956|sample|9|Ce1176_A3|7023,0.00912,0.715818,3,9,1,0.773394,0.770815,0.511399,0.489417,1.51167,1.74812
130_bNAb_Combinations|1313956|sample|9|Ce1176_A3|7023,0.0456,0.196719,4,9,1,0.773406,0.75602,0.210455,0.187875,-0.241046,0.173036
130_bNAb_Combinations|1313956|sample|9|Ce1176_A3|7023,0.228,0.00966615,5,9,1,0.773406,0.663684,0.0156599,0.012524,-0.945555,-0.517388
130_bNAb_Combinations|1313956|sample|9|Ce1176_A3|7023,1.14,0.000756242,6,9,1,0.773379,0.277595,0.00337304,0.00333638,-0.832213,-0.823048
130_bNAb_Combinations|1313956|sample|9|Ce1176_A3|7023,5.7,0.000439996,7,9,1,0.770937,0.00410805,0.0033712,0.00333543,-0.932343,-0.923698
130_bNAb_Combinations|1313956|sample|9|Ce1176_A3|7023,28.5,0,8,9,1,0.445849,0.00333537,0.00337114,0.00333537,-1.07228,-1.06405
130_bNAb_Combinations|1313956|vc|1|2|Ce1176_A3|7023,0,0.749127,1,2,1,0.773368,0.773409,0.773885,0.773409,-0.121678,-0.119411
130_bNAb_Combinations|1313956|vc|2|2|Ce1176_A3|7023,0,0.930921,2,2,1,0.773381,0.773421,0.773897,0.773421,0.771711,0.774523
130_bNAb_Combinations|1313956|vc|3|2|Ce1176_A3|7023,0,1,3,2,1,0.773381,0.773421,0.773897,0.773421,1.11121,1.11423
130_bNAb_Combinations|1313956|vc|4|2|Ce1176_A3|7023,0,0.968987,4,2,1,0.773381,0.773421,0.773897,0.773421,0.958794,0.96172
130_bNAb_Combinations|1313956|vc|5|2|Ce1176_A3|7023,0,0.924369,5,2,1,0.773381,0.773421,0.773897,0.773421,0.739512,0.742304
130_bNAb_Combinations|1313956|vc|6|2|Ce1176_A3|7023,0,0.980379,6,2,1,0.773381,0.773421,0.773897,0.773421,1.01478,1.01774
130_bNAb_Combinations|1313956|vc|7|2|Ce1176_A3|7023,0,0.892036,7,2,1,0.773381,0.773421,0.773897,0.773421,0.580608,0.583303
130_bNAb_Combinations|1313956|vc|8|2|Ce1176_A3|7023,0,0.653015,8,2,1,0.773368,0.773409,0.773885,0.773409,-0.594038,-0.592059
130_bNAb_Combinations|1313974|cc|1|1|nan|1176,0,0,1,1,0,0,0,0,0,0,0
130_bNAb_Combinations|1313974|cc|2|1|nan|1176,0,0.00187935,2,1,0,0,0,0,0,0.828845,0.828845
130_bNAb_Combinations|1313974|cc|3|1|nan|1176,0,0.00338282,3,1,0,0,0,0,0,1.49192,1.49192
130_bNAb_Combinations|1313974|cc|4|1|nan|1176,0,0.00250579,4,1,0,0,0,0,0,1.10513,1.10513
130_bNAb_Combinations|1313974|cc|5|1|nan|1176,0,0.00425985,5,1,0,0,0,0,0,1.87871,1.87871
130_bNAb_Combinations|1313974|cc|6|1|nan|1176,0,0.00200464,6,1,0,0,0,0,0,0.884101,0.884101
130_bNAb_Combinations|1313974|cc|7|1|nan|1176,0,0.00701623,7,1,0,0,0,0,0,3.09435,3.09435
130_bNAb_Combinations|1313974|cc|8|1|nan|1176,0,0.00275637,8,1,0,0,0,0,0,1.21564,1.21564
130_bNAb_Combinations|1313974|sample|10|nan|1176,0.0003648,0.564806,1,10,1,0.773368,0.773367,0.773902,0.773425,-1.02762,-1.0259
130_bNAb_Combinations|1313974|sample|10|nan|1176,0.001824,0.969555,2,10,1,0.773381,0.773047,0.773915,0.773437,0.961476,0.964411
130_bNAb_Combinations|1313974|sample|10|nan|1176,0.00912,0.987972,3,10,1,0.773394,0.77083,0.773927,0.77345,1.05191,1.0549
130_bNAb_Combinations|1313974|sample|10|nan|1176,0.0456,0.768277,4,10,1,0.773394,0.756019,0.773927,0.77345,-0.0277701,-0.0254377
130_bNAb_Combinations|1313974|sample|10|nan|1176,0.228,0.6812,5,10,1,0.773393,0.663661,0.773919,0.773438,-0.455667,-0.453582
130_bNAb_Combinations|1313974|sample|10|nan|1176,1.14,0.388273,6,10,1,0.773379,0.277528,0.773432,0.772802,-1.89404,-1.89247
130_bNAb_Combinations|1313974|sample|10|nan|1176,5.7,0.221387,7,10,1,0.770937,0.00410678,0.744469,0.738157,-2.6712,-2.66127
130_bNAb_Combinations|1313974|sample|10|nan|1176,28.5,0.0676565,8,10,1,0.445849,0.00333544,0.0764819,0.0599717,-0.398401,0.430287
130_bNAb_Combinations|1313974|sample|11|nan|1176,0.0003712,0.686964,1,11,1,0.773368,0.773365,0.768623,0.76655,-0.404049,-0.394846
130_bNAb_Combinations|1313974|sample|11|nan|1176,0.001856,0.787446,2,11,1,0.773381,0.773039,0.753402,0.747631,0.171813,0.20247
130_bNAb_Combinations|1313974|sample|11|nan|1176,0.00928,0.683957,3,11,1,0.773381,0.770763,0.696492,0.679862,-0.068371,0.022871
130_bNAb_Combinations|1313974|sample|11|nan|1176,0.0464,0.431373,4,11,1,0.773381,0.755648,0.51194,0.474033,-0.595177,-0.339894
130_bNAb_Combinations|1313974|sample|11|nan|1176,0.2319999999999999,0.127921,5,11,1,0.773381,0.661533,0.154474,0.12211,-0.625824,0.170824
130_bNAb_Combinations|1313974|sample|11|nan|1176,1.16,0.00889557,6,11,1,0.773366,0.27168,0.00469101,0.00398637,1.20576,1.4859
130_bNAb_Combinations|1313974|sample|11|nan|1176,5.8,0.00664036,7,11,1,0.770798,0.00400375,0.00337127,0.0033355,1.03981,1.05431
130_bNAb_Combinations|1313974|sample|11|nan|1176,29,0.0085197,8,11,1,0.432017,0.00333544,0.00337122,0.00333544,1.6376,1.65387
130_bNAb_Combinations|1313974|sample|12|nan|1176,0.0003712,0.62507,1,12,1,0.773368,0.773365,0.761007,0.759077,-0.679264,-0.671305
130_bNAb_Combinations|1313974|sample|12|nan|1176,0.001856,0.659149,2,12,1,0.773368,0.773026,0.729406,0.724659,-0.366097,-0.343571
130_bNAb_Combinations|1313974|sample|12|nan|1176,0.00928,0.546764,3,12,1,0.773368,0.770751,0.628191,0.616708,-0.491733,-0.430141
130_bNAb_Combinations|1313974|sample|12|nan|1176,0.0464,0.27877,4,12,1,0.773368,0.755635,0.371567,0.35244,-0.938562,-0.784572
130_bNAb_Combinations|1313974|sample|12|nan|1176,0.2319999999999999,0.0630207,5,12,1,0.773368,0.661523,0.0606705,0.0526789,0.130269,0.647847
130_bNAb_Combinations|1313974|sample|12|nan|1176,1.16,0.00413456,6,12,1,0.773354,0.271676,0.00345628,0.00339272,0.214237,0.235542
130_bNAb_Combinations|1313974|sample|12|nan|1176,5.8,0.0072668,7,12,1,0.770785,0.00400369,0.00337122,0.00333544,1.23909,1.25418
130_bNAb_Combinations|1313974|sample|12|nan|1176,29,0.00375869,8,12,1,0.432017,0.00333544,0.00337122,0.00333544,0.123246,0.135024
130_bNAb_Combinations|1313974|sample|3|nan|1176,0.000064,0.544885,1,3,1,0.773368,0.773417,0.773901,0.773423,-1.12552,-1.12386
130_bNAb_Combinations|1313974|sample|3|nan|1176,0.00032,0.833553,2,3,1,0.773381,0.773387,0.773905,0.773426,0.293143,0.295681
130_bNAb_Combinations|1313974|sample|3|nan|1176,0.0016,0.76765,3,3,1,0.773394,0.773115,0.773848,0.773356,-0.0304609,-0.0280625
130_bNAb_Combinations|1313974|sample|3|nan|1176,0.008,0.763766,4,3,1,0.773394,0.771206,0.773278,0.772704,-0.046785,-0.0439933
130_bNAb_Combinations|1313974|sample|3|nan|1176,0.04,0.33966,5,3,1,0.773394,0.758497,0.768651,0.767524,-2.12256,-2.12006
130_bNAb_Combinations|1313974|sample|3|nan|1176,0.2,0.074798,6,3,1,0.773393,0.6784,0.731953,0.727452,-3.41257,-3.40992
130_bNAb_Combinations|1313974|sample|3|nan|1176,1,0.0275637,7,3,1,0.773372,0.321304,0.491527,0.474708,-3.5673,-3.55759
130_bNAb_Combinations|1313974|sample|3|nan|1176,5,0.0219257,8,3,1,0.771762,0.00540423,0.0222079,0.0188744,-0.0350964,0.425287
130_bNAb_Combinations|1313974|sample|4|nan|1176,0.000064,0.596254,1,4,1,0.773368,0.773417,0.773506,0.773075,-0.871565,-0.869925
130_bNAb_Combinations|1313974|sample|4|nan|1176,0.00032,0.751363,2,4,1,0.773381,0.773387,0.77217,0.771876,-0.102486,-0.101075
130_bNAb_Combinations|1313974|sample|4|nan|1176,0.0016,0.81952,3,4,1,0.773394,0.773115,0.766261,0.766498,0.264326,0.26307
130_bNAb_Combinations|1313974|sample|4|nan|1176,0.008,0.746852,4,4,1,0.773406,0.771218,0.740704,0.742894,0.0315524,0.0202572
130_bNAb_Combinations|1313974|sample|4|nan|1176,0.04,0.327758,5,4,1,0.773406,0.758509,0.637806,0.646022,-1.84452,-1.86964
130_bNAb_Combinations|1313974|sample|4|nan|1176,0.2,0.106747,6,4,1,0.773393,0.6784,0.330501,0.346737,-2.53704,-2.59684
130_bNAb_Combinations|1313974|sample|4|nan|1176,1,0.0308213,7,4,1,0.773372,0.321304,0.0211487,0.024387,1.24552,0.747487
130_bNAb_Combinations|1313974|sample|4|nan|1176,5,0.0120278,8,4,1,0.771762,0.00540423,0.00337127,0.00333554,2.75341,2.77298
130_bNAb_Combinations|1313974|sample|5|nan|1176,0.0006144,0.585729,1,5,1,0.773368,0.773317,0.773902,0.773424,-0.924791,-0.923008
130_bNAb_Combinations|1313974|sample|5|nan|1176,0.003072,0.613794,2,5,1,0.773381,0.772714,0.773907,0.773429,-0.786884,-0.785013
130_bNAb_Combinations|1313974|sample|5|nan|1176,0.01536,0.526467,3,5,1,0.773394,0.768601,0.773824,0.77334,-1.21578,-1.21415
130_bNAb_Combinations|1313974|sample|5|nan|1176,0.0768,0.174278,4,5,1,0.773406,0.741465,0.772629,0.77208,-2.94545,-2.94482
130_bNAb_Combinations|1313974|sample|5|nan|1176,0.384,0.0800601,5,5,1,0.773406,0.582441,0.757412,0.756245,-3.40057,-3.39989
130_bNAb_Combinations|1313974|sample|5|nan|1176,1.92,0.03458,6,5,1,0.773319,0.117044,0.588053,0.582742,-3.5672,-3.5647
130_bNAb_Combinations|1313974|sample|5|nan|1176,9.6,0.0281902,7,5,1,0.760467,0.00333775,0.026502,0.0249738,0.18435,0.367155
130_bNAb_Combinations|1313974|sample|5|nan|1176,48,0.00826912,8,5,1,0.043957,0.00333544,0.00337122,0.00333544,1.5579,1.57393
130_bNAb_Combinations|1313974|sample|6|nan|1176,0.0006144,0.51469,1,6,1,0.773368,0.773317,0.773901,0.773424,-1.27392,-1.27235
130_bNAb_Combinations|1313974|sample|6|nan|1176,0.003072,0.808369,2,6,1,0.773381,0.772714,0.773905,0.773427,0.169378,0.171834
130_bNAb_Combinations|1313974|sample|6|nan|1176,0.01536,0.47986,3,6,1,0.773394,0.768601,0.773806,0.773319,-1.44481,-1.44331
130_bNAb_Combinations|1313974|sample|6|nan|1176,0.0768,0.164756,4,6,1,0.773406,0.741465,0.77244,0.771867,-2.99211,-2.99149
130_bNAb_Combinations|1313974|sample|6|nan|1176,0.384,0.0816889,5,6,1,0.773406,0.582441,0.755546,0.754167,-3.39128,-3.39046
130_bNAb_Combinations|1313974|sample|6|nan|1176,1.92,0.045856,6,6,1,0.773319,0.117044,0.574532,0.567995,-3.48637,-3.48229
130_bNAb_Combinations|1313974|sample|6|nan|1176,9.6,0.023805,7,6,1,0.760467,0.00333775,0.0223848,0.0208154,0.175618,0.389312
130_bNAb_Combinations|1313974|sample|6|nan|1176,48,0.00789325,8,6,1,0.043957,0.00333544,0.00337122,0.00333544,1.43834,1.45403
130_bNAb_Combinations|1313974|sample|7|nan|1176,0.0000768,0.626699,1,7,1,0.773368,0.773416,0.773902,0.773425,-0.723444,-0.721537
130_bNAb_Combinations|1313974|sample|7|nan|1176,0.000384,0.800727,2,7,1,0.773381,0.773376,0.773915,0.773437,0.131769,0.134199
130_bNAb_Combinations|1313974|sample|7|nan|1176,0.00192,0.993736,3,7,1,0.773394,0.773035,0.773924,0.773444,1.08026,1.08328
130_bNAb_Combinations|1313974|sample|7|nan|1176,0.0096,1,4,7,1,0.773406,0.770679,0.77389,0.773393,1.11126,1.11441
130_bNAb_Combinations|1313974|sample|7|nan|1176,0.048,0.854476,5,7,1,0.773406,0.754954,0.773307,0.772625,0.399214,0.402922
130_bNAb_Combinations|1313974|sample|7|nan|1176,0.24,0.743344,6,7,1,0.773393,0.657335,0.765932,0.763432,-0.112152,-0.100064
130_bNAb_Combinations|1313974|sample|7|nan|1176,1.2,0.326505,7,7,1,0.773364,0.260376,0.67832,0.661158,-1.96957,-1.9215
130_bNAb_Combinations|1313974|sample|7|nan|1176,6,0.132932,8,7,1,0.770489,0.00383729,0.146956,0.119182,-0.346468,0.413513
130_bNAb_Combinations|1313974|sample|8|nan|1176,0.0000768,0.625321,1,8,1,0.773368,0.773416,0.773902,0.773425,-0.730217,-0.728315
130_bNAb_Combinations|1313974|sample|8|nan|1176,0.000384,0.783938,2,8,1,0.773381,0.773376,0.773914,0.773437,0.0492603,0.0516404
130_bNAb_Combinations|1313974|sample|8|nan|1176,0.00192,0.983211,3,8,1,0.773394,0.773035,0.773923,0.773442,1.02854,1.03154
130_bNAb_Combinations|1313974|sample|8|nan|1176,0.0096,0.927081,4,8,1,0.773406,0.770679,0.77388,0.773368,0.752946,0.755954
130_bNAb_Combinations|1313974|sample|8|nan|1176,0.048,0.862056,5,8,1,0.773406,0.754954,0.773197,0.772384,0.4371,0.44156
130_bNAb_Combinations|1313974|sample|8|nan|1176,0.24,0.641108,6,8,1,0.773393,0.657335,0.764821,0.761161,-0.615139,-0.599778
130_bNAb_Combinations|1313974|sample|8|nan|1176,1.2,0.408069,7,8,1,0.773364,0.260376,0.668926,0.643618,-1.48061,-1.38883
130_bNAb_Combinations|1313974|sample|8|nan|1176,6,0.107499,8,8,1,0.770489,0.00383729,0.130429,0.096165,-0.63383,0.415613
130_bNAb_Combinations|1313974|sample|9|nan|1176,0.0003648,0.584727,1,9,1,0.773368,0.773367,0.773902,0.773425,-0.92972,-0.927939
130_bNAb_Combinations|1313974|sample|9|nan|1176,0.001824,0.879471,2,9,1,0.773381,0.773047,0.773915,0.773437,0.518759,0.521425
130_bNAb_Combinations|1313974|sample|9|nan|1176,0.00912,0.847836,3,9,1,0.773394,0.77083,0.773927,0.77345,0.363217,0.365788
130_bNAb_Combinations|1313974|sample|9|nan|1176,0.0456,0.917183,4,9,1,0.773406,0.756032,0.77394,0.773462,0.703951,0.706731
130_bNAb_Combinations|1313974|sample|9|nan|1176,0.228,0.733697,5,9,1,0.773406,0.663671,0.773933,0.773453,-0.197736,-0.195497
130_bNAb_Combinations|1313974|sample|9|nan|1176,1.14,0.394788,6,9,1,0.773379,0.277528,0.773466,0.772891,-1.86209,-1.86063
130_bNAb_Combinations|1313974|sample|9|nan|1176,5.7,0.20109,7,9,1,0.770937,0.00410678,0.745867,0.741568,-2.77683,-2.77071
130_bNAb_Combinations|1313974|sample|9|nan|1176,28.5,0.0780555,8,9,1,0.445849,0.00333544,0.0814839,0.0692401,-0.146186,0.434917
130_bNAb_Combinations|1313974|vc|1|2|nan|1176,0,0.615047,1,2,1,0.773368,0.773425,0.773902,0.773425,-0.780709,-0.778837
130_bNAb_Combinations|1313974|vc|2|2|nan|1176,0,0.671678,2,2,1,0.773381,0.773437,0.773915,0.773437,-0.502444,-0.500402
130_bNAb_Combinations|1313974|vc|3|2|nan|1176,0,0.718411,3,2,1,0.773381,0.773437,0.773915,0.773437,-0.272773,-0.270591
130_bNAb_Combinations|1313974|vc|4|2|nan|1176,0,0.81739,4,2,1,0.773381,0.773437,0.773915,0.773437,0.213661,0.21614
130_bNAb_Combinations|1313974|vc|5|2|nan|1176,0,0.786068,5,2,1,0.773381,0.773437,0.773915,0.773437,0.0597259,0.0621108
130_bNAb_Combinations|1313974|vc|6|2|nan|1176,0,0.718662,6,2,1,0.773381,0.773437,0.773915,0.773437,-0.271542,-0.269359
130_bNAb_Combinations|1313974|vc|7|2|nan|1176,0,0.706008,7,2,1,0.773381,0.773437,0.773915,0.773437,-0.333731,-0.331587
130_bNAb_Combinations|1313974|vc|8|2|nan|1176,0,0.513437,8,2,1,0.773368,0.773425,0.773902,0.773425,-1.28008,-1.27851
130_bNAb_Combinations|1313992|cc|1|1|RHPA4259.7|5371,0,0.000660826,1,1,0,0,0,0,0,0.291443,0.291443
130_bNAb_Combinations|1313992|cc|2|1|RHPA4259.7|5371,0,0.00171458,2,1,0,0,0,0,0,0.756177,0.756177
130_bNAb_Combinations|1313992|cc|3|1|RHPA4259.7|5371,0,0.00114305,3,1,0,0,0,0,0,0.504118,0.504118
130_bNAb_Combinations|1313992|cc|4|1|RHPA4259.7|5371,0,0.00148239,4,1,0,0,0,0,0,0.653778,0.653778
130_bNAb_Combinations|1313992|cc|5|1|RHPA4259.7|5371,0,0.00150025,5,1,0,0,0,0,0,0.661655,0.661655
130_bNAb_Combinations|1313992|cc|6|1|RHPA4259.7|5371,0,0.00133951,6,1,0,0,0,0,0,0.590763,0.590763
130_bNAb_Combinations|1313992|cc|7|1|RHPA4259.7|5371,0,0.001661,7,1,0,0,0,0,0,0.732546,0.732546
130_bNAb_Combinations|1313992|cc|8|1|RHPA4259.7|5371,0,0.00142881,8,1,0,0,0,0,0,0.630147,0.630147
130_bNAb_Combinations|1313992|sample|10|RHPA4259.7|5371,0.0003648,0.6759,1,10,1,0.773368,0.773229,0.759325,0.758589,-0.417781,-0.41449
130_bNAb_Combinations|1313992|sample|10|RHPA4259.7|5371,0.001824,0.701074,2,10,1,0.773381,0.771943,0.718613,0.717312,-0.0927485,-0.0860198
130_bNAb_Combinations|1313992|sample|10|RHPA4259.7|5371,0.00912,0.541985,3,10,1,0.773394,0.763286,0.579925,0.57729,-0.247904,-0.231726
130_bNAb_Combinations|1313992|sample|10|RHPA4259.7|5371,0.0456,0.23562,4,10,1,0.773394,0.707521,0.252613,0.249331,-0.250092,-0.204356
130_bNAb_Combinations|1313992|sample|10|RHPA4259.7|5371,0.228,0.0160206,5,10,1,0.773393,0.425425,0.0129903,0.0125929,0.536835,0.618541
130_bNAb_Combinations|1313992|sample|10|RHPA4259.7|5371,1.14,0.00158956,6,10,1,0.773379,0.0170312,0.00337149,0.00333572,-0.566776,-0.557046
130_bNAb_Combinations|1313992|sample|10|RHPA4259.7|5371,5.7,0.000392924,7,10,1,0.770937,0.00333563,0.0033714,0.00333563,-0.947364,-0.938764
130_bNAb_Combinations|1313992|sample|10|RHPA4259.7|5371,28.5,0.000928729,8,10,1,0.445849,0.00333558,0.00337135,0.00333558,-0.776927,-0.767821
130_bNAb_Combinations|1313992|sample|11|RHPA4259.7|5371,0.0003712,0.650289,1,11,1,0.773368,0.773197,0.754748,0.753758,-0.526256,-0.521944
130_bNAb_Combinations|1313992|sample|11|RHPA4259.7|5371,0.001856,0.618283,2,11,1,0.773381,0.771732,0.703396,0.701499,-0.459708,-0.450665
130_bNAb_Combinations|1313992|sample|11|RHPA4259.7|5371,0.00928,0.451639,3,11,1,0.773381,0.761878,0.537953,0.534534,-0.607287,-0.586903
130_bNAb_Combinations|1313992|sample|11|RHPA4259.7|5371,0.0464,0.163215,4,11,1,0.773381,0.698869,0.194999,0.192243,-0.600088,-0.555564
130_bNAb_Combinations|1313992|sample|11|RHPA4259.7|5371,0.2319999999999999,0.0123414,5,11,1,0.773381,0.391845,0.00728042,0.00716131,1.2165,1.25447
130_bNAb_Combinations|1313992|sample|11|RHPA4259.7|5371,1.16,0,6,11,1,0.773366,0.0112084,0.0033714,0.00333563,-1.07234,-1.06411
130_bNAb_Combinations|1313992|sample|11|RHPA4259.7|5371,5.8,0.000839428,7,11,1,0.770798,0.00333563,0.0033714,0.00333563,-0.805345,-0.796323
130_bNAb_Combinations|1313992|sample|11|RHPA4259.7|5371,29,0.000500085,8,11,1,0.432017,0.00333558,0.00337135,0.00333558,-0.913266,-0.904565
130_bNAb_Combinations|1313992|sample|12|RHPA4259.7|5371,0.0003712,0.617105,1,12,1,0.773368,0.773197,0.76065,0.760513,-0.717618,-0.717062
130_bNAb_Combinations|1313992|sample|12|RHPA4259.7|5371,0.001856,0.643716,2,12,1,0.773368,0.77172,0.722155,0.722917,-0.412788,-0.416365
130_bNAb_Combinations|1313992|sample|12|RHPA4259.7|5371,0.00928,0.450916,3,12,1,0.773368,0.761866,0.586779,0.590179,-0.877527,-0.894381
130_bNAb_Combinations|1313992|sample|12|RHPA4259.7|5371,0.0464,0.208089,4,12,1,0.773368,0.698858,0.256714,0.262845,-0.704602,-0.775533
130_bNAb_Combinations|1313992|sample|12|RHPA4259.7|5371,0.2319999999999999,0.0184138,5,12,1,0.773368,0.391838,0.0124755,0.0133264,1.07755,0.887527
130_bNAb_Combinations|1313992|sample|12|RHPA4259.7|5371,1.16,0.000125021,6,12,1,0.773354,0.0112082,0.00337137,0.0033356,-1.03257,-1.02422
130_bNAb_Combinations|1313992|sample|12|RHPA4259.7|5371,5.8,0.000500085,7,12,1,0.770785,0.00333558,0.00337135,0.00333558,-0.913266,-0.904565
130_bNAb_Combinations|1313992|sample|12|RHPA4259.7|5371,29,0.000285763,8,12,1,0.432017,0.00333558,0.00337135,0.00333558,-0.981436,-0.972937
130_bNAb_Combinations|1313992|sample|3|RHPA4259.7|5371,0.000064,0.754539,1,3,1,0.773368,0.773449,0.77393,0.773454,-0.0952958,-0.093012
130_bNAb_Combinations|1313992|sample|3|RHPA4259.7|5371,0.00032,0.910976,2,3,1,0.773381,0.773419,0.773928,0.77345,0.673512,0.676278
130_bNAb_Combinations|1313992|sample|3|RHPA4259.7|5371,0.0016,0.927479,3,3,1,0.773394,0.773147,0.773833,0.773339,0.755172,0.758082
130_bNAb_Combinations|1313992|sample|3|RHPA4259.7|5371,0.008,0.944785,4,3,1,0.773394,0.771237,0.773007,0.77241,0.845189,0.848775
130_bNAb_Combinations|1313992|sample|3|RHPA4259.7|5371,0.04,0.905162,5,3,1,0.773394,0.758528,0.766687,0.765444,0.686886,0.694165
130_bNAb_Combinations|1313992|sample|3|RHPA4259.7|5371,0.2,0.651807,6,3,1,0.773393,0.678429,0.719827,0.714932,-0.359105,-0.335514
130_bNAb_Combinations|1313992|sample|3|RHPA4259.7|5371,1,0.224351,7,3,1,0.773372,0.321322,0.44379,0.427813,-1.8652,-1.7927
130_bNAb_Combinations|1313992|sample|3|RHPA4259.7|5371,5,0.0158956,8,3,1,0.771762,0.00540468,0.01398,0.012099,0.324548,0.701362
130_bNAb_Combinations|1313992|sample|4|RHPA4259.7|5371,0.000064,0.699119,1,4,1,0.773368,0.773449,0.773929,0.773454,-0.367652,-0.365538
130_bNAb_Combinations|1313992|sample|4|RHPA4259.7|5371,0.00032,0.930694,2,4,1,0.773381,0.773419,0.773925,0.773452,0.77043,0.773225
130_bNAb_Combinations|1313992|sample|4|RHPA4259.7|5371,0.0016,0.969602,3,4,1,0.773394,0.773147,0.773814,0.773354,0.962331,0.96516
130_bNAb_Combinations|1313992|sample|4|RHPA4259.7|5371,0.008,1,4,4,1,0.773406,0.771249,0.772889,0.772519,1.11761,1.11996
130_bNAb_Combinations|1313992|sample|4|RHPA4259.7|5371,0.04,0.855217,5,4,1,0.773406,0.75854,0.765867,0.76607,0.443672,0.442549
130_bNAb_Combinations|1313992|sample|4|RHPA4259.7|5371,0.2,0.614506,6,4,1,0.773393,0.678429,0.714993,0.718491,-0.534051,-0.549984
130_bNAb_Combinations|1313992|sample|4|RHPA4259.7|5371,1,0.229173,7,4,1,0.773372,0.321322,0.426575,0.440447,-1.74425,-1.80917
130_bNAb_Combinations|1313992|sample|4|RHPA4259.7|5371,5,0.0174851,8,4,1,0.771762,0.00540468,0.011938,0.0135892,1.03275,0.671659
130_bNAb_Combinations|1313992|sample|5|RHPA4259.7|5371,0.0006144,0.682232,1,5,1,0.773368,0.773348,0.773758,0.773245,-0.4499,-0.44767
130_bNAb_Combinations|1313992|sample|5|RHPA4259.7|5371,0.003072,0.897884,2,5,1,0.773381,0.772745,0.772847,0.772166,0.615341,0.619231
130_bNAb_Combinations|1313992|sample|5|RHPA4259.7|5371,0.01536,0.905895,3,5,1,0.773394,0.768632,0.767028,0.765465,0.68852,0.697675
130_bNAb_Combinations|1313992|sample|5|RHPA4259.7|5371,0.0768,0.832025,4,5,1,0.773406,0.741496,0.731114,0.725273,0.524623,0.559401
130_bNAb_Combinations|1313992|sample|5|RHPA4259.7|5371,0.384,0.471151,5,5,1,0.773406,0.582468,0.539695,0.519855,-0.480724,-0.3544
130_bNAb_Combinations|1313992|sample|5|RHPA4259.7|5371,1.92,0.0757807,6,5,1,0.773319,0.117053,0.0812022,0.0688181,-0.231891,0.345378
130_bNAb_Combinations|1313992|sample|5|RHPA4259.7|5371,9.6,0.0066797,7,5,1,0.760467,0.00333789,0.00337184,0.00333585,1.05209,1.06672
130_bNAb_Combinations|1313992|sample|5|RHPA4259.7|5371,48,0.00155384,8,5,1,0.043957,0.00333558,0.00337135,0.00333558,-0.578098,-0.568403
130_bNAb_Combinations|1313992|sample|6|RHPA4259.7|5371,0.0006144,0.679213,1,6,1,0.773368,0.773348,0.773746,0.773258,-0.464681,-0.462572
130_bNAb_Combinations|1313992|sample|6|RHPA4259.7|5371,0.003072,0.909244,2,6,1,0.773381,0.772745,0.772776,0.772235,0.671653,0.67478
130_bNAb_Combinations|1313992|sample|6|RHPA4259.7|5371,0.01536,0.882409,3,6,1,0.773394,0.768632,0.766646,0.76583,0.574249,0.578907
130_bNAb_Combinations|1313992|sample|6|RHPA4259.7|5371,0.0768,0.759665,4,6,1,0.773406,0.741496,0.7292,0.727063,0.158792,0.170421
130_bNAb_Combinations|1313992|sample|6|RHPA4259.7|5371,0.384,0.442039,5,6,1,0.773406,0.582468,0.532607,0.526251,-0.64351,-0.605458
130_bNAb_Combinations|1313992|sample|6|RHPA4259.7|5371,1.92,0.0812102,6,6,1,0.773319,0.117053,0.0764567,0.072677,0.214647,0.403216
130_bNAb_Combinations|1313992|sample|6|RHPA4259.7|5371,9.6,0.00728695,7,6,1,0.760467,0.00333789,0.00337174,0.00333591,1.24528,1.26041
130_bNAb_Combinations|1313992|sample|6|RHPA4259.7|5371,48,0.000660826,8,6,1,0.043957,0.00333558,0.00337135,0.00333558,-0.862139,-0.853286
130_bNAb_Combinations|1313992|sample|7|RHPA4259.7|5371,0.0000768,0.658728,1,7,1,0.773368,0.77342,0.770475,0.769672,-0.551608,-0.548211
130_bNAb_Combinations|1313992|sample|7|RHPA4259.7|5371,0.000384,0.835624,2,7,1,0.773381,0.773227,0.760366,0.758771,0.376373,0.385146
130_bNAb_Combinations|1313992|sample|7|RHPA4259.7|5371,0.00192,0.789589,3,7,1,0.773394,0.77186,0.72165,0.717563,0.357782,0.381442
130_bNAb_Combinations|1313992|sample|7|RHPA4259.7|5371,0.0096,0.635402,4,7,1,0.773406,0.762664,0.587006,0.576831,0.312471,0.384732
130_bNAb_Combinations|1313992|sample|7|RHPA4259.7|5371,0.048,0.221618,5,7,1,0.773406,0.703597,0.260379,0.246537,-0.554014,-0.37549
130_bNAb_Combinations|1313992|sample|7|RHPA4259.7|5371,0.24,0.0149132,6,7,1,0.773393,0.40984,0.0135134,0.0119122,0.242158,0.559432
130_bNAb_Combinations|1313992|sample|7|RHPA4259.7|5371,1.2,0.00198248,7,7,1,0.773364,0.0139871,0.00337144,0.00333565,-0.441784,-0.43168
130_bNAb_Combinations|1313992|sample|7|RHPA4259.7|5371,6,0.00167886,8,7,1,0.770489,0.00333558,0.00337135,0.00333558,-0.538333,-0.528519
130_bNAb_Combinations|1313992|sample|8|RHPA4259.7|5371,0.0000768,0.639796,1,8,1,0.773368,0.77342,0.771312,0.770542,-0.648496,-0.645335
130_bNAb_Combinations|1313992|sample|8|RHPA4259.7|5371,0.000384,0.832418,2,8,1,0.773381,0.773227,0.763303,0.761784,0.344337,0.352599
130_bNAb_Combinations|1313992|sample|8|RHPA4259.7|5371,0.00192,0.855234,3,8,1,0.773394,0.77186,0.731417,0.727431,0.643442,0.667753
130_bNAb_Combinations|1313992|sample|8|RHPA4259.7|5371,0.0096,0.694582,4,8,1,0.773406,0.762664,0.614495,0.603966,0.49427,0.568866
130_bNAb_Combinations|1313992|sample|8|RHPA4259.7|5371,0.048,0.261848,5,8,1,0.773406,0.703597,0.302489,0.286083,-0.502286,-0.316186
130_bNAb_Combinations|1313992|sample|8|RHPA4259.7|5371,0.24,0.0198069,6,8,1,0.773393,0.40984,0.0196795,0.017006,0.0172586,0.418752
130_bNAb_Combinations|1313992|sample|8|RHPA4259.7|5371,1.2,0.00117877,7,8,1,0.773364,0.0139871,0.00337153,0.00333571,-0.697443,-0.688088
130_bNAb_Combinations|1313992|sample|8|RHPA4259.7|5371,6,0.000464364,8,8,1,0.770489,0.00333558,0.00337135,0.00333558,-0.924628,-0.91596
130_bNAb_Combinations|1313992|sample|9|RHPA4259.7|5371,0.0003648,0.59653,1,9,1,0.773368,0.773229,0.76032,0.759249,-0.819181,-0.81496
130_bNAb_Combinations|1313992|sample|9|RHPA4259.7|5371,0.001824,0.754182,2,9,1,0.773381,0.771943,0.721819,0.719429,0.170386,0.183572
130_bNAb_Combinations|1313992|sample|9|RHPA4259.7|5371,0.00912,0.593958,3,9,1,0.773394,0.763286,0.588555,0.582941,0.0347953,0.071622
130_bNAb_Combinations|1313992|sample|9|RHPA4259.7|5371,0.0456,0.260651,4,9,1,0.773406,0.707532,0.264809,0.257172,-0.0584592,0.0503257
130_bNAb_Combinations|1313992|sample|9|RHPA4259.7|5371,0.228,0.0158598,5,9,1,0.773406,0.425432,0.0145006,0.0135196,0.225128,0.404709
130_bNAb_Combinations|1313992|sample|9|RHPA4259.7|5371,1.14,0.000964449,6,9,1,0.773379,0.0170312,0.00337151,0.00333573,-0.765607,-0.756464
130_bNAb_Combinations|1313992|sample|9|RHPA4259.7|5371,5.7,0.000267903,7,9,1,0.770937,0.00333563,0.0033714,0.00333563,-0.98713,-0.978647
130_bNAb_Combinations|1313992|sample|9|RHPA4259.7|5371,28.5,0.000839428,8,9,1,0.445849,0.00333558,0.00337135,0.00333558,-0.805331,-0.796309
130_bNAb_Combinations|1313992|vc|1|2|RHPA4259.7|5371,0,0.779132,1,2,1,0.773368,0.773456,0.773932,0.773456,0.0255566,0.0279119
130_bNAb_Combinations|1313992|vc|2|2|RHPA4259.7|5371,0,0.953474,2,2,1,0.773381,0.773469,0.773944,0.773469,0.88227,0.885147
130_bNAb_Combinations|1313992|vc|3|2|RHPA4259.7|5371,0,0.91795,3,2,1,0.773381,0.773469,0.773944,0.773469,0.707693,0.710464
130_bNAb_Combinations|1313992|vc|4|2|RHPA4259.7|5371,0,0.938007,4,2,1,0.773381,0.773469,0.773944,0.773469,0.80626,0.809091
130_bNAb_Combinations|1313992|vc|5|2|RHPA4259.7|5371,0,0.961699,5,2,1,0.773381,0.773469,0.773944,0.773469,0.922688,0.92559
130_bNAb_Combinations|1313992|vc|6|2|RHPA4259.7|5371,0,0.866995,6,2,1,0.773381,0.773469,0.773944,0.773469,0.457283,0.459902
130_bNAb_Combinations|1313992|vc|7|2|RHPA4259.7|5371,0,0.852279,7,2,1,0.773381,0.773469,0.773944,0.773469,0.38496,0.387534
130_bNAb_Combinations|1313992|vc|8|2|RHPA4259.7|5371,0,0.715353,8,2,1,0.773368,0.773456,0.773932,0.773456,-0.287878,-0.285714
130_bNAb_Combinations|1314016|cc|1|1|nan|3430,0,0.0013549,1,1,0,0,0,0,0,0.597547,0.597547
130_bNAb_Combinations|1314016|cc|2|1|nan|3430,0,0.00201049,2,1,0,0,0,0,0,0.886683,0.886683
130_bNAb_Combinations|1314016|cc|3|1|nan|3430,0,0.00170455,3,1,0,0,0,0,0,0.751753,0.751753
130_bNAb_Combinations|1314016|cc|4|1|nan|3430,0,0.00253497,4,1,0,0,0,0,0,1.11799,1.11799
130_bNAb_Combinations|1314016|cc|5|1|nan|3430,0,0.00104895,5,1,0,0,0,0,0,0.462617,0.462617
130_bNAb_Combinations|1314016|cc|6|1|nan|3430,0,0.000743007,6,1,0,0,0,0,0,0.327687,0.327687
130_bNAb_Combinations|1314016|cc|7|1|nan|3430,0,0,7,1,0,0,0,0,0,0,0
130_bNAb_Combinations|1314016|cc|8|1|nan|3430,0,0.00187937,8,1,0,0,0,0,0,0.828856,0.828856
130_bNAb_Combinations|1314016|sample|10|nan|3430,0.0003648,0.774781,1,10,1,0.773368,0.854036,0.853232,0.851929,-0.350071,-0.344775
130_bNAb_Combinations|1314016|sample|10|nan|3430,0.001824,0.738134,2,10,1,0.773381,0.853677,0.846119,0.844578,-0.485871,-0.4798
130_bNAb_Combinations|1314016|sample|10|nan|3430,0.00912,0.636976,3,10,1,0.773394,0.851223,0.815278,0.812891,-0.832286,-0.82353
130_bNAb_Combinations|1314016|sample|10|nan|3430,0.0456,0.400415,4,10,1,0.773394,0.834866,0.691618,0.686814,-1.59929,-1.58377
130_bNAb_Combinations|1314016|sample|10|nan|3430,0.228,0.120367,5,10,1,0.773393,0.732866,0.334516,0.327585,-2.39973,-2.36992
130_bNAb_Combinations|1314016|sample|10|nan|3430,1.14,0.0218531,6,10,1,0.773379,0.306445,0.0167522,0.0158741,0.770207,0.935029
130_bNAb_Combinations|1314016|sample|10|nan|3430,5.7,0.0119318,7,10,1,0.770937,0.0045346,0.00372592,0.0036834,2.53571,2.55758
130_bNAb_Combinations|1314016|sample|10|nan|3430,28.5,0.00895979,8,10,1,0.445849,0.00368336,0.00372588,0.00368336,1.61734,1.63607
130_bNAb_Combinations|1314016|sample|11|nan|3430,0.0003712,1,1,11,1,0.773368,0.854034,0.839721,0.838308,0.726601,0.734227
130_bNAb_Combinations|1314016|sample|11|nan|3430,0.001856,0.764248,2,11,1,0.773381,0.853668,0.802179,0.800411,-0.179914,-0.171902
130_bNAb_Combinations|1314016|sample|11|nan|3430,0.00928,0.669886,3,11,1,0.773381,0.851156,0.683999,0.681446,-0.0783614,-0.0644242
130_bNAb_Combinations|1314016|sample|11|nan|3430,0.0464,0.36392,4,11,1,0.773381,0.83447,0.393048,0.389892,-0.278844,-0.250601
130_bNAb_Combinations|1314016|sample|11|nan|3430,0.2319999999999999,0.066521,5,11,1,0.773381,0.730573,0.05958,0.0584545,0.390874,0.461864
130_bNAb_Combinations|1314016|sample|11|nan|3430,1.16,0.00305944,6,11,1,0.773366,0.300129,0.00379317,0.00374754,-0.225513,-0.212262
130_bNAb_Combinations|1314016|sample|11|nan|3430,5.8,0.000437063,7,11,1,0.770798,0.00442321,0.00372591,0.00368339,-1.01629,-1.00659
130_bNAb_Combinations|1314016|sample|11|nan|3430,29,0.00227273,8,11,1,0.432017,0.00368336,0.00372588,0.00368336,-0.449041,-0.437396
130_bNAb_Combinations|1314016|sample|12|nan|3430,0.0003712,0.984091,1,12,1,0.773368,0.854034,0.839325,0.836393,0.656578,0.672203
130_bNAb_Combinations|1314016|sample|12|nan|3430,0.001856,0.80153,2,12,1,0.773368,0.85366,0.801015,0.794855,0.0024445,0.0319476
130_bNAb_Combinations|1314016|sample|12|nan|3430,0.00928,0.693553,3,12,1,0.773368,0.851148,0.681036,0.667451,0.0698025,0.148481
130_bNAb_Combinations|1314016|sample|12|nan|3430,0.0464,0.359899,4,12,1,0.773368,0.834462,0.388106,0.367155,-0.273393,-0.0742418
130_bNAb_Combinations|1314016|sample|12|nan|3430,0.2319999999999999,0.0557255,5,12,1,0.773368,0.730566,0.0576039,0.0498953,-0.108928,0.382566
130_bNAb_Combinations|1314016|sample|12|nan|3430,1.16,0.000305944,6,12,1,0.773354,0.300126,0.00378701,0.00372438,-1.07043,-1.05646
130_bNAb_Combinations|1314016|sample|12|nan|3430,5.8,0.00104895,7,12,1,0.770785,0.00442316,0.00372588,0.00368336,-0.827202,-0.816853
130_bNAb_Combinations|1314016|sample|12|nan|3430,29,0.00161713,8,12,1,0.432017,0.00368336,0.00372588,0.00368336,-0.651627,-0.640677
130_bNAb_Combinations|1314016|sample|3|nan|3430,0.000064,0.934375,1,3,1,0.773368,0.854092,0.799141,0.791226,0.643857,0.688284
130_bNAb_Combinations|1314016|sample|3|nan|3430,0.00032,0.84434,2,3,1,0.773381,0.854053,0.715554,0.700466,0.683925,0.780299
130_bNAb_Combinations|1314016|sample|3|nan|3430,0.0016,0.64458,3,3,1,0.773394,0.853747,0.535495,0.510875,0.77097,0.98975
130_bNAb_Combinations|1314016|sample|3|nan|3430,0.008,0.217177,4,3,1,0.773394,0.851638,0.251036,0.22634,-0.501362,-0.149945
130_bNAb_Combinations|1314016|sample|3|nan|3430,0.04,0.0300699,5,3,1,0.773394,0.837609,0.0369654,0.0301193,-0.580521,-0.00489094
130_bNAb_Combinations|1314016|sample|3|nan|3430,0.2,0.0116259,6,3,1,0.773393,0.749184,0.00390175,0.00379201,2.35359,2.40796
130_bNAb_Combinations|1314016|sample|3|nan|3430,1,0.00983392,7,3,1,0.773372,0.354914,0.00372591,0.00368339,1.88744,1.90709
130_bNAb_Combinations|1314016|sample|3|nan|3430,5,0.00957168,8,3,1,0.771762,0.00597218,0.00372588,0.00368336,1.80642,1.8258
130_bNAb_Combinations|1314016|sample|4|nan|3430,0.000064,0.986801,1,4,1,0.773368,0.854092,0.794999,0.793917,0.917884,0.92431
130_bNAb_Combinations|1314016|sample|4|nan|3430,0.00032,0.92017,2,4,1,0.773381,0.854053,0.706913,0.706013,1.14619,1.15247
130_bNAb_Combinations|1314016|sample|4|nan|3430,0.0016,0.701202,3,4,1,0.773394,0.853747,0.520729,0.520175,1.31108,1.31648
130_bNAb_Combinations|1314016|sample|4|nan|3430,0.008,0.233566,4,4,1,0.773406,0.851647,0.235773,0.235627,-0.034715,-0.0324388
130_bNAb_Combinations|1314016|sample|4|nan|3430,0.04,0.0290647,5,4,1,0.773406,0.837617,0.0326123,0.0325935,-0.330122,-0.328523
130_bNAb_Combinations|1314016|sample|4|nan|3430,0.2,0.0108392,6,4,1,0.773393,0.749184,0.00385654,0.0038145,2.1353,2.15536
130_bNAb_Combinations|1314016|sample|4|nan|3430,1,0.0083042,7,4,1,0.773372,0.354914,0.00372591,0.00368339,1.41474,1.43277
130_bNAb_Combinations|1314016|sample|4|nan|3430,5,0.00472028,8,4,1,0.771762,0.00597218,0.00372588,0.00368336,0.307281,0.321519
130_bNAb_Combinations|1314016|sample|5|nan|3430,0.0006144,0.749082,1,5,1,0.773368,0.853981,0.672422,0.675244,0.432886,0.415229
130_bNAb_Combinations|1314016|sample|5|nan|3430,0.003072,0.389576,2,5,1,0.773381,0.853309,0.451707,0.456991,-0.519023,-0.556778
130_bNAb_Combinations|1314016|sample|5|nan|3430,0.01536,0.0907343,3,5,1,0.773394,0.848763,0.158408,0.162885,-1.55743,-1.61714
130_bNAb_Combinations|1314016|sample|5|nan|3430,0.0768,0.0207168,4,5,1,0.773406,0.818801,0.0129703,0.0135544,1.37358,1.23671
130_bNAb_Combinations|1314016|sample|5|nan|3430,0.384,0.0156906,5,5,1,0.773406,0.64324,0.00373149,0.0036898,3.69383,3.71916
130_bNAb_Combinations|1314016|sample|5|nan|3430,1.92,0.00690559,6,5,1,0.773319,0.129326,0.00372595,0.00368343,0.982542,0.999094
130_bNAb_Combinations|1314016|sample|5|nan|3430,9.6,0.00743007,7,5,1,0.760467,0.00368589,0.00372591,0.00368339,1.14462,1.16173
130_bNAb_Combinations|1314016|sample|5|nan|3430,48,0.0101836,8,5,1,0.043957,0.00368336,0.00372588,0.00368336,1.9955,2.01552
130_bNAb_Combinations|1314016|sample|6|nan|3430,0.0006144,0.677579,1,6,1,0.773368,0.853981,0.669418,0.670057,0.0462856,0.0426214
130_bNAb_Combinations|1314016|sample|6|nan|3430,0.003072,0.36038,2,6,1,0.773381,0.853309,0.447047,0.448884,-0.731388,-0.743893
130_bNAb_Combinations|1314016|sample|6|nan|3430,0.01536,0.088243,3,6,1,0.773394,0.848763,0.154774,0.156472,-1.56516,-1.58861
130_bNAb_Combinations|1314016|sample|6|nan|3430,0.0768,0.0203234,4,6,1,0.773406,0.818801,0.0124983,0.0126972,1.4184,1.36951
130_bNAb_Combinations|1314016|sample|6|nan|3430,0.384,0.0114948,5,6,1,0.773406,0.64324,0.00373091,0.00368869,2.39815,2.41939
130_bNAb_Combinations|1314016|sample|6|nan|3430,1.92,0.00655594,6,6,1,0.773319,0.129326,0.00372595,0.00368343,0.874496,0.890678
130_bNAb_Combinations|1314016|sample|6|nan|3430,9.6,0.0083479,7,6,1,0.760467,0.00368589,0.00372591,0.00368339,1.42824,1.44632
130_bNAb_Combinations|1314016|sample|6|nan|3430,48,0.00467657,8,6,1,0.043957,0.00368336,0.00372588,0.00368336,0.293776,0.307967
130_bNAb_Combinations|1314016|sample|7|nan|3430,0.0000768,0.664773,1,7,1,0.773368,0.85409,0.854876,0.853622,-0.846681,-0.842319
130_bNAb_Combinations|1314016|sample|7|nan|3430,0.000384,0.829917,2,7,1,0.773381,0.85404,0.853344,0.851986,-0.104524,-0.0986211
130_bNAb_Combinations|1314016|sample|7|nan|3430,0.00192,0.764467,3,7,1,0.773394,0.853658,0.846478,0.844722,-0.368847,-0.361693
130_bNAb_Combinations|1314016|sample|7|nan|3430,0.0096,0.770411,4,7,1,0.773406,0.85105,0.816337,0.813142,-0.2141,-0.199982
130_bNAb_Combinations|1314016|sample|7|nan|3430,0.048,0.49139,5,7,1,0.773406,0.833684,0.693875,0.686467,-1.10848,-1.07931
130_bNAb_Combinations|1314016|sample|7|nan|3430,0.24,0.156862,6,7,1,0.773393,0.725881,0.335647,0.324213,-1.99687,-1.93336
130_bNAb_Combinations|1314016|sample|7|nan|3430,1.2,0.0207168,7,7,1,0.773364,0.287506,0.0163137,0.0149132,0.676482,0.944486
130_bNAb_Combinations|1314016|sample|7|nan|3430,6,0.00895979,8,7,1,0.770489,0.00423719,0.00372589,0.00368336,1.61734,1.63606
130_bNAb_Combinations|1314016|sample|8|nan|3430,0.0000768,0.754545,1,8,1,0.773368,0.85409,0.855033,0.853805,-0.44747,-0.442629
130_bNAb_Combinations|1314016|sample|8|nan|3430,0.000384,0.798864,2,8,1,0.773381,0.85404,0.853986,0.852727,-0.245755,-0.240497
130_bNAb_Combinations|1314016|sample|8|nan|3430,0.00192,0.800874,3,8,1,0.773394,0.853658,0.849049,0.847672,-0.216019,-0.210182
130_bNAb_Combinations|1314016|sample|8|nan|3430,0.0096,0.751836,4,8,1,0.773406,0.85105,0.826198,0.824371,-0.34257,-0.334887
130_bNAb_Combinations|1314016|sample|8|nan|3430,0.048,0.501442,5,8,1,0.773406,0.833684,0.726772,0.723521,-1.17837,-1.16652
130_bNAb_Combinations|1314016|sample|8|nan|3430,0.24,0.11875,6,8,1,0.773393,0.725881,0.39846,0.393412,-2.64218,-2.62706
130_bNAb_Combinations|1314016|sample|8|nan|3430,1.2,0.0323427,7,8,1,0.773364,0.287506,0.0268559,0.0258928,0.593186,0.716704
130_bNAb_Combinations|1314016|sample|8|nan|3430,6,0.010271,8,8,1,0.770489,0.00423719,0.00372592,0.0036834,2.02249,2.04261
130_bNAb_Combinations|1314016|sample|9|nan|3430,0.0003648,0.854218,1,9,1,0.773368,0.854036,0.853594,0.852307,0.00278337,0.0085373
130_bNAb_Combinations|1314016|sample|9|nan|3430,0.001824,0.730004,2,9,1,0.773381,0.853677,0.847533,0.846048,-0.527937,-0.522172
130_bNAb_Combinations|1314016|sample|9|nan|3430,0.00912,0.572749,3,9,1,0.773394,0.851223,0.820566,0.818357,-1.14939,-1.14219
130_bNAb_Combinations|1314016|sample|9|nan|3430,0.0456,0.403955,4,9,1,0.773406,0.834874,0.7087,0.704316,-1.63381,-1.62021
130_bNAb_Combinations|1314016|sample|9|nan|3430,0.228,0.124956,5,9,1,0.773406,0.732873,0.365412,0.358669,-2.47201,-2.44679
130_bNAb_Combinations|1314016|sample|9|nan|3430,1.14,0.0266608,6,9,1,0.773379,0.306445,0.0214297,0.0203597,0.667329,0.8334
130_bNAb_Combinations|1314016|sample|9|nan|3430,5.7,0.0117133,7,9,1,0.770937,0.0045346,0.00372594,0.00368341,2.46817,2.48982
130_bNAb_Combinations|1314016|sample|9|nan|3430,28.5,0.00231643,8,9,1,0.445849,0.00368336,0.00372588,0.00368336,-0.435535,-0.423844
130_bNAb_Combinations|1314016|vc|1|2|nan|3430,0,0.961123,1,2,1,0.773368,0.8541,0.855319,0.8541,0.47099,0.47709
130_bNAb_Combinations|1314016|vc|2|2|nan|3430,0,0.986976,2,2,1,0.773381,0.854108,0.855327,0.854108,0.58603,0.592292
130_bNAb_Combinations|1314016|vc|3|2|nan|3430,0,0.934987,3,2,1,0.773381,0.854108,0.855327,0.854108,0.354604,0.36054
130_bNAb_Combinations|1314016|vc|4|2|nan|3430,0,0.886582,4,2,1,0.773381,0.854108,0.855327,0.854108,0.139132,0.144763
130_bNAb_Combinations|1314016|vc|5|2|nan|3430,0,0.904633,5,2,1,0.773381,0.854108,0.855327,0.854108,0.219484,0.225229
130_bNAb_Combinations|1314016|vc|6|2|nan|3430,0,0.928955,6,2,1,0.773381,0.854108,0.855327,0.854108,0.327755,0.333653
130_bNAb_Combinations|1314016|vc|7|2|nan|3430,0,0.883566,7,2,1,0.773381,0.854108,0.855327,0.854108,0.125708,0.13132
130_bNAb_Combinations|1314016|vc|8|2|nan|3430,0,0.902404,8,2,1,0.773368,0.8541,0.855319,0.8541,0.2096,0.21533
130_bNAb_Combinations|1314040|cc|1|1|nan|4166,0,0.000767291,1,1,0,0,0,0,0,0.338397,0.338397
130_bNAb_Combinations|1314040|cc|2|1|nan|4166,0,0.000630275,2,1,0,0,0,0,0,0.277969,0.277969
130_bNAb_Combinations|1314040|cc|3|1|nan|4166,0,0,3,1,0,0,0,0,0,0,0
130_bNAb_Combinations|1314040|cc|4|1|nan|4166,0,0.00104132,4,1,0,0,0,0,0,0.459253,0.459253
130_bNAb_Combinations|1314040|cc|5|1|nan|4166,0,0.00117834,5,1,0,0,0,0,0,0.519681,0.519681
130_bNAb_Combinations|1314040|cc|6|1|nan|4166,0,0.00202784,6,1,0,0,0,0,0,0.894335,0.894335
130_bNAb_Combinations|1314040|cc|7|1|nan|4166,0,0.001699,7,1,0,0,0,0,0,0.749308,0.749308
130_bNAb_Combinations|1314040|cc|8|1|nan|4166,0,0.00219226,8,1,0,0,0,0,0,0.966849,0.966849
130_bNAb_Combinations|1314040|sample|10|nan|4166,0.0003648,0.809588,1,10,1,0.773368,0.852233,0.792864,0.764789,0.0802487,0.222766
130_bNAb_Combinations|1314040|sample|10|nan|4166,0.001824,0.790529,2,10,1,0.773381,0.851875,0.681941,0.628386,0.604728,0.978875
130_bNAb_Combinations|1314040|sample|10|nan|4166,0.00912,0.456991,3,10,1,0.773394,0.849427,0.439131,0.362065,0.153379,0.984687
130_bNAb_Combinations|1314040|sample|10|nan|4166,0.0456,0.0730023,4,10,1,0.773394,0.833107,0.122934,0.0788588,-1.45874,-0.257202
130_bNAb_Combinations|1314040|sample|10|nan|4166,0.228,0.0016442,5,10,1,0.773393,0.731334,0.0064651,0.00462148,-1.22101,-0.858261
130_bNAb_Combinations|1314040|sample|10|nan|4166,1.14,0.00145237,6,10,1,0.773379,0.305837,0.00373513,0.00367566,-0.704874,-0.689805
130_bNAb_Combinations|1314040|sample|10|nan|4166,5.7,0.000876905,7,10,1,0.770937,0.00452575,0.00373505,0.00367562,-0.882549,-0.868342
130_bNAb_Combinations|1314040|sample|10|nan|4166,28.5,0.00142497,8,10,1,0.445849,0.00367559,0.00373501,0.00367559,-0.713306,-0.698288
130_bNAb_Combinations|1314040|sample|11|nan|4166,0.0003712,0.722789,1,11,1,0.773368,0.852232,0.805337,0.806437,-0.390028,-0.39469
130_bNAb_Combinations|1314040|sample|11|nan|4166,0.001856,0.682835,2,11,1,0.773381,0.851866,0.710081,0.719828,-0.145794,-0.1953
130_bNAb_Combinations|1314040|sample|11|nan|4166,0.00928,0.694111,3,11,1,0.773381,0.849359,0.48644,0.508987,1.61314,1.37537
130_bNAb_Combinations|1314040|sample|11|nan|4166,0.0464,0.1565,4,11,1,0.773381,0.832702,0.157401,0.177999,-0.0208634,-0.442854
130_bNAb_Combinations|1314040|sample|11|nan|4166,0.2319999999999999,0.0120848,5,11,1,0.773381,0.72899,0.00869678,0.010499,0.74816,0.317344
130_bNAb_Combinations|1314040|sample|11|nan|4166,1.16,0.000876905,6,11,1,0.773366,0.299383,0.00373523,0.003676,-0.882592,-0.868433
130_bNAb_Combinations|1314040|sample|11|nan|4166,5.8,0.000959114,7,11,1,0.770798,0.00441202,0.00373505,0.00367562,-0.857164,-0.842835
130_bNAb_Combinations|1314040|sample|11|nan|4166,6,0.00120574,8,11,1,0.770489,0.00422829,0.00373501,0.00367559,-0.781,-0.766306
130_bNAb_Combinations|1314040|sample|12|nan|4166,0.0003712,0.634577,1,12,1,0.773368,0.852232,0.802839,0.788996,-0.797453,-0.744545
130_bNAb_Combinations|1314040|sample|12|nan|4166,0.001856,0.570344,2,12,1,0.773368,0.851858,0.704274,0.679575,-0.72249,-0.610396
130_bNAb_Combinations|1314040|sample|12|nan|4166,0.00928,0.44666,3,12,1,0.773368,0.849351,0.47623,0.438844,-0.234531,0.0671651
130_bNAb_Combinations|1314040|sample|12|nan|4166,0.0464,0.130275,4,12,1,0.773368,0.832694,0.149331,0.123356,-0.463745,0.20151
130_bNAb_Combinations|1314040|sample|12|nan|4166,0.2319999999999999,0.00937192,5,12,1,0.773368,0.728983,0.008088,0.00642174,0.293786,0.749341
130_bNAb_Combinations|1314040|sample|12|nan|4166,1.16,0.000685082,6,12,1,0.773354,0.299381,0.00373514,0.00367564,-0.941804,-0.927861
130_bNAb_Combinations|1314040|sample|12|nan|4166,5.8,0.000959114,7,12,1,0.770785,0.00441198,0.00373501,0.00367559,-0.857155,-0.842827
130_bNAb_Combinations|1314040|sample|12|nan|4166,29,0.00142497,8,12,1,0.432017,0.00367559,0.00373501,0.00367559,-0.713306,-0.698288
130_bNAb_Combinations|1314040|sample|3|nan|4166,0.000064,0.931259,1,3,1,0.773368,0.852289,0.830313,0.822537,0.462755,0.503063
130_bNAb_Combinations|1314040|sample|3|nan|4166,0.00032,0.9236,2,3,1,0.773381,0.852251,0.782574,0.771205,0.68549,0.751549
130_bNAb_Combinations|1314040|sample|3|nan|4166,0.0016,0.710882,3,3,1,0.773394,0.851945,0.661342,0.643396,0.284366,0.398042
130_bNAb_Combinations|1314040|sample|3|nan|4166,0.008,0.333703,4,3,1,0.773394,0.849841,0.410232,0.386951,-0.702587,-0.517616
130_bNAb_Combinations|1314040|sample|3|nan|4166,0.04,0.08358,5,3,1,0.773394,0.835837,0.107422,0.0945542,-0.789572,-0.408714
130_bNAb_Combinations|1314040|sample|3|nan|4166,0.2,0.0126329,6,3,1,0.773393,0.747575,0.00589855,0.00528758,1.77173,2.01675
130_bNAb_Combinations|1314040|sample|3|nan|4166,1,0.0107147,7,3,1,0.773372,0.354076,0.00373509,0.00367564,2.15518,2.18396
130_bNAb_Combinations|1314040|sample|3|nan|4166,5,0.00452154,8,3,1,0.771762,0.00595569,0.00373501,0.00367559,0.242868,0.262469
130_bNAb_Combinations|1314040|sample|4|nan|4166,0.000064,0.849679,1,4,1,0.773368,0.852289,0.845057,0.839839,0.0208227,0.0446024
130_bNAb_Combinations|1314040|sample|4|nan|4166,0.00032,0.922147,2,4,1,0.773381,0.852251,0.819765,0.814409,0.475313,0.503436
130_bNAb_Combinations|1314040|sample|4|nan|4166,0.0016,0.857325,3,4,1,0.773394,0.851945,0.74622,0.740625,0.56606,0.599002
130_bNAb_Combinations|1314040|sample|4|nan|4166,0.008,0.429779,4,4,1,0.773406,0.849849,0.558113,0.552529,-0.870818,-0.841212
130_bNAb_Combinations|1314040|sample|4|nan|4166,0.04,0.0907322,5,4,1,0.773406,0.835845,0.228433,0.224718,-2.2333,-2.20763
130_bNAb_Combinations|1314040|sample|4|nan|4166,0.2,0.0240601,6,4,1,0.773393,0.747575,0.017593,0.0171019,0.945273,1.03641
130_bNAb_Combinations|1314040|sample|4|nan|4166,1,0.0110435,7,4,1,0.773372,0.354076,0.00373775,0.00367816,2.25542,2.28474
130_bNAb_Combinations|1314040|sample|4|nan|4166,5,0.00460375,8,4,1,0.771762,0.00595569,0.00373501,0.00367559,0.268253,0.287976
130_bNAb_Combinations|1314040|sample|5|nan|4166,0.0006144,0.779376,1,5,1,0.773368,0.852179,0.770116,0.732486,0.04573,0.243321
130_bNAb_Combinations|1314040|sample|5|nan|4166,0.003072,0.614409,2,5,1,0.773381,0.851508,0.625532,0.556616,-0.067455,0.393191
130_bNAb_Combinations|1314040|sample|5|nan|4166,0.01536,0.200195,3,5,1,0.773394,0.846971,0.340249,0.257957,-1.54365,-0.833104
130_bNAb_Combinations|1314040|sample|5|nan|4166,0.0768,0.0378713,4,5,1,0.773406,0.817064,0.059319,0.0323715,-1.21243,0.514788
130_bNAb_Combinations|1314040|sample|5|nan|4166,0.384,0.0177847,5,5,1,0.773406,0.64183,0.00402338,0.00373997,4.15315,4.33508
130_bNAb_Combinations|1314040|sample|5|nan|4166,1.92,0.0106325,6,5,1,0.773319,0.128984,0.00373508,0.00367566,2.1298,2.15844
130_bNAb_Combinations|1314040|sample|5|nan|4166,9.6,0.00548065,7,5,1,0.760467,0.00367811,0.00373505,0.00367562,0.539016,0.560037
130_bNAb_Combinations|1314040|sample|5|nan|4166,48,0.00260331,8,5,1,0.043957,0.00367559,0.00373501,0.00367559,-0.349452,-0.33269
130_bNAb_Combinations|1314040|sample|6|nan|4166,0.0006144,0.836677,1,6,1,0.773368,0.852179,0.783778,0.734746,0.256736,0.527333
130_bNAb_Combinations|1314040|sample|6|nan|4166,0.003072,0.59672,2,6,1,0.773381,0.851508,0.654764,0.560855,-0.336486,0.242194
130_bNAb_Combinations|1314040|sample|6|nan|4166,0.01536,0.231763,3,6,1,0.773394,0.846971,0.382004,0.26269,-1.47896,-0.438278
130_bNAb_Combinations|1314040|sample|6|nan|4166,0.0768,0.0379261,4,6,1,0.773406,0.817064,0.0779527,0.033639,-1.77624,0.389271
130_bNAb_Combinations|1314040|sample|6|nan|4166,0.384,0.0173463,5,6,1,0.773406,0.64183,0.00430568,0.0037465,3.85034,4.19553
130_bNAb_Combinations|1314040|sample|6|nan|4166,1.92,0.00800175,6,6,1,0.773319,0.128984,0.00373508,0.00367566,1.31748,1.34223
130_bNAb_Combinations|1314040|sample|6|nan|4166,9.6,0.00649457,7,6,1,0.760467,0.00367811,0.00373505,0.00367562,0.852099,0.87462
130_bNAb_Combinations|1314040|sample|6|nan|4166,48,0.00227447,8,6,1,0.043957,0.00367559,0.00373501,0.00367559,-0.450993,-0.434717
130_bNAb_Combinations|1314040|sample|7|nan|4166,0.0000768,0.895881,1,7,1,0.773368,0.852287,0.834969,0.829166,0.277693,0.306251
130_bNAb_Combinations|1314040|sample|7|nan|4166,0.000384,1,2,7,1,0.773381,0.852237,0.793094,0.78633,0.992519,1.03369
130_bNAb_Combinations|1314040|sample|7|nan|4166,0.00192,0.885057,3,7,1,0.773394,0.851857,0.6818,0.673246,1.13217,1.19461
130_bNAb_Combinations|1314040|sample|7|nan|4166,0.0096,0.541804,4,7,1,0.773406,0.849255,0.437526,0.427707,0.898783,1.00554
130_bNAb_Combinations|1314040|sample|7|nan|4166,0.048,0.108462,5,7,1,0.773406,0.831927,0.120596,0.115149,-0.360901,-0.207639
130_bNAb_Combinations|1314040|sample|7|nan|4166,0.24,0.00367204,6,7,1,0.773393,0.724363,0.00624529,0.00594015,-0.661309,-0.595022
130_bNAb_Combinations|1314040|sample|7|nan|4166,1.2,0.00134276,7,7,1,0.773364,0.286937,0.00373508,0.00367565,-0.738709,-0.723811
130_bNAb_Combinations|1314040|sample|7|nan|4166,6,0.00120574,8,7,1,0.770489,0.00422874,0.00373501,0.00367559,-0.781,-0.766306
130_bNAb_Combinations|1314040|sample|8|nan|4166,0.0000768,0.844966,1,8,1,0.773368,0.852287,0.836149,0.830909,0.0401403,0.0643963
130_bNAb_Combinations|1314040|sample|8|nan|4166,0.000384,0.936,2,8,1,0.773381,0.852237,0.796048,0.790674,0.668879,0.699234
130_bNAb_Combinations|1314040|sample|8|nan|4166,0.00192,0.95599,3,8,1,0.773394,0.851857,0.688401,0.682904,1.47639,1.51869
130_bNAb_Combinations|1314040|sample|8|nan|4166,0.0096,0.549326,4,8,1,0.773406,0.849255,0.448354,0.443403,0.849673,0.9011
130_bNAb_Combinations|1314040|sample|8|nan|4166,0.048,0.117697,5,8,1,0.773406,0.831927,0.127957,0.125626,-0.288739,-0.22699
130_bNAb_Combinations|1314040|sample|8|nan|4166,0.24,0.00523402,6,8,1,0.773393,0.724363,0.00663826,0.00647854,-0.351645,-0.314925
130_bNAb_Combinations|1314040|sample|8|nan|4166,1.2,0.00183602,7,8,1,0.773364,0.286937,0.00373509,0.00367567,-0.586402,-0.570775
130_bNAb_Combinations|1314040|sample|8|nan|4166,29,0.00120574,8,8,1,0.432017,0.00367559,0.00373501,0.00367559,-0.781,-0.766306
130_bNAb_Combinations|1314040|sample|9|nan|4166,0.0003648,0.860586,1,9,1,0.773368,0.852233,0.786757,0.784412,0.356978,0.369405
130_bNAb_Combinations|1314040|sample|9|nan|4166,0.001824,0.800655,2,9,1,0.773381,0.851875,0.668577,0.669704,0.750055,0.742417
130_bNAb_Combinations|1314040|sample|9|nan|4166,0.00912,0.529856,3,9,1,0.773394,0.849427,0.417891,0.423446,1.00946,0.947045
130_bNAb_Combinations|1314040|sample|9|nan|4166,0.0456,0.113285,4,9,1,0.773406,0.833115,0.109201,0.11362,0.1332,-0.0105387
130_bNAb_Combinations|1314040|sample|9|nan|4166,0.228,0.00408309,5,9,1,0.773406,0.731341,0.00578202,0.00595175,-0.450561,-0.489842
130_bNAb_Combinations|1314040|sample|9|nan|4166,1.14,0.000959114,6,9,1,0.773379,0.305837,0.00373511,0.00367569,-0.857178,-0.842852
130_bNAb_Combinations|1314040|sample|9|nan|4166,5.7,0.00134276,7,9,1,0.770937,0.00452575,0.00373505,0.00367562,-0.7387,-0.723804
130_bNAb_Combinations|1314040|sample|9|nan|4166,28.5,0.00109613,8,9,1,0.445849,0.00367559,0.00373501,0.00367559,-0.814847,-0.800315
130_bNAb_Combinations|1314040|vc|1|2|nan|4166,0,0.872575,1,2,1,0.773368,0.852297,0.857415,0.852297,0.067321,0.0905819
130_bNAb_Combinations|1314040|vc|2|2|nan|4166,0,0.811123,2,2,1,0.773381,0.852306,0.857423,0.852306,-0.205604,-0.183966
130_bNAb_Combinations|1314040|vc|3|2|nan|4166,0,0.8264,3,2,1,0.773381,0.852306,0.857423,0.852306,-0.137762,-0.115721
130_bNAb_Combinations|1314040|vc|4|2|nan|4166,0,0.88503,4,2,1,0.773381,0.852306,0.857423,0.852306,0.122593,0.146181
130_bNAb_Combinations|1314040|vc|5|2|nan|4166,0,0.762811,5,2,1,0.773381,0.852306,0.857423,0.852306,-0.420143,-0.39978
130_bNAb_Combinations|1314040|vc|6|2|nan|4166,0,0.755714,6,2,1,0.773381,0.852306,0.857423,0.852306,-0.45166,-0.431485
130_bNAb_Combinations|1314040|vc|7|2|nan|4166,0,0.742903,7,2,1,0.773381,0.852306,0.857423,0.852306,-0.50855,-0.488713
130_bNAb_Combinations|1314040|vc|8|2|nan|4166,0,0.592911,8,2,1,0.773368,0.852297,0.857415,0.852297,-1.17459,-1.15871
130_bNAb_Combinations|1314058|cc|1|1|nan|2944,0,0.00196858,1,1,0,0,0,0,0,0.868201,0.868201
130_bNAb_Combinations|1314058|cc|2|1|nan|2944,0,0.000401752,2,1,0,0,0,0,0,0.177184,0.177184
130_bNAb_Combinations|1314058|cc|3|1|nan|2944,0,0.00192841,3,1,0,0,0,0,0,0.850482,0.850482
130_bNAb_Combinations|1314058|cc|4|1|nan|2944,0,0.00156683,4,1,0,0,0,0,0,0.691017,0.691017
130_bNAb_Combinations|1314058|cc|5|1|nan|2944,0,0.00192841,5,1,0,0,0,0,0,0.850482,0.850482
130_bNAb_Combinations|1314058|cc|6|1|nan|2944,0,0.00273191,6,1,0,0,0,0,0,1.20485,1.20485
130_bNAb_Combinations|1314058|cc|7|1|nan|2944,0,0.00228998,7,1,0,0,0,0,0,1.00995,1.00995
130_bNAb_Combinations|1314058|cc|8|1|nan|2944,0,0,8,1,0,0,0,0,0,0,0
130_bNAb_Combinations|1314058|sample|10|nan|2944,0.0003648,0.569001,1,10,1,0.773368,0.773311,0.722578,0.719897,-0.807742,-0.79656
130_bNAb_Combinations|1314058|sample|10|nan|2944,0.001824,0.774678,2,10,1,0.773381,0.772991,0.631203,0.625741,0.862356,0.902896
130_bNAb_Combinations|1314058|sample|10|nan|2944,0.00912,0.604516,3,10,1,0.773394,0.770775,0.422568,0.413705,1.62263,1.73738
130_bNAb_Combinations|1314058|sample|10|nan|2944,0.0456,0.103933,4,10,1,0.773394,0.755969,0.129665,0.123224,-0.715179,-0.562332
130_bNAb_Combinations|1314058|sample|10|nan|2944,0.228,0.00494155,5,10,1,0.773393,0.663633,0.00698354,0.00652839,-0.500111,-0.400238
130_bNAb_Combinations|1314058|sample|10|nan|2944,1.14,0.00176771,6,10,1,0.773379,0.277564,0.00337119,0.00333539,-0.510028,-0.500122
130_bNAb_Combinations|1314058|sample|10|nan|2944,5.7,0.00212928,7,10,1,0.770937,0.00410752,0.00337103,0.00333526,-0.394974,-0.384734
130_bNAb_Combinations|1314058|sample|10|nan|2944,28.5,0.00152666,8,10,1,0.445849,0.0033352,0.00337097,0.0033352,-0.586642,-0.576972
130_bNAb_Combinations|1314058|sample|11|nan|2944,0.0003712,0.654956,1,11,1,0.773368,0.77331,0.768976,0.768108,-0.563915,-0.560246
130_bNAb_Combinations|1314058|sample|11|nan|2944,0.001856,0.910209,2,11,1,0.773381,0.772983,0.75474,0.752935,0.783242,0.794213
130_bNAb_Combinations|1314058|sample|11|nan|2944,0.00928,0.826323,3,11,1,0.773381,0.770709,0.700838,0.696192,0.680208,0.710041
130_bNAb_Combinations|1314058|sample|11|nan|2944,0.0464,0.531096,4,11,1,0.773381,0.755599,0.522702,0.512077,0.0607523,0.140461
130_bNAb_Combinations|1314058|sample|11|nan|2944,0.2319999999999999,0.155357,5,11,1,0.773381,0.661517,0.164983,0.154892,-0.213136,0.0109285
130_bNAb_Combinations|1314058|sample|11|nan|2944,1.16,0.00719135,6,11,1,0.773366,0.271747,0.00498798,0.00467187,0.618185,0.72356
130_bNAb_Combinations|1314058|sample|11|nan|2944,5.8,0.000964204,7,11,1,0.770798,0.00400491,0.00337103,0.00333526,-0.765562,-0.756422
130_bNAb_Combinations|1314058|sample|11|nan|2944,29,0.00116508,8,11,1,0.432017,0.0033352,0.00337097,0.0033352,-0.701653,-0.692323
130_bNAb_Combinations|1314058|sample|12|nan|2944,0.0003712,0.691174,1,12,1,0.773368,0.77331,0.769566,0.767876,-0.387415,-0.379889
130_bNAb_Combinations|1314058|sample|12|nan|2944,0.001856,0.787493,2,12,1,0.773368,0.772971,0.756765,0.752141,0.1544,0.17871
130_bNAb_Combinations|1314058|sample|12|nan|2944,0.00928,0.705837,3,12,1,0.773368,0.770696,0.707371,0.693741,-0.00823703,0.0662335
130_bNAb_Combinations|1314058|sample|12|nan|2944,0.0464,0.438512,4,12,1,0.773368,0.755586,0.539261,0.506185,-0.707156,-0.505508
130_bNAb_Combinations|1314058|sample|12|nan|2944,0.2319999999999999,0.141899,5,12,1,0.773368,0.661507,0.182294,0.149391,-0.813398,-0.182258
130_bNAb_Combinations|1314058|sample|12|nan|2944,1.16,0.0106062,6,12,1,0.773354,0.271743,0.00557708,0.00453185,1.35286,1.7629
130_bNAb_Combinations|1314058|sample|12|nan|2944,5.8,0.000763328,7,12,1,0.770785,0.00400484,0.00337097,0.0033352,-0.829443,-0.820492
130_bNAb_Combinations|1314058|sample|12|nan|2944,29,0.000682978,8,12,1,0.432017,0.0033352,0.00337097,0.0033352,-0.855001,-0.846126
130_bNAb_Combinations|1314058|sample|3|nan|2944,0.000064,0.7568,1,3,1,0.773368,0.773362,0.693342,0.683933,0.347653,0.404623
130_bNAb_Combinations|1314058|sample|3|nan|2944,0.00032,0.711502,2,3,1,0.773381,0.773332,0.588312,0.571193,0.793631,0.930599
130_bNAb_Combinations|1314058|sample|3|nan|2944,0.0016,0.556567,3,3,1,0.773394,0.77306,0.390727,0.366637,1.59687,1.9462
130_bNAb_Combinations|1314058|sample|3|nan|2944,0.008,0.0999156,4,3,1,0.773394,0.771151,0.141939,0.124186,-1.07283,-0.702375
130_bNAb_Combinations|1314058|sample|3|nan|2944,0.04,0.00779398,5,3,1,0.773394,0.758446,0.0140896,0.0113966,-1.06155,-0.688785
130_bNAb_Combinations|1314058|sample|3|nan|2944,0.2,0.0069503,6,3,1,0.773393,0.678375,0.0033899,0.00334595,1.13073,1.14885
130_bNAb_Combinations|1314058|sample|3|nan|2944,1,0.00361576,7,3,1,0.773372,0.321354,0.00337103,0.00333526,0.0778456,0.0894882
130_bNAb_Combinations|1314058|sample|3|nan|2944,5,0.00610662,8,3,1,0.771762,0.00540701,0.00337097,0.0033352,0.870159,0.884152
130_bNAb_Combinations|1314058|sample|4|nan|2944,0.000064,0.636756,1,4,1,0.773368,0.773362,0.696095,0.692583,-0.32382,-0.306179
130_bNAb_Combinations|1314058|sample|4|nan|2944,0.00032,0.746153,2,4,1,0.773381,0.773332,0.593543,0.587323,0.974626,1.02494
130_bNAb_Combinations|1314058|sample|4|nan|2944,0.0016,0.537845,3,4,1,0.773394,0.77306,0.398402,0.389575,1.31738,1.43183
130_bNAb_Combinations|1314058|sample|4|nan|2944,0.008,0.0750874,4,4,1,0.773406,0.771163,0.147945,0.141142,-1.78872,-1.69531
130_bNAb_Combinations|1314058|sample|4|nan|2944,0.04,0.0161906,5,4,1,0.773406,0.758459,0.0150908,0.0139382,0.177642,0.382334
130_bNAb_Combinations|1314058|sample|4|nan|2944,0.2,0.00445944,6,4,1,0.773393,0.678375,0.00339362,0.00335374,0.338384,0.352207
130_bNAb_Combinations|1314058|sample|4|nan|2944,1,0.0061468,7,4,1,0.773372,0.321354,0.00337103,0.00333526,0.882916,0.896948
130_bNAb_Combinations|1314058|sample|4|nan|2944,5,0.00337471,8,4,1,0.771762,0.00540701,0.00337097,0.0033352,0.00118972,0.0126046
130_bNAb_Combinations|1314058|sample|5|nan|2944,0.0006144,0.421638,1,5,1,0.773368,0.773261,0.5142,0.450945,-0.680828,-0.245223
130_bNAb_Combinations|1314058|sample|5|nan|2944,0.003072,0.241091,2,5,1,0.773381,0.772658,0.280668,0.212564,-0.526012,0.495841
130_bNAb_Combinations|1314058|sample|5|nan|2944,0.01536,0.0357559,3,5,1,0.773394,0.768547,0.0641783,0.0371031,-1.49961,-0.113075
130_bNAb_Combinations|1314058|sample|5|nan|2944,0.0768,0.0111687,4,5,1,0.773406,0.74142,0.00478826,0.0037661,1.81658,2.28012
130_bNAb_Combinations|1314058|sample|5|nan|2944,0.384,0.00397734,5,5,1,0.773406,0.582443,0.00337127,0.00333538,0.192774,0.204799
130_bNAb_Combinations|1314058|sample|5|nan|2944,1.92,0.0050219,6,5,1,0.773319,0.117092,0.00337108,0.00333531,0.525087,0.538057
130_bNAb_Combinations|1314058|sample|5|nan|2944,9.6,0.00289261,7,5,1,0.760467,0.00333752,0.00337103,0.00333526,-0.152175,-0.141214
130_bNAb_Combinations|1314058|sample|5|nan|2944,48,0.00337471,8,5,1,0.043957,0.0033352,0.00337097,0.0033352,0.00118972,0.0126046
130_bNAb_Combinations|1314058|sample|6|nan|2944,0.0006144,0.459122,1,6,1,0.773368,0.773261,0.396009,0.39858,0.599778,0.571721
130_bNAb_Combinations|1314058|sample|6|nan|2944,0.003072,0.181552,2,6,1,0.773381,0.772658,0.162749,0.164982,0.421771,0.366901
130_bNAb_Combinations|1314058|sample|6|nan|2944,0.01536,0.0224981,3,6,1,0.773394,0.768547,0.0228104,0.0233437,-0.0381015,-0.101428
130_bNAb_Combinations|1314058|sample|6|nan|2944,0.0768,0.00879836,4,6,1,0.773406,0.74142,0.00351676,0.00348943,1.65996,1.67229
130_bNAb_Combinations|1314058|sample|6|nan|2944,0.384,0.00377647,5,6,1,0.773406,0.582443,0.00337114,0.00333537,0.128924,0.140719
130_bNAb_Combinations|1314058|sample|6|nan|2944,1.92,0.00425857,6,6,1,0.773319,0.117092,0.00337108,0.00333531,0.282289,0.294539
130_bNAb_Combinations|1314058|sample|6|nan|2944,9.6,0.00349524,7,6,1,0.760467,0.00333752,0.00337103,0.00333526,0.0395089,0.0510378
130_bNAb_Combinations|1314058|sample|6|nan|2944,48,0.00317384,8,6,1,0.043957,0.0033352,0.00337097,0.0033352,-0.0627051,-0.0514798
130_bNAb_Combinations|1314058|sample|7|nan|2944,0.0000768,0.772267,1,7,1,0.773368,0.77336,0.756763,0.753605,0.0779013,0.0941575
130_bNAb_Combinations|1314058|sample|7|nan|2944,0.000384,0.792997,2,7,1,0.773381,0.77332,0.723815,0.716566,0.36325,0.405324
130_bNAb_Combinations|1314058|sample|7|nan|2944,0.00192,0.847113,3,7,1,0.773394,0.772979,0.633493,0.617679,1.27939,1.4088
130_bNAb_Combinations|1314058|sample|7|nan|2944,0.0096,0.388996,4,7,1,0.773406,0.770624,0.425294,0.399076,-0.321676,-0.0950688
130_bNAb_Combinations|1314058|sample|7|nan|2944,0.048,0.102889,5,7,1,0.773406,0.754903,0.130467,0.11176,-0.762096,-0.28321
130_bNAb_Combinations|1314058|sample|7|nan|2944,0.24,0.00903941,6,7,1,0.773393,0.657309,0.00691324,0.00575826,0.523067,0.871599
130_bNAb_Combinations|1314058|sample|7|nan|2944,1.2,0.00305331,7,7,1,0.773364,0.260412,0.00337112,0.0033353,-0.101086,-0.0899589
130_bNAb_Combinations|1314058|sample|7|nan|2944,6,0.00325419,8,7,1,0.770489,0.00383773,0.00337097,0.0033352,-0.0371472,-0.025846
130_bNAb_Combinations|1314058|sample|8|nan|2944,0.0000768,0.84412,1,8,1,0.773368,0.77336,0.760552,0.757222,0.41783,0.436369
130_bNAb_Combinations|1314058|sample|8|nan|2944,0.000384,0.940119,2,8,1,0.773381,0.77332,0.733674,0.725749,1.06957,1.12262
130_bNAb_Combinations|1314058|sample|8|nan|2944,0.00192,0.824917,3,8,1,0.773394,0.772979,0.656777,0.638627,0.971773,1.10686
130_bNAb_Combinations|1314058|sample|8|nan|2944,0.0096,0.591097,4,8,1,0.773406,0.770624,0.467359,0.43471,0.999686,1.35649
130_bNAb_Combinations|1314058|sample|8|nan|2944,0.048,0.135872,5,8,1,0.773406,0.754903,0.165333,0.137886,-0.651029,-0.0528379
130_bNAb_Combinations|1314058|sample|8|nan|2944,0.24,0.00361576,6,8,1,0.773393,0.657309,0.00978947,0.00740897,-1.28282,-0.904502
130_bNAb_Combinations|1314058|sample|8|nan|2944,1.2,0.00329436,7,8,1,0.773364,0.260412,0.00337137,0.00333538,-0.0244946,-0.0130849
130_bNAb_Combinations|1314058|sample|8|nan|2944,6,0.00289261,8,8,1,0.770489,0.00383773,0.00337097,0.0033352,-0.152158,-0.141198
130_bNAb_Combinations|1314058|sample|9|nan|2944,0.0003648,0.631373,1,9,1,0.773368,0.773311,0.717761,0.714271,-0.457372,-0.441016
130_bNAb_Combinations|1314058|sample|9|nan|2944,0.001824,0.855028,2,9,1,0.773381,0.772991,0.620317,0.613178,1.43515,1.49578
130_bNAb_Combinations|1314058|sample|9|nan|2944,0.00912,0.528323,3,9,1,0.773394,0.770775,0.404256,0.393006,1.15551,1.29558
130_bNAb_Combinations|1314058|sample|9|nan|2944,0.0456,0.0948536,4,9,1,0.773406,0.755981,0.116387,0.108826,-0.662029,-0.457187
130_bNAb_Combinations|1314058|sample|9|nan|2944,0.228,0.00401752,5,9,1,0.773406,0.663644,0.00614085,0.00569109,-0.549517,-0.446635
130_bNAb_Combinations|1314058|sample|9|nan|2944,1.14,0.00309349,6,9,1,0.773379,0.277564,0.00337114,0.00333535,-0.0883151,-0.0771599
130_bNAb_Combinations|1314058|sample|9|nan|2944,5.7,0.00200876,7,9,1,0.770937,0.00410752,0.00337103,0.00333526,-0.43331,-0.423184
130_bNAb_Combinations|1314058|sample|9|nan|2944,28.5,0.00369612,8,9,1,0.445849,0.0033352,0.00337097,0.0033352,0.103421,0.11514
130_bNAb_Combinations|1314058|vc|1|2|nan|2944,0,0.691535,1,2,1,0.773368,0.773369,0.773846,0.773369,-0.404555,-0.402456
130_bNAb_Combinations|1314058|vc|2|2|nan|2944,0,0.932385,2,2,1,0.773381,0.773382,0.773859,0.773382,0.779138,0.781959
130_bNAb_Combinations|1314058|vc|3|2|nan|2944,0,1,3,2,1,0.773381,0.773382,0.773859,0.773382,1.11146,1.11448
130_bNAb_Combinations|1314058|vc|4|2|nan|2944,0,0.97479,4,2,1,0.773381,0.773382,0.773859,0.773382,0.987553,0.990501
130_bNAb_Combinations|1314058|vc|5|2|nan|2944,0,0.982805,5,2,1,0.773381,0.773382,0.773859,0.773382,1.02695,1.02992
130_bNAb_Combinations|1314058|vc|6|2|nan|2944,0,0.897594,6,2,1,0.773381,0.773382,0.773859,0.773382,0.608141,0.610858
130_bNAb_Combinations|1314058|vc|7|2|nan|2944,0,0.932385,7,2,1,0.773381,0.773382,0.773859,0.773382,0.779138,0.781959
130_bNAb_Combinations|1314058|vc|8|2|nan|2944,0,0.756117,8,2,1,0.773368,0.773369,0.773846,0.773369,-0.0871391,-0.084847
130_bNAb_Combinations|1342240|cc|1|1|nan|1798,0,0.000747678,1,1,0,0,0,0,0,0.329747,0.329747
130_bNAb_Combinations|1342240|cc|2|1|nan|1798,0,0.000889479,2,1,0,0,0,0,0,0.392285,0.392285
130_bNAb_Combinations|1342240|cc|3|1|nan|1798,0,0.00106995,3,1,0,0,0,0,0,0.471879,0.471879
130_bNAb_Combinations|1342240|cc|4|1|nan|1798,0,0.0011473,4,1,0,0,0,0,0,0.505991,0.505991
130_bNAb_Combinations|1342240|cc|5|1|nan|1798,0,0.00125043,5,1,0,0,0,0,0,0.551474,0.551474
130_bNAb_Combinations|1342240|cc|6|1|nan|1798,0,0.00109574,6,1,0,0,0,0,0,0.48325,0.48325
130_bNAb_Combinations|1342240|cc|7|1|nan|1798,0,0.00113441,7,1,0,0,0,0,0,0.500306,0.500306
130_bNAb_Combinations|1342240|cc|8|1|nan|1798,0,0.00134066,8,1,0,0,0,0,0,0.591271,0.591271
130_bNAb_Combinations|1342240|sample|3|nan|1798,0.0010624,0.835221,1,3,1,0.773368,0.77318,0.773645,0.773151,0.302719,0.305339
130_bNAb_Combinations|1342240|sample|3|nan|1798,0.005312,0.877793,2,3,1,0.773381,0.772016,0.772421,0.771848,0.518843,0.522047
130_bNAb_Combinations|1342240|sample|3|nan|1798,0.02656,0.931355,3,3,1,0.773394,0.764168,0.764235,0.763228,0.831604,0.837705
130_bNAb_Combinations|1342240|sample|3|nan|1798,0.1328,0.830071,4,3,1,0.773393,0.713401,0.711728,0.708596,0.631803,0.651356
130_bNAb_Combinations|1342240|sample|3|nan|1798,0.664,0.362418,5,3,1,0.773391,0.44989,0.443063,0.434282,-0.68658,-0.623951
130_bNAb_Combinations|1342240|sample|3|nan|1798,3.32,0.0234358,6,3,1,0.772961,0.0233047,0.0217972,0.0201489,0.206518,0.437916
130_bNAb_Combinations|1342240|sample|3|nan|1798,83,0.000966825,8,3,1,0.00333543,0.00333528,0.00337105,0.00333528,-0.764733,-0.755591
130_bNAb_Combinations|1342240|sample|4|nan|1798,0.0010624,0.808053,1,4,1,0.773368,0.77318,0.773587,0.77312,0.169455,0.171853
130_bNAb_Combinations|1342240|sample|4|nan|1798,0.005312,0.88955,2,4,1,0.773381,0.772016,0.77209,0.771671,0.578609,0.580987
130_bNAb_Combinations|1342240|sample|4|nan|1798,0.02656,0.902873,3,4,1,0.773394,0.764168,0.762405,0.762249,0.700636,0.701558
130_bNAb_Combinations|1342240|sample|4|nan|1798,0.1328,0.803702,4,4,1,0.773406,0.713413,0.702565,0.703712,0.546897,0.539825
130_bNAb_Combinations|1342240|sample|4|nan|1798,0.664,0.370758,5,4,1,0.773404,0.449897,0.414443,0.4191,-0.397066,-0.434616
130_bNAb_Combinations|1342240|sample|4|nan|1798,3.32,0.0203936,6,4,1,0.772961,0.0233047,0.0167402,0.0175121,0.551884,0.422484
130_bNAb_Combinations|1342240|sample|4|nan|1798,16.6,3.8673e-05,7,4,1,0.701551,0.00333533,0.0033711,0.00333533,-1.05997,-1.0517
130_bNAb_Combinations|1342240|sample|4|nan|1798,83,0.000747678,8,4,1,0.00333543,0.00333528,0.00337105,0.00333528,-0.834439,-0.825504
130_bNAb_Combinations|1342240|sample|8|nan|1798,16.6,0.000721896,7,8,1,0.701551,0.00333533,0.0033711,0.00333533,-0.842654,-0.833742
130_bNAb_Combinations|1342240|vc|1|2|nan|1798,0,0.862537,1,2,1,0.773368,0.773386,0.773863,0.773386,0.435816,0.438428
130_bNAb_Combinations|1342240|vc|2|2|nan|1798,0,0.923324,2,2,1,0.773381,0.773399,0.773876,0.773399,0.734504,0.737298
130_bNAb_Combinations|1342240|vc|3|2|nan|1798,0,0.944627,3,2,1,0.773381,0.773399,0.773876,0.773399,0.8392,0.842058
130_bNAb_Combinations|1342240|vc|4|2|nan|1798,0,1,4,2,1,0.773381,0.773399,0.773876,0.773399,1.11135,1.11437
130_bNAb_Combinations|1342240|vc|5|2|nan|1798,0,0.995817,5,2,1,0.773381,0.773399,0.773876,0.773399,1.09079,1.0938
130_bNAb_Combinations|1342240|vc|6|2|nan|1798,0,0.979742,6,2,1,0.773381,0.773399,0.773876,0.773399,1.01178,1.01475
130_bNAb_Combinations|1342240|vc|7|2|nan|1798,0,0.912625,7,2,1,0.773381,0.773399,0.773876,0.773399,0.681918,0.68468
130_bNAb_Combinations|1342240|vc|8|2|nan|1798,0,0.732654,8,2,1,0.773368,0.773386,0.773863,0.773386,-0.20254,-0.200318
130_bNAb_Combinations|1342258|cc|1|1|TRO.11|8301,0,0.000586773,1,1,0,0,0,0,0,0.258783,0.258783
130_bNAb_Combinations|1342258|cc|2|1|TRO.11|8301,0,0.000602214,2,1,0,0,0,0,0,0.265594,0.265594
130_bNAb_Combinations|1342258|cc|3|1|TRO.11|8301,0,0.000756628,3,1,0,0,0,0,0,0.333694,0.333694
130_bNAb_Combinations|1342258|cc|4|1|TRO.11|8301,0,0.000694863,4,1,0,0,0,0,0,0.306454,0.306454
130_bNAb_Combinations|1342258|cc|5|1|TRO.11|8301,0,0.000957366,5,1,0,0,0,0,0,0.422226,0.422226
130_bNAb_Combinations|1342258|cc|6|1|TRO.11|8301,0,0.000648538,6,1,0,0,0,0,0,0.286024,0.286024
130_bNAb_Combinations|1342258|cc|7|1|TRO.11|8301,0,0.00103457,7,1,0,0,0,0,0,0.456276,0.456276
130_bNAb_Combinations|1342258|cc|8|1|TRO.11|8301,0,0.00112722,8,1,0,0,0,0,0,0.497137,0.497137
130_bNAb_Combinations|1342258|sample|3|TRO.11|8301,0.0010624,1,1,3,1,0.773368,0.773171,0.767454,0.765598,1.15237,1.16434
130_bNAb_Combinations|1342258|sample|3|TRO.11|8301,0.005312,0.977008,2,3,1,0.773381,0.772007,0.746729,0.741324,1.17244,1.2086
130_bNAb_Combinations|1342258|sample|3|TRO.11|8301,0.02656,0.852774,3,3,1,0.773394,0.76416,0.663832,0.647735,1.08055,1.20136
130_bNAb_Combinations|1342258|sample|3|TRO.11|8301,0.1328,0.409135,4,3,1,0.773393,0.713397,0.400741,0.368546,0.0788529,0.413811
130_bNAb_Combinations|1342258|sample|3|TRO.11|8301,0.664,0.0368586,5,3,1,0.773391,0.449904,0.048325,0.037366,-0.773108,-0.0423454
130_bNAb_Combinations|1342258|sample|3|TRO.11|8301,3.32,0.000988249,6,3,1,0.772961,0.0233102,0.00337531,0.00333715,-0.759006,-0.749237
130_bNAb_Combinations|1342258|sample|3|TRO.11|8301,16.6,0.000617656,7,3,1,0.701551,0.00333529,0.00337106,0.00333529,-0.875801,-0.866987
130_bNAb_Combinations|1342258|sample|3|TRO.11|8301,83,0.0017912,8,3,1,0.00333543,0.00333524,0.00337101,0.00333524,-0.502505,-0.492585
130_bNAb_Combinations|1342258|sample|4|TRO.11|8301,0.0010624,0.951962,1,4,1,0.773368,0.773171,0.767286,0.766737,0.915347,0.918716
130_bNAb_Combinations|1342258|sample|4|TRO.11|8301,0.005312,0.975433,2,4,1,0.773381,0.772007,0.74612,0.745392,1.16846,1.1733
130_bNAb_Combinations|1342258|sample|4|TRO.11|8301,0.02656,0.81302,3,4,1,0.773394,0.76416,0.661859,0.66061,0.867022,0.875821
130_bNAb_Combinations|1342258|sample|4|TRO.11|8301,0.1328,0.42409,4,4,1,0.773406,0.713409,0.396568,0.394628,0.261191,0.280947
130_bNAb_Combinations|1342258|sample|4|TRO.11|8301,0.664,0.0475286,5,4,1,0.773404,0.449912,0.0467543,0.0461195,0.053682,0.0988261
130_bNAb_Combinations|1342258|sample|4|TRO.11|8301,3.32,0.000586773,6,4,1,0.772961,0.0233102,0.00337487,0.00333897,-0.886555,-0.877744
130_bNAb_Combinations|1342258|sample|4|TRO.11|8301,16.6,0.00101913,7,4,1,0.701551,0.00333529,0.00337106,0.00333529,-0.748099,-0.738907
130_bNAb_Combinations|1342258|sample|4|TRO.11|8301,83,0.00205371,8,4,1,0.00333543,0.00333524,0.00337101,0.00333524,-0.419008,-0.40884
130_bNAb_Combinations|1342258|vc|1|2|TRO.11|8301,0,0.96755,1,2,1,0.773368,0.773377,0.773854,0.773377,0.951996,0.954921
130_bNAb_Combinations|1342258|vc|2|2|TRO.11|8301,0,0.984057,2,2,1,0.773381,0.77339,0.773867,0.77339,1.03305,1.03602
130_bNAb_Combinations|1342258|vc|3|2|TRO.11|8301,0,0.968554,3,2,1,0.773381,0.77339,0.773867,0.77339,0.956851,0.95978
130_bNAb_Combinations|1342258|vc|4|2|TRO.11|8301,0,0.996418,4,2,1,0.773381,0.77339,0.773867,0.77339,1.0938,1.09681
130_bNAb_Combinations|1342258|vc|5|2|TRO.11|8301,0,0.95952,5,2,1,0.773381,0.77339,0.773867,0.77339,0.912455,0.915357
130_bNAb_Combinations|1342258|vc|6|2|TRO.11|8301,0,0.92514,6,2,1,0.773381,0.77339,0.773867,0.77339,0.743482,0.746281
130_bNAb_Combinations|1342258|vc|7|2|TRO.11|8301,0,0.920917,7,2,1,0.773381,0.77339,0.773867,0.77339,0.722726,0.725512
130_bNAb_Combinations|1342258|vc|8|2|TRO.11|8301,0,0.827859,8,2,1,0.773368,0.773377,0.773854,0.773377,0.26543,0.267937
130_bNAb_Combinations|1342276|cc|1|1|Ce1176_A3|7023,0,0.00106045,1,1,0,0,0,0,0,0.46769,0.46769
130_bNAb_Combinations|1342276|cc|2|1|Ce1176_A3|7023,0,0.000899371,2,1,0,0,0,0,0,0.396648,0.396648
130_bNAb_Combinations|1342276|cc|3|1|Ce1176_A3|7023,0,0.00139604,3,1,0,0,0,0,0,0.615693,0.615693
130_bNAb_Combinations|1342276|cc|4|1|Ce1176_A3|7023,0,0.000885948,4,1,0,0,0,0,0,0.390728,0.390728
130_bNAb_Combinations|1342276|cc|5|1|Ce1176_A3|7023,0,0.000939641,5,1,0,0,0,0,0,0.414408,0.414408
130_bNAb_Combinations|1342276|cc|6|1|Ce1176_A3|7023,0,0.00115442,6,1,0,0,0,0,0,0.50913,0.50913
130_bNAb_Combinations|1342276|cc|7|1|Ce1176_A3|7023,0,0.00167793,7,1,0,0,0,0,0,0.740015,0.740015
130_bNAb_Combinations|1342276|cc|8|1|Ce1176_A3|7023,0,0.0012618,8,1,0,0,0,0,0,0.556491,0.556491
130_bNAb_Combinations|1342276|sample|3|Ce1176_A3|7023,0.0010624,0.725068,1,3,1,0.773368,0.773164,0.773281,0.772865,-0.237138,-0.235216
130_bNAb_Combinations|1342276|sample|3|Ce1176_A3|7023,0.005312,0.881934,2,3,1,0.773381,0.772,0.77053,0.770367,0.549875,0.550798
130_bNAb_Combinations|1342276|sample|3|Ce1176_A3|7023,0.02656,0.891317,3,3,1,0.773394,0.764153,0.754454,0.755536,0.689771,0.683348
130_bNAb_Combinations|1342276|sample|3|Ce1176_A3|7023,0.1328,0.705718,4,3,1,0.773393,0.713391,0.666252,0.672594,0.224894,0.186995
130_bNAb_Combinations|1342276|sample|3|Ce1176_A3|7023,0.664,0.239233,5,3,1,0.773391,0.449901,0.320961,0.3363,-0.953493,-1.0821
130_bNAb_Combinations|1342276|sample|3|Ce1176_A3|7023,3.32,0.012269,6,3,1,0.772961,0.0233103,0.00759585,0.00854123,1.10157,0.830602
130_bNAb_Combinations|1342276|sample|3|Ce1176_A3|7023,16.6,0.00138262,7,3,1,0.701551,0.00333526,0.00337103,0.00333526,-0.632475,-0.62294
130_bNAb_Combinations|1342276|sample|3|Ce1176_A3|7023,83,0.00073829,8,3,1,0.00333543,0.00333521,0.00337098,0.00333521,-0.837408,-0.828481
130_bNAb_Combinations|1342276|sample|4|Ce1176_A3|7023,0.0010624,0.749337,1,4,1,0.773368,0.773164,0.77345,0.773018,-0.118574,-0.116512
130_bNAb_Combinations|1342276|sample|4|Ce1176_A3|7023,0.005312,0.874437,2,4,1,0.773381,0.772,0.771414,0.771177,0.507933,0.509253
130_bNAb_Combinations|1342276|sample|4|Ce1176_A3|7023,0.02656,0.920365,3,4,1,0.773394,0.764153,0.758898,0.759681,0.809059,0.804314
130_bNAb_Combinations|1342276|sample|4|Ce1176_A3|7023,0.1328,0.749364,4,4,1,0.773406,0.713402,0.685977,0.691408,0.350948,0.318393
130_bNAb_Combinations|1342276|sample|4|Ce1176_A3|7023,0.664,0.256838,5,4,1,0.773404,0.449908,0.36828,0.383767,-1.13697,-1.24388
130_bNAb_Combinations|1342276|sample|4|Ce1176_A3|7023,3.32,0.0164035,6,4,1,0.772961,0.0233103,0.0111202,0.012736,1.02417,0.657412
130_bNAb_Combinations|1342276|sample|4|Ce1176_A3|7023,16.6,0.000402703,7,4,1,0.701551,0.00333526,0.00337103,0.00333526,-0.944165,-0.935554
130_bNAb_Combinations|1342276|sample|4|Ce1176_A3|7023,83,0.000617479,8,4,1,0.00333543,0.00333521,0.00337098,0.00333521,-0.875836,-0.867023
130_bNAb_Combinations|1342276|vc|1|2|Ce1176_A3|7023,0,0.763009,1,2,1,0.773368,0.77337,0.773847,0.77337,-0.0532679,-0.0509551
130_bNAb_Combinations|1342276|vc|2|2|Ce1176_A3|7023,0,0.910553,2,2,1,0.773381,0.773383,0.77386,0.773383,0.67183,0.674585
130_bNAb_Combinations|1342276|vc|3|2|Ce1176_A3|7023,0,1,3,2,1,0.773381,0.773383,0.77386,0.773383,1.11145,1.11447
130_bNAb_Combinations|1342276|vc|4|2|Ce1176_A3|7023,0,0.978623,4,2,1,0.773381,0.773383,0.77386,0.773383,1.00639,1.00935
130_bNAb_Combinations|1342276|vc|5|2|Ce1176_A3|7023,0,0.915016,5,2,1,0.773381,0.773383,0.77386,0.773383,0.693766,0.696535
130_bNAb_Combinations|1342276|vc|6|2|Ce1176_A3|7023,0,0.948528,6,2,1,0.773381,0.773383,0.77386,0.773383,0.858471,0.861341
130_bNAb_Combinations|1342276|vc|7|2|Ce1176_A3|7023,0,0.841536,7,2,1,0.773381,0.773383,0.77386,0.773383,0.332622,0.33517
130_bNAb_Combinations|1342276|vc|8|2|Ce1176_A3|7023,0,0.749606,8,2,1,0.773368,0.77337,0.773847,0.77337,-0.119145,-0.116872
130_bNAb_Combinations|1342294|cc|1|1|nan|1176,0,0.00986891,1,1,0,0,0,0,0,4.35247,4.35247
130_bNAb_Combinations|1342294|cc|2|1|nan|1176,0,0.00692296,2,1,0,0,0,0,0,3.05322,3.05322
130_bNAb_Combinations|1342294|cc|3|1|nan|1176,0,0.00368243,3,1,0,0,0,0,0,1.62405,1.62405
130_bNAb_Combinations|1342294|cc|4|1|nan|1176,0,0.0107527,4,1,0,0,0,0,0,4.74224,4.74224
130_bNAb_Combinations|1342294|cc|5|1|nan|1176,0,0.000736485,5,1,0,0,0,0,0,0.324811,0.324811
130_bNAb_Combinations|1342294|cc|6|1|nan|1176,0,0,6,1,0,0,0,0,0,0,0
130_bNAb_Combinations|1342294|cc|7|1|nan|1176,0,0.00618648,7,1,0,0,0,0,0,2.72841,2.72841
130_bNAb_Combinations|1342294|cc|8|1|nan|1176,0,0.0048608,8,1,0,0,0,0,0,2.14375,2.14375
130_bNAb_Combinations|1342294|sample|3|nan|1176,0.0010624,0.7384,1,3,1,0.773368,0.773181,0.759757,0.758363,-0.106891,-0.100095
130_bNAb_Combinations|1342294|sample|3|nan|1176,0.005312,0.840477,2,3,1,0.773381,0.772017,0.720616,0.717238,0.632106,0.65295
130_bNAb_Combinations|1342294|sample|3|nan|1176,0.02656,0.51554,3,3,1,0.773394,0.764169,0.587106,0.578974,-0.461985,-0.415155
130_bNAb_Combinations|1342294|sample|3|nan|1176,0.1328,0.173221,4,3,1,0.773393,0.713401,0.266225,0.25516,-1.30105,-1.19432
130_bNAb_Combinations|1342294|sample|3|nan|1176,0.664,0.0191486,5,3,1,0.773391,0.449888,0.0154138,0.01394,0.5952,0.884056
130_bNAb_Combinations|1342294|sample|3|nan|1176,3.32,0.00559729,6,3,1,0.772961,0.0233038,0.00337125,0.00333545,0.708044,0.721567
130_bNAb_Combinations|1342294|sample|3|nan|1176,83,0.0050081,8,3,1,0.00333543,0.00333528,0.00337105,0.00333528,0.520711,0.533667
130_bNAb_Combinations|1342294|sample|4|nan|1176,0.0010624,0.680071,1,4,1,0.773368,0.773181,0.761382,0.759203,-0.40611,-0.396348
130_bNAb_Combinations|1342294|sample|4|nan|1176,0.005312,0.847842,2,4,1,0.773381,0.772017,0.725868,0.719907,0.638652,0.675343
130_bNAb_Combinations|1342294|sample|4|nan|1176,0.02656,0.692444,3,4,1,0.773394,0.764169,0.601427,0.586066,0.573755,0.68791
130_bNAb_Combinations|1342294|sample|4|nan|1176,0.1328,0.216085,4,4,1,0.773406,0.713413,0.287546,0.265153,-0.927746,-0.689109
130_bNAb_Combinations|1342294|sample|4|nan|1176,0.664,0.0187067,5,4,1,0.773404,0.449895,0.0186595,0.0152628,0.00663433,0.552295
130_bNAb_Combinations|1342294|sample|4|nan|1176,3.32,0.00456621,6,4,1,0.772961,0.0233038,0.00337134,0.00333548,0.380055,0.392625
130_bNAb_Combinations|1342294|sample|4|nan|1176,16.6,0.00618648,7,4,1,0.701551,0.00333534,0.00337111,0.00333534,0.895506,0.909575
130_bNAb_Combinations|1342294|sample|4|nan|1176,83,0.00265135,8,4,1,0.00333543,0.00333528,0.00337105,0.00333528,-0.228923,-0.218191
130_bNAb_Combinations|1342294|sample|8|nan|1176,16.6,0.00883783,7,8,1,0.701551,0.00333534,0.00337111,0.00333534,1.73884,1.75541
130_bNAb_Combinations|1342294|vc|1|2|nan|1176,0,0.903962,1,2,1,0.773368,0.773387,0.773864,0.773387,0.639412,0.642146
130_bNAb_Combinations|1342294|vc|2|2|nan|1176,0,0.772868,2,2,1,0.773381,0.7734,0.773877,0.7734,-0.00495837,-0.00261661
130_bNAb_Combinations|1342294|vc|3|2|nan|1176,0,0.798792,3,2,1,0.773381,0.7734,0.773877,0.7734,0.122453,0.124873
130_bNAb_Combinations|1342294|vc|4|2|nan|1176,0,1,4,2,1,0.773381,0.7734,0.773877,0.7734,1.11134,1.11436
130_bNAb_Combinations|1342294|vc|5|2|nan|1176,0,0.928708,5,2,1,0.773381,0.7734,0.773877,0.7734,0.76096,0.763768
130_bNAb_Combinations|1342294|vc|6|2|nan|1176,0,0.843276,6,2,1,0.773381,0.7734,0.773877,0.7734,0.34108,0.343633
130_bNAb_Combinations|1342294|vc|7|2|nan|1176,0,0.868906,7,2,1,0.773381,0.7734,0.773877,0.7734,0.467044,0.469674
130_bNAb_Combinations|1342294|vc|8|2|nan|1176,0,0.751657,8,2,1,0.773368,0.773387,0.773864,0.773387,-0.109144,-0.106866
130_bNAb_Combinations|1342312|cc|1|1|RHPA4259.7|5371,0,0.00173044,1,1,0,0,0,0,0,0.763172,0.763172
130_bNAb_Combinations|1342312|cc|2|1|RHPA4259.7|5371,0,0.00228271,2,1,0,0,0,0,0,1.00674,1.00674
130_bNAb_Combinations|1342312|cc|3|1|RHPA4259.7|5371,0,0.00237475,3,1,0,0,0,0,0,1.04733,1.04733
130_bNAb_Combinations|1342312|cc|4|1|RHPA4259.7|5371,0,0.00189612,4,1,0,0,0,0,0,0.836242,0.836242
130_bNAb_Combinations|1342312|cc|5|1|RHPA4259.7|5371,0,0.00136226,5,1,0,0,0,0,0,0.600795,0.600795
130_bNAb_Combinations|1342312|cc|6|1|RHPA4259.7|5371,0,0.00187771,6,1,0,0,0,0,0,0.828123,0.828123
130_bNAb_Combinations|1342312|cc|7|1|RHPA4259.7|5371,0,0.00250361,7,1,0,0,0,0,0,1.10416,1.10416
130_bNAb_Combinations|1342312|cc|8|1|RHPA4259.7|5371,0,0.0020618,8,1,0,0,0,0,0,0.909311,0.909311
130_bNAb_Combinations|1342312|sample|3|RHPA4259.7|5371,0.0010624,0.763952,1,3,1,0.773368,0.772483,0.753143,0.749639,0.0545661,0.0725929
130_bNAb_Combinations|1342312|sample|3|RHPA4259.7|5371,0.005312,0.818875,2,3,1,0.773381,0.767383,0.689163,0.678965,0.714886,0.782525
130_bNAb_Combinations|1342312|sample|3|RHPA4259.7|5371,0.02656,0.538378,3,3,1,0.773394,0.733914,0.471833,0.449256,0.532618,0.748484
130_bNAb_Combinations|1342312|sample|3|RHPA4259.7|5371,0.1328,0.0814411,4,3,1,0.773393,0.544027,0.0954957,0.0821594,-0.518709,-0.0304034
130_bNAb_Combinations|1342312|sample|3|RHPA4259.7|5371,0.664,0.00397633,5,3,1,0.773391,0.0751616,0.00346367,0.00339492,0.161824,0.184569
130_bNAb_Combinations|1342312|sample|3|RHPA4259.7|5371,3.32,0.00173044,6,3,1,0.772961,0.00333547,0.00337113,0.00333536,-0.521867,-0.512003
130_bNAb_Combinations|1342312|sample|3|RHPA4259.7|5371,16.6,0.00147271,7,3,1,0.701551,0.00333531,0.00337108,0.00333531,-0.603828,-0.594208
130_bNAb_Combinations|1342312|sample|3|RHPA4259.7|5371,83,0.0012334,8,3,1,0.00333543,0.00333525,0.00337102,0.00333525,-0.679935,-0.670541
130_bNAb_Combinations|1342312|sample|4|RHPA4259.7|5371,0.0010624,0.732077,1,4,1,0.773368,0.772483,0.751795,0.747165,-0.0997259,-0.0767764
130_bNAb_Combinations|1342312|sample|4|RHPA4259.7|5371,0.005312,0.824591,2,4,1,0.773381,0.767383,0.684688,0.671054,0.776028,0.868735
130_bNAb_Combinations|1342312|sample|4|RHPA4259.7|5371,0.02656,0.536592,3,4,1,0.773394,0.733914,0.461125,0.431527,0.617798,0.91792
130_bNAb_Combinations|1342312|sample|4|RHPA4259.7|5371,0.1328,0.0694384,4,4,1,0.773406,0.544036,0.0885739,0.0722958,-0.756465,-0.135654
130_bNAb_Combinations|1342312|sample|4|RHPA4259.7|5371,0.664,0.00323997,5,4,1,0.773404,0.0751628,0.00344365,0.003375,-0.0644004,-0.0429379
130_bNAb_Combinations|1342312|sample|4|RHPA4259.7|5371,3.32,0.00138067,6,4,1,0.772961,0.00333547,0.00337113,0.00333536,-0.63312,-0.623587
130_bNAb_Combinations|1342312|sample|4|RHPA4259.7|5371,16.6,0.00134385,7,4,1,0.701551,0.00333531,0.00337108,0.00333531,-0.644817,-0.635318
130_bNAb_Combinations|1342312|sample|4|RHPA4259.7|5371,83,0.00163839,8,4,1,0.00333543,0.00333525,0.00337102,0.00333525,-0.551114,-0.541338
130_bNAb_Combinations|1342312|vc|1|2|RHPA4259.7|5371,0,0.805648,1,2,1,0.773368,0.77338,0.773857,0.77338,0.156248,0.158688
130_bNAb_Combinations|1342312|vc|2|2|RHPA4259.7|5371,0,0.988964,2,2,1,0.773381,0.773393,0.77387,0.773393,1.05715,1.06014
130_bNAb_Combinations|1342312|vc|3|2|RHPA4259.7|5371,0,0.95037,3,2,1,0.773381,0.773393,0.77387,0.773393,0.867463,0.870337
130_bNAb_Combinations|1342312|vc|4|2|RHPA4259.7|5371,0,0.951677,4,2,1,0.773381,0.773393,0.77387,0.773393,0.873887,0.876765
130_bNAb_Combinations|1342312|vc|5|2|RHPA4259.7|5371,0,1,5,2,1,0.773381,0.773393,0.77387,0.773393,1.11139,1.11441
130_bNAb_Combinations|1342312|vc|6|2|RHPA4259.7|5371,0,0.952339,6,2,1,0.773381,0.773393,0.77387,0.773393,0.877144,0.880024
130_bNAb_Combinations|1342312|vc|7|2|RHPA4259.7|5371,0,0.995186,7,2,1,0.773381,0.773393,0.77387,0.773393,1.08773,1.09074
130_bNAb_Combinations|1342312|vc|8|2|RHPA4259.7|5371,0,0.750412,8,2,1,0.773368,0.77338,0.773857,0.77338,-0.11523,-0.112955
130_bNAb_Combinations|1342336|cc|1|1|nan|3430,0,0,1,1,0,0,0,0,0,0,0
130_bNAb_Combinations|1342336|cc|2|1|nan|3430,0,0,2,1,0,0,0,0,0,0,0
130_bNAb_Combinations|1342336|cc|3|1|nan|3430,0,0.00041405,3,1,0,0,0,0,0,0.182608,0.182608
130_bNAb_Combinations|1342336|cc|4|1|nan|3430,0,0.00119614,4,1,0,0,0,0,0,0.527534,0.527534
130_bNAb_Combinations|1342336|cc|5|1|nan|3430,0,0.00174821,5,1,0,0,0,0,0,0.771011,0.771011
130_bNAb_Combinations|1342336|cc|6|1|nan|3430,0,0.00207025,6,1,0,0,0,0,0,0.913039,0.913039
130_bNAb_Combinations|1342336|cc|7|1|nan|3430,0,0.00110413,7,1,0,0,0,0,0,0.486954,0.486954
130_bNAb_Combinations|1342336|cc|8|1|nan|3430,0,0.0016562,8,1,0,0,0,0,0,0.730431,0.730431
130_bNAb_Combinations|1342336|sample|3|nan|3430,0.0010624,0.85338,1,3,1,0.773368,0.773171,0.750255,0.747502,0.522613,0.538514
130_bNAb_Combinations|1342336|sample|3|nan|3430,0.005312,0.846134,2,3,1,0.773381,0.772007,0.691757,0.684754,0.847675,0.895075
130_bNAb_Combinations|1342336|sample|3|nan|3430,0.02656,0.598923,3,3,1,0.773394,0.764162,0.515687,0.500571,0.6105,0.742781
130_bNAb_Combinations|1342336|sample|3|nan|3430,0.1328,0.155913,4,3,1,0.773393,0.713412,0.179271,0.164567,-0.477902,-0.192088
130_bNAb_Combinations|1342336|sample|3|nan|3430,0.664,0.00768293,5,3,1,0.773391,0.449969,0.00708686,0.00625024,0.145031,0.368071
130_bNAb_Combinations|1342336|sample|3|nan|3430,16.6,0.00115014,7,3,1,0.701551,0.00333529,0.00337106,0.00333529,-0.706429,-0.697113
130_bNAb_Combinations|1342336|sample|3|nan|3430,83,0.00276033,8,3,1,0.00333543,0.00333524,0.00337101,0.00333524,-0.194243,-0.183408
130_bNAb_Combinations|1342336|sample|4|nan|3430,0.0010624,0.773193,1,4,1,0.773368,0.773171,0.748302,0.748293,0.126465,0.12651
130_bNAb_Combinations|1342336|sample|4|nan|3430,0.005312,0.819405,2,4,1,0.773381,0.772007,0.686131,0.687017,0.737725,0.73189
130_bNAb_Combinations|1342336|sample|4|nan|3430,0.02656,0.59009,3,4,1,0.773394,0.764162,0.502967,0.50562,0.654894,0.631676
130_bNAb_Combinations|1342336|sample|4|nan|3430,0.1328,0.181814,4,4,1,0.773406,0.713424,0.166636,0.169449,0.332914,0.266934
130_bNAb_Combinations|1342336|sample|4|nan|3430,0.664,0.00570469,5,4,1,0.773404,0.449976,0.00638281,0.00650449,-0.172686,-0.202045
130_bNAb_Combinations|1342336|sample|4|nan|3430,3.32,0.000966117,6,4,1,0.772961,0.0233295,0.00337112,0.00333535,-0.764977,-0.755834
130_bNAb_Combinations|1342336|sample|4|nan|3430,16.6,0.0008281,7,4,1,0.701551,0.00333529,0.00337106,0.00333529,-0.808862,-0.79985
130_bNAb_Combinations|1342336|sample|4|nan|3430,83,0.00289835,8,4,1,0.00333543,0.00333524,0.00337101,0.00333524,-0.150343,-0.139377
130_bNAb_Combinations|1342336|sample|5|nan|3430,3.32,0.00156419,6,5,1,0.772961,0.0233295,0.00337112,0.00339049,-0.574743,-0.579977
130_bNAb_Combinations|1342336|vc|1|2|nan|3430,0,0.92255,1,2,1,0.773368,0.773377,0.773854,0.773377,0.730826,0.733617
130_bNAb_Combinations|1342336|vc|2|2|nan|3430,0,0.992179,2,2,1,0.773381,0.773389,0.773867,0.773389,1.07297,1.07597
130_bNAb_Combinations|1342336|vc|3|2|nan|3430,0,1,3,2,1,0.773381,0.773389,0.773867,0.773389,1.11141,1.11443
130_bNAb_Combinations|1342336|vc|4|2|nan|3430,0,0.999402,4,2,1,0.773381,0.773389,0.773867,0.773389,1.10847,1.11149
130_bNAb_Combinations|1342336|vc|5|2|nan|3430,0,0.95802,5,2,1,0.773381,0.773389,0.773867,0.773389,0.905082,0.90798
130_bNAb_Combinations|1342336|vc|6|2|nan|3430,0,0.951441,6,2,1,0.773381,0.773389,0.773867,0.773389,0.872748,0.875627
130_bNAb_Combinations|1342336|vc|7|2|nan|3430,0,0.88701,7,2,1,0.773381,0.773389,0.773867,0.773389,0.556082,0.558768
130_bNAb_Combinations|1342336|vc|8|2|nan|3430,0,0.926598,8,2,1,0.773368,0.773377,0.773854,0.773377,0.750724,0.753527
130_bNAb_Combinations|1342348|cc|1|1|nan|4166,0,0.000451154,1,1,0,0,0,0,0,0.198972,0.198972
130_bNAb_Combinations|1342348|cc|2|1|nan|4166,0,0.000773408,2,1,0,0,0,0,0,0.341095,0.341095
130_bNAb_Combinations|1342348|cc|3|1|nan|4166,0,0.00125679,3,1,0,0,0,0,0,0.554279,0.554279
130_bNAb_Combinations|1342348|cc|4|1|nan|4166,0,0.00128901,4,1,0,0,0,0,0,0.568491,0.568491
130_bNAb_Combinations|1342348|cc|5|1|nan|4166,0,0.000998985,5,1,0,0,0,0,0,0.440581,0.440581
130_bNAb_Combinations|1342348|cc|6|1|nan|4166,0,0.000773408,6,1,0,0,0,0,0,0.341095,0.341095
130_bNAb_Combinations|1342348|cc|7|1|nan|4166,0,0.000386704,7,1,0,0,0,0,0,0.170547,0.170547
130_bNAb_Combinations|1342348|cc|8|1|nan|4166,0,0.000644506,8,1,0,0,0,0,0,0.284246,0.284246
130_bNAb_Combinations|1342348|sample|3|nan|4166,0.0010624,0.836295,1,3,1,0.773368,0.77317,0.716398,0.71471,0.635976,0.646433
130_bNAb_Combinations|1342348|sample|3|nan|4166,0.005312,0.838358,2,3,1,0.773381,0.772006,0.603849,0.600564,1.47246,1.50114
130_bNAb_Combinations|1342348|sample|3|nan|4166,0.02656,0.39555,3,3,1,0.773394,0.764158,0.348968,0.344226,0.500894,0.559308
130_bNAb_Combinations|1342348|sample|3|nan|4166,0.1328,0.0558787,4,3,1,0.773393,0.713391,0.0619901,0.0599453,-0.332426,-0.227784
130_bNAb_Combinations|1342348|sample|3|nan|4166,0.664,0.00054783,5,3,1,0.773391,0.449881,0.00357234,0.00352017,-0.946281,-0.933921
130_bNAb_Combinations|1342348|sample|3|nan|4166,3.32,0,6,3,1,0.772961,0.0233034,0.00337111,0.00333534,-1.07228,-1.06404
130_bNAb_Combinations|1342348|sample|3|nan|4166,16.6,0.000515605,7,3,1,0.701551,0.00333529,0.00337106,0.00333529,-0.908259,-0.899543
130_bNAb_Combinations|1342348|sample|3|nan|4166,83,0.000676732,8,3,1,0.00333543,0.00333523,0.003371,0.00333523,-0.856995,-0.848126
130_bNAb_Combinations|1342348|sample|4|nan|4166,0.0010624,0.820247,1,4,1,0.773368,0.77317,0.702407,0.708839,0.63736,0.597175
130_bNAb_Combinations|1342348|sample|4|nan|4166,0.005312,0.753734,2,4,1,0.773381,0.772006,0.571934,0.586999,1.20425,1.07653
130_bNAb_Combinations|1342348|sample|4|nan|4166,0.02656,0.405797,3,4,1,0.773394,0.764158,0.301704,0.32366,1.28975,0.95049
130_bNAb_Combinations|1342348|sample|4|nan|4166,0.1328,0.0446321,4,4,1,0.773406,0.713402,0.0433375,0.0514305,0.0956448,-0.434713
130_bNAb_Combinations|1342348|sample|4|nan|4166,0.664,0.00161127,5,4,1,0.773404,0.449888,0.00344928,0.00345866,-0.580877,-0.58339
130_bNAb_Combinations|1342348|sample|4|nan|4166,3.32,0.000934534,6,4,1,0.772961,0.0233034,0.00337111,0.00333534,-0.775021,-0.765908
130_bNAb_Combinations|1342348|sample|4|nan|4166,16.6,0.00174017,7,4,1,0.701551,0.00333529,0.00337106,0.00333529,-0.518752,-0.50888
130_bNAb_Combinations|1342348|sample|4|nan|4166,83,0.00157904,8,4,1,0.00333543,0.00333523,0.003371,0.00333523,-0.569988,-0.560268
130_bNAb_Combinations|1342348|vc|1|2|nan|4166,0,0.800445,1,2,1,0.773368,0.773376,0.773853,0.773376,0.130696,0.13312
130_bNAb_Combinations|1342348|vc|2|2|nan|4166,0,0.905725,2,2,1,0.773381,0.773389,0.773866,0.773389,0.648065,0.650806
130_bNAb_Combinations|1342348|vc|3|2|nan|4166,0,1,3,2,1,0.773381,0.773389,0.773866,0.773389,1.11141,1.11444
130_bNAb_Combinations|1342348|vc|4|2|nan|4166,0,0.920162,4,2,1,0.773381,0.773389,0.773866,0.773389,0.719021,0.721805
130_bNAb_Combinations|1342348|vc|5|2|nan|4166,0,0.841097,5,2,1,0.773381,0.773389,0.773866,0.773389,0.33043,0.332977
130_bNAb_Combinations|1342348|vc|6|2|nan|4166,0,0.905435,6,2,1,0.773381,0.773389,0.773866,0.773389,0.64664,0.64938
130_bNAb_Combinations|1342348|vc|7|2|nan|4166,0,0.801959,7,2,1,0.773381,0.773389,0.773866,0.773389,0.138075,0.140505
130_bNAb_Combinations|1342348|vc|8|2|nan|4166,0,0.723716,8,2,1,0.773368,0.773376,0.773853,0.773376,-0.246418,-0.244223
130_bNAb_Combinations|1342372|cc|1|1|nan|2944,0,0.00214128,1,1,0,0,0,0,0,0.944366,0.944366
130_bNAb_Combinations|1342372|cc|2|1|nan|2944,0,0.00406844,2,1,0,0,0,0,0,1.79429,1.79429
130_bNAb_Combinations|1342372|cc|3|1|nan|2944,0,0.00282649,3,1,0,0,0,0,0,1.24656,1.24656
130_bNAb_Combinations|1342372|cc|4|1|nan|2944,0,0.00355453,4,1,0,0,0,0,0,1.56765,1.56765
130_bNAb_Combinations|1342372|cc|5|1|nan|2944,0,0.00321192,5,1,0,0,0,0,0,1.41655,1.41655
130_bNAb_Combinations|1342372|cc|6|1|nan|2944,0,0.0020128,6,1,0,0,0,0,0,0.887704,0.887704
130_bNAb_Combinations|1342372|cc|7|1|nan|2944,0,0.00111347,7,1,0,0,0,0,0,0.49107,0.49107
130_bNAb_Combinations|1342372|cc|8|1|nan|2944,0,0.000642385,8,1,0,0,0,0,0,0.28331,0.28331
130_bNAb_Combinations|1342372|sample|3|nan|2944,0.0010624,0.787264,1,3,1,0.773368,0.773169,0.767236,0.764579,0.0992725,0.11283
130_bNAb_Combinations|1342372|sample|3|nan|2944,0.005312,0.896555,2,3,1,0.773381,0.772005,0.745946,0.737769,0.767599,0.818142
130_bNAb_Combinations|1342372|sample|3|nan|2944,0.02656,0.630907,3,3,1,0.773394,0.76416,0.661306,0.636839,-0.174503,-0.0353392
130_bNAb_Combinations|1342372|sample|3|nan|2944,0.1328,0.303313,4,3,1,0.773393,0.713408,0.395408,0.347849,-0.876516,-0.480413
130_bNAb_Combinations|1342372|sample|3|nan|2944,0.664,0.0365731,5,3,1,0.773391,0.449955,0.0463323,0.0314786,-0.681824,0.487434
130_bNAb_Combinations|1342372|sample|3|nan|2944,3.32,0.00179868,6,3,1,0.772961,0.0233258,0.00337475,0.00333636,-0.501163,-0.490513
130_bNAb_Combinations|1342372|sample|3|nan|2944,16.6,0.000942164,7,3,1,0.701551,0.00333528,0.00337105,0.00333528,-0.772579,-0.763459
130_bNAb_Combinations|1342372|sample|3|nan|2944,83,0.0014989,8,3,1,0.00333543,0.00333523,0.003371,0.00333523,-0.595479,-0.585834
130_bNAb_Combinations|1342372|sample|4|nan|2944,0.0010624,0.711912,1,4,1,0.773368,0.773169,0.763696,0.762445,-0.257863,-0.252037
130_bNAb_Combinations|1342372|sample|4|nan|2944,0.005312,0.776814,2,4,1,0.773381,0.772005,0.733586,0.730516,0.22399,0.240891
130_bNAb_Combinations|1342372|sample|4|nan|2944,0.02656,0.656731,3,4,1,0.773394,0.76416,0.623416,0.615484,0.202708,0.254159
130_bNAb_Combinations|1342372|sample|4|nan|2944,0.1328,0.279309,4,4,1,0.773406,0.713419,0.323377,0.310507,-0.510389,-0.375902
130_bNAb_Combinations|1342372|sample|4|nan|2944,0.664,0.0268517,5,4,1,0.773404,0.449962,0.0255393,0.0228644,0.147332,0.485547
130_bNAb_Combinations|1342372|sample|4|nan|2944,3.32,0.00239824,6,4,1,0.772961,0.0233258,0.00337161,0.00333569,-0.309597,-0.299059
130_bNAb_Combinations|1342372|sample|4|nan|2944,16.6,0.00145607,7,4,1,0.701551,0.00333528,0.00337105,0.00333528,-0.609116,-0.599511
130_bNAb_Combinations|1342372|sample|4|nan|2944,83,0.0033404,8,4,1,0.00333543,0.00333523,0.003371,0.00333523,-0.00973306,0.00164941
130_bNAb_Combinations|1342372|vc|1|2|nan|2944,0,0.866191,1,2,1,0.773368,0.773375,0.773852,0.773375,0.453841,0.456462
130_bNAb_Combinations|1342372|vc|2|2|nan|2944,0,0.961949,2,2,1,0.773381,0.773388,0.773865,0.773388,0.924407,0.927316
130_bNAb_Combinations|1342372|vc|3|2|nan|2944,0,0.934862,3,2,1,0.773381,0.773388,0.773865,0.773388,0.791277,0.794106
130_bNAb_Combinations|1342372|vc|4|2|nan|2944,0,1,4,2,1,0.773381,0.773388,0.773865,0.773388,1.11142,1.11444
130_bNAb_Combinations|1342372|vc|5|2|nan|2944,0,0.921672,5,2,1,0.773381,0.773388,0.773865,0.773388,0.726449,0.729238
130_bNAb_Combinations|1342372|vc|6|2|nan|2944,0,0.914177,6,2,1,0.773381,0.773388,0.773865,0.773388,0.689615,0.692381
130_bNAb_Combinations|1342372|vc|7|2|nan|2944,0,0.942057,7,2,1,0.773381,0.773388,0.773865,0.773388,0.826638,0.829488
130_bNAb_Combinations|1342372|vc|8|2|nan|2944,0,0.751547,8,2,1,0.773368,0.773375,0.773852,0.773375,-0.109626,-0.107348
130_bNAb_Combinations|1342384|cc|1|1|nan|2946,0,0.000377127,1,1,0,0,0,0,0,0.166324,0.166324
130_bNAb_Combinations|1342384|cc|2|1|nan|2946,0,0.0014378,2,1,0,0,0,0,0,0.634109,0.634109
130_bNAb_Combinations|1342384|cc|3|1|nan|2946,0,0.00120209,3,1,0,0,0,0,0,0.530157,0.530157
130_bNAb_Combinations|1342384|cc|4|1|nan|2946,0,0.0012728,4,1,0,0,0,0,0,0.561343,0.561343
130_bNAb_Combinations|1342384|cc|5|1|nan|2946,0,0.000966389,5,1,0,0,0,0,0,0.426205,0.426205
130_bNAb_Combinations|1342384|cc|6|1|nan|2946,0,0.00162636,6,1,0,0,0,0,0,0.717271,0.717271
130_bNAb_Combinations|1342384|cc|7|1|nan|2946,0,0.000848536,7,1,0,0,0,0,0,0.374228,0.374228
130_bNAb_Combinations|1342384|cc|8|1|nan|2946,0,0.00219205,8,1,0,0,0,0,0,0.966757,0.966757
130_bNAb_Combinations|1342384|sample|3|nan|2946,0.0010624,0.852284,1,3,1,0.773368,0.773168,0.773763,0.773281,0.385968,0.388579
130_bNAb_Combinations|1342384|sample|3|nan|2946,0.005312,0.967355,2,3,1,0.773381,0.772004,0.773205,0.772691,0.955023,0.958178
130_bNAb_Combinations|1342384|sample|3|nan|2946,0.02656,0.934439,3,3,1,0.773394,0.764156,0.768942,0.768236,0.818541,0.822774
130_bNAb_Combinations|1342384|sample|3|nan|2946,0.1328,0.7873,4,3,1,0.773393,0.71339,0.737581,0.735782,0.25624,0.266155
130_bNAb_Combinations|1342384|sample|3|nan|2946,0.664,0.423797,5,3,1,0.773391,0.449886,0.539705,0.533754,-0.8129,-0.779625
130_bNAb_Combinations|1342384|sample|3|nan|2946,3.32,0.0580305,6,3,1,0.772961,0.0233051,0.0543418,0.0515648,0.224975,0.412514
130_bNAb_Combinations|1342384|sample|3|nan|2946,16.6,0.00157922,7,3,1,0.701551,0.00333528,0.00337105,0.00333528,-0.569944,-0.560223
130_bNAb_Combinations|1342384|sample|3|nan|2946,83,0.00113138,8,3,1,0.00333543,0.00333522,0.00337099,0.00333522,-0.712377,-0.703079
130_bNAb_Combinations|1342384|sample|4|nan|2946,0.0010624,0.86071,1,4,1,0.773368,0.773168,0.773774,0.77329,0.427328,0.429971
130_bNAb_Combinations|1342384|sample|4|nan|2946,0.005312,0.945269,2,4,1,0.773381,0.772004,0.773276,0.772755,0.845953,0.849083
130_bNAb_Combinations|1342384|sample|4|nan|2946,0.02656,0.912624,3,4,1,0.773394,0.764156,0.769402,0.768644,0.707952,0.712395
130_bNAb_Combinations|1342384|sample|4|nan|2946,0.1328,0.777,4,4,1,0.773406,0.713402,0.740354,0.738207,0.188167,0.199763
130_bNAb_Combinations|1342384|sample|4|nan|2946,0.664,0.449052,5,4,1,0.773404,0.449893,0.55184,0.544156,-0.705278,-0.661618
130_bNAb_Combinations|1342384|sample|4|nan|2946,3.32,0.0637345,6,4,1,0.772961,0.0233051,0.0610167,0.056945,0.149896,0.397684
130_bNAb_Combinations|1342384|sample|4|nan|2946,16.6,0.000824966,7,4,1,0.701551,0.00333528,0.00337105,0.00333528,-0.809857,-0.800847
130_bNAb_Combinations|1342384|sample|4|nan|2946,83,0.00122566,8,4,1,0.00333543,0.00333522,0.00337099,0.00333522,-0.682388,-0.673001
130_bNAb_Combinations|1342384|vc|1|2|nan|2946,0,0.93029,1,2,1,0.773368,0.773374,0.773851,0.773374,0.768889,0.771703
130_bNAb_Combinations|1342384|vc|2|2|nan|2946,0,0.910809,2,2,1,0.773381,0.773386,0.773863,0.773386,0.673068,0.675825
130_bNAb_Combinations|1342384|vc|3|2|nan|2946,0,1,3,2,1,0.773381,0.773386,0.773863,0.773386,1.11143,1.11445
130_bNAb_Combinations|1342384|vc|4|2|nan|2946,0,0.996582,4,2,1,0.773381,0.773386,0.773863,0.773386,1.09463,1.09764
130_bNAb_Combinations|1342384|vc|5|2|nan|2946,0,0.999953,5,2,1,0.773381,0.773386,0.773863,0.773386,1.11119,1.11422
130_bNAb_Combinations|1342384|vc|6|2|nan|2946,0,0.889549,6,2,1,0.773381,0.773386,0.773863,0.773386,0.568576,0.571268
130_bNAb_Combinations|1342384|vc|7|2|nan|2946,0,0.878541,7,2,1,0.773381,0.773386,0.773863,0.773386,0.514476,0.517136
130_bNAb_Combinations|1342384|vc|8|2|nan|2946,0,0.78624,8,2,1,0.773368,0.773374,0.773851,0.773374,0.0608899,0.0632722
130_bNAb_Combinations|1342396|cc|1|1|PVO.4|5024,0,0.000406233,1,1,0,0,0,0,0,0.17916,0.17916
130_bNAb_Combinations|1342396|cc|2|1|PVO.4|5024,0,0.00130897,2,1,0,0,0,0,0,0.577295,0.577295
130_bNAb_Combinations|1342396|cc|3|1|PVO.4|5024,0,0.00155723,3,1,0,0,0,0,0,0.686782,0.686782
130_bNAb_Combinations|1342396|cc|4|1|PVO.4|5024,0,0.000835035,4,1,0,0,0,0,0,0.368274,0.368274
130_bNAb_Combinations|1342396|cc|5|1|PVO.4|5024,0,0.000654487,5,1,0,0,0,0,0,0.288647,0.288647
130_bNAb_Combinations|1342396|cc|6|1|PVO.4|5024,0,0.000631919,6,1,0,0,0,0,0,0.278694,0.278694
130_bNAb_Combinations|1342396|cc|7|1|PVO.4|5024,0,0.000880172,7,1,0,0,0,0,0,0.388181,0.388181
130_bNAb_Combinations|1342396|cc|8|1|PVO.4|5024,0,0.00139925,8,1,0,0,0,0,0,0.617108,0.617108
130_bNAb_Combinations|1342396|sample|3|PVO.4|5024,0.0010624,0.997833,1,3,1,0.773368,0.773164,0.769111,0.767342,1.13101,1.14235
130_bNAb_Combinations|1342396|sample|3|PVO.4|5024,0.005312,0.936549,2,3,1,0.773381,0.771999,0.75291,0.747613,0.927384,0.960817
130_bNAb_Combinations|1342396|sample|3|PVO.4|5024,0.02656,0.845349,3,3,1,0.773394,0.76415,0.684539,0.667855,0.892194,1.00904
130_bNAb_Combinations|1342396|sample|3|PVO.4|5024,0.1328,0.395513,4,3,1,0.773393,0.713376,0.447574,0.410131,-0.438838,-0.134229
130_bNAb_Combinations|1342396|sample|3|PVO.4|5024,0.664,0.0558345,5,3,1,0.773391,0.449841,0.0692928,0.0521131,-0.663526,0.235288
130_bNAb_Combinations|1342396|sample|3|PVO.4|5024,3.32,0.00187319,6,3,1,0.772961,0.0232923,0.00338506,0.00334074,-0.48034,-0.467971
130_bNAb_Combinations|1342396|sample|3|PVO.4|5024,16.6,0.000383665,7,3,1,0.701551,0.00333526,0.00337103,0.00333526,-0.95022,-0.941628
130_bNAb_Combinations|1342396|sample|3|PVO.4|5024,83,4.5137e-05,8,3,1,0.00333543,0.00333521,0.00337098,0.00333521,-1.05789,-1.04961
130_bNAb_Combinations|1342396|sample|4|PVO.4|5024,0.0010624,1,1,4,1,0.773368,0.773164,0.769778,0.768581,1.13745,1.14512
130_bNAb_Combinations|1342396|sample|4|PVO.4|5024,0.005312,0.917851,2,4,1,0.773381,0.771999,0.755477,0.75224,0.817241,0.83708
130_bNAb_Combinations|1342396|sample|4|PVO.4|5024,0.02656,0.813708,3,4,1,0.773394,0.76415,0.693539,0.683427,0.658167,0.723973
130_bNAb_Combinations|1342396|sample|4|PVO.4|5024,0.1328,0.442377,4,4,1,0.773406,0.713388,0.469806,0.445727,-0.220466,-0.0283523
130_bNAb_Combinations|1342396|sample|4|PVO.4|5024,0.664,0.0734831,5,4,1,0.773404,0.449848,0.08174,0.0684726,-0.35107,0.249655
130_bNAb_Combinations|1342396|sample|4|PVO.4|5024,3.32,0.000744761,6,4,1,0.772961,0.0232923,0.00339561,0.00334885,-0.841469,-0.82983
130_bNAb_Combinations|1342396|sample|4|PVO.4|5024,16.6,0,7,4,1,0.701551,0.00333526,0.00337103,0.00333526,-1.07226,-1.06403
130_bNAb_Combinations|1342396|sample|4|PVO.4|5024,83,0.00128641,8,4,1,0.00333543,0.00333521,0.00337098,0.00333521,-0.663062,-0.653618
130_bNAb_Combinations|1342396|vc|1|2|PVO.4|5024,0,0.943804,1,2,1,0.773368,0.77337,0.773847,0.77337,0.835333,0.838188
130_bNAb_Combinations|1342396|vc|2|2|PVO.4|5024,0,0.908609,2,2,1,0.773381,0.773382,0.773859,0.773382,0.662276,0.665026
130_bNAb_Combinations|1342396|vc|3|2|PVO.4|5024,0,0.910922,3,2,1,0.773381,0.773382,0.773859,0.773382,0.673645,0.676402
130_bNAb_Combinations|1342396|vc|4|2|PVO.4|5024,0,0.912705,4,2,1,0.773381,0.773382,0.773859,0.773382,0.682408,0.68517
130_bNAb_Combinations|1342396|vc|5|2|PVO.4|5024,0,0.907345,5,2,1,0.773381,0.773382,0.773859,0.773382,0.656064,0.65881
130_bNAb_Combinations|1342396|vc|6|2|PVO.4|5024,0,0.878886,6,2,1,0.773381,0.773382,0.773859,0.773382,0.516192,0.518853
130_bNAb_Combinations|1342396|vc|7|2|PVO.4|5024,0,0.860549,7,2,1,0.773381,0.773382,0.773859,0.773382,0.426069,0.428675
130_bNAb_Combinations|1342396|vc|8|2|PVO.4|5024,0,0.761022,8,2,1,0.773368,0.77337,0.773847,0.77337,-0.0630333,-0.0607265
130_bNAb_Combinations|1342408|cc|1|1|nan|4168,0,0.0014393,1,1,0,0,0,0,0,0.634772,0.634772
130_bNAb_Combinations|1342408|cc|2|1|nan|4168,0,0.0014393,2,1,0,0,0,0,0,0.634772,0.634772
130_bNAb_Combinations|1342408|cc|3|1|nan|4168,0,0.000729786,3,1,0,0,0,0,0,0.321856,0.321856
130_bNAb_Combinations|1342408|cc|4|1|nan|4168,0,0.00152039,4,1,0,0,0,0,0,0.670534,0.670534
130_bNAb_Combinations|1342408|cc|5|1|nan|4168,0,0.000973049,5,1,0,0,0,0,0,0.429142,0.429142
130_bNAb_Combinations|1342408|cc|6|1|nan|4168,0,0.00105414,6,1,0,0,0,0,0,0.464904,0.464904
130_bNAb_Combinations|1342408|cc|7|1|nan|4168,0,0.00154066,7,1,0,0,0,0,0,0.679475,0.679475
130_bNAb_Combinations|1342408|cc|8|1|nan|4168,0,0.00145957,8,1,0,0,0,0,0,0.643713,0.643713
130_bNAb_Combinations|1342408|sample|3|nan|4168,0.0010624,0.884744,1,3,1,0.773368,0.773194,0.773644,0.773168,0.546196,0.548868
130_bNAb_Combinations|1342408|sample|3|nan|4168,0.005312,0.890796,2,3,1,0.773381,0.77203,0.772349,0.771878,0.583276,0.585946
130_bNAb_Combinations|1342408|sample|3|nan|4168,0.02656,0.776077,3,3,1,0.773394,0.764183,0.763769,0.763331,0.0612846,0.0634998
130_bNAb_Combinations|1342408|sample|3|nan|4168,0.1328,0.462381,4,3,1,0.773393,0.713419,0.709301,0.709062,-1.3227,-1.32186
130_bNAb_Combinations|1342408|sample|3|nan|4168,0.664,0.16701,5,3,1,0.773391,0.449919,0.435224,0.435737,-2.32377,-2.32553
130_bNAb_Combinations|1342408|sample|3|nan|4168,3.32,0.0252587,6,3,1,0.772961,0.0233113,0.020267,0.0204232,0.662317,0.63816
130_bNAb_Combinations|1342408|sample|3|nan|4168,16.6,0.00823037,7,3,1,0.701551,0.00333539,0.00337116,0.00333539,1.5456,1.56159
130_bNAb_Combinations|1342408|sample|3|nan|4168,83,0.0027367,8,3,1,0.00333543,0.00333534,0.00337111,0.00333534,-0.201791,-0.190979
130_bNAb_Combinations|1342408|sample|4|nan|4168,0.0010624,0.931106,1,4,1,0.773368,0.773194,0.773739,0.773218,0.773558,0.776636
130_bNAb_Combinations|1342408|sample|4|nan|4168,0.005312,0.912324,2,4,1,0.773381,0.77203,0.772914,0.772169,0.68601,0.690333
130_bNAb_Combinations|1342408|sample|4|nan|4168,0.02656,0.764897,3,4,1,0.773394,0.764183,0.767023,0.764978,-0.0105376,-0.000399403
130_bNAb_Combinations|1342408|sample|4|nan|4168,0.1328,0.50485,4,4,1,0.773406,0.71343,0.726492,0.717582,-1.15952,-1.12656
130_bNAb_Combinations|1342408|sample|4|nan|4168,0.664,0.189005,5,4,1,0.773404,0.449926,0.494802,0.46401,-2.33591,-2.23753
130_bNAb_Combinations|1342408|sample|4|nan|4168,3.32,0.0320092,6,4,1,0.772961,0.0233113,0.0354529,0.0266059,-0.299843,0.588302
130_bNAb_Combinations|1342408|sample|4|nan|4168,16.6,0.00490579,7,4,1,0.701551,0.00333539,0.00337116,0.00333539,0.488127,0.500987
130_bNAb_Combinations|1342408|sample|4|nan|4168,83,0.00336513,8,4,1,0.00333543,0.00333534,0.00337111,0.00333534,-0.0019024,0.00950312
130_bNAb_Combinations|1342408|vc|1|2|nan|4168,0,0.949635,1,2,1,0.773368,0.7734,0.773877,0.7734,0.863808,0.866677
130_bNAb_Combinations|1342408|vc|2|2|nan|4168,0,0.965274,2,2,1,0.773381,0.773413,0.773889,0.773413,0.940596,0.943513
130_bNAb_Combinations|1342408|vc|3|2|nan|4168,0,1,3,2,1,0.773381,0.773413,0.773889,0.773413,1.11126,1.11428
130_bNAb_Combinations|1342408|vc|4|2|nan|4168,0,0.969906,4,2,1,0.773381,0.773413,0.773889,0.773413,0.963361,0.966292
130_bNAb_Combinations|1342408|vc|5|2|nan|4168,0,0.940482,5,2,1,0.773381,0.773413,0.773889,0.773413,0.818749,0.821592
130_bNAb_Combinations|1342408|vc|6|2|nan|4168,0,0.930052,6,2,1,0.773381,0.773413,0.773889,0.773413,0.767489,0.770301
130_bNAb_Combinations|1342408|vc|7|2|nan|4168,0,0.924538,7,2,1,0.773381,0.773413,0.773889,0.773413,0.74039,0.743185
130_bNAb_Combinations|1342408|vc|8|2|nan|4168,0,0.903212,8,2,1,0.773368,0.7734,0.773877,0.7734,0.635652,0.638383
704_VRC01_Concordance|1200432|cc|1|1|PVO.4|5024,0,0.00146144,1,1,0,0,0,0,0,0.644537,0.644537
704_VRC01_Concordance|1200432|cc|2|1|PVO.4|5024,0,0.00217593,2,1,0,0,0,0,0,0.959644,0.959644
704_VRC01_Concordance|1200432|cc|3|1|PVO.4|5024,0,0.0011042,3,1,0,0,0,0,0,0.486984,0.486984
704_VRC01_Concordance|1200432|cc|4|1|PVO.4|5024,0,0.00198107,4,1,0,0,0,0,0,0.873706,0.873706
704_VRC01_Concordance|1200432|cc|5|1|PVO.4|5024,0,0.00298784,5,1,0,0,0,0,0,1.31772,1.31772
704_VRC01_Concordance|1200432|cc|6|1|PVO.4|5024,0,0.00175373,6,1,0,0,0,0,0,0.773445,0.773445
704_VRC01_Concordance|1200432|cc|7|1|PVO.4|5024,0,0.00233831,7,1,0,0,0,0,0,1.03126,1.03126
704_VRC01_Concordance|1200432|cc|8|1|PVO.4|5024,0,0.00334508,8,1,0,0,0,0,0,1.47527,1.47527
704_VRC01_Concordance|1200432|sample|10|PVO.4|5024,0.002286236854138,0.850689,1,10,1,0.773368,0.772858,0.773766,0.773275,0.378116,0.380767
704_VRC01_Concordance|1200432|sample|10|PVO.4|5024,0.0068587105624142,0.988097,2,10,1,0.773381,0.77151,0.773509,0.772978,1.05515,1.05848
704_VRC01_Concordance|1200432|sample|10|PVO.4|5024,0.0205761316872428,0.866635,3,10,1,0.773394,0.766549,0.772343,0.771657,0.464332,0.468123
704_VRC01_Concordance|1200432|sample|10|PVO.4|5024,0.0617283950617284,0.879642,4,10,1,0.773394,0.748569,0.76721,0.76594,0.557323,0.564545
704_VRC01_Concordance|1200432|sample|10|PVO.4|5024,0.1851851851851852,0.740724,5,10,1,0.773393,0.686133,0.74515,0.741791,-0.0225808,-0.00546651
704_VRC01_Concordance|1200432|sample|10|PVO.4|5024,0.5555555555555556,0.485621,6,10,1,0.773392,0.498621,0.655883,0.6462,-0.98536,-0.943065
704_VRC01_Concordance|1200432|sample|10|PVO.4|5024,1.66666666666667,0.212201,7,10,1,0.773334,0.155973,0.375802,0.35723,-1.63645,-1.5243
704_VRC01_Concordance|1200432|sample|10|PVO.4|5024,5,0.0380949,8,10,1,0.771762,0.00540326,0.0355784,0.0305468,0.2185,0.739334
704_VRC01_Concordance|1200432|sample|11|PVO.4|5024,0.0457247370827617,0.868454,1,11,1,0.773368,0.755881,0.76291,0.761636,0.526095,0.533327
704_VRC01_Concordance|1200432|sample|11|PVO.4|5024,0.1371742112482853,0.719452,2,11,1,0.773381,0.711117,0.732074,0.72903,-0.0655337,-0.0499339
704_VRC01_Concordance|1200432|sample|11|PVO.4|5024,0.411522633744856,0.42653,3,11,1,0.77338,0.568452,0.623271,0.61567,-1.19736,-1.16511
704_VRC01_Concordance|1200432|sample|11|PVO.4|5024,1.23456790123457,0.188591,4,11,1,0.773363,0.250852,0.333401,0.321144,-1.62801,-1.54559
704_VRC01_Concordance|1200432|sample|11|PVO.4|5024,3.7037037037037,0.036601,5,11,1,0.772767,0.0154039,0.0317698,0.0287145,0.45892,0.810291
704_VRC01_Concordance|1200432|sample|11|PVO.4|5024,11.1111111111111,0.00789179,6,11,1,0.752848,0.00333546,0.0033732,0.00333686,1.43701,1.45294
704_VRC01_Concordance|1200432|sample|11|PVO.4|5024,33.3333333333333,0.00133154,7,11,1,0.311683,0.00333525,0.00337103,0.00333525,-0.64872,-0.639233
704_VRC01_Concordance|1200432|sample|11|PVO.4|5024,100,0.000389718,8,11,1,0.00333539,0.0033352,0.00337097,0.0033352,-0.94828,-0.939682
704_VRC01_Concordance|1200432|sample|12|PVO.4|5024,0.0457247370827617,0.755582,1,12,1,0.773368,0.755881,0.761381,0.760916,-0.0289646,-0.0266584
704_VRC01_Concordance|1200432|sample|12|PVO.4|5024,0.1371742112482853,0.635256,2,12,1,0.773368,0.711106,0.727124,0.726707,-0.480193,-0.478287
704_VRC01_Concordance|1200432|sample|12|PVO.4|5024,0.411522633744856,0.416203,3,12,1,0.773368,0.568443,0.609499,0.609276,-1.2026,-1.20165
704_VRC01_Concordance|1200432|sample|12|PVO.4|5024,1.23456790123457,0.135362,4,12,1,0.77335,0.250848,0.310498,0.310697,-2.11022,-2.1113
704_VRC01_Concordance|1200432|sample|12|PVO.4|5024,3.7037037037037,0.0341003,5,12,1,0.772755,0.0154036,0.0261646,0.0262607,0.874939,0.86197
704_VRC01_Concordance|1200432|sample|12|PVO.4|5024,11.1111111111111,0.00308527,6,12,1,0.752836,0.00333541,0.00337214,0.0033364,-0.0912405,-0.0801113
704_VRC01_Concordance|1200432|sample|12|PVO.4|5024,33.3333333333333,0.000292288,7,12,1,0.311678,0.0033352,0.00337097,0.0033352,-0.979271,-0.970765
704_VRC01_Concordance|1200432|sample|12|PVO.4|5024,100,0.000292288,8,12,1,0.00333539,0.0033352,0.00337097,0.0033352,-0.979271,-0.970765
704_VRC01_Concordance|1200432|sample|3|PVO.4|5024,0.0457247370827617,0.931426,1,3,1,0.773368,0.755881,0.756311,0.756186,0.880412,0.881181
704_VRC01_Concordance|1200432|sample|3|PVO.4|5024,0.1371742112482853,0.65242,2,3,1,0.773381,0.711117,0.711423,0.712037,-0.315132,-0.318143
704_VRC01_Concordance|1200432|sample|3|PVO.4|5024,0.411522633744856,0.404284,3,3,1,0.773393,0.568461,0.568404,0.570769,-1.09379,-1.10502
704_VRC01_Concordance|1200432|sample|3|PVO.4|5024,1.23456790123457,0.116071,4,3,1,0.773375,0.250857,0.250337,0.253945,-1.99347,-2.01892
704_VRC01_Concordance|1200432|sample|3|PVO.4|5024,3.7037037037037,0.0223763,5,3,1,0.77278,0.0154041,0.0153181,0.0158466,1.12932,1.02228
704_VRC01_Concordance|1200432|sample|3|PVO.4|5024,11.1111111111111,0.00337756,6,3,1,0.75286,0.00333552,0.00337128,0.00333554,0.00199566,0.013404
704_VRC01_Concordance|1200432|sample|3|PVO.4|5024,33.3333333333333,0.00295536,7,3,1,0.311683,0.00333525,0.00337103,0.00333525,-0.132214,-0.121195
704_VRC01_Concordance|1200432|sample|3|PVO.4|5024,100,0.00168878,8,3,1,0.00333539,0.0033352,0.00337097,0.0033352,-0.535074,-0.52525
704_VRC01_Concordance|1200432|sample|4|PVO.4|5024,0.0457247370827617,0.855821,1,4,1,0.773368,0.755881,0.766725,0.765165,0.441923,0.450567
704_VRC01_Concordance|1200432|sample|4|PVO.4|5024,0.1371742112482853,0.721108,2,4,1,0.773381,0.711117,0.744934,0.740732,-0.121593,-0.10071
704_VRC01_Concordance|1200432|sample|4|PVO.4|5024,0.411522633744856,0.572009,3,4,1,0.773393,0.568461,0.661475,0.649615,-0.513453,-0.453412
704_VRC01_Concordance|1200432|sample|4|PVO.4|5024,1.23456790123457,0.23966,4,4,1,0.773388,0.250861,0.405792,0.382492,-1.54154,-1.40427
704_VRC01_Concordance|1200432|sample|4|PVO.4|5024,3.7037037037037,0.0572236,5,4,1,0.772792,0.0154044,0.0565913,0.0473857,0.0372359,0.674417
704_VRC01_Concordance|1200432|sample|4|PVO.4|5024,11.1111111111111,0.00779436,6,4,1,0.75286,0.00333552,0.00338473,0.00334316,1.40103,1.41911
704_VRC01_Concordance|1200432|sample|4|PVO.4|5024,33.3333333333333,0.0027605,7,4,1,0.311683,0.00333525,0.00337103,0.00333525,-0.194195,-0.18336
704_VRC01_Concordance|1200432|sample|4|PVO.4|5024,100,0.00116915,8,4,1,0.00333539,0.0033352,0.00337097,0.0033352,-0.700356,-0.691023
704_VRC01_Concordance|1200432|sample|5|PVO.4|5024,0.002286236854138,0.883215,1,5,1,0.773368,0.772858,0.773766,0.773265,0.537988,0.5408
704_VRC01_Concordance|1200432|sample|5|PVO.4|5024,0.0068587105624142,0.89653,2,5,1,0.773381,0.77151,0.773512,0.772938,0.604886,0.608154
704_VRC01_Concordance|1200432|sample|5|PVO.4|5024,0.0205761316872428,0.878603,3,5,1,0.773394,0.766549,0.772356,0.771505,0.523193,0.527958
704_VRC01_Concordance|1200432|sample|5|PVO.4|5024,0.0617283950617284,0.790088,4,5,1,0.773406,0.748581,0.767272,0.765383,0.113089,0.122755
704_VRC01_Concordance|1200432|sample|5|PVO.4|5024,0.1851851851851852,0.721465,5,5,1,0.773406,0.686144,0.745344,0.739752,-0.121801,-0.0939703
704_VRC01_Concordance|1200432|sample|5|PVO.4|5024,0.5555555555555556,0.483543,6,5,1,0.773392,0.498621,0.656479,0.639734,-0.999942,-0.926445
704_VRC01_Concordance|1200432|sample|5|PVO.4|5024,1.66666666666667,0.199503,7,5,1,0.773334,0.155973,0.377025,0.344874,-1.77007,-1.58129
704_VRC01_Concordance|1200432|sample|5|PVO.4|5024,5,0.0347498,8,5,1,0.771762,0.00540326,0.0359401,0.0275038,-0.102507,0.769372
704_VRC01_Concordance|1200432|sample|6|PVO.4|5024,0.002286236854138,0.994382,1,6,1,0.773368,0.772858,0.773786,0.773299,1.0843,1.08737
704_VRC01_Concordance|1200432|sample|6|PVO.4|5024,0.0068587105624142,0.986474,2,6,1,0.773381,0.77151,0.773591,0.773072,1.04665,1.0499
704_VRC01_Concordance|1200432|sample|6|PVO.4|5024,0.0205761316872428,0.991621,3,6,1,0.773394,0.766549,0.772668,0.772026,1.07776,1.08182
704_VRC01_Concordance|1200432|sample|6|PVO.4|5024,0.0617283950617284,0.869396,4,6,1,0.773406,0.748581,0.768488,0.767366,0.499376,0.505659
704_VRC01_Concordance|1200432|sample|6|PVO.4|5024,0.1851851851851852,0.779355,5,6,1,0.773406,0.686144,0.749903,0.747005,0.149324,0.164645
704_VRC01_Concordance|1200432|sample|6|PVO.4|5024,0.5555555555555556,0.468051,6,6,1,0.773392,0.498621,0.671702,0.663129,-1.15119,-1.1168
704_VRC01_Concordance|1200432|sample|6|PVO.4|5024,1.66666666666667,0.186123,7,6,1,0.773334,0.155973,0.409705,0.391757,-2.05523,-1.97495
704_VRC01_Concordance|1200432|sample|6|PVO.4|5024,5,0.0497215,8,6,1,0.771762,0.00540326,0.0468845,0.0406804,0.196238,0.703915
704_VRC01_Concordance|1200432|sample|7|PVO.4|5024,0.0457247370827617,0.822711,1,7,1,0.773368,0.755881,0.759911,0.760045,0.314252,0.31353
704_VRC01_Concordance|1200432|sample|7|PVO.4|5024,0.1371742112482853,0.758505,2,7,1,0.773381,0.711117,0.722484,0.723951,0.189478,0.181395
704_VRC01_Concordance|1200432|sample|7|PVO.4|5024,0.411522633744856,0.445919,3,7,1,0.773393,0.568461,0.596945,0.601771,-0.959093,-0.981916
704_VRC01_Concordance|1200432|sample|7|PVO.4|5024,1.23456790123457,0.173424,4,7,1,0.773388,0.250861,0.290867,0.298804,-1.5078,-1.56815
704_VRC01_Concordance|1200432|sample|7|PVO.4|5024,3.7037037037037,0.0308202,5,7,1,0.772792,0.0154044,0.0220538,0.0236849,1.09563,0.846894
704_VRC01_Concordance|1200432|sample|7|PVO.4|5024,11.1111111111111,0.00402709,6,7,1,0.75286,0.00333552,0.00337175,0.00333617,0.208435,0.2204
704_VRC01_Concordance|1200432|sample|7|PVO.4|5024,33.3333333333333,0.00243574,7,7,1,0.311683,0.00333525,0.00337103,0.00333525,-0.297496,-0.286967
704_VRC01_Concordance|1200432|sample|7|PVO.4|5024,100,0.00113668,8,7,1,0.00333539,0.0033352,0.00337097,0.0033352,-0.710687,-0.701384
704_VRC01_Concordance|1200432|sample|8|PVO.4|5024,0.0457247370827617,0.796746,1,8,1,0.773368,0.755881,0.762392,0.761959,0.171357,0.173614
704_VRC01_Concordance|1200432|sample|8|PVO.4|5024,0.1371742112482853,0.73569,2,8,1,0.773381,0.711117,0.730387,0.730074,0.0275942,0.0292377
704_VRC01_Concordance|1200432|sample|8|PVO.4|5024,0.411522633744856,0.466265,3,8,1,0.773393,0.568461,0.618531,0.618597,-0.93369,-0.933995
704_VRC01_Concordance|1200432|sample|8|PVO.4|5024,1.23456790123457,0.184954,4,8,1,0.773388,0.250861,0.325336,0.326034,-1.61634,-1.62099
704_VRC01_Concordance|1200432|sample|8|PVO.4|5024,3.7037037037037,0.0379325,5,8,1,0.772792,0.0154044,0.0296881,0.0299272,0.825591,0.796694
704_VRC01_Concordance|1200432|sample|8|PVO.4|5024,11.1111111111111,0.00399461,6,8,1,0.75286,0.00333552,0.00337283,0.00333714,0.197744,0.209717
704_VRC01_Concordance|1200432|sample|8|PVO.4|5024,33.3333333333333,0.00168878,7,8,1,0.311683,0.00333525,0.00337103,0.00333525,-0.535089,-0.525265
704_VRC01_Concordance|1200432|sample|8|PVO.4|5024,100,0,8,8,1,0.00333539,0.0033352,0.00337097,0.0033352,-1.07224,-1.06401
704_VRC01_Concordance|1200432|sample|9|PVO.4|5024,0.002286236854138,0.844113,1,9,1,0.773368,0.772858,0.773749,0.77327,0.345877,0.348445
704_VRC01_Concordance|1200432|sample|9|PVO.4|5024,0.0068587105624142,0.938782,2,9,1,0.773381,0.77151,0.773445,0.772959,0.81304,0.815934
704_VRC01_Concordance|1200432|sample|9|PVO.4|5024,0.0205761316872428,0.856568,3,9,1,0.773394,0.766549,0.772096,0.771587,0.416104,0.418885
704_VRC01_Concordance|1200432|sample|9|PVO.4|5024,0.0617283950617284,0.895653,4,9,1,0.773406,0.748581,0.766282,0.765688,0.64206,0.645501
704_VRC01_Concordance|1200432|sample|9|PVO.4|5024,0.1851851851851852,0.785119,5,9,1,0.773406,0.686144,0.741727,0.740849,0.222397,0.227167
704_VRC01_Concordance|1200432|sample|9|PVO.4|5024,0.5555555555555556,0.449345,6,9,1,0.773392,0.498621,0.644844,0.643179,-1.15053,-1.14364
704_VRC01_Concordance|1200432|sample|9|PVO.4|5024,1.66666666666667,0.160499,7,9,1,0.773334,0.155973,0.35388,0.351402,-2.05129,-2.03894
704_VRC01_Concordance|1200432|sample|9|PVO.4|5024,5,0.0365685,8,9,1,0.771762,0.00540326,0.0296147,0.0290763,0.697684,0.762406
704_VRC01_Concordance|1200432|vc|1|2|PVO.4|5024,0,0.927366,1,2,1,0.773368,0.773368,0.773845,0.773368,0.754549,0.757355
704_VRC01_Concordance|1200432|vc|2|2|PVO.4|5024,0,0.913369,2,2,1,0.773381,0.773381,0.773858,0.773381,0.68568,0.688444
704_VRC01_Concordance|1200432|vc|3|2|PVO.4|5024,0,1,3,2,1,0.773381,0.773381,0.773858,0.773381,1.11146,1.11448
704_VRC01_Concordance|1200432|vc|4|2|PVO.4|5024,0,0.936054,4,2,1,0.773381,0.773381,0.773858,0.773381,0.797173,0.800005
704_VRC01_Concordance|1200432|vc|5|2|PVO.4|5024,0,0.990712,5,2,1,0.773381,0.773381,0.773858,0.773381,1.06581,1.06881
704_VRC01_Concordance|1200432|vc|6|2|PVO.4|5024,0,0.919832,6,2,1,0.773381,0.773381,0.773858,0.773381,0.717444,0.720227
704_VRC01_Concordance|1200432|vc|7|2|PVO.4|5024,0,0.864589,7,2,1,0.773381,0.773381,0.773858,0.773381,0.445933,0.448551
704_VRC01_Concordance|1200432|vc|8|2|PVO.4|5024,0,0.869461,8,2,1,0.773368,0.773368,0.773845,0.773368,0.469946,0.472577
