id,time,rlu_norm,plate_row,plate_col,virus_cc,popPred_medianCOV,popPred,indivPred_SAEM,indivPred_mode,indWRes_SAEM,indWRes_mode
130_bNAb_Combinations|1313842|cc|1|1|nan|2946,0,0.00107969,1,1,0,0,0,0,0,0.632197,0.632197
130_bNAb_Combinations|1313842|cc|2|1|nan|2946,0,0.000918885,2,1,0,0,0,0,0,0.53804,0.53804
130_bNAb_Combinations|1313842|cc|3|1|nan|2946,0,0.00110266,3,1,0,0,0,0,0,0.645648,0.645648
130_bNAb_Combinations|1313842|cc|4|1|nan|2946,0,0.00133238,4,1,0,0,0,0,0,0.780158,0.780158
130_bNAb_Combinations|1313842|cc|5|1|nan|2946,0,0.00153913,5,1,0,0,0,0,0,0.901217,0.901217
130_bNAb_Combinations|1313842|cc|6|1|nan|2946,0,0.00149319,6,1,0,0,0,0,0,0.874315,0.874315
130_bNAb_Combinations|1313842|cc|7|1|nan|2946,0,0.00149319,7,1,0,0,0,0,0,0.874315,0.874315
130_bNAb_Combinations|1313842|cc|8|1|nan|2946,0,0.000826997,8,1,0,0,0,0,0,0.484236,0.484236
130_bNAb_Combinations|1313842|sample|10|nan|2946,0.0003648,0.782305,1,10,1,0.845151,0.845151,0.837263,0.838595,-0.254666,-0.260427
130_bNAb_Combinations|1313842|sample|10|nan|2946,0.001824,0.882187,2,10,1,0.845151,0.845151,0.825215,0.82598,0.267818,0.263981
130_bNAb_Combinations|1313842|sample|10|nan|2946,0.00912,0.889573,3,10,1,0.845151,0.845151,0.790777,0.789968,0.484482,0.488948
130_bNAb_Combinations|1313842|sample|10|nan|2946,0.0456,0.751223,4,10,1,0.845151,0.845151,0.698019,0.693337,0.295248,0.323382
130_bNAb_Combinations|1313842|sample|10|nan|2946,0.228,0.542866,5,10,1,0.845151,0.845151,0.48691,0.475755,0.443327,0.544
130_bNAb_Combinations|1313842|sample|10|nan|2946,1.14,0.150628,6,10,1,0.845151,0.845151,0.179069,0.167222,-0.598782,-0.373146
130_bNAb_Combinations|1313842|sample|10|nan|2946,5.7,0.0141738,7,10,1,0.845151,0.845151,0.0145532,0.0123061,-0.0698799,0.38472
130_bNAb_Combinations|1313842|sample|10|nan|2946,28.5,0.000252693,8,10,1,0.845151,0.845151,0.000385685,0.000529249,-0.0736199,-0.150043
130_bNAb_Combinations|1313842|sample|11|nan|2946,0.0003712,0.787795,1,11,1,0.845151,0.845151,0.841524,0.843195,-0.247715,-0.254921
130_bNAb_Combinations|1313842|sample|11|nan|2946,0.001856,0.899692,2,11,1,0.845151,0.845151,0.836391,0.83817,0.293627,0.284775
130_bNAb_Combinations|1313842|sample|11|nan|2946,0.00928,0.943259,3,11,1,0.845151,0.845151,0.818284,0.820434,0.592427,0.580719
130_bNAb_Combinations|1313842|sample|11|nan|2946,0.0464,0.770876,4,11,1,0.845151,0.845151,0.756823,0.760167,0.0719803,0.0546128
130_bNAb_Combinations|1313842|sample|11|nan|2946,0.2319999999999999,0.591682,5,11,1,0.845151,0.845151,0.574388,0.580571,0.116389,0.073988
130_bNAb_Combinations|1313842|sample|11|nan|2946,1.16,0.238543,6,11,1,0.845151,0.845151,0.223927,0.231239,0.247853,0.120053
130_bNAb_Combinations|1313842|sample|11|nan|2946,5.8,0.0150238,7,11,1,0.845151,0.845151,0.0126153,0.0138309,0.488161,0.227455
130_bNAb_Combinations|1313842|sample|11|nan|2946,29,0,8,11,1,0.845151,0.845151,0.000436767,0.000385691,-0.240044,-0.213506
130_bNAb_Combinations|1313842|sample|12|nan|2946,0.0003712,0.726907,1,12,1,0.845151,0.845151,0.841254,0.842873,-0.52736,-0.53381
130_bNAb_Combinations|1313842|sample|12|nan|2946,0.001856,0.725805,2,12,1,0.845151,0.845151,0.835431,0.837024,-0.509086,-0.51551
130_bNAb_Combinations|1313842|sample|12|nan|2946,0.00928,0.699823,3,12,1,0.845151,0.845151,0.814928,0.816429,-0.547867,-0.554001
130_bNAb_Combinations|1313842|sample|12|nan|2946,0.0464,0.628667,4,12,1,0.845151,0.845151,0.7458,0.747004,-0.608738,-0.614016
130_bNAb_Combinations|1313842|sample|12|nan|2946,0.2319999999999999,0.46638,5,12,1,0.845151,0.845151,0.545308,0.545782,-0.559177,-0.562051
130_bNAb_Combinations|1313842|sample|12|nan|2946,1.16,0.173084,6,12,1,0.845151,0.845151,0.187294,0.187185,-0.286486,-0.284455
130_bNAb_Combinations|1313842|sample|12|nan|2946,5.8,0.0100848,7,12,1,0.845151,0.845151,0.00754787,0.00804267,0.697345,0.542467
130_bNAb_Combinations|1313842|sample|12|nan|2946,29,0.00119455,8,12,1,0.845151,0.845151,0.00069157,0.00128668,0.266879,-0.0452287
130_bNAb_Combinations|1313842|sample|3|nan|2946,0.000064,0.866394,1,3,1,0.845151,0.845151,0.843521,0.845151,0.105207,0.0975232
130_bNAb_Combinations|1313842|sample|3|nan|2946,0.00032,0.944316,2,3,1,0.845151,0.845151,0.843521,0.845151,0.463619,0.455249
130_bNAb_Combinations|1313842|sample|3|nan|2946,0.0016,0.961051,3,3,1,0.845151,0.845151,0.843521,0.845151,0.540596,0.532078
130_bNAb_Combinations|1313842|sample|3|nan|2946,0.008,0.986159,4,3,1,0.845151,0.845151,0.843517,0.845148,0.656109,0.647364
130_bNAb_Combinations|1313842|sample|3|nan|2946,0.04,0.882578,5,3,1,0.845151,0.845151,0.843385,0.845053,0.180303,0.172289
130_bNAb_Combinations|1313842|sample|3|nan|2946,0.2,0.77709,6,3,1,0.845151,0.845151,0.839223,0.842068,-0.287243,-0.299388
130_bNAb_Combinations|1313842|sample|3|nan|2946,1,0.473111,7,3,1,0.845151,0.845151,0.719563,0.754341,-1.32708,-1.44515
130_bNAb_Combinations|1313842|sample|3|nan|2946,5,0.151731,8,3,1,0.845151,0.845151,0.0919812,0.141851,2.36833,0.260115
130_bNAb_Combinations|1313842|sample|4|nan|2946,0.000064,0.844789,1,4,1,0.845151,0.845151,0.843521,0.845151,0.0058303,-0.00166349
130_bNAb_Combinations|1313842|sample|4|nan|2946,0.00032,0.96429,2,4,1,0.845151,0.845151,0.843521,0.845151,0.555494,0.546948
130_bNAb_Combinations|1313842|sample|4|nan|2946,0.0016,0.942363,3,4,1,0.845151,0.845151,0.843521,0.845151,0.454638,0.446285
130_bNAb_Combinations|1313842|sample|4|nan|2946,0.008,0.926512,4,4,1,0.845151,0.845151,0.843517,0.845148,0.38175,0.373533
130_bNAb_Combinations|1313842|sample|4|nan|2946,0.04,0.878374,5,4,1,0.845151,0.845151,0.843389,0.845048,0.160943,0.153016
130_bNAb_Combinations|1313842|sample|4|nan|2946,0.2,0.73798,6,4,1,0.845151,0.845151,0.839358,0.841881,-0.468597,-0.478831
130_bNAb_Combinations|1313842|sample|4|nan|2946,1,0.443512,7,4,1,0.845151,0.845151,0.722969,0.749134,-1.49778,-1.58131
130_bNAb_Combinations|1313842|sample|4|nan|2946,5,0.140934,8,4,1,0.845151,0.845151,0.0815816,0.131724,2.62978,0.260237
130_bNAb_Combinations|1313842|sample|5|nan|2946,0.0006144,0.829983,1,5,1,0.845151,0.845151,0.843521,0.845151,-0.0622699,-0.0696334
130_bNAb_Combinations|1313842|sample|5|nan|2946,0.003072,0.89357,2,5,1,0.845151,0.845151,0.84352,0.84515,0.230212,0.222289
130_bNAb_Combinations|1313842|sample|5|nan|2946,0.01536,0.91946,3,5,1,0.845151,0.845151,0.843492,0.845121,0.349439,0.341289
130_bNAb_Combinations|1313842|sample|5|nan|2946,0.0768,0.844513,4,5,1,0.845151,0.845151,0.842584,0.844208,0.00888354,0.001404
130_bNAb_Combinations|1313842|sample|5|nan|2946,0.384,0.634686,5,5,1,0.845151,0.845151,0.814446,0.815878,-0.856114,-0.86143
130_bNAb_Combinations|1313842|sample|5|nan|2946,1.92,0.273162,6,5,1,0.845151,0.845151,0.31558,0.310406,-0.514744,-0.459339
130_bNAb_Combinations|1313842|sample|5|nan|2946,9.6,0.101927,7,5,1,0.845151,0.845151,0.0903965,0.0771897,0.464513,1.15347
130_bNAb_Combinations|1313842|sample|5|nan|2946,48,0.049482,8,5,1,0.845151,0.845151,0.0903965,0.0771897,-1.64822,-1.29196
130_bNAb_Combinations|1313842|sample|6|nan|2946,0.0006144,0.807137,1,6,1,0.845151,0.845151,0.843521,0.845151,-0.167353,-0.174515
130_bNAb_Combinations|1313842|sample|6|nan|2946,0.003072,0.913073,2,6,1,0.845151,0.845151,0.843521,0.845151,0.319917,0.311822
130_bNAb_Combinations|1313842|sample|6|nan|2946,0.01536,0.905757,3,6,1,0.845151,0.845151,0.843518,0.845148,0.286278,0.278248
130_bNAb_Combinations|1313842|sample|6|nan|2946,0.0768,0.884312,4,6,1,0.845151,0.845151,0.843422,0.845048,0.188101,0.180277
130_bNAb_Combinations|1313842|sample|6|nan|2946,0.384,0.63016,5,6,1,0.845151,0.845151,0.840405,0.84191,-0.970612,-0.975825
130_bNAb_Combinations|1313842|sample|6|nan|2946,1.92,0.318692,6,6,1,0.845151,0.845151,0.75324,0.751466,-2.23623,-2.23231
130_bNAb_Combinations|1313842|sample|6|nan|2946,9.6,0.14291,7,6,1,0.845151,0.845151,0.136433,0.131424,0.176988,0.325232
130_bNAb_Combinations|1313842|sample|6|nan|2946,48,0.0423376,8,6,1,0.845151,0.845151,0.0359678,0.0398083,0.584103,0.212773
130_bNAb_Combinations|1313842|sample|7|nan|2946,0.0000768,0.796949,1,7,1,0.845151,0.845151,0.84134,0.842901,-0.204708,-0.211514
130_bNAb_Combinations|1313842|sample|7|nan|2946,0.000384,1,2,7,1,0.845151,0.845151,0.837109,0.838534,0.754938,0.747067
130_bNAb_Combinations|1313842|sample|7|nan|2946,0.00192,0.911982,3,7,1,0.845151,0.845151,0.824767,0.825804,0.41021,0.404826
130_bNAb_Combinations|1313842|sample|7|nan|2946,0.0096,0.8727,4,7,1,0.845151,0.845151,0.789517,0.789477,0.408566,0.408782
130_bNAb_Combinations|1313842|sample|7|nan|2946,0.048,0.846259,5,7,1,0.845151,0.845151,0.694791,0.692108,0.84442,0.862677
130_bNAb_Combinations|1313842|sample|7|nan|2946,0.24,0.530266,6,7,1,0.845151,0.845151,0.480575,0.473509,0.398809,0.462225
130_bNAb_Combinations|1313842|sample|7|nan|2946,1.2,0.187832,7,7,1,0.845151,0.845151,0.173097,0.16562,0.32051,0.504128
130_bNAb_Combinations|1313842|sample|7|nan|2946,6,0.0118536,8,7,1,0.845151,0.845151,0.0138033,0.0126849,-0.372249,-0.167888
130_bNAb_Combinations|1313842|sample|8|nan|2946,0.0000768,0.807666,1,8,1,0.845151,0.845151,0.84135,0.842878,-0.155333,-0.162085
130_bNAb_Combinations|1313842|sample|8|nan|2946,0.000384,0.9013,2,8,1,0.845151,0.845151,0.837138,0.838467,0.297357,0.290738
130_bNAb_Combinations|1313842|sample|8|nan|2946,0.00192,0.96043,3,8,1,0.845151,0.845151,0.824852,0.82561,0.637617,0.633475
130_bNAb_Combinations|1313842|sample|8|nan|2946,0.0096,0.907296,4,8,1,0.845151,0.845151,0.789756,0.788932,0.577137,0.581787
130_bNAb_Combinations|1313842|sample|8|nan|2946,0.048,0.786233,5,8,1,0.845151,0.845151,0.695413,0.690727,0.505863,0.535535
130_bNAb_Combinations|1313842|sample|8|nan|2946,0.24,0.560359,6,8,1,0.845151,0.845151,0.481847,0.470903,0.628486,0.732502
130_bNAb_Combinations|1313842|sample|8|nan|2946,1.2,0.163389,7,8,1,0.845151,0.845151,0.174496,0.163658,-0.239726,-0.00615913
130_bNAb_Combinations|1313842|sample|8|nan|2946,6,0.0142427,8,8,1,0.845151,0.845151,0.014332,0.0136204,-0.0166152,0.119892
130_bNAb_Combinations|1313842|sample|9|nan|2946,0.0003648,0.848418,1,9,1,0.845151,0.845151,0.836709,0.838316,0.054294,0.0467543
130_bNAb_Combinations|1313842|sample|9|nan|2946,0.001824,0.929671,2,9,1,0.845151,0.845151,0.823607,0.825169,0.49956,0.491275
130_bNAb_Combinations|1313842|sample|9|nan|2946,0.00912,0.902196,3,9,1,0.845151,0.845151,0.78625,0.787688,0.571834,0.563716
130_bNAb_Combinations|1313842|sample|9|nan|2946,0.0456,0.850118,4,9,1,0.845151,0.845151,0.686367,0.687487,0.923991,0.916195
130_bNAb_Combinations|1313842|sample|9|nan|2946,0.228,0.545806,5,9,1,0.845151,0.845151,0.463713,0.464201,0.682486,0.677732
130_bNAb_Combinations|1313842|sample|9|nan|2946,1.14,0.154396,6,9,1,0.845151,0.845151,0.156132,0.156032,-0.0417107,-0.0393163
130_bNAb_Combinations|1313842|sample|9|nan|2946,5.7,0.0108658,7,9,1,0.845151,0.845151,0.0104031,0.0103225,0.105933,0.124972
130_bNAb_Combinations|1313842|sample|9|nan|2946,28.5,0.000413498,8,9,1,0.845151,0.845151,0.000541897,0.000503157,-0.0695395,-0.0488205
130_bNAb_Combinations|1313842|vc|1|2|nan|2946,0,0.842836,1,2,1,0.845151,0.845151,0.843521,0.845151,-0.00315113,-0.0106277
130_bNAb_Combinations|1313842|vc|2|2|nan|2946,0,0.947647,2,2,1,0.845151,0.845151,0.843521,0.845151,0.47894,0.470541
130_bNAb_Combinations|1313842|vc|3|2|nan|2946,0,0.949806,3,2,1,0.845151,0.845151,0.843521,0.845151,0.488873,0.480454
130_bNAb_Combinations|1313842|vc|4|2|nan|2946,0,0.93376,4,2,1,0.845151,0.845151,0.843521,0.845151,0.415066,0.406789
130_bNAb_Combinations|1313842|vc|5|2|nan|2946,0,0.949576,5,2,1,0.845151,0.845151,0.843521,0.845151,0.487816,0.4794
130_bNAb_Combinations|1313842|vc|6|2|nan|2946,0,0.978843,6,2,1,0.845151,0.845151,0.843521,0.845151,0.622432,0.613758
130_bNAb_Combinations|1313842|vc|7|2|nan|2946,0,0.900864,7,2,1,0.845151,0.845151,0.843521,0.845151,0.263756,0.255768
130_bNAb_Combinations|1313842|vc|8|2|nan|2946,0,0.690864,8,2,1,0.845151,0.845151,0.843521,0.845151,-0.70217,-0.708309
130_bNAb_Combinations|1313860|cc|1|1|PVO.4|5024,0,0.000722109,1,1,0,0,0,0,0,0.42282,0.42282
130_bNAb_Combinations|1313860|cc|2|1|PVO.4|5024,0,0.000902636,2,1,0,0,0,0,0,0.528525,0.528525
130_bNAb_Combinations|1313860|cc|3|1|PVO.4|5024,0,0.0011634,3,1,0,0,0,0,0,0.68121,0.68121
130_bNAb_Combinations|1313860|cc|4|1|PVO.4|5024,0,0.00162474,4,1,0,0,0,0,0,0.951345,0.951345
130_bNAb_Combinations|1313860|cc|5|1|PVO.4|5024,0,0.00138404,5,1,0,0,0,0,0,0.810405,0.810405
130_bNAb_Combinations|1313860|cc|6|1|PVO.4|5024,0,0.0016448,6,1,0,0,0,0,0,0.96309,0.96309
130_bNAb_Combinations|1313860|cc|7|1|PVO.4|5024,0,0.00178521,7,1,0,0,0,0,0,1.04531,1.04531
130_bNAb_Combinations|1313860|cc|8|1|PVO.4|5024,0,0.00148433,8,1,0,0,0,0,0,0.86913,0.86913
130_bNAb_Combinations|1313860|sample|10|PVO.4|5024,0.0003648,0.940566,1,10,1,0.845151,0.845151,0.836846,0.838449,0.480853,0.472526
130_bNAb_Combinations|1313860|sample|10|PVO.4|5024,0.001824,0.927278,2,10,1,0.845151,0.845151,0.821017,0.822555,0.50205,0.493868
130_bNAb_Combinations|1313860|sample|10|PVO.4|5024,0.00912,0.889708,3,10,1,0.845151,0.845151,0.769486,0.770818,0.605725,0.597991
130_bNAb_Combinations|1313860|sample|10|PVO.4|5024,0.0456,0.686274,4,10,1,0.845151,0.845151,0.618627,0.619402,0.42306,0.417695
130_bNAb_Combinations|1313860|sample|10|PVO.4|5024,0.228,0.317477,5,10,1,0.845151,0.845151,0.302646,0.302562,0.187506,0.188619
130_bNAb_Combinations|1313860|sample|10|PVO.4|5024,1.14,0.0365267,6,10,1,0.845151,0.845151,0.0351302,0.0349943,0.130622,0.143798
130_bNAb_Combinations|1313860|sample|10|PVO.4|5024,5.7,0.000641874,7,10,1,0.845151,0.845151,0.000503192,0.00054882,0.0755139,0.0503494
130_bNAb_Combinations|1313860|sample|10|PVO.4|5024,28.5,0.000441289,8,10,1,0.845151,0.845151,0.0003403,0.000388738,0.0562652,0.0290779
130_bNAb_Combinations|1313860|sample|11|PVO.4|5024,0.0003712,0.89049,1,11,1,0.845151,0.845151,0.838205,0.839804,0.242008,0.234165
130_bNAb_Combinations|1313860|sample|11|PVO.4|5024,0.001856,0.925934,2,11,1,0.845151,0.845151,0.823753,0.825268,0.481181,0.473187
130_bNAb_Combinations|1313860|sample|11|PVO.4|5024,0.00928,0.859359,3,11,1,0.845151,0.845151,0.771876,0.773096,0.439423,0.432615
130_bNAb_Combinations|1313860|sample|11|PVO.4|5024,0.0464,0.674941,4,11,1,0.845151,0.845151,0.606593,0.606975,0.435831,0.433125
130_bNAb_Combinations|1313860|sample|11|PVO.4|5024,0.2319999999999999,0.244805,5,11,1,0.845151,0.845151,0.25609,0.255392,-0.167956,-0.157982
130_bNAb_Combinations|1313860|sample|11|PVO.4|5024,1.16,0.0178521,6,11,1,0.845151,0.845151,0.0163895,0.0162045,0.247948,0.281567
130_bNAb_Combinations|1313860|sample|11|PVO.4|5024,5.8,0.00070205,7,11,1,0.845151,0.845151,0.000363988,0.000400456,0.187717,0.166604
130_bNAb_Combinations|1313860|sample|11|PVO.4|5024,29,0.000160469,8,11,1,0.845151,0.845151,0.00034652,0.000383694,-0.103566,-0.123605
130_bNAb_Combinations|1313860|sample|12|PVO.4|5024,0.0003712,0.939283,1,12,1,0.845151,0.845151,0.837458,0.839039,0.471723,0.46353
130_bNAb_Combinations|1313860|sample|12|PVO.4|5024,0.001856,0.916777,2,12,1,0.845151,0.845151,0.821004,0.822453,0.452509,0.44488
130_bNAb_Combinations|1313860|sample|12|PVO.4|5024,0.00928,0.891313,3,12,1,0.845151,0.845151,0.762276,0.763273,0.656234,0.650318
130_bNAb_Combinations|1313860|sample|12|PVO.4|5024,0.0464,0.651633,4,12,1,0.845151,0.845151,0.57904,0.578816,0.484674,0.486354
130_bNAb_Combinations|1313860|sample|12|PVO.4|5024,0.2319999999999999,0.224295,5,12,1,0.845151,0.845151,0.216504,0.215096,0.136512,0.1622
130_bNAb_Combinations|1313860|sample|12|PVO.4|5024,1.16,0.00968829,6,12,1,0.845151,0.845151,0.0095486,0.0092632,0.0336641,0.104277
130_bNAb_Combinations|1313860|sample|12|PVO.4|5024,5.8,0.000661933,7,12,1,0.845151,0.845151,0.000377771,0.000322996,0.157479,0.189305
130_bNAb_Combinations|1313860|sample|12|PVO.4|5024,29,0,8,12,1,0.845151,0.845151,0.000373955,0.000319448,-0.207354,-0.17851
130_bNAb_Combinations|1313860|sample|3|PVO.4|5024,0.000064,0.942953,1,3,1,0.845151,0.845151,0.843012,0.844611,0.459969,0.45176
130_bNAb_Combinations|1313860|sample|3|PVO.4|5024,0.00032,0.869078,2,3,1,0.845151,0.845151,0.841873,0.843403,0.125376,0.118112
130_bNAb_Combinations|1313860|sample|3|PVO.4|5024,0.0016,0.85281,3,3,1,0.845151,0.845151,0.838191,0.839498,0.0676679,0.0615226
130_bNAb_Combinations|1313860|sample|3|PVO.4|5024,0.008,0.886438,4,3,1,0.845151,0.845151,0.826377,0.826975,0.281949,0.27894
130_bNAb_Combinations|1313860|sample|3|PVO.4|5024,0.04,0.784701,5,3,1,0.845151,0.845151,0.789323,0.787759,-0.0227039,-0.0150506
130_bNAb_Combinations|1313860|sample|3|PVO.4|5024,0.2,0.757893,6,3,1,0.845151,0.845151,0.681254,0.673947,0.435665,0.482324
130_bNAb_Combinations|1313860|sample|3|PVO.4|5024,1,0.495868,7,3,1,0.845151,0.845151,0.429246,0.412511,0.59766,0.777633
130_bNAb_Combinations|1313860|sample|3|PVO.4|5024,5,0.0938942,8,3,1,0.845151,0.845151,0.113629,0.0981714,-0.641488,-0.159528
130_bNAb_Combinations|1313860|sample|4|PVO.4|5024,0.000064,0.963754,1,4,1,0.845151,0.845151,0.842982,0.84462,0.555862,0.547268
130_bNAb_Combinations|1313860|sample|4|PVO.4|5024,0.00032,0.848879,2,4,1,0.845151,0.845151,0.841775,0.843431,0.0327416,0.0250614
130_bNAb_Combinations|1313860|sample|4|PVO.4|5024,0.0016,0.847455,3,4,1,0.845151,0.845151,0.837875,0.839588,0.0443562,0.0363506
130_bNAb_Combinations|1313860|sample|4|PVO.4|5024,0.008,0.867142,4,4,1,0.845151,0.845151,0.825369,0.827263,0.196333,0.187006
130_bNAb_Combinations|1313860|sample|4|PVO.4|5024,0.04,0.805653,5,4,1,0.845151,0.845151,0.786217,0.788647,0.0958578,0.0836143
130_bNAb_Combinations|1313860|sample|4|PVO.4|5024,0.2,0.707095,6,4,1,0.845151,0.845151,0.67269,0.676405,0.198041,0.175697
130_bNAb_Combinations|1313860|sample|4|PVO.4|5024,1,0.503972,7,4,1,0.845151,0.845151,0.412608,0.417358,0.852131,0.798779
130_bNAb_Combinations|1313860|sample|4|PVO.4|5024,5,0.0983672,8,4,1,0.845151,0.845151,0.10215,0.101899,-0.135944,-0.127197
130_bNAb_Combinations|1313860|sample|5|PVO.4|5024,0.0006144,0.899286,1,5,1,0.845151,0.845151,0.841059,0.842559,0.268603,0.261218
130_bNAb_Combinations|1313860|sample|5|PVO.4|5024,0.003072,0.907339,2,5,1,0.845151,0.845151,0.835567,0.836781,0.333244,0.327137
130_bNAb_Combinations|1313860|sample|5|PVO.4|5024,0.01536,0.855779,3,5,1,0.845151,0.845151,0.818034,0.818346,0.178977,0.177433
130_bNAb_Combinations|1313860|sample|5|PVO.4|5024,0.0768,0.837576,4,5,1,0.845151,0.845151,0.763911,0.761569,0.373837,0.386896
130_bNAb_Combinations|1313860|sample|5|PVO.4|5024,0.384,0.66436,5,5,1,0.845151,0.845151,0.613727,0.605177,0.319153,0.378264
130_bNAb_Combinations|1313860|sample|5|PVO.4|5024,1.92,0.280479,6,5,1,0.845151,0.845151,0.310988,0.296702,-0.375581,-0.209112
130_bNAb_Combinations|1313860|sample|5|PVO.4|5024,9.6,0.0437879,7,5,1,0.845151,0.845151,0.0449495,0.0401303,-0.0879876,0.305564
130_bNAb_Combinations|1313860|sample|5|PVO.4|5024,48,0.00302884,8,5,1,0.845151,0.845151,0.00127887,0.00262867,0.859997,0.168137
130_bNAb_Combinations|1313860|sample|6|PVO.4|5024,0.0006144,0.902947,1,6,1,0.845151,0.845151,0.840876,0.842274,0.286394,0.279485
130_bNAb_Combinations|1313860|sample|6|PVO.4|5024,0.003072,1,2,6,1,0.845151,0.845151,0.834979,0.835862,0.766743,0.761842
130_bNAb_Combinations|1313860|sample|6|PVO.4|5024,0.01536,0.888003,3,6,1,0.845151,0.845151,0.81617,0.815437,0.341387,0.345178
130_bNAb_Combinations|1313860|sample|6|PVO.4|5024,0.0768,0.842731,4,6,1,0.845151,0.845151,0.7583,0.752857,0.431613,0.462734
130_bNAb_Combinations|1313860|sample|6|PVO.4|5024,0.384,0.660529,5,6,1,0.845151,0.845151,0.599381,0.58323,0.394556,0.512426
130_bNAb_Combinations|1313860|sample|6|PVO.4|5024,1.92,0.278232,6,6,1,0.845151,0.845151,0.288733,0.264158,-0.139011,0.203225
130_bNAb_Combinations|1313860|sample|6|PVO.4|5024,9.6,0.029446,7,6,1,0.845151,0.845151,0.0361485,0.028487,-0.612017,0.106641
130_bNAb_Combinations|1313860|sample|6|PVO.4|5024,48,0.00204597,8,6,1,0.845151,0.845151,0.000953934,0.00167605,0.559512,0.173152
130_bNAb_Combinations|1313860|sample|7|PVO.4|5024,0.0000768,0.964978,1,7,1,0.845151,0.845151,0.841531,0.84314,0.569143,0.56066
130_bNAb_Combinations|1313860|sample|7|PVO.4|5024,0.000384,0.899587,2,7,1,0.845151,0.845151,0.836764,0.838323,0.29128,0.283524
130_bNAb_Combinations|1313860|sample|7|PVO.4|5024,0.00192,0.93161,3,7,1,0.845151,0.845151,0.820742,0.822138,0.523993,0.516528
130_bNAb_Combinations|1313860|sample|7|PVO.4|5024,0.0096,0.845689,4,7,1,0.845151,0.845151,0.76862,0.769499,0.388737,0.383869
130_bNAb_Combinations|1313860|sample|7|PVO.4|5024,0.048,0.647902,5,7,1,0.845151,0.845151,0.616363,0.615916,0.197959,0.200909
130_bNAb_Combinations|1313860|sample|7|PVO.4|5024,0.24,0.298712,6,7,1,0.845151,0.845151,0.299451,0.297417,-0.00943516,0.016653
130_bNAb_Combinations|1313860|sample|7|PVO.4|5024,1.2,0.0363862,7,7,1,0.845151,0.845151,0.0346838,0.033856,0.160954,0.244109
130_bNAb_Combinations|1313860|sample|7|PVO.4|5024,6,0.00108316,8,7,1,0.845151,0.845151,0.000965988,0.000976632,0.0599406,0.0544198
130_bNAb_Combinations|1313860|sample|8|PVO.4|5024,0.0000768,0.950786,1,8,1,0.845151,0.845151,0.841535,0.843124,0.503693,0.495442
130_bNAb_Combinations|1313860|sample|8|PVO.4|5024,0.000384,0.92461,2,8,1,0.845151,0.845151,0.836778,0.838267,0.407228,0.399618
130_bNAb_Combinations|1313860|sample|8|PVO.4|5024,0.00192,0.843312,3,8,1,0.845151,0.845151,0.820789,0.821949,0.106445,0.100823
130_bNAb_Combinations|1313860|sample|8|PVO.4|5024,0.0096,0.847094,4,8,1,0.845151,0.845151,0.76877,0.7689,0.394991,0.394269
130_bNAb_Combinations|1313860|sample|8|PVO.4|5024,0.048,0.634433,5,8,1,0.845151,0.845151,0.61677,0.614299,0.110789,0.126789
130_bNAb_Combinations|1313860|sample|8|PVO.4|5024,0.24,0.29454,6,8,1,0.845151,0.845151,0.300129,0.294859,-0.0712397,-0.00413317
130_bNAb_Combinations|1313860|sample|8|PVO.4|5024,1.2,0.0356641,7,8,1,0.845151,0.845151,0.0350103,0.0330092,0.0613294,0.261605
130_bNAb_Combinations|1313860|sample|8|PVO.4|5024,6,0.00112328,8,8,1,0.845151,0.845151,0.00108826,0.00100391,0.017633,0.0607638
130_bNAb_Combinations|1313860|sample|9|PVO.4|5024,0.0003648,0.996159,1,9,1,0.845151,0.845151,0.836866,0.838345,0.738472,0.730332
130_bNAb_Combinations|1313860|sample|9|PVO.4|5024,0.001824,0.900911,2,9,1,0.845151,0.845151,0.821083,0.822211,0.377131,0.371298
130_bNAb_Combinations|1313860|sample|9|PVO.4|5024,0.00912,0.872167,3,9,1,0.845151,0.845151,0.769697,0.769724,0.516144,0.515989
130_bNAb_Combinations|1313860|sample|9|PVO.4|5024,0.0456,0.672464,4,9,1,0.845151,0.845151,0.619197,0.616447,0.332824,0.351547
130_bNAb_Combinations|1313860|sample|9|PVO.4|5024,0.228,0.315531,5,9,1,0.845151,0.845151,0.303554,0.297867,0.150975,0.226831
130_bNAb_Combinations|1313860|sample|9|PVO.4|5024,1.14,0.0348417,6,9,1,0.845151,0.845151,0.0354099,0.0335133,-0.0527926,0.12925
130_bNAb_Combinations|1313860|sample|9|PVO.4|5024,5.7,0.0010631,7,9,1,0.845151,0.845151,0.000443915,0.000749345,0.339961,0.165184
130_bNAb_Combinations|1313860|sample|9|PVO.4|5024,28.5,0.000762226,8,9,1,0.845151,0.845151,0.000276697,0.000609454,0.272985,0.081973
130_bNAb_Combinations|1313860|vc|1|2|PVO.4|5024,0,0.954858,1,2,1,0.845151,0.845151,0.843521,0.845151,0.512111,0.503649
130_bNAb_Combinations|1313860|vc|2|2|PVO.4|5024,0,0.902094,2,2,1,0.845151,0.845151,0.843521,0.845151,0.269415,0.261417
130_bNAb_Combinations|1313860|vc|3|2|PVO.4|5024,0,0.86299,3,2,1,0.845151,0.845151,0.843521,0.845151,0.0895493,0.0818953
130_bNAb_Combinations|1313860|vc|4|2|PVO.4|5024,0,0.843613,4,2,1,0.845151,0.845151,0.843521,0.845151,0.000423748,-0.0070597
130_bNAb_Combinations|1313860|vc|5|2|PVO.4|5024,0,0.869359,5,2,1,0.845151,0.845151,0.843521,0.845151,0.118843,0.111133
130_bNAb_Combinations|1313860|vc|6|2|PVO.4|5024,0,0.81162,6,2,1,0.845151,0.845151,0.843521,0.845151,-0.146735,-0.153937
130_bNAb_Combinations|1313860|vc|7|2|PVO.4|5024,0,0.761714,7,2,1,0.845151,0.845151,0.843521,0.845151,-0.376284,-0.383046
130_bNAb_Combinations|1313860|vc|8|2|PVO.4|5024,0,0.747362,8,2,1,0.845151,0.845151,0.843521,0.845151,-0.442298,-0.448934
130_bNAb_Combinations|1313884|cc|1|1|nan|4168,0,0.000363452,1,1,0,0,0,0,0,0.212814,0.212814
130_bNAb_Combinations|1313884|cc|2|1|nan|4168,0,0.000879936,2,1,0,0,0,0,0,0.515234,0.515234
130_bNAb_Combinations|1313884|cc|3|1|nan|4168,0,0.000248678,3,1,0,0,0,0,0,0.14561,0.14561
130_bNAb_Combinations|1313884|cc|4|1|nan|4168,0,5.73872e-05,4,1,0,0,0,0,0,0.0336022,0.0336022
130_bNAb_Combinations|1313884|cc|5|1|nan|4168,0,0,5,1,0,0,0,0,0,0,0
130_bNAb_Combinations|1313884|cc|6|1|nan|4168,0,0.000325194,6,1,0,0,0,0,0,0.190413,0.190413
130_bNAb_Combinations|1313884|cc|7|1|nan|4168,0,0.000554743,7,1,0,0,0,0,0,0.324821,0.324821
130_bNAb_Combinations|1313884|cc|8|1|nan|4168,0,0.000248678,8,1,0,0,0,0,0,0.14561,0.14561
130_bNAb_Combinations|1313884|sample|10|nan|4168,0.0003648,0.774009,1,10,1,0.845151,0.845151,0.834383,0.836862,-0.280716,-0.291381
130_bNAb_Combinations|1313884|sample|10|nan|4168,0.001824,0.732346,2,10,1,0.845151,0.845151,0.810578,0.815211,-0.374342,-0.394278
130_bNAb_Combinations|1313884|sample|10|nan|4168,0.00912,0.69975,3,10,1,0.845151,0.845151,0.730156,0.741446,-0.161373,-0.217954
130_bNAb_Combinations|1313884|sample|10|nan|4168,0.0456,0.452067,4,10,1,0.845151,0.845151,0.510025,0.533493,-0.43865,-0.589488
130_bNAb_Combinations|1313884|sample|10|nan|4168,0.228,0.221036,5,10,1,0.845151,0.845151,0.198319,0.211377,0.433355,0.173221
130_bNAb_Combinations|1313884|sample|10|nan|4168,1.14,0.135271,6,10,1,0.845151,0.845151,0.107486,0.0955029,0.951751,1.52198
130_bNAb_Combinations|1313884|sample|10|nan|4168,5.7,0.0867311,7,10,1,0.845151,0.845151,0.106218,0.092872,-0.675004,-0.241231
130_bNAb_Combinations|1313884|sample|10|nan|4168,28.5,0.0454124,8,10,1,0.845151,0.845151,0.106218,0.0928712,-2.10624,-1.86433
130_bNAb_Combinations|1313884|sample|11|nan|4168,0.0003712,0.771905,1,11,1,0.845151,0.845151,0.811002,0.812028,-0.186983,-0.191649
130_bNAb_Combinations|1313884|sample|11|nan|4168,0.001856,0.762522,2,11,1,0.845151,0.845151,0.770986,0.771303,-0.0425621,-0.0441353
130_bNAb_Combinations|1313884|sample|11|nan|4168,0.00928,0.738841,3,11,1,0.845151,0.845151,0.687155,0.686114,0.291316,0.297627
130_bNAb_Combinations|1313884|sample|11|nan|4168,0.0464,0.560166,4,11,1,0.845151,0.845151,0.530176,0.527133,0.218455,0.241994
130_bNAb_Combinations|1313884|sample|11|nan|4168,0.2319999999999999,0.294645,5,11,1,0.845151,0.845151,0.299248,0.294959,-0.0588466,-0.00407357
130_bNAb_Combinations|1313884|sample|11|nan|4168,1.16,0.069228,6,11,1,0.845151,0.845151,0.0897726,0.0874414,-0.832979,-0.756752
130_bNAb_Combinations|1313884|sample|11|nan|4168,5.8,0.0138494,7,11,1,0.845151,0.845151,0.00936851,0.00993327,1.09198,0.921902
130_bNAb_Combinations|1313884|sample|11|nan|4168,29,0.00181726,8,11,1,0.845151,0.845151,0.00112419,0.00234879,0.347348,-0.230253
130_bNAb_Combinations|1313884|sample|12|nan|4168,0.0003712,0.813233,1,12,1,0.845151,0.845151,0.804146,0.804365,0.0438309,0.0427603
130_bNAb_Combinations|1313884|sample|12|nan|4168,0.001856,0.742858,2,12,1,0.845151,0.845151,0.756168,0.754769,-0.0682325,-0.0611752
130_bNAb_Combinations|1313884|sample|12|nan|4168,0.00928,0.718258,3,12,1,0.845151,0.845151,0.657444,0.653091,0.358095,0.386259
130_bNAb_Combinations|1313884|sample|12|nan|4168,0.0464,0.538636,4,12,1,0.845151,0.845151,0.479825,0.471647,0.472735,0.547676
130_bNAb_Combinations|1313884|sample|12|nan|4168,0.2319999999999999,0.244077,5,12,1,0.845151,0.845151,0.240066,0.230982,0.0635782,0.215471
130_bNAb_Combinations|1313884|sample|12|nan|4168,1.16,0.0551873,6,12,1,0.845151,0.845151,0.0571749,0.0537288,-0.121725,0.0944213
130_bNAb_Combinations|1313884|sample|12|nan|4168,5.8,0.00767075,7,12,1,0.845151,0.845151,0.0061172,0.00731632,0.474789,0.099038
130_bNAb_Combinations|1313884|sample|12|nan|4168,29,0.00585349,8,12,1,0.845151,0.845151,0.00308902,0.00485256,1.10679,0.339447
130_bNAb_Combinations|1313884|sample|3|nan|4168,0.000064,0.896254,1,3,1,0.845151,0.845151,0.881642,0.842811,0.0643235,0.246025
130_bNAb_Combinations|1313884|sample|3|nan|4168,0.00032,0.883198,2,3,1,0.845151,0.845151,0.881642,0.84307,0.00684937,0.184674
130_bNAb_Combinations|1313884|sample|3|nan|4168,0.0016,0.945425,3,3,1,0.845151,0.845151,0.881642,0.843327,0.280788,0.469721
130_bNAb_Combinations|1313884|sample|3|nan|4168,0.008,0.973478,4,3,1,0.845151,0.845151,0.881642,0.843583,0.404284,0.597426
130_bNAb_Combinations|1313884|sample|3|nan|4168,0.04,0.977246,5,3,1,0.845151,0.845151,0.881642,0.843837,0.420874,0.613406
130_bNAb_Combinations|1313884|sample|3|nan|4168,0.2,0.815472,6,3,1,0.845151,0.845151,0.881642,0.84409,-0.2913,-0.131545
130_bNAb_Combinations|1313884|sample|3|nan|4168,1,0.719559,7,3,1,0.845151,0.845151,0.881642,0.844341,-0.713535,-0.573401
130_bNAb_Combinations|1313884|sample|3|nan|4168,5,0.315142,8,3,1,0.845151,0.845151,0.881642,0.84459,-2.49389,-2.43222
130_bNAb_Combinations|1313884|sample|4|nan|4168,0.000064,0.855298,1,4,1,0.845151,0.845151,0.817693,0.815744,0.178393,0.188079
130_bNAb_Combinations|1313884|sample|4|nan|4168,0.00032,0.910725,2,4,1,0.845151,0.845151,0.817693,0.815744,0.441323,0.451632
130_bNAb_Combinations|1313884|sample|4|nan|4168,0.0016,0.951039,3,4,1,0.845151,0.845151,0.817693,0.815744,0.632565,0.643327
130_bNAb_Combinations|1313884|sample|4|nan|4168,0.008,1,4,4,1,0.845151,0.845151,0.817693,0.815744,0.864824,0.876136
130_bNAb_Combinations|1313884|sample|4|nan|4168,0.04,0.93895,5,4,1,0.845151,0.845151,0.817693,0.815744,0.575215,0.585841
130_bNAb_Combinations|1313884|sample|4|nan|4168,0.2,0.839584,6,4,1,0.845151,0.845151,0.817693,0.815745,0.103847,0.113356
130_bNAb_Combinations|1313884|sample|4|nan|4168,1,0.743183,7,4,1,0.845151,0.845151,0.817693,0.815747,-0.353456,-0.345041
130_bNAb_Combinations|1313884|sample|4|nan|4168,5,0.341148,8,4,1,0.845151,0.845151,0.817693,0.815787,-2.26062,-2.25679
130_bNAb_Combinations|1313884|sample|5|nan|4168,0.0006144,0.922661,1,5,1,0.845151,0.845151,0.835813,0.79615,0.403126,0.616245
130_bNAb_Combinations|1313884|sample|5|nan|4168,0.003072,0.913852,2,5,1,0.845151,0.845151,0.835813,0.79615,0.362237,0.573336
130_bNAb_Combinations|1313884|sample|5|nan|4168,0.01536,0.961512,3,5,1,0.845151,0.845151,0.835813,0.79615,0.583462,0.805491
130_bNAb_Combinations|1313884|sample|5|nan|4168,0.0768,0.95651,4,5,1,0.845151,0.845151,0.835813,0.79615,0.560243,0.781125
130_bNAb_Combinations|1313884|sample|5|nan|4168,0.384,0.877392,5,5,1,0.845151,0.845151,0.835813,0.79615,0.193,0.395737
130_bNAb_Combinations|1313884|sample|5|nan|4168,1.92,0.606372,6,5,1,0.845151,0.845151,0.835813,0.79615,-1.06501,-0.924419
130_bNAb_Combinations|1313884|sample|5|nan|4168,9.6,0.20403,7,5,1,0.845151,0.845151,0.835813,0.796153,-2.93257,-2.88425
130_bNAb_Combinations|1313884|sample|5|nan|4168,48,0.0395206,8,5,1,0.845151,0.845151,0.835813,0.796666,-3.69618,-3.68573
130_bNAb_Combinations|1313884|sample|6|nan|4168,0.0006144,0.914177,1,6,1,0.845151,0.845151,0.816462,0.784218,0.464235,0.642591
130_bNAb_Combinations|1313884|sample|6|nan|4168,0.003072,0.90533,2,6,1,0.845151,0.845151,0.816462,0.784218,0.422203,0.598845
130_bNAb_Combinations|1313884|sample|6|nan|4168,0.01536,0.984926,3,6,1,0.845151,0.845151,0.816462,0.784218,0.800352,0.992411
130_bNAb_Combinations|1313884|sample|6|nan|4168,0.0768,0.925091,4,6,1,0.845151,0.845151,0.816462,0.784218,0.516081,0.696551
130_bNAb_Combinations|1313884|sample|6|nan|4168,0.384,0.830947,5,6,1,0.845151,0.845151,0.816462,0.784218,0.0688182,0.231054
130_bNAb_Combinations|1313884|sample|6|nan|4168,1.92,0.605607,6,6,1,0.845151,0.845151,0.816462,0.784218,-1.00174,-0.883151
130_bNAb_Combinations|1313884|sample|6|nan|4168,9.6,0.219678,7,6,1,0.845151,0.845151,0.816462,0.78422,-2.83523,-2.7914
130_bNAb_Combinations|1313884|sample|6|nan|4168,48,0.0417587,8,6,1,0.845151,0.845151,0.816462,0.784739,-3.6805,-3.67128
130_bNAb_Combinations|1313884|sample|7|nan|4168,0.0000768,0.836418,1,7,1,0.845151,0.845151,0.841648,0.84332,-0.0241077,-0.0317539
130_bNAb_Combinations|1313884|sample|7|nan|4168,0.000384,0.922776,2,7,1,0.845151,0.845151,0.836671,0.838455,0.399272,0.390172
130_bNAb_Combinations|1313884|sample|7|nan|4168,0.00192,0.897153,3,7,1,0.845151,0.845151,0.818726,0.820909,0.371573,0.360275
130_bNAb_Combinations|1313884|sample|7|nan|4168,0.0096,0.78389,4,7,1,0.845151,0.845151,0.756982,0.760475,0.137792,0.119355
130_bNAb_Combinations|1313884|sample|7|nan|4168,0.048,0.503936,5,7,1,0.845151,0.845151,0.576813,0.583484,-0.488429,-0.527113
130_bNAb_Combinations|1313884|sample|7|nan|4168,0.24,0.280795,6,7,1,0.845151,0.845151,0.265918,0.274574,0.213422,0.0865089
130_bNAb_Combinations|1313884|sample|7|nan|4168,1.2,0.161478,7,7,1,0.845151,0.845151,0.119998,0.125524,1.28054,1.06352
130_bNAb_Combinations|1313884|sample|7|nan|4168,6,0.0913986,8,7,1,0.845151,0.845151,0.113822,0.118824,-0.727707,-0.854568
130_bNAb_Combinations|1313884|sample|8|nan|4168,0.0000768,0.913412,1,8,1,0.845151,0.845151,0.841439,0.843223,0.331866,0.322961
130_bNAb_Combinations|1313884|sample|8|nan|4168,0.000384,0.818351,2,8,1,0.845151,0.845151,0.835911,0.838101,-0.0815032,-0.0914287
130_bNAb_Combinations|1313884|sample|8|nan|4168,0.00192,0.894723,3,8,1,0.845151,0.845151,0.816024,0.819641,0.374091,0.355335
130_bNAb_Combinations|1313884|sample|8|nan|4168,0.0096,0.810594,4,8,1,0.845151,0.845151,0.748122,0.756202,0.323667,0.278821
130_bNAb_Combinations|1313884|sample|8|nan|4168,0.048,0.521984,5,8,1,0.845151,0.845151,0.555261,0.57189,-0.231579,-0.33732
130_bNAb_Combinations|1313884|sample|8|nan|4168,0.24,0.263512,6,8,1,0.845151,0.845151,0.249127,0.25812,0.219921,0.079637
130_bNAb_Combinations|1313884|sample|8|nan|4168,1.2,0.145199,7,8,1,0.845151,0.845151,0.131507,0.115586,0.387488,0.94718
130_bNAb_Combinations|1313884|sample|8|nan|4168,6,0.0915325,8,8,1,0.845151,0.845151,0.128311,0.109971,-1.06548,-0.61813
130_bNAb_Combinations|1313884|sample|9|nan|4168,0.0003648,0.835442,1,9,1,0.845151,0.845151,0.838223,0.841251,-0.0128693,-0.0267908
130_bNAb_Combinations|1313884|sample|9|nan|4168,0.001824,0.770136,2,9,1,0.845151,0.845151,0.82428,0.830952,-0.254813,-0.283932
130_bNAb_Combinations|1313884|sample|9|nan|4168,0.00912,0.72326,3,9,1,0.845151,0.845151,0.77557,0.794532,-0.261508,-0.347871
130_bNAb_Combinations|1313884|sample|9|nan|4168,0.0456,0.460312,4,9,1,0.845151,0.845151,0.625629,0.677518,-1.02243,-1.24147
130_bNAb_Combinations|1313884|sample|9|nan|4168,0.228,0.270179,5,9,1,0.845151,0.845151,0.319711,0.403301,-0.593465,-1.26979
130_bNAb_Combinations|1313884|sample|9|nan|4168,1.14,0.154668,6,9,1,0.845151,0.845151,0.10377,0.125816,1.80211,0.851564
130_bNAb_Combinations|1313884|sample|9|nan|4168,5.7,0.0824654,7,9,1,0.845151,0.845151,0.0823573,0.067102,0.00474705,0.814311
130_bNAb_Combinations|1313884|sample|9|nan|4168,28.5,0.0480713,8,9,1,0.845151,0.845151,0.0822218,0.0655257,-1.50224,-0.945337
130_bNAb_Combinations|1313884|vc|1|2|nan|4168,0,0.9016,1,2,1,0.845151,0.845151,0.843521,0.845151,0.267143,0.259149
130_bNAb_Combinations|1313884|vc|2|2|nan|4168,0,0.943493,2,2,1,0.845151,0.845151,0.843521,0.845151,0.459834,0.451472
130_bNAb_Combinations|1313884|vc|3|2|nan|4168,0,0.895508,3,2,1,0.845151,0.845151,0.843521,0.845151,0.239119,0.231179
130_bNAb_Combinations|1313884|vc|4|2|nan|4168,0,0.872534,4,2,1,0.845151,0.845151,0.843521,0.845151,0.133447,0.125709
130_bNAb_Combinations|1313884|vc|5|2|nan|4168,0,0.872572,5,2,1,0.845151,0.845151,0.843521,0.845151,0.133623,0.125884
130_bNAb_Combinations|1313884|vc|6|2|nan|4168,0,0.86009,6,2,1,0.845151,0.845151,0.843521,0.845151,0.0762111,0.0685826
130_bNAb_Combinations|1313884|vc|7|2|nan|4168,0,0.851932,7,2,1,0.845151,0.845151,0.843521,0.845151,0.0386846,0.0311279
130_bNAb_Combinations|1313884|vc|8|2|nan|4168,0,0.811301,8,2,1,0.845151,0.845151,0.843521,0.845151,-0.1482,-0.155399
130_bNAb_Combinations|1313920|cc|1|1|nan|1798,0,0.00106207,1,1,0,0,0,0,0,0.621877,0.621877
130_bNAb_Combinations|1313920|cc|2|1|nan|1798,0,0.00146853,2,1,0,0,0,0,0,0.859879,0.859879
130_bNAb_Combinations|1313920|cc|3|1|nan|1798,0,0.00173077,3,1,0,0,0,0,0,1.01343,1.01343
130_bNAb_Combinations|1313920|cc|4|1|nan|1798,0,0.00124563,4,1,0,0,0,0,0,0.729362,0.729362
130_bNAb_Combinations|1313920|cc|5|1|nan|1798,0,0.0014292,5,1,0,0,0,0,0,0.836847,0.836847
130_bNAb_Combinations|1313920|cc|6|1|nan|1798,0,0.0014292,6,1,0,0,0,0,0,0.836847,0.836847
130_bNAb_Combinations|1313920|cc|7|1|nan|1798,0,0.0012063,7,1,0,0,0,0,0,0.706329,0.706329
130_bNAb_Combinations|1313920|cc|8|1|nan|1798,0,0.00215035,8,1,0,0,0,0,0,1.25911,1.25911
130_bNAb_Combinations|1313920|sample|10|nan|1798,0.0003648,0.782696,1,10,1,0.845151,0.792246,0.78849,0.788172,-0.0284929,-0.0269407
130_bNAb_Combinations|1313920|sample|10|nan|1798,0.001824,0.776855,2,10,1,0.845151,0.792246,0.774458,0.773382,0.0120002,0.017408
130_bNAb_Combinations|1313920|sample|10|nan|1798,0.00912,0.694879,3,10,1,0.845151,0.792246,0.712314,0.708066,-0.0948312,-0.072151
130_bNAb_Combinations|1313920|sample|10|nan|1798,0.0456,0.420198,4,10,1,0.845151,0.792246,0.485219,0.472295,-0.516925,-0.425357
130_bNAb_Combinations|1313920|sample|10|nan|1798,0.228,0.0873778,5,10,1,0.845151,0.792246,0.0930153,0.0829584,-0.221136,0.192809
130_bNAb_Combinations|1313920|sample|10|nan|1798,1.14,0.00264861,6,10,1,0.845151,0.792246,0.00072118,0.000998124,1.01859,0.840765
130_bNAb_Combinations|1313920|sample|10|nan|1798,5.7,0.000629372,7,10,1,0.845151,0.792246,0.000418669,0.00080272,0.116097,-0.0906107
130_bNAb_Combinations|1313920|sample|10|nan|1798,28.5,7.86715e-05,8,10,1,0.845151,0.792246,0.000418667,0.000802719,-0.187336,-0.378467
130_bNAb_Combinations|1313920|sample|11|nan|1798,0.0003712,0.869963,1,11,1,0.845151,0.792246,0.791196,0.79105,0.386056,0.386845
130_bNAb_Combinations|1313920|sample|11|nan|1798,0.001856,0.691286,2,11,1,0.845151,0.792246,0.787445,0.78717,-0.473529,-0.472338
130_bNAb_Combinations|1313920|sample|11|nan|1798,0.00928,0.783024,3,11,1,0.845151,0.792246,0.771699,0.770891,0.0568956,0.0610198
130_bNAb_Combinations|1313920|sample|11|nan|1798,0.0464,0.669481,4,11,1,0.845151,0.792246,0.708389,0.705559,-0.212783,-0.198089
130_bNAb_Combinations|1313920|sample|11|nan|1798,0.2319999999999999,0.434162,5,11,1,0.845151,0.792246,0.495033,0.487037,-0.474465,-0.418812
130_bNAb_Combinations|1313920|sample|11|nan|1798,1.16,0.115116,6,11,1,0.845151,0.792246,0.118735,0.111583,-0.112834,0.116829
130_bNAb_Combinations|1313920|sample|11|nan|1798,5.8,0.00319931,7,11,1,0.845151,0.792246,0.00149156,0.00195786,0.817398,0.562125
130_bNAb_Combinations|1313920|sample|11|nan|1798,29,0.000760491,8,11,1,0.845151,0.792246,0.000565704,0.00122984,0.105149,-0.232084
130_bNAb_Combinations|1313920|sample|12|nan|1798,0.0003712,0.815542,1,12,1,0.845151,0.792246,0.79116,0.791051,0.119508,0.120059
130_bNAb_Combinations|1313920|sample|12|nan|1798,0.001856,0.74085,2,12,1,0.845151,0.792246,0.78729,0.787173,-0.22874,-0.228197
130_bNAb_Combinations|1313920|sample|12|nan|1798,0.00928,0.723103,3,12,1,0.845151,0.792246,0.771054,0.770904,-0.241109,-0.240402
130_bNAb_Combinations|1313920|sample|12|nan|1798,0.0464,0.623072,4,12,1,0.845151,0.792246,0.70588,0.705606,-0.454462,-0.453136
130_bNAb_Combinations|1313920|sample|12|nan|1798,0.2319999999999999,0.462477,5,12,1,0.845151,0.792246,0.487729,0.487147,-0.199735,-0.195363
130_bNAb_Combinations|1313920|sample|12|nan|1798,1.16,0.11273,6,12,1,0.845151,0.792246,0.111968,0.111485,0.0251039,0.0411862
130_bNAb_Combinations|1313920|sample|12|nan|1798,5.8,0.00295018,7,12,1,0.845151,0.792246,0.00156725,0.00157044,0.655852,0.654084
130_bNAb_Combinations|1313920|sample|12|nan|1798,29,0,8,12,1,0.845151,0.792246,0.000821723,0.000836407,-0.428435,-0.435239
130_bNAb_Combinations|1313920|sample|3|nan|1798,0.000064,0.927104,1,3,1,0.845151,0.792246,0.790347,0.789799,0.671004,0.674155
130_bNAb_Combinations|1313920|sample|3|nan|1798,0.00032,0.90564,2,3,1,0.845151,0.792246,0.786744,0.785408,0.586017,0.593597
130_bNAb_Combinations|1313920|sample|3|nan|1798,0.0016,0.884681,3,3,1,0.845151,0.792246,0.776748,0.77326,0.538768,0.558667
130_bNAb_Combinations|1313920|sample|3|nan|1798,0.008,0.948877,4,3,1,0.845151,0.792246,0.749536,0.740429,1.03085,1.09109
130_bNAb_Combinations|1313920|sample|3|nan|1798,0.04,0.855769,5,3,1,0.845151,0.792246,0.679235,0.657308,1.00648,1.16886
130_bNAb_Combinations|1313920|sample|3|nan|1798,0.2,0.458209,6,3,1,0.845151,0.792246,0.521526,0.4807,-0.468774,-0.180462
130_bNAb_Combinations|1313920|sample|3|nan|1798,1,0.22622,7,3,1,0.845151,0.792246,0.274093,0.238938,-0.666778,-0.202493
130_bNAb_Combinations|1313920|sample|3|nan|1798,5,0.122223,8,3,1,0.845151,0.792246,0.0975016,0.110998,0.927958,0.373007
130_bNAb_Combinations|1313920|sample|4|nan|1798,0.000064,0.895872,1,4,1,0.845151,0.792246,0.789821,0.789632,0.520685,0.521734
130_bNAb_Combinations|1313920|sample|4|nan|1798,0.00032,0.93585,2,4,1,0.845151,0.792246,0.785278,0.784944,0.743513,0.745476
130_bNAb_Combinations|1313920|sample|4|nan|1798,0.0016,0.876977,3,4,1,0.845151,0.792246,0.77271,0.771984,0.523167,0.527302
130_bNAb_Combinations|1313920|sample|4|nan|1798,0.008,0.971855,4,4,1,0.845151,0.792246,0.73876,0.737049,1.22283,1.23465
130_bNAb_Combinations|1313920|sample|4|nan|1798,0.04,0.784276,5,4,1,0.845151,0.792246,0.652903,0.649215,0.778905,0.80527
130_bNAb_Combinations|1313920|sample|4|nan|1798,0.2,0.443294,6,4,1,0.845151,0.792246,0.471026,0.466044,-0.227019,-0.188202
130_bNAb_Combinations|1313920|sample|4|nan|1798,1,0.218818,7,4,1,0.845151,0.792246,0.223902,0.226665,-0.0862224,-0.131498
130_bNAb_Combinations|1313920|sample|4|nan|1798,5,0.123534,8,4,1,0.845151,0.792246,0.095221,0.112053,1.08657,0.378147
130_bNAb_Combinations|1313920|sample|5|nan|1798,0.0006144,0.907764,1,5,1,0.845151,0.792246,0.782525,0.78305,0.620581,0.617565
130_bNAb_Combinations|1313920|sample|5|nan|1798,0.003072,0.859919,2,5,1,0.845151,0.792246,0.765181,0.766798,0.479986,0.470812
130_bNAb_Combinations|1313920|sample|5|nan|1798,0.01536,0.783712,3,5,1,0.845151,0.792246,0.719079,0.72343,0.348268,0.322885
130_bNAb_Combinations|1313920|sample|5|nan|1798,0.0768,0.672202,4,5,1,0.845151,0.792246,0.607477,0.617359,0.412135,0.343685
130_bNAb_Combinations|1313920|sample|5|nan|1798,0.384,0.368891,5,5,1,0.845151,0.792246,0.396383,0.411194,-0.26674,-0.395891
130_bNAb_Combinations|1313920|sample|5|nan|1798,1.92,0.184222,6,5,1,0.845151,0.792246,0.175241,0.180712,0.193075,0.0732651
130_bNAb_Combinations|1313920|sample|5|nan|1798,9.6,0.127972,7,5,1,0.845151,0.792246,0.104134,0.0960111,0.841284,1.21714
130_bNAb_Combinations|1313920|sample|5|nan|1798,48,0.0587283,8,5,1,0.845151,0.792246,0.100852,0.0909727,-1.53194,-1.29128
130_bNAb_Combinations|1313920|sample|6|nan|1798,0.0006144,0.830286,1,6,1,0.845151,0.792246,0.781896,0.781856,0.239973,0.240182
130_bNAb_Combinations|1313920|sample|6|nan|1798,0.003072,0.853841,2,6,1,0.845151,0.792246,0.763463,0.763533,0.458922,0.458527
130_bNAb_Combinations|1313920|sample|6|nan|1798,0.01536,0.751916,3,6,1,0.845151,0.792246,0.714603,0.714906,0.202301,0.200576
130_bNAb_Combinations|1313920|sample|6|nan|1798,0.0768,0.612799,4,6,1,0.845151,0.792246,0.597231,0.597722,0.10081,0.0975504
130_bNAb_Combinations|1313920|sample|6|nan|1798,0.384,0.297509,5,6,1,0.845151,0.792246,0.379643,0.378668,-0.831414,-0.823621
130_bNAb_Combinations|1313920|sample|6|nan|1798,1.92,0.174251,6,6,1,0.845151,0.792246,0.162339,0.155535,0.275618,0.451191
130_bNAb_Combinations|1313920|sample|6|nan|1798,9.6,0.113582,7,6,1,0.845151,0.792246,0.0989693,0.0877899,0.540897,1.06769
130_bNAb_Combinations|1313920|sample|6|nan|1798,48,0.057994,8,6,1,0.845151,0.792246,0.096544,0.0849886,-1.46048,-1.15162
130_bNAb_Combinations|1313920|sample|7|nan|1798,0.0000768,0.81364,1,7,1,0.845151,0.792246,0.791656,0.791511,0.10769,0.108418
130_bNAb_Combinations|1313920|sample|7|nan|1798,0.000384,0.811293,2,7,1,0.845151,0.792246,0.789098,0.788814,0.109073,0.110506
130_bNAb_Combinations|1313920|sample|7|nan|1798,0.00192,0.832548,3,7,1,0.845151,0.792246,0.777254,0.776334,0.275833,0.280752
130_bNAb_Combinations|1313920|sample|7|nan|1798,0.0096,0.838533,4,7,1,0.845151,0.792246,0.724391,0.720761,0.610566,0.633126
130_bNAb_Combinations|1313920|sample|7|nan|1798,0.048,0.504533,5,7,1,0.845151,0.792246,0.524435,0.512749,-0.14654,-0.06185
130_bNAb_Combinations|1313920|sample|7|nan|1798,0.24,0.121528,6,7,1,0.845151,0.792246,0.131232,0.119444,-0.275177,0.0646249
130_bNAb_Combinations|1313920|sample|7|nan|1798,1.2,0.00317308,7,7,1,0.845151,0.792246,0.00148887,0.00197848,0.806399,0.539626
130_bNAb_Combinations|1313920|sample|7|nan|1798,6,0.000773603,8,7,1,0.845151,0.792246,0.000349222,0.00118782,0.236143,-0.205918
130_bNAb_Combinations|1313920|sample|8|nan|1798,0.0000768,0.853369,1,8,1,0.845151,0.792246,0.791632,0.791474,0.302428,0.303261
130_bNAb_Combinations|1313920|sample|8|nan|1798,0.000384,0.858752,2,8,1,0.845151,0.792246,0.788987,0.788642,0.342887,0.344733
130_bNAb_Combinations|1313920|sample|8|nan|1798,0.00192,0.804488,3,8,1,0.845151,0.792246,0.776745,0.775541,0.138488,0.144717
130_bNAb_Combinations|1313920|sample|8|nan|1798,0.0096,0.786951,4,8,1,0.845151,0.792246,0.722183,0.71734,0.347504,0.375986
130_bNAb_Combinations|1313920|sample|8|nan|1798,0.048,0.487829,5,8,1,0.845151,0.792246,0.517122,0.501658,-0.218697,-0.106387
130_bNAb_Combinations|1313920|sample|8|nan|1798,0.24,0.111628,6,8,1,0.845151,0.792246,0.123468,0.108725,-0.355746,0.0983802
130_bNAb_Combinations|1313920|sample|8|nan|1798,1.2,0.0031862,7,8,1,0.845151,0.792246,0.00129043,0.0018596,0.930291,0.607592
130_bNAb_Combinations|1313920|sample|8|nan|1798,6,0.000694932,8,8,1,0.845151,0.792246,0.000378635,0.00130178,0.175266,-0.297371
130_bNAb_Combinations|1313920|sample|9|nan|1798,0.0003648,0.799965,1,9,1,0.845151,0.792246,0.788593,0.78842,0.05592,0.0567827
130_bNAb_Combinations|1313920|sample|9|nan|1798,0.001824,0.747006,2,9,1,0.845151,0.792246,0.77493,0.774519,-0.139713,-0.13773
130_bNAb_Combinations|1313920|sample|9|nan|1798,0.00912,0.676214,3,9,1,0.845151,0.792246,0.71434,0.71293,-0.206786,-0.199526
130_bNAb_Combinations|1313920|sample|9|nan|1798,0.0456,0.461861,4,9,1,0.845151,0.792246,0.491608,0.48743,-0.233461,-0.202366
130_bNAb_Combinations|1313920|sample|9|nan|1798,0.228,0.0981493,5,9,1,0.845151,0.792246,0.0984873,0.0952433,-0.012572,0.111497
130_bNAb_Combinations|1313920|sample|9|nan|1798,1.14,0.00317308,6,9,1,0.845151,0.792246,0.000819932,0.00132709,1.22719,0.901719
130_bNAb_Combinations|1313920|sample|9|nan|1798,5.7,0.000485141,7,9,1,0.845151,0.792246,0.000446888,0.00100367,0.0209937,-0.263952
130_bNAb_Combinations|1313920|sample|9|nan|1798,28.5,0.000563812,8,9,1,0.845151,0.792246,0.000446886,0.00100367,0.0641707,-0.223904
130_bNAb_Combinations|1313920|vc|1|2|nan|1798,0,0.838599,1,2,1,0.845151,0.792246,0.792353,0.792246,0.226336,0.226889
130_bNAb_Combinations|1313920|vc|2|2|nan|1798,0,0.91969,2,2,1,0.845151,0.792246,0.792353,0.792246,0.623211,0.623816
130_bNAb_Combinations|1313920|vc|3|2|nan|1798,0,0.872133,3,2,1,0.845151,0.792246,0.792353,0.792246,0.390457,0.391031
130_bNAb_Combinations|1313920|vc|4|2|nan|1798,0,0.947723,4,2,1,0.845151,0.792246,0.792353,0.792246,0.760411,0.761035
130_bNAb_Combinations|1313920|vc|5|2|nan|1798,0,1,5,2,1,0.845151,0.792246,0.792353,0.792246,1.01627,1.01692
130_bNAb_Combinations|1313920|vc|6|2|nan|1798,0,0.938505,6,2,1,0.845151,0.792246,0.792353,0.792246,0.715298,0.715915
130_bNAb_Combinations|1313920|vc|7|2|nan|1798,0,0.844873,7,2,1,0.845151,0.792246,0.792353,0.792246,0.257043,0.257599
130_bNAb_Combinations|1313920|vc|8|2|nan|1798,0,0.756315,8,2,1,0.845151,0.792246,0.792353,0.792246,-0.176377,-0.175879
130_bNAb_Combinations|1313938|cc|1|1|TRO.11|8301,0,0.000314857,1,1,0,0,0,0,0,0.18436,0.18436
130_bNAb_Combinations|1313938|cc|2|1|TRO.11|8301,0,0.000558156,2,1,0,0,0,0,0,0.32682,0.32682
130_bNAb_Combinations|1313938|cc|3|1|TRO.11|8301,0,0.000586779,3,1,0,0,0,0,0,0.34358,0.34358
130_bNAb_Combinations|1313938|cc|4|1|TRO.11|8301,0,0.000686961,4,1,0,0,0,0,0,0.40224,0.40224
130_bNAb_Combinations|1313938|cc|5|1|TRO.11|8301,0,0.000615402,5,1,0,0,0,0,0,0.36034,0.36034
130_bNAb_Combinations|1313938|cc|6|1|TRO.11|8301,0,0.001102,6,1,0,0,0,0,0,0.64526,0.64526
130_bNAb_Combinations|1313938|cc|7|1|TRO.11|8301,0,0.00120218,7,1,0,0,0,0,0,0.70392,0.70392
130_bNAb_Combinations|1313938|cc|8|1|TRO.11|8301,0,0.000457974,8,1,0,0,0,0,0,0.26816,0.26816
130_bNAb_Combinations|1313938|sample|10|TRO.11|8301,0.0003648,0.972099,1,10,1,0.845151,0.845151,0.817385,0.819466,0.734205,0.722501
130_bNAb_Combinations|1313938|sample|10|TRO.11|8301,0.001824,0.800331,2,10,1,0.845151,0.845151,0.750927,0.754085,0.255011,0.237719
130_bNAb_Combinations|1313938|sample|10|TRO.11|8301,0.00912,0.620841,3,10,1,0.845151,0.845151,0.551197,0.556867,0.488194,0.443935
130_bNAb_Combinations|1313938|sample|10|TRO.11|8301,0.0456,0.181823,4,10,1,0.845151,0.845151,0.187039,0.193037,-0.10531,-0.219582
130_bNAb_Combinations|1313938|sample|10|TRO.11|8301,0.228,0.00905929,5,10,1,0.845151,0.845151,0.00696664,0.00777429,0.599734,0.347689
130_bNAb_Combinations|1313938|sample|10|TRO.11|8301,1.14,0.000415039,6,10,1,0.845151,0.845151,0.000252057,0.000390073,0.091961,0.0138119
130_bNAb_Combinations|1313938|sample|10|TRO.11|8301,5.7,0.000314857,7,10,1,0.845151,0.845151,0.000248933,0.000386088,0.0372138,-0.0394289
130_bNAb_Combinations|1313938|sample|10|TRO.11|8301,28.5,0.000887324,8,10,1,0.845151,0.845151,0.000248933,0.000386088,0.360369,0.277452
130_bNAb_Combinations|1313938|sample|11|TRO.11|8301,0.0003712,0.957351,1,11,1,0.845151,0.845151,0.839878,0.84154,0.542663,0.533937
130_bNAb_Combinations|1313938|sample|11|TRO.11|8301,0.001856,0.926724,2,11,1,0.845151,0.845151,0.828153,0.829917,0.461742,0.45252
130_bNAb_Combinations|1313938|sample|11|TRO.11|8301,0.00928,0.826421,3,11,1,0.845151,0.845151,0.780254,0.782419,0.229422,0.218066
130_bNAb_Combinations|1313938|sample|11|TRO.11|8301,0.0464,0.657393,4,11,1,0.845151,0.845151,0.607595,0.610922,0.317027,0.294253
130_bNAb_Combinations|1313938|sample|11|TRO.11|8301,0.2319999999999999,0.217337,5,11,1,0.845151,0.845151,0.22116,0.224781,-0.0656185,-0.125766
130_bNAb_Combinations|1313938|sample|11|TRO.11|8301,1.16,0.00788574,6,11,1,0.845151,0.845151,0.00653369,0.00682376,0.40018,0.307572
130_bNAb_Combinations|1313938|sample|11|TRO.11|8301,5.8,4.2935e-05,7,11,1,0.845151,0.845151,0.000359386,0.00029824,-0.175831,-0.1431
130_bNAb_Combinations|1313938|sample|11|TRO.11|8301,29,0.00034348,8,11,1,0.845151,0.845151,0.000358673,0.000297409,-0.0084424,0.0258261
130_bNAb_Combinations|1313938|sample|12|TRO.11|8301,0.0003712,0.867789,1,12,1,0.845151,0.845151,0.839915,0.841543,0.128754,0.121003
130_bNAb_Combinations|1313938|sample|12|TRO.11|8301,0.001856,0.853241,2,12,1,0.845151,0.845151,0.82831,0.82993,0.116761,0.108963
130_bNAb_Combinations|1313938|sample|12|TRO.11|8301,0.00928,0.83694,3,12,1,0.845151,0.845151,0.780884,0.782471,0.278343,0.269919
130_bNAb_Combinations|1313938|sample|12|TRO.11|8301,0.0464,0.620225,4,12,1,0.845151,0.845151,0.60966,0.611094,0.0670386,0.0578012
130_bNAb_Combinations|1313938|sample|12|TRO.11|8301,0.2319999999999999,0.188106,5,12,1,0.845151,0.845151,0.224223,0.225039,-0.611699,-0.623311
130_bNAb_Combinations|1313938|sample|12|TRO.11|8301,1.16,0.00864425,6,12,1,0.845151,0.845151,0.00680243,0.00684807,0.534277,0.519281
130_bNAb_Combinations|1313938|sample|12|TRO.11|8301,5.8,0,7,12,1,0.845151,0.845151,0.000303214,0.000294701,-0.169832,-0.165266
130_bNAb_Combinations|1313938|sample|12|TRO.11|8301,29,0.000143117,8,12,1,0.845151,0.845151,0.00030239,0.00029386,-0.0892204,-0.0845455
130_bNAb_Combinations|1313938|sample|3|TRO.11|8301,0.000064,0.999256,1,3,1,0.845151,0.845151,0.841649,0.843258,0.726535,0.717758
130_bNAb_Combinations|1313938|sample|3|TRO.11|8301,0.00032,1,2,3,1,0.845151,0.845151,0.838205,0.839774,0.748885,0.740244
130_bNAb_Combinations|1313938|sample|3|TRO.11|8301,0.0016,0.897106,3,3,1,0.845151,0.845151,0.828483,0.829943,0.321326,0.313939
130_bNAb_Combinations|1313938|sample|3|TRO.11|8301,0.008,0.970361,4,3,1,0.845151,0.845151,0.801477,0.802637,0.81722,0.810444
130_bNAb_Combinations|1313938|sample|3|TRO.11|8301,0.04,0.880483,5,3,1,0.845151,0.845151,0.729722,0.730108,0.800609,0.798144
130_bNAb_Combinations|1313938|sample|3|TRO.11|8301,0.2,0.715899,6,3,1,0.845151,0.845151,0.561175,0.559901,1.06553,1.07672
130_bNAb_Combinations|1313938|sample|3|TRO.11|8301,1,0.31236,7,3,1,0.845151,0.845151,0.275032,0.271644,0.518176,0.572086
130_bNAb_Combinations|1313938|sample|3|TRO.11|8301,5,0.0404162,8,3,1,0.845151,0.845151,0.0480379,0.0442632,-0.544727,-0.295322
130_bNAb_Combinations|1313938|sample|4|TRO.11|8301,0.000064,0.979763,1,4,1,0.845151,0.845151,0.841637,0.843235,0.636742,0.628194
130_bNAb_Combinations|1313938|sample|4|TRO.11|8301,0.00032,0.958596,2,4,1,0.845151,0.845151,0.838171,0.839709,0.557425,0.549301
130_bNAb_Combinations|1313938|sample|4|TRO.11|8301,0.0016,0.947948,3,4,1,0.845151,0.845151,0.828387,0.829761,0.559908,0.552565
130_bNAb_Combinations|1313938|sample|4|TRO.11|8301,0.008,0.949609,4,4,1,0.845151,0.845151,0.801211,0.802136,0.718324,0.713031
130_bNAb_Combinations|1313938|sample|4|TRO.11|8301,0.04,0.862629,5,4,1,0.845151,0.845151,0.729024,0.728829,0.710177,0.711407
130_bNAb_Combinations|1313938|sample|4|TRO.11|8301,0.2,0.698095,6,4,1,0.845151,0.845151,0.559583,0.55722,0.956567,0.976966
130_bNAb_Combinations|1313938|sample|4|TRO.11|8301,1,0.273174,7,4,1,0.845151,0.845151,0.27246,0.268464,0.0100097,0.0669401
130_bNAb_Combinations|1313938|sample|4|TRO.11|8301,5,0.0442374,8,4,1,0.845151,0.845151,0.0456744,0.0440822,-0.107336,0.0119541
130_bNAb_Combinations|1313938|sample|5|TRO.11|8301,0.0006144,0.941673,1,5,1,0.845151,0.845151,0.835844,0.837073,0.491213,0.484801
130_bNAb_Combinations|1313938|sample|5|TRO.11|8301,0.003072,0.958739,2,5,1,0.845151,0.845151,0.821867,0.822376,0.646017,0.643221
130_bNAb_Combinations|1313938|sample|5|TRO.11|8301,0.01536,0.915761,3,5,1,0.845151,0.845151,0.783467,0.782063,0.654755,0.662883
130_bNAb_Combinations|1313938|sample|5|TRO.11|8301,0.0768,0.82456,4,5,1,0.845151,0.845151,0.684534,0.678673,0.792216,0.832437
130_bNAb_Combinations|1313938|sample|5|TRO.11|8301,0.384,0.514634,5,5,1,0.845151,0.845151,0.47068,0.457931,0.360082,0.477269
130_bNAb_Combinations|1313938|sample|5|TRO.11|8301,1.92,0.141399,6,5,1,0.845151,0.845151,0.175031,0.162132,-0.723793,-0.480281
130_bNAb_Combinations|1313938|sample|5|TRO.11|8301,9.6,0.0210382,7,5,1,0.845151,0.845151,0.0212339,0.0183641,-0.0274204,0.417579
130_bNAb_Combinations|1313938|sample|5|TRO.11|8301,48,0.00739914,8,5,1,0.845151,0.845151,0.0072137,0.00689184,0.0521986,0.146187
130_bNAb_Combinations|1313938|sample|6|TRO.11|8301,0.0006144,0.9722,1,6,1,0.845151,0.845151,0.835363,0.837,0.6355,0.62668
130_bNAb_Combinations|1313938|sample|6|TRO.11|8301,0.003072,0.899854,2,6,1,0.845151,0.845151,0.820524,0.822172,0.375037,0.366512
130_bNAb_Combinations|1313938|sample|6|TRO.11|8301,0.01536,0.850665,3,6,1,0.845151,0.845151,0.779839,0.781514,0.35215,0.343094
130_bNAb_Combinations|1313938|sample|6|TRO.11|8301,0.0768,0.801476,4,6,1,0.845151,0.845151,0.675641,0.677332,0.721206,0.70975
130_bNAb_Combinations|1313938|sample|6|TRO.11|8301,0.384,0.527478,5,6,1,0.845151,0.845151,0.45401,0.455459,0.623646,0.609429
130_bNAb_Combinations|1313938|sample|6|TRO.11|8301,1.92,0.143947,6,6,1,0.845151,0.845151,0.159819,0.160011,-0.372805,-0.376873
130_bNAb_Combinations|1313938|sample|6|TRO.11|8301,9.6,0.0206374,7,6,1,0.845151,0.845151,0.0197428,0.0183647,0.132419,0.354891
130_bNAb_Combinations|1313938|sample|6|TRO.11|8301,48,0.00800023,8,6,1,0.845151,0.845151,0.0090073,0.00736127,-0.251069,0.177971
130_bNAb_Combinations|1313938|sample|7|TRO.11|8301,0.0000768,0.947047,1,7,1,0.845151,0.845151,0.836565,0.838232,0.512369,0.503646
130_bNAb_Combinations|1313938|sample|7|TRO.11|8301,0.000384,0.922266,2,7,1,0.845151,0.845151,0.818044,0.819806,0.494194,0.484806
130_bNAb_Combinations|1313938|sample|7|TRO.11|8301,0.00192,0.797075,3,7,1,0.845151,0.845151,0.753182,0.755253,0.225892,0.214652
130_bNAb_Combinations|1313938|sample|7|TRO.11|8301,0.0096,0.572639,4,7,1,0.845151,0.845151,0.557413,0.560158,0.105553,0.0861098
130_bNAb_Combinations|1313938|sample|7|TRO.11|8301,0.048,0.211555,5,7,1,0.845151,0.845151,0.195206,0.197658,0.316701,0.265971
130_bNAb_Combinations|1313938|sample|7|TRO.11|8301,0.24,0.00928828,6,7,1,0.845151,0.845151,0.00832515,0.00862879,0.251033,0.168481
130_bNAb_Combinations|1313938|sample|7|TRO.11|8301,1.2,0.000157428,7,7,1,0.845151,0.845151,0.000467232,0.000487883,-0.16954,-0.18032
130_bNAb_Combinations|1313938|sample|7|TRO.11|8301,6,0.001102,8,7,1,0.845151,0.845151,0.000462029,0.000482202,0.350479,0.338475
130_bNAb_Combinations|1313938|sample|8|TRO.11|8301,0.0000768,0.992465,1,8,1,0.845151,0.845151,0.837146,0.838572,0.719811,0.712001
130_bNAb_Combinations|1313938|sample|8|TRO.11|8301,0.000384,0.918846,2,8,1,0.845151,0.845151,0.820149,0.821038,0.466801,0.462102
130_bNAb_Combinations|1313938|sample|8|TRO.11|8301,0.00192,0.798592,3,8,1,0.845151,0.845151,0.760365,0.759454,0.194891,0.199773
130_bNAb_Combinations|1313938|sample|8|TRO.11|8301,0.0096,0.614093,4,8,1,0.845151,0.845151,0.57709,0.571638,0.247881,0.287082
130_bNAb_Combinations|1313938|sample|8|TRO.11|8301,0.048,0.216235,5,8,1,0.845151,0.845151,0.220558,0.212337,-0.0744006,0.0696019
130_bNAb_Combinations|1313938|sample|8|TRO.11|8301,0.24,0.0118501,6,8,1,0.845151,0.845151,0.0118739,0.0107449,-0.00502187,0.248046
130_bNAb_Combinations|1313938|sample|8|TRO.11|8301,1.2,0.000787142,7,8,1,0.845151,0.845151,0.000236312,0.000514006,0.311509,0.148502
130_bNAb_Combinations|1313938|sample|8|TRO.11|8301,6,0.000543844,8,8,1,0.845151,0.845151,0.000222046,0.000503788,0.182361,0.0218092
130_bNAb_Combinations|1313938|sample|9|TRO.11|8301,0.0003648,0.965087,1,9,1,0.845151,0.845151,0.817258,0.819144,0.701636,0.691099
130_bNAb_Combinations|1313938|sample|9|TRO.11|8301,0.001824,0.834471,2,9,1,0.845151,0.845151,0.750497,0.752992,0.433705,0.41944
130_bNAb_Combinations|1313938|sample|9|TRO.11|8301,0.00912,0.637786,3,9,1,0.845151,0.845151,0.55004,0.55392,0.616366,0.585029
130_bNAb_Combinations|1313938|sample|9|TRO.11|8301,0.0456,0.173393,4,9,1,0.845151,0.845151,0.185638,0.189467,-0.248984,-0.320478
130_bNAb_Combinations|1313938|sample|9|TRO.11|8301,0.228,0.00868719,5,9,1,0.845151,0.845151,0.00676631,0.00739159,0.558707,0.360091
130_bNAb_Combinations|1313938|sample|9|TRO.11|8301,1.14,0.00025761,6,9,1,0.845151,0.845151,0.000207573,0.000441998,0.0284157,-0.101264
130_bNAb_Combinations|1313938|sample|9|TRO.11|8301,5.7,0.000543844,7,9,1,0.845151,0.845151,0.000204633,0.000438592,0.192715,0.0578309
130_bNAb_Combinations|1313938|sample|9|TRO.11|8301,28.5,0.00104475,8,9,1,0.845151,0.845151,0.000204633,0.000438592,0.477295,0.333057
130_bNAb_Combinations|1313938|vc|1|2|TRO.11|8301,0,0.914116,1,2,1,0.845151,0.845151,0.843521,0.845151,0.32471,0.316606
130_bNAb_Combinations|1313938|vc|2|2|TRO.11|8301,0,0.902924,2,2,1,0.845151,0.845151,0.843521,0.845151,0.273232,0.265226
130_bNAb_Combinations|1313938|vc|3|2|TRO.11|8301,0,0.968414,3,2,1,0.845151,0.845151,0.843521,0.845151,0.574464,0.565882
130_bNAb_Combinations|1313938|vc|4|2|TRO.11|8301,0,0.926266,4,2,1,0.845151,0.845151,0.843521,0.845151,0.380598,0.372387
130_bNAb_Combinations|1313938|vc|5|2|TRO.11|8301,0,0.902967,5,2,1,0.845151,0.845151,0.843521,0.845151,0.273429,0.265423
130_bNAb_Combinations|1313938|vc|6|2|TRO.11|8301,0,0.92744,6,2,1,0.845151,0.845151,0.843521,0.845151,0.385996,0.377775
130_bNAb_Combinations|1313938|vc|7|2|TRO.11|8301,0,0.886129,7,2,1,0.845151,0.845151,0.843521,0.845151,0.195981,0.188124
130_bNAb_Combinations|1313938|vc|8|2|TRO.11|8301,0,0.777732,8,2,1,0.845151,0.845151,0.843521,0.845151,-0.302605,-0.309509
130_bNAb_Combinations|1313956|cc|1|1|Ce1176_A3|7023,0,0.000508745,1,1,0,0,0,0,0,0.297888,0.297888
130_bNAb_Combinations|1313956|cc|2|1|Ce1176_A3|7023,0,0.000481245,2,1,0,0,0,0,0,0.281786,0.281786
130_bNAb_Combinations|1313956|cc|3|1|Ce1176_A3|7023,0,0.000632494,3,1,0,0,0,0,0,0.370347,0.370347
130_bNAb_Combinations|1313956|cc|4|1|Ce1176_A3|7023,0,0.00112749,4,1,0,0,0,0,0,0.660185,0.660185
130_bNAb_Combinations|1313956|cc|5|1|Ce1176_A3|7023,0,0.00140249,5,1,0,0,0,0,0,0.821205,0.821205
130_bNAb_Combinations|1313956|cc|6|1|Ce1176_A3|7023,0,0.00147124,6,1,0,0,0,0,0,0.86146,0.86146
130_bNAb_Combinations|1313956|cc|7|1|Ce1176_A3|7023,0,0.00120999,7,1,0,0,0,0,0,0.708491,0.708491
130_bNAb_Combinations|1313956|cc|8|1|Ce1176_A3|7023,0,0.00149874,8,1,0,0,0,0,0,0.877563,0.877563
130_bNAb_Combinations|1313956|sample|10|Ce1176_A3|7023,0.0003648,0.703622,1,10,1,0.845151,0.845151,0.814642,0.816466,-0.528609,-0.536106
130_bNAb_Combinations|1313956|sample|10|Ce1176_A3|7023,0.001824,0.749608,2,10,1,0.845151,0.845151,0.745309,0.747564,0.0223585,0.010596
130_bNAb_Combinations|1313956|sample|10|Ce1176_A3|7023,0.00912,0.514314,3,10,1,0.845151,0.845151,0.545496,0.548658,-0.220841,-0.241852
130_bNAb_Combinations|1313956|sample|10|Ce1176_A3|7023,0.0456,0.208599,4,10,1,0.845151,0.845151,0.190343,0.193257,0.362367,0.300084
130_bNAb_Combinations|1313956|sample|10|Ce1176_A3|7023,0.228,0.00944616,5,10,1,0.845151,0.845151,0.00823593,0.00865167,0.317322,0.202664
130_bNAb_Combinations|1313956|sample|10|Ce1176_A3|7023,1.14,0.000343747,6,10,1,0.845151,0.845151,0.000200427,0.000267677,0.0814734,0.0428248
130_bNAb_Combinations|1313956|sample|10|Ce1176_A3|7023,5.7,0.000233748,7,10,1,0.845151,0.845151,0.000195075,0.000261724,0.0220016,-0.0157634
130_bNAb_Combinations|1313956|sample|10|Ce1176_A3|7023,28.5,0.000398746,8,10,1,0.845151,0.845151,0.000195075,0.000261724,0.115872,0.0772057
130_bNAb_Combinations|1313956|sample|11|Ce1176_A3|7023,0.0003712,0.688607,1,11,1,0.845151,0.845151,0.839585,0.841113,-0.697675,-0.703468
130_bNAb_Combinations|1313956|sample|11|Ce1176_A3|7023,0.001856,0.732462,2,11,1,0.845151,0.845151,0.829681,0.830956,-0.454574,-0.459834
130_bNAb_Combinations|1313956|sample|11|Ce1176_A3|7023,0.00928,0.765771,3,11,1,0.845151,0.845151,0.795638,0.796064,-0.145575,-0.147574
130_bNAb_Combinations|1313956|sample|11|Ce1176_A3|7023,0.0464,0.662853,4,11,1,0.845151,0.845151,0.686748,0.68471,-0.134757,-0.123623
130_bNAb_Combinations|1313956|sample|11|Ce1176_A3|7023,0.2319999999999999,0.428576,5,11,1,0.845151,0.845151,0.413275,0.407116,0.142491,0.202816
130_bNAb_Combinations|1313956|sample|11|Ce1176_A3|7023,1.16,0.0788005,6,11,1,0.845151,0.845151,0.0791512,0.0751062,-0.0159787,0.176647
130_bNAb_Combinations|1313956|sample|11|Ce1176_A3|7023,5.8,0.00151248,7,11,1,0.845151,0.845151,0.00100519,0.00110066,0.258181,0.20702
130_bNAb_Combinations|1313956|sample|11|Ce1176_A3|7023,29,0.000233748,8,11,1,0.845151,0.845151,0.000209896,0.000427337,0.0135403,-0.106537
130_bNAb_Combinations|1313956|sample|12|Ce1176_A3|7023,0.0003712,0.632164,1,12,1,0.845151,0.845151,0.839305,0.840626,-0.957526,-0.962132
130_bNAb_Combinations|1313956|sample|12|Ce1176_A3|7023,0.001856,0.613698,2,12,1,0.845151,0.845151,0.828704,0.829257,-1.00649,-1.00842
130_bNAb_Combinations|1313956|sample|12|Ce1176_A3|7023,0.00928,0.591375,3,12,1,0.845151,0.845151,0.792331,0.790331,-0.983549,-0.976202
130_bNAb_Combinations|1313956|sample|12|Ce1176_A3|7023,0.0464,0.519222,4,12,1,0.845151,0.845151,0.676761,0.66753,-0.901434,-0.860231
130_bNAb_Combinations|1313956|sample|12|Ce1176_A3|7023,0.2319999999999999,0.330526,5,12,1,0.845151,0.845151,0.39281,0.372873,-0.609699,-0.436313
130_bNAb_Combinations|1313956|sample|12|Ce1176_A3|7023,1.16,0.0625069,6,12,1,0.845151,0.845151,0.066969,0.0566519,-0.236933,0.361541
130_bNAb_Combinations|1313956|sample|12|Ce1176_A3|7023,5.8,0.00237873,7,12,1,0.845151,0.845151,0.000803067,0.0013965,0.823575,0.475669
130_bNAb_Combinations|1313956|sample|12|Ce1176_A3|7023,29,0.000769992,8,12,1,0.845151,0.845151,0.000319492,0.00111422,0.251741,-0.172738
130_bNAb_Combinations|1313956|sample|3|Ce1176_A3|7023,0.000064,0.742974,1,3,1,0.845151,0.845151,0.837329,0.838974,-0.437186,-0.443943
130_bNAb_Combinations|1313956|sample|3|Ce1176_A3|7023,0.00032,0.893054,2,3,1,0.845151,0.845151,0.830036,0.8317,0.294531,0.286184
130_bNAb_Combinations|1313956|sample|3|Ce1176_A3|7023,0.0016,0.908543,3,3,1,0.845151,0.845151,0.814322,0.816032,0.448795,0.439733
130_bNAb_Combinations|1313956|sample|3|Ce1176_A3|7023,0.008,0.937844,4,3,1,0.845151,0.845151,0.781089,0.782919,0.778161,0.767292
130_bNAb_Combinations|1313956|sample|3|Ce1176_A3|7023,0.04,0.777115,5,3,1,0.845151,0.845151,0.713569,0.715745,0.345024,0.332209
130_bNAb_Combinations|1313956|sample|3|Ce1176_A3|7023,0.2,0.561758,6,3,1,0.845151,0.845151,0.587693,0.590913,-0.170643,-0.190794
130_bNAb_Combinations|1313956|sample|3|Ce1176_A3|7023,1,0.368964,7,3,1,0.845151,0.845151,0.391577,0.397727,-0.222049,-0.278144
130_bNAb_Combinations|1313956|sample|3|Ce1176_A3|7023,5,0.208888,8,3,1,0.845151,0.845151,0.17762,0.189785,0.663478,0.380234
130_bNAb_Combinations|1313956|sample|4|Ce1176_A3|7023,0.000064,0.71326,1,4,1,0.845151,0.845151,0.837661,0.838944,-0.576172,-0.581231
130_bNAb_Combinations|1313956|sample|4|Ce1176_A3|7023,0.00032,0.883119,2,4,1,0.845151,0.845151,0.830756,0.831635,0.244526,0.240168
130_bNAb_Combinations|1313956|sample|4|Ce1176_A3|7023,0.0016,0.934819,3,4,1,0.845151,0.845151,0.815863,0.815892,0.565551,0.565397
130_bNAb_Combinations|1313956|sample|4|Ce1176_A3|7023,0.008,0.950487,4,4,1,0.845151,0.845151,0.784305,0.78262,0.821601,0.831703
130_bNAb_Combinations|1313956|sample|4|Ce1176_A3|7023,0.04,0.817519,5,4,1,0.845151,0.845151,0.719916,0.715131,0.525313,0.554715
130_bNAb_Combinations|1313956|sample|4|Ce1176_A3|7023,0.2,0.59253,6,4,1,0.845151,0.845151,0.598771,0.58974,-0.040312,0.0182917
130_bNAb_Combinations|1313956|sample|4|Ce1176_A3|7023,1,0.33859,7,4,1,0.845151,0.845151,0.40637,0.395768,-0.641715,-0.555602
130_bNAb_Combinations|1313956|sample|4|Ce1176_A3|7023,5,0.207004,8,4,1,0.845151,0.845151,0.188226,0.187153,0.376766,0.400505
130_bNAb_Combinations|1313956|sample|5|Ce1176_A3|7023,0.0006144,0.687672,1,5,1,0.845151,0.845151,0.832095,0.830136,-0.673344,-0.665768
130_bNAb_Combinations|1313956|sample|5|Ce1176_A3|7023,0.003072,0.893274,2,5,1,0.845151,0.845151,0.818751,0.812709,0.353065,0.384501
130_bNAb_Combinations|1313956|sample|5|Ce1176_A3|7023,0.01536,0.886089,3,5,1,0.845151,0.845151,0.790423,0.776102,0.469343,0.549477
130_bNAb_Combinations|1313956|sample|5|Ce1176_A3|7023,0.0768,0.71535,4,5,1,0.845151,0.845151,0.732393,0.702801,-0.0901755,0.0691729
130_bNAb_Combinations|1313956|sample|5|Ce1176_A3|7023,0.384,0.488319,5,5,1,0.845151,0.845151,0.622216,0.570247,-0.832599,-0.555337
130_bNAb_Combinations|1313956|sample|5|Ce1176_A3|7023,1.92,0.393054,6,5,1,0.845151,0.845151,0.44347,0.375912,-0.437987,0.175212
130_bNAb_Combinations|1313956|sample|5|Ce1176_A3|7023,9.6,0.204928,7,5,1,0.845151,0.845151,0.230141,0.18607,-0.416342,0.382595
130_bNAb_Combinations|1313956|sample|5|Ce1176_A3|7023,48,0.100326,8,5,1,0.845151,0.845151,0.081999,0.0946616,0.808199,0.21858
130_bNAb_Combinations|1313956|sample|6|Ce1176_A3|7023,0.0006144,0.700267,1,6,1,0.845151,0.845151,0.829416,0.828789,-0.604065,-0.60158
130_bNAb_Combinations|1313956|sample|6|Ce1176_A3|7023,0.003072,0.779562,2,6,1,0.845151,0.845151,0.813014,0.809833,-0.159591,-0.144979
130_bNAb_Combinations|1313956|sample|6|Ce1176_A3|7023,0.01536,0.830994,3,6,1,0.845151,0.845151,0.778439,0.77014,0.261769,0.306345
130_bNAb_Combinations|1313956|sample|6|Ce1176_A3|7023,0.0768,0.671062,4,6,1,0.845151,0.845151,0.7087,0.691208,-0.205749,-0.112889
130_bNAb_Combinations|1313956|sample|6|Ce1176_A3|7023,0.384,0.520893,5,6,1,0.845151,0.845151,0.580597,0.550553,-0.397563,-0.208154
130_bNAb_Combinations|1313956|sample|6|Ce1176_A3|7023,1.92,0.352251,6,6,1,0.845151,0.845151,0.386583,0.350518,-0.341403,0.0189732
130_bNAb_Combinations|1313956|sample|6|Ce1176_A3|7023,9.6,0.186758,7,6,1,0.845151,0.845151,0.184533,0.166425,0.0454969,0.45933
130_bNAb_Combinations|1313956|sample|6|Ce1176_A3|7023,48,0.0915191,8,6,1,0.845151,0.845151,0.0752395,0.0868604,0.777155,0.194767
130_bNAb_Combinations|1313956|sample|7|Ce1176_A3|7023,0.0000768,0.644896,1,7,1,0.845151,0.845151,0.835872,0.837469,-0.886396,-0.892121
130_bNAb_Combinations|1313956|sample|7|Ce1176_A3|7023,0.000384,0.807536,2,7,1,0.845151,0.845151,0.816585,0.818103,-0.0429838,-0.0501032
130_bNAb_Combinations|1313956|sample|7|Ce1176_A3|7023,0.00192,0.874608,3,7,1,0.845151,0.845151,0.75166,0.752918,0.634026,0.626499
130_bNAb_Combinations|1313956|sample|7|Ce1176_A3|7023,0.0096,0.712752,4,7,1,0.845151,0.845151,0.56216,0.562742,1.03528,1.03022
130_bNAb_Combinations|1313956|sample|7|Ce1176_A3|7023,0.048,0.234181,5,7,1,0.845151,0.845151,0.21145,0.211263,0.407522,0.41123
130_bNAb_Combinations|1313956|sample|7|Ce1176_A3|7023,0.24,0.0112199,6,7,1,0.845151,0.845151,0.0116547,0.0117101,-0.0927424,-0.104256
130_bNAb_Combinations|1313956|sample|7|Ce1176_A3|7023,1.2,0.000769992,7,7,1,0.845151,0.845151,0.000293076,0.000446955,0.267512,0.177286
130_bNAb_Combinations|1313956|sample|7|Ce1176_A3|7023,6,0.000536245,8,7,1,0.845151,0.845151,0.000278832,0.000433062,0.144684,0.0567383
130_bNAb_Combinations|1313956|sample|8|Ce1176_A3|7023,0.0000768,0.696355,1,8,1,0.845151,0.845151,0.836038,0.837614,-0.648199,-0.654289
130_bNAb_Combinations|1313956|sample|8|Ce1176_A3|7023,0.000384,0.873701,2,8,1,0.845151,0.845151,0.817164,0.818606,0.268366,0.261064
130_bNAb_Combinations|1313956|sample|8|Ce1176_A3|7023,0.00192,0.872793,3,8,1,0.845151,0.845151,0.753555,0.754563,0.613359,0.607369
130_bNAb_Combinations|1313956|sample|8|Ce1176_A3|7023,0.0096,0.757666,4,8,1,0.845151,0.845151,0.567158,0.567073,1.29828,1.29905
130_bNAb_Combinations|1313956|sample|8|Ce1176_A3|7023,0.048,0.240416,5,8,1,0.845151,0.845151,0.217883,0.2168,0.392415,0.413262
130_bNAb_Combinations|1313956|sample|8|Ce1176_A3|7023,0.24,0.0117424,6,8,1,0.845151,0.845151,0.0126499,0.012513,-0.18361,-0.15702
130_bNAb_Combinations|1313956|sample|8|Ce1176_A3|7023,1.2,0.000178748,7,8,1,0.845151,0.845151,0.000159252,0.000281773,0.0111497,-0.0578827
130_bNAb_Combinations|1313956|sample|8|Ce1176_A3|7023,6,0.000316247,8,8,1,0.845151,0.845151,0.000141107,0.000264624,0.100429,0.0290749
130_bNAb_Combinations|1313956|sample|9|Ce1176_A3|7023,0.0003648,0.758106,1,9,1,0.845151,0.845151,0.81477,0.816822,-0.269759,-0.278833
130_bNAb_Combinations|1313956|sample|9|Ce1176_A3|7023,0.001824,0.682688,2,9,1,0.845151,0.845151,0.745726,0.748723,-0.327641,-0.341857
130_bNAb_Combinations|1313956|sample|9|Ce1176_A3|7023,0.00912,0.715818,3,9,1,0.845151,0.845151,0.546572,0.551659,1.1963,1.14978
130_bNAb_Combinations|1313956|sample|9|Ce1176_A3|7023,0.0456,0.196719,4,9,1,0.845151,0.845151,0.191634,0.196897,0.100274,-0.00341788
130_bNAb_Combinations|1313956|sample|9|Ce1176_A3|7023,0.228,0.00966615,5,9,1,0.845151,0.845151,0.00842311,0.00917799,0.321888,0.120392
130_bNAb_Combinations|1313956|sample|9|Ce1176_A3|7023,1.14,0.000756242,6,9,1,0.845151,0.845151,0.00021803,0.000293648,0.30518,0.259458
130_bNAb_Combinations|1313956|sample|9|Ce1176_A3|7023,5.7,0.000439996,7,9,1,0.845151,0.845151,0.000212382,0.000286736,0.129168,0.0860449
130_bNAb_Combinations|1313956|sample|9|Ce1176_A3|7023,28.5,0,8,9,1,0.845151,0.845151,0.000212382,0.000286736,-0.120524,-0.160982
130_bNAb_Combinations|1313956|vc|1|2|Ce1176_A3|7023,0,0.749127,1,2,1,0.845151,0.845151,0.843521,0.845151,-0.434181,-0.440833
130_bNAb_Combinations|1313956|vc|2|2|Ce1176_A3|7023,0,0.930921,2,2,1,0.845151,0.845151,0.843521,0.845151,0.402007,0.393755
130_bNAb_Combinations|1313956|vc|3|2|Ce1176_A3|7023,0,1,3,2,1,0.845151,0.845151,0.843521,0.845151,0.719748,0.710888
130_bNAb_Combinations|1313956|vc|4|2|Ce1176_A3|7023,0,0.968987,4,2,1,0.845151,0.845151,0.843521,0.845151,0.5771,0.568513
130_bNAb_Combinations|1313956|vc|5|2|Ce1176_A3|7023,0,0.924369,5,2,1,0.845151,0.845151,0.843521,0.845151,0.371871,0.363677
130_bNAb_Combinations|1313956|vc|6|2|Ce1176_A3|7023,0,0.980379,6,2,1,0.845151,0.845151,0.843521,0.845151,0.629498,0.620811
130_bNAb_Combinations|1313956|vc|7|2|Ce1176_A3|7023,0,0.892036,7,2,1,0.845151,0.845151,0.843521,0.845151,0.223151,0.215242
130_bNAb_Combinations|1313956|vc|8|2|Ce1176_A3|7023,0,0.653015,8,2,1,0.845151,0.845151,0.843521,0.845151,-0.876261,-0.882067
130_bNAb_Combinations|1313974|cc|1|1|nan|1176,0,0,1,1,0,0,0,0,0,0,0
130_bNAb_Combinations|1313974|cc|2|1|nan|1176,0,0.00187935,2,1,0,0,0,0,0,1.10042,1.10042
130_bNAb_Combinations|1313974|cc|3|1|nan|1176,0,0.00338282,3,1,0,0,0,0,0,1.98076,1.98076
130_bNAb_Combinations|1313974|cc|4|1|nan|1176,0,0.00250579,4,1,0,0,0,0,0,1.46723,1.46723
130_bNAb_Combinations|1313974|cc|5|1|nan|1176,0,0.00425985,5,1,0,0,0,0,0,2.49429,2.49429
130_bNAb_Combinations|1313974|cc|6|1|nan|1176,0,0.00200464,6,1,0,0,0,0,0,1.17379,1.17379
130_bNAb_Combinations|1313974|cc|7|1|nan|1176,0,0.00701623,7,1,0,0,0,0,0,4.10825,4.10825
130_bNAb_Combinations|1313974|cc|8|1|nan|1176,0,0.00275637,8,1,0,0,0,0,0,1.61395,1.61395
130_bNAb_Combinations|1313974|sample|10|nan|1176,0.0003648,0.564806,1,10,1,0.845151,0.755316,0.757817,0.755314,-0.987309,-0.977707
130_bNAb_Combinations|1313974|sample|10|nan|1176,0.001824,0.969555,2,10,1,0.845151,0.755316,0.757808,0.755297,1.08316,1.09962
130_bNAb_Combinations|1313974|sample|10|nan|1176,0.00912,0.987972,3,10,1,0.845151,0.755316,0.757684,0.755068,1.1782,1.19567
130_bNAb_Combinations|1313974|sample|10|nan|1176,0.0456,0.768277,4,10,1,0.845151,0.755316,0.756049,0.752047,0.0626907,0.0836488
130_bNAb_Combinations|1313974|sample|10|nan|1176,0.228,0.6812,5,10,1,0.845151,0.755316,0.734865,0.71362,-0.283005,-0.176015
130_bNAb_Combinations|1313974|sample|10|nan|1176,1.14,0.388273,6,10,1,0.845151,0.755316,0.51958,0.398359,-0.975741,-0.0973841
130_bNAb_Combinations|1313974|sample|10|nan|1176,5.7,0.221387,7,10,1,0.845151,0.755316,0.119912,0.167945,3.13477,1.1968
130_bNAb_Combinations|1313974|sample|10|nan|1176,28.5,0.0676565,8,10,1,0.845151,0.755316,0.109628,0.167821,-1.41123,-2.24474
130_bNAb_Combinations|1313974|sample|11|nan|1176,0.0003712,0.686964,1,11,1,0.845151,0.755316,0.73799,0.73547,-0.267964,-0.255598
130_bNAb_Combinations|1313974|sample|11|nan|1176,0.001856,0.787446,2,11,1,0.845151,0.755316,0.70034,0.697793,0.481797,0.497674
130_bNAb_Combinations|1313974|sample|11|nan|1176,0.00928,0.683957,3,11,1,0.845151,0.755316,0.600058,0.597476,0.540758,0.559781
130_bNAb_Combinations|1313974|sample|11|nan|1176,0.0464,0.431373,4,11,1,0.845151,0.755316,0.383964,0.381529,0.474594,0.502103
130_bNAb_Combinations|1313974|sample|11|nan|1176,0.2319999999999999,0.127921,5,11,1,0.845151,0.755316,0.115003,0.113458,0.415171,0.470784
130_bNAb_Combinations|1313974|sample|11|nan|1176,1.16,0.00889557,6,11,1,0.845151,0.755316,0.0118863,0.0112667,-0.629983,-0.516712
130_bNAb_Combinations|1313974|sample|11|nan|1176,5.8,0.00664036,7,11,1,0.845151,0.755316,0.00674734,0.00623122,-0.0311606,0.123935
130_bNAb_Combinations|1313974|sample|11|nan|1176,29,0.0085197,8,11,1,0.845151,0.755316,0.0067338,0.00621823,0.520707,0.697854
130_bNAb_Combinations|1313974|sample|12|nan|1176,0.0003712,0.62507,1,12,1,0.845151,0.755316,0.73269,0.728127,-0.569214,-0.548465
130_bNAb_Combinations|1313974|sample|12|nan|1176,0.001856,0.659149,2,12,1,0.845151,0.755316,0.685478,0.677269,-0.148757,-0.103605
130_bNAb_Combinations|1313974|sample|12|nan|1176,0.00928,0.546764,3,12,1,0.845151,0.755316,0.563119,0.546957,-0.112243,-0.00135885
130_bNAb_Combinations|1313974|sample|12|nan|1176,0.0464,0.27877,4,12,1,0.845151,0.755316,0.31892,0.295035,-0.482225,-0.210817
130_bNAb_Combinations|1313974|sample|12|nan|1176,0.2319999999999999,0.0630207,5,12,1,0.845151,0.755316,0.0685857,0.0564553,-0.289149,0.406672
130_bNAb_Combinations|1313974|sample|12|nan|1176,1.16,0.00413456,6,12,1,0.845151,0.755316,0.00511609,0.00524547,-0.325429,-0.364332
130_bNAb_Combinations|1313974|sample|12|nan|1176,5.8,0.0072668,7,12,1,0.845151,0.755316,0.00374728,0.00446441,1.32012,0.983485
130_bNAb_Combinations|1313974|sample|12|nan|1176,29,0.00375869,8,12,1,0.845151,0.755316,0.00374654,0.0044642,0.00455739,-0.247598
130_bNAb_Combinations|1313974|sample|3|nan|1176,0.000064,0.544885,1,3,1,0.845151,0.755316,0.725186,0.72301,-0.963416,-0.954625
130_bNAb_Combinations|1313974|sample|3|nan|1176,0.00032,0.833553,2,3,1,0.845151,0.755316,0.688492,0.686657,0.816029,0.828536
130_bNAb_Combinations|1313974|sample|3|nan|1176,0.0016,0.76765,3,3,1,0.845151,0.755316,0.615264,0.61403,0.958168,0.967849
130_bNAb_Combinations|1313974|sample|3|nan|1176,0.008,0.763766,4,3,1,0.845151,0.755316,0.483661,0.48319,2.23394,2.23984
130_bNAb_Combinations|1313974|sample|3|nan|1176,0.04,0.33966,5,3,1,0.845151,0.755316,0.293289,0.292969,0.604538,0.609359
130_bNAb_Combinations|1313974|sample|3|nan|1176,0.2,0.074798,6,3,1,0.845151,0.755316,0.113355,0.111382,-1.25617,-1.2118
130_bNAb_Combinations|1313974|sample|3|nan|1176,1,0.0275637,7,3,1,0.845151,0.755316,0.0337437,0.0295609,-0.597872,-0.215516
130_bNAb_Combinations|1313974|sample|3|nan|1176,5,0.0219257,8,3,1,0.845151,0.755316,0.0230862,0.018262,-0.152476,0.574455
130_bNAb_Combinations|1313974|sample|4|nan|1176,0.000064,0.596254,1,4,1,0.845151,0.755316,0.727145,0.726248,-0.697533,-0.6936
130_bNAb_Combinations|1313974|sample|4|nan|1176,0.00032,0.751363,2,4,1,0.845151,0.755316,0.692531,0.69336,0.329038,0.324021
130_bNAb_Combinations|1313974|sample|4|nan|1176,0.0016,0.81952,3,4,1,0.845151,0.755316,0.623042,0.62704,1.22015,1.18778
130_bNAb_Combinations|1313974|sample|4|nan|1176,0.008,0.746852,4,4,1,0.845151,0.755316,0.496549,0.505162,1.94513,1.84659
130_bNAb_Combinations|1313974|sample|4|nan|1176,0.04,0.327758,5,4,1,0.845151,0.755316,0.308633,0.320476,0.237192,0.0870422
130_bNAb_Combinations|1313974|sample|4|nan|1176,0.2,0.106747,6,4,1,0.845151,0.755316,0.121402,0.129065,-0.447456,-0.642961
130_bNAb_Combinations|1313974|sample|4|nan|1176,1,0.0308213,7,4,1,0.845151,0.755316,0.0301367,0.0287313,0.0727153,0.230815
130_bNAb_Combinations|1313974|sample|4|nan|1176,5,0.0120278,8,4,1,0.845151,0.755316,0.0157253,0.010798,-0.6454,0.27519
130_bNAb_Combinations|1313974|sample|5|nan|1176,0.0006144,0.585729,1,5,1,0.845151,0.755316,0.674565,0.668124,-0.509951,-0.477493
130_bNAb_Combinations|1313974|sample|5|nan|1176,0.003072,0.613794,2,5,1,0.845151,0.755316,0.588837,0.578997,0.163887,0.232348
130_bNAb_Combinations|1313974|sample|5|nan|1176,0.01536,0.526467,3,5,1,0.845151,0.755316,0.44103,0.427181,0.746274,0.89492
130_bNAb_Combinations|1313974|sample|5|nan|1176,0.0768,0.174278,4,5,1,0.845151,0.755316,0.244095,0.229879,-1.08874,-0.919166
130_bNAb_Combinations|1313974|sample|5|nan|1176,0.384,0.0800601,5,5,1,0.845151,0.755316,0.083559,0.076599,-0.15163,0.162531
130_bNAb_Combinations|1313974|sample|5|nan|1176,1.92,0.03458,6,5,1,0.845151,0.755316,0.0270101,0.0270404,0.878711,0.874417
130_bNAb_Combinations|1313974|sample|5|nan|1176,9.6,0.0281902,7,5,1,0.845151,0.755316,0.0213218,0.0227188,0.959264,0.727836
130_bNAb_Combinations|1313974|sample|5|nan|1176,48,0.00826912,8,5,1,0.845151,0.755316,0.021209,0.0226504,-1.81453,-1.91754
130_bNAb_Combinations|1313974|sample|6|nan|1176,0.0006144,0.51469,1,6,1,0.845151,0.755316,0.683353,0.679824,-0.955863,-0.940675
130_bNAb_Combinations|1313974|sample|6|nan|1176,0.003072,0.808369,2,6,1,0.845151,0.755316,0.60554,0.601127,1.29559,1.3334
130_bNAb_Combinations|1313974|sample|6|nan|1176,0.01536,0.47986,3,6,1,0.845151,0.755316,0.46807,0.462645,0.0971145,0.143436
130_bNAb_Combinations|1313974|sample|6|nan|1176,0.0768,0.164756,4,6,1,0.845151,0.755316,0.275495,0.270233,-1.53473,-1.48958
130_bNAb_Combinations|1313974|sample|6|nan|1176,0.384,0.0816889,5,6,1,0.845151,0.755316,0.102478,0.10009,-0.744798,-0.673981
130_bNAb_Combinations|1313974|sample|6|nan|1176,1.92,0.045856,6,6,1,0.845151,0.755316,0.029952,0.0307736,1.69788,1.57485
130_bNAb_Combinations|1313974|sample|6|nan|1176,9.6,0.023805,7,6,1,0.845151,0.755316,0.0202081,0.021892,0.523162,0.261843
130_bNAb_Combinations|1313974|sample|6|nan|1176,48,0.00789325,8,6,1,0.845151,0.755316,0.0199042,0.0216348,-1.76694,-1.89796
130_bNAb_Combinations|1313974|sample|7|nan|1176,0.0000768,0.626699,1,7,1,0.845151,0.755316,0.757818,0.755315,-0.67071,-0.66007
130_bNAb_Combinations|1313974|sample|7|nan|1176,0.000384,0.800727,2,7,1,0.845151,0.755316,0.757816,0.755314,0.219499,0.233063
130_bNAb_Combinations|1313974|sample|7|nan|1176,0.00192,0.993736,3,7,1,0.845151,0.755316,0.757797,0.755292,1.20693,1.22375
130_bNAb_Combinations|1313974|sample|7|nan|1176,0.0096,1,4,7,1,0.845151,0.755316,0.757542,0.755003,1.24069,1.25786
130_bNAb_Combinations|1313974|sample|7|nan|1176,0.048,0.854476,5,7,1,0.845151,0.755316,0.754172,0.751194,0.515546,0.532935
130_bNAb_Combinations|1313974|sample|7|nan|1176,0.24,0.743344,6,7,1,0.845151,0.755316,0.711351,0.70305,0.174243,0.222024
130_bNAb_Combinations|1313974|sample|7|nan|1176,1.2,0.326505,7,7,1,0.845151,0.755316,0.364497,0.334913,-0.400274,-0.096255
130_bNAb_Combinations|1313974|sample|7|nan|1176,6,0.132932,8,7,1,0.845151,0.755316,0.119229,0.122605,0.425635,0.312386
130_bNAb_Combinations|1313974|sample|8|nan|1176,0.0000768,0.625321,1,8,1,0.845151,0.755316,0.757818,0.755315,-0.67776,-0.667143
130_bNAb_Combinations|1313974|sample|8|nan|1176,0.000384,0.783938,2,8,1,0.845151,0.755316,0.757817,0.755314,0.133617,0.146899
130_bNAb_Combinations|1313974|sample|8|nan|1176,0.00192,0.983211,3,8,1,0.845151,0.755316,0.757803,0.755298,1.15305,1.1697
130_bNAb_Combinations|1313974|sample|8|nan|1176,0.0096,0.927081,4,8,1,0.845151,0.755316,0.75762,0.755082,0.867071,0.882984
130_bNAb_Combinations|1313974|sample|8|nan|1176,0.048,0.862056,5,8,1,0.845151,0.755316,0.755199,0.752237,0.548482,0.565887
130_bNAb_Combinations|1313974|sample|8|nan|1176,0.24,0.641108,6,8,1,0.845151,0.755316,0.724081,0.715844,-0.444029,-0.404506
130_bNAb_Combinations|1313974|sample|8|nan|1176,1.2,0.408069,7,8,1,0.845151,0.755316,0.435953,0.398333,-0.246357,0.0940071
130_bNAb_Combinations|1313974|sample|8|nan|1176,6,0.107499,8,8,1,0.845151,0.755316,0.0889167,0.100387,0.760149,0.259746
130_bNAb_Combinations|1313974|sample|9|nan|1176,0.0003648,0.584727,1,9,1,0.845151,0.755316,0.757816,0.755314,-0.885404,-0.87547
130_bNAb_Combinations|1313974|sample|9|nan|1176,0.001824,0.879471,2,9,1,0.845151,0.755316,0.757799,0.755298,0.622408,0.637285
130_bNAb_Combinations|1313974|sample|9|nan|1176,0.00912,0.847836,3,9,1,0.845151,0.755316,0.757561,0.755079,0.461938,0.476183
130_bNAb_Combinations|1313974|sample|9|nan|1176,0.0456,0.917183,4,9,1,0.845151,0.755316,0.754422,0.752191,0.836285,0.85024
130_bNAb_Combinations|1313974|sample|9|nan|1176,0.228,0.733697,5,9,1,0.845151,0.755316,0.714559,0.715366,0.103764,0.0992823
130_bNAb_Combinations|1313974|sample|9|nan|1176,1.14,0.394788,6,9,1,0.845151,0.755316,0.392937,0.404652,0.0181103,-0.093784
130_bNAb_Combinations|1313974|sample|9|nan|1176,5.7,0.20109,7,9,1,0.845151,0.755316,0.171777,0.152441,0.642345,1.19563
130_bNAb_Combinations|1313974|sample|9|nan|1176,28.5,0.0780555,8,9,1,0.845151,0.755316,0.17169,0.152212,-2.05288,-1.82515
130_bNAb_Combinations|1313974|vc|1|2|nan|1176,0,0.615047,1,2,1,0.845151,0.755316,0.757818,0.755316,-0.730314,-0.71987
130_bNAb_Combinations|1313974|vc|2|2|nan|1176,0,0.671678,2,2,1,0.845151,0.755316,0.757818,0.755316,-0.44063,-0.429234
130_bNAb_Combinations|1313974|vc|3|2|nan|1176,0,0.718411,3,2,1,0.845151,0.755316,0.757818,0.755316,-0.201576,-0.189396
130_bNAb_Combinations|1313974|vc|4|2|nan|1176,0,0.81739,4,2,1,0.845151,0.755316,0.757818,0.755316,0.30473,0.318573
130_bNAb_Combinations|1313974|vc|5|2|nan|1176,0,0.786068,5,2,1,0.845151,0.755316,0.757818,0.755316,0.144506,0.157823
130_bNAb_Combinations|1313974|vc|6|2|nan|1176,0,0.718662,6,2,1,0.845151,0.755316,0.757818,0.755316,-0.200295,-0.18811
130_bNAb_Combinations|1313974|vc|7|2|nan|1176,0,0.706008,7,2,1,0.845151,0.755316,0.757818,0.755316,-0.265025,-0.253053
130_bNAb_Combinations|1313974|vc|8|2|nan|1176,0,0.513437,8,2,1,0.845151,0.755316,0.757818,0.755316,-1.25008,-1.24134
130_bNAb_Combinations|1313992|cc|1|1|RHPA4259.7|5371,0,0.000660826,1,1,0,0,0,0,0,0.386937,0.386937
130_bNAb_Combinations|1313992|cc|2|1|RHPA4259.7|5371,0,0.00171458,2,1,0,0,0,0,0,1.00395,1.00395
130_bNAb_Combinations|1313992|cc|3|1|RHPA4259.7|5371,0,0.00114305,3,1,0,0,0,0,0,0.669297,0.669297
130_bNAb_Combinations|1313992|cc|4|1|RHPA4259.7|5371,0,0.00148239,4,1,0,0,0,0,0,0.867994,0.867994
130_bNAb_Combinations|1313992|cc|5|1|RHPA4259.7|5371,0,0.00150025,5,1,0,0,0,0,0,0.878452,0.878452
130_bNAb_Combinations|1313992|cc|6|1|RHPA4259.7|5371,0,0.00133951,6,1,0,0,0,0,0,0.784332,0.784332
130_bNAb_Combinations|1313992|cc|7|1|RHPA4259.7|5371,0,0.001661,7,1,0,0,0,0,0,0.972572,0.972572
130_bNAb_Combinations|1313992|cc|8|1|RHPA4259.7|5371,0,0.00142881,8,1,0,0,0,0,0,0.836621,0.836621
130_bNAb_Combinations|1313992|sample|10|RHPA4259.7|5371,0.0003648,0.6759,1,10,1,0.845151,0.845151,0.818398,0.818385,-0.675398,-0.675346
130_bNAb_Combinations|1313992|sample|10|RHPA4259.7|5371,0.001824,0.701074,2,10,1,0.845151,0.845151,0.758881,0.755191,-0.295288,-0.277776
130_bNAb_Combinations|1313992|sample|10|RHPA4259.7|5371,0.00912,0.541985,3,10,1,0.845151,0.845151,0.58453,0.572017,-0.281419,-0.202947
130_bNAb_Combinations|1313992|sample|10|RHPA4259.7|5371,0.0456,0.23562,4,10,1,0.845151,0.845151,0.244583,0.226455,-0.139496,0.153738
130_bNAb_Combinations|1313992|sample|10|RHPA4259.7|5371,0.228,0.0160206,5,10,1,0.845151,0.845151,0.0180087,0.0145302,-0.31493,0.274801
130_bNAb_Combinations|1313992|sample|10|RHPA4259.7|5371,1.14,0.00158956,6,10,1,0.845151,0.845151,0.000276435,0.000700941,0.738319,0.470894
130_bNAb_Combinations|1313992|sample|10|RHPA4259.7|5371,5.7,0.000392924,7,10,1,0.845151,0.845151,0.00024022,0.000682066,0.0863091,-0.153615
130_bNAb_Combinations|1313992|sample|10|RHPA4259.7|5371,28.5,0.000928729,8,10,1,0.845151,0.845151,0.000240219,0.000682066,0.38915,0.131047
130_bNAb_Combinations|1313992|sample|11|RHPA4259.7|5371,0.0003712,0.650289,1,11,1,0.845151,0.845151,0.457527,0.475637,1.62389,1.41608
130_bNAb_Combinations|1313992|sample|11|RHPA4259.7|5371,0.001856,0.618283,2,11,1,0.845151,0.845151,0.457527,0.475637,1.35427,1.15658
130_bNAb_Combinations|1313992|sample|11|RHPA4259.7|5371,0.00928,0.451639,3,11,1,0.845151,0.845151,0.457527,0.475637,-0.0496014,-0.194578
130_bNAb_Combinations|1313992|sample|11|RHPA4259.7|5371,0.0464,0.163215,4,11,1,0.845151,0.845151,0.457527,0.475637,-2.47938,-2.53312
130_bNAb_Combinations|1313992|sample|11|RHPA4259.7|5371,0.2319999999999999,0.0123414,5,11,1,0.845151,0.845151,0.457527,0.475637,-3.75039,-3.75641
130_bNAb_Combinations|1313992|sample|11|RHPA4259.7|5371,1.16,0,6,11,1,0.845151,0.845151,0.457527,0.475637,-3.85436,-3.85647
130_bNAb_Combinations|1313992|sample|11|RHPA4259.7|5371,5.8,0.000839428,7,11,1,0.845151,0.845151,0.457527,0.475638,-3.84729,-3.84967
130_bNAb_Combinations|1313992|sample|11|RHPA4259.7|5371,29,0.000500085,8,11,1,0.845151,0.845151,0.457529,0.483487,-3.85015,-3.85335
130_bNAb_Combinations|1313992|sample|12|RHPA4259.7|5371,0.0003712,0.617105,1,12,1,0.845151,0.845151,0.468416,0.470223,1.2239,1.20444
130_bNAb_Combinations|1313992|sample|12|RHPA4259.7|5371,0.001856,0.643716,2,12,1,0.845151,0.845151,0.468416,0.470223,1.44295,1.42266
130_bNAb_Combinations|1313992|sample|12|RHPA4259.7|5371,0.00928,0.450916,3,12,1,0.845151,0.845151,0.468416,0.470223,-0.144045,-0.158317
130_bNAb_Combinations|1313992|sample|12|RHPA4259.7|5371,0.0464,0.208089,4,12,1,0.845151,0.845151,0.468416,0.470223,-2.14282,-2.14951
130_bNAb_Combinations|1313992|sample|12|RHPA4259.7|5371,0.2319999999999999,0.0184138,5,12,1,0.845151,0.845151,0.468416,0.470223,-3.70408,-3.70486
130_bNAb_Combinations|1313992|sample|12|RHPA4259.7|5371,1.16,0.000125021,6,12,1,0.845151,0.845151,0.468416,0.470223,-3.85462,-3.85483
130_bNAb_Combinations|1313992|sample|12|RHPA4259.7|5371,5.8,0.000500085,7,12,1,0.845151,0.845151,0.468416,0.470223,-3.85153,-3.85176
130_bNAb_Combinations|1313992|sample|12|RHPA4259.7|5371,29,0.000285763,8,12,1,0.845151,0.845151,0.468455,0.478047,-3.8533,-3.85444
130_bNAb_Combinations|1313992|sample|3|RHPA4259.7|5371,0.000064,0.754539,1,3,1,0.845151,0.845151,0.843521,0.845151,-0.409289,-0.415988
130_bNAb_Combinations|1313992|sample|3|RHPA4259.7|5371,0.00032,0.910976,2,3,1,0.845151,0.845151,0.843521,0.845151,0.310268,0.302192
130_bNAb_Combinations|1313992|sample|3|RHPA4259.7|5371,0.0016,0.927479,3,3,1,0.845151,0.845151,0.843521,0.845151,0.386177,0.377955
130_bNAb_Combinations|1313992|sample|3|RHPA4259.7|5371,0.008,0.944785,4,3,1,0.845151,0.845151,0.843511,0.84514,0.465833,0.457464
130_bNAb_Combinations|1313992|sample|3|RHPA4259.7|5371,0.04,0.905162,5,3,1,0.845151,0.845151,0.843049,0.844633,0.285858,0.278051
130_bNAb_Combinations|1313992|sample|3|RHPA4259.7|5371,0.2,0.651807,6,3,1,0.845151,0.845151,0.822494,0.822093,-0.805009,-0.803506
130_bNAb_Combinations|1313992|sample|3|RHPA4259.7|5371,1,0.224351,7,3,1,0.845151,0.845151,0.284148,0.256196,-0.804069,-0.473741
130_bNAb_Combinations|1313992|sample|3|RHPA4259.7|5371,5,0.0158956,8,3,1,0.845151,0.845151,0.0175644,0.0144946,-0.269198,0.258746
130_bNAb_Combinations|1313992|sample|4|RHPA4259.7|5371,0.000064,0.699119,1,4,1,0.845151,0.845151,0.843521,0.845151,-0.664202,-0.670414
130_bNAb_Combinations|1313992|sample|4|RHPA4259.7|5371,0.00032,0.930694,2,4,1,0.845151,0.845151,0.843521,0.845151,0.400963,0.392713
130_bNAb_Combinations|1313992|sample|4|RHPA4259.7|5371,0.0016,0.969602,3,4,1,0.845151,0.845151,0.843521,0.845151,0.579929,0.571337
130_bNAb_Combinations|1313992|sample|4|RHPA4259.7|5371,0.008,1,4,4,1,0.845151,0.845151,0.843511,0.84514,0.719801,0.71095
130_bNAb_Combinations|1313992|sample|4|RHPA4259.7|5371,0.04,0.855217,5,4,1,0.845151,0.845151,0.843079,0.84464,0.0558589,0.0485838
130_bNAb_Combinations|1313992|sample|4|RHPA4259.7|5371,0.2,0.614506,6,4,1,0.845151,0.845151,0.823792,0.822409,-0.985511,-0.980631
130_bNAb_Combinations|1313992|sample|4|RHPA4259.7|5371,1,0.229173,7,4,1,0.845151,0.845151,0.304853,0.26088,-0.950004,-0.46343
130_bNAb_Combinations|1313992|sample|4|RHPA4259.7|5371,5,0.0174851,8,4,1,0.845151,0.845151,0.0217485,0.0159743,-0.586499,0.260818
130_bNAb_Combinations|1313992|sample|5|RHPA4259.7|5371,0.0006144,0.682232,1,5,1,0.845151,0.845151,0.843521,0.845151,-0.741875,-0.747938
130_bNAb_Combinations|1313992|sample|5|RHPA4259.7|5371,0.003072,0.897884,2,5,1,0.845151,0.845151,0.843521,0.845151,0.250055,0.242094
130_bNAb_Combinations|1313992|sample|5|RHPA4259.7|5371,0.01536,0.905895,3,5,1,0.845151,0.845151,0.843496,0.845125,0.287019,0.278994
130_bNAb_Combinations|1313992|sample|5|RHPA4259.7|5371,0.0768,0.832025,4,5,1,0.845151,0.845151,0.842401,0.84397,-0.0477875,-0.0549156
130_bNAb_Combinations|1313992|sample|5|RHPA4259.7|5371,0.384,0.471151,5,5,1,0.845151,0.845151,0.794549,0.793625,-1.57843,-1.57574
130_bNAb_Combinations|1313992|sample|5|RHPA4259.7|5371,1.92,0.0757807,6,5,1,0.845151,0.845151,0.0805448,0.071832,-0.213595,0.196687
130_bNAb_Combinations|1313992|sample|5|RHPA4259.7|5371,9.6,0.0066797,7,5,1,0.845151,0.845151,0.00397039,0.00407604,0.99493,0.946741
130_bNAb_Combinations|1313992|sample|5|RHPA4259.7|5371,48,0.00155384,8,5,1,0.845151,0.845151,0.00397039,0.00407604,-0.887421,-0.917119
130_bNAb_Combinations|1313992|sample|6|RHPA4259.7|5371,0.0006144,0.679213,1,6,1,0.845151,0.845151,0.843521,0.845151,-0.755759,-0.761795
130_bNAb_Combinations|1313992|sample|6|RHPA4259.7|5371,0.003072,0.909244,2,6,1,0.845151,0.845151,0.843521,0.845151,0.302302,0.294241
130_bNAb_Combinations|1313992|sample|6|RHPA4259.7|5371,0.01536,0.882409,3,6,1,0.845151,0.845151,0.843497,0.845126,0.178986,0.171166
130_bNAb_Combinations|1313992|sample|6|RHPA4259.7|5371,0.0768,0.759665,4,6,1,0.845151,0.845151,0.842416,0.844003,-0.381122,-0.387709
130_bNAb_Combinations|1313992|sample|6|RHPA4259.7|5371,0.384,0.442039,5,6,1,0.845151,0.845151,0.795192,0.795021,-1.72228,-1.72182
130_bNAb_Combinations|1313992|sample|6|RHPA4259.7|5371,1.92,0.0812102,6,6,1,0.845151,0.845151,0.0846048,0.0769379,-0.145425,0.199811
130_bNAb_Combinations|1313992|sample|6|RHPA4259.7|5371,9.6,0.00728695,7,6,1,0.845151,0.845151,0.00624164,0.00431492,0.316385,1.0572
130_bNAb_Combinations|1313992|sample|6|RHPA4259.7|5371,48,0.000660826,8,6,1,0.845151,0.845151,0.00624164,0.00431492,-1.68915,-1.29982
130_bNAb_Combinations|1313992|sample|7|RHPA4259.7|5371,0.0000768,0.658728,1,7,1,0.845151,0.845151,0.835852,0.837184,-0.822126,-0.827002
130_bNAb_Combinations|1313992|sample|7|RHPA4259.7|5371,0.000384,0.835624,2,7,1,0.845151,0.845151,0.816944,0.817554,0.0886952,0.0857355
130_bNAb_Combinations|1313992|sample|7|RHPA4259.7|5371,0.00192,0.789589,3,7,1,0.845151,0.845151,0.754187,0.752527,0.181955,0.190906
130_bNAb_Combinations|1313992|sample|7|RHPA4259.7|5371,0.0096,0.635402,4,7,1,0.845151,0.845151,0.572198,0.565189,0.426983,0.480146
130_bNAb_Combinations|1313992|sample|7|RHPA4259.7|5371,0.048,0.221618,5,7,1,0.845151,0.845151,0.228116,0.21814,-0.108226,0.0605035
130_bNAb_Combinations|1313992|sample|7|RHPA4259.7|5371,0.24,0.0149132,6,7,1,0.845151,0.845151,0.0149706,0.013838,-0.0103559,0.204954
130_bNAb_Combinations|1313992|sample|7|RHPA4259.7|5371,1.2,0.00198248,7,7,1,0.845151,0.845151,0.000500127,0.00143128,0.807501,0.265788
130_bNAb_Combinations|1313992|sample|7|RHPA4259.7|5371,6,0.00167886,8,7,1,0.845151,0.845151,0.000477093,0.00141584,0.65676,0.127068
130_bNAb_Combinations|1313992|sample|8|RHPA4259.7|5371,0.0000768,0.639796,1,8,1,0.845151,0.845151,0.836571,0.837931,-0.912555,-0.917384
130_bNAb_Combinations|1313992|sample|8|RHPA4259.7|5371,0.000384,0.832418,2,8,1,0.845151,0.845151,0.819408,0.820113,0.0615882,0.0582029
130_bNAb_Combinations|1313992|sample|8|RHPA4259.7|5371,0.00192,0.855234,3,8,1,0.845151,0.845151,0.762171,0.760791,0.473348,0.481232
130_bNAb_Combinations|1313992|sample|8|RHPA4259.7|5371,0.0096,0.694582,4,8,1,0.845151,0.845151,0.593465,0.586957,0.658893,0.708988
130_bNAb_Combinations|1313992|sample|8|RHPA4259.7|5371,0.048,0.261848,5,8,1,0.845151,0.845151,0.257894,0.247435,0.0584445,0.221806
130_bNAb_Combinations|1313992|sample|8|RHPA4259.7|5371,0.24,0.0198069,6,8,1,0.845151,0.845151,0.0215522,0.0191455,-0.241757,0.100156
130_bNAb_Combinations|1313992|sample|8|RHPA4259.7|5371,1.2,0.00117877,7,8,1,0.845151,0.845151,0.000349524,0.000621339,0.461407,0.298615
130_bNAb_Combinations|1313992|sample|8|RHPA4259.7|5371,6,0.000464364,8,8,1,0.845151,0.845151,0.000287475,0.000577754,0.0993011,-0.0611072
130_bNAb_Combinations|1313992|sample|9|RHPA4259.7|5371,0.0003648,0.59653,1,9,1,0.845151,0.845151,0.818426,0.818881,-1.05169,-1.05326
130_bNAb_Combinations|1313992|sample|9|RHPA4259.7|5371,0.001824,0.754182,2,9,1,0.845151,0.845151,0.758972,0.756793,-0.0244653,-0.0133744
130_bNAb_Combinations|1313992|sample|9|RHPA4259.7|5371,0.00912,0.593958,3,9,1,0.845151,0.845151,0.584766,0.576225,0.0607801,0.118965
130_bNAb_Combinations|1313992|sample|9|RHPA4259.7|5371,0.0456,0.260651,4,9,1,0.845151,0.845151,0.244874,0.232048,0.245277,0.468552
130_bNAb_Combinations|1313992|sample|9|RHPA4259.7|5371,0.228,0.0158598,5,9,1,0.845151,0.845151,0.0179493,0.015426,-0.331783,0.0767484
130_bNAb_Combinations|1313992|sample|9|RHPA4259.7|5371,1.14,0.000964449,6,9,1,0.845151,0.845151,0.000123606,0.000464278,0.483397,0.273833
130_bNAb_Combinations|1313992|sample|9|RHPA4259.7|5371,5.7,0.000267903,7,9,1,0.845151,0.845151,8.69008e-05,0.000441107,0.104622,-0.0951339
130_bNAb_Combinations|1313992|sample|9|RHPA4259.7|5371,28.5,0.000839428,8,9,1,0.845151,0.845151,8.68996e-05,0.000441106,0.434973,0.218782
130_bNAb_Combinations|1313992|vc|1|2|RHPA4259.7|5371,0,0.779132,1,2,1,0.845151,0.845151,0.843521,0.845151,-0.296167,-0.303083
130_bNAb_Combinations|1313992|vc|2|2|RHPA4259.7|5371,0,0.953474,2,2,1,0.845151,0.845151,0.843521,0.845151,0.505746,0.497295
130_bNAb_Combinations|1313992|vc|3|2|RHPA4259.7|5371,0,0.91795,3,2,1,0.845151,0.845151,0.843521,0.845151,0.342348,0.33421
130_bNAb_Combinations|1313992|vc|4|2|RHPA4259.7|5371,0,0.938007,4,2,1,0.845151,0.845151,0.843521,0.845151,0.434603,0.426289
130_bNAb_Combinations|1313992|vc|5|2|RHPA4259.7|5371,0,0.961699,5,2,1,0.845151,0.845151,0.843521,0.845151,0.543576,0.535053
130_bNAb_Combinations|1313992|vc|6|2|RHPA4259.7|5371,0,0.866995,6,2,1,0.845151,0.845151,0.843521,0.845151,0.107973,0.100283
130_bNAb_Combinations|1313992|vc|7|2|RHPA4259.7|5371,0,0.852279,7,2,1,0.845151,0.845151,0.843521,0.845151,0.0402805,0.0327208
130_bNAb_Combinations|1313992|vc|8|2|RHPA4259.7|5371,0,0.715353,8,2,1,0.845151,0.845151,0.843521,0.845151,-0.589527,-0.595882
130_bNAb_Combinations|1314016|cc|1|1|nan|3430,0,0.0013549,1,1,0,0,0,0,0,0.793339,0.793339
130_bNAb_Combinations|1314016|cc|2|1|nan|3430,0,0.00201049,2,1,0,0,0,0,0,1.17721,1.17721
130_bNAb_Combinations|1314016|cc|3|1|nan|3430,0,0.00170455,3,1,0,0,0,0,0,0.998072,0.998072
130_bNAb_Combinations|1314016|cc|4|1|nan|3430,0,0.00253497,4,1,0,0,0,0,0,1.48431,1.48431
130_bNAb_Combinations|1314016|cc|5|1|nan|3430,0,0.00104895,5,1,0,0,0,0,0,0.614198,0.614198
130_bNAb_Combinations|1314016|cc|6|1|nan|3430,0,0.000743007,6,1,0,0,0,0,0,0.435057,0.435057
130_bNAb_Combinations|1314016|cc|7|1|nan|3430,0,0,7,1,0,0,0,0,0,0,0
130_bNAb_Combinations|1314016|cc|8|1|nan|3430,0,0.00187937,8,1,0,0,0,0,0,1.10044,1.10044
130_bNAb_Combinations|1314016|sample|10|nan|3430,0.0003648,0.774781,1,10,1,0.845151,0.845151,0.792121,0.794429,-0.084888,-0.095908
130_bNAb_Combinations|1314016|sample|10|nan|3430,0.001824,0.738134,2,10,1,0.845151,0.845151,0.724609,0.727724,0.0723225,0.0554324
130_bNAb_Combinations|1314016|sample|10|nan|3430,0.00912,0.636976,3,10,1,0.845151,0.845151,0.585555,0.589994,0.339539,0.307921
130_bNAb_Combinations|1314016|sample|10|nan|3430,0.0456,0.400415,4,10,1,0.845151,0.845151,0.355627,0.360967,0.483432,0.419607
130_bNAb_Combinations|1314016|sample|10|nan|3430,0.228,0.120367,5,10,1,0.845151,0.845151,0.118744,0.122119,0.0506198,-0.0531979
130_bNAb_Combinations|1314016|sample|10|nan|3430,1.14,0.0218531,6,10,1,0.845151,0.845151,0.01972,0.0198751,0.31599,0.291307
130_bNAb_Combinations|1314016|sample|10|nan|3430,5.7,0.0119318,7,10,1,0.845151,0.845151,0.0102437,0.00966428,0.390122,0.542586
130_bNAb_Combinations|1314016|sample|10|nan|3430,28.5,0.00895979,8,10,1,0.845151,0.845151,0.0101314,0.00953413,-0.272557,-0.138533
130_bNAb_Combinations|1314016|sample|11|nan|3430,0.0003712,1,1,11,1,0.845151,0.845151,0.830107,0.831065,0.793974,0.788596
130_bNAb_Combinations|1314016|sample|11|nan|3430,0.001856,0.764248,2,11,1,0.845151,0.845151,0.795837,0.795128,-0.153933,-0.150609
130_bNAb_Combinations|1314016|sample|11|nan|3430,0.00928,0.669886,3,11,1,0.845151,0.845151,0.683616,0.677991,-0.0777817,-0.0462933
130_bNAb_Combinations|1314016|sample|11|nan|3430,0.0464,0.36392,4,11,1,0.845151,0.845151,0.400058,0.386603,-0.347447,-0.225543
130_bNAb_Combinations|1314016|sample|11|nan|3430,0.2319999999999999,0.066521,5,11,1,0.845151,0.845151,0.0697294,0.0620134,-0.164207,0.256616
130_bNAb_Combinations|1314016|sample|11|nan|3430,1.16,0.00305944,6,11,1,0.845151,0.845151,0.00200092,0.00183236,0.476917,0.563811
130_bNAb_Combinations|1314016|sample|11|nan|3430,5.8,0.000437063,7,11,1,0.845151,0.845151,0.00142702,0.00142861,-0.477607,-0.47828
130_bNAb_Combinations|1314016|sample|11|nan|3430,29,0.00227273,8,11,1,0.845151,0.845151,0.00142696,0.00142859,0.408043,0.407179
130_bNAb_Combinations|1314016|sample|12|nan|3430,0.0003712,0.984091,1,12,1,0.845151,0.845151,0.828946,0.830107,0.726061,0.719628
130_bNAb_Combinations|1314016|sample|12|nan|3430,0.001856,0.80153,2,12,1,0.845151,0.845151,0.7918,0.791804,0.0476502,0.0476326
130_bNAb_Combinations|1314016|sample|12|nan|3430,0.00928,0.693553,3,12,1,0.845151,0.845151,0.671154,0.667798,0.129231,0.149332
130_bNAb_Combinations|1314016|sample|12|nan|3430,0.0464,0.359899,4,12,1,0.845151,0.845151,0.374595,0.366266,-0.15073,-0.0667533
130_bNAb_Combinations|1314016|sample|12|nan|3430,0.2319999999999999,0.0557255,5,12,1,0.845151,0.845151,0.0552864,0.051408,0.0277112,0.290675
130_bNAb_Combinations|1314016|sample|12|nan|3430,1.16,0.000305944,6,12,1,0.845151,0.845151,0.000430427,0.000909045,-0.0684762,-0.31083
130_bNAb_Combinations|1314016|sample|12|nan|3430,5.8,0.00104895,7,12,1,0.845151,0.845151,0.000122621,0.000668142,0.53262,0.202699
130_bNAb_Combinations|1314016|sample|12|nan|3430,29,0.00161713,8,12,1,0.845151,0.845151,0.000122607,0.000668134,0.859323,0.505139
130_bNAb_Combinations|1314016|sample|3|nan|3430,0.000064,0.934375,1,3,1,0.845151,0.845151,0.810463,0.810639,0.593012,0.592039
130_bNAb_Combinations|1314016|sample|3|nan|3430,0.00032,0.84434,2,3,1,0.845151,0.845151,0.741598,0.738944,0.536947,0.552779
130_bNAb_Combinations|1314016|sample|3|nan|3430,0.0016,0.64458,3,3,1,0.845151,0.845151,0.5598,0.551125,0.585276,0.655193
130_bNAb_Combinations|1314016|sample|3|nan|3430,0.008,0.217177,4,3,1,0.845151,0.845151,0.240044,0.22801,-0.362461,-0.180525
130_bNAb_Combinations|1314016|sample|3|nan|3430,0.04,0.0300699,5,3,1,0.845151,0.845151,0.0310773,0.0277426,-0.104339,0.264411
130_bNAb_Combinations|1314016|sample|3|nan|3430,0.2,0.0116259,6,3,1,0.845151,0.845151,0.00980765,0.00947296,0.43129,0.521262
130_bNAb_Combinations|1314016|sample|3|nan|3430,1,0.00983392,7,3,1,0.845151,0.845151,0.0096846,0.00938814,0.0356836,0.1085
130_bNAb_Combinations|1314016|sample|3|nan|3430,5,0.00957168,8,3,1,0.845151,0.845151,0.00968457,0.00938812,-0.0269799,0.0446766
130_bNAb_Combinations|1314016|sample|4|nan|3430,0.000064,0.986801,1,4,1,0.845151,0.845151,0.812505,0.811744,0.832056,0.836464
130_bNAb_Combinations|1314016|sample|4|nan|3430,0.00032,0.92017,2,4,1,0.845151,0.845151,0.747617,0.74218,0.894596,0.929488
130_bNAb_Combinations|1314016|sample|4|nan|3430,0.0016,0.701202,3,4,1,0.845151,0.845151,0.574249,0.558731,0.854604,0.985392
130_bNAb_Combinations|1314016|sample|4|nan|3430,0.008,0.233566,4,4,1,0.845151,0.845151,0.258583,0.237069,-0.36881,-0.0561905
130_bNAb_Combinations|1314016|sample|4|nan|3430,0.04,0.0290647,5,4,1,0.845151,0.845151,0.0343262,0.0284076,-0.501792,0.0732339
130_bNAb_Combinations|1314016|sample|4|nan|3430,0.2,0.0108392,6,4,1,0.845151,0.845151,0.00721319,0.00749178,1.02072,0.923776
130_bNAb_Combinations|1314016|sample|4|nan|3430,1,0.0083042,7,4,1,0.845151,0.845151,0.00699223,0.00737444,0.375292,0.258728
130_bNAb_Combinations|1314016|sample|4|nan|3430,5,0.00472028,8,4,1,0.845151,0.845151,0.00699213,0.00737441,-0.649876,-0.738575
130_bNAb_Combinations|1314016|sample|5|nan|3430,0.0006144,0.749082,1,5,1,0.845151,0.845151,0.663552,0.669794,0.499049,0.458358
130_bNAb_Combinations|1314016|sample|5|nan|3430,0.003072,0.389576,2,5,1,0.845151,0.845151,0.396416,0.406521,-0.0663604,-0.160368
130_bNAb_Combinations|1314016|sample|5|nan|3430,0.01536,0.0907343,3,5,1,0.845151,0.845151,0.0927229,0.0990073,-0.0782348,-0.306122
130_bNAb_Combinations|1314016|sample|5|nan|3430,0.0768,0.0207168,4,5,1,0.845151,0.845151,0.0129328,0.0133093,1.55215,1.44928
130_bNAb_Combinations|1314016|sample|5|nan|3430,0.384,0.0156906,5,5,1,0.845151,0.845151,0.0113295,0.0113593,0.947051,0.939022
130_bNAb_Combinations|1314016|sample|5|nan|3430,1.92,0.00690559,6,5,1,0.845151,0.845151,0.0113286,0.0113579,-0.960537,-0.965338
130_bNAb_Combinations|1314016|sample|5|nan|3430,9.6,0.00743007,7,5,1,0.845151,0.845151,0.0113286,0.0113579,-0.846637,-0.851624
130_bNAb_Combinations|1314016|sample|5|nan|3430,48,0.0101836,8,5,1,0.845151,0.845151,0.0113286,0.0113579,-0.248664,-0.254624
130_bNAb_Combinations|1314016|sample|6|nan|3430,0.0006144,0.677579,1,6,1,0.845151,0.845151,0.675257,0.682899,0.0133133,-0.0301692
130_bNAb_Combinations|1314016|sample|6|nan|3430,0.003072,0.36038,2,6,1,0.845151,0.845151,0.418539,0.431661,-0.534872,-0.635928
130_bNAb_Combinations|1314016|sample|6|nan|3430,0.01536,0.088243,3,6,1,0.845151,0.845151,0.106959,0.115713,-0.644083,-0.877706
130_bNAb_Combinations|1314016|sample|6|nan|3430,0.0768,0.0203234,4,6,1,0.845151,0.845151,0.0125365,0.0122049,1.58477,1.68126
130_bNAb_Combinations|1314016|sample|6|nan|3430,0.384,0.0114948,5,6,1,0.845151,0.845151,0.00997592,0.00890484,0.356632,0.649929
130_bNAb_Combinations|1314016|sample|6|nan|3430,1.92,0.00655594,6,6,1,0.845151,0.845151,0.00997352,0.00890064,-0.802586,-0.58855
130_bNAb_Combinations|1314016|sample|6|nan|3430,9.6,0.0083479,7,6,1,0.845151,0.845151,0.00997352,0.00890064,-0.381761,-0.138745
130_bNAb_Combinations|1314016|sample|6|nan|3430,48,0.00467657,8,6,1,0.845151,0.845151,0.00997352,0.00890064,-1.24394,-1.0603
130_bNAb_Combinations|1314016|sample|7|nan|3430,0.0000768,0.664773,1,7,1,0.845151,0.845151,0.824223,0.825948,-0.750449,-0.756997
130_bNAb_Combinations|1314016|sample|7|nan|3430,0.000384,0.829917,2,7,1,0.845151,0.845151,0.79752,0.799371,0.157541,0.148196
130_bNAb_Combinations|1314016|sample|7|nan|3430,0.00192,0.764467,3,7,1,0.845151,0.845151,0.736594,0.738707,0.146648,0.135147
130_bNAb_Combinations|1314016|sample|7|nan|3430,0.0096,0.770411,4,7,1,0.845151,0.845151,0.609037,0.611565,1.02494,1.00476
130_bNAb_Combinations|1314016|sample|7|nan|3430,0.048,0.49139,5,7,1,0.845151,0.845151,0.389977,0.392694,0.999826,0.966418
130_bNAb_Combinations|1314016|sample|7|nan|3430,0.24,0.156862,6,7,1,0.845151,0.845151,0.144764,0.146414,0.312384,0.266874
130_bNAb_Combinations|1314016|sample|7|nan|3430,1.2,0.0207168,7,7,1,0.845151,0.845151,0.0237963,0.0236724,-0.395167,-0.380819
130_bNAb_Combinations|1314016|sample|7|nan|3430,6,0.00895979,8,7,1,0.845151,0.845151,0.00807156,0.00742329,0.235491,0.426086
130_bNAb_Combinations|1314016|sample|8|nan|3430,0.0000768,0.754545,1,8,1,0.845151,0.845151,0.825347,0.826719,-0.332775,-0.338668
130_bNAb_Combinations|1314016|sample|8|nan|3430,0.000384,0.798864,2,8,1,0.845151,0.845151,0.800159,0.801183,-0.00627901,-0.0112259
130_bNAb_Combinations|1314016|sample|8|nan|3430,0.00192,0.800874,3,8,1,0.845151,0.845151,0.74251,0.742768,0.304652,0.303197
130_bNAb_Combinations|1314016|sample|8|nan|3430,0.0096,0.751836,4,8,1,0.845151,0.845151,0.620902,0.619718,0.81588,0.824818
130_bNAb_Combinations|1314016|sample|8|nan|3430,0.048,0.501442,5,8,1,0.845151,0.845151,0.408408,0.405388,0.876494,0.911576
130_bNAb_Combinations|1314016|sample|8|nan|3430,0.24,0.11875,6,8,1,0.845151,0.845151,0.16141,0.157985,-0.992496,-0.931799
130_bNAb_Combinations|1314016|sample|8|nan|3430,1.2,0.0323427,7,8,1,0.845151,0.845151,0.0301933,0.028342,0.227955,0.446732
130_bNAb_Combinations|1314016|sample|8|nan|3430,6,0.010271,8,8,1,0.845151,0.845151,0.0107237,0.00957099,-0.101735,0.168459
130_bNAb_Combinations|1314016|sample|9|nan|3430,0.0003648,0.854218,1,9,1,0.845151,0.845151,0.795681,0.79816,0.285304,0.272378
130_bNAb_Combinations|1314016|sample|9|nan|3430,0.001824,0.730004,2,9,1,0.845151,0.845151,0.732493,0.735999,-0.0131671,-0.0315626
130_bNAb_Combinations|1314016|sample|9|nan|3430,0.00912,0.572749,3,9,1,0.845151,0.845151,0.600916,0.606164,-0.181289,-0.213225
130_bNAb_Combinations|1314016|sample|9|nan|3430,0.0456,0.403955,4,9,1,0.845151,0.845151,0.377807,0.384462,0.265959,0.1949
130_bNAb_Combinations|1314016|sample|9|nan|3430,0.228,0.124956,5,9,1,0.845151,0.845151,0.135085,0.139575,-0.279416,-0.390892
130_bNAb_Combinations|1314016|sample|9|nan|3430,1.14,0.0266608,6,9,1,0.845151,0.845151,0.022239,0.0222791,0.597979,0.59173
130_bNAb_Combinations|1314016|sample|9|nan|3430,5.7,0.0117133,7,9,1,0.845151,0.845151,0.00917016,0.00794997,0.627504,1.00603
130_bNAb_Combinations|1314016|sample|9|nan|3430,28.5,0.00231643,8,9,1,0.845151,0.845151,0.00895546,0.00769213,-1.66064,-1.46285
130_bNAb_Combinations|1314016|vc|1|2|nan|3430,0,0.961123,1,2,1,0.845151,0.845151,0.843521,0.845151,0.540928,0.532411
130_bNAb_Combinations|1314016|vc|2|2|nan|3430,0,0.986976,2,2,1,0.845151,0.845151,0.843521,0.845151,0.65984,0.651095
130_bNAb_Combinations|1314016|vc|3|2|nan|3430,0,0.934987,3,2,1,0.845151,0.845151,0.843521,0.845151,0.42071,0.412423
130_bNAb_Combinations|1314016|vc|4|2|nan|3430,0,0.886582,4,2,1,0.845151,0.845151,0.843521,0.845151,0.198065,0.190204
130_bNAb_Combinations|1314016|vc|5|2|nan|3430,0,0.904633,5,2,1,0.845151,0.845151,0.843521,0.845151,0.281092,0.273072
130_bNAb_Combinations|1314016|vc|6|2|nan|3430,0,0.928955,6,2,1,0.845151,0.845151,0.843521,0.845151,0.392968,0.384733
130_bNAb_Combinations|1314016|vc|7|2|nan|3430,0,0.883566,7,2,1,0.845151,0.845151,0.843521,0.845151,0.184194,0.176359
130_bNAb_Combinations|1314016|vc|8|2|nan|3430,0,0.902404,8,2,1,0.845151,0.845151,0.843521,0.845151,0.27084,0.262839
130_bNAb_Combinations|1314040|cc|1|1|nan|4166,0,0.000767291,1,1,0,0,0,0,0,0.449276,0.449276
130_bNAb_Combinations|1314040|cc|2|1|nan|4166,0,0.000630275,2,1,0,0,0,0,0,0.369048,0.369048
130_bNAb_Combinations|1314040|cc|3|1|nan|4166,0,0,3,1,0,0,0,0,0,0,0
130_bNAb_Combinations|1314040|cc|4|1|nan|4166,0,0.00104132,4,1,0,0,0,0,0,0.609732,0.609732
130_bNAb_Combinations|1314040|cc|5|1|nan|4166,0,0.00117834,5,1,0,0,0,0,0,0.68996,0.68996
130_bNAb_Combinations|1314040|cc|6|1|nan|4166,0,0.00202784,6,1,0,0,0,0,0,1.18737,1.18737
130_bNAb_Combinations|1314040|cc|7|1|nan|4166,0,0.001699,7,1,0,0,0,0,0,0.994826,0.994826
130_bNAb_Combinations|1314040|cc|8|1|nan|4166,0,0.00219226,8,1,0,0,0,0,0,1.28365,1.28365
130_bNAb_Combinations|1314040|sample|10|nan|4166,0.0003648,0.809588,1,10,1,0.845151,0.845151,0.806071,0.808152,0.0169267,0.00689175
130_bNAb_Combinations|1314040|sample|10|nan|4166,0.001824,0.790529,2,10,1,0.845151,0.845151,0.707172,0.710332,0.456648,0.4374
130_bNAb_Combinations|1314040|sample|10|nan|4166,0.00912,0.456991,3,10,1,0.845151,0.845151,0.428614,0.433699,0.254934,0.206831
130_bNAb_Combinations|1314040|sample|10|nan|4166,0.0456,0.0730023,4,10,1,0.845151,0.845151,0.0694523,0.07253,0.182354,0.0233203
130_bNAb_Combinations|1314040|sample|10|nan|4166,0.228,0.0016442,5,10,1,0.845151,0.845151,0.000524263,0.00115484,0.608031,0.244296
130_bNAb_Combinations|1314040|sample|10|nan|4166,1.14,0.00145237,6,10,1,0.845151,0.845151,0.000288788,0.000891377,0.653081,0.289804
130_bNAb_Combinations|1314040|sample|10|nan|4166,5.7,0.000876905,7,10,1,0.845151,0.845151,0.000288787,0.000891376,0.330091,-0.007476
130_bNAb_Combinations|1314040|sample|10|nan|4166,28.5,0.00142497,8,10,1,0.845151,0.845151,0.000288787,0.000891376,0.637701,0.275648
130_bNAb_Combinations|1314040|sample|11|nan|4166,0.0003712,0.722789,1,11,1,0.845151,0.845151,0.803967,0.80587,-0.391614,-0.399852
130_bNAb_Combinations|1314040|sample|11|nan|4166,0.001856,0.682835,2,11,1,0.845151,0.845151,0.722323,0.724732,-0.211831,-0.224011
130_bNAb_Combinations|1314040|sample|11|nan|4166,0.00928,0.694111,3,11,1,0.845151,0.845151,0.513468,0.51677,1.35813,1.32489
130_bNAb_Combinations|1314040|sample|11|nan|4166,0.0464,0.1565,4,11,1,0.845151,0.845151,0.180082,0.182976,-0.493791,-0.545918
130_bNAb_Combinations|1314040|sample|11|nan|4166,0.2319999999999999,0.0120848,5,11,1,0.845151,0.845151,0.010337,0.0107996,0.401693,0.287566
130_bNAb_Combinations|1314040|sample|11|nan|4166,1.16,0.000876905,6,11,1,0.845151,0.845151,0.00066303,0.000712765,0.113921,0.0868417
130_bNAb_Combinations|1314040|sample|11|nan|4166,5.8,0.000959114,7,11,1,0.845151,0.845151,0.000648902,0.000697145,0.165555,0.138894
130_bNAb_Combinations|1314040|sample|11|nan|4166,6,0.00120574,8,11,1,0.845151,0.845151,0.000648902,0.000697145,0.297177,0.269655
130_bNAb_Combinations|1314040|sample|12|nan|4166,0.0003712,0.634577,1,12,1,0.845151,0.845151,0.801757,0.801382,-0.808695,-0.807255
130_bNAb_Combinations|1314040|sample|12|nan|4166,0.001856,0.570344,2,12,1,0.845151,0.845151,0.715928,0.711781,-0.787873,-0.769851
130_bNAb_Combinations|1314040|sample|12|nan|4166,0.00928,0.44666,3,12,1,0.845151,0.845151,0.499041,0.487815,-0.405058,-0.325469
130_bNAb_Combinations|1314040|sample|12|nan|4166,0.0464,0.130275,4,12,1,0.845151,0.845151,0.164711,0.153049,-0.785733,-0.557584
130_bNAb_Combinations|1314040|sample|12|nan|4166,0.2319999999999999,0.00937192,5,12,1,0.845151,0.845151,0.00786058,0.00686373,0.406503,0.724283
130_bNAb_Combinations|1314040|sample|12|nan|4166,1.16,0.000685082,6,12,1,0.845151,0.845151,0.000352126,0.000864643,0.185194,-0.0930881
130_bNAb_Combinations|1314040|sample|12|nan|4166,5.8,0.000959114,7,12,1,0.845151,0.845151,0.000344568,0.000860305,0.342185,0.0512541
130_bNAb_Combinations|1314040|sample|12|nan|4166,29,0.00142497,8,12,1,0.845151,0.845151,0.000344568,0.000860305,0.601577,0.292902
130_bNAb_Combinations|1314040|sample|3|nan|4166,0.000064,0.931259,1,3,1,0.845151,0.845151,0.748629,0.689021,0.945568,1.36165
130_bNAb_Combinations|1314040|sample|3|nan|4166,0.00032,0.9236,2,3,1,0.845151,0.845151,0.748629,0.689021,0.905912,1.3186
130_bNAb_Combinations|1314040|sample|3|nan|4166,0.0016,0.710882,3,3,1,0.845151,0.845151,0.748629,0.689021,-0.195439,0.122884
130_bNAb_Combinations|1314040|sample|3|nan|4166,0.008,0.333703,4,3,1,0.845151,0.845151,0.748629,0.689021,-2.14829,-1.99729
130_bNAb_Combinations|1314040|sample|3|nan|4166,0.04,0.08358,5,3,1,0.845151,0.845151,0.748629,0.689021,-3.44331,-3.40327
130_bNAb_Combinations|1314040|sample|3|nan|4166,0.2,0.0126329,6,3,1,0.845151,0.845151,0.748629,0.689023,-3.81064,-3.80207
130_bNAb_Combinations|1314040|sample|3|nan|4166,1,0.0107147,7,3,1,0.845151,0.845151,0.748629,0.689048,-3.82057,-3.81286
130_bNAb_Combinations|1314040|sample|3|nan|4166,5,0.00452154,8,3,1,0.845151,0.845151,0.748629,0.689325,-3.85263,-3.84769
130_bNAb_Combinations|1314040|sample|4|nan|4166,0.000064,0.849679,1,4,1,0.845151,0.845151,0.748682,0.697808,0.522881,0.843041
130_bNAb_Combinations|1314040|sample|4|nan|4166,0.00032,0.922147,2,4,1,0.845151,0.845151,0.748682,0.697808,0.89806,1.24531
130_bNAb_Combinations|1314040|sample|4|nan|4166,0.0016,0.857325,3,4,1,0.845151,0.845151,0.748682,0.697808,0.562463,0.885481
130_bNAb_Combinations|1314040|sample|4|nan|4166,0.008,0.429779,4,4,1,0.845151,0.845151,0.748682,0.697808,-1.65101,-1.48784
130_bNAb_Combinations|1314040|sample|4|nan|4166,0.04,0.0907322,5,4,1,0.845151,0.845151,0.748682,0.697808,-3.40631,-3.36989
130_bNAb_Combinations|1314040|sample|4|nan|4166,0.2,0.0240601,6,4,1,0.845151,0.845151,0.748682,0.697811,-3.75148,-3.73999
130_bNAb_Combinations|1314040|sample|4|nan|4166,1,0.0110435,7,4,1,0.845151,0.845151,0.748682,0.697836,-3.81887,-3.81225
130_bNAb_Combinations|1314040|sample|4|nan|4166,5,0.00460375,8,4,1,0.845151,0.845151,0.748682,0.698112,-3.85221,-3.84802
130_bNAb_Combinations|1314040|sample|5|nan|4166,0.0006144,0.779376,1,5,1,0.845151,0.845151,0.496416,0.519058,2.19949,1.93634
130_bNAb_Combinations|1314040|sample|5|nan|4166,0.003072,0.614409,2,5,1,0.845151,0.845151,0.496416,0.519058,0.917171,0.709253
130_bNAb_Combinations|1314040|sample|5|nan|4166,0.01536,0.200195,3,5,1,0.845151,0.845151,0.496416,0.519058,-2.30257,-2.37182
130_bNAb_Combinations|1314040|sample|5|nan|4166,0.0768,0.0378713,4,5,1,0.845151,0.845151,0.496416,0.519058,-3.56433,-3.57924
130_bNAb_Combinations|1314040|sample|5|nan|4166,0.384,0.0177847,5,5,1,0.845151,0.845151,0.496416,0.519058,-3.72047,-3.72866
130_bNAb_Combinations|1314040|sample|5|nan|4166,1.92,0.0106325,6,5,1,0.845151,0.845151,0.496416,0.519058,-3.77606,-3.78186
130_bNAb_Combinations|1314040|sample|5|nan|4166,9.6,0.00548065,7,5,1,0.845151,0.845151,0.496416,0.519068,-3.81611,-3.82018
130_bNAb_Combinations|1314040|sample|5|nan|4166,48,0.00260331,8,5,1,0.845151,0.845151,0.496416,0.520163,-3.83847,-3.84173
130_bNAb_Combinations|1314040|sample|6|nan|4166,0.0006144,0.836677,1,6,1,0.845151,0.845151,0.553328,0.540108,1.97868,2.12107
130_bNAb_Combinations|1314040|sample|6|nan|4166,0.003072,0.59672,2,6,1,0.845151,0.845151,0.553328,0.540108,0.303016,0.404892
130_bNAb_Combinations|1314040|sample|6|nan|4166,0.01536,0.231763,3,6,1,0.845151,0.845151,0.553328,0.540108,-2.24554,-2.20528
130_bNAb_Combinations|1314040|sample|6|nan|4166,0.0768,0.0379261,4,6,1,0.845151,0.845151,0.553328,0.540108,-3.59914,-3.59161
130_bNAb_Combinations|1314040|sample|6|nan|4166,0.384,0.0173463,5,6,1,0.845151,0.845151,0.553328,0.540108,-3.74285,-3.7388
130_bNAb_Combinations|1314040|sample|6|nan|4166,1.92,0.00800175,6,6,1,0.845151,0.845151,0.553328,0.540108,-3.80811,-3.80563
130_bNAb_Combinations|1314040|sample|6|nan|4166,9.6,0.00649457,7,6,1,0.845151,0.845151,0.553328,0.540119,-3.81863,-3.81641
130_bNAb_Combinations|1314040|sample|6|nan|4166,48,0.00227447,8,6,1,0.845151,0.845151,0.553328,0.541251,-3.8481,-3.84672
130_bNAb_Combinations|1314040|sample|7|nan|4166,0.0000768,0.895881,1,7,1,0.845151,0.845151,0.836145,0.837275,0.277172,0.271564
130_bNAb_Combinations|1314040|sample|7|nan|4166,0.000384,1,2,7,1,0.845151,0.845151,0.815164,0.814898,0.879515,0.881066
130_bNAb_Combinations|1314040|sample|7|nan|4166,0.00192,0.885057,3,7,1,0.845151,0.845151,0.73867,0.733647,0.768051,0.799794
130_bNAb_Combinations|1314040|sample|7|nan|4166,0.0096,0.541804,4,7,1,0.845151,0.845151,0.506856,0.491118,0.266133,0.398181
130_bNAb_Combinations|1314040|sample|7|nan|4166,0.048,0.108462,5,7,1,0.845151,0.845151,0.129418,0.115015,-0.602139,-0.210566
130_bNAb_Combinations|1314040|sample|7|nan|4166,0.24,0.00367204,6,7,1,0.845151,0.845151,0.00237301,0.00242956,0.561219,0.533456
130_bNAb_Combinations|1314040|sample|7|nan|4166,1.2,0.00134276,7,7,1,0.845151,0.845151,0.00049816,0.001182,0.460216,0.0799751
130_bNAb_Combinations|1314040|sample|7|nan|4166,6,0.00120574,8,7,1,0.845151,0.845151,0.000497994,0.00118194,0.385656,0.0118403
130_bNAb_Combinations|1314040|sample|8|nan|4166,0.0000768,0.844966,1,8,1,0.845151,0.845151,0.836557,0.83782,0.0389964,0.0330895
130_bNAb_Combinations|1314040|sample|8|nan|4166,0.000384,0.936,2,8,1,0.845151,0.845151,0.816731,0.816967,0.566443,0.565161
130_bNAb_Combinations|1314040|sample|8|nan|4166,0.00192,0.95599,3,8,1,0.845151,0.845151,0.744196,0.740904,1.10304,1.12512
130_bNAb_Combinations|1314040|sample|8|nan|4166,0.0096,0.549326,4,8,1,0.845151,0.845151,0.521561,0.510036,0.205545,0.297354
130_bNAb_Combinations|1314040|sample|8|nan|4166,0.048,0.117697,5,8,1,0.845151,0.845151,0.143765,0.132227,-0.677619,-0.409058
130_bNAb_Combinations|1314040|sample|8|nan|4166,0.24,0.00523402,6,8,1,0.845151,0.845151,0.00316087,0.00348618,0.823952,0.672427
130_bNAb_Combinations|1314040|sample|8|nan|4166,1.2,0.00183602,7,8,1,0.845151,0.845151,0.000519462,0.00152903,0.715259,0.146264
130_bNAb_Combinations|1314040|sample|8|nan|4166,29,0.00120574,8,8,1,0.845151,0.845151,0.000519068,0.00152885,0.373077,-0.153949
130_bNAb_Combinations|1314040|sample|9|nan|4166,0.0003648,0.860586,1,9,1,0.845151,0.845151,0.813379,0.815799,0.225117,0.212945
130_bNAb_Combinations|1314040|sample|9|nan|4166,0.001824,0.800655,2,9,1,0.845151,0.845151,0.732394,0.736783,0.361189,0.335967
130_bNAb_Combinations|1314040|sample|9|nan|4166,0.00912,0.529856,3,9,1,0.845151,0.845151,0.490374,0.499039,0.310631,0.238304
130_bNAb_Combinations|1314040|sample|9|nan|4166,0.0456,0.113285,4,9,1,0.845151,0.845151,0.114196,0.121348,-0.0294718,-0.24629
130_bNAb_Combinations|1314040|sample|9|nan|4166,0.228,0.00408309,5,9,1,0.845151,0.845151,0.00184668,0.00246759,1.02585,0.690728
130_bNAb_Combinations|1314040|sample|9|nan|4166,1.14,0.000959114,6,9,1,0.845151,0.845151,0.000653133,0.00102965,0.163203,-0.0357837
130_bNAb_Combinations|1314040|sample|9|nan|4166,5.7,0.00134276,7,9,1,0.845151,0.845151,0.000653088,0.00102958,0.367856,0.158887
130_bNAb_Combinations|1314040|sample|9|nan|4166,28.5,0.00109613,8,9,1,0.845151,0.845151,0.000653088,0.00102958,0.236309,0.0337648
130_bNAb_Combinations|1314040|vc|1|2|nan|4166,0,0.872575,1,2,1,0.845151,0.845151,0.843521,0.845151,0.133636,0.125898
130_bNAb_Combinations|1314040|vc|2|2|nan|4166,0,0.811123,2,2,1,0.845151,0.845151,0.843521,0.845151,-0.149021,-0.156218
130_bNAb_Combinations|1314040|vc|3|2|nan|4166,0,0.8264,3,2,1,0.845151,0.845151,0.843521,0.845151,-0.0787503,-0.0860822
130_bNAb_Combinations|1314040|vc|4|2|nan|4166,0,0.88503,4,2,1,0.845151,0.845151,0.843521,0.845151,0.190924,0.183076
130_bNAb_Combinations|1314040|vc|5|2|nan|4166,0,0.762811,5,2,1,0.845151,0.845151,0.843521,0.845151,-0.371239,-0.378011
130_bNAb_Combinations|1314040|vc|6|2|nan|4166,0,0.755714,6,2,1,0.845151,0.845151,0.843521,0.845151,-0.403885,-0.410594
130_bNAb_Combinations|1314040|vc|7|2|nan|4166,0,0.742903,7,2,1,0.845151,0.845151,0.843521,0.845151,-0.462811,-0.469408
130_bNAb_Combinations|1314040|vc|8|2|nan|4166,0,0.592911,8,2,1,0.845151,0.845151,0.843521,0.845151,-1.15272,-1.158
130_bNAb_Combinations|1314058|cc|1|1|nan|2944,0,0.00196858,1,1,0,0,0,0,0,1.15268,1.15268
130_bNAb_Combinations|1314058|cc|2|1|nan|2944,0,0.000401752,2,1,0,0,0,0,0,0.23524,0.23524
130_bNAb_Combinations|1314058|cc|3|1|nan|2944,0,0.00192841,3,1,0,0,0,0,0,1.12915,1.12915
130_bNAb_Combinations|1314058|cc|4|1|nan|2944,0,0.00156683,4,1,0,0,0,0,0,0.917435,0.917435
130_bNAb_Combinations|1314058|cc|5|1|nan|2944,0,0.00192841,5,1,0,0,0,0,0,1.12915,1.12915
130_bNAb_Combinations|1314058|cc|6|1|nan|2944,0,0.00273191,6,1,0,0,0,0,0,1.59963,1.59963
130_bNAb_Combinations|1314058|cc|7|1|nan|2944,0,0.00228998,7,1,0,0,0,0,0,1.34087,1.34087
130_bNAb_Combinations|1314058|cc|8|1|nan|2944,0,0,8,1,0,0,0,0,0,0,0
130_bNAb_Combinations|1314058|sample|10|nan|2944,0.0003648,0.569001,1,10,1,0.845151,0.845151,0.796624,0.795291,-1.10811,-1.10345
130_bNAb_Combinations|1314058|sample|10|nan|2944,0.001824,0.774678,2,10,1,0.845151,0.845151,0.69983,0.692989,0.41429,0.456577
130_bNAb_Combinations|1314058|sample|10|nan|2944,0.00912,0.604516,3,10,1,0.845151,0.845151,0.461995,0.445748,1.1892,1.37233
130_bNAb_Combinations|1314058|sample|10|nan|2944,0.0456,0.103933,4,10,1,0.845151,0.845151,0.130381,0.11657,-0.754612,-0.40097
130_bNAb_Combinations|1314058|sample|10|nan|2944,0.228,0.00494155,5,10,1,0.845151,0.845151,0.00501773,0.00445586,-0.025472,0.170578
130_bNAb_Combinations|1314058|sample|10|nan|2944,1.14,0.00176771,6,10,1,0.845151,0.845151,0.000674135,0.0013489,0.581618,0.204021
130_bNAb_Combinations|1314058|sample|10|nan|2944,5.7,0.00212928,7,10,1,0.845151,0.845151,0.000670278,0.00134714,0.776382,0.381103
130_bNAb_Combinations|1314058|sample|10|nan|2944,28.5,0.00152666,8,10,1,0.845151,0.845151,0.000670278,0.00134714,0.455705,0.0874704
130_bNAb_Combinations|1314058|sample|11|nan|2944,0.0003712,0.654956,1,11,1,0.845151,0.845151,0.825474,0.827258,-0.801335,-0.807988
130_bNAb_Combinations|1314058|sample|11|nan|2944,0.001856,0.910209,2,11,1,0.845151,0.845151,0.789327,0.79141,0.593866,0.582113
130_bNAb_Combinations|1314058|sample|11|nan|2944,0.00928,0.826323,3,11,1,0.845151,0.845151,0.688469,0.691291,0.775512,0.756561
130_bNAb_Combinations|1314058|sample|11|nan|2944,0.0464,0.531096,4,11,1,0.845151,0.845151,0.456376,0.46029,0.631026,0.59296
130_bNAb_Combinations|1314058|sample|11|nan|2944,0.2319999999999999,0.155357,5,11,1,0.845151,0.845151,0.139714,0.142877,0.417883,0.326339
130_bNAb_Combinations|1314058|sample|11|nan|2944,1.16,0.00719135,6,11,1,0.845151,0.845151,0.00682911,0.00755555,0.104873,-0.100057
130_bNAb_Combinations|1314058|sample|11|nan|2944,5.8,0.000964204,7,11,1,0.845151,0.845151,0.000296403,0.000683627,0.374405,0.149033
130_bNAb_Combinations|1314058|sample|11|nan|2944,29,0.00116508,8,11,1,0.845151,0.845151,0.000285014,0.000670848,0.494219,0.262976
130_bNAb_Combinations|1314058|sample|12|nan|2944,0.0003712,0.691174,1,12,1,0.845151,0.845151,0.826123,0.827764,-0.633689,-0.640131
130_bNAb_Combinations|1314058|sample|12|nan|2944,0.001856,0.787493,2,12,1,0.845151,0.845151,0.791235,0.792894,-0.0183395,-0.0264151
130_bNAb_Combinations|1314058|sample|12|nan|2944,0.00928,0.705837,3,12,1,0.845151,0.845151,0.693573,0.695265,0.0684947,0.0589001
130_bNAb_Combinations|1314058|sample|12|nan|2944,0.0464,0.438512,4,12,1,0.845151,0.845151,0.466685,0.468331,-0.232751,-0.245495
130_bNAb_Combinations|1314058|sample|12|nan|2944,0.2319999999999999,0.141899,5,12,1,0.845151,0.845151,0.149155,0.150268,-0.182102,-0.208539
130_bNAb_Combinations|1314058|sample|12|nan|2944,1.16,0.0106062,6,12,1,0.845151,0.845151,0.00811547,0.00852479,0.658398,0.53539
130_bNAb_Combinations|1314058|sample|12|nan|2944,5.8,0.000763328,7,12,1,0.845151,0.845151,0.000325158,0.000642617,0.244653,0.0644769
130_bNAb_Combinations|1314058|sample|12|nan|2944,29,0.000682978,8,12,1,0.845151,0.845151,0.000308041,0.000625065,0.209859,0.0310077
130_bNAb_Combinations|1314058|sample|3|nan|2944,0.000064,0.7568,1,3,1,0.845151,0.845151,0.696232,0.68879,0.336964,0.382417
130_bNAb_Combinations|1314058|sample|3|nan|2944,0.00032,0.711502,2,3,1,0.845151,0.845151,0.559655,0.545819,1.04853,1.17272
130_bNAb_Combinations|1314058|sample|3|nan|2944,0.0016,0.556567,3,3,1,0.845151,0.845151,0.354591,0.335878,2.18632,2.51937
130_bNAb_Combinations|1314058|sample|3|nan|2944,0.008,0.0999156,4,3,1,0.845151,0.845151,0.141555,0.127106,-1.0985,-0.794802
130_bNAb_Combinations|1314058|sample|3|nan|2944,0.04,0.00779398,5,3,1,0.845151,0.845151,0.0263459,0.0228695,-2.19683,-1.9952
130_bNAb_Combinations|1314058|sample|3|nan|2944,0.2,0.0069503,6,3,1,0.845151,0.845151,0.00384327,0.00508022,1.15477,0.621927
130_bNAb_Combinations|1314058|sample|3|nan|2944,1,0.00361576,7,3,1,0.845151,0.845151,0.00273846,0.00437601,0.364315,-0.268937
130_bNAb_Combinations|1314058|sample|3|nan|2944,5,0.00610662,8,3,1,0.845151,0.845151,0.0027273,0.00437082,1.40498,0.61433
130_bNAb_Combinations|1314058|sample|4|nan|2944,0.000064,0.636756,1,4,1,0.845151,0.845151,0.686126,0.68656,-0.278675,-0.280945
130_bNAb_Combinations|1314058|sample|4|nan|2944,0.00032,0.746153,2,4,1,0.845151,0.845151,0.542507,0.542024,1.45011,1.45483
130_bNAb_Combinations|1314058|sample|4|nan|2944,0.0016,0.537845,3,4,1,0.845151,0.845151,0.332308,0.33089,2.37113,2.3975
130_bNAb_Combinations|1314058|sample|4|nan|2944,0.008,0.0750874,4,4,1,0.845151,0.845151,0.12462,0.123066,-1.47529,-1.44612
130_bNAb_Combinations|1314058|sample|4|nan|2944,0.04,0.0161906,5,4,1,0.845151,0.845151,0.0221359,0.0212167,-0.806878,-0.7046
130_bNAb_Combinations|1314058|sample|4|nan|2944,0.2,0.00445944,6,4,1,0.845151,0.845151,0.00498933,0.0043732,-0.177597,0.030515
130_bNAb_Combinations|1314058|sample|4|nan|2944,1,0.0061468,7,4,1,0.845151,0.845151,0.00433177,0.00373917,0.644647,0.903768
130_bNAb_Combinations|1314058|sample|4|nan|2944,5,0.00337471,8,4,1,0.845151,0.845151,0.00432716,0.00373483,-0.338423,-0.135236
130_bNAb_Combinations|1314058|sample|5|nan|2944,0.0006144,0.421638,1,5,1,0.845151,0.845151,0.441028,0.432455,-0.169368,-0.0963276
130_bNAb_Combinations|1314058|sample|5|nan|2944,0.003072,0.241091,2,5,1,0.845151,0.845151,0.217095,0.208056,0.419355,0.601613
130_bNAb_Combinations|1314058|sample|5|nan|2944,0.01536,0.0357559,3,5,1,0.845151,0.845151,0.054982,0.050739,-1.21935,-1.02047
130_bNAb_Combinations|1314058|sample|5|nan|2944,0.0768,0.0111687,4,5,1,0.845151,0.845151,0.00722939,0.00693946,1.10764,1.21447
130_bNAb_Combinations|1314058|sample|5|nan|2944,0.384,0.00397734,5,5,1,0.845151,0.845151,0.00350635,0.00382909,0.180841,0.0551728
130_bNAb_Combinations|1314058|sample|5|nan|2944,1.92,0.0050219,6,5,1,0.845151,0.845151,0.00345417,0.00379144,0.605039,0.459576
130_bNAb_Combinations|1314058|sample|5|nan|2944,9.6,0.00289261,7,5,1,0.845151,0.845151,0.00345405,0.00379137,-0.216681,-0.335692
130_bNAb_Combinations|1314058|sample|5|nan|2944,48,0.00337471,8,5,1,0.845151,0.845151,0.00345405,0.00379137,-0.0306194,-0.155624
130_bNAb_Combinations|1314058|sample|6|nan|2944,0.0006144,0.459122,1,6,1,0.845151,0.845151,0.399081,0.38206,0.578662,0.775223
130_bNAb_Combinations|1314058|sample|6|nan|2944,0.003072,0.181552,2,6,1,0.845151,0.845151,0.176279,0.160889,0.112688,0.482207
130_bNAb_Combinations|1314058|sample|6|nan|2944,0.01536,0.0224981,3,6,1,0.845151,0.845151,0.0367306,0.0312793,-1.28217,-0.904682
130_bNAb_Combinations|1314058|sample|6|nan|2944,0.0768,0.00879836,4,6,1,0.845151,0.845151,0.00483724,0.00490687,1.34513,1.31354
130_bNAb_Combinations|1314058|sample|6|nan|2944,0.384,0.00377647,5,6,1,0.845151,0.845151,0.00320595,0.00379605,0.225711,-0.00731188
130_bNAb_Combinations|1314058|sample|6|nan|2944,1.92,0.00425857,6,6,1,0.845151,0.845151,0.00319418,0.00379016,0.4216,0.174971
130_bNAb_Combinations|1314058|sample|6|nan|2944,9.6,0.00349524,7,6,1,0.845151,0.845151,0.00319417,0.00379016,0.119252,-0.110167
130_bNAb_Combinations|1314058|sample|6|nan|2944,48,0.00317384,8,6,1,0.845151,0.845151,0.00319417,0.00379016,-0.00805402,-0.230226
130_bNAb_Combinations|1314058|sample|7|nan|2944,0.0000768,0.772267,1,7,1,0.845151,0.845151,0.827892,0.829224,-0.260649,-0.266463
130_bNAb_Combinations|1314058|sample|7|nan|2944,0.000384,0.792997,2,7,1,0.845151,0.845151,0.793377,0.794068,-0.00185635,-0.00523046
130_bNAb_Combinations|1314058|sample|7|nan|2944,0.00192,0.847113,3,7,1,0.845151,0.845151,0.690631,0.689573,0.877579,0.884853
130_bNAb_Combinations|1314058|sample|7|nan|2944,0.0096,0.388996,4,7,1,0.845151,0.845151,0.443207,0.439113,-0.471232,-0.439638
130_bNAb_Combinations|1314058|sample|7|nan|2944,0.048,0.102889,5,7,1,0.845151,0.845151,0.116595,0.112742,-0.43481,-0.322664
130_bNAb_Combinations|1314058|sample|7|nan|2944,0.24,0.00903941,6,7,1,0.845151,0.845151,0.00675238,0.00612121,0.665895,0.891566
130_bNAb_Combinations|1314058|sample|7|nan|2944,1.2,0.00305331,7,7,1,0.845151,0.845151,0.00371724,0.00335332,-0.249749,-0.116948
130_bNAb_Combinations|1314058|sample|7|nan|2944,6,0.00325419,8,7,1,0.845151,0.845151,0.0037154,0.00335184,-0.173524,-0.0380715
130_bNAb_Combinations|1314058|sample|8|nan|2944,0.0000768,0.84412,1,8,1,0.845151,0.845151,0.828757,0.830054,0.0719134,0.0657398
130_bNAb_Combinations|1314058|sample|8|nan|2944,0.000384,0.940119,2,8,1,0.845151,0.845151,0.796093,0.796675,0.701607,0.698266
130_bNAb_Combinations|1314058|sample|8|nan|2944,0.00192,0.824917,3,8,1,0.845151,0.845151,0.698342,0.696971,0.702086,0.711077
130_bNAb_Combinations|1314058|sample|8|nan|2944,0.0096,0.591097,4,8,1,0.845151,0.845151,0.459054,0.454312,1.10873,1.16036
130_bNAb_Combinations|1314058|sample|8|nan|2944,0.048,0.135872,5,8,1,0.845151,0.845151,0.128449,0.124419,0.214841,0.341655
130_bNAb_Combinations|1314058|sample|8|nan|2944,0.24,0.00361576,6,8,1,0.845151,0.845151,0.00523312,0.00587349,-0.530972,-0.703391
130_bNAb_Combinations|1314058|sample|8|nan|2944,1.2,0.00329436,7,8,1,0.845151,0.845151,0.000993802,0.00209931,1.17258,0.532398
130_bNAb_Combinations|1314058|sample|8|nan|2944,6,0.00289261,8,8,1,0.845151,0.845151,0.000989821,0.00209627,0.970342,0.354893
130_bNAb_Combinations|1314058|sample|9|nan|2944,0.0003648,0.631373,1,9,1,0.845151,0.845151,0.792245,0.791115,-0.787448,-0.783023
130_bNAb_Combinations|1314058|sample|9|nan|2944,0.001824,0.855028,2,9,1,0.845151,0.845151,0.687363,0.681194,0.944719,0.98826
130_bNAb_Combinations|1314058|sample|9|nan|2944,0.00912,0.528323,3,9,1,0.845151,0.845151,0.436083,0.42188,0.8147,0.971306
130_bNAb_Combinations|1314058|sample|9|nan|2944,0.0456,0.0948536,4,9,1,0.845151,0.845151,0.109501,0.0989141,-0.493027,-0.150381
130_bNAb_Combinations|1314058|sample|9|nan|2944,0.228,0.00401752,5,9,1,0.845151,0.845151,0.00413902,0.00418783,-0.043922,-0.0612933
130_bNAb_Combinations|1314058|sample|9|nan|2944,1.14,0.00309349,6,9,1,0.845151,0.845151,0.00154179,0.00229043,0.738168,0.350141
130_bNAb_Combinations|1314058|sample|9|nan|2944,5.7,0.00200876,7,9,1,0.845151,0.845151,0.00154063,0.00228987,0.222729,-0.122576
130_bNAb_Combinations|1314058|sample|9|nan|2944,28.5,0.00369612,8,9,1,0.845151,0.845151,0.00154063,0.00228987,1.02555,0.613172
130_bNAb_Combinations|1314058|vc|1|2|nan|2944,0,0.691535,1,2,1,0.845151,0.845151,0.843521,0.845151,-0.699083,-0.705228
130_bNAb_Combinations|1314058|vc|2|2|nan|2944,0,0.932385,2,2,1,0.845151,0.845151,0.843521,0.845151,0.408743,0.400479
130_bNAb_Combinations|1314058|vc|3|2|nan|2944,0,1,3,2,1,0.845151,0.845151,0.843521,0.845151,0.719748,0.710888
130_bNAb_Combinations|1314058|vc|4|2|nan|2944,0,0.97479,4,2,1,0.845151,0.845151,0.843521,0.845151,0.603791,0.595153
130_bNAb_Combinations|1314058|vc|5|2|nan|2944,0,0.982805,5,2,1,0.845151,0.845151,0.843521,0.845151,0.640657,0.631949
130_bNAb_Combinations|1314058|vc|6|2|nan|2944,0,0.897594,6,2,1,0.845151,0.845151,0.843521,0.845151,0.248714,0.240755
130_bNAb_Combinations|1314058|vc|7|2|nan|2944,0,0.932385,7,2,1,0.845151,0.845151,0.843521,0.845151,0.408743,0.400479
130_bNAb_Combinations|1314058|vc|8|2|nan|2944,0,0.756117,8,2,1,0.845151,0.845151,0.843521,0.845151,-0.402031,-0.408744
130_bNAb_Combinations|1342240|cc|1|1|nan|1798,0,0.000747678,1,1,0,0,0,0,0,0.437792,0.437792
130_bNAb_Combinations|1342240|cc|2|1|nan|1798,0,0.000889479,2,1,0,0,0,0,0,0.520822,0.520822
130_bNAb_Combinations|1342240|cc|3|1|nan|1798,0,0.00106995,3,1,0,0,0,0,0,0.626495,0.626495
130_bNAb_Combinations|1342240|cc|4|1|nan|1798,0,0.0011473,4,1,0,0,0,0,0,0.671784,0.671784
130_bNAb_Combinations|1342240|cc|5|1|nan|1798,0,0.00125043,5,1,0,0,0,0,0,0.732169,0.732169
130_bNAb_Combinations|1342240|cc|6|1|nan|1798,0,0.00109574,6,1,0,0,0,0,0,0.641592,0.641592
130_bNAb_Combinations|1342240|cc|7|1|nan|1798,0,0.00113441,7,1,0,0,0,0,0,0.664236,0.664236
130_bNAb_Combinations|1342240|cc|8|1|nan|1798,0,0.00134066,8,1,0,0,0,0,0,0.785006,0.785006
130_bNAb_Combinations|1342240|sample|3|nan|1798,0.0010624,0.835221,1,3,1,0.845151,0.845151,0.841059,0.842575,-0.0269339,-0.0338664
130_bNAb_Combinations|1342240|sample|3|nan|1798,0.005312,0.877793,2,3,1,0.845151,0.845151,0.833103,0.834253,0.20811,0.202478
130_bNAb_Combinations|1342240|sample|3|nan|1798,0.02656,0.931355,3,3,1,0.845151,0.845151,0.800162,0.799835,0.635872,0.637718
130_bNAb_Combinations|1342240|sample|3|nan|1798,0.1328,0.830071,4,3,1,0.845151,0.845151,0.675095,0.669756,0.888938,0.926817
130_bNAb_Combinations|1342240|sample|3|nan|1798,0.664,0.362418,5,3,1,0.845151,0.845151,0.337081,0.324323,0.288235,0.450067
130_bNAb_Combinations|1342240|sample|3|nan|1798,3.32,0.0234358,6,3,1,0.845151,0.845151,0.0269935,0.0234366,-0.413184,-9.84253e-05
130_bNAb_Combinations|1342240|sample|3|nan|1798,83,0.000966825,8,3,1,0.845151,0.845151,0.000601922,0.000781106,0.195999,0.0973587
130_bNAb_Combinations|1342240|sample|4|nan|1798,0.0010624,0.808053,1,4,1,0.845151,0.845151,0.840921,0.842507,-0.151647,-0.158664
130_bNAb_Combinations|1342240|sample|4|nan|1798,0.005312,0.88955,2,4,1,0.845151,0.845151,0.832522,0.833964,0.265748,0.258585
130_bNAb_Combinations|1342240|sample|4|nan|1798,0.02656,0.902873,3,4,1,0.845151,0.845151,0.797794,0.798657,0.5108,0.506059
130_bNAb_Combinations|1342240|sample|4|nan|1798,0.1328,0.803702,4,4,1,0.845151,0.845151,0.666694,0.665597,0.795676,0.803359
130_bNAb_Combinations|1342240|sample|4|nan|1798,0.664,0.370758,5,4,1,0.845151,0.845151,0.320067,0.316023,0.606685,0.663296
130_bNAb_Combinations|1342240|sample|4|nan|1798,3.32,0.0203936,6,4,1,0.845151,0.845151,0.0219796,0.0209593,-0.216425,-0.0800524
130_bNAb_Combinations|1342240|sample|4|nan|1798,16.6,3.8673e-05,7,4,1,0.845151,0.845151,0.000220215,0.000352921,-0.102906,-0.174768
130_bNAb_Combinations|1342240|sample|4|nan|1798,83,0.000747678,8,4,1,0.845151,0.845151,0.000205619,0.000340569,0.307915,0.226811
130_bNAb_Combinations|1342240|sample|8|nan|1798,16.6,0.000721896,7,8,1,0.845151,0.845151,0.0043724,0.000879042,-1.29179,-0.0813124
130_bNAb_Combinations|1342240|vc|1|2|nan|1798,0,0.862537,1,2,1,0.845151,0.845151,0.843521,0.845151,0.0874651,0.0798151
130_bNAb_Combinations|1342240|vc|2|2|nan|1798,0,0.923324,2,2,1,0.845151,0.845151,0.843521,0.845151,0.367067,0.358882
130_bNAb_Combinations|1342240|vc|3|2|nan|1798,0,0.944627,3,2,1,0.845151,0.845151,0.843521,0.845151,0.46505,0.456678
130_bNAb_Combinations|1342240|vc|4|2|nan|1798,0,1,4,2,1,0.845151,0.845151,0.843521,0.845151,0.719748,0.710888
130_bNAb_Combinations|1342240|vc|5|2|nan|1798,0,0.995817,5,2,1,0.845151,0.845151,0.843521,0.845151,0.700507,0.691684
130_bNAb_Combinations|1342240|vc|6|2|nan|1798,0,0.979742,6,2,1,0.845151,0.845151,0.843521,0.845151,0.626567,0.617886
130_bNAb_Combinations|1342240|vc|7|2|nan|1798,0,0.912625,7,2,1,0.845151,0.845151,0.843521,0.845151,0.317852,0.309762
130_bNAb_Combinations|1342240|vc|8|2|nan|1798,0,0.732654,8,2,1,0.845151,0.845151,0.843521,0.845151,-0.509953,-0.51646
130_bNAb_Combinations|1342258|cc|1|1|TRO.11|8301,0,0.000586773,1,1,0,0,0,0,0,0.343576,0.343576
130_bNAb_Combinations|1342258|cc|2|1|TRO.11|8301,0,0.000602214,2,1,0,0,0,0,0,0.352618,0.352618
130_bNAb_Combinations|1342258|cc|3|1|TRO.11|8301,0,0.000756628,3,1,0,0,0,0,0,0.443033,0.443033
130_bNAb_Combinations|1342258|cc|4|1|TRO.11|8301,0,0.000694863,4,1,0,0,0,0,0,0.406867,0.406867
130_bNAb_Combinations|1342258|cc|5|1|TRO.11|8301,0,0.000957366,5,1,0,0,0,0,0,0.560572,0.560572
130_bNAb_Combinations|1342258|cc|6|1|TRO.11|8301,0,0.000648538,6,1,0,0,0,0,0,0.379742,0.379742
130_bNAb_Combinations|1342258|cc|7|1|TRO.11|8301,0,0.00103457,7,1,0,0,0,0,0,0.605779,0.605779
130_bNAb_Combinations|1342258|cc|8|1|TRO.11|8301,0,0.00112722,8,1,0,0,0,0,0,0.660028,0.660028
130_bNAb_Combinations|1342258|sample|3|TRO.11|8301,0.0010624,1,1,3,1,0.845151,0.845151,0.83445,0.835901,0.769683,0.761626
130_bNAb_Combinations|1342258|sample|3|TRO.11|8301,0.005312,0.977008,2,3,1,0.845151,0.845151,0.80569,0.806584,0.824698,0.819494
130_bNAb_Combinations|1342258|sample|3|TRO.11|8301,0.02656,0.852774,3,3,1,0.845151,0.845151,0.694883,0.693819,0.880112,0.887391
130_bNAb_Combinations|1342258|sample|3|TRO.11|8301,0.1328,0.409135,4,3,1,0.845151,0.845151,0.377733,0.373141,0.319451,0.370591
130_bNAb_Combinations|1342258|sample|3|TRO.11|8301,0.664,0.0368586,5,3,1,0.845151,0.845151,0.0381792,0.0365647,-0.115128,0.0265808
130_bNAb_Combinations|1342258|sample|3|TRO.11|8301,3.32,0.000988249,6,3,1,0.845151,0.845151,0.000395128,0.000828758,0.327894,0.0830786
130_bNAb_Combinations|1342258|sample|3|TRO.11|8301,16.6,0.000617656,7,3,1,0.845151,0.845151,0.000348834,0.000790075,0.149592,-0.0902778
130_bNAb_Combinations|1342258|sample|3|TRO.11|8301,83,0.0017912,8,3,1,0.845151,0.845151,0.000348833,0.000790074,0.802636,0.524186
130_bNAb_Combinations|1342258|sample|4|TRO.11|8301,0.0010624,0.951962,1,4,1,0.845151,0.845151,0.835088,0.836575,0.542966,0.535114
130_bNAb_Combinations|1342258|sample|4|TRO.11|8301,0.005312,0.975433,2,4,1,0.845151,0.845151,0.808305,0.809347,0.801946,0.795931
130_bNAb_Combinations|1342258|sample|4|TRO.11|8301,0.02656,0.81302,3,4,1,0.845151,0.845151,0.704461,0.703914,0.596977,0.600447
130_bNAb_Combinations|1342258|sample|4|TRO.11|8301,0.1328,0.42409,4,4,1,0.845151,0.845151,0.399788,0.396159,0.233812,0.271145
130_bNAb_Combinations|1342258|sample|4|TRO.11|8301,0.664,0.0475286,5,4,1,0.845151,0.845151,0.0474978,0.0459526,0.00222264,0.117101
130_bNAb_Combinations|1342258|sample|4|TRO.11|8301,3.32,0.000586773,6,4,1,0.845151,0.845151,0.00050124,0.000960732,0.0465864,-0.191429
130_bNAb_Combinations|1342258|sample|4|TRO.11|8301,16.6,0.00101913,7,4,1,0.845151,0.845151,0.000408753,0.000880433,0.336787,0.0717541
130_bNAb_Combinations|1342258|sample|4|TRO.11|8301,83,0.00205371,8,4,1,0.845151,0.845151,0.000408752,0.000880432,0.90763,0.606977
130_bNAb_Combinations|1342258|vc|1|2|TRO.11|8301,0,0.96755,1,2,1,0.845151,0.845151,0.843521,0.845151,0.570489,0.561915
130_bNAb_Combinations|1342258|vc|2|2|TRO.11|8301,0,0.984057,2,2,1,0.845151,0.845151,0.843521,0.845151,0.646415,0.637695
130_bNAb_Combinations|1342258|vc|3|2|TRO.11|8301,0,0.968554,3,2,1,0.845151,0.845151,0.843521,0.845151,0.575105,0.566522
130_bNAb_Combinations|1342258|vc|4|2|TRO.11|8301,0,0.996418,4,2,1,0.845151,0.845151,0.843521,0.845151,0.70327,0.694442
130_bNAb_Combinations|1342258|vc|5|2|TRO.11|8301,0,0.95952,5,2,1,0.845151,0.845151,0.843521,0.845151,0.533556,0.525052
130_bNAb_Combinations|1342258|vc|6|2|TRO.11|8301,0,0.92514,6,2,1,0.845151,0.845151,0.843521,0.845151,0.375419,0.367218
130_bNAb_Combinations|1342258|vc|7|2|TRO.11|8301,0,0.920917,7,2,1,0.845151,0.845151,0.843521,0.845151,0.355993,0.347829
130_bNAb_Combinations|1342258|vc|8|2|TRO.11|8301,0,0.827859,8,2,1,0.845151,0.845151,0.843521,0.845151,-0.0720391,-0.0793839
130_bNAb_Combinations|1342276|cc|1|1|Ce1176_A3|7023,0,0.00106045,1,1,0,0,0,0,0,0.620933,0.620933
130_bNAb_Combinations|1342276|cc|2|1|Ce1176_A3|7023,0,0.000899371,2,1,0,0,0,0,0,0.526614,0.526614
130_bNAb_Combinations|1342276|cc|3|1|Ce1176_A3|7023,0,0.00139604,3,1,0,0,0,0,0,0.81743,0.81743
130_bNAb_Combinations|1342276|cc|4|1|Ce1176_A3|7023,0,0.000885948,4,1,0,0,0,0,0,0.518754,0.518754
130_bNAb_Combinations|1342276|cc|5|1|Ce1176_A3|7023,0,0.000939641,5,1,0,0,0,0,0,0.550193,0.550193
130_bNAb_Combinations|1342276|cc|6|1|Ce1176_A3|7023,0,0.00115442,6,1,0,0,0,0,0,0.675952,0.675952
130_bNAb_Combinations|1342276|cc|7|1|Ce1176_A3|7023,0,0.00167793,7,1,0,0,0,0,0,0.982488,0.982488
130_bNAb_Combinations|1342276|cc|8|1|Ce1176_A3|7023,0,0.0012618,8,1,0,0,0,0,0,0.738831,0.738831
130_bNAb_Combinations|1342276|sample|3|Ce1176_A3|7023,0.0010624,0.725068,1,3,1,0.845151,0.845151,0.835423,0.837359,-0.512476,-0.520274
130_bNAb_Combinations|1342276|sample|3|Ce1176_A3|7023,0.005312,0.881934,2,3,1,0.845151,0.845151,0.815243,0.817932,0.31731,0.303524
130_bNAb_Combinations|1342276|sample|3|Ce1176_A3|7023,0.02656,0.891317,3,3,1,0.845151,0.845151,0.74798,0.753034,0.74277,0.711815
130_bNAb_Combinations|1342276|sample|3|Ce1176_A3|7023,0.1328,0.705718,4,3,1,0.845151,0.845151,0.554272,0.564747,1.05579,0.964753
130_bNAb_Combinations|1342276|sample|3|Ce1176_A3|7023,0.664,0.239233,5,3,1,0.845151,0.845151,0.20333,0.215691,0.668545,0.414008
130_bNAb_Combinations|1342276|sample|3|Ce1176_A3|7023,3.32,0.012269,6,3,1,0.845151,0.845151,0.0106589,0.0127968,0.363187,-0.105976
130_bNAb_Combinations|1342276|sample|3|Ce1176_A3|7023,16.6,0.00138262,7,3,1,0.845151,0.845151,0.000543088,0.000719814,0.454606,0.350336
130_bNAb_Combinations|1342276|sample|3|Ce1176_A3|7023,83,0.00073829,8,3,1,0.845151,0.845151,0.000533025,0.000703994,0.111306,0.0181664
130_bNAb_Combinations|1342276|sample|4|Ce1176_A3|7023,0.0010624,0.749337,1,4,1,0.845151,0.845151,0.836315,0.837898,-0.403486,-0.410062
130_bNAb_Combinations|1342276|sample|4|Ce1176_A3|7023,0.005312,0.874437,2,4,1,0.845151,0.845151,0.818324,0.819793,0.265983,0.258561
130_bNAb_Combinations|1342276|sample|4|Ce1176_A3|7023,0.02656,0.920365,3,4,1,0.845151,0.845151,0.757993,0.75909,0.830395,0.823603
130_bNAb_Combinations|1342276|sample|4|Ce1176_A3|7023,0.1328,0.749364,4,4,1,0.845151,0.845151,0.580619,0.580756,1.12362,1.12244
130_bNAb_Combinations|1342276|sample|4|Ce1176_A3|7023,0.664,0.256838,5,4,1,0.845151,0.845151,0.23791,0.236995,0.302624,0.318444
130_bNAb_Combinations|1342276|sample|4|Ce1176_A3|7023,3.32,0.0164035,6,4,1,0.845151,0.845151,0.0169423,0.0166476,-0.0892088,-0.0409257
130_bNAb_Combinations|1342276|sample|4|Ce1176_A3|7023,16.6,0.000402703,7,4,1,0.845151,0.845151,0.000451001,0.000411168,-0.0264911,-0.00466905
130_bNAb_Combinations|1342276|sample|4|Ce1176_A3|7023,83,0.000617479,8,4,1,0.845151,0.845151,0.000415681,0.00037734,0.111236,0.13309
130_bNAb_Combinations|1342276|vc|1|2|Ce1176_A3|7023,0,0.763009,1,2,1,0.845151,0.845151,0.843521,0.845151,-0.370328,-0.377102
130_bNAb_Combinations|1342276|vc|2|2|Ce1176_A3|7023,0,0.910553,2,2,1,0.845151,0.845151,0.843521,0.845151,0.308322,0.30025
130_bNAb_Combinations|1342276|vc|3|2|Ce1176_A3|7023,0,1,3,2,1,0.845151,0.845151,0.843521,0.845151,0.719748,0.710888
130_bNAb_Combinations|1342276|vc|4|2|Ce1176_A3|7023,0,0.978623,4,2,1,0.845151,0.845151,0.843521,0.845151,0.621422,0.61275
130_bNAb_Combinations|1342276|vc|5|2|Ce1176_A3|7023,0,0.915016,5,2,1,0.845151,0.845151,0.843521,0.845151,0.328852,0.32074
130_bNAb_Combinations|1342276|vc|6|2|Ce1176_A3|7023,0,0.948528,6,2,1,0.845151,0.845151,0.843521,0.845151,0.482994,0.474587
130_bNAb_Combinations|1342276|vc|7|2|Ce1176_A3|7023,0,0.841536,7,2,1,0.845151,0.845151,0.843521,0.845151,-0.00913052,-0.0165957
130_bNAb_Combinations|1342276|vc|8|2|Ce1176_A3|7023,0,0.749606,8,2,1,0.845151,0.845151,0.843521,0.845151,-0.431979,-0.438635
130_bNAb_Combinations|1342294|cc|1|1|nan|1176,0,0.00986891,1,1,0,0,0,0,0,5.77859,5.77859
130_bNAb_Combinations|1342294|cc|2|1|nan|1176,0,0.00692296,2,1,0,0,0,0,0,4.05364,4.05364
130_bNAb_Combinations|1342294|cc|3|1|nan|1176,0,0.00368243,3,1,0,0,0,0,0,2.15619,2.15619
130_bNAb_Combinations|1342294|cc|4|1|nan|1176,0,0.0107527,4,1,0,0,0,0,0,6.29608,6.29608
130_bNAb_Combinations|1342294|cc|5|1|nan|1176,0,0.000736485,5,1,0,0,0,0,0,0.431238,0.431238
130_bNAb_Combinations|1342294|cc|6|1|nan|1176,0,0,6,1,0,0,0,0,0,0,0
130_bNAb_Combinations|1342294|cc|7|1|nan|1176,0,0.00618648,7,1,0,0,0,0,0,3.6224,3.6224
130_bNAb_Combinations|1342294|cc|8|1|nan|1176,0,0.0048608,8,1,0,0,0,0,0,2.84617,2.84617
130_bNAb_Combinations|1342294|sample|3|nan|1176,0.0010624,0.7384,1,3,1,0.845151,0.845151,0.792112,0.793835,-0.262955,-0.270808
130_bNAb_Combinations|1342294|sample|3|nan|1176,0.005312,0.840477,2,3,1,0.845151,0.845151,0.699944,0.701806,0.777746,0.765425
130_bNAb_Combinations|1342294|sample|3|nan|1176,0.02656,0.51554,3,3,1,0.845151,0.845151,0.487706,0.489717,0.220169,0.203434
130_bNAb_Combinations|1342294|sample|3|nan|1176,0.1328,0.173221,4,3,1,0.845151,0.845151,0.17741,0.178982,-0.0889877,-0.121333
130_bNAb_Combinations|1342294|sample|3|nan|1176,0.664,0.0191486,5,3,1,0.845151,0.845151,0.0166224,0.0171952,0.423974,0.319969
130_bNAb_Combinations|1342294|sample|3|nan|1176,3.32,0.00559729,6,3,1,0.845151,0.845151,0.00433856,0.00471525,0.44679,0.302733
130_bNAb_Combinations|1342294|sample|3|nan|1176,83,0.0050081,8,3,1,0.845151,0.845151,0.0042943,0.0046694,0.254388,0.116717
130_bNAb_Combinations|1342294|sample|4|nan|1176,0.0010624,0.680071,1,4,1,0.845151,0.845151,0.797297,0.797317,-0.5702,-0.570285
130_bNAb_Combinations|1342294|sample|4|nan|1176,0.005312,0.847842,2,4,1,0.845151,0.845151,0.713621,0.710968,0.728706,0.745862
130_bNAb_Combinations|1342294|sample|4|nan|1176,0.02656,0.692444,3,4,1,0.845151,0.845151,0.516184,0.508643,1.31829,1.39481
130_bNAb_Combinations|1342294|sample|4|nan|1176,0.1328,0.216085,4,4,1,0.845151,0.845151,0.208225,0.198896,0.143023,0.32699
130_bNAb_Combinations|1342294|sample|4|nan|1176,0.664,0.0187067,5,4,1,0.845151,0.845151,0.0234059,0.0207446,-0.610834,-0.290603
130_bNAb_Combinations|1342294|sample|4|nan|1176,3.32,0.00456621,6,4,1,0.845151,0.845151,0.00442701,0.00394912,0.0490164,0.227064
130_bNAb_Combinations|1342294|sample|4|nan|1176,16.6,0.00618648,7,4,1,0.845151,0.845151,0.00430405,0.00385719,0.670275,0.864565
130_bNAb_Combinations|1342294|sample|4|nan|1176,83,0.00265135,8,4,1,0.845151,0.845151,0.00430402,0.00385717,-0.588466,-0.447567
130_bNAb_Combinations|1342294|sample|8|nan|1176,16.6,0.00883783,7,8,1,0.845151,0.845151,0.00732146,0.00805655,0.423562,0.207345
130_bNAb_Combinations|1342294|vc|1|2|nan|1176,0,0.903962,1,2,1,0.845151,0.845151,0.843521,0.845151,0.278008,0.269993
130_bNAb_Combinations|1342294|vc|2|2|nan|1176,0,0.772868,2,2,1,0.845151,0.845151,0.843521,0.845151,-0.324981,-0.331842
130_bNAb_Combinations|1342294|vc|3|2|nan|1176,0,0.798792,3,2,1,0.845151,0.845151,0.843521,0.845151,-0.205738,-0.212827
130_bNAb_Combinations|1342294|vc|4|2|nan|1176,0,1,4,2,1,0.845151,0.845151,0.843521,0.845151,0.719748,0.710888
130_bNAb_Combinations|1342294|vc|5|2|nan|1176,0,0.928708,5,2,1,0.845151,0.845151,0.843521,0.845151,0.391831,0.383598
130_bNAb_Combinations|1342294|vc|6|2|nan|1176,0,0.843276,6,2,1,0.845151,0.845151,0.843521,0.845151,-0.00112845,-0.00860893
130_bNAb_Combinations|1342294|vc|7|2|nan|1176,0,0.868906,7,2,1,0.845151,0.845151,0.843521,0.845151,0.116759,0.109053
130_bNAb_Combinations|1342294|vc|8|2|nan|1176,0,0.751657,8,2,1,0.845151,0.845151,0.843521,0.845151,-0.422543,-0.429217
130_bNAb_Combinations|1342312|cc|1|1|RHPA4259.7|5371,0,0.00173044,1,1,0,0,0,0,0,1.01323,1.01323
130_bNAb_Combinations|1342312|cc|2|1|RHPA4259.7|5371,0,0.00228271,2,1,0,0,0,0,0,1.33661,1.33661
130_bNAb_Combinations|1342312|cc|3|1|RHPA4259.7|5371,0,0.00237475,3,1,0,0,0,0,0,1.3905,1.3905
130_bNAb_Combinations|1342312|cc|4|1|RHPA4259.7|5371,0,0.00189612,4,1,0,0,0,0,0,1.11024,1.11024
130_bNAb_Combinations|1342312|cc|5|1|RHPA4259.7|5371,0,0.00136226,5,1,0,0,0,0,0,0.797651,0.797651
130_bNAb_Combinations|1342312|cc|6|1|RHPA4259.7|5371,0,0.00187771,6,1,0,0,0,0,0,1.09947,1.09947
130_bNAb_Combinations|1342312|cc|7|1|RHPA4259.7|5371,0,0.00250361,7,1,0,0,0,0,0,1.46595,1.46595
130_bNAb_Combinations|1342312|cc|8|1|RHPA4259.7|5371,0,0.0020618,8,1,0,0,0,0,0,1.20726,1.20726
130_bNAb_Combinations|1342312|sample|3|RHPA4259.7|5371,0.0010624,0.763952,1,3,1,0.845151,0.845151,0.458323,0.610156,2.57031,0.975034
130_bNAb_Combinations|1342312|sample|3|RHPA4259.7|5371,0.005312,0.818875,2,3,1,0.845151,0.845151,0.458323,0.610156,3.03221,1.32324
130_bNAb_Combinations|1342312|sample|3|RHPA4259.7|5371,0.02656,0.538378,3,3,1,0.845151,0.845151,0.458323,0.610156,0.673254,-0.455062
130_bNAb_Combinations|1342312|sample|3|RHPA4259.7|5371,0.1328,0.0814411,4,3,1,0.845151,0.845151,0.458323,0.610156,-3.16954,-3.35196
130_bNAb_Combinations|1342312|sample|3|RHPA4259.7|5371,0.664,0.00397633,5,3,1,0.845151,0.845151,0.458323,0.610156,-3.82102,-3.84307
130_bNAb_Combinations|1342312|sample|3|RHPA4259.7|5371,3.32,0.00173044,6,3,1,0.845151,0.845151,0.458323,0.610156,-3.8399,-3.85731
130_bNAb_Combinations|1342312|sample|3|RHPA4259.7|5371,16.6,0.00147271,7,3,1,0.845151,0.845151,0.458323,0.610171,-3.84207,-3.85895
130_bNAb_Combinations|1342312|sample|3|RHPA4259.7|5371,83,0.0012334,8,3,1,0.845151,0.845151,0.556643,0.708832,-3.8557,-3.86738
130_bNAb_Combinations|1342312|sample|4|RHPA4259.7|5371,0.0010624,0.732077,1,4,1,0.845151,0.845151,0.60249,0.603969,0.831898,0.820412
130_bNAb_Combinations|1342312|sample|4|RHPA4259.7|5371,0.005312,0.824591,2,4,1,0.845151,0.845151,0.60249,0.603969,1.4258,1.41288
130_bNAb_Combinations|1342312|sample|4|RHPA4259.7|5371,0.02656,0.536592,3,4,1,0.845151,0.845151,0.60249,0.603969,-0.423035,-0.431481
130_bNAb_Combinations|1342312|sample|4|RHPA4259.7|5371,0.1328,0.0694384,4,4,1,0.845151,0.845151,0.60249,0.603969,-3.42198,-3.42316
130_bNAb_Combinations|1342312|sample|4|RHPA4259.7|5371,0.664,0.00323997,5,4,1,0.845151,0.845151,0.60249,0.603969,-3.84695,-3.8471
130_bNAb_Combinations|1342312|sample|4|RHPA4259.7|5371,3.32,0.00138067,6,4,1,0.845151,0.845151,0.60249,0.603969,-3.85889,-3.85901
130_bNAb_Combinations|1342312|sample|4|RHPA4259.7|5371,16.6,0.00134385,7,4,1,0.845151,0.845151,0.60249,0.60398,-3.85912,-3.85925
130_bNAb_Combinations|1342312|sample|4|RHPA4259.7|5371,83,0.00163839,8,4,1,0.845151,0.845151,0.638435,0.703284,-3.86021,-3.86481
130_bNAb_Combinations|1342312|vc|1|2|RHPA4259.7|5371,0,0.805648,1,2,1,0.845151,0.845151,0.843521,0.845151,-0.174204,-0.181354
130_bNAb_Combinations|1342312|vc|2|2|RHPA4259.7|5371,0,0.988964,2,2,1,0.845151,0.845151,0.843521,0.845151,0.668986,0.660223
130_bNAb_Combinations|1342312|vc|3|2|RHPA4259.7|5371,0,0.95037,3,2,1,0.845151,0.845151,0.843521,0.845151,0.491465,0.483042
130_bNAb_Combinations|1342312|vc|4|2|RHPA4259.7|5371,0,0.951677,4,2,1,0.845151,0.845151,0.843521,0.845151,0.497477,0.489043
130_bNAb_Combinations|1342312|vc|5|2|RHPA4259.7|5371,0,1,5,2,1,0.845151,0.845151,0.843521,0.845151,0.719748,0.710888
130_bNAb_Combinations|1342312|vc|6|2|RHPA4259.7|5371,0,0.952339,6,2,1,0.845151,0.845151,0.843521,0.845151,0.500525,0.492085
130_bNAb_Combinations|1342312|vc|7|2|RHPA4259.7|5371,0,0.995186,7,2,1,0.845151,0.845151,0.843521,0.845151,0.697606,0.688788
130_bNAb_Combinations|1342312|vc|8|2|RHPA4259.7|5371,0,0.750412,8,2,1,0.845151,0.845151,0.843521,0.845151,-0.428271,-0.434934
130_bNAb_Combinations|1342336|cc|1|1|nan|3430,0,0,1,1,0,0,0,0,0,0,0
130_bNAb_Combinations|1342336|cc|2|1|nan|3430,0,0,2,1,0,0,0,0,0,0,0
130_bNAb_Combinations|1342336|cc|3|1|nan|3430,0,0.00041405,3,1,0,0,0,0,0,0.242441,0.242441
130_bNAb_Combinations|1342336|cc|4|1|nan|3430,0,0.00119614,4,1,0,0,0,0,0,0.700385,0.700385
130_bNAb_Combinations|1342336|cc|5|1|nan|3430,0,0.00174821,5,1,0,0,0,0,0,1.02364,1.02364
130_bNAb_Combinations|1342336|cc|6|1|nan|3430,0,0.00207025,6,1,0,0,0,0,0,1.21221,1.21221
130_bNAb_Combinations|1342336|cc|7|1|nan|3430,0,0.00110413,7,1,0,0,0,0,0,0.646509,0.646509
130_bNAb_Combinations|1342336|cc|8|1|nan|3430,0,0.0016562,8,1,0,0,0,0,0,0.969764,0.969764
130_bNAb_Combinations|1342336|sample|3|nan|3430,0.0010624,0.85338,1,3,1,0.845151,0.845151,0.813638,0.814434,0.189461,0.185485
130_bNAb_Combinations|1342336|sample|3|nan|3430,0.005312,0.846134,2,3,1,0.845151,0.845151,0.740238,0.73912,0.554442,0.561133
130_bNAb_Combinations|1342336|sample|3|nan|3430,0.02656,0.598923,3,3,1,0.845151,0.845151,0.528433,0.523022,0.515151,0.560358
130_bNAb_Combinations|1342336|sample|3|nan|3430,0.1328,0.155913,4,3,1,0.845151,0.845151,0.168417,0.162124,-0.279277,-0.143893
130_bNAb_Combinations|1342336|sample|3|nan|3430,0.664,0.00768293,5,3,1,0.845151,0.845151,0.0065367,0.00661482,0.339187,0.314212
130_bNAb_Combinations|1342336|sample|3|nan|3430,16.6,0.00115014,7,3,1,0.845151,0.845151,0.000847046,0.00164825,0.157497,-0.23393
130_bNAb_Combinations|1342336|sample|3|nan|3430,83,0.00276033,8,3,1,0.845151,0.845151,0.000847046,0.00164825,0.994205,0.522272
130_bNAb_Combinations|1342336|sample|4|nan|3430,0.0010624,0.773193,1,4,1,0.845151,0.845151,0.813483,0.814472,-0.192109,-0.196587
130_bNAb_Combinations|1342336|sample|4|nan|3430,0.005312,0.819405,2,4,1,0.845151,0.845151,0.739727,0.739241,0.417457,0.420276
130_bNAb_Combinations|1342336|sample|4|nan|3430,0.02656,0.59009,3,4,1,0.845151,0.845151,0.527117,0.523296,0.461351,0.492871
130_bNAb_Combinations|1342336|sample|4|nan|3430,0.1328,0.181814,4,4,1,0.845151,0.845151,0.166907,0.162208,0.335837,0.453971
130_bNAb_Combinations|1342336|sample|4|nan|3430,0.664,0.00570469,5,4,1,0.845151,0.845151,0.0062106,0.00615458,-0.153492,-0.137094
130_bNAb_Combinations|1342336|sample|4|nan|3430,3.32,0.000966117,6,4,1,0.845151,0.845151,0.000664788,0.00113963,0.160466,-0.0867898
130_bNAb_Combinations|1342336|sample|4|nan|3430,16.6,0.0008281,7,4,1,0.845151,0.845151,0.000661574,0.00113713,0.088719,-0.154624
130_bNAb_Combinations|1342336|sample|4|nan|3430,83,0.00289835,8,4,1,0.845151,0.845151,0.000661574,0.00113713,1.19167,0.881217
130_bNAb_Combinations|1342336|sample|5|nan|3430,3.32,0.00156419,6,5,1,0.845151,0.845151,0.000547545,0.0014179,0.550176,0.070655
130_bNAb_Combinations|1342336|vc|1|2|nan|3430,0,0.92255,1,2,1,0.845151,0.845151,0.843521,0.845151,0.363503,0.355325
130_bNAb_Combinations|1342336|vc|2|2|nan|3430,0,0.992179,2,2,1,0.845151,0.845151,0.843521,0.845151,0.683774,0.674983
130_bNAb_Combinations|1342336|vc|3|2|nan|3430,0,1,3,2,1,0.845151,0.845151,0.843521,0.845151,0.719748,0.710888
130_bNAb_Combinations|1342336|vc|4|2|nan|3430,0,0.999402,4,2,1,0.845151,0.845151,0.843521,0.845151,0.716997,0.708142
130_bNAb_Combinations|1342336|vc|5|2|nan|3430,0,0.95802,5,2,1,0.845151,0.845151,0.843521,0.845151,0.526654,0.518164
130_bNAb_Combinations|1342336|vc|6|2|nan|3430,0,0.951441,6,2,1,0.845151,0.845151,0.843521,0.845151,0.496394,0.487962
130_bNAb_Combinations|1342336|vc|7|2|nan|3430,0,0.88701,7,2,1,0.845151,0.845151,0.843521,0.845151,0.200035,0.192169
130_bNAb_Combinations|1342336|vc|8|2|nan|3430,0,0.926598,8,2,1,0.845151,0.845151,0.843521,0.845151,0.382125,0.373911
130_bNAb_Combinations|1342348|cc|1|1|nan|4166,0,0.000451154,1,1,0,0,0,0,0,0.264167,0.264167
130_bNAb_Combinations|1342348|cc|2|1|nan|4166,0,0.000773408,2,1,0,0,0,0,0,0.452858,0.452858
130_bNAb_Combinations|1342348|cc|3|1|nan|4166,0,0.00125679,3,1,0,0,0,0,0,0.735894,0.735894
130_bNAb_Combinations|1342348|cc|4|1|nan|4166,0,0.00128901,4,1,0,0,0,0,0,0.754763,0.754763
130_bNAb_Combinations|1342348|cc|5|1|nan|4166,0,0.000998985,5,1,0,0,0,0,0,0.584941,0.584941
130_bNAb_Combinations|1342348|cc|6|1|nan|4166,0,0.000773408,6,1,0,0,0,0,0,0.452858,0.452858
130_bNAb_Combinations|1342348|cc|7|1|nan|4166,0,0.000386704,7,1,0,0,0,0,0,0.226429,0.226429
130_bNAb_Combinations|1342348|cc|8|1|nan|4166,0,0.000644506,8,1,0,0,0,0,0,0.377381,0.377381
130_bNAb_Combinations|1342348|sample|3|nan|4166,0.0010624,0.836295,1,3,1,0.845151,0.845151,0.773105,0.772973,0.316902,0.317614
130_bNAb_Combinations|1342348|sample|3|nan|4166,0.005312,0.838358,2,3,1,0.845151,0.845151,0.637374,0.634312,1.22035,1.24486
130_bNAb_Combinations|1342348|sample|3|nan|4166,0.02656,0.39555,3,3,1,0.845151,0.845151,0.348506,0.341855,0.517952,0.60247
130_bNAb_Combinations|1342348|sample|3|nan|4166,0.1328,0.0558787,4,3,1,0.845151,0.845151,0.0602016,0.0567182,-0.252771,-0.0517814
130_bNAb_Combinations|1342348|sample|3|nan|4166,0.664,0.00054783,5,3,1,0.845151,0.845151,0.000876342,0.000905623,-0.170043,-0.184484
130_bNAb_Combinations|1342348|sample|3|nan|4166,3.32,0,6,3,1,0.845151,0.845151,6.07729e-05,0.000215344,-0.0352638,-0.122153
130_bNAb_Combinations|1342348|sample|3|nan|4166,16.6,0.000515605,7,3,1,0.845151,0.845151,6.04656e-05,0.000215129,0.264109,0.170449
130_bNAb_Combinations|1342348|sample|3|nan|4166,83,0.000676732,8,3,1,0.845151,0.845151,6.04656e-05,0.000215129,0.357608,0.26185
130_bNAb_Combinations|1342348|sample|4|nan|4166,0.0010624,0.820247,1,4,1,0.845151,0.845151,0.769159,0.768837,0.257512,0.259243
130_bNAb_Combinations|1342348|sample|4|nan|4166,0.005312,0.753734,2,4,1,0.845151,0.845151,0.626985,0.623485,0.782224,0.808292
130_bNAb_Combinations|1342348|sample|4|nan|4166,0.02656,0.405797,3,4,1,0.845151,0.845151,0.33097,0.323927,0.866649,0.968416
130_bNAb_Combinations|1342348|sample|4|nan|4166,0.1328,0.0446321,4,4,1,0.845151,0.845151,0.0518532,0.0488071,-0.48246,-0.294252
130_bNAb_Combinations|1342348|sample|4|nan|4166,0.664,0.00161127,5,4,1,0.845151,0.845151,0.000980115,0.00139718,0.322268,0.103666
130_bNAb_Combinations|1342348|sample|4|nan|4166,3.32,0.000934534,6,4,1,0.845151,0.845151,0.000439522,0.000950383,0.27195,-0.00812389
130_bNAb_Combinations|1342348|sample|4|nan|4166,16.6,0.00174017,7,4,1,0.845151,0.845151,0.000439394,0.000950298,0.714633,0.404886
130_bNAb_Combinations|1342348|sample|4|nan|4166,83,0.00157904,8,4,1,0.845151,0.845151,0.000439394,0.000950298,0.626111,0.322293
130_bNAb_Combinations|1342348|vc|1|2|nan|4166,0,0.800445,1,2,1,0.845151,0.845151,0.843521,0.845151,-0.198138,-0.205242
130_bNAb_Combinations|1342348|vc|2|2|nan|4166,0,0.905725,2,2,1,0.845151,0.845151,0.843521,0.845151,0.286114,0.278084
130_bNAb_Combinations|1342348|vc|3|2|nan|4166,0,1,3,2,1,0.845151,0.845151,0.843521,0.845151,0.719747,0.710887
130_bNAb_Combinations|1342348|vc|4|2|nan|4166,0,0.920162,4,2,1,0.845151,0.845151,0.843521,0.845151,0.352519,0.344361
130_bNAb_Combinations|1342348|vc|5|2|nan|4166,0,0.841097,5,2,1,0.845151,0.845151,0.843521,0.845151,-0.011152,-0.0186133
130_bNAb_Combinations|1342348|vc|6|2|nan|4166,0,0.905435,6,2,1,0.845151,0.845151,0.843521,0.845151,0.28478,0.276752
130_bNAb_Combinations|1342348|vc|7|2|nan|4166,0,0.801959,7,2,1,0.845151,0.845151,0.843521,0.845151,-0.191172,-0.198288
130_bNAb_Combinations|1342348|vc|8|2|nan|4166,0,0.723716,8,2,1,0.845151,0.845151,0.843521,0.845151,-0.551062,-0.557491
130_bNAb_Combinations|1342372|cc|1|1|nan|2944,0,0.00214128,1,1,0,0,0,0,0,1.2538,1.2538
130_bNAb_Combinations|1342372|cc|2|1|nan|2944,0,0.00406844,2,1,0,0,0,0,0,2.38221,2.38221
130_bNAb_Combinations|1342372|cc|3|1|nan|2944,0,0.00282649,3,1,0,0,0,0,0,1.65501,1.65501
130_bNAb_Combinations|1342372|cc|4|1|nan|2944,0,0.00355453,4,1,0,0,0,0,0,2.0813,2.0813
130_bNAb_Combinations|1342372|cc|5|1|nan|2944,0,0.00321192,5,1,0,0,0,0,0,1.88069,1.88069
130_bNAb_Combinations|1342372|cc|6|1|nan|2944,0,0.0020128,6,1,0,0,0,0,0,1.17857,1.17857
130_bNAb_Combinations|1342372|cc|7|1|nan|2944,0,0.00111347,7,1,0,0,0,0,0,0.651974,0.651974
130_bNAb_Combinations|1342372|cc|8|1|nan|2944,0,0.000642385,8,1,0,0,0,0,0,0.376139,0.376139
130_bNAb_Combinations|1342372|sample|3|nan|2944,0.0010624,0.787264,1,3,1,0.845151,0.845151,0.810766,0.811295,-0.112433,-0.114892
130_bNAb_Combinations|1342372|sample|3|nan|2944,0.005312,0.896555,2,3,1,0.845151,0.845151,0.747117,0.745639,0.77527,0.784478
130_bNAb_Combinations|1342372|sample|3|nan|2944,0.02656,0.630907,3,3,1,0.845151,0.845151,0.583227,0.577468,0.316086,0.357751
130_bNAb_Combinations|1342372|sample|3|nan|2944,0.1328,0.303313,4,3,1,0.845151,0.845151,0.281722,0.272631,0.292758,0.429579
130_bNAb_Combinations|1342372|sample|3|nan|2944,0.664,0.0365731,5,3,1,0.845151,0.845151,0.0394405,0.0362794,-0.243141,0.0267331
130_bNAb_Combinations|1342372|sample|3|nan|2944,3.32,0.00179868,6,3,1,0.845151,0.845151,0.00080312,0.00126124,0.52036,0.264703
130_bNAb_Combinations|1342372|sample|3|nan|2944,16.6,0.000942164,7,3,1,0.845151,0.845151,0.000358603,0.000914114,0.324283,0.014447
130_bNAb_Combinations|1342372|sample|3|nan|2944,83,0.0014989,8,3,1,0.845151,0.845151,0.000358405,0.000913993,0.633787,0.301255
130_bNAb_Combinations|1342372|sample|4|nan|2944,0.0010624,0.711912,1,4,1,0.845151,0.845151,0.80946,0.808037,-0.467413,-0.4614
130_bNAb_Combinations|1342372|sample|4|nan|2944,0.005312,0.776814,2,4,1,0.845151,0.845151,0.743441,0.736507,0.173988,0.212094
130_bNAb_Combinations|1342372|sample|4|nan|2944,0.02656,0.656731,3,4,1,0.845151,0.845151,0.574581,0.556286,0.552693,0.697738
130_bNAb_Combinations|1342372|sample|4|nan|2944,0.1328,0.279309,4,4,1,0.845151,0.845151,0.269708,0.244279,0.135844,0.545871
130_bNAb_Combinations|1342372|sample|4|nan|2944,0.664,0.0268517,5,4,1,0.845151,0.845151,0.0355859,0.0276328,-0.808154,-0.0890328
130_bNAb_Combinations|1342372|sample|4|nan|2944,3.32,0.00239824,6,4,1,0.845151,0.845151,0.00157547,0.00204909,0.389806,0.15644
130_bNAb_Combinations|1342372|sample|4|nan|2944,16.6,0.00145607,7,4,1,0.845151,0.845151,0.00125158,0.00188972,0.100839,-0.197918
130_bNAb_Combinations|1342372|sample|4|nan|2944,83,0.0033404,8,4,1,0.845151,0.845151,0.00125148,0.0018897,1.03011,0.662101
130_bNAb_Combinations|1342372|vc|1|2|nan|2944,0,0.866191,1,2,1,0.845151,0.845151,0.843521,0.845151,0.104274,0.0965923
130_bNAb_Combinations|1342372|vc|2|2|nan|2944,0,0.961949,2,2,1,0.845151,0.845151,0.843521,0.845151,0.544729,0.536204
130_bNAb_Combinations|1342372|vc|3|2|nan|2944,0,0.934862,3,2,1,0.845151,0.845151,0.843521,0.845151,0.420137,0.41185
130_bNAb_Combinations|1342372|vc|4|2|nan|2944,0,1,4,2,1,0.845151,0.845151,0.843521,0.845151,0.719748,0.710888
130_bNAb_Combinations|1342372|vc|5|2|nan|2944,0,0.921672,5,2,1,0.845151,0.845151,0.843521,0.845151,0.359466,0.351296
130_bNAb_Combinations|1342372|vc|6|2|nan|2944,0,0.914177,6,2,1,0.845151,0.845151,0.843521,0.845151,0.324994,0.316889
130_bNAb_Combinations|1342372|vc|7|2|nan|2944,0,0.942057,7,2,1,0.845151,0.845151,0.843521,0.845151,0.45323,0.44488
130_bNAb_Combinations|1342372|vc|8|2|nan|2944,0,0.751547,8,2,1,0.845151,0.845151,0.843521,0.845151,-0.423049,-0.429722
130_bNAb_Combinations|1342384|cc|1|1|nan|2946,0,0.000377127,1,1,0,0,0,0,0,0.220821,0.220821
130_bNAb_Combinations|1342384|cc|2|1|nan|2946,0,0.0014378,2,1,0,0,0,0,0,0.841881,0.841881
130_bNAb_Combinations|1342384|cc|3|1|nan|2946,0,0.00120209,3,1,0,0,0,0,0,0.703868,0.703868
130_bNAb_Combinations|1342384|cc|4|1|nan|2946,0,0.0012728,4,1,0,0,0,0,0,0.745272,0.745272
130_bNAb_Combinations|1342384|cc|5|1|nan|2946,0,0.000966389,5,1,0,0,0,0,0,0.565855,0.565855
130_bNAb_Combinations|1342384|cc|6|1|nan|2946,0,0.00162636,6,1,0,0,0,0,0,0.952292,0.952292
130_bNAb_Combinations|1342384|cc|7|1|nan|2946,0,0.000848536,7,1,0,0,0,0,0,0.496848,0.496848
130_bNAb_Combinations|1342384|cc|8|1|nan|2946,0,0.00219205,8,1,0,0,0,0,0,1.28352,1.28352
130_bNAb_Combinations|1342384|sample|3|nan|2946,0.0010624,0.852284,1,3,1,0.845151,0.845151,0.839253,0.840854,0.0602393,0.0527388
130_bNAb_Combinations|1342384|sample|3|nan|2946,0.005312,0.967355,2,3,1,0.845151,0.845151,0.828344,0.829871,0.651023,0.642695
130_bNAb_Combinations|1342384|sample|3|nan|2946,0.02656,0.934439,3,3,1,0.845151,0.845151,0.790518,0.791796,0.705997,0.698609
130_bNAb_Combinations|1342384|sample|3|nan|2946,0.1328,0.7873,4,3,1,0.845151,0.845151,0.669666,0.670211,0.680158,0.676464
130_bNAb_Combinations|1342384|sample|3|nan|2946,0.664,0.423797,5,3,1,0.845151,0.845151,0.376465,0.375746,0.483096,0.491355
130_bNAb_Combinations|1342384|sample|3|nan|2946,3.32,0.0580305,6,3,1,0.845151,0.845151,0.0588304,0.0583079,-0.0477508,-0.0166933
130_bNAb_Combinations|1342384|sample|3|nan|2946,16.6,0.00157922,7,3,1,0.845151,0.845151,0.00107972,0.00122271,0.251772,0.176444
130_bNAb_Combinations|1342384|sample|3|nan|2946,83,0.00113138,8,3,1,0.845151,0.845151,0.000690002,0.000847164,0.234243,0.147686
130_bNAb_Combinations|1342384|sample|4|nan|2946,0.0010624,0.86071,1,4,1,0.845151,0.845151,0.839492,0.840996,0.0980638,0.0909515
130_bNAb_Combinations|1342384|sample|4|nan|2946,0.005312,0.945269,2,4,1,0.845151,0.845151,0.829187,0.830371,0.543097,0.536794
130_bNAb_Combinations|1342384|sample|4|nan|2946,0.02656,0.912624,3,4,1,0.845151,0.845151,0.793395,0.793501,0.582771,0.582175
130_bNAb_Combinations|1342384|sample|4|nan|2946,0.1328,0.777,4,4,1,0.845151,0.845151,0.678366,0.675355,0.563057,0.582811
130_bNAb_Combinations|1342384|sample|4|nan|2946,0.664,0.449052,5,4,1,0.845151,0.845151,0.393764,0.385882,0.539929,0.629289
130_bNAb_Combinations|1342384|sample|4|nan|2946,3.32,0.0637345,6,4,1,0.845151,0.845151,0.067865,0.0634618,-0.21669,0.0152021
130_bNAb_Combinations|1342384|sample|4|nan|2946,16.6,0.000824966,7,4,1,0.845151,0.845151,0.000795802,0.00109383,0.0152585,-0.135276
130_bNAb_Combinations|1342384|sample|4|nan|2946,83,0.00122566,8,4,1,0.845151,0.845151,0.000193822,0.000608194,0.58714,0.331374
130_bNAb_Combinations|1342384|vc|1|2|nan|2946,0,0.93029,1,2,1,0.845151,0.845151,0.843521,0.845151,0.399108,0.390862
130_bNAb_Combinations|1342384|vc|2|2|nan|2946,0,0.910809,2,2,1,0.845151,0.845151,0.843521,0.845151,0.309502,0.301427
130_bNAb_Combinations|1342384|vc|3|2|nan|2946,0,1,3,2,1,0.845151,0.845151,0.843521,0.845151,0.719748,0.710888
130_bNAb_Combinations|1342384|vc|4|2|nan|2946,0,0.996582,4,2,1,0.845151,0.845151,0.843521,0.845151,0.704028,0.695198
130_bNAb_Combinations|1342384|vc|5|2|nan|2946,0,0.999953,5,2,1,0.845151,0.845151,0.843521,0.845151,0.719531,0.710672
130_bNAb_Combinations|1342384|vc|6|2|nan|2946,0,0.889549,6,2,1,0.845151,0.845151,0.843521,0.845151,0.211711,0.203823
130_bNAb_Combinations|1342384|vc|7|2|nan|2946,0,0.878541,7,2,1,0.845151,0.845151,0.843521,0.845151,0.161081,0.15329
130_bNAb_Combinations|1342384|vc|8|2|nan|2946,0,0.78624,8,2,1,0.845151,0.845151,0.843521,0.845151,-0.263476,-0.270454
130_bNAb_Combinations|1342396|cc|1|1|PVO.4|5024,0,0.000406233,1,1,0,0,0,0,0,0.237864,0.237864
130_bNAb_Combinations|1342396|cc|2|1|PVO.4|5024,0,0.00130897,2,1,0,0,0,0,0,0.766451,0.766451
130_bNAb_Combinations|1342396|cc|3|1|PVO.4|5024,0,0.00155723,3,1,0,0,0,0,0,0.911812,0.911812
130_bNAb_Combinations|1342396|cc|4|1|PVO.4|5024,0,0.000835035,4,1,0,0,0,0,0,0.488943,0.488943
130_bNAb_Combinations|1342396|cc|5|1|PVO.4|5024,0,0.000654487,5,1,0,0,0,0,0,0.383225,0.383225
130_bNAb_Combinations|1342396|cc|6|1|PVO.4|5024,0,0.000631919,6,1,0,0,0,0,0,0.370011,0.370011
130_bNAb_Combinations|1342396|cc|7|1|PVO.4|5024,0,0.000880172,7,1,0,0,0,0,0,0.515372,0.515372
130_bNAb_Combinations|1342396|cc|8|1|PVO.4|5024,0,0.00139925,8,1,0,0,0,0,0,0.81931,0.81931
130_bNAb_Combinations|1342396|sample|3|PVO.4|5024,0.0010624,0.997833,1,3,1,0.845151,0.845151,0.830605,0.832192,0.781059,0.772185
130_bNAb_Combinations|1342396|sample|3|PVO.4|5024,0.005312,0.936549,2,3,1,0.845151,0.845151,0.796134,0.797607,0.68398,0.675566
130_bNAb_Combinations|1342396|sample|3|PVO.4|5024,0.02656,0.845349,3,3,1,0.845151,0.845151,0.679931,0.68104,0.942148,0.934322
130_bNAb_Combinations|1342396|sample|3|PVO.4|5024,0.1328,0.395513,4,3,1,0.845151,0.845151,0.382843,0.383196,0.127205,0.123544
130_bNAb_Combinations|1342396|sample|3|PVO.4|5024,0.664,0.0558345,5,3,1,0.845151,0.845151,0.0551366,0.0552144,0.0441551,0.0391822
130_bNAb_Combinations|1342396|sample|3|PVO.4|5024,3.32,0.00187319,6,3,1,0.845151,0.845151,0.000482147,0.000724142,0.759662,0.606993
130_bNAb_Combinations|1342396|sample|3|PVO.4|5024,16.6,0.000383665,7,3,1,0.845151,0.845151,0.000220815,0.000465988,0.0923029,-0.0450595
130_bNAb_Combinations|1342396|sample|3|PVO.4|5024,83,4.5137e-05,8,3,1,0.845151,0.845151,0.000220806,0.00046598,-0.0995683,-0.230347
130_bNAb_Combinations|1342396|sample|4|PVO.4|5024,0.0010624,1,1,4,1,0.845151,0.845151,0.832529,0.833348,0.7804,0.775823
130_bNAb_Combinations|1342396|sample|4|PVO.4|5024,0.005312,0.917851,2,4,1,0.845151,0.845151,0.803065,0.801769,0.554351,0.561511
130_bNAb_Combinations|1342396|sample|4|PVO.4|5024,0.02656,0.813708,3,4,1,0.845151,0.845151,0.702268,0.694383,0.614716,0.665613
130_bNAb_Combinations|1342396|sample|4|PVO.4|5024,0.1328,0.442377,4,4,1,0.845151,0.845151,0.430987,0.411408,0.101769,0.289674
130_bNAb_Combinations|1342396|sample|4|PVO.4|5024,0.664,0.0734831,5,4,1,0.845151,0.845151,0.0830075,0.0704158,-0.415296,0.155588
130_bNAb_Combinations|1342396|sample|4|PVO.4|5024,3.32,0.000744761,6,4,1,0.845151,0.845151,0.00121475,0.000910625,-0.232843,-0.0854659
130_bNAb_Combinations|1342396|sample|4|PVO.4|5024,16.6,0,7,4,1,0.845151,0.845151,0.000338355,0.000375848,-0.188566,-0.208347
130_bNAb_Combinations|1342396|sample|4|PVO.4|5024,83,0.00128641,8,4,1,0.845151,0.845151,0.000338214,0.000375802,0.528439,0.504787
130_bNAb_Combinations|1342396|vc|1|2|PVO.4|5024,0,0.943804,1,2,1,0.845151,0.845151,0.843521,0.845151,0.461268,0.452903
130_bNAb_Combinations|1342396|vc|2|2|PVO.4|5024,0,0.908609,2,2,1,0.845151,0.845151,0.843521,0.845151,0.29938,0.291325
130_bNAb_Combinations|1342396|vc|3|2|PVO.4|5024,0,0.910922,3,2,1,0.845151,0.845151,0.843521,0.845151,0.310021,0.301945
130_bNAb_Combinations|1342396|vc|4|2|PVO.4|5024,0,0.912705,4,2,1,0.845151,0.845151,0.843521,0.845151,0.318221,0.31013
130_bNAb_Combinations|1342396|vc|5|2|PVO.4|5024,0,0.907345,5,2,1,0.845151,0.845151,0.843521,0.845151,0.293567,0.285523
130_bNAb_Combinations|1342396|vc|6|2|PVO.4|5024,0,0.878886,6,2,1,0.845151,0.845151,0.843521,0.845151,0.162666,0.154872
130_bNAb_Combinations|1342396|vc|7|2|PVO.4|5024,0,0.860549,7,2,1,0.845151,0.845151,0.843521,0.845151,0.0783225,0.07069
130_bNAb_Combinations|1342396|vc|8|2|PVO.4|5024,0,0.761022,8,2,1,0.845151,0.845151,0.843521,0.845151,-0.379468,-0.386225
130_bNAb_Combinations|1342408|cc|1|1|nan|4168,0,0.0014393,1,1,0,0,0,0,0,0.842762,0.842762
130_bNAb_Combinations|1342408|cc|2|1|nan|4168,0,0.0014393,2,1,0,0,0,0,0,0.842762,0.842762
130_bNAb_Combinations|1342408|cc|3|1|nan|4168,0,0.000729786,3,1,0,0,0,0,0,0.427316,0.427316
130_bNAb_Combinations|1342408|cc|4|1|nan|4168,0,0.00152039,4,1,0,0,0,0,0,0.890241,0.890241
130_bNAb_Combinations|1342408|cc|5|1|nan|4168,0,0.000973049,5,1,0,0,0,0,0,0.569754,0.569754
130_bNAb_Combinations|1342408|cc|6|1|nan|4168,0,0.00105414,6,1,0,0,0,0,0,0.617234,0.617234
130_bNAb_Combinations|1342408|cc|7|1|nan|4168,0,0.00154066,7,1,0,0,0,0,0,0.902111,0.902111
130_bNAb_Combinations|1342408|cc|8|1|nan|4168,0,0.00145957,8,1,0,0,0,0,0,0.854632,0.854632
130_bNAb_Combinations|1342408|sample|3|nan|4168,0.0010624,0.884744,1,3,1,0.845151,0.907872,0.844351,0.847669,0.185615,0.169708
130_bNAb_Combinations|1342408|sample|3|nan|4168,0.005312,0.890796,2,3,1,0.845151,0.907872,0.776565,0.776248,0.570337,0.572154
130_bNAb_Combinations|1342408|sample|3|nan|4168,0.02656,0.776077,3,3,1,0.845151,0.907872,0.642661,0.636162,0.803491,0.851152
130_bNAb_Combinations|1342408|sample|3|nan|4168,0.1328,0.462381,4,3,1,0.845151,0.907872,0.421959,0.408833,0.368786,0.503966
130_bNAb_Combinations|1342408|sample|3|nan|4168,0.664,0.16701,5,3,1,0.845151,0.907872,0.171711,0.159277,-0.103064,0.182216
130_bNAb_Combinations|1342408|sample|3|nan|4168,3.32,0.0252587,6,3,1,0.845151,0.907872,0.0305491,0.0269446,-0.555735,-0.196085
130_bNAb_Combinations|1342408|sample|3|nan|4168,16.6,0.00823037,7,3,1,0.845151,0.907872,0.00480061,0.00528141,1.16841,0.964228
130_bNAb_Combinations|1342408|sample|3|nan|4168,83,0.0027367,8,3,1,0.845151,0.907872,0.00382325,0.00459376,-0.4046,-0.644247
130_bNAb_Combinations|1342408|sample|4|nan|4168,0.0010624,0.931106,1,4,1,0.845151,0.907872,0.8505,0.851923,0.367739,0.360651
130_bNAb_Combinations|1342408|sample|4|nan|4168,0.005312,0.912324,2,4,1,0.845151,0.907872,0.789523,0.785158,0.60315,0.628031
130_bNAb_Combinations|1342408|sample|4|nan|4168,0.02656,0.764897,3,4,1,0.845151,0.907872,0.667205,0.65281,0.566917,0.664654
130_bNAb_Combinations|1342408|sample|4|nan|4168,0.1328,0.50485,4,4,1,0.845151,0.907872,0.458694,0.43299,0.387859,0.639153
130_bNAb_Combinations|1342408|sample|4|nan|4168,0.664,0.189005,5,4,1,0.845151,0.907872,0.205051,0.17973,-0.296375,0.194577
130_bNAb_Combinations|1342408|sample|4|nan|4168,3.32,0.0320092,6,4,1,0.845151,0.907872,0.0412801,0.0324257,-0.755959,-0.0416469
130_bNAb_Combinations|1342408|sample|4|nan|4168,16.6,0.00490579,7,4,1,0.845151,0.907872,0.00343253,0.00407748,0.569798,0.301146
130_bNAb_Combinations|1342408|sample|4|nan|4168,83,0.00336513,8,4,1,0.845151,0.907872,0.00131361,0.00290208,1.0038,0.189001
130_bNAb_Combinations|1342408|vc|1|2|nan|4168,0,0.949635,1,2,1,0.845151,0.907872,0.901266,0.907872,0.20833,0.178578
130_bNAb_Combinations|1342408|vc|2|2|nan|4168,0,0.965274,2,2,1,0.845151,0.907872,0.901266,0.907872,0.275692,0.245453
130_bNAb_Combinations|1342408|vc|3|2|nan|4168,0,1,3,2,1,0.845151,0.907872,0.901266,0.907872,0.425259,0.39394
130_bNAb_Combinations|1342408|vc|4|2|nan|4168,0,0.969906,4,2,1,0.845151,0.907872,0.901266,0.907872,0.295643,0.26526
130_bNAb_Combinations|1342408|vc|5|2|nan|4168,0,0.940482,5,2,1,0.845151,0.907872,0.901266,0.907872,0.168908,0.139441
130_bNAb_Combinations|1342408|vc|6|2|nan|4168,0,0.930052,6,2,1,0.845151,0.907872,0.901266,0.907872,0.123985,0.0948423
130_bNAb_Combinations|1342408|vc|7|2|nan|4168,0,0.924538,7,2,1,0.845151,0.907872,0.901266,0.907872,0.100236,0.0712647
130_bNAb_Combinations|1342408|vc|8|2|nan|4168,0,0.903212,8,2,1,0.845151,0.907872,0.901266,0.907872,0.00838238,-0.0199253
704_VRC01_Concordance|1200432|cc|1|1|PVO.4|5024,0,0.00146144,1,1,0,0,0,0,0,0.855726,0.855726
704_VRC01_Concordance|1200432|cc|2|1|PVO.4|5024,0,0.00217593,2,1,0,0,0,0,0,1.27408,1.27408
704_VRC01_Concordance|1200432|cc|3|1|PVO.4|5024,0,0.0011042,3,1,0,0,0,0,0,0.646549,0.646549
704_VRC01_Concordance|1200432|cc|4|1|PVO.4|5024,0,0.00198107,4,1,0,0,0,0,0,1.15998,1.15998
704_VRC01_Concordance|1200432|cc|5|1|PVO.4|5024,0,0.00298784,5,1,0,0,0,0,0,1.74948,1.74948
704_VRC01_Concordance|1200432|cc|6|1|PVO.4|5024,0,0.00175373,6,1,0,0,0,0,0,1.02687,1.02687
704_VRC01_Concordance|1200432|cc|7|1|PVO.4|5024,0,0.00233831,7,1,0,0,0,0,0,1.36916,1.36916
704_VRC01_Concordance|1200432|cc|8|1|PVO.4|5024,0,0.00334508,8,1,0,0,0,0,0,1.95866,1.95866
704_VRC01_Concordance|1200432|sample|10|PVO.4|5024,0.002286236854138,0.850689,1,10,1,0.845151,0.845151,0.836331,0.837661,0.0666066,0.0603434
704_VRC01_Concordance|1200432|sample|10|PVO.4|5024,0.0068587105624142,0.988097,2,10,1,0.845151,0.845151,0.82658,0.827507,0.758026,0.752839
704_VRC01_Concordance|1200432|sample|10|PVO.4|5024,0.0205761316872428,0.866635,3,10,1,0.845151,0.845151,0.803957,0.803969,0.302371,0.302309
704_VRC01_Concordance|1200432|sample|10|PVO.4|5024,0.0617283950617284,0.879642,4,10,1,0.845151,0.845151,0.752996,0.751051,0.651947,0.663654
704_VRC01_Concordance|1200432|sample|10|PVO.4|5024,0.1851851851851852,0.740724,5,10,1,0.845151,0.845151,0.645846,0.640299,0.568612,0.607016
704_VRC01_Concordance|1200432|sample|10|PVO.4|5024,0.5555555555555556,0.485621,6,10,1,0.845151,0.845151,0.453181,0.443228,0.275868,0.368484
704_VRC01_Concordance|1200432|sample|10|PVO.4|5024,1.66666666666667,0.212201,7,10,1,0.845151,0.845151,0.205798,0.195852,0.117851,0.315679
704_VRC01_Concordance|1200432|sample|10|PVO.4|5024,5,0.0380949,8,10,1,0.845151,0.845151,0.0406406,0.0379486,-0.21038,0.0128224
704_VRC01_Concordance|1200432|sample|11|PVO.4|5024,0.0457247370827617,0.868454,1,11,1,0.845151,0.845151,0.760589,0.754331,0.549767,0.586447
704_VRC01_Concordance|1200432|sample|11|PVO.4|5024,0.1371742112482853,0.719452,2,11,1,0.845151,0.845151,0.660992,0.64658,0.342406,0.436232
704_VRC01_Concordance|1200432|sample|11|PVO.4|5024,0.411522633744856,0.42653,3,11,1,0.845151,0.845151,0.477217,0.452218,-0.409632,-0.218906
704_VRC01_Concordance|1200432|sample|11|PVO.4|5024,1.23456790123457,0.188591,4,11,1,0.845151,0.845151,0.228773,0.202173,-0.667378,-0.254321
704_VRC01_Concordance|1200432|sample|11|PVO.4|5024,3.7037037037037,0.036601,5,11,1,0.845151,0.845151,0.0482319,0.0377542,-0.828331,-0.10149
704_VRC01_Concordance|1200432|sample|11|PVO.4|5024,11.1111111111111,0.00789179,6,11,1,0.845151,0.845151,0.00344581,0.00376702,1.71727,1.54421
704_VRC01_Concordance|1200432|sample|11|PVO.4|5024,33.3333333333333,0.00133154,7,11,1,0.845151,0.845151,0.00119393,0.00251961,0.0683549,-0.505105
704_VRC01_Concordance|1200432|sample|11|PVO.4|5024,100,0.000389718,8,11,1,0.845151,0.845151,0.00117853,0.00251445,-0.392597,-0.903828
704_VRC01_Concordance|1200432|sample|12|PVO.4|5024,0.0457247370827617,0.755582,1,12,1,0.845151,0.845151,0.748399,0.74817,0.037203,0.0384
704_VRC01_Concordance|1200432|sample|12|PVO.4|5024,0.1371742112482853,0.635256,2,12,1,0.845151,0.845151,0.636289,0.634174,-0.00628164,0.00660776
704_VRC01_Concordance|1200432|sample|12|PVO.4|5024,0.411522633744856,0.416203,3,12,1,0.845151,0.845151,0.436542,0.432067,-0.179463,-0.141402
704_VRC01_Concordance|1200432|sample|12|PVO.4|5024,1.23456790123457,0.135362,4,12,1,0.845151,0.845151,0.186389,0.181669,-1.03356,-0.961456
704_VRC01_Concordance|1200432|sample|12|PVO.4|5024,3.7037037037037,0.0341003,5,12,1,0.845151,0.845151,0.0305313,0.0289825,0.375091,0.561219
704_VRC01_Concordance|1200432|sample|12|PVO.4|5024,11.1111111111111,0.00308527,6,12,1,0.845151,0.845151,0.00132589,0.00147059,0.859536,0.77484
704_VRC01_Concordance|1200432|sample|12|PVO.4|5024,33.3333333333333,0.000292288,7,12,1,0.845151,0.845151,0.00042203,0.000675332,-0.0714533,-0.203689
704_VRC01_Concordance|1200432|sample|12|PVO.4|5024,100,0.000292288,8,12,1,0.845151,0.845151,0.000419187,0.00067309,-0.0699154,-0.202559
704_VRC01_Concordance|1200432|sample|3|PVO.4|5024,0.0457247370827617,0.931426,1,3,1,0.845151,0.845151,0.735237,0.734418,1.03411,1.03957
704_VRC01_Concordance|1200432|sample|3|PVO.4|5024,0.1371742112482853,0.65242,2,3,1,0.845151,0.845151,0.610279,0.607092,0.267114,0.288806
704_VRC01_Concordance|1200432|sample|3|PVO.4|5024,0.411522633744856,0.404284,3,3,1,0.845151,0.845151,0.396173,0.390374,0.0787348,0.137003
704_VRC01_Concordance|1200432|sample|3|PVO.4|5024,1.23456790123457,0.116071,4,3,1,0.845151,0.845151,0.149851,0.144603,-0.843927,-0.737541
704_VRC01_Concordance|1200432|sample|3|PVO.4|5024,3.7037037037037,0.0223763,5,3,1,0.845151,0.845151,0.0202326,0.0188989,0.311516,0.531666
704_VRC01_Concordance|1200432|sample|3|PVO.4|5024,11.1111111111111,0.00337756,6,3,1,0.845151,0.845151,0.00236421,0.00244203,0.438224,0.401119
704_VRC01_Concordance|1200432|sample|3|PVO.4|5024,33.3333333333333,0.00295536,7,3,1,0.845151,0.845151,0.00204149,0.00217076,0.409829,0.346718
704_VRC01_Concordance|1200432|sample|3|PVO.4|5024,100,0.00168878,8,3,1,0.845151,0.845151,0.00204107,0.00217045,-0.157994,-0.212862
704_VRC01_Concordance|1200432|sample|4|PVO.4|5024,0.0457247370827617,0.855821,1,4,1,0.845151,0.845151,0.767648,0.76777,0.445303,0.444618
704_VRC01_Concordance|1200432|sample|4|PVO.4|5024,0.1371742112482853,0.721108,2,4,1,0.845151,0.845151,0.675532,0.674032,0.261257,0.27045
704_VRC01_Concordance|1200432|sample|4|PVO.4|5024,0.411522633744856,0.572009,3,4,1,0.845151,0.845151,0.502075,0.498255,0.537557,0.571206
704_VRC01_Concordance|1200432|sample|4|PVO.4|5024,1.23456790123457,0.23966,4,4,1,0.845151,0.845151,0.256888,0.252056,-0.255613,-0.187352
704_VRC01_Concordance|1200432|sample|4|PVO.4|5024,3.7037037037037,0.0572236,5,4,1,0.845151,0.845151,0.0618531,0.0598309,-0.264176,-0.153307
704_VRC01_Concordance|1200432|sample|4|PVO.4|5024,11.1111111111111,0.00779436,6,4,1,0.845151,0.845151,0.00475785,0.00544917,1.0383,0.756202
704_VRC01_Concordance|1200432|sample|4|PVO.4|5024,33.3333333333333,0.0027605,7,4,1,0.845151,0.845151,0.000945228,0.00202379,0.931126,0.331055
704_VRC01_Concordance|1200432|sample|4|PVO.4|5024,100,0.00116915,8,4,1,0.845151,0.845151,0.000904327,0.00199028,0.136573,-0.370416
704_VRC01_Concordance|1200432|sample|5|PVO.4|5024,0.002286236854138,0.883215,1,5,1,0.845151,0.845151,0.836157,0.837392,0.218339,0.212296
704_VRC01_Concordance|1200432|sample|5|PVO.4|5024,0.0068587105624142,0.89653,2,5,1,0.845151,0.845151,0.826173,0.82688,0.330358,0.326763
704_VRC01_Concordance|1200432|sample|5|PVO.4|5024,0.0205761316872428,0.878603,3,5,1,0.845151,0.845151,0.80302,0.802526,0.365047,0.367655
704_VRC01_Concordance|1200432|sample|5|PVO.4|5024,0.0617283950617284,0.790088,4,5,1,0.845151,0.845151,0.750927,0.747871,0.202143,0.218798
704_VRC01_Concordance|1200432|sample|5|PVO.4|5024,0.1851851851851852,0.721465,5,5,1,0.845151,0.845151,0.6417,0.633946,0.481095,0.534251
704_VRC01_Concordance|1200432|sample|5|PVO.4|5024,0.5555555555555556,0.483543,6,5,1,0.845151,0.845151,0.446531,0.433092,0.319362,0.448625
704_VRC01_Concordance|1200432|sample|5|PVO.4|5024,1.66666666666667,0.199503,7,5,1,0.845151,0.845151,0.199319,0.185946,0.00349711,0.275244
704_VRC01_Concordance|1200432|sample|5|PVO.4|5024,5,0.0347498,8,5,1,0.845151,0.845151,0.0386698,0.0342874,-0.338039,0.0441487
704_VRC01_Concordance|1200432|sample|6|PVO.4|5024,0.002286236854138,0.994382,1,6,1,0.845151,0.845151,0.836737,0.837513,0.730941,0.726677
704_VRC01_Concordance|1200432|sample|6|PVO.4|5024,0.0068587105624142,0.986474,2,6,1,0.845151,0.845151,0.827533,0.827163,0.745084,0.747149
704_VRC01_Concordance|1200432|sample|6|PVO.4|5024,0.0205761316872428,0.991621,3,6,1,0.845151,0.845151,0.806153,0.803186,0.892306,0.909902
704_VRC01_Concordance|1200432|sample|6|PVO.4|5024,0.0617283950617284,0.869396,4,6,1,0.845151,0.845151,0.757876,0.749375,0.570414,0.620798
704_VRC01_Concordance|1200432|sample|6|PVO.4|5024,0.1851851851851852,0.779355,5,6,1,0.845151,0.845151,0.655782,0.637195,0.729472,0.86342
704_VRC01_Concordance|1200432|sample|6|PVO.4|5024,0.5555555555555556,0.468051,6,6,1,0.845151,0.845151,0.469784,0.439367,-0.0142182,0.251486
704_VRC01_Concordance|1200432|sample|6|PVO.4|5024,1.66666666666667,0.186123,7,6,1,0.845151,0.845151,0.224065,0.195807,-0.64304,-0.187033
704_VRC01_Concordance|1200432|sample|6|PVO.4|5024,5,0.0497215,8,6,1,0.845151,0.845151,0.0504643,0.046185,-0.0508356,0.261616
704_VRC01_Concordance|1200432|sample|7|PVO.4|5024,0.0457247370827617,0.822711,1,7,1,0.845151,0.845151,0.747351,0.747352,0.39084,0.390833
704_VRC01_Concordance|1200432|sample|7|PVO.4|5024,0.1371742112482853,0.758505,2,7,1,0.845151,0.845151,0.634214,0.632565,0.758403,0.770443
704_VRC01_Concordance|1200432|sample|7|PVO.4|5024,0.411522633744856,0.445919,3,7,1,0.845151,0.845151,0.43332,0.429619,0.111971,0.146099
704_VRC01_Concordance|1200432|sample|7|PVO.4|5024,1.23456790123457,0.173424,4,7,1,0.845151,0.845151,0.183587,0.179686,-0.208868,-0.131396
704_VRC01_Concordance|1200432|sample|7|PVO.4|5024,3.7037037037037,0.0308202,5,7,1,0.845151,0.845151,0.0302786,0.0291033,0.0573071,0.187639
704_VRC01_Concordance|1200432|sample|7|PVO.4|5024,11.1111111111111,0.00402709,6,7,1,0.845151,0.845151,0.00231476,0.00255634,0.744569,0.622794
704_VRC01_Concordance|1200432|sample|7|PVO.4|5024,33.3333333333333,0.00243574,7,7,1,0.845151,0.845151,0.00148902,0.00181767,0.45328,0.284475
704_VRC01_Concordance|1200432|sample|7|PVO.4|5024,100,0.00113668,8,7,1,0.845151,0.845151,0.00148661,0.00181572,-0.167593,-0.312613
704_VRC01_Concordance|1200432|sample|8|PVO.4|5024,0.0457247370827617,0.796746,1,8,1,0.845151,0.845151,0.754007,0.753727,0.219714,0.221236
704_VRC01_Concordance|1200432|sample|8|PVO.4|5024,0.1371742112482853,0.73569,2,8,1,0.845151,0.845151,0.647586,0.645336,0.52661,0.54192
704_VRC01_Concordance|1200432|sample|8|PVO.4|5024,0.411522633744856,0.466265,3,8,1,0.845151,0.845151,0.454879,0.450073,0.0964734,0.138636
704_VRC01_Concordance|1200432|sample|8|PVO.4|5024,1.23456790123457,0.184954,4,8,1,0.845151,0.845151,0.204864,0.199582,-0.368075,-0.277351
704_VRC01_Concordance|1200432|sample|8|PVO.4|5024,3.7037037037037,0.0379325,5,8,1,0.845151,0.845151,0.0376558,0.035807,0.0244149,0.195649
704_VRC01_Concordance|1200432|sample|8|PVO.4|5024,11.1111111111111,0.00399461,6,8,1,0.845151,0.845151,0.00200814,0.00230311,0.894265,0.736469
704_VRC01_Concordance|1200432|sample|8|PVO.4|5024,33.3333333333333,0.00168878,7,8,1,0.845151,0.845151,0.00062792,0.0010954,0.567788,0.298486
704_VRC01_Concordance|1200432|sample|8|PVO.4|5024,100,0,8,8,1,0.845151,0.845151,0.0006217,0.00109055,-0.333027,-0.548924
704_VRC01_Concordance|1200432|sample|9|PVO.4|5024,0.002286236854138,0.844113,1,9,1,0.845151,0.845151,0.835508,0.836873,0.0399558,0.0335635
704_VRC01_Concordance|1200432|sample|9|PVO.4|5024,0.0068587105624142,0.938782,2,9,1,0.845151,0.845151,0.824655,0.825665,0.536857,0.531458
704_VRC01_Concordance|1200432|sample|9|PVO.4|5024,0.0205761316872428,0.856568,3,9,1,0.845151,0.845151,0.799534,0.799744,0.276647,0.275556
704_VRC01_Concordance|1200432|sample|9|PVO.4|5024,0.0617283950617284,0.895653,4,9,1,0.845151,0.845151,0.74327,0.741793,0.794604,0.803891
704_VRC01_Concordance|1200432|sample|9|PVO.4|5024,0.1851851851851852,0.785119,5,9,1,0.845151,0.845151,0.626531,0.622059,0.979423,1.0142
704_VRC01_Concordance|1200432|sample|9|PVO.4|5024,0.5555555555555556,0.449345,6,9,1,0.845151,0.845151,0.422865,0.415162,0.241077,0.316891
704_VRC01_Concordance|1200432|sample|9|PVO.4|5024,1.66666666666667,0.160499,7,9,1,0.845151,0.845151,0.17787,0.171364,-0.368103,-0.238652
704_VRC01_Concordance|1200432|sample|9|PVO.4|5024,5,0.0365685,8,9,1,0.845151,0.845151,0.0341009,0.0339908,0.236636,0.247869
704_VRC01_Concordance|1200432|vc|1|2|PVO.4|5024,0,0.927366,1,2,1,0.845151,0.845151,0.843521,0.845151,0.385658,0.377438
704_VRC01_Concordance|1200432|vc|2|2|PVO.4|5024,0,0.913369,2,2,1,0.845151,0.845151,0.843521,0.845151,0.321275,0.313178
704_VRC01_Concordance|1200432|vc|3|2|PVO.4|5024,0,1,3,2,1,0.845151,0.845151,0.843521,0.845151,0.719748,0.710888
704_VRC01_Concordance|1200432|vc|4|2|PVO.4|5024,0,0.936054,4,2,1,0.845151,0.845151,0.843521,0.845151,0.425618,0.417321
704_VRC01_Concordance|1200432|vc|5|2|PVO.4|5024,0,0.990712,5,2,1,0.845151,0.845151,0.843521,0.845151,0.677025,0.668247
704_VRC01_Concordance|1200432|vc|6|2|PVO.4|5024,0,0.919832,6,2,1,0.845151,0.845151,0.843521,0.845151,0.351002,0.342848
704_VRC01_Concordance|1200432|vc|7|2|PVO.4|5024,0,0.864589,7,2,1,0.845151,0.845151,0.843521,0.845151,0.0969056,0.0892375
704_VRC01_Concordance|1200432|vc|8|2|PVO.4|5024,0,0.869461,8,2,1,0.845151,0.845151,0.843521,0.845151,0.119313,0.111602
