id,time,rlu_norm,plate_row,plate_col,virus_cc,popPred_medianCOV,popPred,indivPred_SAEM,indivPred_mode,indWRes_SAEM,indWRes_mode
130_bNAb_Combinations|1313842|cc|1|1|nan|2946,0,0.00107969,1,1,0,0,0,0,0,0.603052,0.603052
130_bNAb_Combinations|1313842|cc|2|1|nan|2946,0,0.000918885,2,1,0,0,0,0,0,0.513236,0.513236
130_bNAb_Combinations|1313842|cc|3|1|nan|2946,0,0.00110266,3,1,0,0,0,0,0,0.615883,0.615883
130_bNAb_Combinations|1313842|cc|4|1|nan|2946,0,0.00133238,4,1,0,0,0,0,0,0.744192,0.744192
130_bNAb_Combinations|1313842|cc|5|1|nan|2946,0,0.00153913,5,1,0,0,0,0,0,0.85967,0.85967
130_bNAb_Combinations|1313842|cc|6|1|nan|2946,0,0.00149319,6,1,0,0,0,0,0,0.834008,0.834008
130_bNAb_Combinations|1313842|cc|7|1|nan|2946,0,0.00149319,7,1,0,0,0,0,0,0.834008,0.834008
130_bNAb_Combinations|1313842|cc|8|1|nan|2946,0,0.000826997,8,1,0,0,0,0,0,0.461912,0.461912
130_bNAb_Combinations|1313842|sample|10|nan|2946,0.0003648,0.782305,1,10,1,0.814376,0.814405,0.809074,0.807659,-0.285351,-0.270733
130_bNAb_Combinations|1313842|sample|10|nan|2946,0.001824,0.882187,2,10,1,0.930214,0.930235,0.911093,0.907387,-0.274215,-0.240017
130_bNAb_Combinations|1313842|sample|10|nan|2946,0.00912,0.889573,3,10,1,0.973763,0.973776,0.912924,0.904073,-0.22108,-0.138602
130_bNAb_Combinations|1313842|sample|10|nan|2946,0.0456,0.751223,4,10,1,0.973763,0.973776,0.79554,0.780606,-0.480289,-0.324415
130_bNAb_Combinations|1313842|sample|10|nan|2946,0.228,0.542866,5,10,1,0.973763,0.973776,0.519186,0.507433,0.389211,0.595486
130_bNAb_Combinations|1313842|sample|10|nan|2946,1.14,0.150628,6,10,1,0.973763,0.973776,0.146693,0.152003,0.213015,-0.072075
130_bNAb_Combinations|1313842|sample|10|nan|2946,5.7,0.0141738,7,10,1,0.930214,0.930235,0.0119802,0.013665,0.695718,0.152124
130_bNAb_Combinations|1313842|sample|10|nan|2946,28.5,0.000252693,8,10,1,0.814376,0.814405,0.00754679,0.00754983,-2.75383,-2.75461
130_bNAb_Combinations|1313842|sample|11|nan|2946,0.0003712,0.787795,1,11,1,0.814376,0.814405,0.81285,0.812771,-0.265865,-0.26505
130_bNAb_Combinations|1313842|sample|11|nan|2946,0.001856,0.899692,2,11,1,0.930214,0.930235,0.923289,0.923066,-0.220938,-0.21891
130_bNAb_Combinations|1313842|sample|11|nan|2946,0.00928,0.943259,3,11,1,0.930214,0.930235,0.904389,0.902963,0.371419,0.385647
130_bNAb_Combinations|1313842|sample|11|nan|2946,0.0464,0.770876,4,11,1,0.930214,0.930235,0.834627,0.830251,-0.659146,-0.617082
130_bNAb_Combinations|1313842|sample|11|nan|2946,0.2319999999999999,0.591682,5,11,1,0.930214,0.930235,0.616774,0.608632,-0.348793,-0.238685
130_bNAb_Combinations|1313842|sample|11|nan|2946,1.16,0.238543,6,11,1,0.930214,0.930235,0.220429,0.215909,0.67436,0.85908
130_bNAb_Combinations|1313842|sample|11|nan|2946,5.8,0.0150238,7,11,1,0.930214,0.930235,0.0163301,0.0163486,-0.358118,-0.362995
130_bNAb_Combinations|1313842|sample|11|nan|2946,29,0,8,11,1,0.814376,0.814405,0.00186581,0.00187364,-0.931703,-0.935196
130_bNAb_Combinations|1313842|sample|12|nan|2946,0.0003712,0.726907,1,12,1,0.814376,0.814405,0.811721,0.811349,-0.901207,-0.89765
130_bNAb_Combinations|1313842|sample|12|nan|2946,0.001856,0.725805,2,12,1,0.814376,0.814405,0.805004,0.803777,-0.848434,-0.836542
130_bNAb_Combinations|1313842|sample|12|nan|2946,0.00928,0.699823,3,12,1,0.814376,0.814405,0.781364,0.777954,-0.899428,-0.86551
130_bNAb_Combinations|1313842|sample|12|nan|2946,0.0464,0.628667,4,12,1,0.814376,0.814405,0.702852,0.695116,-0.90769,-0.821884
130_bNAb_Combinations|1313842|sample|12|nan|2946,0.2319999999999999,0.46638,5,12,1,0.814376,0.814405,0.48835,0.477622,-0.383189,-0.200343
130_bNAb_Combinations|1313842|sample|12|nan|2946,1.16,0.173084,6,12,1,0.814376,0.814405,0.157878,0.154613,0.770032,0.953275
130_bNAb_Combinations|1313842|sample|12|nan|2946,5.8,0.0100848,7,12,1,0.814376,0.814405,0.0114002,0.0118952,-0.426115,-0.57596
130_bNAb_Combinations|1313842|sample|12|nan|2946,29,0.00119455,8,12,1,0.814376,0.814405,0.00184437,0.00186489,-0.324885,-0.334753
130_bNAb_Combinations|1313842|sample|3|nan|2946,0.000064,0.866394,1,3,1,0.814376,0.814405,0.813916,0.813903,0.556134,0.556286
130_bNAb_Combinations|1313842|sample|3|nan|2946,0.00032,0.944316,2,3,1,0.930214,0.930235,0.928268,0.928318,0.149463,0.148994
130_bNAb_Combinations|1313842|sample|3|nan|2946,0.0016,0.961051,3,3,1,0.973763,0.973776,0.967771,0.967073,-0.0600783,-0.0538718
130_bNAb_Combinations|1313842|sample|3|nan|2946,0.008,0.986159,4,3,1,0.973763,0.973776,0.953965,0.951579,0.291906,0.314317
130_bNAb_Combinations|1313842|sample|3|nan|2946,0.04,0.882578,5,3,1,0.973763,0.973776,0.908597,0.902238,-0.247491,-0.188305
130_bNAb_Combinations|1313842|sample|3|nan|2946,0.2,0.77709,6,3,1,0.973763,0.973776,0.774733,0.761887,0.0262171,0.171897
130_bNAb_Combinations|1313842|sample|3|nan|2946,1,0.473111,7,3,1,0.930214,0.930235,0.465205,0.451545,0.144539,0.405784
130_bNAb_Combinations|1313842|sample|3|nan|2946,5,0.151731,8,3,1,0.814376,0.814405,0.157308,0.153043,-0.283361,-0.0683229
130_bNAb_Combinations|1313842|sample|4|nan|2946,0.000064,0.844789,1,4,1,0.814376,0.814405,0.813879,0.81367,0.327587,0.329882
130_bNAb_Combinations|1313842|sample|4|nan|2946,0.00032,0.96429,2,4,1,0.930214,0.930235,0.92812,0.927554,0.336932,0.342407
130_bNAb_Combinations|1313842|sample|4|nan|2946,0.0016,0.942363,3,4,1,0.973763,0.973776,0.967242,0.964837,-0.222529,-0.201515
130_bNAb_Combinations|1313842|sample|4|nan|2946,0.008,0.926512,4,4,1,0.990136,0.990142,0.968305,0.961483,-0.373412,-0.314643
130_bNAb_Combinations|1313842|sample|4|nan|2946,0.04,0.878374,5,4,1,0.990136,0.990142,0.918143,0.902532,-0.374413,-0.231313
130_bNAb_Combinations|1313842|sample|4|nan|2946,0.2,0.73798,6,4,1,0.973763,0.973776,0.758829,0.733387,-0.23666,0.0539071
130_bNAb_Combinations|1313842|sample|4|nan|2946,1,0.443512,7,4,1,0.930214,0.930235,0.438075,0.420764,0.105333,0.458198
130_bNAb_Combinations|1313842|sample|4|nan|2946,5,0.140934,8,4,1,0.814376,0.814405,0.141138,0.142207,-0.0114427,-0.0708478
130_bNAb_Combinations|1313842|sample|5|nan|2946,0.0006144,0.829983,1,5,1,0.814376,0.814405,0.81058,0.810435,0.20646,0.208038
130_bNAb_Combinations|1313842|sample|5|nan|2946,0.003072,0.89357,2,5,1,0.930214,0.930235,0.916041,0.915641,-0.212038,-0.208352
130_bNAb_Combinations|1313842|sample|5|nan|2946,0.01536,0.91946,3,5,1,0.973763,0.973776,0.927459,0.925426,-0.074572,-0.0557412
130_bNAb_Combinations|1313842|sample|5|nan|2946,0.0768,0.844513,4,5,1,0.990136,0.990142,0.848379,0.842509,-0.0393301,0.0205275
130_bNAb_Combinations|1313842|sample|5|nan|2946,0.384,0.634686,5,5,1,0.990136,0.990142,0.619649,0.608129,0.208071,0.374274
130_bNAb_Combinations|1313842|sample|5|nan|2946,1.92,0.273162,6,5,1,0.973763,0.973776,0.284289,0.273303,-0.326088,-0.00428946
130_bNAb_Combinations|1313842|sample|5|nan|2946,9.6,0.101927,7,5,1,0.930214,0.930235,0.101287,0.0982102,0.0481293,0.286809
130_bNAb_Combinations|1313842|sample|5|nan|2946,48,0.049482,8,5,1,0.814376,0.814405,0.0656653,0.065435,-1.74788,-1.72789
130_bNAb_Combinations|1313842|sample|6|nan|2946,0.0006144,0.807137,1,6,1,0.814376,0.814405,0.809104,0.809286,-0.0209665,-0.0228953
130_bNAb_Combinations|1313842|sample|6|nan|2946,0.003072,0.913073,2,6,1,0.930214,0.930235,0.91231,0.912999,0.00722888,0.000707344
130_bNAb_Combinations|1313842|sample|6|nan|2946,0.01536,0.905757,3,6,1,0.973763,0.973776,0.920333,0.921517,-0.136909,-0.147844
130_bNAb_Combinations|1313842|sample|6|nan|2946,0.0768,0.884312,4,6,1,0.990136,0.990142,0.841294,0.843783,0.441324,0.414589
130_bNAb_Combinations|1313842|sample|6|nan|2946,0.384,0.63016,5,6,1,0.990136,0.990142,0.631528,0.636221,-0.0185788,-0.0817431
130_bNAb_Combinations|1313842|sample|6|nan|2946,1.92,0.318692,6,6,1,0.973763,0.973776,0.32544,0.330567,-0.173895,-0.301474
130_bNAb_Combinations|1313842|sample|6|nan|2946,9.6,0.14291,7,6,1,0.930214,0.930235,0.124844,0.127057,1.12985,0.976087
130_bNAb_Combinations|1313842|sample|6|nan|2946,48,0.0423376,8,6,1,0.814376,0.814405,0.0690252,0.0693686,-2.76814,-2.79244
130_bNAb_Combinations|1313842|sample|7|nan|2946,0.0000768,0.796949,1,7,1,0.814376,0.814405,0.813186,0.812956,-0.172216,-0.169831
130_bNAb_Combinations|1313842|sample|7|nan|2946,0.000384,1,2,7,1,0.930214,0.930235,0.925598,0.925014,0.694932,0.700822
130_bNAb_Combinations|1313842|sample|7|nan|2946,0.00192,0.911982,3,7,1,0.973763,0.973776,0.958891,0.956599,-0.42317,-0.403448
130_bNAb_Combinations|1313842|sample|7|nan|2946,0.0096,0.8727,4,7,1,0.990136,0.990142,0.941964,0.936016,-0.635885,-0.584914
130_bNAb_Combinations|1313842|sample|7|nan|2946,0.048,0.846259,5,7,1,0.990136,0.990142,0.841027,0.829449,0.0536896,0.174871
130_bNAb_Combinations|1313842|sample|7|nan|2946,0.24,0.530266,6,7,1,0.973763,0.973776,0.572832,0.560208,-0.635876,-0.457087
130_bNAb_Combinations|1313842|sample|7|nan|2946,1.2,0.187832,7,7,1,0.930214,0.930235,0.174699,0.174716,0.6063,0.605476
130_bNAb_Combinations|1313842|sample|7|nan|2946,6,0.0118536,8,7,1,0.814376,0.814405,0.0122471,0.0133374,-0.123618,-0.448627
130_bNAb_Combinations|1313842|sample|8|nan|2946,0.0000768,0.807666,1,8,1,0.814376,0.814405,0.81302,0.812338,-0.0568071,-0.049608
130_bNAb_Combinations|1313842|sample|8|nan|2946,0.000384,0.9013,2,8,1,0.930214,0.930235,0.925062,0.923167,-0.222064,-0.204773
130_bNAb_Combinations|1313842|sample|8|nan|2946,0.00192,0.96043,3,8,1,0.973763,0.973776,0.957338,0.951741,0.0279416,0.0789654
130_bNAb_Combinations|1313842|sample|8|nan|2946,0.0096,0.907296,4,8,1,0.990136,0.990142,0.937829,0.924488,-0.281532,-0.160766
130_bNAb_Combinations|1313842|sample|8|nan|2946,0.048,0.786233,5,8,1,0.990136,0.990142,0.831488,0.806615,-0.469647,-0.217914
130_bNAb_Combinations|1313842|sample|8|nan|2946,0.24,0.560359,6,8,1,0.973763,0.973776,0.557421,0.530939,0.0450783,0.473165
130_bNAb_Combinations|1313842|sample|8|nan|2946,1.2,0.163389,7,8,1,0.930214,0.930235,0.165518,0.163916,-0.103257,-0.0257594
130_bNAb_Combinations|1313842|sample|8|nan|2946,6,0.0142427,8,8,1,0.814376,0.814405,0.0118923,0.0137844,0.747852,0.136472
130_bNAb_Combinations|1313842|sample|9|nan|2946,0.0003648,0.848418,1,9,1,0.814376,0.814405,0.811946,0.809943,0.387436,0.409705
130_bNAb_Combinations|1313842|sample|9|nan|2946,0.001824,0.929671,2,9,1,0.930214,0.930235,0.919915,0.913787,0.0916728,0.150248
130_bNAb_Combinations|1313842|sample|9|nan|2946,0.00912,0.902196,3,9,1,0.973763,0.973776,0.935736,0.918998,-0.309929,-0.158037
130_bNAb_Combinations|1313842|sample|9|nan|2946,0.0456,0.850118,4,9,1,0.990136,0.990142,0.856095,0.820927,-0.0602749,0.306767
130_bNAb_Combinations|1313842|sample|9|nan|2946,0.228,0.545806,5,9,1,0.990136,0.990142,0.582714,0.54259,-0.54224,0.0506535
130_bNAb_Combinations|1313842|sample|9|nan|2946,1.14,0.154396,6,9,1,0.973763,0.973776,0.149515,0.15045,0.259659,0.208739
130_bNAb_Combinations|1313842|sample|9|nan|2946,5.7,0.0108658,7,9,1,0.930214,0.930235,0.00997404,0.0116906,0.304905,-0.264365
130_bNAb_Combinations|1313842|sample|9|nan|2946,28.5,0.000413498,8,9,1,0.814376,0.814405,0.00754625,0.0075473,-2.69297,-2.69325
130_bNAb_Combinations|1313842|vc|1|2|nan|2946,0,0.842836,1,2,1,0.814376,0.814405,0.814323,0.814405,0.302023,0.301127
130_bNAb_Combinations|1313842|vc|2|2|nan|2946,0,0.947647,2,2,1,0.930214,0.930235,0.929865,0.930235,0.165338,0.161826
130_bNAb_Combinations|1313842|vc|3|2|nan|2946,0,0.949806,3,2,1,0.930214,0.930235,0.929865,0.930235,0.185416,0.181896
130_bNAb_Combinations|1313842|vc|4|2|nan|2946,0,0.93376,4,2,1,0.930214,0.930235,0.929865,0.930235,0.0362182,0.0327572
130_bNAb_Combinations|1313842|vc|5|2|nan|2946,0,0.949576,5,2,1,0.930214,0.930235,0.929865,0.930235,0.18328,0.179761
130_bNAb_Combinations|1313842|vc|6|2|nan|2946,0,0.978843,6,2,1,0.930214,0.930235,0.929865,0.930235,0.455402,0.451777
130_bNAb_Combinations|1313842|vc|7|2|nan|2946,0,0.900864,7,2,1,0.930214,0.930235,0.929865,0.930235,-0.269653,-0.272994
130_bNAb_Combinations|1313842|vc|8|2|nan|2946,0,0.690864,8,2,1,0.814376,0.814405,0.814323,0.814405,-1.30772,-1.30846
130_bNAb_Combinations|1313860|cc|1|1|PVO.4|5024,0,0.000722109,1,1,0,0,0,0,0,0.403328,0.403328
130_bNAb_Combinations|1313860|cc|2|1|PVO.4|5024,0,0.000902636,2,1,0,0,0,0,0,0.50416,0.50416
130_bNAb_Combinations|1313860|cc|3|1|PVO.4|5024,0,0.0011634,3,1,0,0,0,0,0,0.649806,0.649806
130_bNAb_Combinations|1313860|cc|4|1|PVO.4|5024,0,0.00162474,4,1,0,0,0,0,0,0.907487,0.907487
130_bNAb_Combinations|1313860|cc|5|1|PVO.4|5024,0,0.00138404,5,1,0,0,0,0,0,0.773045,0.773045
130_bNAb_Combinations|1313860|cc|6|1|PVO.4|5024,0,0.0016448,6,1,0,0,0,0,0,0.918691,0.918691
130_bNAb_Combinations|1313860|cc|7|1|PVO.4|5024,0,0.00178521,7,1,0,0,0,0,0,0.997116,0.997116
130_bNAb_Combinations|1313860|cc|8|1|PVO.4|5024,0,0.00148433,8,1,0,0,0,0,0,0.829062,0.829062
130_bNAb_Combinations|1313860|sample|10|PVO.4|5024,0.0003648,0.940566,1,10,1,0.814376,0.884436,0.871362,0.874859,0.6859,0.648687
130_bNAb_Combinations|1313860|sample|10|PVO.4|5024,0.001824,0.927278,2,10,1,0.930214,0.956548,0.917352,0.9233,0.0935244,0.0372387
130_bNAb_Combinations|1313860|sample|10|PVO.4|5024,0.00912,0.889708,3,10,1,0.973763,0.983662,0.865963,0.877131,0.236786,0.12385
130_bNAb_Combinations|1313860|sample|10|PVO.4|5024,0.0456,0.686274,4,10,1,0.973763,0.983662,0.665927,0.680731,0.262436,0.0699773
130_bNAb_Combinations|1313860|sample|10|PVO.4|5024,0.228,0.317477,5,10,1,0.973763,0.983662,0.307659,0.311475,0.266928,0.161282
130_bNAb_Combinations|1313860|sample|10|PVO.4|5024,1.14,0.0365267,6,10,1,0.973763,0.983662,0.0400444,0.0358713,-0.554419,0.111644
130_bNAb_Combinations|1313860|sample|10|PVO.4|5024,5.7,0.000641874,7,10,1,0.930214,0.956548,0.00169284,0.00151392,-0.53001,-0.444339
130_bNAb_Combinations|1313860|sample|10|PVO.4|5024,28.5,0.000441289,8,10,1,0.814376,0.884436,0.00117888,0.00118068,-0.383273,-0.384167
130_bNAb_Combinations|1313860|sample|11|PVO.4|5024,0.0003712,0.89049,1,11,1,0.814376,0.884436,0.8725,0.874487,0.178077,0.15806
130_bNAb_Combinations|1313860|sample|11|PVO.4|5024,0.001856,0.925934,2,11,1,0.930214,0.956548,0.918886,0.921008,0.0663038,0.0462295
130_bNAb_Combinations|1313860|sample|11|PVO.4|5024,0.00928,0.859359,3,11,1,0.930214,0.956548,0.839419,0.842983,0.205016,0.167679
130_bNAb_Combinations|1313860|sample|11|PVO.4|5024,0.0464,0.674941,4,11,1,0.930214,0.956548,0.625201,0.629553,0.682327,0.618423
130_bNAb_Combinations|1313860|sample|11|PVO.4|5024,0.2319999999999999,0.244805,5,11,1,0.930214,0.956548,0.2476,0.248526,-0.0933287,-0.123801
130_bNAb_Combinations|1313860|sample|11|PVO.4|5024,1.16,0.0178521,6,11,1,0.930214,0.956548,0.0180153,0.0173548,-0.0424919,0.13211
130_bNAb_Combinations|1313860|sample|11|PVO.4|5024,5.8,0.00070205,7,11,1,0.930214,0.956548,0.000412621,0.000405574,0.157529,0.161435
130_bNAb_Combinations|1313860|sample|11|PVO.4|5024,29,0.000160469,8,11,1,0.814376,0.884436,0.00034205,0.000342626,-0.0992638,-0.0995753
130_bNAb_Combinations|1313860|sample|12|PVO.4|5024,0.0003712,0.939283,1,12,1,0.814376,0.884436,0.877177,0.878225,0.611535,0.600518
130_bNAb_Combinations|1313860|sample|12|PVO.4|5024,0.001856,0.916777,2,12,1,0.814376,0.884436,0.861211,0.861272,0.557107,0.556453
130_bNAb_Combinations|1313860|sample|12|PVO.4|5024,0.00928,0.891313,3,12,1,0.814376,0.884436,0.803249,0.800466,0.945416,0.978617
130_bNAb_Combinations|1313860|sample|12|PVO.4|5024,0.0464,0.651633,4,12,1,0.814376,0.884436,0.618067,0.609427,0.465631,0.593584
130_bNAb_Combinations|1313860|sample|12|PVO.4|5024,0.2319999999999999,0.224295,5,12,1,0.814376,0.884436,0.237617,0.227723,-0.462329,-0.123788
130_bNAb_Combinations|1313860|sample|12|PVO.4|5024,1.16,0.00968829,6,12,1,0.814376,0.884436,0.0104168,0.00943668,-0.244864,0.0878629
130_bNAb_Combinations|1313860|sample|12|PVO.4|5024,5.8,0.000661933,7,12,1,0.814376,0.884436,0.000345085,0.000345154,0.173176,0.173138
130_bNAb_Combinations|1313860|sample|12|PVO.4|5024,29,0,8,12,1,0.814376,0.884436,0.000342048,0.000342625,-0.186985,-0.187294
130_bNAb_Combinations|1313860|sample|3|PVO.4|5024,0.000064,0.942953,1,3,1,0.814376,0.884436,0.882719,0.88414,0.589451,0.574637
130_bNAb_Combinations|1313860|sample|3|PVO.4|5024,0.00032,0.869078,2,3,1,0.930214,0.956548,0.954813,0.95535,-0.776684,-0.781115
130_bNAb_Combinations|1313860|sample|3|PVO.4|5024,0.0016,0.85281,3,3,1,0.973763,0.983662,0.979445,0.979058,-1.1188,-1.11582
130_bNAb_Combinations|1313860|sample|3|PVO.4|5024,0.008,0.886438,4,3,1,0.973763,0.983662,0.968424,0.966573,-0.732443,-0.717258
130_bNAb_Combinations|1313860|sample|3|PVO.4|5024,0.04,0.784701,5,3,1,0.973763,0.983662,0.927047,0.9217,-1.3275,-1.28492
130_bNAb_Combinations|1313860|sample|3|PVO.4|5024,0.2,0.757893,6,3,1,0.973763,0.983662,0.786865,0.77677,-0.317379,-0.209422
130_bNAb_Combinations|1313860|sample|3|PVO.4|5024,1,0.495868,7,3,1,0.930214,0.956548,0.437105,0.431836,1.14092,1.25786
130_bNAb_Combinations|1313860|sample|3|PVO.4|5024,5,0.0938942,8,3,1,0.814376,0.884436,0.095155,0.098857,-0.0999616,-0.380763
130_bNAb_Combinations|1313860|sample|4|PVO.4|5024,0.000064,0.963754,1,4,1,0.814376,0.884436,0.882671,0.884072,0.793526,0.778597
130_bNAb_Combinations|1313860|sample|4|PVO.4|5024,0.00032,0.848879,2,4,1,0.930214,0.956548,0.954655,0.955123,-0.958395,-0.962165
130_bNAb_Combinations|1313860|sample|4|PVO.4|5024,0.0016,0.847455,3,4,1,0.973763,0.983662,0.978996,0.978368,-1.16267,-1.15785
130_bNAb_Combinations|1313860|sample|4|PVO.4|5024,0.008,0.867142,4,4,1,0.990136,0.993857,0.977593,0.974674,-0.97764,-0.954609
130_bNAb_Combinations|1313860|sample|4|PVO.4|5024,0.04,0.805653,5,4,1,0.990136,0.993857,0.935317,0.926744,-1.19872,-1.12965
130_bNAb_Combinations|1313860|sample|4|PVO.4|5024,0.2,0.707095,6,4,1,0.973763,0.983662,0.789553,0.769906,-0.900295,-0.702932
130_bNAb_Combinations|1313860|sample|4|PVO.4|5024,1,0.503972,7,4,1,0.930214,0.956548,0.45667,0.431072,0.880362,1.4345
130_bNAb_Combinations|1313860|sample|4|PVO.4|5024,5,0.0983672,8,4,1,0.814376,0.884436,0.114519,0.104212,-1.09021,-0.428437
130_bNAb_Combinations|1313860|sample|5|PVO.4|5024,0.0006144,0.899286,1,5,1,0.814376,0.884436,0.881038,0.882234,0.17891,0.166958
130_bNAb_Combinations|1313860|sample|5|PVO.4|5024,0.003072,0.907339,2,5,1,0.930214,0.956548,0.948,0.947822,-0.370948,-0.369392
130_bNAb_Combinations|1313860|sample|5|PVO.4|5024,0.01536,0.855779,3,5,1,0.973763,0.983662,0.953535,0.951169,-0.886748,-0.867402
130_bNAb_Combinations|1313860|sample|5|PVO.4|5024,0.0768,0.837576,4,5,1,0.990136,0.993857,0.886265,0.879907,-0.474598,-0.415554
130_bNAb_Combinations|1313860|sample|5|PVO.4|5024,0.384,0.66436,5,5,1,0.990136,0.993857,0.659192,0.649696,0.0673288,0.193753
130_bNAb_Combinations|1313860|sample|5|PVO.4|5024,1.92,0.280479,6,5,1,0.973763,0.983662,0.265158,0.262102,0.479556,0.581551
130_bNAb_Combinations|1313860|sample|5|PVO.4|5024,9.6,0.0437879,7,5,1,0.930214,0.956548,0.042018,0.0430201,0.269409,0.114878
130_bNAb_Combinations|1313860|sample|5|PVO.4|5024,48,0.00302884,8,5,1,0.814376,0.884436,0.0126269,0.0127788,-2.97476,-3.00575
130_bNAb_Combinations|1313860|sample|6|PVO.4|5024,0.0006144,0.902947,1,6,1,0.814376,0.884436,0.88177,0.883126,0.207451,0.193876
130_bNAb_Combinations|1313860|sample|6|PVO.4|5024,0.003072,1,2,6,1,0.930214,0.956548,0.950427,0.950739,0.451125,0.448138
130_bNAb_Combinations|1313860|sample|6|PVO.4|5024,0.01536,0.888003,3,6,1,0.973763,0.983662,0.960407,0.959403,-0.652151,-0.643774
130_bNAb_Combinations|1313860|sample|6|PVO.4|5024,0.0768,0.842731,4,6,1,0.990136,0.993857,0.900944,0.897982,-0.558347,-0.531659
130_bNAb_Combinations|1313860|sample|6|PVO.4|5024,0.384,0.660529,5,6,1,0.990136,0.993857,0.670284,0.667711,-0.125029,-0.0923981
130_bNAb_Combinations|1313860|sample|6|PVO.4|5024,1.92,0.278232,6,6,1,0.973763,0.983662,0.242857,0.247471,1.20276,1.02757
130_bNAb_Combinations|1313860|sample|6|PVO.4|5024,9.6,0.029446,7,6,1,0.930214,0.956548,0.0299121,0.0321594,-0.0897749,-0.49806
130_bNAb_Combinations|1313860|sample|6|PVO.4|5024,48,0.00204597,8,6,1,0.814376,0.884436,0.0118844,0.012004,-3.13121,-3.15561
130_bNAb_Combinations|1313860|sample|7|PVO.4|5024,0.0000768,0.964978,1,7,1,0.814376,0.884436,0.879366,0.879989,0.840937,0.834232
130_bNAb_Combinations|1313860|sample|7|PVO.4|5024,0.000384,0.899587,2,7,1,0.930214,0.956548,0.943599,0.942003,-0.403371,-0.389392
130_bNAb_Combinations|1313860|sample|7|PVO.4|5024,0.00192,0.93161,3,7,1,0.973763,0.983662,0.944359,0.938948,-0.116747,-0.0675771
130_bNAb_Combinations|1313860|sample|7|PVO.4|5024,0.0096,0.845689,4,7,1,0.990136,0.993857,0.87526,0.863361,-0.291802,-0.176745
130_bNAb_Combinations|1313860|sample|7|PVO.4|5024,0.048,0.647902,5,7,1,0.990136,0.993857,0.66958,0.652035,-0.278125,-0.054425
130_bNAb_Combinations|1313860|sample|7|PVO.4|5024,0.24,0.298712,6,7,1,0.973763,0.983662,0.298283,0.288937,0.0120297,0.282104
130_bNAb_Combinations|1313860|sample|7|PVO.4|5024,1.2,0.0363862,7,7,1,0.930214,0.956548,0.0345763,0.0358333,0.316258,0.0942597
130_bNAb_Combinations|1313860|sample|7|PVO.4|5024,6,0.00108316,8,7,1,0.814376,0.884436,0.00145363,0.00156104,-0.189431,-0.242832
130_bNAb_Combinations|1313860|sample|8|PVO.4|5024,0.0000768,0.950786,1,8,1,0.814376,0.884436,0.875763,0.879544,0.739907,0.699655
130_bNAb_Combinations|1313860|sample|8|PVO.4|5024,0.000384,0.92461,2,8,1,0.930214,0.956548,0.934299,0.940788,-0.0896683,-0.148712
130_bNAb_Combinations|1313860|sample|8|PVO.4|5024,0.00192,0.843312,3,8,1,0.973763,0.983662,0.923152,0.935979,-0.74766,-0.856085
130_bNAb_Combinations|1313860|sample|8|PVO.4|5024,0.0096,0.847094,4,8,1,0.990136,0.993857,0.834574,0.85706,0.129449,-0.100402
130_bNAb_Combinations|1313860|sample|8|PVO.4|5024,0.048,0.634433,5,8,1,0.990136,0.993857,0.616854,0.642224,0.244318,-0.104113
130_bNAb_Combinations|1313860|sample|8|PVO.4|5024,0.24,0.29454,6,8,1,0.973763,0.983662,0.278062,0.281979,0.493108,0.370944
130_bNAb_Combinations|1313860|sample|8|PVO.4|5024,1.2,0.0356641,7,8,1,0.930214,0.956548,0.0428966,0.035292,-1.08446,0.0641186
130_bNAb_Combinations|1313860|sample|8|PVO.4|5024,6,0.00112328,8,8,1,0.814376,0.884436,0.00214221,0.00158258,-0.500945,-0.233103
130_bNAb_Combinations|1313860|sample|9|PVO.4|5024,0.0003648,0.996159,1,9,1,0.814376,0.884436,0.874499,0.874097,1.20156,1.20607
130_bNAb_Combinations|1313860|sample|9|PVO.4|5024,0.001824,0.900911,2,9,1,0.930214,0.956548,0.925513,0.921132,-0.229813,-0.189774
130_bNAb_Combinations|1313860|sample|9|PVO.4|5024,0.00912,0.872167,3,9,1,0.973763,0.983662,0.883172,0.871824,-0.107644,0.00339935
130_bNAb_Combinations|1313860|sample|9|PVO.4|5024,0.0456,0.672464,4,9,1,0.990136,0.993857,0.696463,0.677885,-0.296281,-0.0687262
130_bNAb_Combinations|1313860|sample|9|PVO.4|5024,0.228,0.315531,5,9,1,0.990136,0.993857,0.316231,0.305526,-0.0185325,0.273825
130_bNAb_Combinations|1313860|sample|9|PVO.4|5024,1.14,0.0348417,6,9,1,0.973763,0.983662,0.0329717,0.0344301,0.337522,0.0721309
130_bNAb_Combinations|1313860|sample|9|PVO.4|5024,5.7,0.0010631,7,9,1,0.930214,0.956548,0.00143056,0.00150919,-0.188143,-0.227362
130_bNAb_Combinations|1313860|sample|9|PVO.4|5024,28.5,0.000762226,8,9,1,0.814376,0.884436,0.00117865,0.00118068,-0.21639,-0.217419
130_bNAb_Combinations|1313860|vc|1|2|PVO.4|5024,0,0.954858,1,2,1,0.814376,0.884436,0.882947,0.884436,0.703542,0.687833
130_bNAb_Combinations|1313860|vc|2|2|PVO.4|5024,0,0.902094,2,2,1,0.930214,0.956548,0.955774,0.956548,-0.48581,-0.492424
130_bNAb_Combinations|1313860|vc|3|2|PVO.4|5024,0,0.86299,3,2,1,0.930214,0.956548,0.955774,0.956548,-0.839708,-0.84604
130_bNAb_Combinations|1313860|vc|4|2|PVO.4|5024,0,0.843613,4,2,1,0.930214,0.956548,0.955774,0.956548,-1.01507,-1.02126
130_bNAb_Combinations|1313860|vc|5|2|PVO.4|5024,0,0.869359,5,2,1,0.930214,0.956548,0.955774,0.956548,-0.782071,-0.78845
130_bNAb_Combinations|1313860|vc|6|2|PVO.4|5024,0,0.81162,6,2,1,0.930214,0.956548,0.955774,0.956548,-1.30461,-1.31057
130_bNAb_Combinations|1313860|vc|7|2|PVO.4|5024,0,0.761714,7,2,1,0.930214,0.956548,0.955774,0.956548,-1.75627,-1.76187
130_bNAb_Combinations|1313860|vc|8|2|PVO.4|5024,0,0.747362,8,2,1,0.814376,0.884436,0.882947,0.884436,-1.3265,-1.33885
130_bNAb_Combinations|1313884|cc|1|1|nan|4168,0,0.000363452,1,1,0,0,0,0,0,0.203003,0.203003
130_bNAb_Combinations|1313884|cc|2|1|nan|4168,0,0.000879936,2,1,0,0,0,0,0,0.491481,0.491481
130_bNAb_Combinations|1313884|cc|3|1|nan|4168,0,0.000248678,3,1,0,0,0,0,0,0.138897,0.138897
130_bNAb_Combinations|1313884|cc|4|1|nan|4168,0,5.73872e-05,4,1,0,0,0,0,0,0.0320531,0.0320531
130_bNAb_Combinations|1313884|cc|5|1|nan|4168,0,0,5,1,0,0,0,0,0,0,0
130_bNAb_Combinations|1313884|cc|6|1|nan|4168,0,0.000325194,6,1,0,0,0,0,0,0.181634,0.181634
130_bNAb_Combinations|1313884|cc|7|1|nan|4168,0,0.000554743,7,1,0,0,0,0,0,0.309847,0.309847
130_bNAb_Combinations|1313884|cc|8|1|nan|4168,0,0.000248678,8,1,0,0,0,0,0,0.138897,0.138897
130_bNAb_Combinations|1313884|sample|10|nan|4168,0.0003648,0.774009,1,10,1,0.814376,0.814512,0.747727,0.740867,0.30268,0.385136
130_bNAb_Combinations|1313884|sample|10|nan|4168,0.001824,0.732346,2,10,1,0.930214,0.930258,0.777134,0.766734,-0.496661,-0.386405
130_bNAb_Combinations|1313884|sample|10|nan|4168,0.00912,0.69975,3,10,1,0.973763,0.973778,0.67128,0.660076,0.364351,0.516161
130_bNAb_Combinations|1313884|sample|10|nan|4168,0.0456,0.452067,4,10,1,0.973763,0.973778,0.461513,0.456244,-0.174021,-0.0778086
130_bNAb_Combinations|1313884|sample|10|nan|4168,0.228,0.221036,5,10,1,0.973763,0.973778,0.242815,0.246332,-0.740599,-0.848647
130_bNAb_Combinations|1313884|sample|10|nan|4168,1.14,0.135271,6,10,1,0.973763,0.973778,0.115349,0.120012,1.33619,0.98827
130_bNAb_Combinations|1313884|sample|10|nan|4168,5.7,0.0867311,7,10,1,0.930214,0.930258,0.0797197,0.0808787,0.645781,0.532565
130_bNAb_Combinations|1313884|sample|10|nan|4168,28.5,0.0454124,8,10,1,0.814376,0.814512,0.0674642,0.0675428,-2.33021,-2.33631
130_bNAb_Combinations|1313884|sample|11|nan|4168,0.0003712,0.771905,1,11,1,0.814376,0.814512,0.788057,0.782612,-0.176675,-0.11792
130_bNAb_Combinations|1313884|sample|11|nan|4168,0.001856,0.762522,2,11,1,0.930214,0.930258,0.856309,0.845552,-0.945588,-0.847592
130_bNAb_Combinations|1313884|sample|11|nan|4168,0.00928,0.738841,3,11,1,0.930214,0.930258,0.75734,0.741555,-0.210397,-0.031512
130_bNAb_Combinations|1313884|sample|11|nan|4168,0.0464,0.560166,4,11,1,0.930214,0.930258,0.56176,0.547277,-0.024281,0.201276
130_bNAb_Combinations|1313884|sample|11|nan|4168,0.2319999999999999,0.294645,5,11,1,0.930214,0.930258,0.280822,0.279886,0.40981,0.438935
130_bNAb_Combinations|1313884|sample|11|nan|4168,1.16,0.069228,6,11,1,0.930214,0.930258,0.0667868,0.0741091,0.260082,-0.477637
130_bNAb_Combinations|1313884|sample|11|nan|4168,5.8,0.0138494,7,11,1,0.930214,0.930258,0.00928988,0.0113168,1.60155,0.822967
130_bNAb_Combinations|1313884|sample|11|nan|4168,29,0.00181726,8,11,1,0.814376,0.814512,0.00474138,0.00482772,-1.25518,-1.28682
130_bNAb_Combinations|1313884|sample|12|nan|4168,0.0003712,0.813233,1,12,1,0.814376,0.814512,0.800821,0.795306,0.133651,0.194342
130_bNAb_Combinations|1313884|sample|12|nan|4168,0.001856,0.742858,2,12,1,0.814376,0.814512,0.775665,0.763912,-0.364478,-0.237437
130_bNAb_Combinations|1313884|sample|12|nan|4168,0.00928,0.718258,3,12,1,0.814376,0.814512,0.707625,0.686105,0.129235,0.402788
130_bNAb_Combinations|1313884|sample|12|nan|4168,0.0464,0.538636,4,12,1,0.814376,0.814512,0.545595,0.51775,-0.109001,0.344211
130_bNAb_Combinations|1313884|sample|12|nan|4168,0.2319999999999999,0.244077,5,12,1,0.814376,0.814512,0.269464,0.255793,-0.78264,-0.379355
130_bNAb_Combinations|1313884|sample|12|nan|4168,1.16,0.0551873,6,12,1,0.814376,0.814512,0.0498452,0.0534639,0.716144,0.218953
130_bNAb_Combinations|1313884|sample|12|nan|4168,5.8,0.00767075,7,12,1,0.814376,0.814512,0.00588659,0.0067394,0.7253,0.364251
130_bNAb_Combinations|1313884|sample|12|nan|4168,29,0.00585349,8,12,1,0.814376,0.814512,0.00468967,0.00470181,0.500838,0.495319
130_bNAb_Combinations|1313884|sample|3|nan|4168,0.000064,0.896254,1,3,1,0.814376,0.814512,0.814227,0.814279,0.868958,0.868355
130_bNAb_Combinations|1313884|sample|3|nan|4168,0.00032,0.883198,2,3,1,0.930214,0.930258,0.929105,0.929358,-0.427187,-0.429433
130_bNAb_Combinations|1313884|sample|3|nan|4168,0.0016,0.945425,3,3,1,0.973763,0.973778,0.970752,0.970601,-0.225733,-0.224424
130_bNAb_Combinations|1313884|sample|3|nan|4168,0.008,0.973478,4,3,1,0.973763,0.973778,0.964278,0.96312,0.0825373,0.093035
130_bNAb_Combinations|1313884|sample|3|nan|4168,0.04,0.977246,5,3,1,0.973763,0.973778,0.943085,0.938615,0.313249,0.355899
130_bNAb_Combinations|1313884|sample|3|nan|4168,0.2,0.815472,6,3,1,0.973763,0.973778,0.878075,0.863808,-0.615821,-0.483195
130_bNAb_Combinations|1313884|sample|3|nan|4168,1,0.719559,7,3,1,0.930214,0.930258,0.680915,0.647365,0.487705,0.957241
130_bNAb_Combinations|1313884|sample|3|nan|4168,5,0.315142,8,3,1,0.814376,0.814512,0.367562,0.323427,-1.20244,-0.214782
130_bNAb_Combinations|1313884|sample|4|nan|4168,0.000064,0.855298,1,4,1,0.814376,0.814512,0.814276,0.814284,0.434543,0.434456
130_bNAb_Combinations|1313884|sample|4|nan|4168,0.00032,0.910725,2,4,1,0.930214,0.930258,0.929267,0.929389,-0.172517,-0.17363
130_bNAb_Combinations|1313884|sample|4|nan|4168,0.0016,0.951039,3,4,1,0.973763,0.973778,0.971218,0.970741,-0.179764,-0.175595
130_bNAb_Combinations|1313884|sample|4|nan|4168,0.008,1,4,4,1,0.990136,0.990141,0.981809,0.979882,0.160331,0.177658
130_bNAb_Combinations|1313884|sample|4|nan|4168,0.04,0.93895,5,4,1,0.990136,0.990141,0.961683,0.956615,-0.204496,-0.159737
130_bNAb_Combinations|1313884|sample|4|nan|4168,0.2,0.839584,6,4,1,0.973763,0.973778,0.881751,0.871408,-0.413097,-0.315404
130_bNAb_Combinations|1313884|sample|4|nan|4168,1,0.743183,7,4,1,0.930214,0.930258,0.679497,0.666916,0.8054,0.982287
130_bNAb_Combinations|1313884|sample|4|nan|4168,5,0.341148,8,4,1,0.814376,0.814512,0.354463,0.35059,-0.31624,-0.226619
130_bNAb_Combinations|1313884|sample|5|nan|4168,0.0006144,0.922661,1,5,1,0.814376,0.814512,0.814201,0.8142,1.14902,1.14903
130_bNAb_Combinations|1313884|sample|5|nan|4168,0.003072,0.913852,2,5,1,0.930214,0.930258,0.92864,0.928644,-0.137674,-0.137711
130_bNAb_Combinations|1313884|sample|5|nan|4168,0.01536,0.961512,3,5,1,0.973763,0.973778,0.967318,0.966157,-0.0519292,-0.0415871
130_bNAb_Combinations|1313884|sample|5|nan|4168,0.0768,0.95651,4,5,1,0.990136,0.990141,0.960642,0.955829,-0.0372044,0.0061629
130_bNAb_Combinations|1313884|sample|5|nan|4168,0.384,0.877392,5,5,1,0.990136,0.990141,0.86285,0.849609,0.145533,0.28229
130_bNAb_Combinations|1313884|sample|5|nan|4168,1.92,0.606372,6,5,1,0.973763,0.973778,0.560084,0.542223,0.706782,1.01086
130_bNAb_Combinations|1313884|sample|5|nan|4168,9.6,0.20403,7,5,1,0.930214,0.930258,0.191711,0.185409,0.522138,0.813961
130_bNAb_Combinations|1313884|sample|5|nan|4168,48,0.0395206,8,5,1,0.814376,0.814512,0.0557488,0.0549838,-1.99584,-1.92232
130_bNAb_Combinations|1313884|sample|6|nan|4168,0.0006144,0.914177,1,6,1,0.814376,0.814512,0.813785,0.814126,1.06409,1.06003
130_bNAb_Combinations|1313884|sample|6|nan|4168,0.003072,0.90533,2,6,1,0.930214,0.930258,0.926926,0.928348,-0.201423,-0.214364
130_bNAb_Combinations|1313884|sample|6|nan|4168,0.01536,0.984926,3,6,1,0.973763,0.973778,0.96113,0.965146,0.21418,0.177301
130_bNAb_Combinations|1313884|sample|6|nan|4168,0.0768,0.925091,4,6,1,0.990136,0.990141,0.940912,0.952991,-0.145414,-0.253232
130_bNAb_Combinations|1313884|sample|6|nan|4168,0.384,0.830947,5,6,1,0.990136,0.990141,0.814842,0.844883,0.170482,-0.142372
130_bNAb_Combinations|1313884|sample|6|nan|4168,1.92,0.605607,6,6,1,0.973763,0.973778,0.503176,0.544539,1.73554,0.958315
130_bNAb_Combinations|1313884|sample|6|nan|4168,9.6,0.219678,7,6,1,0.930214,0.930258,0.174973,0.195369,2.06098,1.01243
130_bNAb_Combinations|1313884|sample|6|nan|4168,48,0.0417587,8,6,1,0.814376,0.814512,0.054423,0.0586398,-1.58696,-1.99545
130_bNAb_Combinations|1313884|sample|7|nan|4168,0.0000768,0.836418,1,7,1,0.814376,0.814512,0.78806,0.785158,0.528957,0.562741
130_bNAb_Combinations|1313884|sample|7|nan|4168,0.000384,0.922776,2,7,1,0.930214,0.930258,0.868317,0.862887,0.541621,0.599298
130_bNAb_Combinations|1313884|sample|7|nan|4168,0.00192,0.897153,3,7,1,0.973763,0.973778,0.844845,0.835601,0.534411,0.635685
130_bNAb_Combinations|1313884|sample|7|nan|4168,0.0096,0.78389,4,7,1,0.990136,0.990141,0.740985,0.72799,0.498501,0.660837
130_bNAb_Combinations|1313884|sample|7|nan|4168,0.048,0.503936,5,7,1,0.990136,0.990141,0.556082,0.542414,-0.801799,-0.606127
130_bNAb_Combinations|1313884|sample|7|nan|4168,0.24,0.280795,6,7,1,0.973763,0.973778,0.329138,0.320343,-1.23243,-1.03461
130_bNAb_Combinations|1313884|sample|7|nan|4168,1.2,0.161478,7,7,1,0.930214,0.930258,0.154846,0.152493,0.3418,0.469576
130_bNAb_Combinations|1313884|sample|7|nan|4168,6,0.0913986,8,7,1,0.814376,0.814512,0.0790152,0.0789866,1.14904,1.15204
130_bNAb_Combinations|1313884|sample|8|nan|4168,0.0000768,0.913412,1,8,1,0.814376,0.814512,0.792725,0.788721,1.31252,1.36281
130_bNAb_Combinations|1313884|sample|8|nan|4168,0.000384,0.818351,2,8,1,0.930214,0.930258,0.876299,0.868873,-0.571162,-0.502155
130_bNAb_Combinations|1313884|sample|8|nan|4168,0.00192,0.894723,3,8,1,0.973763,0.973778,0.855057,0.843188,0.400502,0.52754
130_bNAb_Combinations|1313884|sample|8|nan|4168,0.0096,0.810594,4,8,1,0.990136,0.990141,0.748043,0.733534,0.720053,0.904247
130_bNAb_Combinations|1313884|sample|8|nan|4168,0.048,0.521984,5,8,1,0.990136,0.990141,0.549239,0.539024,-0.424148,-0.270061
130_bNAb_Combinations|1313884|sample|8|nan|4168,0.24,0.263512,6,8,1,0.973763,0.973778,0.304861,0.30581,-1.13396,-1.15656
130_bNAb_Combinations|1313884|sample|8|nan|4168,1.2,0.145199,7,8,1,0.930214,0.930258,0.133095,0.138806,0.715032,0.363727
130_bNAb_Combinations|1313884|sample|8|nan|4168,6,0.0915325,8,8,1,0.814376,0.814512,0.0727748,0.0746708,1.8632,1.63975
130_bNAb_Combinations|1313884|sample|9|nan|4168,0.0003648,0.835442,1,9,1,0.814376,0.814512,0.745428,0.750428,1.03977,0.975599
130_bNAb_Combinations|1313884|sample|9|nan|4168,0.001824,0.770136,2,9,1,0.930214,0.930258,0.778769,0.786222,-0.0955367,-0.176365
130_bNAb_Combinations|1313884|sample|9|nan|4168,0.00912,0.72326,3,9,1,0.973763,0.973778,0.685652,0.69254,0.471432,0.381344
130_bNAb_Combinations|1313884|sample|9|nan|4168,0.0456,0.460312,4,9,1,0.990136,0.990141,0.504752,0.506096,-0.750691,-0.771401
130_bNAb_Combinations|1313884|sample|9|nan|4168,0.228,0.270179,5,9,1,0.990136,0.990141,0.293026,0.286825,-0.650577,-0.48373
130_bNAb_Combinations|1313884|sample|9|nan|4168,1.14,0.154668,6,9,1,0.973763,0.973778,0.143213,0.136394,0.633586,1.05613
130_bNAb_Combinations|1313884|sample|9|nan|4168,5.7,0.0824654,7,9,1,0.930214,0.930258,0.0862001,0.0839423,-0.322119,-0.130269
130_bNAb_Combinations|1313884|sample|9|nan|4168,28.5,0.0480713,8,9,1,0.814376,0.814512,0.0680042,0.0677535,-2.09272,-2.07261
130_bNAb_Combinations|1313884|vc|1|2|nan|4168,0,0.9016,1,2,1,0.814376,0.814512,0.814431,0.814512,0.923212,0.922261
130_bNAb_Combinations|1313884|vc|2|2|nan|4168,0,0.943493,2,2,1,0.930214,0.930258,0.929888,0.930258,0.126494,0.123006
130_bNAb_Combinations|1313884|vc|3|2|nan|4168,0,0.895508,3,2,1,0.930214,0.930258,0.929888,0.930258,-0.319666,-0.32298
130_bNAb_Combinations|1313884|vc|4|2|nan|4168,0,0.872534,4,2,1,0.930214,0.930258,0.929888,0.930258,-0.533275,-0.536506
130_bNAb_Combinations|1313884|vc|5|2|nan|4168,0,0.872572,5,2,1,0.930214,0.930258,0.929888,0.930258,-0.532919,-0.53615
130_bNAb_Combinations|1313884|vc|6|2|nan|4168,0,0.86009,6,2,1,0.930214,0.930258,0.929888,0.930258,-0.648973,-0.652158
130_bNAb_Combinations|1313884|vc|7|2|nan|4168,0,0.851932,7,2,1,0.930214,0.930258,0.929888,0.930258,-0.72483,-0.727985
130_bNAb_Combinations|1313884|vc|8|2|nan|4168,0,0.811301,8,2,1,0.814376,0.814512,0.814431,0.814512,-0.0331398,-0.0339974
130_bNAb_Combinations|1313920|cc|1|1|nan|1798,0,0.00106207,1,1,0,0,0,0,0,0.593208,0.593208
130_bNAb_Combinations|1313920|cc|2|1|nan|1798,0,0.00146853,2,1,0,0,0,0,0,0.820238,0.820238
130_bNAb_Combinations|1313920|cc|3|1|nan|1798,0,0.00173077,3,1,0,0,0,0,0,0.966709,0.966709
130_bNAb_Combinations|1313920|cc|4|1|nan|1798,0,0.00124563,4,1,0,0,0,0,0,0.695737,0.695737
130_bNAb_Combinations|1313920|cc|5|1|nan|1798,0,0.0014292,5,1,0,0,0,0,0,0.798267,0.798267
130_bNAb_Combinations|1313920|cc|6|1|nan|1798,0,0.0014292,6,1,0,0,0,0,0,0.798267,0.798267
130_bNAb_Combinations|1313920|cc|7|1|nan|1798,0,0.0012063,7,1,0,0,0,0,0,0.673767,0.673767
130_bNAb_Combinations|1313920|cc|8|1|nan|1798,0,0.00215035,8,1,0,0,0,0,0,1.20106,1.20106
130_bNAb_Combinations|1313920|sample|10|nan|1798,0.0003648,0.782696,1,10,1,0.814376,0.814387,0.786652,0.783945,-0.0433476,-0.0137293
130_bNAb_Combinations|1313920|sample|10|nan|1798,0.001824,0.776855,2,10,1,0.930214,0.930218,0.839964,0.833859,-0.648446,-0.589926
130_bNAb_Combinations|1313920|sample|10|nan|1798,0.00912,0.694879,3,10,1,0.973763,0.973765,0.722605,0.712308,-0.330162,-0.21048
130_bNAb_Combinations|1313920|sample|10|nan|1798,0.0456,0.420198,4,10,1,0.973763,0.973765,0.410104,0.40225,0.208403,0.377523
130_bNAb_Combinations|1313920|sample|10|nan|1798,0.228,0.0873778,5,10,1,0.973763,0.973765,0.0854972,0.0862344,0.163327,0.0985805
130_bNAb_Combinations|1313920|sample|10|nan|1798,1.14,0.00264861,6,10,1,0.973763,0.973765,0.0023852,0.00269943,0.127763,-0.0242323
130_bNAb_Combinations|1313920|sample|10|nan|1798,5.7,0.000629372,7,10,1,0.930214,0.930218,0.000757619,0.00075831,-0.0683421,-0.0687072
130_bNAb_Combinations|1313920|sample|10|nan|1798,28.5,7.86715e-05,8,10,1,0.814376,0.814387,0.000663141,0.000663207,-0.313254,-0.313288
130_bNAb_Combinations|1313920|sample|11|nan|1798,0.0003712,0.869963,1,11,1,0.814376,0.814387,0.808481,0.808349,0.655847,0.657362
130_bNAb_Combinations|1313920|sample|11|nan|1798,0.001856,0.691286,2,11,1,0.930214,0.930218,0.90847,0.908153,-2.06614,-2.06383
130_bNAb_Combinations|1313920|sample|11|nan|1798,0.00928,0.783024,3,11,1,0.930214,0.930218,0.862537,0.861097,-0.795991,-0.782866
130_bNAb_Combinations|1313920|sample|11|nan|1798,0.0464,0.669481,4,11,1,0.930214,0.930218,0.731017,0.727293,-0.72452,-0.684081
130_bNAb_Combinations|1313920|sample|11|nan|1798,0.2319999999999999,0.434162,5,11,1,0.930214,0.930218,0.439565,0.433814,-0.104343,0.0067983
130_bNAb_Combinations|1313920|sample|11|nan|1798,1.16,0.115116,6,11,1,0.930214,0.930218,0.107295,0.10431,0.558874,0.791444
130_bNAb_Combinations|1313920|sample|11|nan|1798,5.8,0.00319931,7,11,1,0.930214,0.930218,0.00588663,0.00567658,-1.09246,-1.01694
130_bNAb_Combinations|1313920|sample|11|nan|1798,29,0.000760491,8,11,1,0.814376,0.814387,0.00137368,0.00137244,-0.315004,-0.314386
130_bNAb_Combinations|1313920|sample|12|nan|1798,0.0003712,0.815542,1,12,1,0.814376,0.814387,0.811742,0.81141,0.0403704,0.0439219
130_bNAb_Combinations|1313920|sample|12|nan|1798,0.001856,0.74085,2,12,1,0.814376,0.814387,0.804694,0.803562,-0.684199,-0.672994
130_bNAb_Combinations|1313920|sample|12|nan|1798,0.00928,0.723103,3,12,1,0.814376,0.814387,0.778766,0.775608,-0.615995,-0.583365
130_bNAb_Combinations|1313920|sample|12|nan|1798,0.0464,0.623072,4,12,1,0.814376,0.814387,0.68936,0.682553,-0.826592,-0.748943
130_bNAb_Combinations|1313920|sample|12|nan|1798,0.2319999999999999,0.462477,5,12,1,0.814376,0.814387,0.443912,0.436663,0.355114,0.501694
130_bNAb_Combinations|1313920|sample|12|nan|1798,1.16,0.11273,6,12,1,0.814376,0.814387,0.106036,0.106952,0.483317,0.414015
130_bNAb_Combinations|1313920|sample|12|nan|1798,5.8,0.00295018,7,12,1,0.814376,0.814387,0.004024,0.00450434,-0.477667,-0.674935
130_bNAb_Combinations|1313920|sample|12|nan|1798,29,0,8,12,1,0.814376,0.814387,0.00135868,0.0013618,-0.698581,-0.70006
130_bNAb_Combinations|1313920|sample|3|nan|1798,0.000064,0.927104,1,3,1,0.814376,0.814387,0.812931,0.811965,1.21139,1.22307
130_bNAb_Combinations|1313920|sample|3|nan|1798,0.00032,0.90564,2,3,1,0.930214,0.930218,0.924667,0.921914,-0.177891,-0.152595
130_bNAb_Combinations|1313920|sample|3|nan|1798,0.0016,0.884681,3,3,1,0.973763,0.973765,0.955712,0.947885,-0.642882,-0.576692
130_bNAb_Combinations|1313920|sample|3|nan|1798,0.008,0.948877,4,3,1,0.973763,0.973765,0.916291,0.898519,0.307401,0.48428
130_bNAb_Combinations|1313920|sample|3|nan|1798,0.04,0.855769,5,3,1,0.973763,0.973765,0.800442,0.769327,0.596011,0.968097
130_bNAb_Combinations|1313920|sample|3|nan|1798,0.2,0.458209,6,3,1,0.973763,0.973765,0.535615,0.508284,-1.23438,-0.840177
130_bNAb_Combinations|1313920|sample|3|nan|1798,1,0.22622,7,3,1,0.930214,0.930218,0.216428,0.217282,0.370827,0.337241
130_bNAb_Combinations|1313920|sample|3|nan|1798,5,0.122223,8,3,1,0.814376,0.814387,0.113528,0.114982,0.591361,0.48697
130_bNAb_Combinations|1313920|sample|4|nan|1798,0.000064,0.895872,1,4,1,0.814376,0.814387,0.811506,0.810795,0.896673,0.905004
130_bNAb_Combinations|1313920|sample|4|nan|1798,0.00032,0.93585,2,4,1,0.930214,0.930218,0.920353,0.918614,0.145553,0.162191
130_bNAb_Combinations|1313920|sample|4|nan|1798,0.0016,0.876977,3,4,1,0.973763,0.973765,0.944245,0.939749,-0.616092,-0.577621
130_bNAb_Combinations|1313920|sample|4|nan|1798,0.008,0.971855,4,4,1,0.990136,0.990137,0.904683,0.895915,0.641666,0.732399
130_bNAb_Combinations|1313920|sample|4|nan|1798,0.04,0.784276,5,4,1,0.990136,0.990137,0.762667,0.751777,0.244087,0.372296
130_bNAb_Combinations|1313920|sample|4|nan|1798,0.2,0.443294,6,4,1,0.973763,0.973765,0.479599,0.478044,-0.644416,-0.618755
130_bNAb_Combinations|1313920|sample|4|nan|1798,1,0.218818,7,4,1,0.930214,0.930218,0.201534,0.209509,0.699428,0.363381
130_bNAb_Combinations|1313920|sample|4|nan|1798,5,0.123534,8,4,1,0.814376,0.814387,0.113629,0.115145,0.673167,0.563493
130_bNAb_Combinations|1313920|sample|5|nan|1798,0.0006144,0.907764,1,5,1,0.814376,0.814387,0.801593,0.797054,1.14212,1.19759
130_bNAb_Combinations|1313920|sample|5|nan|1798,0.003072,0.859919,2,5,1,0.930214,0.930218,0.88775,0.87728,-0.270838,-0.170929
130_bNAb_Combinations|1313920|sample|5|nan|1798,0.01536,0.783712,3,5,1,0.973763,0.973765,0.850525,0.831657,-0.678127,-0.497455
130_bNAb_Combinations|1313920|sample|5|nan|1798,0.0768,0.672202,4,5,1,0.990136,0.990137,0.675947,0.656417,-0.047599,0.206483
130_bNAb_Combinations|1313920|sample|5|nan|1798,0.384,0.368891,5,5,1,0.990136,0.990137,0.37399,0.374808,-0.11503,-0.133206
130_bNAb_Combinations|1313920|sample|5|nan|1798,1.92,0.184222,6,5,1,0.973763,0.973765,0.165546,0.174432,0.905798,0.452636
130_bNAb_Combinations|1313920|sample|5|nan|1798,9.6,0.127972,7,5,1,0.930214,0.930218,0.127388,0.128411,0.0359133,-0.0267785
130_bNAb_Combinations|1313920|sample|5|nan|1798,48,0.0587283,8,5,1,0.814376,0.814387,0.110936,0.110959,-3.62357,-3.62455
130_bNAb_Combinations|1313920|sample|6|nan|1798,0.0006144,0.830286,1,6,1,0.814376,0.814387,0.797469,0.78871,0.354815,0.454402
130_bNAb_Combinations|1313920|sample|6|nan|1798,0.003072,0.853841,2,6,1,0.930214,0.930218,0.874646,0.855986,-0.205437,-0.021631
130_bNAb_Combinations|1313920|sample|6|nan|1798,0.01536,0.751916,3,6,1,0.973763,0.973765,0.815454,0.78704,-0.6721,-0.384695
130_bNAb_Combinations|1313920|sample|6|nan|1798,0.0768,0.612799,4,6,1,0.990136,0.990137,0.604186,0.586164,0.122147,0.389071
130_bNAb_Combinations|1313920|sample|6|nan|1798,0.384,0.297509,5,6,1,0.990136,0.990137,0.29699,0.313583,0.0146005,-0.429131
130_bNAb_Combinations|1313920|sample|6|nan|1798,1.92,0.174251,6,6,1,0.973763,0.973765,0.145094,0.157071,1.59391,0.874065
130_bNAb_Combinations|1313920|sample|6|nan|1798,9.6,0.113582,7,6,1,0.930214,0.930218,0.126763,0.12743,-0.813242,-0.850448
130_bNAb_Combinations|1313920|sample|6|nan|1798,48,0.057994,8,6,1,0.814376,0.814387,0.110933,0.110948,-3.67444,-3.67505
130_bNAb_Combinations|1313920|sample|7|nan|1798,0.0000768,0.81364,1,7,1,0.814376,0.814387,0.810092,0.808628,0.0377818,0.0534562
130_bNAb_Combinations|1313920|sample|7|nan|1798,0.000384,0.811293,2,7,1,0.930214,0.930218,0.913639,0.909595,-0.968237,-0.934041
130_bNAb_Combinations|1313920|sample|7|nan|1798,0.00192,0.832548,3,7,1,0.973763,0.973765,0.917225,0.907249,-0.798008,-0.711602
130_bNAb_Combinations|1313920|sample|7|nan|1798,0.0096,0.838533,4,7,1,0.990136,0.990137,0.809651,0.79255,0.307666,0.500189
130_bNAb_Combinations|1313920|sample|7|nan|1798,0.048,0.504533,5,7,1,0.990136,0.990137,0.504913,0.494916,-0.00640343,0.165592
130_bNAb_Combinations|1313920|sample|7|nan|1798,0.24,0.121528,6,7,1,0.973763,0.973765,0.108844,0.119593,0.895115,0.125718
130_bNAb_Combinations|1313920|sample|7|nan|1798,1.2,0.00317308,7,7,1,0.930214,0.930218,0.00198332,0.00328357,0.590177,-0.0510602
130_bNAb_Combinations|1313920|sample|7|nan|1798,6,0.000773603,8,7,1,0.814376,0.814387,0.000663178,0.000663748,0.0591835,0.0588763
130_bNAb_Combinations|1313920|sample|8|nan|1798,0.0000768,0.853369,1,8,1,0.814376,0.814387,0.809385,0.807309,0.468689,0.492044
130_bNAb_Combinations|1313920|sample|8|nan|1798,0.000384,0.858752,2,8,1,0.930214,0.930218,0.911468,0.905731,-0.499888,-0.448261
130_bNAb_Combinations|1313920|sample|8|nan|1798,0.00192,0.804488,3,8,1,0.973763,0.973765,0.911607,0.897618,-1.01561,-0.896501
130_bNAb_Combinations|1313920|sample|8|nan|1798,0.0096,0.786951,4,8,1,0.990136,0.990137,0.798051,0.772903,-0.119921,0.15662
130_bNAb_Combinations|1313920|sample|8|nan|1798,0.048,0.487829,5,8,1,0.990136,0.990137,0.491243,0.469719,-0.059217,0.327991
130_bNAb_Combinations|1313920|sample|8|nan|1798,0.24,0.111628,6,8,1,0.973763,0.973765,0.106468,0.110317,0.371229,0.0914498
130_bNAb_Combinations|1313920|sample|8|nan|1798,1.2,0.0031862,7,8,1,0.930214,0.930218,0.00214616,0.00321793,0.511205,-0.0147184
130_bNAb_Combinations|1313920|sample|8|nan|1798,6,0.000694932,8,8,1,0.814376,0.814387,0.000663216,0.000663944,0.0169984,0.0166072
130_bNAb_Combinations|1313920|sample|9|nan|1798,0.0003648,0.799965,1,9,1,0.814376,0.814387,0.788043,0.786209,0.130404,0.150811
130_bNAb_Combinations|1313920|sample|9|nan|1798,0.001824,0.747006,2,9,1,0.930214,0.930218,0.844507,0.840101,-0.996536,-0.956395
130_bNAb_Combinations|1313920|sample|9|nan|1798,0.00912,0.676214,3,9,1,0.973763,0.973765,0.734546,0.72592,-0.683569,-0.589254
130_bNAb_Combinations|1313920|sample|9|nan|1798,0.0456,0.461861,4,9,1,0.990136,0.990137,0.438092,0.428514,0.460481,0.65998
130_bNAb_Combinations|1313920|sample|9|nan|1798,0.228,0.0981493,5,9,1,0.990136,0.990137,0.10028,0.0976646,-0.161444,0.0375715
130_bNAb_Combinations|1313920|sample|9|nan|1798,1.14,0.00317308,6,9,1,0.973763,0.973765,0.00314594,0.00319358,0.0126378,-0.00951704
130_bNAb_Combinations|1313920|sample|9|nan|1798,5.7,0.000485141,7,9,1,0.930214,0.930218,0.000758198,0.000758726,-0.145506,-0.145782
130_bNAb_Combinations|1313920|sample|9|nan|1798,28.5,0.000563812,8,9,1,0.814376,0.814387,0.000663141,0.000663207,-0.0532364,-0.0532716
130_bNAb_Combinations|1313920|vc|1|2|nan|1798,0,0.838599,1,2,1,0.814376,0.814387,0.814307,0.814387,0.257318,0.256436
130_bNAb_Combinations|1313920|vc|2|2|nan|1798,0,0.91969,2,2,1,0.930214,0.930218,0.929848,0.930218,-0.0944529,-0.0978571
130_bNAb_Combinations|1313920|vc|3|2|nan|1798,0,0.872133,3,2,1,0.930214,0.930218,0.929848,0.930218,-0.53665,-0.539881
130_bNAb_Combinations|1313920|vc|4|2|nan|1798,0,0.947723,4,2,1,0.930214,0.930218,0.929848,0.930218,0.166208,0.162702
130_bNAb_Combinations|1313920|vc|5|2|nan|1798,0,1,5,2,1,0.930214,0.930218,0.929848,0.930218,0.652295,0.648599
130_bNAb_Combinations|1313920|vc|6|2|nan|1798,0,0.938505,6,2,1,0.930214,0.930218,0.929848,0.930218,0.0804995,0.0770268
130_bNAb_Combinations|1313920|vc|7|2|nan|1798,0,0.844873,7,2,1,0.930214,0.930218,0.929848,0.930218,-0.790117,-0.793249
130_bNAb_Combinations|1313920|vc|8|2|nan|1798,0,0.756315,8,2,1,0.814376,0.814387,0.814307,0.814387,-0.614278,-0.615076
130_bNAb_Combinations|1313938|cc|1|1|TRO.11|8301,0,0.000314857,1,1,0,0,0,0,0,0.175861,0.175861
130_bNAb_Combinations|1313938|cc|2|1|TRO.11|8301,0,0.000558156,2,1,0,0,0,0,0,0.311753,0.311753
130_bNAb_Combinations|1313938|cc|3|1|TRO.11|8301,0,0.000586779,3,1,0,0,0,0,0,0.32774,0.32774
130_bNAb_Combinations|1313938|cc|4|1|TRO.11|8301,0,0.000686961,4,1,0,0,0,0,0,0.383696,0.383696
130_bNAb_Combinations|1313938|cc|5|1|TRO.11|8301,0,0.000615402,5,1,0,0,0,0,0,0.343728,0.343728
130_bNAb_Combinations|1313938|cc|6|1|TRO.11|8301,0,0.001102,6,1,0,0,0,0,0,0.615513,0.615513
130_bNAb_Combinations|1313938|cc|7|1|TRO.11|8301,0,0.00120218,7,1,0,0,0,0,0,0.671468,0.671468
130_bNAb_Combinations|1313938|cc|8|1|TRO.11|8301,0,0.000457974,8,1,0,0,0,0,0,0.255797,0.255797
130_bNAb_Combinations|1313938|sample|10|TRO.11|8301,0.0003648,0.972099,1,10,1,0.814376,0.814373,0.768956,0.770912,2.27616,2.24864
130_bNAb_Combinations|1313938|sample|10|TRO.11|8301,0.001824,0.800331,2,10,1,0.930214,0.93021,0.779155,0.784405,0.234225,0.175002
130_bNAb_Combinations|1313938|sample|10|TRO.11|8301,0.00912,0.620841,3,10,1,0.973763,0.973762,0.565116,0.574172,0.843496,0.695566
130_bNAb_Combinations|1313938|sample|10|TRO.11|8301,0.0456,0.181823,4,10,1,0.973763,0.973762,0.185969,0.192774,-0.180748,-0.461771
130_bNAb_Combinations|1313938|sample|10|TRO.11|8301,0.228,0.00905929,5,10,1,0.973763,0.973762,0.00811164,0.00863365,0.349308,0.153534
130_bNAb_Combinations|1313938|sample|10|TRO.11|8301,1.14,0.000415039,6,10,1,0.973763,0.973762,0.0010096,0.00101001,-0.312072,-0.312279
130_bNAb_Combinations|1313938|sample|10|TRO.11|8301,5.7,0.000314857,7,10,1,0.930214,0.93021,0.000963132,0.000963515,-0.341212,-0.341406
130_bNAb_Combinations|1313938|sample|10|TRO.11|8301,28.5,0.000887324,8,10,1,0.814376,0.814373,0.000843447,0.00084353,0.0232609,0.0232166
130_bNAb_Combinations|1313938|sample|11|TRO.11|8301,0.0003712,0.957351,1,11,1,0.814376,0.814373,0.808449,0.808044,1.58847,1.59356
130_bNAb_Combinations|1313938|sample|11|TRO.11|8301,0.001856,0.926724,2,11,1,0.930214,0.93021,0.904641,0.9034,0.210957,0.223116
130_bNAb_Combinations|1313938|sample|11|TRO.11|8301,0.00928,0.826421,3,11,1,0.930214,0.93021,0.837471,0.833787,-0.113868,-0.0762406
130_bNAb_Combinations|1313938|sample|11|TRO.11|8301,0.0464,0.657393,4,11,1,0.930214,0.93021,0.625945,0.619424,0.430901,0.525586
130_bNAb_Combinations|1313938|sample|11|TRO.11|8301,0.2319999999999999,0.217337,5,11,1,0.930214,0.93021,0.216056,0.213367,0.0485884,0.152373
130_bNAb_Combinations|1313938|sample|11|TRO.11|8301,1.16,0.00788574,6,11,1,0.930214,0.93021,0.00783119,0.00813074,0.0203449,-0.0902381
130_bNAb_Combinations|1313938|sample|11|TRO.11|8301,5.8,4.2935e-05,7,11,1,0.930214,0.93021,0.00161797,0.00161889,-0.797731,-0.798154
130_bNAb_Combinations|1313938|sample|11|TRO.11|8301,29,0.00034348,8,11,1,0.814376,0.814373,0.00141631,0.00141645,-0.549759,-0.549826
130_bNAb_Combinations|1313938|sample|12|TRO.11|8301,0.0003712,0.867789,1,12,1,0.814376,0.814373,0.808695,0.808702,0.630211,0.63013
130_bNAb_Combinations|1313938|sample|12|TRO.11|8301,0.001856,0.853241,2,12,1,0.814376,0.814373,0.793131,0.792987,0.653386,0.65507
130_bNAb_Combinations|1313938|sample|12|TRO.11|8301,0.00928,0.83694,3,12,1,0.814376,0.814373,0.73655,0.736013,1.1733,1.18042
130_bNAb_Combinations|1313938|sample|12|TRO.11|8301,0.0464,0.620225,4,12,1,0.814376,0.814373,0.556961,0.55579,0.971257,0.991254
130_bNAb_Combinations|1313938|sample|12|TRO.11|8301,0.2319999999999999,0.188106,5,12,1,0.814376,0.814373,0.200415,0.19953,-0.500692,-0.466604
130_bNAb_Combinations|1313938|sample|12|TRO.11|8301,1.16,0.00864425,6,12,1,0.814376,0.814373,0.008027,0.0080112,0.228332,0.234331
130_bNAb_Combinations|1313938|sample|12|TRO.11|8301,5.8,0,7,12,1,0.814376,0.814373,0.00141734,0.00141751,-0.726255,-0.726334
130_bNAb_Combinations|1313938|sample|12|TRO.11|8301,29,0.000143117,8,12,1,0.814376,0.814373,0.00141631,0.00141645,-0.652433,-0.652499
130_bNAb_Combinations|1313938|sample|3|TRO.11|8301,0.000064,0.999256,1,3,1,0.814376,0.814373,0.813976,0.813929,1.96337,1.96397
130_bNAb_Combinations|1313938|sample|3|TRO.11|8301,0.00032,1,2,3,1,0.930214,0.93021,0.928444,0.928355,0.666337,0.66723
130_bNAb_Combinations|1313938|sample|3|TRO.11|8301,0.0016,0.897106,3,3,1,0.973763,0.973762,0.967859,0.966661,-0.632457,-0.622504
130_bNAb_Combinations|1313938|sample|3|TRO.11|8301,0.008,0.970361,4,3,1,0.973763,0.973762,0.951945,0.948038,0.167321,0.203641
130_bNAb_Combinations|1313938|sample|3|TRO.11|8301,0.04,0.880483,5,3,1,0.973763,0.973762,0.893445,0.883489,-0.125347,-0.0293917
130_bNAb_Combinations|1313938|sample|3|TRO.11|8301,0.2,0.715899,6,3,1,0.973763,0.973762,0.705678,0.689383,0.124573,0.330627
130_bNAb_Combinations|1313938|sample|3|TRO.11|8301,1,0.31236,7,3,1,0.930214,0.93021,0.304266,0.298812,0.222369,0.378683
130_bNAb_Combinations|1313938|sample|3|TRO.11|8301,5,0.0404162,8,3,1,0.814376,0.814373,0.0381789,0.0409937,0.364807,-0.0895033
130_bNAb_Combinations|1313938|sample|4|TRO.11|8301,0.000064,0.979763,1,4,1,0.814376,0.814373,0.813568,0.813497,1.762,1.7629
130_bNAb_Combinations|1313938|sample|4|TRO.11|8301,0.00032,0.958596,2,4,1,0.930214,0.93021,0.92703,0.926901,0.294387,0.295635
130_bNAb_Combinations|1313938|sample|4|TRO.11|8301,0.0016,0.947948,3,4,1,0.973763,0.973762,0.963528,0.962334,-0.139882,-0.129321
130_bNAb_Combinations|1313938|sample|4|TRO.11|8301,0.008,0.949609,4,4,1,0.990136,0.990135,0.95603,0.952266,-0.0580955,-0.0241366
130_bNAb_Combinations|1313938|sample|4|TRO.11|8301,0.04,0.862629,5,4,1,0.990136,0.990135,0.880255,0.871354,-0.172955,-0.0864695
130_bNAb_Combinations|1313938|sample|4|TRO.11|8301,0.2,0.698095,6,4,1,0.973763,0.973762,0.661975,0.647426,0.468609,0.671778
130_bNAb_Combinations|1313938|sample|4|TRO.11|8301,1,0.273174,7,4,1,0.930214,0.93021,0.287463,0.277693,-0.414354,-0.135394
130_bNAb_Combinations|1313938|sample|4|TRO.11|8301,5,0.0442374,8,4,1,0.814376,0.814373,0.0440618,0.0432575,0.0258164,0.146036
130_bNAb_Combinations|1313938|sample|5|TRO.11|8301,0.0006144,0.941673,1,5,1,0.814376,0.814373,0.809869,0.809251,1.40365,1.41128
130_bNAb_Combinations|1313938|sample|5|TRO.11|8301,0.003072,0.958739,2,5,1,0.930214,0.93021,0.912931,0.911068,0.433697,0.452242
130_bNAb_Combinations|1313938|sample|5|TRO.11|8301,0.01536,0.915761,3,5,1,0.973763,0.973762,0.915342,0.909516,0.00396015,0.0593435
130_bNAb_Combinations|1313938|sample|5|TRO.11|8301,0.0768,0.82456,4,5,1,0.990136,0.990135,0.807198,0.793711,0.185502,0.335084
130_bNAb_Combinations|1313938|sample|5|TRO.11|8301,0.384,0.514634,5,5,1,0.990136,0.990135,0.516851,0.497679,-0.0366056,0.290342
130_bNAb_Combinations|1313938|sample|5|TRO.11|8301,1.92,0.141399,6,5,1,0.973763,0.973762,0.153806,0.144361,-0.643363,-0.16265
130_bNAb_Combinations|1313938|sample|5|TRO.11|8301,9.6,0.0210382,7,5,1,0.930214,0.93021,0.0204561,0.0196196,0.14139,0.352709
130_bNAb_Combinations|1313938|sample|5|TRO.11|8301,48,0.00739914,8,5,1,0.814376,0.814373,0.0094693,0.00945471,-0.721972,-0.7173
130_bNAb_Combinations|1313938|sample|6|TRO.11|8301,0.0006144,0.9722,1,6,1,0.814376,0.814373,0.808886,0.809234,1.74128,1.73683
130_bNAb_Combinations|1313938|sample|6|TRO.11|8301,0.003072,0.899854,2,6,1,0.930214,0.93021,0.910043,0.911033,-0.0967619,-0.106055
130_bNAb_Combinations|1313938|sample|6|TRO.11|8301,0.01536,0.850665,3,6,1,0.973763,0.973762,0.908373,0.909489,-0.549059,-0.558996
130_bNAb_Combinations|1313938|sample|6|TRO.11|8301,0.0768,0.801476,4,6,1,0.990136,0.990135,0.79467,0.793884,0.0738384,0.0824411
130_bNAb_Combinations|1313938|sample|6|TRO.11|8301,0.384,0.527478,5,6,1,0.990136,0.990135,0.506687,0.498509,0.349912,0.495302
130_bNAb_Combinations|1313938|sample|6|TRO.11|8301,1.92,0.143947,6,6,1,0.973763,0.973762,0.15667,0.145363,-0.648827,-0.0772802
130_bNAb_Combinations|1313938|sample|6|TRO.11|8301,9.6,0.0206374,7,6,1,0.930214,0.93021,0.0223533,0.0198196,-0.396022,0.202214
130_bNAb_Combinations|1313938|sample|6|TRO.11|8301,48,0.00800023,8,6,1,0.814376,0.814373,0.00955963,0.00946141,-0.541903,-0.509749
130_bNAb_Combinations|1313938|sample|7|TRO.11|8301,0.0000768,0.947047,1,7,1,0.814376,0.814373,0.799934,0.799316,1.58576,1.59362
130_bNAb_Combinations|1313938|sample|7|TRO.11|8301,0.000384,0.922266,2,7,1,0.930214,0.93021,0.880283,0.878627,0.411966,0.429006
130_bNAb_Combinations|1313938|sample|7|TRO.11|8301,0.00192,0.797075,3,7,1,0.973763,0.973762,0.822598,0.818079,-0.267681,-0.221481
130_bNAb_Combinations|1313938|sample|7|TRO.11|8301,0.0096,0.572639,4,7,1,0.990136,0.990135,0.590848,0.582757,-0.26394,-0.148644
130_bNAb_Combinations|1313938|sample|7|TRO.11|8301,0.048,0.211555,5,7,1,0.990136,0.990135,0.207091,0.200882,0.176147,0.43319
130_bNAb_Combinations|1313938|sample|7|TRO.11|8301,0.24,0.00928828,6,7,1,0.973763,0.973762,0.010544,0.0100297,-0.420027,-0.252948
130_bNAb_Combinations|1313938|sample|7|TRO.11|8301,1.2,0.000157428,7,7,1,0.930214,0.93021,0.000966074,0.000966289,-0.425546,-0.425654
130_bNAb_Combinations|1313938|sample|7|TRO.11|8301,6,0.001102,8,7,1,0.814376,0.814373,0.000843447,0.00084353,0.137068,0.137023
130_bNAb_Combinations|1313938|sample|8|TRO.11|8301,0.0000768,0.992465,1,8,1,0.814376,0.814373,0.799074,0.799711,2.0868,2.0783
130_bNAb_Combinations|1313938|sample|8|TRO.11|8301,0.000384,0.918846,2,8,1,0.930214,0.93021,0.87822,0.880108,0.399563,0.380192
130_bNAb_Combinations|1313938|sample|8|TRO.11|8301,0.00192,0.798592,3,8,1,0.973763,0.973762,0.819082,0.822734,-0.215804,-0.253162
130_bNAb_Combinations|1313938|sample|8|TRO.11|8301,0.0096,0.614093,4,8,1,0.990136,0.990135,0.588365,0.593871,0.374448,0.291657
130_bNAb_Combinations|1313938|sample|8|TRO.11|8301,0.048,0.216235,5,8,1,0.990136,0.990135,0.210052,0.213666,0.240788,0.0984845
130_bNAb_Combinations|1313938|sample|8|TRO.11|8301,0.24,0.0118501,6,8,1,0.973763,0.973762,0.0117785,0.0119855,0.022865,-0.0429451
130_bNAb_Combinations|1313938|sample|8|TRO.11|8301,1.2,0.000787142,7,8,1,0.930214,0.93021,0.000968178,0.000968428,-0.0952574,-0.0953873
130_bNAb_Combinations|1313938|sample|8|TRO.11|8301,6,0.000543844,8,8,1,0.814376,0.814373,0.000843447,0.00084353,-0.158831,-0.158874
130_bNAb_Combinations|1313938|sample|9|TRO.11|8301,0.0003648,0.965087,1,9,1,0.814376,0.814373,0.772828,0.771594,2.14363,2.16077
130_bNAb_Combinations|1313938|sample|9|TRO.11|8301,0.001824,0.834471,2,9,1,0.930214,0.93021,0.788158,0.78528,0.506536,0.539944
130_bNAb_Combinations|1313938|sample|9|TRO.11|8301,0.00912,0.637786,3,9,1,0.973763,0.973762,0.578018,0.573202,0.88503,0.964174
130_bNAb_Combinations|1313938|sample|9|TRO.11|8301,0.0456,0.173393,4,9,1,0.990136,0.990135,0.194529,0.191879,-0.883783,-0.782826
130_bNAb_Combinations|1313938|sample|9|TRO.11|8301,0.228,0.00868719,5,9,1,0.990136,0.990135,0.0079559,0.00794448,0.271327,0.275696
130_bNAb_Combinations|1313938|sample|9|TRO.11|8301,1.14,0.00025761,6,9,1,0.973763,0.973762,0.00100914,0.00100951,-0.394472,-0.394656
130_bNAb_Combinations|1313938|sample|9|TRO.11|8301,5.7,0.000543844,7,9,1,0.930214,0.93021,0.000963132,0.000963515,-0.220687,-0.220884
130_bNAb_Combinations|1313938|sample|9|TRO.11|8301,28.5,0.00104475,8,9,1,0.814376,0.814373,0.000843447,0.00084353,0.106719,0.106675
130_bNAb_Combinations|1313938|vc|1|2|TRO.11|8301,0,0.914116,1,2,1,0.814376,0.814373,0.814292,0.814373,1.0574,1.05645
130_bNAb_Combinations|1313938|vc|2|2|TRO.11|8301,0,0.902924,2,2,1,0.930214,0.93021,0.92984,0.93021,-0.250279,-0.25362
130_bNAb_Combinations|1313938|vc|3|2|TRO.11|8301,0,0.968414,3,2,1,0.930214,0.93021,0.92984,0.93021,0.358671,0.355091
130_bNAb_Combinations|1313938|vc|4|2|TRO.11|8301,0,0.926266,4,2,1,0.930214,0.93021,0.92984,0.93021,-0.0332342,-0.0366605
130_bNAb_Combinations|1313938|vc|5|2|TRO.11|8301,0,0.902967,5,2,1,0.930214,0.93021,0.92984,0.93021,-0.24988,-0.253221
130_bNAb_Combinations|1313938|vc|6|2|TRO.11|8301,0,0.92744,6,2,1,0.930214,0.93021,0.92984,0.93021,-0.022322,-0.0257526
130_bNAb_Combinations|1313938|vc|7|2|TRO.11|8301,0,0.886129,7,2,1,0.930214,0.93021,0.92984,0.93021,-0.406442,-0.409723
130_bNAb_Combinations|1313938|vc|8|2|TRO.11|8301,0,0.777732,8,2,1,0.814376,0.814373,0.814292,0.814373,-0.387269,-0.388084
130_bNAb_Combinations|1313956|cc|1|1|Ce1176_A3|7023,0,0.000508745,1,1,0,0,0,0,0,0.284155,0.284155
130_bNAb_Combinations|1313956|cc|2|1|Ce1176_A3|7023,0,0.000481245,2,1,0,0,0,0,0,0.268795,0.268795
130_bNAb_Combinations|1313956|cc|3|1|Ce1176_A3|7023,0,0.000632494,3,1,0,0,0,0,0,0.353274,0.353274
130_bNAb_Combinations|1313956|cc|4|1|Ce1176_A3|7023,0,0.00112749,4,1,0,0,0,0,0,0.629749,0.629749
130_bNAb_Combinations|1313956|cc|5|1|Ce1176_A3|7023,0,0.00140249,5,1,0,0,0,0,0,0.783347,0.783347
130_bNAb_Combinations|1313956|cc|6|1|Ce1176_A3|7023,0,0.00147124,6,1,0,0,0,0,0,0.821746,0.821746
130_bNAb_Combinations|1313956|cc|7|1|Ce1176_A3|7023,0,0.00120999,7,1,0,0,0,0,0,0.675829,0.675829
130_bNAb_Combinations|1313956|cc|8|1|Ce1176_A3|7023,0,0.00149874,8,1,0,0,0,0,0,0.837106,0.837106
130_bNAb_Combinations|1313956|sample|10|Ce1176_A3|7023,0.0003648,0.703622,1,10,1,0.814376,0.725696,0.687586,0.686547,0.200467,0.213767
130_bNAb_Combinations|1313956|sample|10|Ce1176_A3|7023,0.001824,0.749608,2,10,1,0.930214,0.847608,0.715969,0.715675,0.404208,0.407906
130_bNAb_Combinations|1313956|sample|10|Ce1176_A3|7023,0.00912,0.514314,3,10,1,0.973763,0.915337,0.546801,0.54722,-0.507773,-0.513939
130_bNAb_Combinations|1313956|sample|10|Ce1176_A3|7023,0.0456,0.208599,4,10,1,0.973763,0.915337,0.193972,0.194659,0.613247,0.58256
130_bNAb_Combinations|1313956|sample|10|Ce1176_A3|7023,0.228,0.00944616,5,10,1,0.973763,0.915337,0.0102622,0.010387,-0.275927,-0.316586
130_bNAb_Combinations|1313956|sample|10|Ce1176_A3|7023,1.14,0.000343747,6,10,1,0.973763,0.915337,0.000630073,0.000630008,-0.15377,-0.153736
130_bNAb_Combinations|1313956|sample|10|Ce1176_A3|7023,5.7,0.000233748,7,10,1,0.930214,0.847608,0.000580223,0.000579799,-0.186641,-0.186418
130_bNAb_Combinations|1313956|sample|10|Ce1176_A3|7023,28.5,0.000398746,8,10,1,0.814376,0.725696,0.000497202,0.000496407,-0.0533079,-0.05288
130_bNAb_Combinations|1313956|sample|11|Ce1176_A3|7023,0.0003712,0.688607,1,11,1,0.814376,0.725696,0.724385,0.722329,-0.42503,-0.401722
130_bNAb_Combinations|1313956|sample|11|Ce1176_A3|7023,0.001856,0.732462,2,11,1,0.930214,0.847608,0.837242,0.833522,-1.08004,-1.04626
130_bNAb_Combinations|1313956|sample|11|Ce1176_A3|7023,0.00928,0.765771,3,11,1,0.930214,0.847608,0.807048,0.798038,-0.441083,-0.348625
130_bNAb_Combinations|1313956|sample|11|Ce1176_A3|7023,0.0464,0.662853,4,11,1,0.930214,0.847608,0.70233,0.683566,-0.483372,-0.260417
130_bNAb_Combinations|1313956|sample|11|Ce1176_A3|7023,0.2319999999999999,0.428576,5,11,1,0.930214,0.847608,0.421796,0.401092,0.136242,0.579732
130_bNAb_Combinations|1313956|sample|11|Ce1176_A3|7023,1.16,0.0788005,6,11,1,0.930214,0.847608,0.0785481,0.0771313,0.0235313,0.15802
130_bNAb_Combinations|1313956|sample|11|Ce1176_A3|7023,5.8,0.00151248,7,11,1,0.930214,0.847608,0.00277561,0.00307835,-0.599757,-0.731545
130_bNAb_Combinations|1313956|sample|11|Ce1176_A3|7023,29,0.000233748,8,11,1,0.814376,0.725696,0.00155859,0.0015567,-0.673312,-0.672425
130_bNAb_Combinations|1313956|sample|12|Ce1176_A3|7023,0.0003712,0.632164,1,12,1,0.814376,0.725696,0.722212,0.719317,-1.07288,-1.04248
130_bNAb_Combinations|1313956|sample|12|Ce1176_A3|7023,0.001856,0.613698,2,12,1,0.814376,0.725696,0.711141,0.705513,-1.17867,-1.11926
130_bNAb_Combinations|1313956|sample|12|Ce1176_A3|7023,0.00928,0.591375,3,12,1,0.814376,0.725696,0.674785,0.663337,-1.06205,-0.93173
130_bNAb_Combinations|1313956|sample|12|Ce1176_A3|7023,0.0464,0.519222,4,12,1,0.814376,0.725696,0.565679,0.54653,-0.702524,-0.427014
130_bNAb_Combinations|1313956|sample|12|Ce1176_A3|7023,0.2319999999999999,0.330526,5,12,1,0.814376,0.725696,0.319157,0.304075,0.298491,0.727181
130_bNAb_Combinations|1313956|sample|12|Ce1176_A3|7023,1.16,0.0625069,6,12,1,0.814376,0.725696,0.0602116,0.0616911,0.265697,0.0926241
130_bNAb_Combinations|1313956|sample|12|Ce1176_A3|7023,5.8,0.00237873,7,12,1,0.814376,0.725696,0.00267903,0.00322115,-0.143337,-0.390602
130_bNAb_Combinations|1313956|sample|12|Ce1176_A3|7023,29,0.000769992,8,12,1,0.814376,0.725696,0.00155965,0.00156033,-0.401298,-0.401629
130_bNAb_Combinations|1313956|sample|3|Ce1176_A3|7023,0.000064,0.742974,1,3,1,0.814376,0.725696,0.723637,0.722257,0.22994,0.24682
130_bNAb_Combinations|1313956|sample|3|Ce1176_A3|7023,0.00032,0.893054,2,3,1,0.930214,0.847608,0.838923,0.837729,0.556871,0.569946
130_bNAb_Combinations|1313956|sample|3|Ce1176_A3|7023,0.0016,0.908543,3,3,1,0.973763,0.915337,0.891001,0.889319,0.170099,0.18675
130_bNAb_Combinations|1313956|sample|3|Ce1176_A3|7023,0.008,0.937844,4,3,1,0.973763,0.915337,0.85625,0.853135,0.822714,0.857186
130_bNAb_Combinations|1313956|sample|3|Ce1176_A3|7023,0.04,0.777115,5,3,1,0.973763,0.915337,0.778894,0.773392,-0.019683,0.0414805
130_bNAb_Combinations|1313956|sample|3|Ce1176_A3|7023,0.2,0.561758,6,3,1,0.973763,0.915337,0.630565,0.622485,-0.936057,-0.836592
130_bNAb_Combinations|1313956|sample|3|Ce1176_A3|7023,1,0.368964,7,3,1,0.930214,0.847608,0.390088,0.382451,-0.457663,-0.297809
130_bNAb_Combinations|1313956|sample|3|Ce1176_A3|7023,5,0.208888,8,3,1,0.814376,0.725696,0.194851,0.191043,0.586068,0.758772
130_bNAb_Combinations|1313956|sample|4|Ce1176_A3|7023,0.000064,0.71326,1,4,1,0.814376,0.725696,0.724981,0.722327,-0.139127,-0.108005
130_bNAb_Combinations|1313956|sample|4|Ce1176_A3|7023,0.00032,0.883119,2,4,1,0.930214,0.847608,0.842191,0.837848,0.419441,0.466317
130_bNAb_Combinations|1313956|sample|4|Ce1176_A3|7023,0.0016,0.934819,3,4,1,0.973763,0.915337,0.897826,0.889411,0.356024,0.441074
130_bNAb_Combinations|1313956|sample|4|Ce1176_A3|7023,0.008,0.950487,4,4,1,0.990136,0.952965,0.903146,0.88789,0.452978,0.609069
130_bNAb_Combinations|1313956|sample|4|Ce1176_A3|7023,0.04,0.817519,5,4,1,0.990136,0.952965,0.824454,0.803325,-0.072579,0.152365
130_bNAb_Combinations|1313956|sample|4|Ce1176_A3|7023,0.2,0.59253,6,4,1,0.973763,0.915337,0.630687,0.617276,-0.518998,-0.343709
130_bNAb_Combinations|1313956|sample|4|Ce1176_A3|7023,1,0.33859,7,4,1,0.930214,0.847608,0.36293,0.374393,-0.565144,-0.806881
130_bNAb_Combinations|1313956|sample|4|Ce1176_A3|7023,5,0.207004,8,4,1,0.814376,0.725696,0.168526,0.18545,1.83597,0.941967
130_bNAb_Combinations|1313956|sample|5|Ce1176_A3|7023,0.0006144,0.687672,1,5,1,0.814376,0.725696,0.717355,0.715802,-0.356,-0.338089
130_bNAb_Combinations|1313956|sample|5|Ce1176_A3|7023,0.003072,0.893274,2,5,1,0.930214,0.847608,0.820355,0.818753,0.766811,0.785156
130_bNAb_Combinations|1313956|sample|5|Ce1176_A3|7023,0.01536,0.886089,3,5,1,0.973763,0.915337,0.84193,0.839508,0.45269,0.478875
130_bNAb_Combinations|1313956|sample|5|Ce1176_A3|7023,0.0768,0.71535,4,5,1,0.990136,0.952965,0.775979,0.772146,-0.673307,-0.633803
130_bNAb_Combinations|1313956|sample|5|Ce1176_A3|7023,0.384,0.488319,5,5,1,0.990136,0.952965,0.593587,0.588982,-1.51897,-1.46358
130_bNAb_Combinations|1313956|sample|5|Ce1176_A3|7023,1.92,0.393054,6,5,1,0.973763,0.915337,0.354175,0.351053,0.924072,1.00677
130_bNAb_Combinations|1313956|sample|5|Ce1176_A3|7023,9.6,0.204928,7,5,1,0.930214,0.847608,0.194099,0.193061,0.453756,0.499682
130_bNAb_Combinations|1313956|sample|5|Ce1176_A3|7023,48,0.100326,8,5,1,0.814376,0.725696,0.129037,0.128707,-1.74362,-1.72752
130_bNAb_Combinations|1313956|sample|6|Ce1176_A3|7023,0.0006144,0.700267,1,6,1,0.814376,0.725696,0.715888,0.712994,-0.187731,-0.153556
130_bNAb_Combinations|1313956|sample|6|Ce1176_A3|7023,0.003072,0.779562,2,6,1,0.930214,0.847608,0.816437,0.811606,-0.3896,-0.34053
130_bNAb_Combinations|1313956|sample|6|Ce1176_A3|7023,0.01536,0.830994,3,6,1,0.973763,0.915337,0.832753,0.823713,-0.0182327,0.0762506
130_bNAb_Combinations|1313956|sample|6|Ce1176_A3|7023,0.0768,0.671062,4,6,1,0.990136,0.952965,0.757589,0.74271,-0.983764,-0.830581
130_bNAb_Combinations|1313956|sample|6|Ce1176_A3|7023,0.384,0.520893,5,6,1,0.990136,0.952965,0.566177,0.548875,-0.684208,-0.435744
130_bNAb_Combinations|1313956|sample|6|Ce1176_A3|7023,1.92,0.352251,6,6,1,0.973763,0.915337,0.329678,0.318659,0.574562,0.883214
130_bNAb_Combinations|1313956|sample|6|Ce1176_A3|7023,9.6,0.186758,7,6,1,0.930214,0.847608,0.183248,0.179973,0.155052,0.304787
130_bNAb_Combinations|1313956|sample|6|Ce1176_A3|7023,48,0.0915191,8,6,1,0.814376,0.725696,0.126748,0.126115,-2.17381,-2.14428
130_bNAb_Combinations|1313956|sample|7|Ce1176_A3|7023,0.0000768,0.644896,1,7,1,0.814376,0.725696,0.717964,0.717809,-0.875605,-0.873937
130_bNAb_Combinations|1313956|sample|7|Ce1176_A3|7023,0.000384,0.807536,2,7,1,0.930214,0.847608,0.814628,0.817042,-0.0750905,-0.100362
130_bNAb_Combinations|1313956|sample|7|Ce1176_A3|7023,0.00192,0.874608,3,7,1,0.973763,0.915337,0.801992,0.809124,0.780773,0.697999
130_bNAb_Combinations|1313956|sample|7|Ce1176_A3|7023,0.0096,0.712752,4,7,1,0.990136,0.952965,0.617866,0.630478,1.3167,1.1194
130_bNAb_Combinations|1313956|sample|7|Ce1176_A3|7023,0.048,0.234181,5,7,1,0.990136,0.952965,0.234025,0.241891,0.00550073,-0.263116
130_bNAb_Combinations|1313956|sample|7|Ce1176_A3|7023,0.24,0.0112199,6,7,1,0.973763,0.915337,0.0114746,0.0114412,-0.0822938,-0.0715792
130_bNAb_Combinations|1313956|sample|7|Ce1176_A3|7023,1.2,0.000769992,7,7,1,0.930214,0.847608,0.000582224,0.000581253,0.101136,0.101665
130_bNAb_Combinations|1313956|sample|7|Ce1176_A3|7023,6,0.000536245,8,7,1,0.814376,0.725696,0.000497202,0.000496407,0.0211394,0.0215709
130_bNAb_Combinations|1313956|sample|8|Ce1176_A3|7023,0.0000768,0.696355,1,8,1,0.814376,0.725696,0.721848,0.718935,-0.30389,-0.270229
130_bNAb_Combinations|1313956|sample|8|Ce1176_A3|7023,0.000384,0.873701,2,8,1,0.930214,0.847608,0.82679,0.820603,0.489536,0.558201
130_bNAb_Combinations|1313956|sample|8|Ce1176_A3|7023,0.00192,0.872793,3,8,1,0.973763,0.915337,0.832953,0.818422,0.41274,0.573091
130_bNAb_Combinations|1313956|sample|8|Ce1176_A3|7023,0.0096,0.757666,4,8,1,0.990136,0.952965,0.672025,0.647876,1.09482,1.45461
130_bNAb_Combinations|1313956|sample|8|Ce1176_A3|7023,0.048,0.240416,5,8,1,0.990136,0.952965,0.264956,0.254799,-0.768655,-0.467424
130_bNAb_Combinations|1313956|sample|8|Ce1176_A3|7023,0.24,0.0117424,6,8,1,0.973763,0.915337,0.00998892,0.0118622,0.599174,-0.038163
130_bNAb_Combinations|1313956|sample|8|Ce1176_A3|7023,1.2,0.000178748,7,8,1,0.930214,0.847608,0.000580451,0.000580902,-0.216389,-0.216626
130_bNAb_Combinations|1313956|sample|8|Ce1176_A3|7023,6,0.000316247,8,8,1,0.814376,0.725696,0.000497202,0.000496407,-0.0979763,-0.0975506
130_bNAb_Combinations|1313956|sample|9|Ce1176_A3|7023,0.0003648,0.758106,1,9,1,0.814376,0.725696,0.700736,0.696173,0.704012,0.764889
130_bNAb_Combinations|1313956|sample|9|Ce1176_A3|7023,0.001824,0.682688,2,9,1,0.930214,0.847608,0.747781,0.739031,-0.749581,-0.65634
130_bNAb_Combinations|1313956|sample|9|Ce1176_A3|7023,0.00912,0.715818,3,9,1,0.973763,0.915337,0.593871,0.582953,1.75882,1.95124
130_bNAb_Combinations|1313956|sample|9|Ce1176_A3|7023,0.0456,0.196719,4,9,1,0.990136,0.952965,0.218059,0.218756,-0.802514,-0.826266
130_bNAb_Combinations|1313956|sample|9|Ce1176_A3|7023,0.228,0.00966615,5,9,1,0.990136,0.952965,0.00768666,0.00944998,0.742881,0.0754474
130_bNAb_Combinations|1313956|sample|9|Ce1176_A3|7023,1.14,0.000756242,6,9,1,0.973763,0.915337,0.000626602,0.000627041,0.0696377,0.0694001
130_bNAb_Combinations|1313956|sample|9|Ce1176_A3|7023,5.7,0.000439996,7,9,1,0.930214,0.847608,0.000580223,0.000579799,-0.0755385,-0.0753123
130_bNAb_Combinations|1313956|sample|9|Ce1176_A3|7023,28.5,0,8,9,1,0.814376,0.725696,0.000497202,0.000496407,-0.269205,-0.268788
130_bNAb_Combinations|1313956|vc|1|2|Ce1176_A3|7023,0,0.749127,1,2,1,0.814376,0.725696,0.726858,0.725696,0.263657,0.277854
130_bNAb_Combinations|1313956|vc|2|2|Ce1176_A3|7023,0,0.930921,2,2,1,0.930214,0.847608,0.848227,0.847608,0.84155,0.848459
130_bNAb_Combinations|1313956|vc|3|2|Ce1176_A3|7023,0,1,3,2,1,0.930214,0.847608,0.848227,0.847608,1.54455,1.55196
130_bNAb_Combinations|1313956|vc|4|2|Ce1176_A3|7023,0,0.968987,4,2,1,0.930214,0.847608,0.848227,0.847608,1.22894,1.23613
130_bNAb_Combinations|1313956|vc|5|2|Ce1176_A3|7023,0,0.924369,5,2,1,0.930214,0.847608,0.848227,0.847608,0.774874,0.781735
130_bNAb_Combinations|1313956|vc|6|2|Ce1176_A3|7023,0,0.980379,6,2,1,0.930214,0.847608,0.848227,0.847608,1.34487,1.35214
130_bNAb_Combinations|1313956|vc|7|2|Ce1176_A3|7023,0,0.892036,7,2,1,0.930214,0.847608,0.848227,0.847608,0.445833,0.452459
130_bNAb_Combinations|1313956|vc|8|2|Ce1176_A3|7023,0,0.653015,8,2,1,0.814376,0.725696,0.726858,0.725696,-0.874297,-0.861885
130_bNAb_Combinations|1313974|cc|1|1|nan|1176,0,0,1,1,0,0,0,0,0,0,0
130_bNAb_Combinations|1313974|cc|2|1|nan|1176,0,0.00187935,2,1,0,0,0,0,0,1.04969,1.04969
130_bNAb_Combinations|1313974|cc|3|1|nan|1176,0,0.00338282,3,1,0,0,0,0,0,1.88945,1.88945
130_bNAb_Combinations|1313974|cc|4|1|nan|1176,0,0.00250579,4,1,0,0,0,0,0,1.39959,1.39959
130_bNAb_Combinations|1313974|cc|5|1|nan|1176,0,0.00425985,5,1,0,0,0,0,0,2.3793,2.3793
130_bNAb_Combinations|1313974|cc|6|1|nan|1176,0,0.00200464,6,1,0,0,0,0,0,1.11967,1.11967
130_bNAb_Combinations|1313974|cc|7|1|nan|1176,0,0.00701623,7,1,0,0,0,0,0,3.91885,3.91885
130_bNAb_Combinations|1313974|cc|8|1|nan|1176,0,0.00275637,8,1,0,0,0,0,0,1.53955,1.53955
130_bNAb_Combinations|1313974|sample|10|nan|1176,0.0003648,0.564806,1,10,1,0.814376,0.814373,0.809777,0.808581,-2.60911,-2.60014
130_bNAb_Combinations|1313974|sample|10|nan|1176,0.001824,0.969555,2,10,1,0.930214,0.930212,0.915235,0.912328,0.513005,0.542155
130_bNAb_Combinations|1313974|sample|10|nan|1176,0.00912,0.987972,3,10,1,0.973763,0.973763,0.930785,0.923949,0.531217,0.599042
130_bNAb_Combinations|1313974|sample|10|nan|1176,0.0456,0.768277,4,10,1,0.973763,0.973763,0.858783,0.846597,-0.909936,-0.798549
130_bNAb_Combinations|1313974|sample|10|nan|1176,0.228,0.6812,5,10,1,0.973763,0.973763,0.694718,0.680158,-0.167284,0.0131673
130_bNAb_Combinations|1313974|sample|10|nan|1176,1.14,0.388273,6,10,1,0.973763,0.973763,0.426961,0.421393,-0.768365,-0.666171
130_bNAb_Combinations|1313974|sample|10|nan|1176,5.7,0.221387,7,10,1,0.930214,0.930212,0.18481,0.188961,1.60357,1.39277
130_bNAb_Combinations|1313974|sample|10|nan|1176,28.5,0.0676565,8,10,1,0.814376,0.814373,0.0896045,0.0919197,-1.83182,-1.9815
130_bNAb_Combinations|1313974|sample|11|nan|1176,0.0003712,0.686964,1,11,1,0.814376,0.814373,0.789839,0.788005,-1.12281,-1.10532
130_bNAb_Combinations|1313974|sample|11|nan|1176,0.001856,0.787446,2,11,1,0.930214,0.930212,0.850409,0.846445,-0.639145,-0.60166
130_bNAb_Combinations|1313974|sample|11|nan|1176,0.00928,0.683957,3,11,1,0.930214,0.930212,0.716642,0.710546,-0.392385,-0.321883
130_bNAb_Combinations|1313974|sample|11|nan|1176,0.0464,0.431373,4,11,1,0.930214,0.930212,0.439105,0.435354,-0.149477,-0.0775974
130_bNAb_Combinations|1313974|sample|11|nan|1176,0.2319999999999999,0.127921,5,11,1,0.930214,0.930212,0.11654,0.119001,0.756455,0.582046
130_bNAb_Combinations|1313974|sample|11|nan|1176,1.16,0.00889557,6,11,1,0.930214,0.930212,0.010032,0.010709,-0.387663,-0.602809
130_bNAb_Combinations|1313974|sample|11|nan|1176,5.8,0.00664036,7,11,1,0.930214,0.930212,0.00647656,0.00648156,0.0648182,0.0628242
130_bNAb_Combinations|1313974|sample|11|nan|1176,29,0.0085197,8,11,1,0.814376,0.814373,0.00566918,0.00566974,1.17057,1.17031
130_bNAb_Combinations|1313974|sample|12|nan|1176,0.0003712,0.62507,1,12,1,0.814376,0.814373,0.765371,0.766681,-1.57925,-1.59132
130_bNAb_Combinations|1313974|sample|12|nan|1176,0.001856,0.659149,2,12,1,0.814376,0.814373,0.693413,0.694884,-0.424815,-0.442129
130_bNAb_Combinations|1313974|sample|12|nan|1176,0.00928,0.546764,3,12,1,0.814376,0.814373,0.538039,0.537827,0.138524,0.141953
130_bNAb_Combinations|1313974|sample|12|nan|1176,0.0464,0.27877,4,12,1,0.814376,0.814373,0.284279,0.279783,-0.161446,-0.0301374
130_bNAb_Combinations|1313974|sample|12|nan|1176,0.2319999999999999,0.0630207,5,12,1,0.814376,0.814373,0.063651,0.0592815,-0.0697955,0.438217
130_bNAb_Combinations|1313974|sample|12|nan|1176,1.16,0.00413456,6,12,1,0.814376,0.814373,0.00746883,0.00704975,-1.26305,-1.12461
130_bNAb_Combinations|1313974|sample|12|nan|1176,5.8,0.0072668,7,12,1,0.814376,0.814373,0.00567179,0.00567105,0.654912,0.655239
130_bNAb_Combinations|1313974|sample|12|nan|1176,29,0.00375869,8,12,1,0.814376,0.814373,0.00566918,0.00566974,-0.78454,-0.78475
130_bNAb_Combinations|1313974|sample|3|nan|1176,0.000064,0.544885,1,3,1,0.814376,0.814373,0.73286,0.732895,-2.20777,-2.20807
130_bNAb_Combinations|1313974|sample|3|nan|1176,0.00032,0.833553,2,3,1,0.930214,0.930212,0.772462,0.771769,0.681462,0.689797
130_bNAb_Combinations|1313974|sample|3|nan|1176,0.0016,0.76765,3,3,1,0.973763,0.973763,0.703695,0.700793,0.781604,0.820379
130_bNAb_Combinations|1313974|sample|3|nan|1176,0.008,0.763766,4,3,1,0.973763,0.973763,0.554547,0.548413,3.22561,3.35628
130_bNAb_Combinations|1313974|sample|3|nan|1176,0.04,0.33966,5,3,1,0.973763,0.973763,0.372418,0.363008,-0.742,-0.541989
130_bNAb_Combinations|1313974|sample|3|nan|1176,0.2,0.074798,6,3,1,0.973763,0.973763,0.196203,0.186044,-5.03639,-4.84728
130_bNAb_Combinations|1313974|sample|3|nan|1176,1,0.0275637,7,3,1,0.930214,0.930212,0.0705936,0.0638328,-4.38214,-4.00744
130_bNAb_Combinations|1313974|sample|3|nan|1176,5,0.0219257,8,3,1,0.814376,0.814373,0.0155602,0.0130932,1.788,2.69323
130_bNAb_Combinations|1313974|sample|4|nan|1176,0.000064,0.596254,1,4,1,0.814376,0.814373,0.736775,0.74609,-1.64184,-1.72926
130_bNAb_Combinations|1313974|sample|4|nan|1176,0.00032,0.751363,2,4,1,0.930214,0.930212,0.774323,0.789115,-0.25552,-0.41241
130_bNAb_Combinations|1313974|sample|4|nan|1176,0.0016,0.81952,3,4,1,0.973763,0.973763,0.697665,0.715977,1.5018,1.24418
130_bNAb_Combinations|1313974|sample|4|nan|1176,0.008,0.746852,4,4,1,0.990136,0.990136,0.542787,0.560026,3.21239,2.85295
130_bNAb_Combinations|1313974|sample|4|nan|1176,0.04,0.327758,5,4,1,0.990136,0.990136,0.340451,0.35006,-0.313321,-0.53604
130_bNAb_Combinations|1313974|sample|4|nan|1176,0.2,0.106747,6,4,1,0.973763,0.973763,0.153302,0.153386,-2.42144,-2.42459
130_bNAb_Combinations|1313974|sample|4|nan|1176,1,0.0308213,7,4,1,0.930214,0.930212,0.0427473,0.0397163,-1.79278,-1.41022
130_bNAb_Combinations|1313974|sample|4|nan|1176,5,0.0120278,8,4,1,0.814376,0.814373,0.00637516,0.00517303,2.24717,2.8817
130_bNAb_Combinations|1313974|sample|5|nan|1176,0.0006144,0.585729,1,5,1,0.814376,0.814373,0.571406,0.55791,0.214486,0.426393
130_bNAb_Combinations|1313974|sample|5|nan|1176,0.003072,0.613794,2,5,1,0.930214,0.930212,0.536253,0.519554,1.23511,1.54792
130_bNAb_Combinations|1313974|sample|5|nan|1176,0.01536,0.526467,3,5,1,0.973763,0.973763,0.417889,0.401107,2.20154,2.64415
130_bNAb_Combinations|1313974|sample|5|nan|1176,0.0768,0.174278,4,5,1,0.990136,0.990136,0.275627,0.262015,-3.0583,-2.77731
130_bNAb_Combinations|1313974|sample|5|nan|1176,0.384,0.0800601,5,5,1,0.990136,0.990136,0.149322,0.140769,-3.68933,-3.41046
130_bNAb_Combinations|1313974|sample|5|nan|1176,1.92,0.03458,6,5,1,0.973763,0.973763,0.0640462,0.0600613,-3.24707,-2.95557
130_bNAb_Combinations|1313974|sample|5|nan|1176,9.6,0.0281902,7,5,1,0.930214,0.930212,0.0211152,0.0197861,1.68776,2.07982
130_bNAb_Combinations|1313974|sample|5|nan|1176,48,0.00826912,8,5,1,0.814376,0.814373,0.00517843,0.00487527,1.29897,1.44735
130_bNAb_Combinations|1313974|sample|6|nan|1176,0.0006144,0.51469,1,6,1,0.814376,0.814373,0.591217,0.585705,-1.10856,-1.03814
130_bNAb_Combinations|1313974|sample|6|nan|1176,0.003072,0.808369,2,6,1,0.930214,0.930212,0.556521,0.550806,3.86944,3.99717
130_bNAb_Combinations|1313974|sample|6|nan|1176,0.01536,0.47986,3,6,1,0.973763,0.973763,0.431486,0.427304,0.951018,1.04299
130_bNAb_Combinations|1313974|sample|6|nan|1176,0.0768,0.164756,4,6,1,0.990136,0.990136,0.278538,0.277169,-3.39952,-3.37432
130_bNAb_Combinations|1313974|sample|6|nan|1176,0.384,0.0816889,5,6,1,0.990136,0.990136,0.143657,0.144724,-3.41814,-3.45388
130_bNAb_Combinations|1313974|sample|6|nan|1176,1.92,0.045856,6,6,1,0.973763,0.973763,0.0564153,0.0581638,-1.28665,-1.46422
130_bNAb_Combinations|1313974|sample|6|nan|1176,9.6,0.023805,7,6,1,0.930214,0.930212,0.0162985,0.0174066,2.05993,1.69715
130_bNAb_Combinations|1313974|sample|6|nan|1176,48,0.00789325,8,6,1,0.814376,0.814373,0.0034174,0.0038026,2.05403,1.84026
130_bNAb_Combinations|1313974|sample|7|nan|1176,0.0000768,0.626699,1,7,1,0.814376,0.814373,0.812907,0.813227,-1.97575,-1.97838
130_bNAb_Combinations|1313974|sample|7|nan|1176,0.000384,0.800727,2,7,1,0.930214,0.930212,0.92517,0.926166,-1.16286,-1.17093
130_bNAb_Combinations|1313974|sample|7|nan|1176,0.00192,0.993736,3,7,1,0.973763,0.973763,0.95912,0.960726,0.312199,0.297225
130_bNAb_Combinations|1313974|sample|7|nan|1176,0.0096,1,4,7,1,0.990136,0.990136,0.947626,0.94989,0.478003,0.456263
130_bNAb_Combinations|1313974|sample|7|nan|1176,0.048,0.854476,5,7,1,0.990136,0.990136,0.872085,0.87284,-0.174387,-0.181708
130_bNAb_Combinations|1313974|sample|7|nan|1176,0.24,0.743344,6,7,1,0.973763,0.973763,0.68354,0.673717,0.751945,0.887913
130_bNAb_Combinations|1313974|sample|7|nan|1176,1.2,0.326505,7,7,1,0.930214,0.930212,0.382622,0.355795,-1.23857,-0.69315
130_bNAb_Combinations|1313974|sample|7|nan|1176,6,0.132932,8,7,1,0.814376,0.814373,0.143722,0.125626,-0.594887,0.454399
130_bNAb_Combinations|1313974|sample|8|nan|1176,0.0000768,0.625321,1,8,1,0.814376,0.814373,0.813726,0.813693,-1.99709,-1.99681
130_bNAb_Combinations|1313974|sample|8|nan|1176,0.000384,0.783938,2,8,1,0.930214,0.930212,0.927619,0.927598,-1.33914,-1.33898
130_bNAb_Combinations|1313974|sample|8|nan|1176,0.00192,0.983211,3,8,1,0.973763,0.973763,0.965515,0.964588,0.158566,0.167023
130_bNAb_Combinations|1313974|sample|8|nan|1176,0.0096,0.927081,4,8,1,0.990136,0.990136,0.962442,0.959209,-0.317834,-0.289731
130_bNAb_Combinations|1313974|sample|8|nan|1176,0.048,0.862056,5,8,1,0.990136,0.990136,0.899644,0.891286,-0.361033,-0.283347
130_bNAb_Combinations|1313974|sample|8|nan|1176,0.24,0.641108,6,8,1,0.973763,0.973763,0.711898,0.69602,-0.855388,-0.67833
130_bNAb_Combinations|1313974|sample|8|nan|1176,1.2,0.408069,7,8,1,0.930214,0.930212,0.373886,0.358834,0.771358,1.15567
130_bNAb_Combinations|1313974|sample|8|nan|1176,6,0.107499,8,8,1,0.814376,0.814373,0.122224,0.118395,-0.938405,-0.714234
130_bNAb_Combinations|1313974|sample|9|nan|1176,0.0003648,0.584727,1,9,1,0.814376,0.814373,0.810807,0.810068,-2.4049,-2.39918
130_bNAb_Combinations|1313974|sample|9|nan|1176,0.001824,0.879471,2,9,1,0.930214,0.930212,0.918046,0.916126,-0.363208,-0.345846
130_bNAb_Combinations|1313974|sample|9|nan|1176,0.00912,0.847836,3,9,1,0.973763,0.973763,0.937348,0.932115,-0.825758,-0.781775
130_bNAb_Combinations|1313974|sample|9|nan|1176,0.0456,0.917183,4,9,1,0.990136,0.990136,0.886236,0.875084,0.301673,0.41552
130_bNAb_Combinations|1313974|sample|9|nan|1176,0.228,0.733697,5,9,1,0.990136,0.990136,0.724485,0.707484,0.10942,0.318674
130_bNAb_Combinations|1313974|sample|9|nan|1176,1.14,0.394788,6,9,1,0.973763,0.973763,0.43828,0.424887,-0.842251,-0.600607
130_bNAb_Combinations|1313974|sample|9|nan|1176,5.7,0.20109,7,9,1,0.930214,0.930212,0.184711,0.181752,0.718406,0.860902
130_bNAb_Combinations|1313974|sample|9|nan|1176,28.5,0.0780555,8,9,1,0.814376,0.814373,0.0885301,0.0886108,-0.883234,-0.889353
130_bNAb_Combinations|1313974|vc|1|2|nan|1176,0,0.615047,1,2,1,0.814376,0.814373,0.814292,0.814373,-2.11055,-2.1112
130_bNAb_Combinations|1313974|vc|2|2|nan|1176,0,0.671678,2,2,1,0.930214,0.930212,0.929842,0.930212,-2.40049,-2.40299
130_bNAb_Combinations|1313974|vc|3|2|nan|1176,0,0.718411,3,2,1,0.930214,0.930212,0.929842,0.930212,-1.96595,-1.96862
130_bNAb_Combinations|1313974|vc|4|2|nan|1176,0,0.81739,4,2,1,0.930214,0.930212,0.929842,0.930212,-1.04561,-1.04864
130_bNAb_Combinations|1313974|vc|5|2|nan|1176,0,0.786068,5,2,1,0.930214,0.930212,0.929842,0.930212,-1.33686,-1.33978
130_bNAb_Combinations|1313974|vc|6|2|nan|1176,0,0.718662,6,2,1,0.930214,0.930212,0.929842,0.930212,-1.96362,-1.96629
130_bNAb_Combinations|1313974|vc|7|2|nan|1176,0,0.706008,7,2,1,0.930214,0.930212,0.929842,0.930212,-2.08128,-2.08391
130_bNAb_Combinations|1313974|vc|8|2|nan|1176,0,0.513437,8,2,1,0.814376,0.814373,0.814292,0.814373,-3.18688,-3.18742
130_bNAb_Combinations|1313992|cc|1|1|RHPA4259.7|5371,0,0.000660826,1,1,0,0,0,0,0,0.369099,0.369099
130_bNAb_Combinations|1313992|cc|2|1|RHPA4259.7|5371,0,0.00171458,2,1,0,0,0,0,0,0.957662,0.957662
130_bNAb_Combinations|1313992|cc|3|1|RHPA4259.7|5371,0,0.00114305,3,1,0,0,0,0,0,0.638442,0.638442
130_bNAb_Combinations|1313992|cc|4|1|RHPA4259.7|5371,0,0.00148239,4,1,0,0,0,0,0,0.827979,0.827979
130_bNAb_Combinations|1313992|cc|5|1|RHPA4259.7|5371,0,0.00150025,5,1,0,0,0,0,0,0.837955,0.837955
130_bNAb_Combinations|1313992|cc|6|1|RHPA4259.7|5371,0,0.00133951,6,1,0,0,0,0,0,0.748174,0.748174
130_bNAb_Combinations|1313992|cc|7|1|RHPA4259.7|5371,0,0.001661,7,1,0,0,0,0,0,0.927735,0.927735
130_bNAb_Combinations|1313992|cc|8|1|RHPA4259.7|5371,0,0.00142881,8,1,0,0,0,0,0,0.798052,0.798052
130_bNAb_Combinations|1313992|sample|10|RHPA4259.7|5371,0.0003648,0.6759,1,10,1,0.814376,0.814377,0.759376,0.760541,-0.946886,-0.958657
130_bNAb_Combinations|1313992|sample|10|RHPA4259.7|5371,0.001824,0.701074,2,10,1,0.930214,0.930214,0.764197,0.766484,-0.711586,-0.735216
130_bNAb_Combinations|1313992|sample|10|RHPA4259.7|5371,0.00912,0.541985,3,10,1,0.973763,0.973764,0.562309,0.564244,-0.309142,-0.337442
130_bNAb_Combinations|1313992|sample|10|RHPA4259.7|5371,0.0456,0.23562,4,10,1,0.973763,0.973764,0.213717,0.213181,0.839284,0.861818
130_bNAb_Combinations|1313992|sample|10|RHPA4259.7|5371,0.228,0.0160206,5,10,1,0.973763,0.973764,0.0179376,0.0173209,-0.500453,-0.345804
130_bNAb_Combinations|1313992|sample|10|RHPA4259.7|5371,1.14,0.00158956,6,10,1,0.973763,0.973764,0.00174198,0.00173712,-0.0766508,-0.0742274
130_bNAb_Combinations|1313992|sample|10|RHPA4259.7|5371,5.7,0.000392924,7,10,1,0.930214,0.930214,0.00163175,0.0016324,-0.626949,-0.627254
130_bNAb_Combinations|1313992|sample|10|RHPA4259.7|5371,28.5,0.000928729,8,10,1,0.814376,0.814377,0.00142898,0.00142912,-0.256159,-0.256229
130_bNAb_Combinations|1313992|sample|11|RHPA4259.7|5371,0.0003712,0.650289,1,11,1,0.814376,0.814377,0.727616,0.724351,-0.91462,-0.879862
130_bNAb_Combinations|1313992|sample|11|RHPA4259.7|5371,0.001856,0.618283,2,11,1,0.930214,0.930214,0.698051,0.692881,-0.982558,-0.925583
130_bNAb_Combinations|1313992|sample|11|RHPA4259.7|5371,0.00928,0.451639,3,11,1,0.930214,0.930214,0.449711,0.445409,0.0364217,0.118791
130_bNAb_Combinations|1313992|sample|11|RHPA4259.7|5371,0.0464,0.163215,4,11,1,0.930214,0.930214,0.151542,0.151547,0.613541,0.613264
130_bNAb_Combinations|1313992|sample|11|RHPA4259.7|5371,0.2319999999999999,0.0123414,5,11,1,0.930214,0.930214,0.0124111,0.0130939,-0.0217647,-0.229466
130_bNAb_Combinations|1313992|sample|11|RHPA4259.7|5371,1.16,0,6,11,1,0.930214,0.930214,0.00127339,0.00128573,-0.658014,-0.663907
130_bNAb_Combinations|1313992|sample|11|RHPA4259.7|5371,5.8,0.000839428,7,11,1,0.930214,0.930214,0.00123384,0.00123433,-0.204284,-0.204533
130_bNAb_Combinations|1313992|sample|11|RHPA4259.7|5371,29,0.000500085,8,11,1,0.814376,0.814377,0.00108052,0.00108062,-0.303372,-0.303426
130_bNAb_Combinations|1313992|sample|12|RHPA4259.7|5371,0.0003712,0.617105,1,12,1,0.814376,0.814377,0.755426,0.75659,-1.57704,-1.58792
130_bNAb_Combinations|1313992|sample|12|RHPA4259.7|5371,0.001856,0.643716,2,12,1,0.814376,0.814377,0.664537,0.666391,-0.269101,-0.292267
130_bNAb_Combinations|1313992|sample|12|RHPA4259.7|5371,0.00928,0.450916,3,12,1,0.814376,0.814377,0.470839,0.47273,-0.360001,-0.392646
130_bNAb_Combinations|1313992|sample|12|RHPA4259.7|5371,0.0464,0.208089,4,12,1,0.814376,0.814377,0.189535,0.189813,0.794698,0.781725
130_bNAb_Combinations|1313992|sample|12|RHPA4259.7|5371,0.2319999999999999,0.0184138,5,12,1,0.814376,0.814377,0.019624,0.0192581,-0.300851,-0.212084
130_bNAb_Combinations|1313992|sample|12|RHPA4259.7|5371,1.16,0.000125021,6,12,1,0.814376,0.814377,0.00116766,0.00115933,-0.542141,-0.538075
130_bNAb_Combinations|1313992|sample|12|RHPA4259.7|5371,5.8,0.000500085,7,12,1,0.814376,0.814377,0.00108052,0.00108063,-0.303373,-0.303427
130_bNAb_Combinations|1313992|sample|12|RHPA4259.7|5371,29,0.000285763,8,12,1,0.814376,0.814377,0.00108052,0.00108062,-0.415391,-0.415444
130_bNAb_Combinations|1313992|sample|3|RHPA4259.7|5371,0.000064,0.754539,1,3,1,0.814376,0.814377,0.813785,0.813811,-0.627962,-0.628223
130_bNAb_Combinations|1313992|sample|3|RHPA4259.7|5371,0.00032,0.910976,2,3,1,0.930214,0.930214,0.92767,0.927849,-0.155582,-0.157227
130_bNAb_Combinations|1313992|sample|3|RHPA4259.7|5371,0.0016,0.927479,3,3,1,0.973763,0.973764,0.965055,0.964738,-0.336849,-0.33412
130_bNAb_Combinations|1313992|sample|3|RHPA4259.7|5371,0.008,0.944785,4,3,1,0.973763,0.973764,0.942512,0.941206,0.0208607,0.0328873
130_bNAb_Combinations|1313992|sample|3|RHPA4259.7|5371,0.04,0.905162,5,3,1,0.973763,0.973764,0.863936,0.860717,0.412057,0.445858
130_bNAb_Combinations|1313992|sample|3|RHPA4259.7|5371,0.2,0.651807,6,3,1,0.973763,0.973764,0.632568,0.628491,0.260923,0.318207
130_bNAb_Combinations|1313992|sample|3|RHPA4259.7|5371,1,0.224351,7,3,1,0.930214,0.930214,0.218499,0.219218,0.219627,0.192053
130_bNAb_Combinations|1313992|sample|3|RHPA4259.7|5371,5,0.0158956,8,3,1,0.814376,0.814377,0.015028,0.0159675,0.247908,-0.0199384
130_bNAb_Combinations|1313992|sample|4|RHPA4259.7|5371,0.000064,0.699119,1,4,1,0.814376,0.814377,0.813748,0.813636,-1.21504,-1.21401
130_bNAb_Combinations|1313992|sample|4|RHPA4259.7|5371,0.00032,0.930694,2,4,1,0.930214,0.930214,0.927538,0.927248,0.0294093,0.0321233
130_bNAb_Combinations|1313992|sample|4|RHPA4259.7|5371,0.0016,0.969602,3,4,1,0.973763,0.973764,0.964638,0.962932,0.0445176,0.0599196
130_bNAb_Combinations|1313992|sample|4|RHPA4259.7|5371,0.008,1,4,4,1,0.990136,0.990136,0.957278,0.952169,0.386044,0.434492
130_bNAb_Combinations|1313992|sample|4|RHPA4259.7|5371,0.04,0.855217,5,4,1,0.990136,0.990136,0.875653,0.864465,-0.201577,-0.0923852
130_bNAb_Combinations|1313992|sample|4|RHPA4259.7|5371,0.2,0.614506,6,4,1,0.973763,0.973764,0.627983,0.614558,-0.184071,-0.000719455
130_bNAb_Combinations|1313992|sample|4|RHPA4259.7|5371,1,0.229173,7,4,1,0.930214,0.930214,0.216586,0.217584,0.476349,0.436706
130_bNAb_Combinations|1313992|sample|4|RHPA4259.7|5371,5,0.0174851,8,4,1,0.814376,0.814377,0.0151745,0.0178708,0.657133,-0.100879
130_bNAb_Combinations|1313992|sample|5|RHPA4259.7|5371,0.0006144,0.682232,1,5,1,0.814376,0.814377,0.811398,0.809503,-1.37301,-1.35597
130_bNAb_Combinations|1313992|sample|5|RHPA4259.7|5371,0.003072,0.897884,2,5,1,0.930214,0.930214,0.917102,0.910934,-0.18113,-0.123818
130_bNAb_Combinations|1313992|sample|5|RHPA4259.7|5371,0.01536,0.905895,3,5,1,0.973763,0.973764,0.923012,0.905381,-0.160322,0.00490203
130_bNAb_Combinations|1313992|sample|5|RHPA4259.7|5371,0.0768,0.832025,4,5,1,0.990136,0.990136,0.807683,0.770942,0.259918,0.682698
130_bNAb_Combinations|1313992|sample|5|RHPA4259.7|5371,0.384,0.471151,5,5,1,0.990136,0.990136,0.467302,0.432531,0.0700706,0.757496
130_bNAb_Combinations|1313992|sample|5|RHPA4259.7|5371,1.92,0.0757807,6,5,1,0.973763,0.973764,0.0823053,0.0831642,-0.585089,-0.656366
130_bNAb_Combinations|1313992|sample|5|RHPA4259.7|5371,9.6,0.0066797,7,5,1,0.930214,0.930214,0.0033066,0.00415056,1.55697,1.11788
130_bNAb_Combinations|1313992|sample|5|RHPA4259.7|5371,48,0.00155384,8,5,1,0.814376,0.814377,0.00171069,0.00171711,-0.0790236,-0.082225
130_bNAb_Combinations|1313992|sample|6|RHPA4259.7|5371,0.0006144,0.679213,1,6,1,0.814376,0.814377,0.807888,0.806921,-1.37361,-1.36489
130_bNAb_Combinations|1313992|sample|6|RHPA4259.7|5371,0.003072,0.909244,2,6,1,0.930214,0.930214,0.905925,0.903287,0.0316608,0.0569907
130_bNAb_Combinations|1313992|sample|6|RHPA4259.7|5371,0.01536,0.882409,3,6,1,0.973763,0.973764,0.893618,0.88692,-0.108385,-0.0439462
130_bNAb_Combinations|1313992|sample|6|RHPA4259.7|5371,0.0768,0.759665,4,6,1,0.990136,0.990136,0.749895,0.738537,0.112187,0.246274
130_bNAb_Combinations|1313992|sample|6|RHPA4259.7|5371,0.384,0.442039,5,6,1,0.990136,0.990136,0.415941,0.408665,0.531554,0.691405
130_bNAb_Combinations|1313992|sample|6|RHPA4259.7|5371,1.92,0.0812102,6,6,1,0.973763,0.973764,0.0848406,0.0871678,-0.317345,-0.509001
130_bNAb_Combinations|1313992|sample|6|RHPA4259.7|5371,9.6,0.00728695,7,6,1,0.930214,0.930214,0.00485096,0.0054725,1.04009,0.752012
130_bNAb_Combinations|1313992|sample|6|RHPA4259.7|5371,48,0.000660826,8,6,1,0.814376,0.814377,0.00172589,0.00173677,-0.536106,-0.541243
130_bNAb_Combinations|1313992|sample|7|RHPA4259.7|5371,0.0000768,0.658728,1,7,1,0.814376,0.814377,0.800652,0.798094,-1.52849,-1.50565
130_bNAb_Combinations|1313992|sample|7|RHPA4259.7|5371,0.000384,0.835624,2,7,1,0.930214,0.930214,0.882597,0.876277,-0.459743,-0.400702
130_bNAb_Combinations|1313992|sample|7|RHPA4259.7|5371,0.00192,0.789589,3,7,1,0.973763,0.973764,0.828941,0.816272,-0.409615,-0.28197
130_bNAb_Combinations|1313992|sample|7|RHPA4259.7|5371,0.0096,0.635402,4,7,1,0.990136,0.990136,0.604231,0.589247,0.442065,0.670773
130_bNAb_Combinations|1313992|sample|7|RHPA4259.7|5371,0.048,0.221618,5,7,1,0.990136,0.990136,0.221034,0.219076,0.0216979,0.0951932
130_bNAb_Combinations|1313992|sample|7|RHPA4259.7|5371,0.24,0.0149132,6,7,1,0.973763,0.973764,0.0130526,0.0151381,0.568139,-0.0640229
130_bNAb_Combinations|1313992|sample|7|RHPA4259.7|5371,1.2,0.00198248,7,7,1,0.930214,0.930214,0.00163635,0.00164439,0.175122,0.170978
130_bNAb_Combinations|1313992|sample|7|RHPA4259.7|5371,6,0.00167886,8,7,1,0.814376,0.814377,0.00142898,0.00142912,0.12795,0.127877
130_bNAb_Combinations|1313992|sample|8|RHPA4259.7|5371,0.0000768,0.639796,1,8,1,0.814376,0.814377,0.801069,0.802481,-1.73598,-1.74816
130_bNAb_Combinations|1313992|sample|8|RHPA4259.7|5371,0.000384,0.832418,2,8,1,0.930214,0.930214,0.884951,0.888711,-0.512812,-0.547233
130_bNAb_Combinations|1313992|sample|8|RHPA4259.7|5371,0.00192,0.855234,3,8,1,0.973763,0.973764,0.838453,0.845355,0.172732,0.100879
130_bNAb_Combinations|1313992|sample|8|RHPA4259.7|5371,0.0096,0.694582,4,8,1,0.990136,0.990136,0.631879,0.639849,0.851278,0.734038
130_bNAb_Combinations|1313992|sample|8|RHPA4259.7|5371,0.048,0.261848,5,8,1,0.990136,0.990136,0.260627,0.261024,0.0388565,0.0261893
130_bNAb_Combinations|1313992|sample|8|RHPA4259.7|5371,0.24,0.0198069,6,8,1,0.973763,0.973764,0.0219137,0.0199387,-0.491912,-0.0324799
130_bNAb_Combinations|1313992|sample|8|RHPA4259.7|5371,1.2,0.00117877,7,8,1,0.930214,0.930214,0.00165981,0.00164843,-0.243052,-0.237459
130_bNAb_Combinations|1313992|sample|8|RHPA4259.7|5371,6,0.000464364,8,8,1,0.814376,0.814377,0.00142898,0.00142912,-0.49394,-0.494009
130_bNAb_Combinations|1313992|sample|9|RHPA4259.7|5371,0.0003648,0.59653,1,9,1,0.814376,0.814377,0.770968,0.772623,-1.94954,-1.96391
130_bNAb_Combinations|1313992|sample|9|RHPA4259.7|5371,0.001824,0.754182,2,9,1,0.930214,0.930214,0.789543,0.793394,-0.38609,-0.4261
130_bNAb_Combinations|1313992|sample|9|RHPA4259.7|5371,0.00912,0.593958,3,9,1,0.973763,0.973764,0.597901,0.603048,-0.0565003,-0.129158
130_bNAb_Combinations|1313992|sample|9|RHPA4259.7|5371,0.0456,0.260651,4,9,1,0.990136,0.990136,0.235414,0.237643,0.883516,0.798387
130_bNAb_Combinations|1313992|sample|9|RHPA4259.7|5371,0.228,0.0158598,5,9,1,0.990136,0.990136,0.0175182,0.0172433,-0.438389,-0.368773
130_bNAb_Combinations|1313992|sample|9|RHPA4259.7|5371,1.14,0.000964449,6,9,1,0.973763,0.973764,0.00172372,0.0017219,-0.38223,-0.381353
130_bNAb_Combinations|1313992|sample|9|RHPA4259.7|5371,5.7,0.000267903,7,9,1,0.930214,0.930214,0.00163175,0.0016324,-0.690219,-0.690522
130_bNAb_Combinations|1313992|sample|9|RHPA4259.7|5371,28.5,0.000839428,8,9,1,0.814376,0.814377,0.00142898,0.00142912,-0.301886,-0.301956
130_bNAb_Combinations|1313992|vc|1|2|RHPA4259.7|5371,0,0.779132,1,2,1,0.814376,0.814377,0.814297,0.814377,-0.372488,-0.373305
130_bNAb_Combinations|1313992|vc|2|2|RHPA4259.7|5371,0,0.953474,2,2,1,0.930214,0.930214,0.929844,0.930214,0.219721,0.216195
130_bNAb_Combinations|1313992|vc|3|2|RHPA4259.7|5371,0,0.91795,3,2,1,0.930214,0.930214,0.929844,0.930214,-0.11059,-0.113987
130_bNAb_Combinations|1313992|vc|4|2|RHPA4259.7|5371,0,0.938007,4,2,1,0.930214,0.930214,0.929844,0.930214,0.0759055,0.0724356
130_bNAb_Combinations|1313992|vc|5|2|RHPA4259.7|5371,0,0.961699,5,2,1,0.930214,0.930214,0.929844,0.930214,0.296196,0.29264
130_bNAb_Combinations|1313992|vc|6|2|RHPA4259.7|5371,0,0.866995,6,2,1,0.930214,0.930214,0.929844,0.930214,-0.584386,-0.587597
130_bNAb_Combinations|1313992|vc|7|2|RHPA4259.7|5371,0,0.852279,7,2,1,0.930214,0.930214,0.929844,0.930214,-0.721227,-0.724385
130_bNAb_Combinations|1313992|vc|8|2|RHPA4259.7|5371,0,0.715353,8,2,1,0.814376,0.814377,0.814297,0.814377,-1.04808,-1.04883
130_bNAb_Combinations|1314016|cc|1|1|nan|3430,0,0.0013549,1,1,0,0,0,0,0,0.756765,0.756765
130_bNAb_Combinations|1314016|cc|2|1|nan|3430,0,0.00201049,2,1,0,0,0,0,0,1.12294,1.12294
130_bNAb_Combinations|1314016|cc|3|1|nan|3430,0,0.00170455,3,1,0,0,0,0,0,0.95206,0.95206
130_bNAb_Combinations|1314016|cc|4|1|nan|3430,0,0.00253497,4,1,0,0,0,0,0,1.41588,1.41588
130_bNAb_Combinations|1314016|cc|5|1|nan|3430,0,0.00104895,5,1,0,0,0,0,0,0.585883,0.585883
130_bNAb_Combinations|1314016|cc|6|1|nan|3430,0,0.000743007,6,1,0,0,0,0,0,0.415,0.415
130_bNAb_Combinations|1314016|cc|7|1|nan|3430,0,0,7,1,0,0,0,0,0,0,0
130_bNAb_Combinations|1314016|cc|8|1|nan|3430,0,0.00187937,8,1,0,0,0,0,0,1.04971,1.04971
130_bNAb_Combinations|1314016|sample|10|nan|3430,0.0003648,0.774781,1,10,1,0.814376,0.91589,0.858647,0.841576,-0.843301,-0.685016
130_bNAb_Combinations|1314016|sample|10|nan|3430,0.001824,0.738134,2,10,1,0.930214,0.968378,0.818894,0.79841,-0.850756,-0.650947
130_bNAb_Combinations|1314016|sample|10|nan|3430,0.00912,0.636976,3,10,1,0.973763,0.988112,0.660962,0.63833,-0.31165,-0.0182119
130_bNAb_Combinations|1314016|sample|10|nan|3430,0.0456,0.400415,4,10,1,0.973763,0.988112,0.38632,0.373639,0.308237,0.604621
130_bNAb_Combinations|1314016|sample|10|nan|3430,0.228,0.120367,5,10,1,0.973763,0.988112,0.120862,0.12384,-0.0318609,-0.218769
130_bNAb_Combinations|1314016|sample|10|nan|3430,1.14,0.0218531,6,10,1,0.973763,0.988112,0.0180716,0.0208029,0.983317,0.252684
130_bNAb_Combinations|1314016|sample|10|nan|3430,5.7,0.0119318,7,10,1,0.930214,0.968378,0.00856713,0.00868931,1.21699,1.16693
130_bNAb_Combinations|1314016|sample|10|nan|3430,28.5,0.00895979,8,10,1,0.814376,0.91589,0.00802802,0.00797587,0.344658,0.364752
130_bNAb_Combinations|1314016|sample|11|nan|3430,0.0003712,1,1,11,1,0.814376,0.91589,0.889923,0.87538,1.06865,1.22957
130_bNAb_Combinations|1314016|sample|11|nan|3430,0.001856,0.764248,2,11,1,0.930214,0.968378,0.87279,0.852069,-1.07406,-0.889771
130_bNAb_Combinations|1314016|sample|11|nan|3430,0.00928,0.669886,3,11,1,0.930214,0.968378,0.706645,0.675354,-0.447397,-0.0695602
130_bNAb_Combinations|1314016|sample|11|nan|3430,0.0464,0.36392,4,11,1,0.930214,0.968378,0.37975,0.355197,-0.351907,0.206763
130_bNAb_Combinations|1314016|sample|11|nan|3430,0.2319999999999999,0.066521,5,11,1,0.930214,0.968378,0.066541,0.06549,-0.00213734,0.111591
130_bNAb_Combinations|1314016|sample|11|nan|3430,1.16,0.00305944,6,11,1,0.930214,0.968378,0.00269412,0.0030056,0.174226,0.0252532
130_bNAb_Combinations|1314016|sample|11|nan|3430,5.8,0.000437063,7,11,1,0.930214,0.968378,0.00200735,0.00200311,-0.777877,-0.775963
130_bNAb_Combinations|1314016|sample|11|nan|3430,29,0.00227273,8,11,1,0.814376,0.91589,0.00190688,0.00189431,0.182262,0.188657
130_bNAb_Combinations|1314016|sample|12|nan|3430,0.0003712,0.984091,1,12,1,0.814376,0.91589,0.898758,0.887901,0.820418,0.935922
130_bNAb_Combinations|1314016|sample|12|nan|3430,0.001856,0.80153,2,12,1,0.814376,0.91589,0.847404,0.8309,-0.467294,-0.30501
130_bNAb_Combinations|1314016|sample|12|nan|3430,0.00928,0.693553,3,12,1,0.814376,0.91589,0.69808,0.675398,-0.0557534,0.230961
130_bNAb_Combinations|1314016|sample|12|nan|3430,0.0464,0.359899,4,12,1,0.814376,0.91589,0.371459,0.356705,-0.262496,0.0754189
130_bNAb_Combinations|1314016|sample|12|nan|3430,0.2319999999999999,0.0557255,5,12,1,0.814376,0.91589,0.0522891,0.0546689,0.444124,0.13195
130_bNAb_Combinations|1314016|sample|12|nan|3430,1.16,0.000305944,6,12,1,0.814376,0.91589,0.00207958,0.00220575,-0.87505,-0.93071
130_bNAb_Combinations|1314016|sample|12|nan|3430,5.8,0.00104895,7,12,1,0.814376,0.91589,0.00190688,0.00189432,-0.427415,-0.421456
130_bNAb_Combinations|1314016|sample|12|nan|3430,29,0.00161713,8,12,1,0.814376,0.91589,0.00190688,0.00189431,-0.144351,-0.138188
130_bNAb_Combinations|1314016|sample|3|nan|3430,0.000064,0.934375,1,3,1,0.814376,0.91589,0.85865,0.842047,0.761444,0.946357
130_bNAb_Combinations|1314016|sample|3|nan|3430,0.00032,0.84434,2,3,1,0.930214,0.968378,0.799544,0.778371,0.483092,0.730397
130_bNAb_Combinations|1314016|sample|3|nan|3430,0.0016,0.64458,3,3,1,0.973763,0.988112,0.58422,0.561238,0.884568,1.27001
130_bNAb_Combinations|1314016|sample|3|nan|3430,0.008,0.217177,4,3,1,0.973763,0.988112,0.240535,0.232217,-0.801394,-0.533321
130_bNAb_Combinations|1314016|sample|3|nan|3430,0.04,0.0300699,5,3,1,0.973763,0.988112,0.0301,0.0320438,-0.00576884,-0.363183
130_bNAb_Combinations|1314016|sample|3|nan|3430,0.2,0.0116259,6,3,1,0.973763,0.988112,0.00982249,0.00985668,0.620244,0.607672
130_bNAb_Combinations|1314016|sample|3|nan|3430,1,0.00983392,7,3,1,0.930214,0.968378,0.00960114,0.00957995,0.080759,0.0881828
130_bNAb_Combinations|1314016|sample|3|nan|3430,5,0.00957168,8,3,1,0.814376,0.91589,0.00912081,0.0090607,0.159446,0.181141
130_bNAb_Combinations|1314016|sample|4|nan|3430,0.000064,0.986801,1,4,1,0.814376,0.91589,0.857186,0.854694,1.30551,1.33442
130_bNAb_Combinations|1314016|sample|4|nan|3430,0.00032,0.92017,2,4,1,0.930214,0.968378,0.796843,0.802055,1.33443,1.26989
130_bNAb_Combinations|1314016|sample|4|nan|3430,0.0016,0.701202,3,4,1,0.973763,0.988112,0.580865,0.592153,1.77344,1.57724
130_bNAb_Combinations|1314016|sample|4|nan|3430,0.008,0.233566,4,4,1,0.990136,0.99553,0.240728,0.25131,-0.24551,-0.584176
130_bNAb_Combinations|1314016|sample|4|nan|3430,0.04,0.0290647,5,4,1,0.990136,0.99553,0.0304806,0.0324991,-0.269331,-0.625957
130_bNAb_Combinations|1314016|sample|4|nan|3430,0.2,0.0108392,6,4,1,0.973763,0.988112,0.00982618,0.00982698,0.348347,0.348061
130_bNAb_Combinations|1314016|sample|4|nan|3430,1,0.0083042,7,4,1,0.930214,0.968378,0.00960114,0.00957995,-0.449958,-0.442978
130_bNAb_Combinations|1314016|sample|4|nan|3430,5,0.00472028,8,4,1,0.814376,0.91589,0.00912081,0.0090607,-1.5562,-1.53866
130_bNAb_Combinations|1314016|sample|5|nan|3430,0.0006144,0.749082,1,5,1,0.814376,0.91589,0.612385,0.6119,1.91345,1.92172
130_bNAb_Combinations|1314016|sample|5|nan|3430,0.003072,0.389576,2,5,1,0.930214,0.968378,0.375722,0.378554,0.311164,0.245781
130_bNAb_Combinations|1314016|sample|5|nan|3430,0.01536,0.0907343,3,5,1,0.973763,0.988112,0.115127,0.116539,-1.63879,-1.71518
130_bNAb_Combinations|1314016|sample|5|nan|3430,0.0768,0.0207168,4,5,1,0.990136,0.99553,0.016123,0.0161929,1.26756,1.24552
130_bNAb_Combinations|1314016|sample|5|nan|3430,0.384,0.0156906,5,5,1,0.990136,0.99553,0.00986687,0.009864,1.99949,2.0007
130_bNAb_Combinations|1314016|sample|5|nan|3430,1.92,0.00690559,6,5,1,0.973763,0.988112,0.0097826,0.00977517,-0.991045,-0.988773
130_bNAb_Combinations|1314016|sample|5|nan|3430,9.6,0.00743007,7,5,1,0.930214,0.968378,0.00960114,0.00957995,-0.753225,-0.746498
130_bNAb_Combinations|1314016|sample|5|nan|3430,48,0.0101836,8,5,1,0.814376,0.91589,0.00912081,0.0090607,0.375834,0.398054
130_bNAb_Combinations|1314016|sample|6|nan|3430,0.0006144,0.677579,1,6,1,0.814376,0.91589,0.602208,0.581868,1.07239,1.40815
130_bNAb_Combinations|1314016|sample|6|nan|3430,0.003072,0.36038,2,6,1,0.930214,0.968378,0.359978,0.350373,0.00940677,0.240321
130_bNAb_Combinations|1314016|sample|6|nan|3430,0.01536,0.088243,3,6,1,0.973763,0.988112,0.103991,0.107004,-1.15644,-1.34388
130_bNAb_Combinations|1314016|sample|6|nan|3430,0.0768,0.0203234,4,6,1,0.990136,0.99553,0.0146061,0.0161171,1.65644,1.16087
130_bNAb_Combinations|1314016|sample|6|nan|3430,0.384,0.0114948,5,6,1,0.990136,0.99553,0.00985931,0.00987136,0.561673,0.557274
130_bNAb_Combinations|1314016|sample|6|nan|3430,1.92,0.00655594,6,6,1,0.973763,0.988112,0.0097826,0.00977517,-1.11149,-1.10925
130_bNAb_Combinations|1314016|sample|6|nan|3430,9.6,0.0083479,7,6,1,0.930214,0.968378,0.00960114,0.00957995,-0.434794,-0.427802
130_bNAb_Combinations|1314016|sample|6|nan|3430,48,0.00467657,8,6,1,0.814376,0.91589,0.00912081,0.0090607,-1.57166,-1.55416
130_bNAb_Combinations|1314016|sample|7|nan|3430,0.0000768,0.664773,1,7,1,0.814376,0.91589,0.909487,0.900781,-2.32549,-2.26406
130_bNAb_Combinations|1314016|sample|7|nan|3430,0.000384,0.829917,2,7,1,0.930214,0.968378,0.935193,0.927182,-0.973384,-0.906949
130_bNAb_Combinations|1314016|sample|7|nan|3430,0.00192,0.764467,3,7,1,0.973763,0.988112,0.894134,0.882201,-1.25301,-1.15281
130_bNAb_Combinations|1314016|sample|7|nan|3430,0.0096,0.770411,4,7,1,0.990136,0.99553,0.758583,0.741933,0.134306,0.330466
130_bNAb_Combinations|1314016|sample|7|nan|3430,0.048,0.49139,5,7,1,0.990136,0.99553,0.482313,0.469636,0.160244,0.394057
130_bNAb_Combinations|1314016|sample|7|nan|3430,0.24,0.156862,6,7,1,0.973763,0.988112,0.154714,0.156312,0.110802,0.0281154
130_bNAb_Combinations|1314016|sample|7|nan|3430,1.2,0.0207168,7,7,1,0.930214,0.968378,0.0180364,0.0202031,0.697702,0.125656
130_bNAb_Combinations|1314016|sample|7|nan|3430,6,0.00895979,8,7,1,0.814376,0.91589,0.00807528,0.0080738,0.32653,0.327098
130_bNAb_Combinations|1314016|sample|8|nan|3430,0.0000768,0.754545,1,8,1,0.814376,0.91589,0.895571,0.8899,-1.36061,-1.31408
130_bNAb_Combinations|1314016|sample|8|nan|3430,0.000384,0.798864,2,8,1,0.930214,0.968378,0.906662,0.905296,-1.02754,-1.01601
130_bNAb_Combinations|1314016|sample|8|nan|3430,0.00192,0.800874,3,8,1,0.973763,0.988112,0.8435,0.844421,-0.436181,-0.445128
130_bNAb_Combinations|1314016|sample|8|nan|3430,0.0096,0.751836,4,8,1,0.990136,0.99553,0.688664,0.691793,0.788506,0.746135
130_bNAb_Combinations|1314016|sample|8|nan|3430,0.048,0.501442,5,8,1,0.990136,0.99553,0.429315,0.434418,1.42492,1.30909
130_bNAb_Combinations|1314016|sample|8|nan|3430,0.24,0.11875,6,8,1,0.973763,0.988112,0.15626,0.160651,-1.91743,-2.08856
130_bNAb_Combinations|1314016|sample|8|nan|3430,1.2,0.0323427,7,8,1,0.930214,0.968378,0.0267867,0.0280267,1.14865,0.866995
130_bNAb_Combinations|1314016|sample|8|nan|3430,6,0.010271,8,8,1,0.814376,0.91589,0.00851298,0.00852925,0.637277,0.630957
130_bNAb_Combinations|1314016|sample|9|nan|3430,0.0003648,0.854218,1,9,1,0.814376,0.91589,0.841948,0.827836,0.125777,0.274969
130_bNAb_Combinations|1314016|sample|9|nan|3430,0.001824,0.730004,2,9,1,0.930214,0.968378,0.793442,0.777745,-0.689289,-0.528997
130_bNAb_Combinations|1314016|sample|9|nan|3430,0.00912,0.572749,3,9,1,0.973763,0.988112,0.634612,0.61658,-0.836343,-0.609468
130_bNAb_Combinations|1314016|sample|9|nan|3430,0.0456,0.403955,4,9,1,0.990136,0.99553,0.381325,0.367388,0.501106,0.839176
130_bNAb_Combinations|1314016|sample|9|nan|3430,0.228,0.124956,5,9,1,0.990136,0.99553,0.135271,0.131397,-0.600539,-0.384852
130_bNAb_Combinations|1314016|sample|9|nan|3430,1.14,0.0266608,6,9,1,0.973763,0.988112,0.0248435,0.0252784,0.39371,0.296313
130_bNAb_Combinations|1314016|sample|9|nan|3430,5.7,0.0117133,7,9,1,0.930214,0.968378,0.00896724,0.00905033,0.977148,0.944405
130_bNAb_Combinations|1314016|sample|9|nan|3430,28.5,0.00231643,8,9,1,0.814376,0.91589,0.00803139,0.00798044,-2.11365,-2.09931
130_bNAb_Combinations|1314016|vc|1|2|nan|3430,0,0.961123,1,2,1,0.814376,0.91589,0.921966,0.91589,0.367156,0.426894
130_bNAb_Combinations|1314016|vc|2|2|nan|3430,0,0.986976,2,2,1,0.930214,0.968378,0.97052,0.968378,0.1467,0.166153
130_bNAb_Combinations|1314016|vc|3|2|nan|3430,0,0.934987,3,2,1,0.930214,0.968378,0.97052,0.968378,-0.316769,-0.298325
130_bNAb_Combinations|1314016|vc|4|2|nan|3430,0,0.886582,4,2,1,0.930214,0.968378,0.97052,0.968378,-0.748288,-0.730783
130_bNAb_Combinations|1314016|vc|5|2|nan|3430,0,0.904633,5,2,1,0.930214,0.968378,0.97052,0.968378,-0.587369,-0.569514
130_bNAb_Combinations|1314016|vc|6|2|nan|3430,0,0.928955,6,2,1,0.930214,0.968378,0.97052,0.968378,-0.370538,-0.352211
130_bNAb_Combinations|1314016|vc|7|2|nan|3430,0,0.883566,7,2,1,0.930214,0.968378,0.97052,0.968378,-0.775172,-0.757726
130_bNAb_Combinations|1314016|vc|8|2|nan|3430,0,0.902404,8,2,1,0.814376,0.91589,0.921966,0.91589,-0.183421,-0.127274
130_bNAb_Combinations|1314040|cc|1|1|nan|4166,0,0.000767291,1,1,0,0,0,0,0,0.428564,0.428564
130_bNAb_Combinations|1314040|cc|2|1|nan|4166,0,0.000630275,2,1,0,0,0,0,0,0.352035,0.352035
130_bNAb_Combinations|1314040|cc|3|1|nan|4166,0,0,3,1,0,0,0,0,0,0,0
130_bNAb_Combinations|1314040|cc|4|1|nan|4166,0,0.00104132,4,1,0,0,0,0,0,0.581623,0.581623
130_bNAb_Combinations|1314040|cc|5|1|nan|4166,0,0.00117834,5,1,0,0,0,0,0,0.658152,0.658152
130_bNAb_Combinations|1314040|cc|6|1|nan|4166,0,0.00202784,6,1,0,0,0,0,0,1.13263,1.13263
130_bNAb_Combinations|1314040|cc|7|1|nan|4166,0,0.001699,7,1,0,0,0,0,0,0.948964,0.948964
130_bNAb_Combinations|1314040|cc|8|1|nan|4166,0,0.00219226,8,1,0,0,0,0,0,1.22447,1.22447
130_bNAb_Combinations|1314040|sample|10|nan|4166,0.0003648,0.809588,1,10,1,0.814376,0.814342,0.752751,0.742471,0.650277,0.778303
130_bNAb_Combinations|1314040|sample|10|nan|4166,0.001824,0.790529,2,10,1,0.930214,0.930188,0.72273,0.703432,0.807228,1.06482
130_bNAb_Combinations|1314040|sample|10|nan|4166,0.00912,0.456991,3,10,1,0.973763,0.973749,0.43499,0.419626,0.429152,0.754583
130_bNAb_Combinations|1314040|sample|10|nan|4166,0.0456,0.0730023,4,10,1,0.973763,0.973749,0.076532,0.0797461,-0.336331,-0.620957
130_bNAb_Combinations|1314040|sample|10|nan|4166,0.228,0.0016442,5,10,1,0.973763,0.973749,0.00169821,0.00199042,-0.0272314,-0.171675
130_bNAb_Combinations|1314040|sample|10|nan|4166,1.14,0.00145237,6,10,1,0.973763,0.973749,0.00133693,0.0013373,0.0594306,0.059239
130_bNAb_Combinations|1314040|sample|10|nan|4166,5.7,0.000876905,7,10,1,0.930214,0.930188,0.00127697,0.00127748,-0.206685,-0.206942
130_bNAb_Combinations|1314040|sample|10|nan|4166,28.5,0.00142497,8,10,1,0.814376,0.814342,0.00111827,0.00111838,0.159943,0.159885
130_bNAb_Combinations|1314040|sample|11|nan|4166,0.0003712,0.722789,1,11,1,0.814376,0.814342,0.767644,0.767255,-0.50344,-0.499323
130_bNAb_Combinations|1314040|sample|11|nan|4166,0.001856,0.682835,2,11,1,0.930214,0.930188,0.778012,0.778095,-1.05427,-1.05508
130_bNAb_Combinations|1314040|sample|11|nan|4166,0.00928,0.694111,3,11,1,0.930214,0.930188,0.543472,0.545737,2.36846,2.32343
130_bNAb_Combinations|1314040|sample|11|nan|4166,0.0464,0.1565,4,11,1,0.930214,0.930188,0.187667,0.19252,-1.3472,-1.52068
130_bNAb_Combinations|1314040|sample|11|nan|4166,0.2319999999999999,0.0120848,5,11,1,0.930214,0.930188,0.00976318,0.0108425,0.800353,0.410891
130_bNAb_Combinations|1314040|sample|11|nan|4166,1.16,0.000876905,6,11,1,0.930214,0.930188,0.000897311,0.000899372,-0.0107834,-0.0118706
130_bNAb_Combinations|1314040|sample|11|nan|4166,5.8,0.000959114,7,11,1,0.930214,0.930188,0.000894014,0.00089437,0.034407,0.0342183
130_bNAb_Combinations|1314040|sample|11|nan|4166,6,0.00120574,8,11,1,0.814376,0.814342,0.000782908,0.000782985,0.224982,0.22494
130_bNAb_Combinations|1314040|sample|12|nan|4166,0.0003712,0.634577,1,12,1,0.814376,0.814342,0.735945,0.734876,-1.18568,-1.17485
130_bNAb_Combinations|1314040|sample|12|nan|4166,0.001856,0.570344,2,12,1,0.814376,0.814342,0.622748,0.621789,-0.721626,-0.709487
130_bNAb_Combinations|1314040|sample|12|nan|4166,0.00928,0.44666,3,12,1,0.814376,0.814342,0.401344,0.402278,0.955279,0.933481
130_bNAb_Combinations|1314040|sample|12|nan|4166,0.0464,0.130275,4,12,1,0.814376,0.814342,0.129081,0.132093,0.0724863,-0.108119
130_bNAb_Combinations|1314040|sample|12|nan|4166,0.2319999999999999,0.00937192,5,12,1,0.814376,0.814342,0.0083891,0.00920982,0.358102,0.05712
130_bNAb_Combinations|1314040|sample|12|nan|4166,1.16,0.000685082,6,12,1,0.814376,0.814342,0.000795652,0.000800912,-0.0587869,-0.061564
130_bNAb_Combinations|1314040|sample|12|nan|4166,5.8,0.000959114,7,12,1,0.814376,0.814342,0.000782908,0.000782985,0.0937558,0.0937143
130_bNAb_Combinations|1314040|sample|12|nan|4166,29,0.00142497,8,12,1,0.814376,0.814342,0.000782908,0.000782985,0.341628,0.341585
130_bNAb_Combinations|1314040|sample|3|nan|4166,0.000064,0.931259,1,3,1,0.814376,0.814342,0.783404,0.78023,1.62673,1.66827
130_bNAb_Combinations|1314040|sample|3|nan|4166,0.00032,0.9236,2,3,1,0.930214,0.930188,0.830367,0.823606,0.968826,1.04745
130_bNAb_Combinations|1314040|sample|3|nan|4166,0.0016,0.710882,3,3,1,0.973763,0.973749,0.70026,0.690254,0.130429,0.25689
130_bNAb_Combinations|1314040|sample|3|nan|4166,0.008,0.333703,4,3,1,0.973763,0.973749,0.378937,0.374181,-1.00769,-0.912727
130_bNAb_Combinations|1314040|sample|3|nan|4166,0.04,0.08358,5,3,1,0.973763,0.973749,0.0768807,0.0798669,0.635941,0.341459
130_bNAb_Combinations|1314040|sample|3|nan|4166,0.2,0.0126329,6,3,1,0.973763,0.973749,0.0111443,0.0115067,0.486819,0.363404
130_bNAb_Combinations|1314040|sample|3|nan|4166,1,0.0107147,7,3,1,0.930214,0.930188,0.0096528,0.00965706,0.367656,0.366117
130_bNAb_Combinations|1314040|sample|3|nan|4166,5,0.00452154,8,3,1,0.814376,0.814342,0.00845293,0.00845376,-1.42867,-1.42893
130_bNAb_Combinations|1314040|sample|4|nan|4166,0.000064,0.849679,1,4,1,0.814376,0.814342,0.780254,0.777284,0.766857,0.802651
130_bNAb_Combinations|1314040|sample|4|nan|4166,0.00032,0.922147,2,4,1,0.930214,0.930188,0.827472,0.822331,0.987198,1.04719
130_bNAb_Combinations|1314040|sample|4|nan|4166,0.0016,0.857325,3,4,1,0.973763,0.973749,0.70916,0.704264,1.7971,1.8691
130_bNAb_Combinations|1314040|sample|4|nan|4166,0.008,0.429779,4,4,1,0.990136,0.990129,0.424812,0.428729,0.0991242,0.0207763
130_bNAb_Combinations|1314040|sample|4|nan|4166,0.04,0.0907322,5,4,1,0.990136,0.990129,0.115998,0.126699,-1.68627,-2.22011
130_bNAb_Combinations|1314040|sample|4|nan|4166,0.2,0.0240601,6,4,1,0.973763,0.973749,0.0147617,0.0169568,2.68019,1.91003
130_bNAb_Combinations|1314040|sample|4|nan|4166,1,0.0110435,7,4,1,0.930214,0.930188,0.00966551,0.00969339,0.476869,0.46671
130_bNAb_Combinations|1314040|sample|4|nan|4166,5,0.00460375,8,4,1,0.814376,0.814342,0.00845293,0.00845378,-1.3988,-1.39906
130_bNAb_Combinations|1314040|sample|5|nan|4166,0.0006144,0.779376,1,5,1,0.814376,0.814342,0.68291,0.676302,1.21399,1.30954
130_bNAb_Combinations|1314040|sample|5|nan|4166,0.003072,0.614409,2,5,1,0.930214,0.930188,0.565614,0.555746,0.737958,0.902528
130_bNAb_Combinations|1314040|sample|5|nan|4166,0.01536,0.200195,3,5,1,0.973763,0.973749,0.248015,0.242532,-1.5941,-1.44128
130_bNAb_Combinations|1314040|sample|5|nan|4166,0.0768,0.0378713,4,5,1,0.990136,0.990129,0.034704,0.0348826,0.55204,0.519083
130_bNAb_Combinations|1314040|sample|5|nan|4166,0.384,0.0177847,5,5,1,0.990136,0.990129,0.0104304,0.010458,2.47065,2.45878
130_bNAb_Combinations|1314040|sample|5|nan|4166,1.92,0.0106325,6,5,1,0.973763,0.973749,0.0101058,0.0101086,0.179144,0.178175
130_bNAb_Combinations|1314040|sample|5|nan|4166,9.6,0.00548065,7,5,1,0.930214,0.930188,0.00965253,0.00965637,-1.44445,-1.44556
130_bNAb_Combinations|1314040|sample|5|nan|4166,48,0.00260331,8,5,1,0.814376,0.814342,0.00845293,0.00845376,-2.12576,-2.12599
130_bNAb_Combinations|1314040|sample|6|nan|4166,0.0006144,0.836677,1,6,1,0.814376,0.814342,0.698049,0.691701,1.70759,1.8018
130_bNAb_Combinations|1314040|sample|6|nan|4166,0.003072,0.59672,2,6,1,0.930214,0.930188,0.589608,0.580655,0.1033,0.236835
130_bNAb_Combinations|1314040|sample|6|nan|4166,0.01536,0.231763,3,6,1,0.973763,0.973749,0.261797,0.25873,-0.951459,-0.863856
130_bNAb_Combinations|1314040|sample|6|nan|4166,0.0768,0.0379261,4,6,1,0.990136,0.990129,0.0342562,0.0356335,0.645378,0.392351
130_bNAb_Combinations|1314040|sample|6|nan|4166,0.384,0.0173463,5,6,1,0.990136,0.990129,0.0103792,0.0104202,2.34515,2.32766
130_bNAb_Combinations|1314040|sample|6|nan|4166,1.92,0.00800175,6,6,1,0.973763,0.973749,0.0101058,0.0101086,-0.715723,-0.716593
130_bNAb_Combinations|1314040|sample|6|nan|4166,9.6,0.00649457,7,6,1,0.930214,0.930188,0.00965253,0.00965637,-1.0934,-1.09456
130_bNAb_Combinations|1314040|sample|6|nan|4166,48,0.00227447,8,6,1,0.814376,0.814342,0.00845293,0.00845376,-2.24526,-2.24549
130_bNAb_Combinations|1314040|sample|7|nan|4166,0.0000768,0.895881,1,7,1,0.814376,0.814342,0.79941,0.796352,1.04055,1.07758
130_bNAb_Combinations|1314040|sample|7|nan|4166,0.000384,1,2,7,1,0.930214,0.930188,0.875125,0.867232,1.23244,1.32205
130_bNAb_Combinations|1314040|sample|7|nan|4166,0.00192,0.885057,3,7,1,0.973763,0.973749,0.797447,0.781754,0.947259,1.13891
130_bNAb_Combinations|1314040|sample|7|nan|4166,0.0096,0.541804,4,7,1,0.990136,0.990129,0.514601,0.498702,0.45098,0.736647
130_bNAb_Combinations|1314040|sample|7|nan|4166,0.048,0.108462,5,7,1,0.990136,0.990129,0.118571,0.119304,-0.661772,-0.705895
130_bNAb_Combinations|1314040|sample|7|nan|4166,0.24,0.00367204,6,7,1,0.973763,0.973749,0.00247848,0.00296296,0.575966,0.333309
130_bNAb_Combinations|1314040|sample|7|nan|4166,1.2,0.00134276,7,7,1,0.930214,0.930188,0.00127697,0.00127749,0.0339892,0.0337184
130_bNAb_Combinations|1314040|sample|7|nan|4166,6,0.00120574,8,7,1,0.814376,0.814342,0.00111827,0.00111838,0.0456181,0.0455604
130_bNAb_Combinations|1314040|sample|8|nan|4166,0.0000768,0.844966,1,8,1,0.814376,0.814342,0.796063,0.796295,0.529653,0.526988
130_bNAb_Combinations|1314040|sample|8|nan|4166,0.000384,0.936,2,8,1,0.930214,0.930188,0.866954,0.867891,0.687748,0.677701
130_bNAb_Combinations|1314040|sample|8|nan|4166,0.00192,0.95599,3,8,1,0.973763,0.973749,0.783937,0.786013,1.89169,1.86403
130_bNAb_Combinations|1314040|sample|8|nan|4166,0.0096,0.549326,4,8,1,0.990136,0.990129,0.50785,0.512065,0.696484,0.620699
130_bNAb_Combinations|1314040|sample|8|nan|4166,0.048,0.117697,5,8,1,0.990136,0.990129,0.129632,0.133219,-0.721829,-0.916182
130_bNAb_Combinations|1314040|sample|8|nan|4166,0.24,0.00523402,6,8,1,0.973763,0.973749,0.00360803,0.00382186,0.738843,0.634664
130_bNAb_Combinations|1314040|sample|8|nan|4166,1.2,0.00183602,7,8,1,0.930214,0.930188,0.00127702,0.00127754,0.288796,0.288516
130_bNAb_Combinations|1314040|sample|8|nan|4166,29,0.00120574,8,8,1,0.814376,0.814342,0.00111827,0.00111838,0.0456181,0.0455604
130_bNAb_Combinations|1314040|sample|9|nan|4166,0.0003648,0.860586,1,9,1,0.814376,0.814342,0.76069,0.754708,1.13122,1.20827
130_bNAb_Combinations|1314040|sample|9|nan|4166,0.001824,0.800655,2,9,1,0.930214,0.930188,0.750293,0.738433,0.578036,0.725391
130_bNAb_Combinations|1314040|sample|9|nan|4166,0.00912,0.529856,3,9,1,0.973763,0.973749,0.496153,0.484402,0.578888,0.79906
130_bNAb_Combinations|1314040|sample|9|nan|4166,0.0456,0.113285,4,9,1,0.990136,0.990129,0.122043,0.122899,-0.558874,-0.609725
130_bNAb_Combinations|1314040|sample|9|nan|4166,0.228,0.00408309,5,9,1,0.990136,0.990129,0.00304796,0.00356343,0.484375,0.236675
130_bNAb_Combinations|1314040|sample|9|nan|4166,1.14,0.000959114,6,9,1,0.973763,0.973749,0.00133695,0.00133736,-0.194516,-0.194724
130_bNAb_Combinations|1314040|sample|9|nan|4166,5.7,0.00134276,7,9,1,0.930214,0.930188,0.00127697,0.00127748,0.0339905,0.033727
130_bNAb_Combinations|1314040|sample|9|nan|4166,28.5,0.00109613,8,9,1,0.814376,0.814342,0.00111827,0.00111838,-0.0115446,-0.0116019
130_bNAb_Combinations|1314040|vc|1|2|nan|4166,0,0.872575,1,2,1,0.814376,0.814342,0.814262,0.814342,0.617719,0.61681
130_bNAb_Combinations|1314040|vc|2|2|nan|4166,0,0.811123,2,2,1,0.930214,0.930188,0.929818,0.930188,-1.10369,-1.1067
130_bNAb_Combinations|1314040|vc|3|2|nan|4166,0,0.8264,3,2,1,0.930214,0.930188,0.929818,0.930188,-0.961635,-0.964697
130_bNAb_Combinations|1314040|vc|4|2|nan|4166,0,0.88503,4,2,1,0.930214,0.930188,0.929818,0.930188,-0.416467,-0.419743
130_bNAb_Combinations|1314040|vc|5|2|nan|4166,0,0.762811,5,2,1,0.930214,0.930188,0.929818,0.930188,-1.55292,-1.55575
130_bNAb_Combinations|1314040|vc|6|2|nan|4166,0,0.755714,6,2,1,0.930214,0.930188,0.929818,0.930188,-1.61892,-1.62172
130_bNAb_Combinations|1314040|vc|7|2|nan|4166,0,0.742903,7,2,1,0.930214,0.930188,0.929818,0.930188,-1.73804,-1.7408
130_bNAb_Combinations|1314040|vc|8|2|nan|4166,0,0.592911,8,2,1,0.814376,0.814342,0.814262,0.814342,-2.3448,-2.34542
130_bNAb_Combinations|1314058|cc|1|1|nan|2944,0,0.00196858,1,1,0,0,0,0,0,1.09954,1.09954
130_bNAb_Combinations|1314058|cc|2|1|nan|2944,0,0.000401752,2,1,0,0,0,0,0,0.224395,0.224395
130_bNAb_Combinations|1314058|cc|3|1|nan|2944,0,0.00192841,3,1,0,0,0,0,0,1.0771,1.0771
130_bNAb_Combinations|1314058|cc|4|1|nan|2944,0,0.00156683,4,1,0,0,0,0,0,0.875141,0.875141
130_bNAb_Combinations|1314058|cc|5|1|nan|2944,0,0.00192841,5,1,0,0,0,0,0,1.0771,1.0771
130_bNAb_Combinations|1314058|cc|6|1|nan|2944,0,0.00273191,6,1,0,0,0,0,0,1.52589,1.52589
130_bNAb_Combinations|1314058|cc|7|1|nan|2944,0,0.00228998,7,1,0,0,0,0,0,1.27905,1.27905
130_bNAb_Combinations|1314058|cc|8|1|nan|2944,0,0,8,1,0,0,0,0,0,0,0
130_bNAb_Combinations|1314058|sample|10|nan|2944,0.0003648,0.569001,1,10,1,0.814376,0.814376,0.751473,0.757493,-2.09115,-2.14332
130_bNAb_Combinations|1314058|sample|10|nan|2944,0.001824,0.774678,2,10,1,0.930214,0.930214,0.733263,0.744179,0.486151,0.352865
130_bNAb_Combinations|1314058|sample|10|nan|2944,0.00912,0.604516,3,10,1,0.973763,0.973763,0.483535,0.490831,2.1305,1.97316
130_bNAb_Combinations|1314058|sample|10|nan|2944,0.0456,0.103933,4,10,1,0.973763,0.973763,0.127378,0.122184,-1.44029,-1.16341
130_bNAb_Combinations|1314058|sample|10|nan|2944,0.228,0.00494155,5,10,1,0.973763,0.973763,0.00508513,0.00416995,-0.060615,0.340713
130_bNAb_Combinations|1314058|sample|10|nan|2944,1.14,0.00176771,6,10,1,0.973763,0.973763,0.00217612,0.00217655,-0.20041,-0.200615
130_bNAb_Combinations|1314058|sample|10|nan|2944,5.7,0.00212928,7,10,1,0.930214,0.930214,0.00207834,0.00207917,0.0251353,0.0247259
130_bNAb_Combinations|1314058|sample|10|nan|2944,28.5,0.00152666,8,10,1,0.814376,0.814376,0.00182007,0.00182025,-0.146901,-0.146989
130_bNAb_Combinations|1314058|sample|11|nan|2944,0.0003712,0.654956,1,11,1,0.814376,0.814376,0.801894,0.801017,-1.58009,-1.57234
130_bNAb_Combinations|1314058|sample|11|nan|2944,0.001856,0.910209,2,11,1,0.930214,0.930214,0.883393,0.88113,0.26222,0.285062
130_bNAb_Combinations|1314058|sample|11|nan|2944,0.00928,0.826323,3,11,1,0.930214,0.930214,0.783953,0.779189,0.465844,0.521322
130_bNAb_Combinations|1314058|sample|11|nan|2944,0.0464,0.531096,4,11,1,0.930214,0.930214,0.529371,0.524144,0.0278131,0.113207
130_bNAb_Combinations|1314058|sample|11|nan|2944,0.2319999999999999,0.155357,5,11,1,0.930214,0.930214,0.153022,0.153474,0.121667,0.0978706
130_bNAb_Combinations|1314058|sample|11|nan|2944,1.16,0.00719135,6,11,1,0.930214,0.930214,0.00661766,0.00710033,0.225594,0.0350354
130_bNAb_Combinations|1314058|sample|11|nan|2944,5.8,0.000964204,7,11,1,0.930214,0.930214,0.00252593,0.00252757,-0.751674,-0.752398
130_bNAb_Combinations|1314058|sample|11|nan|2944,29,0.00116508,8,11,1,0.814376,0.814376,0.00221116,0.00221137,-0.512314,-0.512415
130_bNAb_Combinations|1314058|sample|12|nan|2944,0.0003712,0.691174,1,12,1,0.814376,0.814376,0.795882,0.795054,-1.13431,-1.12649
130_bNAb_Combinations|1314058|sample|12|nan|2944,0.001856,0.787493,2,12,1,0.814376,0.814376,0.760648,0.758367,0.304012,0.330813
130_bNAb_Combinations|1314058|sample|12|nan|2944,0.00928,0.705837,3,12,1,0.814376,0.814376,0.665136,0.659689,0.525586,0.600726
130_bNAb_Combinations|1314058|sample|12|nan|2944,0.0464,0.438512,4,12,1,0.814376,0.814376,0.449472,0.439836,-0.207146,-0.0255546
130_bNAb_Combinations|1314058|sample|12|nan|2944,0.2319999999999999,0.141899,5,12,1,0.814376,0.814376,0.150053,0.142197,-0.432412,-0.0165898
130_bNAb_Combinations|1314058|sample|12|nan|2944,1.16,0.0106062,6,12,1,0.814376,0.814376,0.0109759,0.00994708,-0.121646,0.22561
130_bNAb_Combinations|1314058|sample|12|nan|2944,5.8,0.000763328,7,12,1,0.814376,0.814376,0.00223442,0.00222951,-0.719533,-0.717329
130_bNAb_Combinations|1314058|sample|12|nan|2944,29,0.000682978,8,12,1,0.814376,0.814376,0.00221116,0.00221138,-0.748424,-0.748522
130_bNAb_Combinations|1314058|sample|3|nan|2944,0.000064,0.7568,1,3,1,0.814376,0.814376,0.706495,0.718193,0.612398,0.462493
130_bNAb_Combinations|1314058|sample|3|nan|2944,0.00032,0.711502,2,3,1,0.930214,0.930214,0.657467,0.676007,0.705725,0.451161
130_bNAb_Combinations|1314058|sample|3|nan|2944,0.0016,0.556567,3,3,1,0.973763,0.973763,0.418873,0.433899,2.78556,2.39866
130_bNAb_Combinations|1314058|sample|3|nan|2944,0.008,0.0999156,4,3,1,0.973763,0.973763,0.127855,0.128405,-1.7107,-1.73773
130_bNAb_Combinations|1314058|sample|3|nan|2944,0.04,0.00779398,5,3,1,0.973763,0.973763,0.0109253,0.00967038,-1.03244,-0.649217
130_bNAb_Combinations|1314058|sample|3|nan|2944,0.2,0.0069503,6,3,1,0.973763,0.973763,0.00387193,0.00386662,1.37997,1.38273
130_bNAb_Combinations|1314058|sample|3|nan|2944,1,0.00361576,7,3,1,0.930214,0.930214,0.00368843,0.0036899,-0.0328818,-0.0335436
130_bNAb_Combinations|1314058|sample|3|nan|2944,5,0.00610662,8,3,1,0.814376,0.814376,0.00323008,0.0032304,1.33312,1.33295
130_bNAb_Combinations|1314058|sample|4|nan|2944,0.000064,0.636756,1,4,1,0.814376,0.814376,0.705106,0.703987,-0.833672,-0.821304
130_bNAb_Combinations|1314058|sample|4|nan|2944,0.00032,0.746153,2,4,1,0.930214,0.930214,0.65779,0.657343,1.15351,1.16011
130_bNAb_Combinations|1314058|sample|4|nan|2944,0.0016,0.537845,3,4,1,0.973763,0.973763,0.424757,0.426805,2.25724,2.2061
130_bNAb_Combinations|1314058|sample|4|nan|2944,0.008,0.0750874,4,4,1,0.990136,0.990136,0.13852,0.142382,-3.61541,-3.74187
130_bNAb_Combinations|1314058|sample|4|nan|2944,0.04,0.0161906,5,4,1,0.990136,0.990136,0.0129729,0.0139988,0.985269,0.647985
130_bNAb_Combinations|1314058|sample|4|nan|2944,0.2,0.00445944,6,4,1,0.973763,0.973763,0.00388256,0.00389209,0.258466,0.254072
130_bNAb_Combinations|1314058|sample|4|nan|2944,1,0.0061468,7,4,1,0.930214,0.930214,0.00368843,0.0036899,1.11244,1.1117
130_bNAb_Combinations|1314058|sample|4|nan|2944,5,0.00337471,8,4,1,0.814376,0.814376,0.00323008,0.0032304,0.0670287,0.0668793
130_bNAb_Combinations|1314058|sample|5|nan|2944,0.0006144,0.421638,1,5,1,0.814376,0.814376,0.419656,0.40517,0.0400285,0.344005
130_bNAb_Combinations|1314058|sample|5|nan|2944,0.003072,0.241091,2,5,1,0.930214,0.930214,0.227221,0.215247,0.501945,0.983739
130_bNAb_Combinations|1314058|sample|5|nan|2944,0.01536,0.0357559,3,5,1,0.973763,0.973763,0.0520217,0.0485849,-2.1105,-1.75351
130_bNAb_Combinations|1314058|sample|5|nan|2944,0.0768,0.0111687,4,5,1,0.990136,0.990136,0.00588559,0.00576158,2.1478,2.21089
130_bNAb_Combinations|1314058|sample|5|nan|2944,0.384,0.00397734,5,5,1,0.990136,0.990136,0.00393091,0.00393166,0.0207496,0.0204167
130_bNAb_Combinations|1314058|sample|5|nan|2944,1.92,0.0050219,6,5,1,0.973763,0.973763,0.00386159,0.00386265,0.520417,0.519913
130_bNAb_Combinations|1314058|sample|5|nan|2944,9.6,0.00289261,7,5,1,0.930214,0.930214,0.00368843,0.0036899,-0.360118,-0.360755
130_bNAb_Combinations|1314058|sample|5|nan|2944,48,0.00337471,8,5,1,0.814376,0.814376,0.00323008,0.0032304,0.0670287,0.0668793
130_bNAb_Combinations|1314058|sample|6|nan|2944,0.0006144,0.459122,1,6,1,0.814376,0.814376,0.404926,0.39254,1.13275,1.43385
130_bNAb_Combinations|1314058|sample|6|nan|2944,0.003072,0.181552,2,6,1,0.930214,0.930214,0.183308,0.180154,-0.0776007,0.0627471
130_bNAb_Combinations|1314058|sample|6|nan|2944,0.01536,0.0224981,3,6,1,0.973763,0.973763,0.0256103,0.0275134,-0.661733,-1.01945
130_bNAb_Combinations|1314058|sample|6|nan|2944,0.0768,0.00879836,4,6,1,0.990136,0.990136,0.00410272,0.00420858,2.08048,2.02279
130_bNAb_Combinations|1314058|sample|6|nan|2944,0.384,0.00377647,5,6,1,0.990136,0.990136,0.00392701,0.00392762,-0.0672965,-0.0675697
130_bNAb_Combinations|1314058|sample|6|nan|2944,1.92,0.00425857,6,6,1,0.973763,0.973763,0.00386159,0.00386265,0.178052,0.177567
130_bNAb_Combinations|1314058|sample|6|nan|2944,9.6,0.00349524,7,6,1,0.930214,0.930214,0.00368843,0.0036899,-0.0874211,-0.0880788
130_bNAb_Combinations|1314058|sample|6|nan|2944,48,0.00317384,8,6,1,0.814376,0.814376,0.00323008,0.0032304,-0.0260663,-0.0262141
130_bNAb_Combinations|1314058|sample|7|nan|2944,0.0000768,0.772267,1,7,1,0.814376,0.814376,0.773154,0.772431,-0.0098872,-0.00183319
130_bNAb_Combinations|1314058|sample|7|nan|2944,0.000384,0.792997,2,7,1,0.930214,0.930214,0.81371,0.812589,-0.219555,-0.207958
130_bNAb_Combinations|1314058|sample|7|nan|2944,0.00192,0.847113,3,7,1,0.973763,0.973763,0.691145,0.689758,1.93995,1.96105
130_bNAb_Combinations|1314058|sample|7|nan|2944,0.0096,0.388996,4,7,1,0.990136,0.990136,0.412958,0.413029,-0.491449,-0.492825
130_bNAb_Combinations|1314058|sample|7|nan|2944,0.048,0.102889,5,7,1,0.990136,0.990136,0.110273,0.11193,-0.515216,-0.622658
130_bNAb_Combinations|1314058|sample|7|nan|2944,0.24,0.00903941,6,7,1,0.973763,0.973763,0.006517,0.00685121,0.996376,0.851571
130_bNAb_Combinations|1314058|sample|7|nan|2944,1.2,0.00305331,7,7,1,0.930214,0.930214,0.00208218,0.0020841,0.47905,0.478053
130_bNAb_Combinations|1314058|sample|7|nan|2944,6,0.00325419,8,7,1,0.814376,0.814376,0.00182007,0.00182025,0.717997,0.717899
130_bNAb_Combinations|1314058|sample|8|nan|2944,0.0000768,0.84412,1,8,1,0.814376,0.814376,0.803524,0.798749,0.435675,0.489776
130_bNAb_Combinations|1314058|sample|8|nan|2944,0.000384,0.940119,2,8,1,0.930214,0.930214,0.887534,0.874554,0.511853,0.647507
130_bNAb_Combinations|1314058|sample|8|nan|2944,0.00192,0.824917,3,8,1,0.973763,0.973763,0.827284,0.800223,-0.0246885,0.266083
130_bNAb_Combinations|1314058|sample|8|nan|2944,0.0096,0.591097,4,8,1,0.990136,0.990136,0.561441,0.531462,0.451761,0.958208
130_bNAb_Combinations|1314058|sample|8|nan|2944,0.048,0.135872,5,8,1,0.990136,0.990136,0.140222,0.141197,-0.245196,-0.298315
130_bNAb_Combinations|1314058|sample|8|nan|2944,0.24,0.00361576,6,8,1,0.973763,0.973763,0.00345591,0.00460643,0.0732121,-0.428063
130_bNAb_Combinations|1314058|sample|8|nan|2944,1.2,0.00329436,7,8,1,0.930214,0.930214,0.00207834,0.00207921,0.599984,0.599527
130_bNAb_Combinations|1314058|sample|8|nan|2944,6,0.00289261,8,8,1,0.814376,0.814376,0.00182007,0.00182025,0.536972,0.536876
130_bNAb_Combinations|1314058|sample|9|nan|2944,0.0003648,0.631373,1,9,1,0.814376,0.814376,0.754584,0.752677,-1.40631,-1.38798
130_bNAb_Combinations|1314058|sample|9|nan|2944,0.001824,0.855028,2,9,1,0.930214,0.930214,0.733272,0.730421,1.42924,1.4683
130_bNAb_Combinations|1314058|sample|9|nan|2944,0.00912,0.528323,3,9,1,0.973763,0.973763,0.465417,0.464943,1.1495,1.1593
130_bNAb_Combinations|1314058|sample|9|nan|2944,0.0456,0.0948536,4,9,1,0.990136,0.990136,0.103159,0.106592,-0.614141,-0.84366
130_bNAb_Combinations|1314058|sample|9|nan|2944,0.228,0.00401752,5,9,1,0.990136,0.990136,0.00327511,0.00352646,0.343249,0.224077
130_bNAb_Combinations|1314058|sample|9|nan|2944,1.14,0.00309349,6,9,1,0.973763,0.973763,0.00217592,0.00217652,0.450264,0.449951
130_bNAb_Combinations|1314058|sample|9|nan|2944,5.7,0.00200876,7,9,1,0.930214,0.930214,0.00207834,0.00207917,-0.0343319,-0.0347384
130_bNAb_Combinations|1314058|sample|9|nan|2944,28.5,0.00369612,8,9,1,0.814376,0.814376,0.00182007,0.00182025,0.93925,0.93915
130_bNAb_Combinations|1314058|vc|1|2|nan|2944,0,0.691535,1,2,1,0.814376,0.814376,0.814295,0.814376,-1.30036,-1.30109
130_bNAb_Combinations|1314058|vc|2|2|nan|2944,0,0.932385,2,2,1,0.930214,0.930214,0.929843,0.930214,0.0236339,0.0201844
130_bNAb_Combinations|1314058|vc|3|2|nan|2944,0,1,3,2,1,0.930214,0.930214,0.929843,0.930214,0.652337,0.648641
130_bNAb_Combinations|1314058|vc|4|2|nan|2944,0,0.97479,4,2,1,0.930214,0.930214,0.929843,0.930214,0.417927,0.414324
130_bNAb_Combinations|1314058|vc|5|2|nan|2944,0,0.982805,5,2,1,0.930214,0.930214,0.929843,0.930214,0.492453,0.48882
130_bNAb_Combinations|1314058|vc|6|2|nan|2944,0,0.897594,6,2,1,0.930214,0.930214,0.929843,0.930214,-0.29987,-0.303193
130_bNAb_Combinations|1314058|vc|7|2|nan|2944,0,0.932385,7,2,1,0.930214,0.930214,0.929843,0.930214,0.0236339,0.0201844
130_bNAb_Combinations|1314058|vc|8|2|nan|2944,0,0.756117,8,2,1,0.814376,0.814376,0.814295,0.814376,-0.61627,-0.617064
130_bNAb_Combinations|1342240|cc|1|1|nan|1798,0,0.000747678,1,1,0,0,0,0,0,0.417609,0.417609
130_bNAb_Combinations|1342240|cc|2|1|nan|1798,0,0.000889479,2,1,0,0,0,0,0,0.496811,0.496811
130_bNAb_Combinations|1342240|cc|3|1|nan|1798,0,0.00106995,3,1,0,0,0,0,0,0.597613,0.597613
130_bNAb_Combinations|1342240|cc|4|1|nan|1798,0,0.0011473,4,1,0,0,0,0,0,0.640814,0.640814
130_bNAb_Combinations|1342240|cc|5|1|nan|1798,0,0.00125043,5,1,0,0,0,0,0,0.698416,0.698416
130_bNAb_Combinations|1342240|cc|6|1|nan|1798,0,0.00109574,6,1,0,0,0,0,0,0.612014,0.612014
130_bNAb_Combinations|1342240|cc|7|1|nan|1798,0,0.00113441,7,1,0,0,0,0,0,0.633614,0.633614
130_bNAb_Combinations|1342240|cc|8|1|nan|1798,0,0.00134066,8,1,0,0,0,0,0,0.748817,0.748817
130_bNAb_Combinations|1342240|sample|3|nan|1798,0.0010624,0.835221,1,3,1,0.814376,0.814411,0.812638,0.8121,0.239686,0.245557
130_bNAb_Combinations|1342240|sample|3|nan|1798,0.005312,0.877793,2,3,1,0.930214,0.930254,0.920656,0.918484,-0.402464,-0.382957
130_bNAb_Combinations|1342240|sample|3|nan|1798,0.02656,0.931355,3,3,1,0.973763,0.973789,0.92812,0.919926,0.0301417,0.107405
130_bNAb_Combinations|1342240|sample|3|nan|1798,0.1328,0.830071,4,3,1,0.973763,0.973789,0.776437,0.757508,0.595276,0.825087
130_bNAb_Combinations|1342240|sample|3|nan|1798,0.664,0.362418,5,3,1,0.973763,0.973789,0.351269,0.339718,0.267074,0.561489
130_bNAb_Combinations|1342240|sample|3|nan|1798,3.32,0.0234358,6,3,1,0.973763,0.973789,0.0217247,0.0243988,0.401551,-0.210933
130_bNAb_Combinations|1342240|sample|3|nan|1798,83,0.000966825,8,3,1,0.814376,0.814411,0.00135414,0.00135429,-0.199197,-0.199272
130_bNAb_Combinations|1342240|sample|4|nan|1798,0.0010624,0.808053,1,4,1,0.814376,0.814411,0.811828,0.81217,-0.0401111,-0.0437213
130_bNAb_Combinations|1342240|sample|4|nan|1798,0.005312,0.88955,2,4,1,0.930214,0.930254,0.917491,0.918691,-0.26324,-0.2742
130_bNAb_Combinations|1342240|sample|4|nan|1798,0.02656,0.902873,3,4,1,0.973763,0.973789,0.918323,0.920189,-0.145429,-0.162675
130_bNAb_Combinations|1342240|sample|4|nan|1798,0.1328,0.803702,4,4,1,0.990136,0.990149,0.77046,0.768684,0.371757,0.392509
130_bNAb_Combinations|1342240|sample|4|nan|1798,0.664,0.370758,5,4,1,0.990136,0.990149,0.356045,0.337698,0.347943,0.822408
130_bNAb_Combinations|1342240|sample|4|nan|1798,3.32,0.0203936,6,4,1,0.973763,0.973789,0.0293319,0.0216861,-1.74358,-0.30363
130_bNAb_Combinations|1342240|sample|4|nan|1798,16.6,3.8673e-05,7,4,1,0.930214,0.930254,0.00166121,0.00158846,-0.819747,-0.786277
130_bNAb_Combinations|1342240|sample|4|nan|1798,83,0.000747678,8,4,1,0.814376,0.814411,0.00135419,0.00135428,-0.311928,-0.311974
130_bNAb_Combinations|1342240|sample|8|nan|1798,16.6,0.000721896,7,8,1,0.930214,0.930254,0.00154629,0.00158152,-0.419274,-0.436302
130_bNAb_Combinations|1342240|vc|1|2|nan|1798,0,0.862537,1,2,1,0.814376,0.814411,0.814328,0.814411,0.51064,0.509712
130_bNAb_Combinations|1342240|vc|2|2|nan|1798,0,0.923324,2,2,1,0.930214,0.930254,0.929883,0.930254,-0.0609797,-0.0644026
130_bNAb_Combinations|1342240|vc|3|2|nan|1798,0,0.944627,3,2,1,0.930214,0.930254,0.929883,0.930254,0.137088,0.133587
130_bNAb_Combinations|1342240|vc|4|2|nan|1798,0,1,4,2,1,0.930214,0.930254,0.929883,0.930254,0.651944,0.648242
130_bNAb_Combinations|1342240|vc|5|2|nan|1798,0,0.995817,5,2,1,0.930214,0.930254,0.929883,0.930254,0.61305,0.609363
130_bNAb_Combinations|1342240|vc|6|2|nan|1798,0,0.979742,6,2,1,0.930214,0.930254,0.929883,0.930254,0.463585,0.459957
130_bNAb_Combinations|1342240|vc|7|2|nan|1798,0,0.912625,7,2,1,0.930214,0.930254,0.929883,0.930254,-0.160463,-0.163847
130_bNAb_Combinations|1342240|vc|8|2|nan|1798,0,0.732654,8,2,1,0.814376,0.814411,0.814328,0.814411,-0.865121,-0.865911
130_bNAb_Combinations|1342258|cc|1|1|TRO.11|8301,0,0.000586773,1,1,0,0,0,0,0,0.327737,0.327737
130_bNAb_Combinations|1342258|cc|2|1|TRO.11|8301,0,0.000602214,2,1,0,0,0,0,0,0.336362,0.336362
130_bNAb_Combinations|1342258|cc|3|1|TRO.11|8301,0,0.000756628,3,1,0,0,0,0,0,0.422608,0.422608
130_bNAb_Combinations|1342258|cc|4|1|TRO.11|8301,0,0.000694863,4,1,0,0,0,0,0,0.38811,0.38811
130_bNAb_Combinations|1342258|cc|5|1|TRO.11|8301,0,0.000957366,5,1,0,0,0,0,0,0.534729,0.534729
130_bNAb_Combinations|1342258|cc|6|1|TRO.11|8301,0,0.000648538,6,1,0,0,0,0,0,0.362236,0.362236
130_bNAb_Combinations|1342258|cc|7|1|TRO.11|8301,0,0.00103457,7,1,0,0,0,0,0,0.577852,0.577852
130_bNAb_Combinations|1342258|cc|8|1|TRO.11|8301,0,0.00112722,8,1,0,0,0,0,0,0.6296,0.6296
130_bNAb_Combinations|1342258|sample|3|TRO.11|8301,0.0010624,1,1,3,1,0.814376,0.814353,0.805487,0.803294,2.08252,2.11164
130_bNAb_Combinations|1342258|sample|3|TRO.11|8301,0.005312,0.977008,2,3,1,0.930214,0.930196,0.887458,0.880254,0.871736,0.949434
130_bNAb_Combinations|1342258|sample|3|TRO.11|8301,0.02656,0.852774,3,3,1,0.973763,0.973753,0.797147,0.779982,0.601667,0.804311
130_bNAb_Combinations|1342258|sample|3|TRO.11|8301,0.1328,0.409135,4,3,1,0.973763,0.973753,0.418266,0.404312,-0.184977,0.100952
130_bNAb_Combinations|1342258|sample|3|TRO.11|8301,0.664,0.0368586,5,3,1,0.973763,0.973753,0.033963,0.0369581,0.512204,-0.0165999
130_bNAb_Combinations|1342258|sample|3|TRO.11|8301,3.32,0.000988249,6,3,1,0.973763,0.973753,0.00170171,0.00171576,-0.359619,-0.366409
130_bNAb_Combinations|1342258|sample|3|TRO.11|8301,16.6,0.000617656,7,3,1,0.930214,0.930196,0.00161726,0.00161791,-0.506306,-0.506613
130_bNAb_Combinations|1342258|sample|3|TRO.11|8301,83,0.0017912,8,3,1,0.814376,0.814353,0.00141628,0.00141642,0.192124,0.192051
130_bNAb_Combinations|1342258|sample|4|TRO.11|8301,0.0010624,0.951962,1,4,1,0.814376,0.814353,0.802524,0.801556,1.60572,1.61804
130_bNAb_Combinations|1342258|sample|4|TRO.11|8301,0.005312,0.975433,2,4,1,0.930214,0.930196,0.878313,0.875558,0.955094,0.985223
130_bNAb_Combinations|1342258|sample|4|TRO.11|8301,0.02656,0.81302,3,4,1,0.973763,0.973753,0.779195,0.773394,0.374126,0.441505
130_bNAb_Combinations|1342258|sample|4|TRO.11|8301,0.1328,0.42409,4,4,1,0.990136,0.990131,0.420476,0.417798,0.0728557,0.127613
130_bNAb_Combinations|1342258|sample|4|TRO.11|8301,0.664,0.0475286,5,4,1,0.990136,0.990131,0.0446566,0.047334,0.418084,0.0271235
130_bNAb_Combinations|1342258|sample|4|TRO.11|8301,3.32,0.000586773,6,4,1,0.973763,0.973753,0.00174442,0.00177171,-0.582089,-0.594882
130_bNAb_Combinations|1342258|sample|4|TRO.11|8301,16.6,0.00101913,7,4,1,0.930214,0.930196,0.00161726,0.00161791,-0.302956,-0.303271
130_bNAb_Combinations|1342258|sample|4|TRO.11|8301,83,0.00205371,8,4,1,0.814376,0.814353,0.00141628,0.00141642,0.326641,0.326566
130_bNAb_Combinations|1342258|vc|1|2|TRO.11|8301,0,0.96755,1,2,1,0.814376,0.814353,0.814273,0.814353,1.62367,1.62266
130_bNAb_Combinations|1342258|vc|2|2|TRO.11|8301,0,0.984057,2,2,1,0.930214,0.930196,0.929826,0.930196,0.504264,0.500628
130_bNAb_Combinations|1342258|vc|3|2|TRO.11|8301,0,0.968554,3,2,1,0.930214,0.930196,0.929826,0.930196,0.360109,0.356529
130_bNAb_Combinations|1342258|vc|4|2|TRO.11|8301,0,0.996418,4,2,1,0.930214,0.930196,0.929826,0.930196,0.619201,0.61552
130_bNAb_Combinations|1342258|vc|5|2|TRO.11|8301,0,0.95952,5,2,1,0.930214,0.930196,0.929826,0.930196,0.276114,0.272566
130_bNAb_Combinations|1342258|vc|6|2|TRO.11|8301,0,0.92514,6,2,1,0.930214,0.930196,0.929826,0.930196,-0.0435705,-0.0469925
130_bNAb_Combinations|1342258|vc|7|2|TRO.11|8301,0,0.920917,7,2,1,0.930214,0.930196,0.929826,0.930196,-0.08284,-0.0862467
130_bNAb_Combinations|1342258|vc|8|2|TRO.11|8301,0,0.827859,8,2,1,0.814376,0.814353,0.814273,0.814353,0.143925,0.14306
130_bNAb_Combinations|1342276|cc|1|1|Ce1176_A3|7023,0,0.00106045,1,1,0,0,0,0,0,0.592307,0.592307
130_bNAb_Combinations|1342276|cc|2|1|Ce1176_A3|7023,0,0.000899371,2,1,0,0,0,0,0,0.502336,0.502336
130_bNAb_Combinations|1342276|cc|3|1|Ce1176_A3|7023,0,0.00139604,3,1,0,0,0,0,0,0.779746,0.779746
130_bNAb_Combinations|1342276|cc|4|1|Ce1176_A3|7023,0,0.000885948,4,1,0,0,0,0,0,0.494839,0.494839
130_bNAb_Combinations|1342276|cc|5|1|Ce1176_A3|7023,0,0.000939641,5,1,0,0,0,0,0,0.524829,0.524829
130_bNAb_Combinations|1342276|cc|6|1|Ce1176_A3|7023,0,0.00115442,6,1,0,0,0,0,0,0.64479,0.64479
130_bNAb_Combinations|1342276|cc|7|1|Ce1176_A3|7023,0,0.00167793,7,1,0,0,0,0,0,0.937194,0.937194
130_bNAb_Combinations|1342276|cc|8|1|Ce1176_A3|7023,0,0.0012618,8,1,0,0,0,0,0,0.70477,0.70477
130_bNAb_Combinations|1342276|sample|3|Ce1176_A3|7023,0.0010624,0.725068,1,3,1,0.814376,0.814416,0.810204,0.809037,-0.906294,-0.895135
130_bNAb_Combinations|1342276|sample|3|Ce1176_A3|7023,0.005312,0.881934,2,3,1,0.930214,0.930243,0.910352,0.906346,-0.269802,-0.232777
130_bNAb_Combinations|1342276|sample|3|Ce1176_A3|7023,0.02656,0.891317,3,3,1,0.973763,0.97378,0.891302,0.879516,0.000149224,0.115899
130_bNAb_Combinations|1342276|sample|3|Ce1176_A3|7023,0.1328,0.705718,4,3,1,0.973763,0.97378,0.677927,0.65774,0.352255,0.626351
130_bNAb_Combinations|1342276|sample|3|Ce1176_A3|7023,0.664,0.239233,5,3,1,0.973763,0.97378,0.238379,0.232559,0.0295325,0.236302
130_bNAb_Combinations|1342276|sample|3|Ce1176_A3|7023,3.32,0.012269,6,3,1,0.973763,0.97378,0.0108949,0.0126289,0.453578,-0.111526
130_bNAb_Combinations|1342276|sample|3|Ce1176_A3|7023,16.6,0.00138262,7,3,1,0.930214,0.930243,0.00200181,0.00201317,-0.30683,-0.312255
130_bNAb_Combinations|1342276|sample|3|Ce1176_A3|7023,83,0.00073829,8,3,1,0.814376,0.814416,0.00174572,0.0017459,-0.50652,-0.506604
130_bNAb_Combinations|1342276|sample|4|Ce1176_A3|7023,0.0010624,0.749337,1,4,1,0.814376,0.814416,0.810025,0.809128,-0.646174,-0.637312
130_bNAb_Combinations|1342276|sample|4|Ce1176_A3|7023,0.005312,0.874437,2,4,1,0.930214,0.930243,0.909941,0.906983,-0.337222,-0.310121
130_bNAb_Combinations|1342276|sample|4|Ce1176_A3|7023,0.02656,0.920365,3,4,1,0.973763,0.97378,0.891346,0.88284,0.281287,0.367178
130_bNAb_Combinations|1342276|sample|4|Ce1176_A3|7023,0.1328,0.749364,4,4,1,0.990136,0.990144,0.695004,0.681288,0.672471,0.858706
130_bNAb_Combinations|1342276|sample|4|Ce1176_A3|7023,0.664,0.256838,5,4,1,0.990136,0.990144,0.25784,0.256631,-0.03223,0.00666988
130_bNAb_Combinations|1342276|sample|4|Ce1176_A3|7023,3.32,0.0164035,6,4,1,0.973763,0.97378,0.0139257,0.0163138,0.734309,0.024587
130_bNAb_Combinations|1342276|sample|4|Ce1176_A3|7023,16.6,0.000402703,7,4,1,0.930214,0.930243,0.0020132,0.00203526,-0.797535,-0.807454
130_bNAb_Combinations|1342276|sample|4|Ce1176_A3|7023,83,0.000617479,8,4,1,0.814376,0.814416,0.00174572,0.00174591,-0.567263,-0.567349
130_bNAb_Combinations|1342276|vc|1|2|Ce1176_A3|7023,0,0.763009,1,2,1,0.814376,0.814416,0.814334,0.814416,-0.543648,-0.544456
130_bNAb_Combinations|1342276|vc|2|2|Ce1176_A3|7023,0,0.910553,2,2,1,0.930214,0.930243,0.929872,0.930243,-0.179634,-0.183007
130_bNAb_Combinations|1342276|vc|3|2|Ce1176_A3|7023,0,1,3,2,1,0.930214,0.930243,0.929872,0.930243,0.652048,0.648348
130_bNAb_Combinations|1342276|vc|4|2|Ce1176_A3|7023,0,0.978623,4,2,1,0.930214,0.930243,0.929872,0.930243,0.453286,0.449664
130_bNAb_Combinations|1342276|vc|5|2|Ce1176_A3|7023,0,0.915016,5,2,1,0.930214,0.930243,0.929872,0.930243,-0.138134,-0.141524
130_bNAb_Combinations|1342276|vc|6|2|Ce1176_A3|7023,0,0.948528,6,2,1,0.930214,0.930243,0.929872,0.930243,0.173458,0.169946
130_bNAb_Combinations|1342276|vc|7|2|Ce1176_A3|7023,0,0.841536,7,2,1,0.930214,0.930243,0.929872,0.930243,-0.821352,-0.824474
130_bNAb_Combinations|1342276|vc|8|2|Ce1176_A3|7023,0,0.749606,8,2,1,0.814376,0.814416,0.814334,0.814416,-0.685619,-0.686413
130_bNAb_Combinations|1342294|cc|1|1|nan|1176,0,0.00986891,1,1,0,0,0,0,0,5.51219,5.51219
130_bNAb_Combinations|1342294|cc|2|1|nan|1176,0,0.00692296,2,1,0,0,0,0,0,3.86676,3.86676
130_bNAb_Combinations|1342294|cc|3|1|nan|1176,0,0.00368243,3,1,0,0,0,0,0,2.05679,2.05679
130_bNAb_Combinations|1342294|cc|4|1|nan|1176,0,0.0107527,4,1,0,0,0,0,0,6.00582,6.00582
130_bNAb_Combinations|1342294|cc|5|1|nan|1176,0,0.000736485,5,1,0,0,0,0,0,0.411358,0.411358
130_bNAb_Combinations|1342294|cc|6|1|nan|1176,0,0,6,1,0,0,0,0,0,0,0
130_bNAb_Combinations|1342294|cc|7|1|nan|1176,0,0.00618648,7,1,0,0,0,0,0,3.45541,3.45541
130_bNAb_Combinations|1342294|cc|8|1|nan|1176,0,0.0048608,8,1,0,0,0,0,0,2.71496,2.71496
130_bNAb_Combinations|1342294|sample|3|nan|1176,0.0010624,0.7384,1,3,1,0.814376,0.814373,0.759109,0.752574,-0.23498,-0.162199
130_bNAb_Combinations|1342294|sample|3|nan|1176,0.005312,0.840477,2,3,1,0.930214,0.930213,0.757464,0.744489,0.943969,1.11014
130_bNAb_Combinations|1342294|sample|3|nan|1176,0.02656,0.51554,3,3,1,0.973763,0.973763,0.537511,0.522387,-0.349165,-0.111873
130_bNAb_Combinations|1342294|sample|3|nan|1176,0.1328,0.173221,4,3,1,0.973763,0.973763,0.182552,0.17913,-0.41373,-0.266598
130_bNAb_Combinations|1342294|sample|3|nan|1176,0.664,0.0191486,5,3,1,0.973763,0.973763,0.0165325,0.0176552,0.712695,0.39317
130_bNAb_Combinations|1342294|sample|3|nan|1176,3.32,0.00559729,6,3,1,0.973763,0.973763,0.00679267,0.00680668,-0.466408,-0.471583
130_bNAb_Combinations|1342294|sample|3|nan|1176,83,0.0050081,8,3,1,0.814376,0.814373,0.00566917,0.00566974,-0.27147,-0.271693
130_bNAb_Combinations|1342294|sample|4|nan|1176,0.0010624,0.680071,1,4,1,0.814376,0.814373,0.784337,0.780097,-1.14582,-1.10507
130_bNAb_Combinations|1342294|sample|4|nan|1176,0.005312,0.847842,2,4,1,0.930214,0.930213,0.817847,0.80784,0.316374,0.427051
130_bNAb_Combinations|1342294|sample|4|nan|1176,0.02656,0.692444,3,4,1,0.973763,0.973763,0.629022,0.615015,0.864847,1.07931
130_bNAb_Combinations|1342294|sample|4|nan|1176,0.1328,0.216085,4,4,1,0.990136,0.990136,0.23176,0.229614,-0.556847,-0.484828
130_bNAb_Combinations|1342294|sample|4|nan|1176,0.664,0.0187067,5,4,1,0.990136,0.990136,0.0160005,0.0177401,0.749605,0.253826
130_bNAb_Combinations|1342294|sample|4|nan|1176,3.32,0.00456621,6,4,1,0.973763,0.973763,0.00677977,0.00678521,-0.864172,-0.866088
130_bNAb_Combinations|1342294|sample|4|nan|1176,16.6,0.00618648,7,4,1,0.930214,0.930213,0.00647365,0.00647622,-0.113655,-0.114662
130_bNAb_Combinations|1342294|sample|4|nan|1176,83,0.00265135,8,4,1,0.814376,0.814373,0.00566917,0.00566974,-1.23927,-1.23947
130_bNAb_Combinations|1342294|sample|8|nan|1176,16.6,0.00883783,7,8,1,0.930214,0.930213,0.00647365,0.00854759,0.935694,0.105061
130_bNAb_Combinations|1342294|vc|1|2|nan|1176,0,0.903962,1,2,1,0.814376,0.814373,0.814292,0.814373,0.949852,0.948906
130_bNAb_Combinations|1342294|vc|2|2|nan|1176,0,0.772868,2,2,1,0.930214,0.930213,0.929843,0.930213,-1.4596,-1.46247
130_bNAb_Combinations|1342294|vc|3|2|nan|1176,0,0.798792,3,2,1,0.930214,0.930213,0.929843,0.930213,-1.21855,-1.22151
130_bNAb_Combinations|1342294|vc|4|2|nan|1176,0,1,4,2,1,0.930214,0.930213,0.929843,0.930213,0.652346,0.64865
130_bNAb_Combinations|1342294|vc|5|2|nan|1176,0,0.928708,5,2,1,0.930214,0.930213,0.929843,0.930213,-0.0105472,-0.0139835
130_bNAb_Combinations|1342294|vc|6|2|nan|1176,0,0.843276,6,2,1,0.930214,0.930213,0.929843,0.930213,-0.804924,-0.808049
130_bNAb_Combinations|1342294|vc|7|2|nan|1176,0,0.868906,7,2,1,0.930214,0.930213,0.929843,0.930213,-0.566611,-0.569829
130_bNAb_Combinations|1342294|vc|8|2|nan|1176,0,0.751657,8,2,1,0.814376,0.814373,0.814292,0.814373,-0.663478,-0.664268
130_bNAb_Combinations|1342312|cc|1|1|RHPA4259.7|5371,0,0.00173044,1,1,0,0,0,0,0,0.966522,0.966522
130_bNAb_Combinations|1342312|cc|2|1|RHPA4259.7|5371,0,0.00228271,2,1,0,0,0,0,0,1.27499,1.27499
130_bNAb_Combinations|1342312|cc|3|1|RHPA4259.7|5371,0,0.00237475,3,1,0,0,0,0,0,1.3264,1.3264
130_bNAb_Combinations|1342312|cc|4|1|RHPA4259.7|5371,0,0.00189612,4,1,0,0,0,0,0,1.05906,1.05906
130_bNAb_Combinations|1342312|cc|5|1|RHPA4259.7|5371,0,0.00136226,5,1,0,0,0,0,0,0.760879,0.760879
130_bNAb_Combinations|1342312|cc|6|1|RHPA4259.7|5371,0,0.00187771,6,1,0,0,0,0,0,1.04878,1.04878
130_bNAb_Combinations|1342312|cc|7|1|RHPA4259.7|5371,0,0.00250361,7,1,0,0,0,0,0,1.39837,1.39837
130_bNAb_Combinations|1342312|cc|8|1|RHPA4259.7|5371,0,0.0020618,8,1,0,0,0,0,0,1.1516,1.1516
130_bNAb_Combinations|1342312|sample|3|RHPA4259.7|5371,0.0010624,0.763952,1,3,1,0.814376,0.814366,0.767829,0.768568,-0.0435126,-0.0517503
130_bNAb_Combinations|1342312|sample|3|RHPA4259.7|5371,0.005312,0.818875,2,3,1,0.930214,0.930209,0.757774,0.7596,0.69451,0.672176
130_bNAb_Combinations|1342312|sample|3|RHPA4259.7|5371,0.02656,0.538378,3,3,1,0.973763,0.973761,0.479127,0.480919,1.05271,1.01718
130_bNAb_Combinations|1342312|sample|3|RHPA4259.7|5371,0.1328,0.0814411,4,3,1,0.973763,0.973761,0.0877284,0.0877261,-0.534265,-0.534085
130_bNAb_Combinations|1342312|sample|3|RHPA4259.7|5371,0.664,0.00397633,5,3,1,0.973763,0.973761,0.00168381,0.00166908,1.15674,1.16515
130_bNAb_Combinations|1342312|sample|3|RHPA4259.7|5371,3.32,0.00173044,6,3,1,0.973763,0.973761,0.00129176,0.00129212,0.226438,0.22625
130_bNAb_Combinations|1342312|sample|3|RHPA4259.7|5371,16.6,0.00147271,7,3,1,0.930214,0.930209,0.00123383,0.00123432,0.123727,0.123469
130_bNAb_Combinations|1342312|sample|3|RHPA4259.7|5371,83,0.0012334,8,3,1,0.814376,0.814366,0.0010805,0.00108061,0.079913,0.0798565
130_bNAb_Combinations|1342312|sample|4|RHPA4259.7|5371,0.0010624,0.732077,1,4,1,0.814376,0.814366,0.772103,0.770898,-0.446689,-0.433914
130_bNAb_Combinations|1342312|sample|4|RHPA4259.7|5371,0.005312,0.824591,2,4,1,0.930214,0.930209,0.764741,0.76163,0.674225,0.712109
130_bNAb_Combinations|1342312|sample|4|RHPA4259.7|5371,0.02656,0.536592,3,4,1,0.973763,0.973761,0.476304,0.47151,1.07729,1.1744
130_bNAb_Combinations|1342312|sample|4|RHPA4259.7|5371,0.1328,0.0694384,4,4,1,0.990136,0.990135,0.0763256,0.0751738,-0.657715,-0.55466
130_bNAb_Combinations|1342312|sample|4|RHPA4259.7|5371,0.664,0.00323997,5,4,1,0.990136,0.990135,0.00146218,0.00146578,0.908576,0.906545
130_bNAb_Combinations|1342312|sample|4|RHPA4259.7|5371,3.32,0.00138067,6,4,1,0.973763,0.973761,0.00129176,0.00129212,0.045893,0.0457087
130_bNAb_Combinations|1342312|sample|4|RHPA4259.7|5371,16.6,0.00134385,7,4,1,0.930214,0.930209,0.00123383,0.00123432,0.0569831,0.056727
130_bNAb_Combinations|1342312|sample|4|RHPA4259.7|5371,83,0.00163839,8,4,1,0.814376,0.814366,0.0010805,0.00108061,0.291591,0.291533
130_bNAb_Combinations|1342312|vc|1|2|RHPA4259.7|5371,0,0.805648,1,2,1,0.814376,0.814366,0.814286,0.814366,-0.0914996,-0.0923457
130_bNAb_Combinations|1342312|vc|2|2|RHPA4259.7|5371,0,0.988964,2,2,1,0.930214,0.930209,0.929839,0.930209,0.549767,0.546111
130_bNAb_Combinations|1342312|vc|3|2|RHPA4259.7|5371,0,0.95037,3,2,1,0.930214,0.930209,0.929839,0.930209,0.190904,0.187388
130_bNAb_Combinations|1342312|vc|4|2|RHPA4259.7|5371,0,0.951677,4,2,1,0.930214,0.930209,0.929839,0.930209,0.203057,0.199536
130_bNAb_Combinations|1342312|vc|5|2|RHPA4259.7|5371,0,1,5,2,1,0.930214,0.930209,0.929839,0.930209,0.652385,0.648688
130_bNAb_Combinations|1342312|vc|6|2|RHPA4259.7|5371,0,0.952339,6,2,1,0.930214,0.930209,0.929839,0.930209,0.209219,0.205696
130_bNAb_Combinations|1342312|vc|7|2|RHPA4259.7|5371,0,0.995186,7,2,1,0.930214,0.930209,0.929839,0.930209,0.607623,0.603944
130_bNAb_Combinations|1342312|vc|8|2|RHPA4259.7|5371,0,0.750412,8,2,1,0.814376,0.814366,0.814286,0.814366,-0.676605,-0.677394
130_bNAb_Combinations|1342336|cc|1|1|nan|3430,0,0,1,1,0,0,0,0,0,0,0
130_bNAb_Combinations|1342336|cc|2|1|nan|3430,0,0,2,1,0,0,0,0,0,0,0
130_bNAb_Combinations|1342336|cc|3|1|nan|3430,0,0.00041405,3,1,0,0,0,0,0,0.231264,0.231264
130_bNAb_Combinations|1342336|cc|4|1|nan|3430,0,0.00119614,4,1,0,0,0,0,0,0.668097,0.668097
130_bNAb_Combinations|1342336|cc|5|1|nan|3430,0,0.00174821,5,1,0,0,0,0,0,0.976449,0.976449
130_bNAb_Combinations|1342336|cc|6|1|nan|3430,0,0.00207025,6,1,0,0,0,0,0,1.15632,1.15632
130_bNAb_Combinations|1342336|cc|7|1|nan|3430,0,0.00110413,7,1,0,0,0,0,0,0.616705,0.616705
130_bNAb_Combinations|1342336|cc|8|1|nan|3430,0,0.0016562,8,1,0,0,0,0,0,0.925057,0.925057
130_bNAb_Combinations|1342336|sample|3|nan|3430,0.0010624,0.85338,1,3,1,0.814376,0.814332,0.774138,0.772445,0.88206,0.902841
130_bNAb_Combinations|1342336|sample|3|nan|3430,0.005312,0.846134,2,3,1,0.930214,0.930194,0.786198,0.783108,0.657129,0.693685
130_bNAb_Combinations|1342336|sample|3|nan|3430,0.02656,0.598923,3,3,1,0.973763,0.973755,0.559463,0.557598,0.603174,0.633736
130_bNAb_Combinations|1342336|sample|3|nan|3430,0.1328,0.155913,4,3,1,0.973763,0.973755,0.162324,0.166123,-0.316556,-0.493593
130_bNAb_Combinations|1342336|sample|3|nan|3430,0.664,0.00768293,5,3,1,0.973763,0.973755,0.00583274,0.00657404,0.754019,0.436902
130_bNAb_Combinations|1342336|sample|3|nan|3430,16.6,0.00115014,7,3,1,0.930214,0.930194,0.00192313,0.0019239,-0.384746,-0.38511
130_bNAb_Combinations|1342336|sample|3|nan|3430,83,0.00276033,8,3,1,0.814376,0.814332,0.0016841,0.00168426,0.543026,0.542938
130_bNAb_Combinations|1342336|sample|4|nan|3430,0.0010624,0.773193,1,4,1,0.814376,0.814332,0.78211,0.778299,-0.0982718,-0.0565383
130_bNAb_Combinations|1342336|sample|4|nan|3430,0.005312,0.819405,2,4,1,0.930214,0.930194,0.806551,0.797531,0.137438,0.236483
130_bNAb_Combinations|1342336|sample|4|nan|3430,0.02656,0.59009,3,4,1,0.973763,0.973755,0.590669,0.578824,-0.00839149,0.166606
130_bNAb_Combinations|1342336|sample|4|nan|3430,0.1328,0.181814,4,4,1,0.990136,0.990132,0.176974,0.176673,0.22082,0.234902
130_bNAb_Combinations|1342336|sample|4|nan|3430,0.664,0.00570469,5,4,1,0.990136,0.990132,0.00544989,0.00626165,0.105716,-0.222556
130_bNAb_Combinations|1342336|sample|4|nan|3430,3.32,0.000966117,6,4,1,0.973763,0.973755,0.00201353,0.00201428,-0.51868,-0.519029
130_bNAb_Combinations|1342336|sample|4|nan|3430,16.6,0.0008281,7,4,1,0.930214,0.930194,0.00192313,0.0019239,-0.545036,-0.545393
130_bNAb_Combinations|1342336|sample|4|nan|3430,83,0.00289835,8,4,1,0.814376,0.814332,0.0016841,0.00168426,0.612664,0.612575
130_bNAb_Combinations|1342336|sample|5|nan|3430,3.32,0.00156419,6,5,1,0.973763,0.973755,0.00201359,0.00218717,-0.222544,-0.305514
130_bNAb_Combinations|1342336|vc|1|2|nan|3430,0,0.92255,1,2,1,0.814376,0.814332,0.814252,0.814332,1.14722,1.14627
130_bNAb_Combinations|1342336|vc|2|2|nan|3430,0,0.992179,2,2,1,0.930214,0.930194,0.929824,0.930194,0.579808,0.576144
130_bNAb_Combinations|1342336|vc|3|2|nan|3430,0,1,3,2,1,0.930214,0.930194,0.929824,0.930194,0.652531,0.648839
130_bNAb_Combinations|1342336|vc|4|2|nan|3430,0,0.999402,4,2,1,0.930214,0.930194,0.929824,0.930194,0.646969,0.64328
130_bNAb_Combinations|1342336|vc|5|2|nan|3430,0,0.95802,5,2,1,0.930214,0.930194,0.929824,0.930194,0.262179,0.25864
130_bNAb_Combinations|1342336|vc|6|2|nan|3430,0,0.951441,6,2,1,0.930214,0.930194,0.929824,0.930194,0.201006,0.197491
130_bNAb_Combinations|1342336|vc|7|2|nan|3430,0,0.88701,7,2,1,0.930214,0.930194,0.929824,0.930194,-0.398103,-0.401384
130_bNAb_Combinations|1342336|vc|8|2|nan|3430,0,0.926598,8,2,1,0.814376,0.814332,0.814252,0.814332,1.19011,1.18915
130_bNAb_Combinations|1342348|cc|1|1|nan|4166,0,0.000451154,1,1,0,0,0,0,0,0.251989,0.251989
130_bNAb_Combinations|1342348|cc|2|1|nan|4166,0,0.000773408,2,1,0,0,0,0,0,0.43198,0.43198
130_bNAb_Combinations|1342348|cc|3|1|nan|4166,0,0.00125679,3,1,0,0,0,0,0,0.701968,0.701968
130_bNAb_Combinations|1342348|cc|4|1|nan|4166,0,0.00128901,4,1,0,0,0,0,0,0.719967,0.719967
130_bNAb_Combinations|1342348|cc|5|1|nan|4166,0,0.000998985,5,1,0,0,0,0,0,0.557975,0.557975
130_bNAb_Combinations|1342348|cc|6|1|nan|4166,0,0.000773408,6,1,0,0,0,0,0,0.43198,0.43198
130_bNAb_Combinations|1342348|cc|7|1|nan|4166,0,0.000386704,7,1,0,0,0,0,0,0.21599,0.21599
130_bNAb_Combinations|1342348|cc|8|1|nan|4166,0,0.000644506,8,1,0,0,0,0,0,0.359984,0.359984
130_bNAb_Combinations|1342348|sample|3|nan|4166,0.0010624,0.836295,1,3,1,0.814376,0.814362,0.766706,0.754031,0.781972,0.939626
130_bNAb_Combinations|1342348|sample|3|nan|4166,0.005312,0.838358,2,3,1,0.930214,0.930209,0.744277,0.717729,1.08838,1.44601
130_bNAb_Combinations|1342348|sample|3|nan|4166,0.02656,0.39555,3,3,1,0.973763,0.973762,0.429125,0.408545,-0.663591,-0.269302
130_bNAb_Combinations|1342348|sample|3|nan|4166,0.1328,0.0558787,4,3,1,0.973763,0.973762,0.050709,0.056462,0.684028,-0.0710324
130_bNAb_Combinations|1342348|sample|3|nan|4166,0.664,0.00054783,5,3,1,0.973763,0.973762,0.000971702,0.00106483,-0.222986,-0.270469
130_bNAb_Combinations|1342348|sample|3|nan|4166,3.32,0,6,3,1,0.973763,0.973762,0.000936009,0.000936266,-0.493458,-0.493586
130_bNAb_Combinations|1342348|sample|3|nan|4166,16.6,0.000515605,7,3,1,0.930214,0.930209,0.000894034,0.00089439,-0.200009,-0.200193
130_bNAb_Combinations|1342348|sample|3|nan|4166,83,0.000676732,8,3,1,0.814376,0.814362,0.000782927,0.000783005,-0.0565041,-0.0565452
130_bNAb_Combinations|1342348|sample|4|nan|4166,0.0010624,0.820247,1,4,1,0.814376,0.814362,0.754099,0.75019,0.75548,0.804211
130_bNAb_Combinations|1342348|sample|4|nan|4166,0.005312,0.753734,2,4,1,0.930214,0.930209,0.712954,0.705045,0.492048,0.593928
130_bNAb_Combinations|1342348|sample|4|nan|4166,0.02656,0.405797,3,4,1,0.973763,0.973762,0.390432,0.384057,0.332612,0.478109
130_bNAb_Combinations|1342348|sample|4|nan|4166,0.1328,0.0446321,4,4,1,0.990136,0.990136,0.0457117,0.0466659,-0.154463,-0.286542
130_bNAb_Combinations|1342348|sample|4|nan|4166,0.664,0.00161127,5,4,1,0.990136,0.990136,0.00100029,0.00101817,0.320868,0.311145
130_bNAb_Combinations|1342348|sample|4|nan|4166,3.32,0.000934534,6,4,1,0.973763,0.973762,0.000936009,0.000936266,-0.000777315,-0.000912933
130_bNAb_Combinations|1342348|sample|4|nan|4166,16.6,0.00174017,7,4,1,0.930214,0.930209,0.000894034,0.00089439,0.447202,0.447004
130_bNAb_Combinations|1342348|sample|4|nan|4166,83,0.00157904,8,4,1,0.814376,0.814362,0.000782927,0.000783005,0.423595,0.423551
130_bNAb_Combinations|1342348|vc|1|2|nan|4166,0,0.800445,1,2,1,0.814376,0.814362,0.814282,0.814362,-0.146573,-0.147415
130_bNAb_Combinations|1342348|vc|2|2|nan|4166,0,0.905725,2,2,1,0.930214,0.930209,0.929839,0.930209,-0.224218,-0.227571
130_bNAb_Combinations|1342348|vc|3|2|nan|4166,0,1,3,2,1,0.930214,0.930209,0.929839,0.930209,0.652386,0.648689
130_bNAb_Combinations|1342348|vc|4|2|nan|4166,0,0.920162,4,2,1,0.930214,0.930209,0.929839,0.930209,-0.0899782,-0.0933842
130_bNAb_Combinations|1342348|vc|5|2|nan|4166,0,0.841097,5,2,1,0.930214,0.930209,0.929839,0.930209,-0.825151,-0.828269
130_bNAb_Combinations|1342348|vc|6|2|nan|4166,0,0.905435,6,2,1,0.930214,0.930209,0.929839,0.930209,-0.226915,-0.230267
130_bNAb_Combinations|1342348|vc|7|2|nan|4166,0,0.801959,7,2,1,0.930214,0.930209,0.929839,0.930209,-1.18907,-1.19204
130_bNAb_Combinations|1342348|vc|8|2|nan|4166,0,0.723716,8,2,1,0.814376,0.814362,0.814282,0.814362,-0.959348,-0.960111
130_bNAb_Combinations|1342372|cc|1|1|nan|2944,0,0.00214128,1,1,0,0,0,0,0,1.196,1.196
130_bNAb_Combinations|1342372|cc|2|1|nan|2944,0,0.00406844,2,1,0,0,0,0,0,2.27239,2.27239
130_bNAb_Combinations|1342372|cc|3|1|nan|2944,0,0.00282649,3,1,0,0,0,0,0,1.57871,1.57871
130_bNAb_Combinations|1342372|cc|4|1|nan|2944,0,0.00355453,4,1,0,0,0,0,0,1.98535,1.98535
130_bNAb_Combinations|1342372|cc|5|1|nan|2944,0,0.00321192,5,1,0,0,0,0,0,1.79399,1.79399
130_bNAb_Combinations|1342372|cc|6|1|nan|2944,0,0.0020128,6,1,0,0,0,0,0,1.12424,1.12424
130_bNAb_Combinations|1342372|cc|7|1|nan|2944,0,0.00111347,7,1,0,0,0,0,0,0.621917,0.621917
130_bNAb_Combinations|1342372|cc|8|1|nan|2944,0,0.000642385,8,1,0,0,0,0,0,0.358799,0.358799
130_bNAb_Combinations|1342372|sample|3|nan|2944,0.0010624,0.787264,1,3,1,0.814376,0.814474,0.780408,0.78122,0.0757062,0.0666755
130_bNAb_Combinations|1342372|sample|3|nan|2944,0.005312,0.896555,2,3,1,0.930214,0.930292,0.81699,0.818064,0.840074,0.827666
130_bNAb_Combinations|1342372|sample|3|nan|2944,0.02656,0.630907,3,3,1,0.973763,0.973808,0.658815,0.656868,-0.363754,-0.339358
130_bNAb_Combinations|1342372|sample|3|nan|2944,0.1328,0.303313,4,3,1,0.973763,0.973808,0.307326,0.299005,-0.109226,0.120342
130_bNAb_Combinations|1342372|sample|3|nan|2944,0.664,0.0365731,5,3,1,0.973763,0.973808,0.040287,0.0357082,-0.582813,0.147795
130_bNAb_Combinations|1342372|sample|3|nan|2944,3.32,0.00179868,6,3,1,0.973763,0.973808,0.00293912,0.00283559,-0.536766,-0.490757
130_bNAb_Combinations|1342372|sample|3|nan|2944,16.6,0.000942164,7,3,1,0.930214,0.930292,0.00252518,0.00252615,-0.761951,-0.762379
130_bNAb_Combinations|1342372|sample|3|nan|2944,83,0.0014989,8,3,1,0.814376,0.814474,0.00221142,0.00221164,-0.34895,-0.349055
130_bNAb_Combinations|1342372|sample|4|nan|2944,0.0010624,0.711912,1,4,1,0.814376,0.814474,0.777536,0.778478,-0.727348,-0.736916
130_bNAb_Combinations|1342372|sample|4|nan|2944,0.005312,0.776814,2,4,1,0.930214,0.930292,0.806759,0.808859,-0.320106,-0.341679
130_bNAb_Combinations|1342372|sample|4|nan|2944,0.02656,0.656731,3,4,1,0.973763,0.973808,0.631518,0.633565,0.342492,0.313695
130_bNAb_Combinations|1342372|sample|4|nan|2944,0.1328,0.279309,4,4,1,0.990136,0.990159,0.272338,0.271682,0.212758,0.2333
130_bNAb_Combinations|1342372|sample|4|nan|2944,0.664,0.0268517,5,4,1,0.990136,0.990159,0.0276695,0.0267062,-0.165636,0.030124
130_bNAb_Combinations|1342372|sample|4|nan|2944,3.32,0.00239824,6,4,1,0.973763,0.973808,0.00273765,0.00272384,-0.161493,-0.155037
130_bNAb_Combinations|1342372|sample|4|nan|2944,16.6,0.00145607,7,4,1,0.930214,0.930292,0.00252513,0.00252614,-0.514571,-0.515027
130_bNAb_Combinations|1342372|sample|4|nan|2944,83,0.0033404,8,4,1,0.814376,0.814474,0.00221142,0.00221164,0.552911,0.552794
130_bNAb_Combinations|1342372|vc|1|2|nan|2944,0,0.866191,1,2,1,0.814376,0.814474,0.814391,0.814474,0.548644,0.547712
130_bNAb_Combinations|1342372|vc|2|2|nan|2944,0,0.961949,2,2,1,0.930214,0.930292,0.92992,0.930292,0.297792,0.294225
130_bNAb_Combinations|1342372|vc|3|2|nan|2944,0,0.934862,3,2,1,0.930214,0.930292,0.92992,0.930292,0.0459469,0.042479
130_bNAb_Combinations|1342372|vc|4|2|nan|2944,0,1,4,2,1,0.930214,0.930292,0.92992,0.930292,0.651569,0.647863
130_bNAb_Combinations|1342372|vc|5|2|nan|2944,0,0.921672,5,2,1,0.930214,0.930292,0.92992,0.930292,-0.0766905,-0.0801103
130_bNAb_Combinations|1342372|vc|6|2|nan|2944,0,0.914177,6,2,1,0.930214,0.930292,0.92992,0.930292,-0.146371,-0.149763
130_bNAb_Combinations|1342372|vc|7|2|nan|2944,0,0.942057,7,2,1,0.930214,0.930292,0.92992,0.930292,0.11284,0.109346
130_bNAb_Combinations|1342372|vc|8|2|nan|2944,0,0.751547,8,2,1,0.814376,0.814474,0.814391,0.814474,-0.665609,-0.66642
130_bNAb_Combinations|1342384|cc|1|1|nan|2946,0,0.000377127,1,1,0,0,0,0,0,0.210641,0.210641
130_bNAb_Combinations|1342384|cc|2|1|nan|2946,0,0.0014378,2,1,0,0,0,0,0,0.80307,0.80307
130_bNAb_Combinations|1342384|cc|3|1|nan|2946,0,0.00120209,3,1,0,0,0,0,0,0.671419,0.671419
130_bNAb_Combinations|1342384|cc|4|1|nan|2946,0,0.0012728,4,1,0,0,0,0,0,0.710914,0.710914
130_bNAb_Combinations|1342384|cc|5|1|nan|2946,0,0.000966389,5,1,0,0,0,0,0,0.539768,0.539768
130_bNAb_Combinations|1342384|cc|6|1|nan|2946,0,0.00162636,6,1,0,0,0,0,0,0.90839,0.90839
130_bNAb_Combinations|1342384|cc|7|1|nan|2946,0,0.000848536,7,1,0,0,0,0,0,0.473943,0.473943
130_bNAb_Combinations|1342384|cc|8|1|nan|2946,0,0.00219205,8,1,0,0,0,0,0,1.22435,1.22435
130_bNAb_Combinations|1342384|sample|3|nan|2946,0.0010624,0.852284,1,3,1,0.814376,0.81438,0.811669,0.811302,0.431583,0.435682
130_bNAb_Combinations|1342384|sample|3|nan|2946,0.005312,0.967355,2,3,1,0.930214,0.930215,0.917487,0.916203,0.469822,0.482585
130_bNAb_Combinations|1342384|sample|3|nan|2946,0.02656,0.934439,3,3,1,0.973763,0.973764,0.921269,0.9165,0.123582,0.169189
130_bNAb_Combinations|1342384|sample|3|nan|2946,0.1328,0.7873,4,3,1,0.973763,0.973764,0.778017,0.767119,0.102834,0.226657
130_bNAb_Combinations|1342384|sample|3|nan|2946,0.664,0.423797,5,3,1,0.973763,0.973764,0.410122,0.399845,0.282319,0.506738
130_bNAb_Combinations|1342384|sample|3|nan|2946,3.32,0.0580305,6,3,1,0.973763,0.973764,0.0576319,0.0576936,0.0477539,0.0403291
130_bNAb_Combinations|1342384|sample|3|nan|2946,16.6,0.00157922,7,3,1,0.930214,0.930215,0.0028321,0.0029434,-0.593085,-0.641921
130_bNAb_Combinations|1342384|sample|3|nan|2946,83,0.00113138,8,3,1,0.814376,0.81438,0.00176413,0.00176511,-0.317801,-0.318275
130_bNAb_Combinations|1342384|sample|4|nan|2946,0.0010624,0.86071,1,4,1,0.814376,0.81438,0.81144,0.811406,0.523714,0.524088
130_bNAb_Combinations|1342384|sample|4|nan|2946,0.005312,0.945269,2,4,1,0.930214,0.930215,0.916801,0.916665,0.268406,0.269732
130_bNAb_Combinations|1342384|sample|4|nan|2946,0.02656,0.912624,3,4,1,0.973763,0.973764,0.920004,0.918301,-0.0693433,-0.053438
130_bNAb_Combinations|1342384|sample|4|nan|2946,0.1328,0.777,4,4,1,0.990136,0.990136,0.792219,0.785915,-0.165614,-0.0977745
130_bNAb_Combinations|1342384|sample|4|nan|2946,0.664,0.449052,5,4,1,0.990136,0.990136,0.43021,0.417835,0.37149,0.63304
130_bNAb_Combinations|1342384|sample|4|nan|2946,3.32,0.0637345,6,4,1,0.973763,0.973764,0.0684135,0.0626814,-0.488851,0.118072
130_bNAb_Combinations|1342384|sample|4|nan|2946,16.6,0.000824966,7,4,1,0.930214,0.930215,0.00342118,0.00315447,-1.19121,-1.08392
130_bNAb_Combinations|1342384|sample|4|nan|2946,83,0.00122566,8,4,1,0.814376,0.81438,0.00176824,0.00176645,-0.27245,-0.271576
130_bNAb_Combinations|1342384|vc|1|2|nan|2946,0,0.93029,1,2,1,0.814376,0.81438,0.814299,0.81438,1.22865,1.22768
130_bNAb_Combinations|1342384|vc|2|2|nan|2946,0,0.910809,2,2,1,0.930214,0.930215,0.929845,0.930215,-0.176998,-0.180368
130_bNAb_Combinations|1342384|vc|3|2|nan|2946,0,1,3,2,1,0.930214,0.930215,0.929845,0.930215,0.652322,0.648627
130_bNAb_Combinations|1342384|vc|4|2|nan|2946,0,0.996582,4,2,1,0.930214,0.930215,0.929845,0.930215,0.620543,0.616861
130_bNAb_Combinations|1342384|vc|5|2|nan|2946,0,0.999953,5,2,1,0.930214,0.930215,0.929845,0.930215,0.651884,0.648189
130_bNAb_Combinations|1342384|vc|6|2|nan|2946,0,0.889549,6,2,1,0.930214,0.930215,0.929845,0.930215,-0.374685,-0.377978
130_bNAb_Combinations|1342384|vc|7|2|nan|2946,0,0.878541,7,2,1,0.930214,0.930215,0.929845,0.930215,-0.477035,-0.480288
130_bNAb_Combinations|1342384|vc|8|2|nan|2946,0,0.78624,8,2,1,0.814376,0.81438,0.814299,0.81438,-0.297229,-0.298052
130_bNAb_Combinations|1342396|cc|1|1|PVO.4|5024,0,0.000406233,1,1,0,0,0,0,0,0.226898,0.226898
130_bNAb_Combinations|1342396|cc|2|1|PVO.4|5024,0,0.00130897,2,1,0,0,0,0,0,0.731117,0.731117
130_bNAb_Combinations|1342396|cc|3|1|PVO.4|5024,0,0.00155723,3,1,0,0,0,0,0,0.869777,0.869777
130_bNAb_Combinations|1342396|cc|4|1|PVO.4|5024,0,0.000835035,4,1,0,0,0,0,0,0.466402,0.466402
130_bNAb_Combinations|1342396|cc|5|1|PVO.4|5024,0,0.000654487,5,1,0,0,0,0,0,0.365558,0.365558
130_bNAb_Combinations|1342396|cc|6|1|PVO.4|5024,0,0.000631919,6,1,0,0,0,0,0,0.352953,0.352953
130_bNAb_Combinations|1342396|cc|7|1|PVO.4|5024,0,0.000880172,7,1,0,0,0,0,0,0.491613,0.491613
130_bNAb_Combinations|1342396|cc|8|1|PVO.4|5024,0,0.00139925,8,1,0,0,0,0,0,0.781539,0.781539
130_bNAb_Combinations|1342396|sample|3|PVO.4|5024,0.0010624,0.997833,1,3,1,0.814376,0.81436,0.803841,0.798996,2.08112,2.14578
130_bNAb_Combinations|1342396|sample|3|PVO.4|5024,0.005312,0.936549,2,3,1,0.930214,0.930205,0.883574,0.868641,0.51792,0.675122
130_bNAb_Combinations|1342396|sample|3|PVO.4|5024,0.02656,0.845349,3,3,1,0.973763,0.973759,0.796172,0.762173,0.532545,0.9401
130_bNAb_Combinations|1342396|sample|3|PVO.4|5024,0.1328,0.395513,4,3,1,0.973763,0.973759,0.445942,0.411217,-0.960366,-0.323376
130_bNAb_Combinations|1342396|sample|3|PVO.4|5024,0.664,0.0558345,5,3,1,0.973763,0.973759,0.0550823,0.0551574,0.0933796,0.0839734
130_bNAb_Combinations|1342396|sample|3|PVO.4|5024,3.32,0.00187319,6,3,1,0.973763,0.973759,0.000484409,0.000609515,0.752533,0.679503
130_bNAb_Combinations|1342396|sample|3|PVO.4|5024,16.6,0.000383665,7,3,1,0.930214,0.930205,0.000360212,0.000360361,0.0128062,0.012725
130_bNAb_Combinations|1342396|sample|3|PVO.4|5024,83,4.5137e-05,8,3,1,0.814376,0.81436,0.000315447,0.000315478,-0.148013,-0.14803
130_bNAb_Combinations|1342396|sample|4|PVO.4|5024,0.0010624,1,1,4,1,0.814376,0.81436,0.802829,0.79959,2.11783,2.16118
130_bNAb_Combinations|1342396|sample|4|PVO.4|5024,0.005312,0.917851,2,4,1,0.930214,0.930205,0.881359,0.871705,0.357643,0.457184
130_bNAb_Combinations|1342396|sample|4|PVO.4|5024,0.02656,0.813708,3,4,1,0.973763,0.973759,0.79578,0.774178,0.194237,0.439999
130_bNAb_Combinations|1342396|sample|4|PVO.4|5024,0.1328,0.442377,4,4,1,0.990136,0.990134,0.468994,0.446531,-0.482795,-0.0790171
130_bNAb_Combinations|1342396|sample|4|PVO.4|5024,0.664,0.0734831,5,4,1,0.990136,0.990134,0.0718418,0.0722625,0.164768,0.121951
130_bNAb_Combinations|1342396|sample|4|PVO.4|5024,3.32,0.000744761,6,4,1,0.973763,0.973759,0.000709727,0.000909153,0.0187238,-0.0868061
130_bNAb_Combinations|1342396|sample|4|PVO.4|5024,16.6,0,7,4,1,0.930214,0.930205,0.000360219,0.000360396,-0.196696,-0.196791
130_bNAb_Combinations|1342396|sample|4|PVO.4|5024,83,0.00128641,8,4,1,0.814376,0.81436,0.000315447,0.000315478,0.531667,0.531649
130_bNAb_Combinations|1342396|vc|1|2|PVO.4|5024,0,0.943804,1,2,1,0.814376,0.81436,0.81428,0.81436,1.37204,1.37106
130_bNAb_Combinations|1342396|vc|2|2|PVO.4|5024,0,0.908609,2,2,1,0.930214,0.930205,0.929834,0.930205,-0.197365,-0.200728
130_bNAb_Combinations|1342396|vc|3|2|PVO.4|5024,0,0.910922,3,2,1,0.930214,0.930205,0.929834,0.930205,-0.175855,-0.179227
130_bNAb_Combinations|1342396|vc|4|2|PVO.4|5024,0,0.912705,4,2,1,0.930214,0.930205,0.929834,0.930205,-0.159277,-0.162655
130_bNAb_Combinations|1342396|vc|5|2|PVO.4|5024,0,0.907345,5,2,1,0.930214,0.930205,0.929834,0.930205,-0.209117,-0.212475
130_bNAb_Combinations|1342396|vc|6|2|PVO.4|5024,0,0.878886,6,2,1,0.930214,0.930205,0.929834,0.930205,-0.473739,-0.476993
130_bNAb_Combinations|1342396|vc|7|2|PVO.4|5024,0,0.860549,7,2,1,0.930214,0.930205,0.929834,0.930205,-0.644243,-0.647431
130_bNAb_Combinations|1342396|vc|8|2|PVO.4|5024,0,0.761022,8,2,1,0.814376,0.81436,0.81428,0.81436,-0.564156,-0.564954
130_bNAb_Combinations|1342408|cc|1|1|nan|4168,0,0.0014393,1,1,0,0,0,0,0,0.80391,0.80391
130_bNAb_Combinations|1342408|cc|2|1|nan|4168,0,0.0014393,2,1,0,0,0,0,0,0.80391,0.80391
130_bNAb_Combinations|1342408|cc|3|1|nan|4168,0,0.000729786,3,1,0,0,0,0,0,0.407616,0.407616
130_bNAb_Combinations|1342408|cc|4|1|nan|4168,0,0.00152039,4,1,0,0,0,0,0,0.8492,0.8492
130_bNAb_Combinations|1342408|cc|5|1|nan|4168,0,0.000973049,5,1,0,0,0,0,0,0.543488,0.543488
130_bNAb_Combinations|1342408|cc|6|1|nan|4168,0,0.00105414,6,1,0,0,0,0,0,0.588779,0.588779
130_bNAb_Combinations|1342408|cc|7|1|nan|4168,0,0.00154066,7,1,0,0,0,0,0,0.860523,0.860523
130_bNAb_Combinations|1342408|cc|8|1|nan|4168,0,0.00145957,8,1,0,0,0,0,0,0.815232,0.815232
130_bNAb_Combinations|1342408|sample|3|nan|4168,0.0010624,0.884744,1,3,1,0.814376,0.814344,0.781708,0.78394,1.13604,1.10832
130_bNAb_Combinations|1342408|sample|3|nan|4168,0.005312,0.890796,2,3,1,0.930214,0.930197,0.835231,0.839735,0.574104,0.524786
130_bNAb_Combinations|1342408|sample|3|nan|4168,0.02656,0.776077,3,3,1,0.973763,0.973756,0.736116,0.741392,0.467317,0.402785
130_bNAb_Combinations|1342408|sample|3|nan|4168,0.1328,0.462381,4,3,1,0.973763,0.973756,0.478044,0.478841,-0.278896,-0.292628
130_bNAb_Combinations|1342408|sample|3|nan|4168,0.664,0.16701,5,3,1,0.973763,0.973756,0.175991,0.170052,-0.411872,-0.143965
130_bNAb_Combinations|1342408|sample|3|nan|4168,3.32,0.0252587,6,3,1,0.973763,0.973756,0.0269857,0.0239481,-0.355378,0.290338
130_bNAb_Combinations|1342408|sample|3|nan|4168,16.6,0.00823037,7,3,1,0.930214,0.930197,0.00600751,0.005798,0.898617,0.992878
130_bNAb_Combinations|1342408|sample|3|nan|4168,83,0.0027367,8,3,1,0.814376,0.814344,0.00469069,0.00468819,-0.840833,-0.839859
130_bNAb_Combinations|1342408|sample|4|nan|4168,0.0010624,0.931106,1,4,1,0.814376,0.814344,0.783712,0.78703,1.62103,1.57798
130_bNAb_Combinations|1342408|sample|4|nan|4168,0.005312,0.912324,2,4,1,0.930214,0.930197,0.840857,0.848023,0.73356,0.654532
130_bNAb_Combinations|1342408|sample|4|nan|4168,0.02656,0.764897,3,4,1,0.973763,0.973756,0.74906,0.759474,0.182067,0.0615104
130_bNAb_Combinations|1342408|sample|4|nan|4168,0.1328,0.50485,4,4,1,0.990136,0.990133,0.508082,0.515516,-0.0542532,-0.176529
130_bNAb_Combinations|1342408|sample|4|nan|4168,0.664,0.189005,5,4,1,0.990136,0.990133,0.198707,0.196038,-0.397806,-0.29202
130_bNAb_Combinations|1342408|sample|4|nan|4168,3.32,0.0320092,6,4,1,0.973763,0.973756,0.0326826,0.0294777,-0.122264,0.492231
130_bNAb_Combinations|1342408|sample|4|nan|4168,16.6,0.00490579,7,4,1,0.930214,0.930197,0.00637957,0.0060678,-0.585775,-0.468459
130_bNAb_Combinations|1342408|sample|4|nan|4168,83,0.00336513,8,4,1,0.814376,0.814344,0.00469695,0.00469135,-0.57293,-0.570678
130_bNAb_Combinations|1342408|vc|1|2|nan|4168,0,0.949635,1,2,1,0.814376,0.814344,0.814264,0.814344,1.43399,1.43301
130_bNAb_Combinations|1342408|vc|2|2|nan|4168,0,0.965274,2,2,1,0.930214,0.930197,0.929828,0.930197,0.3296,0.326035
130_bNAb_Combinations|1342408|vc|3|2|nan|4168,0,1,3,2,1,0.930214,0.930197,0.929828,0.930197,0.652496,0.648804
130_bNAb_Combinations|1342408|vc|4|2|nan|4168,0,0.969906,4,2,1,0.930214,0.930197,0.929828,0.930197,0.372672,0.36909
130_bNAb_Combinations|1342408|vc|5|2|nan|4168,0,0.940482,5,2,1,0.930214,0.930197,0.929828,0.930197,0.0990686,0.0955934
130_bNAb_Combinations|1342408|vc|6|2|nan|4168,0,0.930052,6,2,1,0.930214,0.930197,0.929828,0.930197,0.00208697,-0.00135034
130_bNAb_Combinations|1342408|vc|7|2|nan|4168,0,0.924538,7,2,1,0.930214,0.930197,0.929828,0.930197,-0.0491842,-0.0526015
130_bNAb_Combinations|1342408|vc|8|2|nan|4168,0,0.903212,8,2,1,0.814376,0.814344,0.814264,0.814344,0.942231,0.941295
704_VRC01_Concordance|1200432|cc|1|1|PVO.4|5024,0,0.00146144,1,1,0,0,0,0,0,0.816276,0.816276
704_VRC01_Concordance|1200432|cc|2|1|PVO.4|5024,0,0.00217593,2,1,0,0,0,0,0,1.21534,1.21534
704_VRC01_Concordance|1200432|cc|3|1|PVO.4|5024,0,0.0011042,3,1,0,0,0,0,0,0.616742,0.616742
704_VRC01_Concordance|1200432|cc|4|1|PVO.4|5024,0,0.00198107,4,1,0,0,0,0,0,1.10651,1.10651
704_VRC01_Concordance|1200432|cc|5|1|PVO.4|5024,0,0.00298784,5,1,0,0,0,0,0,1.66883,1.66883
704_VRC01_Concordance|1200432|cc|6|1|PVO.4|5024,0,0.00175373,6,1,0,0,0,0,0,0.979532,0.979532
704_VRC01_Concordance|1200432|cc|7|1|PVO.4|5024,0,0.00233831,7,1,0,0,0,0,0,1.30604,1.30604
704_VRC01_Concordance|1200432|cc|8|1|PVO.4|5024,0,0.00334508,8,1,0,0,0,0,0,1.86837,1.86837
704_VRC01_Concordance|1200432|sample|10|PVO.4|5024,0.002286236854138,0.850689,1,10,1,0.814376,0.814376,0.807447,0.807572,0.461863,0.46046
704_VRC01_Concordance|1200432|sample|10|PVO.4|5024,0.0068587105624142,0.988097,2,10,1,0.930214,0.930214,0.910744,0.911164,0.734084,0.729767
704_VRC01_Concordance|1200432|sample|10|PVO.4|5024,0.0205761316872428,0.866635,3,10,1,0.973763,0.973763,0.9252,0.925429,-0.547241,-0.54925
704_VRC01_Concordance|1200432|sample|10|PVO.4|5024,0.0617283950617284,0.879642,4,10,1,0.973763,0.973763,0.859929,0.859724,0.197933,0.200042
704_VRC01_Concordance|1200432|sample|10|PVO.4|5024,0.1851851851851852,0.740724,5,10,1,0.973763,0.973763,0.722381,0.720904,0.218492,0.236561
704_VRC01_Concordance|1200432|sample|10|PVO.4|5024,0.5555555555555556,0.485621,6,10,1,0.973763,0.973763,0.485394,0.481707,0.00398033,0.0691836
704_VRC01_Concordance|1200432|sample|10|PVO.4|5024,1.66666666666667,0.212201,7,10,1,0.930214,0.930214,0.202558,0.198212,0.388406,0.574909
704_VRC01_Concordance|1200432|sample|10|PVO.4|5024,5,0.0380949,8,10,1,0.814376,0.814376,0.0415759,0.039641,-0.533972,-0.245446
704_VRC01_Concordance|1200432|sample|11|PVO.4|5024,0.0457247370827617,0.868454,1,11,1,0.814376,0.814376,0.725272,0.716019,1.6989,1.83155
704_VRC01_Concordance|1200432|sample|11|PVO.4|5024,0.1371742112482853,0.719452,2,11,1,0.930214,0.930214,0.696271,0.682514,0.286245,0.465118
704_VRC01_Concordance|1200432|sample|11|PVO.4|5024,0.411522633744856,0.42653,3,11,1,0.930214,0.930214,0.459329,0.449874,-0.607027,-0.440801
704_VRC01_Concordance|1200432|sample|11|PVO.4|5024,1.23456790123457,0.188591,4,11,1,0.930214,0.930214,0.182678,0.184968,0.26202,0.158709
704_VRC01_Concordance|1200432|sample|11|PVO.4|5024,3.7037037037037,0.036601,5,11,1,0.930214,0.930214,0.0328832,0.0370367,0.672253,-0.0725845
704_VRC01_Concordance|1200432|sample|11|PVO.4|5024,11.1111111111111,0.00789179,6,11,1,0.930214,0.930214,0.00559475,0.00631207,0.94657,0.6298
704_VRC01_Concordance|1200432|sample|11|PVO.4|5024,33.3333333333333,0.00133154,7,11,1,0.930214,0.930214,0.00408871,0.00412463,-1.22247,-1.23616
704_VRC01_Concordance|1200432|sample|11|PVO.4|5024,100,0.000389718,8,11,1,0.814376,0.814376,0.00355291,0.00355394,-1.44144,-1.44183
704_VRC01_Concordance|1200432|sample|12|PVO.4|5024,0.0457247370827617,0.755582,1,12,1,0.814376,0.814376,0.721295,0.712749,0.409016,0.516964
704_VRC01_Concordance|1200432|sample|12|PVO.4|5024,0.1371742112482853,0.635256,2,12,1,0.814376,0.814376,0.603399,0.591566,0.452405,0.632527
704_VRC01_Concordance|1200432|sample|12|PVO.4|5024,0.411522633744856,0.416203,3,12,1,0.814376,0.814376,0.395258,0.385619,0.448057,0.669979
704_VRC01_Concordance|1200432|sample|12|PVO.4|5024,1.23456790123457,0.135362,4,12,1,0.814376,0.814376,0.156387,0.155335,-1.07395,-1.02647
704_VRC01_Concordance|1200432|sample|12|PVO.4|5024,3.7037037037037,0.0341003,5,12,1,0.814376,0.814376,0.0283651,0.0302541,1.14328,0.735224
704_VRC01_Concordance|1200432|sample|12|PVO.4|5024,11.1111111111111,0.00308527,6,12,1,0.814376,0.814376,0.00490997,0.00528528,-0.77686,-0.91993
704_VRC01_Concordance|1200432|sample|12|PVO.4|5024,33.3333333333333,0.000292288,7,12,1,0.814376,0.814376,0.00358194,0.00360062,-1.49681,-1.50386
704_VRC01_Concordance|1200432|sample|12|PVO.4|5024,100,0.000292288,8,12,1,0.814376,0.814376,0.00355294,0.0035537,-1.48585,-1.48613
704_VRC01_Concordance|1200432|sample|3|PVO.4|5024,0.0457247370827617,0.931426,1,3,1,0.814376,0.814376,0.706425,0.699456,2.73937,2.85174
704_VRC01_Concordance|1200432|sample|3|PVO.4|5024,0.1371742112482853,0.65242,2,3,1,0.930214,0.930214,0.653185,0.641621,-0.0100556,0.144436
704_VRC01_Concordance|1200432|sample|3|PVO.4|5024,0.411522633744856,0.404284,3,3,1,0.973763,0.973763,0.413571,0.402166,-0.190196,0.044546
704_VRC01_Concordance|1200432|sample|3|PVO.4|5024,1.23456790123457,0.116071,4,3,1,0.973763,0.973763,0.136995,0.13307,-1.20451,-1.00435
704_VRC01_Concordance|1200432|sample|3|PVO.4|5024,3.7037037037037,0.0223763,5,3,1,0.973763,0.973763,0.0191722,0.019173,0.806892,0.806683
704_VRC01_Concordance|1200432|sample|3|PVO.4|5024,11.1111111111111,0.00337756,6,3,1,0.973763,0.973763,0.0046967,0.00473523,-0.567483,-0.582959
704_VRC01_Concordance|1200432|sample|3|PVO.4|5024,33.3333333333333,0.00295536,7,3,1,0.930214,0.930214,0.0040609,0.00406344,-0.490862,-0.491925
704_VRC01_Concordance|1200432|sample|3|PVO.4|5024,100,0.00168878,8,3,1,0.814376,0.814376,0.0035526,0.00355296,-0.84934,-0.849488
704_VRC01_Concordance|1200432|sample|4|PVO.4|5024,0.0457247370827617,0.855821,1,4,1,0.814376,0.814376,0.737008,0.738881,1.38776,1.3625
704_VRC01_Concordance|1200432|sample|4|PVO.4|5024,0.1371742112482853,0.721108,2,4,1,0.930214,0.930214,0.725944,0.728614,-0.0573307,-0.0886564
704_VRC01_Concordance|1200432|sample|4|PVO.4|5024,0.411522633744856,0.572009,3,4,1,0.973763,0.973763,0.534462,0.535188,0.600006,0.587626
704_VRC01_Concordance|1200432|sample|4|PVO.4|5024,1.23456790123457,0.23966,4,4,1,0.990136,0.990136,0.249964,0.246862,-0.340951,-0.241129
704_VRC01_Concordance|1200432|sample|4|PVO.4|5024,3.7037037037037,0.0572236,5,4,1,0.990136,0.990136,0.0578248,0.0550105,-0.0718547,0.275025
704_VRC01_Concordance|1200432|sample|4|PVO.4|5024,11.1111111111111,0.00779436,6,4,1,0.973763,0.973763,0.00882828,0.00826096,-0.369988,-0.170918
704_VRC01_Concordance|1200432|sample|4|PVO.4|5024,33.3333333333333,0.0027605,7,4,1,0.930214,0.930214,0.00423113,0.00419568,-0.647397,-0.632913
704_VRC01_Concordance|1200432|sample|4|PVO.4|5024,100,0.00116915,8,4,1,0.814376,0.814376,0.00355636,0.00355558,-1.08763,-1.08732
704_VRC01_Concordance|1200432|sample|5|PVO.4|5024,0.002286236854138,0.883215,1,5,1,0.814376,0.814376,0.806529,0.806353,0.819975,0.822041
704_VRC01_Concordance|1200432|sample|5|PVO.4|5024,0.0068587105624142,0.89653,2,5,1,0.930214,0.930214,0.908464,0.908221,-0.113535,-0.111248
704_VRC01_Concordance|1200432|sample|5|PVO.4|5024,0.0205761316872428,0.878603,3,5,1,0.973763,0.973763,0.92018,0.919187,-0.390585,-0.381662
704_VRC01_Concordance|1200432|sample|5|PVO.4|5024,0.0617283950617284,0.790088,4,5,1,0.990136,0.990136,0.864456,0.862315,-0.742868,-0.723234
704_VRC01_Concordance|1200432|sample|5|PVO.4|5024,0.1851851851851852,0.721465,5,5,1,0.990136,0.990136,0.717467,0.714193,0.047951,0.0876009
704_VRC01_Concordance|1200432|sample|5|PVO.4|5024,0.5555555555555556,0.483543,6,5,1,0.973763,0.973763,0.463808,0.460551,0.361832,0.424423
704_VRC01_Concordance|1200432|sample|5|PVO.4|5024,1.66666666666667,0.199503,7,5,1,0.930214,0.930214,0.187061,0.185571,0.539434,0.608501
704_VRC01_Concordance|1200432|sample|5|PVO.4|5024,5,0.0347498,8,5,1,0.814376,0.814376,0.0369331,0.0367882,-0.364421,-0.341168
704_VRC01_Concordance|1200432|sample|6|PVO.4|5024,0.002286236854138,0.994382,1,6,1,0.814376,0.814376,0.805137,0.804921,2.02697,2.02983
704_VRC01_Concordance|1200432|sample|6|PVO.4|5024,0.0068587105624142,0.986474,2,6,1,0.930214,0.930214,0.905487,0.905238,0.77295,0.775532
704_VRC01_Concordance|1200432|sample|6|PVO.4|5024,0.0205761316872428,0.991621,3,6,1,0.973763,0.973763,0.914857,0.914081,0.72527,0.733211
704_VRC01_Concordance|1200432|sample|6|PVO.4|5024,0.0617283950617284,0.869396,4,6,1,0.990136,0.990136,0.856795,0.855593,0.126978,0.139282
704_VRC01_Concordance|1200432|sample|6|PVO.4|5024,0.1851851851851852,0.779355,5,6,1,0.990136,0.990136,0.710786,0.710104,0.82981,0.83885
704_VRC01_Concordance|1200432|sample|6|PVO.4|5024,0.5555555555555556,0.468051,6,6,1,0.973763,0.973763,0.465957,0.467475,0.0382216,0.0104765
704_VRC01_Concordance|1200432|sample|6|PVO.4|5024,1.66666666666667,0.186123,7,6,1,0.930214,0.930214,0.198791,0.202258,-0.519196,-0.650745
704_VRC01_Concordance|1200432|sample|6|PVO.4|5024,5,0.0497215,8,6,1,0.814376,0.814376,0.0444421,0.0465598,0.771284,0.446201
704_VRC01_Concordance|1200432|sample|7|PVO.4|5024,0.0457247370827617,0.822711,1,7,1,0.814376,0.814376,0.723198,0.719894,1.18406,1.22887
704_VRC01_Concordance|1200432|sample|7|PVO.4|5024,0.1371742112482853,0.758505,2,7,1,0.930214,0.930214,0.689626,0.683767,0.858568,0.939406
704_VRC01_Concordance|1200432|sample|7|PVO.4|5024,0.411522633744856,0.445919,3,7,1,0.973763,0.973763,0.466964,0.460204,-0.383338,-0.2639
704_VRC01_Concordance|1200432|sample|7|PVO.4|5024,1.23456790123457,0.173424,4,7,1,0.990136,0.990136,0.179416,0.176174,-0.269951,-0.125982
704_VRC01_Concordance|1200432|sample|7|PVO.4|5024,3.7037037037037,0.0308202,5,7,1,0.990136,0.990136,0.0294651,0.0292139,0.263556,0.31416
704_VRC01_Concordance|1200432|sample|7|PVO.4|5024,11.1111111111111,0.00402709,6,7,1,0.973763,0.973763,0.00532733,0.00535033,-0.542611,-0.551607
704_VRC01_Concordance|1200432|sample|7|PVO.4|5024,33.3333333333333,0.00243574,7,7,1,0.930214,0.930214,0.00407311,0.00407586,-0.72655,-0.727668
704_VRC01_Concordance|1200432|sample|7|PVO.4|5024,100,0.00113668,8,7,1,0.814376,0.814376,0.0035527,0.00355307,-1.10097,-1.10112
704_VRC01_Concordance|1200432|sample|8|PVO.4|5024,0.0457247370827617,0.796746,1,8,1,0.814376,0.814376,0.727714,0.718173,0.816395,0.941311
704_VRC01_Concordance|1200432|sample|8|PVO.4|5024,0.1371742112482853,0.73569,2,8,1,0.930214,0.930214,0.700088,0.684176,0.437295,0.647111
704_VRC01_Concordance|1200432|sample|8|PVO.4|5024,0.411522633744856,0.466265,3,8,1,0.973763,0.973763,0.483795,0.468213,-0.308546,-0.0353908
704_VRC01_Concordance|1200432|sample|8|PVO.4|5024,1.23456790123457,0.184954,4,8,1,0.990136,0.990136,0.193995,0.189615,-0.379029,-0.199567
704_VRC01_Concordance|1200432|sample|8|PVO.4|5024,3.7037037037037,0.0379325,5,8,1,0.990136,0.990136,0.0339287,0.035346,0.708729,0.445148
704_VRC01_Concordance|1200432|sample|8|PVO.4|5024,11.1111111111111,0.00399461,6,8,1,0.973763,0.973763,0.00569769,0.00603316,-0.69844,-0.823137
704_VRC01_Concordance|1200432|sample|8|PVO.4|5024,33.3333333333333,0.00168878,7,8,1,0.930214,0.930214,0.0040829,0.00409889,-1.06182,-1.06805
704_VRC01_Concordance|1200432|sample|8|PVO.4|5024,100,0,8,8,1,0.814376,0.814376,0.00355282,0.00355342,-1.619,-1.61922
704_VRC01_Concordance|1200432|sample|9|PVO.4|5024,0.002286236854138,0.844113,1,9,1,0.814376,0.814376,0.805731,0.805007,0.410804,0.418929
704_VRC01_Concordance|1200432|sample|9|PVO.4|5024,0.0068587105624142,0.938782,2,9,1,0.930214,0.930214,0.906548,0.905043,0.307286,0.322161
704_VRC01_Concordance|1200432|sample|9|PVO.4|5024,0.0205761316872428,0.856568,3,9,1,0.973763,0.973763,0.916135,0.912613,-0.56202,-0.530798
704_VRC01_Concordance|1200432|sample|9|PVO.4|5024,0.0617283950617284,0.895653,4,9,1,0.990136,0.990136,0.856793,0.850179,0.391579,0.46173
704_VRC01_Concordance|1200432|sample|9|PVO.4|5024,0.1851851851851852,0.785119,5,9,1,0.990136,0.990136,0.705314,0.695605,0.97312,1.10641
704_VRC01_Concordance|1200432|sample|9|PVO.4|5024,0.5555555555555556,0.449345,6,9,1,0.973763,0.973763,0.450072,0.440556,-0.0137244,0.169351
704_VRC01_Concordance|1200432|sample|9|PVO.4|5024,1.66666666666667,0.160499,7,9,1,0.930214,0.930214,0.178629,0.174171,-0.820107,-0.632983
704_VRC01_Concordance|1200432|sample|9|PVO.4|5024,5,0.0365685,8,9,1,0.814376,0.814376,0.0348893,0.0343238,0.291609,0.394222
704_VRC01_Concordance|1200432|vc|1|2|PVO.4|5024,0,0.927366,1,2,1,0.814376,0.814376,0.814295,0.814376,1.19773,1.19676
704_VRC01_Concordance|1200432|vc|2|2|PVO.4|5024,0,0.913369,2,2,1,0.930214,0.930214,0.929843,0.930214,-0.153185,-0.156565
704_VRC01_Concordance|1200432|vc|3|2|PVO.4|5024,0,1,3,2,1,0.930214,0.930214,0.929843,0.930214,0.652337,0.648642
704_VRC01_Concordance|1200432|vc|4|2|PVO.4|5024,0,0.936054,4,2,1,0.930214,0.930214,0.929843,0.930214,0.0577457,0.0542829
704_VRC01_Concordance|1200432|vc|5|2|PVO.4|5024,0,0.990712,5,2,1,0.930214,0.930214,0.929843,0.930214,0.565972,0.56231
704_VRC01_Concordance|1200432|vc|6|2|PVO.4|5024,0,0.919832,6,2,1,0.930214,0.930214,0.929843,0.930214,-0.0930914,-0.0964953
704_VRC01_Concordance|1200432|vc|7|2|PVO.4|5024,0,0.864589,7,2,1,0.930214,0.930214,0.929843,0.930214,-0.606753,-0.609956
704_VRC01_Concordance|1200432|vc|8|2|PVO.4|5024,0,0.869461,8,2,1,0.814376,0.814376,0.814295,0.814376,0.584351,0.58344
