id,U_SAEM,L_SAEM,m_SAEM,e_SAEM,s_SAEM,alpha_SAEM,k_SAEM,U_mode,L_mode,m_mode,e_mode,s_mode,alpha_mode,k_mode,goes_down,mab_virus,run_id
130_bNAb_Combinations|1313842|cc|1|1|nan|2946,1,0.00342661,0.906079,0.466745,-1.00947,0.168857,7.58148e-05,1,0.00343226,0.906079,0.473032,-3.24255e-07,0.168333,7.61331e-05,False,nan|2946,1313842
130_bNAb_Combinations|1313842|cc|2|1|nan|2946,1,0.00342661,0.906079,0.466745,0.180914,0.168857,7.58148e-05,1,0.00343226,0.906079,0.473032,4.20348e-07,0.168333,7.61331e-05,False,nan|2946,1313842
130_bNAb_Combinations|1313842|cc|3|1|nan|2946,1,0.00342661,0.906079,0.466745,1.44588,0.168857,7.58148e-05,1,0.00343226,0.906079,0.473032,4.26391e-07,0.168333,7.61331e-05,False,nan|2946,1313842
130_bNAb_Combinations|1313842|cc|4|1|nan|2946,1,0.00342661,0.906079,0.466745,-1.15143,0.168857,7.58148e-05,1,0.00343226,0.906079,0.473032,-2.34831e-07,0.168333,7.61331e-05,False,nan|2946,1313842
130_bNAb_Combinations|1313842|cc|5|1|nan|2946,1,0.00342661,0.906079,0.466745,-0.433952,0.168857,7.58148e-05,1,0.00343226,0.906079,0.473032,-2.69667e-07,0.168333,7.61331e-05,False,nan|2946,1313842
130_bNAb_Combinations|1313842|cc|6|1|nan|2946,1,0.00342661,0.906079,0.466745,0.160688,0.168857,7.58148e-05,1,0.00343226,0.906079,0.473032,-1.37071e-07,0.168333,7.61331e-05,False,nan|2946,1313842
130_bNAb_Combinations|1313842|cc|7|1|nan|2946,1,0.00342661,0.906079,0.466745,0.244556,0.168857,7.58148e-05,1,0.00343226,0.906079,0.473032,2.70953e-07,0.168333,7.61331e-05,False,nan|2946,1313842
130_bNAb_Combinations|1313842|cc|8|1|nan|2946,1,0.00342661,0.906079,0.466745,-0.0836392,0.168857,7.58148e-05,1,0.00343226,0.906079,0.473032,4.90238e-08,0.168333,7.61331e-05,False,nan|2946,1313842
130_bNAb_Combinations|1313842|sample|10|nan|2946,1,0.00342746,1.33507,0.466714,3.58294,0.168857,7.58148e-05,1,0.00343312,1.33507,0.473,3.09164,0.168333,7.61331e-05,True,PGT121|2946,1313842
130_bNAb_Combinations|1313842|sample|11|nan|2946,1,0.00342726,1.54979,0.46673,2.55952,0.168857,7.58148e-05,1,0.00343292,1.54979,0.473017,2.60212,0.168333,7.61331e-05,True,VRC07-523LS|2946,1313842
130_bNAb_Combinations|1313842|sample|12|nan|2946,1,0.00342726,1.54979,0.46673,4.66111,0.168857,7.58148e-05,1,0.00343292,1.54979,0.473017,4.81742,0.168333,7.61331e-05,True,VRC07-523LS|2946,1313842
130_bNAb_Combinations|1313842|sample|3|nan|2946,1,0.00342739,3.20446,0.466746,0.669402,0.168857,7.58148e-05,1,0.00343305,3.20446,0.473033,0.625358,0.168333,7.61331e-05,True,PGDM1400|2946,1313842
130_bNAb_Combinations|1313842|sample|4|nan|2946,1,0.00342739,3.20446,0.466746,0.718616,0.168857,7.58148e-05,1,0.00343305,3.20446,0.473033,0.652277,0.168333,7.61331e-05,True,PGDM1400|2946,1313842
130_bNAb_Combinations|1313842|sample|5|nan|2946,1,0.00342739,3.20446,0.466746,0.310989,0.168857,7.58148e-05,1,0.00343305,3.20446,0.473033,0.311965,0.168333,7.61331e-05,True,PGDM1400|2946,1313842
130_bNAb_Combinations|1313842|sample|6|nan|2946,1,0.00342739,3.20446,0.466746,0.318788,0.168857,7.58148e-05,1,0.00343305,3.20446,0.473033,0.324194,0.168333,7.61331e-05,True,PGDM1400|2946,1313842
130_bNAb_Combinations|1313842|sample|7|nan|2946,1,0.00342746,1.33507,0.466714,3.42706,0.168857,7.58148e-05,1,0.00343312,1.33507,0.473,3.19216,0.168333,7.61331e-05,True,PGT121|2946,1313842
130_bNAb_Combinations|1313842|sample|8|nan|2946,1,0.00342746,1.33507,0.466714,3.65413,0.168857,7.58148e-05,1,0.00343312,1.33507,0.473,2.96957,0.168333,7.61331e-05,True,PGT121|2946,1313842
130_bNAb_Combinations|1313842|sample|9|nan|2946,1,0.00342746,1.33507,0.466714,3.96862,0.168857,7.58148e-05,1,0.00343312,1.33507,0.473,3.95913,0.168333,7.61331e-05,True,PGT121|2946,1313842
130_bNAb_Combinations|1313842|vc|1|2|nan|2946,1,0.00342661,0.906079,0.466745,0.408948,0.168857,7.58148e-05,1,0.00343226,0.906079,0.473032,8.16582e-07,0.168333,7.61331e-05,False,nan|2946,1313842
130_bNAb_Combinations|1313842|vc|2|2|nan|2946,1,0.00342661,0.906079,0.466745,-0.622512,0.168857,7.58148e-05,1,0.00343226,0.906079,0.473032,2.87808e-07,0.168333,7.61331e-05,False,nan|2946,1313842
130_bNAb_Combinations|1313842|vc|3|2|nan|2946,1,0.00342661,0.906079,0.466745,1.42379,0.168857,7.58148e-05,1,0.00343226,0.906079,0.473032,4.37911e-07,0.168333,7.61331e-05,False,nan|2946,1313842
130_bNAb_Combinations|1313842|vc|4|2|nan|2946,1,0.00342661,0.906079,0.466745,0.787158,0.168857,7.58148e-05,1,0.00343226,0.906079,0.473032,7.65483e-08,0.168333,7.61331e-05,False,nan|2946,1313842
130_bNAb_Combinations|1313842|vc|5|2|nan|2946,1,0.00342661,0.906079,0.466745,-0.70021,0.168857,7.58148e-05,1,0.00343226,0.906079,0.473032,-4.77982e-07,0.168333,7.61331e-05,False,nan|2946,1313842
130_bNAb_Combinations|1313842|vc|6|2|nan|2946,1,0.00342661,0.906079,0.466745,1.13102,0.168857,7.58148e-05,1,0.00343226,0.906079,0.473032,7.51234e-08,0.168333,7.61331e-05,False,nan|2946,1313842
130_bNAb_Combinations|1313842|vc|7|2|nan|2946,1,0.00342661,0.906079,0.466745,0.0910262,0.168857,7.58148e-05,1,0.00343226,0.906079,0.473032,6.20261e-07,0.168333,7.61331e-05,False,nan|2946,1313842
130_bNAb_Combinations|1313842|vc|8|2|nan|2946,1,0.00342661,0.906079,0.466745,-0.703827,0.168857,7.58148e-05,1,0.00343226,0.906079,0.473032,2.49132e-07,0.168333,7.61331e-05,False,nan|2946,1313842
130_bNAb_Combinations|1313860|cc|1|1|PVO.4|5024,1,0.00342659,1.49386,0.466657,-0.0984553,0.168775,7.58155e-05,1,0.00343224,1.49386,0.472944,-5.42649e-07,0.168251,7.61337e-05,False,nan|PVO.4,1313860
130_bNAb_Combinations|1313860|cc|2|1|PVO.4|5024,1,0.00342659,1.49386,0.466657,-1.23226,0.168775,7.58155e-05,1,0.00343224,1.49386,0.472944,-1.38726e-07,0.168251,7.61337e-05,False,nan|PVO.4,1313860
130_bNAb_Combinations|1313860|cc|3|1|PVO.4|5024,1,0.00342659,1.49386,0.466657,-0.886681,0.168775,7.58155e-05,1,0.00343224,1.49386,0.472944,3.6788e-07,0.168251,7.61337e-05,False,nan|PVO.4,1313860
130_bNAb_Combinations|1313860|cc|4|1|PVO.4|5024,1,0.00342659,1.49386,0.466657,1.42199,0.168775,7.58155e-05,1,0.00343224,1.49386,0.472944,-4.24714e-07,0.168251,7.61337e-05,False,nan|PVO.4,1313860
130_bNAb_Combinations|1313860|cc|5|1|PVO.4|5024,1,0.00342659,1.49386,0.466657,-0.358462,0.168775,7.58155e-05,1,0.00343224,1.49386,0.472944,-5.02531e-07,0.168251,7.61337e-05,False,nan|PVO.4,1313860
130_bNAb_Combinations|1313860|cc|6|1|PVO.4|5024,1,0.00342659,1.49386,0.466657,0.451918,0.168775,7.58155e-05,1,0.00343224,1.49386,0.472944,3.22475e-09,0.168251,7.61337e-05,False,nan|PVO.4,1313860
130_bNAb_Combinations|1313860|cc|7|1|PVO.4|5024,1,0.00342659,1.49386,0.466657,1.69303,0.168775,7.58155e-05,1,0.00343224,1.49386,0.472944,-9.46972e-07,0.168251,7.61337e-05,False,nan|PVO.4,1313860
130_bNAb_Combinations|1313860|cc|8|1|PVO.4|5024,1,0.00342659,1.49386,0.466657,0.270287,0.168775,7.58155e-05,1,0.00343224,1.49386,0.472944,-4.33087e-07,0.168251,7.61337e-05,False,nan|PVO.4,1313860
130_bNAb_Combinations|1313860|sample|10|PVO.4|5024,1,0.00342737,0.899367,0.466749,7.10245,0.168775,7.58155e-05,1,0.00343303,0.899367,0.473036,7.25353,0.168251,7.61337e-05,True,PGT121|PVO.4,1313860
130_bNAb_Combinations|1313860|sample|11|PVO.4|5024,1,0.00342741,0.921654,0.466777,9.52566,0.168775,7.58155e-05,1,0.00343306,0.921654,0.473064,9.18702,0.168251,7.61337e-05,True,VRC07-523LS|PVO.4,1313860
130_bNAb_Combinations|1313860|sample|12|PVO.4|5024,1,0.00342741,0.921654,0.466777,10.8315,0.168775,7.58155e-05,1,0.00343306,0.921654,0.473064,10.7759,0.168251,7.61337e-05,True,VRC07-523LS|PVO.4,1313860
130_bNAb_Combinations|1313860|sample|3|PVO.4|5024,1,0.00342827,3.57204,0.367444,0.93484,0.168775,7.58155e-05,1,0.00343394,3.57204,0.373968,0.963853,0.168251,7.61337e-05,True,PGDM1400|PVO.4,1313860
130_bNAb_Combinations|1313860|sample|4|PVO.4|5024,1,0.00342827,3.57204,0.367444,0.954577,0.168775,7.58155e-05,1,0.00343394,3.57204,0.373968,0.943178,0.168251,7.61337e-05,True,PGDM1400|PVO.4,1313860
130_bNAb_Combinations|1313860|sample|5|PVO.4|5024,1,0.00342827,3.57204,0.367444,0.732074,0.168775,7.58155e-05,1,0.00343394,3.57204,0.373968,0.676456,0.168251,7.61337e-05,True,PGDM1400|PVO.4,1313860
130_bNAb_Combinations|1313860|sample|6|PVO.4|5024,1,0.00342827,3.57204,0.367444,0.752896,0.168775,7.58155e-05,1,0.00343394,3.57204,0.373968,0.773456,0.168251,7.61337e-05,True,PGDM1400|PVO.4,1313860
130_bNAb_Combinations|1313860|sample|7|PVO.4|5024,1,0.00342737,0.899367,0.466749,6.97927,0.168775,7.58155e-05,1,0.00343303,0.899367,0.473036,7.05615,0.168251,7.61337e-05,True,PGT121|PVO.4,1313860
130_bNAb_Combinations|1313860|sample|8|PVO.4|5024,1,0.00342737,0.899367,0.466749,6.90915,0.168775,7.58155e-05,1,0.00343303,0.899367,0.473036,7.11502,0.168251,7.61337e-05,True,PGT121|PVO.4,1313860
130_bNAb_Combinations|1313860|sample|9|PVO.4|5024,1,0.00342737,0.899367,0.466749,7.2331,0.168775,7.58155e-05,1,0.00343303,0.899367,0.473036,7.3672,0.168251,7.61337e-05,True,PGT121|PVO.4,1313860
130_bNAb_Combinations|1313860|vc|1|2|PVO.4|5024,1,0.00342659,1.49386,0.466657,-0.480288,0.168775,7.58155e-05,1,0.00343224,1.49386,0.472944,-4.49233e-07,0.168251,7.61337e-05,False,nan|PVO.4,1313860
130_bNAb_Combinations|1313860|vc|2|2|PVO.4|5024,1,0.00342659,1.49386,0.466657,0.00273814,0.168775,7.58155e-05,1,0.00343224,1.49386,0.472944,2.67157e-07,0.168251,7.61337e-05,False,nan|PVO.4,1313860
130_bNAb_Combinations|1313860|vc|3|2|PVO.4|5024,1,0.00342659,1.49386,0.466657,-1.13775,0.168775,7.58155e-05,1,0.00343224,1.49386,0.472944,-4.76649e-07,0.168251,7.61337e-05,False,nan|PVO.4,1313860
130_bNAb_Combinations|1313860|vc|4|2|PVO.4|5024,1,0.00342659,1.49386,0.466657,-0.503868,0.168775,7.58155e-05,1,0.00343224,1.49386,0.472944,-2.44943e-07,0.168251,7.61337e-05,False,nan|PVO.4,1313860
130_bNAb_Combinations|1313860|vc|5|2|PVO.4|5024,1,0.00342659,1.49386,0.466657,-0.315194,0.168775,7.58155e-05,1,0.00343224,1.49386,0.472944,4.20691e-07,0.168251,7.61337e-05,False,nan|PVO.4,1313860
130_bNAb_Combinations|1313860|vc|6|2|PVO.4|5024,1,0.00342659,1.49386,0.466657,1.27859,0.168775,7.58155e-05,1,0.00343224,1.49386,0.472944,2.0425e-07,0.168251,7.61337e-05,False,nan|PVO.4,1313860
130_bNAb_Combinations|1313860|vc|7|2|PVO.4|5024,1,0.00342659,1.49386,0.466657,-1.74648,0.168775,7.58155e-05,1,0.00343224,1.49386,0.472944,-8.16137e-08,0.168251,7.61337e-05,False,nan|PVO.4,1313860
130_bNAb_Combinations|1313860|vc|8|2|PVO.4|5024,1,0.00342659,1.49386,0.466657,0.483925,0.168775,7.58155e-05,1,0.00343224,1.49386,0.472944,-1.46607e-07,0.168251,7.61337e-05,False,nan|PVO.4,1313860
130_bNAb_Combinations|1313884|cc|1|1|nan|4168,1,0.00342659,1.07255,0.466746,1.2383,0.168781,7.58155e-05,1,0.00343224,1.07255,0.473033,2.10775e-07,0.168255,7.61337e-05,False,nan|4168,1313884
130_bNAb_Combinations|1313884|cc|2|1|nan|4168,1,0.00342659,1.07255,0.466746,-0.00143359,0.168781,7.58155e-05,1,0.00343224,1.07255,0.473033,-5.75637e-07,0.168255,7.61337e-05,False,nan|4168,1313884
130_bNAb_Combinations|1313884|cc|3|1|nan|4168,1,0.00342659,1.07255,0.466746,-0.470786,0.168781,7.58155e-05,1,0.00343224,1.07255,0.473033,2.16767e-07,0.168255,7.61337e-05,False,nan|4168,1313884
130_bNAb_Combinations|1313884|cc|4|1|nan|4168,1,0.00342659,1.07255,0.466746,1.24924,0.168781,7.58155e-05,1,0.00343224,1.07255,0.473033,2.99965e-07,0.168255,7.61337e-05,False,nan|4168,1313884
130_bNAb_Combinations|1313884|cc|5|1|nan|4168,1,0.00342659,1.07255,0.466746,-1.17017,0.168781,7.58155e-05,1,0.00343224,1.07255,0.473033,2.61624e-07,0.168255,7.61337e-05,False,nan|4168,1313884
130_bNAb_Combinations|1313884|cc|6|1|nan|4168,1,0.00342659,1.07255,0.466746,0.792548,0.168781,7.58155e-05,1,0.00343224,1.07255,0.473033,2.30207e-07,0.168255,7.61337e-05,False,nan|4168,1313884
130_bNAb_Combinations|1313884|cc|7|1|nan|4168,1,0.00342659,1.07255,0.466746,0.945033,0.168781,7.58155e-05,1,0.00343224,1.07255,0.473033,-2.30777e-07,0.168255,7.61337e-05,False,nan|4168,1313884
130_bNAb_Combinations|1313884|cc|8|1|nan|4168,1,0.00342659,1.07255,0.466746,0.48686,0.168781,7.58155e-05,1,0.00343224,1.07255,0.473033,2.74176e-07,0.168255,7.61337e-05,False,nan|4168,1313884
130_bNAb_Combinations|1313884|sample|10|nan|4168,1,0.00342707,0.382804,0.466746,2.47356,0.168781,7.58155e-05,1,0.00343272,0.382804,0.473033,2.52331,0.168255,7.61337e-05,True,PGT121|4168,1313884
130_bNAb_Combinations|1313884|sample|11|nan|4168,1,0.00342738,0.813606,0.466773,4.86297,0.168781,7.58155e-05,1,0.00343304,0.813606,0.47306,4.74846,0.168255,7.61337e-05,True,VRC07-523LS|4168,1313884
130_bNAb_Combinations|1313884|sample|12|nan|4168,1,0.00342738,0.813606,0.466773,6.18976,0.168781,7.58155e-05,1,0.00343304,0.813606,0.47306,6.02632,0.168255,7.61337e-05,True,VRC07-523LS|4168,1313884
130_bNAb_Combinations|1313884|sample|3|nan|4168,1,0.00342725,5.18232,0.466737,0.249967,0.168781,7.58155e-05,1,0.00343291,5.18232,0.473024,0.2264,0.168255,7.61337e-05,True,PGDM1400|4168,1313884
130_bNAb_Combinations|1313884|sample|4|nan|4168,1,0.00342725,5.18232,0.466737,0.211484,0.168781,7.58155e-05,1,0.00343291,5.18232,0.473024,0.208464,0.168255,7.61337e-05,True,PGDM1400|4168,1313884
130_bNAb_Combinations|1313884|sample|5|nan|4168,1,0.00342725,5.18232,0.466737,0.191554,0.168781,7.58155e-05,1,0.00343291,5.18232,0.473024,0.192855,0.168255,7.61337e-05,True,PGDM1400|4168,1313884
130_bNAb_Combinations|1313884|sample|6|nan|4168,1,0.00342725,5.18232,0.466737,0.186416,0.168781,7.58155e-05,1,0.00343291,5.18232,0.473024,0.187164,0.168255,7.61337e-05,True,PGDM1400|4168,1313884
130_bNAb_Combinations|1313884|sample|7|nan|4168,1,0.00342707,0.382804,0.466746,2.40265,0.168781,7.58155e-05,1,0.00343272,0.382804,0.473033,2.57966,0.168255,7.61337e-05,True,PGT121|4168,1313884
130_bNAb_Combinations|1313884|sample|8|nan|4168,1,0.00342707,0.382804,0.466746,2.69369,0.168781,7.58155e-05,1,0.00343272,0.382804,0.473033,2.60659,0.168255,7.61337e-05,True,PGT121|4168,1313884
130_bNAb_Combinations|1313884|sample|9|nan|4168,1,0.00342707,0.382804,0.466746,2.29907,0.168781,7.58155e-05,1,0.00343272,0.382804,0.473033,2.47151,0.168255,7.61337e-05,True,PGT121|4168,1313884
130_bNAb_Combinations|1313884|vc|1|2|nan|4168,1,0.00342659,1.07255,0.466746,0.543064,0.168781,7.58155e-05,1,0.00343224,1.07255,0.473033,-8.45712e-07,0.168255,7.61337e-05,False,nan|4168,1313884
130_bNAb_Combinations|1313884|vc|2|2|nan|4168,1,0.00342659,1.07255,0.466746,-1.81199,0.168781,7.58155e-05,1,0.00343224,1.07255,0.473033,-1.90444e-07,0.168255,7.61337e-05,False,nan|4168,1313884
130_bNAb_Combinations|1313884|vc|3|2|nan|4168,1,0.00342659,1.07255,0.466746,1.15493,0.168781,7.58155e-05,1,0.00343224,1.07255,0.473033,1.2562e-07,0.168255,7.61337e-05,False,nan|4168,1313884
130_bNAb_Combinations|1313884|vc|4|2|nan|4168,1,0.00342659,1.07255,0.466746,-0.591366,0.168781,7.58155e-05,1,0.00343224,1.07255,0.473033,-4.61183e-07,0.168255,7.61337e-05,False,nan|4168,1313884
130_bNAb_Combinations|1313884|vc|5|2|nan|4168,1,0.00342659,1.07255,0.466746,0.331716,0.168781,7.58155e-05,1,0.00343224,1.07255,0.473033,1.89582e-09,0.168255,7.61337e-05,False,nan|4168,1313884
130_bNAb_Combinations|1313884|vc|6|2|nan|4168,1,0.00342659,1.07255,0.466746,1.05422,0.168781,7.58155e-05,1,0.00343224,1.07255,0.473033,2.98483e-07,0.168255,7.61337e-05,False,nan|4168,1313884
130_bNAb_Combinations|1313884|vc|7|2|nan|4168,1,0.00342659,1.07255,0.466746,-0.1453,0.168781,7.58155e-05,1,0.00343224,1.07255,0.473033,-4.37487e-07,0.168255,7.61337e-05,False,nan|4168,1313884
130_bNAb_Combinations|1313884|vc|8|2|nan|4168,1,0.00342659,1.07255,0.466746,-0.796075,0.168781,7.58155e-05,1,0.00343224,1.07255,0.473033,3.63511e-07,0.168255,7.61337e-05,False,nan|4168,1313884
130_bNAb_Combinations|1313920|cc|1|1|nan|1798,1,0.00342656,1.1673,0.466742,0.100091,0.168868,7.58152e-05,1,0.00343221,1.1673,0.473029,3.5383e-07,0.168344,7.61334e-05,False,nan|1798,1313920
130_bNAb_Combinations|1313920|cc|2|1|nan|1798,1,0.00342656,1.1673,0.466742,-0.508958,0.168868,7.58152e-05,1,0.00343221,1.1673,0.473029,-1.59629e-07,0.168344,7.61334e-05,False,nan|1798,1313920
130_bNAb_Combinations|1313920|cc|3|1|nan|1798,1,0.00342656,1.1673,0.466742,-1.01055,0.168868,7.58152e-05,1,0.00343221,1.1673,0.473029,2.1393e-07,0.168344,7.61334e-05,False,nan|1798,1313920
130_bNAb_Combinations|1313920|cc|4|1|nan|1798,1,0.00342656,1.1673,0.466742,0.962597,0.168868,7.58152e-05,1,0.00343221,1.1673,0.473029,5.46677e-07,0.168344,7.61334e-05,False,nan|1798,1313920
130_bNAb_Combinations|1313920|cc|5|1|nan|1798,1,0.00342656,1.1673,0.466742,0.28724,0.168868,7.58152e-05,1,0.00343221,1.1673,0.473029,3.80559e-07,0.168344,7.61334e-05,False,nan|1798,1313920
130_bNAb_Combinations|1313920|cc|6|1|nan|1798,1,0.00342656,1.1673,0.466742,-0.486647,0.168868,7.58152e-05,1,0.00343221,1.1673,0.473029,-1.62418e-07,0.168344,7.61334e-05,False,nan|1798,1313920
130_bNAb_Combinations|1313920|cc|7|1|nan|1798,1,0.00342656,1.1673,0.466742,0.0445187,0.168868,7.58152e-05,1,0.00343221,1.1673,0.473029,-1.81575e-07,0.168344,7.61334e-05,False,nan|1798,1313920
130_bNAb_Combinations|1313920|cc|8|1|nan|1798,1,0.00342656,1.1673,0.466742,-0.386368,0.168868,7.58152e-05,1,0.00343221,1.1673,0.473029,-2.03547e-07,0.168344,7.61334e-05,False,nan|1798,1313920
130_bNAb_Combinations|1313920|sample|10|nan|1798,1,0.00342732,0.815987,0.466732,15.6202,0.168868,7.58152e-05,1,0.00343298,0.815987,0.473019,15.484,0.168344,7.61334e-05,True,PGT121|1798,1313920
130_bNAb_Combinations|1313920|sample|11|nan|1798,1,0.00342698,1.20432,0.466707,5.44476,0.168868,7.58152e-05,1,0.00343264,1.20432,0.472994,5.26843,0.168344,7.61334e-05,True,VRC07-523LS|1798,1313920
130_bNAb_Combinations|1313920|sample|12|nan|1798,1,0.00342698,1.20432,0.466707,5.06828,0.168868,7.58152e-05,1,0.00343264,1.20432,0.472994,5.3167,0.168344,7.61334e-05,True,VRC07-523LS|1798,1313920
130_bNAb_Combinations|1313920|sample|3|nan|1798,1,0.00342632,0.881295,1.32,1.14323,0.168868,7.58152e-05,1,0.00343199,0.881295,1.40877,1.11749,0.168344,7.61334e-05,True,PGDM1400|1798,1313920
130_bNAb_Combinations|1313920|sample|4|nan|1798,1,0.00342632,0.881296,1.32,1.25339,0.168868,7.58152e-05,1,0.00343199,0.881295,1.40877,1.11593,0.168344,7.61334e-05,True,PGDM1400|1798,1313920
130_bNAb_Combinations|1313920|sample|5|nan|1798,1,0.00342632,0.881296,1.32,0.775905,0.168868,7.58152e-05,1,0.00343199,0.881295,1.40877,0.784754,0.168344,7.61334e-05,True,PGDM1400|1798,1313920
130_bNAb_Combinations|1313920|sample|6|nan|1798,1,0.00342632,0.881295,1.32,0.803178,0.168868,7.58152e-05,1,0.00343199,0.881295,1.40877,0.800857,0.168344,7.61334e-05,True,PGDM1400|1798,1313920
130_bNAb_Combinations|1313920|sample|7|nan|1798,1,0.00342732,0.815987,0.466732,12.8767,0.168868,7.58152e-05,1,0.00343298,0.815987,0.473019,12.6457,0.168344,7.61334e-05,True,PGT121|1798,1313920
130_bNAb_Combinations|1313920|sample|8|nan|1798,1,0.00342732,0.815987,0.466732,13.3759,0.168868,7.58152e-05,1,0.00343298,0.815987,0.473019,13.1775,0.168344,7.61334e-05,True,PGT121|1798,1313920
130_bNAb_Combinations|1313920|sample|9|nan|1798,1,0.00342732,0.815987,0.466732,14.4632,0.168868,7.58152e-05,1,0.00343298,0.815987,0.473019,14.6083,0.168344,7.61334e-05,True,PGT121|1798,1313920
130_bNAb_Combinations|1313920|vc|1|2|nan|1798,1,0.00342656,1.1673,0.466742,-0.137106,0.168868,7.58152e-05,1,0.00343221,1.1673,0.473029,2.47916e-07,0.168344,7.61334e-05,False,nan|1798,1313920
130_bNAb_Combinations|1313920|vc|2|2|nan|1798,1,0.00342656,1.1673,0.466742,0.218451,0.168868,7.58152e-05,1,0.00343221,1.1673,0.473029,9.46727e-08,0.168344,7.61334e-05,False,nan|1798,1313920
130_bNAb_Combinations|1313920|vc|3|2|nan|1798,1,0.00342656,1.1673,0.466742,-0.408555,0.168868,7.58152e-05,1,0.00343221,1.1673,0.473029,3.5864e-07,0.168344,7.61334e-05,False,nan|1798,1313920
130_bNAb_Combinations|1313920|vc|4|2|nan|1798,1,0.00342656,1.1673,0.466742,-0.504946,0.168868,7.58152e-05,1,0.00343221,1.1673,0.473029,-2.37734e-07,0.168344,7.61334e-05,False,nan|1798,1313920
130_bNAb_Combinations|1313920|vc|5|2|nan|1798,1,0.00342656,1.1673,0.466742,-0.946483,0.168868,7.58152e-05,1,0.00343221,1.1673,0.473029,-1.31905e-07,0.168344,7.61334e-05,False,nan|1798,1313920
130_bNAb_Combinations|1313920|vc|6|2|nan|1798,1,0.00342656,1.1673,0.466742,0.726999,0.168868,7.58152e-05,1,0.00343221,1.1673,0.473029,1.55299e-07,0.168344,7.61334e-05,False,nan|1798,1313920
130_bNAb_Combinations|1313920|vc|7|2|nan|1798,1,0.00342656,1.1673,0.466742,0.338094,0.168868,7.58152e-05,1,0.00343221,1.1673,0.473029,-3.28921e-07,0.168344,7.61334e-05,False,nan|1798,1313920
130_bNAb_Combinations|1313920|vc|8|2|nan|1798,1,0.00342656,1.1673,0.466742,-0.258083,0.168868,7.58152e-05,1,0.00343221,1.1673,0.473029,2.80126e-08,0.168344,7.61334e-05,False,nan|1798,1313920
130_bNAb_Combinations|1313938|cc|1|1|TRO.11|8301,1,0.00342662,1.94435,0.466733,-0.0237989,0.116134,7.58152e-05,1,0.00343226,1.94435,0.47302,-2.04837e-08,0.116632,7.61334e-05,False,nan|TRO.11,1313938
130_bNAb_Combinations|1313938|cc|2|1|TRO.11|8301,1,0.00342662,1.94435,0.466733,0.733532,0.116134,7.58152e-05,1,0.00343226,1.94435,0.47302,2.87426e-07,0.116632,7.61334e-05,False,nan|TRO.11,1313938
130_bNAb_Combinations|1313938|cc|3|1|TRO.11|8301,1,0.00342662,1.94435,0.466733,-1.86396,0.116134,7.58152e-05,1,0.00343226,1.94435,0.47302,-8.28186e-07,0.116632,7.61334e-05,False,nan|TRO.11,1313938
130_bNAb_Combinations|1313938|cc|4|1|TRO.11|8301,1,0.00342662,1.94435,0.466733,-1.84769,0.116134,7.58152e-05,1,0.00343226,1.94435,0.47302,-1.73776e-07,0.116632,7.61334e-05,False,nan|TRO.11,1313938
130_bNAb_Combinations|1313938|cc|5|1|TRO.11|8301,1,0.00342662,1.94435,0.466733,0.299734,0.116134,7.58152e-05,1,0.00343226,1.94435,0.47302,1.7573e-07,0.116632,7.61334e-05,False,nan|TRO.11,1313938
130_bNAb_Combinations|1313938|cc|6|1|TRO.11|8301,1,0.00342662,1.94435,0.466733,-1.13378,0.116134,7.58152e-05,1,0.00343226,1.94435,0.47302,3.51756e-07,0.116632,7.61334e-05,False,nan|TRO.11,1313938
130_bNAb_Combinations|1313938|cc|7|1|TRO.11|8301,1,0.00342662,1.94435,0.466733,0.764004,0.116134,7.58152e-05,1,0.00343226,1.94435,0.47302,-3.2857e-07,0.116632,7.61334e-05,False,nan|TRO.11,1313938
130_bNAb_Combinations|1313938|cc|8|1|TRO.11|8301,1,0.00342662,1.94435,0.466733,0.408536,0.116134,7.58152e-05,1,0.00343226,1.94435,0.47302,-4.5645e-07,0.116632,7.61334e-05,False,nan|TRO.11,1313938
130_bNAb_Combinations|1313938|sample|10|TRO.11|8301,1,0.00342754,0.667549,0.466764,21.9125,0.116134,7.58152e-05,1,0.0034332,0.667549,0.473051,22.0439,0.116632,7.61334e-05,True,PGT121|TRO.11,1313938
130_bNAb_Combinations|1313938|sample|11|TRO.11|8301,1,0.00342723,0.931557,0.466755,12.2459,0.116134,7.58152e-05,1,0.00343289,0.931557,0.473042,11.8532,0.116632,7.61334e-05,True,VRC07-523LS|TRO.11,1313938
130_bNAb_Combinations|1313938|sample|12|TRO.11|8301,1,0.00342723,0.931557,0.466755,12.8779,0.116134,7.58152e-05,1,0.00343289,0.931557,0.473042,12.4218,0.116632,7.61334e-05,True,VRC07-523LS|TRO.11,1313938
130_bNAb_Combinations|1313938|sample|3|TRO.11|8301,1,0.00342741,1.76256,0.466728,1.8945,0.116134,7.58152e-05,1,0.00343307,1.76256,0.473015,1.91002,0.116632,7.61334e-05,True,PGDM1400|TRO.11,1313938
130_bNAb_Combinations|1313938|sample|4|TRO.11|8301,1,0.00342741,1.76256,0.466728,1.86069,0.116134,7.58152e-05,1,0.00343307,1.76256,0.473015,1.85086,0.116632,7.61334e-05,True,PGDM1400|TRO.11,1313938
130_bNAb_Combinations|1313938|sample|5|TRO.11|8301,1,0.00342741,1.76256,0.466728,1.48873,0.116134,7.58152e-05,1,0.00343307,1.76256,0.473015,1.51288,0.116632,7.61334e-05,True,PGDM1400|TRO.11,1313938
130_bNAb_Combinations|1313938|sample|6|TRO.11|8301,1,0.00342741,1.76256,0.466728,1.66622,0.116134,7.58152e-05,1,0.00343307,1.76256,0.473015,1.52182,0.116632,7.61334e-05,True,PGDM1400|TRO.11,1313938
130_bNAb_Combinations|1313938|sample|7|TRO.11|8301,1,0.00342754,0.667549,0.466764,20.7908,0.116134,7.58152e-05,1,0.0034332,0.667549,0.473051,20.6439,0.116632,7.61334e-05,True,PGT121|TRO.11,1313938
130_bNAb_Combinations|1313938|sample|8|TRO.11|8301,1,0.00342754,0.667549,0.466764,19.535,0.116134,7.58152e-05,1,0.0034332,0.667549,0.473051,19.953,0.116632,7.61334e-05,True,PGT121|TRO.11,1313938
130_bNAb_Combinations|1313938|sample|9|TRO.11|8301,1,0.00342754,0.667549,0.466764,22.0519,0.116134,7.58152e-05,1,0.0034332,0.667549,0.473051,22.2415,0.116632,7.61334e-05,True,PGT121|TRO.11,1313938
130_bNAb_Combinations|1313938|vc|1|2|TRO.11|8301,1,0.00342662,1.94435,0.466733,-0.584093,0.116134,7.58152e-05,1,0.00343226,1.94435,0.47302,1.89323e-07,0.116632,7.61334e-05,False,nan|TRO.11,1313938
130_bNAb_Combinations|1313938|vc|2|2|TRO.11|8301,1,0.00342662,1.94435,0.466733,-0.615453,0.116134,7.58152e-05,1,0.00343226,1.94435,0.47302,1.37946e-07,0.116632,7.61334e-05,False,nan|TRO.11,1313938
130_bNAb_Combinations|1313938|vc|3|2|TRO.11|8301,1,0.00342662,1.94435,0.466733,0.748067,0.116134,7.58152e-05,1,0.00343226,1.94435,0.47302,4.28602e-07,0.116632,7.61334e-05,False,nan|TRO.11,1313938
130_bNAb_Combinations|1313938|vc|4|2|TRO.11|8301,1,0.00342662,1.94435,0.466733,-0.172783,0.116134,7.58152e-05,1,0.00343226,1.94435,0.47302,-4.32548e-07,0.116632,7.61334e-05,False,nan|TRO.11,1313938
130_bNAb_Combinations|1313938|vc|5|2|TRO.11|8301,1,0.00342662,1.94435,0.466733,-1.37278,0.116134,7.58152e-05,1,0.00343226,1.94435,0.47302,-4.05068e-08,0.116632,7.61334e-05,False,nan|TRO.11,1313938
130_bNAb_Combinations|1313938|vc|6|2|TRO.11|8301,1,0.00342662,1.94435,0.466733,-0.243614,0.116134,7.58152e-05,1,0.00343226,1.94435,0.47302,-7.37746e-08,0.116632,7.61334e-05,False,nan|TRO.11,1313938
130_bNAb_Combinations|1313938|vc|7|2|TRO.11|8301,1,0.00342662,1.94435,0.466733,0.246091,0.116134,7.58152e-05,1,0.00343226,1.94435,0.47302,-2.74647e-07,0.116632,7.61334e-05,False,nan|TRO.11,1313938
130_bNAb_Combinations|1313938|vc|8|2|TRO.11|8301,1,0.00342662,1.94435,0.466733,0.453246,0.116134,7.58152e-05,1,0.00343226,1.94435,0.47302,-4.36484e-07,0.116632,7.61334e-05,False,nan|TRO.11,1313938
130_bNAb_Combinations|1313956|cc|1|1|Ce1176_A3|7023,1,0.0034266,0.544071,0.466753,1.81339,0.168857,7.58062e-05,1,0.00343225,0.544071,0.47304,6.7402e-07,0.168333,7.61244e-05,False,nan|Ce1176_A3,1313956
130_bNAb_Combinations|1313956|cc|2|1|Ce1176_A3|7023,1,0.0034266,0.544071,0.466753,-0.243334,0.168857,7.58062e-05,1,0.00343225,0.544071,0.47304,8.77077e-07,0.168333,7.61244e-05,False,nan|Ce1176_A3,1313956
130_bNAb_Combinations|1313956|cc|3|1|Ce1176_A3|7023,1,0.0034266,0.544071,0.466753,-0.892924,0.168857,7.58062e-05,1,0.00343225,0.544071,0.47304,-2.25789e-07,0.168333,7.61244e-05,False,nan|Ce1176_A3,1313956
130_bNAb_Combinations|1313956|cc|4|1|Ce1176_A3|7023,1,0.0034266,0.544071,0.466753,-1.38658,0.168857,7.58062e-05,1,0.00343225,0.544071,0.47304,-6.56284e-07,0.168333,7.61244e-05,False,nan|Ce1176_A3,1313956
130_bNAb_Combinations|1313956|cc|5|1|Ce1176_A3|7023,1,0.0034266,0.544071,0.466753,-0.19421,0.168857,7.58062e-05,1,0.00343225,0.544071,0.47304,-2.84315e-07,0.168333,7.61244e-05,False,nan|Ce1176_A3,1313956
130_bNAb_Combinations|1313956|cc|6|1|Ce1176_A3|7023,1,0.0034266,0.544071,0.466753,-0.384245,0.168857,7.58062e-05,1,0.00343225,0.544071,0.47304,-4.92149e-07,0.168333,7.61244e-05,False,nan|Ce1176_A3,1313956
130_bNAb_Combinations|1313956|cc|7|1|Ce1176_A3|7023,1,0.0034266,0.544071,0.466753,-0.329443,0.168857,7.58062e-05,1,0.00343225,0.544071,0.47304,2.91167e-07,0.168333,7.61244e-05,False,nan|Ce1176_A3,1313956
130_bNAb_Combinations|1313956|cc|8|1|Ce1176_A3|7023,1,0.0034266,0.544071,0.466753,2.22845,0.168857,7.58062e-05,1,0.00343225,0.544071,0.47304,6.35112e-07,0.168333,7.61244e-05,False,nan|Ce1176_A3,1313956
130_bNAb_Combinations|1313956|sample|10|Ce1176_A3|7023,1,0.00342737,0.692861,0.466792,23.3811,0.168857,7.58062e-05,1,0.00343302,0.692861,0.47308,22.6585,0.168333,7.61244e-05,True,PGT121|Ce1176_A3,1313956
130_bNAb_Combinations|1313956|sample|11|Ce1176_A3|7023,1,0.0034268,1.06586,0.46675,5.56686,0.168857,7.58062e-05,1,0.00343246,1.06586,0.473037,5.8587,0.168333,7.61244e-05,True,VRC07-523LS|Ce1176_A3,1313956
130_bNAb_Combinations|1313956|sample|12|Ce1176_A3|7023,1,0.0034268,1.06586,0.46675,6.56976,0.168857,7.58062e-05,1,0.00343246,1.06586,0.473037,6.50105,0.168333,7.61244e-05,True,VRC07-523LS|Ce1176_A3,1313956
130_bNAb_Combinations|1313956|sample|3|Ce1176_A3|7023,1,0.00342714,2.12269,0.466687,0.816245,0.168857,7.58062e-05,1,0.00343279,2.12269,0.472973,0.736719,0.168333,7.61244e-05,True,PGDM1400|Ce1176_A3,1313956
130_bNAb_Combinations|1313956|sample|4|Ce1176_A3|7023,1,0.00342714,2.12269,0.466687,0.68624,0.168857,7.58062e-05,1,0.00343279,2.12269,0.472973,0.741355,0.168333,7.61244e-05,True,PGDM1400|Ce1176_A3,1313956
130_bNAb_Combinations|1313956|sample|5|Ce1176_A3|7023,1,0.00342714,2.12269,0.466687,0.352757,0.168857,7.58062e-05,1,0.00343279,2.12269,0.472973,0.348713,0.168333,7.61244e-05,True,PGDM1400|Ce1176_A3,1313956
130_bNAb_Combinations|1313956|sample|6|Ce1176_A3|7023,1,0.00342714,2.12269,0.466687,0.339367,0.168857,7.58062e-05,1,0.00343279,2.12269,0.472973,0.364683,0.168333,7.61244e-05,True,PGDM1400|Ce1176_A3,1313956
130_bNAb_Combinations|1313956|sample|7|Ce1176_A3|7023,1,0.00342737,0.692861,0.466792,19.6259,0.168857,7.58062e-05,1,0.00343302,0.692861,0.47308,19.8522,0.168333,7.61244e-05,True,PGT121|Ce1176_A3,1313956
130_bNAb_Combinations|1313956|sample|8|Ce1176_A3|7023,1,0.00342737,0.692861,0.466792,19.4788,0.168857,7.58062e-05,1,0.00343302,0.692861,0.47308,19.3684,0.168333,7.61244e-05,True,PGT121|Ce1176_A3,1313956
130_bNAb_Combinations|1313956|sample|9|Ce1176_A3|7023,1,0.00342737,0.692861,0.466792,22.2062,0.168857,7.58062e-05,1,0.00343302,0.692861,0.47308,21.9696,0.168333,7.61244e-05,True,PGT121|Ce1176_A3,1313956
130_bNAb_Combinations|1313956|vc|1|2|Ce1176_A3|7023,1,0.0034266,0.544071,0.466753,0.421154,0.168857,7.58062e-05,1,0.00343225,0.544071,0.47304,2.48653e-07,0.168333,7.61244e-05,False,nan|Ce1176_A3,1313956
130_bNAb_Combinations|1313956|vc|2|2|Ce1176_A3|7023,1,0.0034266,0.544071,0.466753,1.29921,0.168857,7.58062e-05,1,0.00343225,0.544071,0.47304,3.09351e-07,0.168333,7.61244e-05,False,nan|Ce1176_A3,1313956
130_bNAb_Combinations|1313956|vc|3|2|Ce1176_A3|7023,1,0.0034266,0.544071,0.466753,0.796487,0.168857,7.58062e-05,1,0.00343225,0.544071,0.47304,1.8395e-07,0.168333,7.61244e-05,False,nan|Ce1176_A3,1313956
130_bNAb_Combinations|1313956|vc|4|2|Ce1176_A3|7023,1,0.0034266,0.544071,0.466753,0.0500658,0.168857,7.58062e-05,1,0.00343225,0.544071,0.47304,4.19157e-07,0.168333,7.61244e-05,False,nan|Ce1176_A3,1313956
130_bNAb_Combinations|1313956|vc|5|2|Ce1176_A3|7023,1,0.0034266,0.544071,0.466753,0.346618,0.168857,7.58062e-05,1,0.00343225,0.544071,0.47304,2.72179e-07,0.168333,7.61244e-05,False,nan|Ce1176_A3,1313956
130_bNAb_Combinations|1313956|vc|6|2|Ce1176_A3|7023,1,0.0034266,0.544071,0.466753,0.431868,0.168857,7.58062e-05,1,0.00343225,0.544071,0.47304,5.05974e-07,0.168333,7.61244e-05,False,nan|Ce1176_A3,1313956
130_bNAb_Combinations|1313956|vc|7|2|Ce1176_A3|7023,1,0.0034266,0.544071,0.466753,1.05121,0.168857,7.58062e-05,1,0.00343225,0.544071,0.47304,9.63708e-08,0.168333,7.61244e-05,False,nan|Ce1176_A3,1313956
130_bNAb_Combinations|1313956|vc|8|2|Ce1176_A3|7023,1,0.0034266,0.544071,0.466753,-2.80859,0.168857,7.58062e-05,1,0.00343225,0.544071,0.47304,1.25454e-07,0.168333,7.61244e-05,False,nan|Ce1176_A3,1313956
130_bNAb_Combinations|1313974|cc|1|1|nan|1176,1,0.00342653,1.16877,0.466723,-0.323342,0.168852,7.58215e-05,1,0.00343219,1.16877,0.47301,1.78446e-07,0.168328,7.61397e-05,False,nan|1176,1313974
130_bNAb_Combinations|1313974|cc|2|1|nan|1176,1,0.00342653,1.16877,0.466723,0.596487,0.168852,7.58215e-05,1,0.00343219,1.16877,0.47301,-7.92663e-07,0.168328,7.61397e-05,False,nan|1176,1313974
130_bNAb_Combinations|1313974|cc|3|1|nan|1176,1,0.00342653,1.16877,0.466723,-0.514405,0.168852,7.58215e-05,1,0.00343219,1.16877,0.47301,6.30514e-07,0.168328,7.61397e-05,False,nan|1176,1313974
130_bNAb_Combinations|1313974|cc|4|1|nan|1176,1,0.00342653,1.16877,0.466723,-0.402486,0.168852,7.58215e-05,1,0.00343219,1.16877,0.47301,2.21654e-07,0.168328,7.61397e-05,False,nan|1176,1313974
130_bNAb_Combinations|1313974|cc|5|1|nan|1176,1,0.00342653,1.16877,0.466723,0.885744,0.168852,7.58215e-05,1,0.00343219,1.16877,0.47301,1.46539e-07,0.168328,7.61397e-05,False,nan|1176,1313974
130_bNAb_Combinations|1313974|cc|6|1|nan|1176,1,0.00342653,1.16877,0.466723,1.08959,0.168852,7.58215e-05,1,0.00343219,1.16877,0.47301,-1.62564e-07,0.168328,7.61397e-05,False,nan|1176,1313974
130_bNAb_Combinations|1313974|cc|7|1|nan|1176,1,0.00342653,1.16877,0.466723,0.960372,0.168852,7.58215e-05,1,0.00343219,1.16877,0.47301,1.98581e-07,0.168328,7.61397e-05,False,nan|1176,1313974
130_bNAb_Combinations|1313974|cc|8|1|nan|1176,1,0.00342653,1.16877,0.466723,-0.117345,0.168852,7.58215e-05,1,0.00343219,1.16877,0.47301,-7.57524e-07,0.168328,7.61397e-05,False,nan|1176,1313974
130_bNAb_Combinations|1313974|sample|10|nan|1176,1,0.186252,2.37412,0.466722,5.72415,0.168852,7.58215e-05,1,0.186189,2.37412,0.473009,5.37832,0.168328,7.61397e-05,True,PGT121|1176,1313974
130_bNAb_Combinations|1313974|sample|11|nan|1176,1,0.00623761,0.727018,0.467121,10.7595,0.168852,7.58215e-05,1,0.00633691,0.727018,0.473422,10.8094,0.168328,7.61397e-05,True,VRC07-523LS|1176,1313974
130_bNAb_Combinations|1313974|sample|12|nan|1176,1,0.00623761,0.727018,0.467121,15.1062,0.168852,7.58215e-05,1,0.00633691,0.727018,0.473422,15.2897,0.168328,7.61397e-05,True,VRC07-523LS|1176,1313974
130_bNAb_Combinations|1313974|sample|3|nan|1176,1,0.00342741,0.547553,0.466728,4.89865,0.168852,7.58215e-05,1,0.00343307,0.547553,0.473015,4.72044,0.168328,7.61397e-05,True,PGDM1400|1176,1313974
130_bNAb_Combinations|1313974|sample|4|nan|1176,1,0.00342741,0.547553,0.466728,6.84933,0.168852,7.58215e-05,1,0.00343307,0.547553,0.473015,6.86269,0.168328,7.61397e-05,True,PGDM1400|1176,1313974
130_bNAb_Combinations|1313974|sample|5|nan|1176,1,0.00342741,0.547553,0.466728,3.39656,0.168852,7.58215e-05,1,0.00343307,0.547553,0.473015,3.37308,0.168328,7.61397e-05,True,PGDM1400|1176,1313974
130_bNAb_Combinations|1313974|sample|6|nan|1176,1,0.00342741,0.547553,0.466728,3.73026,0.168852,7.58215e-05,1,0.00343307,0.547553,0.473015,3.63614,0.168328,7.61397e-05,True,PGDM1400|1176,1313974
130_bNAb_Combinations|1313974|sample|7|nan|1176,1,0.186252,2.37412,0.466722,6.40634,0.168852,7.58215e-05,1,0.186189,2.37412,0.473009,6.15591,0.168328,7.61397e-05,True,PGT121|1176,1313974
130_bNAb_Combinations|1313974|sample|8|nan|1176,1,0.186252,2.37412,0.466722,4.88179,0.168852,7.58215e-05,1,0.186189,2.37412,0.473009,4.48836,0.168328,7.61397e-05,True,PGT121|1176,1313974
130_bNAb_Combinations|1313974|sample|9|nan|1176,1,0.186252,2.37412,0.466722,5.21436,0.168852,7.58215e-05,1,0.186189,2.37412,0.473009,5.23243,0.168328,7.61397e-05,True,PGT121|1176,1313974
130_bNAb_Combinations|1313974|vc|1|2|nan|1176,1,0.00342653,1.16877,0.466723,-0.863275,0.168852,7.58215e-05,1,0.00343219,1.16877,0.47301,2.49379e-07,0.168328,7.61397e-05,False,nan|1176,1313974
130_bNAb_Combinations|1313974|vc|2|2|nan|1176,1,0.00342653,1.16877,0.466723,-0.546239,0.168852,7.58215e-05,1,0.00343219,1.16877,0.47301,-3.46068e-07,0.168328,7.61397e-05,False,nan|1176,1313974
130_bNAb_Combinations|1313974|vc|3|2|nan|1176,1,0.00342653,1.16877,0.466723,0.0806556,0.168852,7.58215e-05,1,0.00343219,1.16877,0.47301,-2.98693e-07,0.168328,7.61397e-05,False,nan|1176,1313974
130_bNAb_Combinations|1313974|vc|4|2|nan|1176,1,0.00342653,1.16877,0.466723,0.0288648,0.168852,7.58215e-05,1,0.00343219,1.16877,0.47301,7.41357e-08,0.168328,7.61397e-05,False,nan|1176,1313974
130_bNAb_Combinations|1313974|vc|5|2|nan|1176,1,0.00342653,1.16877,0.466723,0.428492,0.168852,7.58215e-05,1,0.00343219,1.16877,0.47301,-2.64714e-08,0.168328,7.61397e-05,False,nan|1176,1313974
130_bNAb_Combinations|1313974|vc|6|2|nan|1176,1,0.00342653,1.16877,0.466723,0.752999,0.168852,7.58215e-05,1,0.00343219,1.16877,0.47301,7.56218e-08,0.168328,7.61397e-05,False,nan|1176,1313974
130_bNAb_Combinations|1313974|vc|7|2|nan|1176,1,0.00342653,1.16877,0.466723,0.512558,0.168852,7.58215e-05,1,0.00343219,1.16877,0.47301,-9.72496e-08,0.168328,7.61397e-05,False,nan|1176,1313974
130_bNAb_Combinations|1313974|vc|8|2|nan|1176,1,0.00342653,1.16877,0.466723,0.629301,0.168852,7.58215e-05,1,0.00343219,1.16877,0.47301,5.31253e-07,0.168328,7.61397e-05,False,nan|1176,1313974
130_bNAb_Combinations|1313992|cc|1|1|RHPA4259.7|5371,1,0.0034266,2.05693,0.466745,-1.42552,0.168828,7.5815e-05,1,0.00343225,2.05693,0.473032,-9.87072e-07,0.168303,7.61333e-05,False,nan|RHPA4259.7,1313992
130_bNAb_Combinations|1313992|cc|2|1|RHPA4259.7|5371,1,0.0034266,2.05693,0.466745,0.321143,0.168828,7.5815e-05,1,0.00343225,2.05693,0.473032,-4.26885e-07,0.168303,7.61333e-05,False,nan|RHPA4259.7,1313992
130_bNAb_Combinations|1313992|cc|3|1|RHPA4259.7|5371,1,0.0034266,2.05693,0.466745,0.601865,0.168828,7.5815e-05,1,0.00343225,2.05693,0.473032,-1.24949e-07,0.168303,7.61333e-05,False,nan|RHPA4259.7,1313992
130_bNAb_Combinations|1313992|cc|4|1|RHPA4259.7|5371,1,0.0034266,2.05693,0.466745,0.810165,0.168828,7.5815e-05,1,0.00343225,2.05693,0.473032,7.68889e-07,0.168303,7.61333e-05,False,nan|RHPA4259.7,1313992
130_bNAb_Combinations|1313992|cc|5|1|RHPA4259.7|5371,1,0.0034266,2.05693,0.466745,0.665976,0.168828,7.5815e-05,1,0.00343225,2.05693,0.473032,-5.87386e-07,0.168303,7.61333e-05,False,nan|RHPA4259.7,1313992
130_bNAb_Combinations|1313992|cc|6|1|RHPA4259.7|5371,1,0.0034266,2.05693,0.466745,0.287113,0.168828,7.5815e-05,1,0.00343225,2.05693,0.473032,9.87369e-07,0.168303,7.61333e-05,False,nan|RHPA4259.7,1313992
130_bNAb_Combinations|1313992|cc|7|1|RHPA4259.7|5371,1,0.0034266,2.05693,0.466745,1.25107,0.168828,7.5815e-05,1,0.00343225,2.05693,0.473032,-1.26808e-07,0.168303,7.61333e-05,False,nan|RHPA4259.7,1313992
130_bNAb_Combinations|1313992|cc|8|1|RHPA4259.7|5371,1,0.0034266,2.05693,0.466745,-0.203965,0.168828,7.5815e-05,1,0.00343225,2.05693,0.473032,2.06859e-08,0.168303,7.61333e-05,False,nan|RHPA4259.7,1313992
130_bNAb_Combinations|1313992|sample|10|RHPA4259.7|5371,1,0.0034277,0.71545,0.466777,21.0439,0.168828,7.5815e-05,1,0.00343336,0.71545,0.473064,21.864,0.168303,7.61333e-05,True,PGT121|RHPA4259.7,1313992
130_bNAb_Combinations|1313992|sample|11|RHPA4259.7|5371,1,0.00342752,0.617685,0.466455,19.8403,0.168828,7.5815e-05,1,0.00343318,0.617685,0.472736,19.1789,0.168303,7.61333e-05,True,VRC07-523LS|RHPA4259.7,1313992
130_bNAb_Combinations|1313992|sample|12|RHPA4259.7|5371,1,0.00342752,0.617685,0.466455,17.3969,0.168828,7.5815e-05,1,0.00343318,0.617685,0.472736,17.0635,0.168303,7.61333e-05,True,VRC07-523LS|RHPA4259.7,1313992
130_bNAb_Combinations|1313992|sample|3|RHPA4259.7|5371,1,0.00342711,1.34989,0.466651,3.14329,0.168828,7.5815e-05,1,0.00343277,1.34989,0.472938,3.12358,0.168303,7.61333e-05,True,PGDM1400|RHPA4259.7,1313992
130_bNAb_Combinations|1313992|sample|4|RHPA4259.7|5371,1,0.00342711,1.34989,0.466651,3.22738,0.168828,7.5815e-05,1,0.00343277,1.34989,0.472938,3.02037,0.168303,7.61333e-05,True,PGDM1400|RHPA4259.7,1313992
130_bNAb_Combinations|1313992|sample|5|RHPA4259.7|5371,1,0.00342711,1.34989,0.466651,4.14573,0.168828,7.5815e-05,1,0.00343277,1.34989,0.472938,3.95383,0.168303,7.61333e-05,True,PGDM1400|RHPA4259.7,1313992
130_bNAb_Combinations|1313992|sample|6|RHPA4259.7|5371,1,0.00342711,1.34989,0.466651,3.83442,0.168828,7.5815e-05,1,0.00343277,1.34989,0.472938,3.84172,0.168303,7.61333e-05,True,PGDM1400|RHPA4259.7,1313992
130_bNAb_Combinations|1313992|sample|7|RHPA4259.7|5371,1,0.0034277,0.71545,0.466777,21.7635,0.168828,7.5815e-05,1,0.00343336,0.71545,0.473064,21.3121,0.168303,7.61333e-05,True,PGT121|RHPA4259.7,1313992
130_bNAb_Combinations|1313992|sample|8|RHPA4259.7|5371,1,0.0034277,0.71545,0.466777,19.2458,0.168828,7.5815e-05,1,0.00343336,0.71545,0.473064,19.347,0.168303,7.61333e-05,True,PGT121|RHPA4259.7,1313992
130_bNAb_Combinations|1313992|sample|9|RHPA4259.7|5371,1,0.0034277,0.71545,0.466777,21.4436,0.168828,7.5815e-05,1,0.00343336,0.71545,0.473064,21.1293,0.168303,7.61333e-05,True,PGT121|RHPA4259.7,1313992
130_bNAb_Combinations|1313992|vc|1|2|RHPA4259.7|5371,1,0.0034266,2.05693,0.466745,0.694724,0.168828,7.5815e-05,1,0.00343225,2.05693,0.473032,4.17766e-07,0.168303,7.61333e-05,False,nan|RHPA4259.7,1313992
130_bNAb_Combinations|1313992|vc|2|2|RHPA4259.7|5371,1,0.0034266,2.05693,0.466745,0.399243,0.168828,7.5815e-05,1,0.00343225,2.05693,0.473032,-8.97172e-08,0.168303,7.61333e-05,False,nan|RHPA4259.7,1313992
130_bNAb_Combinations|1313992|vc|3|2|RHPA4259.7|5371,1,0.0034266,2.05693,0.466745,1.90455,0.168828,7.5815e-05,1,0.00343225,2.05693,0.473032,-1.90601e-07,0.168303,7.61333e-05,False,nan|RHPA4259.7,1313992
130_bNAb_Combinations|1313992|vc|4|2|RHPA4259.7|5371,1,0.0034266,2.05693,0.466745,-1.21517,0.168828,7.5815e-05,1,0.00343225,2.05693,0.473032,-2.16574e-07,0.168303,7.61333e-05,False,nan|RHPA4259.7,1313992
130_bNAb_Combinations|1313992|vc|5|2|RHPA4259.7|5371,1,0.0034266,2.05693,0.466745,-0.372025,0.168828,7.5815e-05,1,0.00343225,2.05693,0.473032,-1.98752e-07,0.168303,7.61333e-05,False,nan|RHPA4259.7,1313992
130_bNAb_Combinations|1313992|vc|6|2|RHPA4259.7|5371,1,0.0034266,2.05693,0.466745,0.66234,0.168828,7.5815e-05,1,0.00343225,2.05693,0.473032,7.15194e-08,0.168303,7.61333e-05,False,nan|RHPA4259.7,1313992
130_bNAb_Combinations|1313992|vc|7|2|RHPA4259.7|5371,1,0.0034266,2.05693,0.466745,-1.03517,0.168828,7.5815e-05,1,0.00343225,2.05693,0.473032,-4.07369e-07,0.168303,7.61333e-05,False,nan|RHPA4259.7,1313992
130_bNAb_Combinations|1313992|vc|8|2|RHPA4259.7|5371,1,0.0034266,2.05693,0.466745,0.950192,0.168828,7.5815e-05,1,0.00343225,2.05693,0.473032,2.3683e-07,0.168303,7.61333e-05,False,nan|RHPA4259.7,1313992
130_bNAb_Combinations|1314016|cc|1|1|nan|3430,1,0.00342652,1.76702,0.466735,-0.928215,0.0613639,7.58155e-05,1,0.00343217,1.76702,0.473022,-3.97283e-07,0.0579777,7.61337e-05,False,nan|3430,1314016
130_bNAb_Combinations|1314016|cc|2|1|nan|3430,1,0.00342652,1.76702,0.466735,-0.147472,0.0613639,7.58155e-05,1,0.00343217,1.76702,0.473022,7.79047e-07,0.0579777,7.61337e-05,False,nan|3430,1314016
130_bNAb_Combinations|1314016|cc|3|1|nan|3430,1,0.00342652,1.76702,0.466735,0.874596,0.0613639,7.58155e-05,1,0.00343217,1.76702,0.473022,-2.91306e-07,0.0579777,7.61337e-05,False,nan|3430,1314016
130_bNAb_Combinations|1314016|cc|4|1|nan|3430,1,0.00342652,1.76702,0.466735,-0.807527,0.0613639,7.58155e-05,1,0.00343217,1.76702,0.473022,-5.61335e-07,0.0579777,7.61337e-05,False,nan|3430,1314016
130_bNAb_Combinations|1314016|cc|5|1|nan|3430,1,0.00342652,1.76702,0.466735,2.20119,0.0613639,7.58155e-05,1,0.00343217,1.76702,0.473022,9.65615e-08,0.0579777,7.61337e-05,False,nan|3430,1314016
130_bNAb_Combinations|1314016|cc|6|1|nan|3430,1,0.00342652,1.76702,0.466735,0.484185,0.0613639,7.58155e-05,1,0.00343217,1.76702,0.473022,-6.06753e-07,0.0579777,7.61337e-05,False,nan|3430,1314016
130_bNAb_Combinations|1314016|cc|7|1|nan|3430,1,0.00342652,1.76702,0.466735,-0.581629,0.0613639,7.58155e-05,1,0.00343217,1.76702,0.473022,5.40727e-07,0.0579777,7.61337e-05,False,nan|3430,1314016
130_bNAb_Combinations|1314016|cc|8|1|nan|3430,1,0.00342652,1.76702,0.466735,-0.387495,0.0613639,7.58155e-05,1,0.00343217,1.76702,0.473022,4.53841e-07,0.0579777,7.61337e-05,False,nan|3430,1314016
130_bNAb_Combinations|1314016|sample|10|nan|3430,1,0.00342727,0.569817,0.466776,7.93376,0.0613639,7.58155e-05,1,0.00343293,0.569817,0.473064,7.78208,0.0579777,7.61337e-05,True,PGT121|3430,1314016
130_bNAb_Combinations|1314016|sample|11|nan|3430,1,0.0034274,0.736614,0.466745,15.5518,0.0613639,7.58155e-05,1,0.00343306,0.736614,0.473032,15.4715,0.0579777,7.61337e-05,True,VRC07-523LS|3430,1314016
130_bNAb_Combinations|1314016|sample|12|nan|3430,1,0.0034274,0.736614,0.466745,16.2677,0.0613639,7.58155e-05,1,0.00343306,0.736614,0.473032,16.4187,0.0579777,7.61337e-05,True,VRC07-523LS|3430,1314016
130_bNAb_Combinations|1314016|sample|3|nan|3430,1,0.00342734,0.506847,0.466741,24.3096,0.0613639,7.58155e-05,1,0.003433,0.506847,0.473028,24.2507,0.0579777,7.61337e-05,True,PGDM1400|3430,1314016
130_bNAb_Combinations|1314016|sample|4|nan|3430,1,0.00342734,0.506847,0.466741,23.1138,0.0613639,7.58155e-05,1,0.003433,0.506847,0.473028,23.0457,0.0579777,7.61337e-05,True,PGDM1400|3430,1314016
130_bNAb_Combinations|1314016|sample|5|nan|3430,1,0.00342734,0.506847,0.466741,23.9017,0.0613639,7.58155e-05,1,0.003433,0.506847,0.473028,24.4198,0.0579777,7.61337e-05,True,PGDM1400|3430,1314016
130_bNAb_Combinations|1314016|sample|6|nan|3430,1,0.00342734,0.506847,0.466741,25.5042,0.0613639,7.58155e-05,1,0.003433,0.506847,0.473028,25.2548,0.0579777,7.61337e-05,True,PGDM1400|3430,1314016
130_bNAb_Combinations|1314016|sample|7|nan|3430,1,0.00342727,0.569817,0.466776,7.19374,0.0613639,7.58155e-05,1,0.00343293,0.569817,0.473064,7.1583,0.0579777,7.61337e-05,True,PGT121|3430,1314016
130_bNAb_Combinations|1314016|sample|8|nan|3430,1,0.00342727,0.569817,0.466776,6.58666,0.0613639,7.58155e-05,1,0.00343293,0.569817,0.473064,6.62539,0.0579777,7.61337e-05,True,PGT121|3430,1314016
130_bNAb_Combinations|1314016|sample|9|nan|3430,1,0.00342727,0.569817,0.466776,7.48198,0.0613639,7.58155e-05,1,0.00343293,0.569817,0.473064,7.35078,0.0579777,7.61337e-05,True,PGT121|3430,1314016
130_bNAb_Combinations|1314016|vc|1|2|nan|3430,1,0.00342652,1.76702,0.466735,-0.447913,0.0613639,7.58155e-05,1,0.00343217,1.76702,0.473022,-4.73191e-08,0.0579777,7.61337e-05,False,nan|3430,1314016
130_bNAb_Combinations|1314016|vc|2|2|nan|3430,1,0.00342652,1.76702,0.466735,0.615064,0.0613639,7.58155e-05,1,0.00343217,1.76702,0.473022,-1.68063e-07,0.0579777,7.61337e-05,False,nan|3430,1314016
130_bNAb_Combinations|1314016|vc|3|2|nan|3430,1,0.00342652,1.76702,0.466735,0.488256,0.0613639,7.58155e-05,1,0.00343217,1.76702,0.473022,1.80096e-07,0.0579777,7.61337e-05,False,nan|3430,1314016
130_bNAb_Combinations|1314016|vc|4|2|nan|3430,1,0.00342652,1.76702,0.466735,-0.123588,0.0613639,7.58155e-05,1,0.00343217,1.76702,0.473022,2.17715e-07,0.0579777,7.61337e-05,False,nan|3430,1314016
130_bNAb_Combinations|1314016|vc|5|2|nan|3430,1,0.00342652,1.76702,0.466735,-0.342672,0.0613639,7.58155e-05,1,0.00343217,1.76702,0.473022,-1.33261e-07,0.0579777,7.61337e-05,False,nan|3430,1314016
130_bNAb_Combinations|1314016|vc|6|2|nan|3430,1,0.00342652,1.76702,0.466735,1.50365,0.0613639,7.58155e-05,1,0.00343217,1.76702,0.473022,-4.37832e-07,0.0579777,7.61337e-05,False,nan|3430,1314016
130_bNAb_Combinations|1314016|vc|7|2|nan|3430,1,0.00342652,1.76702,0.466735,1.5377,0.0613639,7.58155e-05,1,0.00343217,1.76702,0.473022,-1.77796e-07,0.0579777,7.61337e-05,False,nan|3430,1314016
130_bNAb_Combinations|1314016|vc|8|2|nan|3430,1,0.00342652,1.76702,0.466735,-0.0546085,0.0613639,7.58155e-05,1,0.00343217,1.76702,0.473022,-5.18201e-07,0.0579777,7.61337e-05,False,nan|3430,1314016
130_bNAb_Combinations|1314040|cc|1|1|nan|4166,1,0.0034266,1.57232,0.466759,-0.77769,0.168856,7.58162e-05,1,0.00343225,1.57232,0.473046,1.82788e-07,0.168332,7.61344e-05,False,nan|4166,1314040
130_bNAb_Combinations|1314040|cc|2|1|nan|4166,1,0.0034266,1.57232,0.466759,-0.538874,0.168856,7.58162e-05,1,0.00343225,1.57232,0.473046,-1.60096e-07,0.168332,7.61344e-05,False,nan|4166,1314040
130_bNAb_Combinations|1314040|cc|3|1|nan|4166,1,0.0034266,1.57232,0.466759,-0.26066,0.168856,7.58162e-05,1,0.00343225,1.57232,0.473046,-8.12884e-07,0.168332,7.61344e-05,False,nan|4166,1314040
130_bNAb_Combinations|1314040|cc|4|1|nan|4166,1,0.0034266,1.57232,0.466759,-1.26205,0.168856,7.58162e-05,1,0.00343225,1.57232,0.473046,-6.62246e-07,0.168332,7.61344e-05,False,nan|4166,1314040
130_bNAb_Combinations|1314040|cc|5|1|nan|4166,1,0.0034266,1.57232,0.466759,-0.495596,0.168856,7.58162e-05,1,0.00343225,1.57232,0.473046,-3.56729e-07,0.168332,7.61344e-05,False,nan|4166,1314040
130_bNAb_Combinations|1314040|cc|6|1|nan|4166,1,0.0034266,1.57232,0.466759,-1.05494,0.168856,7.58162e-05,1,0.00343225,1.57232,0.473046,4.85719e-07,0.168332,7.61344e-05,False,nan|4166,1314040
130_bNAb_Combinations|1314040|cc|7|1|nan|4166,1,0.0034266,1.57232,0.466759,0.871025,0.168856,7.58162e-05,1,0.00343225,1.57232,0.473046,7.89844e-08,0.168332,7.61344e-05,False,nan|4166,1314040
130_bNAb_Combinations|1314040|cc|8|1|nan|4166,1,0.0034266,1.57232,0.466759,-0.428539,0.168856,7.58162e-05,1,0.00343225,1.57232,0.473046,2.80038e-07,0.168332,7.61344e-05,False,nan|4166,1314040
130_bNAb_Combinations|1314040|sample|10|nan|4166,1,0.00342741,0.640421,0.466726,26.861,0.168856,7.58162e-05,1,0.00343307,0.640421,0.473013,27.4915,0.168332,7.61344e-05,True,PGT121|4166,1314040
130_bNAb_Combinations|1314040|sample|11|nan|4166,1,0.00342746,0.673191,0.466778,20.9793,0.168856,7.58162e-05,1,0.00343312,0.673191,0.473066,21.1757,0.168332,7.61344e-05,True,VRC07-523LS|4166,1314040
130_bNAb_Combinations|1314040|sample|12|nan|4166,1,0.00342746,0.673191,0.466778,25.0613,0.168856,7.58162e-05,1,0.00343312,0.673191,0.473066,24.8572,0.168332,7.61344e-05,True,VRC07-523LS|4166,1314040
130_bNAb_Combinations|1314040|sample|3|nan|4166,1,0.00342744,0.540905,0.466671,18.7979,0.168856,7.58162e-05,1,0.0034331,0.540905,0.472958,18.9725,0.168332,7.61344e-05,True,PGDM1400|4166,1314040
130_bNAb_Combinations|1314040|sample|4|nan|4166,1,0.00342744,0.540905,0.466671,14.9395,0.168856,7.58162e-05,1,0.0034331,0.540905,0.472958,15.1923,0.168332,7.61344e-05,True,PGDM1400|4166,1314040
130_bNAb_Combinations|1314040|sample|5|nan|4166,1,0.00342744,0.540905,0.466671,14.8017,0.168856,7.58162e-05,1,0.0034331,0.540905,0.472958,14.1451,0.168332,7.61344e-05,True,PGDM1400|4166,1314040
130_bNAb_Combinations|1314040|sample|6|nan|4166,1,0.00342744,0.540905,0.466671,15.1156,0.168856,7.58162e-05,1,0.0034331,0.540905,0.472958,14.2609,0.168332,7.61344e-05,True,PGDM1400|4166,1314040
130_bNAb_Combinations|1314040|sample|7|nan|4166,1,0.00342741,0.640421,0.466726,22.1517,0.168856,7.58162e-05,1,0.00343307,0.640421,0.473013,22.6885,0.168332,7.61344e-05,True,PGT121|4166,1314040
130_bNAb_Combinations|1314040|sample|8|nan|4166,1,0.00342741,0.640421,0.466726,22.0252,0.168856,7.58162e-05,1,0.00343307,0.640421,0.473013,21.8195,0.168332,7.61344e-05,True,PGT121|4166,1314040
130_bNAb_Combinations|1314040|sample|9|nan|4166,1,0.00342741,0.640421,0.466726,22.8221,0.168856,7.58162e-05,1,0.00343307,0.640421,0.473013,23.5622,0.168332,7.61344e-05,True,PGT121|4166,1314040
130_bNAb_Combinations|1314040|vc|1|2|nan|4166,1,0.0034266,1.57232,0.466759,-1.01383,0.168856,7.58162e-05,1,0.00343225,1.57232,0.473046,3.25099e-07,0.168332,7.61344e-05,False,nan|4166,1314040
130_bNAb_Combinations|1314040|vc|2|2|nan|4166,1,0.0034266,1.57232,0.466759,-0.338252,0.168856,7.58162e-05,1,0.00343225,1.57232,0.473046,2.22836e-07,0.168332,7.61344e-05,False,nan|4166,1314040
130_bNAb_Combinations|1314040|vc|3|2|nan|4166,1,0.0034266,1.57232,0.466759,0.512292,0.168856,7.58162e-05,1,0.00343225,1.57232,0.473046,5.23455e-08,0.168332,7.61344e-05,False,nan|4166,1314040
130_bNAb_Combinations|1314040|vc|4|2|nan|4166,1,0.0034266,1.57232,0.466759,-0.485367,0.168856,7.58162e-05,1,0.00343225,1.57232,0.473046,1.07388e-08,0.168332,7.61344e-05,False,nan|4166,1314040
130_bNAb_Combinations|1314040|vc|5|2|nan|4166,1,0.0034266,1.57232,0.466759,-0.651322,0.168856,7.58162e-05,1,0.00343225,1.57232,0.473046,4.1144e-07,0.168332,7.61344e-05,False,nan|4166,1314040
130_bNAb_Combinations|1314040|vc|6|2|nan|4166,1,0.0034266,1.57232,0.466759,-0.802202,0.168856,7.58162e-05,1,0.00343225,1.57232,0.473046,1.93884e-07,0.168332,7.61344e-05,False,nan|4166,1314040
130_bNAb_Combinations|1314040|vc|7|2|nan|4166,1,0.0034266,1.57232,0.466759,1.17558,0.168856,7.58162e-05,1,0.00343225,1.57232,0.473046,-1.06816e-08,0.168332,7.61344e-05,False,nan|4166,1314040
130_bNAb_Combinations|1314040|vc|8|2|nan|4166,1,0.0034266,1.57232,0.466759,-2.04371,0.168856,7.58162e-05,1,0.00343225,1.57232,0.473046,-8.46163e-08,0.168332,7.61344e-05,False,nan|4166,1314040
130_bNAb_Combinations|1314058|cc|1|1|nan|2944,1,0.00342659,1.08738,0.466741,-0.542199,0.0757127,7.58152e-05,1,0.00343224,1.08738,0.473028,-8.38748e-08,0.0716568,7.61334e-05,False,nan|2944,1314058
130_bNAb_Combinations|1314058|cc|2|1|nan|2944,1,0.00342659,1.08738,0.466741,0.138384,0.0757127,7.58152e-05,1,0.00343224,1.08738,0.473028,3.63693e-07,0.0716568,7.61334e-05,False,nan|2944,1314058
130_bNAb_Combinations|1314058|cc|3|1|nan|2944,1,0.00342659,1.08738,0.466741,-0.0572373,0.0757127,7.58152e-05,1,0.00343224,1.08738,0.473028,-1.11871e-06,0.0716568,7.61334e-05,False,nan|2944,1314058
130_bNAb_Combinations|1314058|cc|4|1|nan|2944,1,0.00342659,1.08738,0.466741,0.924543,0.0757127,7.58152e-05,1,0.00343224,1.08738,0.473028,4.65958e-07,0.0716568,7.61334e-05,False,nan|2944,1314058
130_bNAb_Combinations|1314058|cc|5|1|nan|2944,1,0.00342659,1.08738,0.466741,-0.587768,0.0757127,7.58152e-05,1,0.00343224,1.08738,0.473028,5.26538e-07,0.0716568,7.61334e-05,False,nan|2944,1314058
130_bNAb_Combinations|1314058|cc|6|1|nan|2944,1,0.00342659,1.08738,0.466741,0.220378,0.0757127,7.58152e-05,1,0.00343224,1.08738,0.473028,8.89164e-08,0.0716568,7.61334e-05,False,nan|2944,1314058
130_bNAb_Combinations|1314058|cc|7|1|nan|2944,1,0.00342659,1.08738,0.466741,-1.79376,0.0757127,7.58152e-05,1,0.00343224,1.08738,0.473028,3.14863e-08,0.0716568,7.61334e-05,False,nan|2944,1314058
130_bNAb_Combinations|1314058|cc|8|1|nan|2944,1,0.00342659,1.08738,0.466741,1.68629,0.0757127,7.58152e-05,1,0.00343224,1.08738,0.473028,-2.31356e-07,0.0716568,7.61334e-05,False,nan|2944,1314058
130_bNAb_Combinations|1314058|sample|10|nan|2944,1,0.00203205,0.631432,1.37266,12.9025,0.0757127,7.58152e-05,1,0.00202582,0.631432,1.40153,12.8174,0.0716568,7.61334e-05,True,PGT121|2944,1314058
130_bNAb_Combinations|1314058|sample|11|nan|2944,1,0.0034274,0.808274,0.466709,11.7034,0.0757127,7.58152e-05,1,0.00343305,0.808274,0.472996,11.8615,0.0716568,7.61334e-05,True,VRC07-523LS|2944,1314058
130_bNAb_Combinations|1314058|sample|12|nan|2944,1,0.0034274,0.808274,0.466709,11.774,0.0757127,7.58152e-05,1,0.00343305,0.808274,0.472996,11.85,0.0716568,7.61334e-05,True,VRC07-523LS|2944,1314058
130_bNAb_Combinations|1314058|sample|3|nan|2944,1,0.0034275,0.442329,0.46671,22.4896,0.0757127,7.58152e-05,1,0.00343316,0.442329,0.472997,23.4937,0.0716568,7.61334e-05,True,PGDM1400|2944,1314058
130_bNAb_Combinations|1314058|sample|4|nan|2944,1,0.0034275,0.442329,0.46671,23.4018,0.0757127,7.58152e-05,1,0.00343316,0.442329,0.472997,23.823,0.0716568,7.61334e-05,True,PGDM1400|2944,1314058
130_bNAb_Combinations|1314058|sample|5|nan|2944,1,0.0034275,0.442329,0.46671,26.0565,0.0757127,7.58152e-05,1,0.00343316,0.442329,0.472997,27.2714,0.0716568,7.61334e-05,True,PGDM1400|2944,1314058
130_bNAb_Combinations|1314058|sample|6|nan|2944,1,0.0034275,0.442329,0.46671,30.8503,0.0757127,7.58152e-05,1,0.00343316,0.442329,0.472997,31.546,0.0716568,7.61334e-05,True,PGDM1400|2944,1314058
130_bNAb_Combinations|1314058|sample|7|nan|2944,1,0.00203205,0.631432,1.37266,13.1142,0.0757127,7.58152e-05,1,0.00202582,0.631432,1.40153,12.8824,0.0716568,7.61334e-05,True,PGT121|2944,1314058
130_bNAb_Combinations|1314058|sample|8|nan|2944,1,0.00203205,0.631432,1.37266,11.5168,0.0757127,7.58152e-05,1,0.00202582,0.631432,1.40153,11.806,0.0716568,7.61334e-05,True,PGT121|2944,1314058
130_bNAb_Combinations|1314058|sample|9|nan|2944,1,0.00203205,0.631432,1.37266,13.6373,0.0757127,7.58152e-05,1,0.00202582,0.631432,1.40153,13.5611,0.0716568,7.61334e-05,True,PGT121|2944,1314058
130_bNAb_Combinations|1314058|vc|1|2|nan|2944,1,0.00342659,1.08738,0.466741,-0.361812,0.0757127,7.58152e-05,1,0.00343224,1.08738,0.473028,4.21556e-07,0.0716568,7.61334e-05,False,nan|2944,1314058
130_bNAb_Combinations|1314058|vc|2|2|nan|2944,1,0.00342659,1.08738,0.466741,-0.59058,0.0757127,7.58152e-05,1,0.00343224,1.08738,0.473028,1.3276e-07,0.0716568,7.61334e-05,False,nan|2944,1314058
130_bNAb_Combinations|1314058|vc|3|2|nan|2944,1,0.00342659,1.08738,0.466741,0.753482,0.0757127,7.58152e-05,1,0.00343224,1.08738,0.473028,-6.29899e-07,0.0716568,7.61334e-05,False,nan|2944,1314058
130_bNAb_Combinations|1314058|vc|4|2|nan|2944,1,0.00342659,1.08738,0.466741,0.0483852,0.0757127,7.58152e-05,1,0.00343224,1.08738,0.473028,3.53023e-07,0.0716568,7.61334e-05,False,nan|2944,1314058
130_bNAb_Combinations|1314058|vc|5|2|nan|2944,1,0.00342659,1.08738,0.466741,0.219445,0.0757127,7.58152e-05,1,0.00343224,1.08738,0.473028,-2.32103e-07,0.0716568,7.61334e-05,False,nan|2944,1314058
130_bNAb_Combinations|1314058|vc|6|2|nan|2944,1,0.00342659,1.08738,0.466741,-0.604137,0.0757127,7.58152e-05,1,0.00343224,1.08738,0.473028,1.87272e-08,0.0716568,7.61334e-05,False,nan|2944,1314058
130_bNAb_Combinations|1314058|vc|7|2|nan|2944,1,0.00342659,1.08738,0.466741,-0.0293732,0.0757127,7.58152e-05,1,0.00343224,1.08738,0.473028,-1.28463e-07,0.0716568,7.61334e-05,False,nan|2944,1314058
130_bNAb_Combinations|1314058|vc|8|2|nan|2944,1,0.00342659,1.08738,0.466741,0.37638,0.0757127,7.58152e-05,1,0.00343224,1.08738,0.473028,8.34002e-09,0.0716568,7.61334e-05,False,nan|2944,1314058
130_bNAb_Combinations|1342240|cc|1|1|nan|1798,1,0.00342656,1.1673,0.466742,-0.531658,0.168914,7.58162e-05,1,0.00343221,1.1673,0.473029,1.58317e-08,0.16839,7.61344e-05,False,nan|1798,1342240
130_bNAb_Combinations|1342240|cc|2|1|nan|1798,1,0.00342656,1.1673,0.466742,-0.808114,0.168914,7.58162e-05,1,0.00343221,1.1673,0.473029,-3.176e-07,0.16839,7.61344e-05,False,nan|1798,1342240
130_bNAb_Combinations|1342240|cc|3|1|nan|1798,1,0.00342656,1.1673,0.466742,0.467909,0.168914,7.58162e-05,1,0.00343221,1.1673,0.473029,3.61332e-07,0.16839,7.61344e-05,False,nan|1798,1342240
130_bNAb_Combinations|1342240|cc|4|1|nan|1798,1,0.00342656,1.1673,0.466742,0.94648,0.168914,7.58162e-05,1,0.00343221,1.1673,0.473029,-3.41509e-07,0.16839,7.61344e-05,False,nan|1798,1342240
130_bNAb_Combinations|1342240|cc|5|1|nan|1798,1,0.00342656,1.1673,0.466742,0.857779,0.168914,7.58162e-05,1,0.00343221,1.1673,0.473029,-5.76458e-08,0.16839,7.61344e-05,False,nan|1798,1342240
130_bNAb_Combinations|1342240|cc|6|1|nan|1798,1,0.00342656,1.1673,0.466742,1.25574,0.168914,7.58162e-05,1,0.00343221,1.1673,0.473029,8.56808e-09,0.16839,7.61344e-05,False,nan|1798,1342240
130_bNAb_Combinations|1342240|cc|7|1|nan|1798,1,0.00342656,1.1673,0.466742,0.403648,0.168914,7.58162e-05,1,0.00343221,1.1673,0.473029,-7.8067e-08,0.16839,7.61344e-05,False,nan|1798,1342240
130_bNAb_Combinations|1342240|cc|8|1|nan|1798,1,0.00342656,1.1673,0.466742,-0.293745,0.168914,7.58162e-05,1,0.00343221,1.1673,0.473029,-8.31552e-08,0.16839,7.61344e-05,False,nan|1798,1342240
130_bNAb_Combinations|1342240|sample|3|nan|1798,1,0.00342698,1.20432,0.466707,3.73317,0.168914,7.58162e-05,1,0.00343264,1.20432,0.472994,3.75774,0.16839,7.61344e-05,True,VRC07-523LS|1798,1342240
130_bNAb_Combinations|1342240|sample|4|nan|1798,1,0.00342698,1.20432,0.466707,4.00181,0.168914,7.58162e-05,1,0.00343264,1.20432,0.472994,3.89391,0.16839,7.61344e-05,True,VRC07-523LS|1798,1342240
130_bNAb_Combinations|1342240|sample|8|nan|1798,1,0.00342698,1.20432,0.466707,11.4649,0.168914,7.58162e-05,1,0.00343264,1.20432,0.472994,3.95687,0.16839,7.61344e-05,True,VRC07-523LS|1798,1342240
130_bNAb_Combinations|1342240|vc|1|2|nan|1798,1,0.00342656,1.1673,0.466742,-0.862804,0.168914,7.58162e-05,1,0.00343221,1.1673,0.473029,3.86176e-07,0.16839,7.61344e-05,False,nan|1798,1342240
130_bNAb_Combinations|1342240|vc|2|2|nan|1798,1,0.00342656,1.1673,0.466742,-1.53263,0.168914,7.58162e-05,1,0.00343221,1.1673,0.473029,3.65346e-07,0.16839,7.61344e-05,False,nan|1798,1342240
130_bNAb_Combinations|1342240|vc|3|2|nan|1798,1,0.00342656,1.1673,0.466742,0.530497,0.168914,7.58162e-05,1,0.00343221,1.1673,0.473029,2.64925e-07,0.16839,7.61344e-05,False,nan|1798,1342240
130_bNAb_Combinations|1342240|vc|4|2|nan|1798,1,0.00342656,1.1673,0.466742,1.34928,0.168914,7.58162e-05,1,0.00343221,1.1673,0.473029,-4.7691e-07,0.16839,7.61344e-05,False,nan|1798,1342240
130_bNAb_Combinations|1342240|vc|5|2|nan|1798,1,0.00342656,1.1673,0.466742,-0.367817,0.168914,7.58162e-05,1,0.00343221,1.1673,0.473029,-1.44287e-07,0.16839,7.61344e-05,False,nan|1798,1342240
130_bNAb_Combinations|1342240|vc|6|2|nan|1798,1,0.00342656,1.1673,0.466742,-0.406985,0.168914,7.58162e-05,1,0.00343221,1.1673,0.473029,-1.59484e-07,0.16839,7.61344e-05,False,nan|1798,1342240
130_bNAb_Combinations|1342240|vc|7|2|nan|1798,1,0.00342656,1.1673,0.466742,0.809238,0.168914,7.58162e-05,1,0.00343221,1.1673,0.473029,4.84436e-07,0.16839,7.61344e-05,False,nan|1798,1342240
130_bNAb_Combinations|1342240|vc|8|2|nan|1798,1,0.00342656,1.1673,0.466742,-0.49085,0.168914,7.58162e-05,1,0.00343221,1.1673,0.473029,3.27687e-07,0.16839,7.61344e-05,False,nan|1798,1342240
130_bNAb_Combinations|1342258|cc|1|1|TRO.11|8301,1,0.00342662,1.94435,0.466733,-1.00482,0.168857,7.58299e-05,1,0.00343226,1.94435,0.47302,3.77182e-07,0.168333,7.61481e-05,False,nan|TRO.11,1342258
130_bNAb_Combinations|1342258|cc|2|1|TRO.11|8301,1,0.00342662,1.94435,0.466733,2.17737,0.168857,7.58299e-05,1,0.00343226,1.94435,0.47302,3.44642e-07,0.168333,7.61481e-05,False,nan|TRO.11,1342258
130_bNAb_Combinations|1342258|cc|3|1|TRO.11|8301,1,0.00342662,1.94435,0.466733,-0.498071,0.168857,7.58299e-05,1,0.00343226,1.94435,0.47302,-6.13009e-07,0.168333,7.61481e-05,False,nan|TRO.11,1342258
130_bNAb_Combinations|1342258|cc|4|1|TRO.11|8301,1,0.00342662,1.94435,0.466733,0.790265,0.168857,7.58299e-05,1,0.00343226,1.94435,0.47302,6.94632e-07,0.168333,7.61481e-05,False,nan|TRO.11,1342258
130_bNAb_Combinations|1342258|cc|5|1|TRO.11|8301,1,0.00342662,1.94435,0.466733,1.61687,0.168857,7.58299e-05,1,0.00343226,1.94435,0.47302,1.11384e-07,0.168333,7.61481e-05,False,nan|TRO.11,1342258
130_bNAb_Combinations|1342258|cc|6|1|TRO.11|8301,1,0.00342662,1.94435,0.466733,-1.27357,0.168857,7.58299e-05,1,0.00343226,1.94435,0.47302,4.58799e-07,0.168333,7.61481e-05,False,nan|TRO.11,1342258
130_bNAb_Combinations|1342258|cc|7|1|TRO.11|8301,1,0.00342662,1.94435,0.466733,-0.50011,0.168857,7.58299e-05,1,0.00343226,1.94435,0.47302,4.79581e-07,0.168333,7.61481e-05,False,nan|TRO.11,1342258
130_bNAb_Combinations|1342258|cc|8|1|TRO.11|8301,1,0.00342662,1.94435,0.466733,-0.0475401,0.168857,7.58299e-05,1,0.00343226,1.94435,0.47302,-2.47369e-07,0.168333,7.61481e-05,False,nan|TRO.11,1342258
130_bNAb_Combinations|1342258|sample|3|TRO.11|8301,1,0.00342723,0.931557,0.466755,10.6927,0.168857,7.58299e-05,1,0.00343289,0.931557,0.473042,10.8309,0.168333,7.61481e-05,True,VRC07-523LS|TRO.11,1342258
130_bNAb_Combinations|1342258|sample|4|TRO.11|8301,1,0.00342723,0.931557,0.466755,9.97705,0.168857,7.58299e-05,1,0.00343289,0.931557,0.473042,10.0113,0.168333,7.61481e-05,True,VRC07-523LS|TRO.11,1342258
130_bNAb_Combinations|1342258|vc|1|2|TRO.11|8301,1,0.00342662,1.94435,0.466733,0.323428,0.168857,7.58299e-05,1,0.00343226,1.94435,0.47302,2.40722e-07,0.168333,7.61481e-05,False,nan|TRO.11,1342258
130_bNAb_Combinations|1342258|vc|2|2|TRO.11|8301,1,0.00342662,1.94435,0.466733,0.340322,0.168857,7.58299e-05,1,0.00343226,1.94435,0.47302,1.74442e-07,0.168333,7.61481e-05,False,nan|TRO.11,1342258
130_bNAb_Combinations|1342258|vc|3|2|TRO.11|8301,1,0.00342662,1.94435,0.466733,-0.126181,0.168857,7.58299e-05,1,0.00343226,1.94435,0.47302,-1.14021e-07,0.168333,7.61481e-05,False,nan|TRO.11,1342258
130_bNAb_Combinations|1342258|vc|4|2|TRO.11|8301,1,0.00342662,1.94435,0.466733,1.58762,0.168857,7.58299e-05,1,0.00343226,1.94435,0.47302,-2.53212e-07,0.168333,7.61481e-05,False,nan|TRO.11,1342258
130_bNAb_Combinations|1342258|vc|5|2|TRO.11|8301,1,0.00342662,1.94435,0.466733,-0.373684,0.168857,7.58299e-05,1,0.00343226,1.94435,0.47302,3.05124e-07,0.168333,7.61481e-05,False,nan|TRO.11,1342258
130_bNAb_Combinations|1342258|vc|6|2|TRO.11|8301,1,0.00342662,1.94435,0.466733,1.61587,0.168857,7.58299e-05,1,0.00343226,1.94435,0.47302,-2.68711e-07,0.168333,7.61481e-05,False,nan|TRO.11,1342258
130_bNAb_Combinations|1342258|vc|7|2|TRO.11|8301,1,0.00342662,1.94435,0.466733,-0.270077,0.168857,7.58299e-05,1,0.00343226,1.94435,0.47302,-3.34913e-07,0.168333,7.61481e-05,False,nan|TRO.11,1342258
130_bNAb_Combinations|1342258|vc|8|2|TRO.11|8301,1,0.00342662,1.94435,0.466733,-0.262589,0.168857,7.58299e-05,1,0.00343226,1.94435,0.47302,-2.46185e-07,0.168333,7.61481e-05,False,nan|TRO.11,1342258
130_bNAb_Combinations|1342276|cc|1|1|Ce1176_A3|7023,1,0.0034266,0.544071,0.466753,-1.13694,0.16883,7.58156e-05,1,0.00343225,0.544071,0.47304,1.8225e-07,0.168306,7.61339e-05,False,nan|Ce1176_A3,1342276
130_bNAb_Combinations|1342276|cc|2|1|Ce1176_A3|7023,1,0.0034266,0.544071,0.466753,0.284255,0.16883,7.58156e-05,1,0.00343225,0.544071,0.47304,-7.64622e-07,0.168306,7.61339e-05,False,nan|Ce1176_A3,1342276
130_bNAb_Combinations|1342276|cc|3|1|Ce1176_A3|7023,1,0.0034266,0.544071,0.466753,-0.787081,0.16883,7.58156e-05,1,0.00343225,0.544071,0.47304,8.5058e-07,0.168306,7.61339e-05,False,nan|Ce1176_A3,1342276
130_bNAb_Combinations|1342276|cc|4|1|Ce1176_A3|7023,1,0.0034266,0.544071,0.466753,0.587984,0.16883,7.58156e-05,1,0.00343225,0.544071,0.47304,1.46792e-07,0.168306,7.61339e-05,False,nan|Ce1176_A3,1342276
130_bNAb_Combinations|1342276|cc|5|1|Ce1176_A3|7023,1,0.0034266,0.544071,0.466753,1.32937,0.16883,7.58156e-05,1,0.00343225,0.544071,0.47304,6.94645e-07,0.168306,7.61339e-05,False,nan|Ce1176_A3,1342276
130_bNAb_Combinations|1342276|cc|6|1|Ce1176_A3|7023,1,0.0034266,0.544071,0.466753,-0.310942,0.16883,7.58156e-05,1,0.00343225,0.544071,0.47304,-4.32222e-07,0.168306,7.61339e-05,False,nan|Ce1176_A3,1342276
130_bNAb_Combinations|1342276|cc|7|1|Ce1176_A3|7023,1,0.0034266,0.544071,0.466753,0.535485,0.16883,7.58156e-05,1,0.00343225,0.544071,0.47304,-3.00222e-07,0.168306,7.61339e-05,False,nan|Ce1176_A3,1342276
130_bNAb_Combinations|1342276|cc|8|1|Ce1176_A3|7023,1,0.0034266,0.544071,0.466753,0.26749,0.16883,7.58156e-05,1,0.00343225,0.544071,0.47304,-1.80111e-07,0.168306,7.61339e-05,False,nan|Ce1176_A3,1342276
130_bNAb_Combinations|1342276|sample|3|Ce1176_A3|7023,1,0.0034268,1.06586,0.46675,4.74061,0.16883,7.58156e-05,1,0.00343246,1.06586,0.473037,4.8189,0.168306,7.61339e-05,True,VRC07-523LS|Ce1176_A3,1342276
130_bNAb_Combinations|1342276|sample|4|Ce1176_A3|7023,1,0.0034268,1.06586,0.46675,4.56439,0.16883,7.58156e-05,1,0.00343246,1.06586,0.473037,4.41549,0.168306,7.61339e-05,True,VRC07-523LS|Ce1176_A3,1342276
130_bNAb_Combinations|1342276|vc|1|2|Ce1176_A3|7023,1,0.0034266,0.544071,0.466753,-1.76026,0.16883,7.58156e-05,1,0.00343225,0.544071,0.47304,-4.80431e-08,0.168306,7.61339e-05,False,nan|Ce1176_A3,1342276
130_bNAb_Combinations|1342276|vc|2|2|Ce1176_A3|7023,1,0.0034266,0.544071,0.466753,0.53029,0.16883,7.58156e-05,1,0.00343225,0.544071,0.47304,-4.08731e-07,0.168306,7.61339e-05,False,nan|Ce1176_A3,1342276
130_bNAb_Combinations|1342276|vc|3|2|Ce1176_A3|7023,1,0.0034266,0.544071,0.466753,0.262512,0.16883,7.58156e-05,1,0.00343225,0.544071,0.47304,2.51685e-07,0.168306,7.61339e-05,False,nan|Ce1176_A3,1342276
130_bNAb_Combinations|1342276|vc|4|2|Ce1176_A3|7023,1,0.0034266,0.544071,0.466753,-0.757847,0.16883,7.58156e-05,1,0.00343225,0.544071,0.47304,4.55577e-07,0.168306,7.61339e-05,False,nan|Ce1176_A3,1342276
130_bNAb_Combinations|1342276|vc|5|2|Ce1176_A3|7023,1,0.0034266,0.544071,0.466753,-1.96382,0.16883,7.58156e-05,1,0.00343225,0.544071,0.47304,-3.6333e-07,0.168306,7.61339e-05,False,nan|Ce1176_A3,1342276
130_bNAb_Combinations|1342276|vc|6|2|Ce1176_A3|7023,1,0.0034266,0.544071,0.466753,0.907294,0.16883,7.58156e-05,1,0.00343225,0.544071,0.47304,-2.27792e-07,0.168306,7.61339e-05,False,nan|Ce1176_A3,1342276
130_bNAb_Combinations|1342276|vc|7|2|Ce1176_A3|7023,1,0.0034266,0.544071,0.466753,-0.549922,0.16883,7.58156e-05,1,0.00343225,0.544071,0.47304,3.65794e-07,0.168306,7.61339e-05,False,nan|Ce1176_A3,1342276
130_bNAb_Combinations|1342276|vc|8|2|Ce1176_A3|7023,1,0.0034266,0.544071,0.466753,0.450707,0.16883,7.58156e-05,1,0.00343225,0.544071,0.47304,-3.72914e-07,0.168306,7.61339e-05,False,nan|Ce1176_A3,1342276
130_bNAb_Combinations|1342294|cc|1|1|nan|1176,1,0.00342653,1.16877,0.466723,0.798977,0.168857,7.58152e-05,1,0.00343219,1.16877,0.47301,-6.73224e-12,0.168333,7.61334e-05,False,nan|1176,1342294
130_bNAb_Combinations|1342294|cc|2|1|nan|1176,1,0.00342653,1.16877,0.466723,0.40654,0.168857,7.58152e-05,1,0.00343219,1.16877,0.47301,-4.61647e-07,0.168333,7.61334e-05,False,nan|1176,1342294
130_bNAb_Combinations|1342294|cc|3|1|nan|1176,1,0.00342653,1.16877,0.466723,-0.572259,0.168857,7.58152e-05,1,0.00343219,1.16877,0.47301,3.86911e-07,0.168333,7.61334e-05,False,nan|1176,1342294
130_bNAb_Combinations|1342294|cc|4|1|nan|1176,1,0.00342653,1.16877,0.466723,0.0491695,0.168857,7.58152e-05,1,0.00343219,1.16877,0.47301,1.82973e-07,0.168333,7.61334e-05,False,nan|1176,1342294
130_bNAb_Combinations|1342294|cc|5|1|nan|1176,1,0.00342653,1.16877,0.466723,-0.420288,0.168857,7.58152e-05,1,0.00343219,1.16877,0.47301,-6.465e-07,0.168333,7.61334e-05,False,nan|1176,1342294
130_bNAb_Combinations|1342294|cc|6|1|nan|1176,1,0.00342653,1.16877,0.466723,-0.146094,0.168857,7.58152e-05,1,0.00343219,1.16877,0.47301,-6.10572e-07,0.168333,7.61334e-05,False,nan|1176,1342294
130_bNAb_Combinations|1342294|cc|7|1|nan|1176,1,0.00342653,1.16877,0.466723,-0.794926,0.168857,7.58152e-05,1,0.00343219,1.16877,0.47301,-1.84807e-07,0.168333,7.61334e-05,False,nan|1176,1342294
130_bNAb_Combinations|1342294|cc|8|1|nan|1176,1,0.00342653,1.16877,0.466723,0.0277228,0.168857,7.58152e-05,1,0.00343219,1.16877,0.47301,4.51032e-07,0.168333,7.61334e-05,False,nan|1176,1342294
130_bNAb_Combinations|1342294|sample|3|nan|1176,1,0.00623761,0.727018,0.467121,11.8462,0.168857,7.58152e-05,1,0.00633691,0.727018,0.473422,11.9886,0.168333,7.61334e-05,True,VRC07-523LS|1176,1342294
130_bNAb_Combinations|1342294|sample|4|nan|1176,1,0.00623761,0.727018,0.467121,11.1513,0.168857,7.58152e-05,1,0.00633691,0.727018,0.473422,11.0867,0.168333,7.61334e-05,True,VRC07-523LS|1176,1342294
130_bNAb_Combinations|1342294|sample|8|nan|1176,1,0.00623761,0.727018,0.467121,12.5266,0.168857,7.58152e-05,1,0.00633691,0.727018,0.473422,3.31999,0.168333,7.61334e-05,True,VRC07-523LS|1176,1342294
130_bNAb_Combinations|1342294|vc|1|2|nan|1176,1,0.00342653,1.16877,0.466723,0.493144,0.168857,7.58152e-05,1,0.00343219,1.16877,0.47301,1.51823e-07,0.168333,7.61334e-05,False,nan|1176,1342294
130_bNAb_Combinations|1342294|vc|2|2|nan|1176,1,0.00342653,1.16877,0.466723,1.45698,0.168857,7.58152e-05,1,0.00343219,1.16877,0.47301,2.40775e-07,0.168333,7.61334e-05,False,nan|1176,1342294
130_bNAb_Combinations|1342294|vc|3|2|nan|1176,1,0.00342653,1.16877,0.466723,0.251052,0.168857,7.58152e-05,1,0.00343219,1.16877,0.47301,2.96394e-07,0.168333,7.61334e-05,False,nan|1176,1342294
130_bNAb_Combinations|1342294|vc|4|2|nan|1176,1,0.00342653,1.16877,0.466723,-0.433915,0.168857,7.58152e-05,1,0.00343219,1.16877,0.47301,7.98274e-07,0.168333,7.61334e-05,False,nan|1176,1342294
130_bNAb_Combinations|1342294|vc|5|2|nan|1176,1,0.00342653,1.16877,0.466723,1.01872,0.168857,7.58152e-05,1,0.00343219,1.16877,0.47301,7.95092e-08,0.168333,7.61334e-05,False,nan|1176,1342294
130_bNAb_Combinations|1342294|vc|6|2|nan|1176,1,0.00342653,1.16877,0.466723,-0.659008,0.168857,7.58152e-05,1,0.00343219,1.16877,0.47301,-3.19486e-07,0.168333,7.61334e-05,False,nan|1176,1342294
130_bNAb_Combinations|1342294|vc|7|2|nan|1176,1,0.00342653,1.16877,0.466723,-0.895173,0.168857,7.58152e-05,1,0.00343219,1.16877,0.47301,6.29104e-07,0.168333,7.61334e-05,False,nan|1176,1342294
130_bNAb_Combinations|1342294|vc|8|2|nan|1176,1,0.00342653,1.16877,0.466723,-1.44883,0.168857,7.58152e-05,1,0.00343219,1.16877,0.47301,3.67836e-07,0.168333,7.61334e-05,False,nan|1176,1342294
130_bNAb_Combinations|1342312|cc|1|1|RHPA4259.7|5371,1,0.0034266,2.05693,0.466745,-0.636286,0.168864,7.58153e-05,1,0.00343225,2.05693,0.473032,3.46728e-07,0.16834,7.61335e-05,False,nan|RHPA4259.7,1342312
130_bNAb_Combinations|1342312|cc|2|1|RHPA4259.7|5371,1,0.0034266,2.05693,0.466745,-0.966874,0.168864,7.58153e-05,1,0.00343225,2.05693,0.473032,8.52694e-07,0.16834,7.61335e-05,False,nan|RHPA4259.7,1342312
130_bNAb_Combinations|1342312|cc|3|1|RHPA4259.7|5371,1,0.0034266,2.05693,0.466745,-1.6129,0.168864,7.58153e-05,1,0.00343225,2.05693,0.473032,3.79717e-07,0.16834,7.61335e-05,False,nan|RHPA4259.7,1342312
130_bNAb_Combinations|1342312|cc|4|1|RHPA4259.7|5371,1,0.0034266,2.05693,0.466745,-0.594037,0.168864,7.58153e-05,1,0.00343225,2.05693,0.473032,1.68329e-07,0.16834,7.61335e-05,False,nan|RHPA4259.7,1342312
130_bNAb_Combinations|1342312|cc|5|1|RHPA4259.7|5371,1,0.0034266,2.05693,0.466745,1.45963,0.168864,7.58153e-05,1,0.00343225,2.05693,0.473032,-2.29072e-07,0.16834,7.61335e-05,False,nan|RHPA4259.7,1342312
130_bNAb_Combinations|1342312|cc|6|1|RHPA4259.7|5371,1,0.0034266,2.05693,0.466745,0.858985,0.168864,7.58153e-05,1,0.00343225,2.05693,0.473032,-1.99126e-07,0.16834,7.61335e-05,False,nan|RHPA4259.7,1342312
130_bNAb_Combinations|1342312|cc|7|1|RHPA4259.7|5371,1,0.0034266,2.05693,0.466745,-1.51116,0.168864,7.58153e-05,1,0.00343225,2.05693,0.473032,-8.19124e-07,0.16834,7.61335e-05,False,nan|RHPA4259.7,1342312
130_bNAb_Combinations|1342312|cc|8|1|RHPA4259.7|5371,1,0.0034266,2.05693,0.466745,0.059153,0.168864,7.58153e-05,1,0.00343225,2.05693,0.473032,-1.21298e-07,0.16834,7.61335e-05,False,nan|RHPA4259.7,1342312
130_bNAb_Combinations|1342312|sample|3|RHPA4259.7|5371,1,0.00342752,0.617685,0.466455,12.9226,0.168864,7.58153e-05,1,0.00343318,0.617685,0.472736,12.6049,0.16834,7.61335e-05,True,VRC07-523LS|RHPA4259.7,1342312
130_bNAb_Combinations|1342312|sample|4|RHPA4259.7|5371,1,0.00342752,0.617685,0.466455,12.6899,0.168864,7.58153e-05,1,0.00343318,0.617685,0.472736,12.9384,0.16834,7.61335e-05,True,VRC07-523LS|RHPA4259.7,1342312
130_bNAb_Combinations|1342312|vc|1|2|RHPA4259.7|5371,1,0.0034266,2.05693,0.466745,-0.449129,0.168864,7.58153e-05,1,0.00343225,2.05693,0.473032,-2.41452e-07,0.16834,7.61335e-05,False,nan|RHPA4259.7,1342312
130_bNAb_Combinations|1342312|vc|2|2|RHPA4259.7|5371,1,0.0034266,2.05693,0.466745,-1.58899,0.168864,7.58153e-05,1,0.00343225,2.05693,0.473032,5.86247e-07,0.16834,7.61335e-05,False,nan|RHPA4259.7,1342312
130_bNAb_Combinations|1342312|vc|3|2|RHPA4259.7|5371,1,0.0034266,2.05693,0.466745,1.57389,0.168864,7.58153e-05,1,0.00343225,2.05693,0.473032,4.1139e-07,0.16834,7.61335e-05,False,nan|RHPA4259.7,1342312
130_bNAb_Combinations|1342312|vc|4|2|RHPA4259.7|5371,1,0.0034266,2.05693,0.466745,-0.213012,0.168864,7.58153e-05,1,0.00343225,2.05693,0.473032,1.02281e-07,0.16834,7.61335e-05,False,nan|RHPA4259.7,1342312
130_bNAb_Combinations|1342312|vc|5|2|RHPA4259.7|5371,1,0.0034266,2.05693,0.466745,-0.418683,0.168864,7.58153e-05,1,0.00343225,2.05693,0.473032,2.3766e-07,0.16834,7.61335e-05,False,nan|RHPA4259.7,1342312
130_bNAb_Combinations|1342312|vc|6|2|RHPA4259.7|5371,1,0.0034266,2.05693,0.466745,-0.777703,0.168864,7.58153e-05,1,0.00343225,2.05693,0.473032,6.0734e-07,0.16834,7.61335e-05,False,nan|RHPA4259.7,1342312
130_bNAb_Combinations|1342312|vc|7|2|RHPA4259.7|5371,1,0.0034266,2.05693,0.466745,-0.00464499,0.168864,7.58153e-05,1,0.00343225,2.05693,0.473032,-5.54255e-07,0.16834,7.61335e-05,False,nan|RHPA4259.7,1342312
130_bNAb_Combinations|1342312|vc|8|2|RHPA4259.7|5371,1,0.0034266,2.05693,0.466745,-0.857662,0.168864,7.58153e-05,1,0.00343225,2.05693,0.473032,-1.91522e-07,0.16834,7.61335e-05,False,nan|RHPA4259.7,1342312
130_bNAb_Combinations|1342336|cc|1|1|nan|3430,1,0.00342652,1.76702,0.466735,1.53932,0.168818,7.58148e-05,1,0.00343217,1.76702,0.473022,-7.80125e-07,0.168294,7.6133e-05,False,nan|3430,1342336
130_bNAb_Combinations|1342336|cc|2|1|nan|3430,1,0.00342652,1.76702,0.466735,1.07374,0.168818,7.58148e-05,1,0.00343217,1.76702,0.473022,-5.81413e-07,0.168294,7.6133e-05,False,nan|3430,1342336
130_bNAb_Combinations|1342336|cc|3|1|nan|3430,1,0.00342652,1.76702,0.466735,-0.0181715,0.168818,7.58148e-05,1,0.00343217,1.76702,0.473022,-8.63104e-08,0.168294,7.6133e-05,False,nan|3430,1342336
130_bNAb_Combinations|1342336|cc|4|1|nan|3430,1,0.00342652,1.76702,0.466735,-0.267947,0.168818,7.58148e-05,1,0.00343217,1.76702,0.473022,1.40323e-07,0.168294,7.6133e-05,False,nan|3430,1342336
130_bNAb_Combinations|1342336|cc|5|1|nan|3430,1,0.00342652,1.76702,0.466735,0.686038,0.168818,7.58148e-05,1,0.00343217,1.76702,0.473022,-2.81026e-07,0.168294,7.6133e-05,False,nan|3430,1342336
130_bNAb_Combinations|1342336|cc|6|1|nan|3430,1,0.00342652,1.76702,0.466735,-0.693496,0.168818,7.58148e-05,1,0.00343217,1.76702,0.473022,6.9368e-07,0.168294,7.6133e-05,False,nan|3430,1342336
130_bNAb_Combinations|1342336|cc|7|1|nan|3430,1,0.00342652,1.76702,0.466735,-0.0102156,0.168818,7.58148e-05,1,0.00343217,1.76702,0.473022,2.93518e-07,0.168294,7.6133e-05,False,nan|3430,1342336
130_bNAb_Combinations|1342336|cc|8|1|nan|3430,1,0.00342652,1.76702,0.466735,0.168084,0.168818,7.58148e-05,1,0.00343217,1.76702,0.473022,4.96542e-07,0.168294,7.6133e-05,False,nan|3430,1342336
130_bNAb_Combinations|1342336|sample|3|nan|3430,1,0.0034274,0.736614,0.466745,13.7311,0.168818,7.58148e-05,1,0.00343306,0.736614,0.473032,13.7693,0.168294,7.6133e-05,True,VRC07-523LS|3430,1342336
130_bNAb_Combinations|1342336|sample|4|nan|3430,1,0.0034274,0.736614,0.466745,13.2554,0.168818,7.58148e-05,1,0.00343306,0.736614,0.473032,13.4486,0.168294,7.6133e-05,True,VRC07-523LS|3430,1342336
130_bNAb_Combinations|1342336|sample|5|nan|3430,1,0.0034274,0.736614,0.466745,14.7799,0.168818,7.58148e-05,1,0.00343306,0.736614,0.473032,9.1508,0.168294,7.6133e-05,True,VRC07-523LS|3430,1342336
130_bNAb_Combinations|1342336|vc|1|2|nan|3430,1,0.00342652,1.76702,0.466735,0.562422,0.168818,7.58148e-05,1,0.00343217,1.76702,0.473022,2.28271e-07,0.168294,7.6133e-05,False,nan|3430,1342336
130_bNAb_Combinations|1342336|vc|2|2|nan|3430,1,0.00342652,1.76702,0.466735,-0.601535,0.168818,7.58148e-05,1,0.00343217,1.76702,0.473022,3.76202e-07,0.168294,7.6133e-05,False,nan|3430,1342336
130_bNAb_Combinations|1342336|vc|3|2|nan|3430,1,0.00342652,1.76702,0.466735,0.964095,0.168818,7.58148e-05,1,0.00343217,1.76702,0.473022,1.82115e-07,0.168294,7.6133e-05,False,nan|3430,1342336
130_bNAb_Combinations|1342336|vc|4|2|nan|3430,1,0.00342652,1.76702,0.466735,-0.206527,0.168818,7.58148e-05,1,0.00343217,1.76702,0.473022,4.22486e-07,0.168294,7.6133e-05,False,nan|3430,1342336
130_bNAb_Combinations|1342336|vc|5|2|nan|3430,1,0.00342652,1.76702,0.466735,-0.672779,0.168818,7.58148e-05,1,0.00343217,1.76702,0.473022,-3.62624e-07,0.168294,7.6133e-05,False,nan|3430,1342336
130_bNAb_Combinations|1342336|vc|6|2|nan|3430,1,0.00342652,1.76702,0.466735,0.691725,0.168818,7.58148e-05,1,0.00343217,1.76702,0.473022,6.66738e-08,0.168294,7.6133e-05,False,nan|3430,1342336
130_bNAb_Combinations|1342336|vc|7|2|nan|3430,1,0.00342652,1.76702,0.466735,-0.506902,0.168818,7.58148e-05,1,0.00343217,1.76702,0.473022,1.92996e-07,0.168294,7.6133e-05,False,nan|3430,1342336
130_bNAb_Combinations|1342336|vc|8|2|nan|3430,1,0.00342652,1.76702,0.466735,1.06285,0.168818,7.58148e-05,1,0.00343217,1.76702,0.473022,2.37287e-07,0.168294,7.6133e-05,False,nan|3430,1342336
130_bNAb_Combinations|1342348|cc|1|1|nan|4166,1,0.0034266,1.57232,0.466759,0.146708,0.168772,7.58151e-05,1,0.00343225,1.57232,0.473046,5.94275e-07,0.168247,7.61333e-05,False,nan|4166,1342348
130_bNAb_Combinations|1342348|cc|2|1|nan|4166,1,0.0034266,1.57232,0.466759,-0.470274,0.168772,7.58151e-05,1,0.00343225,1.57232,0.473046,-5.26869e-07,0.168247,7.61333e-05,False,nan|4166,1342348
130_bNAb_Combinations|1342348|cc|3|1|nan|4166,1,0.0034266,1.57232,0.466759,-1.2209,0.168772,7.58151e-05,1,0.00343225,1.57232,0.473046,-1.14804e-06,0.168247,7.61333e-05,False,nan|4166,1342348
130_bNAb_Combinations|1342348|cc|4|1|nan|4166,1,0.0034266,1.57232,0.466759,1.16642,0.168772,7.58151e-05,1,0.00343225,1.57232,0.473046,2.24203e-07,0.168247,7.61333e-05,False,nan|4166,1342348
130_bNAb_Combinations|1342348|cc|5|1|nan|4166,1,0.0034266,1.57232,0.466759,-0.496878,0.168772,7.58151e-05,1,0.00343225,1.57232,0.473046,-4.28123e-07,0.168247,7.61333e-05,False,nan|4166,1342348
130_bNAb_Combinations|1342348|cc|6|1|nan|4166,1,0.0034266,1.57232,0.466759,-0.247956,0.168772,7.58151e-05,1,0.00343225,1.57232,0.473046,-1.13081e-07,0.168247,7.61333e-05,False,nan|4166,1342348
130_bNAb_Combinations|1342348|cc|7|1|nan|4166,1,0.0034266,1.57232,0.466759,-0.900622,0.168772,7.58151e-05,1,0.00343225,1.57232,0.473046,-2.46047e-07,0.168247,7.61333e-05,False,nan|4166,1342348
130_bNAb_Combinations|1342348|cc|8|1|nan|4166,1,0.0034266,1.57232,0.466759,0.915486,0.168772,7.58151e-05,1,0.00343225,1.57232,0.473046,-5.16896e-07,0.168247,7.61333e-05,False,nan|4166,1342348
130_bNAb_Combinations|1342348|sample|3|nan|4166,1,0.00342746,0.673191,0.466778,17.9833,0.168772,7.58151e-05,1,0.00343312,0.673191,0.473066,17.9117,0.168247,7.61333e-05,True,VRC07-523LS|4166,1342348
130_bNAb_Combinations|1342348|sample|4|nan|4166,1,0.00342746,0.673191,0.466778,18.6844,0.168772,7.58151e-05,1,0.00343312,0.673191,0.473066,18.7992,0.168247,7.61333e-05,True,VRC07-523LS|4166,1342348
130_bNAb_Combinations|1342348|vc|1|2|nan|4166,1,0.0034266,1.57232,0.466759,-0.401035,0.168772,7.58151e-05,1,0.00343225,1.57232,0.473046,-8.0938e-08,0.168247,7.61333e-05,False,nan|4166,1342348
130_bNAb_Combinations|1342348|vc|2|2|nan|4166,1,0.0034266,1.57232,0.466759,0.173417,0.168772,7.58151e-05,1,0.00343225,1.57232,0.473046,2.7797e-07,0.168247,7.61333e-05,False,nan|4166,1342348
130_bNAb_Combinations|1342348|vc|3|2|nan|4166,1,0.0034266,1.57232,0.466759,0.283918,0.168772,7.58151e-05,1,0.00343225,1.57232,0.473046,-3.27159e-07,0.168247,7.61333e-05,False,nan|4166,1342348
130_bNAb_Combinations|1342348|vc|4|2|nan|4166,1,0.0034266,1.57232,0.466759,-0.752599,0.168772,7.58151e-05,1,0.00343225,1.57232,0.473046,-5.29228e-08,0.168247,7.61333e-05,False,nan|4166,1342348
130_bNAb_Combinations|1342348|vc|5|2|nan|4166,1,0.0034266,1.57232,0.466759,-0.637743,0.168772,7.58151e-05,1,0.00343225,1.57232,0.473046,-4.84407e-07,0.168247,7.61333e-05,False,nan|4166,1342348
130_bNAb_Combinations|1342348|vc|6|2|nan|4166,1,0.0034266,1.57232,0.466759,-0.0386047,0.168772,7.58151e-05,1,0.00343225,1.57232,0.473046,5.31217e-07,0.168247,7.61333e-05,False,nan|4166,1342348
130_bNAb_Combinations|1342348|vc|7|2|nan|4166,1,0.0034266,1.57232,0.466759,-2.02021,0.168772,7.58151e-05,1,0.00343225,1.57232,0.473046,5.2507e-07,0.168247,7.61333e-05,False,nan|4166,1342348
130_bNAb_Combinations|1342348|vc|8|2|nan|4166,1,0.0034266,1.57232,0.466759,-0.18816,0.168772,7.58151e-05,1,0.00343225,1.57232,0.473046,6.53737e-08,0.168247,7.61333e-05,False,nan|4166,1342348
130_bNAb_Combinations|1342372|cc|1|1|nan|2944,1,0.00342659,1.08738,0.466741,-0.236033,0.168857,7.58175e-05,1,0.00343224,1.08738,0.473028,-9.08861e-07,0.168333,7.61358e-05,False,nan|2944,1342372
130_bNAb_Combinations|1342372|cc|2|1|nan|2944,1,0.00342659,1.08738,0.466741,0.717706,0.168857,7.58175e-05,1,0.00343224,1.08738,0.473028,2.21862e-07,0.168333,7.61358e-05,False,nan|2944,1342372
130_bNAb_Combinations|1342372|cc|3|1|nan|2944,1,0.00342659,1.08738,0.466741,0.141268,0.168857,7.58175e-05,1,0.00343224,1.08738,0.473028,4.48269e-07,0.168333,7.61358e-05,False,nan|2944,1342372
130_bNAb_Combinations|1342372|cc|4|1|nan|2944,1,0.00342659,1.08738,0.466741,-1.36845,0.168857,7.58175e-05,1,0.00343224,1.08738,0.473028,-4.30238e-09,0.168333,7.61358e-05,False,nan|2944,1342372
130_bNAb_Combinations|1342372|cc|5|1|nan|2944,1,0.00342659,1.08738,0.466741,-0.611402,0.168857,7.58175e-05,1,0.00343224,1.08738,0.473028,-2.03928e-07,0.168333,7.61358e-05,False,nan|2944,1342372
130_bNAb_Combinations|1342372|cc|6|1|nan|2944,1,0.00342659,1.08738,0.466741,0.0611701,0.168857,7.58175e-05,1,0.00343224,1.08738,0.473028,3.70995e-07,0.168333,7.61358e-05,False,nan|2944,1342372
130_bNAb_Combinations|1342372|cc|7|1|nan|2944,1,0.00342659,1.08738,0.466741,-0.980306,0.168857,7.58175e-05,1,0.00343224,1.08738,0.473028,4.84545e-07,0.168333,7.61358e-05,False,nan|2944,1342372
130_bNAb_Combinations|1342372|cc|8|1|nan|2944,1,0.00342659,1.08738,0.466741,0.464061,0.168857,7.58175e-05,1,0.00343224,1.08738,0.473028,-4.47194e-07,0.168333,7.61358e-05,False,nan|2944,1342372
130_bNAb_Combinations|1342372|sample|3|nan|2944,1,0.0034274,0.808274,0.466709,10.13,0.168857,7.58175e-05,1,0.00343305,0.808274,0.472996,9.88021,0.168333,7.61358e-05,True,VRC07-523LS|2944,1342372
130_bNAb_Combinations|1342372|sample|4|nan|2944,1,0.0034274,0.808274,0.466709,11.0904,0.168857,7.58175e-05,1,0.00343305,0.808274,0.472996,10.8736,0.168333,7.61358e-05,True,VRC07-523LS|2944,1342372
130_bNAb_Combinations|1342372|vc|1|2|nan|2944,1,0.00342659,1.08738,0.466741,-1.02562,0.168857,7.58175e-05,1,0.00343224,1.08738,0.473028,-4.50761e-07,0.168333,7.61358e-05,False,nan|2944,1342372
130_bNAb_Combinations|1342372|vc|2|2|nan|2944,1,0.00342659,1.08738,0.466741,0.66216,0.168857,7.58175e-05,1,0.00343224,1.08738,0.473028,3.88546e-07,0.168333,7.61358e-05,False,nan|2944,1342372
130_bNAb_Combinations|1342372|vc|3|2|nan|2944,1,0.00342659,1.08738,0.466741,-0.115766,0.168857,7.58175e-05,1,0.00343224,1.08738,0.473028,-2.97226e-07,0.168333,7.61358e-05,False,nan|2944,1342372
130_bNAb_Combinations|1342372|vc|4|2|nan|2944,1,0.00342659,1.08738,0.466741,-0.13475,0.168857,7.58175e-05,1,0.00343224,1.08738,0.473028,1.15702e-07,0.168333,7.61358e-05,False,nan|2944,1342372
130_bNAb_Combinations|1342372|vc|5|2|nan|2944,1,0.00342659,1.08738,0.466741,1.56014,0.168857,7.58175e-05,1,0.00343224,1.08738,0.473028,-1.79805e-07,0.168333,7.61358e-05,False,nan|2944,1342372
130_bNAb_Combinations|1342372|vc|6|2|nan|2944,1,0.00342659,1.08738,0.466741,0.179792,0.168857,7.58175e-05,1,0.00343224,1.08738,0.473028,2.35058e-07,0.168333,7.61358e-05,False,nan|2944,1342372
130_bNAb_Combinations|1342372|vc|7|2|nan|2944,1,0.00342659,1.08738,0.466741,0.911612,0.168857,7.58175e-05,1,0.00343224,1.08738,0.473028,-4.10389e-07,0.168333,7.61358e-05,False,nan|2944,1342372
130_bNAb_Combinations|1342372|vc|8|2|nan|2944,1,0.00342659,1.08738,0.466741,-0.57361,0.168857,7.58175e-05,1,0.00343224,1.08738,0.473028,-6.29033e-08,0.168333,7.61358e-05,False,nan|2944,1342372
130_bNAb_Combinations|1342384|cc|1|1|nan|2946,1,0.00342661,0.906079,0.466745,0.892569,0.168865,7.58155e-05,1,0.00343226,0.906079,0.473032,-2.47458e-07,0.168341,7.61337e-05,False,nan|2946,1342384
130_bNAb_Combinations|1342384|cc|2|1|nan|2946,1,0.00342661,0.906079,0.466745,-0.192055,0.168865,7.58155e-05,1,0.00343226,0.906079,0.473032,-6.21491e-07,0.168341,7.61337e-05,False,nan|2946,1342384
130_bNAb_Combinations|1342384|cc|3|1|nan|2946,1,0.00342661,0.906079,0.466745,2.10886,0.168865,7.58155e-05,1,0.00343226,0.906079,0.473032,-2.99306e-07,0.168341,7.61337e-05,False,nan|2946,1342384
130_bNAb_Combinations|1342384|cc|4|1|nan|2946,1,0.00342661,0.906079,0.466745,1.47014,0.168865,7.58155e-05,1,0.00343226,0.906079,0.473032,1.78863e-07,0.168341,7.61337e-05,False,nan|2946,1342384
130_bNAb_Combinations|1342384|cc|5|1|nan|2946,1,0.00342661,0.906079,0.466745,1.59498,0.168865,7.58155e-05,1,0.00343226,0.906079,0.473032,9.65119e-08,0.168341,7.61337e-05,False,nan|2946,1342384
130_bNAb_Combinations|1342384|cc|6|1|nan|2946,1,0.00342661,0.906079,0.466745,0.840938,0.168865,7.58155e-05,1,0.00343226,0.906079,0.473032,-5.5859e-07,0.168341,7.61337e-05,False,nan|2946,1342384
130_bNAb_Combinations|1342384|cc|7|1|nan|2946,1,0.00342661,0.906079,0.466745,0.449005,0.168865,7.58155e-05,1,0.00343226,0.906079,0.473032,-3.78705e-07,0.168341,7.61337e-05,False,nan|2946,1342384
130_bNAb_Combinations|1342384|cc|8|1|nan|2946,1,0.00342661,0.906079,0.466745,0.336194,0.168865,7.58155e-05,1,0.00343226,0.906079,0.473032,-2.19992e-07,0.168341,7.61337e-05,False,nan|2946,1342384
130_bNAb_Combinations|1342384|sample|3|nan|2946,1,0.00342726,1.54979,0.46673,2.4272,0.168865,7.58155e-05,1,0.00343292,1.54979,0.473017,2.54209,0.168341,7.61337e-05,True,VRC07-523LS|2946,1342384
130_bNAb_Combinations|1342384|sample|4|nan|2946,1,0.00342726,1.54979,0.46673,2.64227,0.168865,7.58155e-05,1,0.00343292,1.54979,0.473017,2.45233,0.168341,7.61337e-05,True,VRC07-523LS|2946,1342384
130_bNAb_Combinations|1342384|vc|1|2|nan|2946,1,0.00342661,0.906079,0.466745,0.36487,0.168865,7.58155e-05,1,0.00343226,0.906079,0.473032,-4.35842e-07,0.168341,7.61337e-05,False,nan|2946,1342384
130_bNAb_Combinations|1342384|vc|2|2|nan|2946,1,0.00342661,0.906079,0.466745,-1.40273,0.168865,7.58155e-05,1,0.00343226,0.906079,0.473032,5.84194e-08,0.168341,7.61337e-05,False,nan|2946,1342384
130_bNAb_Combinations|1342384|vc|3|2|nan|2946,1,0.00342661,0.906079,0.466745,-0.751594,0.168865,7.58155e-05,1,0.00343226,0.906079,0.473032,-6.37009e-07,0.168341,7.61337e-05,False,nan|2946,1342384
130_bNAb_Combinations|1342384|vc|4|2|nan|2946,1,0.00342661,0.906079,0.466745,-0.68257,0.168865,7.58155e-05,1,0.00343226,0.906079,0.473032,-2.19037e-07,0.168341,7.61337e-05,False,nan|2946,1342384
130_bNAb_Combinations|1342384|vc|5|2|nan|2946,1,0.00342661,0.906079,0.466745,-0.00456573,0.168865,7.58155e-05,1,0.00343226,0.906079,0.473032,4.65046e-07,0.168341,7.61337e-05,False,nan|2946,1342384
130_bNAb_Combinations|1342384|vc|6|2|nan|2946,1,0.00342661,0.906079,0.466745,0.528781,0.168865,7.58155e-05,1,0.00343226,0.906079,0.473032,-2.23613e-07,0.168341,7.61337e-05,False,nan|2946,1342384
130_bNAb_Combinations|1342384|vc|7|2|nan|2946,1,0.00342661,0.906079,0.466745,-0.935638,0.168865,7.58155e-05,1,0.00343226,0.906079,0.473032,2.97042e-07,0.168341,7.61337e-05,False,nan|2946,1342384
130_bNAb_Combinations|1342384|vc|8|2|nan|2946,1,0.00342661,0.906079,0.466745,1.49381,0.168865,7.58155e-05,1,0.00343226,0.906079,0.473032,-7.44564e-08,0.168341,7.61337e-05,False,nan|2946,1342384
130_bNAb_Combinations|1342396|cc|1|1|PVO.4|5024,1,0.00342659,1.49386,0.466657,-1.62315,0.168856,7.58157e-05,1,0.00343224,1.49386,0.472944,1.52433e-07,0.168332,7.61339e-05,False,nan|PVO.4,1342396
130_bNAb_Combinations|1342396|cc|2|1|PVO.4|5024,1,0.00342659,1.49386,0.466657,1.13696,0.168856,7.58157e-05,1,0.00343224,1.49386,0.472944,-7.00558e-07,0.168332,7.61339e-05,False,nan|PVO.4,1342396
130_bNAb_Combinations|1342396|cc|3|1|PVO.4|5024,1,0.00342659,1.49386,0.466657,-0.342465,0.168856,7.58157e-05,1,0.00343224,1.49386,0.472944,1.39812e-07,0.168332,7.61339e-05,False,nan|PVO.4,1342396
130_bNAb_Combinations|1342396|cc|4|1|PVO.4|5024,1,0.00342659,1.49386,0.466657,-0.81886,0.168856,7.58157e-05,1,0.00343224,1.49386,0.472944,2.18417e-07,0.168332,7.61339e-05,False,nan|PVO.4,1342396
130_bNAb_Combinations|1342396|cc|5|1|PVO.4|5024,1,0.00342659,1.49386,0.466657,-0.449067,0.168856,7.58157e-05,1,0.00343224,1.49386,0.472944,-3.7946e-07,0.168332,7.61339e-05,False,nan|PVO.4,1342396
130_bNAb_Combinations|1342396|cc|6|1|PVO.4|5024,1,0.00342659,1.49386,0.466657,0.540093,0.168856,7.58157e-05,1,0.00343224,1.49386,0.472944,3.4164e-07,0.168332,7.61339e-05,False,nan|PVO.4,1342396
130_bNAb_Combinations|1342396|cc|7|1|PVO.4|5024,1,0.00342659,1.49386,0.466657,-1.40378,0.168856,7.58157e-05,1,0.00343224,1.49386,0.472944,-1.87869e-07,0.168332,7.61339e-05,False,nan|PVO.4,1342396
130_bNAb_Combinations|1342396|cc|8|1|PVO.4|5024,1,0.00342659,1.49386,0.466657,-0.632118,0.168856,7.58157e-05,1,0.00343224,1.49386,0.472944,1.83705e-07,0.168332,7.61339e-05,False,nan|PVO.4,1342396
130_bNAb_Combinations|1342396|sample|3|PVO.4|5024,1,0.00342741,0.921654,0.466777,9.3516,0.168856,7.58157e-05,1,0.00343306,0.921654,0.473064,9.44513,0.168332,7.61339e-05,True,VRC07-523LS|PVO.4,1342396
130_bNAb_Combinations|1342396|sample|4|PVO.4|5024,1,0.00342741,0.921654,0.466777,8.63391,0.168856,7.58157e-05,1,0.00343306,0.921654,0.473064,8.48894,0.168332,7.61339e-05,True,VRC07-523LS|PVO.4,1342396
130_bNAb_Combinations|1342396|vc|1|2|PVO.4|5024,1,0.00342659,1.49386,0.466657,1.87413,0.168856,7.58157e-05,1,0.00343224,1.49386,0.472944,3.22353e-07,0.168332,7.61339e-05,False,nan|PVO.4,1342396
130_bNAb_Combinations|1342396|vc|2|2|PVO.4|5024,1,0.00342659,1.49386,0.466657,1.50052,0.168856,7.58157e-05,1,0.00343224,1.49386,0.472944,4.68735e-08,0.168332,7.61339e-05,False,nan|PVO.4,1342396
130_bNAb_Combinations|1342396|vc|3|2|PVO.4|5024,1,0.00342659,1.49386,0.466657,-1.00562,0.168856,7.58157e-05,1,0.00343224,1.49386,0.472944,2.8643e-07,0.168332,7.61339e-05,False,nan|PVO.4,1342396
130_bNAb_Combinations|1342396|vc|4|2|PVO.4|5024,1,0.00342659,1.49386,0.466657,0.195312,0.168856,7.58157e-05,1,0.00343224,1.49386,0.472944,-3.20851e-07,0.168332,7.61339e-05,False,nan|PVO.4,1342396
130_bNAb_Combinations|1342396|vc|5|2|PVO.4|5024,1,0.00342659,1.49386,0.466657,0.207337,0.168856,7.58157e-05,1,0.00343224,1.49386,0.472944,4.93596e-07,0.168332,7.61339e-05,False,nan|PVO.4,1342396
130_bNAb_Combinations|1342396|vc|6|2|PVO.4|5024,1,0.00342659,1.49386,0.466657,0.178559,0.168856,7.58157e-05,1,0.00343224,1.49386,0.472944,-2.88777e-07,0.168332,7.61339e-05,False,nan|PVO.4,1342396
130_bNAb_Combinations|1342396|vc|7|2|PVO.4|5024,1,0.00342659,1.49386,0.466657,0.385796,0.168856,7.58157e-05,1,0.00343224,1.49386,0.472944,4.86232e-07,0.168332,7.61339e-05,False,nan|PVO.4,1342396
130_bNAb_Combinations|1342396|vc|8|2|PVO.4|5024,1,0.00342659,1.49386,0.466657,-0.0156043,0.168856,7.58157e-05,1,0.00343224,1.49386,0.472944,3.7354e-07,0.168332,7.61339e-05,False,nan|PVO.4,1342396
130_bNAb_Combinations|1342408|cc|1|1|nan|4168,1,0.00342659,1.07255,0.466746,-0.748686,0.168848,7.58157e-05,1,0.00343224,1.07255,0.473033,-2.57055e-07,0.168324,7.61339e-05,False,nan|4168,1342408
130_bNAb_Combinations|1342408|cc|2|1|nan|4168,1,0.00342659,1.07255,0.466746,0.0351801,0.168848,7.58157e-05,1,0.00343224,1.07255,0.473033,-3.20091e-07,0.168324,7.61339e-05,False,nan|4168,1342408
130_bNAb_Combinations|1342408|cc|3|1|nan|4168,1,0.00342659,1.07255,0.466746,0.467524,0.168848,7.58157e-05,1,0.00343224,1.07255,0.473033,4.5404e-07,0.168324,7.61339e-05,False,nan|4168,1342408
130_bNAb_Combinations|1342408|cc|4|1|nan|4168,1,0.00342659,1.07255,0.466746,0.159042,0.168848,7.58157e-05,1,0.00343224,1.07255,0.473033,8.12683e-08,0.168324,7.61339e-05,False,nan|4168,1342408
130_bNAb_Combinations|1342408|cc|5|1|nan|4168,1,0.00342659,1.07255,0.466746,-0.244655,0.168848,7.58157e-05,1,0.00343224,1.07255,0.473033,-7.99106e-07,0.168324,7.61339e-05,False,nan|4168,1342408
130_bNAb_Combinations|1342408|cc|6|1|nan|4168,1,0.00342659,1.07255,0.466746,1.01867,0.168848,7.58157e-05,1,0.00343224,1.07255,0.473033,1.90003e-07,0.168324,7.61339e-05,False,nan|4168,1342408
130_bNAb_Combinations|1342408|cc|7|1|nan|4168,1,0.00342659,1.07255,0.466746,0.498713,0.168848,7.58157e-05,1,0.00343224,1.07255,0.473033,-2.12724e-07,0.168324,7.61339e-05,False,nan|4168,1342408
130_bNAb_Combinations|1342408|cc|8|1|nan|4168,1,0.00342659,1.07255,0.466746,0.1517,0.168848,7.58157e-05,1,0.00343224,1.07255,0.473033,-1.97991e-07,0.168324,7.61339e-05,False,nan|4168,1342408
130_bNAb_Combinations|1342408|sample|3|nan|4168,1,0.00342738,0.813606,0.466773,4.29808,0.168848,7.58157e-05,1,0.00343304,0.813606,0.47306,4.27977,0.168324,7.61339e-05,True,VRC07-523LS|4168,1342408
130_bNAb_Combinations|1342408|sample|4|nan|4168,1,0.00342738,0.813606,0.466773,3.9551,0.168848,7.58157e-05,1,0.00343304,0.813606,0.47306,3.95567,0.168324,7.61339e-05,True,VRC07-523LS|4168,1342408
130_bNAb_Combinations|1342408|vc|1|2|nan|4168,1,0.00342659,1.07255,0.466746,0.0312551,0.168848,7.58157e-05,1,0.00343224,1.07255,0.473033,-2.38027e-07,0.168324,7.61339e-05,False,nan|4168,1342408
130_bNAb_Combinations|1342408|vc|2|2|nan|4168,1,0.00342659,1.07255,0.466746,0.0433828,0.168848,7.58157e-05,1,0.00343224,1.07255,0.473033,-3.58704e-07,0.168324,7.61339e-05,False,nan|4168,1342408
130_bNAb_Combinations|1342408|vc|3|2|nan|4168,1,0.00342659,1.07255,0.466746,-0.498824,0.168848,7.58157e-05,1,0.00343224,1.07255,0.473033,-2.55416e-07,0.168324,7.61339e-05,False,nan|4168,1342408
130_bNAb_Combinations|1342408|vc|4|2|nan|4168,1,0.00342659,1.07255,0.466746,0.0438568,0.168848,7.58157e-05,1,0.00343224,1.07255,0.473033,1.74223e-07,0.168324,7.61339e-05,False,nan|4168,1342408
130_bNAb_Combinations|1342408|vc|5|2|nan|4168,1,0.00342659,1.07255,0.466746,-0.141601,0.168848,7.58157e-05,1,0.00343224,1.07255,0.473033,-5.14038e-08,0.168324,7.61339e-05,False,nan|4168,1342408
130_bNAb_Combinations|1342408|vc|6|2|nan|4168,1,0.00342659,1.07255,0.466746,-0.961743,0.168848,7.58157e-05,1,0.00343224,1.07255,0.473033,6.86643e-07,0.168324,7.61339e-05,False,nan|4168,1342408
130_bNAb_Combinations|1342408|vc|7|2|nan|4168,1,0.00342659,1.07255,0.466746,0.50274,0.168848,7.58157e-05,1,0.00343224,1.07255,0.473033,1.31912e-07,0.168324,7.61339e-05,False,nan|4168,1342408
130_bNAb_Combinations|1342408|vc|8|2|nan|4168,1,0.00342659,1.07255,0.466746,0.803728,0.168848,7.58157e-05,1,0.00343224,1.07255,0.473033,-4.02043e-08,0.168324,7.61339e-05,False,nan|4168,1342408
704_VRC01_Concordance|1200432|cc|1|1|PVO.4|5024,1,0.00342659,1.49386,0.466657,-0.429323,0.168857,7.58155e-05,1,0.00343224,1.49386,0.472944,-4.46176e-07,0.168333,7.61338e-05,False,nan|PVO.4,1200432
704_VRC01_Concordance|1200432|cc|2|1|PVO.4|5024,1,0.00342659,1.49386,0.466657,-1.17422,0.168857,7.58155e-05,1,0.00343224,1.49386,0.472944,4.8773e-08,0.168333,7.61338e-05,False,nan|PVO.4,1200432
704_VRC01_Concordance|1200432|cc|3|1|PVO.4|5024,1,0.00342659,1.49386,0.466657,-0.465733,0.168857,7.58155e-05,1,0.00343224,1.49386,0.472944,6.67934e-07,0.168333,7.61338e-05,False,nan|PVO.4,1200432
704_VRC01_Concordance|1200432|cc|4|1|PVO.4|5024,1,0.00342659,1.49386,0.466657,1.26112,0.168857,7.58155e-05,1,0.00343224,1.49386,0.472944,-2.99509e-07,0.168333,7.61338e-05,False,nan|PVO.4,1200432
704_VRC01_Concordance|1200432|cc|5|1|PVO.4|5024,1,0.00342659,1.49386,0.466657,-1.02367,0.168857,7.58155e-05,1,0.00343224,1.49386,0.472944,3.85567e-07,0.168333,7.61338e-05,False,nan|PVO.4,1200432
704_VRC01_Concordance|1200432|cc|6|1|PVO.4|5024,1,0.00342659,1.49386,0.466657,-0.763304,0.168857,7.58155e-05,1,0.00343224,1.49386,0.472944,-6.31345e-07,0.168333,7.61338e-05,False,nan|PVO.4,1200432
704_VRC01_Concordance|1200432|cc|7|1|PVO.4|5024,1,0.00342659,1.49386,0.466657,-0.0188184,0.168857,7.58155e-05,1,0.00343224,1.49386,0.472944,1.71411e-07,0.168333,7.61338e-05,False,nan|PVO.4,1200432
704_VRC01_Concordance|1200432|cc|8|1|PVO.4|5024,1,0.00342659,1.49386,0.466657,-0.666044,0.168857,7.58155e-05,1,0.00343224,1.49386,0.472944,-8.56776e-07,0.168333,7.61338e-05,False,nan|PVO.4,1200432
704_VRC01_Concordance|1200432|sample|10|PVO.4|5024,1,0.0034274,1.45218,0.466727,2.21747,0.168857,7.58155e-05,1,0.00343306,1.45218,0.473014,2.22433,0.168333,7.61338e-05,True,Clinical VRC01|PVO.4,1200432
704_VRC01_Concordance|1200432|sample|11|PVO.4|5024,1,0.0034274,1.45218,0.466727,2.92447,0.168857,7.58155e-05,1,0.00343306,1.45218,0.473014,2.85984,0.168333,7.61338e-05,True,Clinical VRC01|PVO.4,1200432
704_VRC01_Concordance|1200432|sample|12|PVO.4|5024,1,0.0034274,1.45218,0.466727,2.99558,0.168857,7.58155e-05,1,0.00343306,1.45218,0.473014,2.99664,0.168333,7.61338e-05,True,Clinical VRC01|PVO.4,1200432
704_VRC01_Concordance|1200432|sample|3|PVO.4|5024,1,0.0034274,1.45218,0.466727,3.51401,0.168857,7.58155e-05,1,0.00343306,1.45218,0.473014,3.49069,0.168333,7.61338e-05,True,Clinical VRC01|PVO.4,1200432
704_VRC01_Concordance|1200432|sample|4|PVO.4|5024,1,0.0034274,1.45218,0.466727,2.49116,0.168857,7.58155e-05,1,0.00343306,1.45218,0.473014,2.39901,0.168333,7.61338e-05,True,Clinical VRC01|PVO.4,1200432
704_VRC01_Concordance|1200432|sample|5|PVO.4|5024,1,0.0034274,1.45218,0.466727,2.32689,0.168857,7.58155e-05,1,0.00343306,1.45218,0.473014,2.30285,0.168333,7.61338e-05,True,Clinical VRC01|PVO.4,1200432
704_VRC01_Concordance|1200432|sample|6|PVO.4|5024,1,0.0034274,1.45218,0.466727,1.93738,0.168857,7.58155e-05,1,0.00343306,1.45218,0.473014,2.04498,0.168333,7.61338e-05,True,Clinical VRC01|PVO.4,1200432
704_VRC01_Concordance|1200432|sample|7|PVO.4|5024,1,0.0034274,1.45218,0.466727,3.10252,0.168857,7.58155e-05,1,0.00343306,1.45218,0.473014,3.08049,0.168333,7.61338e-05,True,Clinical VRC01|PVO.4,1200432
704_VRC01_Concordance|1200432|sample|8|PVO.4|5024,1,0.0034274,1.45218,0.466727,2.83773,0.168857,7.58155e-05,1,0.00343306,1.45218,0.473014,2.86333,0.168333,7.61338e-05,True,Clinical VRC01|PVO.4,1200432
704_VRC01_Concordance|1200432|sample|9|PVO.4|5024,1,0.0034274,1.45218,0.466727,2.33874,0.168857,7.58155e-05,1,0.00343306,1.45218,0.473014,2.29114,0.168333,7.61338e-05,True,Clinical VRC01|PVO.4,1200432
704_VRC01_Concordance|1200432|vc|1|2|PVO.4|5024,1,0.00342659,1.49386,0.466657,-0.733682,0.168857,7.58155e-05,1,0.00343224,1.49386,0.472944,2.23474e-07,0.168333,7.61338e-05,False,nan|PVO.4,1200432
704_VRC01_Concordance|1200432|vc|2|2|PVO.4|5024,1,0.00342659,1.49386,0.466657,-1.35702,0.168857,7.58155e-05,1,0.00343224,1.49386,0.472944,-4.07335e-07,0.168333,7.61338e-05,False,nan|PVO.4,1200432
704_VRC01_Concordance|1200432|vc|3|2|PVO.4|5024,1,0.00342659,1.49386,0.466657,-0.986132,0.168857,7.58155e-05,1,0.00343224,1.49386,0.472944,-3.69035e-07,0.168333,7.61338e-05,False,nan|PVO.4,1200432
704_VRC01_Concordance|1200432|vc|4|2|PVO.4|5024,1,0.00342659,1.49386,0.466657,-0.348012,0.168857,7.58155e-05,1,0.00343224,1.49386,0.472944,-2.43182e-07,0.168333,7.61338e-05,False,nan|PVO.4,1200432
704_VRC01_Concordance|1200432|vc|5|2|PVO.4|5024,1,0.00342659,1.49386,0.466657,0.234797,0.168857,7.58155e-05,1,0.00343224,1.49386,0.472944,3.59719e-07,0.168333,7.61338e-05,False,nan|PVO.4,1200432
704_VRC01_Concordance|1200432|vc|6|2|PVO.4|5024,1,0.00342659,1.49386,0.466657,1.03034,0.168857,7.58155e-05,1,0.00343224,1.49386,0.472944,1.79486e-07,0.168333,7.61338e-05,False,nan|PVO.4,1200432
704_VRC01_Concordance|1200432|vc|7|2|PVO.4|5024,1,0.00342659,1.49386,0.466657,1.32637,0.168857,7.58155e-05,1,0.00343224,1.49386,0.472944,-7.68703e-08,0.168333,7.61338e-05,False,nan|PVO.4,1200432
704_VRC01_Concordance|1200432|vc|8|2|PVO.4|5024,1,0.00342659,1.49386,0.466657,-0.51738,0.168857,7.58155e-05,1,0.00343224,1.49386,0.472944,-3.81566e-07,0.168333,7.61338e-05,False,nan|PVO.4,1200432
