id,time,rlu_norm,plate_row,plate_col,virus_cc,popPred_medianCOV,popPred,indivPred_SAEM,indivPred_mode,indWRes_SAEM,indWRes_mode
130_bNAb_Combinations|1313842|cc|1|1|nan|2946,0,0.00107969,1,1,0,0,0,0,0,0.456521,0.456521
130_bNAb_Combinations|1313842|cc|2|1|nan|2946,0,0.000918885,2,1,0,0,0,0,0,0.388528,0.388528
130_bNAb_Combinations|1313842|cc|3|1|nan|2946,0,0.00110266,3,1,0,0,0,0,0,0.466234,0.466234
130_bNAb_Combinations|1313842|cc|4|1|nan|2946,0,0.00133238,4,1,0,0,0,0,0,0.563366,0.563366
130_bNAb_Combinations|1313842|cc|5|1|nan|2946,0,0.00153913,5,1,0,0,0,0,0,0.650785,0.650785
130_bNAb_Combinations|1313842|cc|6|1|nan|2946,0,0.00149319,6,1,0,0,0,0,0,0.631359,0.631359
130_bNAb_Combinations|1313842|cc|7|1|nan|2946,0,0.00149319,7,1,0,0,0,0,0,0.631359,0.631359
130_bNAb_Combinations|1313842|cc|8|1|nan|2946,0,0.000826997,8,1,0,0,0,0,0,0.349676,0.349676
130_bNAb_Combinations|1313842|sample|10|nan|2946,0.0003648,0.782305,1,10,1,0.835791,0.824392,0.829173,0.829258,-0.30134,-0.301856
130_bNAb_Combinations|1313842|sample|10|nan|2946,0.001824,0.882187,2,10,1,0.881379,0.84688,0.861262,0.861496,0.129599,0.128114
130_bNAb_Combinations|1313842|sample|10|nan|2946,0.00912,0.889573,3,10,1,0.912299,0.812364,0.853055,0.85375,0.228313,0.223789
130_bNAb_Combinations|1313842|sample|10|nan|2946,0.0456,0.751223,4,10,1,0.905695,0.647047,0.745302,0.747068,0.0422828,0.029606
130_bNAb_Combinations|1313842|sample|10|nan|2946,0.228,0.542866,5,10,1,0.886767,0.337036,0.504914,0.508295,0.396846,0.359142
130_bNAb_Combinations|1313842|sample|10|nan|2946,1.14,0.150628,6,10,1,0.833995,0.0558532,0.167705,0.170771,-0.512128,-0.594004
130_bNAb_Combinations|1313842|sample|10|nan|2946,5.7,0.0141738,7,10,1,0.672813,0.00330442,0.0103905,0.0107542,0.883039,0.78582
130_bNAb_Combinations|1313842|sample|10|nan|2946,28.5,0.000252693,8,10,1,0.382322,0.00276397,0.00277039,0.00276778,-0.875173,-0.874411
130_bNAb_Combinations|1313842|sample|11|nan|2946,0.0003712,0.787795,1,11,1,0.835786,0.82438,0.830467,0.830272,-0.273936,-0.272752
130_bNAb_Combinations|1313842|sample|11|nan|2946,0.001856,0.899692,2,11,1,0.881366,0.846795,0.865151,0.864539,0.212983,0.216904
130_bNAb_Combinations|1313842|sample|11|nan|2946,0.00928,0.943259,3,11,1,0.879142,0.782512,0.832841,0.831158,0.706848,0.719058
130_bNAb_Combinations|1313842|sample|11|nan|2946,0.0464,0.770876,4,11,1,0.872705,0.622414,0.745648,0.74127,0.180069,0.212539
130_bNAb_Combinations|1313842|sample|11|nan|2946,0.2319999999999999,0.591682,5,11,1,0.854256,0.322649,0.541531,0.53234,0.489761,0.589287
130_bNAb_Combinations|1313842|sample|11|nan|2946,1.16,0.238543,6,11,1,0.802848,0.0526921,0.21763,0.207288,0.491285,0.768764
130_bNAb_Combinations|1313842|sample|11|nan|2946,5.8,0.0150238,7,11,1,0.670708,0.00327917,0.0196726,0.0175511,-0.774925,-0.450732
130_bNAb_Combinations|1313842|sample|11|nan|2946,29,0,8,11,1,0.378911,0.00276389,0.00279002,0.0027805,-0.968613,-0.965898
130_bNAb_Combinations|1313842|sample|12|nan|2946,0.0003712,0.726907,1,12,1,0.835786,0.82438,0.829503,0.829313,-0.659379,-0.658305
130_bNAb_Combinations|1313842|sample|12|nan|2946,0.001856,0.725805,2,12,1,0.83506,0.802306,0.81691,0.816363,-0.594419,-0.591241
130_bNAb_Combinations|1313842|sample|12|nan|2946,0.00928,0.699823,3,12,1,0.832953,0.7414,0.781345,0.779809,-0.555712,-0.546296
130_bNAb_Combinations|1313842|sample|12|nan|2946,0.0464,0.628667,4,12,1,0.826854,0.589714,0.686587,0.682627,-0.448318,-0.420046
130_bNAb_Combinations|1313842|sample|12|nan|2946,0.2319999999999999,0.46638,5,12,1,0.809375,0.305698,0.47261,0.464704,-0.0694706,0.0190082
130_bNAb_Combinations|1313842|sample|12|nan|2946,1.16,0.173084,6,12,1,0.760668,0.0499238,0.163758,0.156118,0.285911,0.543704
130_bNAb_Combinations|1313842|sample|12|nan|2946,5.8,0.0100848,7,12,1,0.63547,0.00310689,0.0112139,0.0101666,-0.254515,-0.0192901
130_bNAb_Combinations|1313842|sample|12|nan|2946,29,0.00119455,8,12,1,0.378911,0.00276389,0.002772,0.00276761,-0.548279,-0.546907
130_bNAb_Combinations|1313842|sample|3|nan|2946,0.000064,0.866394,1,3,1,0.836048,0.832428,0.835306,0.835299,0.198436,0.198482
130_bNAb_Combinations|1313842|sample|3|nan|2946,0.00032,0.944316,2,3,1,0.88217,0.871113,0.879916,0.879878,0.390518,0.390765
130_bNAb_Combinations|1313842|sample|3|nan|2946,0.0016,0.961051,3,3,1,0.91468,0.881751,0.907868,0.907795,0.312711,0.313164
130_bNAb_Combinations|1313842|sample|3|nan|2946,0.008,0.986159,4,3,1,0.912588,0.820381,0.892911,0.892763,0.557349,0.558325
130_bNAb_Combinations|1313842|sample|3|nan|2946,0.04,0.882578,5,3,1,0.90653,0.665717,0.850845,0.850479,0.198907,0.201288
130_bNAb_Combinations|1313842|sample|3|nan|2946,0.2,0.77709,6,3,1,0.889145,0.365545,0.73976,0.738842,0.268525,0.275465
130_bNAb_Combinations|1313842|sample|3|nan|2946,1,0.473111,7,3,1,0.809994,0.0668198,0.476336,0.474584,-0.0356916,-0.0163634
130_bNAb_Combinations|1313842|sample|3|nan|2946,5,0.151731,8,3,1,0.65197,0.00342009,0.144379,0.142838,0.253217,0.309308
130_bNAb_Combinations|1313842|sample|4|nan|2946,0.000064,0.844789,1,4,1,0.836048,0.832428,0.835282,0.835252,0.0606815,0.0608747
130_bNAb_Combinations|1313842|sample|4|nan|2946,0.00032,0.96429,2,4,1,0.88217,0.871113,0.879844,0.879736,0.512122,0.51284
130_bNAb_Combinations|1313842|sample|4|nan|2946,0.0016,0.942363,3,4,1,0.91468,0.881751,0.907651,0.907368,0.20415,0.205879
130_bNAb_Combinations|1313842|sample|4|nan|2946,0.008,0.926512,4,4,1,0.936341,0.841734,0.915518,0.914748,0.0641134,0.0686602
130_bNAb_Combinations|1313842|sample|4|nan|2946,0.04,0.878374,5,4,1,0.930125,0.683045,0.871236,0.869156,0.0437091,0.0565807
130_bNAb_Combinations|1313842|sample|4|nan|2946,0.2,0.73798,6,4,1,0.889145,0.365545,0.735462,0.730393,0.018219,0.0552614
130_bNAb_Combinations|1313842|sample|4|nan|2946,1,0.443512,7,4,1,0.809994,0.0668198,0.468439,0.459181,-0.280406,-0.179727
130_bNAb_Combinations|1313842|sample|4|nan|2946,5,0.140934,8,4,1,0.65197,0.00342009,0.137831,0.130347,0.111505,0.400353
130_bNAb_Combinations|1313842|sample|5|nan|2946,0.0006144,0.829983,1,5,1,0.835635,0.819549,0.834574,0.834611,-0.0293263,-0.0295611
130_bNAb_Combinations|1313842|sample|5|nan|2946,0.003072,0.89357,2,5,1,0.880903,0.832514,0.877676,0.877772,0.0966264,0.096033
130_bNAb_Combinations|1313842|sample|5|nan|2946,0.01536,0.91946,3,5,1,0.910865,0.773063,0.901164,0.901489,0.108369,0.106406
130_bNAb_Combinations|1313842|sample|5|nan|2946,0.0768,0.844513,4,5,1,0.925029,0.575499,0.896633,0.897626,-0.310244,-0.31581
130_bNAb_Combinations|1313842|sample|5|nan|2946,0.384,0.634686,5,5,1,0.897834,0.230925,0.820108,0.822772,-1.20515,-1.21856
130_bNAb_Combinations|1313842|sample|5|nan|2946,1.92,0.273162,6,5,1,0.802441,0.0203339,0.617561,0.623334,-2.95765,-2.97994
130_bNAb_Combinations|1313842|sample|5|nan|2946,9.6,0.101927,7,5,1,0.601879,0.00294187,0.284675,0.292198,-3.32562,-3.37712
130_bNAb_Combinations|1313842|sample|5|nan|2946,48,0.049482,8,5,1,0.278393,0.00276417,0.0362514,0.0387281,1.46008,1.12972
130_bNAb_Combinations|1313842|sample|6|nan|2946,0.0006144,0.807137,1,6,1,0.835635,0.819549,0.834524,0.834509,-0.17497,-0.174878
130_bNAb_Combinations|1313842|sample|6|nan|2946,0.003072,0.913073,2,6,1,0.880903,0.832514,0.877524,0.877461,0.216153,0.216548
130_bNAb_Combinations|1313842|sample|6|nan|2946,0.01536,0.905757,3,6,1,0.910865,0.773063,0.90071,0.900562,0.0299055,0.0307889
130_bNAb_Combinations|1313842|sample|6|nan|2946,0.0768,0.884312,4,6,1,0.925029,0.575499,0.895323,0.894947,-0.0656369,-0.0634233
130_bNAb_Combinations|1313842|sample|6|nan|2946,0.384,0.63016,5,6,1,0.897834,0.230925,0.81664,0.815672,-1.21709,-1.21218
130_bNAb_Combinations|1313842|sample|6|nan|2946,1.92,0.318692,6,6,1,0.802441,0.0203339,0.610062,0.607945,-2.53236,-2.52254
130_bNAb_Combinations|1313842|sample|6|nan|2946,9.6,0.14291,7,6,1,0.601879,0.00294187,0.274997,0.272222,-2.48454,-2.45602
130_bNAb_Combinations|1313842|sample|6|nan|2946,48,0.0423376,8,6,1,0.278393,0.00276417,0.0331923,0.0323195,1.07637,1.20191
130_bNAb_Combinations|1313842|sample|7|nan|2946,0.0000768,0.796949,1,7,1,0.836033,0.831958,0.833919,0.83388,-0.236365,-0.236125
130_bNAb_Combinations|1313842|sample|7|nan|2946,0.000384,1,2,7,1,0.882123,0.869678,0.875674,0.875537,0.757513,0.758468
130_bNAb_Combinations|1313842|sample|7|nan|2946,0.00192,0.911982,3,7,1,0.914539,0.877528,0.895198,0.894827,0.100064,0.102324
130_bNAb_Combinations|1313842|sample|7|nan|2946,0.0096,0.8727,4,7,1,0.935921,0.830065,0.879489,0.878474,-0.0411887,-0.0350703
130_bNAb_Combinations|1313842|sample|7|nan|2946,0.048,0.846259,5,7,1,0.928913,0.655998,0.775452,0.772873,0.486277,0.505648
130_bNAb_Combinations|1313842|sample|7|nan|2946,0.24,0.530266,6,7,1,0.885779,0.325773,0.525572,0.520508,0.047192,0.0990505
130_bNAb_Combinations|1313842|sample|7|nan|2946,1.2,0.187832,7,7,1,0.801125,0.0492265,0.180747,0.175845,0.198148,0.343975
130_bNAb_Combinations|1313842|sample|7|nan|2946,6,0.0118536,8,7,1,0.631533,0.00305262,0.012365,0.0116574,-0.109991,0.0434182
130_bNAb_Combinations|1313842|sample|8|nan|2946,0.0000768,0.807666,1,8,1,0.836033,0.831958,0.833932,0.83388,-0.167927,-0.167609
130_bNAb_Combinations|1313842|sample|8|nan|2946,0.000384,0.9013,2,8,1,0.882123,0.869678,0.875713,0.875538,0.155898,0.156994
130_bNAb_Combinations|1313842|sample|8|nan|2946,0.00192,0.96043,3,8,1,0.914539,0.877528,0.895312,0.894829,0.388184,0.391272
130_bNAb_Combinations|1313842|sample|8|nan|2946,0.0096,0.907296,4,8,1,0.935921,0.830065,0.879814,0.878481,0.166672,0.175014
130_bNAb_Combinations|1313842|sample|8|nan|2946,0.048,0.786233,5,8,1,0.928913,0.655998,0.776282,0.772891,0.0682679,0.0919228
130_bNAb_Combinations|1313842|sample|8|nan|2946,0.24,0.560359,6,8,1,0.885779,0.325773,0.52719,0.520544,0.332524,0.404122
130_bNAb_Combinations|1313842|sample|8|nan|2946,1.2,0.163389,7,8,1,0.801125,0.0492265,0.182307,0.175879,-0.524875,-0.358349
130_bNAb_Combinations|1313842|sample|8|nan|2946,6,0.0142427,8,8,1,0.631533,0.00305262,0.0125926,0.0116622,0.351752,0.571001
130_bNAb_Combinations|1313842|sample|9|nan|2946,0.0003648,0.848418,1,9,1,0.835791,0.824392,0.829046,0.82895,0.124575,0.125207
130_bNAb_Combinations|1313842|sample|9|nan|2946,0.001824,0.929671,2,9,1,0.881379,0.84688,0.860878,0.860565,0.426254,0.428341
130_bNAb_Combinations|1313842|sample|9|nan|2946,0.00912,0.902196,3,9,1,0.912299,0.812364,0.851949,0.851073,0.314551,0.320364
130_bNAb_Combinations|1313842|sample|9|nan|2946,0.0456,0.850118,4,9,1,0.929269,0.663889,0.761834,0.75957,0.616963,0.634646
130_bNAb_Combinations|1313842|sample|9|nan|2946,0.228,0.545806,5,9,1,0.909847,0.345809,0.512499,0.508074,0.343249,0.392151
130_bNAb_Combinations|1313842|sample|9|nan|2946,1.14,0.154396,6,9,1,0.833995,0.0558532,0.162745,0.15879,-0.257478,-0.138632
130_bNAb_Combinations|1313842|sample|9|nan|2946,5.7,0.0108658,7,9,1,0.672813,0.00330442,0.00980536,0.00934843,0.253921,0.370825
130_bNAb_Combinations|1313842|sample|9|nan|2946,28.5,0.000413498,8,9,1,0.382322,0.00276397,0.0027698,0.00276636,-0.819101,-0.818088
130_bNAb_Combinations|1313842|vc|1|2|nan|2946,0,0.842836,1,2,1,0.836167,0.836163,0.836167,0.836163,0.0425264,0.0425497
130_bNAb_Combinations|1313842|vc|2|2|nan|2946,0,0.947647,2,2,1,0.882534,0.88253,0.882556,0.88253,0.393544,0.393717
130_bNAb_Combinations|1313842|vc|3|2|nan|2946,0,0.949806,3,2,1,0.882534,0.88253,0.882556,0.88253,0.4066,0.406774
130_bNAb_Combinations|1313842|vc|4|2|nan|2946,0,0.93376,4,2,1,0.882534,0.88253,0.882556,0.88253,0.309583,0.309754
130_bNAb_Combinations|1313842|vc|5|2|nan|2946,0,0.949576,5,2,1,0.882534,0.88253,0.882556,0.88253,0.405211,0.405385
130_bNAb_Combinations|1313842|vc|6|2|nan|2946,0,0.978843,6,2,1,0.882534,0.88253,0.882556,0.88253,0.582161,0.582339
130_bNAb_Combinations|1313842|vc|7|2|nan|2946,0,0.900864,7,2,1,0.882534,0.88253,0.882556,0.88253,0.110689,0.110854
130_bNAb_Combinations|1313842|vc|8|2|nan|2946,0,0.690864,8,2,1,0.836167,0.836163,0.836167,0.836163,-0.926526,-0.926507
130_bNAb_Combinations|1313860|cc|1|1|PVO.4|5024,0,0.000722109,1,1,0,0,0,0,0,0.305326,0.305326
130_bNAb_Combinations|1313860|cc|2|1|PVO.4|5024,0,0.000902636,2,1,0,0,0,0,0,0.381658,0.381658
130_bNAb_Combinations|1313860|cc|3|1|PVO.4|5024,0,0.0011634,3,1,0,0,0,0,0,0.491914,0.491914
130_bNAb_Combinations|1313860|cc|4|1|PVO.4|5024,0,0.00162474,4,1,0,0,0,0,0,0.686984,0.686984
130_bNAb_Combinations|1313860|cc|5|1|PVO.4|5024,0,0.00138404,5,1,0,0,0,0,0,0.585208,0.585208
130_bNAb_Combinations|1313860|cc|6|1|PVO.4|5024,0,0.0016448,6,1,0,0,0,0,0,0.695465,0.695465
130_bNAb_Combinations|1313860|cc|7|1|PVO.4|5024,0,0.00178521,7,1,0,0,0,0,0,0.754834,0.754834
130_bNAb_Combinations|1313860|cc|8|1|PVO.4|5024,0,0.00148433,8,1,0,0,0,0,0,0.627615,0.627615
130_bNAb_Combinations|1313860|sample|10|PVO.4|5024,0.0003648,0.940566,1,10,1,0.835791,0.825691,0.823534,0.823557,0.757534,0.757364
130_bNAb_Combinations|1313860|sample|10|PVO.4|5024,0.001824,0.927278,2,10,1,0.881379,0.850257,0.843729,0.84378,0.528047,0.527694
130_bNAb_Combinations|1313860|sample|10|PVO.4|5024,0.00912,0.889708,3,10,1,0.912299,0.820361,0.801898,0.802069,0.583473,0.582216
130_bNAb_Combinations|1313860|sample|10|PVO.4|5024,0.0456,0.686274,4,10,1,0.905695,0.66221,0.619406,0.619815,0.572572,0.568706
130_bNAb_Combinations|1313860|sample|10|PVO.4|5024,0.228,0.317477,5,10,1,0.886767,0.3547,0.292503,0.293044,0.442831,0.432454
130_bNAb_Combinations|1313860|sample|10|PVO.4|5024,1.14,0.0365267,6,10,1,0.833995,0.0614339,0.0369236,0.0370894,-0.0432116,-0.0610582
130_bNAb_Combinations|1313860|sample|10|PVO.4|5024,5.7,0.000641874,7,10,1,0.672813,0.00336525,0.00303215,0.00303023,-0.817146,-0.816589
130_bNAb_Combinations|1313860|sample|10|PVO.4|5024,28.5,0.000441289,8,10,1,0.382322,0.0027637,0.00276671,0.0027637,-0.808527,-0.807637
130_bNAb_Combinations|1313860|sample|11|PVO.4|5024,0.0003712,0.89049,1,11,1,0.835786,0.824229,0.820004,0.819885,0.458181,0.459016
130_bNAb_Combinations|1313860|sample|11|PVO.4|5024,0.001856,0.925934,2,11,1,0.881366,0.8464,0.833885,0.833505,0.588531,0.591229
130_bNAb_Combinations|1313860|sample|11|PVO.4|5024,0.00928,0.859359,3,11,1,0.879142,0.781614,0.748568,0.74758,0.787745,0.795798
130_bNAb_Combinations|1313860|sample|11|PVO.4|5024,0.0464,0.674941,4,11,1,0.872705,0.620737,0.548106,0.545973,1.22411,1.24945
130_bNAb_Combinations|1313860|sample|11|PVO.4|5024,0.2319999999999999,0.244805,5,11,1,0.854256,0.32075,0.225669,0.223118,0.434402,0.497619
130_bNAb_Combinations|1313860|sample|11|PVO.4|5024,1.16,0.0178521,6,11,1,0.802848,0.0521228,0.0215457,0.0209497,-0.582114,-0.496813
130_bNAb_Combinations|1313860|sample|11|PVO.4|5024,5.8,0.00070205,7,11,1,0.670708,0.00327315,0.00295239,0.00294663,-0.7732,-0.771503
130_bNAb_Combinations|1313860|sample|11|PVO.4|5024,29,0.000160469,8,11,1,0.378911,0.00276383,0.00276683,0.00276382,-0.906202,-0.90533
130_bNAb_Combinations|1313860|sample|12|PVO.4|5024,0.0003712,0.939283,1,12,1,0.835786,0.824229,0.819671,0.818976,0.777823,0.782994
130_bNAb_Combinations|1313860|sample|12|PVO.4|5024,0.001856,0.916777,2,12,1,0.83506,0.801932,0.789122,0.787172,0.861749,0.877045
130_bNAb_Combinations|1313860|sample|12|PVO.4|5024,0.00928,0.891313,3,12,1,0.832953,0.74055,0.706799,0.701716,1.38807,1.43645
130_bNAb_Combinations|1313860|sample|12|PVO.4|5024,0.0464,0.651633,4,12,1,0.826854,0.588125,0.51421,0.503564,1.4116,1.55232
130_bNAb_Combinations|1313860|sample|12|PVO.4|5024,0.2319999999999999,0.224295,5,12,1,0.809375,0.303898,0.207969,0.196009,0.400314,0.733324
130_bNAb_Combinations|1313860|sample|12|PVO.4|5024,1.16,0.00968829,6,12,1,0.760668,0.0493843,0.0191215,0.0166499,-1.59959,-1.27955
130_bNAb_Combinations|1313860|sample|12|PVO.4|5024,5.8,0.000661933,7,12,1,0.63547,0.00310119,0.00279208,0.00278078,-0.739428,-0.736037
130_bNAb_Combinations|1313860|sample|12|PVO.4|5024,29,0,8,12,1,0.378911,0.00276383,0.00276683,0.00276382,-0.961995,-0.961134
130_bNAb_Combinations|1313860|sample|3|PVO.4|5024,0.000064,0.942953,1,3,1,0.836048,0.832428,0.835133,0.835107,0.688356,0.688543
130_bNAb_Combinations|1313860|sample|3|PVO.4|5024,0.00032,0.869078,2,3,1,0.88217,0.871107,0.879381,0.879285,-0.0625174,-0.0619406
130_bNAb_Combinations|1313860|sample|3|PVO.4|5024,0.0016,0.85281,3,3,1,0.91468,0.881731,0.906257,0.906009,-0.314813,-0.313439
130_bNAb_Combinations|1313860|sample|3|PVO.4|5024,0.008,0.886438,4,3,1,0.912588,0.820328,0.888311,0.887664,-0.0112473,-0.00736645
130_bNAb_Combinations|1313860|sample|3|PVO.4|5024,0.04,0.784701,5,3,1,0.90653,0.665614,0.838185,0.836453,-0.34023,-0.329882
130_bNAb_Combinations|1313860|sample|3|PVO.4|5024,0.2,0.757893,6,3,1,0.889145,0.365418,0.708373,0.70414,0.371718,0.405876
130_bNAb_Combinations|1313860|sample|3|PVO.4|5024,1,0.495868,7,3,1,0.809994,0.0667758,0.42073,0.413511,0.938238,1.0458
130_bNAb_Combinations|1313860|sample|3|PVO.4|5024,5,0.0938942,8,3,1,0.65197,0.00341913,0.102518,0.0977132,-0.404814,-0.187069
130_bNAb_Combinations|1313860|sample|4|PVO.4|5024,0.000064,0.963754,1,4,1,0.836048,0.832428,0.835148,0.835124,0.821041,0.821218
130_bNAb_Combinations|1313860|sample|4|PVO.4|5024,0.00032,0.848879,2,4,1,0.88217,0.871107,0.879428,0.879338,-0.185354,-0.184826
130_bNAb_Combinations|1313860|sample|4|PVO.4|5024,0.0016,0.847455,3,4,1,0.91468,0.881731,0.906398,0.906169,-0.347136,-0.345873
130_bNAb_Combinations|1313860|sample|4|PVO.4|5024,0.008,0.867142,4,4,1,0.936341,0.84168,0.911845,0.911233,-0.261717,-0.258309
130_bNAb_Combinations|1313860|sample|4|PVO.4|5024,0.04,0.805653,5,4,1,0.930125,0.682939,0.861131,0.859498,-0.343653,-0.334164
130_bNAb_Combinations|1313860|sample|4|PVO.4|5024,0.2,0.707095,6,4,1,0.889145,0.365418,0.711065,0.707168,-0.0296931,-0.000553209
130_bNAb_Combinations|1313860|sample|4|PVO.4|5024,1,0.503972,7,4,1,0.809994,0.0667758,0.42532,0.418618,0.971822,1.07101
130_bNAb_Combinations|1313860|sample|4|PVO.4|5024,5,0.0983672,8,4,1,0.65197,0.00341913,0.105614,0.101053,-0.331299,-0.127701
130_bNAb_Combinations|1313860|sample|5|PVO.4|5024,0.0006144,0.899286,1,5,1,0.835635,0.81954,0.831546,0.831598,0.434311,0.433951
130_bNAb_Combinations|1313860|sample|5|PVO.4|5024,0.003072,0.907339,2,5,1,0.880903,0.832484,0.868445,0.868583,0.238928,0.238042
130_bNAb_Combinations|1313860|sample|5|PVO.4|5024,0.01536,0.855779,3,5,1,0.910865,0.772992,0.873894,0.874326,-0.110596,-0.113181
130_bNAb_Combinations|1313860|sample|5|PVO.4|5024,0.0768,0.837576,4,5,1,0.925029,0.575374,0.820137,0.821339,0.113336,0.105377
130_bNAb_Combinations|1313860|sample|5|PVO.4|5024,0.384,0.66436,5,5,1,0.897834,0.230818,0.633725,0.636372,0.256507,0.233391
130_bNAb_Combinations|1313860|sample|5|PVO.4|5024,1.92,0.280479,6,5,1,0.802441,0.020319,0.295555,0.298978,-0.264668,-0.321195
130_bNAb_Combinations|1313860|sample|5|PVO.4|5024,9.6,0.0437879,7,5,1,0.601879,0.00294153,0.0383253,0.0394376,0.57837,0.450795
130_bNAb_Combinations|1313860|sample|5|PVO.4|5024,48,0.00302884,8,5,1,0.278393,0.00276387,0.00291468,0.0029232,0.0393207,0.0363668
130_bNAb_Combinations|1313860|sample|6|PVO.4|5024,0.0006144,0.902947,1,6,1,0.835635,0.81954,0.83112,0.831071,0.460743,0.461087
130_bNAb_Combinations|1313860|sample|6|PVO.4|5024,0.003072,1,2,6,1,0.880903,0.832484,0.867153,0.866983,0.817271,0.818476
130_bNAb_Combinations|1313860|sample|6|PVO.4|5024,0.01536,0.888003,3,6,1,0.910865,0.772992,0.870124,0.869655,0.109622,0.112556
130_bNAb_Combinations|1313860|sample|6|PVO.4|5024,0.0768,0.842731,4,6,1,0.925029,0.575374,0.809922,0.808678,0.215876,0.224404
130_bNAb_Combinations|1313860|sample|6|PVO.4|5024,0.384,0.660529,5,6,1,0.897834,0.230818,0.611243,0.6085,0.427548,0.453331
130_bNAb_Combinations|1313860|sample|6|PVO.4|5024,1.92,0.278232,6,6,1,0.802441,0.020319,0.266851,0.263397,0.220311,0.290774
130_bNAb_Combinations|1313860|sample|6|PVO.4|5024,9.6,0.029446,7,6,1,0.601879,0.00294153,0.0296102,0.0286385,-0.020958,0.105474
130_bNAb_Combinations|1313860|sample|6|PVO.4|5024,48,0.00204597,8,6,1,0.278393,0.00276387,0.00284018,0.00283061,-0.274841,-0.271696
130_bNAb_Combinations|1313860|sample|7|PVO.4|5024,0.0000768,0.964978,1,7,1,0.836033,0.832483,0.831896,0.831832,0.852886,0.853361
130_bNAb_Combinations|1313860|sample|7|PVO.4|5024,0.000384,0.899587,2,7,1,0.882123,0.871091,0.869293,0.869079,0.185915,0.187276
130_bNAb_Combinations|1313860|sample|7|PVO.4|5024,0.00192,0.93161,3,7,1,0.914539,0.881131,0.87573,0.875131,0.340458,0.344337
130_bNAb_Combinations|1313860|sample|7|PVO.4|5024,0.0096,0.845689,4,7,1,0.935921,0.83847,0.823352,0.821745,0.144617,0.155319
130_bNAb_Combinations|1313860|sample|7|PVO.4|5024,0.048,0.647902,5,7,1,0.928913,0.671789,0.636846,0.633233,0.0921259,0.12292
130_bNAb_Combinations|1313860|sample|7|PVO.4|5024,0.24,0.298712,6,7,1,0.885779,0.343261,0.294251,0.289459,0.0786549,0.165733
130_bNAb_Combinations|1313860|sample|7|PVO.4|5024,1.2,0.0363862,7,7,1,0.801125,0.0542115,0.036135,0.0346258,0.0277914,0.200934
130_bNAb_Combinations|1313860|sample|7|PVO.4|5024,6,0.00108316,8,7,1,0.631533,0.00309807,0.00287735,0.00286206,-0.619421,-0.614743
130_bNAb_Combinations|1313860|sample|8|PVO.4|5024,0.0000768,0.950786,1,8,1,0.836033,0.832483,0.831987,0.83179,0.761273,0.762712
130_bNAb_Combinations|1313860|sample|8|PVO.4|5024,0.000384,0.92461,2,8,1,0.882123,0.871091,0.869573,0.868949,0.337655,0.341727
130_bNAb_Combinations|1313860|sample|8|PVO.4|5024,0.00192,0.843312,3,8,1,0.914539,0.881131,0.876564,0.874746,-0.202399,-0.191723
130_bNAb_Combinations|1313860|sample|8|PVO.4|5024,0.0096,0.847094,4,8,1,0.935921,0.83847,0.825667,0.820679,0.138336,0.171563
130_bNAb_Combinations|1313860|sample|8|PVO.4|5024,0.048,0.634433,5,8,1,0.928913,0.671789,0.64211,0.630827,-0.0634653,0.0303233
130_bNAb_Combinations|1313860|sample|8|PVO.4|5024,0.24,0.29454,6,8,1,0.885779,0.343261,0.30131,0.286306,-0.116668,0.149027
130_bNAb_Combinations|1313860|sample|8|PVO.4|5024,1.2,0.0356641,7,8,1,0.801125,0.0542115,0.0384267,0.0336646,-0.291924,0.232948
130_bNAb_Combinations|1313860|sample|8|PVO.4|5024,6,0.00112328,8,8,1,0.631533,0.00309807,0.00289766,0.00285473,-0.611791,-0.598626
130_bNAb_Combinations|1313860|sample|9|PVO.4|5024,0.0003648,0.996159,1,9,1,0.835791,0.825691,0.823372,0.82328,1.11864,1.11935
130_bNAb_Combinations|1313860|sample|9|PVO.4|5024,0.001824,0.900911,2,9,1,0.881379,0.850257,0.843239,0.842943,0.364707,0.366703
130_bNAb_Combinations|1313860|sample|9|PVO.4|5024,0.00912,0.872167,3,9,1,0.912299,0.820361,0.800526,0.799727,0.476839,0.48263
130_bNAb_Combinations|1313860|sample|9|PVO.4|5024,0.0456,0.672464,4,9,1,0.929269,0.679446,0.632346,0.630519,0.336627,0.352957
130_bNAb_Combinations|1313860|sample|9|PVO.4|5024,0.228,0.315531,5,9,1,0.909847,0.363932,0.295811,0.293345,0.345916,0.392307
130_bNAb_Combinations|1313860|sample|9|PVO.4|5024,1.14,0.0348417,6,9,1,0.833995,0.0614339,0.0355743,0.0348069,-0.0819736,0.00396054
130_bNAb_Combinations|1313860|sample|9|PVO.4|5024,5.7,0.0010631,7,9,1,0.672813,0.00336525,0.00302126,0.00301208,-0.669882,-0.667128
130_bNAb_Combinations|1313860|sample|9|PVO.4|5024,28.5,0.000762226,8,9,1,0.382322,0.0027637,0.00276671,0.0027637,-0.69694,-0.696028
130_bNAb_Combinations|1313860|vc|1|2|PVO.4|5024,0,0.954858,1,2,1,0.836167,0.836167,0.83617,0.836167,0.756812,0.756839
130_bNAb_Combinations|1313860|vc|2|2|PVO.4|5024,0,0.902094,2,2,1,0.882534,0.882533,0.88256,0.882533,0.118105,0.118271
130_bNAb_Combinations|1313860|vc|3|2|PVO.4|5024,0,0.86299,3,2,1,0.882534,0.882533,0.88256,0.882533,-0.118323,-0.118165
130_bNAb_Combinations|1313860|vc|4|2|PVO.4|5024,0,0.843613,4,2,1,0.882534,0.882533,0.88256,0.882533,-0.235476,-0.235322
130_bNAb_Combinations|1313860|vc|5|2|PVO.4|5024,0,0.869359,5,2,1,0.882534,0.882533,0.88256,0.882533,-0.0798179,-0.0796586
130_bNAb_Combinations|1313860|vc|6|2|PVO.4|5024,0,0.81162,6,2,1,0.882534,0.882533,0.88256,0.882533,-0.428912,-0.428763
130_bNAb_Combinations|1313860|vc|7|2|PVO.4|5024,0,0.761714,7,2,1,0.882534,0.882533,0.88256,0.882533,-0.730648,-0.730508
130_bNAb_Combinations|1313860|vc|8|2|PVO.4|5024,0,0.747362,8,2,1,0.836167,0.836167,0.83617,0.836167,-0.566283,-0.566262
130_bNAb_Combinations|1313884|cc|1|1|nan|4168,0,0.000363452,1,1,0,0,0,0,0,0.153677,0.153677
130_bNAb_Combinations|1313884|cc|2|1|nan|4168,0,0.000879936,2,1,0,0,0,0,0,0.37206,0.37206
130_bNAb_Combinations|1313884|cc|3|1|nan|4168,0,0.000248678,3,1,0,0,0,0,0,0.105147,0.105147
130_bNAb_Combinations|1313884|cc|4|1|nan|4168,0,5.73872e-05,4,1,0,0,0,0,0,0.0242648,0.0242648
130_bNAb_Combinations|1313884|cc|5|1|nan|4168,0,0,5,1,0,0,0,0,0,0,0
130_bNAb_Combinations|1313884|cc|6|1|nan|4168,0,0.000325194,6,1,0,0,0,0,0,0.1375,0.1375
130_bNAb_Combinations|1313884|cc|7|1|nan|4168,0,0.000554743,7,1,0,0,0,0,0,0.234559,0.234559
130_bNAb_Combinations|1313884|cc|8|1|nan|4168,0,0.000248678,8,1,0,0,0,0,0,0.105147,0.105147
130_bNAb_Combinations|1313884|sample|10|nan|4168,0.0003648,0.774009,1,10,1,0.835791,0.824366,0.834565,0.834559,-0.386866,-0.386831
130_bNAb_Combinations|1313884|sample|10|nan|4168,0.001824,0.732346,2,10,1,0.881379,0.846817,0.877656,0.877621,-0.883398,-0.883218
130_bNAb_Combinations|1313884|sample|10|nan|4168,0.00912,0.69975,3,10,1,0.912299,0.812225,0.901114,0.901047,-1.19275,-1.19244
130_bNAb_Combinations|1313884|sample|10|nan|4168,0.0456,0.452067,4,10,1,0.905695,0.646792,0.873758,0.873622,-2.5749,-2.57447
130_bNAb_Combinations|1313884|sample|10|nan|4168,0.228,0.221036,5,10,1,0.886767,0.336748,0.798975,0.798639,-3.85408,-3.85343
130_bNAb_Combinations|1313884|sample|10|nan|4168,1.14,0.135271,6,10,1,0.833995,0.0557648,0.616845,0.616062,-4.14039,-4.1388
130_bNAb_Combinations|1313884|sample|10|nan|4168,5.7,0.0867311,7,10,1,0.672813,0.00330291,0.28375,0.28265,-3.59651,-3.58974
130_bNAb_Combinations|1313884|sample|10|nan|4168,28.5,0.0454124,8,10,1,0.382322,0.00276342,0.035953,0.0355645,1.0503,1.10221
130_bNAb_Combinations|1313884|sample|11|nan|4168,0.0003712,0.771905,1,11,1,0.835786,0.824232,0.82597,0.825512,-0.348933,-0.34617
130_bNAb_Combinations|1313884|sample|11|nan|4168,0.001856,0.762522,2,11,1,0.881366,0.846418,0.851638,0.850243,-0.558077,-0.550229
130_bNAb_Combinations|1313884|sample|11|nan|4168,0.00928,0.738841,3,11,1,0.879142,0.781666,0.795719,0.791961,-0.380833,-0.357328
130_bNAb_Combinations|1313884|sample|11|nan|4168,0.0464,0.560166,4,11,1,0.872705,0.620841,0.653665,0.644754,-0.759459,-0.696392
130_bNAb_Combinations|1313884|sample|11|nan|4168,0.2319999999999999,0.294645,5,11,1,0.854256,0.320871,0.371661,0.357314,-1.08444,-0.916619
130_bNAb_Combinations|1313884|sample|11|nan|4168,1.16,0.069228,6,11,1,0.802848,0.0521589,0.0772158,0.0694092,-0.48036,-0.0119307
130_bNAb_Combinations|1313884|sample|11|nan|4168,5.8,0.0138494,7,11,1,0.670708,0.00327301,0.00394154,0.00368308,3.20319,3.33827
130_bNAb_Combinations|1313884|sample|11|nan|4168,29,0.00181726,8,11,1,0.378911,0.00276333,0.00276637,0.00276335,-0.330004,-0.329017
130_bNAb_Combinations|1313884|sample|12|nan|4168,0.0003712,0.813233,1,12,1,0.835786,0.824232,0.824144,0.824153,-0.0705724,-0.0706271
130_bNAb_Combinations|1313884|sample|12|nan|4168,0.001856,0.742858,2,12,1,0.83506,0.80195,0.801705,0.801725,-0.391118,-0.391239
130_bNAb_Combinations|1313884|sample|12|nan|4168,0.00928,0.718258,3,12,1,0.832953,0.7406,0.739968,0.739997,-0.156126,-0.156327
130_bNAb_Combinations|1313884|sample|12|nan|4168,0.0464,0.538636,4,12,1,0.826854,0.588224,0.586841,0.586843,-0.435183,-0.4352
130_bNAb_Combinations|1313884|sample|12|nan|4168,0.2319999999999999,0.244077,5,12,1,0.809375,0.304013,0.302084,0.301988,-0.997237,-0.995899
130_bNAb_Combinations|1313884|sample|12|nan|4168,1.16,0.0551873,6,12,1,0.760668,0.0494187,0.0486423,0.0485583,0.576633,0.58483
130_bNAb_Combinations|1313884|sample|12|nan|4168,5.8,0.00767075,7,12,1,0.63547,0.00310106,0.00309069,0.00308551,1.55998,1.56226
130_bNAb_Combinations|1313884|sample|12|nan|4168,29,0.00585349,8,12,1,0.378911,0.00276333,0.00276634,0.00276333,1.0734,1.07465
130_bNAb_Combinations|1313884|sample|3|nan|4168,0.000064,0.896254,1,3,1,0.836048,0.832429,0.835693,0.835679,0.386383,0.386476
130_bNAb_Combinations|1313884|sample|3|nan|4168,0.00032,0.883198,2,3,1,0.88217,0.87112,0.881107,0.881049,0.0126623,0.0130136
130_bNAb_Combinations|1313884|sample|3|nan|4168,0.0016,0.945425,3,3,1,0.91468,0.881777,0.911454,0.911322,0.198973,0.199771
130_bNAb_Combinations|1313884|sample|3|nan|4168,0.008,0.973478,4,3,1,0.912588,0.820447,0.903209,0.902895,0.415276,0.417276
130_bNAb_Combinations|1313884|sample|3|nan|4168,0.04,0.977246,5,3,1,0.90653,0.665849,0.879665,0.878831,0.591901,0.597519
130_bNAb_Combinations|1313884|sample|3|nan|4168,0.2,0.815472,6,3,1,0.889145,0.365707,0.814725,0.812515,0.00488396,0.0193931
130_bNAb_Combinations|1313884|sample|3|nan|4168,1,0.719559,7,3,1,0.809994,0.0668759,0.628851,0.62392,0.765272,0.813129
130_bNAb_Combinations|1313884|sample|3|nan|4168,5,0.315142,8,3,1,0.65197,0.00342063,0.315334,0.308276,-0.003175,0.115753
130_bNAb_Combinations|1313884|sample|4|nan|4168,0.000064,0.855298,1,4,1,0.836048,0.832429,0.835723,0.835716,0.124889,0.12493
130_bNAb_Combinations|1313884|sample|4|nan|4168,0.00032,0.910725,2,4,1,0.88217,0.87112,0.881199,0.881164,0.178788,0.179006
130_bNAb_Combinations|1313884|sample|4|nan|4168,0.0016,0.951039,3,4,1,0.91468,0.881777,0.91173,0.911668,0.230169,0.230549
130_bNAb_Combinations|1313884|sample|4|nan|4168,0.008,1,4,4,1,0.936341,0.841802,0.927537,0.927418,0.417166,0.417901
130_bNAb_Combinations|1313884|sample|4|nan|4168,0.04,0.93895,5,4,1,0.930125,0.68318,0.904878,0.904601,0.200993,0.202686
130_bNAb_Combinations|1313884|sample|4|nan|4168,0.2,0.839584,6,4,1,0.889145,0.365707,0.820803,0.82011,0.12196,0.126567
130_bNAb_Combinations|1313884|sample|4|nan|4168,1,0.743183,7,4,1,0.809994,0.0668759,0.642497,0.640917,0.831771,0.846867
130_bNAb_Combinations|1313884|sample|4|nan|4168,5,0.341148,8,4,1,0.65197,0.00342063,0.335206,0.332789,0.092422,0.130932
130_bNAb_Combinations|1313884|sample|5|nan|4168,0.0006144,0.922661,1,5,1,0.835635,0.819563,0.834509,0.834515,0.563201,0.563163
130_bNAb_Combinations|1313884|sample|5|nan|4168,0.003072,0.913852,2,5,1,0.880903,0.832551,0.877484,0.877483,0.221141,0.221147
130_bNAb_Combinations|1313884|sample|5|nan|4168,0.01536,0.961512,3,5,1,0.910865,0.773153,0.900599,0.900635,0.361018,0.36079
130_bNAb_Combinations|1313884|sample|5|nan|4168,0.0768,0.95651,4,5,1,0.925029,0.57566,0.895005,0.895161,0.366771,0.365774
130_bNAb_Combinations|1313884|sample|5|nan|4168,0.384,0.877392,5,5,1,0.897834,0.231062,0.815791,0.81623,0.402464,0.399382
130_bNAb_Combinations|1313884|sample|5|nan|4168,1.92,0.606372,6,5,1,0.802441,0.0203524,0.608204,0.609115,-0.0159748,-0.0238731
130_bNAb_Combinations|1313884|sample|5|nan|4168,9.6,0.20403,7,5,1,0.601879,0.00294155,0.272591,0.273664,-1.30049,-1.31589
130_bNAb_Combinations|1313884|sample|5|nan|4168,48,0.0395206,8,5,1,0.278393,0.00276384,0.032448,0.0327412,0.846109,0.805813
130_bNAb_Combinations|1313884|sample|6|nan|4168,0.0006144,0.914177,1,6,1,0.835635,0.819563,0.834548,0.83455,0.508728,0.508712
130_bNAb_Combinations|1313884|sample|6|nan|4168,0.003072,0.90533,2,6,1,0.880903,0.832551,0.877602,0.877592,0.16858,0.168644
130_bNAb_Combinations|1313884|sample|6|nan|4168,0.01536,0.984926,3,6,1,0.910865,0.773153,0.900952,0.90096,0.4975,0.497447
130_bNAb_Combinations|1313884|sample|6|nan|4168,0.0768,0.925091,4,6,1,0.925029,0.57566,0.896025,0.896102,0.173131,0.172659
130_bNAb_Combinations|1313884|sample|6|nan|4168,0.384,0.830947,5,6,1,0.897834,0.231062,0.81849,0.81872,0.0811204,0.0796024
130_bNAb_Combinations|1313884|sample|6|nan|4168,1.92,0.605607,6,6,1,0.802441,0.0203524,0.614025,0.614489,-0.0727067,-0.0766554
130_bNAb_Combinations|1313884|sample|6|nan|4168,9.6,0.219678,7,6,1,0.601879,0.00294155,0.280041,0.280558,-1.11586,-1.12343
130_bNAb_Combinations|1313884|sample|6|nan|4168,48,0.0417587,8,6,1,0.278393,0.00276384,0.0347486,0.0348797,0.798064,0.780984
130_bNAb_Combinations|1313884|sample|7|nan|4168,0.0000768,0.836418,1,7,1,0.836033,0.831945,0.834973,0.834963,0.00922811,0.00929033
130_bNAb_Combinations|1313884|sample|7|nan|4168,0.000384,0.922776,2,7,1,0.882123,0.869649,0.878902,0.878856,0.266356,0.266652
130_bNAb_Combinations|1313884|sample|7|nan|4168,0.00192,0.897153,3,7,1,0.914539,0.877462,0.904838,0.904739,-0.0453404,-0.0447621
130_bNAb_Combinations|1313884|sample|7|nan|4168,0.0096,0.78389,4,7,1,0.935921,0.829919,0.907308,0.907077,-0.726133,-0.724957
130_bNAb_Combinations|1313884|sample|7|nan|4168,0.048,0.503936,5,7,1,0.928913,0.655733,0.848764,0.848175,-2.16665,-2.16443
130_bNAb_Combinations|1313884|sample|7|nan|4168,0.24,0.280795,6,7,1,0.885779,0.325488,0.681937,0.680558,-3.12573,-3.12118
130_bNAb_Combinations|1313884|sample|7|nan|4168,1.2,0.161478,7,7,1,0.801125,0.0491476,0.377392,0.375144,-2.99554,-2.98153
130_bNAb_Combinations|1313884|sample|7|nan|4168,6,0.0913986,8,7,1,0.631533,0.00305138,0.0762464,0.0749735,0.921129,1.01299
130_bNAb_Combinations|1313884|sample|8|nan|4168,0.0000768,0.913412,1,8,1,0.836033,0.831945,0.834978,0.834965,0.50084,0.500928
130_bNAb_Combinations|1313884|sample|8|nan|4168,0.000384,0.818351,2,8,1,0.882123,0.869649,0.878918,0.878862,-0.367691,-0.367379
130_bNAb_Combinations|1313884|sample|8|nan|4168,0.00192,0.894723,3,8,1,0.914539,0.877462,0.904885,0.90476,-0.0599451,-0.0592145
130_bNAb_Combinations|1313884|sample|8|nan|4168,0.0096,0.810594,4,8,1,0.935921,0.829919,0.907444,0.907137,-0.569737,-0.568117
130_bNAb_Combinations|1313884|sample|8|nan|4168,0.048,0.521984,5,8,1,0.928913,0.655733,0.849134,0.848337,-2.05469,-2.05158
130_bNAb_Combinations|1313884|sample|8|nan|4168,0.24,0.263512,6,8,1,0.885779,0.325488,0.682797,0.680932,-3.26306,-3.25728
130_bNAb_Combinations|1313884|sample|8|nan|4168,1.2,0.145199,7,8,1,0.801125,0.0491476,0.378751,0.375733,-3.22899,-3.21203
130_bNAb_Combinations|1313884|sample|8|nan|4168,6,0.0915325,8,8,1,0.631533,0.00305138,0.0769907,0.075292,0.876695,0.997986
130_bNAb_Combinations|1313884|sample|9|nan|4168,0.0003648,0.835442,1,9,1,0.835791,0.824366,0.834617,0.834595,0.00526953,0.0054129
130_bNAb_Combinations|1313884|sample|9|nan|4168,0.001824,0.770136,2,9,1,0.881379,0.846817,0.877815,0.877729,-0.65451,-0.654053
130_bNAb_Combinations|1313884|sample|9|nan|4168,0.00912,0.72326,3,9,1,0.912299,0.812225,0.901589,0.901373,-1.05576,-1.05473
130_bNAb_Combinations|1313884|sample|9|nan|4168,0.0456,0.460312,4,9,1,0.929269,0.663627,0.897875,0.897302,-2.60107,-2.59929
130_bNAb_Combinations|1313884|sample|9|nan|4168,0.228,0.270179,5,9,1,0.909847,0.345513,0.823418,0.821922,-3.58152,-3.57824
130_bNAb_Combinations|1313884|sample|9|nan|4168,1.14,0.154668,6,9,1,0.833995,0.0557648,0.624788,0.621489,-3.99156,-3.98416
130_bNAb_Combinations|1313884|sample|9|nan|4168,5.7,0.0824654,7,9,1,0.672813,0.00330291,0.294227,0.289763,-3.73372,-3.70894
130_bNAb_Combinations|1313884|sample|9|nan|4168,28.5,0.0480713,8,9,1,0.382322,0.00276342,0.0394632,0.0379049,0.891578,1.08534
130_bNAb_Combinations|1313884|vc|1|2|nan|4168,0,0.9016,1,2,1,0.836167,0.83616,0.836163,0.83616,0.41726,0.417285
130_bNAb_Combinations|1313884|vc|2|2|nan|4168,0,0.943493,2,2,1,0.882534,0.882525,0.882551,0.882525,0.368462,0.368636
130_bNAb_Combinations|1313884|vc|3|2|nan|4168,0,0.895508,3,2,1,0.882534,0.882525,0.882551,0.882525,0.0783353,0.0784997
130_bNAb_Combinations|1313884|vc|4|2|nan|4168,0,0.872534,4,2,1,0.882534,0.882525,0.882551,0.882525,-0.0605695,-0.0604092
130_bNAb_Combinations|1313884|vc|5|2|nan|4168,0,0.872572,5,2,1,0.882534,0.882525,0.882551,0.882525,-0.0603382,-0.0601779
130_bNAb_Combinations|1313884|vc|6|2|nan|4168,0,0.86009,6,2,1,0.882534,0.882525,0.882551,0.882525,-0.135805,-0.135647
130_bNAb_Combinations|1313884|vc|7|2|nan|4168,0,0.851932,7,2,1,0.882534,0.882525,0.882551,0.882525,-0.185133,-0.184976
130_bNAb_Combinations|1313884|vc|8|2|nan|4168,0,0.811301,8,2,1,0.836167,0.83616,0.836163,0.83616,-0.158534,-0.158511
130_bNAb_Combinations|1313920|cc|1|1|nan|1798,0,0.00106207,1,1,0,0,0,0,0,0.449069,0.449069
130_bNAb_Combinations|1313920|cc|2|1|nan|1798,0,0.00146853,2,1,0,0,0,0,0,0.620934,0.620934
130_bNAb_Combinations|1313920|cc|3|1|nan|1798,0,0.00173077,3,1,0,0,0,0,0,0.731815,0.731815
130_bNAb_Combinations|1313920|cc|4|1|nan|1798,0,0.00124563,4,1,0,0,0,0,0,0.526685,0.526685
130_bNAb_Combinations|1313920|cc|5|1|nan|1798,0,0.0014292,5,1,0,0,0,0,0,0.604302,0.604302
130_bNAb_Combinations|1313920|cc|6|1|nan|1798,0,0.0014292,6,1,0,0,0,0,0,0.604302,0.604302
130_bNAb_Combinations|1313920|cc|7|1|nan|1798,0,0.0012063,7,1,0,0,0,0,0,0.510053,0.510053
130_bNAb_Combinations|1313920|cc|8|1|nan|1798,0,0.00215035,8,1,0,0,0,0,0,0.909225,0.909225
130_bNAb_Combinations|1313920|sample|10|nan|1798,0.0003648,0.782696,1,10,1,0.835791,0.824362,0.808196,0.807432,-0.168143,-0.163251
130_bNAb_Combinations|1313920|sample|10|nan|1798,0.001824,0.776855,2,10,1,0.881379,0.846816,0.799519,0.797285,-0.151041,-0.136524
130_bNAb_Combinations|1313920|sample|10|nan|1798,0.00912,0.694879,3,10,1,0.912299,0.812231,0.68771,0.682135,0.0554029,0.0992753
130_bNAb_Combinations|1313920|sample|10|nan|1798,0.0456,0.420198,4,10,1,0.905695,0.646811,0.401145,0.391853,0.24916,0.37919
130_bNAb_Combinations|1313920|sample|10|nan|1798,0.228,0.0873778,5,10,1,0.886767,0.336773,0.0891224,0.0835857,-0.0926605,0.212974
130_bNAb_Combinations|1313920|sample|10|nan|1798,1.14,0.00264861,6,10,1,0.833995,0.0557731,0.00444037,0.00421204,-0.562513,-0.497416
130_bNAb_Combinations|1313920|sample|10|nan|1798,5.7,0.000629372,7,10,1,0.672813,0.00330318,0.00292017,0.00291689,-0.788714,-0.78775
130_bNAb_Combinations|1313920|sample|10|nan|1798,28.5,7.86715e-05,8,10,1,0.382322,0.0027636,0.00276661,0.0027636,-0.934577,-0.933711
130_bNAb_Combinations|1313920|sample|11|nan|1798,0.0003712,0.869963,1,11,1,0.835786,0.82496,0.827507,0.827679,0.273507,0.272342
130_bNAb_Combinations|1313920|sample|11|nan|1798,0.001856,0.691286,2,11,1,0.881366,0.848312,0.856069,0.856537,-1.02667,-1.02903
130_bNAb_Combinations|1313920|sample|11|nan|1798,0.00928,0.783024,3,11,1,0.879142,0.785973,0.807263,0.808498,-0.16001,-0.167906
130_bNAb_Combinations|1313920|sample|11|nan|1798,0.0464,0.669481,4,11,1,0.872705,0.628934,0.680131,0.682946,-0.0832025,-0.104768
130_bNAb_Combinations|1313920|sample|11|nan|1798,0.2319999999999999,0.434162,5,11,1,0.854256,0.330122,0.413934,0.418454,0.2566,0.197174
130_bNAb_Combinations|1313920|sample|11|nan|1798,1.16,0.115116,6,11,1,0.802848,0.0549724,0.101866,0.104648,0.625514,0.482499
130_bNAb_Combinations|1313920|sample|11|nan|1798,5.8,0.00319931,7,11,1,0.670708,0.00330297,0.00498011,0.00511491,-0.542103,-0.578752
130_bNAb_Combinations|1313920|sample|11|nan|1798,29,0.000760491,8,11,1,0.378911,0.00276348,0.00276665,0.00276366,-0.697524,-0.696619
130_bNAb_Combinations|1313920|sample|12|nan|1798,0.0003712,0.815542,1,12,1,0.835786,0.82496,0.827802,0.827931,-0.078959,-0.0797779
130_bNAb_Combinations|1313920|sample|12|nan|1798,0.001856,0.74085,2,12,1,0.83506,0.803745,0.811921,0.812263,-0.46651,-0.468563
130_bNAb_Combinations|1313920|sample|12|nan|1798,0.00928,0.723103,3,12,1,0.832953,0.744681,0.767172,0.768028,-0.30587,-0.311469
130_bNAb_Combinations|1313920|sample|12|nan|1798,0.0464,0.623072,4,12,1,0.826854,0.595892,0.650144,0.652025,-0.221066,-0.235758
130_bNAb_Combinations|1313920|sample|12|nan|1798,0.2319999999999999,0.462477,5,12,1,0.809375,0.312779,0.402368,0.405304,0.783775,0.740246
130_bNAb_Combinations|1313920|sample|12|nan|1798,1.16,0.11273,6,12,1,0.760668,0.0520844,0.103588,0.105379,0.425193,0.33669
130_bNAb_Combinations|1313920|sample|12|nan|1798,5.8,0.00295018,7,12,1,0.63547,0.00312945,0.00513045,0.00522042,-0.658144,-0.681879
130_bNAb_Combinations|1313920|sample|12|nan|1798,29,0,8,12,1,0.378911,0.00276348,0.00276673,0.00276374,-0.961966,-0.96111
130_bNAb_Combinations|1313920|sample|3|nan|1798,0.000064,0.927104,1,3,1,0.836048,0.832417,0.835132,0.835121,0.587179,0.587259
130_bNAb_Combinations|1313920|sample|3|nan|1798,0.00032,0.90564,2,3,1,0.88217,0.871099,0.879402,0.879351,0.159198,0.159518
130_bNAb_Combinations|1313920|sample|3|nan|1798,0.0016,0.884681,3,3,1,0.91468,0.881734,0.906352,0.906239,-0.127637,-0.126987
130_bNAb_Combinations|1313920|sample|3|nan|1798,0.008,0.948877,4,3,1,0.912588,0.820357,0.88861,0.888346,0.361936,0.363624
130_bNAb_Combinations|1313920|sample|3|nan|1798,0.04,0.855769,5,3,1,0.90653,0.665685,0.839026,0.838343,0.106403,0.11083
130_bNAb_Combinations|1313920|sample|3|nan|1798,0.2,0.458209,6,3,1,0.889145,0.365511,0.710439,0.708762,-1.88794,-1.87975
130_bNAb_Combinations|1313920|sample|3|nan|1798,1,0.22622,7,3,1,0.809994,0.0668085,0.424236,0.421309,-2.45276,-2.4328
130_bNAb_Combinations|1313920|sample|3|nan|1798,5,0.122223,8,3,1,0.65197,0.00341908,0.104862,0.102828,0.798725,0.907982
130_bNAb_Combinations|1313920|sample|4|nan|1798,0.000064,0.895872,1,4,1,0.836048,0.832417,0.835156,0.835124,0.387615,0.387836
130_bNAb_Combinations|1313920|sample|4|nan|1798,0.00032,0.93585,2,4,1,0.88217,0.871099,0.879477,0.879361,0.342017,0.342763
130_bNAb_Combinations|1313920|sample|4|nan|1798,0.0016,0.876977,3,4,1,0.91468,0.881734,0.906575,0.906269,-0.174276,-0.172533
130_bNAb_Combinations|1313920|sample|4|nan|1798,0.008,0.971855,4,4,1,0.936341,0.841711,0.912393,0.911558,0.347925,0.353131
130_bNAb_Combinations|1313920|sample|4|nan|1798,0.04,0.784276,5,4,1,0.930125,0.683012,0.862654,0.860406,-0.484654,-0.471965
130_bNAb_Combinations|1313920|sample|4|nan|1798,0.2,0.443294,6,4,1,0.889145,0.365511,0.714713,0.709335,-2.01963,-1.99436
130_bNAb_Combinations|1313920|sample|4|nan|1798,1,0.218818,7,4,1,0.809994,0.0668085,0.43158,0.422285,-2.59186,-2.53158
130_bNAb_Combinations|1313920|sample|4|nan|1798,5,0.123534,8,4,1,0.65197,0.00341908,0.109923,0.103483,0.600365,0.93345
130_bNAb_Combinations|1313920|sample|5|nan|1798,0.0006144,0.907764,1,5,1,0.835635,0.819537,0.834728,0.834701,0.46651,0.466696
130_bNAb_Combinations|1313920|sample|5|nan|1798,0.003072,0.859919,2,5,1,0.880903,0.832495,0.878165,0.878066,-0.110864,-0.110274
130_bNAb_Combinations|1313920|sample|5|nan|1798,0.01536,0.783712,3,5,1,0.910865,0.773036,0.90265,0.902394,-0.703332,-0.702011
130_bNAb_Combinations|1313920|sample|5|nan|1798,0.0768,0.672202,4,5,1,0.925029,0.575464,0.900963,0.900274,-1.35526,-1.3522
130_bNAb_Combinations|1313920|sample|5|nan|1798,0.384,0.368891,5,5,1,0.897834,0.230898,0.831671,0.829857,-2.96664,-2.96137
130_bNAb_Combinations|1313920|sample|5|nan|1798,1.92,0.184222,6,5,1,0.802441,0.0203296,0.643036,0.638969,-3.78717,-3.77702
130_bNAb_Combinations|1313920|sample|5|nan|1798,9.6,0.127972,7,5,1,0.601879,0.00294095,0.31928,0.313497,-3.11861,-3.07794
130_bNAb_Combinations|1313920|sample|5|nan|1798,48,0.0587283,8,5,1,0.278393,0.00276331,0.0488222,0.0464985,0.870198,1.11642
130_bNAb_Combinations|1313920|sample|6|nan|1798,0.0006144,0.830286,1,6,1,0.835635,0.819537,0.834666,0.834695,-0.0279818,-0.0281656
130_bNAb_Combinations|1313920|sample|6|nan|1798,0.003072,0.853841,2,6,1,0.880903,0.832495,0.877978,0.878049,-0.146683,-0.147105
130_bNAb_Combinations|1313920|sample|6|nan|1798,0.01536,0.751916,3,6,1,0.910865,0.773036,0.902091,0.902344,-0.888593,-0.889842
130_bNAb_Combinations|1313920|sample|6|nan|1798,0.0768,0.612799,4,6,1,0.925029,0.575464,0.899342,0.900128,-1.7006,-1.7038
130_bNAb_Combinations|1313920|sample|6|nan|1798,0.384,0.297509,5,6,1,0.897834,0.230898,0.827339,0.829468,-3.41397,-3.41902
130_bNAb_Combinations|1313920|sample|6|nan|1798,1.92,0.174251,6,6,1,0.802441,0.0203296,0.633418,0.638106,-3.8465,-3.85778
130_bNAb_Combinations|1313920|sample|6|nan|1798,9.6,0.113582,7,6,1,0.601879,0.00294095,0.305906,0.312296,-3.26674,-3.30894
130_bNAb_Combinations|1313920|sample|6|nan|1798,48,0.057994,8,6,1,0.278393,0.00276331,0.0436536,0.0460338,1.37506,1.10044
130_bNAb_Combinations|1313920|sample|7|nan|1798,0.0000768,0.81364,1,7,1,0.836033,0.831939,0.8277,0.827586,-0.0905543,-0.0898332
130_bNAb_Combinations|1313920|sample|7|nan|1798,0.000384,0.811293,2,7,1,0.882123,0.869644,0.856846,0.85648,-0.283559,-0.281398
130_bNAb_Combinations|1313920|sample|7|nan|1798,0.00192,0.832548,3,7,1,0.914539,0.877461,0.840455,0.839429,-0.0501666,-0.04371
130_bNAb_Combinations|1313920|sample|7|nan|1798,0.0096,0.838533,4,7,1,0.935921,0.829926,0.732524,0.729933,0.769969,0.791536
130_bNAb_Combinations|1313920|sample|7|nan|1798,0.048,0.504533,5,7,1,0.928913,0.655754,0.458069,0.453374,0.534184,0.59409
130_bNAb_Combinations|1313920|sample|7|nan|1798,0.24,0.121528,6,7,1,0.885779,0.325513,0.119359,0.11596,0.0888168,0.234076
130_bNAb_Combinations|1313920|sample|7|nan|1798,1.2,0.00317308,7,7,1,0.801125,0.049155,0.00590004,0.00566929,-0.789297,-0.731533
130_bNAb_Combinations|1313920|sample|7|nan|1798,6,0.000773603,8,7,1,0.631533,0.00305162,0.00276702,0.00276394,-0.693079,-0.692145
130_bNAb_Combinations|1313920|sample|8|nan|1798,0.0000768,0.853369,1,8,1,0.836033,0.831939,0.827502,0.827244,0.166647,0.16836
130_bNAb_Combinations|1313920|sample|8|nan|1798,0.000384,0.858752,2,8,1,0.882123,0.869644,0.85625,0.85545,0.0155866,0.0205843
130_bNAb_Combinations|1313920|sample|8|nan|1798,0.00192,0.804488,3,8,1,0.914539,0.877461,0.838759,0.836504,-0.217863,-0.204065
130_bNAb_Combinations|1313920|sample|8|nan|1798,0.0096,0.786951,4,8,1,0.935921,0.829926,0.728257,0.722598,0.428764,0.473717
130_bNAb_Combinations|1313920|sample|8|nan|1798,0.048,0.487829,5,8,1,0.928913,0.655754,0.450474,0.440459,0.436492,0.565762
130_bNAb_Combinations|1313920|sample|8|nan|1798,0.24,0.111628,6,8,1,0.885779,0.325513,0.114005,0.107129,-0.101442,0.203109
130_bNAb_Combinations|1313920|sample|8|nan|1798,1.2,0.0031862,7,8,1,0.801125,0.049155,0.0055535,0.00514076,-0.698134,-0.589672
130_bNAb_Combinations|1313920|sample|8|nan|1798,6,0.000694932,8,8,1,0.631533,0.00305162,0.00276692,0.00276381,-0.720401,-0.719464
130_bNAb_Combinations|1313920|sample|9|nan|1798,0.0003648,0.799965,1,9,1,0.835791,0.824362,0.809702,0.808636,-0.0640902,-0.0571477
130_bNAb_Combinations|1313920|sample|9|nan|1798,0.001824,0.747006,2,9,1,0.881379,0.846816,0.80385,0.800742,-0.376813,-0.357573
130_bNAb_Combinations|1313920|sample|9|nan|1798,0.00912,0.676214,3,9,1,0.912299,0.812231,0.698533,0.690723,-0.169854,-0.111639
130_bNAb_Combinations|1313920|sample|9|nan|1798,0.0456,0.461861,4,9,1,0.929269,0.663647,0.430362,0.416676,0.384771,0.569546
130_bNAb_Combinations|1313920|sample|9|nan|1798,0.228,0.0981493,5,9,1,0.909847,0.345539,0.103235,0.0944792,-0.237265,0.18519
130_bNAb_Combinations|1313920|sample|9|nan|1798,1.14,0.00317308,6,9,1,0.833995,0.0557731,0.00498305,0.00456347,-0.550889,-0.433408
130_bNAb_Combinations|1313920|sample|9|nan|1798,5.7,0.000485141,7,9,1,0.672813,0.00330318,0.00292025,0.00291693,-0.838396,-0.83743
130_bNAb_Combinations|1313920|sample|9|nan|1798,28.5,0.000563812,8,9,1,0.382322,0.0027636,0.00276661,0.0027636,-0.765897,-0.764998
130_bNAb_Combinations|1313920|vc|1|2|nan|1798,0,0.838599,1,2,1,0.836167,0.836153,0.836157,0.836153,0.0155727,0.0155959
130_bNAb_Combinations|1313920|vc|2|2|nan|1798,0,0.91969,2,2,1,0.882534,0.882517,0.882544,0.882517,0.224592,0.22476
130_bNAb_Combinations|1313920|vc|3|2|nan|1798,0,0.872133,3,2,1,0.882534,0.882517,0.882544,0.882517,-0.0629483,-0.0627884
130_bNAb_Combinations|1313920|vc|4|2|nan|1798,0,0.947723,4,2,1,0.882534,0.882517,0.882544,0.882517,0.394087,0.394261
130_bNAb_Combinations|1313920|vc|5|2|nan|1798,0,1,5,2,1,0.882534,0.882517,0.882544,0.882517,0.710167,0.71035
130_bNAb_Combinations|1313920|vc|6|2|nan|1798,0,0.938505,6,2,1,0.882534,0.882517,0.882544,0.882517,0.338355,0.338527
130_bNAb_Combinations|1313920|vc|7|2|nan|1798,0,0.844873,7,2,1,0.882534,0.882517,0.882544,0.882517,-0.227766,-0.227612
130_bNAb_Combinations|1313920|vc|8|2|nan|1798,0,0.756315,8,2,1,0.836167,0.836153,0.836157,0.836153,-0.509118,-0.509097
130_bNAb_Combinations|1313938|cc|1|1|TRO.11|8301,0,0.000314857,1,1,0,0,0,0,0,0.13313,0.13313
130_bNAb_Combinations|1313938|cc|2|1|TRO.11|8301,0,0.000558156,2,1,0,0,0,0,0,0.236003,0.236003
130_bNAb_Combinations|1313938|cc|3|1|TRO.11|8301,0,0.000586779,3,1,0,0,0,0,0,0.248105,0.248105
130_bNAb_Combinations|1313938|cc|4|1|TRO.11|8301,0,0.000686961,4,1,0,0,0,0,0,0.290465,0.290465
130_bNAb_Combinations|1313938|cc|5|1|TRO.11|8301,0,0.000615402,5,1,0,0,0,0,0,0.260208,0.260208
130_bNAb_Combinations|1313938|cc|6|1|TRO.11|8301,0,0.001102,6,1,0,0,0,0,0,0.465954,0.465954
130_bNAb_Combinations|1313938|cc|7|1|TRO.11|8301,0,0.00120218,7,1,0,0,0,0,0,0.508313,0.508313
130_bNAb_Combinations|1313938|cc|8|1|TRO.11|8301,0,0.000457974,8,1,0,0,0,0,0,0.193643,0.193643
130_bNAb_Combinations|1313938|sample|10|TRO.11|8301,0.0003648,0.972099,1,10,1,0.835791,0.824374,0.780392,0.780165,1.30838,1.3103
130_bNAb_Combinations|1313938|sample|10|TRO.11|8301,0.001824,0.800331,2,10,1,0.881379,0.846838,0.722341,0.721672,0.574299,0.579756
130_bNAb_Combinations|1313938|sample|10|TRO.11|8301,0.00912,0.620841,3,10,1,0.912299,0.812274,0.513294,0.511855,1.10664,1.12453
130_bNAb_Combinations|1313938|sample|10|TRO.11|8301,0.0456,0.181823,4,10,1,0.905695,0.646886,0.175625,0.174174,0.178046,0.221442
130_bNAb_Combinations|1313938|sample|10|TRO.11|8301,0.228,0.00905929,5,10,1,0.886767,0.336856,0.0118253,0.0116143,-0.607993,-0.566457
130_bNAb_Combinations|1313938|sample|10|TRO.11|8301,1.14,0.000415039,6,10,1,0.833995,0.0557984,0.00303579,0.0030321,-0.895732,-0.894678
130_bNAb_Combinations|1313938|sample|10|TRO.11|8301,5.7,0.000314857,7,10,1,0.672813,0.00330406,0.00292071,0.00291745,-0.897156,-0.896222
130_bNAb_Combinations|1313938|sample|10|TRO.11|8301,28.5,0.000887324,8,10,1,0.382322,0.00276419,0.00276719,0.00276418,-0.653593,-0.652673
130_bNAb_Combinations|1313938|sample|11|TRO.11|8301,0.0003712,0.957351,1,11,1,0.835786,0.832247,0.827058,0.826574,0.839828,0.843431
130_bNAb_Combinations|1313938|sample|11|TRO.11|8301,0.001856,0.926724,2,11,1,0.881366,0.868606,0.850328,0.84871,0.479147,0.490218
130_bNAb_Combinations|1313938|sample|11|TRO.11|8301,0.00928,0.826421,3,11,1,0.879142,0.836253,0.777903,0.773205,0.332168,0.366513
130_bNAb_Combinations|1313938|sample|11|TRO.11|8301,0.0464,0.657393,4,11,1,0.872705,0.735536,0.57593,0.564968,0.749058,0.865985
130_bNAb_Combinations|1313938|sample|11|TRO.11|8301,0.2319999999999999,0.217337,5,11,1,0.854256,0.477959,0.212177,0.199973,0.124153,0.441776
130_bNAb_Combinations|1313938|sample|11|TRO.11|8301,1.16,0.00788574,6,11,1,0.802848,0.116537,0.0112421,0.00990354,-0.755646,-0.481063
130_bNAb_Combinations|1313938|sample|11|TRO.11|8301,5.8,4.2935e-05,7,11,1,0.670708,0.0042286,0.00292109,0.00291753,-0.990882,-0.989882
130_bNAb_Combinations|1313938|sample|11|TRO.11|8301,29,0.00034348,8,11,1,0.378911,0.00276374,0.00276674,0.00276373,-0.842545,-0.84166
130_bNAb_Combinations|1313938|sample|12|TRO.11|8301,0.0003712,0.867789,1,12,1,0.835786,0.832247,0.826646,0.82645,0.265323,0.266647
130_bNAb_Combinations|1313938|sample|12|TRO.11|8301,0.001856,0.853241,2,12,1,0.83506,0.822973,0.804273,0.803714,0.32443,0.328361
130_bNAb_Combinations|1313938|sample|12|TRO.11|8301,0.00928,0.83694,3,12,1,0.832953,0.79232,0.732804,0.731327,0.756078,0.768321
130_bNAb_Combinations|1313938|sample|12|TRO.11|8301,0.0464,0.620225,4,12,1,0.826854,0.696894,0.535236,0.532211,0.839514,0.874223
130_bNAb_Combinations|1313938|sample|12|TRO.11|8301,0.2319999999999999,0.188106,5,12,1,0.809375,0.452849,0.188734,0.185942,-0.016885,0.0589366
130_bNAb_Combinations|1313938|sample|12|TRO.11|8301,1.16,0.00864425,6,12,1,0.760668,0.110414,0.0092331,0.0090052,-0.144657,-0.0895987
130_bNAb_Combinations|1313938|sample|12|TRO.11|8301,5.8,0,7,12,1,0.63547,0.00400645,0.00276723,0.00276419,-0.962107,-0.961238
130_bNAb_Combinations|1313938|sample|12|TRO.11|8301,29,0.000143117,8,12,1,0.378911,0.00276374,0.00276674,0.00276373,-0.912209,-0.911338
130_bNAb_Combinations|1313938|sample|3|TRO.11|8301,0.000064,0.999256,1,3,1,0.836048,0.832426,0.834648,0.834628,1.05151,1.05165
130_bNAb_Combinations|1313938|sample|3|TRO.11|8301,0.00032,1,2,3,1,0.88217,0.871109,0.877907,0.87783,0.742046,0.742575
130_bNAb_Combinations|1313938|sample|3|TRO.11|8301,0.0016,0.897106,3,3,1,0.91468,0.88175,0.901865,0.901675,-0.0281628,-0.0270449
130_bNAb_Combinations|1313938|sample|3|TRO.11|8301,0.008,0.970361,4,3,1,0.912588,0.820386,0.875874,0.875392,0.575574,0.578826
130_bNAb_Combinations|1313938|sample|3|TRO.11|8301,0.04,0.880483,5,3,1,0.90653,0.665734,0.804598,0.803339,0.502573,0.511696
130_bNAb_Combinations|1313938|sample|3|TRO.11|8301,0.2,0.715899,6,3,1,0.889145,0.365568,0.629438,0.62657,0.728779,0.756329
130_bNAb_Combinations|1313938|sample|3|TRO.11|8301,1,0.31236,7,3,1,0.809994,0.0668281,0.300466,0.296518,0.20553,0.277244
130_bNAb_Combinations|1313938|sample|3|TRO.11|8301,5,0.0404162,8,3,1,0.65197,0.00341974,0.0416594,0.0402212,-0.123574,0.0199091
130_bNAb_Combinations|1313938|sample|4|TRO.11|8301,0.000064,0.979763,1,4,1,0.836048,0.832426,0.834695,0.834632,0.926639,0.927109
130_bNAb_Combinations|1313938|sample|4|TRO.11|8301,0.00032,0.958596,2,4,1,0.88217,0.871109,0.87805,0.877841,0.489458,0.490845
130_bNAb_Combinations|1313938|sample|4|TRO.11|8301,0.0016,0.947948,3,4,1,0.91468,0.88175,0.902292,0.901706,0.270091,0.273733
130_bNAb_Combinations|1313938|sample|4|TRO.11|8301,0.008,0.949609,4,4,1,0.936341,0.841739,0.899911,0.898268,0.294763,0.305059
130_bNAb_Combinations|1313938|sample|4|TRO.11|8301,0.04,0.862629,5,4,1,0.930125,0.683062,0.828845,0.824491,0.217303,0.246582
130_bNAb_Combinations|1313938|sample|4|TRO.11|8301,0.2,0.698095,6,4,1,0.889145,0.365568,0.636732,0.627101,0.511423,0.600598
130_bNAb_Combinations|1313938|sample|4|TRO.11|8301,1,0.273174,7,4,1,0.809994,0.0668281,0.310452,0.297231,-0.624285,-0.420047
130_bNAb_Combinations|1313938|sample|4|TRO.11|8301,5,0.0442374,8,4,1,0.65197,0.00341974,0.0453593,0.0404717,-0.104422,0.38265
130_bNAb_Combinations|1313938|sample|5|TRO.11|8301,0.0006144,0.941673,1,5,1,0.835635,0.819549,0.829966,0.829944,0.717544,0.717701
130_bNAb_Combinations|1313938|sample|5|TRO.11|8301,0.003072,0.958739,2,5,1,0.880903,0.832515,0.863666,0.863579,0.58722,0.587812
130_bNAb_Combinations|1313938|sample|5|TRO.11|8301,0.01536,0.915761,3,5,1,0.910865,0.773072,0.86001,0.859783,0.345788,0.347285
130_bNAb_Combinations|1313938|sample|5|TRO.11|8301,0.0768,0.82456,4,5,1,0.925029,0.575522,0.782944,0.782356,0.283119,0.287328
130_bNAb_Combinations|1313938|sample|5|TRO.11|8301,0.384,0.514634,5,5,1,0.897834,0.230945,0.554435,0.553185,-0.379843,-0.368728
130_bNAb_Combinations|1313938|sample|5|TRO.11|8301,1.92,0.141399,6,5,1,0.802441,0.0203363,0.202779,0.201417,-1.5413,-1.51668
130_bNAb_Combinations|1313938|sample|5|TRO.11|8301,9.6,0.0210382,7,5,1,0.601879,0.00294135,0.0154679,0.0152208,1.06663,1.12376
130_bNAb_Combinations|1313938|sample|5|TRO.11|8301,48,0.00739914,8,5,1,0.278393,0.00276368,0.00277838,0.0027748,1.60539,1.607
130_bNAb_Combinations|1313938|sample|6|TRO.11|8301,0.0006144,0.9722,1,6,1,0.835635,0.819549,0.829693,0.82991,0.915678,0.914047
130_bNAb_Combinations|1313938|sample|6|TRO.11|8301,0.003072,0.899854,2,6,1,0.880903,0.832515,0.862842,0.863476,0.228821,0.224733
130_bNAb_Combinations|1313938|sample|6|TRO.11|8301,0.01536,0.850665,3,6,1,0.910865,0.773072,0.85763,0.859486,-0.0433159,-0.0547479
130_bNAb_Combinations|1313938|sample|6|TRO.11|8301,0.0768,0.801476,4,6,1,0.925029,0.575522,0.776682,0.781574,0.170005,0.135626
130_bNAb_Combinations|1313938|sample|6|TRO.11|8301,0.384,0.527478,5,6,1,0.897834,0.230945,0.541786,0.551596,-0.139661,-0.231321
130_bNAb_Combinations|1313938|sample|6|TRO.11|8301,1.92,0.143947,6,6,1,0.802441,0.0203363,0.190096,0.1998,-1.23128,-1.42218
130_bNAb_Combinations|1313938|sample|6|TRO.11|8301,9.6,0.0206374,7,6,1,0.601879,0.00294135,0.0134386,0.0149526,1.48506,1.10877
130_bNAb_Combinations|1313938|sample|6|TRO.11|8301,48,0.00800023,8,6,1,0.278393,0.00276368,0.00277436,0.00277423,1.81609,1.81615
130_bNAb_Combinations|1313938|sample|7|TRO.11|8301,0.0000768,0.947047,1,7,1,0.836033,0.831949,0.817616,0.816911,0.843753,0.849072
130_bNAb_Combinations|1313938|sample|7|TRO.11|8301,0.000384,0.922266,2,7,1,0.882123,0.869657,0.826854,0.824751,0.615145,0.630279
130_bNAb_Combinations|1313938|sample|7|TRO.11|8301,0.00192,0.797075,3,7,1,0.914539,0.877483,0.757941,0.752359,0.274866,0.316363
130_bNAb_Combinations|1313938|sample|7|TRO.11|8301,0.0096,0.572639,4,7,1,0.935921,0.82997,0.543753,0.532265,0.280969,0.400983
130_bNAb_Combinations|1313938|sample|7|TRO.11|8301,0.048,0.211555,5,7,1,0.928913,0.655831,0.197015,0.18552,0.375155,0.710677
130_bNAb_Combinations|1313938|sample|7|TRO.11|8301,0.24,0.00928828,6,7,1,0.885779,0.325594,0.0142467,0.0125352,-0.99232,-0.6937
130_bNAb_Combinations|1313938|sample|7|TRO.11|8301,1.2,0.000157428,7,7,1,0.801125,0.0491777,0.00292935,0.00292327,-0.953807,-0.952085
130_bNAb_Combinations|1313938|sample|7|TRO.11|8301,6,0.001102,8,7,1,0.631533,0.0030524,0.00276719,0.00276418,-0.578955,-0.57802
130_bNAb_Combinations|1313938|sample|8|TRO.11|8301,0.0000768,0.992465,1,8,1,0.836033,0.831949,0.817506,0.81762,1.1407,1.1398
130_bNAb_Combinations|1313938|sample|8|TRO.11|8301,0.000384,0.918846,2,8,1,0.882123,0.869657,0.826531,0.826833,0.595406,0.593244
130_bNAb_Combinations|1313938|sample|8|TRO.11|8301,0.00192,0.798592,3,8,1,0.914539,0.877483,0.757083,0.757873,0.291872,0.286022
130_bNAb_Combinations|1313938|sample|8|TRO.11|8301,0.0096,0.614093,4,8,1,0.935921,0.82997,0.541986,0.543554,0.703601,0.686352
130_bNAb_Combinations|1313938|sample|8|TRO.11|8301,0.048,0.216235,5,8,1,0.928913,0.655831,0.19523,0.196728,0.546613,0.50398
130_bNAb_Combinations|1313938|sample|8|TRO.11|8301,0.24,0.0118501,6,8,1,0.885779,0.325594,0.0139715,0.0141849,-0.428919,-0.468346
130_bNAb_Combinations|1313938|sample|8|TRO.11|8301,1.2,0.000787142,7,8,1,0.801125,0.0491777,0.00292885,0.00292596,-0.736977,-0.736118
130_bNAb_Combinations|1313938|sample|8|TRO.11|8301,6,0.000543844,8,8,1,0.631533,0.0030524,0.00276719,0.00276418,-0.773014,-0.772117
130_bNAb_Combinations|1313938|sample|9|TRO.11|8301,0.0003648,0.965087,1,9,1,0.835791,0.824374,0.78133,0.77907,1.25264,1.27166
130_bNAb_Combinations|1313938|sample|9|TRO.11|8301,0.001824,0.834471,2,9,1,0.881379,0.846838,0.724858,0.718742,0.804417,0.856405
130_bNAb_Combinations|1313938|sample|9|TRO.11|8301,0.00912,0.637786,3,9,1,0.912299,0.812274,0.518447,0.505908,1.21607,1.37633
130_bNAb_Combinations|1313938|sample|9|TRO.11|8301,0.0456,0.173393,4,9,1,0.929269,0.663723,0.18529,0.172981,-0.325109,0.0120171
130_bNAb_Combinations|1313938|sample|9|TRO.11|8301,0.228,0.00868719,5,9,1,0.909847,0.345624,0.0128446,0.0111695,-0.877506,-0.560548
130_bNAb_Combinations|1313938|sample|9|TRO.11|8301,1.14,0.00025761,6,9,1,0.833995,0.0557984,0.00303678,0.0030312,-0.949817,-0.948245
130_bNAb_Combinations|1313938|sample|9|TRO.11|8301,5.7,0.000543844,7,9,1,0.672813,0.00330406,0.00292071,0.00291745,-0.818319,-0.817368
130_bNAb_Combinations|1313938|sample|9|TRO.11|8301,28.5,0.00104475,8,9,1,0.382322,0.00276419,0.00276719,0.00276418,-0.598858,-0.597927
130_bNAb_Combinations|1313938|vc|1|2|TRO.11|8301,0,0.914116,1,2,1,0.836167,0.83616,0.836163,0.83616,0.497065,0.49709
130_bNAb_Combinations|1313938|vc|2|2|TRO.11|8301,0,0.902924,2,2,1,0.882534,0.882523,0.88255,0.882523,0.123183,0.123349
130_bNAb_Combinations|1313938|vc|3|2|TRO.11|8301,0,0.968414,3,2,1,0.882534,0.882523,0.88255,0.882523,0.519149,0.519326
130_bNAb_Combinations|1313938|vc|4|2|TRO.11|8301,0,0.926266,4,2,1,0.882534,0.882523,0.88255,0.882523,0.264316,0.264485
130_bNAb_Combinations|1313938|vc|5|2|TRO.11|8301,0,0.902967,5,2,1,0.882534,0.882523,0.88255,0.882523,0.123443,0.123608
130_bNAb_Combinations|1313938|vc|6|2|TRO.11|8301,0,0.92744,6,2,1,0.882534,0.882523,0.88255,0.882523,0.271411,0.271581
130_bNAb_Combinations|1313938|vc|7|2|TRO.11|8301,0,0.886129,7,2,1,0.882534,0.882523,0.88255,0.882523,0.0216392,0.0218013
130_bNAb_Combinations|1313938|vc|8|2|TRO.11|8301,0,0.777732,8,2,1,0.836167,0.83616,0.836163,0.83616,-0.372588,-0.372566
130_bNAb_Combinations|1313956|cc|1|1|Ce1176_A3|7023,0,0.000508745,1,1,0,0,0,0,0,0.21511,0.21511
130_bNAb_Combinations|1313956|cc|2|1|Ce1176_A3|7023,0,0.000481245,2,1,0,0,0,0,0,0.203483,0.203483
130_bNAb_Combinations|1313956|cc|3|1|Ce1176_A3|7023,0,0.000632494,3,1,0,0,0,0,0,0.267435,0.267435
130_bNAb_Combinations|1313956|cc|4|1|Ce1176_A3|7023,0,0.00112749,4,1,0,0,0,0,0,0.476731,0.476731
130_bNAb_Combinations|1313956|cc|5|1|Ce1176_A3|7023,0,0.00140249,5,1,0,0,0,0,0,0.593007,0.593007
130_bNAb_Combinations|1313956|cc|6|1|Ce1176_A3|7023,0,0.00147124,6,1,0,0,0,0,0,0.622076,0.622076
130_bNAb_Combinations|1313956|cc|7|1|Ce1176_A3|7023,0,0.00120999,7,1,0,0,0,0,0,0.511614,0.511614
130_bNAb_Combinations|1313956|cc|8|1|Ce1176_A3|7023,0,0.00149874,8,1,0,0,0,0,0,0.633704,0.633704
130_bNAb_Combinations|1313956|sample|10|Ce1176_A3|7023,0.0003648,0.703622,1,10,1,0.835791,0.824386,0.781024,0.781043,-0.527843,-0.52796
130_bNAb_Combinations|1313956|sample|10|Ce1176_A3|7023,0.001824,0.749608,2,10,1,0.881379,0.846822,0.724019,0.724009,0.188006,0.188079
130_bNAb_Combinations|1313956|sample|10|Ce1176_A3|7023,0.00912,0.514314,3,10,1,0.912299,0.81219,0.51675,0.516657,-0.0249112,-0.0239623
130_bNAb_Combinations|1313956|sample|10|Ce1176_A3|7023,0.0456,0.208599,4,10,1,0.905695,0.646698,0.178995,0.178823,0.83557,0.84119
130_bNAb_Combinations|1313956|sample|10|Ce1176_A3|7023,0.228,0.00944616,5,10,1,0.886767,0.336628,0.0123008,0.0122611,-0.615577,-0.607987
130_bNAb_Combinations|1313956|sample|10|Ce1176_A3|7023,1.14,0.000343747,6,10,1,0.833995,0.0557275,0.00303676,0.00303329,-0.920373,-0.919388
130_bNAb_Combinations|1313956|sample|10|Ce1176_A3|7023,5.7,0.000233748,7,10,1,0.672813,0.00330359,0.00292099,0.00291774,-0.925163,-0.924235
130_bNAb_Combinations|1313956|sample|10|Ce1176_A3|7023,28.5,0.000398746,8,10,1,0.382322,0.00276446,0.00276746,0.00276446,-0.823541,-0.822654
130_bNAb_Combinations|1313956|sample|11|Ce1176_A3|7023,0.0003712,0.688607,1,11,1,0.835786,0.824258,0.826225,0.826005,-0.887924,-0.886736
130_bNAb_Combinations|1313956|sample|11|Ce1176_A3|7023,0.001856,0.732462,2,11,1,0.881366,0.846438,0.852347,0.851662,-0.750151,-0.746456
130_bNAb_Combinations|1313956|sample|11|Ce1176_A3|7023,0.00928,0.765771,3,11,1,0.879142,0.781669,0.797592,0.795752,-0.212564,-0.200728
130_bNAb_Combinations|1313956|sample|11|Ce1176_A3|7023,0.0464,0.662853,4,11,1,0.872705,0.620817,0.658084,0.653679,0.0384846,0.0745201
130_bNAb_Combinations|1313956|sample|11|Ce1176_A3|7023,0.2319999999999999,0.428576,5,11,1,0.854256,0.32083,0.378865,0.37159,0.687095,0.802551
130_bNAb_Combinations|1313956|sample|11|Ce1176_A3|7023,1.16,0.0788005,6,11,1,0.802848,0.0521453,0.0813273,0.0771237,-0.145321,0.10094
130_bNAb_Combinations|1313956|sample|11|Ce1176_A3|7023,5.8,0.00151248,7,11,1,0.670708,0.00327332,0.00409468,0.00393386,-0.827247,-0.783182
130_bNAb_Combinations|1313956|sample|11|Ce1176_A3|7023,29,0.000233748,8,11,1,0.378911,0.00276377,0.00276683,0.0027638,-0.880723,-0.879841
130_bNAb_Combinations|1313956|sample|12|Ce1176_A3|7023,0.0003712,0.632164,1,12,1,0.835786,0.824258,0.82522,0.824903,-1.24711,-1.24553
130_bNAb_Combinations|1313956|sample|12|Ce1176_A3|7023,0.001856,0.613698,2,12,1,0.83506,0.801969,0.804694,0.803793,-1.26478,-1.2602
130_bNAb_Combinations|1313956|sample|12|Ce1176_A3|7023,0.00928,0.591375,3,12,1,0.832953,0.740603,0.747952,0.745501,-1.11419,-1.1003
130_bNAb_Combinations|1313956|sample|12|Ce1176_A3|7023,0.0464,0.519222,4,12,1,0.826854,0.588201,0.605276,0.599506,-0.753708,-0.709797
130_bNAb_Combinations|1313956|sample|12|Ce1176_A3|7023,0.2319999999999999,0.330526,5,12,1,0.809375,0.303974,0.329858,0.320888,0.010558,0.156365
130_bNAb_Combinations|1313956|sample|12|Ce1176_A3|7023,1.16,0.0625069,6,12,1,0.760668,0.0494058,0.0614017,0.0570082,0.080627,0.426393
130_bNAb_Combinations|1313956|sample|12|Ce1176_A3|7023,5.8,0.00237873,7,12,1,0.63547,0.00310135,0.00337245,0.00325923,-0.332571,-0.296755
130_bNAb_Combinations|1313956|sample|12|Ce1176_A3|7023,29,0.000769992,8,12,1,0.378911,0.00276377,0.00276679,0.00276378,-0.694265,-0.693351
130_bNAb_Combinations|1313956|sample|3|Ce1176_A3|7023,0.000064,0.742974,1,3,1,0.836048,0.832455,0.835435,0.835441,-0.590088,-0.590121
130_bNAb_Combinations|1313956|sample|3|Ce1176_A3|7023,0.00032,0.893054,2,3,1,0.88217,0.871139,0.880256,0.880257,0.0775762,0.077567
130_bNAb_Combinations|1313956|sample|3|Ce1176_A3|7023,0.0016,0.908543,3,3,1,0.91468,0.881773,0.90883,0.908876,-0.00168831,-0.00195911
130_bNAb_Combinations|1313956|sample|3|Ce1176_A3|7023,0.008,0.937844,4,3,1,0.912588,0.820396,0.895618,0.895811,0.251633,0.250426
130_bNAb_Combinations|1313956|sample|3|Ce1176_A3|7023,0.04,0.777115,5,3,1,0.90653,0.665722,0.858313,0.858898,-0.504598,-0.507895
130_bNAb_Combinations|1313956|sample|3|Ce1176_A3|7023,0.2,0.561758,6,3,1,0.889145,0.365539,0.758681,0.760191,-1.3818,-1.38968
130_bNAb_Combinations|1313956|sample|3|Ce1176_A3|7023,1,0.368964,7,3,1,0.809994,0.0668163,0.512142,0.515029,-1.47652,-1.49805
130_bNAb_Combinations|1313956|sample|3|Ce1176_A3|7023,5,0.208888,8,3,1,0.65197,0.00341992,0.176704,0.17943,0.919373,0.829561
130_bNAb_Combinations|1313956|sample|4|Ce1176_A3|7023,0.000064,0.71326,1,4,1,0.836048,0.832455,0.835452,0.835434,-0.779814,-0.779718
130_bNAb_Combinations|1313956|sample|4|Ce1176_A3|7023,0.00032,0.883119,2,4,1,0.88217,0.871139,0.880309,0.880239,0.0170351,0.0174623
130_bNAb_Combinations|1313956|sample|4|Ce1176_A3|7023,0.0016,0.934819,3,4,1,0.91468,0.881773,0.908989,0.90882,0.15169,0.152712
130_bNAb_Combinations|1313956|sample|4|Ce1176_A3|7023,0.008,0.950487,4,4,1,0.936341,0.841747,0.919395,0.918959,0.180559,0.183175
130_bNAb_Combinations|1313956|sample|4|Ce1176_A3|7023,0.04,0.817519,5,4,1,0.930125,0.683047,0.881953,0.88079,-0.389844,-0.383303
130_bNAb_Combinations|1313956|sample|4|Ce1176_A3|7023,0.2,0.59253,6,4,1,0.889145,0.365539,0.761935,0.75904,-1.18372,-1.16785
130_bNAb_Combinations|1313956|sample|4|Ce1176_A3|7023,1,0.33859,7,4,1,0.809994,0.0668163,0.518482,0.51279,-1.83298,-1.79421
130_bNAb_Combinations|1313956|sample|4|Ce1176_A3|7023,5,0.207004,8,4,1,0.65197,0.00341992,0.182895,0.177255,0.666926,0.847346
130_bNAb_Combinations|1313956|sample|5|Ce1176_A3|7023,0.0006144,0.687672,1,5,1,0.835635,0.819574,0.835063,0.835039,-0.941064,-0.94094
130_bNAb_Combinations|1313956|sample|5|Ce1176_A3|7023,0.003072,0.893274,2,5,1,0.880903,0.832535,0.879116,0.879028,0.0859284,0.0864739
130_bNAb_Combinations|1313956|sample|5|Ce1176_A3|7023,0.01536,0.886089,3,5,1,0.910865,0.773075,0.905413,0.905189,-0.113928,-0.112631
130_bNAb_Combinations|1313956|sample|5|Ce1176_A3|7023,0.0768,0.71535,4,5,1,0.925029,0.575497,0.908922,0.908325,-1.13689,-1.13411
130_bNAb_Combinations|1313956|sample|5|Ce1176_A3|7023,0.384,0.488319,5,5,1,0.897834,0.230917,0.853106,0.851518,-2.28056,-2.27481
130_bNAb_Combinations|1313956|sample|5|Ce1176_A3|7023,1.92,0.393054,6,5,1,0.802441,0.0203325,0.692032,0.688304,-2.2963,-2.27972
130_bNAb_Combinations|1313956|sample|5|Ce1176_A3|7023,9.6,0.204928,7,5,1,0.601879,0.00294174,0.393533,0.387437,-2.51272,-2.46854
130_bNAb_Combinations|1313956|sample|5|Ce1176_A3|7023,48,0.100326,8,5,1,0.278393,0.00276406,0.0854035,0.0818047,0.822568,1.05978
130_bNAb_Combinations|1313956|sample|6|Ce1176_A3|7023,0.0006144,0.700267,1,6,1,0.835635,0.819574,0.835029,0.834988,-0.860465,-0.860247
130_bNAb_Combinations|1313956|sample|6|Ce1176_A3|7023,0.003072,0.779562,2,6,1,0.880903,0.832535,0.879012,0.878871,-0.603677,-0.602918
130_bNAb_Combinations|1313956|sample|6|Ce1176_A3|7023,0.01536,0.830994,3,6,1,0.910865,0.773075,0.905101,0.904721,-0.437061,-0.434996
130_bNAb_Combinations|1313956|sample|6|Ce1176_A3|7023,0.0768,0.671062,4,6,1,0.925029,0.575497,0.908013,0.906961,-1.39303,-1.38843
130_bNAb_Combinations|1313956|sample|6|Ce1176_A3|7023,0.384,0.520893,5,6,1,0.897834,0.230917,0.85063,0.84781,-2.06736,-2.05639
130_bNAb_Combinations|1313956|sample|6|Ce1176_A3|7023,1.92,0.352251,6,6,1,0.802441,0.0203325,0.686243,0.679676,-2.58646,-2.55965
130_bNAb_Combinations|1313956|sample|6|Ce1176_A3|7023,9.6,0.186758,7,6,1,0.601879,0.00294174,0.384208,0.373734,-2.69235,-2.61861
130_bNAb_Combinations|1313956|sample|6|Ce1176_A3|7023,48,0.0915191,8,6,1,0.278393,0.00276406,0.0800232,0.0742096,0.670422,1.0769
130_bNAb_Combinations|1313956|sample|7|Ce1176_A3|7023,0.0000768,0.644896,1,7,1,0.836033,0.831971,0.818704,0.818393,-1.13157,-1.12996
130_bNAb_Combinations|1313956|sample|7|Ce1176_A3|7023,0.000384,0.807536,2,7,1,0.882123,0.86967,0.830008,0.829061,-0.144341,-0.13841
130_bNAb_Combinations|1313956|sample|7|Ce1176_A3|7023,0.00192,0.874608,3,7,1,0.914539,0.877463,0.76632,0.763779,0.752401,0.772577
130_bNAb_Combinations|1313956|sample|7|Ce1176_A3|7023,0.0096,0.712752,4,7,1,0.935921,0.829878,0.561238,0.555848,1.42884,1.4937
130_bNAb_Combinations|1313956|sample|7|Ce1176_A3|7023,0.048,0.234181,5,7,1,0.928913,0.655632,0.215333,0.2095,0.447242,0.601034
130_bNAb_Combinations|1313956|sample|7|Ce1176_A3|7023,0.24,0.0112199,6,7,1,0.885779,0.325369,0.0173438,0.0162886,-1.09966,-0.943198
130_bNAb_Combinations|1313956|sample|7|Ce1176_A3|7023,1.2,0.000769992,7,7,1,0.801125,0.0491145,0.0029365,0.00293062,-0.74515,-0.743405
130_bNAb_Combinations|1313956|sample|7|Ce1176_A3|7023,6,0.000536245,8,7,1,0.631533,0.00305211,0.00276746,0.00276446,-0.775736,-0.77484
130_bNAb_Combinations|1313956|sample|8|Ce1176_A3|7023,0.0000768,0.696355,1,8,1,0.836033,0.831971,0.819329,0.818814,-0.800012,-0.797158
130_bNAb_Combinations|1313956|sample|8|Ce1176_A3|7023,0.000384,0.873701,2,8,1,0.882123,0.86967,0.831848,0.830301,0.268237,0.278663
130_bNAb_Combinations|1313956|sample|8|Ce1176_A3|7023,0.00192,0.872793,3,8,1,0.914539,0.877463,0.771251,0.767095,0.701092,0.733681
130_bNAb_Combinations|1313956|sample|8|Ce1176_A3|7023,0.0096,0.757666,4,8,1,0.935921,0.829878,0.571687,0.562816,1.72251,1.83248
130_bNAb_Combinations|1313956|sample|8|Ce1176_A3|7023,0.048,0.240416,5,8,1,0.928913,0.655632,0.226774,0.216948,0.308263,0.552975
130_bNAb_Combinations|1313956|sample|8|Ce1176_A3|7023,0.24,0.0117424,6,8,1,0.885779,0.325369,0.0195244,0.017619,-1.30315,-1.04572
130_bNAb_Combinations|1313956|sample|8|Ce1176_A3|7023,1.2,0.000178748,7,8,1,0.801125,0.0491145,0.00294282,0.00293394,-0.950294,-0.947776
130_bNAb_Combinations|1313956|sample|8|Ce1176_A3|7023,6,0.000316247,8,8,1,0.631533,0.00305211,0.00276746,0.00276446,-0.852224,-0.851343
130_bNAb_Combinations|1313956|sample|9|Ce1176_A3|7023,0.0003648,0.758106,1,9,1,0.835791,0.824386,0.781716,0.782075,-0.160871,-0.163243
130_bNAb_Combinations|1313956|sample|9|Ce1176_A3|7023,0.001824,0.682688,2,9,1,0.881379,0.846822,0.725877,0.726783,-0.316519,-0.322761
130_bNAb_Combinations|1313956|sample|9|Ce1176_A3|7023,0.00912,0.715818,3,9,1,0.912299,0.81219,0.520569,0.522364,1.98168,1.95687
130_bNAb_Combinations|1313956|sample|9|Ce1176_A3|7023,0.0456,0.196719,4,9,1,0.929269,0.663528,0.187466,0.189192,0.250124,0.201745
130_bNAb_Combinations|1313956|sample|9|Ce1176_A3|7023,0.228,0.00966615,5,9,1,0.909847,0.345389,0.0131683,0.013406,-0.729995,-0.772468
130_bNAb_Combinations|1313956|sample|9|Ce1176_A3|7023,1.14,0.000756242,6,9,1,0.833995,0.0557275,0.00303757,0.00303453,-0.779634,-0.778743
130_bNAb_Combinations|1313956|sample|9|Ce1176_A3|7023,5.7,0.000439996,7,9,1,0.672813,0.00330359,0.00292099,0.00291774,-0.854156,-0.853214
130_bNAb_Combinations|1313956|sample|9|Ce1176_A3|7023,28.5,0,8,9,1,0.382322,0.00276446,0.00276746,0.00276446,-0.962175,-0.961315
130_bNAb_Combinations|1313956|vc|1|2|Ce1176_A3|7023,0,0.749127,1,2,1,0.836167,0.83619,0.836194,0.83619,-0.555167,-0.555146
130_bNAb_Combinations|1313956|vc|2|2|Ce1176_A3|7023,0,0.930921,2,2,1,0.882534,0.882557,0.882584,0.882557,0.292244,0.292415
130_bNAb_Combinations|1313956|vc|3|2|Ce1176_A3|7023,0,1,3,2,1,0.882534,0.882557,0.882584,0.882557,0.709895,0.710078
130_bNAb_Combinations|1313956|vc|4|2|Ce1176_A3|7023,0,0.968987,4,2,1,0.882534,0.882557,0.882584,0.882557,0.522392,0.52257
130_bNAb_Combinations|1313956|vc|5|2|Ce1176_A3|7023,0,0.924369,5,2,1,0.882534,0.882557,0.882584,0.882557,0.252632,0.252801
130_bNAb_Combinations|1313956|vc|6|2|Ce1176_A3|7023,0,0.980379,6,2,1,0.882534,0.882557,0.882584,0.882557,0.591267,0.591446
130_bNAb_Combinations|1313956|vc|7|2|Ce1176_A3|7023,0,0.892036,7,2,1,0.882534,0.882557,0.882584,0.882557,0.0571492,0.0573128
130_bNAb_Combinations|1313956|vc|8|2|Ce1176_A3|7023,0,0.653015,8,2,1,0.836167,0.83619,0.836194,0.83619,-1.168,-1.16799
130_bNAb_Combinations|1313974|cc|1|1|nan|1176,0,0,1,1,0,0,0,0,0,0,0
130_bNAb_Combinations|1313974|cc|2|1|nan|1176,0,0.00187935,2,1,0,0,0,0,0,0.794636,0.794636
130_bNAb_Combinations|1313974|cc|3|1|nan|1176,0,0.00338282,3,1,0,0,0,0,0,1.43034,1.43034
130_bNAb_Combinations|1313974|cc|4|1|nan|1176,0,0.00250579,4,1,0,0,0,0,0,1.05951,1.05951
130_bNAb_Combinations|1313974|cc|5|1|nan|1176,0,0.00425985,5,1,0,0,0,0,0,1.80117,1.80117
130_bNAb_Combinations|1313974|cc|6|1|nan|1176,0,0.00200464,6,1,0,0,0,0,0,0.847612,0.847612
130_bNAb_Combinations|1313974|cc|7|1|nan|1176,0,0.00701623,7,1,0,0,0,0,0,2.96664,2.96664
130_bNAb_Combinations|1313974|cc|8|1|nan|1176,0,0.00275637,8,1,0,0,0,0,0,1.16547,1.16547
130_bNAb_Combinations|1313974|sample|10|nan|1176,0.0003648,0.564806,1,10,1,0.835791,0.824401,0.834837,0.834829,-1.72456,-1.72452
130_bNAb_Combinations|1313974|sample|10|nan|1176,0.001824,0.969555,2,10,1,0.881379,0.846855,0.878419,0.878378,0.553575,0.55385
130_bNAb_Combinations|1313974|sample|10|nan|1176,0.00912,0.987972,3,10,1,0.912299,0.812275,0.903339,0.903256,0.500098,0.500635
130_bNAb_Combinations|1313974|sample|10|nan|1176,0.0456,0.768277,4,10,1,0.905695,0.646865,0.879998,0.879817,-0.677417,-0.676461
130_bNAb_Combinations|1313974|sample|10|nan|1176,0.228,0.6812,5,10,1,0.886767,0.336823,0.815594,0.81514,-0.878244,-0.875758
130_bNAb_Combinations|1313974|sample|10|nan|1176,1.14,0.388273,6,10,1,0.833995,0.0557871,0.654552,0.653477,-2.16001,-2.15476
130_bNAb_Combinations|1313974|sample|10|nan|1176,5.7,0.221387,7,10,1,0.672813,0.00330378,0.335768,0.334123,-1.77639,-1.75915
130_bNAb_Combinations|1313974|sample|10|nan|1176,28.5,0.0676565,8,10,1,0.382322,0.00276405,0.0557496,0.0549851,0.940261,1.01192
130_bNAb_Combinations|1313974|sample|11|nan|1176,0.0003712,0.686964,1,11,1,0.835786,0.824225,0.812921,0.812967,-0.82578,-0.826037
130_bNAb_Combinations|1313974|sample|11|nan|1176,0.001856,0.787446,2,11,1,0.881366,0.846348,0.813114,0.813212,-0.168243,-0.168864
130_bNAb_Combinations|1313974|sample|11|nan|1176,0.00928,0.683957,3,11,1,0.879142,0.781475,0.695872,0.6961,-0.0910213,-0.0927317
130_bNAb_Combinations|1313974|sample|11|nan|1176,0.0464,0.431373,4,11,1,0.872705,0.620461,0.444549,0.444892,-0.155965,-0.159901
130_bNAb_Combinations|1313974|sample|11|nan|1176,0.2319999999999999,0.127921,5,11,1,0.854256,0.32043,0.12596,0.126156,0.0764845,0.0687379
130_bNAb_Combinations|1313974|sample|11|nan|1176,1.16,0.00889557,6,11,1,0.802848,0.0520261,0.00673539,0.00674242,0.598515,0.596354
130_bNAb_Combinations|1313974|sample|11|nan|1176,5.8,0.00664036,7,11,1,0.670708,0.00327242,0.0029214,0.00291815,1.28032,1.28171
130_bNAb_Combinations|1313974|sample|11|nan|1176,29,0.0085197,8,11,1,0.378911,0.00276414,0.00276715,0.00276413,2.00005,2.00149
130_bNAb_Combinations|1313974|sample|12|nan|1176,0.0003712,0.62507,1,12,1,0.835786,0.824225,0.804411,0.803498,-1.18801,-1.18328
130_bNAb_Combinations|1313974|sample|12|nan|1176,0.001856,0.659149,2,12,1,0.83506,0.801889,0.74722,0.744742,-0.627307,-0.611649
130_bNAb_Combinations|1313974|sample|12|nan|1176,0.00928,0.546764,3,12,1,0.832953,0.740424,0.603639,0.597818,-0.499464,-0.452613
130_bNAb_Combinations|1313974|sample|12|nan|1176,0.0464,0.27877,4,12,1,0.826854,0.587868,0.327435,0.318434,-0.774308,-0.648244
130_bNAb_Combinations|1313974|sample|12|nan|1176,0.2319999999999999,0.0630207,5,12,1,0.809375,0.303598,0.0602611,0.0559108,0.204468,0.560138
130_bNAb_Combinations|1313974|sample|12|nan|1176,1.16,0.00413456,6,12,1,0.760668,0.0492932,0.00334454,0.00323562,0.264854,0.303415
130_bNAb_Combinations|1313974|sample|12|nan|1176,5.8,0.0072668,7,12,1,0.63547,0.00310052,0.00276716,0.00276414,1.56444,1.56579
130_bNAb_Combinations|1313974|sample|12|nan|1176,29,0.00375869,8,12,1,0.378911,0.00276414,0.00276715,0.00276413,0.344741,0.345856
130_bNAb_Combinations|1313974|sample|3|nan|1176,0.000064,0.544885,1,3,1,0.836048,0.514121,0.734978,0.734118,-1.37615,-1.37151
130_bNAb_Combinations|1313974|sample|3|nan|1176,0.00032,0.833553,2,3,1,0.88217,0.394547,0.712316,0.710861,0.905108,0.917811
130_bNAb_Combinations|1313974|sample|3|nan|1176,0.0016,0.76765,3,3,1,0.91468,0.242857,0.641702,0.639456,1.04172,1.06396
130_bNAb_Combinations|1313974|sample|3|nan|1176,0.008,0.763766,4,3,1,0.912588,0.104454,0.507963,0.504934,2.65912,2.70636
130_bNAb_Combinations|1313974|sample|3|nan|1176,0.04,0.33966,5,3,1,0.90653,0.0283531,0.345772,0.342281,-0.0922727,-0.0399562
130_bNAb_Combinations|1313974|sample|3|nan|1176,0.2,0.074798,6,3,1,0.889145,0.00584649,0.184608,0.181494,-3.01124,-2.97274
130_bNAb_Combinations|1313974|sample|3|nan|1176,1,0.0275637,7,3,1,0.809994,0.00301013,0.0652482,0.0634734,-2.61371,-2.54857
130_bNAb_Combinations|1313974|sample|3|nan|1176,5,0.0219257,8,3,1,0.65197,0.00276473,0.0140684,0.013544,1.58291,1.72218
130_bNAb_Combinations|1313974|sample|4|nan|1176,0.000064,0.596254,1,4,1,0.836048,0.514121,0.721727,0.720687,-0.924736,-0.918368
130_bNAb_Combinations|1313974|sample|4|nan|1176,0.00032,0.751363,2,4,1,0.88217,0.394547,0.691144,0.689413,0.463092,0.477572
130_bNAb_Combinations|1313974|sample|4|nan|1176,0.0016,0.81952,3,4,1,0.91468,0.242857,0.61044,0.607828,1.81606,1.84649
130_bNAb_Combinations|1313974|sample|4|nan|1176,0.008,0.746852,4,4,1,0.936341,0.107172,0.479969,0.476481,2.93191,2.99141
130_bNAb_Combinations|1313974|sample|4|nan|1176,0.04,0.327758,5,4,1,0.930125,0.029091,0.309964,0.306168,0.298446,0.366421
130_bNAb_Combinations|1313974|sample|4|nan|1176,0.2,0.106747,6,4,1,0.889145,0.00584649,0.148394,0.145382,-1.39864,-1.32219
130_bNAb_Combinations|1313974|sample|4|nan|1176,1,0.0308213,7,4,1,0.809994,0.00301013,0.0464593,0.0449711,-1.42849,-1.32584
130_bNAb_Combinations|1313974|sample|4|nan|1176,5,0.0120278,8,4,1,0.65197,0.00276473,0.00917104,0.00881677,0.703786,0.804024
130_bNAb_Combinations|1313974|sample|5|nan|1176,0.0006144,0.585729,1,5,1,0.835635,0.311785,0.671066,0.673031,-0.675519,-0.689094
130_bNAb_Combinations|1313974|sample|5|nan|1176,0.003072,0.613794,2,5,1,0.880903,0.174231,0.612629,0.615505,0.0100903,-0.0147427
130_bNAb_Combinations|1313974|sample|5|nan|1176,0.01536,0.526467,3,5,1,0.910865,0.0654657,0.500157,0.503933,0.277667,0.236078
130_bNAb_Combinations|1313974|sample|5|nan|1176,0.0768,0.174278,4,5,1,0.925029,0.0150976,0.345871,0.350047,-2.58986,-2.62235
130_bNAb_Combinations|1313974|sample|5|nan|1176,0.384,0.0800601,5,5,1,0.897834,0.00397504,0.181771,0.185236,-2.82982,-2.87503
130_bNAb_Combinations|1313974|sample|5|nan|1176,1.92,0.03458,6,5,1,0.802441,0.0030431,0.0634761,0.0653212,-2.05073,-2.13016
130_bNAb_Combinations|1313974|sample|5|nan|1176,9.6,0.0281902,7,5,1,0.601879,0.00291743,0.0136346,0.0141392,2.98046,2.82323
130_bNAb_Combinations|1313974|sample|5|nan|1176,48,0.00826912,8,5,1,0.278393,0.00276414,0.00348464,0.00353309,1.59019,1.56942
130_bNAb_Combinations|1313974|sample|6|nan|1176,0.0006144,0.51469,1,6,1,0.835635,0.311785,0.663375,0.665703,-1.19037,-1.20486
130_bNAb_Combinations|1313974|sample|6|nan|1176,0.003072,0.808369,2,6,1,0.880903,0.174231,0.60105,0.604447,1.82832,1.78846
130_bNAb_Combinations|1313974|sample|6|nan|1176,0.01536,0.47986,3,6,1,0.910865,0.0654657,0.484658,0.489077,-0.0522168,-0.0994207
130_bNAb_Combinations|1313974|sample|6|nan|1176,0.0768,0.164756,4,6,1,0.925029,0.0150976,0.328475,0.33328,-2.59697,-2.63607
130_bNAb_Combinations|1313974|sample|6|nan|1176,0.384,0.0816889,5,6,1,0.897834,0.00397504,0.167207,0.17108,-2.57181,-2.63164
130_bNAb_Combinations|1313974|sample|6|nan|1176,1.92,0.045856,6,6,1,0.802441,0.0030431,0.0557266,0.0576915,-0.77972,-0.908879
130_bNAb_Combinations|1313974|sample|6|nan|1176,9.6,0.023805,7,6,1,0.601879,0.00291743,0.0115413,0.0120393,2.72709,2.56392
130_bNAb_Combinations|1313974|sample|6|nan|1176,48,0.00789325,8,6,1,0.278393,0.00276414,0.00328034,0.00332266,1.55265,1.53437
130_bNAb_Combinations|1313974|sample|7|nan|1176,0.0000768,0.626699,1,7,1,0.836033,0.831977,0.835239,0.835224,-1.33121,-1.33114
130_bNAb_Combinations|1313974|sample|7|nan|1176,0.000384,0.800727,2,7,1,0.882123,0.86968,0.879652,0.879588,-0.478745,-0.478393
130_bNAb_Combinations|1313974|sample|7|nan|1176,0.00192,0.993736,3,7,1,0.914539,0.877496,0.907028,0.906878,0.510298,0.511264
130_bNAb_Combinations|1313974|sample|7|nan|1176,0.0096,1,4,7,1,0.935921,0.829967,0.913657,0.913278,0.504516,0.506939
130_bNAb_Combinations|1313974|sample|7|nan|1176,0.048,0.854476,5,7,1,0.928913,0.655806,0.866082,0.865083,-0.0714887,-0.0654096
130_bNAb_Combinations|1313974|sample|7|nan|1176,0.24,0.743344,6,7,1,0.885779,0.325562,0.72292,0.72051,0.150277,0.168567
130_bNAb_Combinations|1313974|sample|7|nan|1176,1.2,0.326505,7,7,1,0.801125,0.0491678,0.445883,0.441573,-1.40891,-1.37093
130_bNAb_Combinations|1313974|sample|7|nan|1176,6,0.132932,8,7,1,0.631533,0.00305218,0.120229,0.116987,0.516926,0.665082
130_bNAb_Combinations|1313974|sample|8|nan|1176,0.0000768,0.625321,1,8,1,0.836033,0.831977,0.835174,0.835136,-1.3397,-1.33952
130_bNAb_Combinations|1313974|sample|8|nan|1176,0.000384,0.783938,2,8,1,0.882123,0.86968,0.87945,0.879319,-0.579489,-0.578783
130_bNAb_Combinations|1313974|sample|8|nan|1176,0.00192,0.983211,3,8,1,0.914539,0.877496,0.906423,0.906073,0.452218,0.45445
130_bNAb_Combinations|1313974|sample|8|nan|1176,0.0096,0.927081,4,8,1,0.935921,0.829967,0.911887,0.910924,0.0889527,0.0946908
130_bNAb_Combinations|1313974|sample|8|nan|1176,0.048,0.862056,5,8,1,0.928913,0.655806,0.86122,0.858624,0.00517517,0.0213219
130_bNAb_Combinations|1313974|sample|8|nan|1176,0.24,0.641108,6,8,1,0.885779,0.325562,0.711242,0.705052,-0.524376,-0.482215
130_bNAb_Combinations|1313974|sample|8|nan|1176,1.2,0.408069,7,8,1,0.801125,0.0491678,0.425568,0.41499,-0.216105,-0.0875809
130_bNAb_Combinations|1313974|sample|8|nan|1176,6,0.107499,8,8,1,0.631533,0.00305218,0.105749,0.0986397,0.079881,0.430332
130_bNAb_Combinations|1313974|sample|9|nan|1176,0.0003648,0.584727,1,9,1,0.835791,0.824401,0.834895,0.834907,-1.59759,-1.59765
130_bNAb_Combinations|1313974|sample|9|nan|1176,0.001824,0.879471,2,9,1,0.881379,0.846855,0.878596,0.878616,0.00531725,0.00519192
130_bNAb_Combinations|1313974|sample|9|nan|1176,0.00912,0.847836,3,9,1,0.912299,0.812275,0.903866,0.903968,-0.330894,-0.331457
130_bNAb_Combinations|1313974|sample|9|nan|1176,0.0456,0.917183,4,9,1,0.929269,0.663699,0.904433,0.904784,0.075255,0.0731517
130_bNAb_Combinations|1313974|sample|9|nan|1176,0.228,0.733697,5,9,1,0.909847,0.345588,0.840948,0.841932,-0.68006,-0.685509
130_bNAb_Combinations|1313974|sample|9|nan|1176,1.14,0.394788,6,9,1,0.833995,0.0557871,0.66392,0.666149,-2.15293,-2.16363
130_bNAb_Combinations|1313974|sample|9|nan|1176,5.7,0.20109,7,9,1,0.672813,0.00330378,0.349629,0.352905,-2.21865,-2.24727
130_bNAb_Combinations|1313974|sample|9|nan|1176,28.5,0.0780555,8,9,1,0.382322,0.00276405,0.0620856,0.0636047,1.15442,1.02383
130_bNAb_Combinations|1313974|vc|1|2|nan|1176,0,0.615047,1,2,1,0.836167,0.83619,0.836194,0.83619,-1.4101,-1.41008
130_bNAb_Combinations|1313974|vc|2|2|nan|1176,0,0.671678,2,2,1,0.882534,0.88255,0.882577,0.88255,-1.27509,-1.27497
130_bNAb_Combinations|1313974|vc|3|2|nan|1176,0,0.718411,3,2,1,0.882534,0.88255,0.882577,0.88255,-0.992546,-0.992413
130_bNAb_Combinations|1313974|vc|4|2|nan|1176,0,0.81739,4,2,1,0.882534,0.88255,0.882577,0.88255,-0.394119,-0.393969
130_bNAb_Combinations|1313974|vc|5|2|nan|1176,0,0.786068,5,2,1,0.882534,0.88255,0.882577,0.88255,-0.583495,-0.58335
130_bNAb_Combinations|1313974|vc|6|2|nan|1176,0,0.718662,6,2,1,0.882534,0.88255,0.882577,0.88255,-0.991031,-0.990898
130_bNAb_Combinations|1313974|vc|7|2|nan|1176,0,0.706008,7,2,1,0.882534,0.88255,0.882577,0.88255,-1.06754,-1.06741
130_bNAb_Combinations|1313974|vc|8|2|nan|1176,0,0.513437,8,2,1,0.836167,0.83619,0.836194,0.83619,-2.058,-2.05798
130_bNAb_Combinations|1313992|cc|1|1|RHPA4259.7|5371,0,0.000660826,1,1,0,0,0,0,0,0.279414,0.279414
130_bNAb_Combinations|1313992|cc|2|1|RHPA4259.7|5371,0,0.00171458,2,1,0,0,0,0,0,0.724967,0.724967
130_bNAb_Combinations|1313992|cc|3|1|RHPA4259.7|5371,0,0.00114305,3,1,0,0,0,0,0,0.483311,0.483311
130_bNAb_Combinations|1313992|cc|4|1|RHPA4259.7|5371,0,0.00148239,4,1,0,0,0,0,0,0.626795,0.626795
130_bNAb_Combinations|1313992|cc|5|1|RHPA4259.7|5371,0,0.00150025,5,1,0,0,0,0,0,0.634346,0.634346
130_bNAb_Combinations|1313992|cc|6|1|RHPA4259.7|5371,0,0.00133951,6,1,0,0,0,0,0,0.566381,0.566381
130_bNAb_Combinations|1313992|cc|7|1|RHPA4259.7|5371,0,0.001661,7,1,0,0,0,0,0,0.702312,0.702312
130_bNAb_Combinations|1313992|cc|8|1|RHPA4259.7|5371,0,0.00142881,8,1,0,0,0,0,0,0.604139,0.604139
130_bNAb_Combinations|1313992|sample|10|RHPA4259.7|5371,0.0003648,0.6759,1,10,1,0.835791,0.824371,0.786459,0.786158,-0.748824,-0.747064
130_bNAb_Combinations|1313992|sample|10|RHPA4259.7|5371,0.001824,0.701074,2,10,1,0.881379,0.846808,0.738731,0.737854,-0.27125,-0.265241
130_bNAb_Combinations|1313992|sample|10|RHPA4259.7|5371,0.00912,0.541985,3,10,1,0.912299,0.812185,0.547518,0.545583,-0.0534593,-0.0348844
130_bNAb_Combinations|1313992|sample|10|RHPA4259.7|5371,0.0456,0.23562,4,10,1,0.905695,0.646707,0.210428,0.208263,0.610935,0.669919
130_bNAb_Combinations|1313992|sample|10|RHPA4259.7|5371,0.228,0.0160206,5,10,1,0.886767,0.336646,0.0174468,0.0170246,-0.255236,-0.182227
130_bNAb_Combinations|1313992|sample|10|RHPA4259.7|5371,1.14,0.00158956,6,10,1,0.833995,0.0557337,0.003047,0.00304243,-0.49778,-0.496362
130_bNAb_Combinations|1313992|sample|10|RHPA4259.7|5371,5.7,0.000392924,7,10,1,0.672813,0.00330326,0.00292059,0.00291733,-0.870245,-0.869305
130_bNAb_Combinations|1313992|sample|10|RHPA4259.7|5371,28.5,0.000928729,8,10,1,0.382322,0.00276408,0.00276708,0.00276407,-0.639163,-0.63824
130_bNAb_Combinations|1313992|sample|11|RHPA4259.7|5371,0.0003712,0.650289,1,11,1,0.835786,0.824234,0.778519,0.778565,-0.877228,-0.877493
130_bNAb_Combinations|1313992|sample|11|RHPA4259.7|5371,0.001856,0.618283,2,11,1,0.881366,0.846399,0.717342,0.717403,-0.734443,-0.734832
130_bNAb_Combinations|1313992|sample|11|RHPA4259.7|5371,0.00928,0.451639,3,11,1,0.879142,0.781607,0.484936,0.484985,-0.362141,-0.36264
130_bNAb_Combinations|1313992|sample|11|RHPA4259.7|5371,0.0464,0.163215,4,11,1,0.872705,0.620719,0.160196,0.160161,0.0944704,0.095584
130_bNAb_Combinations|1313992|sample|11|RHPA4259.7|5371,0.2319999999999999,0.0123414,5,11,1,0.854256,0.320728,0.0102258,0.0102082,0.497327,0.501833
130_bNAb_Combinations|1313992|sample|11|RHPA4259.7|5371,1.16,0,6,11,1,0.802848,0.0521162,0.00292399,0.00292071,-1.00648,-1.00556
130_bNAb_Combinations|1313992|sample|11|RHPA4259.7|5371,5.8,0.000839428,7,11,1,0.670708,0.0032733,0.00292055,0.0029173,-0.716509,-0.715536
130_bNAb_Combinations|1313992|sample|11|RHPA4259.7|5371,29,0.000500085,8,11,1,0.378911,0.00276404,0.00276705,0.00276404,-0.788186,-0.787291
130_bNAb_Combinations|1313992|sample|12|RHPA4259.7|5371,0.0003712,0.617105,1,12,1,0.835786,0.824234,0.786244,0.787334,-1.1459,-1.15171
130_bNAb_Combinations|1313992|sample|12|RHPA4259.7|5371,0.001856,0.643716,2,12,1,0.83506,0.801933,0.699351,0.702127,-0.422911,-0.442286
130_bNAb_Combinations|1313992|sample|12|RHPA4259.7|5371,0.00928,0.450916,3,12,1,0.832953,0.740545,0.498777,0.50441,-0.506458,-0.559903
130_bNAb_Combinations|1313992|sample|12|RHPA4259.7|5371,0.0464,0.208089,4,12,1,0.826854,0.58811,0.190919,0.196939,0.456249,0.287793
130_bNAb_Combinations|1313992|sample|12|RHPA4259.7|5371,0.2319999999999999,0.0184138,5,12,1,0.809375,0.303878,0.0157049,0.0168324,0.514416,0.288888
130_bNAb_Combinations|1313992|sample|12|RHPA4259.7|5371,1.16,0.000125021,6,12,1,0.760668,0.0493783,0.0027814,0.00278154,-0.922727,-0.922767
130_bNAb_Combinations|1313992|sample|12|RHPA4259.7|5371,5.8,0.000500085,7,12,1,0.63547,0.00310134,0.00276705,0.00276404,-0.788186,-0.787291
130_bNAb_Combinations|1313992|sample|12|RHPA4259.7|5371,29,0.000285763,8,12,1,0.378911,0.00276404,0.00276705,0.00276404,-0.862702,-0.861822
130_bNAb_Combinations|1313992|sample|3|RHPA4259.7|5371,0.000064,0.754539,1,3,1,0.836048,0.83244,0.834168,0.834148,-0.508957,-0.50884
130_bNAb_Combinations|1313992|sample|3|RHPA4259.7|5371,0.00032,0.910976,2,3,1,0.88217,0.871125,0.876414,0.876334,0.210412,0.210913
130_bNAb_Combinations|1313992|sample|3|RHPA4259.7|5371,0.0016,0.927479,3,3,1,0.91468,0.881768,0.897384,0.897185,0.178991,0.180213
130_bNAb_Combinations|1313992|sample|3|RHPA4259.7|5371,0.008,0.944785,4,3,1,0.912588,0.82041,0.86327,0.862762,0.503706,0.507136
130_bNAb_Combinations|1313992|sample|3|RHPA4259.7|5371,0.04,0.905162,5,3,1,0.90653,0.665766,0.771465,0.770165,0.922856,0.933375
130_bNAb_Combinations|1313992|sample|3|RHPA4259.7|5371,0.2,0.651807,6,3,1,0.889145,0.3656,0.5576,0.55485,0.894086,0.924636
130_bNAb_Combinations|1313992|sample|3|RHPA4259.7|5371,1,0.224351,7,3,1,0.809994,0.066838,0.213393,0.210369,0.262248,0.339146
130_bNAb_Combinations|1313992|sample|3|RHPA4259.7|5371,5,0.0158956,8,3,1,0.65197,0.00342017,0.0178926,0.0172926,-0.352199,-0.251298
130_bNAb_Combinations|1313992|sample|4|RHPA4259.7|5371,0.000064,0.699119,1,4,1,0.836048,0.83244,0.83421,0.834171,-0.863403,-0.863193
130_bNAb_Combinations|1313992|sample|4|RHPA4259.7|5371,0.00032,0.930694,2,4,1,0.88217,0.871125,0.876542,0.876405,0.329625,0.330509
130_bNAb_Combinations|1313992|sample|4|RHPA4259.7|5371,0.0016,0.969602,3,4,1,0.91468,0.881768,0.897765,0.897395,0.427081,0.429458
130_bNAb_Combinations|1313992|sample|4|RHPA4259.7|5371,0.008,1,4,4,1,0.936341,0.841762,0.886831,0.885817,0.680985,0.687862
130_bNAb_Combinations|1313992|sample|4|RHPA4259.7|5371,0.04,0.855217,5,4,1,0.930125,0.683094,0.794377,0.791764,0.408032,0.426937
130_bNAb_Combinations|1313992|sample|4|RHPA4259.7|5371,0.2,0.614506,6,4,1,0.889145,0.3656,0.563359,0.557995,0.480567,0.535949
130_bNAb_Combinations|1313992|sample|4|RHPA4259.7|5371,1,0.229173,7,4,1,0.809994,0.066838,0.219646,0.213737,0.22188,0.368861
130_bNAb_Combinations|1313992|sample|4|RHPA4259.7|5371,5,0.0174851,8,4,1,0.65197,0.00342017,0.0191399,0.0179394,-0.280445,-0.0799993
130_bNAb_Combinations|1313992|sample|5|RHPA4259.7|5371,0.0006144,0.682232,1,5,1,0.835635,0.819565,0.826133,0.826248,-0.928561,-0.92918
130_bNAb_Combinations|1313992|sample|5|RHPA4259.7|5371,0.003072,0.897884,2,5,1,0.880903,0.832535,0.852098,0.85242,0.286578,0.284457
130_bNAb_Combinations|1313992|sample|5|RHPA4259.7|5371,0.01536,0.905895,3,5,1,0.910865,0.773099,0.82697,0.827889,0.50878,0.502306
130_bNAb_Combinations|1313992|sample|5|RHPA4259.7|5371,0.0768,0.832025,4,5,1,0.925029,0.575555,0.699016,0.701247,1.01155,0.991475
130_bNAb_Combinations|1313992|sample|5|RHPA4259.7|5371,0.384,0.471151,5,5,1,0.897834,0.23097,0.400674,0.404252,0.92273,0.868374
130_bNAb_Combinations|1313992|sample|5|RHPA4259.7|5371,1.92,0.0757807,6,5,1,0.802441,0.0203397,0.0828604,0.0848164,-0.400629,-0.501073
130_bNAb_Combinations|1313992|sample|5|RHPA4259.7|5371,9.6,0.0066797,7,5,1,0.601879,0.00294168,0.00403805,0.0041048,0.849143,0.824418
130_bNAb_Combinations|1313992|sample|5|RHPA4259.7|5371,48,0.00155384,8,5,1,0.278393,0.00276399,0.00276705,0.00276404,-0.421813,-0.42085
130_bNAb_Combinations|1313992|sample|6|RHPA4259.7|5371,0.0006144,0.679213,1,6,1,0.835635,0.819565,0.82631,0.82626,-0.948981,-0.948718
130_bNAb_Combinations|1313992|sample|6|RHPA4259.7|5371,0.003072,0.909244,2,6,1,0.880903,0.832535,0.85263,0.852457,0.354131,0.355285
130_bNAb_Combinations|1313992|sample|6|RHPA4259.7|5371,0.01536,0.882409,3,6,1,0.910865,0.773099,0.828467,0.827991,0.347106,0.35037
130_bNAb_Combinations|1313992|sample|6|RHPA4259.7|5371,0.0768,0.759665,4,6,1,0.925029,0.575555,0.702681,0.701498,0.431146,0.440829
130_bNAb_Combinations|1313992|sample|6|RHPA4259.7|5371,0.384,0.442039,5,6,1,0.897834,0.23097,0.406698,0.404664,0.456066,0.484655
130_bNAb_Combinations|1313992|sample|6|RHPA4259.7|5371,1.92,0.0812102,6,6,1,0.802441,0.0203397,0.0862721,0.0850509,-0.276583,-0.212475
130_bNAb_Combinations|1313992|sample|6|RHPA4259.7|5371,9.6,0.00728695,7,6,1,0.601879,0.00294168,0.0041657,0.00411363,0.995757,1.01549
130_bNAb_Combinations|1313992|sample|6|RHPA4259.7|5371,48,0.000660826,8,6,1,0.278393,0.00276399,0.00276706,0.00276404,-0.732301,-0.731394
130_bNAb_Combinations|1313992|sample|7|RHPA4259.7|5371,0.0000768,0.658728,1,7,1,0.836033,0.831955,0.818789,0.818291,-1.04196,-1.03934
130_bNAb_Combinations|1313992|sample|7|RHPA4259.7|5371,0.000384,0.835624,2,7,1,0.882123,0.869653,0.830287,0.828789,0.0342663,0.043964
130_bNAb_Combinations|1313992|sample|7|RHPA4259.7|5371,0.00192,0.789589,3,7,1,0.914539,0.87745,0.767096,0.763084,0.156131,0.184932
130_bNAb_Combinations|1313992|sample|7|RHPA4259.7|5371,0.0096,0.635402,4,7,1,0.935921,0.829875,0.56289,0.554411,0.68186,0.77298
130_bNAb_Combinations|1313992|sample|7|RHPA4259.7|5371,0.048,0.221618,5,7,1,0.928913,0.655643,0.217116,0.207985,0.106006,0.33427
130_bNAb_Combinations|1313992|sample|7|RHPA4259.7|5371,0.24,0.0149132,6,7,1,0.885779,0.325387,0.0176692,0.0160268,-0.489606,-0.209104
130_bNAb_Combinations|1313992|sample|7|RHPA4259.7|5371,1.2,0.00198248,7,7,1,0.801125,0.04912,0.00293696,0.00292961,-0.328274,-0.325899
130_bNAb_Combinations|1313992|sample|7|RHPA4259.7|5371,6,0.00167886,8,7,1,0.631533,0.00305178,0.00276708,0.00276407,-0.378357,-0.377383
130_bNAb_Combinations|1313992|sample|8|RHPA4259.7|5371,0.0000768,0.639796,1,8,1,0.836033,0.831955,0.820038,0.819988,-1.17157,-1.17132
130_bNAb_Combinations|1313992|sample|8|RHPA4259.7|5371,0.000384,0.832418,2,8,1,0.882123,0.869653,0.83397,0.833793,-0.0099251,-0.00879027
130_bNAb_Combinations|1313992|sample|8|RHPA4259.7|5371,0.00192,0.855234,3,8,1,0.914539,0.87745,0.776996,0.776511,0.536263,0.539921
130_bNAb_Combinations|1313992|sample|8|RHPA4259.7|5371,0.0096,0.694582,4,8,1,0.935921,0.829875,0.584043,0.582945,1.0026,1.01443
130_bNAb_Combinations|1313992|sample|8|RHPA4259.7|5371,0.048,0.261848,5,8,1,0.928913,0.655643,0.240825,0.239463,0.448713,0.480356
130_bNAb_Combinations|1313992|sample|8|RHPA4259.7|5371,0.24,0.0198069,6,8,1,0.885779,0.325387,0.0224817,0.0221567,-0.410372,-0.363856
130_bNAb_Combinations|1313992|sample|8|RHPA4259.7|5371,1.2,0.00117877,7,8,1,0.801125,0.04912,0.00295314,0.00294851,-0.609633,-0.60822
130_bNAb_Combinations|1313992|sample|8|RHPA4259.7|5371,6,0.000464364,8,8,1,0.631533,0.00305178,0.00276708,0.00276407,-0.800615,-0.799722
130_bNAb_Combinations|1313992|sample|9|RHPA4259.7|5371,0.0003648,0.59653,1,9,1,0.835791,0.824371,0.788986,0.787435,-1.29941,-1.29144
130_bNAb_Combinations|1313992|sample|9|RHPA4259.7|5371,0.001824,0.754182,2,9,1,0.881379,0.846808,0.745627,0.741332,0.0610624,0.0922405
130_bNAb_Combinations|1313992|sample|9|RHPA4259.7|5371,0.00912,0.593958,3,9,1,0.912299,0.812185,0.562348,0.553014,0.297525,0.391737
130_bNAb_Combinations|1313992|sample|9|RHPA4259.7|5371,0.0456,0.260651,4,9,1,0.929269,0.663538,0.232729,0.221951,0.615639,0.89243
130_bNAb_Combinations|1313992|sample|9|RHPA4259.7|5371,0.228,0.0158598,5,9,1,0.909847,0.345408,0.0212781,0.0190412,-0.860639,-0.540825
130_bNAb_Combinations|1313992|sample|9|RHPA4259.7|5371,1.14,0.000964449,6,9,1,0.833995,0.0557337,0.00305752,0.00304675,-0.714399,-0.711206
130_bNAb_Combinations|1313992|sample|9|RHPA4259.7|5371,5.7,0.000267903,7,9,1,0.672813,0.00330326,0.00292059,0.00291733,-0.913288,-0.912357
130_bNAb_Combinations|1313992|sample|9|RHPA4259.7|5371,28.5,0.000839428,8,9,1,0.382322,0.00276408,0.00276708,0.00276407,-0.670212,-0.669294
130_bNAb_Combinations|1313992|vc|1|2|RHPA4259.7|5371,0,0.779132,1,2,1,0.836167,0.836173,0.836177,0.836173,-0.363741,-0.36372
130_bNAb_Combinations|1313992|vc|2|2|RHPA4259.7|5371,0,0.953474,2,2,1,0.882534,0.882537,0.882564,0.882537,0.428729,0.428903
130_bNAb_Combinations|1313992|vc|3|2|RHPA4259.7|5371,0,0.91795,3,2,1,0.882534,0.882537,0.882564,0.882537,0.213948,0.214116
130_bNAb_Combinations|1313992|vc|4|2|RHPA4259.7|5371,0,0.938007,4,2,1,0.882534,0.882537,0.882564,0.882537,0.335214,0.335386
130_bNAb_Combinations|1313992|vc|5|2|RHPA4259.7|5371,0,0.961699,5,2,1,0.882534,0.882537,0.882564,0.882537,0.478456,0.478631
130_bNAb_Combinations|1313992|vc|6|2|RHPA4259.7|5371,0,0.866995,6,2,1,0.882534,0.882537,0.882564,0.882537,-0.0941307,-0.0939721
130_bNAb_Combinations|1313992|vc|7|2|RHPA4259.7|5371,0,0.852279,7,2,1,0.882534,0.882537,0.882564,0.882537,-0.18311,-0.182954
130_bNAb_Combinations|1313992|vc|8|2|RHPA4259.7|5371,0,0.715353,8,2,1,0.836167,0.836173,0.836177,0.836173,-0.770422,-0.770403
130_bNAb_Combinations|1314016|cc|1|1|nan|3430,0,0.0013549,1,1,0,0,0,0,0,0.572885,0.572885
130_bNAb_Combinations|1314016|cc|2|1|nan|3430,0,0.00201049,2,1,0,0,0,0,0,0.850087,0.850087
130_bNAb_Combinations|1314016|cc|3|1|nan|3430,0,0.00170455,3,1,0,0,0,0,0,0.720726,0.720726
130_bNAb_Combinations|1314016|cc|4|1|nan|3430,0,0.00253497,4,1,0,0,0,0,0,1.07185,1.07185
130_bNAb_Combinations|1314016|cc|5|1|nan|3430,0,0.00104895,5,1,0,0,0,0,0,0.443524,0.443524
130_bNAb_Combinations|1314016|cc|6|1|nan|3430,0,0.000743007,6,1,0,0,0,0,0,0.314163,0.314163
130_bNAb_Combinations|1314016|cc|7|1|nan|3430,0,0,7,1,0,0,0,0,0,0,0
130_bNAb_Combinations|1314016|cc|8|1|nan|3430,0,0.00187937,8,1,0,0,0,0,0,0.794646,0.794646
130_bNAb_Combinations|1314016|sample|10|nan|3430,0.0003648,0.774781,1,10,1,0.835791,0.824354,0.817526,0.817787,-0.278677,-0.280295
130_bNAb_Combinations|1314016|sample|10|nan|3430,0.001824,0.738134,2,10,1,0.881379,0.846802,0.826615,0.82735,-0.57062,-0.574861
130_bNAb_Combinations|1314016|sample|10|nan|3430,0.00912,0.636976,3,10,1,0.912299,0.812198,0.757336,0.759279,-0.84604,-0.857535
130_bNAb_Combinations|1314016|sample|10|nan|3430,0.0456,0.400415,4,10,1,0.905695,0.646748,0.528788,0.53264,-1.28315,-1.31232
130_bNAb_Combinations|1314016|sample|10|nan|3430,0.228,0.120367,5,10,1,0.886767,0.336701,0.190876,0.194706,-1.87401,-1.93934
130_bNAb_Combinations|1314016|sample|10|nan|3430,1.14,0.0218531,6,10,1,0.833995,0.0557512,0.0140721,0.0146696,1.56734,1.41551
130_bNAb_Combinations|1314016|sample|10|nan|3430,5.7,0.0119318,7,10,1,0.672813,0.00330342,0.0029289,0.00292674,3.09796,3.09913
130_bNAb_Combinations|1314016|sample|10|nan|3430,28.5,0.00895979,8,10,1,0.382322,0.00276404,0.00276705,0.00276404,2.15311,2.15458
130_bNAb_Combinations|1314016|sample|11|nan|3430,0.0003712,1,1,11,1,0.835786,0.824227,0.805699,0.804678,1.28508,1.29345
130_bNAb_Combinations|1314016|sample|11|nan|3430,0.001856,0.764248,2,11,1,0.881366,0.846419,0.792374,0.789422,-0.189101,-0.169871
130_bNAb_Combinations|1314016|sample|11|nan|3430,0.00928,0.669886,3,11,1,0.879142,0.781677,0.64576,0.638802,0.198321,0.25825
130_bNAb_Combinations|1314016|sample|11|nan|3430,0.0464,0.36392,4,11,1,0.872705,0.620869,0.358985,0.347988,0.0718615,0.239055
130_bNAb_Combinations|1314016|sample|11|nan|3430,0.2319999999999999,0.066521,5,11,1,0.854256,0.320905,0.0703323,0.064665,-0.248182,0.129695
130_bNAb_Combinations|1314016|sample|11|nan|3430,1.16,0.00305944,6,11,1,0.802848,0.0521702,0.00371625,0.0035515,-0.215239,-0.162875
130_bNAb_Combinations|1314016|sample|11|nan|3430,5.8,0.000437063,7,11,1,0.670708,0.00327411,0.00292083,0.00291756,-0.855118,-0.854171
130_bNAb_Combinations|1314016|sample|11|nan|3430,29,0.00227273,8,11,1,0.378911,0.00276427,0.00276728,0.00276426,-0.171944,-0.17093
130_bNAb_Combinations|1314016|sample|12|nan|3430,0.0003712,0.984091,1,12,1,0.835786,0.824227,0.803696,0.803886,1.19604,1.1945
130_bNAb_Combinations|1314016|sample|12|nan|3430,0.001856,0.80153,2,12,1,0.83506,0.801949,0.745322,0.745812,0.401359,0.3976
130_bNAb_Combinations|1314016|sample|12|nan|3430,0.00928,0.693553,3,12,1,0.832953,0.740609,0.599186,0.600264,0.834744,0.823755
130_bNAb_Combinations|1314016|sample|12|nan|3430,0.0464,0.359899,4,12,1,0.826854,0.588249,0.3205,0.322046,0.639916,0.611977
130_bNAb_Combinations|1314016|sample|12|nan|3430,0.2319999999999999,0.0557255,5,12,1,0.809375,0.304045,0.0568667,0.0575492,-0.0886692,-0.140328
130_bNAb_Combinations|1314016|sample|12|nan|3430,1.16,0.000305944,6,12,1,0.760668,0.0494293,0.00326019,0.00327216,-0.995608,-0.998898
130_bNAb_Combinations|1314016|sample|12|nan|3430,5.8,0.00104895,7,12,1,0.63547,0.00310209,0.00276729,0.00276427,-0.597427,-0.596495
130_bNAb_Combinations|1314016|sample|12|nan|3430,29,0.00161713,8,12,1,0.378911,0.00276427,0.00276728,0.00276426,-0.39988,-0.398909
130_bNAb_Combinations|1314016|sample|3|nan|3430,0.000064,0.934375,1,3,1,0.836048,0.819377,0.759008,0.757439,1.23002,1.24355
130_bNAb_Combinations|1314016|sample|3|nan|3430,0.00032,0.84434,2,3,1,0.88217,0.840121,0.698082,0.694377,1.11377,1.14796
130_bNAb_Combinations|1314016|sample|3|nan|3430,0.0016,0.64458,3,3,1,0.91468,0.812589,0.519925,0.512971,1.26672,1.35508
130_bNAb_Combinations|1314016|sample|3|nan|3430,0.008,0.217177,4,3,1,0.912588,0.685408,0.236141,0.228387,-0.412398,-0.25162
130_bNAb_Combinations|1314016|sample|3|nan|3430,0.04,0.0300699,5,3,1,0.90653,0.45498,0.039244,0.0363967,-0.954204,-0.696139
130_bNAb_Combinations|1314016|sample|3|nan|3430,0.2,0.0116259,6,3,1,0.889145,0.172314,0.00360015,0.00350056,2.64869,2.69793
130_bNAb_Combinations|1314016|sample|3|nan|3430,1,0.00983392,7,3,1,0.809994,0.0196105,0.00292061,0.00291732,2.38016,2.3818
130_bNAb_Combinations|1314016|sample|3|nan|3430,5,0.00957168,8,3,1,0.65197,0.00287064,0.00276698,0.00276397,2.36589,2.36739
130_bNAb_Combinations|1314016|sample|4|nan|3430,0.000064,0.986801,1,4,1,0.836048,0.819377,0.758544,0.759485,1.60195,1.5934
130_bNAb_Combinations|1314016|sample|4|nan|3430,0.00032,0.92017,2,4,1,0.88217,0.840121,0.697052,0.698925,1.70154,1.68281
130_bNAb_Combinations|1314016|sample|4|nan|3430,0.0016,0.701202,3,4,1,0.91468,0.812589,0.518086,0.521083,1.86724,1.82636
130_bNAb_Combinations|1314016|sample|4|nan|3430,0.008,0.233566,4,4,1,0.936341,0.703249,0.240272,0.243169,-0.143446,-0.20308
130_bNAb_Combinations|1314016|sample|4|nan|3430,0.04,0.0290647,5,4,1,0.930125,0.466823,0.0395482,0.0404359,-1.08406,-1.15626
130_bNAb_Combinations|1314016|sample|4|nan|3430,0.2,0.0108392,6,4,1,0.889145,0.172314,0.00357666,0.00359775,2.40024,2.39019
130_bNAb_Combinations|1314016|sample|4|nan|3430,1,0.0083042,7,4,1,0.809994,0.0196105,0.00292061,0.00291736,1.8535,1.85501
130_bNAb_Combinations|1314016|sample|4|nan|3430,5,0.00472028,8,4,1,0.65197,0.00287064,0.00276698,0.00276397,0.679131,0.68031
130_bNAb_Combinations|1314016|sample|5|nan|3430,0.0006144,0.749082,1,5,1,0.835635,0.7792,0.60519,0.608576,1.26046,1.2241
130_bNAb_Combinations|1314016|sample|5|nan|3430,0.003072,0.389576,2,5,1,0.880903,0.743668,0.405035,0.410072,-0.200283,-0.262381
130_bNAb_Combinations|1314016|sample|5|nan|3430,0.01536,0.0907343,3,5,1,0.910865,0.60505,0.143547,0.147403,-1.8286,-1.91488
130_bNAb_Combinations|1314016|sample|5|nan|3430,0.0768,0.0207168,4,5,1,0.925029,0.346537,0.0148095,0.0154829,1.15812,1.00168
130_bNAb_Combinations|1314016|sample|5|nan|3430,0.384,0.0156906,5,5,1,0.897834,0.0888456,0.00315982,0.00316199,4.24953,4.24821
130_bNAb_Combinations|1314016|sample|5|nan|3430,1.92,0.00690559,6,5,1,0.802441,0.00656121,0.00303054,0.00302714,1.32487,1.32632
130_bNAb_Combinations|1314016|sample|5|nan|3430,9.6,0.00743007,7,5,1,0.601879,0.00292149,0.00292049,0.00291724,1.5526,1.55404
130_bNAb_Combinations|1314016|sample|5|nan|3430,48,0.0101836,8,5,1,0.278393,0.00276397,0.00276698,0.00276397,2.57863,2.58018
130_bNAb_Combinations|1314016|sample|6|nan|3430,0.0006144,0.677579,1,6,1,0.835635,0.7792,0.600822,0.602909,0.677157,0.656513
130_bNAb_Combinations|1314016|sample|6|nan|3430,0.003072,0.36038,2,6,1,0.880903,0.743668,0.398084,0.400993,-0.49675,-0.531314
130_bNAb_Combinations|1314016|sample|6|nan|3430,0.01536,0.088243,3,6,1,0.910865,0.60505,0.137897,0.139928,-1.78368,-1.83196
130_bNAb_Combinations|1314016|sample|6|nan|3430,0.0768,0.0203234,4,6,1,0.925029,0.346537,0.0137729,0.014079,1.33433,1.2575
130_bNAb_Combinations|1314016|sample|6|nan|3430,0.384,0.0114948,5,6,1,0.897834,0.0888456,0.00315098,0.00314955,2.83118,2.83192
130_bNAb_Combinations|1314016|sample|6|nan|3430,1.92,0.00655594,6,6,1,0.802441,0.00656121,0.00303054,0.00302714,1.20532,1.20675
130_bNAb_Combinations|1314016|sample|6|nan|3430,9.6,0.0083479,7,6,1,0.601879,0.00292149,0.00292049,0.00291724,1.8686,1.87011
130_bNAb_Combinations|1314016|sample|6|nan|3430,48,0.00467657,8,6,1,0.278393,0.00276397,0.00276698,0.00276397,0.663935,0.665111
130_bNAb_Combinations|1314016|sample|7|nan|3430,0.0000768,0.664773,1,7,1,0.836033,0.831935,0.829883,0.829935,-1.06068,-1.06095
130_bNAb_Combinations|1314016|sample|7|nan|3430,0.000384,0.829917,2,7,1,0.882123,0.869639,0.863438,0.863573,-0.207094,-0.207895
130_bNAb_Combinations|1314016|sample|7|nan|3430,0.00192,0.764467,3,7,1,0.914539,0.877447,0.859369,0.859782,-0.589047,-0.59133
130_bNAb_Combinations|1314016|sample|7|nan|3430,0.0096,0.770411,4,7,1,0.935921,0.829892,0.781274,0.782372,-0.0740547,-0.0814309
130_bNAb_Combinations|1314016|sample|7|nan|3430,0.048,0.49139,5,7,1,0.928913,0.655688,0.55107,0.553246,-0.57296,-0.591566
130_bNAb_Combinations|1314016|sample|7|nan|3430,0.24,0.156862,6,7,1,0.885779,0.325441,0.199378,0.201506,-1.08473,-1.12771
130_bNAb_Combinations|1314016|sample|7|nan|3430,1.2,0.0207168,7,7,1,0.801125,0.0491355,0.0149056,0.0152404,1.13534,1.05715
130_bNAb_Combinations|1314016|sample|7|nan|3430,6,0.00895979,8,7,1,0.631533,0.00305188,0.00277754,0.00277521,2.14802,2.14915
130_bNAb_Combinations|1314016|sample|8|nan|3430,0.0000768,0.754545,1,8,1,0.836033,0.831935,0.830925,0.830815,-0.490059,-0.489418
130_bNAb_Combinations|1314016|sample|8|nan|3430,0.000384,0.798864,2,8,1,0.882123,0.869639,0.866591,0.866237,-0.416924,-0.414913
130_bNAb_Combinations|1314016|sample|8|nan|3430,0.00192,0.800874,3,8,1,0.914539,0.877447,0.868515,0.867512,-0.415483,-0.409787
130_bNAb_Combinations|1314016|sample|8|nan|3430,0.0096,0.751836,4,8,1,0.935921,0.829892,0.80561,0.802933,-0.355693,-0.339098
130_bNAb_Combinations|1314016|sample|8|nan|3430,0.048,0.501442,5,8,1,0.928913,0.655688,0.601916,0.596131,-0.884812,-0.84179
130_bNAb_Combinations|1314016|sample|8|nan|3430,0.24,0.11875,6,8,1,0.885779,0.325441,0.255508,0.248557,-2.75924,-2.68865
130_bNAb_Combinations|1314016|sample|8|nan|3430,1.2,0.0323427,7,8,1,0.801125,0.0491355,0.0265931,0.0248349,0.790053,1.07983
130_bNAb_Combinations|1314016|sample|8|nan|3430,6,0.010271,8,8,1,0.631533,0.00305188,0.00282158,0.00280907,2.58099,2.5874
130_bNAb_Combinations|1314016|sample|9|nan|3430,0.0003648,0.854218,1,9,1,0.835791,0.824354,0.819573,0.819173,0.225316,0.228024
130_bNAb_Combinations|1314016|sample|9|nan|3430,0.001824,0.730004,2,9,1,0.881379,0.846802,0.832641,0.831431,-0.657193,-0.650377
130_bNAb_Combinations|1314016|sample|9|nan|3430,0.00912,0.572749,3,9,1,0.912299,0.812198,0.773441,0.770182,-1.38181,-1.36503
130_bNAb_Combinations|1314016|sample|9|nan|3430,0.0456,0.403955,4,9,1,0.929269,0.663583,0.576392,0.56938,-1.58433,-1.53821
130_bNAb_Combinations|1314016|sample|9|nan|3430,0.228,0.124956,5,9,1,0.909847,0.345465,0.232047,0.224114,-2.3677,-2.26572
130_bNAb_Combinations|1314016|sample|9|nan|3430,1.14,0.0266608,6,9,1,0.833995,0.0557512,0.020593,0.0189736,0.983587,1.30961
130_bNAb_Combinations|1314016|sample|9|nan|3430,5.7,0.0117133,7,9,1,0.672813,0.00330342,0.00294596,0.00293736,3.01363,3.01823
130_bNAb_Combinations|1314016|sample|9|nan|3430,28.5,0.00231643,8,9,1,0.382322,0.00276404,0.00276705,0.00276404,-0.156671,-0.155654
130_bNAb_Combinations|1314016|vc|1|2|nan|3430,0,0.961123,1,2,1,0.836167,0.836151,0.836155,0.836151,0.796873,0.7969
130_bNAb_Combinations|1314016|vc|2|2|nan|3430,0,0.986976,2,2,1,0.882534,0.882518,0.882545,0.882518,0.631413,0.631593
130_bNAb_Combinations|1314016|vc|3|2|nan|3430,0,0.934987,3,2,1,0.882534,0.882518,0.882545,0.882518,0.317078,0.317249
130_bNAb_Combinations|1314016|vc|4|2|nan|3430,0,0.886582,4,2,1,0.882534,0.882518,0.882545,0.882518,0.0244123,0.0245747
130_bNAb_Combinations|1314016|vc|5|2|nan|3430,0,0.904633,5,2,1,0.882534,0.882518,0.882545,0.882518,0.133551,0.133717
130_bNAb_Combinations|1314016|vc|6|2|nan|3430,0,0.928955,6,2,1,0.882534,0.882518,0.882545,0.882518,0.28061,0.28078
130_bNAb_Combinations|1314016|vc|7|2|nan|3430,0,0.883566,7,2,1,0.882534,0.882518,0.882545,0.882518,0.00617854,0.00634036
130_bNAb_Combinations|1314016|vc|8|2|nan|3430,0,0.902404,8,2,1,0.836167,0.836151,0.836155,0.836151,0.422443,0.422468
130_bNAb_Combinations|1314040|cc|1|1|nan|4166,0,0.000767291,1,1,0,0,0,0,0,0.324431,0.324431
130_bNAb_Combinations|1314040|cc|2|1|nan|4166,0,0.000630275,2,1,0,0,0,0,0,0.266497,0.266497
130_bNAb_Combinations|1314040|cc|3|1|nan|4166,0,0,3,1,0,0,0,0,0,0,0
130_bNAb_Combinations|1314040|cc|4|1|nan|4166,0,0.00104132,4,1,0,0,0,0,0,0.440299,0.440299
130_bNAb_Combinations|1314040|cc|5|1|nan|4166,0,0.00117834,5,1,0,0,0,0,0,0.498233,0.498233
130_bNAb_Combinations|1314040|cc|6|1|nan|4166,0,0.00202784,6,1,0,0,0,0,0,0.857424,0.857424
130_bNAb_Combinations|1314040|cc|7|1|nan|4166,0,0.001699,7,1,0,0,0,0,0,0.718382,0.718382
130_bNAb_Combinations|1314040|cc|8|1|nan|4166,0,0.00219226,8,1,0,0,0,0,0,0.926945,0.926945
130_bNAb_Combinations|1314040|sample|10|nan|4166,0.0003648,0.809588,1,10,1,0.835791,0.824397,0.75557,0.753666,0.380579,0.394971
130_bNAb_Combinations|1314040|sample|10|nan|4166,0.001824,0.790529,2,10,1,0.881379,0.846862,0.657818,0.652962,1.07129,1.11859
130_bNAb_Combinations|1314040|sample|10|nan|4166,0.00912,0.456991,3,10,1,0.912299,0.8123,0.392651,0.384345,0.85904,0.990214
130_bNAb_Combinations|1314040|sample|10|nan|4166,0.0456,0.0730023,4,10,1,0.905695,0.646917,0.0840853,0.0793134,-0.619243,-0.370888
130_bNAb_Combinations|1314040|sample|10|nan|4166,0.228,0.0016442,5,10,1,0.886767,0.336883,0.00423708,0.00405701,-0.82373,-0.774713
130_bNAb_Combinations|1314040|sample|10|nan|4166,1.14,0.00145237,6,10,1,0.833995,0.0558062,0.0030313,0.00302788,-0.539804,-0.538751
130_bNAb_Combinations|1314040|sample|10|nan|4166,5.7,0.000876905,7,10,1,0.672813,0.00330462,0.00292119,0.00291793,-0.703795,-0.702821
130_bNAb_Combinations|1314040|sample|10|nan|4166,28.5,0.00142497,8,10,1,0.382322,0.00276465,0.00276765,0.00276465,-0.466811,-0.465855
130_bNAb_Combinations|1314040|sample|11|nan|4166,0.0003712,0.722789,1,11,1,0.835786,0.824448,0.784372,0.782263,-0.418203,-0.40495
130_bNAb_Combinations|1314040|sample|11|nan|4166,0.001856,0.682835,2,11,1,0.881366,0.846938,0.732727,0.726962,-0.362277,-0.322917
130_bNAb_Combinations|1314040|sample|11|nan|4166,0.00928,0.694111,3,11,1,0.879142,0.782816,0.514738,0.503099,1.84067,2.00434
130_bNAb_Combinations|1314040|sample|11|nan|4166,0.0464,0.1565,4,11,1,0.872705,0.622968,0.188524,0.17674,-0.861079,-0.578061
130_bNAb_Combinations|1314040|sample|11|nan|4166,0.2319999999999999,0.0120848,5,11,1,0.854256,0.323271,0.0141909,0.0123527,-0.422351,-0.0576375
130_bNAb_Combinations|1314040|sample|11|nan|4166,1.16,0.000876905,6,11,1,0.802848,0.0528785,0.00292993,0.00292343,-0.706412,-0.704468
130_bNAb_Combinations|1314040|sample|11|nan|4166,5.8,0.000959114,7,11,1,0.670708,0.0032813,0.00292058,0.00291733,-0.675311,-0.67433
130_bNAb_Combinations|1314040|sample|11|nan|4166,6,0.00120574,8,11,1,0.631533,0.00305819,0.00276709,0.00276407,-0.542851,-0.541909
130_bNAb_Combinations|1314040|sample|12|nan|4166,0.0003712,0.634577,1,12,1,0.835786,0.824448,0.776628,0.77399,-0.974102,-0.959216
130_bNAb_Combinations|1314040|sample|12|nan|4166,0.001856,0.570344,2,12,1,0.83506,0.802446,0.67451,0.667841,-0.82044,-0.775435
130_bNAb_Combinations|1314040|sample|12|nan|4166,0.00928,0.44666,3,12,1,0.832953,0.741692,0.448898,0.436169,-0.0262423,0.126487
130_bNAb_Combinations|1314040|sample|12|nan|4166,0.0464,0.130275,4,12,1,0.826854,0.590242,0.141698,0.130737,-0.400241,-0.0174308
130_bNAb_Combinations|1314040|sample|12|nan|4166,0.2319999999999999,0.00937192,5,12,1,0.809375,0.306288,0.00844678,0.00732207,0.235683,0.551388
130_bNAb_Combinations|1314040|sample|12|nan|4166,1.16,0.000685082,6,12,1,0.760668,0.0501006,0.00276908,0.00276527,-0.724477,-0.723328
130_bNAb_Combinations|1314040|sample|12|nan|4166,5.8,0.000959114,7,12,1,0.63547,0.00310893,0.00276709,0.00276407,-0.6286,-0.627674
130_bNAb_Combinations|1314040|sample|12|nan|4166,29,0.00142497,8,12,1,0.378911,0.00276408,0.00276709,0.00276407,-0.46663,-0.465673
130_bNAb_Combinations|1314040|sample|3|nan|4166,0.000064,0.931259,1,3,1,0.836048,0.788372,0.752513,0.749838,1.26436,1.28778
130_bNAb_Combinations|1314040|sample|3|nan|4166,0.00032,0.9236,2,3,1,0.88217,0.778134,0.703823,0.699201,1.66022,1.70613
130_bNAb_Combinations|1314040|sample|3|nan|4166,0.0016,0.710882,3,3,1,0.91468,0.699831,0.564047,0.557447,1.37798,1.45657
130_bNAb_Combinations|1314040|sample|3|nan|4166,0.008,0.333703,4,3,1,0.912588,0.516391,0.326066,0.319595,0.122004,0.229765
130_bNAb_Combinations|1314040|sample|3|nan|4166,0.04,0.08358,5,3,1,0.90653,0.272263,0.104407,0.101196,-0.961919,-0.836515
130_bNAb_Combinations|1314040|sample|3|nan|4166,0.2,0.0126329,6,3,1,0.889145,0.073273,0.0124925,0.0120744,0.0300424,0.121523
130_bNAb_Combinations|1314040|sample|3|nan|4166,1,0.0107147,7,3,1,0.809994,0.00739236,0.00301033,0.00300293,2.63746,2.64123
130_bNAb_Combinations|1314040|sample|3|nan|4166,5,0.00452154,8,3,1,0.65197,0.00278745,0.0027671,0.00276409,0.609986,0.611152
130_bNAb_Combinations|1314040|sample|4|nan|4166,0.000064,0.849679,1,4,1,0.836048,0.788372,0.76563,0.764783,0.584505,0.591041
130_bNAb_Combinations|1314040|sample|4|nan|4166,0.00032,0.922147,2,4,1,0.88217,0.778134,0.730377,0.729264,1.39689,1.40711
130_bNAb_Combinations|1314040|sample|4|nan|4166,0.0016,0.857325,3,4,1,0.91468,0.699831,0.610432,0.609589,2.14454,2.15476
130_bNAb_Combinations|1314040|sample|4|nan|4166,0.008,0.429779,4,4,1,0.936341,0.52983,0.395354,0.395757,0.456582,0.450794
130_bNAb_Combinations|1314040|sample|4|nan|4166,0.04,0.0907322,5,4,1,0.930125,0.279349,0.150941,0.152483,-1.99054,-2.02246
130_bNAb_Combinations|1314040|sample|4|nan|4166,0.2,0.0240601,6,4,1,0.889145,0.073273,0.0222933,0.0230313,0.272513,0.155421
130_bNAb_Combinations|1314040|sample|4|nan|4166,1,0.0110435,7,4,1,0.809994,0.00739236,0.0032685,0.0033036,2.6189,2.6014
130_bNAb_Combinations|1314040|sample|4|nan|4166,5,0.00460375,8,4,1,0.65197,0.00278745,0.0027673,0.00276435,0.63849,0.639638
130_bNAb_Combinations|1314040|sample|5|nan|4166,0.0006144,0.779376,1,5,1,0.835635,0.704545,0.643983,0.648907,1.11596,1.06738
130_bNAb_Combinations|1314040|sample|5|nan|4166,0.003072,0.614409,2,5,1,0.880903,0.612308,0.504647,0.514147,1.14831,1.03001
130_bNAb_Combinations|1314040|sample|5|nan|4166,0.01536,0.200195,3,5,1,0.910865,0.420934,0.278847,0.291499,-1.45992,-1.62429
130_bNAb_Combinations|1314040|sample|5|nan|4166,0.0768,0.0378713,4,5,1,0.925029,0.182597,0.0780237,0.0862116,-2.39317,-2.64293
130_bNAb_Combinations|1314040|sample|5|nan|4166,0.384,0.0177847,5,5,1,0.897834,0.0329052,0.00814077,0.00942927,2.49273,2.03451
130_bNAb_Combinations|1314040|sample|5|nan|4166,1.92,0.0106325,6,5,1,0.802441,0.00384957,0.00305779,0.00307052,2.58531,2.5789
130_bNAb_Combinations|1314040|sample|5|nan|4166,9.6,0.00548065,7,5,1,0.601879,0.00291839,0.00292058,0.00291733,0.881402,0.882704
130_bNAb_Combinations|1314040|sample|5|nan|4166,48,0.00260331,8,5,1,0.278393,0.00276407,0.00276708,0.00276407,-0.05694,-0.0559036
130_bNAb_Combinations|1314040|sample|6|nan|4166,0.0006144,0.836677,1,6,1,0.835635,0.704545,0.647811,0.649484,1.54768,1.5301
130_bNAb_Combinations|1314040|sample|6|nan|4166,0.003072,0.59672,2,6,1,0.880903,0.612308,0.511056,0.515117,0.885233,0.836783
130_bNAb_Combinations|1314040|sample|6|nan|4166,0.01536,0.231763,3,6,1,0.910865,0.420934,0.286346,0.292653,-0.987744,-1.07912
130_bNAb_Combinations|1314040|sample|6|nan|4166,0.0768,0.0379261,4,6,1,0.925029,0.182597,0.0823068,0.0868994,-2.52606,-2.65907
130_bNAb_Combinations|1314040|sample|6|nan|4166,0.384,0.0173463,5,6,1,0.897834,0.0329052,0.00873099,0.00953394,2.1658,1.89335
130_bNAb_Combinations|1314040|sample|6|nan|4166,1.92,0.00800175,6,6,1,0.802441,0.00384957,0.00306403,0.00307186,1.68463,1.68113
130_bNAb_Combinations|1314040|sample|6|nan|4166,9.6,0.00649457,7,6,1,0.601879,0.00291839,0.00292058,0.00291733,1.23048,1.23186
130_bNAb_Combinations|1314040|sample|6|nan|4166,48,0.00227447,8,6,1,0.278393,0.00276407,0.00276708,0.00276407,-0.171272,-0.170257
130_bNAb_Combinations|1314040|sample|7|nan|4166,0.0000768,0.895881,1,7,1,0.836033,0.831971,0.811298,0.811243,0.555621,0.556018
130_bNAb_Combinations|1314040|sample|7|nan|4166,0.000384,1,2,7,1,0.882123,0.86968,0.808396,0.808199,1.26308,1.26468
130_bNAb_Combinations|1314040|sample|7|nan|4166,0.00192,0.885057,3,7,1,0.914539,0.877506,0.709958,0.709432,1.31149,1.31639
130_bNAb_Combinations|1314040|sample|7|nan|4166,0.0096,0.541804,4,7,1,0.935921,0.829995,0.450743,0.449711,1.06344,1.07789
130_bNAb_Combinations|1314040|sample|7|nan|4166,0.048,0.108462,5,7,1,0.928913,0.65586,0.117139,0.116334,-0.361486,-0.330005
130_bNAb_Combinations|1314040|sample|7|nan|4166,0.24,0.00367204,6,7,1,0.885779,0.325621,0.00577293,0.00571477,-0.612247,-0.597169
130_bNAb_Combinations|1314040|sample|7|nan|4166,1.2,0.00134276,7,7,1,0.801125,0.0491848,0.00292152,0.00291825,-0.543515,-0.542502
130_bNAb_Combinations|1314040|sample|7|nan|4166,6,0.00120574,8,7,1,0.631533,0.00305292,0.00276765,0.00276465,-0.543029,-0.542088
130_bNAb_Combinations|1314040|sample|8|nan|4166,0.0000768,0.844966,1,8,1,0.836033,0.831971,0.812394,0.812345,0.213683,0.214014
130_bNAb_Combinations|1314040|sample|8|nan|4166,0.000384,0.936,2,8,1,0.882123,0.86968,0.811568,0.81139,0.817114,0.818459
130_bNAb_Combinations|1314040|sample|8|nan|4166,0.00192,0.95599,3,8,1,0.914539,0.877506,0.718048,0.717568,1.76246,1.76718
130_bNAb_Combinations|1314040|sample|8|nan|4166,0.0096,0.549326,4,8,1,0.935921,0.829995,0.465602,0.464637,0.947395,0.960251
130_bNAb_Combinations|1314040|sample|8|nan|4166,0.048,0.117697,5,8,1,0.928913,0.65586,0.12806,0.127257,-0.398251,-0.369498
130_bNAb_Combinations|1314040|sample|8|nan|4166,0.24,0.00523402,6,8,1,0.885779,0.325621,0.00651733,0.00644996,-0.359576,-0.341891
130_bNAb_Combinations|1314040|sample|8|nan|4166,1.2,0.00183602,7,8,1,0.801125,0.0491848,0.00292175,0.00291848,-0.373778,-0.372727
130_bNAb_Combinations|1314040|sample|8|nan|4166,29,0.00120574,8,8,1,0.378911,0.00276465,0.00276765,0.00276465,-0.543029,-0.542088
130_bNAb_Combinations|1314040|sample|9|nan|4166,0.0003648,0.860586,1,9,1,0.835791,0.824397,0.766784,0.766176,0.65136,0.656095
130_bNAb_Combinations|1314040|sample|9|nan|4166,0.001824,0.800655,2,9,1,0.881379,0.846862,0.686446,0.684803,0.884184,0.899023
130_bNAb_Combinations|1314040|sample|9|nan|4166,0.00912,0.529856,3,9,1,0.912299,0.8123,0.443485,0.440366,1.02472,1.06903
130_bNAb_Combinations|1314040|sample|9|nan|4166,0.0456,0.113285,4,9,1,0.929269,0.663753,0.12022,0.117842,-0.282224,-0.188827
130_bNAb_Combinations|1314040|sample|9|nan|4166,0.228,0.00408309,5,9,1,0.909847,0.34565,0.0061269,0.00596079,-0.584477,-0.541726
130_bNAb_Combinations|1314040|sample|9|nan|4166,1.14,0.000959114,6,9,1,0.833995,0.0558062,0.00303164,0.00302819,-0.708543,-0.707517
130_bNAb_Combinations|1314040|sample|9|nan|4166,5.7,0.00134276,7,9,1,0.672813,0.00330462,0.00292119,0.00291793,-0.543413,-0.542405
130_bNAb_Combinations|1314040|sample|9|nan|4166,28.5,0.00109613,8,9,1,0.382322,0.00276465,0.00276765,0.00276465,-0.581138,-0.580204
130_bNAb_Combinations|1314040|vc|1|2|nan|4166,0,0.872575,1,2,1,0.836167,0.836182,0.836185,0.836182,0.232034,0.232058
130_bNAb_Combinations|1314040|vc|2|2|nan|4166,0,0.811123,2,2,1,0.882534,0.882544,0.882571,0.882544,-0.431979,-0.43183
130_bNAb_Combinations|1314040|vc|3|2|nan|4166,0,0.8264,3,2,1,0.882534,0.882544,0.882571,0.882544,-0.339612,-0.33946
130_bNAb_Combinations|1314040|vc|4|2|nan|4166,0,0.88503,4,2,1,0.882534,0.882544,0.882571,0.882544,0.0148636,0.015026
130_bNAb_Combinations|1314040|vc|5|2|nan|4166,0,0.762811,5,2,1,0.882534,0.882544,0.882571,0.882544,-0.724075,-0.723935
130_bNAb_Combinations|1314040|vc|6|2|nan|4166,0,0.755714,6,2,1,0.882534,0.882544,0.882571,0.882544,-0.766986,-0.766847
130_bNAb_Combinations|1314040|vc|7|2|nan|4166,0,0.742903,7,2,1,0.882534,0.882544,0.882571,0.882544,-0.844442,-0.844306
130_bNAb_Combinations|1314040|vc|8|2|nan|4166,0,0.592911,8,2,1,0.836167,0.836182,0.836185,0.836182,-1.55121,-1.55119
130_bNAb_Combinations|1314058|cc|1|1|nan|2944,0,0.00196858,1,1,0,0,0,0,0,0.832368,0.832368
130_bNAb_Combinations|1314058|cc|2|1|nan|2944,0,0.000401752,2,1,0,0,0,0,0,0.169871,0.169871
130_bNAb_Combinations|1314058|cc|3|1|nan|2944,0,0.00192841,3,1,0,0,0,0,0,0.815381,0.815381
130_bNAb_Combinations|1314058|cc|4|1|nan|2944,0,0.00156683,4,1,0,0,0,0,0,0.662497,0.662497
130_bNAb_Combinations|1314058|cc|5|1|nan|2944,0,0.00192841,5,1,0,0,0,0,0,0.815381,0.815381
130_bNAb_Combinations|1314058|cc|6|1|nan|2944,0,0.00273191,6,1,0,0,0,0,0,1.15512,1.15512
130_bNAb_Combinations|1314058|cc|7|1|nan|2944,0,0.00228998,7,1,0,0,0,0,0,0.968264,0.968264
130_bNAb_Combinations|1314058|cc|8|1|nan|2944,0,0,8,1,0,0,0,0,0,0,0
130_bNAb_Combinations|1314058|sample|10|nan|2944,0.0003648,0.569001,1,10,1,0.835791,0.824378,0.766677,0.767622,-1.37286,-1.37775
130_bNAb_Combinations|1314058|sample|10|nan|2944,0.001824,0.774678,2,10,1,0.881379,0.846816,0.686211,0.688589,0.685128,0.664445
130_bNAb_Combinations|1314058|sample|10|nan|2944,0.00912,0.604516,3,10,1,0.912299,0.812191,0.443116,0.447441,1.91642,1.84754
130_bNAb_Combinations|1314058|sample|10|nan|2944,0.0456,0.103933,4,10,1,0.905695,0.646709,0.116952,0.120044,-0.543137,-0.656498
130_bNAb_Combinations|1314058|sample|10|nan|2944,0.228,0.00494155,5,10,1,0.886767,0.336644,0.00595945,0.00616443,-0.293692,-0.34902
130_bNAb_Combinations|1314058|sample|10|nan|2944,1.14,0.00176771,6,10,1,0.833995,0.0557327,0.00303103,0.00302769,-0.431914,-0.430863
130_bNAb_Combinations|1314058|sample|10|nan|2944,5.7,0.00212928,7,10,1,0.672813,0.00330325,0.00292059,0.00291734,-0.272439,-0.271374
130_bNAb_Combinations|1314058|sample|10|nan|2944,28.5,0.00152666,8,10,1,0.382322,0.00276408,0.00276708,0.00276407,-0.431275,-0.430311
130_bNAb_Combinations|1314058|sample|11|nan|2944,0.0003712,0.654956,1,11,1,0.835786,0.824243,0.814814,0.814925,-1.04564,-1.04623
130_bNAb_Combinations|1314058|sample|11|nan|2944,0.001856,0.910209,2,11,1,0.881366,0.846413,0.818627,0.818915,0.59629,0.594207
130_bNAb_Combinations|1314058|sample|11|nan|2944,0.00928,0.826323,3,11,1,0.879142,0.781627,0.709567,0.710279,0.874974,0.868778
130_bNAb_Combinations|1314058|sample|11|nan|2944,0.0464,0.531096,4,11,1,0.872705,0.620748,0.469993,0.471277,0.685125,0.668953
130_bNAb_Combinations|1314058|sample|11|nan|2944,0.2319999999999999,0.155357,5,11,1,0.854256,0.320757,0.146844,0.147882,0.288662,0.251839
130_bNAb_Combinations|1314058|sample|11|nan|2944,1.16,0.00719135,6,11,1,0.802848,0.0521244,0.00868876,0.00878832,-0.377175,-0.400396
130_bNAb_Combinations|1314058|sample|11|nan|2944,5.8,0.000964204,7,11,1,0.670708,0.0032737,0.00292284,0.00291967,-0.67424,-0.673283
130_bNAb_Combinations|1314058|sample|11|nan|2944,29,0.00116508,8,11,1,0.378911,0.00276434,0.00276734,0.00276434,-0.55707,-0.556131
130_bNAb_Combinations|1314058|sample|12|nan|2944,0.0003712,0.691174,1,12,1,0.835786,0.824243,0.815642,0.815135,-0.813339,-0.810523
130_bNAb_Combinations|1314058|sample|12|nan|2944,0.001856,0.787493,2,12,1,0.83506,0.801946,0.777888,0.776473,0.0657614,0.0755884
130_bNAb_Combinations|1314058|sample|12|nan|2944,0.00928,0.705837,3,12,1,0.832953,0.740563,0.678031,0.674423,0.217898,0.247464
130_bNAb_Combinations|1314058|sample|12|nan|2944,0.0464,0.438512,4,12,1,0.826854,0.588136,0.456321,0.4493,-0.205513,-0.126386
130_bNAb_Combinations|1314058|sample|12|nan|2944,0.2319999999999999,0.141899,5,12,1,0.809375,0.303905,0.148912,0.142551,-0.234777,-0.0227361
130_bNAb_Combinations|1314058|sample|12|nan|2944,1.16,0.0106062,6,12,1,0.760668,0.049386,0.00933868,0.00859305,0.309908,0.509362
130_bNAb_Combinations|1314058|sample|12|nan|2944,5.8,0.000763328,7,12,1,0.63547,0.00310171,0.00277022,0.0027665,-0.697621,-0.696495
130_bNAb_Combinations|1314058|sample|12|nan|2944,29,0.000682978,8,12,1,0.378911,0.00276434,0.00276734,0.00276434,-0.724685,-0.723779
130_bNAb_Combinations|1314058|sample|3|nan|2944,0.000064,0.7568,1,3,1,0.836048,0.832443,0.766123,0.76747,-0.0647993,-0.0740287
130_bNAb_Combinations|1314058|sample|3|nan|2944,0.00032,0.711502,2,3,1,0.88217,0.871123,0.68477,0.688187,0.207456,0.180055
130_bNAb_Combinations|1314058|sample|3|nan|2944,0.0016,0.556567,3,3,1,0.91468,0.881749,0.440445,0.446679,1.38693,1.29466
130_bNAb_Combinations|1314058|sample|3|nan|2944,0.008,0.0999156,4,3,1,0.912588,0.820356,0.115017,0.119472,-0.639568,-0.800358
130_bNAb_Combinations|1314058|sample|3|nan|2944,0.04,0.00779398,5,3,1,0.90653,0.665655,0.00583025,0.00612371,0.570515,0.477734
130_bNAb_Combinations|1314058|sample|3|nan|2944,0.2,0.0069503,6,3,1,0.889145,0.365462,0.00303111,0.0030278,1.33991,1.34133
130_bNAb_Combinations|1314058|sample|3|nan|2944,1,0.00361576,7,3,1,0.809994,0.0667903,0.00292071,0.00291746,0.239297,0.240467
130_bNAb_Combinations|1314058|sample|3|nan|2944,5,0.00610662,8,3,1,0.65197,0.00341965,0.0027672,0.00276418,1.16105,1.16233
130_bNAb_Combinations|1314058|sample|4|nan|2944,0.000064,0.636756,1,4,1,0.836048,0.832443,0.775597,0.778199,-0.953334,-0.968007
130_bNAb_Combinations|1314058|sample|4|nan|2944,0.00032,0.746153,2,4,1,0.88217,0.871123,0.709555,0.716406,0.274272,0.220837
130_bNAb_Combinations|1314058|sample|4|nan|2944,0.0016,0.537845,3,4,1,0.91468,0.881749,0.487668,0.501222,0.542749,0.385696
130_bNAb_Combinations|1314058|sample|4|nan|2944,0.008,0.0750874,4,4,1,0.936341,0.841706,0.156305,0.168592,-2.59993,-2.79051
130_bNAb_Combinations|1314058|sample|4|nan|2944,0.04,0.0161906,5,4,1,0.930125,0.682979,0.00924568,0.0106304,1.70513,1.28448
130_bNAb_Combinations|1314058|sample|4|nan|2944,0.2,0.00445944,6,4,1,0.889145,0.365462,0.0030328,0.00303063,0.487695,0.488505
130_bNAb_Combinations|1314058|sample|4|nan|2944,1,0.0061468,7,4,1,0.809994,0.0667903,0.00292071,0.00291746,1.1107,1.11205
130_bNAb_Combinations|1314058|sample|4|nan|2944,5,0.00337471,8,4,1,0.65197,0.00341965,0.0027672,0.00276418,0.211222,0.212311
130_bNAb_Combinations|1314058|sample|5|nan|2944,0.0006144,0.421638,1,5,1,0.835635,0.819557,0.548931,0.547437,-1.22672,-1.21556
130_bNAb_Combinations|1314058|sample|5|nan|2944,0.003072,0.241091,2,5,1,0.880903,0.832507,0.263881,0.261749,-0.4459,-0.407314
130_bNAb_Combinations|1314058|sample|5|nan|2944,0.01536,0.0357559,3,5,1,0.910865,0.773024,0.0327669,0.0320749,0.355077,0.44402
130_bNAb_Combinations|1314058|sample|5|nan|2944,0.0768,0.0111687,4,5,1,0.925029,0.575419,0.00320779,0.00319853,2.69168,2.69637
130_bNAb_Combinations|1314058|sample|5|nan|2944,0.384,0.00397734,5,5,1,0.897834,0.230853,0.00310964,0.00310614,0.295191,0.296447
130_bNAb_Combinations|1314058|sample|5|nan|2944,1.92,0.0050219,6,5,1,0.802441,0.020324,0.00303075,0.00302735,0.680756,0.682068
130_bNAb_Combinations|1314058|sample|5|nan|2944,9.6,0.00289261,7,5,1,0.601879,0.00294186,0.00292071,0.00291746,-0.00967425,-0.00855512
130_bNAb_Combinations|1314058|sample|5|nan|2944,48,0.00337471,8,5,1,0.278393,0.00276418,0.0027672,0.00276418,0.211222,0.212311
130_bNAb_Combinations|1314058|sample|6|nan|2944,0.0006144,0.459122,1,6,1,0.835635,0.819557,0.493218,0.505972,-0.364766,-0.488889
130_bNAb_Combinations|1314058|sample|6|nan|2944,0.003072,0.181552,2,6,1,0.880903,0.832507,0.195261,0.209652,-0.356687,-0.683817
130_bNAb_Combinations|1314058|sample|6|nan|2944,0.01536,0.0224981,3,6,1,0.910865,0.773024,0.0160277,0.0187983,1.21493,0.633791
130_bNAb_Combinations|1314058|sample|6|nan|2944,0.0768,0.00879836,4,6,1,0.925029,0.575419,0.00312273,0.00312692,1.92925,1.92732
130_bNAb_Combinations|1314058|sample|6|nan|2944,0.384,0.00377647,5,6,1,0.897834,0.230853,0.00310964,0.00310614,0.226854,0.228095
130_bNAb_Combinations|1314058|sample|6|nan|2944,1.92,0.00425857,6,6,1,0.802441,0.020324,0.00303075,0.00302735,0.41978,0.421036
130_bNAb_Combinations|1314058|sample|6|nan|2944,9.6,0.00349524,7,6,1,0.601879,0.00294186,0.00292071,0.00291746,0.197802,0.198964
130_bNAb_Combinations|1314058|sample|6|nan|2944,48,0.00317384,8,6,1,0.278393,0.00276418,0.0027672,0.00276418,0.141381,0.142457
130_bNAb_Combinations|1314058|sample|7|nan|2944,0.0000768,0.772267,1,7,1,0.836033,0.831962,0.81088,0.810278,-0.253772,-0.250001
130_bNAb_Combinations|1314058|sample|7|nan|2944,0.000384,0.792997,2,7,1,0.882123,0.869662,0.807206,0.80543,-0.0937995,-0.0822563
130_bNAb_Combinations|1314058|sample|7|nan|2944,0.00192,0.847113,3,7,1,0.914539,0.877458,0.706975,0.70246,1.05398,1.09481
130_bNAb_Combinations|1314058|sample|7|nan|2944,0.0096,0.388996,4,7,1,0.935921,0.82988,0.445415,0.43725,-0.66654,-0.580424
130_bNAb_Combinations|1314058|sample|7|nan|2944,0.048,0.102889,5,7,1,0.928913,0.655644,0.11343,0.107764,-0.452063,-0.218925
130_bNAb_Combinations|1314058|sample|7|nan|2944,0.24,0.00903941,6,7,1,0.885779,0.325385,0.00554782,0.00521682,1.03001,1.14837
130_bNAb_Combinations|1314058|sample|7|nan|2944,1.2,0.00305331,7,7,1,0.801125,0.0491191,0.00292087,0.00291754,0.0455987,0.0467545
130_bNAb_Combinations|1314058|sample|7|nan|2944,6,0.00325419,8,7,1,0.631533,0.00305177,0.00276708,0.00276407,0.169357,0.170438
130_bNAb_Combinations|1314058|sample|8|nan|2944,0.0000768,0.84412,1,8,1,0.836033,0.831962,0.814121,0.81311,0.196392,0.203257
130_bNAb_Combinations|1314058|sample|8|nan|2944,0.000384,0.940119,2,8,1,0.882123,0.869662,0.816606,0.813631,0.806153,0.828547
130_bNAb_Combinations|1314058|sample|8|nan|2944,0.00192,0.824917,3,8,1,0.914539,0.877458,0.731056,0.723352,0.683077,0.746874
130_bNAb_Combinations|1314058|sample|8|nan|2944,0.0096,0.591097,4,8,1,0.935921,0.82988,0.490245,0.475516,1.0853,1.28133
130_bNAb_Combinations|1314058|sample|8|nan|2944,0.048,0.135872,5,8,1,0.928913,0.655644,0.147715,0.135696,-0.3994,0.00643681
130_bNAb_Combinations|1314058|sample|8|nan|2944,0.24,0.00361576,6,8,1,0.885779,0.325385,0.00816329,0.00710151,-1.17416,-0.948022
130_bNAb_Combinations|1314058|sample|8|nan|2944,1.2,0.00329436,7,8,1,0.801125,0.0491191,0.00292198,0.00291815,0.128196,0.129546
130_bNAb_Combinations|1314058|sample|8|nan|2944,6,0.00289261,8,8,1,0.631533,0.00305177,0.00276708,0.00276407,0.0436437,0.0446994
130_bNAb_Combinations|1314058|sample|9|nan|2944,0.0003648,0.631373,1,9,1,0.835791,0.824378,0.764061,0.762598,-0.924618,-0.916151
130_bNAb_Combinations|1314058|sample|9|nan|2944,0.001824,0.855028,2,9,1,0.881379,0.846816,0.679459,0.675633,1.37294,1.41065
130_bNAb_Combinations|1314058|sample|9|nan|2944,0.00912,0.528323,3,9,1,0.912299,0.812191,0.43076,0.423774,1.19072,1.29639
130_bNAb_Combinations|1314058|sample|9|nan|2944,0.0456,0.0948536,4,9,1,0.929269,0.66354,0.111046,0.106124,-0.707756,-0.513041
130_bNAb_Combinations|1314058|sample|9|nan|2944,0.228,0.00401752,5,9,1,0.909847,0.345406,0.00554877,0.00526186,-0.451692,-0.372889
130_bNAb_Combinations|1314058|sample|9|nan|2944,1.14,0.00309349,6,9,1,0.833995,0.0557327,0.00303088,0.00302742,0.0214042,0.0225944
130_bNAb_Combinations|1314058|sample|9|nan|2944,5.7,0.00200876,7,9,1,0.672813,0.00330325,0.00292059,0.00291734,-0.313934,-0.312878
130_bNAb_Combinations|1314058|sample|9|nan|2944,28.5,0.00369612,8,9,1,0.382322,0.00276408,0.00276708,0.00276407,0.323008,0.324117
130_bNAb_Combinations|1314058|vc|1|2|nan|2944,0,0.691535,1,2,1,0.836167,0.836181,0.836184,0.836181,-0.922339,-0.92232
130_bNAb_Combinations|1314058|vc|2|2|nan|2944,0,0.932385,2,2,1,0.882534,0.882547,0.882573,0.882547,0.301164,0.301334
130_bNAb_Combinations|1314058|vc|3|2|nan|2944,0,1,3,2,1,0.882534,0.882547,0.882573,0.882547,0.709965,0.710147
130_bNAb_Combinations|1314058|vc|4|2|nan|2944,0,0.97479,4,2,1,0.882534,0.882547,0.882573,0.882547,0.557545,0.557723
130_bNAb_Combinations|1314058|vc|5|2|nan|2944,0,0.982805,5,2,1,0.882534,0.882547,0.882573,0.882547,0.606003,0.606183
130_bNAb_Combinations|1314058|vc|6|2|nan|2944,0,0.897594,6,2,1,0.882534,0.882547,0.882573,0.882547,0.0908121,0.0909762
130_bNAb_Combinations|1314058|vc|7|2|nan|2944,0,0.932385,7,2,1,0.882534,0.882547,0.882573,0.882547,0.301164,0.301334
130_bNAb_Combinations|1314058|vc|8|2|nan|2944,0,0.756117,8,2,1,0.836167,0.836181,0.836184,0.836181,-0.510542,-0.510521
130_bNAb_Combinations|1342240|cc|1|1|nan|1798,0,0.000747678,1,1,0,0,0,0,0,0.316138,0.316138
130_bNAb_Combinations|1342240|cc|2|1|nan|1798,0,0.000889479,2,1,0,0,0,0,0,0.376095,0.376095
130_bNAb_Combinations|1342240|cc|3|1|nan|1798,0,0.00106995,3,1,0,0,0,0,0,0.452404,0.452404
130_bNAb_Combinations|1342240|cc|4|1|nan|1798,0,0.0011473,4,1,0,0,0,0,0,0.485108,0.485108
130_bNAb_Combinations|1342240|cc|5|1|nan|1798,0,0.00125043,5,1,0,0,0,0,0,0.528713,0.528713
130_bNAb_Combinations|1342240|cc|6|1|nan|1798,0,0.00109574,6,1,0,0,0,0,0,0.463305,0.463305
130_bNAb_Combinations|1342240|cc|7|1|nan|1798,0,0.00113441,7,1,0,0,0,0,0,0.479657,0.479657
130_bNAb_Combinations|1342240|cc|8|1|nan|1798,0,0.00134066,8,1,0,0,0,0,0,0.566867,0.566867
130_bNAb_Combinations|1342240|sample|3|nan|1798,0.0010624,0.835221,1,3,1,0.835402,0.813715,0.823079,0.82295,0.0786373,0.0794819
130_bNAb_Combinations|1342240|sample|3|nan|1798,0.005312,0.877793,2,3,1,0.880189,0.814833,0.84269,0.842232,0.222127,0.225149
130_bNAb_Combinations|1342240|sample|3|nan|1798,0.02656,0.931355,3,3,1,0.908721,0.724971,0.799948,0.798554,0.87526,0.88607
130_bNAb_Combinations|1342240|sample|3|nan|1798,0.1328,0.830071,4,3,1,0.895407,0.463674,0.617157,0.613719,1.82965,1.86939
130_bNAb_Combinations|1342240|sample|3|nan|1798,0.664,0.362418,5,3,1,0.857813,0.130255,0.292363,0.287276,1.24272,1.35557
130_bNAb_Combinations|1342240|sample|3|nan|1798,3.32,0.0234358,6,3,1,0.757448,0.00676458,0.0378355,0.0360167,-1.53938,-1.39505
130_bNAb_Combinations|1342240|sample|3|nan|1798,83,0.000966825,8,3,1,0.17433,0.00276353,0.00276655,0.00276353,-0.625753,-0.624826
130_bNAb_Combinations|1342240|sample|4|nan|1798,0.0010624,0.808053,1,4,1,0.835402,0.813715,0.822777,0.822589,-0.0953923,-0.0941978
130_bNAb_Combinations|1342240|sample|4|nan|1798,0.005312,0.88955,2,4,1,0.880189,0.814833,0.841787,0.84115,0.302558,0.30682
130_bNAb_Combinations|1342240|sample|4|nan|1798,0.02656,0.902873,3,4,1,0.908721,0.724971,0.797445,0.795556,0.704389,0.718682
130_bNAb_Combinations|1342240|sample|4|nan|1798,0.1328,0.803702,4,4,1,0.918713,0.475742,0.627481,0.622842,1.48991,1.5403
130_bNAb_Combinations|1342240|sample|4|nan|1798,0.664,0.370758,5,4,1,0.88014,0.133645,0.292284,0.285691,1.39245,1.54277
130_bNAb_Combinations|1342240|sample|4|nan|1798,3.32,0.0203936,6,4,1,0.757448,0.00676458,0.0354044,0.0332644,-1.68565,-1.51248
130_bNAb_Combinations|1342240|sample|4|nan|1798,16.6,3.8673e-05,7,4,1,0.509733,0.00291737,0.00302712,0.00300602,-1.02196,-1.0161
130_bNAb_Combinations|1342240|sample|4|nan|1798,83,0.000747678,8,4,1,0.17433,0.00276353,0.00276655,0.00276353,-0.701949,-0.701037
130_bNAb_Combinations|1342240|sample|8|nan|1798,16.6,0.000721896,7,8,1,0.509733,0.00291737,0.00292003,0.00291735,-0.756818,-0.756023
130_bNAb_Combinations|1342240|vc|1|2|nan|1798,0,0.862537,1,2,1,0.836167,0.836171,0.836175,0.836171,0.168094,0.168118
130_bNAb_Combinations|1342240|vc|2|2|nan|1798,0,0.923324,2,2,1,0.882534,0.882538,0.882565,0.882538,0.246436,0.246605
130_bNAb_Combinations|1342240|vc|3|2|nan|1798,0,0.944627,3,2,1,0.882534,0.882538,0.882565,0.882538,0.375232,0.375405
130_bNAb_Combinations|1342240|vc|4|2|nan|1798,0,1,4,2,1,0.882534,0.882538,0.882565,0.882538,0.710024,0.710207
130_bNAb_Combinations|1342240|vc|5|2|nan|1798,0,0.995817,5,2,1,0.882534,0.882538,0.882565,0.882538,0.684732,0.684914
130_bNAb_Combinations|1342240|vc|6|2|nan|1798,0,0.979742,6,2,1,0.882534,0.882538,0.882565,0.882538,0.587541,0.58772
130_bNAb_Combinations|1342240|vc|7|2|nan|1798,0,0.912625,7,2,1,0.882534,0.882538,0.882565,0.882538,0.181746,0.181913
130_bNAb_Combinations|1342240|vc|8|2|nan|1798,0,0.732654,8,2,1,0.836167,0.836171,0.836175,0.836171,-0.660101,-0.66008
130_bNAb_Combinations|1342258|cc|1|1|TRO.11|8301,0,0.000586773,1,1,0,0,0,0,0,0.248103,0.248103
130_bNAb_Combinations|1342258|cc|2|1|TRO.11|8301,0,0.000602214,2,1,0,0,0,0,0,0.254632,0.254632
130_bNAb_Combinations|1342258|cc|3|1|TRO.11|8301,0,0.000756628,3,1,0,0,0,0,0,0.319922,0.319922
130_bNAb_Combinations|1342258|cc|4|1|TRO.11|8301,0,0.000694863,4,1,0,0,0,0,0,0.293806,0.293806
130_bNAb_Combinations|1342258|cc|5|1|TRO.11|8301,0,0.000957366,5,1,0,0,0,0,0,0.404799,0.404799
130_bNAb_Combinations|1342258|cc|6|1|TRO.11|8301,0,0.000648538,6,1,0,0,0,0,0,0.274219,0.274219
130_bNAb_Combinations|1342258|cc|7|1|TRO.11|8301,0,0.00103457,7,1,0,0,0,0,0,0.437444,0.437444
130_bNAb_Combinations|1342258|cc|8|1|TRO.11|8301,0,0.00112722,8,1,0,0,0,0,0,0.476618,0.476618
130_bNAb_Combinations|1342258|sample|3|TRO.11|8301,0.0010624,1,1,3,1,0.835402,0.827541,0.816279,0.815561,1.1996,1.20534
130_bNAb_Combinations|1342258|sample|3|TRO.11|8301,0.005312,0.977008,2,3,1,0.880189,0.851966,0.813196,0.810926,1.0736,1.09147
130_bNAb_Combinations|1342258|sample|3|TRO.11|8301,0.02656,0.852774,3,3,1,0.908721,0.812694,0.693972,0.68798,1.21633,1.27302
130_bNAb_Combinations|1342258|sample|3|TRO.11|8301,0.1328,0.409135,4,3,1,0.895407,0.612004,0.360467,0.351081,0.705824,0.863664
130_bNAb_Combinations|1342258|sample|3|TRO.11|8301,0.664,0.0368586,5,3,1,0.857813,0.238787,0.0445514,0.0414536,-0.726095,-0.458463
130_bNAb_Combinations|1342258|sample|3|TRO.11|8301,3.32,0.000988249,6,3,1,0.757448,0.0142961,0.0030945,0.00307959,-0.717225,-0.712816
130_bNAb_Combinations|1342258|sample|3|TRO.11|8301,16.6,0.000617656,7,3,1,0.509733,0.00291888,0.00292036,0.00291711,-0.792806,-0.791849
130_bNAb_Combinations|1342258|sample|3|TRO.11|8301,83,0.0017912,8,3,1,0.17433,0.00276387,0.00276689,0.00276387,-0.339233,-0.338251
130_bNAb_Combinations|1342258|sample|4|TRO.11|8301,0.0010624,0.951962,1,4,1,0.835402,0.827541,0.817222,0.816675,0.878784,0.88293
130_bNAb_Combinations|1342258|sample|4|TRO.11|8301,0.005312,0.975433,2,4,1,0.880189,0.851966,0.816385,0.814682,1.03837,1.05164
130_bNAb_Combinations|1342258|sample|4|TRO.11|8301,0.02656,0.81302,3,4,1,0.908721,0.812694,0.703207,0.698772,0.830258,0.869167
130_bNAb_Combinations|1342258|sample|4|TRO.11|8301,0.1328,0.42409,4,4,1,0.918713,0.62793,0.386463,0.379287,0.510167,0.618576
130_bNAb_Combinations|1342258|sample|4|TRO.11|8301,0.664,0.0475286,5,4,1,0.88014,0.245,0.0522077,0.0496535,-0.389627,-0.184173
130_bNAb_Combinations|1342258|sample|4|TRO.11|8301,3.32,0.000586773,6,4,1,0.757448,0.0142961,0.00312639,0.00311114,-0.863064,-0.858702
130_bNAb_Combinations|1342258|sample|4|TRO.11|8301,16.6,0.00101913,7,4,1,0.509733,0.00291888,0.00292036,0.00291711,-0.65458,-0.653595
130_bNAb_Combinations|1342258|sample|4|TRO.11|8301,83,0.00205371,8,4,1,0.17433,0.00276387,0.00276689,0.00276387,-0.247964,-0.246964
130_bNAb_Combinations|1342258|vc|1|2|TRO.11|8301,0,0.96755,1,2,1,0.836167,0.836203,0.836206,0.836203,0.837475,0.837501
130_bNAb_Combinations|1342258|vc|2|2|TRO.11|8301,0,0.984057,2,2,1,0.882534,0.882563,0.882589,0.882563,0.613464,0.613643
130_bNAb_Combinations|1342258|vc|3|2|TRO.11|8301,0,0.968554,3,2,1,0.882534,0.882563,0.882589,0.882563,0.519733,0.51991
130_bNAb_Combinations|1342258|vc|4|2|TRO.11|8301,0,0.996418,4,2,1,0.882534,0.882563,0.882589,0.882563,0.688196,0.688378
130_bNAb_Combinations|1342258|vc|5|2|TRO.11|8301,0,0.95952,5,2,1,0.882534,0.882563,0.882589,0.882563,0.465119,0.465294
130_bNAb_Combinations|1342258|vc|6|2|TRO.11|8301,0,0.92514,6,2,1,0.882534,0.882563,0.882589,0.882563,0.257259,0.257427
130_bNAb_Combinations|1342258|vc|7|2|TRO.11|8301,0,0.920917,7,2,1,0.882534,0.882563,0.882589,0.882563,0.231725,0.231893
130_bNAb_Combinations|1342258|vc|8|2|TRO.11|8301,0,0.827859,8,2,1,0.836167,0.836203,0.836206,0.836203,-0.0532229,-0.0532007
130_bNAb_Combinations|1342276|cc|1|1|Ce1176_A3|7023,0,0.00106045,1,1,0,0,0,0,0,0.448387,0.448387
130_bNAb_Combinations|1342276|cc|2|1|Ce1176_A3|7023,0,0.000899371,2,1,0,0,0,0,0,0.380277,0.380277
130_bNAb_Combinations|1342276|cc|3|1|Ce1176_A3|7023,0,0.00139604,3,1,0,0,0,0,0,0.590281,0.590281
130_bNAb_Combinations|1342276|cc|4|1|Ce1176_A3|7023,0,0.000885948,4,1,0,0,0,0,0,0.374602,0.374602
130_bNAb_Combinations|1342276|cc|5|1|Ce1176_A3|7023,0,0.000939641,5,1,0,0,0,0,0,0.397305,0.397305
130_bNAb_Combinations|1342276|cc|6|1|Ce1176_A3|7023,0,0.00115442,6,1,0,0,0,0,0,0.488117,0.488117
130_bNAb_Combinations|1342276|cc|7|1|Ce1176_A3|7023,0,0.00167793,7,1,0,0,0,0,0,0.709473,0.709473
130_bNAb_Combinations|1342276|cc|8|1|Ce1176_A3|7023,0,0.0012618,8,1,0,0,0,0,0,0.533523,0.533523
130_bNAb_Combinations|1342276|sample|3|Ce1176_A3|7023,0.0010624,0.725068,1,3,1,0.835402,0.812423,0.818501,0.818803,-0.608438,-0.610186
130_bNAb_Combinations|1342276|sample|3|Ce1176_A3|7023,0.005312,0.881934,2,3,1,0.880189,0.81158,0.82937,0.830229,0.33788,0.332024
130_bNAb_Combinations|1342276|sample|3|Ce1176_A3|7023,0.02656,0.891317,3,3,1,0.908721,0.717994,0.764533,0.766817,0.882945,0.864491
130_bNAb_Combinations|1342276|sample|3|Ce1176_A3|7023,0.1328,0.705718,4,3,1,0.895407,0.453607,0.543259,0.547888,1.58159,1.52385
130_bNAb_Combinations|1342276|sample|3|Ce1176_A3|7023,0.664,0.239233,5,3,1,0.857813,0.124617,0.205821,0.21069,0.827326,0.691377
130_bNAb_Combinations|1342276|sample|3|Ce1176_A3|7023,3.32,0.012269,6,3,1,0.757448,0.00649529,0.0165938,0.0174694,-0.796407,-0.929956
130_bNAb_Combinations|1342276|sample|3|Ce1176_A3|7023,16.6,0.00138262,7,3,1,0.509733,0.00291772,0.00293404,0.00293295,-0.533679,-0.533343
130_bNAb_Combinations|1342276|sample|3|Ce1176_A3|7023,83,0.00073829,8,3,1,0.17433,0.00276385,0.00276686,0.00276385,-0.70531,-0.704399
130_bNAb_Combinations|1342276|sample|4|Ce1176_A3|7023,0.0010624,0.749337,1,4,1,0.835402,0.812423,0.820005,0.819664,-0.459356,-0.457331
130_bNAb_Combinations|1342276|sample|4|Ce1176_A3|7023,0.005312,0.874437,2,4,1,0.880189,0.81158,0.833804,0.832767,0.259823,0.266775
130_bNAb_Combinations|1342276|sample|4|Ce1176_A3|7023,0.02656,0.920365,3,4,1,0.908721,0.717994,0.776433,0.773633,0.987247,1.01004
130_bNAb_Combinations|1342276|sample|4|Ce1176_A3|7023,0.1328,0.749364,4,4,1,0.918713,0.46541,0.582722,0.576643,1.51482,1.58627
130_bNAb_Combinations|1342276|sample|4|Ce1176_A3|7023,0.664,0.256838,5,4,1,0.88014,0.12786,0.239241,0.2322,0.377941,0.544385
130_bNAb_Combinations|1342276|sample|4|Ce1176_A3|7023,3.32,0.0164035,6,4,1,0.757448,0.00649529,0.0221248,0.020598,-0.886748,-0.679836
130_bNAb_Combinations|1342276|sample|4|Ce1176_A3|7023,16.6,0.000402703,7,4,1,0.509733,0.00291772,0.00295151,0.00294251,-0.875803,-0.873207
130_bNAb_Combinations|1342276|sample|4|Ce1176_A3|7023,83,0.000617479,8,4,1,0.17433,0.00276385,0.00276686,0.00276385,-0.747314,-0.746412
130_bNAb_Combinations|1342276|vc|1|2|Ce1176_A3|7023,0,0.763009,1,2,1,0.836167,0.836217,0.83622,0.836217,-0.466802,-0.466783
130_bNAb_Combinations|1342276|vc|2|2|Ce1176_A3|7023,0,0.910553,2,2,1,0.882534,0.882601,0.882627,0.882601,0.168828,0.168991
130_bNAb_Combinations|1342276|vc|3|2|Ce1176_A3|7023,0,1,3,2,1,0.882534,0.882601,0.882627,0.882601,0.709595,0.709774
130_bNAb_Combinations|1342276|vc|4|2|Ce1176_A3|7023,0,0.978623,4,2,1,0.882534,0.882601,0.882627,0.882601,0.580358,0.580533
130_bNAb_Combinations|1342276|vc|5|2|Ce1176_A3|7023,0,0.915016,5,2,1,0.882534,0.882601,0.882627,0.882601,0.195812,0.195975
130_bNAb_Combinations|1342276|vc|6|2|Ce1176_A3|7023,0,0.948528,6,2,1,0.882534,0.882601,0.882627,0.882601,0.398412,0.398581
130_bNAb_Combinations|1342276|vc|7|2|Ce1176_A3|7023,0,0.841536,7,2,1,0.882534,0.882601,0.882627,0.882601,-0.248423,-0.248273
130_bNAb_Combinations|1342276|vc|8|2|Ce1176_A3|7023,0,0.749606,8,2,1,0.836167,0.836217,0.83622,0.836217,-0.552263,-0.552245
130_bNAb_Combinations|1342294|cc|1|1|nan|1176,0,0.00986891,1,1,0,0,0,0,0,4.17283,4.17283
130_bNAb_Combinations|1342294|cc|2|1|nan|1176,0,0.00692296,2,1,0,0,0,0,0,2.92721,2.92721
130_bNAb_Combinations|1342294|cc|3|1|nan|1176,0,0.00368243,3,1,0,0,0,0,0,1.55703,1.55703
130_bNAb_Combinations|1342294|cc|4|1|nan|1176,0,0.0107527,4,1,0,0,0,0,0,4.54651,4.54651
130_bNAb_Combinations|1342294|cc|5|1|nan|1176,0,0.000736485,5,1,0,0,0,0,0,0.311405,0.311405
130_bNAb_Combinations|1342294|cc|6|1|nan|1176,0,0,6,1,0,0,0,0,0,0,0
130_bNAb_Combinations|1342294|cc|7|1|nan|1176,0,0.00618648,7,1,0,0,0,0,0,2.6158,2.6158
130_bNAb_Combinations|1342294|cc|8|1|nan|1176,0,0.0048608,8,1,0,0,0,0,0,2.05527,2.05527
130_bNAb_Combinations|1342294|sample|3|nan|1176,0.0010624,0.7384,1,3,1,0.835402,0.812348,0.783667,0.784666,-0.307672,-0.314067
130_bNAb_Combinations|1342294|sample|3|nan|1176,0.005312,0.840477,2,3,1,0.880189,0.811338,0.7311,0.733742,0.795953,0.773973
130_bNAb_Combinations|1342294|sample|3|nan|1176,0.02656,0.51554,3,3,1,0.908721,0.717577,0.531533,0.537002,-0.159051,-0.211316
130_bNAb_Combinations|1342294|sample|3|nan|1176,0.1328,0.173221,4,3,1,0.895407,0.453103,0.193783,0.199329,-0.538815,-0.666254
130_bNAb_Combinations|1342294|sample|3|nan|1176,0.664,0.0191486,5,3,1,0.857813,0.124359,0.0145548,0.0154593,0.909019,0.706662
130_bNAb_Combinations|1342294|sample|3|nan|1176,3.32,0.00559729,6,3,1,0.757448,0.00648335,0.00304,0.00303847,0.873809,0.874417
130_bNAb_Combinations|1342294|sample|3|nan|1176,83,0.0050081,8,3,1,0.17433,0.00276417,0.00276718,0.00276417,0.779126,0.780323
130_bNAb_Combinations|1342294|sample|4|nan|1176,0.0010624,0.680071,1,4,1,0.835402,0.812348,0.788883,0.787385,-0.734768,-0.726008
130_bNAb_Combinations|1342294|sample|4|nan|1176,0.005312,0.847842,2,4,1,0.880189,0.811338,0.74528,0.741131,0.732394,0.766216
130_bNAb_Combinations|1342294|sample|4|nan|1176,0.02656,0.692444,3,4,1,0.908721,0.717577,0.561709,0.552697,1.23187,1.33778
130_bNAb_Combinations|1342294|sample|4|nan|1176,0.1328,0.216085,4,4,1,0.918713,0.464891,0.232112,0.221718,-0.35426,-0.130032
130_bNAb_Combinations|1342294|sample|4|nan|1176,0.664,0.0187067,5,4,1,0.88014,0.127594,0.0211687,0.0190158,-0.392322,-0.0525752
130_bNAb_Combinations|1342294|sample|4|nan|1176,3.32,0.00456621,6,4,1,0.757448,0.00648335,0.00305697,0.0030465,0.515147,0.519062
130_bNAb_Combinations|1342294|sample|4|nan|1176,16.6,0.00618648,7,4,1,0.509733,0.00291776,0.00292045,0.0029172,1.12446,1.12582
130_bNAb_Combinations|1342294|sample|4|nan|1176,83,0.00265135,8,4,1,0.17433,0.00276417,0.00276718,0.00276417,-0.0402713,-0.0392326
130_bNAb_Combinations|1342294|sample|8|nan|1176,16.6,0.00883783,7,8,1,0.509733,0.00291776,0.00292045,0.00291786,2.0373,2.03853
130_bNAb_Combinations|1342294|vc|1|2|nan|1176,0,0.903962,1,2,1,0.836167,0.8362,0.836202,0.8362,0.432054,0.432073
130_bNAb_Combinations|1342294|vc|2|2|nan|1176,0,0.772868,2,2,1,0.882534,0.882495,0.882521,0.882495,-0.663002,-0.662866
130_bNAb_Combinations|1342294|vc|3|2|nan|1176,0,0.798792,3,2,1,0.882534,0.882495,0.882521,0.882495,-0.506254,-0.506113
130_bNAb_Combinations|1342294|vc|4|2|nan|1176,0,1,4,2,1,0.882534,0.882495,0.882521,0.882495,0.710326,0.710501
130_bNAb_Combinations|1342294|vc|5|2|nan|1176,0,0.928708,5,2,1,0.882534,0.882495,0.882521,0.882495,0.279268,0.279431
130_bNAb_Combinations|1342294|vc|6|2|nan|1176,0,0.843276,6,2,1,0.882534,0.882495,0.882521,0.882495,-0.237289,-0.23714
130_bNAb_Combinations|1342294|vc|7|2|nan|1176,0,0.868906,7,2,1,0.882534,0.882495,0.882521,0.882495,-0.0823216,-0.0821686
130_bNAb_Combinations|1342294|vc|8|2|nan|1176,0,0.751657,8,2,1,0.836167,0.8362,0.836202,0.8362,-0.539082,-0.539066
130_bNAb_Combinations|1342312|cc|1|1|RHPA4259.7|5371,0,0.00173044,1,1,0,0,0,0,0,0.731674,0.731674
130_bNAb_Combinations|1342312|cc|2|1|RHPA4259.7|5371,0,0.00228271,2,1,0,0,0,0,0,0.965187,0.965187
130_bNAb_Combinations|1342312|cc|3|1|RHPA4259.7|5371,0,0.00237475,3,1,0,0,0,0,0,1.00411,1.00411
130_bNAb_Combinations|1342312|cc|4|1|RHPA4259.7|5371,0,0.00189612,4,1,0,0,0,0,0,0.801728,0.801728
130_bNAb_Combinations|1342312|cc|5|1|RHPA4259.7|5371,0,0.00136226,5,1,0,0,0,0,0,0.575999,0.575999
130_bNAb_Combinations|1342312|cc|6|1|RHPA4259.7|5371,0,0.00187771,6,1,0,0,0,0,0,0.793944,0.793944
130_bNAb_Combinations|1342312|cc|7|1|RHPA4259.7|5371,0,0.00250361,7,1,0,0,0,0,0,1.05859,1.05859
130_bNAb_Combinations|1342312|cc|8|1|RHPA4259.7|5371,0,0.0020618,8,1,0,0,0,0,0,0.871782,0.871782
130_bNAb_Combinations|1342312|sample|3|RHPA4259.7|5371,0.0010624,0.763952,1,3,1,0.835402,0.812361,0.763716,0.76045,0.00164478,0.0245117
130_bNAb_Combinations|1342312|sample|3|RHPA4259.7|5371,0.005312,0.818875,2,3,1,0.880189,0.811483,0.678595,0.670168,1.09835,1.1787
130_bNAb_Combinations|1342312|sample|3|RHPA4259.7|5371,0.02656,0.538378,3,3,1,0.908721,0.717864,0.429213,0.414065,1.33697,1.57651
130_bNAb_Combinations|1342312|sample|3|RHPA4259.7|5371,0.1328,0.0814411,4,3,1,0.895407,0.453467,0.107174,0.0971015,-1.16109,-0.771374
130_bNAb_Combinations|1342312|sample|3|RHPA4259.7|5371,0.664,0.00397633,5,3,1,0.857813,0.124551,0.00534638,0.00480058,-0.408648,-0.253474
130_bNAb_Combinations|1342312|sample|3|RHPA4259.7|5371,3.32,0.00173044,6,3,1,0.757448,0.00649247,0.00303082,0.0030273,-0.444588,-0.443485
130_bNAb_Combinations|1342312|sample|3|RHPA4259.7|5371,16.6,0.00147271,7,3,1,0.509733,0.00291785,0.00292054,0.00291728,-0.498471,-0.497453
130_bNAb_Combinations|1342312|sample|3|RHPA4259.7|5371,83,0.0012334,8,3,1,0.17433,0.00276402,0.00276703,0.00276402,-0.533219,-0.532275
130_bNAb_Combinations|1342312|sample|4|RHPA4259.7|5371,0.0010624,0.732077,1,4,1,0.835402,0.812361,0.759965,0.756863,-0.195369,-0.174338
130_bNAb_Combinations|1342312|sample|4|RHPA4259.7|5371,0.005312,0.824591,2,4,1,0.880189,0.811483,0.669006,0.661069,1.23532,1.31363
130_bNAb_Combinations|1342312|sample|4|RHPA4259.7|5371,0.02656,0.536592,3,4,1,0.908721,0.717864,0.412106,0.398209,1.58599,1.82265
130_bNAb_Combinations|1342312|sample|4|RHPA4259.7|5371,0.1328,0.0694384,4,4,1,0.918713,0.46527,0.0984158,0.0896034,-1.41044,-1.06597
130_bNAb_Combinations|1342312|sample|4|RHPA4259.7|5371,0.664,0.00323997,5,4,1,0.88014,0.127792,0.00487316,0.00447487,-0.500177,-0.386915
130_bNAb_Combinations|1342312|sample|4|RHPA4259.7|5371,3.32,0.00138067,6,4,1,0.757448,0.00649247,0.0030307,0.00302724,-0.564136,-0.563077
130_bNAb_Combinations|1342312|sample|4|RHPA4259.7|5371,16.6,0.00134385,7,4,1,0.509733,0.00291785,0.00292054,0.00291728,-0.542837,-0.541828
130_bNAb_Combinations|1342312|sample|4|RHPA4259.7|5371,83,0.00163839,8,4,1,0.17433,0.00276402,0.00276703,0.00276402,-0.392409,-0.391437
130_bNAb_Combinations|1342312|vc|1|2|RHPA4259.7|5371,0,0.805648,1,2,1,0.836167,0.836167,0.836171,0.836167,-0.194631,-0.194608
130_bNAb_Combinations|1342312|vc|2|2|RHPA4259.7|5371,0,0.988964,2,2,1,0.882534,0.882533,0.88256,0.882533,0.643333,0.643514
130_bNAb_Combinations|1342312|vc|3|2|RHPA4259.7|5371,0,0.95037,3,2,1,0.882534,0.882533,0.88256,0.882533,0.409987,0.410161
130_bNAb_Combinations|1342312|vc|4|2|RHPA4259.7|5371,0,0.951677,4,2,1,0.882534,0.882533,0.88256,0.882533,0.41789,0.418064
130_bNAb_Combinations|1342312|vc|5|2|RHPA4259.7|5371,0,1,5,2,1,0.882534,0.882533,0.88256,0.882533,0.710059,0.710242
130_bNAb_Combinations|1342312|vc|6|2|RHPA4259.7|5371,0,0.952339,6,2,1,0.882534,0.882533,0.88256,0.882533,0.421897,0.422071
130_bNAb_Combinations|1342312|vc|7|2|RHPA4259.7|5371,0,0.995186,7,2,1,0.882534,0.882533,0.88256,0.882533,0.680953,0.681135
130_bNAb_Combinations|1342312|vc|8|2|RHPA4259.7|5371,0,0.750412,8,2,1,0.836167,0.836167,0.836171,0.836167,-0.546842,-0.546821
130_bNAb_Combinations|1342336|cc|1|1|nan|3430,0,0,1,1,0,0,0,0,0,0,0
130_bNAb_Combinations|1342336|cc|2|1|nan|3430,0,0,2,1,0,0,0,0,0,0,0
130_bNAb_Combinations|1342336|cc|3|1|nan|3430,0,0.00041405,3,1,0,0,0,0,0,0.175071,0.175071
130_bNAb_Combinations|1342336|cc|4|1|nan|3430,0,0.00119614,4,1,0,0,0,0,0,0.505761,0.505761
130_bNAb_Combinations|1342336|cc|5|1|nan|3430,0,0.00174821,5,1,0,0,0,0,0,0.739189,0.739189
130_bNAb_Combinations|1342336|cc|6|1|nan|3430,0,0.00207025,6,1,0,0,0,0,0,0.875355,0.875355
130_bNAb_Combinations|1342336|cc|7|1|nan|3430,0,0.00110413,7,1,0,0,0,0,0,0.466856,0.466856
130_bNAb_Combinations|1342336|cc|8|1|nan|3430,0,0.0016562,8,1,0,0,0,0,0,0.700284,0.700284
130_bNAb_Combinations|1342336|sample|3|nan|3430,0.0010624,0.85338,1,3,1,0.835402,0.81241,0.777356,0.776478,0.520849,0.527452
130_bNAb_Combinations|1342336|sample|3|nan|3430,0.005312,0.846134,2,3,1,0.880189,0.811567,0.714188,0.711792,0.982523,1.00368
130_bNAb_Combinations|1342336|sample|3|nan|3430,0.02656,0.598923,3,3,1,0.908721,0.718018,0.496816,0.49197,1.08464,1.14703
130_bNAb_Combinations|1342336|sample|3|nan|3430,0.1328,0.155913,4,3,1,0.895407,0.453676,0.160376,0.155989,-0.139502,-0.00242628
130_bNAb_Combinations|1342336|sample|3|nan|3430,0.664,0.00768293,5,3,1,0.857813,0.124663,0.00990225,0.00939184,-0.529136,-0.416813
130_bNAb_Combinations|1342336|sample|3|nan|3430,16.6,0.00115014,7,3,1,0.509733,0.00291822,0.00292092,0.00291766,-0.609645,-0.60865
130_bNAb_Combinations|1342336|sample|3|nan|3430,83,0.00276033,8,3,1,0.17433,0.00276439,0.00276741,0.00276439,-0.0024585,-0.00141055
130_bNAb_Combinations|1342336|sample|4|nan|3430,0.0010624,0.773193,1,4,1,0.835402,0.81241,0.777332,0.777358,-0.0283632,-0.0285367
130_bNAb_Combinations|1342336|sample|4|nan|3430,0.005312,0.819405,2,4,1,0.880189,0.811567,0.714125,0.71413,0.784028,0.783983
130_bNAb_Combinations|1342336|sample|4|nan|3430,0.02656,0.59009,3,4,1,0.908721,0.718018,0.496689,0.496623,0.99241,0.993242
130_bNAb_Combinations|1342336|sample|4|nan|3430,0.1328,0.181814,4,4,1,0.918713,0.465483,0.164433,0.16429,0.530899,0.535676
130_bNAb_Combinations|1342336|sample|4|nan|3430,0.664,0.00570469,5,4,1,0.88014,0.127908,0.0101464,0.0101167,-1.04773,-1.04209
130_bNAb_Combinations|1342336|sample|4|nan|3430,3.32,0.000966117,6,4,1,0.757448,0.00649806,0.00303377,0.00303033,-0.706782,-0.705758
130_bNAb_Combinations|1342336|sample|4|nan|3430,16.6,0.0008281,7,4,1,0.509733,0.00291822,0.00292092,0.00291766,-0.720517,-0.719545
130_bNAb_Combinations|1342336|sample|4|nan|3430,83,0.00289835,8,4,1,0.17433,0.00276439,0.00276741,0.00276439,0.0455265,0.0465837
130_bNAb_Combinations|1342336|sample|5|nan|3430,3.32,0.00156419,6,5,1,0.757448,0.00649806,0.00303096,0.00317173,-0.501472,-0.544755
130_bNAb_Combinations|1342336|vc|1|2|nan|3430,0,0.92255,1,2,1,0.836167,0.83619,0.836194,0.83619,0.550633,0.550661
130_bNAb_Combinations|1342336|vc|2|2|nan|3430,0,0.992179,2,2,1,0.882534,0.882552,0.882579,0.882552,0.662643,0.662826
130_bNAb_Combinations|1342336|vc|3|2|nan|3430,0,1,3,2,1,0.882534,0.882552,0.882579,0.882552,0.709928,0.710113
130_bNAb_Combinations|1342336|vc|4|2|nan|3430,0,0.999402,4,2,1,0.882534,0.882552,0.882579,0.882552,0.706312,0.706496
130_bNAb_Combinations|1342336|vc|5|2|nan|3430,0,0.95802,5,2,1,0.882534,0.882552,0.882579,0.882552,0.456117,0.456294
130_bNAb_Combinations|1342336|vc|6|2|nan|3430,0,0.951441,6,2,1,0.882534,0.882552,0.882579,0.882552,0.416342,0.416517
130_bNAb_Combinations|1342336|vc|7|2|nan|3430,0,0.88701,7,2,1,0.882534,0.882552,0.882579,0.882552,0.0267938,0.0269574
130_bNAb_Combinations|1342336|vc|8|2|nan|3430,0,0.926598,8,2,1,0.836167,0.83619,0.836194,0.83619,0.576448,0.576475
130_bNAb_Combinations|1342348|cc|1|1|nan|4166,0,0.000451154,1,1,0,0,0,0,0,0.19076,0.19076
130_bNAb_Combinations|1342348|cc|2|1|nan|4166,0,0.000773408,2,1,0,0,0,0,0,0.327017,0.327017
130_bNAb_Combinations|1342348|cc|3|1|nan|4166,0,0.00125679,3,1,0,0,0,0,0,0.531402,0.531402
130_bNAb_Combinations|1342348|cc|4|1|nan|4166,0,0.00128901,4,1,0,0,0,0,0,0.545028,0.545028
130_bNAb_Combinations|1342348|cc|5|1|nan|4166,0,0.000998985,5,1,0,0,0,0,0,0.422397,0.422397
130_bNAb_Combinations|1342348|cc|6|1|nan|4166,0,0.000773408,6,1,0,0,0,0,0,0.327017,0.327017
130_bNAb_Combinations|1342348|cc|7|1|nan|4166,0,0.000386704,7,1,0,0,0,0,0,0.163508,0.163508
130_bNAb_Combinations|1342348|cc|8|1|nan|4166,0,0.000644506,8,1,0,0,0,0,0,0.272514,0.272514
130_bNAb_Combinations|1342348|sample|3|nan|4166,0.0010624,0.836295,1,3,1,0.835402,0.812733,0.745786,0.745606,0.645899,0.647333
130_bNAb_Combinations|1342348|sample|3|nan|4166,0.005312,0.838358,2,3,1,0.880189,0.812401,0.633076,0.632555,1.72058,1.72634
130_bNAb_Combinations|1342348|sample|3|nan|4166,0.02656,0.39555,3,3,1,0.908721,0.719805,0.351302,0.350385,0.657872,0.673196
130_bNAb_Combinations|1342348|sample|3|nan|4166,0.1328,0.0558787,4,3,1,0.895407,0.456234,0.0620628,0.0615846,-0.447162,-0.41524
130_bNAb_Combinations|1342348|sample|3|nan|4166,0.664,0.00054783,5,3,1,0.857813,0.126079,0.00355737,0.00354215,-0.99582,-0.991705
130_bNAb_Combinations|1342348|sample|3|nan|4166,3.32,0,6,3,1,0.757448,0.00656447,0.00303059,0.00302719,-1.03615,-1.03521
130_bNAb_Combinations|1342348|sample|3|nan|4166,16.6,0.000515605,7,3,1,0.509733,0.00291786,0.00292054,0.00291729,-0.827994,-0.827045
130_bNAb_Combinations|1342348|sample|3|nan|4166,83,0.000676732,8,3,1,0.17433,0.00276402,0.00276704,0.00276402,-0.726764,-0.725858
130_bNAb_Combinations|1342348|sample|4|nan|4166,0.0010624,0.820247,1,4,1,0.835402,0.812733,0.740611,0.740064,0.572207,0.576556
130_bNAb_Combinations|1342348|sample|4|nan|4166,0.005312,0.753734,2,4,1,0.880189,0.812401,0.62045,0.619042,1.1394,1.154
130_bNAb_Combinations|1342348|sample|4|nan|4166,0.02656,0.405797,3,4,1,0.908721,0.719805,0.331701,0.32947,1.16433,1.20722
130_bNAb_Combinations|1342348|sample|4|nan|4166,0.1328,0.0446321,4,4,1,0.918713,0.468109,0.0547031,0.0536956,-0.807618,-0.737835
130_bNAb_Combinations|1342348|sample|4|nan|4166,0.664,0.00161127,5,4,1,0.88014,0.12936,0.0034689,0.00344719,-0.618009,-0.611604
130_bNAb_Combinations|1342348|sample|4|nan|4166,3.32,0.000934534,6,4,1,0.757448,0.00656447,0.00303059,0.00302718,-0.716633,-0.715623
130_bNAb_Combinations|1342348|sample|4|nan|4166,16.6,0.00174017,7,4,1,0.509733,0.00291786,0.00292054,0.00291729,-0.406391,-0.405354
130_bNAb_Combinations|1342348|sample|4|nan|4166,83,0.00157904,8,4,1,0.17433,0.00276402,0.00276704,0.00276402,-0.413046,-0.412079
130_bNAb_Combinations|1342348|vc|1|2|nan|4166,0,0.800445,1,2,1,0.836167,0.836167,0.83617,0.836167,-0.227804,-0.227782
130_bNAb_Combinations|1342348|vc|2|2|nan|4166,0,0.905725,2,2,1,0.882534,0.882532,0.882559,0.882532,0.140065,0.14023
130_bNAb_Combinations|1342348|vc|3|2|nan|4166,0,1,3,2,1,0.882534,0.882532,0.882559,0.882532,0.710064,0.710247
130_bNAb_Combinations|1342348|vc|4|2|nan|4166,0,0.920162,4,2,1,0.882534,0.882532,0.882559,0.882532,0.227352,0.22752
130_bNAb_Combinations|1342348|vc|5|2|nan|4166,0,0.841097,5,2,1,0.882534,0.882532,0.882559,0.882532,-0.250684,-0.25053
130_bNAb_Combinations|1342348|vc|6|2|nan|4166,0,0.905435,6,2,1,0.882534,0.882532,0.882559,0.882532,0.138311,0.138477
130_bNAb_Combinations|1342348|vc|7|2|nan|4166,0,0.801959,7,2,1,0.882534,0.882532,0.882559,0.882532,-0.487315,-0.487168
130_bNAb_Combinations|1342348|vc|8|2|nan|4166,0,0.723716,8,2,1,0.836167,0.836167,0.83617,0.836167,-0.717063,-0.717043
130_bNAb_Combinations|1342372|cc|1|1|nan|2944,0,0.00214128,1,1,0,0,0,0,0,0.905389,0.905389
130_bNAb_Combinations|1342372|cc|2|1|nan|2944,0,0.00406844,2,1,0,0,0,0,0,1.72024,1.72024
130_bNAb_Combinations|1342372|cc|3|1|nan|2944,0,0.00282649,3,1,0,0,0,0,0,1.19511,1.19511
130_bNAb_Combinations|1342372|cc|4|1|nan|2944,0,0.00355453,4,1,0,0,0,0,0,1.50295,1.50295
130_bNAb_Combinations|1342372|cc|5|1|nan|2944,0,0.00321192,5,1,0,0,0,0,0,1.35808,1.35808
130_bNAb_Combinations|1342372|cc|6|1|nan|2944,0,0.0020128,6,1,0,0,0,0,0,0.851066,0.851066
130_bNAb_Combinations|1342372|cc|7|1|nan|2944,0,0.00111347,7,1,0,0,0,0,0,0.470802,0.470802
130_bNAb_Combinations|1342372|cc|8|1|nan|2944,0,0.000642385,8,1,0,0,0,0,0,0.271617,0.271617
130_bNAb_Combinations|1342372|sample|3|nan|2944,0.0010624,0.787264,1,3,1,0.835402,0.812371,0.795203,0.796708,-0.053195,-0.0631577
130_bNAb_Combinations|1342372|sample|3|nan|2944,0.005312,0.896555,2,3,1,0.880189,0.811499,0.762783,0.766925,0.933705,0.899988
130_bNAb_Combinations|1342372|sample|3|nan|2944,0.02656,0.630907,3,3,1,0.908721,0.71789,0.600409,0.609799,0.269242,0.18353
130_bNAb_Combinations|1342372|sample|3|nan|2944,0.1328,0.303313,4,3,1,0.895407,0.453499,0.272803,0.284953,0.578296,0.333797
130_bNAb_Combinations|1342372|sample|3|nan|2944,0.664,0.0365731,5,3,1,0.857813,0.124567,0.032465,0.0361993,0.491269,0.0412928
130_bNAb_Combinations|1342372|sample|3|nan|2944,3.32,0.00179868,6,3,1,0.757448,0.0064935,0.00312421,0.00315269,-0.45053,-0.45939
130_bNAb_Combinations|1342372|sample|3|nan|2944,16.6,0.000942164,7,3,1,0.509733,0.00291816,0.00292085,0.0029176,-0.681226,-0.680248
130_bNAb_Combinations|1342372|sample|3|nan|2944,83,0.0014989,8,3,1,0.17433,0.00276431,0.00276732,0.00276431,-0.441002,-0.440041
130_bNAb_Combinations|1342372|sample|4|nan|2944,0.0010624,0.711912,1,4,1,0.835402,0.812371,0.792867,0.792619,-0.543957,-0.542453
130_bNAb_Combinations|1342372|sample|4|nan|2944,0.005312,0.776814,2,4,1,0.880189,0.811499,0.756307,0.755566,0.144346,0.149699
130_bNAb_Combinations|1342372|sample|4|nan|2944,0.02656,0.656731,3,4,1,0.908721,0.71789,0.585841,0.584132,0.641055,0.658385
130_bNAb_Combinations|1342372|sample|4|nan|2944,0.1328,0.279309,4,4,1,0.918713,0.465302,0.26115,0.258917,0.358821,0.406258
130_bNAb_Combinations|1342372|sample|4|nan|2944,0.664,0.0268517,5,4,1,0.88014,0.127809,0.0280506,0.0274387,-0.158867,-0.0789642
130_bNAb_Combinations|1342372|sample|4|nan|2944,3.32,0.00239824,6,4,1,0.757448,0.0064935,0.00308913,0.00308216,-0.235345,-0.233072
130_bNAb_Combinations|1342372|sample|4|nan|2944,16.6,0.00145607,7,4,1,0.509733,0.00291816,0.00292085,0.0029176,-0.504297,-0.503282
130_bNAb_Combinations|1342372|sample|4|nan|2944,83,0.0033404,8,4,1,0.17433,0.00276431,0.00276732,0.00276431,0.199246,0.200331
130_bNAb_Combinations|1342372|vc|1|2|nan|2944,0,0.866191,1,2,1,0.836167,0.836174,0.836178,0.836174,0.191381,0.191405
130_bNAb_Combinations|1342372|vc|2|2|nan|2944,0,0.961949,2,2,1,0.882534,0.882541,0.882568,0.882541,0.479948,0.480124
130_bNAb_Combinations|1342372|vc|3|2|nan|2944,0,0.934862,3,2,1,0.882534,0.882541,0.882568,0.882541,0.316177,0.316348
130_bNAb_Combinations|1342372|vc|4|2|nan|2944,0,1,4,2,1,0.882534,0.882541,0.882568,0.882541,0.710004,0.710187
130_bNAb_Combinations|1342372|vc|5|2|nan|2944,0,0.921672,5,2,1,0.882534,0.882541,0.882568,0.882541,0.236427,0.236596
130_bNAb_Combinations|1342372|vc|6|2|nan|2944,0,0.914177,6,2,1,0.882534,0.882541,0.882568,0.882541,0.191115,0.191283
130_bNAb_Combinations|1342372|vc|7|2|nan|2944,0,0.942057,7,2,1,0.882534,0.882541,0.882568,0.882541,0.359676,0.359849
130_bNAb_Combinations|1342372|vc|8|2|nan|2944,0,0.751547,8,2,1,0.836167,0.836174,0.836178,0.836174,-0.539641,-0.53962
130_bNAb_Combinations|1342384|cc|1|1|nan|2946,0,0.000377127,1,1,0,0,0,0,0,0.159459,0.159459
130_bNAb_Combinations|1342384|cc|2|1|nan|2946,0,0.0014378,2,1,0,0,0,0,0,0.607938,0.607938
130_bNAb_Combinations|1342384|cc|3|1|nan|2946,0,0.00120209,3,1,0,0,0,0,0,0.508276,0.508276
130_bNAb_Combinations|1342384|cc|4|1|nan|2946,0,0.0012728,4,1,0,0,0,0,0,0.538175,0.538175
130_bNAb_Combinations|1342384|cc|5|1|nan|2946,0,0.000966389,5,1,0,0,0,0,0,0.408614,0.408614
130_bNAb_Combinations|1342384|cc|6|1|nan|2946,0,0.00162636,6,1,0,0,0,0,0,0.687667,0.687667
130_bNAb_Combinations|1342384|cc|7|1|nan|2946,0,0.000848536,7,1,0,0,0,0,0,0.358783,0.358783
130_bNAb_Combinations|1342384|cc|8|1|nan|2946,0,0.00219205,8,1,0,0,0,0,0,0.926856,0.926856
130_bNAb_Combinations|1342384|sample|3|nan|2946,0.0010624,0.852284,1,3,1,0.835402,0.812651,0.824857,0.825063,0.177247,0.175878
130_bNAb_Combinations|1342384|sample|3|nan|2946,0.005312,0.967355,2,3,1,0.880189,0.812188,0.848228,0.848813,0.748977,0.744789
130_bNAb_Combinations|1342384|sample|3|nan|2946,0.02656,0.934439,3,3,1,0.908721,0.719342,0.815965,0.817604,0.773865,0.761655
130_bNAb_Combinations|1342384|sample|3|nan|2946,0.1328,0.7873,4,3,1,0.895407,0.455568,0.655078,0.65885,1.07172,1.03529
130_bNAb_Combinations|1342384|sample|3|nan|2946,0.664,0.423797,5,3,1,0.857813,0.125709,0.348702,0.354343,1.12453,1.02407
130_bNAb_Combinations|1342384|sample|3|nan|2946,3.32,0.0580305,6,3,1,0.757448,0.00654685,0.0609511,0.0635455,-0.214374,-0.391042
130_bNAb_Combinations|1342384|sample|3|nan|2946,16.6,0.00157922,7,3,1,0.509733,0.00291776,0.00340626,0.00345912,-0.61018,-0.625795
130_bNAb_Combinations|1342384|sample|3|nan|2946,83,0.00113138,8,3,1,0.17433,0.00276393,0.00276695,0.00276394,-0.568662,-0.567725
130_bNAb_Combinations|1342384|sample|4|nan|2946,0.0010624,0.86071,1,4,1,0.835402,0.812651,0.825379,0.825358,0.228194,0.228331
130_bNAb_Combinations|1342384|sample|4|nan|2946,0.005312,0.945269,2,4,1,0.880189,0.812188,0.849788,0.849699,0.599224,0.599845
130_bNAb_Combinations|1342384|sample|4|nan|2946,0.02656,0.912624,3,4,1,0.908721,0.719342,0.820334,0.820087,0.599674,0.601461
130_bNAb_Combinations|1342384|sample|4|nan|2946,0.1328,0.777,4,4,1,0.918713,0.467425,0.682591,0.681956,0.73495,0.740572
130_bNAb_Combinations|1342384|sample|4|nan|2946,0.664,0.449052,5,4,1,0.88014,0.12898,0.373885,0.372781,1.05231,1.07083
130_bNAb_Combinations|1342384|sample|4|nan|2946,3.32,0.0637345,6,4,1,0.757448,0.00654685,0.0685426,0.0679368,-0.319976,-0.281759
130_bNAb_Combinations|1342384|sample|4|nan|2946,16.6,0.000824966,7,4,1,0.509733,0.00291776,0.00358601,0.00356551,-0.911998,-0.906362
130_bNAb_Combinations|1342384|sample|4|nan|2946,83,0.00122566,8,4,1,0.17433,0.00276393,0.00276695,0.00276394,-0.535884,-0.53494
130_bNAb_Combinations|1342384|vc|1|2|nan|2946,0,0.93029,1,2,1,0.836167,0.836175,0.836179,0.836175,0.600096,0.600122
130_bNAb_Combinations|1342384|vc|2|2|nan|2946,0,0.910809,2,2,1,0.882534,0.882541,0.882568,0.882541,0.170749,0.170916
130_bNAb_Combinations|1342384|vc|3|2|nan|2946,0,1,3,2,1,0.882534,0.882541,0.882568,0.882541,0.710001,0.710184
130_bNAb_Combinations|1342384|vc|4|2|nan|2946,0,0.996582,4,2,1,0.882534,0.882541,0.882568,0.882541,0.689337,0.68952
130_bNAb_Combinations|1342384|vc|5|2|nan|2946,0,0.999953,5,2,1,0.882534,0.882541,0.882568,0.882541,0.709716,0.709899
130_bNAb_Combinations|1342384|vc|6|2|nan|2946,0,0.889549,6,2,1,0.882534,0.882541,0.882568,0.882541,0.0422063,0.0423696
130_bNAb_Combinations|1342384|vc|7|2|nan|2946,0,0.878541,7,2,1,0.882534,0.882541,0.882568,0.882541,-0.0243451,-0.0241838
130_bNAb_Combinations|1342384|vc|8|2|nan|2946,0,0.78624,8,2,1,0.836167,0.836175,0.836179,0.836175,-0.318434,-0.318412
130_bNAb_Combinations|1342396|cc|1|1|PVO.4|5024,0,0.000406233,1,1,0,0,0,0,0,0.171766,0.171766
130_bNAb_Combinations|1342396|cc|2|1|PVO.4|5024,0,0.00130897,2,1,0,0,0,0,0,0.553468,0.553468
130_bNAb_Combinations|1342396|cc|3|1|PVO.4|5024,0,0.00155723,3,1,0,0,0,0,0,0.658436,0.658436
130_bNAb_Combinations|1342396|cc|4|1|PVO.4|5024,0,0.000835035,4,1,0,0,0,0,0,0.353075,0.353075
130_bNAb_Combinations|1342396|cc|5|1|PVO.4|5024,0,0.000654487,5,1,0,0,0,0,0,0.276734,0.276734
130_bNAb_Combinations|1342396|cc|6|1|PVO.4|5024,0,0.000631919,6,1,0,0,0,0,0,0.267192,0.267192
130_bNAb_Combinations|1342396|cc|7|1|PVO.4|5024,0,0.000880172,7,1,0,0,0,0,0,0.37216,0.37216
130_bNAb_Combinations|1342396|cc|8|1|PVO.4|5024,0,0.00139925,8,1,0,0,0,0,0,0.591638,0.591638
130_bNAb_Combinations|1342396|sample|3|PVO.4|5024,0.0010624,0.997833,1,3,1,0.835402,0.812377,0.804128,0.803587,1.28361,1.28804
130_bNAb_Combinations|1342396|sample|3|PVO.4|5024,0.005312,0.936549,2,3,1,0.880189,0.811502,0.78786,0.78628,1.00532,1.01801
130_bNAb_Combinations|1342396|sample|3|PVO.4|5024,0.02656,0.845349,3,3,1,0.908721,0.71789,0.659117,0.655267,1.50042,1.54026
130_bNAb_Combinations|1342396|sample|3|PVO.4|5024,0.1328,0.395513,4,3,1,0.895407,0.453498,0.355429,0.349469,0.589286,0.68804
130_bNAb_Combinations|1342396|sample|3|PVO.4|5024,0.664,0.0558345,5,3,1,0.857813,0.124566,0.0644017,0.0615234,-0.600717,-0.414344
130_bNAb_Combinations|1342396|sample|3|PVO.4|5024,3.32,0.00187319,6,3,1,0.757448,0.00649299,0.00362145,0.00354889,-0.576221,-0.554758
130_bNAb_Combinations|1342396|sample|3|PVO.4|5024,16.6,0.000383665,7,3,1,0.509733,0.00291768,0.00292038,0.00291713,-0.873374,-0.872433
130_bNAb_Combinations|1342396|sample|3|PVO.4|5024,83,4.5137e-05,8,3,1,0.17433,0.00276387,0.00276688,0.00276387,-0.946314,-0.945449
130_bNAb_Combinations|1342396|sample|4|PVO.4|5024,0.0010624,1,1,4,1,0.835402,0.812377,0.80689,0.806054,1.27535,1.28218
130_bNAb_Combinations|1342396|sample|4|PVO.4|5024,0.005312,0.917851,2,4,1,0.880189,0.811502,0.795737,0.793304,0.817595,0.836402
130_bNAb_Combinations|1342396|sample|4|PVO.4|5024,0.02656,0.813708,3,4,1,0.908721,0.71789,0.678331,0.67232,1.06037,1.11718
130_bNAb_Combinations|1342396|sample|4|PVO.4|5024,0.1328,0.442377,4,4,1,0.918713,0.465301,0.395788,0.385786,0.617255,0.76859
130_bNAb_Combinations|1342396|sample|4|PVO.4|5024,0.664,0.0734831,5,4,1,0.88014,0.127808,0.0822782,0.0767462,-0.500752,-0.197263
130_bNAb_Combinations|1342396|sample|4|PVO.4|5024,3.32,0.000744761,6,4,1,0.757448,0.00649299,0.00409369,0.0039078,-1.07295,-1.02466
130_bNAb_Combinations|1342396|sample|4|PVO.4|5024,16.6,0,7,4,1,0.509733,0.00291768,0.00292041,0.00291714,-1.00547,-1.00456
130_bNAb_Combinations|1342396|sample|4|PVO.4|5024,83,0.00128641,8,4,1,0.17433,0.00276387,0.00276688,0.00276387,-0.514741,-0.513793
130_bNAb_Combinations|1342396|vc|1|2|PVO.4|5024,0,0.943804,1,2,1,0.836167,0.83618,0.836183,0.83618,0.686234,0.68626
130_bNAb_Combinations|1342396|vc|2|2|PVO.4|5024,0,0.908609,2,2,1,0.882534,0.882545,0.882571,0.882545,0.157423,0.15759
130_bNAb_Combinations|1342396|vc|3|2|PVO.4|5024,0,0.910922,3,2,1,0.882534,0.882545,0.882571,0.882545,0.171409,0.171576
130_bNAb_Combinations|1342396|vc|4|2|PVO.4|5024,0,0.912705,4,2,1,0.882534,0.882545,0.882571,0.882545,0.182189,0.182356
130_bNAb_Combinations|1342396|vc|5|2|PVO.4|5024,0,0.907345,5,2,1,0.882534,0.882545,0.882571,0.882545,0.149782,0.149948
130_bNAb_Combinations|1342396|vc|6|2|PVO.4|5024,0,0.878886,6,2,1,0.882534,0.882545,0.882571,0.882545,-0.0222817,-0.0221205
130_bNAb_Combinations|1342396|vc|7|2|PVO.4|5024,0,0.860549,7,2,1,0.882534,0.882545,0.882571,0.882545,-0.133148,-0.13299
130_bNAb_Combinations|1342396|vc|8|2|PVO.4|5024,0,0.761022,8,2,1,0.836167,0.83618,0.836183,0.83618,-0.479259,-0.479237
130_bNAb_Combinations|1342408|cc|1|1|nan|4168,0,0.0014393,1,1,0,0,0,0,0,0.608574,0.608574
130_bNAb_Combinations|1342408|cc|2|1|nan|4168,0,0.0014393,2,1,0,0,0,0,0,0.608574,0.608574
130_bNAb_Combinations|1342408|cc|3|1|nan|4168,0,0.000729786,3,1,0,0,0,0,0,0.308573,0.308573
130_bNAb_Combinations|1342408|cc|4|1|nan|4168,0,0.00152039,4,1,0,0,0,0,0,0.642859,0.642859
130_bNAb_Combinations|1342408|cc|5|1|nan|4168,0,0.000973049,5,1,0,0,0,0,0,0.41143,0.41143
130_bNAb_Combinations|1342408|cc|6|1|nan|4168,0,0.00105414,6,1,0,0,0,0,0,0.445716,0.445716
130_bNAb_Combinations|1342408|cc|7|1|nan|4168,0,0.00154066,7,1,0,0,0,0,0,0.651431,0.651431
130_bNAb_Combinations|1342408|cc|8|1|nan|4168,0,0.00145957,8,1,0,0,0,0,0,0.617145,0.617145
130_bNAb_Combinations|1342408|sample|3|nan|4168,0.0010624,0.884744,1,3,1,0.835402,0.812396,0.819257,0.819292,0.426066,0.425826
130_bNAb_Combinations|1342408|sample|3|nan|4168,0.005312,0.890796,2,3,1,0.880189,0.811547,0.831646,0.831716,0.379189,0.378709
130_bNAb_Combinations|1342408|sample|3|nan|4168,0.02656,0.776077,3,3,1,0.908721,0.717985,0.770708,0.770889,0.0370967,0.0358389
130_bNAb_Combinations|1342408|sample|3|nan|4168,0.1328,0.462381,4,3,1,0.895407,0.453633,0.556032,0.556357,-0.891258,-0.893843
130_bNAb_Combinations|1342408|sample|3|nan|4168,0.664,0.16701,5,3,1,0.857813,0.12464,0.219699,0.219974,-1.2268,-1.23174
130_bNAb_Combinations|1342408|sample|3|nan|4168,3.32,0.0252587,6,3,1,0.757448,0.00649597,0.0192456,0.0192793,1.01571,1.00895
130_bNAb_Combinations|1342408|sample|3|nan|4168,16.6,0.00823037,7,3,1,0.509733,0.00291718,0.00294079,0.0029376,1.8188,1.82027
130_bNAb_Combinations|1342408|sample|3|nan|4168,83,0.0027367,8,3,1,0.17433,0.0027634,0.0027664,0.0027634,-0.0103282,-0.00928442
130_bNAb_Combinations|1342408|sample|4|nan|4168,0.0010624,0.931106,1,4,1,0.835402,0.812396,0.820845,0.820698,0.716003,0.717088
130_bNAb_Combinations|1342408|sample|4|nan|4168,0.005312,0.912324,2,4,1,0.880189,0.811547,0.836336,0.83587,0.484443,0.487685
130_bNAb_Combinations|1342408|sample|4|nan|4168,0.02656,0.764897,3,4,1,0.908721,0.717985,0.783372,0.782103,-0.125614,-0.117173
130_bNAb_Combinations|1342408|sample|4|nan|4168,0.1328,0.50485,4,4,1,0.918713,0.465439,0.597904,0.595073,-0.824851,-0.803484
130_bNAb_Combinations|1342408|sample|4|nan|4168,0.664,0.189005,5,4,1,0.88014,0.127884,0.257228,0.25372,-1.36772,-1.31447
130_bNAb_Combinations|1342408|sample|4|nan|4168,3.32,0.0320092,6,4,1,0.757448,0.00649597,0.0263362,0.0254445,0.784648,0.929152
130_bNAb_Combinations|1342408|sample|4|nan|4168,16.6,0.00490579,7,4,1,0.509733,0.00291718,0.00297043,0.00296247,0.664214,0.667283
130_bNAb_Combinations|1342408|sample|4|nan|4168,83,0.00336513,8,4,1,0.17433,0.0027634,0.0027664,0.0027634,0.208174,0.20926
130_bNAb_Combinations|1342408|vc|1|2|nan|4168,0,0.949635,1,2,1,0.836167,0.836181,0.836185,0.836181,0.7234,0.723427
130_bNAb_Combinations|1342408|vc|2|2|nan|4168,0,0.965274,2,2,1,0.882534,0.882545,0.882571,0.882545,0.500025,0.500202
130_bNAb_Combinations|1342408|vc|3|2|nan|4168,0,1,3,2,1,0.882534,0.882545,0.882571,0.882545,0.709978,0.710161
130_bNAb_Combinations|1342408|vc|4|2|nan|4168,0,0.969906,4,2,1,0.882534,0.882545,0.882571,0.882545,0.528031,0.528209
130_bNAb_Combinations|1342408|vc|5|2|nan|4168,0,0.940482,5,2,1,0.882534,0.882545,0.882571,0.882545,0.350129,0.350301
130_bNAb_Combinations|1342408|vc|6|2|nan|4168,0,0.930052,6,2,1,0.882534,0.882545,0.882571,0.882545,0.287069,0.28724
130_bNAb_Combinations|1342408|vc|7|2|nan|4168,0,0.924538,7,2,1,0.882534,0.882545,0.882571,0.882545,0.253732,0.253901
130_bNAb_Combinations|1342408|vc|8|2|nan|4168,0,0.903212,8,2,1,0.836167,0.836181,0.836185,0.836181,0.427392,0.427418
704_VRC01_Concordance|1200432|cc|1|1|PVO.4|5024,0,0.00146144,1,1,0,0,0,0,0,0.617936,0.617936
704_VRC01_Concordance|1200432|cc|2|1|PVO.4|5024,0,0.00217593,2,1,0,0,0,0,0,0.920037,0.920037
704_VRC01_Concordance|1200432|cc|3|1|PVO.4|5024,0,0.0011042,3,1,0,0,0,0,0,0.466885,0.466885
704_VRC01_Concordance|1200432|cc|4|1|PVO.4|5024,0,0.00198107,4,1,0,0,0,0,0,0.837646,0.837646
704_VRC01_Concordance|1200432|cc|5|1|PVO.4|5024,0,0.00298784,5,1,0,0,0,0,0,1.26333,1.26333
704_VRC01_Concordance|1200432|cc|6|1|PVO.4|5024,0,0.00175373,6,1,0,0,0,0,0,0.741523,0.741523
704_VRC01_Concordance|1200432|cc|7|1|PVO.4|5024,0,0.00233831,7,1,0,0,0,0,0,0.988697,0.988697
704_VRC01_Concordance|1200432|cc|8|1|PVO.4|5024,0,0.00334508,8,1,0,0,0,0,0,1.41439,1.41439
704_VRC01_Concordance|1200432|sample|10|PVO.4|5024,0.002286236854138,0.850689,1,10,1,0.834896,0.79699,0.820414,0.820037,0.196698,0.199239
704_VRC01_Concordance|1200432|sample|10|PVO.4|5024,0.0068587105624142,0.988097,2,10,1,0.879757,0.799049,0.848459,0.847626,0.877696,0.883792
704_VRC01_Concordance|1200432|sample|10|PVO.4|5024,0.0205761316872428,0.866635,3,10,1,0.909817,0.745577,0.844053,0.842341,0.142669,0.153793
704_VRC01_Concordance|1200432|sample|10|PVO.4|5024,0.0617283950617284,0.879642,4,10,1,0.903467,0.598915,0.773531,0.770295,0.730517,0.755908
704_VRC01_Concordance|1200432|sample|10|PVO.4|5024,0.1851851851851852,0.740724,5,10,1,0.890452,0.382312,0.646097,0.640516,0.77745,0.830333
704_VRC01_Concordance|1200432|sample|10|PVO.4|5024,0.5555555555555556,0.485621,6,10,1,0.864088,0.154411,0.44645,0.438542,0.461726,0.564669
704_VRC01_Concordance|1200432|sample|10|PVO.4|5024,1.66666666666667,0.212201,7,10,1,0.782501,0.0262882,0.203135,0.195904,0.22729,0.422725
704_VRC01_Concordance|1200432|sample|10|PVO.4|5024,5,0.0380949,8,10,1,0.65197,0.00341957,0.0441969,0.0412552,-0.579521,-0.316474
704_VRC01_Concordance|1200432|sample|11|PVO.4|5024,0.0457247370827617,0.868454,1,11,1,0.826944,0.590164,0.699413,0.698843,1.28486,1.29023
704_VRC01_Concordance|1200432|sample|11|PVO.4|5024,0.1371742112482853,0.719452,2,11,1,0.862481,0.430542,0.610266,0.609179,0.948652,0.959772
704_VRC01_Concordance|1200432|sample|11|PVO.4|5024,0.411522633744856,0.42653,3,11,1,0.841493,0.203362,0.412936,0.411376,0.172853,0.193403
704_VRC01_Concordance|1200432|sample|11|PVO.4|5024,1.23456790123457,0.188591,4,11,1,0.799654,0.0467185,0.187041,0.185566,0.0419806,0.0825617
704_VRC01_Concordance|1200432|sample|11|PVO.4|5024,3.7037037037037,0.036601,5,11,1,0.719632,0.00518858,0.0399536,0.0393422,-0.344018,-0.284579
704_VRC01_Concordance|1200432|sample|11|PVO.4|5024,11.1111111111111,0.00789179,6,11,1,0.579025,0.00292708,0.00457279,0.00451641,1.03404,1.05503
704_VRC01_Concordance|1200432|sample|11|PVO.4|5024,33.3333333333333,0.00133154,7,11,1,0.370845,0.00291729,0.00292613,0.00292255,-0.548805,-0.547698
704_VRC01_Concordance|1200432|sample|11|PVO.4|5024,100,0.000389718,8,11,1,0.142832,0.00276402,0.00276703,0.00276402,-0.826553,-0.825666
704_VRC01_Concordance|1200432|sample|12|PVO.4|5024,0.0457247370827617,0.755582,1,12,1,0.826944,0.590164,0.68974,0.689797,0.507348,0.506864
704_VRC01_Concordance|1200432|sample|12|PVO.4|5024,0.1371742112482853,0.635256,2,12,1,0.817167,0.407922,0.561846,0.561894,0.691562,0.691047
704_VRC01_Concordance|1200432|sample|12|PVO.4|5024,0.411522633744856,0.416203,3,12,1,0.797282,0.192678,0.368967,0.368965,0.669802,0.669822
704_VRC01_Concordance|1200432|sample|12|PVO.4|5024,1.23456790123457,0.135362,4,12,1,0.757641,0.044264,0.157564,0.157505,-0.705482,-0.703856
704_VRC01_Concordance|1200432|sample|12|PVO.4|5024,3.7037037037037,0.0341003,5,12,1,0.681824,0.00491598,0.0304697,0.0304269,0.454193,0.460004
704_VRC01_Concordance|1200432|sample|12|PVO.4|5024,11.1111111111111,0.00308527,6,12,1,0.548604,0.0027733,0.00376783,0.00376076,-0.222984,-0.220769
704_VRC01_Concordance|1200432|sample|12|PVO.4|5024,33.3333333333333,0.000292288,7,12,1,0.351361,0.00276402,0.00276944,0.00276641,-0.861132,-0.860245
704_VRC01_Concordance|1200432|sample|12|PVO.4|5024,100,0.000292288,8,12,1,0.142832,0.00276402,0.00276703,0.00276402,-0.860428,-0.859547
704_VRC01_Concordance|1200432|sample|3|PVO.4|5024,0.0457247370827617,0.931426,1,3,1,0.826944,0.590164,0.674125,0.669822,2.02771,2.07462
704_VRC01_Concordance|1200432|sample|3|PVO.4|5024,0.1371742112482853,0.65242,2,3,1,0.862481,0.430542,0.565726,0.558255,0.811225,0.89266
704_VRC01_Concordance|1200432|sample|3|PVO.4|5024,0.411522633744856,0.404284,3,3,1,0.873191,0.211023,0.367072,0.357193,0.530291,0.688987
704_VRC01_Concordance|1200432|sample|3|PVO.4|5024,1.23456790123457,0.116071,4,3,1,0.829776,0.0484784,0.142437,0.134863,-0.91942,-0.688907
704_VRC01_Concordance|1200432|sample|3|PVO.4|5024,3.7037037037037,0.0223763,5,3,1,0.74674,0.00538403,0.0236688,0.0215088,-0.191838,0.136867
704_VRC01_Concordance|1200432|sample|3|PVO.4|5024,11.1111111111111,0.00337756,6,3,1,0.600837,0.00303734,0.00356202,0.00345901,-0.0610188,-0.027114
704_VRC01_Concordance|1200432|sample|3|PVO.4|5024,33.3333333333333,0.00295536,7,3,1,0.370845,0.00291729,0.00292127,0.00291779,0.0117374,0.0129359
704_VRC01_Concordance|1200432|sample|3|PVO.4|5024,100,0.00168878,8,3,1,0.142832,0.00276402,0.00276703,0.00276402,-0.374891,-0.373917
704_VRC01_Concordance|1200432|sample|4|PVO.4|5024,0.0457247370827617,0.855821,1,4,1,0.826944,0.590164,0.717256,0.715315,1.02747,1.04464
704_VRC01_Concordance|1200432|sample|4|PVO.4|5024,0.1371742112482853,0.721108,2,4,1,0.862481,0.430542,0.642777,0.639136,0.646824,0.680668
704_VRC01_Concordance|1200432|sample|4|PVO.4|5024,0.411522633744856,0.572009,3,4,1,0.873191,0.211023,0.476521,0.470948,1.05639,1.13093
704_VRC01_Concordance|1200432|sample|4|PVO.4|5024,1.23456790123457,0.23966,4,4,1,0.851374,0.0497402,0.246653,0.2408,-0.14591,-0.0243342
704_VRC01_Concordance|1200432|sample|4|PVO.4|5024,3.7037037037037,0.0572236,5,4,1,0.766177,0.00552417,0.0637936,0.0608884,-0.464336,-0.269222
704_VRC01_Concordance|1200432|sample|4|PVO.4|5024,11.1111111111111,0.00779436,6,4,1,0.600837,0.00303734,0.00693608,0.00657834,0.235384,0.339649
704_VRC01_Concordance|1200432|sample|4|PVO.4|5024,33.3333333333333,0.0027605,7,4,1,0.370845,0.00291729,0.00294475,0.00293765,-0.0633373,-0.0609255
704_VRC01_Concordance|1200432|sample|4|PVO.4|5024,100,0.00116915,8,4,1,0.142832,0.00276402,0.00276704,0.00276402,-0.555557,-0.554617
704_VRC01_Concordance|1200432|sample|5|PVO.4|5024,0.002286236854138,0.883215,1,5,1,0.834896,0.79699,0.819907,0.819406,0.411563,0.415072
704_VRC01_Concordance|1200432|sample|5|PVO.4|5024,0.0068587105624142,0.89653,2,5,1,0.879757,0.799049,0.847373,0.846274,0.309365,0.316684
704_VRC01_Concordance|1200432|sample|5|PVO.4|5024,0.0205761316872428,0.878603,3,5,1,0.909817,0.745577,0.841819,0.839565,0.233002,0.247936
704_VRC01_Concordance|1200432|sample|5|PVO.4|5024,0.0617283950617284,0.790088,4,5,1,0.926983,0.614504,0.78933,0.784969,0.00511426,0.0347341
704_VRC01_Concordance|1200432|sample|5|PVO.4|5024,0.1851851851851852,0.721465,5,5,1,0.913628,0.392263,0.655478,0.648015,0.534541,0.601711
704_VRC01_Concordance|1200432|sample|5|PVO.4|5024,0.5555555555555556,0.483543,6,5,1,0.864088,0.154411,0.436264,0.426113,0.569934,0.708316
704_VRC01_Concordance|1200432|sample|5|PVO.4|5024,1.66666666666667,0.199503,7,5,1,0.782501,0.0262882,0.193919,0.184904,0.146238,0.399748
704_VRC01_Concordance|1200432|sample|5|PVO.4|5024,5,0.0347498,8,5,1,0.65197,0.00341957,0.0404986,0.037028,-0.58386,-0.247489
704_VRC01_Concordance|1200432|sample|6|PVO.4|5024,0.002286236854138,0.994382,1,6,1,0.834896,0.79699,0.820546,0.820625,1.12924,1.12862
704_VRC01_Concordance|1200432|sample|6|PVO.4|5024,0.0068587105624142,0.986474,2,6,1,0.879757,0.799049,0.848742,0.848884,0.865431,0.864393
704_VRC01_Concordance|1200432|sample|6|PVO.4|5024,0.0205761316872428,0.991621,3,6,1,0.909817,0.745577,0.844635,0.844932,0.928006,0.925806
704_VRC01_Concordance|1200432|sample|6|PVO.4|5024,0.0617283950617284,0.869396,4,6,1,0.926983,0.614504,0.794795,0.795376,0.500061,0.495808
704_VRC01_Concordance|1200432|sample|6|PVO.4|5024,0.1851851851851852,0.779355,5,6,1,0.913628,0.392263,0.66486,0.665839,0.914636,0.905506
704_VRC01_Concordance|1200432|sample|6|PVO.4|5024,0.5555555555555556,0.468051,6,6,1,0.864088,0.154411,0.449136,0.450439,0.221667,0.205822
704_VRC01_Concordance|1200432|sample|6|PVO.4|5024,1.66666666666667,0.186123,7,6,1,0.782501,0.0262882,0.205603,0.206749,-0.482837,-0.508571
704_VRC01_Concordance|1200432|sample|6|PVO.4|5024,5,0.0497215,8,6,1,0.65197,0.00341957,0.0452171,0.0456683,0.42028,0.375259
704_VRC01_Concordance|1200432|sample|7|PVO.4|5024,0.0457247370827617,0.822711,1,7,1,0.826944,0.590164,0.68761,0.687984,1.04419,1.04074
704_VRC01_Concordance|1200432|sample|7|PVO.4|5024,0.1371742112482853,0.758505,2,7,1,0.862481,0.430542,0.589253,0.589848,1.52185,1.515
704_VRC01_Concordance|1200432|sample|7|PVO.4|5024,0.411522633744856,0.445919,3,7,1,0.873191,0.211023,0.39889,0.399647,0.618389,0.607317
704_VRC01_Concordance|1200432|sample|7|PVO.4|5024,1.23456790123457,0.173424,4,7,1,0.851374,0.0497402,0.172516,0.173113,0.0265361,0.00905986
704_VRC01_Concordance|1200432|sample|7|PVO.4|5024,3.7037037037037,0.0308202,5,7,1,0.766177,0.00552417,0.0326546,0.0328374,-0.218461,-0.239268
704_VRC01_Concordance|1200432|sample|7|PVO.4|5024,11.1111111111111,0.00402709,6,7,1,0.600837,0.00303734,0.00402376,0.00403086,0.00106996,-0.00121406
704_VRC01_Concordance|1200432|sample|7|PVO.4|5024,33.3333333333333,0.00243574,7,7,1,0.370845,0.00291729,0.00292268,0.00291946,-0.167628,-0.166554
704_VRC01_Concordance|1200432|sample|7|PVO.4|5024,100,0.00113668,8,7,1,0.142832,0.00276402,0.00276703,0.00276402,-0.566848,-0.56591
704_VRC01_Concordance|1200432|sample|8|PVO.4|5024,0.0457247370827617,0.796746,1,8,1,0.826944,0.590164,0.694751,0.694542,0.780358,0.782187
704_VRC01_Concordance|1200432|sample|8|PVO.4|5024,0.1371742112482853,0.73569,2,8,1,0.862481,0.430542,0.60192,0.601483,1.17802,1.18272
704_VRC01_Concordance|1200432|sample|8|PVO.4|5024,0.411522633744856,0.466265,3,8,1,0.873191,0.211023,0.416603,0.415919,0.62609,0.635717
704_VRC01_Concordance|1200432|sample|8|PVO.4|5024,1.23456790123457,0.184954,4,8,1,0.851374,0.0497402,0.188202,0.187524,-0.0874974,-0.069455
704_VRC01_Concordance|1200432|sample|8|PVO.4|5024,3.7037037037037,0.0379325,5,8,1,0.766177,0.00552417,0.0383026,0.0380224,-0.0391975,-0.00956947
704_VRC01_Concordance|1200432|sample|8|PVO.4|5024,11.1111111111111,0.00399461,6,8,1,0.600837,0.00303734,0.00441274,0.0043871,-0.131479,-0.123601
704_VRC01_Concordance|1200432|sample|8|PVO.4|5024,33.3333333333333,0.00168878,7,8,1,0.370845,0.00291729,0.00292436,0.00292099,-0.425295,-0.424226
704_VRC01_Concordance|1200432|sample|8|PVO.4|5024,100,0,8,8,1,0.142832,0.00276402,0.00276703,0.00276402,-0.962052,-0.96119
704_VRC01_Concordance|1200432|sample|9|PVO.4|5024,0.002286236854138,0.844113,1,9,1,0.834896,0.79699,0.819117,0.818954,0.162656,0.163744
704_VRC01_Concordance|1200432|sample|9|PVO.4|5024,0.0068587105624142,0.938782,2,9,1,0.879757,0.799049,0.845682,0.845309,0.587071,0.589682
704_VRC01_Concordance|1200432|sample|9|PVO.4|5024,0.0205761316872428,0.856568,3,9,1,0.909817,0.745577,0.838347,0.837583,0.115889,0.120854
704_VRC01_Concordance|1200432|sample|9|PVO.4|5024,0.0617283950617284,0.895653,4,9,1,0.926983,0.614504,0.782618,0.781146,0.76929,0.780756
704_VRC01_Concordance|1200432|sample|9|PVO.4|5024,0.1851851851851852,0.785119,5,9,1,0.913628,0.392263,0.644051,0.641531,1.16262,1.18794
704_VRC01_Concordance|1200432|sample|9|PVO.4|5024,0.5555555555555556,0.449345,6,9,1,0.864088,0.154411,0.420856,0.417442,0.355637,0.401414
704_VRC01_Concordance|1200432|sample|9|PVO.4|5024,1.66666666666667,0.160499,7,9,1,0.782501,0.0262882,0.180406,0.177428,-0.557783,-0.481755
704_VRC01_Concordance|1200432|sample|9|PVO.4|5024,5,0.0365685,8,9,1,0.65197,0.00341957,0.0353945,0.0342978,0.131867,0.260982
704_VRC01_Concordance|1200432|vc|1|2|PVO.4|5024,0,0.927366,1,2,1,0.836167,0.836167,0.83617,0.836167,0.58151,0.581536
704_VRC01_Concordance|1200432|vc|2|2|PVO.4|5024,0,0.913369,2,2,1,0.882534,0.882534,0.88256,0.882534,0.186273,0.18644
704_VRC01_Concordance|1200432|vc|3|2|PVO.4|5024,0,1,3,2,1,0.882534,0.882534,0.88256,0.882534,0.710054,0.710237
704_VRC01_Concordance|1200432|vc|4|2|PVO.4|5024,0,0.936054,4,2,1,0.882534,0.882534,0.88256,0.882534,0.323428,0.323599
704_VRC01_Concordance|1200432|vc|5|2|PVO.4|5024,0,0.990712,5,2,1,0.882534,0.882534,0.88256,0.882534,0.653896,0.654078
704_VRC01_Concordance|1200432|vc|6|2|PVO.4|5024,0,0.919832,6,2,1,0.882534,0.882534,0.88256,0.882534,0.225348,0.225516
704_VRC01_Concordance|1200432|vc|7|2|PVO.4|5024,0,0.864589,7,2,1,0.882534,0.882534,0.88256,0.882534,-0.108655,-0.108496
704_VRC01_Concordance|1200432|vc|8|2|PVO.4|5024,0,0.869461,8,2,1,0.836167,0.836167,0.83617,0.836167,0.212276,0.2123
