id,time,rlu_norm,plate_row,plate_col,virus_cc,popPred_medianCOV,popPred,indivPred_SAEM,indivPred_mode,indWRes_SAEM,indWRes_mode
130_bNAb_Combinations|1313842|cc|1|1|nan|2946,0,0.00107969,1,1,0,0,0,0,0,0.568361,0.568361
130_bNAb_Combinations|1313842|cc|2|1|nan|2946,0,0.000918885,2,1,0,0,0,0,0,0.483712,0.483712
130_bNAb_Combinations|1313842|cc|3|1|nan|2946,0,0.00110266,3,1,0,0,0,0,0,0.580454,0.580454
130_bNAb_Combinations|1313842|cc|4|1|nan|2946,0,0.00133238,4,1,0,0,0,0,0,0.701382,0.701382
130_bNAb_Combinations|1313842|cc|5|1|nan|2946,0,0.00153913,5,1,0,0,0,0,0,0.810217,0.810217
130_bNAb_Combinations|1313842|cc|6|1|nan|2946,0,0.00149319,6,1,0,0,0,0,0,0.786031,0.786031
130_bNAb_Combinations|1313842|cc|7|1|nan|2946,0,0.00149319,7,1,0,0,0,0,0,0.786031,0.786031
130_bNAb_Combinations|1313842|cc|8|1|nan|2946,0,0.000826997,8,1,0,0,0,0,0,0.43534,0.43534
130_bNAb_Combinations|1313842|sample|10|nan|2946,0.0003648,0.782305,1,10,1,0.815057,0.773125,0.773125,0.773125,0.0987591,0.0987561
130_bNAb_Combinations|1313842|sample|10|nan|2946,0.001824,0.882187,2,10,1,0.889628,0.889115,0.889115,0.889115,-0.064979,-0.0649814
130_bNAb_Combinations|1313842|sample|10|nan|2946,0.00912,0.889573,3,10,1,0.816262,0.896197,0.896197,0.896197,-0.0616504,-0.0616518
130_bNAb_Combinations|1313842|sample|10|nan|2946,0.0456,0.751223,4,10,1,0.577058,0.780862,0.780862,0.780862,-0.315778,-0.315779
130_bNAb_Combinations|1313842|sample|10|nan|2946,0.228,0.542866,5,10,1,0.220955,0.527808,0.527808,0.527808,0.235074,0.235073
130_bNAb_Combinations|1313842|sample|10|nan|2946,1.14,0.150628,6,10,1,0.027415,0.177185,0.177184,0.177185,-1.16648,-1.16648
130_bNAb_Combinations|1313842|sample|10|nan|2946,5.7,0.0141738,7,10,1,0.0140302,0.01413,0.01413,0.01413,0.012306,0.0123045
130_bNAb_Combinations|1313842|sample|10|nan|2946,28.5,0.000252693,8,10,1,0.0123082,0.00580062,0.00580062,0.00580062,-2.14805,-2.14805
130_bNAb_Combinations|1313842|sample|11|nan|2946,0.0003712,0.787795,1,11,1,0.814843,0.775811,0.775811,0.775811,0.128495,0.128492
130_bNAb_Combinations|1313842|sample|11|nan|2946,0.001856,0.899692,2,11,1,0.88896,0.897194,0.897194,0.897194,0.0232273,0.0232251
130_bNAb_Combinations|1313842|sample|11|nan|2946,0.00928,0.943259,3,11,1,0.785645,0.867161,0.867161,0.867161,0.731554,0.731552
130_bNAb_Combinations|1313842|sample|11|nan|2946,0.0464,0.770876,4,11,1,0.553247,0.782439,0.782439,0.782439,-0.122955,-0.122956
130_bNAb_Combinations|1313842|sample|11|nan|2946,0.2319999999999999,0.591682,5,11,1,0.209678,0.574123,0.574123,0.574123,0.252595,0.252597
130_bNAb_Combinations|1313842|sample|11|nan|2946,1.16,0.238543,6,11,1,0.0258668,0.227913,0.227914,0.227913,0.36983,0.369838
130_bNAb_Combinations|1313842|sample|11|nan|2946,5.8,0.0150238,7,11,1,0.0140292,0.0163483,0.0163484,0.0163483,-0.3463,-0.346292
130_bNAb_Combinations|1313842|sample|11|nan|2946,29,0,8,11,1,0.0123082,0.00112269,0.00112269,0.00112269,-0.552541,-0.552541
130_bNAb_Combinations|1313842|sample|12|nan|2946,0.0003712,0.726907,1,12,1,0.814843,0.775811,0.775811,0.775811,-0.524355,-0.524358
130_bNAb_Combinations|1313842|sample|12|nan|2946,0.001856,0.725805,2,12,1,0.780347,0.76712,0.76712,0.76712,-0.447909,-0.447911
130_bNAb_Combinations|1313842|sample|12|nan|2946,0.00928,0.699823,3,12,1,0.689655,0.741441,0.741441,0.741441,-0.466483,-0.466484
130_bNAb_Combinations|1313842|sample|12|nan|2946,0.0464,0.628667,4,12,1,0.485651,0.669002,0.669002,0.669002,-0.499908,-0.499908
130_bNAb_Combinations|1313842|sample|12|nan|2946,0.2319999999999999,0.46638,5,12,1,0.18406,0.490888,0.490888,0.490888,-0.410444,-0.410442
130_bNAb_Combinations|1313842|sample|12|nan|2946,1.16,0.173084,6,12,1,0.0227064,0.194871,0.194871,0.194871,-0.876797,-0.87679
130_bNAb_Combinations|1313842|sample|12|nan|2946,5.8,0.0100848,7,12,1,0.0123151,0.0139782,0.0139782,0.0139782,-1.09803,-1.09803
130_bNAb_Combinations|1313842|sample|12|nan|2946,29,0.00119455,8,12,1,0.0123082,0.00112269,0.00112269,0.00112269,0.0353663,0.0353661
130_bNAb_Combinations|1313842|sample|3|nan|2946,0.000064,0.866394,1,3,1,0.827874,0.779193,0.779193,0.779193,0.93101,0.931007
130_bNAb_Combinations|1313842|sample|3|nan|2946,0.00032,0.944316,2,3,1,0.930252,0.909248,0.909247,0.909248,0.321789,0.321787
130_bNAb_Combinations|1313842|sample|3|nan|2946,0.0016,0.961051,3,3,1,0.927306,0.955523,0.955523,0.955523,0.0483073,0.0483057
130_bNAb_Combinations|1313842|sample|3|nan|2946,0.008,0.986159,4,3,1,0.828914,0.937911,0.937911,0.937911,0.429434,0.429432
130_bNAb_Combinations|1313842|sample|3|nan|2946,0.04,0.882578,5,3,1,0.602698,0.889383,0.889383,0.889383,-0.0638161,-0.0638174
130_bNAb_Combinations|1313842|sample|3|nan|2946,0.2,0.77709,6,3,1,0.248547,0.76494,0.76494,0.76494,0.132085,0.132084
130_bNAb_Combinations|1313842|sample|3|nan|2946,1,0.473111,7,3,1,0.0315145,0.476148,0.476148,0.476148,-0.0523788,-0.0523808
130_bNAb_Combinations|1313842|sample|3|nan|2946,5,0.151731,8,3,1,0.0123266,0.145668,0.145667,0.145668,0.318219,0.318216
130_bNAb_Combinations|1313842|sample|4|nan|2946,0.000064,0.844789,1,4,1,0.827874,0.779193,0.779193,0.779193,0.700339,0.700336
130_bNAb_Combinations|1313842|sample|4|nan|2946,0.00032,0.96429,2,4,1,0.930252,0.909248,0.909247,0.909248,0.505075,0.505072
130_bNAb_Combinations|1313842|sample|4|nan|2946,0.0016,0.942363,3,4,1,0.927306,0.955523,0.955523,0.955523,-0.115007,-0.115009
130_bNAb_Combinations|1313842|sample|4|nan|2946,0.008,0.926512,4,4,1,0.837751,0.958308,0.958307,0.958308,-0.277068,-0.277069
130_bNAb_Combinations|1313842|sample|4|nan|2946,0.04,0.878374,5,4,1,0.609124,0.908725,0.908725,0.908725,-0.27866,-0.27866
130_bNAb_Combinations|1313842|sample|4|nan|2946,0.2,0.73798,6,4,1,0.248547,0.76494,0.76494,0.76494,-0.293097,-0.293098
130_bNAb_Combinations|1313842|sample|4|nan|2946,1,0.443512,7,4,1,0.0315145,0.476148,0.476148,0.476148,-0.562945,-0.562947
130_bNAb_Combinations|1313842|sample|4|nan|2946,5,0.140934,8,4,1,0.0123266,0.145668,0.145667,0.145668,-0.248416,-0.248418
130_bNAb_Combinations|1313842|sample|5|nan|2946,0.0006144,0.829983,1,5,1,0.807494,0.775985,0.775985,0.775985,0.578852,0.578849
130_bNAb_Combinations|1313842|sample|5|nan|2946,0.003072,0.89357,2,5,1,0.866227,0.89857,0.89857,0.89857,-0.0464164,-0.0464188
130_bNAb_Combinations|1313842|sample|5|nan|2946,0.01536,0.91946,3,5,1,0.75656,0.923778,0.923778,0.923778,-0.0390118,-0.0390132
130_bNAb_Combinations|1313842|sample|5|nan|2946,0.0768,0.844513,4,5,1,0.470957,0.870278,0.870278,0.870278,-0.246818,-0.246819
130_bNAb_Combinations|1313842|sample|5|nan|2946,0.384,0.634686,5,5,1,0.127317,0.692183,0.692183,0.692183,-0.689281,-0.689281
130_bNAb_Combinations|1313842|sample|5|nan|2946,1.92,0.273162,6,5,1,0.0169785,0.364716,0.364716,0.364716,-2.04129,-2.04129
130_bNAb_Combinations|1313842|sample|5|nan|2946,9.6,0.101927,7,5,1,0.0140215,0.0966545,0.0966545,0.0966545,0.396984,0.396982
130_bNAb_Combinations|1313842|sample|5|nan|2946,48,0.049482,8,5,1,0.0123082,0.0485754,0.0485754,0.0485754,0.118969,0.118967
130_bNAb_Combinations|1313842|sample|6|nan|2946,0.0006144,0.807137,1,6,1,0.807494,0.775985,0.775985,0.775985,0.333948,0.333945
130_bNAb_Combinations|1313842|sample|6|nan|2946,0.003072,0.913073,2,6,1,0.866227,0.89857,0.89857,0.89857,0.134637,0.134635
130_bNAb_Combinations|1313842|sample|6|nan|2946,0.01536,0.905757,3,6,1,0.75656,0.923778,0.923778,0.923778,-0.162807,-0.162808
130_bNAb_Combinations|1313842|sample|6|nan|2946,0.0768,0.884312,4,6,1,0.470957,0.870278,0.870278,0.870278,0.134439,0.134438
130_bNAb_Combinations|1313842|sample|6|nan|2946,0.384,0.63016,5,6,1,0.127317,0.692183,0.692183,0.692183,-0.743534,-0.743534
130_bNAb_Combinations|1313842|sample|6|nan|2946,1.92,0.318692,6,6,1,0.0169785,0.364716,0.364716,0.364716,-1.02613,-1.02613
130_bNAb_Combinations|1313842|sample|6|nan|2946,9.6,0.14291,7,6,1,0.0140215,0.0966545,0.0966545,0.0966545,3.48245,3.48245
130_bNAb_Combinations|1313842|sample|6|nan|2946,48,0.0423376,8,6,1,0.0123082,0.0485754,0.0485754,0.0485754,-0.81858,-0.818582
130_bNAb_Combinations|1313842|sample|7|nan|2946,0.0000768,0.796949,1,7,1,0.827103,0.777602,0.777602,0.777602,0.206979,0.206976
130_bNAb_Combinations|1313842|sample|7|nan|2946,0.000384,1,2,7,1,0.927774,0.903939,0.903938,0.903939,0.886556,0.886554
130_bNAb_Combinations|1313842|sample|7|nan|2946,0.00192,0.911982,3,7,1,0.920257,0.939631,0.939631,0.939631,-0.245639,-0.245641
130_bNAb_Combinations|1313842|sample|7|nan|2946,0.0096,0.8727,4,7,1,0.819712,0.913378,0.913378,0.913378,-0.371605,-0.371605
130_bNAb_Combinations|1313842|sample|7|nan|2946,0.048,0.846259,5,7,1,0.572786,0.792116,0.792116,0.792116,0.568824,0.568823
130_bNAb_Combinations|1313842|sample|7|nan|2946,0.24,0.530266,6,7,1,0.210489,0.517152,0.517152,0.517152,0.208815,0.208814
130_bNAb_Combinations|1313842|sample|7|nan|2946,1.2,0.187832,7,7,1,0.0248033,0.15845,0.15845,0.15845,1.42909,1.42908
130_bNAb_Combinations|1313842|sample|7|nan|2946,6,0.0118536,8,7,1,0.0123137,0.0111686,0.0111686,0.0111686,0.213088,0.213086
130_bNAb_Combinations|1313842|sample|8|nan|2946,0.0000768,0.807666,1,8,1,0.827103,0.777602,0.777602,0.777602,0.321624,0.321621
130_bNAb_Combinations|1313842|sample|8|nan|2946,0.000384,0.9013,2,8,1,0.927774,0.903939,0.903938,0.903939,-0.0243483,-0.0243508
130_bNAb_Combinations|1313842|sample|8|nan|2946,0.00192,0.96043,3,8,1,0.920257,0.939631,0.939631,0.939631,0.184794,0.184792
130_bNAb_Combinations|1313842|sample|8|nan|2946,0.0096,0.907296,4,8,1,0.819712,0.913378,0.913378,0.913378,-0.0555587,-0.0555593
130_bNAb_Combinations|1313842|sample|8|nan|2946,0.048,0.786233,5,8,1,0.572786,0.792116,0.792116,0.792116,-0.0618055,-0.061806
130_bNAb_Combinations|1313842|sample|8|nan|2946,0.24,0.560359,6,8,1,0.210489,0.517152,0.517152,0.517152,0.687988,0.687987
130_bNAb_Combinations|1313842|sample|8|nan|2946,1.2,0.163389,7,8,1,0.0248033,0.15845,0.15845,0.15845,0.240243,0.240241
130_bNAb_Combinations|1313842|sample|8|nan|2946,6,0.0142427,8,8,1,0.0123137,0.0111686,0.0111686,0.0111686,0.956213,0.956211
130_bNAb_Combinations|1313842|sample|9|nan|2946,0.0003648,0.848418,1,9,1,0.815057,0.773125,0.773125,0.773125,0.810057,0.810054
130_bNAb_Combinations|1313842|sample|9|nan|2946,0.001824,0.929671,2,9,1,0.889628,0.889115,0.889115,0.889115,0.380424,0.380421
130_bNAb_Combinations|1313842|sample|9|nan|2946,0.00912,0.902196,3,9,1,0.816262,0.896197,0.896197,0.896197,0.0558381,0.0558367
130_bNAb_Combinations|1313842|sample|9|nan|2946,0.0456,0.850118,4,9,1,0.58321,0.797844,0.797844,0.797844,0.545329,0.545328
130_bNAb_Combinations|1313842|sample|9|nan|2946,0.228,0.545806,5,9,1,0.22331,0.539286,0.539286,0.539286,0.099686,0.0996857
130_bNAb_Combinations|1313842|sample|9|nan|2946,1.14,0.154396,6,9,1,0.027415,0.177185,0.177184,0.177185,-1.001,-1.001
130_bNAb_Combinations|1313842|sample|9|nan|2946,5.7,0.0108658,7,9,1,0.0140302,0.01413,0.01413,0.01413,-0.915941,-0.915942
130_bNAb_Combinations|1313842|sample|9|nan|2946,28.5,0.000413498,8,9,1,0.0123082,0.00580062,0.00580062,0.00580062,-2.08579,-2.08579
130_bNAb_Combinations|1313842|vc|1|2|nan|2946,0,0.842836,1,2,1,0.83399,0.780143,0.780143,0.780143,0.668556,0.668553
130_bNAb_Combinations|1313842|vc|2|2|nan|2946,0,0.947647,2,2,1,0.950069,0.912425,0.912424,0.912425,0.322095,0.322093
130_bNAb_Combinations|1313842|vc|3|2|nan|2946,0,0.949806,3,2,1,0.950069,0.912425,0.912424,0.912425,0.341842,0.341839
130_bNAb_Combinations|1313842|vc|4|2|nan|2946,0,0.93376,4,2,1,0.950069,0.912425,0.912424,0.912425,0.195106,0.195103
130_bNAb_Combinations|1313842|vc|5|2|nan|2946,0,0.949576,5,2,1,0.950069,0.912425,0.912424,0.912425,0.339741,0.339739
130_bNAb_Combinations|1313842|vc|6|2|nan|2946,0,0.978843,6,2,1,0.950069,0.912425,0.912424,0.912425,0.607375,0.607372
130_bNAb_Combinations|1313842|vc|7|2|nan|2946,0,0.900864,7,2,1,0.950069,0.912425,0.912424,0.912425,-0.105719,-0.105722
130_bNAb_Combinations|1313842|vc|8|2|nan|2946,0,0.690864,8,2,1,0.83399,0.780143,0.780143,0.780143,-0.952056,-0.952058
130_bNAb_Combinations|1313860|cc|1|1|PVO.4|5024,0,0.000722109,1,1,0,0,0,0,0,0.380126,0.380126
130_bNAb_Combinations|1313860|cc|2|1|PVO.4|5024,0,0.000902636,2,1,0,0,0,0,0,0.475158,0.475158
130_bNAb_Combinations|1313860|cc|3|1|PVO.4|5024,0,0.0011634,3,1,0,0,0,0,0,0.612425,0.612425
130_bNAb_Combinations|1313860|cc|4|1|PVO.4|5024,0,0.00162474,4,1,0,0,0,0,0,0.855284,0.855284
130_bNAb_Combinations|1313860|cc|5|1|PVO.4|5024,0,0.00138404,5,1,0,0,0,0,0,0.728575,0.728575
130_bNAb_Combinations|1313860|cc|6|1|PVO.4|5024,0,0.0016448,6,1,0,0,0,0,0,0.865843,0.865843
130_bNAb_Combinations|1313860|cc|7|1|PVO.4|5024,0,0.00178521,7,1,0,0,0,0,0,0.939756,0.939756
130_bNAb_Combinations|1313860|cc|8|1|PVO.4|5024,0,0.00148433,8,1,0,0,0,0,0,0.78137,0.78137
130_bNAb_Combinations|1313860|sample|10|PVO.4|5024,0.0003648,0.940566,1,10,1,0.815057,0.896889,0.896888,0.896889,0.406224,0.406218
130_bNAb_Combinations|1313860|sample|10|PVO.4|5024,0.001824,0.927278,2,10,1,0.889628,0.878657,0.878656,0.878657,0.461407,0.4614
130_bNAb_Combinations|1313860|sample|10|PVO.4|5024,0.00912,0.889708,3,10,1,0.816262,0.813001,0.813001,0.813001,0.78558,0.785571
130_bNAb_Combinations|1313860|sample|10|PVO.4|5024,0.0456,0.686274,4,10,1,0.577058,0.632906,0.632906,0.632906,0.69822,0.698209
130_bNAb_Combinations|1313860|sample|10|PVO.4|5024,0.228,0.317477,5,10,1,0.220955,0.305117,0.305117,0.305117,0.326716,0.326701
130_bNAb_Combinations|1313860|sample|10|PVO.4|5024,1.14,0.0365267,6,10,1,0.027415,0.0385398,0.0385397,0.0385398,-0.312667,-0.312684
130_bNAb_Combinations|1313860|sample|10|PVO.4|5024,5.7,0.000641874,7,10,1,0.0140302,0.00141725,0.00141724,0.00141725,-0.375198,-0.375199
130_bNAb_Combinations|1313860|sample|10|PVO.4|5024,28.5,0.000441289,8,10,1,0.0123082,0.00128873,0.00128873,0.00128873,-0.413097,-0.413097
130_bNAb_Combinations|1313860|sample|11|PVO.4|5024,0.0003712,0.89049,1,11,1,0.814843,0.898687,0.898687,0.898687,-0.0760793,-0.0760849
130_bNAb_Combinations|1313860|sample|11|PVO.4|5024,0.001856,0.925934,2,11,1,0.88896,0.881114,0.881113,0.881114,0.424176,0.42417
130_bNAb_Combinations|1313860|sample|11|PVO.4|5024,0.00928,0.859359,3,11,1,0.785645,0.805432,0.805432,0.805432,0.557375,0.557369
130_bNAb_Combinations|1313860|sample|11|PVO.4|5024,0.0464,0.674941,4,11,1,0.553247,0.605771,0.605771,0.605771,0.944438,0.944433
130_bNAb_Combinations|1313860|sample|11|PVO.4|5024,0.2319999999999999,0.244805,5,11,1,0.209678,0.24715,0.24715,0.24715,-0.0756231,-0.0756259
130_bNAb_Combinations|1313860|sample|11|PVO.4|5024,1.16,0.0178521,6,11,1,0.0258668,0.0161152,0.0161152,0.0161152,0.45738,0.457379
130_bNAb_Combinations|1313860|sample|11|PVO.4|5024,5.8,0.00070205,7,11,1,0.0140292,0.0005813,0.0005813,0.0005813,0.0613531,0.0613529
130_bNAb_Combinations|1313860|sample|11|PVO.4|5024,29,0.000160469,8,11,1,0.0123082,0.000571077,0.000571076,0.000571077,-0.208758,-0.208758
130_bNAb_Combinations|1313860|sample|12|PVO.4|5024,0.0003712,0.939283,1,12,1,0.814843,0.898687,0.898687,0.898687,0.376814,0.376808
130_bNAb_Combinations|1313860|sample|12|PVO.4|5024,0.001856,0.916777,2,12,1,0.780347,0.873661,0.87366,0.873661,0.411465,0.411459
130_bNAb_Combinations|1313860|sample|12|PVO.4|5024,0.00928,0.891313,3,12,1,0.689655,0.79862,0.798619,0.79862,0.966052,0.966047
130_bNAb_Combinations|1313860|sample|12|PVO.4|5024,0.0464,0.651633,4,12,1,0.485651,0.600648,0.600647,0.600648,0.701933,0.701928
130_bNAb_Combinations|1313860|sample|12|PVO.4|5024,0.2319999999999999,0.224295,5,12,1,0.18406,0.245059,0.245059,0.245059,-0.675052,-0.675054
130_bNAb_Combinations|1313860|sample|12|PVO.4|5024,1.16,0.00968829,6,12,1,0.0227064,0.0159789,0.0159789,0.0159789,-1.66355,-1.66356
130_bNAb_Combinations|1313860|sample|12|PVO.4|5024,5.8,0.000661933,7,12,1,0.0123151,0.000576384,0.000576383,0.000576384,0.0434805,0.0434803
130_bNAb_Combinations|1313860|sample|12|PVO.4|5024,29,0,8,12,1,0.0123082,0.000571077,0.000571076,0.000571077,-0.290342,-0.290342
130_bNAb_Combinations|1313860|sample|3|PVO.4|5024,0.000064,0.942953,1,3,1,0.827874,0.909229,0.909228,0.909229,0.30947,0.309464
130_bNAb_Combinations|1313860|sample|3|PVO.4|5024,0.00032,0.869078,2,3,1,0.930252,0.914758,0.914757,0.914758,-0.41668,-0.416686
130_bNAb_Combinations|1313860|sample|3|PVO.4|5024,0.0016,0.85281,3,3,1,0.927306,0.915343,0.915342,0.915343,-0.570043,-0.570049
130_bNAb_Combinations|1313860|sample|3|PVO.4|5024,0.008,0.886438,4,3,1,0.828914,0.896792,0.896792,0.896792,-0.0962982,-0.0963044
130_bNAb_Combinations|1313860|sample|3|PVO.4|5024,0.04,0.784701,5,3,1,0.602698,0.845098,0.845097,0.845098,-0.595476,-0.595482
130_bNAb_Combinations|1313860|sample|3|PVO.4|5024,0.2,0.757893,6,3,1,0.248547,0.71164,0.71164,0.71164,0.539669,0.539663
130_bNAb_Combinations|1313860|sample|3|PVO.4|5024,1,0.495868,7,3,1,0.0315145,0.430468,0.430468,0.430468,1.24347,1.24347
130_bNAb_Combinations|1313860|sample|3|PVO.4|5024,5,0.0938942,8,3,1,0.0123266,0.105513,0.105513,0.105513,-0.811047,-0.811049
130_bNAb_Combinations|1313860|sample|4|PVO.4|5024,0.000064,0.963754,1,4,1,0.827874,0.909229,0.909228,0.909229,0.500344,0.500338
130_bNAb_Combinations|1313860|sample|4|PVO.4|5024,0.00032,0.848879,2,4,1,0.930252,0.914758,0.914757,0.914758,-0.60093,-0.600936
130_bNAb_Combinations|1313860|sample|4|PVO.4|5024,0.0016,0.847455,3,4,1,0.927306,0.915343,0.915342,0.915343,-0.618865,-0.618871
130_bNAb_Combinations|1313860|sample|4|PVO.4|5024,0.008,0.867142,4,4,1,0.837751,0.903071,0.90307,0.903071,-0.331898,-0.331904
130_bNAb_Combinations|1313860|sample|4|PVO.4|5024,0.04,0.805653,5,4,1,0.609124,0.851014,0.851014,0.851014,-0.444193,-0.444199
130_bNAb_Combinations|1313860|sample|4|PVO.4|5024,0.2,0.707095,6,4,1,0.248547,0.71164,0.71164,0.71164,-0.0530278,-0.0530332
130_bNAb_Combinations|1313860|sample|4|PVO.4|5024,1,0.503972,7,4,1,0.0315145,0.430468,0.430468,0.430468,1.39755,1.39755
130_bNAb_Combinations|1313860|sample|4|PVO.4|5024,5,0.0983672,8,4,1,0.0123266,0.105513,0.105513,0.105513,-0.498804,-0.498806
130_bNAb_Combinations|1313860|sample|5|PVO.4|5024,0.0006144,0.899286,1,5,1,0.807494,0.905205,0.905205,0.905205,-0.0545508,-0.0545564
130_bNAb_Combinations|1313860|sample|5|PVO.4|5024,0.003072,0.907339,2,5,1,0.866227,0.90306,0.903059,0.90306,0.0395388,0.0395327
130_bNAb_Combinations|1313860|sample|5|PVO.4|5024,0.01536,0.855779,3,5,1,0.75656,0.881794,0.881794,0.881794,-0.246014,-0.24602
130_bNAb_Combinations|1313860|sample|5|PVO.4|5024,0.0768,0.837576,4,5,1,0.470957,0.810426,0.810426,0.810426,0.278915,0.278909
130_bNAb_Combinations|1313860|sample|5|PVO.4|5024,0.384,0.66436,5,5,1,0.127317,0.622292,0.622292,0.622292,0.559525,0.559519
130_bNAb_Combinations|1313860|sample|5|PVO.4|5024,1.92,0.280479,6,5,1,0.0169785,0.28983,0.28983,0.28983,-0.259517,-0.259521
130_bNAb_Combinations|1313860|sample|5|PVO.4|5024,9.6,0.0437879,7,5,1,0.0140215,0.0360346,0.0360346,0.0360346,1.26206,1.26206
130_bNAb_Combinations|1313860|sample|5|PVO.4|5024,48,0.00302884,8,5,1,0.0123082,0.00316082,0.00316082,0.00316082,-0.058089,-0.05809
130_bNAb_Combinations|1313860|sample|6|PVO.4|5024,0.0006144,0.902947,1,6,1,0.807494,0.905205,0.905205,0.905205,-0.0208125,-0.0208182
130_bNAb_Combinations|1313860|sample|6|PVO.4|5024,0.003072,1,2,6,1,0.866227,0.90306,0.903059,0.90306,0.895525,0.895518
130_bNAb_Combinations|1313860|sample|6|PVO.4|5024,0.01536,0.888003,3,6,1,0.75656,0.881794,0.881794,0.881794,0.058718,0.0587118
130_bNAb_Combinations|1313860|sample|6|PVO.4|5024,0.0768,0.842731,4,6,1,0.470957,0.810426,0.810426,0.810426,0.331874,0.331867
130_bNAb_Combinations|1313860|sample|6|PVO.4|5024,0.384,0.660529,5,6,1,0.127317,0.622292,0.622292,0.622292,0.508568,0.508562
130_bNAb_Combinations|1313860|sample|6|PVO.4|5024,1.92,0.278232,6,6,1,0.0169785,0.28983,0.28983,0.28983,-0.321866,-0.32187
130_bNAb_Combinations|1313860|sample|6|PVO.4|5024,9.6,0.029446,7,6,1,0.0140215,0.0360346,0.0360346,0.0360346,-1.07248,-1.07248
130_bNAb_Combinations|1313860|sample|6|PVO.4|5024,48,0.00204597,8,6,1,0.0123082,0.00316082,0.00316082,0.00316082,-0.49071,-0.490711
130_bNAb_Combinations|1313860|sample|7|PVO.4|5024,0.0000768,0.964978,1,7,1,0.827103,0.90562,0.90562,0.90562,0.546818,0.546812
130_bNAb_Combinations|1313860|sample|7|PVO.4|5024,0.000384,0.899587,2,7,1,0.927774,0.904066,0.904065,0.904066,-0.0413282,-0.0413345
130_bNAb_Combinations|1313860|sample|7|PVO.4|5024,0.00192,0.93161,3,7,1,0.920257,0.884083,0.884083,0.884083,0.448311,0.448303
130_bNAb_Combinations|1313860|sample|7|PVO.4|5024,0.0096,0.845689,4,7,1,0.819712,0.815,0.815,0.815,0.313547,0.313539
130_bNAb_Combinations|1313860|sample|7|PVO.4|5024,0.048,0.647902,5,7,1,0.572786,0.628954,0.628953,0.628954,0.249422,0.249412
130_bNAb_Combinations|1313860|sample|7|PVO.4|5024,0.24,0.298712,6,7,1,0.210489,0.293634,0.293633,0.293634,0.139222,0.139207
130_bNAb_Combinations|1313860|sample|7|PVO.4|5024,1.2,0.0363862,7,7,1,0.0248033,0.0344262,0.0344261,0.0344262,0.329224,0.329207
130_bNAb_Combinations|1313860|sample|7|PVO.4|5024,6,0.00108316,8,7,1,0.0123137,0.00137604,0.00137604,0.00137604,-0.142054,-0.142054
130_bNAb_Combinations|1313860|sample|8|PVO.4|5024,0.0000768,0.950786,1,8,1,0.827103,0.90562,0.90562,0.90562,0.416083,0.416077
130_bNAb_Combinations|1313860|sample|8|PVO.4|5024,0.000384,0.92461,2,8,1,0.927774,0.904066,0.904065,0.904066,0.189579,0.189572
130_bNAb_Combinations|1313860|sample|8|PVO.4|5024,0.00192,0.843312,3,8,1,0.920257,0.884083,0.884083,0.884083,-0.384568,-0.384575
130_bNAb_Combinations|1313860|sample|8|PVO.4|5024,0.0096,0.847094,4,8,1,0.819712,0.815,0.815,0.815,0.327892,0.327884
130_bNAb_Combinations|1313860|sample|8|PVO.4|5024,0.048,0.634433,5,8,1,0.572786,0.628954,0.628953,0.628954,0.0721229,0.0721126
130_bNAb_Combinations|1313860|sample|8|PVO.4|5024,0.24,0.29454,6,8,1,0.210489,0.293634,0.293633,0.293634,0.0248526,0.0248381
130_bNAb_Combinations|1313860|sample|8|PVO.4|5024,1.2,0.0356641,7,8,1,0.0248033,0.0344262,0.0344261,0.0344262,0.207941,0.207924
130_bNAb_Combinations|1313860|sample|8|PVO.4|5024,6,0.00112328,8,8,1,0.0123137,0.00137604,0.00137604,0.00137604,-0.122595,-0.122596
130_bNAb_Combinations|1313860|sample|9|PVO.4|5024,0.0003648,0.996159,1,9,1,0.815057,0.896889,0.896888,0.896889,0.923251,0.923244
130_bNAb_Combinations|1313860|sample|9|PVO.4|5024,0.001824,0.900911,2,9,1,0.889628,0.878657,0.878656,0.878657,0.21119,0.211183
130_bNAb_Combinations|1313860|sample|9|PVO.4|5024,0.00912,0.872167,3,9,1,0.816262,0.813001,0.813001,0.813001,0.605935,0.605927
130_bNAb_Combinations|1313860|sample|9|PVO.4|5024,0.0456,0.672464,4,9,1,0.58321,0.637338,0.637337,0.637338,0.456449,0.456438
130_bNAb_Combinations|1313860|sample|9|PVO.4|5024,0.228,0.315531,5,9,1,0.22331,0.307253,0.307253,0.307253,0.217375,0.21736
130_bNAb_Combinations|1313860|sample|9|PVO.4|5024,1.14,0.0348417,6,9,1,0.027415,0.0385398,0.0385397,0.0385398,-0.574368,-0.574384
130_bNAb_Combinations|1313860|sample|9|PVO.4|5024,5.7,0.0010631,7,9,1,0.0140302,0.00141725,0.00141724,0.00141725,-0.171367,-0.171367
130_bNAb_Combinations|1313860|sample|9|PVO.4|5024,28.5,0.000762226,8,9,1,0.0123082,0.00128873,0.00128873,0.00128873,-0.256651,-0.256651
130_bNAb_Combinations|1313860|vc|1|2|PVO.4|5024,0,0.954858,1,2,1,0.83399,0.910392,0.910391,0.910392,0.407528,0.407522
130_bNAb_Combinations|1313860|vc|2|2|PVO.4|5024,0,0.902094,2,2,1,0.950069,0.918158,0.918157,0.918158,-0.14599,-0.145996
130_bNAb_Combinations|1313860|vc|3|2|PVO.4|5024,0,0.86299,3,2,1,0.950069,0.918158,0.918157,0.918158,-0.501392,-0.501398
130_bNAb_Combinations|1313860|vc|4|2|PVO.4|5024,0,0.843613,4,2,1,0.950069,0.918158,0.918157,0.918158,-0.677498,-0.677503
130_bNAb_Combinations|1313860|vc|5|2|PVO.4|5024,0,0.869359,5,2,1,0.950069,0.918158,0.918157,0.918158,-0.44351,-0.443516
130_bNAb_Combinations|1313860|vc|6|2|PVO.4|5024,0,0.81162,6,2,1,0.950069,0.918158,0.918157,0.918158,-0.968273,-0.968278
130_bNAb_Combinations|1313860|vc|7|2|PVO.4|5024,0,0.761714,7,2,1,0.950069,0.918158,0.918157,0.918158,-1.42185,-1.42185
130_bNAb_Combinations|1313860|vc|8|2|PVO.4|5024,0,0.747362,8,2,1,0.83399,0.910392,0.910391,0.910392,-1.49412,-1.49413
130_bNAb_Combinations|1313884|cc|1|1|nan|4168,0,0.000363452,1,1,0,0,0,0,0,0.191325,0.191325
130_bNAb_Combinations|1313884|cc|2|1|nan|4168,0,0.000879936,2,1,0,0,0,0,0,0.463208,0.463208
130_bNAb_Combinations|1313884|cc|3|1|nan|4168,0,0.000248678,3,1,0,0,0,0,0,0.130907,0.130907
130_bNAb_Combinations|1313884|cc|4|1|nan|4168,0,5.73872e-05,4,1,0,0,0,0,0,0.0302092,0.0302092
130_bNAb_Combinations|1313884|cc|5|1|nan|4168,0,0,5,1,0,0,0,0,0,0,0
130_bNAb_Combinations|1313884|cc|6|1|nan|4168,0,0.000325194,6,1,0,0,0,0,0,0.171186,0.171186
130_bNAb_Combinations|1313884|cc|7|1|nan|4168,0,0.000554743,7,1,0,0,0,0,0,0.292023,0.292023
130_bNAb_Combinations|1313884|cc|8|1|nan|4168,0,0.000248678,8,1,0,0,0,0,0,0.130907,0.130907
130_bNAb_Combinations|1313884|sample|10|nan|4168,0.0003648,0.774009,1,10,1,0.815057,0.813408,0.813408,0.813408,-0.403294,-0.403291
130_bNAb_Combinations|1313884|sample|10|nan|4168,0.001824,0.732346,2,10,1,0.889628,0.884674,0.884674,0.884674,-1.43591,-1.43591
130_bNAb_Combinations|1313884|sample|10|nan|4168,0.00912,0.69975,3,10,1,0.816262,0.804826,0.804826,0.804826,-1.08682,-1.08682
130_bNAb_Combinations|1313884|sample|10|nan|4168,0.0456,0.452067,4,10,1,0.577058,0.564022,0.564022,0.564022,-1.63862,-1.63862
130_bNAb_Combinations|1313884|sample|10|nan|4168,0.228,0.221036,5,10,1,0.220955,0.249941,0.249941,0.249941,-0.922457,-0.922456
130_bNAb_Combinations|1313884|sample|10|nan|4168,1.14,0.135271,6,10,1,0.027415,0.12271,0.12271,0.12271,0.768245,0.768246
130_bNAb_Combinations|1313884|sample|10|nan|4168,5.7,0.0867311,7,10,1,0.0140302,0.113888,0.113888,0.113888,-1.77358,-1.77358
130_bNAb_Combinations|1313884|sample|10|nan|4168,28.5,0.0454124,8,10,1,0.0123082,0.0999724,0.0999725,0.0999724,-3.99033,-3.99032
130_bNAb_Combinations|1313884|sample|11|nan|4168,0.0003712,0.771905,1,11,1,0.814843,0.822798,0.822798,0.822798,-0.515121,-0.515118
130_bNAb_Combinations|1313884|sample|11|nan|4168,0.001856,0.762522,2,11,1,0.88896,0.914014,0.914014,0.914014,-1.38298,-1.38297
130_bNAb_Combinations|1313884|sample|11|nan|4168,0.00928,0.738841,3,11,1,0.785645,0.850494,0.850494,0.850494,-1.094,-1.094
130_bNAb_Combinations|1313884|sample|11|nan|4168,0.0464,0.560166,4,11,1,0.553247,0.692516,0.692516,0.692516,-1.58589,-1.58589
130_bNAb_Combinations|1313884|sample|11|nan|4168,0.2319999999999999,0.294645,5,11,1,0.209678,0.387412,0.387412,0.387412,-1.95201,-1.95201
130_bNAb_Combinations|1313884|sample|11|nan|4168,1.16,0.069228,6,11,1,0.0258668,0.0810763,0.0810763,0.0810763,-1.03498,-1.03498
130_bNAb_Combinations|1313884|sample|11|nan|4168,5.8,0.0138494,7,11,1,0.0140292,0.0099408,0.0099408,0.0099408,1.27303,1.27303
130_bNAb_Combinations|1313884|sample|11|nan|4168,29,0.00181726,8,11,1,0.0123082,0.0080208,0.0080208,0.0080208,-2.18109,-2.18109
130_bNAb_Combinations|1313884|sample|12|nan|4168,0.0003712,0.813233,1,12,1,0.814843,0.822798,0.822798,0.822798,-0.0968093,-0.0968064
130_bNAb_Combinations|1313884|sample|12|nan|4168,0.001856,0.742858,2,12,1,0.780347,0.802339,0.80234,0.802339,-0.617106,-0.617103
130_bNAb_Combinations|1313884|sample|12|nan|4168,0.00928,0.718258,3,12,1,0.689655,0.74658,0.746581,0.74658,-0.315324,-0.315321
130_bNAb_Combinations|1313884|sample|12|nan|4168,0.0464,0.538636,4,12,1,0.485651,0.607905,0.607905,0.607905,-0.942553,-0.942551
130_bNAb_Combinations|1313884|sample|12|nan|4168,0.2319999999999999,0.244077,5,12,1,0.18406,0.340078,0.340078,0.340078,-2.28848,-2.28848
130_bNAb_Combinations|1313884|sample|12|nan|4168,1.16,0.0551873,6,12,1,0.0227064,0.0711704,0.0711704,0.0711704,-1.5546,-1.55459
130_bNAb_Combinations|1313884|sample|12|nan|4168,5.8,0.00767075,7,12,1,0.0123151,0.00872623,0.00872623,0.00872623,-0.360564,-0.360563
130_bNAb_Combinations|1313884|sample|12|nan|4168,29,0.00585349,8,12,1,0.0123082,0.0080208,0.0080208,0.0080208,-0.762001,-0.762
130_bNAb_Combinations|1313884|sample|3|nan|4168,0.000064,0.896254,1,3,1,0.827874,0.833486,0.833486,0.833486,0.62732,0.627323
130_bNAb_Combinations|1313884|sample|3|nan|4168,0.00032,0.883198,2,3,1,0.930252,0.948426,0.948426,0.948426,-0.574227,-0.574226
130_bNAb_Combinations|1313884|sample|3|nan|4168,0.0016,0.945425,3,3,1,0.927306,0.980111,0.980111,0.980111,-0.295644,-0.295643
130_bNAb_Combinations|1313884|sample|3|nan|4168,0.008,0.973478,4,3,1,0.828914,0.971096,0.971096,0.971096,0.0204866,0.0204871
130_bNAb_Combinations|1313884|sample|3|nan|4168,0.04,0.977246,5,3,1,0.602698,0.945753,0.945753,0.945753,0.278012,0.278013
130_bNAb_Combinations|1313884|sample|3|nan|4168,0.2,0.815472,6,3,1,0.248547,0.876967,0.876967,0.876967,-0.584684,-0.584683
130_bNAb_Combinations|1313884|sample|3|nan|4168,1,0.719559,7,3,1,0.0315145,0.68277,0.68277,0.68277,0.446966,0.446968
130_bNAb_Combinations|1313884|sample|3|nan|4168,5,0.315142,8,3,1,0.0123266,0.331353,0.331353,0.331353,-0.396164,-0.396161
130_bNAb_Combinations|1313884|sample|4|nan|4168,0.000064,0.855298,1,4,1,0.827874,0.833486,0.833486,0.833486,0.217999,0.218002
130_bNAb_Combinations|1313884|sample|4|nan|4168,0.00032,0.910725,2,4,1,0.930252,0.948426,0.948426,0.948426,-0.331899,-0.331898
130_bNAb_Combinations|1313884|sample|4|nan|4168,0.0016,0.951039,3,4,1,0.927306,0.980111,0.980111,0.980111,-0.24779,-0.24779
130_bNAb_Combinations|1313884|sample|4|nan|4168,0.008,1,4,4,1,0.837751,0.981449,0.981449,0.981449,0.157909,0.157909
130_bNAb_Combinations|1313884|sample|4|nan|4168,0.04,0.93895,5,4,1,0.609124,0.955836,0.955836,0.955836,-0.147524,-0.147523
130_bNAb_Combinations|1313884|sample|4|nan|4168,0.2,0.839584,6,4,1,0.248547,0.876967,0.876967,0.876967,-0.355431,-0.35543
130_bNAb_Combinations|1313884|sample|4|nan|4168,1,0.743183,7,4,1,0.0315145,0.68277,0.68277,0.68277,0.733993,0.733994
130_bNAb_Combinations|1313884|sample|4|nan|4168,5,0.341148,8,4,1,0.0123266,0.331353,0.331353,0.331353,0.239335,0.239339
130_bNAb_Combinations|1313884|sample|5|nan|4168,0.0006144,0.922661,1,5,1,0.807494,0.831781,0.831781,0.831781,0.910111,0.910114
130_bNAb_Combinations|1313884|sample|5|nan|4168,0.003072,0.913852,2,5,1,0.866227,0.942881,0.942881,0.942881,-0.257027,-0.257026
130_bNAb_Combinations|1313884|sample|5|nan|4168,0.01536,0.961512,3,5,1,0.75656,0.963793,0.963793,0.963793,-0.0197613,-0.0197608
130_bNAb_Combinations|1313884|sample|5|nan|4168,0.0768,0.95651,4,5,1,0.470957,0.93543,0.93543,0.93543,0.188114,0.188115
130_bNAb_Combinations|1313884|sample|5|nan|4168,0.384,0.877392,5,5,1,0.127317,0.833497,0.833497,0.833497,0.438704,0.438704
130_bNAb_Combinations|1313884|sample|5|nan|4168,1.92,0.606372,6,5,1,0.0169785,0.595685,0.595685,0.595685,0.148325,0.148326
130_bNAb_Combinations|1313884|sample|5|nan|4168,9.6,0.20403,7,5,1,0.0140215,0.239882,0.239882,0.239882,-1.18911,-1.18911
130_bNAb_Combinations|1313884|sample|5|nan|4168,48,0.0395206,8,5,1,0.0123082,0.0444243,0.0444243,0.0444243,-0.687621,-0.687619
130_bNAb_Combinations|1313884|sample|6|nan|4168,0.0006144,0.914177,1,6,1,0.807494,0.831781,0.831781,0.831781,0.825151,0.825154
130_bNAb_Combinations|1313884|sample|6|nan|4168,0.003072,0.90533,2,6,1,0.866227,0.942881,0.942881,0.942881,-0.332483,-0.332482
130_bNAb_Combinations|1313884|sample|6|nan|4168,0.01536,0.984926,3,6,1,0.75656,0.963793,0.963793,0.963793,0.183128,0.183129
130_bNAb_Combinations|1313884|sample|6|nan|4168,0.0768,0.925091,4,6,1,0.470957,0.93543,0.93543,0.93543,-0.092261,-0.0922607
130_bNAb_Combinations|1313884|sample|6|nan|4168,0.384,0.830947,5,6,1,0.127317,0.833497,0.833497,0.833497,-0.0254811,-0.0254807
130_bNAb_Combinations|1313884|sample|6|nan|4168,1.92,0.605607,6,6,1,0.0169785,0.595685,0.595685,0.595685,0.137706,0.137707
130_bNAb_Combinations|1313884|sample|6|nan|4168,9.6,0.219678,7,6,1,0.0140215,0.239882,0.239882,0.239882,-0.670117,-0.670115
130_bNAb_Combinations|1313884|sample|6|nan|4168,48,0.0417587,8,6,1,0.0123082,0.0444243,0.0444243,0.0444243,-0.373782,-0.37378
130_bNAb_Combinations|1313884|sample|7|nan|4168,0.0000768,0.836418,1,7,1,0.827103,0.826491,0.826491,0.826491,0.100035,0.100037
130_bNAb_Combinations|1313884|sample|7|nan|4168,0.000384,0.922776,2,7,1,0.927774,0.925835,0.925835,0.925835,-0.0275722,-0.0275709
130_bNAb_Combinations|1313884|sample|7|nan|4168,0.00192,0.897153,3,7,1,0.920257,0.914969,0.91497,0.914969,-0.162485,-0.162484
130_bNAb_Combinations|1313884|sample|7|nan|4168,0.0096,0.78389,4,7,1,0.819712,0.807925,0.807925,0.807925,-0.247668,-0.247667
130_bNAb_Combinations|1313884|sample|7|nan|4168,0.048,0.503936,5,7,1,0.572786,0.559993,0.559993,0.559993,-0.826213,-0.826213
130_bNAb_Combinations|1313884|sample|7|nan|4168,0.24,0.280795,6,7,1,0.210489,0.241876,0.241876,0.241876,1.2809,1.2809
130_bNAb_Combinations|1313884|sample|7|nan|4168,1.2,0.161478,7,7,1,0.0248033,0.117661,0.117661,0.117661,2.78091,2.78092
130_bNAb_Combinations|1313884|sample|7|nan|4168,6,0.0913986,8,7,1,0.0123137,0.0999729,0.0999729,0.0999729,-0.627091,-0.627089
130_bNAb_Combinations|1313884|sample|8|nan|4168,0.0000768,0.913412,1,8,1,0.827103,0.826491,0.826491,0.826491,0.875931,0.875934
130_bNAb_Combinations|1313884|sample|8|nan|4168,0.000384,0.818351,2,8,1,0.927774,0.925835,0.925835,0.925835,-0.968917,-0.968916
130_bNAb_Combinations|1313884|sample|8|nan|4168,0.00192,0.894723,3,8,1,0.920257,0.914969,0.91497,0.914969,-0.18464,-0.184639
130_bNAb_Combinations|1313884|sample|8|nan|4168,0.0096,0.810594,4,8,1,0.819712,0.807925,0.807925,0.807925,0.0275015,0.0275019
130_bNAb_Combinations|1313884|sample|8|nan|4168,0.048,0.521984,5,8,1,0.572786,0.559993,0.559993,0.559993,-0.560204,-0.560203
130_bNAb_Combinations|1313884|sample|8|nan|4168,0.24,0.263512,6,8,1,0.210489,0.241876,0.241876,0.241876,0.712086,0.712086
130_bNAb_Combinations|1313884|sample|8|nan|4168,1.2,0.145199,7,8,1,0.0248033,0.117661,0.117661,0.117661,1.74775,1.74775
130_bNAb_Combinations|1313884|sample|8|nan|4168,6,0.0915325,8,8,1,0.0123137,0.0999729,0.0999729,0.0999729,-0.617298,-0.617296
130_bNAb_Combinations|1313884|sample|9|nan|4168,0.0003648,0.835442,1,9,1,0.815057,0.813408,0.813408,0.813408,0.225549,0.225552
130_bNAb_Combinations|1313884|sample|9|nan|4168,0.001824,0.770136,2,9,1,0.889628,0.884674,0.884674,0.884674,-1.07969,-1.07969
130_bNAb_Combinations|1313884|sample|9|nan|4168,0.00912,0.72326,3,9,1,0.816262,0.804826,0.804826,0.804826,-0.843659,-0.843658
130_bNAb_Combinations|1313884|sample|9|nan|4168,0.0456,0.460312,4,9,1,0.58321,0.570035,0.570035,0.570035,-1.58948,-1.58948
130_bNAb_Combinations|1313884|sample|9|nan|4168,0.228,0.270179,5,9,1,0.22331,0.252605,0.252605,0.252605,0.555271,0.555271
130_bNAb_Combinations|1313884|sample|9|nan|4168,1.14,0.154668,6,9,1,0.027415,0.12271,0.12271,0.12271,1.95454,1.95454
130_bNAb_Combinations|1313884|sample|9|nan|4168,5.7,0.0824654,7,9,1,0.0140302,0.113888,0.113888,0.113888,-2.05217,-2.05217
130_bNAb_Combinations|1313884|sample|9|nan|4168,28.5,0.0480713,8,9,1,0.0123082,0.0999724,0.0999725,0.0999724,-3.79586,-3.79586
130_bNAb_Combinations|1313884|vc|1|2|nan|4168,0,0.9016,1,2,1,0.83399,0.83399,0.83399,0.83399,0.67532,0.675324
130_bNAb_Combinations|1313884|vc|2|2|nan|4168,0,0.943493,2,2,1,0.950069,0.950069,0.950069,0.950069,-0.0577949,-0.0577937
130_bNAb_Combinations|1313884|vc|3|2|nan|4168,0,0.895508,3,2,1,0.950069,0.950069,0.950069,0.950069,-0.479509,-0.479508
130_bNAb_Combinations|1313884|vc|4|2|nan|4168,0,0.872534,4,2,1,0.950069,0.950069,0.950069,0.950069,-0.681414,-0.681413
130_bNAb_Combinations|1313884|vc|5|2|nan|4168,0,0.872572,5,2,1,0.950069,0.950069,0.950069,0.950069,-0.681077,-0.681076
130_bNAb_Combinations|1313884|vc|6|2|nan|4168,0,0.86009,6,2,1,0.950069,0.950069,0.950069,0.950069,-0.790772,-0.790771
130_bNAb_Combinations|1313884|vc|7|2|nan|4168,0,0.851932,7,2,1,0.950069,0.950069,0.950069,0.950069,-0.862472,-0.862471
130_bNAb_Combinations|1313884|vc|8|2|nan|4168,0,0.811301,8,2,1,0.83399,0.83399,0.83399,0.83399,-0.226621,-0.226618
130_bNAb_Combinations|1313920|cc|1|1|nan|1798,0,0.00106207,1,1,0,0,0,0,0,0.559083,0.559083
130_bNAb_Combinations|1313920|cc|2|1|nan|1798,0,0.00146853,2,1,0,0,0,0,0,0.773053,0.773053
130_bNAb_Combinations|1313920|cc|3|1|nan|1798,0,0.00173077,3,1,0,0,0,0,0,0.911098,0.911098
130_bNAb_Combinations|1313920|cc|4|1|nan|1798,0,0.00124563,4,1,0,0,0,0,0,0.655715,0.655715
130_bNAb_Combinations|1313920|cc|5|1|nan|1798,0,0.0014292,5,1,0,0,0,0,0,0.752346,0.752346
130_bNAb_Combinations|1313920|cc|6|1|nan|1798,0,0.0014292,6,1,0,0,0,0,0,0.752346,0.752346
130_bNAb_Combinations|1313920|cc|7|1|nan|1798,0,0.0012063,7,1,0,0,0,0,0,0.635008,0.635008
130_bNAb_Combinations|1313920|cc|8|1|nan|1798,0,0.00215035,8,1,0,0,0,0,0,1.13197,1.13197
130_bNAb_Combinations|1313920|sample|10|nan|1798,0.0003648,0.782696,1,10,1,0.815057,0.746272,0.746271,0.746272,0.405688,0.405684
130_bNAb_Combinations|1313920|sample|10|nan|1798,0.001824,0.776855,2,10,1,0.889628,0.826217,0.826217,0.826217,-0.497601,-0.497603
130_bNAb_Combinations|1313920|sample|10|nan|1798,0.00912,0.694879,3,10,1,0.816262,0.739357,0.739357,0.739357,-0.499917,-0.499916
130_bNAb_Combinations|1313920|sample|10|nan|1798,0.0456,0.420198,4,10,1,0.577058,0.450751,0.450751,0.450751,-0.555685,-0.555682
130_bNAb_Combinations|1313920|sample|10|nan|1798,0.228,0.0873778,5,10,1,0.220955,0.109956,0.109957,0.109956,-1.52057,-1.52056
130_bNAb_Combinations|1313920|sample|10|nan|1798,1.14,0.00264861,6,10,1,0.027415,0.00310131,0.00310132,0.00310131,-0.199882,-0.19988
130_bNAb_Combinations|1313920|sample|10|nan|1798,5.7,0.000629372,7,10,1,0.0140302,0.000899608,0.000899608,0.000899608,-0.134741,-0.134741
130_bNAb_Combinations|1313920|sample|10|nan|1798,28.5,7.86715e-05,8,10,1,0.0123082,0.000765962,0.000765961,0.000765962,-0.345396,-0.345396
130_bNAb_Combinations|1313920|sample|11|nan|1798,0.0003712,0.869963,1,11,1,0.814843,0.765635,0.765635,0.765635,1.13319,1.13318
130_bNAb_Combinations|1313920|sample|11|nan|1798,0.001856,0.691286,2,11,1,0.88896,0.888673,0.888672,0.888673,-1.85242,-1.85242
130_bNAb_Combinations|1313920|sample|11|nan|1798,0.00928,0.783024,3,11,1,0.785645,0.855852,0.855851,0.855852,-0.709192,-0.709194
130_bNAb_Combinations|1313920|sample|11|nan|1798,0.0464,0.669481,4,11,1,0.553247,0.758436,0.758436,0.758436,-0.97518,-0.975182
130_bNAb_Combinations|1313920|sample|11|nan|1798,0.2319999999999999,0.434162,5,11,1,0.209678,0.515214,0.515214,0.515214,-1.29528,-1.29528
130_bNAb_Combinations|1313920|sample|11|nan|1798,1.16,0.115116,6,11,1,0.0258668,0.15172,0.15172,0.15172,-1.85176,-1.85176
130_bNAb_Combinations|1313920|sample|11|nan|1798,5.8,0.00319931,7,11,1,0.0140292,0.00452334,0.00452334,0.00452334,-0.544343,-0.544342
130_bNAb_Combinations|1313920|sample|11|nan|1798,29,0.000760491,8,11,1,0.0123082,0.000897802,0.000897801,0.000897802,-0.0684706,-0.0684708
130_bNAb_Combinations|1313920|sample|12|nan|1798,0.0003712,0.815542,1,12,1,0.814843,0.765635,0.765635,0.765635,0.542078,0.542074
130_bNAb_Combinations|1313920|sample|12|nan|1798,0.001856,0.74085,2,12,1,0.780347,0.756724,0.756724,0.756724,-0.174409,-0.174413
130_bNAb_Combinations|1313920|sample|12|nan|1798,0.00928,0.723103,3,12,1,0.689655,0.728776,0.728776,0.728776,-0.0646716,-0.064675
130_bNAb_Combinations|1313920|sample|12|nan|1798,0.0464,0.623072,4,12,1,0.485651,0.645824,0.645824,0.645824,-0.291863,-0.291865
130_bNAb_Combinations|1313920|sample|12|nan|1798,0.2319999999999999,0.462477,5,12,1,0.18406,0.438716,0.438715,0.438716,0.443595,0.443594
130_bNAb_Combinations|1313920|sample|12|nan|1798,1.16,0.11273,6,12,1,0.0227064,0.129193,0.129193,0.129193,-0.961972,-0.961971
130_bNAb_Combinations|1313920|sample|12|nan|1798,5.8,0.00295018,7,12,1,0.0123151,0.00385172,0.00385172,0.00385172,-0.383104,-0.383104
130_bNAb_Combinations|1313920|sample|12|nan|1798,29,0,8,12,1,0.0123082,0.000897802,0.000897801,0.000897802,-0.447695,-0.447695
130_bNAb_Combinations|1313920|sample|3|nan|1798,0.000064,0.927104,1,3,1,0.827874,0.766813,0.766812,0.766813,1.73844,1.73843
130_bNAb_Combinations|1313920|sample|3|nan|1798,0.00032,0.90564,2,3,1,0.930252,0.894257,0.894257,0.894257,0.106173,0.106169
130_bNAb_Combinations|1313920|sample|3|nan|1798,0.0016,0.884681,3,3,1,0.927306,0.930909,0.930909,0.930909,-0.414493,-0.414495
130_bNAb_Combinations|1313920|sample|3|nan|1798,0.008,0.948877,4,3,1,0.828914,0.87959,0.87959,0.87959,0.656829,0.656827
130_bNAb_Combinations|1313920|sample|3|nan|1798,0.04,0.855769,5,3,1,0.602698,0.750459,0.750458,0.750459,1.16651,1.1665
130_bNAb_Combinations|1313920|sample|3|nan|1798,0.2,0.458209,6,3,1,0.248547,0.493009,0.493008,0.493009,-0.580378,-0.580385
130_bNAb_Combinations|1313920|sample|3|nan|1798,1,0.22622,7,3,1,0.0315145,0.200818,0.200818,0.200818,0.994219,0.994208
130_bNAb_Combinations|1313920|sample|3|nan|1798,5,0.122223,8,3,1,0.0123266,0.109487,0.109487,0.109487,0.860877,0.860873
130_bNAb_Combinations|1313920|sample|4|nan|1798,0.000064,0.895872,1,4,1,0.827874,0.766813,0.766812,0.766813,1.39971,1.3997
130_bNAb_Combinations|1313920|sample|4|nan|1798,0.00032,0.93585,2,4,1,0.930252,0.894257,0.894257,0.894257,0.387946,0.387942
130_bNAb_Combinations|1313920|sample|4|nan|1798,0.0016,0.876977,3,4,1,0.927306,0.930909,0.930909,0.930909,-0.483562,-0.483564
130_bNAb_Combinations|1313920|sample|4|nan|1798,0.008,0.971855,4,4,1,0.837751,0.901002,0.901002,0.901002,0.655999,0.655997
130_bNAb_Combinations|1313920|sample|4|nan|1798,0.04,0.784276,5,4,1,0.609124,0.768727,0.768727,0.768727,0.168229,0.168226
130_bNAb_Combinations|1313920|sample|4|nan|1798,0.2,0.443294,6,4,1,0.248547,0.493009,0.493008,0.493009,-0.829126,-0.829132
130_bNAb_Combinations|1313920|sample|4|nan|1798,1,0.218818,7,4,1,0.0315145,0.200818,0.200818,0.200818,0.704518,0.704507
130_bNAb_Combinations|1313920|sample|4|nan|1798,5,0.123534,8,4,1,0.0123266,0.109487,0.109487,0.109487,0.949509,0.949505
130_bNAb_Combinations|1313920|sample|5|nan|1798,0.0006144,0.907764,1,5,1,0.807494,0.757153,0.757153,0.757153,1.65385,1.65384
130_bNAb_Combinations|1313920|sample|5|nan|1798,0.003072,0.859919,2,5,1,0.866227,0.862477,0.862476,0.862477,-0.0247153,-0.0247189
130_bNAb_Combinations|1313920|sample|5|nan|1798,0.01536,0.783712,3,5,1,0.75656,0.840159,0.840159,0.840159,-0.559746,-0.559749
130_bNAb_Combinations|1313920|sample|5|nan|1798,0.0768,0.672202,4,5,1,0.470957,0.678121,0.678121,0.678121,-0.0723882,-0.072392
130_bNAb_Combinations|1313920|sample|5|nan|1798,0.384,0.368891,5,5,1,0.127317,0.374795,0.374795,0.374795,-0.12824,-0.128247
130_bNAb_Combinations|1313920|sample|5|nan|1798,1.92,0.184222,6,5,1,0.0169785,0.158458,0.158458,0.158458,1.25309,1.25308
130_bNAb_Combinations|1313920|sample|5|nan|1798,9.6,0.127972,7,5,1,0.0140215,0.127459,0.127459,0.127459,0.0303674,0.0303644
130_bNAb_Combinations|1313920|sample|5|nan|1798,48,0.0587283,8,5,1,0.0123082,0.108492,0.108492,0.108492,-3.39072,-3.39072
130_bNAb_Combinations|1313920|sample|6|nan|1798,0.0006144,0.830286,1,6,1,0.807494,0.757153,0.757153,0.757153,0.803066,0.803062
130_bNAb_Combinations|1313920|sample|6|nan|1798,0.003072,0.853841,2,6,1,0.866227,0.862477,0.862476,0.862477,-0.0834505,-0.0834541
130_bNAb_Combinations|1313920|sample|6|nan|1798,0.01536,0.751916,3,6,1,0.75656,0.840159,0.840159,0.840159,-0.875054,-0.875057
130_bNAb_Combinations|1313920|sample|6|nan|1798,0.0768,0.612799,4,6,1,0.470957,0.678121,0.678121,0.678121,-0.79895,-0.798954
130_bNAb_Combinations|1313920|sample|6|nan|1798,0.384,0.297509,5,6,1,0.127317,0.374795,0.374795,0.374795,-1.67873,-1.67873
130_bNAb_Combinations|1313920|sample|6|nan|1798,1.92,0.174251,6,6,1,0.0169785,0.158458,0.158458,0.158458,0.768104,0.768098
130_bNAb_Combinations|1313920|sample|6|nan|1798,9.6,0.113582,7,6,1,0.0140215,0.127459,0.127459,0.127459,-0.820624,-0.820627
130_bNAb_Combinations|1313920|sample|6|nan|1798,48,0.057994,8,6,1,0.0123082,0.108492,0.108492,0.108492,-3.44075,-3.44075
130_bNAb_Combinations|1313920|sample|7|nan|1798,0.0000768,0.81364,1,7,1,0.827103,0.761279,0.761279,0.761279,0.571923,0.57192
130_bNAb_Combinations|1313920|sample|7|nan|1798,0.000384,0.811293,2,7,1,0.927774,0.875461,0.87546,0.875461,-0.611116,-0.611119
130_bNAb_Combinations|1313920|sample|7|nan|1798,0.00192,0.832548,3,7,1,0.920257,0.874682,0.874682,0.874682,-0.401627,-0.401628
130_bNAb_Combinations|1313920|sample|7|nan|1798,0.0096,0.838533,4,7,1,0.819712,0.750558,0.750559,0.750558,0.974352,0.974354
130_bNAb_Combinations|1313920|sample|7|nan|1798,0.048,0.504533,5,7,1,0.572786,0.449886,0.449886,0.449886,0.995733,0.995739
130_bNAb_Combinations|1313920|sample|7|nan|1798,0.24,0.121528,6,7,1,0.210489,0.102205,0.102205,0.102205,1.38656,1.38657
130_bNAb_Combinations|1313920|sample|7|nan|1798,1.2,0.00317308,7,7,1,0.0248033,0.00255471,0.00255471,0.00255471,0.281014,0.281015
130_bNAb_Combinations|1313920|sample|7|nan|1798,6,0.000773603,8,7,1,0.0123137,0.000766007,0.000766007,0.000766007,0.00381732,0.00381715
130_bNAb_Combinations|1313920|sample|8|nan|1798,0.0000768,0.853369,1,8,1,0.827103,0.761279,0.761279,0.761279,1.00587,1.00587
130_bNAb_Combinations|1313920|sample|8|nan|1798,0.000384,0.858752,2,8,1,0.927774,0.875461,0.87546,0.875461,-0.159129,-0.159132
130_bNAb_Combinations|1313920|sample|8|nan|1798,0.00192,0.804488,3,8,1,0.920257,0.874682,0.874682,0.874682,-0.669094,-0.669095
130_bNAb_Combinations|1313920|sample|8|nan|1798,0.0096,0.786951,4,8,1,0.819712,0.750558,0.750559,0.750558,0.40306,0.403062
130_bNAb_Combinations|1313920|sample|8|nan|1798,0.048,0.487829,5,8,1,0.572786,0.449886,0.449886,0.449886,0.691357,0.691362
130_bNAb_Combinations|1313920|sample|8|nan|1798,0.24,0.111628,6,8,1,0.210489,0.102205,0.102205,0.102205,0.676206,0.676215
130_bNAb_Combinations|1313920|sample|8|nan|1798,1.2,0.0031862,7,8,1,0.0248033,0.00255471,0.00255471,0.00255471,0.286972,0.286973
130_bNAb_Combinations|1313920|sample|8|nan|1798,6,0.000694932,8,8,1,0.0123137,0.000766007,0.000766007,0.000766007,-0.0357188,-0.0357189
130_bNAb_Combinations|1313920|sample|9|nan|1798,0.0003648,0.799965,1,9,1,0.815057,0.746272,0.746271,0.746272,0.598017,0.598013
130_bNAb_Combinations|1313920|sample|9|nan|1798,0.001824,0.747006,2,9,1,0.889628,0.826217,0.826217,0.826217,-0.798499,-0.798501
130_bNAb_Combinations|1313920|sample|9|nan|1798,0.00912,0.676214,3,9,1,0.816262,0.739357,0.739357,0.739357,-0.709701,-0.709701
130_bNAb_Combinations|1313920|sample|9|nan|1798,0.0456,0.461861,4,9,1,0.58321,0.461723,0.461724,0.461723,0.00243548,0.00244022
130_bNAb_Combinations|1313920|sample|9|nan|1798,0.228,0.0981493,5,9,1,0.22331,0.112633,0.112633,0.112633,-0.955153,-0.955144
130_bNAb_Combinations|1313920|sample|9|nan|1798,1.14,0.00317308,6,9,1,0.027415,0.00310131,0.00310132,0.00310131,0.0316865,0.0316882
130_bNAb_Combinations|1313920|sample|9|nan|1798,5.7,0.000485141,7,9,1,0.0140302,0.000899608,0.000899608,0.000899608,-0.206655,-0.206655
130_bNAb_Combinations|1313920|sample|9|nan|1798,28.5,0.000563812,8,9,1,0.0123082,0.000765962,0.000765961,0.000765962,-0.101589,-0.10159
130_bNAb_Combinations|1313920|vc|1|2|nan|1798,0,0.838599,1,2,1,0.83399,0.769691,0.769691,0.769691,0.744602,0.744598
130_bNAb_Combinations|1313920|vc|2|2|nan|1798,0,0.91969,2,2,1,0.950069,0.903901,0.9039,0.903901,0.145725,0.145722
130_bNAb_Combinations|1313920|vc|3|2|nan|1798,0,0.872133,3,2,1,0.950069,0.903901,0.9039,0.903901,-0.293198,-0.293201
130_bNAb_Combinations|1313920|vc|4|2|nan|1798,0,0.947723,4,2,1,0.950069,0.903901,0.9039,0.903901,0.404456,0.404453
130_bNAb_Combinations|1313920|vc|5|2|nan|1798,0,1,5,2,1,0.950069,0.903901,0.9039,0.903901,0.886945,0.886941
130_bNAb_Combinations|1313920|vc|6|2|nan|1798,0,0.938505,6,2,1,0.950069,0.903901,0.9039,0.903901,0.319382,0.319379
130_bNAb_Combinations|1313920|vc|7|2|nan|1798,0,0.844873,7,2,1,0.950069,0.903901,0.9039,0.903901,-0.544789,-0.544792
130_bNAb_Combinations|1313920|vc|8|2|nan|1798,0,0.756315,8,2,1,0.83399,0.769691,0.769691,0.769691,-0.144534,-0.144537
130_bNAb_Combinations|1313938|cc|1|1|TRO.11|8301,0,0.000314857,1,1,0,0,0,0,0,0.165744,0.165744
130_bNAb_Combinations|1313938|cc|2|1|TRO.11|8301,0,0.000558156,2,1,0,0,0,0,0,0.293819,0.293819
130_bNAb_Combinations|1313938|cc|3|1|TRO.11|8301,0,0.000586779,3,1,0,0,0,0,0,0.308887,0.308887
130_bNAb_Combinations|1313938|cc|4|1|TRO.11|8301,0,0.000686961,4,1,0,0,0,0,0,0.361624,0.361624
130_bNAb_Combinations|1313938|cc|5|1|TRO.11|8301,0,0.000615402,5,1,0,0,0,0,0,0.323955,0.323955
130_bNAb_Combinations|1313938|cc|6|1|TRO.11|8301,0,0.001102,6,1,0,0,0,0,0,0.580105,0.580105
130_bNAb_Combinations|1313938|cc|7|1|TRO.11|8301,0,0.00120218,7,1,0,0,0,0,0,0.632842,0.632842
130_bNAb_Combinations|1313938|cc|8|1|TRO.11|8301,0,0.000457974,8,1,0,0,0,0,0,0.241083,0.241083
130_bNAb_Combinations|1313938|sample|10|TRO.11|8301,0.0003648,0.972099,1,10,1,0.815057,0.867935,0.867935,0.867935,1.00049,1.00049
130_bNAb_Combinations|1313938|sample|10|TRO.11|8301,0.001824,0.800331,2,10,1,0.889628,0.805064,0.805064,0.805064,-0.0489484,-0.0489485
130_bNAb_Combinations|1313938|sample|10|TRO.11|8301,0.00912,0.620841,3,10,1,0.816262,0.567477,0.567476,0.567477,0.776438,0.776436
130_bNAb_Combinations|1313938|sample|10|TRO.11|8301,0.0456,0.181823,4,10,1,0.577058,0.201245,0.201245,0.201245,-0.758705,-0.75871
130_bNAb_Combinations|1313938|sample|10|TRO.11|8301,0.228,0.00905929,5,10,1,0.220955,0.0115174,0.0115174,0.0115174,-0.754946,-0.75495
130_bNAb_Combinations|1313938|sample|10|TRO.11|8301,1.14,0.000415039,6,10,1,0.027415,0.000260308,0.000260308,0.000260308,0.0801587,0.0801587
130_bNAb_Combinations|1313938|sample|10|TRO.11|8301,5.7,0.000314857,7,10,1,0.0140302,0.000250493,0.000250493,0.000250493,0.0333639,0.0333639
130_bNAb_Combinations|1313938|sample|10|TRO.11|8301,28.5,0.000887324,8,10,1,0.0123082,0.000237768,0.000237768,0.000237768,0.336966,0.336966
130_bNAb_Combinations|1313938|sample|11|TRO.11|8301,0.0003712,0.957351,1,11,1,0.814843,0.915973,0.915974,0.915973,0.376945,0.376947
130_bNAb_Combinations|1313938|sample|11|TRO.11|8301,0.001856,0.926724,2,11,1,0.88896,0.935476,0.935476,0.935476,-0.0780925,-0.0780913
130_bNAb_Combinations|1313938|sample|11|TRO.11|8301,0.00928,0.826421,3,11,1,0.785645,0.846622,0.846622,0.846622,-0.198823,-0.198821
130_bNAb_Combinations|1313938|sample|11|TRO.11|8301,0.0464,0.657393,4,11,1,0.553247,0.614921,0.614921,0.614921,0.571493,0.571498
130_bNAb_Combinations|1313938|sample|11|TRO.11|8301,0.2319999999999999,0.217337,5,11,1,0.209678,0.222731,0.222732,0.222731,-0.191771,-0.191763
130_bNAb_Combinations|1313938|sample|11|TRO.11|8301,1.16,0.00788574,6,11,1,0.0258668,0.00992599,0.00992601,0.00992599,-0.664886,-0.664881
130_bNAb_Combinations|1313938|sample|11|TRO.11|8301,5.8,4.2935e-05,7,11,1,0.0140292,0.000378468,0.000378468,0.000378468,-0.172579,-0.172579
130_bNAb_Combinations|1313938|sample|11|TRO.11|8301,29,0.00034348,8,11,1,0.0123082,0.00035818,0.00035818,0.00035818,-0.00756995,-0.0075699
130_bNAb_Combinations|1313938|sample|12|TRO.11|8301,0.0003712,0.867789,1,12,1,0.814843,0.915973,0.915974,0.915973,-0.438959,-0.438957
130_bNAb_Combinations|1313938|sample|12|TRO.11|8301,0.001856,0.853241,2,12,1,0.780347,0.887956,0.887956,0.887956,-0.326055,-0.326052
130_bNAb_Combinations|1313938|sample|12|TRO.11|8301,0.00928,0.83694,3,12,1,0.689655,0.803616,0.803616,0.803616,0.345186,0.34519
130_bNAb_Combinations|1313938|sample|12|TRO.11|8301,0.0464,0.620225,4,12,1,0.485651,0.583684,0.583685,0.583684,0.517289,0.517294
130_bNAb_Combinations|1313938|sample|12|TRO.11|8301,0.2319999999999999,0.188106,5,12,1,0.18406,0.211417,0.211418,0.211417,-0.869928,-0.86992
130_bNAb_Combinations|1313938|sample|12|TRO.11|8301,1.16,0.00864425,6,12,1,0.0227064,0.00942178,0.0094218,0.00942178,-0.258386,-0.25838
130_bNAb_Combinations|1313938|sample|12|TRO.11|8301,5.8,0,7,12,1,0.0123151,0.000359242,0.000359243,0.000359242,-0.184989,-0.184989
130_bNAb_Combinations|1313938|sample|12|TRO.11|8301,29,0.000143117,8,12,1,0.0123082,0.00035818,0.00035818,0.00035818,-0.110752,-0.110752
130_bNAb_Combinations|1313938|sample|3|TRO.11|8301,0.000064,0.999256,1,3,1,0.827874,0.927082,0.927082,0.927082,0.649748,0.64975
130_bNAb_Combinations|1313938|sample|3|TRO.11|8301,0.00032,1,2,3,1,0.930252,0.973122,0.973122,0.973122,0.23071,0.230711
130_bNAb_Combinations|1313938|sample|3|TRO.11|8301,0.0016,0.897106,3,3,1,0.927306,0.977671,0.977671,0.977671,-0.688369,-0.688368
130_bNAb_Combinations|1313938|sample|3|TRO.11|8301,0.008,0.970361,4,3,1,0.828914,0.948716,0.948716,0.948716,0.190491,0.190491
130_bNAb_Combinations|1313938|sample|3|TRO.11|8301,0.04,0.880483,5,3,1,0.602698,0.87052,0.87052,0.87052,0.0954116,0.0954121
130_bNAb_Combinations|1313938|sample|3|TRO.11|8301,0.2,0.715899,6,3,1,0.248547,0.680992,0.680992,0.680992,0.425183,0.425184
130_bNAb_Combinations|1313938|sample|3|TRO.11|8301,1,0.31236,7,3,1,0.0315145,0.334455,0.334455,0.334455,-0.535165,-0.535164
130_bNAb_Combinations|1313938|sample|3|TRO.11|8301,5,0.0404162,8,3,1,0.0123266,0.0469334,0.0469334,0.0469334,-0.877523,-0.877521
130_bNAb_Combinations|1313938|sample|4|TRO.11|8301,0.000064,0.979763,1,4,1,0.827874,0.927082,0.927082,0.927082,0.474265,0.474267
130_bNAb_Combinations|1313938|sample|4|TRO.11|8301,0.00032,0.958596,2,4,1,0.930252,0.973122,0.973122,0.973122,-0.124683,-0.124682
130_bNAb_Combinations|1313938|sample|4|TRO.11|8301,0.0016,0.947948,3,4,1,0.927306,0.977671,0.977671,0.977671,-0.253956,-0.253956
130_bNAb_Combinations|1313938|sample|4|TRO.11|8301,0.008,0.949609,4,4,1,0.837751,0.953009,0.953009,0.953009,-0.0297976,-0.0297974
130_bNAb_Combinations|1313938|sample|4|TRO.11|8301,0.04,0.862629,5,4,1,0.609124,0.87446,0.87446,0.87446,-0.112803,-0.112803
130_bNAb_Combinations|1313938|sample|4|TRO.11|8301,0.2,0.698095,6,4,1,0.248547,0.680992,0.680992,0.680992,0.208323,0.208324
130_bNAb_Combinations|1313938|sample|4|TRO.11|8301,1,0.273174,7,4,1,0.0315145,0.334455,0.334455,0.334455,-1.48425,-1.48425
130_bNAb_Combinations|1313938|sample|4|TRO.11|8301,5,0.0442374,8,4,1,0.0123266,0.0469334,0.0469334,0.0469334,-0.363009,-0.363007
130_bNAb_Combinations|1313938|sample|5|TRO.11|8301,0.0006144,0.941673,1,5,1,0.807494,0.920927,0.920927,0.920927,0.187989,0.187991
130_bNAb_Combinations|1313938|sample|5|TRO.11|8301,0.003072,0.958739,2,5,1,0.866227,0.954732,0.954732,0.954732,0.0350458,0.0350466
130_bNAb_Combinations|1313938|sample|5|TRO.11|8301,0.01536,0.915761,3,5,1,0.75656,0.925702,0.925702,0.925702,-0.0896187,-0.0896183
130_bNAb_Combinations|1313938|sample|5|TRO.11|8301,0.0768,0.82456,4,5,1,0.470957,0.81519,0.81519,0.81519,0.0957141,0.0957145
130_bNAb_Combinations|1313938|sample|5|TRO.11|8301,0.384,0.514634,5,5,1,0.127317,0.560241,0.560241,0.560241,-0.671907,-0.671906
130_bNAb_Combinations|1313938|sample|5|TRO.11|8301,1.92,0.141399,6,5,1,0.0169785,0.194041,0.194041,0.194041,-2.12683,-2.12683
130_bNAb_Combinations|1313938|sample|5|TRO.11|8301,9.6,0.0210382,7,5,1,0.0140215,0.012491,0.012491,0.012491,2.53573,2.53573
130_bNAb_Combinations|1313938|sample|5|TRO.11|8301,48,0.00739914,8,5,1,0.0123082,0.00239456,0.00239456,0.00239456,2.29393,2.29393
130_bNAb_Combinations|1313938|sample|6|TRO.11|8301,0.0006144,0.9722,1,6,1,0.807494,0.920927,0.920927,0.920927,0.464615,0.464617
130_bNAb_Combinations|1313938|sample|6|TRO.11|8301,0.003072,0.899854,2,6,1,0.866227,0.954732,0.954732,0.954732,-0.479977,-0.479977
130_bNAb_Combinations|1313938|sample|6|TRO.11|8301,0.01536,0.850665,3,6,1,0.75656,0.925702,0.925702,0.925702,-0.676516,-0.676516
130_bNAb_Combinations|1313938|sample|6|TRO.11|8301,0.0768,0.801476,4,6,1,0.470957,0.81519,0.81519,0.81519,-0.14008,-0.14008
130_bNAb_Combinations|1313938|sample|6|TRO.11|8301,0.384,0.527478,5,6,1,0.127317,0.560241,0.560241,0.560241,-0.482672,-0.482672
130_bNAb_Combinations|1313938|sample|6|TRO.11|8301,1.92,0.143947,6,6,1,0.0169785,0.194041,0.194041,0.194041,-2.02391,-2.02391
130_bNAb_Combinations|1313938|sample|6|TRO.11|8301,9.6,0.0206374,7,6,1,0.0140215,0.012491,0.012491,0.012491,2.41685,2.41685
130_bNAb_Combinations|1313938|sample|6|TRO.11|8301,48,0.00800023,8,6,1,0.0123082,0.00239456,0.00239456,0.00239456,2.56945,2.56945
130_bNAb_Combinations|1313938|sample|7|TRO.11|8301,0.0000768,0.947047,1,7,1,0.827103,0.906515,0.906515,0.906515,0.373026,0.373028
130_bNAb_Combinations|1313938|sample|7|TRO.11|8301,0.000384,0.922266,2,7,1,0.927774,0.912259,0.912259,0.912259,0.091525,0.0915254
130_bNAb_Combinations|1313938|sample|7|TRO.11|8301,0.00192,0.797075,3,7,1,0.920257,0.811924,0.811924,0.811924,-0.15227,-0.152271
130_bNAb_Combinations|1313938|sample|7|TRO.11|8301,0.0096,0.572639,4,7,1,0.819712,0.559264,0.559264,0.559264,0.197383,0.197381
130_bNAb_Combinations|1313938|sample|7|TRO.11|8301,0.048,0.211555,5,7,1,0.572786,0.191553,0.191553,0.191553,0.817812,0.817807
130_bNAb_Combinations|1313938|sample|7|TRO.11|8301,0.24,0.00928828,6,7,1,0.210489,0.00997543,0.00997542,0.00997543,-0.223501,-0.223505
130_bNAb_Combinations|1313938|sample|7|TRO.11|8301,1.2,0.000157428,7,7,1,0.0248033,0.000254572,0.000254572,0.000254572,-0.0503428,-0.0503428
130_bNAb_Combinations|1313938|sample|7|TRO.11|8301,6,0.001102,8,7,1,0.0123137,0.000237768,0.000237768,0.000237768,0.448332,0.448332
130_bNAb_Combinations|1313938|sample|8|TRO.11|8301,0.0000768,0.992465,1,8,1,0.827103,0.906515,0.906515,0.906515,0.791022,0.791023
130_bNAb_Combinations|1313938|sample|8|TRO.11|8301,0.000384,0.918846,2,8,1,0.927774,0.912259,0.912259,0.912259,0.06024,0.0602404
130_bNAb_Combinations|1313938|sample|8|TRO.11|8301,0.00192,0.798592,3,8,1,0.920257,0.811924,0.811924,0.811924,-0.136714,-0.136714
130_bNAb_Combinations|1313938|sample|8|TRO.11|8301,0.0096,0.614093,4,8,1,0.819712,0.559264,0.559264,0.559264,0.809136,0.809133
130_bNAb_Combinations|1313938|sample|8|TRO.11|8301,0.048,0.216235,5,8,1,0.572786,0.191553,0.191553,0.191553,1.00916,1.00915
130_bNAb_Combinations|1313938|sample|8|TRO.11|8301,0.24,0.0118501,6,8,1,0.210489,0.00997543,0.00997542,0.00997543,0.609757,0.609752
130_bNAb_Combinations|1313938|sample|8|TRO.11|8301,1.2,0.000787142,7,8,1,0.0248033,0.000254572,0.000254572,0.000254572,0.275995,0.275995
130_bNAb_Combinations|1313938|sample|8|TRO.11|8301,6,0.000543844,8,8,1,0.0123137,0.000237768,0.000237768,0.000237768,0.158781,0.158781
130_bNAb_Combinations|1313938|sample|9|TRO.11|8301,0.0003648,0.965087,1,9,1,0.815057,0.867935,0.867935,0.867935,0.93313,0.933131
130_bNAb_Combinations|1313938|sample|9|TRO.11|8301,0.001824,0.834471,2,9,1,0.889628,0.805064,0.805064,0.805064,0.304073,0.304073
130_bNAb_Combinations|1313938|sample|9|TRO.11|8301,0.00912,0.637786,3,9,1,0.816262,0.567477,0.567476,0.567477,1.02298,1.02298
130_bNAb_Combinations|1313938|sample|9|TRO.11|8301,0.0456,0.173393,4,9,1,0.58321,0.202156,0.202156,0.202156,-1.11888,-1.11889
130_bNAb_Combinations|1313938|sample|9|TRO.11|8301,0.228,0.00868719,5,9,1,0.22331,0.0115696,0.0115695,0.0115696,-0.883571,-0.883575
130_bNAb_Combinations|1313938|sample|9|TRO.11|8301,1.14,0.00025761,6,9,1,0.027415,0.000260308,0.000260308,0.000260308,-0.00139734,-0.00139734
130_bNAb_Combinations|1313938|sample|9|TRO.11|8301,5.7,0.000543844,7,9,1,0.0140302,0.000250493,0.000250493,0.000250493,0.152062,0.152062
130_bNAb_Combinations|1313938|sample|9|TRO.11|8301,28.5,0.00104475,8,9,1,0.0123082,0.000237768,0.000237768,0.000237768,0.418635,0.418635
130_bNAb_Combinations|1313938|vc|1|2|TRO.11|8301,0,0.914116,1,2,1,0.83399,0.928906,0.928907,0.928906,-0.132901,-0.132899
130_bNAb_Combinations|1313938|vc|2|2|TRO.11|8301,0,0.902924,2,2,1,0.950069,0.978618,0.978618,0.978618,-0.646136,-0.646135
130_bNAb_Combinations|1313938|vc|3|2|TRO.11|8301,0,0.968414,3,2,1,0.950069,0.978618,0.978618,0.978618,-0.0870987,-0.087098
130_bNAb_Combinations|1313938|vc|4|2|TRO.11|8301,0,0.926266,4,2,1,0.950069,0.978618,0.978618,0.978618,-0.446881,-0.44688
130_bNAb_Combinations|1313938|vc|5|2|TRO.11|8301,0,0.902967,5,2,1,0.950069,0.978618,0.978618,0.978618,-0.645769,-0.645769
130_bNAb_Combinations|1313938|vc|6|2|TRO.11|8301,0,0.92744,6,2,1,0.950069,0.978618,0.978618,0.978618,-0.436863,-0.436863
130_bNAb_Combinations|1313938|vc|7|2|TRO.11|8301,0,0.886129,7,2,1,0.950069,0.978618,0.978618,0.978618,-0.789499,-0.789498
130_bNAb_Combinations|1313938|vc|8|2|TRO.11|8301,0,0.777732,8,2,1,0.83399,0.928906,0.928907,0.928906,-1.35833,-1.35833
130_bNAb_Combinations|1313956|cc|1|1|Ce1176_A3|7023,0,0.000508745,1,1,0,0,0,0,0,0.267809,0.267809
130_bNAb_Combinations|1313956|cc|2|1|Ce1176_A3|7023,0,0.000481245,2,1,0,0,0,0,0,0.253333,0.253333
130_bNAb_Combinations|1313956|cc|3|1|Ce1176_A3|7023,0,0.000632494,3,1,0,0,0,0,0,0.332952,0.332952
130_bNAb_Combinations|1313956|cc|4|1|Ce1176_A3|7023,0,0.00112749,4,1,0,0,0,0,0,0.593523,0.593523
130_bNAb_Combinations|1313956|cc|5|1|Ce1176_A3|7023,0,0.00140249,5,1,0,0,0,0,0,0.738284,0.738284
130_bNAb_Combinations|1313956|cc|6|1|Ce1176_A3|7023,0,0.00147124,6,1,0,0,0,0,0,0.774475,0.774475
130_bNAb_Combinations|1313956|cc|7|1|Ce1176_A3|7023,0,0.00120999,7,1,0,0,0,0,0,0.636951,0.636951
130_bNAb_Combinations|1313956|cc|8|1|Ce1176_A3|7023,0,0.00149874,8,1,0,0,0,0,0,0.788951,0.788951
130_bNAb_Combinations|1313956|sample|10|Ce1176_A3|7023,0.0003648,0.703622,1,10,1,0.815057,0.686533,0.686533,0.686533,0.206506,0.206503
130_bNAb_Combinations|1313956|sample|10|Ce1176_A3|7023,0.001824,0.749608,2,10,1,0.889628,0.74454,0.744539,0.74454,0.0565825,0.0565793
130_bNAb_Combinations|1313956|sample|10|Ce1176_A3|7023,0.00912,0.514314,3,10,1,0.816262,0.595354,0.595354,0.595354,-1.12536,-1.12536
130_bNAb_Combinations|1313956|sample|10|Ce1176_A3|7023,0.0456,0.208599,4,10,1,0.577058,0.227725,0.227725,0.227725,-0.665982,-0.665981
130_bNAb_Combinations|1313956|sample|10|Ce1176_A3|7023,0.228,0.00944616,5,10,1,0.220955,0.0119333,0.0119333,0.0119333,-0.752529,-0.752528
130_bNAb_Combinations|1313956|sample|10|Ce1176_A3|7023,1.14,0.000343747,6,10,1,0.027415,0.000352329,0.000352329,0.000352329,-0.00442135,-0.00442142
130_bNAb_Combinations|1313956|sample|10|Ce1176_A3|7023,5.7,0.000233748,7,10,1,0.0140302,0.000323389,0.000323389,0.000323389,-0.0462609,-0.046261
130_bNAb_Combinations|1313956|sample|10|Ce1176_A3|7023,28.5,0.000398746,8,10,1,0.0123082,0.00027121,0.00027121,0.00027121,0.0660263,0.0660263
130_bNAb_Combinations|1313956|sample|11|Ce1176_A3|7023,0.0003712,0.688607,1,11,1,0.814843,0.708097,0.708097,0.708097,-0.228513,-0.228516
130_bNAb_Combinations|1313956|sample|11|Ce1176_A3|7023,0.001856,0.732462,2,11,1,0.88896,0.825525,0.825525,0.825525,-0.938898,-0.938901
130_bNAb_Combinations|1313956|sample|11|Ce1176_A3|7023,0.00928,0.765771,3,11,1,0.785645,0.773982,0.773981,0.773982,-0.0882369,-0.0882405
130_bNAb_Combinations|1313956|sample|11|Ce1176_A3|7023,0.0464,0.662853,4,11,1,0.553247,0.64376,0.643759,0.64376,0.245697,0.245693
130_bNAb_Combinations|1313956|sample|11|Ce1176_A3|7023,0.2319999999999999,0.428576,5,11,1,0.209678,0.381265,0.381265,0.381265,1.01092,1.01092
130_bNAb_Combinations|1313956|sample|11|Ce1176_A3|7023,1.16,0.0788005,6,11,1,0.0258668,0.0881447,0.0881447,0.0881447,-0.760917,-0.76092
130_bNAb_Combinations|1313956|sample|11|Ce1176_A3|7023,5.8,0.00151248,7,11,1,0.0140292,0.00308074,0.00308074,0.00308074,-0.693161,-0.693162
130_bNAb_Combinations|1313956|sample|11|Ce1176_A3|7023,29,0.000233748,8,11,1,0.0123082,0.00128784,0.00128784,0.00128784,-0.513862,-0.513862
130_bNAb_Combinations|1313956|sample|12|Ce1176_A3|7023,0.0003712,0.632164,1,12,1,0.814843,0.708097,0.708097,0.708097,-0.890293,-0.890296
130_bNAb_Combinations|1313956|sample|12|Ce1176_A3|7023,0.001856,0.613698,2,12,1,0.780347,0.692325,0.692325,0.692325,-0.942405,-0.942408
130_bNAb_Combinations|1313956|sample|12|Ce1176_A3|7023,0.00928,0.591375,3,12,1,0.689655,0.649098,0.649098,0.649098,-0.736815,-0.736818
130_bNAb_Combinations|1313956|sample|12|Ce1176_A3|7023,0.0464,0.519222,4,12,1,0.485651,0.539888,0.539888,0.539888,-0.315597,-0.3156
130_bNAb_Combinations|1313956|sample|12|Ce1176_A3|7023,0.2319999999999999,0.330526,5,12,1,0.18406,0.319747,0.319747,0.319747,0.272497,0.272495
130_bNAb_Combinations|1313956|sample|12|Ce1176_A3|7023,1.16,0.0625069,6,12,1,0.0227064,0.0739224,0.0739224,0.0739224,-1.0764,-1.0764
130_bNAb_Combinations|1313956|sample|12|Ce1176_A3|7023,5.8,0.00237873,7,12,1,0.0123151,0.00258366,0.00258366,0.00258366,-0.0929837,-0.0929843
130_bNAb_Combinations|1313956|sample|12|Ce1176_A3|7023,29,0.000769992,8,12,1,0.0123082,0.00128784,0.00128784,0.00128784,-0.252448,-0.252448
130_bNAb_Combinations|1313956|sample|3|Ce1176_A3|7023,0.000064,0.742974,1,3,1,0.827874,0.715659,0.715659,0.715659,0.316953,0.316949
130_bNAb_Combinations|1313956|sample|3|Ce1176_A3|7023,0.00032,0.893054,2,3,1,0.930252,0.85093,0.85093,0.85093,0.41253,0.412525
130_bNAb_Combinations|1313956|sample|3|Ce1176_A3|7023,0.0016,0.908543,3,3,1,0.927306,0.91375,0.91375,0.91375,-0.0475511,-0.0475547
130_bNAb_Combinations|1313956|sample|3|Ce1176_A3|7023,0.008,0.937844,4,3,1,0.828914,0.891706,0.891706,0.891706,0.431545,0.43154
130_bNAb_Combinations|1313956|sample|3|Ce1176_A3|7023,0.04,0.777115,5,3,1,0.602698,0.830705,0.830704,0.830705,-0.537348,-0.537355
130_bNAb_Combinations|1313956|sample|3|Ce1176_A3|7023,0.2,0.561758,6,3,1,0.248547,0.680563,0.680562,0.680563,-1.448,-1.44801
130_bNAb_Combinations|1313956|sample|3|Ce1176_A3|7023,1,0.368964,7,3,1,0.0315145,0.382816,0.382815,0.382816,-0.294811,-0.294829
130_bNAb_Combinations|1313956|sample|3|Ce1176_A3|7023,5,0.208888,8,3,1,0.0123266,0.16388,0.16388,0.16388,2.12307,2.12306
130_bNAb_Combinations|1313956|sample|4|Ce1176_A3|7023,0.000064,0.71326,1,4,1,0.827874,0.715659,0.715659,0.715659,-0.0278291,-0.0278326
130_bNAb_Combinations|1313956|sample|4|Ce1176_A3|7023,0.00032,0.883119,2,4,1,0.930252,0.85093,0.85093,0.85093,0.31524,0.315236
130_bNAb_Combinations|1313956|sample|4|Ce1176_A3|7023,0.0016,0.934819,3,4,1,0.927306,0.91375,0.91375,0.91375,0.192392,0.192389
130_bNAb_Combinations|1313956|sample|4|Ce1176_A3|7023,0.008,0.950487,4,4,1,0.837751,0.92671,0.92671,0.92671,0.214137,0.214134
130_bNAb_Combinations|1313956|sample|4|Ce1176_A3|7023,0.04,0.817519,5,4,1,0.609124,0.863314,0.863313,0.863314,-0.442164,-0.442169
130_bNAb_Combinations|1313956|sample|4|Ce1176_A3|7023,0.2,0.59253,6,4,1,0.248547,0.680563,0.680562,0.680563,-1.07295,-1.07295
130_bNAb_Combinations|1313956|sample|4|Ce1176_A3|7023,1,0.33859,7,4,1,0.0315145,0.382816,0.382815,0.382816,-0.941295,-0.941311
130_bNAb_Combinations|1313956|sample|4|Ce1176_A3|7023,5,0.207004,8,4,1,0.0123266,0.16388,0.16388,0.16388,2.03422,2.0342
130_bNAb_Combinations|1313956|sample|5|Ce1176_A3|7023,0.0006144,0.687672,1,5,1,0.807494,0.711951,0.711951,0.711951,-0.283156,-0.283159
130_bNAb_Combinations|1313956|sample|5|Ce1176_A3|7023,0.003072,0.893274,2,5,1,0.866227,0.83805,0.838049,0.83805,0.548982,0.548977
130_bNAb_Combinations|1313956|sample|5|Ce1176_A3|7023,0.01536,0.886089,3,5,1,0.75656,0.873901,0.8739,0.873901,0.116287,0.116282
130_bNAb_Combinations|1313956|sample|5|Ce1176_A3|7023,0.0768,0.71535,4,5,1,0.470957,0.814882,0.814881,0.814882,-1.01702,-1.01702
130_bNAb_Combinations|1313956|sample|5|Ce1176_A3|7023,0.384,0.488319,5,5,1,0.127317,0.606055,0.606054,0.606055,-1.6068,-1.60681
130_bNAb_Combinations|1313956|sample|5|Ce1176_A3|7023,1.92,0.393054,6,5,1,0.0169785,0.307448,0.307447,0.307448,2.24648,2.24646
130_bNAb_Combinations|1313956|sample|5|Ce1176_A3|7023,9.6,0.204928,7,5,1,0.0140215,0.176352,0.176352,0.176352,1.26061,1.26061
130_bNAb_Combinations|1313956|sample|5|Ce1176_A3|7023,48,0.100326,8,5,1,0.0123082,0.144641,0.144641,0.144641,-2.34056,-2.34056
130_bNAb_Combinations|1313956|sample|6|Ce1176_A3|7023,0.0006144,0.700267,1,6,1,0.807494,0.711951,0.711951,0.711951,-0.136266,-0.13627
130_bNAb_Combinations|1313956|sample|6|Ce1176_A3|7023,0.003072,0.779562,2,6,1,0.866227,0.83805,0.838049,0.83805,-0.581417,-0.581422
130_bNAb_Combinations|1313956|sample|6|Ce1176_A3|7023,0.01536,0.830994,3,6,1,0.75656,0.873901,0.8739,0.873901,-0.409354,-0.409359
130_bNAb_Combinations|1313956|sample|6|Ce1176_A3|7023,0.0768,0.671062,4,6,1,0.470957,0.814882,0.814881,0.814882,-1.46956,-1.46957
130_bNAb_Combinations|1313956|sample|6|Ce1176_A3|7023,0.384,0.520893,5,6,1,0.127317,0.606055,0.606054,0.606055,-1.16225,-1.16226
130_bNAb_Combinations|1313956|sample|6|Ce1176_A3|7023,1.92,0.352251,6,6,1,0.0169785,0.307448,0.307447,0.307448,1.17573,1.17572
130_bNAb_Combinations|1313956|sample|6|Ce1176_A3|7023,9.6,0.186758,7,6,1,0.0140215,0.176352,0.176352,0.176352,0.459027,0.459022
130_bNAb_Combinations|1313956|sample|6|Ce1176_A3|7023,48,0.0915191,8,6,1,0.0123082,0.144641,0.144641,0.144641,-2.8057,-2.8057
130_bNAb_Combinations|1313956|sample|7|Ce1176_A3|7023,0.0000768,0.644896,1,7,1,0.827103,0.7068,0.7068,0.7068,-0.727104,-0.727107
130_bNAb_Combinations|1313956|sample|7|Ce1176_A3|7023,0.000384,0.807536,2,7,1,0.927774,0.817288,0.817288,0.817288,-0.0993533,-0.0993569
130_bNAb_Combinations|1313956|sample|7|Ce1176_A3|7023,0.00192,0.874608,3,7,1,0.920257,0.802009,0.802008,0.802009,0.753502,0.7535
130_bNAb_Combinations|1313956|sample|7|Ce1176_A3|7023,0.0096,0.712752,4,7,1,0.819712,0.608525,0.608525,0.608525,1.41682,1.41682
130_bNAb_Combinations|1313956|sample|7|Ce1176_A3|7023,0.048,0.234181,5,7,1,0.572786,0.224598,0.224598,0.224598,0.338023,0.338025
130_bNAb_Combinations|1313956|sample|7|Ce1176_A3|7023,0.24,0.0112199,6,7,1,0.210489,0.0102293,0.0102293,0.0102293,0.319089,0.31909
130_bNAb_Combinations|1313956|sample|7|Ce1176_A3|7023,1.2,0.000769992,7,7,1,0.0248033,0.000324679,0.000324679,0.000324679,0.229793,0.229793
130_bNAb_Combinations|1313956|sample|7|Ce1176_A3|7023,6,0.000536245,8,7,1,0.0123137,0.00027121,0.00027121,0.00027121,0.13721,0.13721
130_bNAb_Combinations|1313956|sample|8|Ce1176_A3|7023,0.0000768,0.696355,1,8,1,0.827103,0.7068,0.7068,0.7068,-0.122681,-0.122685
130_bNAb_Combinations|1313956|sample|8|Ce1176_A3|7023,0.000384,0.873701,2,8,1,0.927774,0.817288,0.817288,0.817288,0.574768,0.574764
130_bNAb_Combinations|1313956|sample|8|Ce1176_A3|7023,0.00192,0.872793,3,8,1,0.920257,0.802009,0.802008,0.802009,0.734665,0.734662
130_bNAb_Combinations|1313956|sample|8|Ce1176_A3|7023,0.0096,0.757666,4,8,1,0.819712,0.608525,0.608525,0.608525,2.02736,2.02736
130_bNAb_Combinations|1313956|sample|8|Ce1176_A3|7023,0.048,0.240416,5,8,1,0.572786,0.224598,0.224598,0.224598,0.557974,0.557976
130_bNAb_Combinations|1313956|sample|8|Ce1176_A3|7023,0.24,0.0117424,6,8,1,0.210489,0.0102293,0.0102293,0.0102293,0.487401,0.487402
130_bNAb_Combinations|1313956|sample|8|Ce1176_A3|7023,1.2,0.000178748,7,8,1,0.0248033,0.000324679,0.000324679,0.000324679,-0.0753038,-0.0753038
130_bNAb_Combinations|1313956|sample|8|Ce1176_A3|7023,6,0.000316247,8,8,1,0.0123137,0.00027121,0.00027121,0.00027121,0.0233159,0.0233159
130_bNAb_Combinations|1313956|sample|9|Ce1176_A3|7023,0.0003648,0.758106,1,9,1,0.815057,0.686533,0.686533,0.686533,0.864918,0.864914
130_bNAb_Combinations|1313956|sample|9|Ce1176_A3|7023,0.001824,0.682688,2,9,1,0.889628,0.74454,0.744539,0.74454,-0.690452,-0.690455
130_bNAb_Combinations|1313956|sample|9|Ce1176_A3|7023,0.00912,0.715818,3,9,1,0.816262,0.595354,0.595354,0.595354,1.67282,1.67282
130_bNAb_Combinations|1313956|sample|9|Ce1176_A3|7023,0.0456,0.196719,4,9,1,0.58321,0.236664,0.236664,0.236664,-1.34175,-1.34175
130_bNAb_Combinations|1313956|sample|9|Ce1176_A3|7023,0.228,0.00966615,5,9,1,0.22331,0.0124017,0.0124017,0.0124017,-0.814112,-0.81411
130_bNAb_Combinations|1313956|sample|9|Ce1176_A3|7023,1.14,0.000756242,6,9,1,0.027415,0.000352329,0.000352329,0.000352329,0.20808,0.20808
130_bNAb_Combinations|1313956|sample|9|Ce1176_A3|7023,5.7,0.000439996,7,9,1,0.0140302,0.000323389,0.000323389,0.000323389,0.0601764,0.0601764
130_bNAb_Combinations|1313956|sample|9|Ce1176_A3|7023,28.5,0,8,9,1,0.0123082,0.00027121,0.00027121,0.00027121,-0.140407,-0.140407
130_bNAb_Combinations|1313956|vc|1|2|Ce1176_A3|7023,0,0.749127,1,2,1,0.83399,0.716706,0.716705,0.716706,0.375667,0.375663
130_bNAb_Combinations|1313956|vc|2|2|Ce1176_A3|7023,0,0.930921,2,2,1,0.950069,0.854596,0.854596,0.854596,0.744322,0.744317
130_bNAb_Combinations|1313956|vc|3|2|Ce1176_A3|7023,0,1,3,2,1,0.950069,0.854596,0.854596,0.854596,1.41799,1.41798
130_bNAb_Combinations|1313956|vc|4|2|Ce1176_A3|7023,0,0.968987,4,2,1,0.950069,0.854596,0.854596,0.854596,1.11555,1.11554
130_bNAb_Combinations|1313956|vc|5|2|Ce1176_A3|7023,0,0.924369,5,2,1,0.950069,0.854596,0.854596,0.854596,0.680428,0.680424
130_bNAb_Combinations|1313956|vc|6|2|Ce1176_A3|7023,0,0.980379,6,2,1,0.950069,0.854596,0.854596,0.854596,1.22664,1.22664
130_bNAb_Combinations|1313956|vc|7|2|Ce1176_A3|7023,0,0.892036,7,2,1,0.950069,0.854596,0.854596,0.854596,0.365118,0.365113
130_bNAb_Combinations|1313956|vc|8|2|Ce1176_A3|7023,0,0.653015,8,2,1,0.83399,0.716706,0.716705,0.716706,-0.737976,-0.737979
130_bNAb_Combinations|1313974|cc|1|1|nan|1176,0,0,1,1,0,0,0,0,0,0,0
130_bNAb_Combinations|1313974|cc|2|1|nan|1176,0,0.00187935,2,1,0,0,0,0,0,0.989309,0.989309
130_bNAb_Combinations|1313974|cc|3|1|nan|1176,0,0.00338282,3,1,0,0,0,0,0,1.78076,1.78076
130_bNAb_Combinations|1313974|cc|4|1|nan|1176,0,0.00250579,4,1,0,0,0,0,0,1.31908,1.31908
130_bNAb_Combinations|1313974|cc|5|1|nan|1176,0,0.00425985,5,1,0,0,0,0,0,2.24243,2.24243
130_bNAb_Combinations|1313974|cc|6|1|nan|1176,0,0.00200464,6,1,0,0,0,0,0,1.05526,1.05526
130_bNAb_Combinations|1313974|cc|7|1|nan|1176,0,0.00701623,7,1,0,0,0,0,0,3.69342,3.69342
130_bNAb_Combinations|1313974|cc|8|1|nan|1176,0,0.00275637,8,1,0,0,0,0,0,1.45099,1.45099
130_bNAb_Combinations|1313974|sample|10|nan|1176,0.0003648,0.564806,1,10,1,0.815057,0.607909,0.607909,0.607909,-0.586503,-0.586507
130_bNAb_Combinations|1313974|sample|10|nan|1176,0.001824,0.969555,2,10,1,0.889628,0.811227,0.811226,0.811227,1.62496,1.62496
130_bNAb_Combinations|1313974|sample|10|nan|1176,0.00912,0.987972,3,10,1,0.816262,0.891497,0.891497,0.891497,0.90258,0.902579
130_bNAb_Combinations|1313974|sample|10|nan|1176,0.0456,0.768277,4,10,1,0.577058,0.847826,0.847826,0.847826,-0.781845,-0.781845
130_bNAb_Combinations|1313974|sample|10|nan|1176,0.228,0.6812,5,10,1,0.220955,0.735545,0.735545,0.735545,-0.613907,-0.613905
130_bNAb_Combinations|1313974|sample|10|nan|1176,1.14,0.388273,6,10,1,0.027415,0.49805,0.49805,0.49805,-1.8129,-1.81289
130_bNAb_Combinations|1313974|sample|10|nan|1176,5.7,0.221387,7,10,1,0.0140302,0.177124,0.177124,0.177124,1.94485,1.94486
130_bNAb_Combinations|1313974|sample|10|nan|1176,28.5,0.0676565,8,10,1,0.0123082,0.0559668,0.0559668,0.0559668,1.37676,1.37676
130_bNAb_Combinations|1313974|sample|11|nan|1176,0.0003712,0.686964,1,11,1,0.814843,0.592512,0.592512,0.592512,1.31773,1.31772
130_bNAb_Combinations|1313974|sample|11|nan|1176,0.001856,0.787446,2,11,1,0.88896,0.752011,0.752011,0.752011,0.391709,0.391708
130_bNAb_Combinations|1313974|sample|11|nan|1176,0.00928,0.683957,3,11,1,0.785645,0.63738,0.63738,0.63738,0.605187,0.605187
130_bNAb_Combinations|1313974|sample|11|nan|1176,0.0464,0.431373,4,11,1,0.553247,0.393289,0.393289,0.393289,0.789844,0.789845
130_bNAb_Combinations|1313974|sample|11|nan|1176,0.2319999999999999,0.127921,5,11,1,0.209678,0.0998399,0.0998399,0.0998399,2.05608,2.05608
130_bNAb_Combinations|1313974|sample|11|nan|1176,1.16,0.00889557,6,11,1,0.0258668,0.00731938,0.00731938,0.00731938,0.570745,0.570745
130_bNAb_Combinations|1313974|sample|11|nan|1176,5.8,0.00664036,7,11,1,0.0140292,0.0055314,0.0055314,0.0055314,0.434702,0.434702
130_bNAb_Combinations|1313974|sample|11|nan|1176,29,0.0085197,8,11,1,0.0123082,0.00411959,0.00411958,0.00411959,1.84506,1.84506
130_bNAb_Combinations|1313974|sample|12|nan|1176,0.0003712,0.62507,1,12,1,0.814843,0.592512,0.592512,0.592512,0.454237,0.454233
130_bNAb_Combinations|1313974|sample|12|nan|1176,0.001856,0.659149,2,12,1,0.780347,0.560077,0.560077,0.560077,1.45999,1.45999
130_bNAb_Combinations|1313974|sample|12|nan|1176,0.00928,0.546764,3,12,1,0.689655,0.474703,0.474703,0.474703,1.24665,1.24665
130_bNAb_Combinations|1313974|sample|12|nan|1176,0.0464,0.27877,4,12,1,0.485651,0.292911,0.292911,0.292911,-0.38855,-0.388551
130_bNAb_Combinations|1313974|sample|12|nan|1176,0.2319999999999999,0.0630207,5,12,1,0.18406,0.074358,0.074358,0.074358,-1.06388,-1.06387
130_bNAb_Combinations|1313974|sample|12|nan|1176,1.16,0.00413456,6,12,1,0.0227064,0.00545127,0.00545127,0.00545127,-0.518056,-0.518057
130_bNAb_Combinations|1313974|sample|12|nan|1176,5.8,0.0072668,7,12,1,0.0123151,0.00411963,0.00411963,0.00411963,1.31967,1.31967
130_bNAb_Combinations|1313974|sample|12|nan|1176,29,0.00375869,8,12,1,0.0123082,0.00411959,0.00411958,0.00411959,-0.15133,-0.151331
130_bNAb_Combinations|1313974|sample|3|nan|1176,0.000064,0.544885,1,3,1,0.827874,0.601895,0.601895,0.601895,-0.783286,-0.78329
130_bNAb_Combinations|1313974|sample|3|nan|1176,0.00032,0.833553,2,3,1,0.930252,0.788464,0.788464,0.788464,0.475844,0.475842
130_bNAb_Combinations|1313974|sample|3|nan|1176,0.0016,0.76765,3,3,1,0.927306,0.821845,0.821845,0.821845,-0.549168,-0.549169
130_bNAb_Combinations|1313974|sample|3|nan|1176,0.008,0.763766,4,3,1,0.828914,0.67264,0.67264,0.67264,1.12344,1.12343
130_bNAb_Combinations|1313974|sample|3|nan|1176,0.04,0.33966,5,3,1,0.602698,0.38495,0.38495,0.38495,-0.958838,-0.958838
130_bNAb_Combinations|1313974|sample|3|nan|1176,0.2,0.074798,6,3,1,0.248547,0.0972795,0.0972795,0.0972795,-1.68326,-1.68326
130_bNAb_Combinations|1313974|sample|3|nan|1176,1,0.0275637,7,3,1,0.0315145,0.0277586,0.0277586,0.0277586,-0.0376935,-0.0376949
130_bNAb_Combinations|1313974|sample|3|nan|1176,5,0.0219257,8,3,1,0.0123266,0.0201847,0.0201847,0.0201847,0.407092,0.40709
130_bNAb_Combinations|1313974|sample|4|nan|1176,0.000064,0.596254,1,4,1,0.827874,0.601895,0.601895,0.601895,-0.0775049,-0.0775094
130_bNAb_Combinations|1313974|sample|4|nan|1176,0.00032,0.751363,2,4,1,0.930252,0.788464,0.788464,0.788464,-0.391555,-0.391557
130_bNAb_Combinations|1313974|sample|4|nan|1176,0.0016,0.81952,3,4,1,0.927306,0.821845,0.821845,0.821845,-0.0235606,-0.0235613
130_bNAb_Combinations|1313974|sample|4|nan|1176,0.008,0.746852,4,4,1,0.837751,0.705711,0.705711,0.705711,0.483968,0.483967
130_bNAb_Combinations|1313974|sample|4|nan|1176,0.04,0.327758,5,4,1,0.609124,0.403877,0.403877,0.403877,-1.5389,-1.5389
130_bNAb_Combinations|1313974|sample|4|nan|1176,0.2,0.106747,6,4,1,0.248547,0.0972795,0.0972795,0.0972795,0.708851,0.70885
130_bNAb_Combinations|1313974|sample|4|nan|1176,1,0.0308213,7,4,1,0.0315145,0.0277586,0.0277586,0.0277586,0.59255,0.592548
130_bNAb_Combinations|1313974|sample|4|nan|1176,5,0.0120278,8,4,1,0.0123266,0.0201847,0.0201847,0.0201847,-1.90726,-1.90726
130_bNAb_Combinations|1313974|sample|5|nan|1176,0.0006144,0.585729,1,5,1,0.807494,0.575517,0.575517,0.575517,0.146571,0.146567
130_bNAb_Combinations|1313974|sample|5|nan|1176,0.003072,0.613794,2,5,1,0.866227,0.693799,0.693799,0.693799,-0.956925,-0.956926
130_bNAb_Combinations|1313974|sample|5|nan|1176,0.01536,0.526467,3,5,1,0.75656,0.572153,0.572153,0.572153,-0.65943,-0.65943
130_bNAb_Combinations|1313974|sample|5|nan|1176,0.0768,0.174278,4,5,1,0.470957,0.261863,0.261863,0.261863,-2.67529,-2.67529
130_bNAb_Combinations|1313974|sample|5|nan|1176,0.384,0.0800601,5,5,1,0.127317,0.0504641,0.0504641,0.0504641,3.77373,3.77373
130_bNAb_Combinations|1313974|sample|5|nan|1176,1.92,0.03458,6,5,1,0.0169785,0.0303363,0.0303363,0.0303363,0.775481,0.77548
130_bNAb_Combinations|1313974|sample|5|nan|1176,9.6,0.0281902,7,5,1,0.0140215,0.0271018,0.0271018,0.0271018,0.21377,0.213769
130_bNAb_Combinations|1313974|sample|5|nan|1176,48,0.00826912,8,5,1,0.0123082,0.0201847,0.0201847,0.0201847,-2.78613,-2.78613
130_bNAb_Combinations|1313974|sample|6|nan|1176,0.0006144,0.51469,1,6,1,0.807494,0.575517,0.575517,0.575517,-0.872988,-0.872992
130_bNAb_Combinations|1313974|sample|6|nan|1176,0.003072,0.808369,2,6,1,0.866227,0.693799,0.693799,0.693799,1.37036,1.37035
130_bNAb_Combinations|1313974|sample|6|nan|1176,0.01536,0.47986,3,6,1,0.75656,0.572153,0.572153,0.572153,-1.33217,-1.33217
130_bNAb_Combinations|1313974|sample|6|nan|1176,0.0768,0.164756,4,6,1,0.470957,0.261863,0.261863,0.261863,-2.96614,-2.96614
130_bNAb_Combinations|1313974|sample|6|nan|1176,0.384,0.0816889,5,6,1,0.127317,0.0504641,0.0504641,0.0504641,3.98141,3.98141
130_bNAb_Combinations|1313974|sample|6|nan|1176,1.92,0.045856,6,6,1,0.0169785,0.0303363,0.0303363,0.0303363,2.83607,2.83607
130_bNAb_Combinations|1313974|sample|6|nan|1176,9.6,0.023805,7,6,1,0.0140215,0.0271018,0.0271018,0.0271018,-0.647522,-0.647524
130_bNAb_Combinations|1313974|sample|6|nan|1176,48,0.00789325,8,6,1,0.0123082,0.0201847,0.0201847,0.0201847,-2.87402,-2.87402
130_bNAb_Combinations|1313974|sample|7|nan|1176,0.0000768,0.626699,1,7,1,0.827103,0.609193,0.609193,0.609193,0.237718,0.237713
130_bNAb_Combinations|1313974|sample|7|nan|1176,0.000384,0.800727,2,7,1,0.927774,0.816143,0.816143,0.816143,-0.157287,-0.157289
130_bNAb_Combinations|1313974|sample|7|nan|1176,0.00192,0.993736,3,7,1,0.920257,0.90704,0.90704,0.90704,0.797429,0.797428
130_bNAb_Combinations|1313974|sample|7|nan|1176,0.0096,1,4,7,1,0.819712,0.934467,0.934467,0.934467,0.585388,0.585388
130_bNAb_Combinations|1313974|sample|7|nan|1176,0.048,0.854476,5,7,1,0.572786,0.887179,0.887179,0.887179,-0.307422,-0.307421
130_bNAb_Combinations|1313974|sample|7|nan|1176,0.24,0.743344,6,7,1,0.210489,0.730146,0.730146,0.730146,0.150172,0.150173
130_bNAb_Combinations|1313974|sample|7|nan|1176,1.2,0.326505,7,7,1,0.0248033,0.436632,0.436632,0.436632,-2.06539,-2.06538
130_bNAb_Combinations|1313974|sample|7|nan|1176,6,0.132932,8,7,1,0.0123137,0.126951,0.126951,0.126951,0.354953,0.35496
130_bNAb_Combinations|1313974|sample|8|nan|1176,0.0000768,0.625321,1,8,1,0.827103,0.609193,0.609193,0.609193,0.219003,0.218998
130_bNAb_Combinations|1313974|sample|8|nan|1176,0.000384,0.783938,2,8,1,0.927774,0.816143,0.816143,0.816143,-0.328577,-0.328579
130_bNAb_Combinations|1313974|sample|8|nan|1176,0.00192,0.983211,3,8,1,0.920257,0.90704,0.90704,0.90704,0.700626,0.700625
130_bNAb_Combinations|1313974|sample|8|nan|1176,0.0096,0.927081,4,8,1,0.819712,0.934467,0.934467,0.934467,-0.0659688,-0.065969
130_bNAb_Combinations|1313974|sample|8|nan|1176,0.048,0.862056,5,8,1,0.572786,0.887179,0.887179,0.887179,-0.236168,-0.236167
130_bNAb_Combinations|1313974|sample|8|nan|1176,0.24,0.641108,6,8,1,0.210489,0.730146,0.730146,0.730146,-1.0131,-1.0131
130_bNAb_Combinations|1313974|sample|8|nan|1176,1.2,0.408069,7,8,1,0.0248033,0.436632,0.436632,0.436632,-0.535699,-0.535695
130_bNAb_Combinations|1313974|sample|8|nan|1176,6,0.107499,8,8,1,0.0123137,0.126951,0.126951,0.126951,-1.15444,-1.15444
130_bNAb_Combinations|1313974|sample|9|nan|1176,0.0003648,0.584727,1,9,1,0.815057,0.607909,0.607909,0.607909,-0.315435,-0.31544
130_bNAb_Combinations|1313974|sample|9|nan|1176,0.001824,0.879471,2,9,1,0.889628,0.811227,0.811226,0.811227,0.700413,0.700411
130_bNAb_Combinations|1313974|sample|9|nan|1176,0.00912,0.847836,3,9,1,0.816262,0.891497,0.891497,0.891497,-0.408475,-0.408476
130_bNAb_Combinations|1313974|sample|9|nan|1176,0.0456,0.917183,4,9,1,0.58321,0.88951,0.88951,0.88951,0.25947,0.25947
130_bNAb_Combinations|1313974|sample|9|nan|1176,0.228,0.733697,5,9,1,0.22331,0.771708,0.771709,0.771708,-0.409693,-0.409691
130_bNAb_Combinations|1313974|sample|9|nan|1176,1.14,0.394788,6,9,1,0.027415,0.49805,0.49805,0.49805,-1.70531,-1.7053
130_bNAb_Combinations|1313974|sample|9|nan|1176,5.7,0.20109,7,9,1,0.0140302,0.177124,0.177124,0.177124,1.05303,1.05304
130_bNAb_Combinations|1313974|sample|9|nan|1176,28.5,0.0780555,8,9,1,0.0123082,0.0559668,0.0559668,0.0559668,2.60152,2.60152
130_bNAb_Combinations|1313974|vc|1|2|nan|1176,0,0.615047,1,2,1,0.83399,0.60992,0.60992,0.60992,0.0695434,0.0695388
130_bNAb_Combinations|1313974|vc|2|2|nan|1176,0,0.671678,2,2,1,0.950069,0.818936,0.818935,0.818936,-1.49738,-1.49738
130_bNAb_Combinations|1313974|vc|3|2|nan|1176,0,0.718411,3,2,1,0.950069,0.818936,0.818935,0.818936,-1.02218,-1.02218
130_bNAb_Combinations|1313974|vc|4|2|nan|1176,0,0.81739,4,2,1,0.950069,0.818936,0.818935,0.818936,-0.0157113,-0.0157133
130_bNAb_Combinations|1313974|vc|5|2|nan|1176,0,0.786068,5,2,1,0.950069,0.818936,0.818935,0.818936,-0.334213,-0.334215
130_bNAb_Combinations|1313974|vc|6|2|nan|1176,0,0.718662,6,2,1,0.950069,0.818936,0.818935,0.818936,-1.01963,-1.01963
130_bNAb_Combinations|1313974|vc|7|2|nan|1176,0,0.706008,7,2,1,0.950069,0.818936,0.818935,0.818936,-1.1483,-1.14831
130_bNAb_Combinations|1313974|vc|8|2|nan|1176,0,0.513437,8,2,1,0.83399,0.60992,0.60992,0.60992,-1.30863,-1.30863
130_bNAb_Combinations|1313992|cc|1|1|RHPA4259.7|5371,0,0.000660826,1,1,0,0,0,0,0,0.347866,0.347866
130_bNAb_Combinations|1313992|cc|2|1|RHPA4259.7|5371,0,0.00171458,2,1,0,0,0,0,0,0.902572,0.902572
130_bNAb_Combinations|1313992|cc|3|1|RHPA4259.7|5371,0,0.00114305,3,1,0,0,0,0,0,0.601715,0.601715
130_bNAb_Combinations|1313992|cc|4|1|RHPA4259.7|5371,0,0.00148239,4,1,0,0,0,0,0,0.780349,0.780349
130_bNAb_Combinations|1313992|cc|5|1|RHPA4259.7|5371,0,0.00150025,5,1,0,0,0,0,0,0.789751,0.789751
130_bNAb_Combinations|1313992|cc|6|1|RHPA4259.7|5371,0,0.00133951,6,1,0,0,0,0,0,0.705135,0.705135
130_bNAb_Combinations|1313992|cc|7|1|RHPA4259.7|5371,0,0.001661,7,1,0,0,0,0,0,0.874367,0.874367
130_bNAb_Combinations|1313992|cc|8|1|RHPA4259.7|5371,0,0.00142881,8,1,0,0,0,0,0,0.752144,0.752144
130_bNAb_Combinations|1313992|sample|10|RHPA4259.7|5371,0.0003648,0.6759,1,10,1,0.815057,0.660371,0.660371,0.660371,0.194923,0.194918
130_bNAb_Combinations|1313992|sample|10|RHPA4259.7|5371,0.001824,0.701074,2,10,1,0.889628,0.739962,0.739962,0.739962,-0.436728,-0.436728
130_bNAb_Combinations|1313992|sample|10|RHPA4259.7|5371,0.00912,0.541985,3,10,1,0.816262,0.58314,0.58314,0.58314,-0.583149,-0.583148
130_bNAb_Combinations|1313992|sample|10|RHPA4259.7|5371,0.0456,0.23562,4,10,1,0.577058,0.234926,0.234926,0.234926,0.0234968,0.0234994
130_bNAb_Combinations|1313992|sample|10|RHPA4259.7|5371,0.228,0.0160206,5,10,1,0.220955,0.0190066,0.0190066,0.0190066,-0.721619,-0.721617
130_bNAb_Combinations|1313992|sample|10|RHPA4259.7|5371,1.14,0.00158956,6,10,1,0.027415,0.000850292,0.000850292,0.000850292,0.36967,0.36967
130_bNAb_Combinations|1313992|sample|10|RHPA4259.7|5371,5.7,0.000392924,7,10,1,0.0140302,0.000766191,0.000766191,0.000766191,-0.187582,-0.187582
130_bNAb_Combinations|1313992|sample|10|RHPA4259.7|5371,28.5,0.000928729,8,10,1,0.0123082,0.000612365,0.000612365,0.000612365,0.160447,0.160447
130_bNAb_Combinations|1313992|sample|11|RHPA4259.7|5371,0.0003712,0.650289,1,11,1,0.814843,0.661452,0.661452,0.661452,-0.139894,-0.139899
130_bNAb_Combinations|1313992|sample|11|RHPA4259.7|5371,0.001856,0.618283,2,11,1,0.88896,0.744731,0.744731,0.744731,-1.41118,-1.41118
130_bNAb_Combinations|1313992|sample|11|RHPA4259.7|5371,0.00928,0.451639,3,11,1,0.785645,0.551142,0.551141,0.551142,-1.48943,-1.48943
130_bNAb_Combinations|1313992|sample|11|RHPA4259.7|5371,0.0464,0.163215,4,11,1,0.553247,0.235146,0.235146,0.235146,-2.43075,-2.43075
130_bNAb_Combinations|1313992|sample|11|RHPA4259.7|5371,0.2319999999999999,0.0123414,5,11,1,0.209678,0.0230437,0.0230437,0.0230437,-2.31981,-2.31981
130_bNAb_Combinations|1313992|sample|11|RHPA4259.7|5371,1.16,0,6,11,1,0.0258668,0.0014144,0.0014144,0.0014144,-0.684534,-0.684534
130_bNAb_Combinations|1313992|sample|11|RHPA4259.7|5371,5.8,0.000839428,7,11,1,0.0140292,0.00137433,0.00137433,0.00137433,-0.25947,-0.25947
130_bNAb_Combinations|1313992|sample|11|RHPA4259.7|5371,29,0.000500085,8,11,1,0.0123082,0.00109841,0.00109841,0.00109841,-0.294884,-0.294884
130_bNAb_Combinations|1313992|sample|12|RHPA4259.7|5371,0.0003712,0.617105,1,12,1,0.814843,0.661452,0.661452,0.661452,-0.555754,-0.555758
130_bNAb_Combinations|1313992|sample|12|RHPA4259.7|5371,0.001856,0.643716,2,12,1,0.780347,0.595214,0.595213,0.595214,0.67369,0.673685
130_bNAb_Combinations|1313992|sample|12|RHPA4259.7|5371,0.00928,0.450916,3,12,1,0.689655,0.44049,0.44049,0.44049,0.193876,0.193872
130_bNAb_Combinations|1313992|sample|12|RHPA4259.7|5371,0.0464,0.208089,4,12,1,0.485651,0.187936,0.187936,0.187936,0.838564,0.838559
130_bNAb_Combinations|1313992|sample|12|RHPA4259.7|5371,0.2319999999999999,0.0184138,5,12,1,0.18406,0.0184173,0.0184172,0.0184173,-0.000837793,-0.000840668
130_bNAb_Combinations|1313992|sample|12|RHPA4259.7|5371,1.16,0.000125021,6,12,1,0.0227064,0.00113044,0.00113043,0.00113044,-0.494599,-0.4946
130_bNAb_Combinations|1313992|sample|12|RHPA4259.7|5371,5.8,0.000500085,7,12,1,0.0123151,0.00109841,0.00109841,0.00109841,-0.294884,-0.294884
130_bNAb_Combinations|1313992|sample|12|RHPA4259.7|5371,29,0.000285763,8,12,1,0.0123082,0.00109841,0.00109841,0.00109841,-0.400512,-0.400513
130_bNAb_Combinations|1313992|sample|3|RHPA4259.7|5371,0.000064,0.754539,1,3,1,0.827874,0.698396,0.698395,0.698396,0.667201,0.667195
130_bNAb_Combinations|1313992|sample|3|RHPA4259.7|5371,0.00032,0.910976,2,3,1,0.930252,0.869941,0.869941,0.869941,0.393243,0.393241
130_bNAb_Combinations|1313992|sample|3|RHPA4259.7|5371,0.0016,0.927479,3,3,1,0.927306,0.930037,0.930037,0.930037,-0.022956,-0.0229563
130_bNAb_Combinations|1313992|sample|3|RHPA4259.7|5371,0.008,0.944785,4,3,1,0.828914,0.895454,0.895454,0.895454,0.459519,0.45952
130_bNAb_Combinations|1313992|sample|3|RHPA4259.7|5371,0.04,0.905162,5,3,1,0.602698,0.801948,0.801949,0.801948,1.07132,1.07132
130_bNAb_Combinations|1313992|sample|3|RHPA4259.7|5371,0.2,0.651807,6,3,1,0.248547,0.582299,0.582299,0.582299,0.986273,0.986278
130_bNAb_Combinations|1313992|sample|3|RHPA4259.7|5371,1,0.224351,7,3,1,0.0315145,0.214138,0.214138,0.214138,0.376589,0.376597
130_bNAb_Combinations|1313992|sample|3|RHPA4259.7|5371,5,0.0158956,8,3,1,0.0123266,0.0135897,0.0135897,0.0135897,0.658798,0.658803
130_bNAb_Combinations|1313992|sample|4|RHPA4259.7|5371,0.000064,0.699119,1,4,1,0.827874,0.698396,0.698395,0.698396,0.00859342,0.00858848
130_bNAb_Combinations|1313992|sample|4|RHPA4259.7|5371,0.00032,0.930694,2,4,1,0.930252,0.869941,0.869941,0.869941,0.5822,0.582198
130_bNAb_Combinations|1313992|sample|4|RHPA4259.7|5371,0.0016,0.969602,3,4,1,0.927306,0.930037,0.930037,0.930037,0.355078,0.355078
130_bNAb_Combinations|1313992|sample|4|RHPA4259.7|5371,0.008,1,4,4,1,0.837751,0.923875,0.923875,0.923875,0.687657,0.687657
130_bNAb_Combinations|1313992|sample|4|RHPA4259.7|5371,0.04,0.855217,5,4,1,0.609124,0.827402,0.827402,0.827402,0.27999,0.279992
130_bNAb_Combinations|1313992|sample|4|RHPA4259.7|5371,0.2,0.614506,6,4,1,0.248547,0.582299,0.582299,0.582299,0.456995,0.456999
130_bNAb_Combinations|1313992|sample|4|RHPA4259.7|5371,1,0.229173,7,4,1,0.0315145,0.214138,0.214138,0.214138,0.554413,0.554421
130_bNAb_Combinations|1313992|sample|4|RHPA4259.7|5371,5,0.0174851,8,4,1,0.0123266,0.0135897,0.0135897,0.0135897,1.11295,1.11295
130_bNAb_Combinations|1313992|sample|5|RHPA4259.7|5371,0.0006144,0.682232,1,5,1,0.807494,0.692726,0.692726,0.692726,-0.12571,-0.125714
130_bNAb_Combinations|1313992|sample|5|RHPA4259.7|5371,0.003072,0.897884,2,5,1,0.866227,0.849522,0.849522,0.849522,0.474401,0.474399
130_bNAb_Combinations|1313992|sample|5|RHPA4259.7|5371,0.01536,0.905895,3,5,1,0.75656,0.86787,0.86787,0.86787,0.365251,0.365252
130_bNAb_Combinations|1313992|sample|5|RHPA4259.7|5371,0.0768,0.832025,4,5,1,0.470957,0.755476,0.755476,0.755476,0.842406,0.842409
130_bNAb_Combinations|1313992|sample|5|RHPA4259.7|5371,0.384,0.471151,5,5,1,0.127317,0.461908,0.461908,0.461908,0.164191,0.164197
130_bNAb_Combinations|1313992|sample|5|RHPA4259.7|5371,1.92,0.0757807,6,5,1,0.0169785,0.110081,0.110081,0.110081,-2.30768,-2.30767
130_bNAb_Combinations|1313992|sample|5|RHPA4259.7|5371,9.6,0.0066797,7,5,1,0.0140215,0.00331892,0.00331892,0.00331892,1.46726,1.46726
130_bNAb_Combinations|1313992|sample|5|RHPA4259.7|5371,48,0.00155384,8,5,1,0.0123082,0.00106532,0.00106532,0.00106532,0.24123,0.24123
130_bNAb_Combinations|1313992|sample|6|RHPA4259.7|5371,0.0006144,0.679213,1,6,1,0.807494,0.692726,0.692726,0.692726,-0.161866,-0.161871
130_bNAb_Combinations|1313992|sample|6|RHPA4259.7|5371,0.003072,0.909244,2,6,1,0.866227,0.849522,0.849522,0.849522,0.585824,0.585823
130_bNAb_Combinations|1313992|sample|6|RHPA4259.7|5371,0.01536,0.882409,3,6,1,0.75656,0.86787,0.86787,0.86787,0.139653,0.139653
130_bNAb_Combinations|1313992|sample|6|RHPA4259.7|5371,0.0768,0.759665,4,6,1,0.470957,0.755476,0.755476,0.755476,0.0460954,0.046098
130_bNAb_Combinations|1313992|sample|6|RHPA4259.7|5371,0.384,0.442039,5,6,1,0.127317,0.461908,0.461908,0.461908,-0.352924,-0.352919
130_bNAb_Combinations|1313992|sample|6|RHPA4259.7|5371,1.92,0.0812102,6,6,1,0.0169785,0.110081,0.110081,0.110081,-1.94239,-1.94238
130_bNAb_Combinations|1313992|sample|6|RHPA4259.7|5371,9.6,0.00728695,7,6,1,0.0140215,0.00331892,0.00331892,0.00331892,1.73238,1.73238
130_bNAb_Combinations|1313992|sample|6|RHPA4259.7|5371,48,0.000660826,8,6,1,0.0123082,0.00106532,0.00106532,0.00106532,-0.199737,-0.199737
130_bNAb_Combinations|1313992|sample|7|RHPA4259.7|5371,0.0000768,0.658728,1,7,1,0.827103,0.685583,0.685583,0.685583,-0.324969,-0.324974
130_bNAb_Combinations|1313992|sample|7|RHPA4259.7|5371,0.000384,0.835624,2,7,1,0.927774,0.824599,0.824599,0.824599,0.111352,0.11135
130_bNAb_Combinations|1313992|sample|7|RHPA4259.7|5371,0.00192,0.789589,3,7,1,0.920257,0.7968,0.7968,0.7968,-0.0753208,-0.0753206
130_bNAb_Combinations|1313992|sample|7|RHPA4259.7|5371,0.0096,0.635402,4,7,1,0.819712,0.591694,0.591695,0.591694,0.610602,0.610603
130_bNAb_Combinations|1313992|sample|7|RHPA4259.7|5371,0.048,0.221618,5,7,1,0.572786,0.231166,0.231166,0.231166,-0.327846,-0.327843
130_bNAb_Combinations|1313992|sample|7|RHPA4259.7|5371,0.24,0.0149132,6,7,1,0.210489,0.0167703,0.0167704,0.0167703,-0.479299,-0.479297
130_bNAb_Combinations|1313992|sample|7|RHPA4259.7|5371,1.2,0.00198248,7,7,1,0.0248033,0.000779695,0.000779694,0.000779695,0.603966,0.603966
130_bNAb_Combinations|1313992|sample|7|RHPA4259.7|5371,6,0.00167886,8,7,1,0.0123137,0.000612365,0.000612365,0.000612365,0.54088,0.54088
130_bNAb_Combinations|1313992|sample|8|RHPA4259.7|5371,0.0000768,0.639796,1,8,1,0.827103,0.685583,0.685583,0.685583,-0.554061,-0.554065
130_bNAb_Combinations|1313992|sample|8|RHPA4259.7|5371,0.000384,0.832418,2,8,1,0.927774,0.824599,0.824599,0.824599,0.0789722,0.0789708
130_bNAb_Combinations|1313992|sample|8|RHPA4259.7|5371,0.00192,0.855234,3,8,1,0.920257,0.7968,0.7968,0.7968,0.610366,0.610366
130_bNAb_Combinations|1313992|sample|8|RHPA4259.7|5371,0.0096,0.694582,4,8,1,0.819712,0.591694,0.591695,0.591694,1.43735,1.43735
130_bNAb_Combinations|1313992|sample|8|RHPA4259.7|5371,0.048,0.261848,5,8,1,0.572786,0.231166,0.231166,0.231166,1.05352,1.05353
130_bNAb_Combinations|1313992|sample|8|RHPA4259.7|5371,0.24,0.0198069,6,8,1,0.210489,0.0167703,0.0167704,0.0167703,0.783703,0.783706
130_bNAb_Combinations|1313992|sample|8|RHPA4259.7|5371,1.2,0.00117877,7,8,1,0.0248033,0.000779695,0.000779694,0.000779695,0.200392,0.200392
130_bNAb_Combinations|1313992|sample|8|RHPA4259.7|5371,6,0.000464364,8,8,1,0.0123137,0.000612365,0.000612365,0.000612365,-0.0750595,-0.0750596
130_bNAb_Combinations|1313992|sample|9|RHPA4259.7|5371,0.0003648,0.59653,1,9,1,0.815057,0.660371,0.660371,0.660371,-0.801326,-0.801331
130_bNAb_Combinations|1313992|sample|9|RHPA4259.7|5371,0.001824,0.754182,2,9,1,0.889628,0.739962,0.739962,0.739962,0.159698,0.159697
130_bNAb_Combinations|1313992|sample|9|RHPA4259.7|5371,0.00912,0.593958,3,9,1,0.816262,0.58314,0.58314,0.58314,0.153283,0.153284
130_bNAb_Combinations|1313992|sample|9|RHPA4259.7|5371,0.0456,0.260651,4,9,1,0.58321,0.242382,0.242382,0.242382,0.600089,0.600093
130_bNAb_Combinations|1313992|sample|9|RHPA4259.7|5371,0.228,0.0158598,5,9,1,0.22331,0.0196099,0.0196099,0.0196099,-0.890954,-0.890952
130_bNAb_Combinations|1313992|sample|9|RHPA4259.7|5371,1.14,0.000964449,6,9,1,0.027415,0.000850292,0.000850292,0.000850292,0.0570845,0.0570845
130_bNAb_Combinations|1313992|sample|9|RHPA4259.7|5371,5.7,0.000267903,7,9,1,0.0140302,0.000766191,0.000766191,0.000766191,-0.25041,-0.25041
130_bNAb_Combinations|1313992|sample|9|RHPA4259.7|5371,28.5,0.000839428,8,9,1,0.0123082,0.000612365,0.000612365,0.000612365,0.115157,0.115157
130_bNAb_Combinations|1313992|vc|1|2|RHPA4259.7|5371,0,0.779132,1,2,1,0.83399,0.700026,0.700025,0.700026,0.937956,0.937951
130_bNAb_Combinations|1313992|vc|2|2|RHPA4259.7|5371,0,0.953474,2,2,1,0.950069,0.875872,0.875872,0.875872,0.738728,0.738726
130_bNAb_Combinations|1313992|vc|3|2|RHPA4259.7|5371,0,0.91795,3,2,1,0.950069,0.875872,0.875872,0.875872,0.400561,0.400559
130_bNAb_Combinations|1313992|vc|4|2|RHPA4259.7|5371,0,0.938007,4,2,1,0.950069,0.875872,0.875872,0.875872,0.591492,0.59149
130_bNAb_Combinations|1313992|vc|5|2|RHPA4259.7|5371,0,0.961699,5,2,1,0.950069,0.875872,0.875872,0.875872,0.817021,0.817019
130_bNAb_Combinations|1313992|vc|6|2|RHPA4259.7|5371,0,0.866995,6,2,1,0.950069,0.875872,0.875872,0.875872,-0.0845027,-0.0845044
130_bNAb_Combinations|1313992|vc|7|2|RHPA4259.7|5371,0,0.852279,7,2,1,0.950069,0.875872,0.875872,0.875872,-0.224598,-0.2246
130_bNAb_Combinations|1313992|vc|8|2|RHPA4259.7|5371,0,0.715353,8,2,1,0.83399,0.700026,0.700025,0.700026,0.181742,0.181737
130_bNAb_Combinations|1314016|cc|1|1|nan|3430,0,0.0013549,1,1,0,0,0,0,0,0.713232,0.713232
130_bNAb_Combinations|1314016|cc|2|1|nan|3430,0,0.00201049,2,1,0,0,0,0,0,1.05834,1.05834
130_bNAb_Combinations|1314016|cc|3|1|nan|3430,0,0.00170455,3,1,0,0,0,0,0,0.897292,0.897292
130_bNAb_Combinations|1314016|cc|4|1|nan|3430,0,0.00253497,4,1,0,0,0,0,0,1.33443,1.33443
130_bNAb_Combinations|1314016|cc|5|1|nan|3430,0,0.00104895,5,1,0,0,0,0,0,0.55218,0.55218
130_bNAb_Combinations|1314016|cc|6|1|nan|3430,0,0.000743007,6,1,0,0,0,0,0,0.391127,0.391127
130_bNAb_Combinations|1314016|cc|7|1|nan|3430,0,0,7,1,0,0,0,0,0,0,0
130_bNAb_Combinations|1314016|cc|8|1|nan|3430,0,0.00187937,8,1,0,0,0,0,0,0.989322,0.989322
130_bNAb_Combinations|1314016|sample|10|nan|3430,0.0003648,0.774781,1,10,1,0.815057,0.807633,0.807634,0.807633,-0.338641,-0.338638
130_bNAb_Combinations|1314016|sample|10|nan|3430,0.001824,0.738134,2,10,1,0.889628,0.866568,0.866568,0.866568,-1.23551,-1.23551
130_bNAb_Combinations|1314016|sample|10|nan|3430,0.00912,0.636976,3,10,1,0.816262,0.757439,0.757439,0.757439,-1.32231,-1.32231
130_bNAb_Combinations|1314016|sample|10|nan|3430,0.0456,0.400415,4,10,1,0.577058,0.46802,0.46802,0.46802,-1.1857,-1.1857
130_bNAb_Combinations|1314016|sample|10|nan|3430,0.228,0.120367,5,10,1,0.220955,0.129542,0.129542,0.129542,-0.534826,-0.534825
130_bNAb_Combinations|1314016|sample|10|nan|3430,1.14,0.0218531,6,10,1,0.027415,0.0211846,0.0211846,0.0211846,0.152125,0.152125
130_bNAb_Combinations|1314016|sample|10|nan|3430,5.7,0.0119318,7,10,1,0.0140302,0.0180997,0.0180997,0.0180997,-1.53004,-1.53004
130_bNAb_Combinations|1314016|sample|10|nan|3430,28.5,0.00895979,8,10,1,0.0123082,0.0158885,0.0158885,0.0158885,-1.83747,-1.83747
130_bNAb_Combinations|1314016|sample|11|nan|3430,0.0003712,1,1,11,1,0.814843,0.80291,0.802911,0.80291,2.04331,2.04331
130_bNAb_Combinations|1314016|sample|11|nan|3430,0.001856,0.764248,2,11,1,0.88896,0.851348,0.851348,0.851348,-0.852577,-0.852577
130_bNAb_Combinations|1314016|sample|11|nan|3430,0.00928,0.669886,3,11,1,0.785645,0.692477,0.692476,0.692477,-0.270701,-0.270702
130_bNAb_Combinations|1314016|sample|11|nan|3430,0.0464,0.36392,4,11,1,0.553247,0.383214,0.383214,0.383214,-0.410239,-0.410244
130_bNAb_Combinations|1314016|sample|11|nan|3430,0.2319999999999999,0.066521,5,11,1,0.209678,0.0726044,0.0726043,0.0726044,-0.582132,-0.582142
130_bNAb_Combinations|1314016|sample|11|nan|3430,1.16,0.00305944,6,11,1,0.0258668,0.0020121,0.0020121,0.0020121,0.490189,0.490187
130_bNAb_Combinations|1314016|sample|11|nan|3430,5.8,0.000437063,7,11,1,0.0140292,0.00127815,0.00127815,0.00127815,-0.410252,-0.410252
130_bNAb_Combinations|1314016|sample|11|nan|3430,29,0.00227273,8,11,1,0.0123082,0.00112201,0.00112201,0.00112201,0.566358,0.566359
130_bNAb_Combinations|1314016|sample|12|nan|3430,0.0003712,0.984091,1,12,1,0.814843,0.80291,0.802911,0.80291,1.87837,1.87838
130_bNAb_Combinations|1314016|sample|12|nan|3430,0.001856,0.80153,2,12,1,0.780347,0.747346,0.747346,0.747346,0.602624,0.602626
130_bNAb_Combinations|1314016|sample|12|nan|3430,0.00928,0.693553,3,12,1,0.689655,0.607883,0.607883,0.607883,1.16577,1.16577
130_bNAb_Combinations|1314016|sample|12|nan|3430,0.0464,0.359899,4,12,1,0.485651,0.3364,0.3364,0.3364,0.566024,0.566021
130_bNAb_Combinations|1314016|sample|12|nan|3430,0.2319999999999999,0.0557255,5,12,1,0.18406,0.063735,0.0637349,0.063735,-0.851562,-0.85157
130_bNAb_Combinations|1314016|sample|12|nan|3430,1.16,0.000305944,6,12,1,0.0227064,0.0017663,0.0017663,0.0017663,-0.692877,-0.692878
130_bNAb_Combinations|1314016|sample|12|nan|3430,5.8,0.00104895,7,12,1,0.0123151,0.00112201,0.00112201,0.00112201,-0.0359593,-0.0359591
130_bNAb_Combinations|1314016|sample|12|nan|3430,29,0.00161713,8,12,1,0.0123082,0.00112201,0.00112201,0.00112201,0.24369,0.24369
130_bNAb_Combinations|1314016|sample|3|nan|3430,0.000064,0.934375,1,3,1,0.827874,0.783815,0.783815,0.783815,1.59818,1.59819
130_bNAb_Combinations|1314016|sample|3|nan|3430,0.00032,0.84434,2,3,1,0.930252,0.795526,0.795526,0.795526,0.51068,0.510681
130_bNAb_Combinations|1314016|sample|3|nan|3430,0.0016,0.64458,3,3,1,0.927306,0.593971,0.593971,0.593971,0.704384,0.704385
130_bNAb_Combinations|1314016|sample|3|nan|3430,0.008,0.217177,4,3,1,0.828914,0.238005,0.238006,0.238005,-0.695949,-0.695948
130_bNAb_Combinations|1314016|sample|3|nan|3430,0.04,0.0300699,5,3,1,0.602698,0.0283162,0.0283162,0.0283162,0.335046,0.335046
130_bNAb_Combinations|1314016|sample|3|nan|3430,0.2,0.0116259,6,3,1,0.248547,0.0119011,0.0119011,0.0119011,-0.083378,-0.0833778
130_bNAb_Combinations|1314016|sample|3|nan|3430,1,0.00983392,7,3,1,0.0315145,0.0114632,0.0114632,0.0114632,-0.501375,-0.501375
130_bNAb_Combinations|1314016|sample|3|nan|3430,5,0.00957168,8,3,1,0.0123266,0.0100629,0.0100629,0.0100629,-0.159228,-0.159227
130_bNAb_Combinations|1314016|sample|4|nan|3430,0.000064,0.986801,1,4,1,0.827874,0.783815,0.783815,0.783815,2.15468,2.15468
130_bNAb_Combinations|1314016|sample|4|nan|3430,0.00032,0.92017,2,4,1,0.930252,0.795526,0.795526,0.795526,1.304,1.304
130_bNAb_Combinations|1314016|sample|4|nan|3430,0.0016,0.701202,3,4,1,0.927306,0.593971,0.593971,0.593971,1.49244,1.49244
130_bNAb_Combinations|1314016|sample|4|nan|3430,0.008,0.233566,4,4,1,0.837751,0.240541,0.240541,0.240541,-0.230747,-0.230746
130_bNAb_Combinations|1314016|sample|4|nan|3430,0.04,0.0290647,5,4,1,0.609124,0.0286179,0.0286179,0.0286179,0.0847862,0.084786
130_bNAb_Combinations|1314016|sample|4|nan|3430,0.2,0.0108392,6,4,1,0.248547,0.0119011,0.0119011,0.0119011,-0.321688,-0.321688
130_bNAb_Combinations|1314016|sample|4|nan|3430,1,0.0083042,7,4,1,0.0315145,0.0114632,0.0114632,0.0114632,-0.972111,-0.97211
130_bNAb_Combinations|1314016|sample|4|nan|3430,5,0.00472028,8,4,1,0.0123266,0.0100629,0.0100629,0.0100629,-1.73194,-1.73194
130_bNAb_Combinations|1314016|sample|5|nan|3430,0.0006144,0.749082,1,5,1,0.807494,0.635665,0.635665,0.635665,1.47756,1.47756
130_bNAb_Combinations|1314016|sample|5|nan|3430,0.003072,0.389576,2,5,1,0.866227,0.439458,0.439458,0.439458,-0.929707,-0.929705
130_bNAb_Combinations|1314016|sample|5|nan|3430,0.01536,0.0907343,3,5,1,0.75656,0.117541,0.117541,0.117541,-1.70285,-1.70285
130_bNAb_Combinations|1314016|sample|5|nan|3430,0.0768,0.0207168,4,5,1,0.470957,0.0141412,0.0141412,0.0141412,1.84447,1.84447
130_bNAb_Combinations|1314016|sample|5|nan|3430,0.384,0.0156906,5,5,1,0.127317,0.012011,0.012011,0.012011,1.11025,1.11025
130_bNAb_Combinations|1314016|sample|5|nan|3430,1.92,0.00690559,6,5,1,0.0169785,0.0118843,0.0118843,0.0118843,-1.50905,-1.50905
130_bNAb_Combinations|1314016|sample|5|nan|3430,9.6,0.00743007,7,5,1,0.0140215,0.0114632,0.0114632,0.0114632,-1.2411,-1.2411
130_bNAb_Combinations|1314016|sample|5|nan|3430,48,0.0101836,8,5,1,0.0123082,0.0100629,0.0100629,0.0100629,0.0391323,0.0391334
130_bNAb_Combinations|1314016|sample|6|nan|3430,0.0006144,0.677579,1,6,1,0.807494,0.635665,0.635665,0.635665,0.546038,0.546041
130_bNAb_Combinations|1314016|sample|6|nan|3430,0.003072,0.36038,2,6,1,0.866227,0.439458,0.439458,0.439458,-1.47386,-1.47386
130_bNAb_Combinations|1314016|sample|6|nan|3430,0.01536,0.088243,3,6,1,0.75656,0.117541,0.117541,0.117541,-1.86111,-1.86111
130_bNAb_Combinations|1314016|sample|6|nan|3430,0.0768,0.0203234,4,6,1,0.470957,0.0141412,0.0141412,0.0141412,1.73413,1.73413
130_bNAb_Combinations|1314016|sample|6|nan|3430,0.384,0.0114948,5,6,1,0.127317,0.012011,0.012011,0.012011,-0.155776,-0.155776
130_bNAb_Combinations|1314016|sample|6|nan|3430,1.92,0.00655594,6,6,1,0.0169785,0.0118843,0.0118843,0.0118843,-1.61503,-1.61503
130_bNAb_Combinations|1314016|sample|6|nan|3430,9.6,0.0083479,7,6,1,0.0140215,0.0114632,0.0114632,0.0114632,-0.958661,-0.958661
130_bNAb_Combinations|1314016|sample|6|nan|3430,48,0.00467657,8,6,1,0.0123082,0.0100629,0.0100629,0.0100629,-1.74611,-1.74611
130_bNAb_Combinations|1314016|sample|7|nan|3430,0.0000768,0.664773,1,7,1,0.827103,0.824398,0.824399,0.824398,-1.6126,-1.6126
130_bNAb_Combinations|1314016|sample|7|nan|3430,0.000384,0.829917,2,7,1,0.927774,0.919016,0.919016,0.919016,-0.809044,-0.809043
130_bNAb_Combinations|1314016|sample|7|nan|3430,0.00192,0.764467,3,7,1,0.920257,0.89559,0.89559,0.89559,-1.22123,-1.22123
130_bNAb_Combinations|1314016|sample|7|nan|3430,0.0096,0.770411,4,7,1,0.819712,0.758719,0.758719,0.758719,0.128129,0.12813
130_bNAb_Combinations|1314016|sample|7|nan|3430,0.048,0.49139,5,7,1,0.572786,0.461382,0.461382,0.461382,0.533609,0.533609
130_bNAb_Combinations|1314016|sample|7|nan|3430,0.24,0.156862,6,7,1,0.210489,0.121806,0.121806,0.121806,2.15803,2.15803
130_bNAb_Combinations|1314016|sample|7|nan|3430,1.2,0.0207168,7,7,1,0.0248033,0.0200239,0.0200239,0.0200239,0.162742,0.162742
130_bNAb_Combinations|1314016|sample|7|nan|3430,6,0.00895979,8,7,1,0.0123137,0.0158886,0.0158886,0.0158886,-1.83748,-1.83748
130_bNAb_Combinations|1314016|sample|8|nan|3430,0.0000768,0.754545,1,8,1,0.827103,0.824398,0.824399,0.824398,-0.705683,-0.705681
130_bNAb_Combinations|1314016|sample|8|nan|3430,0.000384,0.798864,2,8,1,0.927774,0.919016,0.919016,0.919016,-1.09102,-1.09101
130_bNAb_Combinations|1314016|sample|8|nan|3430,0.00192,0.800874,3,8,1,0.920257,0.89559,0.89559,0.89559,-0.882144,-0.882144
130_bNAb_Combinations|1314016|sample|8|nan|3430,0.0096,0.751836,4,8,1,0.819712,0.758719,0.758719,0.758719,-0.075431,-0.0754305
130_bNAb_Combinations|1314016|sample|8|nan|3430,0.048,0.501442,5,8,1,0.572786,0.461382,0.461382,0.461382,0.712366,0.712367
130_bNAb_Combinations|1314016|sample|8|nan|3430,0.24,0.11875,6,8,1,0.210489,0.121806,0.121806,0.121806,-0.188133,-0.188132
130_bNAb_Combinations|1314016|sample|8|nan|3430,1.2,0.0323427,7,8,1,0.0248033,0.0200239,0.0200239,0.0200239,2.89323,2.89323
130_bNAb_Combinations|1314016|sample|8|nan|3430,6,0.010271,8,8,1,0.0123137,0.0158886,0.0158886,0.0158886,-1.48976,-1.48976
130_bNAb_Combinations|1314016|sample|9|nan|3430,0.0003648,0.854218,1,9,1,0.815057,0.807633,0.807634,0.807633,0.480187,0.48019
130_bNAb_Combinations|1314016|sample|9|nan|3430,0.001824,0.730004,2,9,1,0.889628,0.866568,0.866568,0.866568,-1.31371,-1.31371
130_bNAb_Combinations|1314016|sample|9|nan|3430,0.00912,0.572749,3,9,1,0.816262,0.757439,0.757439,0.757439,-2.02731,-2.02731
130_bNAb_Combinations|1314016|sample|9|nan|3430,0.0456,0.403955,4,9,1,0.58321,0.473006,0.473006,0.473006,-1.19872,-1.19872
130_bNAb_Combinations|1314016|sample|9|nan|3430,0.228,0.124956,5,9,1,0.22331,0.130923,0.130923,0.130923,-0.34451,-0.344509
130_bNAb_Combinations|1314016|sample|9|nan|3430,1.14,0.0266608,6,9,1,0.027415,0.0211846,0.0211846,0.0211846,1.24615,1.24615
130_bNAb_Combinations|1314016|sample|9|nan|3430,5.7,0.0117133,7,9,1,0.0140302,0.0180997,0.0180997,0.0180997,-1.58425,-1.58425
130_bNAb_Combinations|1314016|sample|9|nan|3430,28.5,0.00231643,8,9,1,0.0123082,0.0158885,0.0158885,0.0158885,-3.59926,-3.59926
130_bNAb_Combinations|1314016|vc|1|2|nan|3430,0,0.961123,1,2,1,0.83399,0.834028,0.834028,0.834028,1.26942,1.26942
130_bNAb_Combinations|1314016|vc|2|2|nan|3430,0,0.986976,2,2,1,0.950069,0.950092,0.950092,0.950092,0.324137,0.324138
130_bNAb_Combinations|1314016|vc|3|2|nan|3430,0,0.934987,3,2,1,0.950069,0.950092,0.950092,0.950092,-0.13275,-0.132748
130_bNAb_Combinations|1314016|vc|4|2|nan|3430,0,0.886582,4,2,1,0.950069,0.950092,0.950092,0.950092,-0.55814,-0.558139
130_bNAb_Combinations|1314016|vc|5|2|nan|3430,0,0.904633,5,2,1,0.950069,0.950092,0.950092,0.950092,-0.399507,-0.399506
130_bNAb_Combinations|1314016|vc|6|2|nan|3430,0,0.928955,6,2,1,0.950069,0.950092,0.950092,0.950092,-0.185755,-0.185754
130_bNAb_Combinations|1314016|vc|7|2|nan|3430,0,0.883566,7,2,1,0.950069,0.950092,0.950092,0.950092,-0.584643,-0.584642
130_bNAb_Combinations|1314016|vc|8|2|nan|3430,0,0.902404,8,2,1,0.83399,0.834028,0.834028,0.834028,0.682931,0.682934
130_bNAb_Combinations|1314040|cc|1|1|nan|4166,0,0.000767291,1,1,0,0,0,0,0,0.403911,0.403911
130_bNAb_Combinations|1314040|cc|2|1|nan|4166,0,0.000630275,2,1,0,0,0,0,0,0.331784,0.331784
130_bNAb_Combinations|1314040|cc|3|1|nan|4166,0,0,3,1,0,0,0,0,0,0,0
130_bNAb_Combinations|1314040|cc|4|1|nan|4166,0,0.00104132,4,1,0,0,0,0,0,0.548165,0.548165
130_bNAb_Combinations|1314040|cc|5|1|nan|4166,0,0.00117834,5,1,0,0,0,0,0,0.620292,0.620292
130_bNAb_Combinations|1314040|cc|6|1|nan|4166,0,0.00202784,6,1,0,0,0,0,0,1.06748,1.06748
130_bNAb_Combinations|1314040|cc|7|1|nan|4166,0,0.001699,7,1,0,0,0,0,0,0.894374,0.894374
130_bNAb_Combinations|1314040|cc|8|1|nan|4166,0,0.00219226,8,1,0,0,0,0,0,1.15403,1.15403
130_bNAb_Combinations|1314040|sample|10|nan|4166,0.0003648,0.809588,1,10,1,0.815057,0.748096,0.748096,0.748096,0.683248,0.683247
130_bNAb_Combinations|1314040|sample|10|nan|4166,0.001824,0.790529,2,10,1,0.889628,0.748307,0.748307,0.748307,0.469001,0.469003
130_bNAb_Combinations|1314040|sample|10|nan|4166,0.00912,0.456991,3,10,1,0.816262,0.494035,0.494035,0.494035,-0.616581,-0.616573
130_bNAb_Combinations|1314040|sample|10|nan|4166,0.0456,0.0730023,4,10,1,0.577058,0.117316,0.117316,0.117316,-2.81975,-2.81974
130_bNAb_Combinations|1314040|sample|10|nan|4166,0.228,0.0016442,5,10,1,0.220955,0.00268631,0.00268632,0.00268631,-0.47027,-0.470267
130_bNAb_Combinations|1314040|sample|10|nan|4166,1.14,0.00145237,6,10,1,0.027415,0.00117477,0.00117477,0.00117477,0.136215,0.136215
130_bNAb_Combinations|1314040|sample|10|nan|4166,5.7,0.000876905,7,10,1,0.0140302,0.00111935,0.00111935,0.00111935,-0.119343,-0.119343
130_bNAb_Combinations|1314040|sample|10|nan|4166,28.5,0.00142497,8,10,1,0.0123082,0.000965811,0.000965811,0.000965811,0.228052,0.228052
130_bNAb_Combinations|1314040|sample|11|nan|4166,0.0003712,0.722789,1,11,1,0.814843,0.762981,0.76298,0.762981,-0.438043,-0.438047
130_bNAb_Combinations|1314040|sample|11|nan|4166,0.001856,0.682835,2,11,1,0.88896,0.797586,0.797585,0.797586,-1.19746,-1.19746
130_bNAb_Combinations|1314040|sample|11|nan|4166,0.00928,0.694111,3,11,1,0.785645,0.577807,0.577806,0.577807,1.66278,1.66276
130_bNAb_Combinations|1314040|sample|11|nan|4166,0.0464,0.1565,4,11,1,0.553247,0.212693,0.212692,0.212693,-2.08522,-2.08525
130_bNAb_Combinations|1314040|sample|11|nan|4166,0.2319999999999999,0.0120848,5,11,1,0.209678,0.0110848,0.0110847,0.0110848,0.312056,0.312018
130_bNAb_Combinations|1314040|sample|11|nan|4166,1.16,0.000876905,6,11,1,0.0258668,0.00110738,0.00110738,0.00110738,-0.113533,-0.113533
130_bNAb_Combinations|1314040|sample|11|nan|4166,5.8,0.000959114,7,11,1,0.0140292,0.00110588,0.00110588,0.00110588,-0.0723024,-0.0723025
130_bNAb_Combinations|1314040|sample|11|nan|4166,6,0.00120574,8,11,1,0.0123137,0.000954192,0.000954192,0.000954192,0.125024,0.125024
130_bNAb_Combinations|1314040|sample|12|nan|4166,0.0003712,0.634577,1,12,1,0.814843,0.762981,0.76298,0.762981,-1.39944,-1.39944
130_bNAb_Combinations|1314040|sample|12|nan|4166,0.001856,0.570344,2,12,1,0.780347,0.688185,0.688184,0.688185,-1.4207,-1.42071
130_bNAb_Combinations|1314040|sample|12|nan|4166,0.00928,0.44666,3,12,1,0.689655,0.498552,0.498551,0.498552,-0.856118,-0.856132
130_bNAb_Combinations|1314040|sample|12|nan|4166,0.0464,0.130275,4,12,1,0.485651,0.183519,0.183518,0.183519,-2.2645,-2.26453
130_bNAb_Combinations|1314040|sample|12|nan|4166,0.2319999999999999,0.00937192,5,12,1,0.18406,0.00956435,0.00956425,0.00956435,-0.0635585,-0.0635921
130_bNAb_Combinations|1314040|sample|12|nan|4166,1.16,0.000685082,6,12,1,0.0227064,0.000955489,0.000955489,0.000955489,-0.134385,-0.134385
130_bNAb_Combinations|1314040|sample|12|nan|4166,5.8,0.000959114,7,12,1,0.0123151,0.000954192,0.000954192,0.000954192,0.0024466,0.00244649
130_bNAb_Combinations|1314040|sample|12|nan|4166,29,0.00142497,8,12,1,0.0123082,0.000954192,0.000954192,0.000954192,0.233982,0.233982
130_bNAb_Combinations|1314040|sample|3|nan|4166,0.000064,0.931259,1,3,1,0.827874,0.771332,0.771332,0.771332,1.72452,1.72452
130_bNAb_Combinations|1314040|sample|3|nan|4166,0.00032,0.9236,2,3,1,0.930252,0.833669,0.833669,0.833669,0.898602,0.898601
130_bNAb_Combinations|1314040|sample|3|nan|4166,0.0016,0.710882,3,3,1,0.927306,0.716964,0.716964,0.716964,-0.070454,-0.0704524
130_bNAb_Combinations|1314040|sample|3|nan|4166,0.008,0.333703,4,3,1,0.828914,0.408534,0.408535,0.408534,-1.49628,-1.49628
130_bNAb_Combinations|1314040|sample|3|nan|4166,0.04,0.08358,5,3,1,0.602698,0.0902252,0.0902254,0.0902252,-0.530564,-0.530552
130_bNAb_Combinations|1314040|sample|3|nan|4166,0.2,0.0126329,6,3,1,0.248547,0.011716,0.011716,0.011716,0.279607,0.279609
130_bNAb_Combinations|1314040|sample|3|nan|4166,1,0.0107147,7,3,1,0.0315145,0.0101885,0.0101885,0.0101885,0.169776,0.169775
130_bNAb_Combinations|1314040|sample|3|nan|4166,5,0.00452154,8,3,1,0.0123266,0.00879093,0.00879093,0.00879093,-1.45468,-1.45468
130_bNAb_Combinations|1314040|sample|4|nan|4166,0.000064,0.849679,1,4,1,0.827874,0.771332,0.771332,0.771332,0.844834,0.844832
130_bNAb_Combinations|1314040|sample|4|nan|4166,0.00032,0.922147,2,4,1,0.930252,0.833669,0.833669,0.833669,0.88409,0.884089
130_bNAb_Combinations|1314040|sample|4|nan|4166,0.0016,0.857325,3,4,1,0.927306,0.716964,0.716964,0.716964,1.62578,1.62578
130_bNAb_Combinations|1314040|sample|4|nan|4166,0.008,0.429779,4,4,1,0.837751,0.415488,0.415489,0.415488,0.281138,0.281144
130_bNAb_Combinations|1314040|sample|4|nan|4166,0.04,0.0907322,5,4,1,0.609124,0.091761,0.0917612,0.091761,-0.0809844,-0.0809709
130_bNAb_Combinations|1314040|sample|4|nan|4166,0.2,0.0240601,6,4,1,0.248547,0.011716,0.011716,0.011716,3.76413,3.76413
130_bNAb_Combinations|1314040|sample|4|nan|4166,1,0.0110435,7,4,1,0.0315145,0.0101885,0.0101885,0.0101885,0.275869,0.275869
130_bNAb_Combinations|1314040|sample|4|nan|4166,5,0.00460375,8,4,1,0.0123266,0.00879093,0.00879093,0.00879093,-1.42667,-1.42667
130_bNAb_Combinations|1314040|sample|5|nan|4166,0.0006144,0.779376,1,5,1,0.807494,0.679502,0.679501,0.679502,1.21914,1.21914
130_bNAb_Combinations|1314040|sample|5|nan|4166,0.003072,0.614409,2,5,1,0.866227,0.581131,0.581131,0.581131,0.473118,0.47312
130_bNAb_Combinations|1314040|sample|5|nan|4166,0.01536,0.200195,3,5,1,0.75656,0.260736,0.260736,0.260736,-1.85678,-1.85678
130_bNAb_Combinations|1314040|sample|5|nan|4166,0.0768,0.0378713,4,5,1,0.470957,0.0333717,0.0333718,0.0333717,0.771823,0.771836
130_bNAb_Combinations|1314040|sample|5|nan|4166,0.384,0.0177847,5,5,1,0.127317,0.010913,0.010913,0.010913,2.15764,2.15764
130_bNAb_Combinations|1314040|sample|5|nan|4166,1.92,0.0106325,6,5,1,0.0169785,0.0106928,0.0106928,0.0106928,-0.0190922,-0.0190926
130_bNAb_Combinations|1314040|sample|5|nan|4166,9.6,0.00548065,7,5,1,0.0140215,0.0101884,0.0101884,0.0101884,-1.51888,-1.51888
130_bNAb_Combinations|1314040|sample|5|nan|4166,48,0.00260331,8,5,1,0.0123082,0.00879093,0.00879093,0.00879093,-2.10826,-2.10827
130_bNAb_Combinations|1314040|sample|6|nan|4166,0.0006144,0.836677,1,6,1,0.807494,0.679502,0.679501,0.679502,1.91859,1.91858
130_bNAb_Combinations|1314040|sample|6|nan|4166,0.003072,0.59672,2,6,1,0.866227,0.581131,0.581131,0.581131,0.221633,0.221636
130_bNAb_Combinations|1314040|sample|6|nan|4166,0.01536,0.231763,3,6,1,0.75656,0.260736,0.260736,0.260736,-0.888592,-0.888584
130_bNAb_Combinations|1314040|sample|6|nan|4166,0.0768,0.0379261,4,6,1,0.470957,0.0333717,0.0333718,0.0333717,0.781224,0.781237
130_bNAb_Combinations|1314040|sample|6|nan|4166,0.384,0.0173463,5,6,1,0.127317,0.010913,0.010913,0.010913,2.01997,2.01997
130_bNAb_Combinations|1314040|sample|6|nan|4166,1.92,0.00800175,6,6,1,0.0169785,0.0106928,0.0106928,0.0106928,-0.851884,-0.851884
130_bNAb_Combinations|1314040|sample|6|nan|4166,9.6,0.00649457,7,6,1,0.0140215,0.0101884,0.0101884,0.0101884,-1.19175,-1.19175
130_bNAb_Combinations|1314040|sample|6|nan|4166,48,0.00227447,8,6,1,0.0123082,0.00879093,0.00879093,0.00879093,-2.22031,-2.22031
130_bNAb_Combinations|1314040|sample|7|nan|4166,0.0000768,0.895881,1,7,1,0.827103,0.783137,0.783137,0.783137,1.19778,1.19778
130_bNAb_Combinations|1314040|sample|7|nan|4166,0.000384,1,2,7,1,0.927774,0.864816,0.864816,0.864816,1.30302,1.30302
130_bNAb_Combinations|1314040|sample|7|nan|4166,0.00192,0.885057,3,7,1,0.920257,0.77906,0.77906,0.77906,1.13188,1.13188
130_bNAb_Combinations|1314040|sample|7|nan|4166,0.0096,0.541804,4,7,1,0.819712,0.489928,0.489928,0.489928,0.870434,0.870444
130_bNAb_Combinations|1314040|sample|7|nan|4166,0.048,0.108462,5,7,1,0.572786,0.110454,0.110454,0.110454,-0.133612,-0.133594
130_bNAb_Combinations|1314040|sample|7|nan|4166,0.24,0.00367204,6,7,1,0.210489,0.00237834,0.00237835,0.00237834,0.593505,0.593508
130_bNAb_Combinations|1314040|sample|7|nan|4166,1.2,0.00134276,7,7,1,0.0248033,0.00111935,0.00111935,0.00111935,0.109973,0.109973
130_bNAb_Combinations|1314040|sample|7|nan|4166,6,0.00120574,8,7,1,0.0123137,0.000965811,0.000965811,0.000965811,0.119168,0.119168
130_bNAb_Combinations|1314040|sample|8|nan|4166,0.0000768,0.844966,1,8,1,0.827103,0.783137,0.783137,0.783137,0.656863,0.656862
130_bNAb_Combinations|1314040|sample|8|nan|4166,0.000384,0.936,2,8,1,0.927774,0.864816,0.864816,0.864816,0.686131,0.68613
130_bNAb_Combinations|1314040|sample|8|nan|4166,0.00192,0.95599,3,8,1,0.920257,0.77906,0.77906,0.77906,1.88933,1.88934
130_bNAb_Combinations|1314040|sample|8|nan|4166,0.0096,0.549326,4,8,1,0.819712,0.489928,0.489928,0.489928,0.996651,0.996662
130_bNAb_Combinations|1314040|sample|8|nan|4166,0.048,0.117697,5,8,1,0.572786,0.110454,0.110454,0.110454,0.48587,0.48589
130_bNAb_Combinations|1314040|sample|8|nan|4166,0.24,0.00523402,6,8,1,0.210489,0.00237834,0.00237835,0.00237834,1.3101,1.3101
130_bNAb_Combinations|1314040|sample|8|nan|4166,1.2,0.00183602,7,8,1,0.0248033,0.00111935,0.00111935,0.00111935,0.352781,0.352781
130_bNAb_Combinations|1314040|sample|8|nan|4166,29,0.00120574,8,8,1,0.0123082,0.000965811,0.000965811,0.000965811,0.119168,0.119168
130_bNAb_Combinations|1314040|sample|9|nan|4166,0.0003648,0.860586,1,9,1,0.815057,0.748096,0.748096,0.748096,1.24988,1.24988
130_bNAb_Combinations|1314040|sample|9|nan|4166,0.001824,0.800655,2,9,1,0.889628,0.748307,0.748307,0.748307,0.581474,0.581477
130_bNAb_Combinations|1314040|sample|9|nan|4166,0.00912,0.529856,3,9,1,0.816262,0.494035,0.494035,0.494035,0.596212,0.596221
130_bNAb_Combinations|1314040|sample|9|nan|4166,0.0456,0.113285,4,9,1,0.58321,0.119313,0.119313,0.119313,-0.377931,-0.377914
130_bNAb_Combinations|1314040|sample|9|nan|4166,0.228,0.00408309,5,9,1,0.22331,0.00273204,0.00273205,0.00273204,0.608193,0.608196
130_bNAb_Combinations|1314040|sample|9|nan|4166,1.14,0.000959114,6,9,1,0.027415,0.00117477,0.00117477,0.00117477,-0.105815,-0.105816
130_bNAb_Combinations|1314040|sample|9|nan|4166,5.7,0.00134276,7,9,1,0.0140302,0.00111935,0.00111935,0.00111935,0.109976,0.109976
130_bNAb_Combinations|1314040|sample|9|nan|4166,28.5,0.00109613,8,9,1,0.0123082,0.000965811,0.000965811,0.000965811,0.0647265,0.0647263
130_bNAb_Combinations|1314040|vc|1|2|nan|4166,0,0.872575,1,2,1,0.83399,0.800809,0.800809,0.800809,0.745945,0.745943
130_bNAb_Combinations|1314040|vc|2|2|nan|4166,0,0.811123,2,2,1,0.950069,0.928114,0.928114,0.928114,-1.05207,-1.05207
130_bNAb_Combinations|1314040|vc|3|2|nan|4166,0,0.8264,3,2,1,0.950069,0.928114,0.928114,0.928114,-0.914685,-0.914687
130_bNAb_Combinations|1314040|vc|4|2|nan|4166,0,0.88503,4,2,1,0.950069,0.928114,0.928114,0.928114,-0.387447,-0.387448
130_bNAb_Combinations|1314040|vc|5|2|nan|4166,0,0.762811,5,2,1,0.950069,0.928114,0.928114,0.928114,-1.48653,-1.48653
130_bNAb_Combinations|1314040|vc|6|2|nan|4166,0,0.755714,6,2,1,0.950069,0.928114,0.928114,0.928114,-1.55035,-1.55036
130_bNAb_Combinations|1314040|vc|7|2|nan|4166,0,0.742903,7,2,1,0.950069,0.928114,0.928114,0.928114,-1.66556,-1.66556
130_bNAb_Combinations|1314040|vc|8|2|nan|4166,0,0.592911,8,2,1,0.83399,0.800809,0.800809,0.800809,-2.16091,-2.16092
130_bNAb_Combinations|1314058|cc|1|1|nan|2944,0,0.00196858,1,1,0,0,0,0,0,1.03628,1.03628
130_bNAb_Combinations|1314058|cc|2|1|nan|2944,0,0.000401752,2,1,0,0,0,0,0,0.211487,0.211487
130_bNAb_Combinations|1314058|cc|3|1|nan|2944,0,0.00192841,3,1,0,0,0,0,0,1.01514,1.01514
130_bNAb_Combinations|1314058|cc|4|1|nan|2944,0,0.00156683,4,1,0,0,0,0,0,0.824798,0.824798
130_bNAb_Combinations|1314058|cc|5|1|nan|2944,0,0.00192841,5,1,0,0,0,0,0,1.01514,1.01514
130_bNAb_Combinations|1314058|cc|6|1|nan|2944,0,0.00273191,6,1,0,0,0,0,0,1.43811,1.43811
130_bNAb_Combinations|1314058|cc|7|1|nan|2944,0,0.00228998,7,1,0,0,0,0,0,1.20547,1.20547
130_bNAb_Combinations|1314058|cc|8|1|nan|2944,0,0,8,1,0,0,0,0,0,0,0
130_bNAb_Combinations|1314058|sample|10|nan|2944,0.0003648,0.569001,1,10,1,0.815057,0.728767,0.728767,0.728767,-1.82123,-1.82123
130_bNAb_Combinations|1314058|sample|10|nan|2944,0.001824,0.774678,2,10,1,0.889628,0.72131,0.72131,0.72131,0.614512,0.614511
130_bNAb_Combinations|1314058|sample|10|nan|2944,0.00912,0.604516,3,10,1,0.816262,0.47683,0.47683,0.47683,2.19941,2.19941
130_bNAb_Combinations|1314058|sample|10|nan|2944,0.0456,0.103933,4,10,1,0.577058,0.127374,0.127374,0.127374,-1.38705,-1.38704
130_bNAb_Combinations|1314058|sample|10|nan|2944,0.228,0.00494155,5,10,1,0.220955,0.00541227,0.00541228,0.00541227,-0.185543,-0.185542
130_bNAb_Combinations|1314058|sample|10|nan|2944,1.14,0.00176771,6,10,1,0.027415,0.00231428,0.00231428,0.00231428,-0.251623,-0.251623
130_bNAb_Combinations|1314058|sample|10|nan|2944,5.7,0.00212928,7,10,1,0.0140302,0.00219871,0.00219871,0.00219871,-0.0321638,-0.0321642
130_bNAb_Combinations|1314058|sample|10|nan|2944,28.5,0.00152666,8,10,1,0.0123082,0.00189063,0.00189063,0.00189063,-0.171499,-0.1715
130_bNAb_Combinations|1314058|sample|11|nan|2944,0.0003712,0.654956,1,11,1,0.814843,0.774542,0.774542,0.774542,-1.28428,-1.28429
130_bNAb_Combinations|1314058|sample|11|nan|2944,0.001856,0.910209,2,11,1,0.88896,0.860125,0.860124,0.860125,0.48534,0.485335
130_bNAb_Combinations|1314058|sample|11|nan|2944,0.00928,0.826323,3,11,1,0.785645,0.751701,0.7517,0.751701,0.825246,0.825239
130_bNAb_Combinations|1314058|sample|11|nan|2944,0.0464,0.531096,4,11,1,0.553247,0.507907,0.507906,0.507907,0.375763,0.37575
130_bNAb_Combinations|1314058|sample|11|nan|2944,0.2319999999999999,0.155357,5,11,1,0.209678,0.164172,0.164171,0.164172,-0.415096,-0.415118
130_bNAb_Combinations|1314058|sample|11|nan|2944,1.16,0.00719135,6,11,1,0.0258668,0.00732551,0.00732547,0.00732551,-0.0485528,-0.0485664
130_bNAb_Combinations|1314058|sample|11|nan|2944,5.8,0.000964204,7,11,1,0.0140292,0.000529084,0.000529084,0.000529084,0.221778,0.221778
130_bNAb_Combinations|1314058|sample|11|nan|2944,29,0.00116508,8,11,1,0.0123082,0.00045359,0.000453589,0.00045359,0.364293,0.364293
130_bNAb_Combinations|1314058|sample|12|nan|2944,0.0003712,0.691174,1,12,1,0.814843,0.774542,0.774542,0.774542,-0.895326,-0.89533
130_bNAb_Combinations|1314058|sample|12|nan|2944,0.001856,0.787493,2,12,1,0.780347,0.739605,0.739605,0.739605,0.538074,0.538068
130_bNAb_Combinations|1314058|sample|12|nan|2944,0.00928,0.705837,3,12,1,0.689655,0.646373,0.646372,0.646373,0.762168,0.76216
130_bNAb_Combinations|1314058|sample|12|nan|2944,0.0464,0.438512,4,12,1,0.485651,0.436739,0.436738,0.436739,0.0332526,0.0332392
130_bNAb_Combinations|1314058|sample|12|nan|2944,0.2319999999999999,0.141899,5,12,1,0.18406,0.141168,0.141168,0.141168,0.0394543,0.0394308
130_bNAb_Combinations|1314058|sample|12|nan|2944,1.16,0.0106062,6,12,1,0.0227064,0.00629907,0.00629904,0.00629907,1.63061,1.63059
130_bNAb_Combinations|1314058|sample|12|nan|2944,5.8,0.000763328,7,12,1,0.0123151,0.000454949,0.000454949,0.000454949,0.157881,0.157881
130_bNAb_Combinations|1314058|sample|12|nan|2944,29,0.000682978,8,12,1,0.0123082,0.00045359,0.000453589,0.00045359,0.11745,0.11745
130_bNAb_Combinations|1314058|sample|3|nan|2944,0.000064,0.7568,1,3,1,0.827874,0.711784,0.711783,0.711784,0.525131,0.525127
130_bNAb_Combinations|1314058|sample|3|nan|2944,0.00032,0.711502,2,3,1,0.930252,0.676695,0.676695,0.676695,0.426602,0.426599
130_bNAb_Combinations|1314058|sample|3|nan|2944,0.0016,0.556567,3,3,1,0.927306,0.402371,0.402371,0.402371,3.12861,3.12861
130_bNAb_Combinations|1314058|sample|3|nan|2944,0.008,0.0999156,4,3,1,0.828914,0.0843904,0.0843904,0.0843904,1.31147,1.31147
130_bNAb_Combinations|1314058|sample|3|nan|2944,0.04,0.00779398,5,3,1,0.602698,0.00709363,0.00709362,0.00709363,0.256068,0.256067
130_bNAb_Combinations|1314058|sample|3|nan|2944,0.2,0.0069503,6,3,1,0.248547,0.00613039,0.00613039,0.00613039,0.31275,0.31275
130_bNAb_Combinations|1314058|sample|3|nan|2944,1,0.00361576,7,3,1,0.0315145,0.00582482,0.00582482,0.00582482,-0.854359,-0.85436
130_bNAb_Combinations|1314058|sample|3|nan|2944,5,0.00610662,8,3,1,0.0123266,0.00500865,0.00500865,0.00500865,0.441041,0.44104
130_bNAb_Combinations|1314058|sample|4|nan|2944,0.000064,0.636756,1,4,1,0.827874,0.711784,0.711783,0.711784,-0.875215,-0.875218
130_bNAb_Combinations|1314058|sample|4|nan|2944,0.00032,0.746153,2,4,1,0.930252,0.676695,0.676695,0.676695,0.85129,0.851287
130_bNAb_Combinations|1314058|sample|4|nan|2944,0.0016,0.537845,3,4,1,0.927306,0.402371,0.402371,0.402371,2.74875,2.74875
130_bNAb_Combinations|1314058|sample|4|nan|2944,0.008,0.0750874,4,4,1,0.837751,0.0859652,0.0859652,0.0859652,-0.904713,-0.904714
130_bNAb_Combinations|1314058|sample|4|nan|2944,0.04,0.0161906,5,4,1,0.609124,0.007226,0.007226,0.007226,3.2591,3.2591
130_bNAb_Combinations|1314058|sample|4|nan|2944,0.2,0.00445944,6,4,1,0.248547,0.00613039,0.00613039,0.00613039,-0.637375,-0.637376
130_bNAb_Combinations|1314058|sample|4|nan|2944,1,0.0061468,7,4,1,0.0315145,0.00582482,0.00582482,0.00582482,0.124528,0.124527
130_bNAb_Combinations|1314058|sample|4|nan|2944,5,0.00337471,8,4,1,0.0123266,0.00500865,0.00500865,0.00500865,-0.656329,-0.65633
130_bNAb_Combinations|1314058|sample|5|nan|2944,0.0006144,0.421638,1,5,1,0.807494,0.493919,0.493919,0.493919,-1.20333,-1.20333
130_bNAb_Combinations|1314058|sample|5|nan|2944,0.003072,0.241091,2,5,1,0.866227,0.241682,0.241682,0.241682,-0.0194668,-0.0194691
130_bNAb_Combinations|1314058|sample|5|nan|2944,0.01536,0.0357559,3,5,1,0.75656,0.0276526,0.0276526,0.0276526,1.57155,1.57155
130_bNAb_Combinations|1314058|sample|5|nan|2944,0.0768,0.0111687,4,5,1,0.470957,0.00627922,0.00627921,0.00627922,1.85268,1.85268
130_bNAb_Combinations|1314058|sample|5|nan|2944,0.384,0.00397734,5,5,1,0.127317,0.00624477,0.00624477,0.00624477,-0.860478,-0.860479
130_bNAb_Combinations|1314058|sample|5|nan|2944,1.92,0.0050219,6,5,1,0.0169785,0.00613038,0.00613038,0.00613038,-0.422825,-0.422825
130_bNAb_Combinations|1314058|sample|5|nan|2944,9.6,0.00289261,7,5,1,0.0140215,0.00582482,0.00582482,0.00582482,-1.13404,-1.13404
130_bNAb_Combinations|1314058|sample|5|nan|2944,48,0.00337471,8,5,1,0.0123082,0.00500865,0.00500865,0.00500865,-0.656329,-0.65633
130_bNAb_Combinations|1314058|sample|6|nan|2944,0.0006144,0.459122,1,6,1,0.807494,0.493919,0.493919,0.493919,-0.579303,-0.579306
130_bNAb_Combinations|1314058|sample|6|nan|2944,0.003072,0.181552,2,6,1,0.866227,0.241682,0.241682,0.241682,-1.98047,-1.98047
130_bNAb_Combinations|1314058|sample|6|nan|2944,0.01536,0.0224981,3,6,1,0.75656,0.0276526,0.0276526,0.0276526,-0.999676,-0.999677
130_bNAb_Combinations|1314058|sample|6|nan|2944,0.0768,0.00879836,4,6,1,0.470957,0.00627922,0.00627921,0.00627922,0.954533,0.954533
130_bNAb_Combinations|1314058|sample|6|nan|2944,0.384,0.00377647,5,6,1,0.127317,0.00624477,0.00624477,0.00624477,-0.93671,-0.93671
130_bNAb_Combinations|1314058|sample|6|nan|2944,1.92,0.00425857,6,6,1,0.0169785,0.00613038,0.00613038,0.00613038,-0.713992,-0.713993
130_bNAb_Combinations|1314058|sample|6|nan|2944,9.6,0.00349524,7,6,1,0.0140215,0.00582482,0.00582482,0.00582482,-0.900973,-0.900973
130_bNAb_Combinations|1314058|sample|6|nan|2944,48,0.00317384,8,6,1,0.0123082,0.00500865,0.00500865,0.00500865,-0.737018,-0.737018
130_bNAb_Combinations|1314058|sample|7|nan|2944,0.0000768,0.772267,1,7,1,0.827103,0.7697,0.7697,0.7697,0.0277416,0.0277379
130_bNAb_Combinations|1314058|sample|7|nan|2944,0.000384,0.792997,2,7,1,0.927774,0.845039,0.845039,0.845039,-0.513144,-0.513146
130_bNAb_Combinations|1314058|sample|7|nan|2944,0.00192,0.847113,3,7,1,0.920257,0.752735,0.752735,0.752735,1.04232,1.04232
130_bNAb_Combinations|1314058|sample|7|nan|2944,0.0096,0.388996,4,7,1,0.819712,0.474031,0.474031,0.474031,-1.47311,-1.47311
130_bNAb_Combinations|1314058|sample|7|nan|2944,0.048,0.102889,5,7,1,0.572786,0.12121,0.12121,0.12121,-1.13277,-1.13277
130_bNAb_Combinations|1314058|sample|7|nan|2944,0.24,0.00903941,6,7,1,0.210489,0.00488084,0.00488084,0.00488084,1.6806,1.6806
130_bNAb_Combinations|1314058|sample|7|nan|2944,1.2,0.00305331,7,7,1,0.0248033,0.00219885,0.00219885,0.00219885,0.39584,0.395839
130_bNAb_Combinations|1314058|sample|7|nan|2944,6,0.00325419,8,7,1,0.0123137,0.00189063,0.00189063,0.00189063,0.642488,0.642487
130_bNAb_Combinations|1314058|sample|8|nan|2944,0.0000768,0.84412,1,8,1,0.827103,0.7697,0.7697,0.7697,0.804158,0.804154
130_bNAb_Combinations|1314058|sample|8|nan|2944,0.000384,0.940119,2,8,1,0.927774,0.845039,0.845039,0.845039,0.937512,0.937509
130_bNAb_Combinations|1314058|sample|8|nan|2944,0.00192,0.824917,3,8,1,0.920257,0.752735,0.752735,0.752735,0.797175,0.797175
130_bNAb_Combinations|1314058|sample|8|nan|2944,0.0096,0.591097,4,8,1,0.819712,0.474031,0.474031,0.474031,2.02801,2.02801
130_bNAb_Combinations|1314058|sample|8|nan|2944,0.048,0.135872,5,8,1,0.572786,0.12121,0.12121,0.12121,0.90651,0.906516
130_bNAb_Combinations|1314058|sample|8|nan|2944,0.24,0.00361576,6,8,1,0.210489,0.00488084,0.00488084,0.00488084,-0.511254,-0.511254
130_bNAb_Combinations|1314058|sample|8|nan|2944,1.2,0.00329436,7,8,1,0.0248033,0.00219885,0.00219885,0.00219885,0.507509,0.507509
130_bNAb_Combinations|1314058|sample|8|nan|2944,6,0.00289261,8,8,1,0.0123137,0.00189063,0.00189063,0.00189063,0.472118,0.472118
130_bNAb_Combinations|1314058|sample|9|nan|2944,0.0003648,0.631373,1,9,1,0.815057,0.728767,0.728767,0.728767,-1.11023,-1.11023
130_bNAb_Combinations|1314058|sample|9|nan|2944,0.001824,0.855028,2,9,1,0.889628,0.72131,0.72131,0.72131,1.53972,1.53972
130_bNAb_Combinations|1314058|sample|9|nan|2944,0.00912,0.528323,3,9,1,0.816262,0.47683,0.47683,0.47683,0.88698,0.886982
130_bNAb_Combinations|1314058|sample|9|nan|2944,0.0456,0.0948536,4,9,1,0.58321,0.129751,0.129751,0.129751,-2.03129,-2.03129
130_bNAb_Combinations|1314058|sample|9|nan|2944,0.228,0.00401752,5,9,1,0.22331,0.00551327,0.00551327,0.00551327,-0.586815,-0.586814
130_bNAb_Combinations|1314058|sample|9|nan|2944,1.14,0.00309349,6,9,1,0.027415,0.00231428,0.00231428,0.00231428,0.358717,0.358717
130_bNAb_Combinations|1314058|sample|9|nan|2944,5.7,0.00200876,7,9,1,0.0140302,0.00219871,0.00219871,0.00219871,-0.0879991,-0.0879995
130_bNAb_Combinations|1314058|sample|9|nan|2944,28.5,0.00369612,8,9,1,0.0123082,0.00189063,0.00189063,0.00189063,0.850717,0.850716
130_bNAb_Combinations|1314058|vc|1|2|nan|2944,0,0.691535,1,2,1,0.83399,0.793358,0.793358,0.793358,-1.0681,-1.0681
130_bNAb_Combinations|1314058|vc|2|2|nan|2944,0,0.932385,2,2,1,0.950069,0.922637,0.922637,0.922637,0.0881781,0.088175
130_bNAb_Combinations|1314058|vc|3|2|nan|2944,0,1,3,2,1,0.950069,0.922637,0.922637,0.922637,0.699769,0.699766
130_bNAb_Combinations|1314058|vc|4|2|nan|2944,0,0.97479,4,2,1,0.950069,0.922637,0.922637,0.922637,0.47174,0.471736
130_bNAb_Combinations|1314058|vc|5|2|nan|2944,0,0.982805,5,2,1,0.950069,0.922637,0.922637,0.922637,0.544237,0.544233
130_bNAb_Combinations|1314058|vc|6|2|nan|2944,0,0.897594,6,2,1,0.950069,0.922637,0.922637,0.922637,-0.22652,-0.226523
130_bNAb_Combinations|1314058|vc|7|2|nan|2944,0,0.932385,7,2,1,0.950069,0.922637,0.922637,0.922637,0.0881781,0.088175
130_bNAb_Combinations|1314058|vc|8|2|nan|2944,0,0.756117,8,2,1,0.83399,0.793358,0.793358,0.793358,-0.39065,-0.390653
130_bNAb_Combinations|1342240|cc|1|1|nan|1798,0,0.000747678,1,1,0,0,0,0,0,0.393586,0.393586
130_bNAb_Combinations|1342240|cc|2|1|nan|1798,0,0.000889479,2,1,0,0,0,0,0,0.468232,0.468232
130_bNAb_Combinations|1342240|cc|3|1|nan|1798,0,0.00106995,3,1,0,0,0,0,0,0.563235,0.563235
130_bNAb_Combinations|1342240|cc|4|1|nan|1798,0,0.0011473,4,1,0,0,0,0,0,0.603951,0.603951
130_bNAb_Combinations|1342240|cc|5|1|nan|1798,0,0.00125043,5,1,0,0,0,0,0,0.658239,0.658239
130_bNAb_Combinations|1342240|cc|6|1|nan|1798,0,0.00109574,6,1,0,0,0,0,0,0.576807,0.576807
130_bNAb_Combinations|1342240|cc|7|1|nan|1798,0,0.00113441,7,1,0,0,0,0,0,0.597165,0.597165
130_bNAb_Combinations|1342240|cc|8|1|nan|1798,0,0.00134066,8,1,0,0,0,0,0,0.705741,0.705741
130_bNAb_Combinations|1342240|sample|3|nan|1798,0.0010624,0.835221,1,3,1,0.796354,0.824579,0.82458,0.824579,0.107478,0.107481
130_bNAb_Combinations|1342240|sample|3|nan|1798,0.005312,0.877793,2,3,1,0.832519,0.916067,0.916067,0.916067,-0.348634,-0.348633
130_bNAb_Combinations|1342240|sample|3|nan|1798,0.02656,0.931355,3,3,1,0.675845,0.876133,0.876133,0.876133,0.525529,0.52553
130_bNAb_Combinations|1342240|sample|3|nan|1798,0.1328,0.830071,4,3,1,0.340307,0.676522,0.676523,0.676522,1.88237,1.88238
130_bNAb_Combinations|1342240|sample|3|nan|1798,0.664,0.362418,5,3,1,0.0595596,0.297247,0.297247,0.297247,1.76587,1.76588
130_bNAb_Combinations|1342240|sample|3|nan|1798,3.32,0.0234358,6,3,1,0.0147606,0.023791,0.023791,0.023791,-0.0755439,-0.0755394
130_bNAb_Combinations|1342240|sample|3|nan|1798,83,0.000966825,8,3,1,0.0123082,0.000972711,0.000972711,0.000972711,-0.00292236,-0.0029222
130_bNAb_Combinations|1342240|sample|4|nan|1798,0.0010624,0.808053,1,4,1,0.796354,0.824579,0.82458,0.824579,-0.166923,-0.16692
130_bNAb_Combinations|1342240|sample|4|nan|1798,0.005312,0.88955,2,4,1,0.832519,0.916067,0.916067,0.916067,-0.241544,-0.241543
130_bNAb_Combinations|1342240|sample|4|nan|1798,0.02656,0.902873,3,4,1,0.675845,0.876133,0.876133,0.876133,0.254469,0.25447
130_bNAb_Combinations|1342240|sample|4|nan|1798,0.1328,0.803702,4,4,1,0.343935,0.683735,0.683736,0.683735,1.45554,1.45554
130_bNAb_Combinations|1342240|sample|4|nan|1798,0.664,0.370758,5,4,1,0.0601945,0.300416,0.300416,0.300416,1.88691,1.88692
130_bNAb_Combinations|1342240|sample|4|nan|1798,3.32,0.0203936,6,4,1,0.0147606,0.023791,0.023791,0.023791,-0.722638,-0.722634
130_bNAb_Combinations|1342240|sample|4|nan|1798,16.6,3.8673e-05,7,4,1,0.0140213,0.00111977,0.00111977,0.00111977,-0.532158,-0.532158
130_bNAb_Combinations|1342240|sample|4|nan|1798,83,0.000747678,8,4,1,0.0123082,0.000972711,0.000972711,0.000972711,-0.111723,-0.111723
130_bNAb_Combinations|1342240|sample|8|nan|1798,16.6,0.000721896,7,8,1,0.0140213,0.00111977,0.00111977,0.00111977,-0.195848,-0.195848
130_bNAb_Combinations|1342240|vc|1|2|nan|1798,0,0.862537,1,2,1,0.83399,0.833978,0.833978,0.833978,0.285257,0.28526
130_bNAb_Combinations|1342240|vc|2|2|nan|1798,0,0.923324,2,2,1,0.950069,0.950065,0.950065,0.950065,-0.235011,-0.23501
130_bNAb_Combinations|1342240|vc|3|2|nan|1798,0,0.944627,3,2,1,0.950069,0.950065,0.950065,0.950065,-0.0477962,-0.047795
130_bNAb_Combinations|1342240|vc|4|2|nan|1798,0,1,4,2,1,0.950069,0.950065,0.950065,0.950065,0.438849,0.43885
130_bNAb_Combinations|1342240|vc|5|2|nan|1798,0,0.995817,5,2,1,0.950069,0.950065,0.950065,0.950065,0.402086,0.402087
130_bNAb_Combinations|1342240|vc|6|2|nan|1798,0,0.979742,6,2,1,0.950069,0.950065,0.950065,0.950065,0.260811,0.260812
130_bNAb_Combinations|1342240|vc|7|2|nan|1798,0,0.912625,7,2,1,0.950069,0.950065,0.950065,0.950065,-0.329043,-0.329042
130_bNAb_Combinations|1342240|vc|8|2|nan|1798,0,0.732654,8,2,1,0.83399,0.833978,0.833978,0.833978,-1.01209,-1.01209
130_bNAb_Combinations|1342258|cc|1|1|TRO.11|8301,0,0.000586773,1,1,0,0,0,0,0,0.308884,0.308884
130_bNAb_Combinations|1342258|cc|2|1|TRO.11|8301,0,0.000602214,2,1,0,0,0,0,0,0.317012,0.317012
130_bNAb_Combinations|1342258|cc|3|1|TRO.11|8301,0,0.000756628,3,1,0,0,0,0,0,0.398298,0.398298
130_bNAb_Combinations|1342258|cc|4|1|TRO.11|8301,0,0.000694863,4,1,0,0,0,0,0,0.365783,0.365783
130_bNAb_Combinations|1342258|cc|5|1|TRO.11|8301,0,0.000957366,5,1,0,0,0,0,0,0.503968,0.503968
130_bNAb_Combinations|1342258|cc|6|1|TRO.11|8301,0,0.000648538,6,1,0,0,0,0,0,0.341398,0.341398
130_bNAb_Combinations|1342258|cc|7|1|TRO.11|8301,0,0.00103457,7,1,0,0,0,0,0,0.544611,0.544611
130_bNAb_Combinations|1342258|cc|8|1|TRO.11|8301,0,0.00112722,8,1,0,0,0,0,0,0.593382,0.593382
130_bNAb_Combinations|1342258|sample|3|TRO.11|8301,0.0010624,1,1,3,1,0.796354,0.913611,0.91361,0.913611,0.789005,0.788992
130_bNAb_Combinations|1342258|sample|3|TRO.11|8301,0.005312,0.977008,2,3,1,0.832519,0.902218,0.902218,0.902218,0.691536,0.691534
130_bNAb_Combinations|1342258|sample|3|TRO.11|8301,0.02656,0.852774,3,3,1,0.675845,0.732699,0.7327,0.732699,1.36158,1.36159
130_bNAb_Combinations|1342258|sample|3|TRO.11|8301,0.1328,0.409135,4,3,1,0.340307,0.370626,0.370626,0.370626,0.845471,0.845477
130_bNAb_Combinations|1342258|sample|3|TRO.11|8301,0.664,0.0368586,5,3,1,0.0595596,0.0440281,0.0440282,0.0440281,-1.01198,-1.01197
130_bNAb_Combinations|1342258|sample|3|TRO.11|8301,3.32,0.000988249,6,3,1,0.0147606,0.00046068,0.000460681,0.00046068,0.270007,0.270007
130_bNAb_Combinations|1342258|sample|3|TRO.11|8301,16.6,0.000617656,7,3,1,0.0140213,0.000383203,0.000383203,0.000383203,0.120555,0.120555
130_bNAb_Combinations|1342258|sample|3|TRO.11|8301,83,0.0017912,8,3,1,0.0123082,0.000363038,0.000363038,0.000363038,0.735254,0.735253
130_bNAb_Combinations|1342258|sample|4|TRO.11|8301,0.0010624,0.951962,1,4,1,0.796354,0.913611,0.91361,0.913611,0.35027,0.350258
130_bNAb_Combinations|1342258|sample|4|TRO.11|8301,0.005312,0.975433,2,4,1,0.832519,0.902218,0.902218,0.902218,0.676973,0.676971
130_bNAb_Combinations|1342258|sample|4|TRO.11|8301,0.02656,0.81302,3,4,1,0.675845,0.732699,0.7327,0.732699,0.910796,0.910798
130_bNAb_Combinations|1342258|sample|4|TRO.11|8301,0.1328,0.42409,4,4,1,0.343935,0.370844,0.370844,0.370844,1.16837,1.16838
130_bNAb_Combinations|1342258|sample|4|TRO.11|8301,0.664,0.0475286,5,4,1,0.0601945,0.044054,0.0440541,0.044054,0.490215,0.490224
130_bNAb_Combinations|1342258|sample|4|TRO.11|8301,3.32,0.000586773,6,4,1,0.0147606,0.00046068,0.000460681,0.00046068,0.0645334,0.0645334
130_bNAb_Combinations|1342258|sample|4|TRO.11|8301,16.6,0.00101913,7,4,1,0.0140213,0.000383203,0.000383203,0.000383203,0.326992,0.326992
130_bNAb_Combinations|1342258|sample|4|TRO.11|8301,83,0.00205371,8,4,1,0.0123082,0.000363038,0.000363038,0.000363038,0.870397,0.870397
130_bNAb_Combinations|1342258|vc|1|2|TRO.11|8301,0,0.96755,1,2,1,0.83399,0.941506,0.941505,0.941506,0.230943,0.23093
130_bNAb_Combinations|1342258|vc|2|2|TRO.11|8301,0,0.984057,2,2,1,0.950069,0.993801,0.993801,0.993801,-0.0819258,-0.0819282
130_bNAb_Combinations|1342258|vc|3|2|TRO.11|8301,0,0.968554,3,2,1,0.950069,0.993801,0.993801,0.993801,-0.212274,-0.212277
130_bNAb_Combinations|1342258|vc|4|2|TRO.11|8301,0,0.996418,4,2,1,0.950069,0.993801,0.993801,0.993801,0.0220024,0.0219998
130_bNAb_Combinations|1342258|vc|5|2|TRO.11|8301,0,0.95952,5,2,1,0.950069,0.993801,0.993801,0.993801,-0.288224,-0.288226
130_bNAb_Combinations|1342258|vc|6|2|TRO.11|8301,0,0.92514,6,2,1,0.950069,0.993801,0.993801,0.993801,-0.577288,-0.577291
130_bNAb_Combinations|1342258|vc|7|2|TRO.11|8301,0,0.920917,7,2,1,0.950069,0.993801,0.993801,0.993801,-0.612797,-0.612799
130_bNAb_Combinations|1342258|vc|8|2|TRO.11|8301,0,0.827859,8,2,1,0.83399,0.941506,0.941505,0.941506,-1.00769,-1.0077
130_bNAb_Combinations|1342276|cc|1|1|Ce1176_A3|7023,0,0.00106045,1,1,0,0,0,0,0,0.558234,0.558234
130_bNAb_Combinations|1342276|cc|2|1|Ce1176_A3|7023,0,0.000899371,2,1,0,0,0,0,0,0.473439,0.473439
130_bNAb_Combinations|1342276|cc|3|1|Ce1176_A3|7023,0,0.00139604,3,1,0,0,0,0,0,0.73489,0.73489
130_bNAb_Combinations|1342276|cc|4|1|Ce1176_A3|7023,0,0.000885948,4,1,0,0,0,0,0,0.466373,0.466373
130_bNAb_Combinations|1342276|cc|5|1|Ce1176_A3|7023,0,0.000939641,5,1,0,0,0,0,0,0.494638,0.494638
130_bNAb_Combinations|1342276|cc|6|1|Ce1176_A3|7023,0,0.00115442,6,1,0,0,0,0,0,0.607698,0.607698
130_bNAb_Combinations|1342276|cc|7|1|Ce1176_A3|7023,0,0.00167793,7,1,0,0,0,0,0,0.883282,0.883282
130_bNAb_Combinations|1342276|cc|8|1|Ce1176_A3|7023,0,0.0012618,8,1,0,0,0,0,0,0.664228,0.664228
130_bNAb_Combinations|1342276|sample|3|Ce1176_A3|7023,0.0010624,0.725068,1,3,1,0.796354,0.814177,0.814177,0.814177,-0.911301,-0.911299
130_bNAb_Combinations|1342276|sample|3|Ce1176_A3|7023,0.005312,0.881934,2,3,1,0.832519,0.886884,0.886884,0.886884,-0.0465498,-0.0465484
130_bNAb_Combinations|1342276|sample|3|Ce1176_A3|7023,0.02656,0.891317,3,3,1,0.675845,0.808956,0.808956,0.808956,0.847617,0.847618
130_bNAb_Combinations|1342276|sample|3|Ce1176_A3|7023,0.1328,0.705718,4,3,1,0.340307,0.561579,0.561579,0.561579,2.1186,2.1186
130_bNAb_Combinations|1342276|sample|3|Ce1176_A3|7023,0.664,0.239233,5,3,1,0.0595596,0.20062,0.20062,0.20062,1.51266,1.51266
130_bNAb_Combinations|1342276|sample|3|Ce1176_A3|7023,3.32,0.012269,6,3,1,0.0147606,0.0131422,0.0131422,0.0131422,-0.253289,-0.25329
130_bNAb_Combinations|1342276|sample|3|Ce1176_A3|7023,16.6,0.00138262,7,3,1,0.0140213,0.00171343,0.00171343,0.00171343,-0.157423,-0.157423
130_bNAb_Combinations|1342276|sample|3|Ce1176_A3|7023,83,0.00073829,8,3,1,0.0123082,0.00149851,0.00149851,0.00149851,-0.366174,-0.366174
130_bNAb_Combinations|1342276|sample|4|Ce1176_A3|7023,0.0010624,0.749337,1,4,1,0.796354,0.814177,0.814177,0.814177,-0.663102,-0.663099
130_bNAb_Combinations|1342276|sample|4|Ce1176_A3|7023,0.005312,0.874437,2,4,1,0.832519,0.886884,0.886884,0.886884,-0.117047,-0.117045
130_bNAb_Combinations|1342276|sample|4|Ce1176_A3|7023,0.02656,0.920365,3,4,1,0.675845,0.808956,0.808956,0.808956,1.14657,1.14657
130_bNAb_Combinations|1342276|sample|4|Ce1176_A3|7023,0.1328,0.749364,4,4,1,0.343935,0.567567,0.567567,0.567567,2.64471,2.64471
130_bNAb_Combinations|1342276|sample|4|Ce1176_A3|7023,0.664,0.256838,5,4,1,0.0601945,0.202759,0.202759,0.202759,2.09784,2.09784
130_bNAb_Combinations|1342276|sample|4|Ce1176_A3|7023,3.32,0.0164035,6,4,1,0.0147606,0.0131422,0.0131422,0.0131422,0.946007,0.946007
130_bNAb_Combinations|1342276|sample|4|Ce1176_A3|7023,16.6,0.000402703,7,4,1,0.0140213,0.00171343,0.00171343,0.00171343,-0.623728,-0.623728
130_bNAb_Combinations|1342276|sample|4|Ce1176_A3|7023,83,0.000617479,8,4,1,0.0123082,0.00149851,0.00149851,0.00149851,-0.424364,-0.424364
130_bNAb_Combinations|1342276|vc|1|2|Ce1176_A3|7023,0,0.763009,1,2,1,0.83399,0.833981,0.833981,0.833981,-0.708905,-0.708903
130_bNAb_Combinations|1342276|vc|2|2|Ce1176_A3|7023,0,0.910553,2,2,1,0.950069,0.950064,0.950064,0.950064,-0.347244,-0.347242
130_bNAb_Combinations|1342276|vc|3|2|Ce1176_A3|7023,0,1,3,2,1,0.950069,0.950064,0.950064,0.950064,0.438858,0.43886
130_bNAb_Combinations|1342276|vc|4|2|Ce1176_A3|7023,0,0.978623,4,2,1,0.950069,0.950064,0.950064,0.950064,0.250989,0.25099
130_bNAb_Combinations|1342276|vc|5|2|Ce1176_A3|7023,0,0.915016,5,2,1,0.950069,0.950064,0.950064,0.950064,-0.308018,-0.308017
130_bNAb_Combinations|1342276|vc|6|2|Ce1176_A3|7023,0,0.948528,6,2,1,0.950069,0.950064,0.950064,0.950064,-0.0135027,-0.0135015
130_bNAb_Combinations|1342276|vc|7|2|Ce1176_A3|7023,0,0.841536,7,2,1,0.950069,0.950064,0.950064,0.950064,-0.953793,-0.953792
130_bNAb_Combinations|1342276|vc|8|2|Ce1176_A3|7023,0,0.749606,8,2,1,0.83399,0.833981,0.833981,0.833981,-0.842785,-0.842782
130_bNAb_Combinations|1342294|cc|1|1|nan|1176,0,0.00986891,1,1,0,0,0,0,0,5.1951,5.1951
130_bNAb_Combinations|1342294|cc|2|1|nan|1176,0,0.00692296,2,1,0,0,0,0,0,3.64433,3.64433
130_bNAb_Combinations|1342294|cc|3|1|nan|1176,0,0.00368243,3,1,0,0,0,0,0,1.93847,1.93847
130_bNAb_Combinations|1342294|cc|4|1|nan|1176,0,0.0107527,4,1,0,0,0,0,0,5.66034,5.66034
130_bNAb_Combinations|1342294|cc|5|1|nan|1176,0,0.000736485,5,1,0,0,0,0,0,0.387694,0.387694
130_bNAb_Combinations|1342294|cc|6|1|nan|1176,0,0,6,1,0,0,0,0,0,0,0
130_bNAb_Combinations|1342294|cc|7|1|nan|1176,0,0.00618648,7,1,0,0,0,0,0,3.25663,3.25663
130_bNAb_Combinations|1342294|cc|8|1|nan|1176,0,0.0048608,8,1,0,0,0,0,0,2.55878,2.55878
130_bNAb_Combinations|1342294|sample|3|nan|1176,0.0010624,0.7384,1,3,1,0.796354,0.78649,0.78649,0.78649,-0.508769,-0.508766
130_bNAb_Combinations|1342294|sample|3|nan|1176,0.005312,0.840477,2,3,1,0.832519,0.799526,0.799526,0.799526,0.426316,0.426319
130_bNAb_Combinations|1342294|sample|3|nan|1176,0.02656,0.51554,3,3,1,0.675845,0.593856,0.593856,0.593856,-1.09021,-1.0902
130_bNAb_Combinations|1342294|sample|3|nan|1176,0.1328,0.173221,4,3,1,0.340307,0.227015,0.227015,0.227015,-1.87863,-1.87863
130_bNAb_Combinations|1342294|sample|3|nan|1176,0.664,0.0191486,5,3,1,0.0595596,0.0201898,0.0201899,0.0201898,-0.24343,-0.243426
130_bNAb_Combinations|1342294|sample|3|nan|1176,3.32,0.00559729,6,3,1,0.0147606,0.0066605,0.0066605,0.0066605,-0.396124,-0.396124
130_bNAb_Combinations|1342294|sample|3|nan|1176,83,0.0050081,8,3,1,0.0123082,0.00563301,0.00563301,0.00563301,-0.243818,-0.243817
130_bNAb_Combinations|1342294|sample|4|nan|1176,0.0010624,0.680071,1,4,1,0.796354,0.78649,0.78649,0.78649,-1.12587,-1.12587
130_bNAb_Combinations|1342294|sample|4|nan|1176,0.005312,0.847842,2,4,1,0.832519,0.799526,0.799526,0.799526,0.502988,0.50299
130_bNAb_Combinations|1342294|sample|4|nan|1176,0.02656,0.692444,3,4,1,0.675845,0.593856,0.593856,0.593856,1.3724,1.3724
130_bNAb_Combinations|1342294|sample|4|nan|1176,0.1328,0.216085,4,4,1,0.343935,0.229435,0.229435,0.229435,-0.461641,-0.461636
130_bNAb_Combinations|1342294|sample|4|nan|1176,0.664,0.0187067,5,4,1,0.0601945,0.0204051,0.0204051,0.0204051,-0.394722,-0.394718
130_bNAb_Combinations|1342294|sample|4|nan|1176,3.32,0.00456621,6,4,1,0.0147606,0.0066605,0.0066605,0.0066605,-0.780276,-0.780276
130_bNAb_Combinations|1342294|sample|4|nan|1176,16.6,0.00618648,7,4,1,0.0140213,0.00641705,0.00641705,0.00641705,-0.0868332,-0.0868329
130_bNAb_Combinations|1342294|sample|4|nan|1176,83,0.00265135,8,4,1,0.0123082,0.00563301,0.00563301,0.00563301,-1.16333,-1.16333
130_bNAb_Combinations|1342294|sample|8|nan|1176,16.6,0.00883783,7,8,1,0.0140213,0.00641705,0.00641705,0.00641705,0.911652,0.911652
130_bNAb_Combinations|1342294|vc|1|2|nan|1176,0,0.903962,1,2,1,0.83399,0.833989,0.833989,0.833989,0.698921,0.698924
130_bNAb_Combinations|1342294|vc|2|2|nan|1176,0,0.772868,2,2,1,0.950069,0.950069,0.950069,0.950069,-1.55732,-1.55731
130_bNAb_Combinations|1342294|vc|3|2|nan|1176,0,0.798792,3,2,1,0.950069,0.950069,0.950069,0.950069,-1.32948,-1.32948
130_bNAb_Combinations|1342294|vc|4|2|nan|1176,0,1,4,2,1,0.950069,0.950069,0.950069,0.950069,0.438815,0.438816
130_bNAb_Combinations|1342294|vc|5|2|nan|1176,0,0.928708,5,2,1,0.950069,0.950069,0.950069,0.950069,-0.187727,-0.187726
130_bNAb_Combinations|1342294|vc|6|2|nan|1176,0,0.843276,6,2,1,0.950069,0.950069,0.950069,0.950069,-0.938541,-0.93854
130_bNAb_Combinations|1342294|vc|7|2|nan|1176,0,0.868906,7,2,1,0.950069,0.950069,0.950069,0.950069,-0.713297,-0.713296
130_bNAb_Combinations|1342294|vc|8|2|nan|1176,0,0.751657,8,2,1,0.83399,0.833989,0.833989,0.833989,-0.822368,-0.822365
130_bNAb_Combinations|1342312|cc|1|1|RHPA4259.7|5371,0,0.00173044,1,1,0,0,0,0,0,0.910922,0.910922
130_bNAb_Combinations|1342312|cc|2|1|RHPA4259.7|5371,0,0.00228271,2,1,0,0,0,0,0,1.20164,1.20164
130_bNAb_Combinations|1342312|cc|3|1|RHPA4259.7|5371,0,0.00237475,3,1,0,0,0,0,0,1.2501,1.2501
130_bNAb_Combinations|1342312|cc|4|1|RHPA4259.7|5371,0,0.00189612,4,1,0,0,0,0,0,0.998138,0.998138
130_bNAb_Combinations|1342312|cc|5|1|RHPA4259.7|5371,0,0.00136226,5,1,0,0,0,0,0,0.717109,0.717109
130_bNAb_Combinations|1342312|cc|6|1|RHPA4259.7|5371,0,0.00187771,6,1,0,0,0,0,0,0.988447,0.988447
130_bNAb_Combinations|1342312|cc|7|1|RHPA4259.7|5371,0,0.00250361,7,1,0,0,0,0,0,1.31793,1.31793
130_bNAb_Combinations|1342312|cc|8|1|RHPA4259.7|5371,0,0.0020618,8,1,0,0,0,0,0,1.08535,1.08535
130_bNAb_Combinations|1342312|sample|3|RHPA4259.7|5371,0.0010624,0.763952,1,3,1,0.796354,0.745122,0.745123,0.745122,0.210028,0.210031
130_bNAb_Combinations|1342312|sample|3|RHPA4259.7|5371,0.005312,0.818875,2,3,1,0.832519,0.68845,0.68845,0.68845,1.57183,1.57183
130_bNAb_Combinations|1342312|sample|3|RHPA4259.7|5371,0.02656,0.538378,3,3,1,0.675845,0.393708,0.393708,0.393708,2.99738,2.99738
130_bNAb_Combinations|1342312|sample|3|RHPA4259.7|5371,0.1328,0.0814411,4,3,1,0.340307,0.0750555,0.0750555,0.0750555,0.594629,0.594629
130_bNAb_Combinations|1342312|sample|3|RHPA4259.7|5371,0.664,0.00397633,5,3,1,0.0595596,0.00233688,0.00233688,0.00233688,0.753816,0.753816
130_bNAb_Combinations|1342312|sample|3|RHPA4259.7|5371,3.32,0.00173044,6,3,1,0.0147606,0.00154554,0.00154554,0.00154554,0.0888212,0.0888212
130_bNAb_Combinations|1342312|sample|3|RHPA4259.7|5371,16.6,0.00147271,7,3,1,0.0140213,0.00149075,0.00149075,0.00149075,-0.00869109,-0.00869099
130_bNAb_Combinations|1342312|sample|3|RHPA4259.7|5371,83,0.0012334,8,3,1,0.0123082,0.00130861,0.00130861,0.00130861,-0.0366217,-0.0366215
130_bNAb_Combinations|1342312|sample|4|RHPA4259.7|5371,0.0010624,0.732077,1,4,1,0.796354,0.745122,0.745123,0.745122,-0.145521,-0.145518
130_bNAb_Combinations|1342312|sample|4|RHPA4259.7|5371,0.005312,0.824591,2,4,1,0.832519,0.68845,0.68845,0.68845,1.64071,1.64071
130_bNAb_Combinations|1342312|sample|4|RHPA4259.7|5371,0.02656,0.536592,3,4,1,0.675845,0.393708,0.393708,0.393708,2.96038,2.96038
130_bNAb_Combinations|1342312|sample|4|RHPA4259.7|5371,0.1328,0.0694384,4,4,1,0.343935,0.0758557,0.0758557,0.0758557,-0.592382,-0.592382
130_bNAb_Combinations|1342312|sample|4|RHPA4259.7|5371,0.664,0.00323997,5,4,1,0.0601945,0.00236179,0.00236179,0.00236179,0.403241,0.40324
130_bNAb_Combinations|1342312|sample|4|RHPA4259.7|5371,3.32,0.00138067,6,4,1,0.0147606,0.00154554,0.00154554,0.00154554,-0.0792024,-0.0792023
130_bNAb_Combinations|1342312|sample|4|RHPA4259.7|5371,16.6,0.00134385,7,4,1,0.0140213,0.00149075,0.00149075,0.00149075,-0.070787,-0.0707869
130_bNAb_Combinations|1342312|sample|4|RHPA4259.7|5371,83,0.00163839,8,4,1,0.0123082,0.00130861,0.00130861,0.00130861,0.160575,0.160575
130_bNAb_Combinations|1342312|vc|1|2|RHPA4259.7|5371,0,0.805648,1,2,1,0.83399,0.83399,0.83399,0.83399,-0.283091,-0.283089
130_bNAb_Combinations|1342312|vc|2|2|RHPA4259.7|5371,0,0.988964,2,2,1,0.950069,0.950069,0.950069,0.950069,0.341823,0.341825
130_bNAb_Combinations|1342312|vc|3|2|RHPA4259.7|5371,0,0.95037,3,2,1,0.950069,0.950069,0.950069,0.950069,0.00264086,0.00264209
130_bNAb_Combinations|1342312|vc|4|2|RHPA4259.7|5371,0,0.951677,4,2,1,0.950069,0.950069,0.950069,0.950069,0.0141276,0.0141288
130_bNAb_Combinations|1342312|vc|5|2|RHPA4259.7|5371,0,1,5,2,1,0.950069,0.950069,0.950069,0.950069,0.438813,0.438815
130_bNAb_Combinations|1342312|vc|6|2|RHPA4259.7|5371,0,0.952339,6,2,1,0.950069,0.950069,0.950069,0.950069,0.0199519,0.0199531
130_bNAb_Combinations|1342312|vc|7|2|RHPA4259.7|5371,0,0.995186,7,2,1,0.950069,0.950069,0.950069,0.950069,0.396507,0.396508
130_bNAb_Combinations|1342312|vc|8|2|RHPA4259.7|5371,0,0.750412,8,2,1,0.83399,0.83399,0.83399,0.83399,-0.834811,-0.834809
130_bNAb_Combinations|1342336|cc|1|1|nan|3430,0,0,1,1,0,0,0,0,0,0,0
130_bNAb_Combinations|1342336|cc|2|1|nan|3430,0,0,2,1,0,0,0,0,0,0,0
130_bNAb_Combinations|1342336|cc|3|1|nan|3430,0,0.00041405,3,1,0,0,0,0,0,0.217961,0.217961
130_bNAb_Combinations|1342336|cc|4|1|nan|3430,0,0.00119614,4,1,0,0,0,0,0,0.629664,0.629664
130_bNAb_Combinations|1342336|cc|5|1|nan|3430,0,0.00174821,5,1,0,0,0,0,0,0.920278,0.920278
130_bNAb_Combinations|1342336|cc|6|1|nan|3430,0,0.00207025,6,1,0,0,0,0,0,1.0898,1.0898
130_bNAb_Combinations|1342336|cc|7|1|nan|3430,0,0.00110413,7,1,0,0,0,0,0,0.581228,0.581228
130_bNAb_Combinations|1342336|cc|8|1|nan|3430,0,0.0016562,8,1,0,0,0,0,0,0.871842,0.871842
130_bNAb_Combinations|1342336|sample|3|nan|3430,0.0010624,0.85338,1,3,1,0.796354,0.772952,0.772952,0.772952,0.86549,0.865492
130_bNAb_Combinations|1342336|sample|3|nan|3430,0.005312,0.846134,2,3,1,0.832519,0.763061,0.763061,0.763061,0.9053,0.905299
130_bNAb_Combinations|1342336|sample|3|nan|3430,0.02656,0.598923,3,3,1,0.675845,0.52436,0.52436,0.52436,1.17143,1.17142
130_bNAb_Combinations|1342336|sample|3|nan|3430,0.1328,0.155913,4,3,1,0.340307,0.163156,0.163156,0.163156,-0.343047,-0.343056
130_bNAb_Combinations|1342336|sample|3|nan|3430,0.664,0.00768293,5,3,1,0.0595596,0.0075771,0.00757709,0.0075771,0.0379098,0.0379037
130_bNAb_Combinations|1342336|sample|3|nan|3430,16.6,0.00115014,7,3,1,0.0140213,0.00127811,0.00127811,0.00127811,-0.0624212,-0.0624211
130_bNAb_Combinations|1342336|sample|3|nan|3430,83,0.00276033,8,3,1,0.0123082,0.00112195,0.00112195,0.00112195,0.806375,0.806375
130_bNAb_Combinations|1342336|sample|4|nan|3430,0.0010624,0.773193,1,4,1,0.796354,0.772952,0.772952,0.772952,0.0025863,0.00258835
130_bNAb_Combinations|1342336|sample|4|nan|3430,0.005312,0.819405,2,4,1,0.832519,0.763061,0.763061,0.763061,0.614014,0.614013
130_bNAb_Combinations|1342336|sample|4|nan|3430,0.02656,0.59009,3,4,1,0.675845,0.52436,0.52436,0.52436,1.03265,1.03265
130_bNAb_Combinations|1342336|sample|4|nan|3430,0.1328,0.181814,4,4,1,0.343935,0.164896,0.164895,0.164896,0.7936,0.79359
130_bNAb_Combinations|1342336|sample|4|nan|3430,0.664,0.00570469,5,4,1,0.0601945,0.00765788,0.00765786,0.00765788,-0.697189,-0.697195
130_bNAb_Combinations|1342336|sample|4|nan|3430,3.32,0.000966117,6,4,1,0.0147606,0.00132643,0.00132643,0.00132643,-0.175262,-0.175262
130_bNAb_Combinations|1342336|sample|4|nan|3430,16.6,0.0008281,7,4,1,0.0140213,0.00127811,0.00127811,0.00127811,-0.2195,-0.2195
130_bNAb_Combinations|1342336|sample|4|nan|3430,83,0.00289835,8,4,1,0.0123082,0.00112195,0.00112195,0.00112195,0.874304,0.874304
130_bNAb_Combinations|1342336|sample|5|nan|3430,3.32,0.00156419,6,5,1,0.0147606,0.00132643,0.00132643,0.00132643,0.115648,0.115648
130_bNAb_Combinations|1342336|vc|1|2|nan|3430,0,0.92255,1,2,1,0.83399,0.83399,0.83399,0.83399,0.884567,0.88457
130_bNAb_Combinations|1342336|vc|2|2|nan|3430,0,0.992179,2,2,1,0.950069,0.950069,0.950069,0.950069,0.370078,0.37008
130_bNAb_Combinations|1342336|vc|3|2|nan|3430,0,1,3,2,1,0.950069,0.950069,0.950069,0.950069,0.438812,0.438813
130_bNAb_Combinations|1342336|vc|4|2|nan|3430,0,0.999402,4,2,1,0.950069,0.950069,0.950069,0.950069,0.433556,0.433557
130_bNAb_Combinations|1342336|vc|5|2|nan|3430,0,0.95802,5,2,1,0.950069,0.950069,0.950069,0.950069,0.069874,0.0698753
130_bNAb_Combinations|1342336|vc|6|2|nan|3430,0,0.951441,6,2,1,0.950069,0.950069,0.950069,0.950069,0.0120569,0.0120581
130_bNAb_Combinations|1342336|vc|7|2|nan|3430,0,0.88701,7,2,1,0.950069,0.950069,0.950069,0.950069,-0.554187,-0.554186
130_bNAb_Combinations|1342336|vc|8|2|nan|3430,0,0.926598,8,2,1,0.83399,0.83399,0.83399,0.83399,0.925005,0.925008
130_bNAb_Combinations|1342348|cc|1|1|nan|4166,0,0.000451154,1,1,0,0,0,0,0,0.237493,0.237493
130_bNAb_Combinations|1342348|cc|2|1|nan|4166,0,0.000773408,2,1,0,0,0,0,0,0.40713,0.40713
130_bNAb_Combinations|1342348|cc|3|1|nan|4166,0,0.00125679,3,1,0,0,0,0,0,0.661587,0.661587
130_bNAb_Combinations|1342348|cc|4|1|nan|4166,0,0.00128901,4,1,0,0,0,0,0,0.678551,0.678551
130_bNAb_Combinations|1342348|cc|5|1|nan|4166,0,0.000998985,5,1,0,0,0,0,0,0.525877,0.525877
130_bNAb_Combinations|1342348|cc|6|1|nan|4166,0,0.000773408,6,1,0,0,0,0,0,0.40713,0.40713
130_bNAb_Combinations|1342348|cc|7|1|nan|4166,0,0.000386704,7,1,0,0,0,0,0,0.203565,0.203565
130_bNAb_Combinations|1342348|cc|8|1|nan|4166,0,0.000644506,8,1,0,0,0,0,0,0.339275,0.339275
130_bNAb_Combinations|1342348|sample|3|nan|4166,0.0010624,0.836295,1,3,1,0.796354,0.753087,0.753087,0.753087,0.918529,0.918528
130_bNAb_Combinations|1342348|sample|3|nan|4166,0.005312,0.838358,2,3,1,0.832519,0.69036,0.690359,0.69036,1.77881,1.7788
130_bNAb_Combinations|1342348|sample|3|nan|4166,0.02656,0.39555,3,3,1,0.675845,0.363971,0.363969,0.363971,0.705496,0.705469
130_bNAb_Combinations|1342348|sample|3|nan|4166,0.1328,0.0558787,4,3,1,0.340307,0.0463323,0.0463319,0.0463323,1.29782,1.29776
130_bNAb_Combinations|1342348|sample|3|nan|4166,0.664,0.00054783,5,3,1,0.0595596,0.00126897,0.00126897,0.00126897,-0.351929,-0.35193
130_bNAb_Combinations|1342348|sample|3|nan|4166,3.32,0,6,3,1,0.0147606,0.00117364,0.00117364,0.00117364,-0.575915,-0.575915
130_bNAb_Combinations|1342348|sample|3|nan|4166,16.6,0.000515605,7,3,1,0.0140213,0.00113204,0.00113204,0.00113204,-0.303219,-0.303219
130_bNAb_Combinations|1342348|sample|3|nan|4166,83,0.000676732,8,3,1,0.0123082,0.000993727,0.000993727,0.000993727,-0.157187,-0.157186
130_bNAb_Combinations|1342348|sample|4|nan|4166,0.0010624,0.820247,1,4,1,0.796354,0.753087,0.753087,0.753087,0.741374,0.741373
130_bNAb_Combinations|1342348|sample|4|nan|4166,0.005312,0.753734,2,4,1,0.832519,0.69036,0.690359,0.69036,0.761708,0.761698
130_bNAb_Combinations|1342348|sample|4|nan|4166,0.02656,0.405797,3,4,1,0.675845,0.363971,0.363969,0.363971,0.934427,0.934398
130_bNAb_Combinations|1342348|sample|4|nan|4166,0.1328,0.0446321,4,4,1,0.343935,0.0468262,0.0468259,0.0468262,-0.295891,-0.295941
130_bNAb_Combinations|1342348|sample|4|nan|4166,0.664,0.00161127,5,4,1,0.0601945,0.0012825,0.0012825,0.0012825,0.160322,0.160321
130_bNAb_Combinations|1342348|sample|4|nan|4166,3.32,0.000934534,6,4,1,0.0147606,0.00117364,0.00117364,0.00117364,-0.117332,-0.117332
130_bNAb_Combinations|1342348|sample|4|nan|4166,16.6,0.00174017,7,4,1,0.0140213,0.00113204,0.00113204,0.00113204,0.299132,0.299132
130_bNAb_Combinations|1342348|sample|4|nan|4166,83,0.00157904,8,4,1,0.0123082,0.000993727,0.000993727,0.000993727,0.290236,0.290236
130_bNAb_Combinations|1342348|vc|1|2|nan|4166,0,0.800445,1,2,1,0.83399,0.833989,0.833989,0.833989,-0.335056,-0.335054
130_bNAb_Combinations|1342348|vc|2|2|nan|4166,0,0.905725,2,2,1,0.950069,0.950069,0.950069,0.950069,-0.389713,-0.389712
130_bNAb_Combinations|1342348|vc|3|2|nan|4166,0,1,3,2,1,0.950069,0.950069,0.950069,0.950069,0.438816,0.438817
130_bNAb_Combinations|1342348|vc|4|2|nan|4166,0,0.920162,4,2,1,0.950069,0.950069,0.950069,0.950069,-0.262835,-0.262834
130_bNAb_Combinations|1342348|vc|5|2|nan|4166,0,0.841097,5,2,1,0.950069,0.950069,0.950069,0.950069,-0.957689,-0.957688
130_bNAb_Combinations|1342348|vc|6|2|nan|4166,0,0.905435,6,2,1,0.950069,0.950069,0.950069,0.950069,-0.392262,-0.392261
130_bNAb_Combinations|1342348|vc|7|2|nan|4166,0,0.801959,7,2,1,0.950069,0.950069,0.950069,0.950069,-1.30165,-1.30165
130_bNAb_Combinations|1342348|vc|8|2|nan|4166,0,0.723716,8,2,1,0.83399,0.833989,0.833989,0.833989,-1.10145,-1.10145
130_bNAb_Combinations|1342372|cc|1|1|nan|2944,0,0.00214128,1,1,0,0,0,0,0,1.12719,1.12719
130_bNAb_Combinations|1342372|cc|2|1|nan|2944,0,0.00406844,2,1,0,0,0,0,0,2.14167,2.14167
130_bNAb_Combinations|1342372|cc|3|1|nan|2944,0,0.00282649,3,1,0,0,0,0,0,1.4879,1.4879
130_bNAb_Combinations|1342372|cc|4|1|nan|2944,0,0.00355453,4,1,0,0,0,0,0,1.87114,1.87114
130_bNAb_Combinations|1342372|cc|5|1|nan|2944,0,0.00321192,5,1,0,0,0,0,0,1.69079,1.69079
130_bNAb_Combinations|1342372|cc|6|1|nan|2944,0,0.0020128,6,1,0,0,0,0,0,1.05956,1.05956
130_bNAb_Combinations|1342372|cc|7|1|nan|2944,0,0.00111347,7,1,0,0,0,0,0,0.586141,0.586141
130_bNAb_Combinations|1342372|cc|8|1|nan|2944,0,0.000642385,8,1,0,0,0,0,0,0.338158,0.338158
130_bNAb_Combinations|1342372|sample|3|nan|2944,0.0010624,0.787264,1,3,1,0.796354,0.763041,0.763133,0.763041,0.262945,0.263977
130_bNAb_Combinations|1342372|sample|3|nan|2944,0.005312,0.896555,2,3,1,0.832519,0.80623,0.806243,0.80623,0.932507,0.932654
130_bNAb_Combinations|1342372|sample|3|nan|2944,0.02656,0.630907,3,3,1,0.675845,0.645223,0.645221,0.645223,-0.18378,-0.1838
130_bNAb_Combinations|1342372|sample|3|nan|2944,0.1328,0.303313,4,3,1,0.340307,0.294544,0.294543,0.294544,0.239699,0.23967
130_bNAb_Combinations|1342372|sample|3|nan|2944,0.664,0.0365731,5,3,1,0.0595596,0.0320533,0.0320531,0.0320533,0.79655,0.796515
130_bNAb_Combinations|1342372|sample|3|nan|2944,3.32,0.00179868,6,3,1,0.0147606,0.000631071,0.00063107,0.000631071,0.591501,0.5915
130_bNAb_Combinations|1342372|sample|3|nan|2944,16.6,0.000942164,7,3,1,0.0140213,0.000530928,0.000530937,0.000530928,0.209577,0.209581
130_bNAb_Combinations|1342372|sample|3|nan|2944,83,0.0014989,8,3,1,0.0123082,0.00045788,0.000457935,0.00045788,0.532847,0.532877
130_bNAb_Combinations|1342372|sample|4|nan|2944,0.0010624,0.711912,1,4,1,0.796354,0.763041,0.763133,0.763041,-0.558136,-0.5572
130_bNAb_Combinations|1342372|sample|4|nan|2944,0.005312,0.776814,2,4,1,0.832519,0.80623,0.806243,0.80623,-0.303865,-0.303737
130_bNAb_Combinations|1342372|sample|4|nan|2944,0.02656,0.656731,3,4,1,0.675845,0.645223,0.645221,0.645223,0.147783,0.147762
130_bNAb_Combinations|1342372|sample|4|nan|2944,0.1328,0.279309,4,4,1,0.343935,0.299505,0.299503,0.299505,-0.543282,-0.54332
130_bNAb_Combinations|1342372|sample|4|nan|2944,0.664,0.0268517,5,4,1,0.0601945,0.0325932,0.0325929,0.0325932,-1.00056,-1.0006
130_bNAb_Combinations|1342372|sample|4|nan|2944,3.32,0.00239824,6,4,1,0.0147606,0.000631071,0.00063107,0.000631071,0.895232,0.895231
130_bNAb_Combinations|1342372|sample|4|nan|2944,16.6,0.00145607,7,4,1,0.0140213,0.000530928,0.000530937,0.000530928,0.471483,0.471487
130_bNAb_Combinations|1342372|sample|4|nan|2944,83,0.0033404,8,4,1,0.0123082,0.00045788,0.000457935,0.00045788,1.47547,1.47551
130_bNAb_Combinations|1342372|vc|1|2|nan|2944,0,0.866191,1,2,1,0.83399,0.800861,0.800958,0.800861,0.67792,0.679004
130_bNAb_Combinations|1342372|vc|2|2|nan|2944,0,0.961949,2,2,1,0.950069,0.928628,0.928643,0.928628,0.299352,0.299492
130_bNAb_Combinations|1342372|vc|3|2|nan|2944,0,0.934862,3,2,1,0.950069,0.928628,0.928643,0.928628,0.0558993,0.0560359
130_bNAb_Combinations|1342372|vc|4|2|nan|2944,0,1,4,2,1,0.950069,0.928628,0.928643,0.928628,0.64134,0.641485
130_bNAb_Combinations|1342372|vc|5|2|nan|2944,0,0.921672,5,2,1,0.950069,0.928628,0.928643,0.928628,-0.0626514,-0.0625167
130_bNAb_Combinations|1342372|vc|6|2|nan|2944,0,0.914177,6,2,1,0.950069,0.928628,0.928643,0.928628,-0.13001,-0.129876
130_bNAb_Combinations|1342372|vc|7|2|nan|2944,0,0.942057,7,2,1,0.950069,0.928628,0.928643,0.928628,0.120563,0.120701
130_bNAb_Combinations|1342372|vc|8|2|nan|2944,0,0.751547,8,2,1,0.83399,0.800861,0.800958,0.800861,-0.513487,-0.512544
130_bNAb_Combinations|1342384|cc|1|1|nan|2946,0,0.000377127,1,1,0,0,0,0,0,0.198524,0.198524
130_bNAb_Combinations|1342384|cc|2|1|nan|2946,0,0.0014378,2,1,0,0,0,0,0,0.756873,0.756873
130_bNAb_Combinations|1342384|cc|3|1|nan|2946,0,0.00120209,3,1,0,0,0,0,0,0.632795,0.632795
130_bNAb_Combinations|1342384|cc|4|1|nan|2946,0,0.0012728,4,1,0,0,0,0,0,0.670018,0.670018
130_bNAb_Combinations|1342384|cc|5|1|nan|2946,0,0.000966389,5,1,0,0,0,0,0,0.508718,0.508718
130_bNAb_Combinations|1342384|cc|6|1|nan|2946,0,0.00162636,6,1,0,0,0,0,0,0.856135,0.856135
130_bNAb_Combinations|1342384|cc|7|1|nan|2946,0,0.000848536,7,1,0,0,0,0,0,0.446679,0.446679
130_bNAb_Combinations|1342384|cc|8|1|nan|2946,0,0.00219205,8,1,0,0,0,0,0,1.15392,1.15392
130_bNAb_Combinations|1342384|sample|3|nan|2946,0.0010624,0.852284,1,3,1,0.796354,0.843002,0.843001,0.843002,0.0917458,0.0917396
130_bNAb_Combinations|1342384|sample|3|nan|2946,0.005312,0.967355,2,3,1,0.832519,0.923131,0.923131,0.923131,0.399805,0.399805
130_bNAb_Combinations|1342384|sample|3|nan|2946,0.02656,0.934439,3,3,1,0.675845,0.888524,0.888524,0.888524,0.430968,0.430969
130_bNAb_Combinations|1342384|sample|3|nan|2946,0.1328,0.7873,4,3,1,0.340307,0.719235,0.719235,0.719235,0.785953,0.785956
130_bNAb_Combinations|1342384|sample|3|nan|2946,0.664,0.423797,5,3,1,0.0595596,0.381688,0.381688,0.381688,0.898791,0.8988
130_bNAb_Combinations|1342384|sample|3|nan|2946,3.32,0.0580305,6,3,1,0.0147606,0.0595864,0.0595865,0.0595864,-0.174507,-0.174494
130_bNAb_Combinations|1342384|sample|3|nan|2946,16.6,0.00157922,7,3,1,0.0140213,0.00164349,0.00164349,0.00164349,-0.0307054,-0.0307052
130_bNAb_Combinations|1342384|sample|3|nan|2946,83,0.00113138,8,3,1,0.0123082,0.00121913,0.00121913,0.00121913,-0.0429457,-0.0429462
130_bNAb_Combinations|1342384|sample|4|nan|2946,0.0010624,0.86071,1,4,1,0.796354,0.843002,0.843001,0.843002,0.17503,0.175023
130_bNAb_Combinations|1342384|sample|4|nan|2946,0.005312,0.945269,2,4,1,0.832519,0.923131,0.923131,0.923131,0.200142,0.200141
130_bNAb_Combinations|1342384|sample|4|nan|2946,0.02656,0.912624,3,4,1,0.675845,0.888524,0.888524,0.888524,0.226211,0.226212
130_bNAb_Combinations|1342384|sample|4|nan|2946,0.1328,0.777,4,4,1,0.343935,0.726026,0.726026,0.726026,0.583216,0.58322
130_bNAb_Combinations|1342384|sample|4|nan|2946,0.664,0.449052,5,4,1,0.0601945,0.385292,0.385292,0.385292,1.34873,1.34874
130_bNAb_Combinations|1342384|sample|4|nan|2946,3.32,0.0637345,6,4,1,0.0147606,0.0595864,0.0595865,0.0595864,0.465177,0.465191
130_bNAb_Combinations|1342384|sample|4|nan|2946,16.6,0.000824966,7,4,1,0.0140213,0.00164349,0.00164349,0.00164349,-0.39104,-0.39104
130_bNAb_Combinations|1342384|sample|4|nan|2946,83,0.00122566,8,4,1,0.0123082,0.00121913,0.00121913,0.00121913,0.00319781,0.00319736
130_bNAb_Combinations|1342384|vc|1|2|nan|2946,0,0.93029,1,2,1,0.83399,0.852728,0.852728,0.852728,0.758022,0.758015
130_bNAb_Combinations|1342384|vc|2|2|nan|2946,0,0.910809,2,2,1,0.950069,0.955705,0.955705,0.955705,-0.392271,-0.392272
130_bNAb_Combinations|1342384|vc|3|2|nan|2946,0,1,3,2,1,0.950069,0.955705,0.955705,0.955705,0.387027,0.387026
130_bNAb_Combinations|1342384|vc|4|2|nan|2946,0,0.996582,4,2,1,0.950069,0.955705,0.955705,0.955705,0.357165,0.357164
130_bNAb_Combinations|1342384|vc|5|2|nan|2946,0,0.999953,5,2,1,0.950069,0.955705,0.955705,0.955705,0.386615,0.386614
130_bNAb_Combinations|1342384|vc|6|2|nan|2946,0,0.889549,6,2,1,0.950069,0.955705,0.955705,0.955705,-0.578034,-0.578035
130_bNAb_Combinations|1342384|vc|7|2|nan|2946,0,0.878541,7,2,1,0.950069,0.955705,0.955705,0.955705,-0.67421,-0.674211
130_bNAb_Combinations|1342384|vc|8|2|nan|2946,0,0.78624,8,2,1,0.83399,0.852728,0.852728,0.852728,-0.649788,-0.649794
130_bNAb_Combinations|1342396|cc|1|1|PVO.4|5024,0,0.000406233,1,1,0,0,0,0,0,0.213846,0.213846
130_bNAb_Combinations|1342396|cc|2|1|PVO.4|5024,0,0.00130897,2,1,0,0,0,0,0,0.689059,0.689059
130_bNAb_Combinations|1342396|cc|3|1|PVO.4|5024,0,0.00155723,3,1,0,0,0,0,0,0.819742,0.819742
130_bNAb_Combinations|1342396|cc|4|1|PVO.4|5024,0,0.000835035,4,1,0,0,0,0,0,0.439572,0.439572
130_bNAb_Combinations|1342396|cc|5|1|PVO.4|5024,0,0.000654487,5,1,0,0,0,0,0,0.344529,0.344529
130_bNAb_Combinations|1342396|cc|6|1|PVO.4|5024,0,0.000631919,6,1,0,0,0,0,0,0.332649,0.332649
130_bNAb_Combinations|1342396|cc|7|1|PVO.4|5024,0,0.000880172,7,1,0,0,0,0,0,0.463333,0.463333
130_bNAb_Combinations|1342396|cc|8|1|PVO.4|5024,0,0.00139925,8,1,0,0,0,0,0,0.73658,0.73658
130_bNAb_Combinations|1342396|sample|3|PVO.4|5024,0.0010624,0.997833,1,3,1,0.796354,0.887489,0.887487,0.887489,1.03693,1.03692
130_bNAb_Combinations|1342396|sample|3|PVO.4|5024,0.005312,0.936549,2,3,1,0.832519,0.891855,0.891855,0.891855,0.417971,0.417968
130_bNAb_Combinations|1342396|sample|3|PVO.4|5024,0.02656,0.845349,3,3,1,0.675845,0.750732,0.750732,0.750732,1.04768,1.04768
130_bNAb_Combinations|1342396|sample|3|PVO.4|5024,0.1328,0.395513,4,3,1,0.340307,0.410582,0.410582,0.410582,-0.299863,-0.299861
130_bNAb_Combinations|1342396|sample|3|PVO.4|5024,0.664,0.0558345,5,3,1,0.0595596,0.063168,0.063168,0.063168,-0.785273,-0.78527
130_bNAb_Combinations|1342396|sample|3|PVO.4|5024,3.32,0.00187319,6,3,1,0.0147606,0.000856059,0.000856059,0.000856059,0.508445,0.508445
130_bNAb_Combinations|1342396|sample|3|PVO.4|5024,16.6,0.000383665,7,3,1,0.0140213,0.00061074,0.00061074,0.00061074,-0.115174,-0.115174
130_bNAb_Combinations|1342396|sample|3|PVO.4|5024,83,4.5137e-05,8,3,1,0.0123082,0.000572272,0.000572271,0.000572272,-0.267982,-0.267982
130_bNAb_Combinations|1342396|sample|4|PVO.4|5024,0.0010624,1,1,4,1,0.796354,0.887489,0.887487,0.887489,1.05729,1.05728
130_bNAb_Combinations|1342396|sample|4|PVO.4|5024,0.005312,0.917851,2,4,1,0.832519,0.891855,0.891855,0.891855,0.243109,0.243106
130_bNAb_Combinations|1342396|sample|4|PVO.4|5024,0.02656,0.813708,3,4,1,0.675845,0.750732,0.750732,0.750732,0.69732,0.69732
130_bNAb_Combinations|1342396|sample|4|PVO.4|5024,0.1328,0.442377,4,4,1,0.343935,0.412878,0.412878,0.412878,0.583866,0.583869
130_bNAb_Combinations|1342396|sample|4|PVO.4|5024,0.664,0.0734831,5,4,1,0.0601945,0.0635212,0.0635212,0.0635212,1.062,1.062
130_bNAb_Combinations|1342396|sample|4|PVO.4|5024,3.32,0.000744761,6,4,1,0.0147606,0.000856059,0.000856059,0.000856059,-0.0556355,-0.0556355
130_bNAb_Combinations|1342396|sample|4|PVO.4|5024,16.6,0,7,4,1,0.0140213,0.00061074,0.00061074,0.00061074,-0.309772,-0.309772
130_bNAb_Combinations|1342396|sample|4|PVO.4|5024,83,0.00128641,8,4,1,0.0123082,0.000572272,0.000572271,0.000572272,0.363049,0.363048
130_bNAb_Combinations|1342396|vc|1|2|PVO.4|5024,0,0.943804,1,2,1,0.83399,0.912298,0.912296,0.912298,0.288171,0.288157
130_bNAb_Combinations|1342396|vc|2|2|PVO.4|5024,0,0.908609,2,2,1,0.950069,0.973622,0.973621,0.973622,-0.557761,-0.557764
130_bNAb_Combinations|1342396|vc|3|2|PVO.4|5024,0,0.910922,3,2,1,0.950069,0.973622,0.973621,0.973622,-0.537915,-0.537918
130_bNAb_Combinations|1342396|vc|4|2|PVO.4|5024,0,0.912705,4,2,1,0.950069,0.973622,0.973621,0.973622,-0.522619,-0.522622
130_bNAb_Combinations|1342396|vc|5|2|PVO.4|5024,0,0.907345,5,2,1,0.950069,0.973622,0.973621,0.973622,-0.568604,-0.568607
130_bNAb_Combinations|1342396|vc|6|2|PVO.4|5024,0,0.878886,6,2,1,0.950069,0.973622,0.973621,0.973622,-0.812761,-0.812764
130_bNAb_Combinations|1342396|vc|7|2|PVO.4|5024,0,0.860549,7,2,1,0.950069,0.973622,0.973621,0.973622,-0.970078,-0.970081
130_bNAb_Combinations|1342396|vc|8|2|PVO.4|5024,0,0.761022,8,2,1,0.83399,0.912298,0.912296,0.912298,-1.38355,-1.38356
130_bNAb_Combinations|1342408|cc|1|1|nan|4168,0,0.0014393,1,1,0,0,0,0,0,0.757664,0.757664
130_bNAb_Combinations|1342408|cc|2|1|nan|4168,0,0.0014393,2,1,0,0,0,0,0,0.757664,0.757664
130_bNAb_Combinations|1342408|cc|3|1|nan|4168,0,0.000729786,3,1,0,0,0,0,0,0.384168,0.384168
130_bNAb_Combinations|1342408|cc|4|1|nan|4168,0,0.00152039,4,1,0,0,0,0,0,0.800349,0.800349
130_bNAb_Combinations|1342408|cc|5|1|nan|4168,0,0.000973049,5,1,0,0,0,0,0,0.512224,0.512224
130_bNAb_Combinations|1342408|cc|6|1|nan|4168,0,0.00105414,6,1,0,0,0,0,0,0.554909,0.554909
130_bNAb_Combinations|1342408|cc|7|1|nan|4168,0,0.00154066,7,1,0,0,0,0,0,0.811021,0.811021
130_bNAb_Combinations|1342408|cc|8|1|nan|4168,0,0.00145957,8,1,0,0,0,0,0,0.768336,0.768336
130_bNAb_Combinations|1342408|sample|3|nan|4168,0.0010624,0.884744,1,3,1,0.796354,0.852163,0.852162,0.852163,0.318638,0.318629
130_bNAb_Combinations|1342408|sample|3|nan|4168,0.005312,0.890796,2,3,1,0.832519,0.899914,0.899913,0.899914,-0.0845168,-0.0845203
130_bNAb_Combinations|1342408|sample|3|nan|4168,0.02656,0.776077,3,3,1,0.675845,0.797527,0.797527,0.797527,-0.223846,-0.223847
130_bNAb_Combinations|1342408|sample|3|nan|4168,0.1328,0.462381,4,3,1,0.340307,0.531424,0.531424,0.531424,-1.07071,-1.07071
130_bNAb_Combinations|1342408|sample|3|nan|4168,0.664,0.16701,5,3,1,0.0595596,0.172577,0.172577,0.172577,-0.250527,-0.250528
130_bNAb_Combinations|1342408|sample|3|nan|4168,3.32,0.0252587,6,3,1,0.0147606,0.016183,0.016183,0.016183,2.38491,2.38491
130_bNAb_Combinations|1342408|sample|3|nan|4168,16.6,0.00823037,7,3,1,0.0140213,0.0093484,0.0093484,0.0093484,-0.372603,-0.372605
130_bNAb_Combinations|1342408|sample|3|nan|4168,83,0.0027367,8,3,1,0.0123082,0.00841875,0.00841874,0.00841875,-1.96535,-1.96536
130_bNAb_Combinations|1342408|sample|4|nan|4168,0.0010624,0.931106,1,4,1,0.796354,0.852163,0.852162,0.852163,0.772027,0.772017
130_bNAb_Combinations|1342408|sample|4|nan|4168,0.005312,0.912324,2,4,1,0.832519,0.899914,0.899913,0.899914,0.115046,0.115042
130_bNAb_Combinations|1342408|sample|4|nan|4168,0.02656,0.764897,3,4,1,0.675845,0.797527,0.797527,0.797527,-0.34052,-0.340521
130_bNAb_Combinations|1342408|sample|4|nan|4168,0.1328,0.50485,4,4,1,0.343935,0.534055,0.534055,0.534055,-0.450742,-0.450742
130_bNAb_Combinations|1342408|sample|4|nan|4168,0.664,0.189005,5,4,1,0.0601945,0.173432,0.173432,0.173432,0.69758,0.697581
130_bNAb_Combinations|1342408|sample|4|nan|4168,3.32,0.0320092,6,4,1,0.0147606,0.016183,0.016183,0.016183,4.15881,4.15881
130_bNAb_Combinations|1342408|sample|4|nan|4168,16.6,0.00490579,7,4,1,0.0140213,0.0093484,0.0093484,0.0093484,-1.48058,-1.48058
130_bNAb_Combinations|1342408|sample|4|nan|4168,83,0.00336513,8,4,1,0.0123082,0.00841875,0.00841874,0.00841875,-1.74799,-1.74799
130_bNAb_Combinations|1342408|vc|1|2|nan|4168,0,0.949635,1,2,1,0.83399,0.875368,0.875367,0.875368,0.707383,0.707374
130_bNAb_Combinations|1342408|vc|2|2|nan|4168,0,0.965274,2,2,1,0.950069,0.971858,0.971857,0.971858,-0.0565787,-0.0565825
130_bNAb_Combinations|1342408|vc|3|2|nan|4168,0,1,3,2,1,0.950069,0.971858,0.971857,0.971858,0.241874,0.241871
130_bNAb_Combinations|1342408|vc|4|2|nan|4168,0,0.969906,4,2,1,0.950069,0.971858,0.971857,0.971858,-0.0167676,-0.0167713
130_bNAb_Combinations|1342408|vc|5|2|nan|4168,0,0.940482,5,2,1,0.950069,0.971858,0.971857,0.971858,-0.26966,-0.269664
130_bNAb_Combinations|1342408|vc|6|2|nan|4168,0,0.930052,6,2,1,0.950069,0.971858,0.971857,0.971858,-0.3593,-0.359304
130_bNAb_Combinations|1342408|vc|7|2|nan|4168,0,0.924538,7,2,1,0.950069,0.971858,0.971857,0.971858,-0.406691,-0.406694
130_bNAb_Combinations|1342408|vc|8|2|nan|4168,0,0.903212,8,2,1,0.83399,0.875368,0.875367,0.875368,0.265217,0.265208
704_VRC01_Concordance|1200432|cc|1|1|PVO.4|5024,0,0.00146144,1,1,0,0,0,0,0,0.76932,0.76932
704_VRC01_Concordance|1200432|cc|2|1|PVO.4|5024,0,0.00217593,2,1,0,0,0,0,0,1.14543,1.14543
704_VRC01_Concordance|1200432|cc|3|1|PVO.4|5024,0,0.0011042,3,1,0,0,0,0,0,0.581264,0.581264
704_VRC01_Concordance|1200432|cc|4|1|PVO.4|5024,0,0.00198107,4,1,0,0,0,0,0,1.04286,1.04286
704_VRC01_Concordance|1200432|cc|5|1|PVO.4|5024,0,0.00298784,5,1,0,0,0,0,0,1.57283,1.57283
704_VRC01_Concordance|1200432|cc|6|1|PVO.4|5024,0,0.00175373,6,1,0,0,0,0,0,0.923183,0.923183
704_VRC01_Concordance|1200432|cc|7|1|PVO.4|5024,0,0.00233831,7,1,0,0,0,0,0,1.23091,1.23091
704_VRC01_Concordance|1200432|cc|8|1|PVO.4|5024,0,0.00334508,8,1,0,0,0,0,0,1.76089,1.76089
704_VRC01_Concordance|1200432|sample|10|PVO.4|5024,0.002286236854138,0.850689,1,10,1,0.772816,0.814769,0.81477,0.814769,0.367081,0.367084
704_VRC01_Concordance|1200432|sample|10|PVO.4|5024,0.0068587105624142,0.988097,2,10,1,0.812811,0.905712,0.905713,0.905712,0.75887,0.758871
704_VRC01_Concordance|1200432|sample|10|PVO.4|5024,0.0205761316872428,0.866635,3,10,1,0.715888,0.893015,0.893015,0.893015,-0.246388,-0.246387
704_VRC01_Concordance|1200432|sample|10|PVO.4|5024,0.0617283950617284,0.879642,4,10,1,0.514096,0.805763,0.805763,0.805763,0.76328,0.763281
704_VRC01_Concordance|1200432|sample|10|PVO.4|5024,0.1851851851851852,0.740724,5,10,1,0.265253,0.653029,0.653029,0.653029,1.11281,1.11281
704_VRC01_Concordance|1200432|sample|10|PVO.4|5024,0.5555555555555556,0.485621,6,10,1,0.0771401,0.425678,0.425678,0.425678,1.15207,1.15207
704_VRC01_Concordance|1200432|sample|10|PVO.4|5024,1.66666666666667,0.212201,7,10,1,0.0179179,0.173233,0.173233,0.173233,1.74741,1.74741
704_VRC01_Concordance|1200432|sample|10|PVO.4|5024,5,0.0380949,8,10,1,0.0123266,0.0284776,0.0284776,0.0284776,1.8307,1.8307
704_VRC01_Concordance|1200432|sample|11|PVO.4|5024,0.0457247370827617,0.868454,1,11,1,0.488136,0.707056,0.707056,0.707056,1.89506,1.89507
704_VRC01_Concordance|1200432|sample|11|PVO.4|5024,0.1371742112482853,0.719452,2,11,1,0.321056,0.67756,0.67756,0.67756,0.51279,0.512791
704_VRC01_Concordance|1200432|sample|11|PVO.4|5024,0.411522633744856,0.42653,3,11,1,0.111458,0.476228,0.476228,0.476228,-0.857111,-0.857109
704_VRC01_Concordance|1200432|sample|11|PVO.4|5024,1.23456790123457,0.188591,4,11,1,0.0239714,0.233276,0.233276,0.233276,-1.52136,-1.52136
704_VRC01_Concordance|1200432|sample|11|PVO.4|5024,3.7037037037037,0.036601,5,11,1,0.0141432,0.0569414,0.0569414,0.0569414,-2.36366,-2.36366
704_VRC01_Concordance|1200432|sample|11|PVO.4|5024,11.1111111111111,0.00789179,6,11,1,0.0140214,0.00583089,0.00583089,0.00583089,0.796838,0.796838
704_VRC01_Concordance|1200432|sample|11|PVO.4|5024,33.3333333333333,0.00133154,7,11,1,0.0140213,0.00272061,0.00272061,0.00272061,-0.625695,-0.625695
704_VRC01_Concordance|1200432|sample|11|PVO.4|5024,100,0.000389718,8,11,1,0.0123082,0.00237616,0.00237616,0.00237616,-0.911425,-0.911425
704_VRC01_Concordance|1200432|sample|12|PVO.4|5024,0.0457247370827617,0.755582,1,12,1,0.488136,0.707056,0.707056,0.707056,0.569766,0.56977
704_VRC01_Concordance|1200432|sample|12|PVO.4|5024,0.1371742112482853,0.635256,2,12,1,0.281829,0.594776,0.594776,0.594776,0.562663,0.562666
704_VRC01_Concordance|1200432|sample|12|PVO.4|5024,0.411522633744856,0.416203,3,12,1,0.0978399,0.418043,0.418043,0.418043,-0.0359936,-0.0359903
704_VRC01_Concordance|1200432|sample|12|PVO.4|5024,1.23456790123457,0.135362,4,12,1,0.0210425,0.204774,0.204774,0.204774,-2.66814,-2.66814
704_VRC01_Concordance|1200432|sample|12|PVO.4|5024,3.7037037037037,0.0341003,5,12,1,0.0124152,0.0499843,0.0499844,0.0499843,-2.04004,-2.04004
704_VRC01_Concordance|1200432|sample|12|PVO.4|5024,11.1111111111111,0.00308527,6,12,1,0.0123083,0.00511847,0.00511848,0.00511847,-0.81249,-0.812489
704_VRC01_Concordance|1200432|sample|12|PVO.4|5024,33.3333333333333,0.000292288,7,12,1,0.0123082,0.00238821,0.00238821,0.00238821,-0.961031,-0.961031
704_VRC01_Concordance|1200432|sample|12|PVO.4|5024,100,0.000292288,8,12,1,0.0123082,0.00237616,0.00237616,0.00237616,-0.956128,-0.956128
704_VRC01_Concordance|1200432|sample|3|PVO.4|5024,0.0457247370827617,0.931426,1,3,1,0.488136,0.707056,0.707056,0.707056,2.63445,2.63446
704_VRC01_Concordance|1200432|sample|3|PVO.4|5024,0.1371742112482853,0.65242,2,3,1,0.321056,0.67756,0.67756,0.67756,-0.307732,-0.307731
704_VRC01_Concordance|1200432|sample|3|PVO.4|5024,0.411522633744856,0.404284,3,3,1,0.115554,0.493729,0.493729,0.493729,-1.48965,-1.48965
704_VRC01_Concordance|1200432|sample|3|PVO.4|5024,1.23456790123457,0.116071,4,3,1,0.0248523,0.241848,0.241848,0.241848,-4.13995,-4.13995
704_VRC01_Concordance|1200432|sample|3|PVO.4|5024,3.7037037037037,0.0223763,5,3,1,0.0146629,0.0590339,0.0590339,0.0590339,-4.14122,-4.14122
704_VRC01_Concordance|1200432|sample|3|PVO.4|5024,11.1111111111111,0.00337756,6,3,1,0.0145366,0.00604517,0.00604517,0.00604517,-1.02146,-1.02146
704_VRC01_Concordance|1200432|sample|3|PVO.4|5024,33.3333333333333,0.00295536,7,3,1,0.0140213,0.00272061,0.00272061,0.00272061,0.10574,0.10574
704_VRC01_Concordance|1200432|sample|3|PVO.4|5024,100,0.00168878,8,3,1,0.0123082,0.00237616,0.00237616,0.00237616,-0.315386,-0.315386
704_VRC01_Concordance|1200432|sample|4|PVO.4|5024,0.0457247370827617,0.855821,1,4,1,0.488136,0.707056,0.707056,0.707056,1.74673,1.74673
704_VRC01_Concordance|1200432|sample|4|PVO.4|5024,0.1371742112482853,0.721108,2,4,1,0.321056,0.67756,0.67756,0.67756,0.533064,0.533066
704_VRC01_Concordance|1200432|sample|4|PVO.4|5024,0.411522633744856,0.572009,3,4,1,0.115554,0.493729,0.493729,0.493729,1.30369,1.3037
704_VRC01_Concordance|1200432|sample|4|PVO.4|5024,1.23456790123457,0.23966,4,4,1,0.0251172,0.244427,0.244427,0.244427,-0.155337,-0.155336
704_VRC01_Concordance|1200432|sample|4|PVO.4|5024,3.7037037037037,0.0572236,5,4,1,0.0148193,0.0596633,0.0596633,0.0596633,-0.273326,-0.273326
704_VRC01_Concordance|1200432|sample|4|PVO.4|5024,11.1111111111111,0.00779436,6,4,1,0.0145366,0.00604517,0.00604517,0.00604517,0.669784,0.669784
704_VRC01_Concordance|1200432|sample|4|PVO.4|5024,33.3333333333333,0.0027605,7,4,1,0.0140213,0.00272061,0.00272061,0.00272061,0.0179679,0.0179681
704_VRC01_Concordance|1200432|sample|4|PVO.4|5024,100,0.00116915,8,4,1,0.0123082,0.00237616,0.00237616,0.00237616,-0.553802,-0.553801
704_VRC01_Concordance|1200432|sample|5|PVO.4|5024,0.002286236854138,0.883215,1,5,1,0.772816,0.814769,0.81477,0.814769,0.699471,0.699474
704_VRC01_Concordance|1200432|sample|5|PVO.4|5024,0.0068587105624142,0.89653,2,5,1,0.812811,0.905712,0.905713,0.905712,-0.084584,-0.0845827
704_VRC01_Concordance|1200432|sample|5|PVO.4|5024,0.0205761316872428,0.878603,3,5,1,0.715888,0.893015,0.893015,0.893015,-0.134612,-0.134611
704_VRC01_Concordance|1200432|sample|5|PVO.4|5024,0.0617283950617284,0.790088,4,5,1,0.519577,0.814353,0.814353,0.814353,-0.248099,-0.248098
704_VRC01_Concordance|1200432|sample|5|PVO.4|5024,0.1851851851851852,0.721465,5,5,1,0.268081,0.659991,0.659991,0.659991,0.772049,0.77205
704_VRC01_Concordance|1200432|sample|5|PVO.4|5024,0.5555555555555556,0.483543,6,5,1,0.0771401,0.425678,0.425678,0.425678,1.11212,1.11212
704_VRC01_Concordance|1200432|sample|5|PVO.4|5024,1.66666666666667,0.199503,7,5,1,0.0179179,0.173233,0.173233,0.173233,1.17799,1.178
704_VRC01_Concordance|1200432|sample|5|PVO.4|5024,5,0.0347498,8,5,1,0.0123266,0.0284776,0.0284776,0.0284776,1.19395,1.19395
704_VRC01_Concordance|1200432|sample|6|PVO.4|5024,0.002286236854138,0.994382,1,6,1,0.772816,0.814769,0.81477,0.814769,1.83554,1.83554
704_VRC01_Concordance|1200432|sample|6|PVO.4|5024,0.0068587105624142,0.986474,2,6,1,0.812811,0.905712,0.905713,0.905712,0.743912,0.743914
704_VRC01_Concordance|1200432|sample|6|PVO.4|5024,0.0205761316872428,0.991621,3,6,1,0.715888,0.893015,0.893015,0.893015,0.92097,0.920971
704_VRC01_Concordance|1200432|sample|6|PVO.4|5024,0.0617283950617284,0.869396,4,6,1,0.519577,0.814353,0.814353,0.814353,0.562789,0.56279
704_VRC01_Concordance|1200432|sample|6|PVO.4|5024,0.1851851851851852,0.779355,5,6,1,0.268081,0.659991,0.659991,0.659991,1.49908,1.49908
704_VRC01_Concordance|1200432|sample|6|PVO.4|5024,0.5555555555555556,0.468051,6,6,1,0.0771401,0.425678,0.425678,0.425678,0.814388,0.814389
704_VRC01_Concordance|1200432|sample|6|PVO.4|5024,1.66666666666667,0.186123,7,6,1,0.0179179,0.173233,0.173233,0.173233,0.578,0.578002
704_VRC01_Concordance|1200432|sample|6|PVO.4|5024,5,0.0497215,8,6,1,0.0123266,0.0284776,0.0284776,0.0284776,4.04387,4.04387
704_VRC01_Concordance|1200432|sample|7|PVO.4|5024,0.0457247370827617,0.822711,1,7,1,0.488136,0.707056,0.707056,0.707056,1.35797,1.35797
704_VRC01_Concordance|1200432|sample|7|PVO.4|5024,0.1371742112482853,0.758505,2,7,1,0.321056,0.67756,0.67756,0.67756,0.990831,0.990833
704_VRC01_Concordance|1200432|sample|7|PVO.4|5024,0.411522633744856,0.445919,3,7,1,0.115554,0.493729,0.493729,0.493729,-0.796248,-0.796247
704_VRC01_Concordance|1200432|sample|7|PVO.4|5024,1.23456790123457,0.173424,4,7,1,0.0251172,0.244427,0.244427,0.244427,-2.31391,-2.31391
704_VRC01_Concordance|1200432|sample|7|PVO.4|5024,3.7037037037037,0.0308202,5,7,1,0.0148193,0.0596633,0.0596633,0.0596633,-3.23135,-3.23135
704_VRC01_Concordance|1200432|sample|7|PVO.4|5024,11.1111111111111,0.00402709,6,7,1,0.0145366,0.00604517,0.00604517,0.00604517,-0.772745,-0.772745
704_VRC01_Concordance|1200432|sample|7|PVO.4|5024,33.3333333333333,0.00243574,7,7,1,0.0140213,0.00272061,0.00272061,0.00272061,-0.128319,-0.128319
704_VRC01_Concordance|1200432|sample|7|PVO.4|5024,100,0.00113668,8,7,1,0.0123082,0.00237616,0.00237616,0.00237616,-0.568703,-0.568702
704_VRC01_Concordance|1200432|sample|8|PVO.4|5024,0.0457247370827617,0.796746,1,8,1,0.488136,0.707056,0.707056,0.707056,1.0531,1.0531
704_VRC01_Concordance|1200432|sample|8|PVO.4|5024,0.1371742112482853,0.73569,2,8,1,0.321056,0.67756,0.67756,0.67756,0.71156,0.711561
704_VRC01_Concordance|1200432|sample|8|PVO.4|5024,0.411522633744856,0.466265,3,8,1,0.115554,0.493729,0.493729,0.493729,-0.45739,-0.45739
704_VRC01_Concordance|1200432|sample|8|PVO.4|5024,1.23456790123457,0.184954,4,8,1,0.0251172,0.244427,0.244427,0.244427,-1.93818,-1.93818
704_VRC01_Concordance|1200432|sample|8|PVO.4|5024,3.7037037037037,0.0379325,5,8,1,0.0148193,0.0596633,0.0596633,0.0596633,-2.43454,-2.43454
704_VRC01_Concordance|1200432|sample|8|PVO.4|5024,11.1111111111111,0.00399461,6,8,1,0.0145366,0.00604517,0.00604517,0.00604517,-0.78518,-0.785181
704_VRC01_Concordance|1200432|sample|8|PVO.4|5024,33.3333333333333,0.00168878,7,8,1,0.0140213,0.00272061,0.00272061,0.00272061,-0.464779,-0.464779
704_VRC01_Concordance|1200432|sample|8|PVO.4|5024,100,0,8,8,1,0.0123082,0.00237616,0.00237616,0.00237616,-1.09024,-1.09024
704_VRC01_Concordance|1200432|sample|9|PVO.4|5024,0.002286236854138,0.844113,1,9,1,0.772816,0.814769,0.81477,0.814769,0.299873,0.299876
704_VRC01_Concordance|1200432|sample|9|PVO.4|5024,0.0068587105624142,0.938782,2,9,1,0.812811,0.905712,0.905713,0.905712,0.30461,0.304612
704_VRC01_Concordance|1200432|sample|9|PVO.4|5024,0.0205761316872428,0.856568,3,9,1,0.715888,0.893015,0.893015,0.893015,-0.34042,-0.340419
704_VRC01_Concordance|1200432|sample|9|PVO.4|5024,0.0617283950617284,0.895653,4,9,1,0.519577,0.814353,0.814353,0.814353,0.831259,0.831259
704_VRC01_Concordance|1200432|sample|9|PVO.4|5024,0.1851851851851852,0.785119,5,9,1,0.268081,0.659991,0.659991,0.659991,1.57147,1.57147
704_VRC01_Concordance|1200432|sample|9|PVO.4|5024,0.5555555555555556,0.449345,6,9,1,0.0771401,0.425678,0.425678,0.425678,0.454858,0.45486
704_VRC01_Concordance|1200432|sample|9|PVO.4|5024,1.66666666666667,0.160499,7,9,1,0.0179179,0.173233,0.173233,0.173233,-0.571017,-0.571016
704_VRC01_Concordance|1200432|sample|9|PVO.4|5024,5,0.0365685,8,9,1,0.0123266,0.0284776,0.0284776,0.0284776,1.54014,1.54014
704_VRC01_Concordance|1200432|vc|1|2|PVO.4|5024,0,0.927366,1,2,1,0.83399,0.83399,0.83399,0.83399,0.932682,0.932685
704_VRC01_Concordance|1200432|vc|2|2|PVO.4|5024,0,0.913369,2,2,1,0.950069,0.950069,0.950069,0.950069,-0.322536,-0.322535
704_VRC01_Concordance|1200432|vc|3|2|PVO.4|5024,0,1,3,2,1,0.950069,0.950069,0.950069,0.950069,0.438813,0.438814
704_VRC01_Concordance|1200432|vc|4|2|PVO.4|5024,0,0.936054,4,2,1,0.950069,0.950069,0.950069,0.950069,-0.123173,-0.123171
704_VRC01_Concordance|1200432|vc|5|2|PVO.4|5024,0,0.990712,5,2,1,0.950069,0.950069,0.950069,0.950069,0.357184,0.357185
704_VRC01_Concordance|1200432|vc|6|2|PVO.4|5024,0,0.919832,6,2,1,0.950069,0.950069,0.950069,0.950069,-0.265738,-0.265737
704_VRC01_Concordance|1200432|vc|7|2|PVO.4|5024,0,0.864589,7,2,1,0.950069,0.950069,0.950069,0.950069,-0.751232,-0.751231
704_VRC01_Concordance|1200432|vc|8|2|PVO.4|5024,0,0.869461,8,2,1,0.83399,0.83399,0.83399,0.83399,0.354297,0.3543
