id,time,rlu_norm,plate_row,plate_col,virus_cc,popPred_medianCOV,popPred,indivPred_SAEM,indivPred_mode,indWRes_SAEM,indWRes_mode
130_bNAb_Combinations|1313842|cc|1|1|nan|2946,0,0.00107969,1,1,0,0,0,0,0,0.650948,0.650948
130_bNAb_Combinations|1313842|cc|2|1|nan|2946,0,0.000918885,2,1,0,0,0,0,0,0.553999,0.553999
130_bNAb_Combinations|1313842|cc|3|1|nan|2946,0,0.00110266,3,1,0,0,0,0,0,0.664798,0.664798
130_bNAb_Combinations|1313842|cc|4|1|nan|2946,0,0.00133238,4,1,0,0,0,0,0,0.803298,0.803298
130_bNAb_Combinations|1313842|cc|5|1|nan|2946,0,0.00153913,5,1,0,0,0,0,0,0.927948,0.927948
130_bNAb_Combinations|1313842|cc|6|1|nan|2946,0,0.00149319,6,1,0,0,0,0,0,0.900248,0.900248
130_bNAb_Combinations|1313842|cc|7|1|nan|2946,0,0.00149319,7,1,0,0,0,0,0,0.900248,0.900248
130_bNAb_Combinations|1313842|cc|8|1|nan|2946,0,0.000826997,8,1,0,0,0,0,0,0.498599,0.498599
130_bNAb_Combinations|1313842|sample|10|nan|2946,0.0003648,0.782305,1,10,1,0.707731,0.653868,0.653876,0.653868,0.507726,0.507765
130_bNAb_Combinations|1313842|sample|10|nan|2946,0.001824,0.882187,2,10,1,0.786301,0.883567,0.883536,0.883567,-0.00395171,-0.00404406
130_bNAb_Combinations|1313842|sample|10|nan|2946,0.00912,0.889573,3,10,1,0.767035,0.905584,0.905567,0.905584,-0.0457405,-0.0457877
130_bNAb_Combinations|1313842|sample|10|nan|2946,0.0456,0.751223,4,10,1,0.607517,0.737031,0.737022,0.737031,0.0498463,0.0498127
130_bNAb_Combinations|1313842|sample|10|nan|2946,0.228,0.542866,5,10,1,0.387912,0.402519,0.402518,0.402519,0.897649,0.897645
130_bNAb_Combinations|1313842|sample|10|nan|2946,1.14,0.150628,6,10,1,0.195791,0.133581,0.133582,0.133581,0.321649,0.321672
130_bNAb_Combinations|1313842|sample|10|nan|2946,5.7,0.0141738,7,10,1,0.0776986,0.0318731,0.031873,0.0318731,-1.27262,-1.27262
130_bNAb_Combinations|1313842|sample|10|nan|2946,28.5,0.000252693,8,10,1,0.0267843,0.00606359,0.00606386,0.00606359,-1.45678,-1.45675
130_bNAb_Combinations|1313842|sample|11|nan|2946,0.0003712,0.787795,1,11,1,0.70755,0.653434,0.653442,0.653434,0.531496,0.531535
130_bNAb_Combinations|1313842|sample|11|nan|2946,0.001856,0.899692,2,11,1,0.785772,0.882837,0.882806,0.882837,0.0495307,0.0494362
130_bNAb_Combinations|1313842|sample|11|nan|2946,0.00928,0.943259,3,11,1,0.709358,0.842092,0.842063,0.842092,0.311113,0.311013
130_bNAb_Combinations|1313842|sample|11|nan|2946,0.0464,0.770876,4,11,1,0.560761,0.71193,0.711909,0.71193,0.214231,0.214145
130_bNAb_Combinations|1313842|sample|11|nan|2946,0.232,0.591682,5,11,1,0.357119,0.441731,0.441721,0.441731,0.874839,0.87476
130_bNAb_Combinations|1313842|sample|11|nan|2946,1.16,0.238543,6,11,1,0.179841,0.176983,0.17698,0.176983,0.883584,0.883531
130_bNAb_Combinations|1313842|sample|11|nan|2946,5.8,0.0150238,7,11,1,0.0769484,0.0532239,0.0532232,0.0532239,-1.72748,-1.72749
130_bNAb_Combinations|1313842|sample|11|nan|2946,29,0,8,11,1,0.0265164,0.0109455,0.0109459,0.0109455,-1.86623,-1.86621
130_bNAb_Combinations|1313842|sample|12|nan|2946,0.0003712,0.726907,1,12,1,0.70755,0.653434,0.653442,0.653434,0.290627,0.290662
130_bNAb_Combinations|1313842|sample|12|nan|2946,0.001856,0.725805,2,12,1,0.67959,0.645455,0.645463,0.645455,0.321733,0.321769
130_bNAb_Combinations|1313842|sample|12|nan|2946,0.00928,0.699823,3,12,1,0.613502,0.615665,0.615674,0.615665,0.353172,0.353213
130_bNAb_Combinations|1313842|sample|12|nan|2946,0.0464,0.628667,4,12,1,0.484985,0.520502,0.520511,0.520502,0.53623,0.536285
130_bNAb_Combinations|1313842|sample|12|nan|2946,0.232,0.46638,5,12,1,0.308861,0.322955,0.322964,0.322955,1.14025,1.14034
130_bNAb_Combinations|1313842|sample|12|nan|2946,1.16,0.173084,6,12,1,0.155539,0.129395,0.129399,0.129395,0.850098,0.850208
130_bNAb_Combinations|1313842|sample|12|nan|2946,5.8,0.0100848,7,12,1,0.0665503,0.0389127,0.0389141,0.0389127,-1.73528,-1.73525
130_bNAb_Combinations|1313842|sample|12|nan|2946,29,0.00119455,8,12,1,0.0265164,0.0109455,0.0109459,0.0109455,-1.66256,-1.66254
130_bNAb_Combinations|1313842|sample|3|nan|2946,0.000064,0.866394,1,3,1,0.718954,0.64741,0.647418,0.64741,0.874271,0.874315
130_bNAb_Combinations|1313842|sample|3|nan|2946,0.00032,0.944316,2,3,1,0.819826,0.871164,0.871134,0.871164,0.217516,0.217418
130_bNAb_Combinations|1313842|sample|3|nan|2946,0.0016,0.961051,3,3,1,0.852957,0.908141,0.908124,0.908141,0.150935,0.150885
130_bNAb_Combinations|1313842|sample|3|nan|2946,0.008,0.986159,4,3,1,0.776296,0.842454,0.842441,0.842454,0.441644,0.441597
130_bNAb_Combinations|1313842|sample|3|nan|2946,0.04,0.882578,5,3,1,0.62357,0.72533,0.725322,0.72533,0.560813,0.560779
130_bNAb_Combinations|1313842|sample|3|nan|2946,0.2,0.77709,6,3,1,0.406069,0.55359,0.553588,0.55359,1.04242,1.0424
130_bNAb_Combinations|1313842|sample|3|nan|2946,1,0.473111,7,3,1,0.193183,0.335454,0.335451,0.335454,1.05426,1.05422
130_bNAb_Combinations|1313842|sample|3|nan|2946,5,0.151731,8,3,1,0.0722757,0.138697,0.138703,0.138697,0.237033,0.237152
130_bNAb_Combinations|1313842|sample|4|nan|2946,0.000064,0.844789,1,4,1,0.718954,0.64741,0.647418,0.64741,0.788011,0.788054
130_bNAb_Combinations|1313842|sample|4|nan|2946,0.00032,0.96429,2,4,1,0.819826,0.871164,0.871134,0.871164,0.276885,0.276785
130_bNAb_Combinations|1313842|sample|4|nan|2946,0.0016,0.942363,3,4,1,0.852957,0.908141,0.908124,0.908141,0.0976417,0.0975927
130_bNAb_Combinations|1313842|sample|4|nan|2946,0.008,0.926512,4,4,1,0.809945,0.861093,0.86109,0.861093,0.19671,0.196699
130_bNAb_Combinations|1313842|sample|4|nan|2946,0.04,0.878374,5,4,1,0.650598,0.741378,0.741378,0.741378,0.478041,0.478043
130_bNAb_Combinations|1313842|sample|4|nan|2946,0.2,0.73798,6,4,1,0.406069,0.55359,0.553588,0.55359,0.860008,0.859994
130_bNAb_Combinations|1313842|sample|4|nan|2946,1,0.443512,7,4,1,0.193183,0.335454,0.335451,0.335454,0.827576,0.827536
130_bNAb_Combinations|1313842|sample|4|nan|2946,5,0.140934,8,4,1,0.0722757,0.138697,0.138703,0.138697,0.0405945,0.0407053
130_bNAb_Combinations|1313842|sample|5|nan|2946,0.0006144,0.829983,1,5,1,0.701383,0.629808,0.629816,0.629808,0.821357,0.821404
130_bNAb_Combinations|1313842|sample|5|nan|2946,0.003072,0.89357,2,5,1,0.768089,0.820769,0.820742,0.820769,0.229687,0.229594
130_bNAb_Combinations|1313842|sample|5|nan|2946,0.01536,0.91946,3,5,1,0.724713,0.802024,0.802013,0.802024,0.379008,0.378966
130_bNAb_Combinations|1313842|sample|5|nan|2946,0.0768,0.844513,4,5,1,0.56293,0.675904,0.675906,0.675904,0.644979,0.64499
130_bNAb_Combinations|1313842|sample|5|nan|2946,0.384,0.634686,5,5,1,0.332092,0.485745,0.48575,0.485745,0.790792,0.790829
130_bNAb_Combinations|1313842|sample|5|nan|2946,1.92,0.273162,6,5,1,0.150761,0.292148,0.29215,0.292148,-0.166656,-0.16664
130_bNAb_Combinations|1313842|sample|5|nan|2946,9.6,0.101927,7,5,1,0.057912,0.145774,0.145773,0.145774,-0.760149,-0.760155
130_bNAb_Combinations|1313842|sample|5|nan|2946,48,0.049482,8,5,1,0.0198236,0.0528561,0.0528586,0.0528561,-0.153675,-0.153566
130_bNAb_Combinations|1313842|sample|6|nan|2946,0.0006144,0.807137,1,6,1,0.701383,0.629808,0.629816,0.629808,0.727612,0.727658
130_bNAb_Combinations|1313842|sample|6|nan|2946,0.003072,0.913073,2,6,1,0.768089,0.820769,0.820742,0.820769,0.291196,0.291102
130_bNAb_Combinations|1313842|sample|6|nan|2946,0.01536,0.905757,3,6,1,0.724713,0.802024,0.802013,0.802024,0.334788,0.334747
130_bNAb_Combinations|1313842|sample|6|nan|2946,0.0768,0.884312,4,6,1,0.56293,0.675904,0.675906,0.675904,0.797224,0.797235
130_bNAb_Combinations|1313842|sample|6|nan|2946,0.384,0.63016,5,6,1,0.332092,0.485745,0.48575,0.485745,0.766763,0.7668
130_bNAb_Combinations|1313842|sample|6|nan|2946,1.92,0.318692,6,6,1,0.150761,0.292148,0.29215,0.292148,0.232967,0.232986
130_bNAb_Combinations|1313842|sample|6|nan|2946,9.6,0.14291,7,6,1,0.057912,0.145774,0.145773,0.145774,-0.0496454,-0.0496538
130_bNAb_Combinations|1313842|sample|6|nan|2946,48,0.0423376,8,6,1,0.0198236,0.0528561,0.0528586,0.0528561,-0.478821,-0.478726
130_bNAb_Combinations|1313842|sample|7|nan|2946,0.0000768,0.796949,1,7,1,0.718254,0.65563,0.655638,0.65563,0.557163,0.557201
130_bNAb_Combinations|1313842|sample|7|nan|2946,0.000384,1,2,7,1,0.817684,0.894191,0.894159,0.894191,0.306528,0.306423
130_bNAb_Combinations|1313842|sample|7|nan|2946,0.00192,0.911982,3,7,1,0.847126,0.953672,0.953653,0.953672,-0.113187,-0.113237
130_bNAb_Combinations|1313842|sample|7|nan|2946,0.0096,0.8727,4,7,1,0.796346,0.922648,0.922642,0.922648,-0.140192,-0.140209
130_bNAb_Combinations|1313842|sample|7|nan|2946,0.048,0.846259,5,7,1,0.627162,0.744612,0.744611,0.744612,0.353165,0.353162
130_bNAb_Combinations|1313842|sample|7|nan|2946,0.24,0.530266,6,7,1,0.380858,0.39135,0.39135,0.39135,0.913574,0.913571
130_bNAb_Combinations|1313842|sample|7|nan|2946,1.2,0.187832,7,7,1,0.17689,0.118709,0.118708,0.118709,1.46204,1.46201
130_bNAb_Combinations|1313842|sample|7|nan|2946,6,0.0118536,8,7,1,0.0653019,0.0222935,0.0222945,0.0222935,-1.02095,-1.02089
130_bNAb_Combinations|1313842|sample|8|nan|2946,0.0000768,0.807666,1,8,1,0.718254,0.65563,0.655638,0.65563,0.599416,0.599455
130_bNAb_Combinations|1313842|sample|8|nan|2946,0.000384,0.9013,2,8,1,0.817684,0.894191,0.894159,0.894191,0.0206831,0.0205888
130_bNAb_Combinations|1313842|sample|8|nan|2946,0.00192,0.96043,3,8,1,0.847126,0.953672,0.953653,0.953672,0.0184104,0.0183577
130_bNAb_Combinations|1313842|sample|8|nan|2946,0.0096,0.907296,4,8,1,0.796346,0.922648,0.922642,0.922648,-0.0430772,-0.0430947
130_bNAb_Combinations|1313842|sample|8|nan|2946,0.048,0.786233,5,8,1,0.627162,0.744612,0.744611,0.744612,0.14461,0.144607
130_bNAb_Combinations|1313842|sample|8|nan|2946,0.24,0.560359,6,8,1,0.380858,0.39135,0.39135,0.39135,1.11148,1.11148
130_bNAb_Combinations|1313842|sample|8|nan|2946,1.2,0.163389,7,8,1,0.17689,0.118709,0.118708,0.118709,0.945058,0.945032
130_bNAb_Combinations|1313842|sample|8|nan|2946,6,0.0142427,8,8,1,0.0653019,0.0222935,0.0222945,0.0222935,-0.787337,-0.787269
130_bNAb_Combinations|1313842|sample|9|nan|2946,0.0003648,0.848418,1,9,1,0.707731,0.653868,0.653876,0.653868,0.769098,0.76914
130_bNAb_Combinations|1313842|sample|9|nan|2946,0.001824,0.929671,2,9,1,0.786301,0.883567,0.883536,0.883567,0.13521,0.135113
130_bNAb_Combinations|1313842|sample|9|nan|2946,0.00912,0.902196,3,9,1,0.767035,0.905584,0.905567,0.905584,-0.00964084,-0.00968871
130_bNAb_Combinations|1313842|sample|9|nan|2946,0.0456,0.850118,4,9,1,0.63385,0.753338,0.753337,0.753338,0.332384,0.332381
130_bNAb_Combinations|1313842|sample|9|nan|2946,0.228,0.545806,5,9,1,0.404726,0.411425,0.411429,0.411425,0.841046,0.841081
130_bNAb_Combinations|1313842|sample|9|nan|2946,1.14,0.154396,6,9,1,0.195791,0.133581,0.133582,0.133581,0.392739,0.392762
130_bNAb_Combinations|1313842|sample|9|nan|2946,5.7,0.0108658,7,9,1,0.0776986,0.0318731,0.031873,0.0318731,-1.51047,-1.51047
130_bNAb_Combinations|1313842|sample|9|nan|2946,28.5,0.000413498,8,9,1,0.0267843,0.00606359,0.00606386,0.00606359,-1.41647,-1.41644
130_bNAb_Combinations|1313842|vc|1|2|nan|2946,0,0.842836,1,2,1,0.724822,0.656172,0.65618,0.656172,0.735346,0.735387
130_bNAb_Combinations|1313842|vc|2|2|nan|2946,0,0.947647,2,2,1,0.838072,0.897496,0.897464,0.897496,0.144802,0.144703
130_bNAb_Combinations|1313842|vc|3|2|nan|2946,0,0.949806,3,2,1,0.838072,0.897496,0.897464,0.897496,0.151033,0.150934
130_bNAb_Combinations|1313842|vc|4|2|nan|2946,0,0.93376,4,2,1,0.838072,0.897496,0.897464,0.897496,0.104732,0.104635
130_bNAb_Combinations|1313842|vc|5|2|nan|2946,0,0.949576,5,2,1,0.838072,0.897496,0.897464,0.897496,0.15037,0.150271
130_bNAb_Combinations|1313842|vc|6|2|nan|2946,0,0.978843,6,2,1,0.838072,0.897496,0.897464,0.897496,0.234818,0.234716
130_bNAb_Combinations|1313842|vc|7|2|nan|2946,0,0.900864,7,2,1,0.838072,0.897496,0.897464,0.897496,0.0098112,0.00971701
130_bNAb_Combinations|1313842|vc|8|2|nan|2946,0,0.690864,8,2,1,0.724822,0.656172,0.65618,0.656172,0.13664,0.136674
130_bNAb_Combinations|1313860|cc|1|1|PVO.4|5024,0,0.000722109,1,1,0,0,0,0,0,0.435361,0.435361
130_bNAb_Combinations|1313860|cc|2|1|PVO.4|5024,0,0.000902636,2,1,0,0,0,0,0,0.544202,0.544202
130_bNAb_Combinations|1313860|cc|3|1|PVO.4|5024,0,0.0011634,3,1,0,0,0,0,0,0.701415,0.701415
130_bNAb_Combinations|1313860|cc|4|1|PVO.4|5024,0,0.00162474,4,1,0,0,0,0,0,0.979563,0.979563
130_bNAb_Combinations|1313860|cc|5|1|PVO.4|5024,0,0.00138404,5,1,0,0,0,0,0,0.834442,0.834442
130_bNAb_Combinations|1313860|cc|6|1|PVO.4|5024,0,0.0016448,6,1,0,0,0,0,0,0.991656,0.991656
130_bNAb_Combinations|1313860|cc|7|1|PVO.4|5024,0,0.00178521,7,1,0,0,0,0,0,1.07631,1.07631
130_bNAb_Combinations|1313860|cc|8|1|PVO.4|5024,0,0.00148433,8,1,0,0,0,0,0,0.894909,0.894909
130_bNAb_Combinations|1313860|sample|10|PVO.4|5024,0.0003648,0.940566,1,10,1,0.707731,0.724783,0.724743,0.724783,0.770294,0.770106
130_bNAb_Combinations|1313860|sample|10|PVO.4|5024,0.001824,0.927278,2,10,1,0.786301,0.837451,0.837428,0.837451,0.27775,0.277674
130_bNAb_Combinations|1313860|sample|10|PVO.4|5024,0.00912,0.889708,3,10,1,0.767035,0.895253,0.895241,0.895253,-0.0160045,-0.0160399
130_bNAb_Combinations|1313860|sample|10|PVO.4|5024,0.0456,0.686274,4,10,1,0.607517,0.786116,0.786104,0.786116,-0.328641,-0.328676
130_bNAb_Combinations|1313860|sample|10|PVO.4|5024,0.228,0.317477,5,10,1,0.387912,0.287349,0.287342,0.287349,0.268856,0.268788
130_bNAb_Combinations|1313860|sample|10|PVO.4|5024,1.14,0.0365267,6,10,1,0.195791,0.0296671,0.0296663,0.0296671,0.525311,0.525238
130_bNAb_Combinations|1313860|sample|10|PVO.4|5024,5.7,0.000641874,7,10,1,0.0776986,0.0030783,0.00307822,0.0030783,-0.857377,-0.857396
130_bNAb_Combinations|1313860|sample|10|PVO.4|5024,28.5,0.000441289,8,10,1,0.0267843,0.00113678,0.00113674,0.00113678,-0.331879,-0.331895
130_bNAb_Combinations|1313860|sample|11|PVO.4|5024,0.0003712,0.89049,1,11,1,0.70755,0.724813,0.724772,0.724813,0.591439,0.59126
130_bNAb_Combinations|1313860|sample|11|PVO.4|5024,0.001856,0.925934,2,11,1,0.785772,0.837863,0.837841,0.837863,0.272187,0.27211
130_bNAb_Combinations|1313860|sample|11|PVO.4|5024,0.00928,0.859359,3,11,1,0.709358,0.833507,0.833485,0.833507,0.0803629,0.0802915
130_bNAb_Combinations|1313860|sample|11|PVO.4|5024,0.0464,0.674941,4,11,1,0.560761,0.747368,0.747348,0.747368,-0.250656,-0.250717
130_bNAb_Combinations|1313860|sample|11|PVO.4|5024,0.232,0.244805,5,11,1,0.357119,0.227678,0.227673,0.227678,0.192153,0.192095
130_bNAb_Combinations|1313860|sample|11|PVO.4|5024,1.16,0.0178521,6,11,1,0.179841,0.0149578,0.0149575,0.0149578,0.390801,0.39076
130_bNAb_Combinations|1313860|sample|11|PVO.4|5024,5.8,0.00070205,7,11,1,0.0769484,0.0018126,0.00181259,0.0018126,-0.471518,-0.471522
130_bNAb_Combinations|1313860|sample|11|PVO.4|5024,29,0.000160469,8,11,1,0.0265164,0.0010463,0.00104627,0.0010463,-0.429848,-0.42986
130_bNAb_Combinations|1313860|sample|12|PVO.4|5024,0.0003712,0.939283,1,12,1,0.70755,0.724813,0.724772,0.724813,0.765576,0.765388
130_bNAb_Combinations|1313860|sample|12|PVO.4|5024,0.001856,0.916777,2,12,1,0.67959,0.724642,0.724601,0.724642,0.686025,0.685841
130_bNAb_Combinations|1313860|sample|12|PVO.4|5024,0.00928,0.891313,3,12,1,0.613502,0.720874,0.720834,0.720874,0.611734,0.611555
130_bNAb_Combinations|1313860|sample|12|PVO.4|5024,0.0464,0.651633,4,12,1,0.484985,0.646375,0.646339,0.646375,0.0211698,0.0210253
130_bNAb_Combinations|1313860|sample|12|PVO.4|5024,0.232,0.224295,5,12,1,0.308861,0.196912,0.196902,0.196912,0.354239,0.354092
130_bNAb_Combinations|1313860|sample|12|PVO.4|5024,1.16,0.00968829,6,12,1,0.155539,0.0129365,0.0129359,0.0129365,-0.489832,-0.489907
130_bNAb_Combinations|1313860|sample|12|PVO.4|5024,5.8,0.000661933,7,12,1,0.0665503,0.00156766,0.0015676,0.00156766,-0.400546,-0.400567
130_bNAb_Combinations|1313860|sample|12|PVO.4|5024,29,0,8,12,1,0.0265164,0.0010463,0.00104627,0.0010463,-0.507717,-0.507729
130_bNAb_Combinations|1313860|sample|3|PVO.4|5024,0.000064,0.942953,1,3,1,0.718954,0.716718,0.716678,0.716718,0.816628,0.816438
130_bNAb_Combinations|1313860|sample|3|PVO.4|5024,0.00032,0.869078,2,3,1,0.819826,0.816913,0.816892,0.816913,0.165357,0.165286
130_bNAb_Combinations|1313860|sample|3|PVO.4|5024,0.0016,0.85281,3,3,1,0.852957,0.854038,0.854029,0.854038,-0.00369386,-0.00372288
130_bNAb_Combinations|1313860|sample|3|PVO.4|5024,0.008,0.886438,4,3,1,0.776296,0.796455,0.796449,0.796455,0.292421,0.292396
130_bNAb_Combinations|1313860|sample|3|PVO.4|5024,0.04,0.784701,5,3,1,0.62357,0.68992,0.689918,0.68992,0.355261,0.355251
130_bNAb_Combinations|1313860|sample|3|PVO.4|5024,0.2,0.757893,6,3,1,0.406069,0.528186,0.528189,0.528186,1.12245,1.12246
130_bNAb_Combinations|1313860|sample|3|PVO.4|5024,1,0.495868,7,3,1,0.193183,0.318526,0.318526,0.318526,1.42936,1.42936
130_bNAb_Combinations|1313860|sample|3|PVO.4|5024,5,0.0938942,8,3,1,0.0722757,0.153374,0.153371,0.153374,-0.981457,-0.981493
130_bNAb_Combinations|1313860|sample|4|PVO.4|5024,0.000064,0.963754,1,4,1,0.718954,0.716718,0.716678,0.716718,0.891698,0.891504
130_bNAb_Combinations|1313860|sample|4|PVO.4|5024,0.00032,0.848879,2,4,1,0.819826,0.816913,0.816892,0.816913,0.101354,0.101285
130_bNAb_Combinations|1313860|sample|4|PVO.4|5024,0.0016,0.847455,3,4,1,0.852957,0.854038,0.854029,0.854038,-0.0199295,-0.0199583
130_bNAb_Combinations|1313860|sample|4|PVO.4|5024,0.008,0.867142,4,4,1,0.809945,0.830978,0.830977,0.830978,0.112661,0.112655
130_bNAb_Combinations|1313860|sample|4|PVO.4|5024,0.04,0.805653,5,4,1,0.650598,0.719825,0.719827,0.719825,0.308397,0.308405
130_bNAb_Combinations|1313860|sample|4|PVO.4|5024,0.2,0.707095,6,4,1,0.406069,0.528186,0.528189,0.528186,0.874221,0.874235
130_bNAb_Combinations|1313860|sample|4|PVO.4|5024,1,0.503972,7,4,1,0.193183,0.318526,0.318526,0.318526,1.49467,1.49467
130_bNAb_Combinations|1313860|sample|4|PVO.4|5024,5,0.0983672,8,4,1,0.0722757,0.153374,0.153371,0.153374,-0.907645,-0.907683
130_bNAb_Combinations|1313860|sample|5|PVO.4|5024,0.0006144,0.899286,1,5,1,0.701383,0.699471,0.699432,0.699471,0.738948,0.738766
130_bNAb_Combinations|1313860|sample|5|PVO.4|5024,0.003072,0.907339,2,5,1,0.768089,0.773822,0.773804,0.773822,0.446549,0.446478
130_bNAb_Combinations|1313860|sample|5|PVO.4|5024,0.01536,0.855779,3,5,1,0.724713,0.760141,0.760136,0.760141,0.325553,0.325533
130_bNAb_Combinations|1313860|sample|5|PVO.4|5024,0.0768,0.837576,4,5,1,0.56293,0.657523,0.657527,0.657523,0.707874,0.707893
130_bNAb_Combinations|1313860|sample|5|PVO.4|5024,0.384,0.66436,5,5,1,0.332092,0.472638,0.472645,0.472638,1.04591,1.04596
130_bNAb_Combinations|1313860|sample|5|PVO.4|5024,1.92,0.280479,6,5,1,0.150761,0.275796,0.2758,0.275796,0.0434603,0.0435017
130_bNAb_Combinations|1313860|sample|5|PVO.4|5024,9.6,0.0437879,7,5,1,0.057912,0.135111,0.135113,0.135111,-1.70434,-1.70433
130_bNAb_Combinations|1313860|sample|5|PVO.4|5024,48,0.00302884,8,5,1,0.0198236,0.0565916,0.0565906,0.0565916,-2.28829,-2.28829
130_bNAb_Combinations|1313860|sample|6|PVO.4|5024,0.0006144,0.902947,1,6,1,0.701383,0.699471,0.699432,0.699471,0.752484,0.752301
130_bNAb_Combinations|1313860|sample|6|PVO.4|5024,0.003072,1,2,6,1,0.768089,0.773822,0.773804,0.773822,0.756411,0.756332
130_bNAb_Combinations|1313860|sample|6|PVO.4|5024,0.01536,0.888003,3,6,1,0.724713,0.760141,0.760136,0.760141,0.435238,0.435218
130_bNAb_Combinations|1313860|sample|6|PVO.4|5024,0.0768,0.842731,4,6,1,0.56293,0.657523,0.657527,0.657523,0.728142,0.728161
130_bNAb_Combinations|1313860|sample|6|PVO.4|5024,0.384,0.660529,5,6,1,0.332092,0.472638,0.472645,0.472638,1.02501,1.02506
130_bNAb_Combinations|1313860|sample|6|PVO.4|5024,1.92,0.278232,6,6,1,0.150761,0.275796,0.2758,0.275796,0.0225914,0.0226325
130_bNAb_Combinations|1313860|sample|6|PVO.4|5024,9.6,0.029446,7,6,1,0.057912,0.135111,0.135113,0.135111,-1.97199,-1.97199
130_bNAb_Combinations|1313860|sample|6|PVO.4|5024,48,0.00204597,8,6,1,0.0198236,0.0565916,0.0565906,0.0565916,-2.33028,-2.33028
130_bNAb_Combinations|1313860|sample|7|PVO.4|5024,0.0000768,0.964978,1,7,1,0.718254,0.724818,0.724777,0.724818,0.857256,0.857062
130_bNAb_Combinations|1313860|sample|7|PVO.4|5024,0.000384,0.899587,2,7,1,0.817684,0.838023,0.838001,0.838023,0.190251,0.190177
130_bNAb_Combinations|1313860|sample|7|PVO.4|5024,0.00192,0.93161,3,7,1,0.847126,0.903984,0.903972,0.903984,0.0791789,0.0791426
130_bNAb_Combinations|1313860|sample|7|PVO.4|5024,0.0096,0.845689,4,7,1,0.796346,0.933196,0.933189,0.933196,-0.242858,-0.242875
130_bNAb_Combinations|1313860|sample|7|PVO.4|5024,0.048,0.647902,5,7,1,0.627162,0.810793,0.810786,0.810793,-0.519979,-0.519999
130_bNAb_Combinations|1313860|sample|7|PVO.4|5024,0.24,0.298712,6,7,1,0.380858,0.271046,0.271039,0.271046,0.261507,0.261439
130_bNAb_Combinations|1313860|sample|7|PVO.4|5024,1.2,0.0363862,7,7,1,0.17689,0.0254067,0.0254057,0.0254067,0.96133,0.961208
130_bNAb_Combinations|1313860|sample|7|PVO.4|5024,6,0.00108316,8,7,1,0.0653019,0.0025293,0.00252916,0.0025293,-0.54968,-0.549721
130_bNAb_Combinations|1313860|sample|8|PVO.4|5024,0.0000768,0.950786,1,8,1,0.718254,0.724818,0.724777,0.724818,0.806608,0.806417
130_bNAb_Combinations|1313860|sample|8|PVO.4|5024,0.000384,0.92461,2,8,1,0.817684,0.838023,0.838001,0.838023,0.267552,0.267476
130_bNAb_Combinations|1313860|sample|8|PVO.4|5024,0.00192,0.843312,3,8,1,0.847126,0.903984,0.903972,0.903984,-0.173778,-0.173811
130_bNAb_Combinations|1313860|sample|8|PVO.4|5024,0.0096,0.847094,4,8,1,0.796346,0.933196,0.933189,0.933196,-0.238961,-0.238978
130_bNAb_Combinations|1313860|sample|8|PVO.4|5024,0.048,0.634433,5,8,1,0.627162,0.810793,0.810786,0.810793,-0.562978,-0.562997
130_bNAb_Combinations|1313860|sample|8|PVO.4|5024,0.24,0.29454,6,8,1,0.380858,0.271046,0.271039,0.271046,0.222081,0.222013
130_bNAb_Combinations|1313860|sample|8|PVO.4|5024,1.2,0.0356641,7,8,1,0.17689,0.0254067,0.0254057,0.0254067,0.898111,0.897991
130_bNAb_Combinations|1313860|sample|8|PVO.4|5024,6,0.00112328,8,8,1,0.0653019,0.0025293,0.00252916,0.0025293,-0.53443,-0.534472
130_bNAb_Combinations|1313860|sample|9|PVO.4|5024,0.0003648,0.996159,1,9,1,0.707731,0.724783,0.724743,0.724783,0.968708,0.968508
130_bNAb_Combinations|1313860|sample|9|PVO.4|5024,0.001824,0.900911,2,9,1,0.786301,0.837451,0.837428,0.837451,0.196242,0.196168
130_bNAb_Combinations|1313860|sample|9|PVO.4|5024,0.00912,0.872167,3,9,1,0.767035,0.895253,0.895241,0.895253,-0.0667445,-0.0667793
130_bNAb_Combinations|1313860|sample|9|PVO.4|5024,0.0456,0.672464,4,9,1,0.63385,0.820191,0.820183,0.820191,-0.466195,-0.466214
130_bNAb_Combinations|1313860|sample|9|PVO.4|5024,0.228,0.315531,5,9,1,0.404726,0.299804,0.299799,0.299804,0.13461,0.134563
130_bNAb_Combinations|1313860|sample|9|PVO.4|5024,1.14,0.0348417,6,9,1,0.195791,0.0296671,0.0296663,0.0296671,0.396294,0.396224
130_bNAb_Combinations|1313860|sample|9|PVO.4|5024,5.7,0.0010631,7,9,1,0.0776986,0.0030783,0.00307822,0.0030783,-0.709142,-0.709162
130_bNAb_Combinations|1313860|sample|9|PVO.4|5024,28.5,0.000762226,8,9,1,0.0267843,0.00113678,0.00113674,0.00113678,-0.178724,-0.17874
130_bNAb_Combinations|1313860|vc|1|2|PVO.4|5024,0,0.954858,1,2,1,0.724822,0.724821,0.72478,0.724821,0.821126,0.820935
130_bNAb_Combinations|1313860|vc|2|2|PVO.4|5024,0,0.902094,2,2,1,0.838072,0.83807,0.838048,0.83807,0.19784,0.197765
130_bNAb_Combinations|1313860|vc|3|2|PVO.4|5024,0,0.86299,3,2,1,0.838072,0.83807,0.838048,0.83807,0.0770466,0.0769751
130_bNAb_Combinations|1313860|vc|4|2|PVO.4|5024,0,0.843613,4,2,1,0.838072,0.83807,0.838048,0.83807,0.017192,0.0171222
130_bNAb_Combinations|1313860|vc|5|2|PVO.4|5024,0,0.869359,5,2,1,0.838072,0.83807,0.838048,0.83807,0.0967192,0.0966473
130_bNAb_Combinations|1313860|vc|6|2|PVO.4|5024,0,0.81162,6,2,1,0.838072,0.83807,0.838048,0.83807,-0.0816361,-0.0817033
130_bNAb_Combinations|1313860|vc|7|2|PVO.4|5024,0,0.761714,7,2,1,0.838072,0.83807,0.838048,0.83807,-0.235796,-0.235859
130_bNAb_Combinations|1313860|vc|8|2|PVO.4|5024,0,0.747362,8,2,1,0.724822,0.724821,0.72478,0.724821,0.0805936,0.0804436
130_bNAb_Combinations|1313884|cc|1|1|nan|4168,0,0.000363452,1,1,0,0,0,0,0,0.219126,0.219126
130_bNAb_Combinations|1313884|cc|2|1|nan|4168,0,0.000879936,2,1,0,0,0,0,0,0.530516,0.530516
130_bNAb_Combinations|1313884|cc|3|1|nan|4168,0,0.000248678,3,1,0,0,0,0,0,0.149928,0.149928
130_bNAb_Combinations|1313884|cc|4|1|nan|4168,0,5.73872e-05,4,1,0,0,0,0,0,0.0345989,0.0345989
130_bNAb_Combinations|1313884|cc|5|1|nan|4168,0,0,5,1,0,0,0,0,0,0,0
130_bNAb_Combinations|1313884|cc|6|1|nan|4168,0,0.000325194,6,1,0,0,0,0,0,0.19606,0.19606
130_bNAb_Combinations|1313884|cc|7|1|nan|4168,0,0.000554743,7,1,0,0,0,0,0,0.334456,0.334456
130_bNAb_Combinations|1313884|cc|8|1|nan|4168,0,0.000248678,8,1,0,0,0,0,0,0.149928,0.149928
130_bNAb_Combinations|1313884|sample|10|nan|4168,0.0003648,0.774009,1,10,1,0.707731,0.698095,0.698056,0.698095,0.281384,0.281222
130_bNAb_Combinations|1313884|sample|10|nan|4168,0.001824,0.732346,2,10,1,0.786301,0.767331,0.76731,0.767331,-0.117906,-0.117973
130_bNAb_Combinations|1313884|sample|10|nan|4168,0.00912,0.69975,3,10,1,0.767035,0.740373,0.740363,0.740373,-0.141908,-0.141943
130_bNAb_Combinations|1313884|sample|10|nan|4168,0.0456,0.452067,4,10,1,0.607517,0.589657,0.589648,0.589657,-0.602722,-0.602752
130_bNAb_Combinations|1313884|sample|10|nan|4168,0.228,0.221036,5,10,1,0.387912,0.395878,0.395872,0.395878,-1.1368,-1.13683
130_bNAb_Combinations|1313884|sample|10|nan|4168,1.14,0.135271,6,10,1,0.195791,0.221341,0.221338,0.221341,-0.992457,-0.992484
130_bNAb_Combinations|1313884|sample|10|nan|4168,5.7,0.0867311,7,10,1,0.0776986,0.0998934,0.0998903,0.0998934,-0.328589,-0.328657
130_bNAb_Combinations|1313884|sample|10|nan|4168,28.5,0.0454124,8,10,1,0.0267843,0.0390993,0.039097,0.0390993,0.378532,0.37837
130_bNAb_Combinations|1313884|sample|11|nan|4168,0.0003712,0.771905,1,11,1,0.70755,0.723422,0.723382,0.723422,0.173509,0.173353
130_bNAb_Combinations|1313884|sample|11|nan|4168,0.001856,0.762522,2,11,1,0.785772,0.828901,0.828879,0.828901,-0.207232,-0.207296
130_bNAb_Combinations|1313884|sample|11|nan|4168,0.00928,0.738841,3,11,1,0.709358,0.788215,0.788195,0.788215,-0.162048,-0.162109
130_bNAb_Combinations|1313884|sample|11|nan|4168,0.0464,0.560166,4,11,1,0.560761,0.615553,0.615541,0.615553,-0.232459,-0.232505
130_bNAb_Combinations|1313884|sample|11|nan|4168,0.232,0.294645,5,11,1,0.357119,0.273712,0.273709,0.273712,0.195939,0.195914
130_bNAb_Combinations|1313884|sample|11|nan|4168,1.16,0.069228,6,11,1,0.179841,0.0663601,0.06636,0.0663601,0.105594,0.105587
130_bNAb_Combinations|1313884|sample|11|nan|4168,5.8,0.0138494,7,11,1,0.0769484,0.013364,0.013364,0.013364,0.0714436,0.0714417
130_bNAb_Combinations|1313884|sample|11|nan|4168,29,0.00181726,8,11,1,0.0265164,0.0028869,0.00288682,0.0028869,-0.386391,-0.386417
130_bNAb_Combinations|1313884|sample|12|nan|4168,0.0003712,0.813233,1,12,1,0.70755,0.723422,0.723382,0.723422,0.321289,0.321125
130_bNAb_Combinations|1313884|sample|12|nan|4168,0.001856,0.742858,2,12,1,0.67959,0.716891,0.716851,0.716891,0.0938375,0.0936874
130_bNAb_Combinations|1313884|sample|12|nan|4168,0.00928,0.718258,3,12,1,0.613502,0.681703,0.681666,0.681703,0.138802,0.138653
130_bNAb_Combinations|1313884|sample|12|nan|4168,0.0464,0.538636,4,12,1,0.484985,0.532373,0.532347,0.532373,0.0304939,0.030365
130_bNAb_Combinations|1313884|sample|12|nan|4168,0.232,0.244077,5,12,1,0.308861,0.236725,0.236716,0.236725,0.0794726,0.0793708
130_bNAb_Combinations|1313884|sample|12|nan|4168,1.16,0.0551873,6,12,1,0.155539,0.0573928,0.057391,0.0573928,-0.0929243,-0.0929994
130_bNAb_Combinations|1313884|sample|12|nan|4168,5.8,0.00767075,7,12,1,0.0665503,0.0115581,0.0115578,0.0115581,-0.637175,-0.637219
130_bNAb_Combinations|1313884|sample|12|nan|4168,29,0.00585349,8,12,1,0.0265164,0.0028869,0.00288682,0.0028869,1.07175,1.0717
130_bNAb_Combinations|1313884|sample|3|nan|4168,0.000064,0.896254,1,3,1,0.718954,0.620565,0.62053,0.620565,1.14821,1.148
130_bNAb_Combinations|1313884|sample|3|nan|4168,0.00032,0.883198,2,3,1,0.819826,0.673876,0.673858,0.673876,0.803213,0.803121
130_bNAb_Combinations|1313884|sample|3|nan|4168,0.0016,0.945425,3,3,1,0.852957,0.668493,0.668483,0.668493,1.07108,1.07103
130_bNAb_Combinations|1313884|sample|3|nan|4168,0.008,0.973478,4,3,1,0.776296,0.598187,0.598178,0.598187,1.62086,1.6208
130_bNAb_Combinations|1313884|sample|3|nan|4168,0.04,0.977246,5,3,1,0.62357,0.519051,0.519043,0.519051,2.27812,2.27805
130_bNAb_Combinations|1313884|sample|3|nan|4168,0.2,0.815472,6,3,1,0.406069,0.435543,0.435536,0.435543,2.24762,2.24754
130_bNAb_Combinations|1313884|sample|3|nan|4168,1,0.719559,7,3,1,0.193183,0.327195,0.327186,0.327195,3.07988,3.07972
130_bNAb_Combinations|1313884|sample|3|nan|4168,5,0.315142,8,3,1,0.0722757,0.222168,0.222156,0.222168,1.06838,1.06817
130_bNAb_Combinations|1313884|sample|4|nan|4168,0.000064,0.855298,1,4,1,0.718954,0.620565,0.62053,0.620565,0.977658,0.977456
130_bNAb_Combinations|1313884|sample|4|nan|4168,0.00032,0.910725,2,4,1,0.819826,0.673876,0.673858,0.673876,0.90883,0.908735
130_bNAb_Combinations|1313884|sample|4|nan|4168,0.0016,0.951039,3,4,1,0.852957,0.668493,0.668483,0.668493,1.09279,1.09274
130_bNAb_Combinations|1313884|sample|4|nan|4168,0.008,1,4,4,1,0.809945,0.624116,0.624111,0.624116,1.55641,1.55638
130_bNAb_Combinations|1313884|sample|4|nan|4168,0.04,0.93895,5,4,1,0.650598,0.541549,0.541545,0.541549,1.89439,1.89436
130_bNAb_Combinations|1313884|sample|4|nan|4168,0.2,0.839584,6,4,1,0.406069,0.435543,0.435536,0.435543,2.39026,2.39019
130_bNAb_Combinations|1313884|sample|4|nan|4168,1,0.743183,7,4,1,0.193183,0.327195,0.327186,0.327195,3.26531,3.26515
130_bNAb_Combinations|1313884|sample|4|nan|4168,5,0.341148,8,4,1,0.0722757,0.222168,0.222156,0.222168,1.36717,1.36695
130_bNAb_Combinations|1313884|sample|5|nan|4168,0.0006144,0.922661,1,5,1,0.701383,0.564819,0.564787,0.564819,1.63628,1.63604
130_bNAb_Combinations|1313884|sample|5|nan|4168,0.003072,0.913852,2,5,1,0.768089,0.594033,0.594017,0.594033,1.39092,1.39081
130_bNAb_Combinations|1313884|sample|5|nan|4168,0.01536,0.961512,3,5,1,0.724713,0.566963,0.566955,0.566963,1.79716,1.7971
130_bNAb_Combinations|1313884|sample|5|nan|4168,0.0768,0.95651,4,5,1,0.56293,0.506469,0.506465,0.506469,2.29266,2.29262
130_bNAb_Combinations|1313884|sample|5|nan|4168,0.384,0.877392,5,5,1,0.332092,0.419125,0.419121,0.419125,2.81613,2.81608
130_bNAb_Combinations|1313884|sample|5|nan|4168,1.92,0.606372,6,5,1,0.150761,0.321419,0.321415,0.321419,2.27636,2.27629
130_bNAb_Combinations|1313884|sample|5|nan|4168,9.6,0.20403,7,5,1,0.057912,0.230925,0.230919,0.230925,-0.297427,-0.29749
130_bNAb_Combinations|1313884|sample|5|nan|4168,48,0.0395206,8,5,1,0.0198236,0.150779,0.15077,0.150779,-1.86657,-1.86661
130_bNAb_Combinations|1313884|sample|6|nan|4168,0.0006144,0.914177,1,6,1,0.701383,0.564819,0.564787,0.564819,1.59749,1.59726
130_bNAb_Combinations|1313884|sample|6|nan|4168,0.003072,0.90533,2,6,1,0.768089,0.594033,0.594017,0.594033,1.35386,1.35375
130_bNAb_Combinations|1313884|sample|6|nan|4168,0.01536,0.984926,3,6,1,0.724713,0.566963,0.566955,0.566963,1.90381,1.90375
130_bNAb_Combinations|1313884|sample|6|nan|4168,0.0768,0.925091,4,6,1,0.56293,0.506469,0.506465,0.506469,2.1326,2.13256
130_bNAb_Combinations|1313884|sample|6|nan|4168,0.384,0.830947,5,6,1,0.332092,0.419125,0.419121,0.419125,2.53072,2.53068
130_bNAb_Combinations|1313884|sample|6|nan|4168,1.92,0.605607,6,6,1,0.150761,0.321419,0.321415,0.321419,2.27025,2.27018
130_bNAb_Combinations|1313884|sample|6|nan|4168,9.6,0.219678,7,6,1,0.057912,0.230925,0.230919,0.230925,-0.124339,-0.124408
130_bNAb_Combinations|1313884|sample|6|nan|4168,48,0.0417587,8,6,1,0.0198236,0.150779,0.15077,0.150779,-1.82902,-1.82906
130_bNAb_Combinations|1313884|sample|7|nan|4168,0.0000768,0.836418,1,7,1,0.718254,0.713162,0.713122,0.713162,0.447183,0.447012
130_bNAb_Combinations|1313884|sample|7|nan|4168,0.000384,0.922776,2,7,1,0.817684,0.806325,0.806303,0.806325,0.373877,0.373797
130_bNAb_Combinations|1313884|sample|7|nan|4168,0.00192,0.897153,3,7,1,0.847126,0.826367,0.826355,0.826367,0.221773,0.221734
130_bNAb_Combinations|1313884|sample|7|nan|4168,0.0096,0.78389,4,7,1,0.796346,0.768501,0.768495,0.768501,0.0518343,0.051813
130_bNAb_Combinations|1313884|sample|7|nan|4168,0.048,0.503936,5,7,1,0.627162,0.609195,0.609189,0.609195,-0.446413,-0.446432
130_bNAb_Combinations|1313884|sample|7|nan|4168,0.24,0.280795,6,7,1,0.380858,0.389665,0.389658,0.389665,-0.719005,-0.719035
130_bNAb_Combinations|1313884|sample|7|nan|4168,1.2,0.161478,7,7,1,0.17689,0.200749,0.200743,0.200749,-0.498252,-0.498315
130_bNAb_Combinations|1313884|sample|7|nan|4168,6,0.0913986,8,7,1,0.0653019,0.0843079,0.0843028,0.0843079,0.208351,0.20819
130_bNAb_Combinations|1313884|sample|8|nan|4168,0.0000768,0.913412,1,8,1,0.718254,0.713162,0.713122,0.713162,0.726434,0.726247
130_bNAb_Combinations|1313884|sample|8|nan|4168,0.000384,0.818351,2,8,1,0.817684,0.806325,0.806303,0.806325,0.0386727,0.0386018
130_bNAb_Combinations|1313884|sample|8|nan|4168,0.00192,0.894723,3,8,1,0.847126,0.826367,0.826355,0.826367,0.214163,0.214124
130_bNAb_Combinations|1313884|sample|8|nan|4168,0.0096,0.810594,4,8,1,0.796346,0.768501,0.768495,0.768501,0.141748,0.141726
130_bNAb_Combinations|1313884|sample|8|nan|4168,0.048,0.521984,5,8,1,0.627162,0.609195,0.609189,0.609195,-0.369865,-0.369885
130_bNAb_Combinations|1313884|sample|8|nan|4168,0.24,0.263512,6,8,1,0.380858,0.389665,0.389658,0.389665,-0.833154,-0.833183
130_bNAb_Combinations|1313884|sample|8|nan|4168,1.2,0.145199,7,8,1,0.17689,0.200749,0.200743,0.200749,-0.70482,-0.704877
130_bNAb_Combinations|1313884|sample|8|nan|4168,6,0.0915325,8,8,1,0.0653019,0.0843079,0.0843028,0.0843079,0.212283,0.212121
130_bNAb_Combinations|1313884|sample|9|nan|4168,0.0003648,0.835442,1,9,1,0.707731,0.698095,0.698056,0.698095,0.508974,0.508799
130_bNAb_Combinations|1313884|sample|9|nan|4168,0.001824,0.770136,2,9,1,0.786301,0.767331,0.76731,0.767331,0.00952761,0.00945689
130_bNAb_Combinations|1313884|sample|9|nan|4168,0.00912,0.72326,3,9,1,0.767035,0.740373,0.740363,0.740373,-0.0597601,-0.0597968
130_bNAb_Combinations|1313884|sample|9|nan|4168,0.0456,0.460312,4,9,1,0.63385,0.615216,0.615211,0.615216,-0.650589,-0.650607
130_bNAb_Combinations|1313884|sample|9|nan|4168,0.228,0.270179,5,9,1,0.404726,0.413038,0.413034,0.413038,-0.890666,-0.890683
130_bNAb_Combinations|1313884|sample|9|nan|4168,1.14,0.154668,6,9,1,0.195791,0.221341,0.221338,0.221341,-0.768786,-0.768817
130_bNAb_Combinations|1313884|sample|9|nan|4168,5.7,0.0824654,7,9,1,0.0776986,0.0998934,0.0998903,0.0998934,-0.435108,-0.435172
130_bNAb_Combinations|1313884|sample|9|nan|4168,28.5,0.0480713,8,9,1,0.0267843,0.0390993,0.039097,0.0390993,0.537903,0.537733
130_bNAb_Combinations|1313884|vc|1|2|nan|4168,0,0.9016,1,2,1,0.724822,0.724822,0.724781,0.724822,0.631048,0.630867
130_bNAb_Combinations|1313884|vc|2|2|nan|4168,0,0.943493,2,2,1,0.838072,0.838072,0.838049,0.838072,0.325716,0.325638
130_bNAb_Combinations|1313884|vc|3|2|nan|4168,0,0.895508,3,2,1,0.838072,0.838072,0.838049,0.838072,0.177489,0.177415
130_bNAb_Combinations|1313884|vc|4|2|nan|4168,0,0.872534,4,2,1,0.838072,0.838072,0.838049,0.838072,0.106522,0.10645
130_bNAb_Combinations|1313884|vc|5|2|nan|4168,0,0.872572,5,2,1,0.838072,0.838072,0.838049,0.838072,0.10664,0.106568
130_bNAb_Combinations|1313884|vc|6|2|nan|4168,0,0.86009,6,2,1,0.838072,0.838072,0.838049,0.838072,0.0680842,0.068013
130_bNAb_Combinations|1313884|vc|7|2|nan|4168,0,0.851932,7,2,1,0.838072,0.838072,0.838049,0.838072,0.0428824,0.0428119
130_bNAb_Combinations|1313884|vc|8|2|nan|4168,0,0.811301,8,2,1,0.724822,0.724822,0.724781,0.724822,0.308781,0.308618
130_bNAb_Combinations|1313920|cc|1|1|nan|1798,0,0.00106207,1,1,0,0,0,0,0,0.640322,0.640322
130_bNAb_Combinations|1313920|cc|2|1|nan|1798,0,0.00146853,2,1,0,0,0,0,0,0.885384,0.885384
130_bNAb_Combinations|1313920|cc|3|1|nan|1798,0,0.00173077,3,1,0,0,0,0,0,1.04349,1.04349
130_bNAb_Combinations|1313920|cc|4|1|nan|1798,0,0.00124563,4,1,0,0,0,0,0,0.750995,0.750995
130_bNAb_Combinations|1313920|cc|5|1|nan|1798,0,0.0014292,5,1,0,0,0,0,0,0.861668,0.861668
130_bNAb_Combinations|1313920|cc|6|1|nan|1798,0,0.0014292,6,1,0,0,0,0,0,0.861668,0.861668
130_bNAb_Combinations|1313920|cc|7|1|nan|1798,0,0.0012063,7,1,0,0,0,0,0,0.727279,0.727279
130_bNAb_Combinations|1313920|cc|8|1|nan|1798,0,0.00215035,8,1,0,0,0,0,0,1.29645,1.29645
130_bNAb_Combinations|1313920|sample|10|nan|1798,0.0003648,0.782696,1,10,1,0.707731,0.724816,0.724775,0.724816,0.206715,0.206558
130_bNAb_Combinations|1313920|sample|10|nan|1798,0.001824,0.776855,2,10,1,0.786301,0.83807,0.838047,0.83807,-0.189024,-0.189088
130_bNAb_Combinations|1313920|sample|10|nan|1798,0.00912,0.694879,3,10,1,0.767035,0.904531,0.904519,0.904531,-0.600217,-0.600244
130_bNAb_Combinations|1313920|sample|10|nan|1798,0.0456,0.420198,4,10,1,0.607517,0.869908,0.869896,0.869908,-1.33852,-1.33853
130_bNAb_Combinations|1313920|sample|10|nan|1798,0.228,0.0873778,5,10,1,0.387912,0.102271,0.102271,0.102271,-0.363581,-0.363593
130_bNAb_Combinations|1313920|sample|10|nan|1798,1.14,0.00264861,6,10,1,0.195791,0.00184831,0.00184833,0.00184831,0.337816,0.337823
130_bNAb_Combinations|1313920|sample|10|nan|1798,5.7,0.000629372,7,10,1,0.0776986,0.00118396,0.00118396,0.00118396,-0.262386,-0.262385
130_bNAb_Combinations|1313920|sample|10|nan|1798,28.5,7.86715e-05,8,10,1,0.0267843,0.00102166,0.00102163,0.00102166,-0.459697,-0.459709
130_bNAb_Combinations|1313920|sample|11|nan|1798,0.0003712,0.869963,1,11,1,0.70755,0.722716,0.722675,0.722716,0.527176,0.527001
130_bNAb_Combinations|1313920|sample|11|nan|1798,0.001856,0.691286,2,11,1,0.785772,0.82643,0.826408,0.82643,-0.423241,-0.423299
130_bNAb_Combinations|1313920|sample|11|nan|1798,0.00928,0.783024,3,11,1,0.709358,0.78452,0.784499,0.78452,-0.00486517,-0.004936
130_bNAb_Combinations|1313920|sample|11|nan|1798,0.0464,0.669481,4,11,1,0.560761,0.629795,0.629777,0.629795,0.162932,0.162852
130_bNAb_Combinations|1313920|sample|11|nan|1798,0.232,0.434162,5,11,1,0.357119,0.322343,0.322332,0.322343,0.890831,0.890719
130_bNAb_Combinations|1313920|sample|11|nan|1798,1.16,0.115116,6,11,1,0.179841,0.0964677,0.0964643,0.0964677,0.481574,0.481472
130_bNAb_Combinations|1313920|sample|11|nan|1798,5.8,0.00319931,7,11,1,0.0769484,0.0227946,0.0227938,0.0227946,-1.88074,-1.88076
130_bNAb_Combinations|1313920|sample|11|nan|1798,29,0.000760491,8,11,1,0.0265164,0.00495913,0.00495885,0.00495913,-1.17787,-1.17791
130_bNAb_Combinations|1313920|sample|12|nan|1798,0.0003712,0.815542,1,12,1,0.70755,0.722716,0.722675,0.722716,0.33239,0.332226
130_bNAb_Combinations|1313920|sample|12|nan|1798,0.001856,0.74085,2,12,1,0.67959,0.714749,0.714709,0.714749,0.0945999,0.0944485
130_bNAb_Combinations|1313920|sample|12|nan|1798,0.00928,0.723103,3,12,1,0.613502,0.678503,0.678464,0.678503,0.170117,0.16996
130_bNAb_Combinations|1313920|sample|12|nan|1798,0.0464,0.623072,4,12,1,0.484985,0.544687,0.544655,0.544687,0.371689,0.371516
130_bNAb_Combinations|1313920|sample|12|nan|1798,0.232,0.462477,5,12,1,0.308861,0.278782,0.278765,0.278782,1.68867,1.68841
130_bNAb_Combinations|1313920|sample|12|nan|1798,1.16,0.11273,6,12,1,0.155539,0.0834313,0.083426,0.0834313,0.869031,0.868819
130_bNAb_Combinations|1313920|sample|12|nan|1798,5.8,0.00295018,7,12,1,0.0665503,0.0197142,0.0197129,0.0197142,-1.81523,-1.81527
130_bNAb_Combinations|1313920|sample|12|nan|1798,29,0,8,12,1,0.0265164,0.00495913,0.00495885,0.00495913,-1.39123,-1.39126
130_bNAb_Combinations|1313920|sample|3|nan|1798,0.000064,0.927104,1,3,1,0.718954,0.703993,0.704034,0.703993,0.819433,0.819629
130_bNAb_Combinations|1313920|sample|3|nan|1798,0.00032,0.90564,2,3,1,0.819826,0.788983,0.789145,0.788983,0.382033,0.382644
130_bNAb_Combinations|1313920|sample|3|nan|1798,0.0016,0.884681,3,3,1,0.852957,0.800021,0.800378,0.800021,0.272602,0.273878
130_bNAb_Combinations|1313920|sample|3|nan|1798,0.008,0.948877,4,3,1,0.776296,0.709458,0.710057,0.709458,0.869892,0.872805
130_bNAb_Combinations|1313920|sample|3|nan|1798,0.04,0.855769,5,3,1,0.62357,0.57308,0.573907,0.57308,1.26841,1.27396
130_bNAb_Combinations|1313920|sample|3|nan|1798,0.2,0.458209,6,3,1,0.406069,0.408228,0.409113,0.408228,0.309006,0.31525
130_bNAb_Combinations|1313920|sample|3|nan|1798,1,0.22622,7,3,1,0.193183,0.235844,0.236511,0.235844,-0.11119,-0.104278
130_bNAb_Combinations|1313920|sample|3|nan|1798,5,0.122223,8,3,1,0.0722757,0.114142,0.114516,0.114142,0.168744,0.177492
130_bNAb_Combinations|1313920|sample|4|nan|1798,0.000064,0.895872,1,4,1,0.718954,0.703993,0.704034,0.703993,0.704702,0.704892
130_bNAb_Combinations|1313920|sample|4|nan|1798,0.00032,0.93585,2,4,1,0.819826,0.788983,0.789145,0.788983,0.481103,0.481734
130_bNAb_Combinations|1313920|sample|4|nan|1798,0.0016,0.876977,3,4,1,0.852957,0.800021,0.800378,0.800021,0.247693,0.248957
130_bNAb_Combinations|1313920|sample|4|nan|1798,0.008,0.971855,4,4,1,0.809945,0.74021,0.74084,0.74021,0.806703,0.809586
130_bNAb_Combinations|1313920|sample|4|nan|1798,0.04,0.784276,5,4,1,0.650598,0.597921,0.598788,0.597921,0.800284,0.805183
130_bNAb_Combinations|1313920|sample|4|nan|1798,0.2,0.443294,6,4,1,0.406069,0.408228,0.409113,0.408228,0.215134,0.221177
130_bNAb_Combinations|1313920|sample|4|nan|1798,1,0.218818,7,4,1,0.193183,0.235844,0.236511,0.235844,-0.191164,-0.184473
130_bNAb_Combinations|1313920|sample|4|nan|1798,5,0.123534,8,4,1,0.0722757,0.114142,0.114516,0.114142,0.197455,0.206294
130_bNAb_Combinations|1313920|sample|5|nan|1798,0.0006144,0.907764,1,5,1,0.701383,0.668589,0.668757,0.668589,0.92399,0.924873
130_bNAb_Combinations|1313920|sample|5|nan|1798,0.003072,0.859919,2,5,1,0.768089,0.712111,0.712517,0.712111,0.535061,0.53684
130_bNAb_Combinations|1313920|sample|5|nan|1798,0.01536,0.783712,3,5,1,0.724713,0.659424,0.660126,0.659424,0.483988,0.487251
130_bNAb_Combinations|1313920|sample|5|nan|1798,0.0768,0.672202,4,5,1,0.56293,0.529698,0.530618,0.529698,0.688705,0.694377
130_bNAb_Combinations|1313920|sample|5|nan|1798,0.384,0.368891,5,5,1,0.332092,0.357143,0.358022,0.357143,0.0780487,0.0845707
130_bNAb_Combinations|1313920|sample|5|nan|1798,1.92,0.184222,6,5,1,0.150761,0.203429,0.204052,0.203429,-0.24763,-0.240574
130_bNAb_Combinations|1313920|sample|5|nan|1798,9.6,0.127972,7,5,1,0.057912,0.102044,0.102395,0.102044,0.62369,0.634333
130_bNAb_Combinations|1313920|sample|5|nan|1798,48,0.0587283,8,5,1,0.0198236,0.0452898,0.045453,0.0452898,0.694073,0.704916
130_bNAb_Combinations|1313920|sample|6|nan|1798,0.0006144,0.830286,1,6,1,0.701383,0.668589,0.668757,0.668589,0.624462,0.62527
130_bNAb_Combinations|1313920|sample|6|nan|1798,0.003072,0.853841,2,6,1,0.768089,0.712111,0.712517,0.712111,0.513001,0.514767
130_bNAb_Combinations|1313920|sample|6|nan|1798,0.01536,0.751916,3,6,1,0.724713,0.659424,0.660126,0.659424,0.359468,0.362599
130_bNAb_Combinations|1313920|sample|6|nan|1798,0.0768,0.612799,4,6,1,0.56293,0.529698,0.530618,0.529698,0.399749,0.404923
130_bNAb_Combinations|1313920|sample|6|nan|1798,0.384,0.297509,5,6,1,0.332092,0.357143,0.358022,0.357143,-0.434564,-0.42929
130_bNAb_Combinations|1313920|sample|6|nan|1798,1.92,0.174251,6,6,1,0.150761,0.203429,0.204052,0.203429,-0.372154,-0.365471
130_bNAb_Combinations|1313920|sample|6|nan|1798,9.6,0.113582,7,6,1,0.057912,0.102044,0.102395,0.102044,0.272791,0.282276
130_bNAb_Combinations|1313920|sample|6|nan|1798,48,0.057994,8,6,1,0.0198236,0.0452898,0.045453,0.0452898,0.655683,0.6664
130_bNAb_Combinations|1313920|sample|7|nan|1798,0.0000768,0.81364,1,7,1,0.718254,0.724816,0.724775,0.724816,0.317152,0.316989
130_bNAb_Combinations|1313920|sample|7|nan|1798,0.000384,0.811293,2,7,1,0.817684,0.83807,0.838048,0.83807,-0.0826454,-0.0827126
130_bNAb_Combinations|1313920|sample|7|nan|1798,0.00192,0.832548,3,7,1,0.847126,0.904713,0.9047,0.904713,-0.206538,-0.206571
130_bNAb_Combinations|1313920|sample|7|nan|1798,0.0096,0.838533,4,7,1,0.796346,0.943704,0.943698,0.943704,-0.288651,-0.288667
130_bNAb_Combinations|1313920|sample|7|nan|1798,0.048,0.504533,5,7,1,0.627162,0.901248,0.901242,0.901248,-1.13992,-1.13993
130_bNAb_Combinations|1313920|sample|7|nan|1798,0.24,0.121528,6,7,1,0.380858,0.0881089,0.0881084,0.0881089,0.940874,0.940856
130_bNAb_Combinations|1313920|sample|7|nan|1798,1.2,0.00317308,7,7,1,0.17689,0.00162985,0.00162984,0.00162985,0.675379,0.675375
130_bNAb_Combinations|1313920|sample|7|nan|1798,6,0.000773603,8,7,1,0.0653019,0.00102361,0.00102358,0.00102361,-0.121819,-0.121833
130_bNAb_Combinations|1313920|sample|8|nan|1798,0.0000768,0.853369,1,8,1,0.718254,0.724816,0.724775,0.724816,0.458942,0.458771
130_bNAb_Combinations|1313920|sample|8|nan|1798,0.000384,0.858752,2,8,1,0.817684,0.83807,0.838048,0.83807,0.0639548,0.0638836
130_bNAb_Combinations|1313920|sample|8|nan|1798,0.00192,0.804488,3,8,1,0.847126,0.904713,0.9047,0.904713,-0.286859,-0.28689
130_bNAb_Combinations|1313920|sample|8|nan|1798,0.0096,0.786951,4,8,1,0.796346,0.943704,0.943698,0.943704,-0.430232,-0.430248
130_bNAb_Combinations|1313920|sample|8|nan|1798,0.048,0.487829,5,8,1,0.627162,0.901248,0.901242,0.901248,-1.18792,-1.18793
130_bNAb_Combinations|1313920|sample|8|nan|1798,0.24,0.111628,6,8,1,0.380858,0.0881089,0.0881084,0.0881089,0.662168,0.662152
130_bNAb_Combinations|1313920|sample|8|nan|1798,1.2,0.0031862,7,8,1,0.17689,0.00162985,0.00162984,0.00162985,0.681117,0.681113
130_bNAb_Combinations|1313920|sample|8|nan|1798,6,0.000694932,8,8,1,0.0653019,0.00102361,0.00102358,0.00102361,-0.160158,-0.160171
130_bNAb_Combinations|1313920|sample|9|nan|1798,0.0003648,0.799965,1,9,1,0.707731,0.724816,0.724775,0.724816,0.268344,0.268184
130_bNAb_Combinations|1313920|sample|9|nan|1798,0.001824,0.747006,2,9,1,0.786301,0.83807,0.838047,0.83807,-0.281229,-0.281291
130_bNAb_Combinations|1313920|sample|9|nan|1798,0.00912,0.676214,3,9,1,0.767035,0.904531,0.904519,0.904531,-0.653656,-0.653682
130_bNAb_Combinations|1313920|sample|9|nan|1798,0.0456,0.461861,4,9,1,0.63385,0.907615,0.907609,0.907615,-1.27189,-1.2719
130_bNAb_Combinations|1313920|sample|9|nan|1798,0.228,0.0981493,5,9,1,0.404726,0.106705,0.106705,0.106705,-0.200519,-0.200517
130_bNAb_Combinations|1313920|sample|9|nan|1798,1.14,0.00317308,6,9,1,0.195791,0.00184831,0.00184833,0.00184831,0.55921,0.559218
130_bNAb_Combinations|1313920|sample|9|nan|1798,5.7,0.000485141,7,9,1,0.0776986,0.00118396,0.00118396,0.00118396,-0.330624,-0.330623
130_bNAb_Combinations|1313920|sample|9|nan|1798,28.5,0.000563812,8,9,1,0.0267843,0.00102166,0.00102163,0.00102166,-0.223189,-0.223202
130_bNAb_Combinations|1313920|vc|1|2|nan|1798,0,0.838599,1,2,1,0.724822,0.724816,0.724775,0.724816,0.406227,0.406059
130_bNAb_Combinations|1313920|vc|2|2|nan|1798,0,0.91969,2,2,1,0.838072,0.83807,0.838048,0.83807,0.252192,0.252116
130_bNAb_Combinations|1313920|vc|3|2|nan|1798,0,0.872133,3,2,1,0.838072,0.83807,0.838048,0.83807,0.105288,0.105216
130_bNAb_Combinations|1313920|vc|4|2|nan|1798,0,0.947723,4,2,1,0.838072,0.83807,0.838048,0.83807,0.338787,0.338709
130_bNAb_Combinations|1313920|vc|5|2|nan|1798,0,1,5,2,1,0.838072,0.83807,0.838048,0.83807,0.500272,0.500189
130_bNAb_Combinations|1313920|vc|6|2|nan|1798,0,0.938505,6,2,1,0.838072,0.83807,0.838048,0.83807,0.310314,0.310236
130_bNAb_Combinations|1313920|vc|7|2|nan|1798,0,0.844873,7,2,1,0.838072,0.83807,0.838048,0.83807,0.0210825,0.0210125
130_bNAb_Combinations|1313920|vc|8|2|nan|1798,0,0.756315,8,2,1,0.724822,0.724816,0.724775,0.724816,0.112562,0.11241
130_bNAb_Combinations|1313938|cc|1|1|TRO.11|8301,0,0.000314857,1,1,0,0,0,0,0,0.189828,0.189828
130_bNAb_Combinations|1313938|cc|2|1|TRO.11|8301,0,0.000558156,2,1,0,0,0,0,0,0.336513,0.336513
130_bNAb_Combinations|1313938|cc|3|1|TRO.11|8301,0,0.000586779,3,1,0,0,0,0,0,0.353771,0.353771
130_bNAb_Combinations|1313938|cc|4|1|TRO.11|8301,0,0.000686961,4,1,0,0,0,0,0,0.41417,0.41417
130_bNAb_Combinations|1313938|cc|5|1|TRO.11|8301,0,0.000615402,5,1,0,0,0,0,0,0.371028,0.371028
130_bNAb_Combinations|1313938|cc|6|1|TRO.11|8301,0,0.001102,6,1,0,0,0,0,0,0.664398,0.664398
130_bNAb_Combinations|1313938|cc|7|1|TRO.11|8301,0,0.00120218,7,1,0,0,0,0,0,0.724798,0.724798
130_bNAb_Combinations|1313938|cc|8|1|TRO.11|8301,0,0.000457974,8,1,0,0,0,0,0,0.276114,0.276114
130_bNAb_Combinations|1313938|sample|10|TRO.11|8301,0.0003648,0.972099,1,10,1,0.707731,0.724822,0.724781,0.724822,0.882652,0.882457
130_bNAb_Combinations|1313938|sample|10|TRO.11|8301,0.001824,0.800331,2,10,1,0.786301,0.838072,0.838049,0.838072,-0.116513,-0.11658
130_bNAb_Combinations|1313938|sample|10|TRO.11|8301,0.00912,0.620841,3,10,1,0.767035,0.904713,0.904701,0.904713,-0.812554,-0.812578
130_bNAb_Combinations|1313938|sample|10|TRO.11|8301,0.0456,0.181823,4,10,1,0.607517,0.904692,0.90468,0.904692,-2.06924,-2.06924
130_bNAb_Combinations|1313938|sample|10|TRO.11|8301,0.228,0.00905929,5,10,1,0.387912,0.0129883,0.0129872,0.0129883,-0.590683,-0.590817
130_bNAb_Combinations|1313938|sample|10|TRO.11|8301,1.14,0.000415039,6,10,1,0.195791,0.00127522,0.00127524,0.00127522,-0.400331,-0.400324
130_bNAb_Combinations|1313938|sample|10|TRO.11|8301,5.7,0.000314857,7,10,1,0.0776986,0.00118129,0.00118129,0.00118129,-0.410121,-0.41012
130_bNAb_Combinations|1313938|sample|10|TRO.11|8301,28.5,0.000887324,8,10,1,0.0267843,0.00102166,0.00102163,0.00102166,-0.0654738,-0.0654877
130_bNAb_Combinations|1313938|sample|11|TRO.11|8301,0.0003712,0.957351,1,11,1,0.70755,0.724819,0.724779,0.724819,0.830031,0.829839
130_bNAb_Combinations|1313938|sample|11|TRO.11|8301,0.001856,0.926724,2,11,1,0.785772,0.837969,0.837946,0.837969,0.274269,0.274192
130_bNAb_Combinations|1313938|sample|11|TRO.11|8301,0.00928,0.826421,3,11,1,0.709358,0.834972,0.83495,0.834972,-0.0264443,-0.0265129
130_bNAb_Combinations|1313938|sample|11|TRO.11|8301,0.0464,0.657393,4,11,1,0.560761,0.753535,0.753516,0.753535,-0.330045,-0.330102
130_bNAb_Combinations|1313938|sample|11|TRO.11|8301,0.232,0.217337,5,11,1,0.357119,0.191533,0.19153,0.191533,0.342876,0.342833
130_bNAb_Combinations|1313938|sample|11|TRO.11|8301,1.16,0.00788574,6,11,1,0.179841,0.00925385,0.00925376,0.00925385,-0.262327,-0.262343
130_bNAb_Combinations|1313938|sample|11|TRO.11|8301,5.8,4.2935e-05,7,11,1,0.0769484,0.00145085,0.00145085,0.00145085,-0.635279,-0.63528
130_bNAb_Combinations|1313938|sample|11|TRO.11|8301,29,0.00034348,8,11,1,0.0265164,0.00102937,0.00102934,0.00102937,-0.333878,-0.333891
130_bNAb_Combinations|1313938|sample|12|TRO.11|8301,0.0003712,0.867789,1,12,1,0.70755,0.724819,0.724779,0.724819,0.510391,0.510217
130_bNAb_Combinations|1313938|sample|12|TRO.11|8301,0.001856,0.853241,2,12,1,0.67959,0.724733,0.724692,0.724733,0.458832,0.458661
130_bNAb_Combinations|1313938|sample|12|TRO.11|8301,0.00928,0.83694,3,12,1,0.613502,0.722142,0.722101,0.722142,0.41136,0.411192
130_bNAb_Combinations|1313938|sample|12|TRO.11|8301,0.0464,0.620225,4,12,1,0.484985,0.651709,0.651673,0.651709,-0.124742,-0.124876
130_bNAb_Combinations|1313938|sample|12|TRO.11|8301,0.232,0.188106,5,12,1,0.308861,0.165651,0.165644,0.165651,0.343888,0.343761
130_bNAb_Combinations|1313938|sample|12|TRO.11|8301,1.16,0.00864425,6,12,1,0.155539,0.00800337,0.00800305,0.00800337,0.135439,0.135368
130_bNAb_Combinations|1313938|sample|12|TRO.11|8301,5.8,0,7,12,1,0.0665503,0.0012548,0.00125476,0.0012548,-0.586102,-0.586116
130_bNAb_Combinations|1313938|sample|12|TRO.11|8301,29,0.000143117,8,12,1,0.0265164,0.00102937,0.00102934,0.00102937,-0.431416,-0.431428
130_bNAb_Combinations|1313938|sample|3|TRO.11|8301,0.000064,0.999256,1,3,1,0.718954,0.722954,0.722913,0.722954,0.988772,0.988571
130_bNAb_Combinations|1313938|sample|3|TRO.11|8301,0.00032,1,2,3,1,0.819826,0.830631,0.830609,0.830631,0.527913,0.52783
130_bNAb_Combinations|1313938|sample|3|TRO.11|8301,0.0016,0.897106,3,3,1,0.852957,0.87747,0.877458,0.87747,0.0579823,0.0579457
130_bNAb_Combinations|1313938|sample|3|TRO.11|8301,0.008,0.970361,4,3,1,0.776296,0.816818,0.816807,0.816818,0.486601,0.486557
130_bNAb_Combinations|1313938|sample|3|TRO.11|8301,0.04,0.880483,5,3,1,0.62357,0.659006,0.658996,0.659006,0.868861,0.868808
130_bNAb_Combinations|1313938|sample|3|TRO.11|8301,0.2,0.715899,6,3,1,0.406069,0.394955,0.394948,0.394955,2.09169,2.09161
130_bNAb_Combinations|1313938|sample|3|TRO.11|8301,1,0.31236,7,3,1,0.193183,0.15367,0.153665,0.15367,2.61382,2.61365
130_bNAb_Combinations|1313938|sample|3|TRO.11|8301,5,0.0404162,8,3,1,0.0722757,0.0447375,0.0447347,0.0447375,-0.229093,-0.229228
130_bNAb_Combinations|1313938|sample|4|TRO.11|8301,0.000064,0.979763,1,4,1,0.718954,0.722954,0.722913,0.722954,0.919026,0.918829
130_bNAb_Combinations|1313938|sample|4|TRO.11|8301,0.00032,0.958596,2,4,1,0.819826,0.830631,0.830609,0.830631,0.398877,0.398797
130_bNAb_Combinations|1313938|sample|4|TRO.11|8301,0.0016,0.947948,3,4,1,0.852957,0.87747,0.877458,0.87747,0.208015,0.207977
130_bNAb_Combinations|1313938|sample|4|TRO.11|8301,0.008,0.949609,4,4,1,0.809945,0.852224,0.852217,0.852224,0.295867,0.295845
130_bNAb_Combinations|1313938|sample|4|TRO.11|8301,0.04,0.862629,5,4,1,0.650598,0.687571,0.687565,0.687571,0.658395,0.658365
130_bNAb_Combinations|1313938|sample|4|TRO.11|8301,0.2,0.698095,6,4,1,0.406069,0.394955,0.394948,0.394955,1.97566,1.97558
130_bNAb_Combinations|1313938|sample|4|TRO.11|8301,1,0.273174,7,4,1,0.193183,0.15367,0.153665,0.15367,1.96841,1.96826
130_bNAb_Combinations|1313938|sample|4|TRO.11|8301,5,0.0442374,8,4,1,0.0722757,0.0447375,0.0447347,0.0447375,-0.0263823,-0.0265288
130_bNAb_Combinations|1313938|sample|5|TRO.11|8301,0.0006144,0.941673,1,5,1,0.701383,0.714234,0.714193,0.714234,0.823814,0.823622
130_bNAb_Combinations|1313938|sample|5|TRO.11|8301,0.003072,0.958739,2,5,1,0.768089,0.797113,0.797091,0.797113,0.524853,0.524769
130_bNAb_Combinations|1313938|sample|5|TRO.11|8301,0.01536,0.915761,3,5,1,0.724713,0.767959,0.767947,0.767959,0.498047,0.498002
130_bNAb_Combinations|1313938|sample|5|TRO.11|8301,0.0768,0.82456,4,5,1,0.56293,0.583803,0.583797,0.583803,1.06524,1.0652
130_bNAb_Combinations|1313938|sample|5|TRO.11|8301,0.384,0.514634,5,5,1,0.332092,0.301231,0.301227,0.301231,1.81742,1.81736
130_bNAb_Combinations|1313938|sample|5|TRO.11|8301,1.92,0.141399,6,5,1,0.150761,0.108468,0.108466,0.108468,0.759832,0.759768
130_bNAb_Combinations|1313938|sample|5|TRO.11|8301,9.6,0.0210382,7,5,1,0.057912,0.03247,0.032469,0.03247,-0.808586,-0.808638
130_bNAb_Combinations|1313938|sample|5|TRO.11|8301,48,0.00739914,8,5,1,0.0198236,0.00904205,0.00904151,0.00904205,-0.31994,-0.320032
130_bNAb_Combinations|1313938|sample|6|TRO.11|8301,0.0006144,0.9722,1,6,1,0.701383,0.714234,0.714193,0.714234,0.934367,0.934169
130_bNAb_Combinations|1313938|sample|6|TRO.11|8301,0.003072,0.899854,2,6,1,0.768089,0.797113,0.797091,0.797113,0.333659,0.33358
130_bNAb_Combinations|1313938|sample|6|TRO.11|8301,0.01536,0.850665,3,6,1,0.724713,0.767959,0.767947,0.767959,0.278709,0.278667
130_bNAb_Combinations|1313938|sample|6|TRO.11|8301,0.0768,0.801476,4,6,1,0.56293,0.583803,0.583797,0.583803,0.963104,0.963069
130_bNAb_Combinations|1313938|sample|6|TRO.11|8301,0.384,0.527478,5,6,1,0.332092,0.301231,0.301227,0.301231,1.9268,1.92675
130_bNAb_Combinations|1313938|sample|6|TRO.11|8301,1.92,0.143947,6,6,1,0.150761,0.108468,0.108466,0.108468,0.818607,0.818542
130_bNAb_Combinations|1313938|sample|6|TRO.11|8301,9.6,0.0206374,7,6,1,0.057912,0.03247,0.032469,0.03247,-0.836933,-0.836984
130_bNAb_Combinations|1313938|sample|6|TRO.11|8301,48,0.00800023,8,6,1,0.0198236,0.00904205,0.00904151,0.00904205,-0.202846,-0.202943
130_bNAb_Combinations|1313938|sample|7|TRO.11|8301,0.0000768,0.947047,1,7,1,0.718254,0.724822,0.724781,0.724822,0.793242,0.793052
130_bNAb_Combinations|1313938|sample|7|TRO.11|8301,0.000384,0.922266,2,7,1,0.817684,0.838072,0.838049,0.838072,0.260146,0.26007
130_bNAb_Combinations|1313938|sample|7|TRO.11|8301,0.00192,0.797075,3,7,1,0.847126,0.904713,0.904701,0.904713,-0.308082,-0.308113
130_bNAb_Combinations|1313938|sample|7|TRO.11|8301,0.0096,0.572639,4,7,1,0.796346,0.943929,0.943922,0.943929,-1.01884,-1.01885
130_bNAb_Combinations|1313938|sample|7|TRO.11|8301,0.048,0.211555,5,7,1,0.627162,0.943892,0.943886,0.943892,-2.00968,-2.00968
130_bNAb_Combinations|1313938|sample|7|TRO.11|8301,0.24,0.00928828,6,7,1,0.380858,0.00857863,0.00857791,0.00857863,0.143359,0.143206
130_bNAb_Combinations|1313938|sample|7|TRO.11|8301,1.2,0.000157428,7,7,1,0.17689,0.00118129,0.00118129,0.00118129,-0.48464,-0.484639
130_bNAb_Combinations|1313938|sample|7|TRO.11|8301,6,0.001102,8,7,1,0.0653019,0.00102166,0.00102163,0.00102166,0.0391814,0.0391669
130_bNAb_Combinations|1313938|sample|8|TRO.11|8301,0.0000768,0.992465,1,8,1,0.718254,0.724822,0.724781,0.724822,0.955334,0.955135
130_bNAb_Combinations|1313938|sample|8|TRO.11|8301,0.000384,0.918846,2,8,1,0.817684,0.838072,0.838049,0.838072,0.24958,0.249504
130_bNAb_Combinations|1313938|sample|8|TRO.11|8301,0.00192,0.798592,3,8,1,0.847126,0.904713,0.904701,0.904713,-0.303739,-0.303771
130_bNAb_Combinations|1313938|sample|8|TRO.11|8301,0.0096,0.614093,4,8,1,0.796346,0.943929,0.943922,0.943929,-0.905089,-0.905101
130_bNAb_Combinations|1313938|sample|8|TRO.11|8301,0.048,0.216235,5,8,1,0.627162,0.943892,0.943886,0.943892,-1.99683,-1.99684
130_bNAb_Combinations|1313938|sample|8|TRO.11|8301,0.24,0.0118501,6,8,1,0.380858,0.00857863,0.00857791,0.00857863,0.660348,0.660166
130_bNAb_Combinations|1313938|sample|8|TRO.11|8301,1.2,0.000787142,7,8,1,0.17689,0.00118129,0.00118129,0.00118129,-0.186567,-0.186567
130_bNAb_Combinations|1313938|sample|8|TRO.11|8301,6,0.000543844,8,8,1,0.0653019,0.00102166,0.00102163,0.00102166,-0.232922,-0.232935
130_bNAb_Combinations|1313938|sample|9|TRO.11|8301,0.0003648,0.965087,1,9,1,0.707731,0.724822,0.724781,0.724822,0.857624,0.857431
130_bNAb_Combinations|1313938|sample|9|TRO.11|8301,0.001824,0.834471,2,9,1,0.786301,0.838072,0.838049,0.838072,-0.0110531,-0.0111222
130_bNAb_Combinations|1313938|sample|9|TRO.11|8301,0.00912,0.637786,3,9,1,0.767035,0.904713,0.904701,0.904713,-0.764049,-0.764074
130_bNAb_Combinations|1313938|sample|9|TRO.11|8301,0.0456,0.173393,4,9,1,0.63385,0.943906,0.943899,0.943906,-2.11441,-2.11441
130_bNAb_Combinations|1313938|sample|9|TRO.11|8301,0.228,0.00868719,5,9,1,0.404726,0.0135513,0.0135502,0.0135513,-0.708263,-0.708382
130_bNAb_Combinations|1313938|sample|9|TRO.11|8301,1.14,0.00025761,6,9,1,0.195791,0.00127522,0.00127524,0.00127522,-0.473596,-0.47359
130_bNAb_Combinations|1313938|sample|9|TRO.11|8301,5.7,0.000543844,7,9,1,0.0776986,0.00118129,0.00118129,0.00118129,-0.301731,-0.30173
130_bNAb_Combinations|1313938|sample|9|TRO.11|8301,28.5,0.00104475,8,9,1,0.0267843,0.00102166,0.00102163,0.00102166,0.0112733,0.011259
130_bNAb_Combinations|1313938|vc|1|2|TRO.11|8301,0,0.914116,1,2,1,0.724822,0.724822,0.724781,0.724822,0.675714,0.675531
130_bNAb_Combinations|1313938|vc|2|2|TRO.11|8301,0,0.902924,2,2,1,0.838072,0.838072,0.838049,0.838072,0.200398,0.200323
130_bNAb_Combinations|1313938|vc|3|2|TRO.11|8301,0,0.968414,3,2,1,0.838072,0.838072,0.838049,0.838072,0.402698,0.402618
130_bNAb_Combinations|1313938|vc|4|2|TRO.11|8301,0,0.926266,4,2,1,0.838072,0.838072,0.838049,0.838072,0.272503,0.272426
130_bNAb_Combinations|1313938|vc|5|2|TRO.11|8301,0,0.902967,5,2,1,0.838072,0.838072,0.838049,0.838072,0.200531,0.200456
130_bNAb_Combinations|1313938|vc|6|2|TRO.11|8301,0,0.92744,6,2,1,0.838072,0.838072,0.838049,0.838072,0.276128,0.276051
130_bNAb_Combinations|1313938|vc|7|2|TRO.11|8301,0,0.886129,7,2,1,0.838072,0.838072,0.838049,0.838072,0.148519,0.148446
130_bNAb_Combinations|1313938|vc|8|2|TRO.11|8301,0,0.777732,8,2,1,0.724822,0.724822,0.724781,0.724822,0.188977,0.188821
130_bNAb_Combinations|1313956|cc|1|1|Ce1176_A3|7023,0,0.000508745,1,1,0,0,0,0,0,0.306724,0.306724
130_bNAb_Combinations|1313956|cc|2|1|Ce1176_A3|7023,0,0.000481245,2,1,0,0,0,0,0,0.290144,0.290144
130_bNAb_Combinations|1313956|cc|3|1|Ce1176_A3|7023,0,0.000632494,3,1,0,0,0,0,0,0.381332,0.381332
130_bNAb_Combinations|1313956|cc|4|1|Ce1176_A3|7023,0,0.00112749,4,1,0,0,0,0,0,0.679766,0.679766
130_bNAb_Combinations|1313956|cc|5|1|Ce1176_A3|7023,0,0.00140249,5,1,0,0,0,0,0,0.845563,0.845563
130_bNAb_Combinations|1313956|cc|6|1|Ce1176_A3|7023,0,0.00147124,6,1,0,0,0,0,0,0.887012,0.887012
130_bNAb_Combinations|1313956|cc|7|1|Ce1176_A3|7023,0,0.00120999,7,1,0,0,0,0,0,0.729505,0.729505
130_bNAb_Combinations|1313956|cc|8|1|Ce1176_A3|7023,0,0.00149874,8,1,0,0,0,0,0,0.903591,0.903591
130_bNAb_Combinations|1313956|sample|10|Ce1176_A3|7023,0.0003648,0.703622,1,10,1,0.707731,0.708992,0.708962,0.708992,-0.0194806,-0.0195894
130_bNAb_Combinations|1313956|sample|10|Ce1176_A3|7023,0.001824,0.749608,2,10,1,0.786301,0.818904,0.818895,0.818904,-0.219009,-0.219035
130_bNAb_Combinations|1313956|sample|10|Ce1176_A3|7023,0.00912,0.514314,3,10,1,0.767035,0.887303,0.887304,0.887303,-1.08852,-1.08852
130_bNAb_Combinations|1313956|sample|10|Ce1176_A3|7023,0.0456,0.208599,4,10,1,0.607517,0.887282,0.887282,0.887282,-1.98069,-1.98069
130_bNAb_Combinations|1313956|sample|10|Ce1176_A3|7023,0.228,0.00944616,5,10,1,0.387912,0.0128444,0.0128434,0.0128444,-0.515171,-0.515288
130_bNAb_Combinations|1313956|sample|10|Ce1176_A3|7023,1.14,0.000343747,6,10,1,0.195791,0.00125068,0.00125072,0.00125068,-0.423956,-0.423942
130_bNAb_Combinations|1313956|sample|10|Ce1176_A3|7023,5.7,0.000233748,7,10,1,0.0776986,0.00115427,0.00115429,0.00115427,-0.437884,-0.437877
130_bNAb_Combinations|1313956|sample|10|Ce1176_A3|7023,28.5,0.000398746,8,10,1,0.0267843,0.000999344,0.000999329,0.000999344,-0.294015,-0.294022
130_bNAb_Combinations|1313956|sample|11|Ce1176_A3|7023,0.0003712,0.688607,1,11,1,0.70755,0.708391,0.708361,0.708391,-0.0721262,-0.0722328
130_bNAb_Combinations|1313956|sample|11|Ce1176_A3|7023,0.001856,0.732462,2,11,1,0.785772,0.814238,0.814229,0.814238,-0.25993,-0.259955
130_bNAb_Combinations|1313956|sample|11|Ce1176_A3|7023,0.00928,0.765771,3,11,1,0.709358,0.788354,0.788345,0.788354,-0.0741049,-0.0741331
130_bNAb_Combinations|1313956|sample|11|Ce1176_A3|7023,0.0464,0.662853,4,11,1,0.560761,0.648912,0.648904,0.648912,0.0555673,0.0555326
130_bNAb_Combinations|1313956|sample|11|Ce1176_A3|7023,0.232,0.428576,5,11,1,0.357119,0.29588,0.295875,0.29588,1.15027,1.1502
130_bNAb_Combinations|1313956|sample|11|Ce1176_A3|7023,1.16,0.0788005,6,11,1,0.179841,0.0640565,0.0640552,0.0640565,0.561175,0.561114
130_bNAb_Combinations|1313956|sample|11|Ce1176_A3|7023,5.8,0.00151248,7,11,1,0.0769484,0.0111088,0.0111086,0.0111088,-1.61884,-1.61885
130_bNAb_Combinations|1313956|sample|11|Ce1176_A3|7023,29,0.000233748,8,11,1,0.0265164,0.0022872,0.00228712,0.0022872,-0.809177,-0.8092
130_bNAb_Combinations|1313956|sample|12|Ce1176_A3|7023,0.0003712,0.632164,1,12,1,0.70755,0.708391,0.708361,0.708391,-0.278207,-0.278305
130_bNAb_Combinations|1313956|sample|12|Ce1176_A3|7023,0.001856,0.613698,2,12,1,0.67959,0.704952,0.704922,0.704952,-0.334686,-0.334782
130_bNAb_Combinations|1313956|sample|12|Ce1176_A3|7023,0.00928,0.591375,3,12,1,0.613502,0.682542,0.682513,0.682542,-0.34528,-0.345376
130_bNAb_Combinations|1313956|sample|12|Ce1176_A3|7023,0.0464,0.519222,4,12,1,0.484985,0.561816,0.561791,0.561816,-0.195664,-0.19577
130_bNAb_Combinations|1313956|sample|12|Ce1176_A3|7023,0.232,0.330526,5,12,1,0.308861,0.256167,0.256154,0.256167,0.742965,0.742802
130_bNAb_Combinations|1313956|sample|12|Ce1176_A3|7023,1.16,0.0625069,6,12,1,0.155539,0.0554589,0.055456,0.0554589,0.306946,0.306805
130_bNAb_Combinations|1313956|sample|12|Ce1176_A3|7023,5.8,0.00237873,7,12,1,0.0665503,0.00961776,0.00961729,0.00961776,-1.35183,-1.35187
130_bNAb_Combinations|1313956|sample|12|Ce1176_A3|7023,29,0.000769992,8,12,1,0.0265164,0.0022872,0.00228712,0.0022872,-0.597857,-0.597883
130_bNAb_Combinations|1313956|sample|3|Ce1176_A3|7023,0.000064,0.742974,1,3,1,0.718954,0.655949,0.655921,0.655949,0.343085,0.342961
130_bNAb_Combinations|1313956|sample|3|Ce1176_A3|7023,0.00032,0.893054,2,3,1,0.819826,0.720474,0.720466,0.720474,0.619613,0.619577
130_bNAb_Combinations|1313956|sample|3|Ce1176_A3|7023,0.0016,0.908543,3,3,1,0.852957,0.720915,0.720916,0.720915,0.673192,0.673192
130_bNAb_Combinations|1313956|sample|3|Ce1176_A3|7023,0.008,0.937844,4,3,1,0.776296,0.638405,0.638405,0.638405,1.21229,1.21229
130_bNAb_Combinations|1313956|sample|3|Ce1176_A3|7023,0.04,0.777115,5,3,1,0.62357,0.535007,0.535007,0.535007,1.1681,1.1681
130_bNAb_Combinations|1313956|sample|3|Ce1176_A3|7023,0.2,0.561758,6,3,1,0.406069,0.420149,0.420149,0.420149,0.868096,0.868093
130_bNAb_Combinations|1313956|sample|3|Ce1176_A3|7023,1,0.368964,7,3,1,0.193183,0.284677,0.284674,0.284677,0.758953,0.758911
130_bNAb_Combinations|1313956|sample|3|Ce1176_A3|7023,5,0.208888,8,3,1,0.0722757,0.170228,0.17022,0.170228,0.576474,0.576336
130_bNAb_Combinations|1313956|sample|4|Ce1176_A3|7023,0.000064,0.71326,1,4,1,0.718954,0.655949,0.655921,0.655949,0.225981,0.225861
130_bNAb_Combinations|1313956|sample|4|Ce1176_A3|7023,0.00032,0.883119,2,4,1,0.819826,0.720474,0.720466,0.720474,0.583948,0.583912
130_bNAb_Combinations|1313956|sample|4|Ce1176_A3|7023,0.0016,0.934819,3,4,1,0.852957,0.720915,0.720916,0.720915,0.767468,0.767468
130_bNAb_Combinations|1313956|sample|4|Ce1176_A3|7023,0.008,0.950487,4,4,1,0.809945,0.66903,0.669032,0.66903,1.08765,1.08766
130_bNAb_Combinations|1313956|sample|4|Ce1176_A3|7023,0.04,0.817519,5,4,1,0.650598,0.560672,0.560674,0.560672,1.1829,1.18292
130_bNAb_Combinations|1313956|sample|4|Ce1176_A3|7023,0.2,0.59253,6,4,1,0.406069,0.420149,0.420149,0.420149,1.05674,1.05673
130_bNAb_Combinations|1313956|sample|4|Ce1176_A3|7023,1,0.33859,7,4,1,0.193183,0.284677,0.284674,0.284677,0.48547,0.485431
130_bNAb_Combinations|1313956|sample|4|Ce1176_A3|7023,5,0.207004,8,4,1,0.0722757,0.170228,0.17022,0.170228,0.548391,0.548254
130_bNAb_Combinations|1313956|sample|5|Ce1176_A3|7023,0.0006144,0.687672,1,5,1,0.701383,0.606509,0.606483,0.606509,0.345874,0.345748
130_bNAb_Combinations|1313956|sample|5|Ce1176_A3|7023,0.003072,0.893274,2,5,1,0.768089,0.637057,0.63705,0.637057,1.03952,1.03948
130_bNAb_Combinations|1313956|sample|5|Ce1176_A3|7023,0.01536,0.886089,3,5,1,0.724713,0.598654,0.598654,0.598654,1.24041,1.24041
130_bNAb_Combinations|1313956|sample|5|Ce1176_A3|7023,0.0768,0.71535,4,5,1,0.56293,0.512526,0.512527,0.512526,1.02112,1.02114
130_bNAb_Combinations|1313956|sample|5|Ce1176_A3|7023,0.384,0.488319,5,5,1,0.332092,0.391567,0.391568,0.391567,0.635931,0.63594
130_bNAb_Combinations|1313956|sample|5|Ce1176_A3|7023,1.92,0.393054,6,5,1,0.150761,0.267287,0.267286,0.267287,1.20491,1.2049
130_bNAb_Combinations|1313956|sample|5|Ce1176_A3|7023,9.6,0.204928,7,5,1,0.057912,0.166766,0.166764,0.166766,0.580469,0.580428
130_bNAb_Combinations|1313956|sample|5|Ce1176_A3|7023,48,0.100326,8,5,1,0.0198236,0.0935077,0.0935035,0.0935077,0.18148,0.181361
130_bNAb_Combinations|1313956|sample|6|Ce1176_A3|7023,0.0006144,0.700267,1,6,1,0.701383,0.606509,0.606483,0.606509,0.399529,0.399402
130_bNAb_Combinations|1313956|sample|6|Ce1176_A3|7023,0.003072,0.779562,2,6,1,0.768089,0.637057,0.63705,0.637057,0.578185,0.578149
130_bNAb_Combinations|1313956|sample|6|Ce1176_A3|7023,0.01536,0.830994,3,6,1,0.724713,0.598654,0.598654,0.598654,1.00265,1.00264
130_bNAb_Combinations|1313956|sample|6|Ce1176_A3|7023,0.0768,0.671062,4,6,1,0.56293,0.512526,0.512527,0.512526,0.798152,0.798163
130_bNAb_Combinations|1313956|sample|6|Ce1176_A3|7023,0.384,0.520893,5,6,1,0.332092,0.391567,0.391568,0.391567,0.850031,0.85004
130_bNAb_Combinations|1313956|sample|6|Ce1176_A3|7023,1.92,0.352251,6,6,1,0.150761,0.267287,0.267286,0.267287,0.813997,0.813993
130_bNAb_Combinations|1313956|sample|6|Ce1176_A3|7023,9.6,0.186758,7,6,1,0.057912,0.166766,0.166764,0.166766,0.304101,0.304064
130_bNAb_Combinations|1313956|sample|6|Ce1176_A3|7023,48,0.0915191,8,6,1,0.0198236,0.0935077,0.0935035,0.0935077,-0.0527876,-0.0528967
130_bNAb_Combinations|1313956|sample|7|Ce1176_A3|7023,0.0000768,0.644896,1,7,1,0.718254,0.708992,0.708962,0.708992,-0.233715,-0.233815
130_bNAb_Combinations|1313956|sample|7|Ce1176_A3|7023,0.000384,0.807536,2,7,1,0.817684,0.818904,0.818895,0.818904,-0.035905,-0.0359326
130_bNAb_Combinations|1313956|sample|7|Ce1176_A3|7023,0.00192,0.874608,3,7,1,0.847126,0.887303,0.887304,0.887303,-0.0370513,-0.0370494
130_bNAb_Combinations|1313956|sample|7|Ce1176_A3|7023,0.0096,0.712752,4,7,1,0.796346,0.929868,0.929873,0.929868,-0.604765,-0.604756
130_bNAb_Combinations|1313956|sample|7|Ce1176_A3|7023,0.048,0.234181,5,7,1,0.627162,0.929832,0.929836,0.929832,-1.93774,-1.93774
130_bNAb_Combinations|1313956|sample|7|Ce1176_A3|7023,0.24,0.0112199,6,7,1,0.380858,0.00848733,0.00848674,0.00848733,0.555497,0.555352
130_bNAb_Combinations|1313956|sample|7|Ce1176_A3|7023,1.2,0.000769992,7,7,1,0.17689,0.00115427,0.00115429,0.00115427,-0.182803,-0.182795
130_bNAb_Combinations|1313956|sample|7|Ce1176_A3|7023,6,0.000536245,8,7,1,0.0653019,0.000999344,0.000999329,0.000999344,-0.226703,-0.226709
130_bNAb_Combinations|1313956|sample|8|Ce1176_A3|7023,0.0000768,0.696355,1,8,1,0.718254,0.708992,0.708962,0.708992,-0.0459903,-0.046098
130_bNAb_Combinations|1313956|sample|8|Ce1176_A3|7023,0.000384,0.873701,2,8,1,0.817684,0.818904,0.818895,0.818904,0.173233,0.173203
130_bNAb_Combinations|1313956|sample|8|Ce1176_A3|7023,0.00192,0.872793,3,8,1,0.847126,0.887303,0.887304,0.887303,-0.042348,-0.0423462
130_bNAb_Combinations|1313956|sample|8|Ce1176_A3|7023,0.0096,0.757666,4,8,1,0.796346,0.929868,0.929873,0.929868,-0.479663,-0.479653
130_bNAb_Combinations|1313956|sample|8|Ce1176_A3|7023,0.048,0.240416,5,8,1,0.627162,0.929832,0.929836,0.929832,-1.92037,-1.92037
130_bNAb_Combinations|1313956|sample|8|Ce1176_A3|7023,0.24,0.0117424,6,8,1,0.380858,0.00848733,0.00848674,0.00848733,0.661692,0.661542
130_bNAb_Combinations|1313956|sample|8|Ce1176_A3|7023,1.2,0.000178748,7,8,1,0.17689,0.00115427,0.00115429,0.00115427,-0.464047,-0.46404
130_bNAb_Combinations|1313956|sample|8|Ce1176_A3|7023,6,0.000316247,8,8,1,0.0653019,0.000999344,0.000999329,0.000999344,-0.334403,-0.334409
130_bNAb_Combinations|1313956|sample|9|Ce1176_A3|7023,0.0003648,0.758106,1,9,1,0.707731,0.708992,0.708962,0.708992,0.179279,0.179162
130_bNAb_Combinations|1313956|sample|9|Ce1176_A3|7023,0.001824,0.682688,2,9,1,0.786301,0.818904,0.818895,0.818904,-0.430537,-0.43056
130_bNAb_Combinations|1313956|sample|9|Ce1176_A3|7023,0.00912,0.715818,3,9,1,0.767035,0.887303,0.887304,0.887303,-0.500459,-0.500458
130_bNAb_Combinations|1313956|sample|9|Ce1176_A3|7023,0.0456,0.196719,4,9,1,0.63385,0.929846,0.92985,0.929846,-2.0421,-2.0421
130_bNAb_Combinations|1313956|sample|9|Ce1176_A3|7023,0.228,0.00966615,5,9,1,0.404726,0.0134606,0.0134596,0.0134606,-0.555306,-0.555416
130_bNAb_Combinations|1313956|sample|9|Ce1176_A3|7023,1.14,0.000756242,6,9,1,0.195791,0.00125068,0.00125072,0.00125068,-0.231139,-0.231124
130_bNAb_Combinations|1313956|sample|9|Ce1176_A3|7023,5.7,0.000439996,7,9,1,0.0776986,0.00115427,0.00115429,0.00115427,-0.339776,-0.339768
130_bNAb_Combinations|1313956|sample|9|Ce1176_A3|7023,28.5,0,8,9,1,0.0267843,0.000999344,0.000999329,0.000999344,-0.489221,-0.489227
130_bNAb_Combinations|1313956|vc|1|2|Ce1176_A3|7023,0,0.749127,1,2,1,0.724822,0.708992,0.708962,0.708992,0.146525,0.146409
130_bNAb_Combinations|1313956|vc|2|2|Ce1176_A3|7023,0,0.930921,2,2,1,0.838072,0.818904,0.818895,0.818904,0.354098,0.354067
130_bNAb_Combinations|1313956|vc|3|2|Ce1176_A3|7023,0,1,3,2,1,0.838072,0.818904,0.818895,0.818904,0.57245,0.572416
130_bNAb_Combinations|1313956|vc|4|2|Ce1176_A3|7023,0,0.968987,4,2,1,0.838072,0.818904,0.818895,0.818904,0.474422,0.474389
130_bNAb_Combinations|1313956|vc|5|2|Ce1176_A3|7023,0,0.924369,5,2,1,0.838072,0.818904,0.818895,0.818904,0.333389,0.333357
130_bNAb_Combinations|1313956|vc|6|2|Ce1176_A3|7023,0,0.980379,6,2,1,0.838072,0.818904,0.818895,0.818904,0.51043,0.510397
130_bNAb_Combinations|1313956|vc|7|2|Ce1176_A3|7023,0,0.892036,7,2,1,0.838072,0.818904,0.818895,0.818904,0.231189,0.231158
130_bNAb_Combinations|1313956|vc|8|2|Ce1176_A3|7023,0,0.653015,8,2,1,0.724822,0.708992,0.708962,0.708992,-0.204095,-0.204196
130_bNAb_Combinations|1313974|cc|1|1|nan|1176,0,0,1,1,0,0,0,0,0,0,0
130_bNAb_Combinations|1313974|cc|2|1|nan|1176,0,0.00187935,2,1,0,0,0,0,0,1.13306,1.13306
130_bNAb_Combinations|1313974|cc|3|1|nan|1176,0,0.00338282,3,1,0,0,0,0,0,2.03951,2.03951
130_bNAb_Combinations|1313974|cc|4|1|nan|1176,0,0.00250579,4,1,0,0,0,0,0,1.51075,1.51075
130_bNAb_Combinations|1313974|cc|5|1|nan|1176,0,0.00425985,5,1,0,0,0,0,0,2.56828,2.56828
130_bNAb_Combinations|1313974|cc|6|1|nan|1176,0,0.00200464,6,1,0,0,0,0,0,1.2086,1.2086
130_bNAb_Combinations|1313974|cc|7|1|nan|1176,0,0.00701623,7,1,0,0,0,0,0,4.2301,4.2301
130_bNAb_Combinations|1313974|cc|8|1|nan|1176,0,0.00275637,8,1,0,0,0,0,0,1.66183,1.66183
130_bNAb_Combinations|1313974|sample|10|nan|1176,0.0003648,0.564806,1,10,1,0.707731,0.668615,0.668577,0.668615,-0.401281,-0.401404
130_bNAb_Combinations|1313974|sample|10|nan|1176,0.001824,0.969555,2,10,1,0.786301,0.720144,0.720124,0.720144,0.895915,0.89582
130_bNAb_Combinations|1313974|sample|10|nan|1176,0.00912,0.987972,3,10,1,0.767035,0.685933,0.685923,0.685933,1.13867,1.13862
130_bNAb_Combinations|1313974|sample|10|nan|1176,0.0456,0.768277,4,10,1,0.607517,0.558084,0.558075,0.558084,0.97256,0.972507
130_bNAb_Combinations|1313974|sample|10|nan|1176,0.228,0.6812,5,10,1,0.387912,0.409556,0.40955,0.409556,1.70793,1.70786
130_bNAb_Combinations|1313974|sample|10|nan|1176,1.14,0.388273,6,10,1,0.195791,0.26994,0.269936,0.26994,1.12277,1.12271
130_bNAb_Combinations|1313974|sample|10|nan|1176,5.7,0.221387,7,10,1,0.0776986,0.150549,0.150544,0.150549,1.19035,1.19024
130_bNAb_Combinations|1313974|sample|10|nan|1176,28.5,0.0676565,8,10,1,0.0267843,0.0736403,0.0736359,0.0736403,-0.199598,-0.199733
130_bNAb_Combinations|1313974|sample|11|nan|1176,0.0003712,0.686964,1,11,1,0.70755,0.724121,0.72408,0.724121,-0.132593,-0.132731
130_bNAb_Combinations|1313974|sample|11|nan|1176,0.001856,0.787446,2,11,1,0.785772,0.830004,0.829982,0.830004,-0.132663,-0.132729
130_bNAb_Combinations|1313974|sample|11|nan|1176,0.00928,0.683957,3,11,1,0.709358,0.763639,0.763621,0.763639,-0.269933,-0.26999
130_bNAb_Combinations|1313974|sample|11|nan|1176,0.0464,0.431373,4,11,1,0.560761,0.424085,0.424079,0.424085,0.0443006,0.0442619
130_bNAb_Combinations|1313974|sample|11|nan|1176,0.232,0.127921,5,11,1,0.357119,0.0785558,0.0785554,0.0785558,1.55002,1.55
130_bNAb_Combinations|1313974|sample|11|nan|1176,1.16,0.00889557,6,11,1,0.179841,0.00959805,0.00959803,0.00959805,-0.131368,-0.131372
130_bNAb_Combinations|1313974|sample|11|nan|1176,5.8,0.00664036,7,11,1,0.0769484,0.00202832,0.00202832,0.00202832,1.89162,1.89162
130_bNAb_Combinations|1313974|sample|11|nan|1176,29,0.0085197,8,11,1,0.0265164,0.00109478,0.00109475,0.00109478,3.57078,3.57074
130_bNAb_Combinations|1313974|sample|12|nan|1176,0.0003712,0.62507,1,12,1,0.70755,0.724121,0.72408,0.724121,-0.353696,-0.353822
130_bNAb_Combinations|1313974|sample|12|nan|1176,0.001856,0.659149,2,12,1,0.67959,0.717845,0.717804,0.717845,-0.211356,-0.211489
130_bNAb_Combinations|1313974|sample|12|nan|1176,0.00928,0.546764,3,12,1,0.613502,0.660448,0.660412,0.660448,-0.444874,-0.44499
130_bNAb_Combinations|1313974|sample|12|nan|1176,0.0464,0.27877,4,12,1,0.484985,0.366778,0.366762,0.366778,-0.617021,-0.617107
130_bNAb_Combinations|1313974|sample|12|nan|1176,0.232,0.0630207,5,12,1,0.308861,0.0679405,0.0679381,0.0679405,-0.17709,-0.177168
130_bNAb_Combinations|1313974|sample|12|nan|1176,1.16,0.00413456,6,12,1,0.155539,0.00830106,0.00830079,0.00830106,-0.859245,-0.859282
130_bNAb_Combinations|1313974|sample|12|nan|1176,5.8,0.0072668,7,12,1,0.0665503,0.00175423,0.00175418,0.00175423,2.3631,2.36306
130_bNAb_Combinations|1313974|sample|12|nan|1176,29,0.00375869,8,12,1,0.0265164,0.00109478,0.00109475,0.00109478,1.28113,1.28111
130_bNAb_Combinations|1313974|sample|3|nan|1176,0.000064,0.544885,1,3,1,0.718954,0.723518,0.723477,0.723518,-0.638519,-0.638629
130_bNAb_Combinations|1313974|sample|3|nan|1176,0.00032,0.833553,2,3,1,0.819826,0.832461,0.832439,0.832461,0.00346257,0.00339296
130_bNAb_Combinations|1313974|sample|3|nan|1176,0.0016,0.76765,3,3,1,0.852957,0.882491,0.882479,0.882491,-0.336935,-0.336966
130_bNAb_Combinations|1313974|sample|3|nan|1176,0.008,0.763766,4,3,1,0.776296,0.826921,0.826909,0.826921,-0.197664,-0.197698
130_bNAb_Combinations|1313974|sample|3|nan|1176,0.04,0.33966,5,3,1,0.62357,0.669489,0.669478,0.669489,-1.2737,-1.27372
130_bNAb_Combinations|1313974|sample|3|nan|1176,0.2,0.074798,6,3,1,0.406069,0.391496,0.391489,0.391496,-2.08197,-2.08198
130_bNAb_Combinations|1313974|sample|3|nan|1176,1,0.0275637,7,3,1,0.193183,0.142697,0.142692,0.142697,-2.0378,-2.03782
130_bNAb_Combinations|1313974|sample|3|nan|1176,5,0.0219257,8,3,1,0.0722757,0.038411,0.0384086,0.038411,-1.00387,-1.00396
130_bNAb_Combinations|1313974|sample|4|nan|1176,0.000064,0.596254,1,4,1,0.718954,0.723518,0.723477,0.723518,-0.45486,-0.45498
130_bNAb_Combinations|1313974|sample|4|nan|1176,0.00032,0.751363,2,4,1,0.819826,0.832461,0.832439,0.832461,-0.252125,-0.252188
130_bNAb_Combinations|1313974|sample|4|nan|1176,0.0016,0.81952,3,4,1,0.852957,0.882491,0.882479,0.882491,-0.184736,-0.184769
130_bNAb_Combinations|1313974|sample|4|nan|1176,0.008,0.746852,4,4,1,0.809945,0.862764,0.862758,0.862764,-0.34783,-0.347848
130_bNAb_Combinations|1313974|sample|4|nan|1176,0.04,0.327758,5,4,1,0.650598,0.698508,0.698502,0.698508,-1.37262,-1.37263
130_bNAb_Combinations|1313974|sample|4|nan|1176,0.2,0.106747,6,4,1,0.406069,0.391496,0.391489,0.391496,-1.87193,-1.87194
130_bNAb_Combinations|1313974|sample|4|nan|1176,1,0.0308213,7,4,1,0.193183,0.142697,0.142692,0.142697,-1.98014,-1.98016
130_bNAb_Combinations|1313974|sample|4|nan|1176,5,0.0120278,8,4,1,0.0722757,0.038411,0.0384086,0.038411,-1.60668,-1.60674
130_bNAb_Combinations|1313974|sample|5|nan|1176,0.0006144,0.585729,1,5,1,0.701383,0.716583,0.716542,0.716583,-0.472193,-0.472312
130_bNAb_Combinations|1313974|sample|5|nan|1176,0.003072,0.613794,2,5,1,0.768089,0.80355,0.803528,0.80355,-0.611133,-0.611187
130_bNAb_Combinations|1313974|sample|5|nan|1176,0.01536,0.526467,3,5,1,0.724713,0.779597,0.779586,0.779597,-0.840198,-0.840224
130_bNAb_Combinations|1313974|sample|5|nan|1176,0.0768,0.174278,4,5,1,0.56293,0.590237,0.590231,0.590237,-1.82045,-1.82045
130_bNAb_Combinations|1313974|sample|5|nan|1176,0.384,0.0800601,5,5,1,0.332092,0.291907,0.291903,0.291907,-1.86089,-1.8609
130_bNAb_Combinations|1313974|sample|5|nan|1176,1.92,0.03458,6,5,1,0.150761,0.0975549,0.0975529,0.0975549,-1.60854,-1.60856
130_bNAb_Combinations|1313974|sample|5|nan|1176,9.6,0.0281902,7,5,1,0.057912,0.0270737,0.0270728,0.0270737,0.0926281,0.0925518
130_bNAb_Combinations|1313974|sample|5|nan|1176,48,0.00826912,8,5,1,0.0198236,0.00715438,0.00715396,0.00715438,0.252987,0.252882
130_bNAb_Combinations|1313974|sample|6|nan|1176,0.0006144,0.51469,1,6,1,0.701383,0.716583,0.716542,0.716583,-0.728623,-0.728728
130_bNAb_Combinations|1313974|sample|6|nan|1176,0.003072,0.808369,2,6,1,0.768089,0.80355,0.803528,0.80355,0.0155944,0.0155238
130_bNAb_Combinations|1313974|sample|6|nan|1176,0.01536,0.47986,3,6,1,0.724713,0.779597,0.779586,0.779597,-0.994907,-0.99493
130_bNAb_Combinations|1313974|sample|6|nan|1176,0.0768,0.164756,4,6,1,0.56293,0.590237,0.590231,0.590237,-1.86212,-1.86213
130_bNAb_Combinations|1313974|sample|6|nan|1176,0.384,0.0816889,5,6,1,0.332092,0.291907,0.291903,0.291907,-1.84658,-1.84659
130_bNAb_Combinations|1313974|sample|6|nan|1176,1.92,0.045856,6,6,1,0.150761,0.0975549,0.0975529,0.0975549,-1.32051,-1.32054
130_bNAb_Combinations|1313974|sample|6|nan|1176,9.6,0.023805,7,6,1,0.057912,0.0270737,0.0270728,0.0270737,-0.270893,-0.270959
130_bNAb_Combinations|1313974|sample|6|nan|1176,48,0.00789325,8,6,1,0.0198236,0.00715438,0.00715396,0.00715438,0.167717,0.167615
130_bNAb_Combinations|1313974|sample|7|nan|1176,0.0000768,0.626699,1,7,1,0.718254,0.694221,0.694182,0.694221,-0.251388,-0.25152
130_bNAb_Combinations|1313974|sample|7|nan|1176,0.000384,0.800727,2,7,1,0.817684,0.771796,0.771775,0.771796,0.0970677,0.096995
130_bNAb_Combinations|1313974|sample|7|nan|1176,0.00192,0.993736,3,7,1,0.847126,0.775066,0.775055,0.775066,0.730107,0.73006
130_bNAb_Combinations|1313974|sample|7|nan|1176,0.0096,1,4,7,1,0.796346,0.711968,0.711962,0.711968,1.04638,1.04635
130_bNAb_Combinations|1313974|sample|7|nan|1176,0.048,0.854476,5,7,1,0.627162,0.577525,0.57752,0.577525,1.2386,1.23856
130_bNAb_Combinations|1313974|sample|7|nan|1176,0.24,0.743344,6,7,1,0.380858,0.404805,0.404799,0.404805,2.15323,2.15316
130_bNAb_Combinations|1313974|sample|7|nan|1176,1.2,0.326505,7,7,1,0.17689,0.246356,0.246349,0.246356,0.832079,0.831979
130_bNAb_Combinations|1313974|sample|7|nan|1176,6,0.132932,8,7,1,0.0653019,0.127965,0.127957,0.127965,0.0978704,0.0977155
130_bNAb_Combinations|1313974|sample|8|nan|1176,0.0000768,0.625321,1,8,1,0.718254,0.694221,0.694182,0.694221,-0.256522,-0.256654
130_bNAb_Combinations|1313974|sample|8|nan|1176,0.000384,0.783938,2,8,1,0.817684,0.771796,0.771775,0.771796,0.0407783,0.040707
130_bNAb_Combinations|1313974|sample|8|nan|1176,0.00192,0.983211,3,8,1,0.847126,0.775066,0.775055,0.775066,0.694969,0.694923
130_bNAb_Combinations|1313974|sample|8|nan|1176,0.0096,0.927081,4,8,1,0.796346,0.711968,0.711962,0.711968,0.781479,0.781452
130_bNAb_Combinations|1313974|sample|8|nan|1176,0.048,0.862056,5,8,1,0.627162,0.577525,0.57752,0.577525,1.27249,1.27246
130_bNAb_Combinations|1313974|sample|8|nan|1176,0.24,0.641108,6,8,1,0.380858,0.404805,0.404799,0.404805,1.50298,1.50292
130_bNAb_Combinations|1313974|sample|8|nan|1176,1.2,0.408069,7,8,1,0.17689,0.246356,0.246349,0.246356,1.67877,1.67864
130_bNAb_Combinations|1313974|sample|8|nan|1176,6,0.107499,8,8,1,0.0653019,0.127965,0.127957,0.127965,-0.402463,-0.402589
130_bNAb_Combinations|1313974|sample|9|nan|1176,0.0003648,0.584727,1,9,1,0.707731,0.668615,0.668577,0.668615,-0.324246,-0.324374
130_bNAb_Combinations|1313974|sample|9|nan|1176,0.001824,0.879471,2,9,1,0.786301,0.720144,0.720124,0.720144,0.57235,0.572264
130_bNAb_Combinations|1313974|sample|9|nan|1176,0.00912,0.847836,3,9,1,0.767035,0.685933,0.685923,0.685933,0.610383,0.610336
130_bNAb_Combinations|1313974|sample|9|nan|1176,0.0456,0.917183,4,9,1,0.63385,0.582274,0.582269,0.582274,1.48567,1.48564
130_bNAb_Combinations|1313974|sample|9|nan|1176,0.228,0.733697,5,9,1,0.404726,0.427309,0.427305,0.427309,1.84712,1.84708
130_bNAb_Combinations|1313974|sample|9|nan|1176,1.14,0.394788,6,9,1,0.195791,0.26994,0.269936,0.26994,1.18458,1.18452
130_bNAb_Combinations|1313974|sample|9|nan|1176,5.7,0.20109,7,9,1,0.0776986,0.150549,0.150544,0.150549,0.849304,0.849204
130_bNAb_Combinations|1313974|sample|9|nan|1176,28.5,0.0780555,8,9,1,0.0267843,0.0736403,0.0736359,0.0736403,0.147528,0.147374
130_bNAb_Combinations|1313974|vc|1|2|nan|1176,0,0.615047,1,2,1,0.724822,0.724823,0.724782,0.724823,-0.391632,-0.391756
130_bNAb_Combinations|1313974|vc|2|2|nan|1176,0,0.671678,2,2,1,0.838072,0.838073,0.83805,0.838073,-0.513924,-0.513979
130_bNAb_Combinations|1313974|vc|3|2|nan|1176,0,0.718411,3,2,1,0.838072,0.838073,0.83805,0.838073,-0.369565,-0.369624
130_bNAb_Combinations|1313974|vc|4|2|nan|1176,0,0.81739,4,2,1,0.838072,0.838073,0.83805,0.838073,-0.0638185,-0.0638862
130_bNAb_Combinations|1313974|vc|5|2|nan|1176,0,0.786068,5,2,1,0.838072,0.838073,0.83805,0.838073,-0.160574,-0.160639
130_bNAb_Combinations|1313974|vc|6|2|nan|1176,0,0.718662,6,2,1,0.838072,0.838073,0.83805,0.838073,-0.368791,-0.36885
130_bNAb_Combinations|1313974|vc|7|2|nan|1176,0,0.706008,7,2,1,0.838072,0.838073,0.83805,0.838073,-0.40788,-0.407938
130_bNAb_Combinations|1313974|vc|8|2|nan|1176,0,0.513437,8,2,1,0.724822,0.724823,0.724782,0.724823,-0.754268,-0.754371
130_bNAb_Combinations|1313992|cc|1|1|RHPA4259.7|5371,0,0.000660826,1,1,0,0,0,0,0,0.398414,0.398414
130_bNAb_Combinations|1313992|cc|2|1|RHPA4259.7|5371,0,0.00171458,2,1,0,0,0,0,0,1.03372,1.03372
130_bNAb_Combinations|1313992|cc|3|1|RHPA4259.7|5371,0,0.00114305,3,1,0,0,0,0,0,0.689149,0.689149
130_bNAb_Combinations|1313992|cc|4|1|RHPA4259.7|5371,0,0.00148239,4,1,0,0,0,0,0,0.89374,0.89374
130_bNAb_Combinations|1313992|cc|5|1|RHPA4259.7|5371,0,0.00150025,5,1,0,0,0,0,0,0.904508,0.904508
130_bNAb_Combinations|1313992|cc|6|1|RHPA4259.7|5371,0,0.00133951,6,1,0,0,0,0,0,0.807596,0.807596
130_bNAb_Combinations|1313992|cc|7|1|RHPA4259.7|5371,0,0.001661,7,1,0,0,0,0,0,1.00142,1.00142
130_bNAb_Combinations|1313992|cc|8|1|RHPA4259.7|5371,0,0.00142881,8,1,0,0,0,0,0,0.861436,0.861436
130_bNAb_Combinations|1313992|sample|10|RHPA4259.7|5371,0.0003648,0.6759,1,10,1,0.707731,0.571995,0.572003,0.571995,0.469093,0.46914
130_bNAb_Combinations|1313992|sample|10|RHPA4259.7|5371,0.001824,0.701074,2,10,1,0.786301,0.825788,0.825751,0.825788,-0.390832,-0.390933
130_bNAb_Combinations|1313992|sample|10|RHPA4259.7|5371,0.00912,0.541985,3,10,1,0.767035,0.92909,0.929058,0.92909,-1.07909,-1.07914
130_bNAb_Combinations|1313992|sample|10|RHPA4259.7|5371,0.0456,0.23562,4,10,1,0.607517,0.928988,0.928956,0.928988,-1.9331,-1.93313
130_bNAb_Combinations|1313992|sample|10|RHPA4259.7|5371,0.228,0.0160206,5,10,1,0.387912,0.0234649,0.0234625,0.0234649,-0.697107,-0.697272
130_bNAb_Combinations|1313992|sample|10|RHPA4259.7|5371,1.14,0.00158956,6,10,1,0.195791,0.00130964,0.00130963,0.00130964,0.129478,0.129474
130_bNAb_Combinations|1313992|sample|10|RHPA4259.7|5371,5.7,0.000392924,7,10,1,0.0776986,0.00116397,0.00116395,0.00116397,-0.366117,-0.366125
130_bNAb_Combinations|1313992|sample|10|RHPA4259.7|5371,28.5,0.000928729,8,10,1,0.0267843,0.000806242,0.000806277,0.000806242,0.0622055,0.0622236
130_bNAb_Combinations|1313992|sample|11|RHPA4259.7|5371,0.0003712,0.650289,1,11,1,0.70755,0.571995,0.572003,0.571995,0.353457,0.353503
130_bNAb_Combinations|1313992|sample|11|RHPA4259.7|5371,0.001856,0.618283,2,11,1,0.785772,0.825788,0.825751,0.825788,-0.650363,-0.650452
130_bNAb_Combinations|1313992|sample|11|RHPA4259.7|5371,0.00928,0.451639,3,11,1,0.709358,0.825788,0.825751,0.825788,-1.17276,-1.17282
130_bNAb_Combinations|1313992|sample|11|RHPA4259.7|5371,0.0464,0.163215,4,11,1,0.560761,0.825727,0.825689,0.825727,-2.07686,-2.07689
130_bNAb_Combinations|1313992|sample|11|RHPA4259.7|5371,0.232,0.0123414,5,11,1,0.357119,0.0149128,0.014911,0.0149128,-0.347763,-0.347966
130_bNAb_Combinations|1313992|sample|11|RHPA4259.7|5371,1.16,0,6,11,1,0.179841,0.00116399,0.00116397,0.00116399,-0.5527,-0.552708
130_bNAb_Combinations|1313992|sample|11|RHPA4259.7|5371,5.8,0.000839428,7,11,1,0.0769484,0.00116397,0.00116395,0.00116397,-0.154097,-0.154107
130_bNAb_Combinations|1313992|sample|11|RHPA4259.7|5371,29,0.000500085,8,11,1,0.0265164,0.000806242,0.000806277,0.000806242,-0.155546,-0.155529
130_bNAb_Combinations|1313992|sample|12|RHPA4259.7|5371,0.0003712,0.617105,1,12,1,0.70755,0.571995,0.572003,0.571995,0.203631,0.203674
130_bNAb_Combinations|1313992|sample|12|RHPA4259.7|5371,0.001856,0.643716,2,12,1,0.67959,0.571995,0.572003,0.571995,0.323782,0.323827
130_bNAb_Combinations|1313992|sample|12|RHPA4259.7|5371,0.00928,0.450916,3,12,1,0.613502,0.571995,0.572003,0.571995,-0.546709,-0.546677
130_bNAb_Combinations|1313992|sample|12|RHPA4259.7|5371,0.0464,0.208089,4,12,1,0.484985,0.571952,0.571961,0.571952,-1.643,-1.64298
130_bNAb_Combinations|1313992|sample|12|RHPA4259.7|5371,0.232,0.0184138,5,12,1,0.308861,0.0103295,0.010329,0.0103295,1.4365,1.43634
130_bNAb_Combinations|1313992|sample|12|RHPA4259.7|5371,1.16,0.000125021,6,12,1,0.155539,0.000806255,0.000806289,0.000806255,-0.346084,-0.346068
130_bNAb_Combinations|1313992|sample|12|RHPA4259.7|5371,5.8,0.000500085,7,12,1,0.0665503,0.000806242,0.000806277,0.000806242,-0.155546,-0.155529
130_bNAb_Combinations|1313992|sample|12|RHPA4259.7|5371,29,0.000285763,8,12,1,0.0265164,0.000806242,0.000806277,0.000806242,-0.264422,-0.264406
130_bNAb_Combinations|1313992|sample|3|RHPA4259.7|5371,0.000064,0.754539,1,3,1,0.718954,0.571653,0.571662,0.571653,0.826176,0.826229
130_bNAb_Combinations|1313992|sample|3|RHPA4259.7|5371,0.00032,0.910976,2,3,1,0.819826,0.823473,0.823435,0.823473,0.275188,0.275057
130_bNAb_Combinations|1313992|sample|3|RHPA4259.7|5371,0.0016,0.927479,3,3,1,0.852957,0.91696,0.916928,0.91696,0.0298008,0.0297098
130_bNAb_Combinations|1313992|sample|3|RHPA4259.7|5371,0.008,0.944785,4,3,1,0.776296,0.874654,0.874624,0.874654,0.207711,0.207613
130_bNAb_Combinations|1313992|sample|3|RHPA4259.7|5371,0.04,0.905162,5,3,1,0.62357,0.718706,0.71868,0.718706,0.671154,0.671034
130_bNAb_Combinations|1313992|sample|3|RHPA4259.7|5371,0.2,0.651807,6,3,1,0.406069,0.391171,0.391155,0.391171,1.715,1.71483
130_bNAb_Combinations|1313992|sample|3|RHPA4259.7|5371,1,0.224351,7,3,1,0.193183,0.111235,0.111229,0.111235,2.54749,2.54722
130_bNAb_Combinations|1313992|sample|3|RHPA4259.7|5371,5,0.0158956,8,3,1,0.0722757,0.0189144,0.0189145,0.0189144,-0.338162,-0.338146
130_bNAb_Combinations|1313992|sample|4|RHPA4259.7|5371,0.000064,0.699119,1,4,1,0.718954,0.571653,0.571662,0.571653,0.575807,0.575855
130_bNAb_Combinations|1313992|sample|4|RHPA4259.7|5371,0.00032,0.930694,2,4,1,0.819826,0.823473,0.823435,0.823473,0.337172,0.337038
130_bNAb_Combinations|1313992|sample|4|RHPA4259.7|5371,0.0016,0.969602,3,4,1,0.852957,0.91696,0.916928,0.91696,0.148779,0.148684
130_bNAb_Combinations|1313992|sample|4|RHPA4259.7|5371,0.008,1,4,4,1,0.809945,0.914238,0.914219,0.914238,0.243006,0.242946
130_bNAb_Combinations|1313992|sample|4|RHPA4259.7|5371,0.04,0.855217,5,4,1,0.650598,0.751232,0.751215,0.751232,0.358184,0.358117
130_bNAb_Combinations|1313992|sample|4|RHPA4259.7|5371,0.2,0.614506,6,4,1,0.406069,0.391171,0.391155,0.391171,1.46958,1.46941
130_bNAb_Combinations|1313992|sample|4|RHPA4259.7|5371,1,0.229173,7,4,1,0.193183,0.111235,0.111229,0.111235,2.65608,2.65581
130_bNAb_Combinations|1313992|sample|4|RHPA4259.7|5371,5,0.0174851,8,4,1,0.0722757,0.0189144,0.0189145,0.0189144,-0.160113,-0.160097
130_bNAb_Combinations|1313992|sample|5|RHPA4259.7|5371,0.0006144,0.682232,1,5,1,0.701383,0.568998,0.569006,0.568998,0.513883,0.513931
130_bNAb_Combinations|1313992|sample|5|RHPA4259.7|5371,0.003072,0.897884,2,5,1,0.768089,0.80582,0.805783,0.80582,0.295836,0.295703
130_bNAb_Combinations|1313992|sample|5|RHPA4259.7|5371,0.01536,0.905895,3,5,1,0.724713,0.832089,0.832059,0.832089,0.229713,0.229613
130_bNAb_Combinations|1313992|sample|5|RHPA4259.7|5371,0.0768,0.832025,4,5,1,0.56293,0.627289,0.627274,0.627289,0.843548,0.843466
130_bNAb_Combinations|1313992|sample|5|RHPA4259.7|5371,0.384,0.471151,5,5,1,0.332092,0.271903,0.271895,0.271903,1.87711,1.87699
130_bNAb_Combinations|1313992|sample|5|RHPA4259.7|5371,1.92,0.0757807,6,5,1,0.150761,0.0718065,0.0718034,0.0718065,0.135961,0.135851
130_bNAb_Combinations|1313992|sample|5|RHPA4259.7|5371,9.6,0.0066797,7,5,1,0.057912,0.0153292,0.0153284,0.0153292,-1.1456,-1.14566
130_bNAb_Combinations|1313992|sample|5|RHPA4259.7|5371,48,0.00155384,8,5,1,0.0198236,0.00292025,0.0029203,0.00292025,-0.491369,-0.491355
130_bNAb_Combinations|1313992|sample|6|RHPA4259.7|5371,0.0006144,0.679213,1,6,1,0.701383,0.568998,0.569006,0.568998,0.500184,0.500232
130_bNAb_Combinations|1313992|sample|6|RHPA4259.7|5371,0.003072,0.909244,2,6,1,0.768089,0.80582,0.805783,0.80582,0.332321,0.332187
130_bNAb_Combinations|1313992|sample|6|RHPA4259.7|5371,0.01536,0.882409,3,6,1,0.724713,0.832089,0.832059,0.832089,0.156645,0.156547
130_bNAb_Combinations|1313992|sample|6|RHPA4259.7|5371,0.0768,0.759665,4,6,1,0.56293,0.627289,0.627274,0.627289,0.545432,0.545357
130_bNAb_Combinations|1313992|sample|6|RHPA4259.7|5371,0.384,0.442039,5,6,1,0.332092,0.271903,0.271895,0.271903,1.60286,1.60274
130_bNAb_Combinations|1313992|sample|6|RHPA4259.7|5371,1.92,0.0812102,6,6,1,0.150761,0.0718065,0.0718034,0.0718065,0.321563,0.321446
130_bNAb_Combinations|1313992|sample|6|RHPA4259.7|5371,9.6,0.00728695,7,6,1,0.057912,0.0153292,0.0153284,0.0153292,-1.06516,-1.06523
130_bNAb_Combinations|1313992|sample|6|RHPA4259.7|5371,48,0.000660826,8,6,1,0.0198236,0.00292025,0.0029203,0.00292025,-0.812486,-0.812474
130_bNAb_Combinations|1313992|sample|7|RHPA4259.7|5371,0.0000768,0.658728,1,7,1,0.718254,0.571995,0.572003,0.571995,0.391559,0.391605
130_bNAb_Combinations|1313992|sample|7|RHPA4259.7|5371,0.000384,0.835624,2,7,1,0.817684,0.825788,0.825751,0.825788,0.0309508,0.0308311
130_bNAb_Combinations|1313992|sample|7|RHPA4259.7|5371,0.00192,0.789589,3,7,1,0.847126,0.92909,0.929058,0.92909,-0.388813,-0.388889
130_bNAb_Combinations|1313992|sample|7|RHPA4259.7|5371,0.0096,0.635402,4,7,1,0.796346,0.971138,0.971118,0.971138,-0.895556,-0.895591
130_bNAb_Combinations|1313992|sample|7|RHPA4259.7|5371,0.048,0.221618,5,7,1,0.627162,0.970977,0.970957,0.970977,-1.99927,-1.99928
130_bNAb_Combinations|1313992|sample|7|RHPA4259.7|5371,0.24,0.0149132,6,7,1,0.380858,0.0161498,0.0161481,0.0161498,-0.157021,-0.157215
130_bNAb_Combinations|1313992|sample|7|RHPA4259.7|5371,1.2,0.00198248,7,7,1,0.17689,0.00116401,0.00116399,0.00116401,0.388653,0.388641
130_bNAb_Combinations|1313992|sample|7|RHPA4259.7|5371,6,0.00167886,8,7,1,0.0653019,0.000806242,0.000806277,0.000806242,0.443271,0.443291
130_bNAb_Combinations|1313992|sample|8|RHPA4259.7|5371,0.0000768,0.639796,1,8,1,0.718254,0.571995,0.572003,0.571995,0.306082,0.306127
130_bNAb_Combinations|1313992|sample|8|RHPA4259.7|5371,0.000384,0.832418,2,8,1,0.817684,0.825788,0.825751,0.825788,0.020901,0.0207817
130_bNAb_Combinations|1313992|sample|8|RHPA4259.7|5371,0.00192,0.855234,3,8,1,0.847126,0.92909,0.929058,0.92909,-0.205807,-0.20589
130_bNAb_Combinations|1313992|sample|8|RHPA4259.7|5371,0.0096,0.694582,4,8,1,0.796346,0.971138,0.971118,0.971138,-0.737688,-0.737726
130_bNAb_Combinations|1313992|sample|8|RHPA4259.7|5371,0.048,0.261848,5,8,1,0.627162,0.970977,0.970957,0.970977,-1.89194,-1.89195
130_bNAb_Combinations|1313992|sample|8|RHPA4259.7|5371,0.24,0.0198069,6,8,1,0.380858,0.0161498,0.0161481,0.0161498,0.465228,0.464985
130_bNAb_Combinations|1313992|sample|8|RHPA4259.7|5371,1.2,0.00117877,7,8,1,0.17689,0.00116401,0.00116399,0.00116401,0.00702033,0.0070103
130_bNAb_Combinations|1313992|sample|8|RHPA4259.7|5371,6,0.000464364,8,8,1,0.0653019,0.000806242,0.000806277,0.000806242,-0.173692,-0.173675
130_bNAb_Combinations|1313992|sample|9|RHPA4259.7|5371,0.0003648,0.59653,1,9,1,0.707731,0.571995,0.572003,0.571995,0.110736,0.110778
130_bNAb_Combinations|1313992|sample|9|RHPA4259.7|5371,0.001824,0.754182,2,9,1,0.786301,0.825788,0.825751,0.825788,-0.224353,-0.224461
130_bNAb_Combinations|1313992|sample|9|RHPA4259.7|5371,0.00912,0.593958,3,9,1,0.767035,0.92909,0.929058,0.92909,-0.934197,-0.934255
130_bNAb_Combinations|1313992|sample|9|RHPA4259.7|5371,0.0456,0.260651,4,9,1,0.63385,0.971031,0.971011,0.971031,-1.89517,-1.89518
130_bNAb_Combinations|1313992|sample|9|RHPA4259.7|5371,0.228,0.0158598,5,9,1,0.404726,0.0245269,0.0245247,0.0245269,-0.781768,-0.781904
130_bNAb_Combinations|1313992|sample|9|RHPA4259.7|5371,1.14,0.000964449,6,9,1,0.195791,0.00130964,0.00130963,0.00130964,-0.159662,-0.159666
130_bNAb_Combinations|1313992|sample|9|RHPA4259.7|5371,5.7,0.000267903,7,9,1,0.0776986,0.00116397,0.00116395,0.00116397,-0.425482,-0.425491
130_bNAb_Combinations|1313992|sample|9|RHPA4259.7|5371,28.5,0.000839428,8,9,1,0.0267843,0.000806242,0.000806277,0.000806242,0.0168407,0.0168584
130_bNAb_Combinations|1313992|vc|1|2|RHPA4259.7|5371,0,0.779132,1,2,1,0.724822,0.571995,0.572003,0.571995,0.935183,0.935237
130_bNAb_Combinations|1313992|vc|2|2|RHPA4259.7|5371,0,0.953474,2,2,1,0.838072,0.825788,0.825751,0.825788,0.400385,0.400249
130_bNAb_Combinations|1313992|vc|3|2|RHPA4259.7|5371,0,0.91795,3,2,1,0.838072,0.825788,0.825751,0.825788,0.289026,0.288894
130_bNAb_Combinations|1313992|vc|4|2|RHPA4259.7|5371,0,0.938007,4,2,1,0.838072,0.825788,0.825751,0.825788,0.3519,0.351766
130_bNAb_Combinations|1313992|vc|5|2|RHPA4259.7|5371,0,0.961699,5,2,1,0.838072,0.825788,0.825751,0.825788,0.426168,0.42603
130_bNAb_Combinations|1313992|vc|6|2|RHPA4259.7|5371,0,0.866995,6,2,1,0.838072,0.825788,0.825751,0.825788,0.129293,0.129169
130_bNAb_Combinations|1313992|vc|7|2|RHPA4259.7|5371,0,0.852279,7,2,1,0.838072,0.825788,0.825751,0.825788,0.0831593,0.0830372
130_bNAb_Combinations|1313992|vc|8|2|RHPA4259.7|5371,0,0.715353,8,2,1,0.724822,0.571995,0.572003,0.571995,0.647223,0.647273
130_bNAb_Combinations|1314016|cc|1|1|nan|3430,0,0.0013549,1,1,0,0,0,0,0,0.81687,0.81687
130_bNAb_Combinations|1314016|cc|2|1|nan|3430,0,0.00201049,2,1,0,0,0,0,0,1.21213,1.21213
130_bNAb_Combinations|1314016|cc|3|1|nan|3430,0,0.00170455,3,1,0,0,0,0,0,1.02768,1.02768
130_bNAb_Combinations|1314016|cc|4|1|nan|3430,0,0.00253497,4,1,0,0,0,0,0,1.52834,1.52834
130_bNAb_Combinations|1314016|cc|5|1|nan|3430,0,0.00104895,5,1,0,0,0,0,0,0.632415,0.632415
130_bNAb_Combinations|1314016|cc|6|1|nan|3430,0,0.000743007,6,1,0,0,0,0,0,0.447961,0.447961
130_bNAb_Combinations|1314016|cc|7|1|nan|3430,0,0,7,1,0,0,0,0,0,0,0
130_bNAb_Combinations|1314016|cc|8|1|nan|3430,0,0.00187937,8,1,0,0,0,0,0,1.13308,1.13308
130_bNAb_Combinations|1314016|sample|10|nan|3430,0.0003648,0.774781,1,10,1,0.707731,0.723791,0.723752,0.723791,0.182376,0.182226
130_bNAb_Combinations|1314016|sample|10|nan|3430,0.001824,0.738134,2,10,1,0.786301,0.82943,0.829409,0.82943,-0.284872,-0.284931
130_bNAb_Combinations|1314016|sample|10|nan|3430,0.00912,0.636976,3,10,1,0.767035,0.839305,0.839296,0.839305,-0.624046,-0.624067
130_bNAb_Combinations|1314016|sample|10|nan|3430,0.0456,0.400415,4,10,1,0.607517,0.571356,0.571355,0.571356,-0.772659,-0.772663
130_bNAb_Combinations|1314016|sample|10|nan|3430,0.228,0.120367,5,10,1,0.387912,0.169156,0.169158,0.169156,-0.731853,-0.731832
130_bNAb_Combinations|1314016|sample|10|nan|3430,1.14,0.0218531,6,10,1,0.195791,0.0279809,0.0279814,0.0279809,-0.49373,-0.4937
130_bNAb_Combinations|1314016|sample|10|nan|3430,5.7,0.0119318,7,10,1,0.0776986,0.00456965,0.00456966,0.00456965,2.15595,2.15596
130_bNAb_Combinations|1314016|sample|10|nan|3430,28.5,0.00895979,8,10,1,0.0267843,0.0014141,0.00141406,0.0014141,3.42664,3.4266
130_bNAb_Combinations|1314016|sample|11|nan|3430,0.0003712,1,1,11,1,0.70755,0.724792,0.724753,0.724792,0.982368,0.982175
130_bNAb_Combinations|1314016|sample|11|nan|3430,0.001856,0.764248,2,11,1,0.785772,0.837861,0.837839,0.837861,-0.22738,-0.227441
130_bNAb_Combinations|1314016|sample|11|nan|3430,0.00928,0.669886,3,11,1,0.709358,0.829913,0.829892,0.829913,-0.499093,-0.499146
130_bNAb_Combinations|1314016|sample|11|nan|3430,0.0464,0.36392,4,11,1,0.560761,0.593366,0.593356,0.593366,-0.99889,-0.998915
130_bNAb_Combinations|1314016|sample|11|nan|3430,0.232,0.066521,5,11,1,0.357119,0.0467229,0.0467232,0.0467229,1.00933,1.00935
130_bNAb_Combinations|1314016|sample|11|nan|3430,1.16,0.00305944,6,11,1,0.179841,0.002325,0.00232501,0.002325,0.287766,0.287771
130_bNAb_Combinations|1314016|sample|11|nan|3430,5.8,0.000437063,7,11,1,0.0769484,0.0012085,0.0012085,0.0012085,-0.363358,-0.363357
130_bNAb_Combinations|1314016|sample|11|nan|3430,29,0.00227273,8,11,1,0.0265164,0.00102218,0.00102215,0.00102218,0.6096,0.609584
130_bNAb_Combinations|1314016|sample|12|nan|3430,0.0003712,0.984091,1,12,1,0.70755,0.724792,0.724753,0.724792,0.925588,0.925398
130_bNAb_Combinations|1314016|sample|12|nan|3430,0.001856,0.80153,2,12,1,0.67959,0.724627,0.724588,0.724627,0.274672,0.274516
130_bNAb_Combinations|1314016|sample|12|nan|3430,0.00928,0.693553,3,12,1,0.613502,0.717753,0.717715,0.717753,-0.0870736,-0.0872084
130_bNAb_Combinations|1314016|sample|12|nan|3430,0.0464,0.359899,4,12,1,0.484985,0.513174,0.513151,0.513174,-0.770624,-0.770704
130_bNAb_Combinations|1314016|sample|12|nan|3430,0.232,0.0557255,5,12,1,0.308861,0.0404085,0.0404076,0.0404085,0.891217,0.891148
130_bNAb_Combinations|1314016|sample|12|nan|3430,1.16,0.000305944,6,12,1,0.155539,0.00201079,0.00201074,0.00201079,-0.701161,-0.701176
130_bNAb_Combinations|1314016|sample|12|nan|3430,5.8,0.00104895,7,12,1,0.0665503,0.00104517,0.00104515,0.00104517,0.00184668,0.00183323
130_bNAb_Combinations|1314016|sample|12|nan|3430,29,0.00161713,8,12,1,0.0265164,0.00102218,0.00102215,0.00102218,0.290027,0.290012
130_bNAb_Combinations|1314016|sample|3|nan|3430,0.000064,0.934375,1,3,1,0.718954,0.724604,0.724564,0.724604,0.749016,0.748835
130_bNAb_Combinations|1314016|sample|3|nan|3430,0.00032,0.84434,2,3,1,0.819826,0.836818,0.836797,0.836818,0.0233363,0.0232689
130_bNAb_Combinations|1314016|sample|3|nan|3430,0.0016,0.64458,3,3,1,0.852957,0.897305,0.897294,0.897305,-0.729338,-0.729362
130_bNAb_Combinations|1314016|sample|3|nan|3430,0.008,0.217177,4,3,1,0.776296,0.864959,0.864947,0.864959,-1.93905,-1.93906
130_bNAb_Combinations|1314016|sample|3|nan|3430,0.04,0.0300699,5,3,1,0.62357,0.720305,0.720294,0.720305,-2.47859,-2.4786
130_bNAb_Combinations|1314016|sample|3|nan|3430,0.2,0.0116259,6,3,1,0.406069,0.373181,0.373174,0.373181,-2.49218,-2.49219
130_bNAb_Combinations|1314016|sample|3|nan|3430,1,0.00983392,7,3,1,0.193183,0.0945343,0.094531,0.0945343,-2.22959,-2.2296
130_bNAb_Combinations|1314016|sample|3|nan|3430,5,0.00957168,8,3,1,0.0722757,0.0169689,0.0169678,0.0169689,-0.904226,-0.904309
130_bNAb_Combinations|1314016|sample|4|nan|3430,0.000064,0.986801,1,4,1,0.718954,0.724604,0.724564,0.724604,0.936174,0.935983
130_bNAb_Combinations|1314016|sample|4|nan|3430,0.00032,0.92017,2,4,1,0.819826,0.836818,0.836797,0.836818,0.257926,0.257853
130_bNAb_Combinations|1314016|sample|4|nan|3430,0.0016,0.701202,3,4,1,0.852957,0.897305,0.897294,0.897305,-0.565926,-0.565953
130_bNAb_Combinations|1314016|sample|4|nan|3430,0.008,0.233566,4,4,1,0.809945,0.902455,0.902448,0.902455,-1.91944,-1.91944
130_bNAb_Combinations|1314016|sample|4|nan|3430,0.04,0.0290647,5,4,1,0.650598,0.75153,0.751523,0.75153,-2.48716,-2.48716
130_bNAb_Combinations|1314016|sample|4|nan|3430,0.2,0.0108392,6,4,1,0.406069,0.373181,0.373174,0.373181,-2.49761,-2.49761
130_bNAb_Combinations|1314016|sample|4|nan|3430,1,0.0083042,7,4,1,0.193183,0.0945343,0.094531,0.0945343,-2.26986,-2.26987
130_bNAb_Combinations|1314016|sample|4|nan|3430,5,0.00472028,8,4,1,0.0722757,0.0169689,0.0169678,0.0169689,-1.49734,-1.49739
130_bNAb_Combinations|1314016|sample|5|nan|3430,0.0006144,0.749082,1,5,1,0.701383,0.722651,0.722611,0.722651,0.0947534,0.0946078
130_bNAb_Combinations|1314016|sample|5|nan|3430,0.003072,0.389576,2,5,1,0.768089,0.824418,0.824396,0.824418,-1.36529,-1.36532
130_bNAb_Combinations|1314016|sample|5|nan|3430,0.01536,0.0907343,3,5,1,0.724713,0.828343,0.828332,0.828343,-2.30504,-2.30504
130_bNAb_Combinations|1314016|sample|5|nan|3430,0.0768,0.0207168,4,5,1,0.56293,0.623699,0.623692,0.623699,-2.49835,-2.49835
130_bNAb_Combinations|1314016|sample|5|nan|3430,0.384,0.0156906,5,5,1,0.332092,0.24506,0.245057,0.24506,-2.39332,-2.39332
130_bNAb_Combinations|1314016|sample|5|nan|3430,1.92,0.00690559,6,5,1,0.150761,0.0544827,0.0544815,0.0544827,-2.10547,-2.10548
130_bNAb_Combinations|1314016|sample|5|nan|3430,9.6,0.00743007,7,5,1,0.057912,0.0104747,0.0104744,0.0104747,-0.535585,-0.535631
130_bNAb_Combinations|1314016|sample|5|nan|3430,48,0.0101836,8,5,1,0.0198236,0.00247714,0.00247702,0.00247714,2.95204,2.95194
130_bNAb_Combinations|1314016|sample|6|nan|3430,0.0006144,0.677579,1,6,1,0.701383,0.722651,0.722611,0.722651,-0.161197,-0.161329
130_bNAb_Combinations|1314016|sample|6|nan|3430,0.003072,0.36038,2,6,1,0.768089,0.824418,0.824396,0.824418,-1.45696,-1.45699
130_bNAb_Combinations|1314016|sample|6|nan|3430,0.01536,0.088243,3,6,1,0.724713,0.828343,0.828332,0.828343,-2.31282,-2.31282
130_bNAb_Combinations|1314016|sample|6|nan|3430,0.0768,0.0203234,4,6,1,0.56293,0.623699,0.623692,0.623699,-2.49998,-2.49998
130_bNAb_Combinations|1314016|sample|6|nan|3430,0.384,0.0114948,5,6,1,0.332092,0.24506,0.245057,0.24506,-2.4371,-2.4371
130_bNAb_Combinations|1314016|sample|6|nan|3430,1.92,0.00655594,6,6,1,0.150761,0.0544827,0.0544815,0.0544827,-2.12094,-2.12095
130_bNAb_Combinations|1314016|sample|6|nan|3430,9.6,0.0083479,7,6,1,0.057912,0.0104747,0.0104744,0.0104747,-0.37411,-0.374159
130_bNAb_Combinations|1314016|sample|6|nan|3430,48,0.00467657,8,6,1,0.0198236,0.00247714,0.00247702,0.00247714,0.842554,0.842492
130_bNAb_Combinations|1314016|sample|7|nan|3430,0.0000768,0.664773,1,7,1,0.718254,0.724653,0.724614,0.724653,-0.213615,-0.213744
130_bNAb_Combinations|1314016|sample|7|nan|3430,0.000384,0.829917,2,7,1,0.817684,0.836818,0.836796,0.836818,-0.0212823,-0.0213483
130_bNAb_Combinations|1314016|sample|7|nan|3430,0.00192,0.764467,3,7,1,0.847126,0.894782,0.89477,0.894782,-0.377115,-0.377143
130_bNAb_Combinations|1314016|sample|7|nan|3430,0.0096,0.770411,4,7,1,0.796346,0.871513,0.871509,0.871513,-0.300363,-0.300373
130_bNAb_Combinations|1314016|sample|7|nan|3430,0.048,0.49139,5,7,1,0.627162,0.581923,0.581926,0.581923,-0.40185,-0.40184
130_bNAb_Combinations|1314016|sample|7|nan|3430,0.24,0.156862,6,7,1,0.380858,0.160559,0.160561,0.160559,-0.0583809,-0.0583517
130_bNAb_Combinations|1314016|sample|7|nan|3430,1.2,0.0207168,7,7,1,0.17689,0.0244244,0.0244245,0.0244244,-0.335684,-0.335677
130_bNAb_Combinations|1314016|sample|7|nan|3430,6,0.00895979,8,7,1,0.0653019,0.00377058,0.00377049,0.00377058,1.66983,1.66978
130_bNAb_Combinations|1314016|sample|8|nan|3430,0.0000768,0.754545,1,8,1,0.718254,0.724653,0.724614,0.724653,0.106849,0.106702
130_bNAb_Combinations|1314016|sample|8|nan|3430,0.000384,0.798864,2,8,1,0.817684,0.836818,0.836796,0.836818,-0.117349,-0.117413
130_bNAb_Combinations|1314016|sample|8|nan|3430,0.00192,0.800874,3,8,1,0.847126,0.894782,0.89477,0.894782,-0.271748,-0.271777
130_bNAb_Combinations|1314016|sample|8|nan|3430,0.0096,0.751836,4,8,1,0.796346,0.871513,0.871509,0.871513,-0.35555,-0.35556
130_bNAb_Combinations|1314016|sample|8|nan|3430,0.048,0.501442,5,8,1,0.627162,0.581923,0.581926,0.581923,-0.357232,-0.357221
130_bNAb_Combinations|1314016|sample|8|nan|3430,0.24,0.11875,6,8,1,0.380858,0.160559,0.160561,0.160559,-0.659859,-0.659837
130_bNAb_Combinations|1314016|sample|8|nan|3430,1.2,0.0323427,7,8,1,0.17689,0.0244244,0.0244245,0.0244244,0.71689,0.716899
130_bNAb_Combinations|1314016|sample|8|nan|3430,6,0.010271,8,8,1,0.0653019,0.00377058,0.00377049,0.00377058,2.09175,2.0917
130_bNAb_Combinations|1314016|sample|9|nan|3430,0.0003648,0.854218,1,9,1,0.707731,0.723791,0.723752,0.723791,0.466276,0.466111
130_bNAb_Combinations|1314016|sample|9|nan|3430,0.001824,0.730004,2,9,1,0.786301,0.82943,0.829409,0.82943,-0.310244,-0.310302
130_bNAb_Combinations|1314016|sample|9|nan|3430,0.00912,0.572749,3,9,1,0.767035,0.839305,0.839296,0.839305,-0.822149,-0.822168
130_bNAb_Combinations|1314016|sample|9|nan|3430,0.0456,0.403955,4,9,1,0.63385,0.596124,0.596127,0.596124,-0.832792,-0.832784
130_bNAb_Combinations|1314016|sample|9|nan|3430,0.228,0.124956,5,9,1,0.404726,0.176489,0.176492,0.176489,-0.74167,-0.741638
130_bNAb_Combinations|1314016|sample|9|nan|3430,1.14,0.0266608,6,9,1,0.195791,0.0279809,0.0279814,0.0279809,-0.106392,-0.106357
130_bNAb_Combinations|1314016|sample|9|nan|3430,5.7,0.0117133,7,9,1,0.0776986,0.00456965,0.00456966,0.00456965,2.09196,2.09196
130_bNAb_Combinations|1314016|sample|9|nan|3430,28.5,0.00231643,8,9,1,0.0267843,0.0014141,0.00141406,0.0014141,0.409783,0.409763
130_bNAb_Combinations|1314016|vc|1|2|nan|3430,0,0.961123,1,2,1,0.724822,0.724796,0.724757,0.724796,0.843597,0.843411
130_bNAb_Combinations|1314016|vc|2|2|nan|3430,0,0.986976,2,2,1,0.838072,0.838056,0.838035,0.838056,0.460087,0.460008
130_bNAb_Combinations|1314016|vc|3|2|nan|3430,0,0.934987,3,2,1,0.838072,0.838056,0.838035,0.838056,0.299491,0.299416
130_bNAb_Combinations|1314016|vc|4|2|nan|3430,0,0.886582,4,2,1,0.838072,0.838056,0.838035,0.838056,0.149966,0.149895
130_bNAb_Combinations|1314016|vc|5|2|nan|3430,0,0.904633,5,2,1,0.838072,0.838056,0.838035,0.838056,0.205725,0.205653
130_bNAb_Combinations|1314016|vc|6|2|nan|3430,0,0.928955,6,2,1,0.838072,0.838056,0.838035,0.838056,0.280859,0.280785
130_bNAb_Combinations|1314016|vc|7|2|nan|3430,0,0.883566,7,2,1,0.838072,0.838056,0.838035,0.838056,0.14065,0.140579
130_bNAb_Combinations|1314016|vc|8|2|nan|3430,0,0.902404,8,2,1,0.724822,0.724796,0.724757,0.724796,0.634026,0.633851
130_bNAb_Combinations|1314040|cc|1|1|nan|4166,0,0.000767291,1,1,0,0,0,0,0,0.462602,0.462602
130_bNAb_Combinations|1314040|cc|2|1|nan|4166,0,0.000630275,2,1,0,0,0,0,0,0.379995,0.379995
130_bNAb_Combinations|1314040|cc|3|1|nan|4166,0,0,3,1,0,0,0,0,0,0,0
130_bNAb_Combinations|1314040|cc|4|1|nan|4166,0,0.00104132,4,1,0,0,0,0,0,0.627817,0.627817
130_bNAb_Combinations|1314040|cc|5|1|nan|4166,0,0.00117834,5,1,0,0,0,0,0,0.710425,0.710425
130_bNAb_Combinations|1314040|cc|6|1|nan|4166,0,0.00202784,6,1,0,0,0,0,0,1.22259,1.22259
130_bNAb_Combinations|1314040|cc|7|1|nan|4166,0,0.001699,7,1,0,0,0,0,0,1.02433,1.02433
130_bNAb_Combinations|1314040|cc|8|1|nan|4166,0,0.00219226,8,1,0,0,0,0,0,1.32172,1.32172
130_bNAb_Combinations|1314040|sample|10|nan|4166,0.0003648,0.809588,1,10,1,0.707731,0.724823,0.724782,0.724823,0.302664,0.302501
130_bNAb_Combinations|1314040|sample|10|nan|4166,0.001824,0.790529,2,10,1,0.786301,0.838072,0.83805,0.838072,-0.146791,-0.146857
130_bNAb_Combinations|1314040|sample|10|nan|4166,0.00912,0.456991,3,10,1,0.767035,0.904714,0.904702,0.904714,-1.28158,-1.2816
130_bNAb_Combinations|1314040|sample|10|nan|4166,0.0456,0.0730023,4,10,1,0.607517,0.904714,0.904701,0.904714,-2.38075,-2.38075
130_bNAb_Combinations|1314040|sample|10|nan|4166,0.228,0.0016442,5,10,1,0.387912,0.00301138,0.00301116,0.00301138,-0.485452,-0.485517
130_bNAb_Combinations|1314040|sample|10|nan|4166,1.14,0.00145237,6,10,1,0.195791,0.00127522,0.00127524,0.00127522,0.0824374,0.082446
130_bNAb_Combinations|1314040|sample|10|nan|4166,5.7,0.000876905,7,10,1,0.0776986,0.00118129,0.00118129,0.00118129,-0.144078,-0.144078
130_bNAb_Combinations|1314040|sample|10|nan|4166,28.5,0.00142497,8,10,1,0.0267843,0.00102166,0.00102163,0.00102166,0.19663,0.196615
130_bNAb_Combinations|1314040|sample|11|nan|4166,0.0003712,0.722789,1,11,1,0.70755,0.724823,0.724782,0.724823,-0.0071155,-0.00726064
130_bNAb_Combinations|1314040|sample|11|nan|4166,0.001856,0.682835,2,11,1,0.785772,0.838072,0.83805,0.838072,-0.479461,-0.479518
130_bNAb_Combinations|1314040|sample|11|nan|4166,0.00928,0.694111,3,11,1,0.709358,0.838072,0.83805,0.838072,-0.444628,-0.444686
130_bNAb_Combinations|1314040|sample|11|nan|4166,0.0464,0.1565,4,11,1,0.560761,0.838055,0.838032,0.838055,-2.1053,-2.10531
130_bNAb_Combinations|1314040|sample|11|nan|4166,0.232,0.0120848,5,11,1,0.357119,0.00939792,0.00939697,0.00939792,0.510034,0.509818
130_bNAb_Combinations|1314040|sample|11|nan|4166,1.16,0.000876905,6,11,1,0.179841,0.00118129,0.00118129,0.00118129,-0.144079,-0.144079
130_bNAb_Combinations|1314040|sample|11|nan|4166,5.8,0.000959114,7,11,1,0.0769484,0.00118129,0.00118129,0.00118129,-0.105165,-0.105164
130_bNAb_Combinations|1314040|sample|11|nan|4166,6,0.00120574,8,11,1,0.0653019,0.00102166,0.00102163,0.00102166,0.0897566,0.0897418
130_bNAb_Combinations|1314040|sample|12|nan|4166,0.0003712,0.634577,1,12,1,0.70755,0.724823,0.724782,0.724823,-0.321931,-0.322059
130_bNAb_Combinations|1314040|sample|12|nan|4166,0.001856,0.570344,2,12,1,0.67959,0.724823,0.724782,0.724823,-0.551173,-0.551288
130_bNAb_Combinations|1314040|sample|12|nan|4166,0.00928,0.44666,3,12,1,0.613502,0.724823,0.724782,0.724823,-0.99259,-0.99268
130_bNAb_Combinations|1314040|sample|12|nan|4166,0.0464,0.130275,4,12,1,0.484985,0.724808,0.724767,0.724808,-2.12172,-2.12175
130_bNAb_Combinations|1314040|sample|12|nan|4166,0.232,0.00937192,5,12,1,0.308861,0.00812797,0.00812691,0.00812797,0.260359,0.260114
130_bNAb_Combinations|1314040|sample|12|nan|4166,1.16,0.000685082,6,12,1,0.155539,0.00102166,0.00102163,0.00102166,-0.164069,-0.164082
130_bNAb_Combinations|1314040|sample|12|nan|4166,5.8,0.000959114,7,12,1,0.0665503,0.00102166,0.00102163,0.00102166,-0.0304763,-0.0304904
130_bNAb_Combinations|1314040|sample|12|nan|4166,29,0.00142497,8,12,1,0.0265164,0.00102166,0.00102163,0.00102166,0.19663,0.196615
130_bNAb_Combinations|1314040|sample|3|nan|4166,0.000064,0.931259,1,3,1,0.718954,0.724822,0.724782,0.724822,0.736896,0.736709
130_bNAb_Combinations|1314040|sample|3|nan|4166,0.00032,0.9236,2,3,1,0.819826,0.838059,0.838037,0.838059,0.264309,0.264232
130_bNAb_Combinations|1314040|sample|3|nan|4166,0.0016,0.710882,3,3,1,0.852957,0.90445,0.904438,0.90445,-0.554217,-0.554245
130_bNAb_Combinations|1314040|sample|3|nan|4166,0.008,0.333703,4,3,1,0.776296,0.899874,0.899862,0.899874,-1.62931,-1.62932
130_bNAb_Combinations|1314040|sample|3|nan|4166,0.04,0.08358,5,3,1,0.62357,0.823062,0.82305,0.823062,-2.32564,-2.32564
130_bNAb_Combinations|1314040|sample|3|nan|4166,0.2,0.0126329,6,3,1,0.406069,0.320175,0.320168,0.320175,-2.46616,-2.46616
130_bNAb_Combinations|1314040|sample|3|nan|4166,1,0.0107147,7,3,1,0.193183,0.0252194,0.0252183,0.0252194,-1.27782,-1.27787
130_bNAb_Combinations|1314040|sample|3|nan|4166,5,0.00452154,8,3,1,0.0722757,0.00218006,0.00217994,0.00218006,0.937984,0.937921
130_bNAb_Combinations|1314040|sample|4|nan|4166,0.000064,0.849679,1,4,1,0.718954,0.724822,0.724782,0.724822,0.445747,0.445576
130_bNAb_Combinations|1314040|sample|4|nan|4166,0.00032,0.922147,2,4,1,0.819826,0.838059,0.838037,0.838059,0.259822,0.259746
130_bNAb_Combinations|1314040|sample|4|nan|4166,0.0016,0.857325,3,4,1,0.852957,0.90445,0.904438,0.90445,-0.134901,-0.134934
130_bNAb_Combinations|1314040|sample|4|nan|4166,0.008,0.429779,4,4,1,0.809945,0.93888,0.938873,0.93888,-1.40449,-1.4045
130_bNAb_Combinations|1314040|sample|4|nan|4166,0.04,0.0907322,5,4,1,0.650598,0.858738,0.858731,0.858738,-2.3155,-2.31551
130_bNAb_Combinations|1314040|sample|4|nan|4166,0.2,0.0240601,6,4,1,0.406069,0.320175,0.320168,0.320175,-2.37452,-2.37453
130_bNAb_Combinations|1314040|sample|4|nan|4166,1,0.0110435,7,4,1,0.193183,0.0252194,0.0252183,0.0252194,-1.24885,-1.2489
130_bNAb_Combinations|1314040|sample|4|nan|4166,5,0.00460375,8,4,1,0.0722757,0.00218006,0.00217994,0.00218006,0.970915,0.970852
130_bNAb_Combinations|1314040|sample|5|nan|4166,0.0006144,0.779376,1,5,1,0.701383,0.724786,0.724745,0.724786,0.194983,0.194827
130_bNAb_Combinations|1314040|sample|5|nan|4166,0.003072,0.614409,2,5,1,0.768089,0.837277,0.837254,0.837277,-0.689023,-0.689074
130_bNAb_Combinations|1314040|sample|5|nan|4166,0.01536,0.200195,3,5,1,0.724713,0.889129,0.889117,0.889129,-2.00645,-2.00646
130_bNAb_Combinations|1314040|sample|5|nan|4166,0.0768,0.0378713,4,5,1,0.56293,0.713357,0.713349,0.713357,-2.44911,-2.44911
130_bNAb_Combinations|1314040|sample|5|nan|4166,0.384,0.0177847,5,5,1,0.332092,0.13649,0.136487,0.13649,-2.19365,-2.19366
130_bNAb_Combinations|1314040|sample|5|nan|4166,1.92,0.0106325,6,5,1,0.150761,0.00939898,0.00939875,0.00939898,0.234072,0.234025
130_bNAb_Combinations|1314040|sample|5|nan|4166,9.6,0.00548065,7,5,1,0.057912,0.0015927,0.00159269,0.0015927,1.71221,1.7122
130_bNAb_Combinations|1314040|sample|5|nan|4166,48,0.00260331,8,5,1,0.0198236,0.00104096,0.00104092,0.00104096,0.758926,0.758907
130_bNAb_Combinations|1314040|sample|6|nan|4166,0.0006144,0.836677,1,6,1,0.701383,0.724786,0.724745,0.724786,0.399492,0.399324
130_bNAb_Combinations|1314040|sample|6|nan|4166,0.003072,0.59672,2,6,1,0.768089,0.837277,0.837254,0.837277,-0.743715,-0.743765
130_bNAb_Combinations|1314040|sample|6|nan|4166,0.01536,0.231763,3,6,1,0.724713,0.889129,0.889117,0.889129,-1.91451,-1.91452
130_bNAb_Combinations|1314040|sample|6|nan|4166,0.0768,0.0379261,4,6,1,0.56293,0.713357,0.713349,0.713357,-2.44891,-2.44892
130_bNAb_Combinations|1314040|sample|6|nan|4166,0.384,0.0173463,5,6,1,0.332092,0.13649,0.136487,0.13649,-2.20175,-2.20176
130_bNAb_Combinations|1314040|sample|6|nan|4166,1.92,0.00800175,6,6,1,0.150761,0.00939898,0.00939875,0.00939898,-0.265051,-0.26509
130_bNAb_Combinations|1314040|sample|6|nan|4166,9.6,0.00649457,7,6,1,0.057912,0.0015927,0.00159269,0.0015927,2.15873,2.15872
130_bNAb_Combinations|1314040|sample|6|nan|4166,48,0.00227447,8,6,1,0.0198236,0.00104096,0.00104092,0.00104096,0.599193,0.599175
130_bNAb_Combinations|1314040|sample|7|nan|4166,0.0000768,0.895881,1,7,1,0.718254,0.724823,0.724782,0.724823,0.610634,0.610454
130_bNAb_Combinations|1314040|sample|7|nan|4166,0.000384,1,2,7,1,0.817684,0.838072,0.83805,0.838072,0.500264,0.500182
130_bNAb_Combinations|1314040|sample|7|nan|4166,0.00192,0.885057,3,7,1,0.847126,0.904714,0.904702,0.904714,-0.0562329,-0.0562674
130_bNAb_Combinations|1314040|sample|7|nan|4166,0.0096,0.541804,4,7,1,0.796346,0.943929,0.943922,0.943929,-1.10346,-1.10347
130_bNAb_Combinations|1314040|sample|7|nan|4166,0.048,0.108462,5,7,1,0.627162,0.943929,0.943922,0.943929,-2.2926,-2.2926
130_bNAb_Combinations|1314040|sample|7|nan|4166,0.24,0.00367204,6,7,1,0.380858,0.00214788,0.00214778,0.00214788,0.613618,0.613566
130_bNAb_Combinations|1314040|sample|7|nan|4166,1.2,0.00134276,7,7,1,0.17689,0.00118129,0.00118129,0.00118129,0.0764322,0.0764327
130_bNAb_Combinations|1314040|sample|7|nan|4166,6,0.00120574,8,7,1,0.0653019,0.00102166,0.00102163,0.00102166,0.0897566,0.0897418
130_bNAb_Combinations|1314040|sample|8|nan|4166,0.0000768,0.844966,1,8,1,0.718254,0.724823,0.724782,0.724823,0.428923,0.428753
130_bNAb_Combinations|1314040|sample|8|nan|4166,0.000384,0.936,2,8,1,0.817684,0.838072,0.83805,0.838072,0.302567,0.30249
130_bNAb_Combinations|1314040|sample|8|nan|4166,0.00192,0.95599,3,8,1,0.847126,0.904714,0.904702,0.904714,0.146815,0.146777
130_bNAb_Combinations|1314040|sample|8|nan|4166,0.0096,0.549326,4,8,1,0.796346,0.943929,0.943922,0.943929,-1.08282,-1.08283
130_bNAb_Combinations|1314040|sample|8|nan|4166,0.048,0.117697,5,8,1,0.627162,0.943929,0.943922,0.943929,-2.26726,-2.26726
130_bNAb_Combinations|1314040|sample|8|nan|4166,0.24,0.00523402,6,8,1,0.380858,0.00214788,0.00214778,0.00214788,1.24242,1.24236
130_bNAb_Combinations|1314040|sample|8|nan|4166,1.2,0.00183602,7,8,1,0.17689,0.00118129,0.00118129,0.00118129,0.309914,0.309915
130_bNAb_Combinations|1314040|sample|8|nan|4166,29,0.00120574,8,8,1,0.0265164,0.00102166,0.00102163,0.00102166,0.0897566,0.0897418
130_bNAb_Combinations|1314040|sample|9|nan|4166,0.0003648,0.860586,1,9,1,0.707731,0.724823,0.724782,0.724823,0.484668,0.484496
130_bNAb_Combinations|1314040|sample|9|nan|4166,0.001824,0.800655,2,9,1,0.786301,0.838072,0.83805,0.838072,-0.115514,-0.11558
130_bNAb_Combinations|1314040|sample|9|nan|4166,0.00912,0.529856,3,9,1,0.767035,0.904714,0.904702,0.904714,-1.073,-1.07302
130_bNAb_Combinations|1314040|sample|9|nan|4166,0.0456,0.113285,4,9,1,0.63385,0.943929,0.943922,0.943929,-2.27936,-2.27936
130_bNAb_Combinations|1314040|sample|9|nan|4166,0.228,0.00408309,5,9,1,0.404726,0.00314191,0.0031417,0.00314191,0.328465,0.32838
130_bNAb_Combinations|1314040|sample|9|nan|4166,1.14,0.000959114,6,9,1,0.195791,0.00127522,0.00127524,0.00127522,-0.147121,-0.147113
130_bNAb_Combinations|1314040|sample|9|nan|4166,5.7,0.00134276,7,9,1,0.0776986,0.00118129,0.00118129,0.00118129,0.0764322,0.0764327
130_bNAb_Combinations|1314040|sample|9|nan|4166,28.5,0.00109613,8,9,1,0.0267843,0.00102166,0.00102163,0.00102166,0.0363198,0.0363053
130_bNAb_Combinations|1314040|vc|1|2|nan|4166,0,0.872575,1,2,1,0.724822,0.724823,0.724782,0.724823,0.527455,0.52728
130_bNAb_Combinations|1314040|vc|2|2|nan|4166,0,0.811123,2,2,1,0.838072,0.838072,0.83805,0.838072,-0.0831777,-0.0832448
130_bNAb_Combinations|1314040|vc|3|2|nan|4166,0,0.8264,3,2,1,0.838072,0.838072,0.83805,0.838072,-0.0359859,-0.0360543
130_bNAb_Combinations|1314040|vc|4|2|nan|4166,0,0.88503,4,2,1,0.838072,0.838072,0.83805,0.838072,0.14512,0.145047
130_bNAb_Combinations|1314040|vc|5|2|nan|4166,0,0.762811,5,2,1,0.838072,0.838072,0.83805,0.838072,-0.232414,-0.232477
130_bNAb_Combinations|1314040|vc|6|2|nan|4166,0,0.755714,6,2,1,0.838072,0.838072,0.83805,0.838072,-0.254338,-0.2544
130_bNAb_Combinations|1314040|vc|7|2|nan|4166,0,0.742903,7,2,1,0.838072,0.838072,0.83805,0.838072,-0.293911,-0.293972
130_bNAb_Combinations|1314040|vc|8|2|nan|4166,0,0.592911,8,2,1,0.724822,0.724823,0.724782,0.724823,-0.470635,-0.470755
130_bNAb_Combinations|1314058|cc|1|1|nan|2944,0,0.00196858,1,1,0,0,0,0,0,1.18686,1.18686
130_bNAb_Combinations|1314058|cc|2|1|nan|2944,0,0.000401752,2,1,0,0,0,0,0,0.242217,0.242217
130_bNAb_Combinations|1314058|cc|3|1|nan|2944,0,0.00192841,3,1,0,0,0,0,0,1.16264,1.16264
130_bNAb_Combinations|1314058|cc|4|1|nan|2944,0,0.00156683,4,1,0,0,0,0,0,0.944647,0.944647
130_bNAb_Combinations|1314058|cc|5|1|nan|2944,0,0.00192841,5,1,0,0,0,0,0,1.16264,1.16264
130_bNAb_Combinations|1314058|cc|6|1|nan|2944,0,0.00273191,6,1,0,0,0,0,0,1.64708,1.64708
130_bNAb_Combinations|1314058|cc|7|1|nan|2944,0,0.00228998,7,1,0,0,0,0,0,1.38064,1.38064
130_bNAb_Combinations|1314058|cc|8|1|nan|2944,0,0,8,1,0,0,0,0,0,0,0
130_bNAb_Combinations|1314058|sample|10|nan|2944,0.0003648,0.569001,1,10,1,0.707731,0.724823,0.724782,0.724823,-0.555966,-0.556081
130_bNAb_Combinations|1314058|sample|10|nan|2944,0.001824,0.774678,2,10,1,0.786301,0.838072,0.83805,0.838072,-0.195757,-0.195821
130_bNAb_Combinations|1314058|sample|10|nan|2944,0.00912,0.604516,3,10,1,0.767035,0.904714,0.904702,0.904714,-0.859285,-0.859309
130_bNAb_Combinations|1314058|sample|10|nan|2944,0.0456,0.103933,4,10,1,0.607517,0.90471,0.904697,0.90471,-2.29221,-2.29221
130_bNAb_Combinations|1314058|sample|10|nan|2944,0.228,0.00494155,5,10,1,0.387912,0.00570454,0.00570452,0.00570454,-0.198128,-0.198131
130_bNAb_Combinations|1314058|sample|10|nan|2944,1.14,0.00176771,6,10,1,0.195791,0.00127522,0.00127524,0.00127522,0.229191,0.2292
130_bNAb_Combinations|1314058|sample|10|nan|2944,5.7,0.00212928,7,10,1,0.0776986,0.00118129,0.00118129,0.00118129,0.44873,0.44873
130_bNAb_Combinations|1314058|sample|10|nan|2944,28.5,0.00152666,8,10,1,0.0267843,0.00102166,0.00102163,0.00102166,0.246203,0.246187
130_bNAb_Combinations|1314058|sample|11|nan|2944,0.0003712,0.654956,1,11,1,0.70755,0.724822,0.724781,0.724822,-0.2492,-0.249331
130_bNAb_Combinations|1314058|sample|11|nan|2944,0.001856,0.910209,2,11,1,0.785772,0.838025,0.838003,0.838025,0.223056,0.222981
130_bNAb_Combinations|1314058|sample|11|nan|2944,0.00928,0.826323,3,11,1,0.709358,0.836314,0.836291,0.836314,-0.0308576,-0.0309263
130_bNAb_Combinations|1314058|sample|11|nan|2944,0.0464,0.531096,4,11,1,0.560761,0.776757,0.776735,0.776757,-0.818348,-0.818398
130_bNAb_Combinations|1314058|sample|11|nan|2944,0.232,0.155357,5,11,1,0.357119,0.212072,0.212063,0.212072,-0.681919,-0.681999
130_bNAb_Combinations|1314058|sample|11|nan|2944,1.16,0.00719135,6,11,1,0.179841,0.00862351,0.00862315,0.00862351,-0.287937,-0.288001
130_bNAb_Combinations|1314058|sample|11|nan|2944,5.8,0.000964204,7,11,1,0.0769484,0.00138123,0.00138122,0.00138123,-0.190466,-0.19047
130_bNAb_Combinations|1314058|sample|11|nan|2944,29,0.00116508,8,11,1,0.0265164,0.00102626,0.00102624,0.00102626,0.067629,0.0676142
130_bNAb_Combinations|1314058|sample|12|nan|2944,0.0003712,0.691174,1,12,1,0.70755,0.724822,0.724781,0.724822,-0.119941,-0.12008
130_bNAb_Combinations|1314058|sample|12|nan|2944,0.001856,0.787493,2,12,1,0.67959,0.724782,0.724741,0.724782,0.223968,0.22381
130_bNAb_Combinations|1314058|sample|12|nan|2944,0.00928,0.705837,3,12,1,0.613502,0.723302,0.723261,0.723302,-0.0623136,-0.0624558
130_bNAb_Combinations|1314058|sample|12|nan|2944,0.0464,0.438512,4,12,1,0.484985,0.671793,0.671754,0.671793,-0.897708,-0.897806
130_bNAb_Combinations|1314058|sample|12|nan|2944,0.232,0.141899,5,12,1,0.308861,0.183415,0.183402,0.183415,-0.575299,-0.575441
130_bNAb_Combinations|1314058|sample|12|nan|2944,1.16,0.0106062,6,12,1,0.155539,0.0074582,0.00745768,0.0074582,0.695863,0.695715
130_bNAb_Combinations|1314058|sample|12|nan|2944,5.8,0.000763328,7,12,1,0.0665503,0.00119458,0.00119454,0.00119458,-0.203621,-0.20364
130_bNAb_Combinations|1314058|sample|12|nan|2944,29,0.000682978,8,12,1,0.0265164,0.00102626,0.00102624,0.00102626,-0.167195,-0.167209
130_bNAb_Combinations|1314058|sample|3|nan|2944,0.000064,0.7568,1,3,1,0.718954,0.724823,0.724782,0.724823,0.114268,0.114116
130_bNAb_Combinations|1314058|sample|3|nan|2944,0.00032,0.711502,2,3,1,0.819826,0.838072,0.83805,0.838072,-0.390907,-0.390966
130_bNAb_Combinations|1314058|sample|3|nan|2944,0.0016,0.556567,3,3,1,0.852957,0.904714,0.904702,0.904714,-0.99654,-0.996562
130_bNAb_Combinations|1314058|sample|3|nan|2944,0.008,0.0999156,4,3,1,0.776296,0.904714,0.904702,0.904714,-2.30371,-2.30371
130_bNAb_Combinations|1314058|sample|3|nan|2944,0.04,0.00779398,5,3,1,0.62357,0.904714,0.904702,0.904714,-2.56741,-2.56741
130_bNAb_Combinations|1314058|sample|3|nan|2944,0.2,0.0069503,6,3,1,0.406069,0.0065997,0.00659888,0.0065997,0.0837798,0.0835778
130_bNAb_Combinations|1314058|sample|3|nan|2944,1,0.00361576,7,3,1,0.193183,0.00118129,0.00118129,0.00118129,1.15235,1.15235
130_bNAb_Combinations|1314058|sample|3|nan|2944,5,0.00610662,8,3,1,0.0722757,0.00102166,0.00102163,0.00102166,2.47896,2.47893
130_bNAb_Combinations|1314058|sample|4|nan|2944,0.000064,0.636756,1,4,1,0.718954,0.724823,0.724782,0.724823,-0.314155,-0.314283
130_bNAb_Combinations|1314058|sample|4|nan|2944,0.00032,0.746153,2,4,1,0.819826,0.838072,0.83805,0.838072,-0.283869,-0.283931
130_bNAb_Combinations|1314058|sample|4|nan|2944,0.0016,0.537845,3,4,1,0.852957,0.904714,0.904702,0.904714,-1.05013,-1.05015
130_bNAb_Combinations|1314058|sample|4|nan|2944,0.008,0.0750874,4,4,1,0.809945,0.943929,0.943922,0.943929,-2.38418,-2.38418
130_bNAb_Combinations|1314058|sample|4|nan|2944,0.04,0.0161906,5,4,1,0.650598,0.943929,0.943922,0.943929,-2.5458,-2.5458
130_bNAb_Combinations|1314058|sample|4|nan|2944,0.2,0.00445944,6,4,1,0.406069,0.0065997,0.00659888,0.0065997,-0.510039,-0.510196
130_bNAb_Combinations|1314058|sample|4|nan|2944,1,0.0061468,7,4,1,0.193183,0.00118129,0.00118129,0.00118129,2.3504,2.3504
130_bNAb_Combinations|1314058|sample|4|nan|2944,5,0.00337471,8,4,1,0.0722757,0.00102166,0.00102163,0.00102166,1.14714,1.14712
130_bNAb_Combinations|1314058|sample|5|nan|2944,0.0006144,0.421638,1,5,1,0.701383,0.724823,0.724782,0.724823,-1.08189,-1.08197
130_bNAb_Combinations|1314058|sample|5|nan|2944,0.003072,0.241091,2,5,1,0.768089,0.838072,0.83805,0.838072,-1.84401,-1.84403
130_bNAb_Combinations|1314058|sample|5|nan|2944,0.01536,0.0357559,3,5,1,0.724713,0.904714,0.904702,0.904714,-2.48737,-2.48737
130_bNAb_Combinations|1314058|sample|5|nan|2944,0.0768,0.0111687,4,5,1,0.56293,0.943861,0.943855,0.943861,-2.55958,-2.55958
130_bNAb_Combinations|1314058|sample|5|nan|2944,0.384,0.00397734,5,5,1,0.332092,0.00133075,0.00133078,0.00133075,1.21958,1.21959
130_bNAb_Combinations|1314058|sample|5|nan|2944,1.92,0.0050219,6,5,1,0.150761,0.00127522,0.00127524,0.00127522,1.74366,1.74368
130_bNAb_Combinations|1314058|sample|5|nan|2944,9.6,0.00289261,7,5,1,0.057912,0.00118129,0.00118129,0.00118129,0.810048,0.810048
130_bNAb_Combinations|1314058|sample|5|nan|2944,48,0.00337471,8,5,1,0.0198236,0.00102166,0.00102163,0.00102166,1.14714,1.14712
130_bNAb_Combinations|1314058|sample|6|nan|2944,0.0006144,0.459122,1,6,1,0.701383,0.724823,0.724782,0.724823,-0.948113,-0.948206
130_bNAb_Combinations|1314058|sample|6|nan|2944,0.003072,0.181552,2,6,1,0.768089,0.838072,0.83805,0.838072,-2.02793,-2.02794
130_bNAb_Combinations|1314058|sample|6|nan|2944,0.01536,0.0224981,3,6,1,0.724713,0.904714,0.904702,0.904714,-2.52532,-2.52532
130_bNAb_Combinations|1314058|sample|6|nan|2944,0.0768,0.00879836,4,6,1,0.56293,0.943861,0.943855,0.943861,-2.56608,-2.56608
130_bNAb_Combinations|1314058|sample|6|nan|2944,0.384,0.00377647,5,6,1,0.332092,0.00133075,0.00133078,0.00133075,1.12701,1.12703
130_bNAb_Combinations|1314058|sample|6|nan|2944,1.92,0.00425857,6,6,1,0.150761,0.00127522,0.00127524,0.00127522,1.38842,1.38843
130_bNAb_Combinations|1314058|sample|6|nan|2944,9.6,0.00349524,7,6,1,0.057912,0.00118129,0.00118129,0.00118129,1.0953,1.0953
130_bNAb_Combinations|1314058|sample|6|nan|2944,48,0.00317384,8,6,1,0.0198236,0.00102166,0.00102163,0.00102166,1.04921,1.04919
130_bNAb_Combinations|1314058|sample|7|nan|2944,0.0000768,0.772267,1,7,1,0.718254,0.724823,0.724782,0.724823,0.169469,0.169314
130_bNAb_Combinations|1314058|sample|7|nan|2944,0.000384,0.792997,2,7,1,0.817684,0.838072,0.83805,0.838072,-0.139167,-0.139233
130_bNAb_Combinations|1314058|sample|7|nan|2944,0.00192,0.847113,3,7,1,0.847126,0.904714,0.904702,0.904714,-0.164847,-0.16488
130_bNAb_Combinations|1314058|sample|7|nan|2944,0.0096,0.388996,4,7,1,0.796346,0.943929,0.943922,0.943929,-1.52278,-1.52279
130_bNAb_Combinations|1314058|sample|7|nan|2944,0.048,0.102889,5,7,1,0.627162,0.943922,0.943915,0.943922,-2.30789,-2.30789
130_bNAb_Combinations|1314058|sample|7|nan|2944,0.24,0.00903941,6,7,1,0.380858,0.00380608,0.00380608,0.00380608,1.67662,1.67662
130_bNAb_Combinations|1314058|sample|7|nan|2944,1.2,0.00305331,7,7,1,0.17689,0.00118129,0.00118129,0.00118129,0.886115,0.886115
130_bNAb_Combinations|1314058|sample|7|nan|2944,6,0.00325419,8,7,1,0.0653019,0.00102166,0.00102163,0.00102166,1.08838,1.08836
130_bNAb_Combinations|1314058|sample|8|nan|2944,0.0000768,0.84412,1,8,1,0.718254,0.724823,0.724782,0.724823,0.425906,0.425736
130_bNAb_Combinations|1314058|sample|8|nan|2944,0.000384,0.940119,2,8,1,0.817684,0.838072,0.83805,0.838072,0.315292,0.315214
130_bNAb_Combinations|1314058|sample|8|nan|2944,0.00192,0.824917,3,8,1,0.847126,0.904714,0.904702,0.904714,-0.228385,-0.228417
130_bNAb_Combinations|1314058|sample|8|nan|2944,0.0096,0.591097,4,8,1,0.796346,0.943929,0.943922,0.943929,-0.968192,-0.968204
130_bNAb_Combinations|1314058|sample|8|nan|2944,0.048,0.135872,5,8,1,0.627162,0.943922,0.943915,0.943922,-2.21738,-2.21738
130_bNAb_Combinations|1314058|sample|8|nan|2944,0.24,0.00361576,6,8,1,0.380858,0.00380608,0.00380608,0.00380608,-0.0609716,-0.0609714
130_bNAb_Combinations|1314058|sample|8|nan|2944,1.2,0.00329436,7,8,1,0.17689,0.00118129,0.00118129,0.00118129,1.00021,1.00022
130_bNAb_Combinations|1314058|sample|8|nan|2944,6,0.00289261,8,8,1,0.0653019,0.00102166,0.00102163,0.00102166,0.912112,0.912093
130_bNAb_Combinations|1314058|sample|9|nan|2944,0.0003648,0.631373,1,9,1,0.707731,0.724823,0.724782,0.724823,-0.333368,-0.333495
130_bNAb_Combinations|1314058|sample|9|nan|2944,0.001824,0.855028,2,9,1,0.786301,0.838072,0.83805,0.838072,0.0524453,0.0523746
130_bNAb_Combinations|1314058|sample|9|nan|2944,0.00912,0.528323,3,9,1,0.767035,0.904714,0.904702,0.904714,-1.07739,-1.07741
130_bNAb_Combinations|1314058|sample|9|nan|2944,0.0456,0.0948536,4,9,1,0.63385,0.943925,0.943918,0.943925,-2.32994,-2.32994
130_bNAb_Combinations|1314058|sample|9|nan|2944,0.228,0.00401752,5,9,1,0.404726,0.0059518,0.00595183,0.0059518,-0.490198,-0.490192
130_bNAb_Combinations|1314058|sample|9|nan|2944,1.14,0.00309349,6,9,1,0.195791,0.00127522,0.00127524,0.00127522,0.846198,0.846209
130_bNAb_Combinations|1314058|sample|9|nan|2944,5.7,0.00200876,7,9,1,0.0776986,0.00118129,0.00118129,0.00118129,0.39168,0.39168
130_bNAb_Combinations|1314058|sample|9|nan|2944,28.5,0.00369612,8,9,1,0.0267843,0.00102166,0.00102163,0.00102166,1.30382,1.3038
130_bNAb_Combinations|1314058|vc|1|2|nan|2944,0,0.691535,1,2,1,0.724822,0.724823,0.724782,0.724823,-0.118655,-0.118794
130_bNAb_Combinations|1314058|vc|2|2|nan|2944,0,0.932385,2,2,1,0.838072,0.838072,0.83805,0.838072,0.291402,0.291325
130_bNAb_Combinations|1314058|vc|3|2|nan|2944,0,1,3,2,1,0.838072,0.838072,0.83805,0.838072,0.500265,0.500182
130_bNAb_Combinations|1314058|vc|4|2|nan|2944,0,0.97479,4,2,1,0.838072,0.838072,0.83805,0.838072,0.422391,0.422311
130_bNAb_Combinations|1314058|vc|5|2|nan|2944,0,0.982805,5,2,1,0.838072,0.838072,0.83805,0.838072,0.44715,0.447068
130_bNAb_Combinations|1314058|vc|6|2|nan|2944,0,0.897594,6,2,1,0.838072,0.838072,0.83805,0.838072,0.183931,0.183856
130_bNAb_Combinations|1314058|vc|7|2|nan|2944,0,0.932385,7,2,1,0.838072,0.838072,0.83805,0.838072,0.291402,0.291325
130_bNAb_Combinations|1314058|vc|8|2|nan|2944,0,0.756117,8,2,1,0.724822,0.724823,0.724782,0.724823,0.11183,0.111678
130_bNAb_Combinations|1342240|cc|1|1|nan|1798,0,0.000747678,1,1,0,0,0,0,0,0.450777,0.450777
130_bNAb_Combinations|1342240|cc|2|1|nan|1798,0,0.000889479,2,1,0,0,0,0,0,0.536269,0.536269
130_bNAb_Combinations|1342240|cc|3|1|nan|1798,0,0.00106995,3,1,0,0,0,0,0,0.645078,0.645078
130_bNAb_Combinations|1342240|cc|4|1|nan|1798,0,0.0011473,4,1,0,0,0,0,0,0.69171,0.69171
130_bNAb_Combinations|1342240|cc|5|1|nan|1798,0,0.00125043,5,1,0,0,0,0,0,0.753886,0.753886
130_bNAb_Combinations|1342240|cc|6|1|nan|1798,0,0.00109574,6,1,0,0,0,0,0,0.660622,0.660622
130_bNAb_Combinations|1342240|cc|7|1|nan|1798,0,0.00113441,7,1,0,0,0,0,0,0.683938,0.683938
130_bNAb_Combinations|1342240|cc|8|1|nan|1798,0,0.00134066,8,1,0,0,0,0,0,0.80829,0.80829
130_bNAb_Combinations|1342240|sample|10|nan|1798,0.000448,0.766119,1,10,1,0.705459,0.666429,0.666417,0.666429,0.386788,0.386734
130_bNAb_Combinations|1342240|sample|10|nan|1798,0.00224,0.821434,2,10,1,0.779722,0.802983,0.802978,0.802983,0.0594863,0.0594692
130_bNAb_Combinations|1342240|sample|10|nan|1798,0.0112,0.738977,3,10,1,0.751419,0.872367,0.872364,0.872367,-0.395908,-0.395914
130_bNAb_Combinations|1342240|sample|10|nan|1798,0.056,0.632239,4,10,1,0.581446,0.73288,0.732876,0.73288,-0.355219,-0.35523
130_bNAb_Combinations|1342240|sample|10|nan|1798,0.28,0.275474,5,10,1,0.35989,0.217645,0.217642,0.217645,0.677985,0.677939
130_bNAb_Combinations|1342240|sample|10|nan|1798,1.4,0.0264008,6,10,1,0.17696,0.0201108,0.0201105,0.0201108,0.67009,0.670049
130_bNAb_Combinations|1342240|sample|10|nan|1798,7,0.000966825,7,10,1,0.0692506,0.00230911,0.0023091,0.00230911,-0.5272,-0.527201
130_bNAb_Combinations|1342240|sample|10|nan|1798,35,0.000283602,8,10,1,0.0237855,0.00100509,0.0010051,0.00100509,-0.352826,-0.352823
130_bNAb_Combinations|1342240|sample|11|nan|1798,0.0014272,0.861035,1,11,1,0.686055,0.666178,0.666166,0.666178,0.756267,0.756207
130_bNAb_Combinations|1342240|sample|11|nan|1798,0.007136,0.802026,2,11,1,0.726199,0.798517,0.798511,0.798517,0.0113926,0.0113755
130_bNAb_Combinations|1342240|sample|11|nan|1798,0.03568,0.624717,3,11,1,0.59024,0.73256,0.732554,0.73256,-0.380799,-0.380817
130_bNAb_Combinations|1342240|sample|11|nan|1798,0.1784,0.309855,4,11,1,0.390949,0.329134,0.329129,0.329134,-0.150408,-0.150447
130_bNAb_Combinations|1342240|sample|11|nan|1798,0.892,0.0255629,5,11,1,0.203924,0.0367797,0.0367789,0.0367797,-0.710187,-0.710222
130_bNAb_Combinations|1342240|sample|11|nan|1798,4.46,0.00112152,6,11,1,0.0890124,0.0036338,0.00363377,0.0036338,-0.822306,-0.822313
130_bNAb_Combinations|1342240|sample|11|nan|1798,22.3,0.000116019,7,11,1,0.0356872,0.00130157,0.00130159,0.00130157,-0.549166,-0.549159
130_bNAb_Combinations|1342240|sample|11|nan|1798,111.5,0.000348057,8,11,1,0.0122603,0.000948818,0.000948827,0.000948818,-0.296928,-0.296924
130_bNAb_Combinations|1342240|sample|12|nan|1798,0.0014272,0.714961,1,12,1,0.686055,0.666178,0.666166,0.666178,0.189367,0.189317
130_bNAb_Combinations|1342240|sample|12|nan|1798,0.007136,0.687741,2,12,1,0.628067,0.662144,0.662132,0.662144,0.0999897,0.0999412
130_bNAb_Combinations|1342240|sample|12|nan|1798,0.03568,0.579309,3,12,1,0.51048,0.607451,0.607439,0.607451,-0.119653,-0.119701
130_bNAb_Combinations|1342240|sample|12|nan|1798,0.1784,0.270124,4,12,1,0.338119,0.272923,0.272916,0.272923,-0.0262011,-0.0262706
130_bNAb_Combinations|1342240|sample|12|nan|1798,0.892,0.0278703,5,12,1,0.176368,0.0304983,0.0304974,0.0304983,-0.196353,-0.19642
130_bNAb_Combinations|1342240|sample|12|nan|1798,4.46,0,6,12,1,0.0769841,0.00301321,0.00301315,0.00301321,-1.06977,-1.06979
130_bNAb_Combinations|1342240|sample|12|nan|1798,22.3,0.00012891,7,12,1,0.0308647,0.00107928,0.00107929,0.00107928,-0.458362,-0.45836
130_bNAb_Combinations|1342240|sample|12|nan|1798,111.5,0.000953934,8,12,1,0.0122603,0.000948818,0.000948827,0.000948818,0.00252428,0.00252859
130_bNAb_Combinations|1342240|sample|3|nan|1798,0.0010624,0.835221,1,3,1,0.692277,0.661083,0.661071,0.661083,0.681032,0.680973
130_bNAb_Combinations|1342240|sample|3|nan|1798,0.005312,0.877793,2,3,1,0.742859,0.773196,0.77319,0.773196,0.350074,0.350054
130_bNAb_Combinations|1342240|sample|3|nan|1798,0.02656,0.931355,3,3,1,0.670475,0.742416,0.742413,0.742416,0.658393,0.658381
130_bNAb_Combinations|1342240|sample|3|nan|1798,0.1328,0.830071,4,3,1,0.463537,0.459092,0.459089,0.459092,2.08311,2.08308
130_bNAb_Combinations|1342240|sample|3|nan|1798,0.664,0.362418,5,3,1,0.252074,0.161741,0.161739,0.161741,3.14461,3.14456
130_bNAb_Combinations|1342240|sample|3|nan|1798,3.32,0.0234358,6,3,1,0.112876,0.0399414,0.039941,0.0399414,-0.970417,-0.970431
130_bNAb_Combinations|1342240|sample|3|nan|1798,26.2,0.000721896,7,3,1,0.032513,0.00595347,0.00595342,0.00595347,-1.32558,-1.32559
130_bNAb_Combinations|1342240|sample|3|nan|1798,83,0.000966825,8,3,1,0.014488,0.00223495,0.00223493,0.00223495,-0.503706,-0.503714
130_bNAb_Combinations|1342240|sample|4|nan|1798,0.0010624,0.808053,1,4,1,0.692277,0.661083,0.661071,0.661083,0.574789,0.574732
130_bNAb_Combinations|1342240|sample|4|nan|1798,0.005312,0.88955,2,4,1,0.742859,0.773196,0.77319,0.773196,0.38942,0.389399
130_bNAb_Combinations|1342240|sample|4|nan|1798,0.02656,0.902873,3,4,1,0.670475,0.742416,0.742413,0.742416,0.559142,0.55913
130_bNAb_Combinations|1342240|sample|4|nan|1798,0.1328,0.803702,4,4,1,0.483629,0.483762,0.483759,0.483762,1.70571,1.70569
130_bNAb_Combinations|1342240|sample|4|nan|1798,0.664,0.370758,5,4,1,0.263,0.170432,0.170431,0.170432,2.98298,2.98293
130_bNAb_Combinations|1342240|sample|4|nan|1798,3.32,0.0203936,6,4,1,0.112876,0.0399414,0.039941,0.0399414,-1.14929,-1.1493
130_bNAb_Combinations|1342240|sample|4|nan|1798,16.6,3.8673e-05,7,4,1,0.0423141,0.0086489,0.00864881,0.0086489,-1.72809,-1.7281
130_bNAb_Combinations|1342240|sample|4|nan|1798,83,0.000747678,8,4,1,0.014488,0.00223495,0.00223493,0.00223495,-0.590754,-0.590762
130_bNAb_Combinations|1342240|sample|5|nan|1798,0.0004352,0.781556,1,5,1,0.705797,0.66602,0.666008,0.66602,0.448533,0.448478
130_bNAb_Combinations|1342240|sample|5|nan|1798,0.002176,0.904039,2,5,1,0.780695,0.799631,0.799626,0.799631,0.337949,0.33793
130_bNAb_Combinations|1342240|sample|5|nan|1798,0.01088,0.885103,3,5,1,0.753705,0.851361,0.851359,0.851361,0.102614,0.102606
130_bNAb_Combinations|1342240|sample|5|nan|1798,0.0544,0.869208,4,5,1,0.610552,0.719568,0.719565,0.719568,0.537907,0.537897
130_bNAb_Combinations|1342240|sample|5|nan|1798,0.272,0.527313,5,5,1,0.379573,0.288196,0.288193,0.288196,2.12713,2.12709
130_bNAb_Combinations|1342240|sample|5|nan|1798,1.36,0.0863697,6,5,1,0.17953,0.0502441,0.0502435,0.0502441,1.72295,1.7229
130_bNAb_Combinations|1342240|sample|5|nan|1798,6.8,0.00199811,7,5,1,0.0703889,0.00729835,0.00729826,0.00729835,-1.18746,-1.18747
130_bNAb_Combinations|1342240|sample|5|nan|1798,34,0.000618768,8,5,1,0.0241872,0.00161781,0.0016178,0.00161781,-0.438099,-0.438103
130_bNAb_Combinations|1342240|sample|6|nan|1798,0.0004352,0.71732,1,6,1,0.705797,0.66602,0.666008,0.66602,0.199181,0.199131
130_bNAb_Combinations|1342240|sample|6|nan|1798,0.002176,0.916067,2,6,1,0.780695,0.799631,0.799626,0.799631,0.376877,0.376858
130_bNAb_Combinations|1342240|sample|6|nan|1798,0.01088,0.806867,3,6,1,0.753705,0.851361,0.851359,0.851361,-0.135297,-0.135304
130_bNAb_Combinations|1342240|sample|6|nan|1798,0.0544,0.846707,4,6,1,0.610552,0.719568,0.719565,0.719568,0.457024,0.457014
130_bNAb_Combinations|1342240|sample|6|nan|1798,0.272,0.526075,5,6,1,0.379573,0.288196,0.288193,0.288196,2.11612,2.11608
130_bNAb_Combinations|1342240|sample|6|nan|1798,1.36,0.0830309,6,6,1,0.17953,0.0502441,0.0502435,0.0502441,1.56372,1.56367
130_bNAb_Combinations|1342240|sample|6|nan|1798,6.8,0.00320986,7,6,1,0.0703889,0.00729835,0.00729826,0.00729835,-0.915978,-0.915991
130_bNAb_Combinations|1342240|sample|6|nan|1798,34,0.000837915,8,6,1,0.0241872,0.00161781,0.0016178,0.00161781,-0.341997,-0.342002
130_bNAb_Combinations|1342240|sample|7|nan|1798,0.0016768,0.696346,1,7,1,0.6822,0.664016,0.664004,0.664016,0.125921,0.125872
130_bNAb_Combinations|1342240|sample|7|nan|1798,0.008384,0.847371,2,7,1,0.716101,0.78181,0.781805,0.78181,0.217024,0.217005
130_bNAb_Combinations|1342240|sample|7|nan|1798,0.04192,0.665569,3,7,1,0.61788,0.729367,0.729364,0.729367,-0.226257,-0.226267
130_bNAb_Combinations|1342240|sample|7|nan|1798,0.2096,0.430353,4,7,1,0.41687,0.357027,0.357024,0.357027,0.528057,0.528033
130_bNAb_Combinations|1342240|sample|7|nan|1798,1.048,0.102928,5,7,1,0.212753,0.071483,0.0714823,0.071483,1.07951,1.07947
130_bNAb_Combinations|1342240|sample|7|nan|1798,5.24,0.00324853,6,7,1,0.087898,0.0106388,0.0106387,0.0106388,-1.28587,-1.28588
130_bNAb_Combinations|1342240|sample|7|nan|1798,26.2,0.000348057,7,7,1,0.032513,0.00226828,0.00226828,0.00226828,-0.758872,-0.758871
130_bNAb_Combinations|1342240|sample|7|nan|1798,131,0.00106995,8,7,1,0.0112014,0.00106366,0.00106366,0.00106366,0.00304223,0.00304481
130_bNAb_Combinations|1342240|sample|8|nan|1798,0.0016768,0.781156,1,8,1,0.6822,0.664016,0.664004,0.664016,0.456124,0.45607
130_bNAb_Combinations|1342240|sample|8|nan|1798,0.008384,0.791153,2,8,1,0.716101,0.78181,0.781805,0.78181,0.0309428,0.030925
130_bNAb_Combinations|1342240|sample|8|nan|1798,0.04192,0.690661,3,8,1,0.61788,0.729367,0.729364,0.729367,-0.137264,-0.137275
130_bNAb_Combinations|1342240|sample|8|nan|1798,0.2096,0.456928,4,8,1,0.41687,0.357027,0.357024,0.357027,0.719427,0.719402
130_bNAb_Combinations|1342240|sample|8|nan|1798,1.048,0.0971143,5,8,1,0.212753,0.071483,0.0714823,0.071483,0.879924,0.879888
130_bNAb_Combinations|1342240|sample|8|nan|1798,5.24,0.00417668,6,8,1,0.087898,0.0106388,0.0106387,0.0106388,-1.12438,-1.12439
130_bNAb_Combinations|1342240|sample|8|nan|1798,16.6,0.000721896,7,8,1,0.0423141,0.00314757,0.00314756,0.00314757,-0.845687,-0.84569
130_bNAb_Combinations|1342240|sample|8|nan|1798,131,0.000786351,8,8,1,0.0112014,0.00106366,0.00106366,0.00106366,-0.134135,-0.134132
130_bNAb_Combinations|1342240|sample|9|nan|1798,0.000448,0.772738,1,9,1,0.705459,0.666429,0.666417,0.666429,0.412468,0.412414
130_bNAb_Combinations|1342240|sample|9|nan|1798,0.00224,0.802916,2,9,1,0.779722,0.802983,0.802978,0.802983,-0.000200686,-0.000217423
130_bNAb_Combinations|1342240|sample|9|nan|1798,0.0112,0.784379,3,9,1,0.751419,0.872367,0.872364,0.872367,-0.26115,-0.261156
130_bNAb_Combinations|1342240|sample|9|nan|1798,0.056,0.699691,4,9,1,0.606649,0.772263,0.77226,0.772263,-0.243156,-0.243164
130_bNAb_Combinations|1342240|sample|9|nan|1798,0.28,0.346098,5,9,1,0.375489,0.229341,0.229338,0.229341,1.30029,1.30024
130_bNAb_Combinations|1342240|sample|9|nan|1798,1.4,0.0322662,6,9,1,0.17696,0.0201108,0.0201105,0.0201108,1.29492,1.29487
130_bNAb_Combinations|1342240|sample|9|nan|1798,7,0.000348057,7,9,1,0.0692506,0.00230911,0.0023091,0.00230911,-0.77023,-0.770231
130_bNAb_Combinations|1342240|sample|9|nan|1798,35,0.00077346,8,9,1,0.0237855,0.00100509,0.0010051,0.00100509,-0.113276,-0.113273
130_bNAb_Combinations|1342240|vc|1|2|nan|1798,0,0.862537,1,2,1,0.724822,0.666471,0.666459,0.666471,0.760627,0.760567
130_bNAb_Combinations|1342240|vc|2|2|nan|1798,0,0.923324,2,2,1,0.838072,0.803735,0.80373,0.803735,0.385119,0.3851
130_bNAb_Combinations|1342240|vc|3|2|nan|1798,0,0.944627,3,2,1,0.838072,0.803735,0.80373,0.803735,0.453717,0.453697
130_bNAb_Combinations|1342240|vc|4|2|nan|1798,0,1,4,2,1,0.838072,0.803735,0.80373,0.803735,0.63203,0.632009
130_bNAb_Combinations|1342240|vc|5|2|nan|1798,0,0.995817,5,2,1,0.838072,0.803735,0.80373,0.803735,0.61856,0.618539
130_bNAb_Combinations|1342240|vc|6|2|nan|1798,0,0.979742,6,2,1,0.838072,0.803735,0.80373,0.803735,0.566795,0.566774
130_bNAb_Combinations|1342240|vc|7|2|nan|1798,0,0.912625,7,2,1,0.838072,0.803735,0.80373,0.803735,0.350664,0.350645
130_bNAb_Combinations|1342240|vc|8|2|nan|1798,0,0.732654,8,2,1,0.724822,0.666471,0.666459,0.666471,0.256783,0.256732
130_bNAb_Combinations|1342258|cc|1|1|TRO.11|8301,0,0.000586773,1,1,0,0,0,0,0,0.353767,0.353767
130_bNAb_Combinations|1342258|cc|2|1|TRO.11|8301,0,0.000602214,2,1,0,0,0,0,0,0.363077,0.363077
130_bNAb_Combinations|1342258|cc|3|1|TRO.11|8301,0,0.000756628,3,1,0,0,0,0,0,0.456173,0.456173
130_bNAb_Combinations|1342258|cc|4|1|TRO.11|8301,0,0.000694863,4,1,0,0,0,0,0,0.418935,0.418935
130_bNAb_Combinations|1342258|cc|5|1|TRO.11|8301,0,0.000957366,5,1,0,0,0,0,0,0.577199,0.577199
130_bNAb_Combinations|1342258|cc|6|1|TRO.11|8301,0,0.000648538,6,1,0,0,0,0,0,0.391006,0.391006
130_bNAb_Combinations|1342258|cc|7|1|TRO.11|8301,0,0.00103457,7,1,0,0,0,0,0,0.623747,0.623747
130_bNAb_Combinations|1342258|cc|8|1|TRO.11|8301,0,0.00112722,8,1,0,0,0,0,0,0.679605,0.679605
130_bNAb_Combinations|1342258|sample|10|TRO.11|8301,0.000448,0.920886,1,10,1,0.705459,0.724822,0.724781,0.724822,0.699879,0.699695
130_bNAb_Combinations|1342258|sample|10|TRO.11|8301,0.00224,0.943755,2,10,1,0.779722,0.838072,0.838049,0.838072,0.326526,0.326447
130_bNAb_Combinations|1342258|sample|10|TRO.11|8301,0.0112,0.768132,3,10,1,0.751419,0.904551,0.904539,0.904551,-0.390535,-0.390565
130_bNAb_Combinations|1342258|sample|10|TRO.11|8301,0.056,0.473889,4,10,1,0.581446,0.858266,0.858255,0.858266,-1.1595,-1.15952
130_bNAb_Combinations|1342258|sample|10|TRO.11|8301,0.28,0.0719878,5,10,1,0.35989,0.0535629,0.0535625,0.0535629,0.828355,0.828331
130_bNAb_Combinations|1342258|sample|10|TRO.11|8301,1.4,0.00126619,6,10,1,0.17696,0.00145997,0.00145999,0.00145997,-0.0873048,-0.0872977
130_bNAb_Combinations|1342258|sample|10|TRO.11|8301,7,0.000216179,7,10,1,0.0692506,0.00118186,0.00118186,0.00118186,-0.457052,-0.457051
130_bNAb_Combinations|1342258|sample|10|TRO.11|8301,35,0.00163679,8,10,1,0.0237855,0.00102166,0.00102163,0.00102166,0.299893,0.299877
130_bNAb_Combinations|1342258|sample|11|TRO.11|8301,0.0014272,0.807129,1,11,1,0.686055,0.724822,0.724781,0.724822,0.293893,0.293731
130_bNAb_Combinations|1342258|sample|11|TRO.11|8301,0.007136,0.736307,2,11,1,0.726199,0.838042,0.838019,0.838042,-0.3142,-0.314261
130_bNAb_Combinations|1342258|sample|11|TRO.11|8301,0.03568,0.444017,3,11,1,0.59024,0.828994,0.828972,0.828994,-1.20208,-1.20212
130_bNAb_Combinations|1342258|sample|11|TRO.11|8301,0.1784,0.077454,4,11,1,0.390949,0.19609,0.196086,0.19609,-1.54035,-1.54037
130_bNAb_Combinations|1342258|sample|11|TRO.11|8301,0.892,0.00228533,5,11,1,0.203924,0.00202641,0.0020264,0.00202641,0.106231,0.106224
130_bNAb_Combinations|1342258|sample|11|TRO.11|8301,4.46,0,6,11,1,0.0890124,0.0011841,0.0011841,0.0011841,-0.560203,-0.560203
130_bNAb_Combinations|1342258|sample|11|TRO.11|8301,22.3,0.000787511,7,11,1,0.0356872,0.0011813,0.0011813,0.0011813,-0.186396,-0.186396
130_bNAb_Combinations|1342258|sample|11|TRO.11|8301,111.5,0.00214635,8,11,1,0.0122603,0.00102166,0.00102163,0.00102166,0.548309,0.548292
130_bNAb_Combinations|1342258|sample|12|TRO.11|8301,0.0014272,0.795317,1,12,1,0.686055,0.724822,0.724781,0.724822,0.251735,0.251575
130_bNAb_Combinations|1342258|sample|12|TRO.11|8301,0.007136,0.69318,2,12,1,0.628067,0.724795,0.724754,0.724795,-0.112692,-0.112831
130_bNAb_Combinations|1342258|sample|12|TRO.11|8301,0.03568,0.349871,3,12,1,0.51048,0.71697,0.71693,0.71697,-1.32426,-1.32433
130_bNAb_Combinations|1342258|sample|12|TRO.11|8301,0.1784,0.0583376,4,12,1,0.338119,0.169592,0.169583,0.169592,-1.66458,-1.66463
130_bNAb_Combinations|1342258|sample|12|TRO.11|8301,0.892,0.00111178,5,12,1,0.176368,0.00175258,0.00175251,0.00175258,-0.27474,-0.274765
130_bNAb_Combinations|1342258|sample|12|TRO.11|8301,4.46,0.000185297,6,12,1,0.0769841,0.00102409,0.00102406,0.00102409,-0.408716,-0.408728
130_bNAb_Combinations|1342258|sample|12|TRO.11|8301,22.3,0.000247062,7,12,1,0.0308647,0.00102166,0.00102164,0.00102166,-0.377607,-0.37762
130_bNAb_Combinations|1342258|sample|12|TRO.11|8301,111.5,0.00165223,8,12,1,0.0122603,0.00102166,0.00102163,0.00102166,0.307421,0.307405
130_bNAb_Combinations|1342258|sample|3|TRO.11|8301,0.0010624,1,1,3,1,0.692277,0.724794,0.724754,0.724794,0.982363,0.982163
130_bNAb_Combinations|1342258|sample|3|TRO.11|8301,0.005312,0.977008,2,3,1,0.742859,0.837119,0.837096,0.837119,0.432677,0.432596
130_bNAb_Combinations|1342258|sample|3|TRO.11|8301,0.02656,0.852774,3,3,1,0.670475,0.874609,0.874597,0.874609,-0.0646095,-0.0646426
130_bNAb_Combinations|1342258|sample|3|TRO.11|8301,0.1328,0.409135,4,3,1,0.463537,0.443703,0.4437,0.443703,-0.200753,-0.200766
130_bNAb_Combinations|1342258|sample|3|TRO.11|8301,0.664,0.0368586,5,3,1,0.252074,0.0290752,0.0290753,0.0290752,0.606532,0.606538
130_bNAb_Combinations|1342258|sample|3|TRO.11|8301,3.32,0.000988249,6,3,1,0.112876,0.0022231,0.00222312,0.0022231,-0.49139,-0.491384
130_bNAb_Combinations|1342258|sample|3|TRO.11|8301,16.6,0.000617656,7,3,1,0.0423141,0.00121036,0.00121036,0.00121036,-0.27908,-0.279079
130_bNAb_Combinations|1342258|sample|3|TRO.11|8301,83,0.0017912,8,3,1,0.014488,0.00102249,0.00102246,0.00102249,0.374707,0.374691
130_bNAb_Combinations|1342258|sample|4|TRO.11|8301,0.0010624,0.951962,1,4,1,0.692277,0.724794,0.724754,0.724794,0.810914,0.810723
130_bNAb_Combinations|1342258|sample|4|TRO.11|8301,0.005312,0.975433,2,4,1,0.742859,0.837119,0.837096,0.837119,0.427806,0.427725
130_bNAb_Combinations|1342258|sample|4|TRO.11|8301,0.02656,0.81302,3,4,1,0.670475,0.874609,0.874597,0.874609,-0.182303,-0.182335
130_bNAb_Combinations|1342258|sample|4|TRO.11|8301,0.1328,0.42409,4,4,1,0.483629,0.462935,0.462935,0.462935,-0.216325,-0.216324
130_bNAb_Combinations|1342258|sample|4|TRO.11|8301,0.664,0.0475286,5,4,1,0.263,0.0303355,0.0303357,0.0303355,1.29105,1.29108
130_bNAb_Combinations|1342258|sample|4|TRO.11|8301,3.32,0.000586773,6,4,1,0.112876,0.0022231,0.00222312,0.0022231,-0.65115,-0.651144
130_bNAb_Combinations|1342258|sample|4|TRO.11|8301,16.6,0.00101913,7,4,1,0.0423141,0.00121036,0.00121036,0.00121036,-0.0900426,-0.0900423
130_bNAb_Combinations|1342258|sample|4|TRO.11|8301,83,0.00205371,8,4,1,0.014488,0.00102249,0.00102246,0.00102249,0.502659,0.502642
130_bNAb_Combinations|1342258|sample|5|TRO.11|8301,0.0004352,0.977533,1,5,1,0.705797,0.724809,0.724768,0.724809,0.902106,0.90191
130_bNAb_Combinations|1342258|sample|5|TRO.11|8301,0.002176,0.987122,2,5,1,0.780695,0.837767,0.837745,0.837767,0.461594,0.461513
130_bNAb_Combinations|1342258|sample|5|TRO.11|8301,0.01088,0.981061,3,5,1,0.753705,0.897856,0.897844,0.897856,0.240022,0.239983
130_bNAb_Combinations|1342258|sample|5|TRO.11|8301,0.0544,0.761747,4,5,1,0.610552,0.813569,0.813561,0.813569,-0.164846,-0.164869
130_bNAb_Combinations|1342258|sample|5|TRO.11|8301,0.272,0.23315,5,5,1,0.379573,0.217146,0.217142,0.217146,0.188086,0.18803
130_bNAb_Combinations|1342258|sample|5|TRO.11|8301,1.36,0.0122296,6,5,1,0.17953,0.0138823,0.013882,0.0138823,-0.23627,-0.236319
130_bNAb_Combinations|1342258|sample|5|TRO.11|8301,6.8,0.000478683,7,5,1,0.0703889,0.00174536,0.00174534,0.00174536,-0.543771,-0.543779
130_bNAb_Combinations|1342258|sample|5|TRO.11|8301,34,0.00176032,8,5,1,0.0241872,0.00104492,0.00104489,0.00104492,0.347261,0.347244
130_bNAb_Combinations|1342258|sample|6|TRO.11|8301,0.0004352,0.95864,1,6,1,0.705797,0.724809,0.724768,0.724809,0.83468,0.834487
130_bNAb_Combinations|1342258|sample|6|TRO.11|8301,0.002176,0.969696,2,6,1,0.780695,0.837767,0.837745,0.837767,0.407747,0.407667
130_bNAb_Combinations|1342258|sample|6|TRO.11|8301,0.01088,0.916223,3,6,1,0.753705,0.897856,0.897844,0.897856,0.0530101,0.0529738
130_bNAb_Combinations|1342258|sample|6|TRO.11|8301,0.0544,0.74182,4,6,1,0.610552,0.813569,0.813561,0.813569,-0.228244,-0.228266
130_bNAb_Combinations|1342258|sample|6|TRO.11|8301,0.272,0.240353,5,6,1,0.379573,0.217146,0.217142,0.217146,0.272724,0.272666
130_bNAb_Combinations|1342258|sample|6|TRO.11|8301,1.36,0.0153024,6,6,1,0.17953,0.0138823,0.013882,0.0138823,0.203108,0.20305
130_bNAb_Combinations|1342258|sample|6|TRO.11|8301,6.8,0.00066398,7,6,1,0.0703889,0.00174536,0.00174534,0.00174536,-0.464223,-0.464232
130_bNAb_Combinations|1342258|sample|6|TRO.11|8301,34,0.00140517,8,6,1,0.0241872,0.00104492,0.00104489,0.00104492,0.174874,0.174858
130_bNAb_Combinations|1342258|sample|7|TRO.11|8301,0.0016768,0.934583,1,7,1,0.6822,0.724661,0.72462,0.724661,0.749502,0.749314
130_bNAb_Combinations|1342258|sample|7|TRO.11|8301,0.008384,0.88822,2,7,1,0.716101,0.83418,0.834157,0.83418,0.167775,0.1677
130_bNAb_Combinations|1342258|sample|7|TRO.11|8301,0.04192,0.680108,3,7,1,0.61788,0.824045,0.824033,0.824045,-0.452106,-0.452139
130_bNAb_Combinations|1342258|sample|7|TRO.11|8301,0.2096,0.319513,4,7,1,0.41687,0.309647,0.309641,0.309647,0.0818178,0.0817676
130_bNAb_Combinations|1342258|sample|7|TRO.11|8301,1.048,0.0254474,5,7,1,0.212753,0.0226726,0.0226721,0.0226726,0.267586,0.267533
130_bNAb_Combinations|1342258|sample|7|TRO.11|8301,5.24,0.000694863,6,7,1,0.087898,0.00227158,0.00227157,0.00227158,-0.622803,-0.622808
130_bNAb_Combinations|1342258|sample|7|TRO.11|8301,26.2,0.00055589,7,7,1,0.032513,0.00122532,0.00122532,0.00122532,-0.314353,-0.314354
130_bNAb_Combinations|1342258|sample|7|TRO.11|8301,131,0.00284122,8,7,1,0.0112014,0.00102347,0.00102344,0.00102347,0.885872,0.885853
130_bNAb_Combinations|1342258|sample|8|TRO.11|8301,0.0016768,0.912046,1,8,1,0.6822,0.724661,0.72462,0.724661,0.669053,0.668869
130_bNAb_Combinations|1342258|sample|8|TRO.11|8301,0.008384,0.872639,2,8,1,0.716101,0.83418,0.834157,0.83418,0.119423,0.11935
130_bNAb_Combinations|1342258|sample|8|TRO.11|8301,0.04192,0.647712,3,8,1,0.61788,0.824045,0.824033,0.824045,-0.553871,-0.553902
130_bNAb_Combinations|1342258|sample|8|TRO.11|8301,0.2096,0.325095,4,8,1,0.41687,0.309647,0.309641,0.309647,0.128082,0.128031
130_bNAb_Combinations|1342258|sample|8|TRO.11|8301,1.048,0.0269607,5,8,1,0.212753,0.0226726,0.0226721,0.0226726,0.413488,0.413432
130_bNAb_Combinations|1342258|sample|8|TRO.11|8301,5.24,0.000818394,6,8,1,0.087898,0.00227158,0.00227157,0.00227158,-0.574008,-0.574012
130_bNAb_Combinations|1342258|sample|8|TRO.11|8301,26.2,0.000355152,7,8,1,0.032513,0.00122532,0.00122532,0.00122532,-0.408617,-0.408617
130_bNAb_Combinations|1342258|sample|8|TRO.11|8301,131,0.00168311,8,8,1,0.0112014,0.00102347,0.00102344,0.00102347,0.321483,0.321466
130_bNAb_Combinations|1342258|sample|9|TRO.11|8301,0.000448,0.923303,1,9,1,0.705459,0.724822,0.724781,0.724822,0.708504,0.708319
130_bNAb_Combinations|1342258|sample|9|TRO.11|8301,0.00224,0.886444,2,9,1,0.779722,0.838072,0.838049,0.838072,0.149492,0.149419
130_bNAb_Combinations|1342258|sample|9|TRO.11|8301,0.0112,0.798552,3,9,1,0.751419,0.904551,0.904539,0.904551,-0.303444,-0.303475
130_bNAb_Combinations|1342258|sample|9|TRO.11|8301,0.056,0.480173,4,9,1,0.606649,0.895468,0.895462,0.895468,-1.20098,-1.20099
130_bNAb_Combinations|1342258|sample|9|TRO.11|8301,0.28,0.0834298,5,9,1,0.375489,0.0558846,0.0558846,0.0558846,1.1906,1.1906
130_bNAb_Combinations|1342258|sample|9|TRO.11|8301,1.4,0.00137428,6,9,1,0.17696,0.00145997,0.00145999,0.00145997,-0.0386098,-0.0386025
130_bNAb_Combinations|1342258|sample|9|TRO.11|8301,7,3.08828e-05,7,9,1,0.0692506,0.00118186,0.00118186,0.00118186,-0.544752,-0.544752
130_bNAb_Combinations|1342258|sample|9|TRO.11|8301,35,0.00171399,8,9,1,0.0237855,0.00102166,0.00102163,0.00102166,0.337531,0.337515
130_bNAb_Combinations|1342258|vc|1|2|TRO.11|8301,0,0.96755,1,2,1,0.724822,0.724822,0.724781,0.724822,0.866418,0.866224
130_bNAb_Combinations|1342258|vc|2|2|TRO.11|8301,0,0.984057,2,2,1,0.838072,0.838072,0.83805,0.838072,0.451017,0.450936
130_bNAb_Combinations|1342258|vc|3|2|TRO.11|8301,0,0.968554,3,2,1,0.838072,0.838072,0.83805,0.838072,0.403128,0.403048
130_bNAb_Combinations|1342258|vc|4|2|TRO.11|8301,0,0.996418,4,2,1,0.838072,0.838072,0.83805,0.838072,0.4892,0.489117
130_bNAb_Combinations|1342258|vc|5|2|TRO.11|8301,0,0.95952,5,2,1,0.838072,0.838072,0.83805,0.838072,0.375224,0.375145
130_bNAb_Combinations|1342258|vc|6|2|TRO.11|8301,0,0.92514,6,2,1,0.838072,0.838072,0.83805,0.838072,0.269023,0.268947
130_bNAb_Combinations|1342258|vc|7|2|TRO.11|8301,0,0.920917,7,2,1,0.838072,0.838072,0.83805,0.838072,0.255978,0.255901
130_bNAb_Combinations|1342258|vc|8|2|TRO.11|8301,0,0.827859,8,2,1,0.724822,0.724822,0.724781,0.724822,0.367877,0.36771
130_bNAb_Combinations|1342276|cc|1|1|Ce1176_A3|7023,0,0.00106045,1,1,0,0,0,0,0,0.63935,0.63935
130_bNAb_Combinations|1342276|cc|2|1|Ce1176_A3|7023,0,0.000899371,2,1,0,0,0,0,0,0.542233,0.542233
130_bNAb_Combinations|1342276|cc|3|1|Ce1176_A3|7023,0,0.00139604,3,1,0,0,0,0,0,0.841676,0.841676
130_bNAb_Combinations|1342276|cc|4|1|Ce1176_A3|7023,0,0.000885948,4,1,0,0,0,0,0,0.53414,0.53414
130_bNAb_Combinations|1342276|cc|5|1|Ce1176_A3|7023,0,0.000939641,5,1,0,0,0,0,0,0.566512,0.566512
130_bNAb_Combinations|1342276|cc|6|1|Ce1176_A3|7023,0,0.00115442,6,1,0,0,0,0,0,0.696001,0.696001
130_bNAb_Combinations|1342276|cc|7|1|Ce1176_A3|7023,0,0.00167793,7,1,0,0,0,0,0,1.01163,1.01163
130_bNAb_Combinations|1342276|cc|8|1|Ce1176_A3|7023,0,0.0012618,8,1,0,0,0,0,0,0.760745,0.760745
130_bNAb_Combinations|1342276|sample|10|Ce1176_A3|7023,0.000448,0.571503,1,10,1,0.705459,0.679044,0.679009,0.679044,-0.409378,-0.409488
130_bNAb_Combinations|1342276|sample|10|Ce1176_A3|7023,0.00224,0.748827,2,10,1,0.779722,0.779711,0.779699,0.779711,-0.102461,-0.1025
130_bNAb_Combinations|1342276|sample|10|Ce1176_A3|7023,0.0112,0.712356,3,10,1,0.751419,0.848485,0.848485,0.848485,-0.415358,-0.41536
130_bNAb_Combinations|1342276|sample|10|Ce1176_A3|7023,0.056,0.486117,4,10,1,0.581446,0.804627,0.804625,0.804627,-1.02453,-1.02453
130_bNAb_Combinations|1342276|sample|10|Ce1176_A3|7023,0.28,0.130738,5,10,1,0.35989,0.0958116,0.095809,0.0958116,0.907735,0.907646
130_bNAb_Combinations|1342276|sample|10|Ce1176_A3|7023,1.4,0.00614794,6,10,1,0.17696,0.00193167,0.00193168,0.00193167,1.75604,1.75605
130_bNAb_Combinations|1342276|sample|10|Ce1176_A3|7023,7,0,7,10,1,0.0692506,0.0011037,0.00110371,0.0011037,-0.529915,-0.52991
130_bNAb_Combinations|1342276|sample|10|Ce1176_A3|7023,35,0.000644326,8,10,1,0.0237855,0.000957159,0.000957137,0.000957159,-0.154362,-0.154372
130_bNAb_Combinations|1342276|sample|11|Ce1176_A3|7023,0.0014272,0.671803,1,11,1,0.686055,0.679043,0.679009,0.679043,-0.0274386,-0.0275675
130_bNAb_Combinations|1342276|sample|11|Ce1176_A3|7023,0.007136,0.684032,2,11,1,0.726199,0.77964,0.779628,0.77964,-0.317301,-0.317337
130_bNAb_Combinations|1342276|sample|11|Ce1176_A3|7023,0.03568,0.483795,3,11,1,0.59024,0.769228,0.769215,0.769228,-0.960123,-0.96015
130_bNAb_Combinations|1342276|sample|11|Ce1176_A3|7023,0.1784,0.114294,4,11,1,0.390949,0.262758,0.262749,0.262758,-1.44643,-1.44647
130_bNAb_Combinations|1342276|sample|11|Ce1176_A3|7023,0.892,0.0034901,5,11,1,0.203924,0.00381256,0.00381245,0.00381256,-0.103194,-0.103227
130_bNAb_Combinations|1342276|sample|11|Ce1176_A3|7023,4.46,9.39641e-05,6,11,1,0.0890124,0.00111784,0.00111785,0.00111784,-0.490312,-0.490307
130_bNAb_Combinations|1342276|sample|11|Ce1176_A3|7023,22.3,0.000630902,7,11,1,0.0356872,0.00109916,0.00109917,0.00109916,-0.225014,-0.225008
130_bNAb_Combinations|1342276|sample|11|Ce1176_A3|7023,111.5,0.000416127,8,11,1,0.0122603,0.000957132,0.00095711,0.000957132,-0.266959,-0.266968
130_bNAb_Combinations|1342276|sample|12|Ce1176_A3|7023,0.0014272,0.565067,1,12,1,0.686055,0.679043,0.679009,0.679043,-0.433887,-0.433996
130_bNAb_Combinations|1342276|sample|12|Ce1176_A3|7023,0.007136,0.548717,2,12,1,0.628067,0.67898,0.678945,0.67898,-0.49595,-0.496056
130_bNAb_Combinations|1342276|sample|12|Ce1176_A3|7023,0.03568,0.38038,3,12,1,0.51048,0.669912,0.669878,0.669912,-1.11733,-1.1174
130_bNAb_Combinations|1342276|sample|12|Ce1176_A3|7023,0.1784,0.0732518,4,12,1,0.338119,0.228833,0.228817,0.228833,-1.73631,-1.73637
130_bNAb_Combinations|1342276|sample|12|Ce1176_A3|7023,0.892,0.00181217,5,12,1,0.176368,0.00332032,0.00332011,0.00332032,-0.513851,-0.513909
130_bNAb_Combinations|1342276|sample|12|Ce1176_A3|7023,4.46,0.000134234,6,12,1,0.0769841,0.000973516,0.000973493,0.000973516,-0.412866,-0.412875
130_bNAb_Combinations|1342276|sample|12|Ce1176_A3|7023,22.3,0.000483244,7,12,1,0.0308647,0.000957244,0.000957222,0.000957244,-0.233889,-0.233899
130_bNAb_Combinations|1342276|sample|12|Ce1176_A3|7023,111.5,0.000966488,8,12,1,0.0122603,0.000957132,0.00095711,0.000957132,0.0046279,0.00461712
130_bNAb_Combinations|1342276|sample|3|Ce1176_A3|7023,0.0010624,0.725068,1,3,1,0.692277,0.677043,0.677009,0.677043,0.183542,0.183402
130_bNAb_Combinations|1342276|sample|3|Ce1176_A3|7023,0.005312,0.881934,2,3,1,0.742859,0.764441,0.764429,0.764441,0.397736,0.397688
130_bNAb_Combinations|1342276|sample|3|Ce1176_A3|7023,0.02656,0.891317,3,3,1,0.670475,0.747798,0.747796,0.747798,0.496538,0.496532
130_bNAb_Combinations|1342276|sample|3|Ce1176_A3|7023,0.1328,0.705718,4,3,1,0.463537,0.443841,0.443838,0.443841,1.52052,1.5205
130_bNAb_Combinations|1342276|sample|3|Ce1176_A3|7023,0.664,0.239233,5,3,1,0.252074,0.11914,0.119138,0.11914,2.53125,2.5312
130_bNAb_Combinations|1342276|sample|3|Ce1176_A3|7023,3.32,0.012269,6,3,1,0.112876,0.0209842,0.020984,0.0209842,-0.896325,-0.896338
130_bNAb_Combinations|1342276|sample|3|Ce1176_A3|7023,16.6,0.00138262,7,3,1,0.0423141,0.00384161,0.00384155,0.00384161,-0.784353,-0.784367
130_bNAb_Combinations|1342276|sample|3|Ce1176_A3|7023,83,0.00073829,8,3,1,0.014488,0.00131141,0.00131136,0.00131141,-0.264991,-0.265009
130_bNAb_Combinations|1342276|sample|4|Ce1176_A3|7023,0.0010624,0.749337,1,4,1,0.692277,0.677043,0.677009,0.677043,0.276231,0.276086
130_bNAb_Combinations|1342276|sample|4|Ce1176_A3|7023,0.005312,0.874437,2,4,1,0.742859,0.764441,0.764429,0.764441,0.37236,0.372313
130_bNAb_Combinations|1342276|sample|4|Ce1176_A3|7023,0.02656,0.920365,3,4,1,0.670475,0.747798,0.747796,0.747798,0.597036,0.59703
130_bNAb_Combinations|1342276|sample|4|Ce1176_A3|7023,0.1328,0.749364,4,4,1,0.483629,0.468638,0.468638,0.468638,1.54448,1.54448
130_bNAb_Combinations|1342276|sample|4|Ce1176_A3|7023,0.664,0.256838,5,4,1,0.263,0.125796,0.125795,0.125796,2.62069,2.62067
130_bNAb_Combinations|1342276|sample|4|Ce1176_A3|7023,3.32,0.0164035,6,4,1,0.112876,0.0209842,0.020984,0.0209842,-0.471103,-0.471119
130_bNAb_Combinations|1342276|sample|4|Ce1176_A3|7023,16.6,0.000402703,7,4,1,0.0423141,0.00384161,0.00384155,0.00384161,-1.09693,-1.09694
130_bNAb_Combinations|1342276|sample|4|Ce1176_A3|7023,83,0.000617479,8,4,1,0.014488,0.00131141,0.00131136,0.00131141,-0.320854,-0.320872
130_bNAb_Combinations|1342276|sample|5|Ce1176_A3|7023,0.0004352,0.648883,1,5,1,0.705797,0.678486,0.678452,0.678486,-0.11269,-0.112814
130_bNAb_Combinations|1342276|sample|5|Ce1176_A3|7023,0.002176,0.840865,2,5,1,0.780695,0.775135,0.775123,0.775135,0.219474,0.219429
130_bNAb_Combinations|1342276|sample|5|Ce1176_A3|7023,0.01088,0.911036,3,5,1,0.753705,0.814241,0.81424,0.814241,0.307701,0.307697
130_bNAb_Combinations|1342276|sample|5|Ce1176_A3|7023,0.0544,0.765372,4,5,1,0.610552,0.686756,0.686758,0.686756,0.296002,0.29601
130_bNAb_Combinations|1342276|sample|5|Ce1176_A3|7023,0.272,0.412509,5,5,1,0.379573,0.281253,0.281252,0.281253,1.196,1.19599
130_bNAb_Combinations|1342276|sample|5|Ce1176_A3|7023,1.36,0.0636808,6,5,1,0.17953,0.0516879,0.0516874,0.0516879,0.557252,0.557221
130_bNAb_Combinations|1342276|sample|5|Ce1176_A3|7023,6.8,0.00165108,7,5,1,0.0703889,0.00790073,0.00790056,0.00790073,-1.33112,-1.33114
130_bNAb_Combinations|1342276|sample|5|Ce1176_A3|7023,34,0.000805407,8,5,1,0.0241872,0.0017875,0.00178742,0.0017875,-0.41867,-0.418696
130_bNAb_Combinations|1342276|sample|6|Ce1176_A3|7023,0.0004352,0.638171,1,6,1,0.705797,0.678486,0.678452,0.678486,-0.153513,-0.153636
130_bNAb_Combinations|1342276|sample|6|Ce1176_A3|7023,0.002176,0.859665,2,6,1,0.780695,0.775135,0.775123,0.775135,0.282234,0.282189
130_bNAb_Combinations|1342276|sample|6|Ce1176_A3|7023,0.01088,0.927856,3,6,1,0.753705,0.814241,0.81424,0.814241,0.361168,0.361164
130_bNAb_Combinations|1342276|sample|6|Ce1176_A3|7023,0.0544,0.793635,4,6,1,0.610552,0.686756,0.686758,0.686756,0.40242,0.402428
130_bNAb_Combinations|1342276|sample|6|Ce1176_A3|7023,0.272,0.422624,5,6,1,0.379573,0.281253,0.281252,0.281253,1.28816,1.28815
130_bNAb_Combinations|1342276|sample|6|Ce1176_A3|7023,1.36,0.0630097,6,6,1,0.17953,0.0516879,0.0516874,0.0516879,0.526068,0.526036
130_bNAb_Combinations|1342276|sample|6|Ce1176_A3|7023,6.8,0.00182559,7,6,1,0.0703889,0.00790073,0.00790056,0.00790073,-1.29395,-1.29397
130_bNAb_Combinations|1342276|sample|6|Ce1176_A3|7023,34,0.000939641,8,6,1,0.0241872,0.0017875,0.00178742,0.0017875,-0.361441,-0.361468
130_bNAb_Combinations|1342276|sample|7|Ce1176_A3|7023,0.0016768,0.677555,1,7,1,0.6822,0.676142,0.676108,0.676142,0.00553605,0.00540533
130_bNAb_Combinations|1342276|sample|7|Ce1176_A3|7023,0.008384,0.79834,2,7,1,0.716101,0.756381,0.756369,0.756381,0.143567,0.143523
130_bNAb_Combinations|1342276|sample|7|Ce1176_A3|7023,0.04192,0.739263,3,7,1,0.61788,0.694801,0.694799,0.694801,0.165494,0.165486
130_bNAb_Combinations|1342276|sample|7|Ce1176_A3|7023,0.2096,0.480392,4,7,1,0.41687,0.346019,0.346019,0.346019,0.998041,0.998035
130_bNAb_Combinations|1342276|sample|7|Ce1176_A3|7023,1.048,0.109555,5,7,1,0.212753,0.0730264,0.073026,0.0730264,1.22899,1.22897
130_bNAb_Combinations|1342276|sample|7|Ce1176_A3|7023,5.24,0.00209406,6,7,1,0.087898,0.0113534,0.0113533,0.0113534,-1.53762,-1.53762
130_bNAb_Combinations|1342276|sample|7|Ce1176_A3|7023,26.2,0.000442974,7,7,1,0.032513,0.00241064,0.00241062,0.00241064,-0.761159,-0.761165
130_bNAb_Combinations|1342276|sample|7|Ce1176_A3|7023,131,0.000698019,8,7,1,0.0112014,0.00111628,0.00111625,0.00111628,-0.200338,-0.200352
130_bNAb_Combinations|1342276|sample|8|Ce1176_A3|7023,0.0016768,0.665206,1,8,1,0.6822,0.676142,0.676108,0.676142,-0.0416911,-0.0418195
130_bNAb_Combinations|1342276|sample|8|Ce1176_A3|7023,0.008384,0.777506,2,8,1,0.716101,0.756381,0.756369,0.756381,0.0723032,0.0722605
130_bNAb_Combinations|1342276|sample|8|Ce1176_A3|7023,0.04192,0.712946,3,8,1,0.61788,0.694801,0.694799,0.694801,0.0675446,0.0675369
130_bNAb_Combinations|1342276|sample|8|Ce1176_A3|7023,0.2096,0.454874,4,8,1,0.41687,0.346019,0.346019,0.346019,0.808509,0.808503
130_bNAb_Combinations|1342276|sample|8|Ce1176_A3|7023,1.048,0.0946823,5,8,1,0.212753,0.0730264,0.073026,0.0730264,0.728598,0.728583
130_bNAb_Combinations|1342276|sample|8|Ce1176_A3|7023,5.24,0.00245649,6,8,1,0.087898,0.0113534,0.0113533,0.0113534,-1.47743,-1.47744
130_bNAb_Combinations|1342276|sample|8|Ce1176_A3|7023,26.2,0.000442974,7,8,1,0.032513,0.00241064,0.00241062,0.00241064,-0.761159,-0.761165
130_bNAb_Combinations|1342276|sample|8|Ce1176_A3|7023,131,0.000684596,8,8,1,0.0112014,0.00111628,0.00111625,0.00111628,-0.206768,-0.206782
130_bNAb_Combinations|1342276|sample|9|Ce1176_A3|7023,0.000448,0.640023,1,9,1,0.705459,0.679044,0.679009,0.679044,-0.148457,-0.14858
130_bNAb_Combinations|1342276|sample|9|Ce1176_A3|7023,0.00224,0.741652,2,9,1,0.779722,0.779711,0.779699,0.779711,-0.126274,-0.126312
130_bNAb_Combinations|1342276|sample|9|Ce1176_A3|7023,0.0112,0.785923,3,9,1,0.751419,0.848485,0.848485,0.848485,-0.19089,-0.190891
130_bNAb_Combinations|1342276|sample|9|Ce1176_A3|7023,0.056,0.574691,4,9,1,0.606649,0.849581,0.849585,0.849581,-0.837676,-0.837669
130_bNAb_Combinations|1342276|sample|9|Ce1176_A3|7023,0.28,0.141631,5,9,1,0.375489,0.101165,0.101162,0.101165,0.998324,0.998254
130_bNAb_Combinations|1342276|sample|9|Ce1176_A3|7023,1.4,0.00449686,6,9,1,0.17696,0.00193167,0.00193168,0.00193167,1.06838,1.06838
130_bNAb_Combinations|1342276|sample|9|Ce1176_A3|7023,7,0.000939641,7,9,1,0.0692506,0.0011037,0.00110371,0.0011037,-0.0787734,-0.0787674
130_bNAb_Combinations|1342276|sample|9|Ce1176_A3|7023,35,0.000510091,8,9,1,0.0237855,0.000957159,0.000957137,0.000957159,-0.220603,-0.220612
130_bNAb_Combinations|1342276|vc|1|2|Ce1176_A3|7023,0,0.763009,1,2,1,0.724822,0.679044,0.679009,0.679044,0.319867,0.31972
130_bNAb_Combinations|1342276|vc|2|2|Ce1176_A3|7023,0,0.910553,2,2,1,0.838072,0.779713,0.779701,0.779713,0.434284,0.434236
130_bNAb_Combinations|1342276|vc|3|2|Ce1176_A3|7023,0,1,3,2,1,0.838072,0.779713,0.779701,0.779713,0.73115,0.731098
130_bNAb_Combinations|1342276|vc|4|2|Ce1176_A3|7023,0,0.978623,4,2,1,0.838072,0.779713,0.779701,0.779713,0.660202,0.660151
130_bNAb_Combinations|1342276|vc|5|2|Ce1176_A3|7023,0,0.915016,5,2,1,0.838072,0.779713,0.779701,0.779713,0.449097,0.449049
130_bNAb_Combinations|1342276|vc|6|2|Ce1176_A3|7023,0,0.948528,6,2,1,0.838072,0.779713,0.779701,0.779713,0.560319,0.560269
130_bNAb_Combinations|1342276|vc|7|2|Ce1176_A3|7023,0,0.841536,7,2,1,0.838072,0.779713,0.779701,0.779713,0.205225,0.205181
130_bNAb_Combinations|1342276|vc|8|2|Ce1176_A3|7023,0,0.749606,8,2,1,0.724822,0.679044,0.679009,0.679044,0.268828,0.268684
130_bNAb_Combinations|1342294|cc|1|1|nan|1176,0,0.00986891,1,1,0,0,0,0,0,5.94999,5.94999
130_bNAb_Combinations|1342294|cc|2|1|nan|1176,0,0.00692296,2,1,0,0,0,0,0,4.17387,4.17387
130_bNAb_Combinations|1342294|cc|3|1|nan|1176,0,0.00368243,3,1,0,0,0,0,0,2.22015,2.22015
130_bNAb_Combinations|1342294|cc|4|1|nan|1176,0,0.0107527,4,1,0,0,0,0,0,6.48283,6.48283
130_bNAb_Combinations|1342294|cc|5|1|nan|1176,0,0.000736485,5,1,0,0,0,0,0,0.444029,0.444029
130_bNAb_Combinations|1342294|cc|6|1|nan|1176,0,0,6,1,0,0,0,0,0,0,0
130_bNAb_Combinations|1342294|cc|7|1|nan|1176,0,0.00618648,7,1,0,0,0,0,0,3.72984,3.72984
130_bNAb_Combinations|1342294|cc|8|1|nan|1176,0,0.0048608,8,1,0,0,0,0,0,2.93059,2.93059
130_bNAb_Combinations|1342294|sample|10|nan|1176,0.000448,0.752099,1,10,1,0.705459,0.711992,0.711952,0.711992,0.145845,0.145694
130_bNAb_Combinations|1342294|sample|10|nan|1176,0.00224,0.913684,2,10,1,0.779722,0.778087,0.778068,0.778087,0.451033,0.450962
130_bNAb_Combinations|1342294|sample|10|nan|1176,0.0112,0.857564,3,10,1,0.751419,0.680373,0.680372,0.680373,0.673397,0.67339
130_bNAb_Combinations|1342294|sample|10|nan|1176,0.056,0.527324,4,10,1,0.581446,0.375614,0.375619,0.375614,1.03899,1.03904
130_bNAb_Combinations|1342294|sample|10|nan|1176,0.28,0.135219,5,10,1,0.35989,0.129469,0.129473,0.129469,0.111758,0.111827
130_bNAb_Combinations|1342294|sample|10|nan|1176,1.4,0.0110473,6,10,1,0.17696,0.0348924,0.0348934,0.0348924,-1.58252,-1.58249
130_bNAb_Combinations|1342294|sample|10|nan|1176,7,0.00721756,7,10,1,0.0692506,0.00867327,0.00867341,0.00867327,-0.291642,-0.291617
130_bNAb_Combinations|1342294|sample|10|nan|1176,35,0.00707026,8,10,1,0.0237855,0.00254655,0.0025465,0.00254655,1.71531,1.71528
130_bNAb_Combinations|1342294|sample|11|nan|1176,0.0014272,0.780527,1,11,1,0.686055,0.689445,0.689408,0.689445,0.341779,0.341621
130_bNAb_Combinations|1342294|sample|11|nan|1176,0.007136,0.890853,2,11,1,0.726199,0.687231,0.687218,0.687231,0.766229,0.766167
130_bNAb_Combinations|1342294|sample|11|nan|1176,0.03568,0.560465,3,11,1,0.59024,0.432407,0.432405,0.432407,0.763011,0.762997
130_bNAb_Combinations|1342294|sample|11|nan|1176,0.1784,0.206069,4,11,1,0.390949,0.167728,0.16773,0.167728,0.579847,0.579879
130_bNAb_Combinations|1342294|sample|11|nan|1176,0.892,0.0144351,5,11,1,0.203924,0.0471112,0.047112,0.0471112,-1.65334,-1.65332
130_bNAb_Combinations|1342294|sample|11|nan|1176,5.24,0.00751215,6,11,1,0.0814234,0.010887,0.0108872,0.010887,-0.577648,-0.577623
130_bNAb_Combinations|1342294|sample|11|nan|1176,22.3,0.00324054,7,11,1,0.0356872,0.00382758,0.00382764,0.00382758,-0.187594,-0.187578
130_bNAb_Combinations|1342294|sample|11|nan|1176,111.5,0.00721756,8,11,1,0.0122603,0.00155788,0.00155784,0.00155788,2.50725,2.50722
130_bNAb_Combinations|1342294|sample|12|nan|1176,0.0014272,0.6839,1,12,1,0.686055,0.689445,0.689408,0.689445,-0.0206569,-0.0207955
130_bNAb_Combinations|1342294|sample|12|nan|1176,0.007136,0.809839,2,12,1,0.628067,0.594364,0.594336,0.594364,0.9367,0.936532
130_bNAb_Combinations|1342294|sample|12|nan|1176,0.03568,0.503314,3,12,1,0.51048,0.373975,0.373962,0.373975,0.889776,0.88966
130_bNAb_Combinations|1342294|sample|12|nan|1176,0.1784,0.130947,4,12,1,0.338119,0.145063,0.14506,0.145063,-0.245841,-0.245885
130_bNAb_Combinations|1342294|sample|12|nan|1176,0.892,0.01635,5,12,1,0.176368,0.040745,0.0407445,0.040745,-1.40869,-1.40871
130_bNAb_Combinations|1342294|sample|12|nan|1176,4.46,0.00972161,6,12,1,0.0769841,0.0107135,0.0107134,0.0107135,-0.171711,-0.171732
130_bNAb_Combinations|1342294|sample|12|nan|1176,22.3,0.00338783,7,12,1,0.0308647,0.00331036,0.0033103,0.00331036,0.0264528,0.0264348
130_bNAb_Combinations|1342294|sample|12|nan|1176,111.5,0.0107527,8,12,1,0.0122603,0.00155788,0.00155784,0.00155788,4.07332,4.07328
130_bNAb_Combinations|1342294|sample|3|nan|1176,0.0010624,0.7384,1,3,1,0.692277,0.721667,0.721626,0.721667,0.0601248,0.0599761
130_bNAb_Combinations|1342294|sample|3|nan|1176,0.005312,0.840477,2,3,1,0.742859,0.802875,0.802854,0.802875,0.121285,0.121215
130_bNAb_Combinations|1342294|sample|3|nan|1176,0.02656,0.51554,3,3,1,0.670475,0.628557,0.628553,0.628557,-0.464661,-0.464674
130_bNAb_Combinations|1342294|sample|3|nan|1176,0.1328,0.173221,4,3,1,0.463537,0.168129,0.16813,0.168129,0.0768257,0.076842
130_bNAb_Combinations|1342294|sample|3|nan|1176,0.664,0.0191486,5,3,1,0.252074,0.0212332,0.0212334,0.0212332,-0.212322,-0.212301
130_bNAb_Combinations|1342294|sample|3|nan|1176,3.32,0.00559729,6,3,1,0.112876,0.00330592,0.00330596,0.00330592,0.782251,0.782269
130_bNAb_Combinations|1342294|sample|3|nan|1176,26.2,0.00883783,7,3,1,0.032513,0.00127907,0.00127907,0.00127907,3.51537,3.51537
130_bNAb_Combinations|1342294|sample|3|nan|1176,83,0.0050081,8,3,1,0.014488,0.00103787,0.00103784,0.00103787,1.92966,1.92963
130_bNAb_Combinations|1342294|sample|4|nan|1176,0.0010624,0.680071,1,4,1,0.692277,0.721667,0.721626,0.721667,-0.148952,-0.149089
130_bNAb_Combinations|1342294|sample|4|nan|1176,0.005312,0.847842,2,4,1,0.742859,0.802875,0.802854,0.802875,0.145027,0.144956
130_bNAb_Combinations|1342294|sample|4|nan|1176,0.02656,0.692444,3,4,1,0.670475,0.628557,0.628553,0.628557,0.262688,0.26267
130_bNAb_Combinations|1342294|sample|4|nan|1176,0.1328,0.216085,4,4,1,0.483629,0.175417,0.175419,0.175417,0.588735,0.588775
130_bNAb_Combinations|1342294|sample|4|nan|1176,0.664,0.0187067,5,4,1,0.263,0.0221535,0.0221539,0.0221535,-0.338867,-0.338835
130_bNAb_Combinations|1342294|sample|4|nan|1176,3.32,0.00456621,6,4,1,0.112876,0.00330592,0.00330596,0.00330592,0.430245,0.430261
130_bNAb_Combinations|1342294|sample|4|nan|1176,16.6,0.00618648,7,4,1,0.0423141,0.00136926,0.00136926,0.00136926,2.20481,2.20482
130_bNAb_Combinations|1342294|sample|4|nan|1176,83,0.00265135,8,4,1,0.014488,0.00103787,0.00103784,0.00103787,0.784208,0.784189
130_bNAb_Combinations|1342294|sample|5|nan|1176,0.0004352,0.742083,1,5,1,0.705797,0.723035,0.722994,0.723035,0.0682938,0.0681443
130_bNAb_Combinations|1342294|sample|5|nan|1176,0.002176,0.707321,2,5,1,0.780695,0.827246,0.827224,0.827246,-0.375203,-0.375263
130_bNAb_Combinations|1342294|sample|5|nan|1176,0.01088,0.702754,3,5,1,0.753705,0.846102,0.84609,0.846102,-0.438579,-0.43861
130_bNAb_Combinations|1342294|sample|5|nan|1176,0.0544,0.377817,4,5,1,0.610552,0.69074,0.690733,0.69074,-1.17147,-1.17149
130_bNAb_Combinations|1342294|sample|5|nan|1176,0.272,0.0605391,5,5,1,0.379573,0.321493,0.321489,0.321493,-2.0841,-2.08411
130_bNAb_Combinations|1342294|sample|5|nan|1176,1.36,0.00677567,6,5,1,0.17953,0.0812858,0.081284,0.0812858,-2.26491,-2.26492
130_bNAb_Combinations|1342294|sample|5|nan|1176,6.8,0.00721756,7,5,1,0.0703889,0.016266,0.0162654,0.016266,-1.14391,-1.14395
130_bNAb_Combinations|1342294|sample|5|nan|1176,34,0.00972161,8,5,1,0.0241872,0.00352274,0.00352254,0.00352274,2.05786,2.05774
130_bNAb_Combinations|1342294|sample|6|nan|1176,0.0004352,0.662395,1,6,1,0.705797,0.723035,0.722994,0.723035,-0.216802,-0.216936
130_bNAb_Combinations|1342294|sample|6|nan|1176,0.002176,0.964796,2,6,1,0.780695,0.827246,0.827224,0.827246,0.430494,0.430413
130_bNAb_Combinations|1342294|sample|6|nan|1176,0.01088,0.767418,3,6,1,0.753705,0.846102,0.84609,0.846102,-0.240722,-0.240756
130_bNAb_Combinations|1342294|sample|6|nan|1176,0.0544,0.337605,4,6,1,0.610552,0.69074,0.690733,0.69074,-1.32201,-1.32203
130_bNAb_Combinations|1342294|sample|6|nan|1176,0.272,0.0459567,5,6,1,0.379573,0.321493,0.321489,0.321493,-2.20057,-2.20057
130_bNAb_Combinations|1342294|sample|6|nan|1176,1.36,0.00382972,6,6,1,0.17953,0.0812858,0.081284,0.0812858,-2.35446,-2.35447
130_bNAb_Combinations|1342294|sample|6|nan|1176,6.8,0.00559729,7,6,1,0.0703889,0.016266,0.0162654,0.016266,-1.34876,-1.34879
130_bNAb_Combinations|1342294|sample|6|nan|1176,34,0.00397702,8,6,1,0.0241872,0.00352274,0.00352254,0.00352274,0.15087,0.150801
130_bNAb_Combinations|1342294|sample|7|nan|1176,0.0016768,0.737517,1,7,1,0.6822,0.717651,0.717611,0.717651,0.0717469,0.071597
130_bNAb_Combinations|1342294|sample|7|nan|1176,0.008384,0.745765,2,7,1,0.716101,0.795973,0.795951,0.795973,-0.163179,-0.163245
130_bNAb_Combinations|1342294|sample|7|nan|1176,0.04192,0.35042,3,7,1,0.61788,0.706866,0.706855,0.706866,-1.30415,-1.30417
130_bNAb_Combinations|1342294|sample|7|nan|1176,0.2096,0.042127,4,7,1,0.41687,0.380747,0.380742,0.380747,-2.28823,-2.28823
130_bNAb_Combinations|1342294|sample|7|nan|1176,1.048,0.00824864,5,7,1,0.212753,0.107748,0.107746,0.107748,-2.31033,-2.31033
130_bNAb_Combinations|1342294|sample|7|nan|1176,5.24,0.00574459,6,7,1,0.087898,0.0224851,0.0224847,0.0224851,-1.6253,-1.62531
130_bNAb_Combinations|1342294|sample|7|nan|1176,26.2,0.00839593,7,7,1,0.032513,0.00496488,0.00496474,0.00496488,0.962026,0.961973
130_bNAb_Combinations|1342294|sample|7|nan|1176,131,0.0114892,8,7,1,0.0112014,0.00164209,0.00164202,0.00164209,4.30066,4.30058
130_bNAb_Combinations|1342294|sample|8|nan|1176,0.0016768,0.757549,1,8,1,0.6822,0.717651,0.717611,0.717651,0.143951,0.143797
130_bNAb_Combinations|1342294|sample|8|nan|1176,0.008384,0.8147,2,8,1,0.716101,0.795973,0.795951,0.795973,0.0609635,0.0608912
130_bNAb_Combinations|1342294|sample|8|nan|1176,0.04192,0.353071,3,8,1,0.61788,0.706866,0.706855,0.706866,-1.29444,-1.29447
130_bNAb_Combinations|1342294|sample|8|nan|1176,0.2096,0.0670202,4,8,1,0.41687,0.380747,0.380742,0.380747,-2.12001,-2.12002
130_bNAb_Combinations|1342294|sample|8|nan|1176,1.048,0.0106054,5,8,1,0.212753,0.107748,0.107746,0.107748,-2.2556,-2.25561
130_bNAb_Combinations|1342294|sample|8|nan|1176,4.46,0.00751215,6,8,1,0.0960905,0.0262309,0.0262303,0.0262309,-1.5945,-1.59452
130_bNAb_Combinations|1342294|sample|8|nan|1176,16.6,0.00883783,7,8,1,0.0423141,0.00723387,0.00723365,0.00723387,0.361416,0.36136
130_bNAb_Combinations|1342294|sample|8|nan|1176,131,0.0053027,8,8,1,0.0112014,0.00164209,0.00164202,0.00164209,1.59877,1.59872
130_bNAb_Combinations|1342294|sample|9|nan|1176,0.000448,0.773752,1,9,1,0.705459,0.711992,0.711952,0.711992,0.224505,0.224349
130_bNAb_Combinations|1342294|sample|9|nan|1176,0.00224,0.914862,2,9,1,0.779722,0.778087,0.778068,0.778087,0.454953,0.454881
130_bNAb_Combinations|1342294|sample|9|nan|1176,0.0112,0.927235,3,9,1,0.751419,0.680373,0.680372,0.680373,0.938175,0.938168
130_bNAb_Combinations|1342294|sample|9|nan|1176,0.056,0.603918,4,9,1,0.606649,0.391895,0.391903,0.391895,1.39236,1.39244
130_bNAb_Combinations|1342294|sample|9|nan|1176,0.28,0.117396,5,9,1,0.375489,0.135081,0.135085,0.135081,-0.330196,-0.330125
130_bNAb_Combinations|1342294|sample|9|nan|1176,1.4,0.0113419,6,9,1,0.17696,0.0348924,0.0348934,0.0348924,-1.56297,-1.56294
130_bNAb_Combinations|1342294|sample|9|nan|1176,7,0.00707026,7,9,1,0.0692506,0.00867327,0.00867341,0.00867327,-0.32115,-0.321124
130_bNAb_Combinations|1342294|sample|9|nan|1176,35,0.0109,8,9,1,0.0237855,0.00254655,0.0025465,0.00254655,3.16745,3.16742
130_bNAb_Combinations|1342294|vc|1|2|nan|1176,0,0.903962,1,2,1,0.724822,0.724822,0.724781,0.724822,0.639479,0.639297
130_bNAb_Combinations|1342294|vc|2|2|nan|1176,0,0.772868,2,2,1,0.838072,0.838072,0.83805,0.838072,-0.201347,-0.201411
130_bNAb_Combinations|1342294|vc|3|2|nan|1176,0,0.798792,3,2,1,0.838072,0.838072,0.83805,0.838072,-0.121267,-0.121333
130_bNAb_Combinations|1342294|vc|4|2|nan|1176,0,1,4,2,1,0.838072,0.838072,0.83805,0.838072,0.500266,0.500183
130_bNAb_Combinations|1342294|vc|5|2|nan|1176,0,0.928708,5,2,1,0.838072,0.838072,0.83805,0.838072,0.280045,0.279968
130_bNAb_Combinations|1342294|vc|6|2|nan|1176,0,0.843276,6,2,1,0.838072,0.838072,0.83805,0.838072,0.0161439,0.0160741
130_bNAb_Combinations|1342294|vc|7|2|nan|1176,0,0.868906,7,2,1,0.838072,0.838072,0.83805,0.838072,0.0953142,0.0952422
130_bNAb_Combinations|1342294|vc|8|2|nan|1176,0,0.751657,8,2,1,0.724822,0.724822,0.724781,0.724822,0.0959169,0.0957659
130_bNAb_Combinations|1342312|cc|1|1|RHPA4259.7|5371,0,0.00173044,1,1,0,0,0,0,0,1.04329,1.04329
130_bNAb_Combinations|1342312|cc|2|1|RHPA4259.7|5371,0,0.00228271,2,1,0,0,0,0,0,1.37625,1.37625
130_bNAb_Combinations|1342312|cc|3|1|RHPA4259.7|5371,0,0.00237475,3,1,0,0,0,0,0,1.43174,1.43174
130_bNAb_Combinations|1342312|cc|4|1|RHPA4259.7|5371,0,0.00189612,4,1,0,0,0,0,0,1.14318,1.14318
130_bNAb_Combinations|1342312|cc|5|1|RHPA4259.7|5371,0,0.00136226,5,1,0,0,0,0,0,0.82131,0.82131
130_bNAb_Combinations|1342312|cc|6|1|RHPA4259.7|5371,0,0.00187771,6,1,0,0,0,0,0,1.13208,1.13208
130_bNAb_Combinations|1342312|cc|7|1|RHPA4259.7|5371,0,0.00250361,7,1,0,0,0,0,0,1.50943,1.50943
130_bNAb_Combinations|1342312|cc|8|1|RHPA4259.7|5371,0,0.0020618,8,1,0,0,0,0,0,1.24306,1.24306
130_bNAb_Combinations|1342312|sample|10|RHPA4259.7|5371,0.000448,0.715113,1,10,1,0.705459,0.724823,0.724782,0.724823,-0.0345083,-0.0346519
130_bNAb_Combinations|1342312|sample|10|RHPA4259.7|5371,0.00224,0.774601,2,10,1,0.779722,0.838072,0.83805,0.838072,-0.195993,-0.196057
130_bNAb_Combinations|1342312|sample|10|RHPA4259.7|5371,0.0112,0.535727,3,10,1,0.751419,0.904714,0.904701,0.904714,-1.05619,-1.05621
130_bNAb_Combinations|1342312|sample|10|RHPA4259.7|5371,0.056,0.22458,4,10,1,0.581446,0.902853,0.902841,0.902853,-1.94551,-1.94552
130_bNAb_Combinations|1342312|sample|10|RHPA4259.7|5371,0.28,0.0133649,5,10,1,0.35989,0.0120033,0.0120025,0.0120033,0.217232,0.217096
130_bNAb_Combinations|1342312|sample|10|RHPA4259.7|5371,1.4,0.00084681,6,10,1,0.17696,0.00127549,0.00127551,0.00127549,-0.199502,-0.199495
130_bNAb_Combinations|1342312|sample|10|RHPA4259.7|5371,7,0.000607494,7,10,1,0.0692506,0.00118129,0.00118129,0.00118129,-0.271602,-0.271602
130_bNAb_Combinations|1342312|sample|10|RHPA4259.7|5371,111.5,0.00169362,8,10,1,0.0122603,0.00102166,0.00102163,0.00102166,0.327599,0.327583
130_bNAb_Combinations|1342312|sample|11|RHPA4259.7|5371,0.0014272,0.619276,1,11,1,0.686055,0.724823,0.724782,0.724823,-0.37654,-0.376664
130_bNAb_Combinations|1342312|sample|11|RHPA4259.7|5371,0.007136,0.546386,2,11,1,0.726199,0.838072,0.83805,0.838072,-0.900952,-0.900997
130_bNAb_Combinations|1342312|sample|11|RHPA4259.7|5371,0.03568,0.216194,3,11,1,0.59024,0.837984,0.837961,0.837984,-1.92084,-1.92086
130_bNAb_Combinations|1342312|sample|11|RHPA4259.7|5371,0.1784,0.0229007,4,11,1,0.390949,0.160018,0.160006,0.160018,-2.17109,-2.17112
130_bNAb_Combinations|1342312|sample|11|RHPA4259.7|5371,0.892,0.000994082,5,11,1,0.203924,0.00118615,0.00118615,0.00118615,-0.0908342,-0.090834
130_bNAb_Combinations|1342312|sample|11|RHPA4259.7|5371,4.46,0.000865219,6,11,1,0.0890124,0.00118129,0.00118129,0.00118129,-0.14961,-0.149609
130_bNAb_Combinations|1342312|sample|11|RHPA4259.7|5371,22.3,0.000938855,7,11,1,0.0356872,0.00118129,0.00118129,0.00118129,-0.114754,-0.114754
130_bNAb_Combinations|1342312|sample|11|RHPA4259.7|5371,35,0.00169362,8,11,1,0.0237855,0.00102166,0.00102163,0.00102166,0.327599,0.327583
130_bNAb_Combinations|1342312|sample|12|RHPA4259.7|5371,0.0014272,0.585532,1,12,1,0.686055,0.724823,0.724782,0.724823,-0.496967,-0.497085
130_bNAb_Combinations|1342312|sample|12|RHPA4259.7|5371,0.007136,0.505481,2,12,1,0.628067,0.724823,0.724782,0.724823,-0.782661,-0.782763
130_bNAb_Combinations|1342312|sample|12|RHPA4259.7|5371,0.03568,0.206879,3,12,1,0.51048,0.724746,0.724705,0.724746,-1.84826,-1.8483
130_bNAb_Combinations|1342312|sample|12|RHPA4259.7|5371,0.1784,0.0190532,4,12,1,0.338119,0.138395,0.13838,0.138395,-2.17593,-2.17598
130_bNAb_Combinations|1342312|sample|12|RHPA4259.7|5371,0.892,3.68178e-05,5,12,1,0.176368,0.00102586,0.00102583,0.00102586,-0.48177,-0.481782
130_bNAb_Combinations|1342312|sample|12|RHPA4259.7|5371,4.46,0.000607494,6,12,1,0.0769841,0.00102166,0.00102163,0.00102166,-0.201892,-0.201906
130_bNAb_Combinations|1342312|sample|12|RHPA4259.7|5371,22.3,0,7,12,1,0.0308647,0.00102166,0.00102163,0.00102166,-0.498049,-0.49806
130_bNAb_Combinations|1342312|sample|12|RHPA4259.7|5371,111.5,0.00154635,8,12,1,0.0122603,0.00102166,0.00102163,0.00102166,0.255803,0.255788
130_bNAb_Combinations|1342312|sample|3|RHPA4259.7|5371,0.0010624,0.763952,1,3,1,0.692277,0.724823,0.724782,0.724823,0.139792,0.139639
130_bNAb_Combinations|1342312|sample|3|RHPA4259.7|5371,0.005312,0.818875,2,3,1,0.742859,0.838072,0.83805,0.838072,-0.0592321,-0.0592998
130_bNAb_Combinations|1342312|sample|3|RHPA4259.7|5371,0.02656,0.538378,3,3,1,0.670475,0.904713,0.904701,0.904713,-1.0486,-1.04863
130_bNAb_Combinations|1342312|sample|3|RHPA4259.7|5371,0.1328,0.0814411,4,3,1,0.463537,0.591245,0.591221,0.591245,-2.22738,-2.22739
130_bNAb_Combinations|1342312|sample|3|RHPA4259.7|5371,0.664,0.00397633,5,3,1,0.252074,0.00127736,0.00127738,0.00127736,1.25559,1.2556
130_bNAb_Combinations|1342312|sample|3|RHPA4259.7|5371,3.32,0.00173044,6,3,1,0.112876,0.00127522,0.00127524,0.00127522,0.211847,0.211856
130_bNAb_Combinations|1342312|sample|3|RHPA4259.7|5371,16.6,0.00147271,7,3,1,0.0423141,0.00118129,0.00118129,0.00118129,0.137945,0.137946
130_bNAb_Combinations|1342312|sample|3|RHPA4259.7|5371,83,0.0012334,8,3,1,0.014488,0.00102166,0.00102163,0.00102166,0.103238,0.103223
130_bNAb_Combinations|1342312|sample|4|RHPA4259.7|5371,0.0010624,0.732077,1,4,1,0.692277,0.724823,0.724782,0.724823,0.0260337,0.0258867
130_bNAb_Combinations|1342312|sample|4|RHPA4259.7|5371,0.005312,0.824591,2,4,1,0.742859,0.838072,0.83805,0.838072,-0.0415754,-0.0416437
130_bNAb_Combinations|1342312|sample|4|RHPA4259.7|5371,0.02656,0.536592,3,4,1,0.670475,0.904713,0.904701,0.904713,-1.05372,-1.05374
130_bNAb_Combinations|1342312|sample|4|RHPA4259.7|5371,0.1328,0.0694384,4,4,1,0.483629,0.616873,0.616851,0.616873,-2.29312,-2.29313
130_bNAb_Combinations|1342312|sample|4|RHPA4259.7|5371,0.664,0.00323997,5,4,1,0.263,0.00133273,0.00133275,0.00133273,0.878565,0.878582
130_bNAb_Combinations|1342312|sample|4|RHPA4259.7|5371,3.32,0.00138067,6,4,1,0.112876,0.00127522,0.00127524,0.00127522,0.0490669,0.0490754
130_bNAb_Combinations|1342312|sample|4|RHPA4259.7|5371,16.6,0.00134385,7,4,1,0.0423141,0.00118129,0.00118129,0.00118129,0.0769488,0.0769492
130_bNAb_Combinations|1342312|sample|4|RHPA4259.7|5371,83,0.00163839,8,4,1,0.014488,0.00102166,0.00102163,0.00102166,0.300676,0.30066
130_bNAb_Combinations|1342312|sample|5|RHPA4259.7|5371,0.0004352,0.786834,1,5,1,0.705797,0.724823,0.724782,0.724823,0.221457,0.221299
130_bNAb_Combinations|1342312|sample|5|RHPA4259.7|5371,0.002176,0.889859,2,5,1,0.780695,0.838072,0.83805,0.838072,0.16004,0.159967
130_bNAb_Combinations|1342312|sample|5|RHPA4259.7|5371,0.01088,0.800236,3,5,1,0.753705,0.904714,0.904701,0.904714,-0.299035,-0.299066
130_bNAb_Combinations|1342312|sample|5|RHPA4259.7|5371,0.0544,0.336165,4,5,1,0.610552,0.942671,0.942664,0.942671,-1.66651,-1.66652
130_bNAb_Combinations|1342312|sample|5|RHPA4259.7|5371,0.272,0.022643,5,5,1,0.379573,0.0140378,0.0140378,0.0140378,1.21998,1.21999
130_bNAb_Combinations|1342312|sample|5|RHPA4259.7|5371,1.36,0.00209862,6,5,1,0.17953,0.00127545,0.00127546,0.00127545,0.383073,0.383083
130_bNAb_Combinations|1342312|sample|5|RHPA4259.7|5371,6.8,0.00149112,7,5,1,0.0703889,0.00118129,0.00118129,0.00118129,0.146659,0.146659
130_bNAb_Combinations|1342312|sample|5|RHPA4259.7|5371,34,0.00193294,8,5,1,0.0241872,0.00102166,0.00102163,0.00102166,0.444266,0.44425
130_bNAb_Combinations|1342312|sample|6|RHPA4259.7|5371,0.0004352,0.751903,1,6,1,0.705797,0.724823,0.724782,0.724823,0.0967921,0.0966411
130_bNAb_Combinations|1342312|sample|6|RHPA4259.7|5371,0.002176,0.86336,2,6,1,0.780695,0.838072,0.83805,0.838072,0.0781828,0.0781114
130_bNAb_Combinations|1342312|sample|6|RHPA4259.7|5371,0.01088,0.716604,3,6,1,0.753705,0.904714,0.904701,0.904714,-0.538431,-0.538459
130_bNAb_Combinations|1342312|sample|6|RHPA4259.7|5371,0.0544,0.300461,4,6,1,0.610552,0.942671,0.942664,0.942671,-1.76462,-1.76462
130_bNAb_Combinations|1342312|sample|6|RHPA4259.7|5371,0.272,0.0212255,5,6,1,0.379573,0.0140378,0.0140378,0.0140378,1.01902,1.01903
130_bNAb_Combinations|1342312|sample|6|RHPA4259.7|5371,1.36,0.00147271,6,6,1,0.17953,0.00127545,0.00127546,0.00127545,0.091795,0.0918037
130_bNAb_Combinations|1342312|sample|6|RHPA4259.7|5371,6.8,0.00171203,7,6,1,0.0703889,0.00118129,0.00118129,0.00118129,0.251224,0.251225
130_bNAb_Combinations|1342312|sample|6|RHPA4259.7|5371,34,0.00117817,8,6,1,0.0241872,0.00102166,0.00102163,0.00102166,0.0763149,0.0763002
130_bNAb_Combinations|1342312|sample|7|RHPA4259.7|5371,0.0016768,0.684987,1,7,1,0.6822,0.724823,0.724782,0.724823,-0.142026,-0.142163
130_bNAb_Combinations|1342312|sample|7|RHPA4259.7|5371,0.008384,0.658662,2,7,1,0.716101,0.838072,0.83805,0.838072,-0.55413,-0.554185
130_bNAb_Combinations|1342312|sample|7|RHPA4259.7|5371,0.04192,0.390536,3,7,1,0.61788,0.904507,0.904495,0.904507,-1.47155,-1.47156
130_bNAb_Combinations|1342312|sample|7|RHPA4259.7|5371,0.2096,0.0446784,4,7,1,0.41687,0.0711174,0.0711175,0.0711174,-0.912014,-0.912012
130_bNAb_Combinations|1342312|sample|7|RHPA4259.7|5371,1.048,0.00222748,5,7,1,0.212753,0.00133187,0.0013319,0.00133187,0.412614,0.412629
130_bNAb_Combinations|1342312|sample|7|RHPA4259.7|5371,5.24,0.00160158,6,7,1,0.087898,0.00127522,0.00127524,0.00127522,0.151875,0.151884
130_bNAb_Combinations|1342312|sample|7|RHPA4259.7|5371,26.2,0.00115976,7,7,1,0.032513,0.00118129,0.00118129,0.00118129,-0.010189,-0.0101886
130_bNAb_Combinations|1342312|sample|7|RHPA4259.7|5371,131,0.00149112,8,7,1,0.0112014,0.00102166,0.00102163,0.00102166,0.22888,0.228865
130_bNAb_Combinations|1342312|sample|8|RHPA4259.7|5371,0.0016768,0.685069,1,8,1,0.6822,0.724823,0.724782,0.724823,-0.14173,-0.141867
130_bNAb_Combinations|1342312|sample|8|RHPA4259.7|5371,0.008384,0.702457,2,8,1,0.716101,0.838072,0.83805,0.838072,-0.418848,-0.418906
130_bNAb_Combinations|1342312|sample|8|RHPA4259.7|5371,0.04192,0.377254,3,8,1,0.61788,0.904507,0.904495,0.904507,-1.50958,-1.50959
130_bNAb_Combinations|1342312|sample|8|RHPA4259.7|5371,0.2096,0.0456541,4,8,1,0.41687,0.0711174,0.0711175,0.0711174,-0.878358,-0.878356
130_bNAb_Combinations|1342312|sample|8|RHPA4259.7|5371,1.048,0.00265088,5,8,1,0.212753,0.00133187,0.0013319,0.00133187,0.607687,0.607702
130_bNAb_Combinations|1342312|sample|8|RHPA4259.7|5371,5.24,0.00114135,6,8,1,0.087898,0.00127522,0.00127524,0.00127522,-0.0623087,-0.0623006
130_bNAb_Combinations|1342312|sample|8|RHPA4259.7|5371,26.2,0.00121499,7,8,1,0.032513,0.00118129,0.00118129,0.00118129,0.0159523,0.0159528
130_bNAb_Combinations|1342312|sample|8|RHPA4259.7|5371,131,0.00121499,8,8,1,0.0112014,0.00102166,0.00102163,0.00102166,0.0942637,0.0942489
130_bNAb_Combinations|1342312|sample|9|RHPA4259.7|5371,0.000448,0.719568,1,9,1,0.705459,0.724823,0.724782,0.724823,-0.0186091,-0.0187536
130_bNAb_Combinations|1342312|sample|9|RHPA4259.7|5371,0.00224,0.768397,2,9,1,0.779722,0.838072,0.83805,0.838072,-0.215157,-0.21522
130_bNAb_Combinations|1342312|sample|9|RHPA4259.7|5371,0.0112,0.637998,3,9,1,0.751419,0.904714,0.904701,0.904714,-0.763442,-0.763467
130_bNAb_Combinations|1342312|sample|9|RHPA4259.7|5371,0.056,0.250297,4,9,1,0.606649,0.941987,0.941981,0.941987,-1.90195,-1.90196
130_bNAb_Combinations|1342312|sample|9|RHPA4259.7|5371,0.28,0.0105667,5,9,1,0.375489,0.0125236,0.0125229,0.0125236,-0.302282,-0.302383
130_bNAb_Combinations|1342312|sample|9|RHPA4259.7|5371,1.4,0.00130703,6,9,1,0.17696,0.00127549,0.00127551,0.00127549,0.0146715,0.0146798
130_bNAb_Combinations|1342312|sample|9|RHPA4259.7|5371,7,0.00136226,7,9,1,0.0692506,0.00118129,0.00118129,0.00118129,0.0856625,0.085663
130_bNAb_Combinations|1342312|sample|9|RHPA4259.7|5371,35,0.00138067,8,9,1,0.0237855,0.00102166,0.00102163,0.00102166,0.175034,0.175018
130_bNAb_Combinations|1342312|vc|1|2|RHPA4259.7|5371,0,0.805648,1,2,1,0.724822,0.724823,0.724782,0.724823,0.288602,0.28844
130_bNAb_Combinations|1342312|vc|2|2|RHPA4259.7|5371,0,0.988964,2,2,1,0.838072,0.838072,0.83805,0.838072,0.466175,0.466093
130_bNAb_Combinations|1342312|vc|3|2|RHPA4259.7|5371,0,0.95037,3,2,1,0.838072,0.838072,0.83805,0.838072,0.346957,0.346878
130_bNAb_Combinations|1342312|vc|4|2|RHPA4259.7|5371,0,0.951677,4,2,1,0.838072,0.838072,0.83805,0.838072,0.350994,0.350915
130_bNAb_Combinations|1342312|vc|5|2|RHPA4259.7|5371,0,1,5,2,1,0.838072,0.838072,0.83805,0.838072,0.500265,0.500183
130_bNAb_Combinations|1342312|vc|6|2|RHPA4259.7|5371,0,0.952339,6,2,1,0.838072,0.838072,0.83805,0.838072,0.353041,0.352962
130_bNAb_Combinations|1342312|vc|7|2|RHPA4259.7|5371,0,0.995186,7,2,1,0.838072,0.838072,0.83805,0.838072,0.485395,0.485313
130_bNAb_Combinations|1342312|vc|8|2|RHPA4259.7|5371,0,0.750412,8,2,1,0.724822,0.724823,0.724782,0.724823,0.0914704,0.0913197
130_bNAb_Combinations|1342336|cc|1|1|nan|3430,0,0,1,1,0,0,0,0,0,0,0
130_bNAb_Combinations|1342336|cc|2|1|nan|3430,0,0,2,1,0,0,0,0,0,0,0
130_bNAb_Combinations|1342336|cc|3|1|nan|3430,0,0.00041405,3,1,0,0,0,0,0,0.249632,0.249632
130_bNAb_Combinations|1342336|cc|4|1|nan|3430,0,0.00119614,4,1,0,0,0,0,0,0.721159,0.721159
130_bNAb_Combinations|1342336|cc|5|1|nan|3430,0,0.00174821,5,1,0,0,0,0,0,1.054,1.054
130_bNAb_Combinations|1342336|cc|6|1|nan|3430,0,0.00207025,6,1,0,0,0,0,0,1.24816,1.24816
130_bNAb_Combinations|1342336|cc|7|1|nan|3430,0,0.00110413,7,1,0,0,0,0,0,0.665685,0.665685
130_bNAb_Combinations|1342336|cc|8|1|nan|3430,0,0.0016562,8,1,0,0,0,0,0,0.998528,0.998528
130_bNAb_Combinations|1342336|sample|10|nan|3430,0.000448,0.700021,1,10,1,0.705459,0.724823,0.724782,0.724823,-0.0883715,-0.0885121
130_bNAb_Combinations|1342336|sample|10|nan|3430,0.00224,0.771582,2,10,1,0.779722,0.838073,0.83805,0.838073,-0.205319,-0.205383
130_bNAb_Combinations|1342336|sample|10|nan|3430,0.0112,0.689301,3,10,1,0.751419,0.9047,0.904688,0.9047,-0.616556,-0.616582
130_bNAb_Combinations|1342336|sample|10|nan|3430,0.056,0.346491,4,10,1,0.581446,0.889751,0.889739,0.889751,-1.58108,-1.58109
130_bNAb_Combinations|1342336|sample|10|nan|3430,0.28,0.0542406,5,10,1,0.35989,0.0474937,0.0474913,0.0474937,0.33899,0.338853
130_bNAb_Combinations|1342336|sample|10|nan|3430,1.4,0.00372645,6,10,1,0.17696,0.00131945,0.00131946,0.00131945,1.1114,1.11141
130_bNAb_Combinations|1342336|sample|10|nan|3430,7,0.00216226,7,10,1,0.0692506,0.00118132,0.00118132,0.00118132,0.464319,0.464319
130_bNAb_Combinations|1342336|sample|10|nan|3430,35,0.00469257,8,10,1,0.0237855,0.00102166,0.00102163,0.00102166,1.7896,1.78957
130_bNAb_Combinations|1342336|sample|11|nan|3430,0.0014272,0.773285,1,11,1,0.686055,0.724823,0.724782,0.724823,0.173099,0.172944
130_bNAb_Combinations|1342336|sample|11|nan|3430,0.007136,0.718722,2,11,1,0.726199,0.838071,0.838048,0.838071,-0.3686,-0.36866
130_bNAb_Combinations|1342336|sample|11|nan|3430,0.03568,0.335588,3,11,1,0.59024,0.836095,0.836073,0.836095,-1.54964,-1.54967
130_bNAb_Combinations|1342336|sample|11|nan|3430,0.1784,0.0538265,4,11,1,0.390949,0.233132,0.233119,0.233132,-1.96488,-1.96492
130_bNAb_Combinations|1342336|sample|11|nan|3430,0.892,0.00377246,5,11,1,0.203924,0.00147255,0.00147253,0.00147255,1.03388,1.03387
130_bNAb_Combinations|1342336|sample|11|nan|3430,4.46,0.00207025,6,11,1,0.0890124,0.00118155,0.00118155,0.00118155,0.420641,0.420642
130_bNAb_Combinations|1342336|sample|11|nan|3430,22.3,0.00147218,7,11,1,0.0356872,0.00118129,0.00118129,0.00118129,0.137692,0.137692
130_bNAb_Combinations|1342336|sample|11|nan|3430,111.5,0.000690084,8,11,1,0.0122603,0.00102166,0.00102163,0.00102166,-0.16163,-0.161643
130_bNAb_Combinations|1342336|sample|12|nan|3430,0.0014272,0.81048,1,12,1,0.686055,0.724823,0.724782,0.724823,0.305846,0.305683
130_bNAb_Combinations|1342336|sample|12|nan|3430,0.007136,0.757689,2,12,1,0.628067,0.724822,0.724781,0.724822,0.117445,0.117293
130_bNAb_Combinations|1342336|sample|12|nan|3430,0.03568,0.442183,3,12,1,0.51048,0.723113,0.723072,0.723113,-1.00482,-1.00491
130_bNAb_Combinations|1342336|sample|12|nan|3430,0.1784,0.0585651,4,12,1,0.338119,0.201628,0.201611,0.201628,-1.80752,-1.80758
130_bNAb_Combinations|1342336|sample|12|nan|3430,0.892,0.00211626,5,12,1,0.176368,0.00127357,0.00127351,0.00127357,0.392327,0.392298
130_bNAb_Combinations|1342336|sample|12|nan|3430,4.46,0.00119614,6,12,1,0.0769841,0.00102189,0.00102186,0.00102189,0.0849619,0.0849471
130_bNAb_Combinations|1342336|sample|12|nan|3430,22.3,0.000138017,7,12,1,0.0308647,0.00102166,0.00102163,0.00102166,-0.430765,-0.430777
130_bNAb_Combinations|1342336|sample|12|nan|3430,111.5,0.00193223,8,12,1,0.0122603,0.00102166,0.00102163,0.00102166,0.443924,0.443907
130_bNAb_Combinations|1342336|sample|3|nan|3430,0.0010624,0.85338,1,3,1,0.692277,0.724777,0.724736,0.724777,0.459146,0.458975
130_bNAb_Combinations|1342336|sample|3|nan|3430,0.005312,0.846134,2,3,1,0.742859,0.835829,0.835806,0.835829,0.0319887,0.0319187
130_bNAb_Combinations|1342336|sample|3|nan|3430,0.02656,0.598923,3,3,1,0.670475,0.812949,0.812941,0.812949,-0.681413,-0.681433
130_bNAb_Combinations|1342336|sample|3|nan|3430,0.1328,0.155913,4,3,1,0.463537,0.158279,0.158281,0.158279,-0.0378996,-0.0378626
130_bNAb_Combinations|1342336|sample|3|nan|3430,0.664,0.00768293,5,3,1,0.252074,0.00577157,0.00577168,0.00577157,0.493004,0.493038
130_bNAb_Combinations|1342336|sample|3|nan|3430,1.36,0.00156419,6,3,1,0.17953,0.00212884,0.00212888,0.00212884,-0.227992,-0.227978
130_bNAb_Combinations|1342336|sample|3|nan|3430,16.6,0.00115014,7,3,1,0.0423141,0.00118365,0.00118365,0.00118365,-0.0158577,-0.0158572
130_bNAb_Combinations|1342336|sample|3|nan|3430,83,0.00276033,8,3,1,0.014488,0.00102171,0.00102168,0.00102171,0.847595,0.847576
130_bNAb_Combinations|1342336|sample|4|nan|3430,0.0010624,0.773193,1,4,1,0.692277,0.724777,0.724736,0.724777,0.172947,0.172792
130_bNAb_Combinations|1342336|sample|4|nan|3430,0.005312,0.819405,2,4,1,0.742859,0.835829,0.835806,0.835829,-0.0507986,-0.0508664
130_bNAb_Combinations|1342336|sample|4|nan|3430,0.02656,0.59009,3,4,1,0.670475,0.812949,0.812941,0.812949,-0.709537,-0.709556
130_bNAb_Combinations|1342336|sample|4|nan|3430,0.1328,0.181814,4,4,1,0.483629,0.165139,0.165143,0.165139,0.255988,0.256047
130_bNAb_Combinations|1342336|sample|4|nan|3430,0.664,0.00570469,5,4,1,0.263,0.00602174,0.00602189,0.00602174,-0.0798407,-0.079803
130_bNAb_Combinations|1342336|sample|4|nan|3430,3.32,0.000966117,6,4,1,0.112876,0.00138266,0.00138268,0.00138266,-0.190212,-0.190203
130_bNAb_Combinations|1342336|sample|4|nan|3430,16.6,0.0008281,7,4,1,0.0423141,0.00118365,0.00118365,0.00118365,-0.168228,-0.168227
130_bNAb_Combinations|1342336|sample|4|nan|3430,83,0.00289835,8,4,1,0.014488,0.00102171,0.00102168,0.00102171,0.914878,0.914859
130_bNAb_Combinations|1342336|sample|5|nan|3430,0.0004352,0.505739,1,5,1,0.705797,0.724823,0.724782,0.724823,-0.781741,-0.781843
130_bNAb_Combinations|1342336|sample|5|nan|3430,0.002176,0.471465,2,5,1,0.780695,0.838073,0.83805,0.838073,-1.13238,-1.13242
130_bNAb_Combinations|1342336|sample|5|nan|3430,0.01088,0.433165,3,5,1,0.753705,0.904714,0.904702,0.904714,-1.34978,-1.34979
130_bNAb_Combinations|1342336|sample|5|nan|3430,0.0544,0.118556,4,5,1,0.610552,0.943475,0.943468,0.943475,-2.26474,-2.26474
130_bNAb_Combinations|1342336|sample|5|nan|3430,0.272,0.00814299,5,5,1,0.379573,0.00154224,0.00154226,0.00154224,2.9319,2.93192
130_bNAb_Combinations|1342336|sample|5|nan|3430,3.32,0.00156419,6,5,1,0.112876,0.00127522,0.00127524,0.00127522,0.134476,0.134484
130_bNAb_Combinations|1342336|sample|5|nan|3430,6.8,0.000552067,7,5,1,0.0703889,0.00118129,0.00118129,0.00118129,-0.297839,-0.297839
130_bNAb_Combinations|1342336|sample|5|nan|3430,34,0.00207025,8,5,1,0.0241872,0.00102166,0.00102163,0.00102166,0.511207,0.51119
130_bNAb_Combinations|1342336|sample|6|nan|3430,0.0004352,0.356474,1,6,1,0.705797,0.724823,0.724782,0.724823,-1.31445,-1.31452
130_bNAb_Combinations|1342336|sample|6|nan|3430,0.002176,0.439698,2,6,1,0.780695,0.838073,0.83805,0.838073,-1.23051,-1.23055
130_bNAb_Combinations|1342336|sample|6|nan|3430,0.01088,0.353622,3,6,1,0.753705,0.904714,0.904702,0.904714,-1.57747,-1.57749
130_bNAb_Combinations|1342336|sample|6|nan|3430,0.0544,0.0923792,4,6,1,0.610552,0.943475,0.943468,0.943475,-2.3366,-2.33661
130_bNAb_Combinations|1342336|sample|6|nan|3430,0.272,0.00602673,5,6,1,0.379573,0.00154224,0.00154226,0.00154224,1.9919,1.99192
130_bNAb_Combinations|1342336|sample|6|nan|3430,1.36,0.00197824,6,6,1,0.17953,0.00127522,0.00127524,0.00127522,0.327171,0.32718
130_bNAb_Combinations|1342336|sample|6|nan|3430,6.8,0.00133416,7,6,1,0.0703889,0.00118129,0.00118129,0.00118129,0.0723621,0.0723625
130_bNAb_Combinations|1342336|sample|6|nan|3430,34,0.00041405,8,6,1,0.0241872,0.00102166,0.00102163,0.00102166,-0.296197,-0.29621
130_bNAb_Combinations|1342336|sample|7|nan|3430,0.0016768,0.313114,1,7,1,0.6822,0.724823,0.724782,0.724823,-1.4692,-1.46926
130_bNAb_Combinations|1342336|sample|7|nan|3430,0.008384,0.189313,2,7,1,0.716101,0.838073,0.83805,0.838073,-2.00395,-2.00397
130_bNAb_Combinations|1342336|sample|7|nan|3430,0.04192,0.0440733,3,7,1,0.61788,0.904682,0.904669,0.904682,-2.46355,-2.46356
130_bNAb_Combinations|1342336|sample|7|nan|3430,0.2096,0.00276033,4,7,1,0.41687,0.00416485,0.00416475,0.00416485,-0.430908,-0.430935
130_bNAb_Combinations|1342336|sample|7|nan|3430,1.048,0.00174821,5,7,1,0.212753,0.00133049,0.00133052,0.00133049,0.192486,0.192499
130_bNAb_Combinations|1342336|sample|7|nan|3430,5.24,0.000506061,6,7,1,0.087898,0.00127522,0.00127524,0.00127522,-0.357968,-0.357961
130_bNAb_Combinations|1342336|sample|7|nan|3430,26.2,0.0024383,7,7,1,0.032513,0.00118129,0.00118129,0.00118129,0.594999,0.594999
130_bNAb_Combinations|1342336|sample|7|nan|3430,131,0.00142617,8,7,1,0.0112014,0.00102166,0.00102163,0.00102166,0.197217,0.197201
130_bNAb_Combinations|1342336|sample|8|nan|3430,0.0016768,0.444621,1,8,1,0.6822,0.724823,0.724782,0.724823,-0.999866,-0.999956
130_bNAb_Combinations|1342336|sample|8|nan|3430,0.008384,0.344421,2,8,1,0.716101,0.838073,0.83805,0.838073,-1.52482,-1.52485
130_bNAb_Combinations|1342336|sample|8|nan|3430,0.04192,0.0510662,3,8,1,0.61788,0.904682,0.904669,0.904682,-2.44354,-2.44354
130_bNAb_Combinations|1342336|sample|8|nan|3430,0.2096,0.00464656,4,8,1,0.41687,0.00416485,0.00416475,0.00416485,0.147833,0.147799
130_bNAb_Combinations|1342336|sample|8|nan|3430,1.048,0.000966117,5,8,1,0.212753,0.00133049,0.00133052,0.00133049,-0.167931,-0.167919
130_bNAb_Combinations|1342336|sample|8|nan|3430,5.24,0.00128816,6,8,1,0.087898,0.00127522,0.00127524,0.00127522,0.006012,0.00602033
130_bNAb_Combinations|1342336|sample|8|nan|3430,26.2,0.0016562,7,8,1,0.032513,0.00118129,0.00118129,0.00118129,0.224798,0.224798
130_bNAb_Combinations|1342336|sample|8|nan|3430,131,0.00184022,8,8,1,0.0112014,0.00102166,0.00102163,0.00102166,0.399068,0.399051
130_bNAb_Combinations|1342336|sample|9|nan|3430,0.000448,0.777977,1,9,1,0.705459,0.724823,0.724782,0.724823,0.189847,0.18969
130_bNAb_Combinations|1342336|sample|9|nan|3430,0.00224,0.692844,2,9,1,0.779722,0.838073,0.83805,0.838073,-0.448543,-0.4486
130_bNAb_Combinations|1342336|sample|9|nan|3430,0.0112,0.745773,3,9,1,0.751419,0.9047,0.904688,0.9047,-0.454902,-0.454931
130_bNAb_Combinations|1342336|sample|9|nan|3430,0.056,0.380075,4,9,1,0.606649,0.928318,0.928311,0.928318,-1.5296,-1.52961
130_bNAb_Combinations|1342336|sample|9|nan|3430,0.28,0.0556667,5,9,1,0.375489,0.0495523,0.0495501,0.0495523,0.295472,0.295353
130_bNAb_Combinations|1342336|sample|9|nan|3430,1.4,0.00234628,6,9,1,0.17696,0.00131945,0.00131946,0.00131945,0.474124,0.474132
130_bNAb_Combinations|1342336|sample|9|nan|3430,7,0.00184022,7,9,1,0.0692506,0.00118132,0.00118132,0.00118132,0.311884,0.311885
130_bNAb_Combinations|1342336|sample|9|nan|3430,35,0.00188623,8,9,1,0.0237855,0.00102166,0.00102163,0.00102166,0.421496,0.421479
130_bNAb_Combinations|1342336|vc|1|2|nan|3430,0,0.92255,1,2,1,0.724822,0.724823,0.724782,0.724823,0.70581,0.705625
130_bNAb_Combinations|1342336|vc|2|2|nan|3430,0,0.992179,2,2,1,0.838072,0.838073,0.83805,0.838073,0.476105,0.476023
130_bNAb_Combinations|1342336|vc|3|2|nan|3430,0,1,3,2,1,0.838072,0.838073,0.83805,0.838073,0.500264,0.500181
130_bNAb_Combinations|1342336|vc|4|2|nan|3430,0,0.999402,4,2,1,0.838072,0.838073,0.83805,0.838073,0.498417,0.498334
130_bNAb_Combinations|1342336|vc|5|2|nan|3430,0,0.95802,5,2,1,0.838072,0.838073,0.83805,0.838073,0.370587,0.370508
130_bNAb_Combinations|1342336|vc|6|2|nan|3430,0,0.951441,6,2,1,0.838072,0.838073,0.83805,0.838073,0.350266,0.350187
130_bNAb_Combinations|1342336|vc|7|2|nan|3430,0,0.88701,7,2,1,0.838072,0.838073,0.83805,0.838073,0.151238,0.151165
130_bNAb_Combinations|1342336|vc|8|2|nan|3430,0,0.926598,8,2,1,0.724822,0.724823,0.724782,0.724823,0.720259,0.720073
130_bNAb_Combinations|1342348|cc|1|1|nan|4166,0,0.000451154,1,1,0,0,0,0,0,0.272002,0.272002
130_bNAb_Combinations|1342348|cc|2|1|nan|4166,0,0.000773408,2,1,0,0,0,0,0,0.46629,0.46629
130_bNAb_Combinations|1342348|cc|3|1|nan|4166,0,0.00125679,3,1,0,0,0,0,0,0.757721,0.757721
130_bNAb_Combinations|1342348|cc|4|1|nan|4166,0,0.00128901,4,1,0,0,0,0,0,0.777149,0.777149
130_bNAb_Combinations|1342348|cc|5|1|nan|4166,0,0.000998985,5,1,0,0,0,0,0,0.602291,0.602291
130_bNAb_Combinations|1342348|cc|6|1|nan|4166,0,0.000773408,6,1,0,0,0,0,0,0.46629,0.46629
130_bNAb_Combinations|1342348|cc|7|1|nan|4166,0,0.000386704,7,1,0,0,0,0,0,0.233145,0.233145
130_bNAb_Combinations|1342348|cc|8|1|nan|4166,0,0.000644506,8,1,0,0,0,0,0,0.388575,0.388575
130_bNAb_Combinations|1342348|sample|10|nan|4166,0.000448,0.780191,1,10,1,0.705459,0.583967,0.583961,0.583967,0.867965,0.867934
130_bNAb_Combinations|1342348|sample|10|nan|4166,0.00224,0.775422,2,10,1,0.779722,0.755186,0.755185,0.755186,0.0693312,0.0693286
130_bNAb_Combinations|1342348|sample|10|nan|4166,0.0112,0.555339,3,10,1,0.751419,0.85594,0.855941,0.85594,-0.909249,-0.909247
130_bNAb_Combinations|1342348|sample|10|nan|4166,0.056,0.143113,4,10,1,0.581446,0.85594,0.855941,0.85594,-2.15614,-2.15614
130_bNAb_Combinations|1342348|sample|10|nan|4166,0.28,0.00270693,5,10,1,0.35989,0.00120651,0.00120654,0.00120651,0.706952,0.706973
130_bNAb_Combinations|1342348|sample|10|nan|4166,1.4,0.000998985,6,10,1,0.17696,0.00120647,0.00120651,0.00120647,-0.0977804,-0.0977647
130_bNAb_Combinations|1342348|sample|10|nan|4166,7,0.000902309,7,10,1,0.0692506,0.00106446,0.00106448,0.00106446,-0.0784314,-0.0784181
130_bNAb_Combinations|1342348|sample|10|nan|4166,35,0.00128901,8,10,1,0.0237855,0.000823117,0.000823133,0.000823117,0.235891,0.2359
130_bNAb_Combinations|1342348|sample|11|nan|4166,0.0014272,0.594042,1,11,1,0.686055,0.583967,0.583961,0.583967,0.0445866,0.0445632
130_bNAb_Combinations|1342348|sample|11|nan|4166,0.007136,0.394937,2,11,1,0.726199,0.755186,0.755185,0.755186,-1.23422,-1.23422
130_bNAb_Combinations|1342348|sample|11|nan|4166,0.03568,0.125195,3,11,1,0.59024,0.755186,0.755185,0.755186,-2.15836,-2.15836
130_bNAb_Combinations|1342348|sample|11|nan|4166,0.1784,0.00373814,4,11,1,0.390949,0.00393479,0.00393413,0.00393479,-0.0618162,-0.0620182
130_bNAb_Combinations|1342348|sample|11|nan|4166,0.892,0.000676732,5,11,1,0.203924,0.00106446,0.00106448,0.00106446,-0.187525,-0.187513
130_bNAb_Combinations|1342348|sample|11|nan|4166,4.46,0.000322253,6,11,1,0.0890124,0.00106446,0.00106448,0.00106446,-0.358959,-0.358947
130_bNAb_Combinations|1342348|sample|11|nan|4166,22.3,0.00112789,7,11,1,0.0356872,0.00106446,0.00106448,0.00106446,0.0306626,0.0306765
130_bNAb_Combinations|1342348|sample|11|nan|4166,111.5,0.00290028,8,11,1,0.0122603,0.000823117,0.000823133,0.000823117,1.05173,1.05174
130_bNAb_Combinations|1342348|sample|12|nan|4166,0.0014272,0.658396,1,12,1,0.686055,0.583967,0.583961,0.583967,0.329238,0.329212
130_bNAb_Combinations|1342348|sample|12|nan|4166,0.007136,0.466784,2,12,1,0.628067,0.583967,0.583961,0.583967,-0.518301,-0.518319
130_bNAb_Combinations|1342348|sample|12|nan|4166,0.03568,0.130416,3,12,1,0.51048,0.583967,0.583961,0.583967,-2.00613,-2.00613
130_bNAb_Combinations|1342348|sample|12|nan|4166,0.1784,0.00364146,4,12,1,0.338119,0.00304267,0.00304214,0.00304267,0.211941,0.211738
130_bNAb_Combinations|1342348|sample|12|nan|4166,0.892,0.000290028,5,12,1,0.176368,0.000823117,0.000823133,0.000823117,-0.269929,-0.269922
130_bNAb_Combinations|1342348|sample|12|nan|4166,4.46,0.00151459,6,12,1,0.0769841,0.000823117,0.000823133,0.000823117,0.350109,0.350117
130_bNAb_Combinations|1342348|sample|12|nan|4166,22.3,0.000290028,7,12,1,0.0308647,0.000823117,0.000823133,0.000823117,-0.269929,-0.269922
130_bNAb_Combinations|1342348|sample|12|nan|4166,111.5,0.000998985,8,12,1,0.0122603,0.000823117,0.000823133,0.000823117,0.08904,0.0890481
130_bNAb_Combinations|1342348|sample|3|nan|4166,0.0010624,0.836295,1,3,1,0.692277,0.583967,0.583961,0.583967,1.11613,1.11609
130_bNAb_Combinations|1342348|sample|3|nan|4166,0.005312,0.838358,2,3,1,0.742859,0.755186,0.755185,0.755186,0.284952,0.284949
130_bNAb_Combinations|1342348|sample|3|nan|4166,0.02656,0.39555,3,3,1,0.670475,0.855939,0.85594,0.855939,-1.39257,-1.39257
130_bNAb_Combinations|1342348|sample|3|nan|4166,0.1328,0.0558787,4,3,1,0.463537,0.575281,0.575265,0.575281,-2.33182,-2.33183
130_bNAb_Combinations|1342348|sample|3|nan|4166,0.664,0.00054783,5,3,1,0.252074,0.00120684,0.00120687,0.00120684,-0.31051,-0.310495
130_bNAb_Combinations|1342348|sample|3|nan|4166,3.32,0,6,3,1,0.112876,0.00120647,0.00120651,0.00120647,-0.568486,-0.568473
130_bNAb_Combinations|1342348|sample|3|nan|4166,16.6,0.000515605,7,3,1,0.0423141,0.00106446,0.00106448,0.00106446,-0.26545,-0.265437
130_bNAb_Combinations|1342348|sample|3|nan|4166,83,0.000676732,8,3,1,0.014488,0.000823117,0.000823133,0.000823117,-0.0741279,-0.0741203
130_bNAb_Combinations|1342348|sample|4|nan|4166,0.0010624,0.820247,1,4,1,0.692277,0.583967,0.583961,0.583967,1.04514,1.04511
130_bNAb_Combinations|1342348|sample|4|nan|4166,0.005312,0.753734,2,4,1,0.742859,0.755186,0.755185,0.755186,-0.00497133,-0.00497383
130_bNAb_Combinations|1342348|sample|4|nan|4166,0.02656,0.405797,3,4,1,0.670475,0.855939,0.85594,0.855939,-1.36158,-1.36158
130_bNAb_Combinations|1342348|sample|4|nan|4166,0.1328,0.0446321,4,4,1,0.483629,0.615129,0.615112,0.615129,-2.39645,-2.39646
130_bNAb_Combinations|1342348|sample|4|nan|4166,0.664,0.00161127,5,4,1,0.263,0.00129043,0.00129047,0.00129043,0.14889,0.148908
130_bNAb_Combinations|1342348|sample|4|nan|4166,3.32,0.000934534,6,4,1,0.112876,0.00120647,0.00120651,0.00120647,-0.128149,-0.128133
130_bNAb_Combinations|1342348|sample|4|nan|4166,16.6,0.00174017,7,4,1,0.0423141,0.00106446,0.00106448,0.00106446,0.326775,0.32679
130_bNAb_Combinations|1342348|sample|4|nan|4166,83,0.00157904,8,4,1,0.014488,0.000823117,0.000823133,0.000823117,0.382742,0.382751
130_bNAb_Combinations|1342348|sample|5|nan|4166,0.0004352,0.638577,1,5,1,0.705797,0.583967,0.583961,0.583967,0.241576,0.241551
130_bNAb_Combinations|1342348|sample|5|nan|4166,0.002176,0.565522,2,5,1,0.780695,0.755186,0.755185,0.755186,-0.649791,-0.649793
130_bNAb_Combinations|1342348|sample|5|nan|4166,0.01088,0.421233,3,5,1,0.753705,0.85594,0.855941,0.85594,-1.31489,-1.31489
130_bNAb_Combinations|1342348|sample|5|nan|4166,0.0544,0.115592,4,5,1,0.610552,0.915228,0.915229,0.915228,-2.26276,-2.26276
130_bNAb_Combinations|1342348|sample|5|nan|4166,0.272,0.00244912,5,5,1,0.379573,0.00129016,0.0012902,0.00129016,0.537914,0.537935
130_bNAb_Combinations|1342348|sample|5|nan|4166,1.36,0.000612281,6,5,1,0.17953,0.00120647,0.00120651,0.00120647,-0.279989,-0.279974
130_bNAb_Combinations|1342348|sample|5|nan|4166,6.8,0.000451154,7,5,1,0.0703889,0.00106446,0.00106448,0.00106446,-0.296619,-0.296607
130_bNAb_Combinations|1342348|sample|5|nan|4166,34,0.00112789,8,5,1,0.0241872,0.000823117,0.000823133,0.000823117,0.154307,0.154315
130_bNAb_Combinations|1342348|sample|6|nan|4166,0.0004352,0.860416,1,6,1,0.705797,0.583967,0.583961,0.583967,1.22282,1.22278
130_bNAb_Combinations|1342348|sample|6|nan|4166,0.002176,0.860384,2,6,1,0.780695,0.755186,0.755185,0.755186,0.360414,0.360411
130_bNAb_Combinations|1342348|sample|6|nan|4166,0.01088,0.595749,3,6,1,0.753705,0.85594,0.855941,0.85594,-0.787017,-0.787015
130_bNAb_Combinations|1342348|sample|6|nan|4166,0.0544,0.123713,4,6,1,0.610552,0.915228,0.915229,0.915228,-2.23978,-2.23978
130_bNAb_Combinations|1342348|sample|6|nan|4166,0.272,0.00206242,5,6,1,0.379573,0.00129016,0.0012902,0.00129016,0.358426,0.358446
130_bNAb_Combinations|1342348|sample|6|nan|4166,1.36,0.000290028,6,6,1,0.17953,0.00120647,0.00120651,0.00120647,-0.43183,-0.431816
130_bNAb_Combinations|1342348|sample|6|nan|4166,6.8,0.000676732,7,6,1,0.0703889,0.00106446,0.00106448,0.00106446,-0.187525,-0.187513
130_bNAb_Combinations|1342348|sample|6|nan|4166,131,0.00103121,8,6,1,0.0112014,0.000823117,0.000823133,0.000823117,0.105357,0.105365
130_bNAb_Combinations|1342348|sample|7|nan|4166,0.0016768,0.591592,1,7,1,0.6822,0.583967,0.583961,0.583967,0.0337536,0.0337304
130_bNAb_Combinations|1342348|sample|7|nan|4166,0.008384,0.337077,2,7,1,0.716101,0.755186,0.755185,0.755186,-1.43245,-1.43245
130_bNAb_Combinations|1342348|sample|7|nan|4166,0.04192,0.0558143,3,7,1,0.61788,0.85594,0.855941,0.85594,-2.42019,-2.42019
130_bNAb_Combinations|1342348|sample|7|nan|4166,0.2096,0.00167572,4,7,1,0.41687,0.00136546,0.00136548,0.00136546,0.14209,0.142099
130_bNAb_Combinations|1342348|sample|7|nan|4166,1.048,0.000644506,5,7,1,0.212753,0.00129004,0.00129008,0.00129004,-0.299648,-0.299632
130_bNAb_Combinations|1342348|sample|7|nan|4166,5.24,0.000805633,6,7,1,0.087898,0.00120647,0.00120651,0.00120647,-0.188885,-0.18887
130_bNAb_Combinations|1342348|sample|7|nan|4166,26.2,0.00103121,7,7,1,0.032513,0.00106446,0.00106448,0.00106446,-0.016092,-0.0160783
130_bNAb_Combinations|1342348|sample|7|nan|4166,131,0.00206242,8,7,1,0.0112014,0.000823117,0.000823133,0.000823117,0.627494,0.627504
130_bNAb_Combinations|1342348|sample|8|nan|4166,0.0016768,0.684353,1,8,1,0.6822,0.583967,0.583961,0.583967,0.444053,0.444026
130_bNAb_Combinations|1342348|sample|8|nan|4166,0.008384,0.476548,2,8,1,0.716101,0.755186,0.755185,0.755186,-0.954619,-0.954621
130_bNAb_Combinations|1342348|sample|8|nan|4166,0.04192,0.100446,3,8,1,0.61788,0.85594,0.855941,0.85594,-2.28519,-2.28519
130_bNAb_Combinations|1342348|sample|8|nan|4166,0.2096,0.0028036,4,8,1,0.41687,0.00136546,0.00136548,0.00136546,0.658662,0.658673
130_bNAb_Combinations|1342348|sample|8|nan|4166,1.048,0.000290028,5,8,1,0.212753,0.00129004,0.00129008,0.00129004,-0.464183,-0.464168
130_bNAb_Combinations|1342348|sample|8|nan|4166,5.24,0.000451154,6,8,1,0.087898,0.00120647,0.00120651,0.00120647,-0.355909,-0.355895
130_bNAb_Combinations|1342348|sample|8|nan|4166,26.2,0.000580056,7,8,1,0.032513,0.00106446,0.00106448,0.00106446,-0.23428,-0.234267
130_bNAb_Combinations|1342348|sample|8|nan|4166,34,0.00103121,8,8,1,0.0241872,0.000823117,0.000823133,0.000823117,0.105357,0.105365
130_bNAb_Combinations|1342348|sample|9|nan|4166,0.000448,0.905531,1,9,1,0.705459,0.583967,0.583961,0.583967,1.42237,1.42234
130_bNAb_Combinations|1342348|sample|9|nan|4166,0.00224,0.858483,2,9,1,0.779722,0.755186,0.755185,0.755186,0.3539,0.353897
130_bNAb_Combinations|1342348|sample|9|nan|4166,0.0112,0.63305,3,9,1,0.751419,0.85594,0.855941,0.85594,-0.67419,-0.674188
130_bNAb_Combinations|1342348|sample|9|nan|4166,0.056,0.165574,4,9,1,0.606649,0.915228,0.915229,0.915228,-2.12133,-2.12133
130_bNAb_Combinations|1342348|sample|9|nan|4166,0.28,0.00634839,5,9,1,0.375489,0.00129008,0.00129012,0.00129008,2.34783,2.34786
130_bNAb_Combinations|1342348|sample|9|nan|4166,1.4,0.00119234,6,9,1,0.17696,0.00120647,0.00120651,0.00120647,-0.00667608,-0.0066598
130_bNAb_Combinations|1342348|sample|9|nan|4166,7,0.000451154,7,9,1,0.0692506,0.00106446,0.00106448,0.00106446,-0.296619,-0.296607
130_bNAb_Combinations|1342348|sample|9|nan|4166,35,0.00180462,8,9,1,0.0237855,0.000823117,0.000823133,0.000823117,0.49696,0.496969
130_bNAb_Combinations|1342348|vc|1|2|nan|4166,0,0.800445,1,2,1,0.724822,0.583967,0.583961,0.583967,0.957551,0.957519
130_bNAb_Combinations|1342348|vc|2|2|nan|4166,0,0.905725,2,2,1,0.838072,0.755186,0.755185,0.755186,0.515753,0.51575
130_bNAb_Combinations|1342348|vc|3|2|nan|4166,0,1,3,2,1,0.838072,0.755186,0.755185,0.755186,0.838743,0.83874
130_bNAb_Combinations|1342348|vc|4|2|nan|4166,0,0.920162,4,2,1,0.838072,0.755186,0.755185,0.755186,0.565215,0.565212
130_bNAb_Combinations|1342348|vc|5|2|nan|4166,0,0.841097,5,2,1,0.838072,0.755186,0.755185,0.755186,0.294336,0.294334
130_bNAb_Combinations|1342348|vc|6|2|nan|4166,0,0.905435,6,2,1,0.838072,0.755186,0.755185,0.755186,0.51476,0.514757
130_bNAb_Combinations|1342348|vc|7|2|nan|4166,0,0.801959,7,2,1,0.838072,0.755186,0.755185,0.755186,0.16025,0.160247
130_bNAb_Combinations|1342348|vc|8|2|nan|4166,0,0.723716,8,2,1,0.724822,0.583967,0.583961,0.583967,0.618165,0.618136
130_bNAb_Combinations|1342372|cc|1|1|nan|2944,0,0.00214128,1,1,0,0,0,0,0,1.29098,1.29098
130_bNAb_Combinations|1342372|cc|2|1|nan|2944,0,0.00406844,2,1,0,0,0,0,0,2.45287,2.45287
130_bNAb_Combinations|1342372|cc|3|1|nan|2944,0,0.00282649,3,1,0,0,0,0,0,1.7041,1.7041
130_bNAb_Combinations|1342372|cc|4|1|nan|2944,0,0.00355453,4,1,0,0,0,0,0,2.14303,2.14303
130_bNAb_Combinations|1342372|cc|5|1|nan|2944,0,0.00321192,5,1,0,0,0,0,0,1.93648,1.93648
130_bNAb_Combinations|1342372|cc|6|1|nan|2944,0,0.0020128,6,1,0,0,0,0,0,1.21353,1.21353
130_bNAb_Combinations|1342372|cc|7|1|nan|2944,0,0.00111347,7,1,0,0,0,0,0,0.671312,0.671312
130_bNAb_Combinations|1342372|cc|8|1|nan|2944,0,0.000642385,8,1,0,0,0,0,0,0.387295,0.387295
130_bNAb_Combinations|1342372|sample|10|nan|2944,0.000448,0.751247,1,10,1,0.705459,0.567483,0.567477,0.567483,0.836286,0.836249
130_bNAb_Combinations|1342372|sample|10|nan|2944,0.00224,0.862851,2,10,1,0.779722,0.745486,0.745485,0.745486,0.407302,0.407297
130_bNAb_Combinations|1342372|sample|10|nan|2944,0.0112,0.818334,3,10,1,0.751419,0.85023,0.850231,0.85023,-0.0971261,-0.097124
130_bNAb_Combinations|1342372|sample|10|nan|2944,0.056,0.34798,4,10,1,0.581446,0.844333,0.844334,0.844333,-1.52189,-1.52189
130_bNAb_Combinations|1342372|sample|10|nan|2944,0.28,0.0255241,5,10,1,0.35989,0.0249384,0.0249373,0.0249384,0.0521907,0.052091
130_bNAb_Combinations|1342372|sample|10|nan|2944,1.4,0.00141325,6,10,1,0.17696,0.00120334,0.00120337,0.00120334,0.0989448,0.0989614
130_bNAb_Combinations|1342372|sample|10|nan|2944,7,0.000556733,7,10,1,0.0692506,0.00105078,0.00105081,0.00105078,-0.239556,-0.239544
130_bNAb_Combinations|1342372|sample|10|nan|2944,35,0.0018415,8,10,1,0.0237855,0.000799884,0.000799897,0.000799884,0.529796,0.529804
130_bNAb_Combinations|1342372|sample|11|nan|2944,0.0014272,0.588917,1,11,1,0.686055,0.567483,0.567477,0.567483,0.0975646,0.0975358
130_bNAb_Combinations|1342372|sample|11|nan|2944,0.007136,0.570245,2,11,1,0.726199,0.745486,0.745485,0.745486,-0.608144,-0.608147
130_bNAb_Combinations|1342372|sample|11|nan|2944,0.03568,0.255112,3,11,1,0.59024,0.745006,0.745005,0.745006,-1.70119,-1.70119
130_bNAb_Combinations|1342372|sample|11|nan|2944,0.1784,0.0297638,4,11,1,0.390949,0.178069,0.178062,0.178069,-2.11584,-2.11586
130_bNAb_Combinations|1342372|sample|11|nan|2944,0.892,0.0020128,5,11,1,0.203924,0.00109751,0.00109754,0.00109751,0.43994,0.439954
130_bNAb_Combinations|1342372|sample|11|nan|2944,4.46,0.00098499,6,11,1,0.0890124,0.00105079,0.00105082,0.00105079,-0.0319181,-0.031905
130_bNAb_Combinations|1342372|sample|11|nan|2944,22.3,0.000770861,7,11,1,0.0356872,0.00105078,0.00105081,0.00105078,-0.135734,-0.135722
130_bNAb_Combinations|1342372|sample|11|nan|2944,111.5,0.00274084,8,11,1,0.0122603,0.000799884,0.000799897,0.000799884,0.98723,0.987239
130_bNAb_Combinations|1342372|sample|12|nan|2944,0.0014272,0.760412,1,12,1,0.686055,0.567483,0.567477,0.567483,0.877992,0.877955
130_bNAb_Combinations|1342372|sample|12|nan|2944,0.007136,0.606283,2,12,1,0.628067,0.567483,0.567477,0.567483,0.176592,0.176562
130_bNAb_Combinations|1342372|sample|12|nan|2944,0.03568,0.282135,3,12,1,0.51048,0.567118,0.567112,0.567118,-1.29768,-1.29769
130_bNAb_Combinations|1342372|sample|12|nan|2944,0.1784,0.0301492,4,12,1,0.338119,0.135551,0.135544,0.135551,-1.96085,-1.96088
130_bNAb_Combinations|1342372|sample|12|nan|2944,0.892,0.00209846,5,12,1,0.176368,0.000835456,0.000835467,0.000835456,0.637963,0.637971
130_bNAb_Combinations|1342372|sample|12|nan|2944,4.46,0.000942164,6,12,1,0.0769841,0.000799891,0.000799905,0.000799891,0.0723579,0.0723649
130_bNAb_Combinations|1342372|sample|12|nan|2944,22.3,0,7,12,1,0.0308647,0.000799884,0.000799897,0.000799884,-0.406855,-0.406849
130_bNAb_Combinations|1342372|sample|12|nan|2944,111.5,0.000471082,8,12,1,0.0122603,0.000799884,0.000799897,0.000799884,-0.167247,-0.16724
130_bNAb_Combinations|1342372|sample|3|nan|2944,0.0010624,0.787264,1,3,1,0.692277,0.567474,0.567468,0.567474,1.00024,1.00021
130_bNAb_Combinations|1342372|sample|3|nan|2944,0.005312,0.896555,2,3,1,0.742859,0.74504,0.745039,0.74504,0.526126,0.526121
130_bNAb_Combinations|1342372|sample|3|nan|2944,0.02656,0.630907,3,3,1,0.670475,0.83155,0.831551,0.83155,-0.624608,-0.624607
130_bNAb_Combinations|1342372|sample|3|nan|2944,0.1328,0.303313,4,3,1,0.463537,0.46145,0.461446,0.46145,-0.883446,-0.883461
130_bNAb_Combinations|1342372|sample|3|nan|2944,0.664,0.0365731,5,3,1,0.252074,0.0271499,0.0271495,0.0271499,0.779301,0.77925
130_bNAb_Combinations|1342372|sample|3|nan|2944,3.32,0.00179868,6,3,1,0.112876,0.0019108,0.00191082,0.0019108,-0.0468631,-0.0468551
130_bNAb_Combinations|1342372|sample|3|nan|2944,16.6,0.000942164,7,3,1,0.0423141,0.00106743,0.00106746,0.00106743,-0.0605621,-0.0605494
130_bNAb_Combinations|1342372|sample|3|nan|2944,83,0.0014989,8,3,1,0.014488,0.000800221,0.000800235,0.000800221,0.35534,0.355348
130_bNAb_Combinations|1342372|sample|4|nan|2944,0.0010624,0.711912,1,4,1,0.692277,0.567474,0.567468,0.567474,0.657333,0.657299
130_bNAb_Combinations|1342372|sample|4|nan|2944,0.005312,0.776814,2,4,1,0.742859,0.74504,0.745039,0.74504,0.110337,0.110333
130_bNAb_Combinations|1342372|sample|4|nan|2944,0.02656,0.656731,3,4,1,0.670475,0.83155,0.831551,0.83155,-0.544217,-0.544217
130_bNAb_Combinations|1342372|sample|4|nan|2944,0.1328,0.279309,4,4,1,0.483629,0.494903,0.494899,0.494903,-1.12373,-1.12374
130_bNAb_Combinations|1342372|sample|4|nan|2944,0.664,0.0268517,5,4,1,0.263,0.0291182,0.0291177,0.0291182,-0.176358,-0.176394
130_bNAb_Combinations|1342372|sample|4|nan|2944,3.32,0.00239824,6,4,1,0.112876,0.0019108,0.00191082,0.0019108,0.203685,0.203694
130_bNAb_Combinations|1342372|sample|4|nan|2944,16.6,0.00145607,7,4,1,0.0423141,0.00106743,0.00106746,0.00106743,0.187837,0.187851
130_bNAb_Combinations|1342372|sample|4|nan|2944,83,0.0033404,8,4,1,0.014488,0.000800221,0.000800235,0.000800221,1.29193,1.29194
130_bNAb_Combinations|1342372|sample|5|nan|2944,0.0004352,0.680349,1,5,1,0.705797,0.567483,0.567477,0.567483,0.51365,0.513616
130_bNAb_Combinations|1342372|sample|5|nan|2944,0.002176,0.620072,2,5,1,0.780695,0.745486,0.745485,0.745486,-0.435225,-0.435228
130_bNAb_Combinations|1342372|sample|5|nan|2944,0.01088,0.368536,3,5,1,0.753705,0.850231,0.850232,0.850231,-1.46675,-1.46675
130_bNAb_Combinations|1342372|sample|5|nan|2944,0.0544,0.0418835,4,5,1,0.610552,0.911867,0.911869,0.911867,-2.47086,-2.47086
130_bNAb_Combinations|1342372|sample|5|nan|2944,0.272,0.0050106,5,5,1,0.379573,0.00140467,0.00140469,0.00140467,1.64018,1.6402
130_bNAb_Combinations|1342372|sample|5|nan|2944,1.36,0.00466799,6,5,1,0.17953,0.00119842,0.00119846,0.00119842,1.63717,1.6372
130_bNAb_Combinations|1342372|sample|5|nan|2944,6.8,0.00265519,7,5,1,0.0703889,0.00105078,0.00105081,0.00105078,0.777889,0.777906
130_bNAb_Combinations|1342372|sample|5|nan|2944,34,0.00171303,8,5,1,0.0241872,0.000799884,0.000799897,0.000799884,0.464448,0.464456
130_bNAb_Combinations|1342372|sample|6|nan|2944,0.0004352,0.549303,1,6,1,0.705797,0.567483,0.567477,0.567483,-0.0827064,-0.0827333
130_bNAb_Combinations|1342372|sample|6|nan|2944,0.002176,0.553671,2,6,1,0.780695,0.745486,0.745485,0.745486,-0.66566,-0.665664
130_bNAb_Combinations|1342372|sample|6|nan|2944,0.01088,0.323997,3,6,1,0.753705,0.850231,0.850232,0.850231,-1.60237,-1.60237
130_bNAb_Combinations|1342372|sample|6|nan|2944,0.0544,0.0450526,4,6,1,0.610552,0.911867,0.911869,0.911867,-2.46186,-2.46186
130_bNAb_Combinations|1342372|sample|6|nan|2944,0.272,0.00471082,5,6,1,0.379573,0.00140467,0.00140469,0.00140467,1.50382,1.50384
130_bNAb_Combinations|1342372|sample|6|nan|2944,1.36,0.00222693,6,6,1,0.17953,0.00119842,0.00119846,0.00119842,0.485308,0.485327
130_bNAb_Combinations|1342372|sample|6|nan|2944,6.8,0.00158455,7,6,1,0.0703889,0.00105078,0.00105081,0.00105078,0.258785,0.258799
130_bNAb_Combinations|1342372|sample|6|nan|2944,34,0.00248389,8,6,1,0.0241872,0.000799884,0.000799897,0.000799884,0.856534,0.856543
130_bNAb_Combinations|1342372|sample|7|nan|2944,0.0016768,0.214214,1,7,1,0.6822,0.567483,0.567477,0.567483,-1.6076,-1.60762
130_bNAb_Combinations|1342372|sample|7|nan|2944,0.008384,0.0853943,2,7,1,0.716101,0.745486,0.745485,0.745486,-2.29075,-2.29075
130_bNAb_Combinations|1342372|sample|7|nan|2944,0.04192,0.00997837,3,7,1,0.61788,0.850231,0.850232,0.850231,-2.55855,-2.55855
130_bNAb_Combinations|1342372|sample|7|nan|2944,0.2096,0.0033404,4,7,1,0.41687,0.00575865,0.0057581,0.00575865,-0.624482,-0.624589
130_bNAb_Combinations|1342372|sample|7|nan|2944,1.048,0.00239824,5,7,1,0.212753,0.0012853,0.00128534,0.0012853,0.516997,0.517018
130_bNAb_Combinations|1342372|sample|7|nan|2944,5.24,0.00244106,6,7,1,0.087898,0.00119842,0.00119846,0.00119842,0.586349,0.586368
130_bNAb_Combinations|1342372|sample|7|nan|2944,26.2,0.00102782,7,7,1,0.032513,0.00105078,0.00105081,0.00105078,-0.0111494,-0.0111362
130_bNAb_Combinations|1342372|sample|7|nan|2944,131,0.00222693,8,7,1,0.0112014,0.000799884,0.000799897,0.000799884,0.725839,0.725848
130_bNAb_Combinations|1342372|sample|8|nan|2944,0.0016768,0.339286,1,8,1,0.6822,0.567483,0.567477,0.567483,-1.03844,-1.03845
130_bNAb_Combinations|1342372|sample|8|nan|2944,0.008384,0.116743,2,8,1,0.716101,0.745486,0.745485,0.745486,-2.18196,-2.18196
130_bNAb_Combinations|1342372|sample|8|nan|2944,0.04192,0.0176442,3,8,1,0.61788,0.850231,0.850232,0.850231,-2.53521,-2.53521
130_bNAb_Combinations|1342372|sample|8|nan|2944,0.2096,0.00239824,4,8,1,0.41687,0.00575865,0.0057581,0.00575865,-0.867839,-0.867932
130_bNAb_Combinations|1342372|sample|8|nan|2944,1.048,0.00175585,5,8,1,0.212753,0.0012853,0.00128534,0.0012853,0.218576,0.218595
130_bNAb_Combinations|1342372|sample|8|nan|2944,5.24,0.00175585,6,8,1,0.087898,0.00119842,0.00119846,0.00119842,0.263017,0.263035
130_bNAb_Combinations|1342372|sample|8|nan|2944,26.2,0.00124194,7,8,1,0.032513,0.00105078,0.00105081,0.00105078,0.0926714,0.0926851
130_bNAb_Combinations|1342372|sample|8|nan|2944,131,0.00188433,8,8,1,0.0112014,0.000799884,0.000799897,0.000799884,0.551578,0.551587
130_bNAb_Combinations|1342372|sample|9|nan|2944,0.000448,0.870816,1,9,1,0.705459,0.567483,0.567477,0.567483,1.38041,1.38037
130_bNAb_Combinations|1342372|sample|9|nan|2944,0.00224,0.950301,2,9,1,0.779722,0.745486,0.745485,0.745486,0.710784,0.710779
130_bNAb_Combinations|1342372|sample|9|nan|2944,0.0112,0.819533,3,9,1,0.751419,0.85023,0.850231,0.85023,-0.0934748,-0.0934727
130_bNAb_Combinations|1342372|sample|9|nan|2944,0.056,0.414574,4,9,1,0.606649,0.905543,0.905544,0.905543,-1.40411,-1.40411
130_bNAb_Combinations|1342372|sample|9|nan|2944,0.28,0.0345603,5,9,1,0.375489,0.0267463,0.0267452,0.0267463,0.654693,0.654571
130_bNAb_Combinations|1342372|sample|9|nan|2944,1.4,0.00214128,6,9,1,0.17696,0.00120334,0.00120337,0.00120334,0.442178,0.442197
130_bNAb_Combinations|1342372|sample|9|nan|2944,7,0.00222693,7,9,1,0.0692506,0.00105078,0.00105081,0.00105078,0.570247,0.570263
130_bNAb_Combinations|1342372|sample|9|nan|2944,35,0.00171303,8,9,1,0.0237855,0.000799884,0.000799897,0.000799884,0.464448,0.464456
130_bNAb_Combinations|1342372|vc|1|2|nan|2944,0,0.866191,1,2,1,0.724822,0.567483,0.567477,0.567483,1.35936,1.35932
130_bNAb_Combinations|1342372|vc|2|2|nan|2944,0,0.961949,2,2,1,0.838072,0.745486,0.745485,0.745486,0.751209,0.751204
130_bNAb_Combinations|1342372|vc|3|2|nan|2944,0,0.934862,3,2,1,0.838072,0.745486,0.745485,0.745486,0.657207,0.657202
130_bNAb_Combinations|1342372|vc|4|2|nan|2944,0,1,4,2,1,0.838072,0.745486,0.745485,0.745486,0.883258,0.883252
130_bNAb_Combinations|1342372|vc|5|2|nan|2944,0,0.921672,5,2,1,0.838072,0.745486,0.745485,0.745486,0.611432,0.611427
130_bNAb_Combinations|1342372|vc|6|2|nan|2944,0,0.914177,6,2,1,0.838072,0.745486,0.745485,0.745486,0.585423,0.585418
130_bNAb_Combinations|1342372|vc|7|2|nan|2944,0,0.942057,7,2,1,0.838072,0.745486,0.745485,0.745486,0.682175,0.68217
130_bNAb_Combinations|1342372|vc|8|2|nan|2944,0,0.751547,8,2,1,0.724822,0.567483,0.567477,0.567483,0.83765,0.837614
130_bNAb_Combinations|1342384|cc|1|1|nan|2946,0,0.000377127,1,1,0,0,0,0,0,0.227371,0.227371
130_bNAb_Combinations|1342384|cc|2|1|nan|2946,0,0.0014378,2,1,0,0,0,0,0,0.866852,0.866852
130_bNAb_Combinations|1342384|cc|3|1|nan|2946,0,0.00120209,3,1,0,0,0,0,0,0.724745,0.724745
130_bNAb_Combinations|1342384|cc|4|1|nan|2946,0,0.0012728,4,1,0,0,0,0,0,0.767377,0.767377
130_bNAb_Combinations|1342384|cc|5|1|nan|2946,0,0.000966389,5,1,0,0,0,0,0,0.582638,0.582638
130_bNAb_Combinations|1342384|cc|6|1|nan|2946,0,0.00162636,6,1,0,0,0,0,0,0.980538,0.980538
130_bNAb_Combinations|1342384|cc|7|1|nan|2946,0,0.000848536,7,1,0,0,0,0,0,0.511585,0.511585
130_bNAb_Combinations|1342384|cc|8|1|nan|2946,0,0.00219205,8,1,0,0,0,0,0,1.32159,1.32159
130_bNAb_Combinations|1342384|sample|10|nan|2946,0.000448,0.832709,1,10,1,0.705459,0.722491,0.722451,0.722491,0.394762,0.394594
130_bNAb_Combinations|1342384|sample|10|nan|2946,0.00224,0.893214,2,10,1,0.779722,0.824888,0.824866,0.824888,0.214485,0.214409
130_bNAb_Combinations|1342384|sample|10|nan|2946,0.0112,0.830847,3,10,1,0.751419,0.83831,0.838298,0.83831,-0.0230112,-0.0230479
130_bNAb_Combinations|1342384|sample|10|nan|2946,0.056,0.747702,4,10,1,0.581446,0.649722,0.649712,0.649722,0.389857,0.389809
130_bNAb_Combinations|1342384|sample|10|nan|2946,0.28,0.523358,5,10,1,0.35989,0.307608,0.307602,0.307608,1.79988,1.79979
130_bNAb_Combinations|1342384|sample|10|nan|2946,1.4,0.154434,6,10,1,0.17696,0.0860099,0.0860081,0.0860099,1.97122,1.97112
130_bNAb_Combinations|1342384|sample|10|nan|2946,7,0.00813181,7,10,1,0.0692506,0.018298,0.0182974,0.018298,-1.16974,-1.16978
130_bNAb_Combinations|1342384|sample|10|nan|2946,35,0.000424268,8,10,1,0.0237855,0.00405773,0.0040575,0.00405773,-1.12904,-1.12908
130_bNAb_Combinations|1342384|sample|11|nan|2946,0.0014272,0.811224,1,11,1,0.686055,0.717497,0.717457,0.717497,0.338043,0.337879
130_bNAb_Combinations|1342384|sample|11|nan|2946,0.007136,0.815467,2,11,1,0.726199,0.797712,0.797691,0.797712,0.0576745,0.0576024
130_bNAb_Combinations|1342384|sample|11|nan|2946,0.03568,0.75647,3,11,1,0.59024,0.670075,0.670056,0.670075,0.333429,0.333345
130_bNAb_Combinations|1342384|sample|11|nan|2946,0.1784,0.594977,4,11,1,0.390949,0.373971,0.373959,0.373971,1.52034,1.52021
130_bNAb_Combinations|1342384|sample|11|nan|2946,0.892,0.223507,5,11,1,0.203924,0.117886,0.117882,0.117886,2.24917,2.24901
130_bNAb_Combinations|1342384|sample|11|nan|2946,4.46,0.0123038,6,11,1,0.0890124,0.0276745,0.0276735,0.0276745,-1.2502,-1.25024
130_bNAb_Combinations|1342384|sample|11|nan|2946,22.3,0.00110781,7,11,1,0.0356872,0.00666459,0.00666439,0.00666459,-1.31678,-1.3168
130_bNAb_Combinations|1342384|sample|11|nan|2946,111.5,0.000212134,8,11,1,0.0122603,0.0019834,0.00198331,0.0019834,-0.731636,-0.731663
130_bNAb_Combinations|1342384|sample|12|nan|2946,0.0014272,0.737932,1,12,1,0.686055,0.717497,0.717457,0.717497,0.073816,0.0736661
130_bNAb_Combinations|1342384|sample|12|nan|2946,0.007136,0.703767,2,12,1,0.628067,0.689916,0.689877,0.689916,0.0520639,0.0519143
130_bNAb_Combinations|1342384|sample|12|nan|2946,0.03568,0.613551,3,12,1,0.51048,0.579527,0.579493,0.579527,0.151797,0.151638
130_bNAb_Combinations|1342384|sample|12|nan|2946,0.1784,0.447709,4,12,1,0.338119,0.323435,0.323416,0.323435,0.986846,0.986629
130_bNAb_Combinations|1342384|sample|12|nan|2946,0.892,0.167386,5,12,1,0.176368,0.101956,0.101949,0.101956,1.60231,1.60205
130_bNAb_Combinations|1342384|sample|12|nan|2946,4.46,0.00902748,6,12,1,0.0769841,0.0239348,0.0239332,0.0239348,-1.37299,-1.37306
130_bNAb_Combinations|1342384|sample|12|nan|2946,26.2,0.00101353,7,12,1,0.0281195,0.0050655,0.0050652,0.0050655,-1.12383,-1.12387
130_bNAb_Combinations|1342384|sample|12|nan|2946,111.5,0.000353557,8,12,1,0.0122603,0.0019834,0.00198331,0.0019834,-0.673217,-0.673245
130_bNAb_Combinations|1342384|sample|3|nan|2946,0.0010624,0.852284,1,3,1,0.692277,0.71743,0.717389,0.71743,0.486356,0.486184
130_bNAb_Combinations|1342384|sample|3|nan|2946,0.005312,0.967355,2,3,1,0.742859,0.8052,0.805179,0.8052,0.521304,0.521224
130_bNAb_Combinations|1342384|sample|3|nan|2946,0.02656,0.934439,3,3,1,0.670475,0.778753,0.778745,0.778753,0.517361,0.51733
130_bNAb_Combinations|1342384|sample|3|nan|2946,0.1328,0.7873,4,3,1,0.463537,0.551478,0.551476,0.551478,1.10407,1.10405
130_bNAb_Combinations|1342384|sample|3|nan|2946,0.664,0.423797,5,3,1,0.252074,0.256187,0.256188,0.256187,1.67417,1.6742
130_bNAb_Combinations|1342384|sample|3|nan|2946,3.32,0.0580305,6,3,1,0.112876,0.0828003,0.0828011,0.0828003,-0.739868,-0.73985
130_bNAb_Combinations|1342384|sample|3|nan|2946,16.6,0.00157922,7,3,1,0.0423141,0.0216175,0.0216174,0.0216175,-2.01057,-2.01057
130_bNAb_Combinations|1342384|sample|3|nan|2946,83,0.00113138,8,3,1,0.014488,0.00556478,0.00556462,0.00556478,-1.16751,-1.16753
130_bNAb_Combinations|1342384|sample|4|nan|2946,0.0010624,0.86071,1,4,1,0.692277,0.71743,0.717389,0.71743,0.516737,0.516564
130_bNAb_Combinations|1342384|sample|4|nan|2946,0.005312,0.945269,2,4,1,0.742859,0.8052,0.805179,0.8052,0.450312,0.450233
130_bNAb_Combinations|1342384|sample|4|nan|2946,0.02656,0.912624,3,4,1,0.670475,0.778753,0.778745,0.778753,0.444873,0.444843
130_bNAb_Combinations|1342384|sample|4|nan|2946,0.1328,0.777,4,4,1,0.483629,0.575382,0.575384,0.575382,0.904984,0.904994
130_bNAb_Combinations|1342384|sample|4|nan|2946,0.664,0.449052,5,4,1,0.263,0.267292,0.267295,0.267292,1.74127,1.74132
130_bNAb_Combinations|1342384|sample|4|nan|2946,3.32,0.0637345,6,4,1,0.112876,0.0828003,0.0828011,0.0828003,-0.569495,-0.569476
130_bNAb_Combinations|1342384|sample|4|nan|2946,16.6,0.000824966,7,4,1,0.0423141,0.0216175,0.0216174,0.0216175,-2.08625,-2.08625
130_bNAb_Combinations|1342384|sample|4|nan|2946,83,0.00122566,8,4,1,0.014488,0.00556478,0.00556462,0.00556478,-1.14268,-1.1427
130_bNAb_Combinations|1342384|sample|5|nan|2946,0.0004352,0.831271,1,5,1,0.705797,0.721401,0.72136,0.721401,0.394109,0.393941
130_bNAb_Combinations|1342384|sample|5|nan|2946,0.002176,0.940013,2,5,1,0.780695,0.822383,0.822361,0.822383,0.370325,0.370246
130_bNAb_Combinations|1342384|sample|5|nan|2946,0.01088,0.927863,3,5,1,0.753705,0.840219,0.840208,0.840219,0.270074,0.270038
130_bNAb_Combinations|1342384|sample|5|nan|2946,0.0544,0.928664,4,5,1,0.610552,0.721222,0.721219,0.721222,0.743983,0.743971
130_bNAb_Combinations|1342384|sample|5|nan|2946,0.272,0.640798,5,5,1,0.379573,0.421211,0.421211,0.421211,1.34276,1.34276
130_bNAb_Combinations|1342384|sample|5|nan|2946,1.36,0.206866,6,5,1,0.17953,0.151603,0.151603,0.151603,0.922262,0.922256
130_bNAb_Combinations|1342384|sample|5|nan|2946,6.8,0.0148258,7,5,1,0.0703889,0.0407315,0.040731,0.0407315,-1.49638,-1.49639
130_bNAb_Combinations|1342384|sample|5|nan|2946,34,0.0014378,8,5,1,0.0241872,0.00983473,0.00983432,0.00983473,-1.54403,-1.54406
130_bNAb_Combinations|1342384|sample|6|nan|2946,0.0004352,0.830022,1,6,1,0.705797,0.721401,0.72136,0.721401,0.389629,0.389462
130_bNAb_Combinations|1342384|sample|6|nan|2946,0.002176,0.856574,2,6,1,0.780695,0.822383,0.822361,0.822383,0.107689,0.107617
130_bNAb_Combinations|1342384|sample|6|nan|2946,0.01088,0.907722,3,6,1,0.753705,0.840219,0.840208,0.840219,0.208017,0.207982
130_bNAb_Combinations|1342384|sample|6|nan|2946,0.0544,0.866297,4,6,1,0.610552,0.721222,0.721219,0.721222,0.520307,0.520296
130_bNAb_Combinations|1342384|sample|6|nan|2946,0.272,0.656119,5,6,1,0.379573,0.421211,0.421211,0.421211,1.43645,1.43645
130_bNAb_Combinations|1342384|sample|6|nan|2946,1.36,0.215328,6,6,1,0.17953,0.151603,0.151603,0.151603,1.06348,1.06347
130_bNAb_Combinations|1342384|sample|6|nan|2946,6.8,0.0191628,7,6,1,0.0703889,0.0407315,0.040731,0.0407315,-1.24586,-1.24587
130_bNAb_Combinations|1342384|sample|6|nan|2946,34,0.000919248,8,6,1,0.0241872,0.00983473,0.00983432,0.00983473,-1.63939,-1.63941
130_bNAb_Combinations|1342384|sample|7|nan|2946,0.0016768,0.840605,1,7,1,0.6822,0.71395,0.71391,0.71395,0.459004,0.458834
130_bNAb_Combinations|1342384|sample|7|nan|2946,0.008384,0.904881,2,7,1,0.716101,0.789689,0.789668,0.789689,0.377581,0.377504
130_bNAb_Combinations|1342384|sample|7|nan|2946,0.04192,0.848065,3,7,1,0.61788,0.725811,0.725803,0.725811,0.43573,0.435697
130_bNAb_Combinations|1342384|sample|7|nan|2946,0.2096,0.67164,4,7,1,0.41687,0.474131,0.474131,0.474131,1.07417,1.07417
130_bNAb_Combinations|1342384|sample|7|nan|2946,1.048,0.275727,5,7,1,0.212753,0.189903,0.189904,0.189903,1.14983,1.14984
130_bNAb_Combinations|1342384|sample|7|nan|2946,5.24,0.0130345,6,7,1,0.087898,0.0541355,0.0541355,0.0541355,-1.82969,-1.82969
130_bNAb_Combinations|1342384|sample|7|nan|2946,22.3,0.00101353,7,7,1,0.0356872,0.0157801,0.0157799,0.0157801,-1.912,-1.91201
130_bNAb_Combinations|1342384|sample|7|nan|2946,131,0.00134352,8,7,1,0.0112014,0.00378871,0.00378856,0.00378871,-0.785022,-0.785055
130_bNAb_Combinations|1342384|sample|8|nan|2946,0.0016768,0.843233,1,8,1,0.6822,0.71395,0.71391,0.71395,0.468526,0.468355
130_bNAb_Combinations|1342384|sample|8|nan|2946,0.008384,0.859049,2,8,1,0.716101,0.789689,0.789668,0.789689,0.227376,0.227303
130_bNAb_Combinations|1342384|sample|8|nan|2946,0.04192,0.826463,3,8,1,0.61788,0.725811,0.725803,0.725811,0.358741,0.358709
130_bNAb_Combinations|1342384|sample|8|nan|2946,0.2096,0.628153,4,8,1,0.41687,0.474131,0.474131,0.474131,0.837656,0.837656
130_bNAb_Combinations|1342384|sample|8|nan|2946,1.048,0.272168,5,8,1,0.212753,0.189903,0.189904,0.189903,1.10214,1.10216
130_bNAb_Combinations|1342384|sample|8|nan|2946,5.24,0.0230755,6,8,1,0.087898,0.0541355,0.0541355,0.0541355,-1.38269,-1.38269
130_bNAb_Combinations|1342384|sample|8|nan|2946,26.2,0.00051855,7,8,1,0.032513,0.013909,0.0139089,0.013909,-1.91183,-1.91183
130_bNAb_Combinations|1342384|sample|8|nan|2946,131,0.000636402,8,8,1,0.0112014,0.00378871,0.00378856,0.00378871,-1.01205,-1.01208
130_bNAb_Combinations|1342384|sample|9|nan|2946,0.000448,0.818201,1,9,1,0.705459,0.722491,0.722451,0.722491,0.34282,0.342655
130_bNAb_Combinations|1342384|sample|9|nan|2946,0.00224,0.806145,2,9,1,0.779722,0.824888,0.824866,0.824888,-0.0587489,-0.0588171
130_bNAb_Combinations|1342384|sample|9|nan|2946,0.0112,0.857139,3,9,1,0.751419,0.83831,0.838298,0.83831,0.0581836,0.0581457
130_bNAb_Combinations|1342384|sample|9|nan|2946,0.056,0.757849,4,9,1,0.606649,0.677885,0.677878,0.677885,0.305029,0.305001
130_bNAb_Combinations|1342384|sample|9|nan|2946,0.28,0.546375,5,9,1,0.375489,0.320941,0.320937,0.320941,1.80354,1.80348
130_bNAb_Combinations|1342384|sample|9|nan|2946,1.4,0.174787,6,9,1,0.17696,0.0860099,0.0860081,0.0860099,2.55755,2.55745
130_bNAb_Combinations|1342384|sample|9|nan|2946,7,0.0105124,7,9,1,0.0692506,0.018298,0.0182974,0.018298,-0.895803,-0.89585
130_bNAb_Combinations|1342384|sample|9|nan|2946,35,0,8,9,1,0.0237855,0.00405773,0.0040575,0.00405773,-1.26089,-1.26092
130_bNAb_Combinations|1342384|vc|1|2|nan|2946,0,0.93029,1,2,1,0.724822,0.724821,0.72478,0.724821,0.733447,0.733261
130_bNAb_Combinations|1342384|vc|2|2|nan|2946,0,0.910809,2,2,1,0.838072,0.838071,0.838048,0.838071,0.22476,0.224684
130_bNAb_Combinations|1342384|vc|3|2|nan|2946,0,1,3,2,1,0.838072,0.838071,0.838048,0.838071,0.50027,0.500188
130_bNAb_Combinations|1342384|vc|4|2|nan|2946,0,0.996582,4,2,1,0.838072,0.838071,0.838048,0.838071,0.489713,0.489631
130_bNAb_Combinations|1342384|vc|5|2|nan|2946,0,0.999953,5,2,1,0.838072,0.838071,0.838048,0.838071,0.500125,0.500042
130_bNAb_Combinations|1342384|vc|6|2|nan|2946,0,0.889549,6,2,1,0.838072,0.838071,0.838048,0.838071,0.159085,0.159012
130_bNAb_Combinations|1342384|vc|7|2|nan|2946,0,0.878541,7,2,1,0.838072,0.838071,0.838048,0.838071,0.125084,0.125011
130_bNAb_Combinations|1342384|vc|8|2|nan|2946,0,0.78624,8,2,1,0.724822,0.724821,0.72478,0.724821,0.219344,0.219186
130_bNAb_Combinations|1342396|cc|1|1|PVO.4|5024,0,0.000406233,1,1,0,0,0,0,0,0.244919,0.244919
130_bNAb_Combinations|1342396|cc|2|1|PVO.4|5024,0,0.00130897,2,1,0,0,0,0,0,0.789184,0.789184
130_bNAb_Combinations|1342396|cc|3|1|PVO.4|5024,0,0.00155723,3,1,0,0,0,0,0,0.938857,0.938857
130_bNAb_Combinations|1342396|cc|4|1|PVO.4|5024,0,0.000835035,4,1,0,0,0,0,0,0.503445,0.503445
130_bNAb_Combinations|1342396|cc|5|1|PVO.4|5024,0,0.000654487,5,1,0,0,0,0,0,0.394592,0.394592
130_bNAb_Combinations|1342396|cc|6|1|PVO.4|5024,0,0.000631919,6,1,0,0,0,0,0,0.380985,0.380985
130_bNAb_Combinations|1342396|cc|7|1|PVO.4|5024,0,0.000880172,7,1,0,0,0,0,0,0.530658,0.530658
130_bNAb_Combinations|1342396|cc|8|1|PVO.4|5024,0,0.00139925,8,1,0,0,0,0,0,0.843611,0.843611
130_bNAb_Combinations|1342396|sample|10|PVO.4|5024,0.000448,0.979181,1,10,1,0.705459,0.724807,0.724766,0.724807,0.907996,0.9078
130_bNAb_Combinations|1342396|sample|10|PVO.4|5024,0.00224,0.936165,2,10,1,0.779722,0.837738,0.837716,0.837738,0.30423,0.304153
130_bNAb_Combinations|1342396|sample|10|PVO.4|5024,0.0112,0.876155,3,10,1,0.751419,0.897262,0.89725,0.897262,-0.0608834,-0.0609178
130_bNAb_Combinations|1342396|sample|10|PVO.4|5024,0.056,0.655875,4,10,1,0.581446,0.771019,0.771008,0.771019,-0.3864,-0.38643
130_bNAb_Combinations|1342396|sample|10|PVO.4|5024,0.28,0.224692,5,10,1,0.35989,0.196507,0.196504,0.196507,0.365235,0.365198
130_bNAb_Combinations|1342396|sample|10|PVO.4|5024,1.4,0.0181,6,10,1,0.17696,0.0130446,0.0130444,0.0130446,0.75775,0.757724
130_bNAb_Combinations|1342396|sample|10|PVO.4|5024,6.8,0.000744761,7,10,1,0.0703889,0.00173957,0.00173956,0.00173957,-0.427471,-0.427476
130_bNAb_Combinations|1342396|sample|10|PVO.4|5024,35,0.00126384,8,10,1,0.0237855,0.00104356,0.00104353,0.00104356,0.106964,0.106948
130_bNAb_Combinations|1342396|sample|11|PVO.4|5024,0.0014272,0.884652,1,11,1,0.686055,0.724698,0.724657,0.724698,0.571103,0.570926
130_bNAb_Combinations|1342396|sample|11|PVO.4|5024,0.007136,0.868504,2,11,1,0.726199,0.835111,0.835088,0.835111,0.103587,0.103515
130_bNAb_Combinations|1342396|sample|11|PVO.4|5024,0.03568,0.719981,3,11,1,0.59024,0.780299,0.780279,0.780299,-0.199974,-0.200038
130_bNAb_Combinations|1342396|sample|11|PVO.4|5024,0.1784,0.317923,4,11,1,0.390949,0.329546,0.329537,0.329546,-0.0905239,-0.0905889
130_bNAb_Combinations|1342396|sample|11|PVO.4|5024,0.892,0.0285718,5,11,1,0.203924,0.0262797,0.0262791,0.0262797,0.194989,0.19493
130_bNAb_Combinations|1342396|sample|11|PVO.4|5024,4.46,0.000835035,6,11,1,0.0890124,0.00241833,0.0024183,0.00241833,-0.611769,-0.611778
130_bNAb_Combinations|1342396|sample|11|PVO.4|5024,22.3,0.000428802,7,11,1,0.0356872,0.0012406,0.0012406,0.0012406,-0.380159,-0.380159
130_bNAb_Combinations|1342396|sample|11|PVO.4|5024,111.5,0.00101558,8,11,1,0.0122603,0.00102411,0.00102408,0.00102411,-0.0041414,-0.00415572
130_bNAb_Combinations|1342396|sample|12|PVO.4|5024,0.0014272,0.927138,1,12,1,0.686055,0.724698,0.724657,0.724698,0.722754,0.722568
130_bNAb_Combinations|1342396|sample|12|PVO.4|5024,0.007136,0.869272,2,12,1,0.628067,0.72226,0.72222,0.72226,0.526664,0.526489
130_bNAb_Combinations|1342396|sample|12|PVO.4|5024,0.03568,0.694806,3,12,1,0.51048,0.674856,0.674818,0.674856,0.0765833,0.0764336
130_bNAb_Combinations|1342396|sample|12|PVO.4|5024,0.1784,0.301414,4,12,1,0.338119,0.285014,0.284998,0.285014,0.147646,0.147495
130_bNAb_Combinations|1342396|sample|12|PVO.4|5024,0.892,0.0357485,5,12,1,0.176368,0.0227285,0.0227273,0.0227285,1.2529,1.25272
130_bNAb_Combinations|1342396|sample|12|PVO.4|5024,4.46,0.000180548,6,12,1,0.0769841,0.00209154,0.00209145,0.00209154,-0.776031,-0.776056
130_bNAb_Combinations|1342396|sample|12|PVO.4|5024,22.3,0.000744761,7,12,1,0.0308647,0.00107295,0.00107292,0.00107295,-0.158457,-0.158472
130_bNAb_Combinations|1342396|sample|12|PVO.4|5024,111.5,0.000383665,8,12,1,0.0122603,0.00102411,0.00102408,0.00102411,-0.312063,-0.312076
130_bNAb_Combinations|1342396|sample|3|PVO.4|5024,0.0010624,0.997833,1,3,1,0.692277,0.72476,0.724719,0.72476,0.9748,0.9746
130_bNAb_Combinations|1342396|sample|3|PVO.4|5024,0.005312,0.936549,2,3,1,0.742859,0.836507,0.836485,0.836507,0.309673,0.309596
130_bNAb_Combinations|1342396|sample|3|PVO.4|5024,0.02656,0.845349,3,3,1,0.670475,0.868697,0.868685,0.868697,-0.0695553,-0.0695889
130_bNAb_Combinations|1342396|sample|3|PVO.4|5024,0.1328,0.395513,4,3,1,0.463537,0.47168,0.471675,0.47168,-0.41635,-0.416372
130_bNAb_Combinations|1342396|sample|3|PVO.4|5024,0.664,0.0558345,5,3,1,0.252074,0.043474,0.0434738,0.043474,0.673025,0.673008
130_bNAb_Combinations|1342396|sample|3|PVO.4|5024,3.32,0.00187319,6,3,1,0.112876,0.00326746,0.00326746,0.00326746,-0.478416,-0.478415
130_bNAb_Combinations|1342396|sample|3|PVO.4|5024,16.6,0.000383665,7,3,1,0.0423141,0.0012647,0.0012647,0.0012647,-0.410801,-0.410801
130_bNAb_Combinations|1342396|sample|3|PVO.4|5024,83,4.5137e-05,8,3,1,0.014488,0.00102491,0.00102488,0.00102491,-0.477338,-0.47735
130_bNAb_Combinations|1342396|sample|4|PVO.4|5024,0.0010624,1,1,4,1,0.692277,0.72476,0.724719,0.72476,0.982533,0.982332
130_bNAb_Combinations|1342396|sample|4|PVO.4|5024,0.005312,0.917851,2,4,1,0.742859,0.836507,0.836485,0.836507,0.251808,0.251732
130_bNAb_Combinations|1342396|sample|4|PVO.4|5024,0.02656,0.813708,3,4,1,0.670475,0.868697,0.868685,0.868697,-0.163865,-0.163897
130_bNAb_Combinations|1342396|sample|4|PVO.4|5024,0.1328,0.442377,4,4,1,0.483629,0.492125,0.492124,0.492125,-0.260746,-0.260754
130_bNAb_Combinations|1342396|sample|4|PVO.4|5024,0.664,0.0734831,5,4,1,0.263,0.0453584,0.0453584,0.0453584,1.47324,1.47325
130_bNAb_Combinations|1342396|sample|4|PVO.4|5024,3.32,0.000744761,6,4,1,0.112876,0.00326746,0.00326746,0.00326746,-0.865612,-0.86561
130_bNAb_Combinations|1342396|sample|4|PVO.4|5024,16.6,0,7,4,1,0.0423141,0.0012647,0.0012647,0.0012647,-0.589693,-0.589693
130_bNAb_Combinations|1342396|sample|4|PVO.4|5024,83,0.00128641,8,4,1,0.014488,0.00102491,0.00102488,0.00102491,0.127417,0.127402
130_bNAb_Combinations|1342396|sample|5|PVO.4|5024,0.0004352,0.941051,1,5,1,0.705797,0.724775,0.724734,0.724775,0.772062,0.771874
130_bNAb_Combinations|1342396|sample|5|PVO.4|5024,0.002176,0.951918,2,5,1,0.780695,0.837288,0.837266,0.837288,0.35449,0.354411
130_bNAb_Combinations|1342396|sample|5|PVO.4|5024,0.01088,0.856509,3,5,1,0.753705,0.892419,0.892407,0.892419,-0.104166,-0.104201
130_bNAb_Combinations|1342396|sample|5|PVO.4|5024,0.0544,0.688656,4,5,1,0.610552,0.784753,0.784743,0.784753,-0.316867,-0.316896
130_bNAb_Combinations|1342396|sample|5|PVO.4|5024,0.272,0.280042,5,5,1,0.379573,0.237433,0.237426,0.237433,0.458713,0.458617
130_bNAb_Combinations|1342396|sample|5|PVO.4|5024,1.36,0.0189124,6,5,1,0.17953,0.0213207,0.0213198,0.0213207,-0.244351,-0.244434
130_bNAb_Combinations|1342396|sample|5|PVO.4|5024,7,0.000744761,7,5,1,0.0692506,0.00240795,0.00240788,0.00240795,-0.643618,-0.643639
130_bNAb_Combinations|1342396|sample|5|PVO.4|5024,34,0.00101558,8,5,1,0.0241872,0.00109737,0.00109733,0.00109737,-0.0392962,-0.0393133
130_bNAb_Combinations|1342396|sample|6|PVO.4|5024,0.0004352,0.943534,1,6,1,0.705797,0.724775,0.724734,0.724775,0.780923,0.780734
130_bNAb_Combinations|1342396|sample|6|PVO.4|5024,0.002176,0.932938,2,6,1,0.780695,0.837288,0.837266,0.837288,0.295806,0.295729
130_bNAb_Combinations|1342396|sample|6|PVO.4|5024,0.01088,0.827035,3,6,1,0.753705,0.892419,0.892407,0.892419,-0.189694,-0.189728
130_bNAb_Combinations|1342396|sample|6|PVO.4|5024,0.0544,0.633431,4,6,1,0.610552,0.784753,0.784743,0.784753,-0.498982,-0.499009
130_bNAb_Combinations|1342396|sample|6|PVO.4|5024,0.272,0.287173,5,6,1,0.379573,0.237433,0.237426,0.237433,0.535477,0.535379
130_bNAb_Combinations|1342396|sample|6|PVO.4|5024,1.36,0.0159334,6,6,1,0.17953,0.0213207,0.0213198,0.0213207,-0.54673,-0.546803
130_bNAb_Combinations|1342396|sample|6|PVO.4|5024,6.8,0.000112843,7,6,1,0.0703889,0.00246874,0.00246867,0.00246874,-0.903524,-0.903543
130_bNAb_Combinations|1342396|sample|6|PVO.4|5024,34,0.00106072,8,6,1,0.0241872,0.00109737,0.00109733,0.00109737,-0.0175994,-0.0176167
130_bNAb_Combinations|1342396|sample|7|PVO.4|5024,0.0016768,0.922297,1,7,1,0.6822,0.724383,0.724342,0.724383,0.706906,0.706721
130_bNAb_Combinations|1342396|sample|7|PVO.4|5024,0.008384,0.936097,2,7,1,0.716101,0.830668,0.830646,0.830668,0.328628,0.328549
130_bNAb_Combinations|1342396|sample|7|PVO.4|5024,0.04192,0.727643,3,7,1,0.61788,0.799759,0.799745,0.799759,-0.233333,-0.233375
130_bNAb_Combinations|1342396|sample|7|PVO.4|5024,0.2096,0.405872,4,7,1,0.41687,0.322399,0.322389,0.322399,0.664906,0.664813
130_bNAb_Combinations|1342396|sample|7|PVO.4|5024,1.048,0.0484998,5,7,1,0.212753,0.0332724,0.0332712,0.0332724,1.05424,1.05412
130_bNAb_Combinations|1342396|sample|7|PVO.4|5024,5.24,0.000428802,6,7,1,0.087898,0.00342178,0.0034217,0.00342178,-1.00648,-1.00649
130_bNAb_Combinations|1342396|sample|7|PVO.4|5024,26.2,0.00045137,7,7,1,0.032513,0.0013166,0.00131659,0.0013166,-0.399711,-0.399714
130_bNAb_Combinations|1342396|sample|7|PVO.4|5024,131,0.00076733,8,7,1,0.0112014,0.0010296,0.00102957,0.0010296,-0.127655,-0.127669
130_bNAb_Combinations|1342396|sample|8|PVO.4|5024,0.0016768,0.916587,1,8,1,0.6822,0.724383,0.724342,0.724383,0.686516,0.686332
130_bNAb_Combinations|1342396|sample|8|PVO.4|5024,0.008384,0.899265,2,8,1,0.716101,0.830668,0.830646,0.830668,0.213846,0.21377
130_bNAb_Combinations|1342396|sample|8|PVO.4|5024,0.04192,0.765017,3,8,1,0.61788,0.799759,0.799745,0.799759,-0.112387,-0.11243
130_bNAb_Combinations|1342396|sample|8|PVO.4|5024,0.2096,0.385245,4,8,1,0.41687,0.322399,0.322389,0.322399,0.500616,0.500527
130_bNAb_Combinations|1342396|sample|8|PVO.4|5024,1.048,0.0468748,5,8,1,0.212753,0.0332724,0.0332712,0.0332724,0.941751,0.941635
130_bNAb_Combinations|1342396|sample|8|PVO.4|5024,5.24,0.00135411,6,8,1,0.087898,0.00342178,0.0034217,0.00342178,-0.695306,-0.695327
130_bNAb_Combinations|1342396|sample|8|PVO.4|5024,26.2,0.00112843,7,8,1,0.032513,0.0013166,0.00131659,0.0013166,-0.0869285,-0.0869317
130_bNAb_Combinations|1342396|sample|8|PVO.4|5024,131,0.000993015,8,8,1,0.0112014,0.0010296,0.00102957,0.0010296,-0.0177958,-0.0178103
130_bNAb_Combinations|1342396|sample|9|PVO.4|5024,0.000448,0.907999,1,9,1,0.705459,0.724807,0.724766,0.724807,0.653953,0.653771
130_bNAb_Combinations|1342396|sample|9|PVO.4|5024,0.00224,0.90238,2,9,1,0.779722,0.837738,0.837716,0.837738,0.199826,0.199752
130_bNAb_Combinations|1342396|sample|9|PVO.4|5024,0.0112,0.86864,3,9,1,0.751419,0.897262,0.89725,0.897262,-0.0825739,-0.082608
130_bNAb_Combinations|1342396|sample|9|PVO.4|5024,0.056,0.632776,4,9,1,0.606649,0.804439,0.804433,0.804439,-0.55229,-0.552305
130_bNAb_Combinations|1342396|sample|9|PVO.4|5024,0.28,0.23205,5,9,1,0.375489,0.205025,0.205023,0.205025,0.335933,0.335915
130_bNAb_Combinations|1342396|sample|9|PVO.4|5024,1.4,0.0129543,6,9,1,0.17696,0.0130446,0.0130444,0.0130446,-0.013507,-0.0135268
130_bNAb_Combinations|1342396|sample|9|PVO.4|5024,7,0.000902741,7,9,1,0.0692506,0.00170985,0.00170984,0.00170985,-0.348527,-0.348532
130_bNAb_Combinations|1342396|sample|9|PVO.4|5024,35,0.000835035,8,9,1,0.0237855,0.00104356,0.00104353,0.00104356,-0.101225,-0.101239
130_bNAb_Combinations|1342396|vc|1|2|PVO.4|5024,0,0.943804,1,2,1,0.724822,0.724821,0.72478,0.724821,0.781676,0.781486
130_bNAb_Combinations|1342396|vc|2|2|PVO.4|5024,0,0.908609,2,2,1,0.838072,0.838072,0.838049,0.838072,0.21796,0.217884
130_bNAb_Combinations|1342396|vc|3|2|PVO.4|5024,0,0.910922,3,2,1,0.838072,0.838072,0.838049,0.838072,0.225105,0.22503
130_bNAb_Combinations|1342396|vc|4|2|PVO.4|5024,0,0.912705,4,2,1,0.838072,0.838072,0.838049,0.838072,0.230613,0.230537
130_bNAb_Combinations|1342396|vc|5|2|PVO.4|5024,0,0.907345,5,2,1,0.838072,0.838072,0.838049,0.838072,0.214056,0.21398
130_bNAb_Combinations|1342396|vc|6|2|PVO.4|5024,0,0.878886,6,2,1,0.838072,0.838072,0.838049,0.838072,0.126146,0.126073
130_bNAb_Combinations|1342396|vc|7|2|PVO.4|5024,0,0.860549,7,2,1,0.838072,0.838072,0.838049,0.838072,0.0695028,0.0694315
130_bNAb_Combinations|1342396|vc|8|2|PVO.4|5024,0,0.761022,8,2,1,0.724822,0.724821,0.72478,0.724821,0.129343,0.12919
130_bNAb_Combinations|1342408|cc|1|1|nan|4168,0,0.0014393,1,1,0,0,0,0,0,0.867759,0.867759
130_bNAb_Combinations|1342408|cc|2|1|nan|4168,0,0.0014393,2,1,0,0,0,0,0,0.867759,0.867759
130_bNAb_Combinations|1342408|cc|3|1|nan|4168,0,0.000729786,3,1,0,0,0,0,0,0.43999,0.43999
130_bNAb_Combinations|1342408|cc|4|1|nan|4168,0,0.00152039,4,1,0,0,0,0,0,0.916646,0.916646
130_bNAb_Combinations|1342408|cc|5|1|nan|4168,0,0.000973049,5,1,0,0,0,0,0,0.586654,0.586654
130_bNAb_Combinations|1342408|cc|6|1|nan|4168,0,0.00105414,6,1,0,0,0,0,0,0.635541,0.635541
130_bNAb_Combinations|1342408|cc|7|1|nan|4168,0,0.00154066,7,1,0,0,0,0,0,0.928868,0.928868
130_bNAb_Combinations|1342408|cc|8|1|nan|4168,0,0.00145957,8,1,0,0,0,0,0,0.87998,0.87998
130_bNAb_Combinations|1342408|sample|10|nan|4168,0.000448,0.916804,1,10,1,0.705459,0.72468,0.724639,0.72468,0.685953,0.685769
130_bNAb_Combinations|1342408|sample|10|nan|4168,0.00224,0.894222,2,10,1,0.779722,0.836224,0.836201,0.836224,0.179619,0.179545
130_bNAb_Combinations|1342408|sample|10|nan|4168,0.0112,0.788636,3,10,1,0.751419,0.882928,0.882916,0.882928,-0.276505,-0.276536
130_bNAb_Combinations|1342408|sample|10|nan|4168,0.056,0.510932,4,10,1,0.581446,0.709433,0.709426,0.709433,-0.723646,-0.723664
130_bNAb_Combinations|1342408|sample|10|nan|4168,0.28,0.18495,5,10,1,0.35989,0.222853,0.222853,0.222853,-0.434151,-0.434152
130_bNAb_Combinations|1342408|sample|10|nan|4168,1.4,0.0293334,6,10,1,0.17696,0.026839,0.0268391,0.026839,0.208323,0.208331
130_bNAb_Combinations|1342408|sample|10|nan|4168,7,0.00658835,7,10,1,0.0692506,0.00335945,0.00335943,0.00335945,1.09466,1.09465
130_bNAb_Combinations|1342408|sample|10|nan|4168,35,0.00121631,8,10,1,0.0237855,0.00119087,0.00119084,0.00119087,0.0120376,0.0120206
130_bNAb_Combinations|1342408|sample|11|nan|4168,0.0014272,0.875389,1,11,1,0.686055,0.724008,0.723968,0.724008,0.54101,0.540835
130_bNAb_Combinations|1342408|sample|11|nan|4168,0.007136,0.813651,2,11,1,0.726199,0.82768,0.827658,0.82768,-0.0438089,-0.0438765
130_bNAb_Combinations|1342408|sample|11|nan|4168,0.03568,0.571504,3,11,1,0.59024,0.735091,0.735073,0.735091,-0.575637,-0.575686
130_bNAb_Combinations|1342408|sample|11|nan|4168,0.1784,0.26249,4,11,1,0.390949,0.327345,0.32734,0.327345,-0.508791,-0.508825
130_bNAb_Combinations|1342408|sample|11|nan|4168,0.892,0.0583626,5,11,1,0.203924,0.0464824,0.0464819,0.0464824,0.608582,0.608551
130_bNAb_Combinations|1342408|sample|11|nan|4168,4.46,0.00764249,6,11,1,0.0890124,0.00545118,0.00545114,0.00545118,0.583803,0.583789
130_bNAb_Combinations|1342408|sample|11|nan|4168,22.3,0.00103386,7,11,1,0.0356872,0.0015657,0.0015657,0.0015657,-0.235289,-0.23529
130_bNAb_Combinations|1342408|sample|11|nan|4168,111.5,0.000628427,8,11,1,0.0122603,0.00105146,0.00105143,0.00105146,-0.205072,-0.205086
130_bNAb_Combinations|1342408|sample|12|nan|4168,0.0014272,0.802025,1,12,1,0.686055,0.724008,0.723968,0.724008,0.27889,0.278729
130_bNAb_Combinations|1342408|sample|12|nan|4168,0.007136,0.67335,2,12,1,0.628067,0.715835,0.715795,0.715835,-0.153373,-0.15351
130_bNAb_Combinations|1342408|sample|12|nan|4168,0.03568,0.487102,3,12,1,0.51048,0.635758,0.635723,0.635758,-0.604218,-0.604326
130_bNAb_Combinations|1342408|sample|12|nan|4168,0.1784,0.201948,4,12,1,0.338119,0.283111,0.283098,0.283111,-0.734679,-0.734764
130_bNAb_Combinations|1342408|sample|12|nan|4168,0.892,0.0520986,5,12,1,0.176368,0.0402012,0.0401995,0.0402012,0.695541,0.695422
130_bNAb_Combinations|1342408|sample|12|nan|4168,4.46,0.00689243,6,12,1,0.0769841,0.00471456,0.00471439,0.00471456,0.627601,0.627539
130_bNAb_Combinations|1342408|sample|12|nan|4168,22.3,0,7,12,1,0.0308647,0.00135413,0.00135409,0.00135413,-0.621417,-0.621432
130_bNAb_Combinations|1342408|sample|12|nan|4168,111.5,0.00109468,8,12,1,0.0122603,0.00105146,0.00105143,0.00105146,0.0209656,0.0209507
130_bNAb_Combinations|1342408|sample|3|nan|4168,0.0010624,0.884744,1,3,1,0.692277,0.720468,0.720427,0.720468,0.589954,0.589777
130_bNAb_Combinations|1342408|sample|3|nan|4168,0.005312,0.890796,2,3,1,0.742859,0.810074,0.810053,0.810074,0.257989,0.257915
130_bNAb_Combinations|1342408|sample|3|nan|4168,0.02656,0.776077,3,3,1,0.670475,0.755458,0.755451,0.755458,0.0706424,0.0706178
130_bNAb_Combinations|1342408|sample|3|nan|4168,0.1328,0.462381,4,3,1,0.463537,0.425122,0.425122,0.425122,0.225761,0.225762
130_bNAb_Combinations|1342408|sample|3|nan|4168,0.664,0.16701,5,3,1,0.252074,0.122226,0.122227,0.122226,0.920865,0.920896
130_bNAb_Combinations|1342408|sample|3|nan|4168,3.32,0.0252587,6,3,1,0.112876,0.0250565,0.0250568,0.0250565,0.0178861,0.0179128
130_bNAb_Combinations|1342408|sample|3|nan|4168,16.6,0.00823037,7,3,1,0.0423141,0.00511983,0.00511983,0.00511983,0.857788,0.857788
130_bNAb_Combinations|1342408|sample|3|nan|4168,83,0.0027367,8,3,1,0.014488,0.00161975,0.0016197,0.00161975,0.489672,0.489647
130_bNAb_Combinations|1342408|sample|4|nan|4168,0.0010624,0.931106,1,4,1,0.692277,0.720468,0.720427,0.720468,0.756409,0.756221
130_bNAb_Combinations|1342408|sample|4|nan|4168,0.005312,0.912324,2,4,1,0.742859,0.810074,0.810053,0.810074,0.326778,0.326702
130_bNAb_Combinations|1342408|sample|4|nan|4168,0.02656,0.764897,3,4,1,0.670475,0.755458,0.755451,0.755458,0.032353,0.0323288
130_bNAb_Combinations|1342408|sample|4|nan|4168,0.1328,0.50485,4,4,1,0.483629,0.443549,0.443552,0.443549,0.356139,0.356159
130_bNAb_Combinations|1342408|sample|4|nan|4168,0.664,0.189005,5,4,1,0.263,0.127523,0.127525,0.127523,1.21338,1.21343
130_bNAb_Combinations|1342408|sample|4|nan|4168,3.32,0.0320092,6,4,1,0.112876,0.0250565,0.0250568,0.0250565,0.615902,0.615935
130_bNAb_Combinations|1342408|sample|4|nan|4168,16.6,0.00490579,7,4,1,0.0423141,0.00511983,0.00511983,0.00511983,-0.059025,-0.0590256
130_bNAb_Combinations|1342408|sample|4|nan|4168,83,0.00336513,8,4,1,0.014488,0.00161975,0.0016197,0.00161975,0.765164,0.765137
130_bNAb_Combinations|1342408|sample|5|nan|4168,0.0004352,0.950283,1,5,1,0.705797,0.723296,0.723256,0.723296,0.811937,0.811747
130_bNAb_Combinations|1342408|sample|5|nan|4168,0.002176,0.951642,2,5,1,0.780695,0.828577,0.828555,0.828577,0.384548,0.384469
130_bNAb_Combinations|1342408|sample|5|nan|4168,0.01088,0.940502,3,5,1,0.753705,0.851729,0.851718,0.851729,0.269876,0.269839
130_bNAb_Combinations|1342408|sample|5|nan|4168,0.0544,0.710366,4,5,1,0.610552,0.705692,0.705689,0.705692,0.0171409,0.01713
130_bNAb_Combinations|1342408|sample|5|nan|4168,0.272,0.40341,5,5,1,0.379573,0.333674,0.333674,0.333674,0.536871,0.536872
130_bNAb_Combinations|1342408|sample|5|nan|4168,1.36,0.0853039,6,5,1,0.17953,0.0836412,0.0836409,0.0836412,0.0491972,0.0491898
130_bNAb_Combinations|1342408|sample|5|nan|4168,6.8,0.0187109,7,5,1,0.0703889,0.0163648,0.0163646,0.0163648,0.295217,0.295184
130_bNAb_Combinations|1342408|sample|5|nan|4168,34,0.00358812,8,5,1,0.0241872,0.00347688,0.00347674,0.00347688,0.037191,0.0371438
130_bNAb_Combinations|1342408|sample|6|nan|4168,0.0004352,0.97762,1,6,1,0.705797,0.723296,0.723256,0.723296,0.909703,0.909507
130_bNAb_Combinations|1342408|sample|6|nan|4168,0.002176,0.945205,2,6,1,0.780695,0.828577,0.828555,0.828577,0.364439,0.364361
130_bNAb_Combinations|1342408|sample|6|nan|4168,0.01088,0.909192,3,6,1,0.753705,0.851729,0.851718,0.851729,0.174704,0.174668
130_bNAb_Combinations|1342408|sample|6|nan|4168,0.0544,0.685827,4,6,1,0.610552,0.705692,0.705689,0.705692,-0.0727915,-0.072802
130_bNAb_Combinations|1342408|sample|6|nan|4168,0.272,0.395595,5,6,1,0.379573,0.333674,0.333674,0.333674,0.476707,0.476708
130_bNAb_Combinations|1342408|sample|6|nan|4168,1.36,0.103062,6,6,1,0.17953,0.0836412,0.0836409,0.0836412,0.574545,0.574537
130_bNAb_Combinations|1342408|sample|6|nan|4168,6.8,0.021549,7,6,1,0.0703889,0.0163648,0.0163646,0.0163648,0.652309,0.652272
130_bNAb_Combinations|1342408|sample|6|nan|4168,34,0.0035273,8,6,1,0.0241872,0.00347688,0.00347674,0.00347688,0.0168838,0.016837
130_bNAb_Combinations|1342408|sample|7|nan|4168,0.0016768,0.917554,1,7,1,0.6822,0.718562,0.718521,0.718562,0.71648,0.716295
130_bNAb_Combinations|1342408|sample|7|nan|4168,0.008384,0.915081,2,7,1,0.716101,0.800219,0.800198,0.800219,0.371571,0.371493
130_bNAb_Combinations|1342408|sample|7|nan|4168,0.04192,0.793126,3,7,1,0.61788,0.719894,0.719886,0.719894,0.263151,0.263119
130_bNAb_Combinations|1342408|sample|7|nan|4168,0.2096,0.446072,4,7,1,0.41687,0.394696,0.394696,0.394696,0.335034,0.335033
130_bNAb_Combinations|1342408|sample|7|nan|4168,1.048,0.165205,5,7,1,0.212753,0.11119,0.111191,0.11119,1.21681,1.21682
130_bNAb_Combinations|1342408|sample|7|nan|4168,5.24,0.019988,6,7,1,0.087898,0.0227087,0.0227086,0.0227087,-0.261954,-0.261957
130_bNAb_Combinations|1342408|sample|7|nan|4168,26.2,0.00425709,7,7,1,0.032513,0.0049107,0.00491064,0.0049107,-0.184316,-0.184331
130_bNAb_Combinations|1342408|sample|7|nan|4168,131,0.000932505,8,7,1,0.0112014,0.00161796,0.0016179,0.00161796,-0.300557,-0.300579
130_bNAb_Combinations|1342408|sample|8|nan|4168,0.0016768,0.942246,1,8,1,0.6822,0.718562,0.718521,0.718562,0.805363,0.805173
130_bNAb_Combinations|1342408|sample|8|nan|4168,0.008384,0.898073,2,8,1,0.716101,0.800219,0.800198,0.800219,0.316561,0.316485
130_bNAb_Combinations|1342408|sample|8|nan|4168,0.04192,0.752481,3,8,1,0.61788,0.719894,0.719886,0.719894,0.117112,0.117082
130_bNAb_Combinations|1342408|sample|8|nan|4168,0.2096,0.451961,4,8,1,0.41687,0.394696,0.394696,0.394696,0.373438,0.373437
130_bNAb_Combinations|1342408|sample|8|nan|4168,1.048,0.14763,5,8,1,0.212753,0.11119,0.111191,0.11119,0.820876,0.820887
130_bNAb_Combinations|1342408|sample|8|nan|4168,5.24,0.0171703,6,8,1,0.087898,0.0227087,0.0227086,0.0227087,-0.533266,-0.533269
130_bNAb_Combinations|1342408|sample|8|nan|4168,26.2,0.00251371,7,8,1,0.032513,0.0049107,0.00491064,0.0049107,-0.675984,-0.675996
130_bNAb_Combinations|1342408|sample|8|nan|4168,131,0.000871689,8,8,1,0.0112014,0.00161796,0.0016179,0.00161796,-0.327226,-0.327247
130_bNAb_Combinations|1342408|sample|9|nan|4168,0.000448,0.936184,1,9,1,0.705459,0.72468,0.724639,0.72468,0.755132,0.754944
130_bNAb_Combinations|1342408|sample|9|nan|4168,0.00224,0.852218,2,9,1,0.779722,0.836224,0.836201,0.836224,0.0495852,0.0495147
130_bNAb_Combinations|1342408|sample|9|nan|4168,0.0112,0.786669,3,9,1,0.751419,0.882928,0.882916,0.882928,-0.282272,-0.282303
130_bNAb_Combinations|1342408|sample|9|nan|4168,0.056,0.554121,4,9,1,0.606649,0.740183,0.740181,0.740183,-0.650294,-0.6503
130_bNAb_Combinations|1342408|sample|9|nan|4168,0.28,0.196982,5,9,1,0.375489,0.232513,0.232514,0.232513,-0.390398,-0.390386
130_bNAb_Combinations|1342408|sample|9|nan|4168,1.4,0.0447602,6,9,1,0.17696,0.026839,0.0268391,0.026839,1.49678,1.49679
130_bNAb_Combinations|1342408|sample|9|nan|4168,7,0.00464225,7,9,1,0.0692506,0.00335945,0.00335943,0.00335945,0.434898,0.43489
130_bNAb_Combinations|1342408|sample|9|nan|4168,35,0.00154066,8,9,1,0.0237855,0.00119087,0.00119084,0.00119087,0.165301,0.165283
130_bNAb_Combinations|1342408|vc|1|2|nan|4168,0,0.949635,1,2,1,0.724822,0.724823,0.724782,0.724823,0.802473,0.802283
130_bNAb_Combinations|1342408|vc|2|2|nan|4168,0,0.965274,2,2,1,0.838072,0.838073,0.83805,0.838073,0.392995,0.392916
130_bNAb_Combinations|1342408|vc|3|2|nan|4168,0,1,3,2,1,0.838072,0.838073,0.83805,0.838073,0.500263,0.500181
130_bNAb_Combinations|1342408|vc|4|2|nan|4168,0,0.969906,4,2,1,0.838072,0.838073,0.83805,0.838073,0.407304,0.407224
130_bNAb_Combinations|1342408|vc|5|2|nan|4168,0,0.940482,5,2,1,0.838072,0.838073,0.83805,0.838073,0.316411,0.316334
130_bNAb_Combinations|1342408|vc|6|2|nan|4168,0,0.930052,6,2,1,0.838072,0.838073,0.83805,0.838073,0.284193,0.284117
130_bNAb_Combinations|1342408|vc|7|2|nan|4168,0,0.924538,7,2,1,0.838072,0.838073,0.83805,0.838073,0.267161,0.267084
130_bNAb_Combinations|1342408|vc|8|2|nan|4168,0,0.903212,8,2,1,0.724822,0.724823,0.724782,0.724823,0.636796,0.636615
704_VRC01_Concordance|1200432|cc|1|1|PVO.4|5024,0,0.00146144,1,1,0,0,0,0,0,0.881108,0.881108
704_VRC01_Concordance|1200432|cc|2|1|PVO.4|5024,0,0.00217593,2,1,0,0,0,0,0,1.31187,1.31187
704_VRC01_Concordance|1200432|cc|3|1|PVO.4|5024,0,0.0011042,3,1,0,0,0,0,0,0.665726,0.665726
704_VRC01_Concordance|1200432|cc|4|1|PVO.4|5024,0,0.00198107,4,1,0,0,0,0,0,1.19439,1.19439
704_VRC01_Concordance|1200432|cc|5|1|PVO.4|5024,0,0.00298784,5,1,0,0,0,0,0,1.80138,1.80138
704_VRC01_Concordance|1200432|cc|6|1|PVO.4|5024,0,0.00175373,6,1,0,0,0,0,0,1.05733,1.05733
704_VRC01_Concordance|1200432|cc|7|1|PVO.4|5024,0,0.00233831,7,1,0,0,0,0,0,1.40977,1.40977
704_VRC01_Concordance|1200432|cc|8|1|PVO.4|5024,0,0.00334508,8,1,0,0,0,0,0,2.01676,2.01676
704_VRC01_Concordance|1200432|sample|10|PVO.4|5024,0.0022862368541381,0.850689,1,10,1,0.673756,0.699036,0.698996,0.699036,0.561225,0.561047
704_VRC01_Concordance|1200432|sample|10|PVO.4|5024,0.0068587105624143,0.988097,2,10,1,0.728572,0.769884,0.769863,0.769884,0.733501,0.73341
704_VRC01_Concordance|1200432|sample|10|PVO.4|5024,0.0205761316872428,0.866635,3,10,1,0.697007,0.746077,0.746065,0.746077,0.418096,0.418051
704_VRC01_Concordance|1200432|sample|10|PVO.4|5024,0.0617283950617284,0.879642,4,10,1,0.56874,0.599015,0.599005,0.599015,1.21036,1.2103
704_VRC01_Concordance|1200432|sample|10|PVO.4|5024,0.1851851851851852,0.740724,5,10,1,0.416811,0.406768,0.406761,0.406768,2.11395,2.11387
704_VRC01_Concordance|1200432|sample|10|PVO.4|5024,0.5555555555555556,0.485621,6,10,1,0.272697,0.230075,0.23007,0.230075,2.83704,2.83693
704_VRC01_Concordance|1200432|sample|10|PVO.4|5024,1.66666666666667,0.212201,7,10,1,0.15015,0.104757,0.104753,0.104757,2.5634,2.56324
704_VRC01_Concordance|1200432|sample|10|PVO.4|5024,5,0.0380949,8,10,1,0.0722757,0.0412326,0.04123,0.0412326,-0.179109,-0.179246
704_VRC01_Concordance|1200432|sample|11|PVO.4|5024,0.0457247370827618,0.868454,1,11,1,0.486448,0.517067,0.517037,0.517067,1.75392,1.75367
704_VRC01_Concordance|1200432|sample|11|PVO.4|5024,0.1371742112482854,0.719452,2,11,1,0.425168,0.426717,0.426704,0.426717,1.76733,1.76719
704_VRC01_Concordance|1200432|sample|11|PVO.4|5024,0.411522633744856,0.42653,3,11,1,0.28668,0.253171,0.253163,0.253171,1.75204,1.7519
704_VRC01_Concordance|1200432|sample|11|PVO.4|5024,1.23456790123457,0.188591,4,11,1,0.174445,0.128497,0.128493,0.128497,1.17749,1.17736
704_VRC01_Concordance|1200432|sample|11|PVO.4|5024,3.7037037037037,0.036601,5,11,1,0.0985417,0.0593698,0.0593678,0.0593698,-0.930237,-0.930288
704_VRC01_Concordance|1200432|sample|11|PVO.4|5024,11.1111111111111,0.00789179,6,11,1,0.0532795,0.0264398,0.0264389,0.0264398,-1.56922,-1.56925
704_VRC01_Concordance|1200432|sample|11|PVO.4|5024,33.3333333333333,0.00133154,7,11,1,0.0282882,0.0118893,0.0118889,0.0118893,-1.69524,-1.69526
704_VRC01_Concordance|1200432|sample|11|PVO.4|5024,100,0.000389718,8,11,1,0.0130361,0.00490759,0.00490731,0.00490759,-1.27451,-1.27455
704_VRC01_Concordance|1200432|sample|12|PVO.4|5024,0.0457247370827618,0.755582,1,12,1,0.486448,0.517067,0.517037,0.517067,1.19058,1.19036
704_VRC01_Concordance|1200432|sample|12|PVO.4|5024,0.1371742112482854,0.635256,2,12,1,0.367715,0.369054,0.369032,0.369054,1.85547,1.85521
704_VRC01_Concordance|1200432|sample|12|PVO.4|5024,0.411522633744856,0.416203,3,12,1,0.247941,0.21896,0.218946,0.21896,2.29898,2.29868
704_VRC01_Concordance|1200432|sample|12|PVO.4|5024,1.23456790123457,0.135362,4,12,1,0.150872,0.111133,0.111126,0.111133,0.546281,0.546092
704_VRC01_Concordance|1200432|sample|12|PVO.4|5024,3.7037037037037,0.0341003,5,12,1,0.0852256,0.0513471,0.0513439,0.0513471,-0.80613,-0.806234
704_VRC01_Concordance|1200432|sample|12|PVO.4|5024,11.1111111111111,0.00308527,6,12,1,0.0460798,0.022867,0.0228655,0.022867,-1.89356,-1.8936
704_VRC01_Concordance|1200432|sample|12|PVO.4|5024,33.3333333333333,0.000292288,7,12,1,0.0244656,0.0102826,0.010282,0.0102826,-1.78066,-1.7807
704_VRC01_Concordance|1200432|sample|12|PVO.4|5024,100,0.000292288,8,12,1,0.0130361,0.00490759,0.00490731,0.00490759,-1.302,-1.30204
704_VRC01_Concordance|1200432|sample|3|PVO.4|5024,0.0457247370827618,0.931426,1,3,1,0.486448,0.517067,0.517037,0.517067,2.06822,2.06795
704_VRC01_Concordance|1200432|sample|3|PVO.4|5024,0.1371742112482854,0.65242,2,3,1,0.425168,0.426717,0.426704,0.426717,1.36266,1.36254
704_VRC01_Concordance|1200432|sample|3|PVO.4|5024,0.411522633744856,0.404284,3,3,1,0.309476,0.273303,0.273298,0.273303,1.22773,1.22766
704_VRC01_Concordance|1200432|sample|3|PVO.4|5024,1.23456790123457,0.116071,4,3,1,0.188317,0.138715,0.138712,0.138715,-0.411902,-0.411944
704_VRC01_Concordance|1200432|sample|3|PVO.4|5024,3.7037037037037,0.0223763,5,3,1,0.106378,0.0640908,0.0640895,0.0640908,-1.58673,-1.58675
704_VRC01_Concordance|1200432|sample|3|PVO.4|5024,11.1111111111111,0.00337756,6,3,1,0.0575162,0.0285422,0.0285417,0.0285422,-1.99281,-1.99282
704_VRC01_Concordance|1200432|sample|3|PVO.4|5024,33.3333333333333,0.00295536,7,3,1,0.0282882,0.0118893,0.0118889,0.0118893,-1.43449,-1.43452
704_VRC01_Concordance|1200432|sample|3|PVO.4|5024,100,0.00168878,8,3,1,0.0130361,0.00490759,0.00490731,0.00490759,-0.908018,-0.908069
704_VRC01_Concordance|1200432|sample|4|PVO.4|5024,0.0457247370827618,0.855821,1,4,1,0.486448,0.517067,0.517037,0.517067,1.69087,1.69062
704_VRC01_Concordance|1200432|sample|4|PVO.4|5024,0.1371742112482854,0.721108,2,4,1,0.425168,0.426717,0.426704,0.426717,1.77733,1.77719
704_VRC01_Concordance|1200432|sample|4|PVO.4|5024,0.411522633744856,0.572009,3,4,1,0.309476,0.273303,0.273298,0.273303,2.79982,2.79972
704_VRC01_Concordance|1200432|sample|4|PVO.4|5024,1.23456790123457,0.23966,4,4,1,0.19648,0.144727,0.144725,0.144727,1.65744,1.65739
704_VRC01_Concordance|1200432|sample|4|PVO.4|5024,3.7037037037037,0.0572236,5,4,1,0.110988,0.0668688,0.0668679,0.0668688,-0.352541,-0.35257
704_VRC01_Concordance|1200432|sample|4|PVO.4|5024,11.1111111111111,0.00779436,6,4,1,0.0575162,0.0285422,0.0285417,0.0285422,-1.64303,-1.64305
704_VRC01_Concordance|1200432|sample|4|PVO.4|5024,33.3333333333333,0.0027605,7,4,1,0.0282882,0.0118893,0.0118889,0.0118893,-1.46578,-1.46581
704_VRC01_Concordance|1200432|sample|4|PVO.4|5024,100,0.00116915,8,4,1,0.0130361,0.00490759,0.00490731,0.00490759,-1.05462,-1.05466
704_VRC01_Concordance|1200432|sample|5|PVO.4|5024,0.0022862368541381,0.883215,1,5,1,0.673756,0.699036,0.698996,0.699036,0.681559,0.681375
704_VRC01_Concordance|1200432|sample|5|PVO.4|5024,0.0068587105624143,0.89653,2,5,1,0.728572,0.769884,0.769863,0.769884,0.425736,0.425653
704_VRC01_Concordance|1200432|sample|5|PVO.4|5024,0.0205761316872428,0.878603,3,5,1,0.697007,0.746077,0.746065,0.746077,0.459596,0.45955
704_VRC01_Concordance|1200432|sample|5|PVO.4|5024,0.0617283950617284,0.790088,4,5,1,0.593392,0.624979,0.624973,0.624979,0.68274,0.682708
704_VRC01_Concordance|1200432|sample|5|PVO.4|5024,0.1851851851851852,0.721465,5,5,1,0.434877,0.424399,0.424395,0.424399,1.80308,1.80303
704_VRC01_Concordance|1200432|sample|5|PVO.4|5024,0.5555555555555556,0.483543,6,5,1,0.272697,0.230075,0.23007,0.230075,2.81396,2.81386
704_VRC01_Concordance|1200432|sample|5|PVO.4|5024,1.66666666666667,0.199503,7,5,1,0.15015,0.104757,0.104753,0.104757,2.26046,2.2603
704_VRC01_Concordance|1200432|sample|5|PVO.4|5024,5,0.0347498,8,5,1,0.0722757,0.0412326,0.04123,0.0412326,-0.370216,-0.370343
704_VRC01_Concordance|1200432|sample|6|PVO.4|5024,0.0022862368541381,0.994382,1,6,1,0.673756,0.699036,0.698996,0.699036,1.09285,1.09264
704_VRC01_Concordance|1200432|sample|6|PVO.4|5024,0.0068587105624143,0.986474,2,6,1,0.728572,0.769884,0.769863,0.769884,0.728043,0.727952
704_VRC01_Concordance|1200432|sample|6|PVO.4|5024,0.0205761316872428,0.991621,3,6,1,0.697007,0.746077,0.746065,0.746077,0.851505,0.851454
704_VRC01_Concordance|1200432|sample|6|PVO.4|5024,0.0617283950617284,0.869396,4,6,1,0.593392,0.624979,0.624973,0.624979,1.01067,1.01064
704_VRC01_Concordance|1200432|sample|6|PVO.4|5024,0.1851851851851852,0.779355,5,6,1,0.434877,0.424399,0.424395,0.424399,2.15444,2.15439
704_VRC01_Concordance|1200432|sample|6|PVO.4|5024,0.5555555555555556,0.468051,6,6,1,0.272697,0.230075,0.23007,0.230075,2.64198,2.64188
704_VRC01_Concordance|1200432|sample|6|PVO.4|5024,1.66666666666667,0.186123,7,6,1,0.15015,0.104757,0.104753,0.104757,1.94124,1.9411
704_VRC01_Concordance|1200432|sample|6|PVO.4|5024,5,0.0497215,8,6,1,0.0722757,0.0412326,0.04123,0.0412326,0.485126,0.484952
704_VRC01_Concordance|1200432|sample|7|PVO.4|5024,0.0457247370827618,0.822711,1,7,1,0.486448,0.517067,0.517037,0.517067,1.52562,1.52538
704_VRC01_Concordance|1200432|sample|7|PVO.4|5024,0.1371742112482854,0.758505,2,7,1,0.425168,0.426717,0.426704,0.426717,2.00309,2.00295
704_VRC01_Concordance|1200432|sample|7|PVO.4|5024,0.411522633744856,0.445919,3,7,1,0.309476,0.273303,0.273298,0.273303,1.61798,1.6179
704_VRC01_Concordance|1200432|sample|7|PVO.4|5024,1.23456790123457,0.173424,4,7,1,0.19648,0.144727,0.144725,0.144727,0.501049,0.501009
704_VRC01_Concordance|1200432|sample|7|PVO.4|5024,3.7037037037037,0.0308202,5,7,1,0.110988,0.0668688,0.0668679,0.0668688,-1.3177,-1.31771
704_VRC01_Concordance|1200432|sample|7|PVO.4|5024,11.1111111111111,0.00402709,6,7,1,0.0575162,0.0285422,0.0285417,0.0285422,-1.94137,-1.94138
704_VRC01_Concordance|1200432|sample|7|PVO.4|5024,33.3333333333333,0.00243574,7,7,1,0.0282882,0.0118893,0.0118889,0.0118893,-1.51793,-1.51796
704_VRC01_Concordance|1200432|sample|7|PVO.4|5024,100,0.00113668,8,7,1,0.0130361,0.00490759,0.00490731,0.00490759,-1.06378,-1.06382
704_VRC01_Concordance|1200432|sample|8|PVO.4|5024,0.0457247370827618,0.796746,1,8,1,0.486448,0.517067,0.517037,0.517067,1.39603,1.3958
704_VRC01_Concordance|1200432|sample|8|PVO.4|5024,0.1371742112482854,0.73569,2,8,1,0.425168,0.426717,0.426704,0.426717,1.86536,1.86522
704_VRC01_Concordance|1200432|sample|8|PVO.4|5024,0.411522633744856,0.466265,3,8,1,0.309476,0.273303,0.273298,0.273303,1.80868,1.8086
704_VRC01_Concordance|1200432|sample|8|PVO.4|5024,1.23456790123457,0.184954,4,8,1,0.19648,0.144727,0.144725,0.144727,0.702333,0.702291
704_VRC01_Concordance|1200432|sample|8|PVO.4|5024,3.7037037037037,0.0379325,5,8,1,0.110988,0.0668688,0.0668679,0.0668688,-1.05771,-1.05773
704_VRC01_Concordance|1200432|sample|8|PVO.4|5024,11.1111111111111,0.00399461,6,8,1,0.0575162,0.0285422,0.0285417,0.0285422,-1.94394,-1.94395
704_VRC01_Concordance|1200432|sample|8|PVO.4|5024,33.3333333333333,0.00168878,7,8,1,0.0282882,0.0118893,0.0118889,0.0118893,-1.63788,-1.6379
704_VRC01_Concordance|1200432|sample|8|PVO.4|5024,100,0,8,8,1,0.0130361,0.00490759,0.00490731,0.00490759,-1.38446,-1.3845
704_VRC01_Concordance|1200432|sample|9|PVO.4|5024,0.0022862368541381,0.844113,1,9,1,0.673756,0.699036,0.698996,0.699036,0.536893,0.536717
704_VRC01_Concordance|1200432|sample|9|PVO.4|5024,0.0068587105624143,0.938782,2,9,1,0.728572,0.769884,0.769863,0.769884,0.567747,0.567661
704_VRC01_Concordance|1200432|sample|9|PVO.4|5024,0.0205761316872428,0.856568,3,9,1,0.697007,0.746077,0.746065,0.746077,0.383185,0.38314
704_VRC01_Concordance|1200432|sample|9|PVO.4|5024,0.0617283950617284,0.895653,4,9,1,0.593392,0.624979,0.624973,0.624979,1.11924,1.11921
704_VRC01_Concordance|1200432|sample|9|PVO.4|5024,0.1851851851851852,0.785119,5,9,1,0.434877,0.424399,0.424395,0.424399,2.18943,2.18938
704_VRC01_Concordance|1200432|sample|9|PVO.4|5024,0.5555555555555556,0.449345,6,9,1,0.272697,0.230075,0.23007,0.230075,2.43431,2.43422
704_VRC01_Concordance|1200432|sample|9|PVO.4|5024,1.66666666666667,0.160499,7,9,1,0.15015,0.104757,0.104753,0.104757,1.32993,1.3298
704_VRC01_Concordance|1200432|sample|9|PVO.4|5024,5,0.0365685,8,9,1,0.0722757,0.0412326,0.04123,0.0412326,-0.266313,-0.266446
704_VRC01_Concordance|1200432|vc|1|2|PVO.4|5024,0,0.927366,1,2,1,0.724822,0.724822,0.724782,0.724822,0.723003,0.722817
704_VRC01_Concordance|1200432|vc|2|2|PVO.4|5024,0,0.913369,2,2,1,0.838072,0.838072,0.83805,0.838072,0.232662,0.232587
704_VRC01_Concordance|1200432|vc|3|2|PVO.4|5024,0,1,3,2,1,0.838072,0.838072,0.83805,0.838072,0.500266,0.500183
704_VRC01_Concordance|1200432|vc|4|2|PVO.4|5024,0,0.936054,4,2,1,0.838072,0.838072,0.83805,0.838072,0.302736,0.302658
704_VRC01_Concordance|1200432|vc|5|2|PVO.4|5024,0,0.990712,5,2,1,0.838072,0.838072,0.83805,0.838072,0.471575,0.471493
704_VRC01_Concordance|1200432|vc|6|2|PVO.4|5024,0,0.919832,6,2,1,0.838072,0.838072,0.83805,0.838072,0.252626,0.25255
704_VRC01_Concordance|1200432|vc|7|2|PVO.4|5024,0,0.864589,7,2,1,0.838072,0.838072,0.83805,0.838072,0.0819814,0.0819098
704_VRC01_Concordance|1200432|vc|8|2|PVO.4|5024,0,0.869461,8,2,1,0.724822,0.724822,0.724782,0.724822,0.516344,0.51617
