id,time,rlu_norm,plate_row,plate_col,virus_cc,popPred_medianCOV,popPred,indivPred_SAEM,indivPred_mode,indWRes_SAEM,indWRes_mode
130_bNAb_Combinations|1313842|cc|1|1|nan|2946,0,0.00107969,1,1,0,0,0,0,0,0.523167,0.523167
130_bNAb_Combinations|1313842|cc|2|1|nan|2946,0,0.000918885,2,1,0,0,0,0,0,0.445248,0.445248
130_bNAb_Combinations|1313842|cc|3|1|nan|2946,0,0.00110266,3,1,0,0,0,0,0,0.534298,0.534298
130_bNAb_Combinations|1313842|cc|4|1|nan|2946,0,0.00133238,4,1,0,0,0,0,0,0.64561,0.64561
130_bNAb_Combinations|1313842|cc|5|1|nan|2946,0,0.00153913,5,1,0,0,0,0,0,0.745791,0.745791
130_bNAb_Combinations|1313842|cc|6|1|nan|2946,0,0.00149319,6,1,0,0,0,0,0,0.723528,0.723528
130_bNAb_Combinations|1313842|cc|7|1|nan|2946,0,0.00149319,7,1,0,0,0,0,0,0.723528,0.723528
130_bNAb_Combinations|1313842|cc|8|1|nan|2946,0,0.000826997,8,1,0,0,0,0,0,0.400723,0.400723
130_bNAb_Combinations|1313842|sample|10|nan|2946,0.0003648,0.782305,1,10,1,0.895886,0.882825,0.885319,0.885998,-0.808345,-0.813061
130_bNAb_Combinations|1313842|sample|10|nan|2946,0.001824,0.882187,2,10,1,0.895886,0.859787,0.867208,0.869188,0.119956,0.103864
130_bNAb_Combinations|1313842|sample|10|nan|2946,0.00912,0.889573,3,10,1,0.89588,0.798436,0.819818,0.824981,0.590328,0.54328
130_bNAb_Combinations|1313842|sample|10|nan|2946,0.0456,0.751223,4,10,1,0.895821,0.649092,0.703722,0.715645,0.466974,0.34405
130_bNAb_Combinations|1313842|sample|10|nan|2946,0.228,0.542866,5,10,1,0.8952,0.364268,0.465081,0.486188,1.14514,0.79924
130_bNAb_Combinations|1313842|sample|10|nan|2946,1.14,0.150628,6,10,1,0.888694,0.0742435,0.152409,0.17104,-0.0752994,-0.776546
130_bNAb_Combinations|1313842|sample|10|nan|2946,5.7,0.0141738,7,10,1,0.823127,0.00300593,0.00948999,0.0120672,1.37449,0.55838
130_bNAb_Combinations|1313842|sample|10|nan|2946,28.5,0.000252693,8,10,1,0.369024,0.00215084,0.00216417,0.00215643,-0.806448,-0.803556
130_bNAb_Combinations|1313842|sample|11|nan|2946,0.0003712,0.787795,1,11,1,0.895886,0.88268,0.890715,0.891677,-0.802796,-0.809436
130_bNAb_Combinations|1313842|sample|11|nan|2946,0.001856,0.899692,2,11,1,0.895886,0.859391,0.880191,0.882845,0.153904,0.13256
130_bNAb_Combinations|1313842|sample|11|nan|2946,0.00928,0.943259,3,11,1,0.89588,0.797408,0.849359,0.85591,0.767498,0.708582
130_bNAb_Combinations|1313842|sample|11|nan|2946,0.0464,0.770876,4,11,1,0.895819,0.646759,0.763232,0.777236,0.0693953,-0.0567175
130_bNAb_Combinations|1313842|sample|11|nan|2946,0.2319999999999999,0.591682,5,11,1,0.895182,0.360635,0.554129,0.575986,0.466282,0.187672
130_bNAb_Combinations|1313842|sample|11|nan|2946,1.16,0.238543,6,11,1,0.88851,0.0722565,0.213516,0.228022,0.774814,0.306232
130_bNAb_Combinations|1313842|sample|11|nan|2946,5.8,0.0150238,7,11,1,0.821335,0.00294329,0.0144397,0.0149809,0.142167,0.0102358
130_bNAb_Combinations|1313842|sample|11|nan|2946,29,0,8,11,1,0.360733,0.00215085,0.00216478,0.00215318,-0.913285,-0.90902
130_bNAb_Combinations|1313842|sample|12|nan|2946,0.0003712,0.726907,1,12,1,0.895886,0.88268,0.884471,0.883663,-1.23756,-1.23232
130_bNAb_Combinations|1313842|sample|12|nan|2946,0.001856,0.725805,2,12,1,0.895886,0.859391,0.865318,0.863965,-1.11964,-1.11049
130_bNAb_Combinations|1313842|sample|12|nan|2946,0.00928,0.699823,3,12,1,0.89588,0.797408,0.815894,0.81404,-0.986945,-0.973352
130_bNAb_Combinations|1313842|sample|12|nan|2946,0.0464,0.628667,4,12,1,0.895819,0.646759,0.696727,0.695721,-0.675663,-0.666623
130_bNAb_Combinations|1313842|sample|12|nan|2946,0.2319999999999999,0.46638,5,12,1,0.895182,0.360635,0.456366,0.460017,0.150158,0.0946723
130_bNAb_Combinations|1313842|sample|12|nan|2946,1.16,0.173084,6,12,1,0.88851,0.0722565,0.148041,0.155844,1.08748,0.714337
130_bNAb_Combinations|1313842|sample|12|nan|2946,5.8,0.0100848,7,12,1,0.821335,0.00294329,0.00933619,0.0110643,0.221088,-0.269806
130_bNAb_Combinations|1313842|sample|12|nan|2946,29,0.00119455,8,12,1,0.360733,0.00215085,0.00216443,0.00215697,-0.409184,-0.406218
130_bNAb_Combinations|1313842|sample|3|nan|2946,0.000064,0.866394,1,3,1,0.895886,0.891577,0.895332,0.895138,-0.224578,-0.22312
130_bNAb_Combinations|1313842|sample|3|nan|2946,0.00032,0.944316,2,3,1,0.895886,0.883868,0.893889,0.893644,0.391961,0.393968
130_bNAb_Combinations|1313842|sample|3|nan|2946,0.0016,0.961051,3,3,1,0.895886,0.862635,0.889445,0.889178,0.559323,0.561576
130_bNAb_Combinations|1313842|sample|3|nan|2946,0.008,0.986159,4,3,1,0.895881,0.805862,0.875854,0.875911,0.874759,0.874255
130_bNAb_Combinations|1313842|sample|3|nan|2946,0.04,0.882578,5,3,1,0.895832,0.666111,0.835173,0.837292,0.393937,0.37539
130_bNAb_Combinations|1313842|sample|3|nan|2946,0.2,0.77709,6,3,1,0.895319,0.391485,0.721132,0.731426,0.537088,0.432236
130_bNAb_Combinations|1313842|sample|3|nan|2946,1,0.473111,7,3,1,0.889944,0.0902928,0.458764,0.488081,0.214038,-0.2103
130_bNAb_Combinations|1313842|sample|3|nan|2946,5,0.151731,8,3,1,0.835366,0.00362987,0.115378,0.146789,1.97536,0.216269
130_bNAb_Combinations|1313842|sample|4|nan|2946,0.000064,0.844789,1,4,1,0.895886,0.891577,0.894409,0.894842,-0.38547,-0.388649
130_bNAb_Combinations|1313842|sample|4|nan|2946,0.00032,0.96429,2,4,1,0.895886,0.883868,0.891527,0.892883,0.567054,0.555658
130_bNAb_Combinations|1313842|sample|4|nan|2946,0.0016,0.942363,3,4,1,0.895886,0.862635,0.883541,0.887267,0.462487,0.431397
130_bNAb_Combinations|1313842|sample|4|nan|2946,0.008,0.926512,4,4,1,0.895881,0.805862,0.86165,0.8713,0.522714,0.440099
130_bNAb_Combinations|1313842|sample|4|nan|2946,0.04,0.878374,5,4,1,0.895832,0.666111,0.803455,0.826935,0.646719,0.431645
130_bNAb_Combinations|1313842|sample|4|nan|2946,0.2,0.73798,6,4,1,0.895319,0.391485,0.661268,0.711529,0.801509,0.257241
130_bNAb_Combinations|1313842|sample|4|nan|2946,1,0.443512,7,4,1,0.889944,0.0902928,0.384935,0.462168,1.03536,-0.276333
130_bNAb_Combinations|1313842|sample|4|nan|2946,5,0.140934,8,4,1,0.835366,0.00362987,0.0870945,0.135238,3.73947,0.268496
130_bNAb_Combinations|1313842|sample|5|nan|2946,0.0006144,0.829983,1,5,1,0.895886,0.877706,0.867523,0.867447,-0.300514,-0.299932
130_bNAb_Combinations|1313842|sample|5|nan|2946,0.003072,0.89357,2,5,1,0.895885,0.845901,0.841772,0.841806,0.427127,0.426828
130_bNAb_Combinations|1313842|sample|5|nan|2946,0.01536,0.91946,3,5,1,0.895873,0.76287,0.794174,0.794452,1.09391,1.09111
130_bNAb_Combinations|1313842|sample|5|nan|2946,0.0768,0.844513,4,5,1,0.895746,0.571491,0.709748,0.710504,1.31383,1.30509
130_bNAb_Combinations|1313842|sample|5|nan|2946,0.384,0.634686,5,5,1,0.894416,0.255724,0.571382,0.572911,0.762881,0.742508
130_bNAb_Combinations|1313842|sample|5|nan|2946,1.92,0.273162,6,5,1,0.880549,0.0290507,0.376303,0.378643,-1.86331,-1.89424
130_bNAb_Combinations|1313842|sample|5|nan|2946,9.6,0.101927,7,5,1,0.74726,0.00221004,0.168974,0.171306,-2.57942,-2.63564
130_bNAb_Combinations|1313842|sample|5|nan|2946,48,0.049482,8,5,1,0.135614,0.00215083,0.0375916,0.0386674,1.60957,1.43437
130_bNAb_Combinations|1313842|sample|6|nan|2946,0.0006144,0.807137,1,6,1,0.895886,0.877706,0.890087,0.875202,-0.647467,-0.540169
130_bNAb_Combinations|1313842|sample|6|nan|2946,0.003072,0.913073,2,6,1,0.895885,0.845901,0.881606,0.854364,0.247948,0.477103
130_bNAb_Combinations|1313842|sample|6|nan|2946,0.01536,0.905757,3,6,1,0.895873,0.76287,0.861251,0.813554,0.358828,0.786212
130_bNAb_Combinations|1313842|sample|6|nan|2946,0.0768,0.884312,4,6,1,0.895746,0.571491,0.813551,0.73659,0.603382,1.38869
130_bNAb_Combinations|1313842|sample|6|nan|2946,0.384,0.63016,5,6,1,0.894416,0.255724,0.708037,0.602081,-0.761016,0.321534
130_bNAb_Combinations|1313842|sample|6|nan|2946,1.92,0.318692,6,6,1,0.880549,0.0290507,0.504872,0.400206,-2.53095,-1.38772
130_bNAb_Combinations|1313842|sample|6|nan|2946,9.6,0.14291,7,6,1,0.74726,0.00221004,0.222424,0.175684,-2.36916,-1.21642
130_bNAb_Combinations|1313842|sample|6|nan|2946,48,0.0423376,8,6,1,0.135614,0.00215083,0.0321005,0.034704,1.54882,1.0939
130_bNAb_Combinations|1313842|sample|7|nan|2946,0.0000768,0.796949,1,7,1,0.895886,0.891045,0.893902,0.893847,-0.753597,-0.75321
130_bNAb_Combinations|1313842|sample|7|nan|2946,0.000384,1,2,7,1,0.895886,0.882393,0.889677,0.889838,0.861525,0.860114
130_bNAb_Combinations|1313842|sample|7|nan|2946,0.00192,0.911982,3,7,1,0.895886,0.858608,0.877127,0.878031,0.276022,0.268587
130_bNAb_Combinations|1313842|sample|7|nan|2946,0.0096,0.8727,4,7,1,0.895879,0.795375,0.84055,0.843863,0.265484,0.237207
130_bNAb_Combinations|1313842|sample|7|nan|2946,0.048,0.846259,5,7,1,0.895816,0.642161,0.739829,0.750022,0.996213,0.888796
130_bNAb_Combinations|1313842|sample|7|nan|2946,0.24,0.530266,6,7,1,0.895146,0.353545,0.505013,0.528738,0.3432,0.0198581
130_bNAb_Combinations|1313842|sample|7|nan|2946,1.2,0.187832,7,7,1,0.888137,0.0684805,0.162404,0.18863,1.01455,-0.0277475
130_bNAb_Combinations|1313842|sample|7|nan|2946,6,0.0118536,8,7,1,0.817719,0.00283244,0.00761428,0.0110211,1.34923,0.229703
130_bNAb_Combinations|1313842|sample|8|nan|2946,0.0000768,0.807666,1,8,1,0.895886,0.891045,0.893357,0.89309,-0.666463,-0.664582
130_bNAb_Combinations|1313842|sample|8|nan|2946,0.000384,0.9013,2,8,1,0.895886,0.882393,0.888427,0.888,0.100669,0.104058
130_bNAb_Combinations|1313842|sample|8|nan|2946,0.00192,0.96043,3,8,1,0.895886,0.858608,0.87449,0.873757,0.68258,0.688972
130_bNAb_Combinations|1313842|sample|8|nan|2946,0.0096,0.907296,4,8,1,0.895879,0.795375,0.835876,0.834702,0.593007,0.603594
130_bNAb_Combinations|1313842|sample|8|nan|2946,0.048,0.786233,5,8,1,0.895816,0.642161,0.734767,0.733491,0.484984,0.49786
130_bNAb_Combinations|1313842|sample|8|nan|2946,0.24,0.560359,6,8,1,0.895146,0.353545,0.50881,0.509289,0.695498,0.6884
130_bNAb_Combinations|1313842|sample|8|nan|2946,1.2,0.163389,7,8,1,0.888137,0.0684805,0.179646,0.18301,-0.591048,-0.70122
130_bNAb_Combinations|1313842|sample|8|nan|2946,6,0.0142427,8,8,1,0.817719,0.00283244,0.0113679,0.0122957,0.782558,0.511689
130_bNAb_Combinations|1313842|sample|9|nan|2946,0.0003648,0.848418,1,9,1,0.895886,0.882825,0.891647,0.889102,-0.336846,-0.317906
130_bNAb_Combinations|1313842|sample|9|nan|2946,0.001824,0.929671,2,9,1,0.895886,0.859787,0.881927,0.876078,0.376064,0.424905
130_bNAb_Combinations|1313842|sample|9|nan|2946,0.00912,0.902196,3,9,1,0.89588,0.798436,0.851169,0.83887,0.416197,0.523963
130_bNAb_Combinations|1313842|sample|9|nan|2946,0.0456,0.850118,4,9,1,0.895821,0.649092,0.758782,0.738402,0.833983,1.04768
130_bNAb_Combinations|1313842|sample|9|nan|2946,0.228,0.545806,5,9,1,0.8952,0.364268,0.523442,0.507822,0.293534,0.513448
130_bNAb_Combinations|1313842|sample|9|nan|2946,1.14,0.154396,6,9,1,0.888694,0.0742435,0.159053,0.170481,-0.18941,-0.613786
130_bNAb_Combinations|1313842|sample|9|nan|2946,5.7,0.0108658,7,9,1,0.823127,0.00300593,0.00557623,0.00906861,1.85376,0.5368
130_bNAb_Combinations|1313842|sample|9|nan|2946,28.5,0.000413498,8,9,1,0.369024,0.00215084,0.00216157,0.00215166,-0.737622,-0.733875
130_bNAb_Combinations|1313842|vc|1|2|nan|2946,0,0.842836,1,2,1,0.895886,0.895886,0.896024,0.895886,-0.412454,-0.411448
130_bNAb_Combinations|1313842|vc|2|2|nan|2946,0,0.947647,2,2,1,0.895886,0.895886,0.896024,0.895886,0.400319,0.401448
130_bNAb_Combinations|1313842|vc|3|2|nan|2946,0,0.949806,3,2,1,0.895886,0.895886,0.896024,0.895886,0.417064,0.418196
130_bNAb_Combinations|1313842|vc|4|2|nan|2946,0,0.93376,4,2,1,0.895886,0.895886,0.896024,0.895886,0.292632,0.293745
130_bNAb_Combinations|1313842|vc|5|2|nan|2946,0,0.949576,5,2,1,0.895886,0.895886,0.896024,0.895886,0.415282,0.416414
130_bNAb_Combinations|1313842|vc|6|2|nan|2946,0,0.978843,6,2,1,0.895886,0.895886,0.896024,0.895886,0.642235,0.643401
130_bNAb_Combinations|1313842|vc|7|2|nan|2946,0,0.900864,7,2,1,0.895886,0.895886,0.896024,0.895886,0.0375325,0.0386067
130_bNAb_Combinations|1313842|vc|8|2|nan|2946,0,0.690864,8,2,1,0.895886,0.895886,0.896024,0.895886,-1.59095,-1.59012
130_bNAb_Combinations|1313860|cc|1|1|PVO.4|5024,0,0.000722109,1,1,0,0,0,0,0,0.3499,0.3499
130_bNAb_Combinations|1313860|cc|2|1|PVO.4|5024,0,0.000902636,2,1,0,0,0,0,0,0.437374,0.437374
130_bNAb_Combinations|1313860|cc|3|1|PVO.4|5024,0,0.0011634,3,1,0,0,0,0,0,0.563727,0.563727
130_bNAb_Combinations|1313860|cc|4|1|PVO.4|5024,0,0.00162474,4,1,0,0,0,0,0,0.787274,0.787274
130_bNAb_Combinations|1313860|cc|5|1|PVO.4|5024,0,0.00138404,5,1,0,0,0,0,0,0.670641,0.670641
130_bNAb_Combinations|1313860|cc|6|1|PVO.4|5024,0,0.0016448,6,1,0,0,0,0,0,0.796993,0.796993
130_bNAb_Combinations|1313860|cc|7|1|PVO.4|5024,0,0.00178521,7,1,0,0,0,0,0,0.86503,0.86503
130_bNAb_Combinations|1313860|cc|8|1|PVO.4|5024,0,0.00148433,8,1,0,0,0,0,0,0.719238,0.719238
130_bNAb_Combinations|1313860|sample|10|PVO.4|5024,0.0003648,0.940566,1,10,1,0.895886,0.882829,0.886781,0.886471,0.42137,0.423944
130_bNAb_Combinations|1313860|sample|10|PVO.4|5024,0.001824,0.927278,2,10,1,0.895886,0.85979,0.866562,0.866509,0.486574,0.48703
130_bNAb_Combinations|1313860|sample|10|PVO.4|5024,0.00912,0.889708,3,10,1,0.89588,0.798439,0.804497,0.80645,0.734622,0.71608
130_bNAb_Combinations|1313860|sample|10|PVO.4|5024,0.0456,0.686274,4,10,1,0.895821,0.649095,0.633335,0.643112,0.576974,0.463423
130_bNAb_Combinations|1313860|sample|10|PVO.4|5024,0.228,0.317477,5,10,1,0.8952,0.364269,0.294107,0.315991,0.534604,0.0317455
130_bNAb_Combinations|1313860|sample|10|PVO.4|5024,1.14,0.0365267,6,10,1,0.888694,0.0742438,0.0271029,0.0358293,1.59673,0.0976984
130_bNAb_Combinations|1313860|sample|10|PVO.4|5024,5.7,0.000641874,7,10,1,0.823127,0.00300598,0.00217312,0.00218685,-0.645685,-0.65094
130_bNAb_Combinations|1313860|sample|10|PVO.4|5024,28.5,0.000441289,8,10,1,0.369024,0.00215088,0.00216158,0.00215087,-0.725901,-0.721844
130_bNAb_Combinations|1313860|sample|11|PVO.4|5024,0.0003712,0.89049,1,11,1,0.895886,0.882655,0.884369,0.884752,0.0480857,0.0450563
130_bNAb_Combinations|1313860|sample|11|PVO.4|5024,0.001856,0.925934,2,11,1,0.895886,0.859313,0.859865,0.861044,0.533528,0.523298
130_bNAb_Combinations|1313860|sample|11|PVO.4|5024,0.00928,0.859359,3,11,1,0.89588,0.797191,0.787151,0.790006,0.635992,0.608684
130_bNAb_Combinations|1313860|sample|11|PVO.4|5024,0.0464,0.674941,4,11,1,0.895819,0.646206,0.596344,0.601417,0.908472,0.842845
130_bNAb_Combinations|1313860|sample|11|PVO.4|5024,0.2319999999999999,0.244805,5,11,1,0.895182,0.359442,0.249859,0.254058,-0.134964,-0.243239
130_bNAb_Combinations|1313860|sample|11|PVO.4|5024,1.16,0.0178521,6,11,1,0.88851,0.0704178,0.0168076,0.0171654,0.235055,0.152793
130_bNAb_Combinations|1313860|sample|11|PVO.4|5024,5.8,0.00070205,7,11,1,0.821335,0.00094953,0.000138219,0.000159626,0.270639,0.259985
130_bNAb_Combinations|1313860|sample|11|PVO.4|5024,29,0.000160469,8,11,1,0.360733,0.00015531,0.000133743,0.000155305,0.0128324,0.00247576
130_bNAb_Combinations|1313860|sample|12|PVO.4|5024,0.0003712,0.939283,1,12,1,0.895886,0.882655,0.886878,0.886106,0.410505,0.416906
130_bNAb_Combinations|1313860|sample|12|PVO.4|5024,0.001856,0.916777,2,12,1,0.895886,0.859313,0.865189,0.863538,0.414074,0.428128
130_bNAb_Combinations|1313860|sample|12|PVO.4|5024,0.00928,0.891313,3,12,1,0.89588,0.797191,0.795111,0.792066,0.838988,0.868812
130_bNAb_Combinations|1313860|sample|12|PVO.4|5024,0.0464,0.651633,4,12,1,0.895819,0.646206,0.596207,0.593242,0.64079,0.678369
130_bNAb_Combinations|1313860|sample|12|PVO.4|5024,0.2319999999999999,0.224295,5,12,1,0.895182,0.359442,0.224136,0.226198,0.00469615,-0.0558215
130_bNAb_Combinations|1313860|sample|12|PVO.4|5024,1.16,0.00968829,6,12,1,0.88851,0.0704178,0.00843819,0.00947223,0.383615,0.0634515
130_bNAb_Combinations|1313860|sample|12|PVO.4|5024,5.8,0.000661933,7,12,1,0.821335,0.00094953,0.00013392,0.000155639,0.25352,0.242733
130_bNAb_Combinations|1313860|sample|12|PVO.4|5024,29,0,8,12,1,0.360733,0.00015531,0.000133743,0.000155305,-0.064216,-0.0744598
130_bNAb_Combinations|1313860|sample|3|PVO.4|5024,0.000064,0.942953,1,3,1,0.895886,0.891581,0.895688,0.895386,0.366663,0.369133
130_bNAb_Combinations|1313860|sample|3|PVO.4|5024,0.00032,0.869078,2,3,1,0.895886,0.883872,0.894841,0.894239,-0.200049,-0.195502
130_bNAb_Combinations|1313860|sample|3|PVO.4|5024,0.0016,0.85281,3,3,1,0.895886,0.862639,0.891889,0.890495,-0.304425,-0.294022
130_bNAb_Combinations|1313860|sample|3|PVO.4|5024,0.008,0.886438,4,3,1,0.895881,0.805865,0.881648,0.878347,0.0377413,0.0639871
130_bNAb_Combinations|1313860|sample|3|PVO.4|5024,0.04,0.784701,5,3,1,0.895832,0.666114,0.846787,0.839726,-0.508977,-0.45482
130_bNAb_Combinations|1313860|sample|3|PVO.4|5024,0.2,0.757893,6,3,1,0.895319,0.391487,0.735529,0.72485,0.210538,0.315557
130_bNAb_Combinations|1313860|sample|3|PVO.4|5024,1,0.495868,7,3,1,0.889944,0.0902932,0.450287,0.448418,0.692395,0.723685
130_bNAb_Combinations|1313860|sample|3|PVO.4|5024,5,0.0938942,8,3,1,0.835366,0.00362992,0.083275,0.0951554,0.766353,-0.0811635
130_bNAb_Combinations|1313860|sample|4|PVO.4|5024,0.000064,0.963754,1,4,1,0.895886,0.891581,0.895256,0.895311,0.531633,0.531171
130_bNAb_Combinations|1313860|sample|4|PVO.4|5024,0.00032,0.848879,2,4,1,0.895886,0.883872,0.893653,0.894038,-0.348117,-0.350965
130_bNAb_Combinations|1313860|sample|4|PVO.4|5024,0.0016,0.847455,3,4,1,0.895886,0.862639,0.888737,0.889977,-0.322715,-0.331954
130_bNAb_Combinations|1313860|sample|4|PVO.4|5024,0.008,0.867142,4,4,1,0.895881,0.805865,0.873773,0.877103,-0.0527081,-0.0788871
130_bNAb_Combinations|1313860|sample|4|PVO.4|5024,0.04,0.805653,5,4,1,0.895832,0.666114,0.829281,0.83715,-0.197725,-0.261133
130_bNAb_Combinations|1313860|sample|4|PVO.4|5024,0.2,0.707095,6,4,1,0.895319,0.391487,0.706146,0.7212,0.00929256,-0.135371
130_bNAb_Combinations|1313860|sample|4|PVO.4|5024,1,0.503972,7,4,1,0.889944,0.0902932,0.431197,0.448184,1.15281,0.851281
130_bNAb_Combinations|1313860|sample|4|PVO.4|5024,5,0.0983672,8,4,1,0.835366,0.00362992,0.0964783,0.0998283,0.120109,-0.0901845
130_bNAb_Combinations|1313860|sample|5|PVO.4|5024,0.0006144,0.899286,1,5,1,0.895886,0.87771,0.890155,0.890765,0.0712654,0.0664578
130_bNAb_Combinations|1313860|sample|5|PVO.4|5024,0.003072,0.907339,2,5,1,0.895885,0.845905,0.879454,0.881306,0.220249,0.2052
130_bNAb_Combinations|1313860|sample|5|PVO.4|5024,0.01536,0.855779,3,5,1,0.895873,0.762873,0.849772,0.854796,0.049071,0.00798588
130_bNAb_Combinations|1313860|sample|5|PVO.4|5024,0.0768,0.837576,4,5,1,0.895746,0.571493,0.770887,0.783304,0.599542,0.48032
130_bNAb_Combinations|1313860|sample|5|PVO.4|5024,0.384,0.66436,5,5,1,0.894416,0.255725,0.584872,0.610334,0.936356,0.610488
130_bNAb_Combinations|1313860|sample|5|PVO.4|5024,1.92,0.280479,6,5,1,0.880549,0.0290509,0.268218,0.299979,0.306174,-0.437763
130_bNAb_Combinations|1313860|sample|5|PVO.4|5024,9.6,0.0437879,7,5,1,0.74726,0.00221008,0.0314945,0.041459,1.88437,0.293497
130_bNAb_Combinations|1313860|sample|5|PVO.4|5024,48,0.00302884,8,5,1,0.135614,0.00215087,0.00222752,0.00228854,0.336803,0.310031
130_bNAb_Combinations|1313860|sample|6|PVO.4|5024,0.0006144,0.902947,1,6,1,0.895886,0.87771,0.893074,0.892145,0.0768099,0.0841236
130_bNAb_Combinations|1313860|sample|6|PVO.4|5024,0.003072,1,2,6,1,0.895885,0.845905,0.886575,0.884412,0.888795,0.907926
130_bNAb_Combinations|1313860|sample|6|PVO.4|5024,0.01536,0.888003,3,6,1,0.895873,0.762873,0.866027,0.861033,0.176222,0.217505
130_bNAb_Combinations|1313860|sample|6|PVO.4|5024,0.0768,0.842731,4,6,1,0.895746,0.571493,0.803228,0.79291,0.341091,0.435683
130_bNAb_Combinations|1313860|sample|6|PVO.4|5024,0.384,0.660529,5,6,1,0.894416,0.255725,0.630956,0.61548,0.323489,0.504893
130_bNAb_Combinations|1313860|sample|6|PVO.4|5024,1.92,0.278232,6,6,1,0.880549,0.0290509,0.291813,0.283434,-0.313005,-0.123243
130_bNAb_Combinations|1313860|sample|6|PVO.4|5024,9.6,0.029446,7,6,1,0.74726,0.00221008,0.0268129,0.0283008,0.449268,0.188611
130_bNAb_Combinations|1313860|sample|6|PVO.4|5024,48,0.00204597,8,6,1,0.135614,0.00215087,0.00217317,0.00217256,-0.0536366,-0.0533786
130_bNAb_Combinations|1313860|sample|7|PVO.4|5024,0.0000768,0.964978,1,7,1,0.895886,0.891049,0.891476,0.891803,0.572845,0.570091
130_bNAb_Combinations|1313860|sample|7|PVO.4|5024,0.000384,0.899587,2,7,1,0.895886,0.882397,0.882566,0.883694,0.133968,0.124935
130_bNAb_Combinations|1313860|sample|7|PVO.4|5024,0.00192,0.93161,3,7,1,0.895886,0.858611,0.856612,0.859829,0.607903,0.57968
130_bNAb_Combinations|1313860|sample|7|PVO.4|5024,0.0096,0.845689,4,7,1,0.895879,0.795379,0.783923,0.792115,0.546222,0.468965
130_bNAb_Combinations|1313860|sample|7|PVO.4|5024,0.048,0.647902,5,7,1,0.895816,0.642164,0.602555,0.61967,0.51887,0.314318
130_bNAb_Combinations|1313860|sample|7|PVO.4|5024,0.24,0.298712,6,7,1,0.895146,0.353547,0.276843,0.297971,0.529918,0.0167574
130_bNAb_Combinations|1313860|sample|7|PVO.4|5024,1.2,0.0363862,7,7,1,0.888137,0.0684809,0.0296571,0.035398,1.07432,0.139645
130_bNAb_Combinations|1313860|sample|7|PVO.4|5024,6,0.00108316,8,7,1,0.817719,0.00283248,0.0021972,0.00220745,-0.469084,-0.473111
130_bNAb_Combinations|1313860|sample|8|PVO.4|5024,0.0000768,0.950786,1,8,1,0.895886,0.891049,0.891192,0.891384,0.464601,0.463004
130_bNAb_Combinations|1313860|sample|8|PVO.4|5024,0.000384,0.92461,2,8,1,0.895886,0.882397,0.881891,0.882654,0.336497,0.330203
130_bNAb_Combinations|1313860|sample|8|PVO.4|5024,0.00192,0.843312,3,8,1,0.895886,0.858611,0.855118,0.857382,-0.0958561,-0.113936
130_bNAb_Combinations|1313860|sample|8|PVO.4|5024,0.0096,0.847094,4,8,1,0.895879,0.795379,0.781088,0.786952,0.585792,0.52984
130_bNAb_Combinations|1313860|sample|8|PVO.4|5024,0.048,0.634433,5,8,1,0.895816,0.642164,0.598848,0.611262,0.409636,0.261438
130_bNAb_Combinations|1313860|sample|8|PVO.4|5024,0.24,0.29454,6,8,1,0.895146,0.353547,0.275498,0.291092,0.463555,0.0796622
130_bNAb_Combinations|1313860|sample|8|PVO.4|5024,1.2,0.0356641,7,8,1,0.888137,0.0684809,0.0303381,0.0347734,0.837414,0.127456
130_bNAb_Combinations|1313860|sample|8|PVO.4|5024,6,0.00112328,8,8,1,0.817719,0.00283248,0.00220419,0.00221271,-0.454947,-0.458299
130_bNAb_Combinations|1313860|sample|9|PVO.4|5024,0.0003648,0.996159,1,9,1,0.895886,0.882829,0.88763,0.886099,0.849439,0.862886
130_bNAb_Combinations|1313860|sample|9|PVO.4|5024,0.001824,0.900911,2,9,1,0.895886,0.85979,0.869358,0.865512,0.252059,0.28402
130_bNAb_Combinations|1313860|sample|9|PVO.4|5024,0.00912,0.872167,3,9,1,0.89588,0.798439,0.813247,0.803965,0.502595,0.588366
130_bNAb_Combinations|1313860|sample|9|PVO.4|5024,0.0456,0.672464,4,9,1,0.895821,0.649095,0.65668,0.637974,0.166038,0.373217
130_bNAb_Combinations|1313860|sample|9|PVO.4|5024,0.228,0.315531,5,9,1,0.8952,0.364269,0.33167,0.30979,-0.329146,0.124981
130_bNAb_Combinations|1313860|sample|9|PVO.4|5024,1.14,0.0348417,6,9,1,0.888694,0.0742438,0.0393202,0.0343279,-0.586798,0.074205
130_bNAb_Combinations|1313860|sample|9|PVO.4|5024,5.7,0.0010631,7,9,1,0.823127,0.00300598,0.00220272,0.00218381,-0.479695,-0.472269
130_bNAb_Combinations|1313860|sample|9|PVO.4|5024,28.5,0.000762226,8,9,1,0.369024,0.00215088,0.00216158,0.00215087,-0.590477,-0.586333
130_bNAb_Combinations|1313860|vc|1|2|PVO.4|5024,0,0.954858,1,2,1,0.895886,0.89589,0.896028,0.89589,0.456209,0.457347
130_bNAb_Combinations|1313860|vc|2|2|PVO.4|5024,0,0.902094,2,2,1,0.895886,0.89589,0.896028,0.89589,0.0470417,0.0481173
130_bNAb_Combinations|1313860|vc|3|2|PVO.4|5024,0,0.86299,3,2,1,0.895886,0.89589,0.896028,0.89589,-0.256198,-0.255168
130_bNAb_Combinations|1313860|vc|4|2|PVO.4|5024,0,0.843613,4,2,1,0.895886,0.89589,0.896028,0.89589,-0.406457,-0.40545
130_bNAb_Combinations|1313860|vc|5|2|PVO.4|5024,0,0.869359,5,2,1,0.895886,0.89589,0.896028,0.89589,-0.206812,-0.205775
130_bNAb_Combinations|1313860|vc|6|2|PVO.4|5024,0,0.81162,6,2,1,0.895886,0.89589,0.896028,0.89589,-0.654555,-0.653586
130_bNAb_Combinations|1313860|vc|7|2|PVO.4|5024,0,0.761714,7,2,1,0.895886,0.89589,0.896028,0.89589,-1.04156,-1.04065
130_bNAb_Combinations|1313860|vc|8|2|PVO.4|5024,0,0.747362,8,2,1,0.895886,0.89589,0.896028,0.89589,-1.15285,-1.15196
130_bNAb_Combinations|1313884|cc|1|1|nan|4168,0,0.000363452,1,1,0,0,0,0,0,0.176112,0.176112
130_bNAb_Combinations|1313884|cc|2|1|nan|4168,0,0.000879936,2,1,0,0,0,0,0,0.426376,0.426376
130_bNAb_Combinations|1313884|cc|3|1|nan|4168,0,0.000248678,3,1,0,0,0,0,0,0.120497,0.120497
130_bNAb_Combinations|1313884|cc|4|1|nan|4168,0,5.73872e-05,4,1,0,0,0,0,0,0.0278071,0.0278071
130_bNAb_Combinations|1313884|cc|5|1|nan|4168,0,0,5,1,0,0,0,0,0,0,0
130_bNAb_Combinations|1313884|cc|6|1|nan|4168,0,0.000325194,6,1,0,0,0,0,0,0.157574,0.157574
130_bNAb_Combinations|1313884|cc|7|1|nan|4168,0,0.000554743,7,1,0,0,0,0,0,0.268802,0.268802
130_bNAb_Combinations|1313884|cc|8|1|nan|4168,0,0.000248678,8,1,0,0,0,0,0,0.120497,0.120497
130_bNAb_Combinations|1313884|sample|10|nan|4168,0.0003648,0.774009,1,10,1,0.895886,0.882837,0.784156,0.742812,-0.0897081,0.290867
130_bNAb_Combinations|1313884|sample|10|nan|4168,0.001824,0.732346,2,10,1,0.895886,0.859798,0.723892,0.674664,0.080839,0.590972
130_bNAb_Combinations|1313884|sample|10|nan|4168,0.00912,0.69975,3,10,1,0.89588,0.798446,0.637026,0.583284,0.67975,1.37561
130_bNAb_Combinations|1313884|sample|10|nan|4168,0.0456,0.452067,4,10,1,0.895821,0.6491,0.519358,0.468111,-0.889935,-0.234712
130_bNAb_Combinations|1313884|sample|10|nan|4168,0.228,0.221036,5,10,1,0.8952,0.364272,0.374932,0.335847,-2.79,-2.31359
130_bNAb_Combinations|1313884|sample|10|nan|4168,1.14,0.135271,6,10,1,0.888694,0.0742443,0.223211,0.203699,-2.61152,-2.21375
130_bNAb_Combinations|1313884|sample|10|nan|4168,5.7,0.0867311,7,10,1,0.823127,0.00300579,0.0982984,0.0963702,-0.723668,-0.613513
130_bNAb_Combinations|1313884|sample|10|nan|4168,28.5,0.0454124,8,10,1,0.369024,0.00215068,0.0277604,0.0321497,2.94443,2.00444
130_bNAb_Combinations|1313884|sample|11|nan|4168,0.0003712,0.771905,1,11,1,0.895886,0.882691,0.857221,0.840677,-0.691044,-0.567817
130_bNAb_Combinations|1313884|sample|11|nan|4168,0.001856,0.762522,2,11,1,0.895886,0.859402,0.81142,0.78586,-0.418025,-0.205883
130_bNAb_Combinations|1313884|sample|11|nan|4168,0.00928,0.738841,3,11,1,0.89588,0.797418,0.717563,0.684009,0.205216,0.554245
130_bNAb_Combinations|1313884|sample|11|nan|4168,0.0464,0.560166,4,11,1,0.895819,0.646767,0.545103,0.514166,0.190046,0.614339
130_bNAb_Combinations|1313884|sample|11|nan|4168,0.2319999999999999,0.294645,5,11,1,0.895182,0.36064,0.295324,0.286363,-0.0154771,0.194342
130_bNAb_Combinations|1313884|sample|11|nan|4168,1.16,0.069228,6,11,1,0.88851,0.0722572,0.0765026,0.0872422,-0.564019,-1.24937
130_bNAb_Combinations|1313884|sample|11|nan|4168,5.8,0.0138494,7,11,1,0.821335,0.00294309,0.00574821,0.00944806,2.81508,1.29386
130_bNAb_Combinations|1313884|sample|11|nan|4168,29,0.00181726,8,11,1,0.360733,0.00215063,0.00216627,0.00220266,-0.14723,-0.162227
130_bNAb_Combinations|1313884|sample|12|nan|4168,0.0003712,0.813233,1,12,1,0.895886,0.882691,0.867147,0.846788,-0.431776,-0.275077
130_bNAb_Combinations|1313884|sample|12|nan|4168,0.001856,0.742858,2,12,1,0.895886,0.859402,0.826915,0.792124,-0.705372,-0.431251
130_bNAb_Combinations|1313884|sample|12|nan|4168,0.00928,0.718258,3,12,1,0.89588,0.797418,0.736116,0.684777,-0.167986,0.338057
130_bNAb_Combinations|1313884|sample|12|nan|4168,0.0464,0.538636,4,12,1,0.895819,0.646767,0.553876,0.498555,-0.189311,0.551568
130_bNAb_Combinations|1313884|sample|12|nan|4168,0.2319999999999999,0.244077,5,12,1,0.895182,0.36064,0.276918,0.25024,-0.795573,-0.164329
130_bNAb_Combinations|1313884|sample|12|nan|4168,1.16,0.0551873,6,12,1,0.88851,0.0722572,0.0525964,0.0572569,0.272382,-0.203457
130_bNAb_Combinations|1313884|sample|12|nan|4168,5.8,0.00767075,7,12,1,0.821335,0.00294309,0.00301573,0.00431479,1.86886,1.25466
130_bNAb_Combinations|1313884|sample|12|nan|4168,29,0.00585349,8,12,1,0.360733,0.00215063,0.00216139,0.00215292,1.55795,1.56231
130_bNAb_Combinations|1313884|sample|3|nan|4168,0.000064,0.896254,1,3,1,0.895886,0.891588,0.89542,0.89566,0.00646459,0.0046066
130_bNAb_Combinations|1313884|sample|3|nan|4168,0.00032,0.883198,2,3,1,0.895886,0.88388,0.894253,0.895122,-0.0858949,-0.0925588
130_bNAb_Combinations|1313884|sample|3|nan|4168,0.0016,0.945425,3,3,1,0.895886,0.862646,0.890874,0.89337,0.425428,0.404846
130_bNAb_Combinations|1313884|sample|3|nan|4168,0.008,0.973478,4,3,1,0.895881,0.805872,0.881145,0.887682,0.727903,0.671472
130_bNAb_Combinations|1313884|sample|3|nan|4168,0.04,0.977246,5,3,1,0.895832,0.66612,0.853522,0.869381,1.00642,0.86167
130_bNAb_Combinations|1313884|sample|3|nan|4168,0.2,0.815472,6,3,1,0.895319,0.39149,0.778224,0.812298,0.331761,0.0270994
130_bNAb_Combinations|1313884|sample|3|nan|4168,1,0.719559,7,3,1,0.889944,0.0902939,0.595572,0.651101,1.43494,0.726195
130_bNAb_Combinations|1313884|sample|3|nan|4168,5,0.315142,8,3,1,0.835366,0.00362993,0.275289,0.317581,0.970866,-0.0518558
130_bNAb_Combinations|1313884|sample|4|nan|4168,0.000064,0.855298,1,4,1,0.895886,0.891588,0.89574,0.895683,-0.313712,-0.313286
130_bNAb_Combinations|1313884|sample|4|nan|4168,0.00032,0.910725,2,4,1,0.895886,0.88388,0.895109,0.895195,0.121218,0.120541
130_bNAb_Combinations|1313884|sample|4|nan|4168,0.0016,0.951039,3,4,1,0.895886,0.862646,0.893129,0.893601,0.450505,0.446606
130_bNAb_Combinations|1313884|sample|4|nan|4168,0.008,1,4,4,1,0.895881,0.805872,0.886941,0.888409,0.885568,0.872651
130_bNAb_Combinations|1313884|sample|4|nan|4168,0.04,0.93895,5,4,1,0.895832,0.66612,0.867788,0.871644,0.569496,0.536289
130_bNAb_Combinations|1313884|sample|4|nan|4168,0.2,0.839584,6,4,1,0.895319,0.39149,0.810308,0.819021,0.250615,0.174185
130_bNAb_Combinations|1313884|sample|4|nan|4168,1,0.743183,7,4,1,0.889944,0.0902939,0.653583,0.668299,0.946936,0.774353
130_bNAb_Combinations|1313884|sample|4|nan|4168,5,0.341148,8,4,1,0.835366,0.00362993,0.333794,0.344694,0.149049,-0.069708
130_bNAb_Combinations|1313884|sample|5|nan|4168,0.0006144,0.922661,1,5,1,0.895886,0.877718,0.893446,0.893115,0.227202,0.229857
130_bNAb_Combinations|1313884|sample|5|nan|4168,0.003072,0.913852,2,5,1,0.895885,0.845912,0.88897,0.88838,0.19446,0.199204
130_bNAb_Combinations|1313884|sample|5|nan|4168,0.01536,0.961512,3,5,1,0.895873,0.762879,0.876844,0.875679,0.6707,0.680821
130_bNAb_Combinations|1313884|sample|5|nan|4168,0.0768,0.95651,4,5,1,0.895746,0.571498,0.844525,0.842187,0.920471,0.942248
130_bNAb_Combinations|1313884|sample|5|nan|4168,0.384,0.877392,5,5,1,0.894416,0.255728,0.762132,0.757808,1.04789,1.09329
130_bNAb_Combinations|1313884|sample|5|nan|4168,1.92,0.606372,6,5,1,0.880549,0.0290511,0.575852,0.569619,0.365013,0.444246
130_bNAb_Combinations|1313884|sample|5|nan|4168,9.6,0.20403,7,5,1,0.74726,0.00221008,0.268711,0.264048,-1.61228,-1.5211
130_bNAb_Combinations|1313884|sample|5|nan|4168,48,0.0395206,8,5,1,0.135614,0.00215086,0.0355381,0.0350097,0.561193,0.642435
130_bNAb_Combinations|1313884|sample|6|nan|4168,0.0006144,0.914177,1,6,1,0.895886,0.877718,0.894447,0.892941,0.153273,0.165243
130_bNAb_Combinations|1313884|sample|6|nan|4168,0.003072,0.90533,2,6,1,0.895885,0.845912,0.89138,0.888004,0.108734,0.135552
130_bNAb_Combinations|1313884|sample|6|nan|4168,0.01536,0.984926,3,6,1,0.895873,0.762879,0.88244,0.874924,0.806785,0.873269
130_bNAb_Combinations|1313884|sample|6|nan|4168,0.0768,0.925091,4,6,1,0.895746,0.571498,0.856717,0.840857,0.554135,0.695333
130_bNAb_Combinations|1313884|sample|6|nan|4168,0.384,0.830947,5,6,1,0.894416,0.255728,0.785498,0.756099,0.401132,0.685807
130_bNAb_Combinations|1313884|sample|6|nan|4168,1.92,0.605607,6,6,1,0.880549,0.0290511,0.609089,0.569218,-0.0394329,0.440146
130_bNAb_Combinations|1313884|sample|6|nan|4168,9.6,0.219678,7,6,1,0.74726,0.00221008,0.289838,0.267348,-1.62749,-1.19401
130_bNAb_Combinations|1313884|sample|6|nan|4168,48,0.0417587,8,6,1,0.135614,0.00215086,0.0349678,0.0374483,0.967964,0.585098
130_bNAb_Combinations|1313884|sample|7|nan|4168,0.0000768,0.836418,1,7,1,0.895886,0.891056,0.854784,0.853828,-0.149178,-0.141566
130_bNAb_Combinations|1313884|sample|7|nan|4168,0.000384,0.922776,2,7,1,0.895886,0.882404,0.823791,0.823088,0.833737,0.840362
130_bNAb_Combinations|1313884|sample|7|nan|4168,0.00192,0.897153,3,7,1,0.895886,0.858619,0.77129,0.771598,1.13094,1.12774
130_bNAb_Combinations|1313884|sample|7|nan|4168,0.0096,0.78389,4,7,1,0.895879,0.795385,0.685872,0.688622,0.988146,0.956669
130_bNAb_Combinations|1313884|sample|7|nan|4168,0.048,0.503936,5,7,1,0.895816,0.642169,0.556484,0.563664,-0.649781,-0.729394
130_bNAb_Combinations|1313884|sample|7|nan|4168,0.24,0.280795,6,7,1,0.895146,0.35355,0.383695,0.396444,-1.82444,-1.98688
130_bNAb_Combinations|1313884|sample|7|nan|4168,1.2,0.161478,7,7,1,0.888137,0.0684812,0.198536,0.213997,-1.22792,-1.62252
130_bNAb_Combinations|1313884|sample|7|nan|4168,6,0.0913986,8,7,1,0.817719,0.00283229,0.0626292,0.0734435,2.63143,1.4405
130_bNAb_Combinations|1313884|sample|8|nan|4168,0.0000768,0.913412,1,8,1,0.895886,0.891056,0.881895,0.852897,0.248258,0.492608
130_bNAb_Combinations|1313884|sample|8|nan|4168,0.000384,0.818351,2,8,1,0.895886,0.882404,0.866927,0.821694,-0.389129,-0.0282292
130_bNAb_Combinations|1313884|sample|8|nan|4168,0.00192,0.894723,3,8,1,0.895886,0.858619,0.836661,0.769602,0.481657,1.1267
130_bNAb_Combinations|1313884|sample|8|nan|4168,0.0096,0.810594,4,8,1,0.895879,0.795385,0.777178,0.685967,0.298022,1.25623
130_bNAb_Combinations|1313884|sample|8|nan|4168,0.048,0.521984,5,8,1,0.895816,0.642169,0.666941,0.560532,-1.50195,-0.473307
130_bNAb_Combinations|1313884|sample|8|nan|4168,0.24,0.263512,6,8,1,0.895146,0.35355,0.485809,0.393426,-3.13706,-2.24847
130_bNAb_Combinations|1313884|sample|8|nan|4168,1.2,0.145199,7,8,1,0.888137,0.0684812,0.252526,0.211949,-2.83744,-2.08079
130_bNAb_Combinations|1313884|sample|8|nan|4168,6,0.0915325,8,8,1,0.817719,0.00283229,0.0665212,0.072704,2.1779,1.52338
130_bNAb_Combinations|1313884|sample|9|nan|4168,0.0003648,0.835442,1,9,1,0.895886,0.882837,0.831889,0.759486,0.0296407,0.692912
130_bNAb_Combinations|1313884|sample|9|nan|4168,0.001824,0.770136,2,9,1,0.895886,0.859798,0.787933,0.694961,-0.156604,0.748147
130_bNAb_Combinations|1313884|sample|9|nan|4168,0.00912,0.72326,3,9,1,0.89588,0.798446,0.717301,0.606339,0.0574988,1.3297
130_bNAb_Combinations|1313884|sample|9|nan|4168,0.0456,0.460312,4,9,1,0.895821,0.6491,0.609779,0.491752,-1.69046,-0.438481
130_bNAb_Combinations|1313884|sample|9|nan|4168,0.228,0.270179,5,9,1,0.8952,0.364272,0.460619,0.356642,-2.82996,-1.64474
130_bNAb_Combinations|1313884|sample|9|nan|4168,1.14,0.154668,6,9,1,0.888694,0.0742443,0.28402,0.218155,-3.05903,-1.92631
130_bNAb_Combinations|1313884|sample|9|nan|4168,5.7,0.0824654,7,9,1,0.823127,0.00300579,0.124006,0.103277,-2.11675,-1.24698
130_bNAb_Combinations|1313884|sample|9|nan|4168,28.5,0.0480713,8,9,1,0.369024,0.00215068,0.0309882,0.0338448,2.64767,2.07485
130_bNAb_Combinations|1313884|vc|1|2|nan|4168,0,0.9016,1,2,1,0.895886,0.895898,0.896035,0.895898,0.0431538,0.0442271
130_bNAb_Combinations|1313884|vc|2|2|nan|4168,0,0.943493,2,2,1,0.895886,0.895898,0.896035,0.895898,0.368014,0.369137
130_bNAb_Combinations|1313884|vc|3|2|nan|4168,0,0.895508,3,2,1,0.895886,0.895898,0.896035,0.895898,-0.00409195,-0.00302575
130_bNAb_Combinations|1313884|vc|4|2|nan|4168,0,0.872534,4,2,1,0.895886,0.895898,0.896035,0.895898,-0.182246,-0.181207
130_bNAb_Combinations|1313884|vc|5|2|nan|4168,0,0.872572,5,2,1,0.895886,0.895898,0.896035,0.895898,-0.181949,-0.18091
130_bNAb_Combinations|1313884|vc|6|2|nan|4168,0,0.86009,6,2,1,0.895886,0.895898,0.896035,0.895898,-0.27874,-0.277715
130_bNAb_Combinations|1313884|vc|7|2|nan|4168,0,0.851932,7,2,1,0.895886,0.895898,0.896035,0.895898,-0.342006,-0.340991
130_bNAb_Combinations|1313884|vc|8|2|nan|4168,0,0.811301,8,2,1,0.895886,0.895898,0.896035,0.895898,-0.657076,-0.656109
130_bNAb_Combinations|1313920|cc|1|1|nan|1798,0,0.00106207,1,1,0,0,0,0,0,0.514626,0.514626
130_bNAb_Combinations|1313920|cc|2|1|nan|1798,0,0.00146853,2,1,0,0,0,0,0,0.711582,0.711582
130_bNAb_Combinations|1313920|cc|3|1|nan|1798,0,0.00173077,3,1,0,0,0,0,0,0.838651,0.838651
130_bNAb_Combinations|1313920|cc|4|1|nan|1798,0,0.00124563,4,1,0,0,0,0,0,0.603574,0.603574
130_bNAb_Combinations|1313920|cc|5|1|nan|1798,0,0.0014292,5,1,0,0,0,0,0,0.692522,0.692522
130_bNAb_Combinations|1313920|cc|6|1|nan|1798,0,0.0014292,6,1,0,0,0,0,0,0.692522,0.692522
130_bNAb_Combinations|1313920|cc|7|1|nan|1798,0,0.0012063,7,1,0,0,0,0,0,0.584514,0.584514
130_bNAb_Combinations|1313920|cc|8|1|nan|1798,0,0.00215035,8,1,0,0,0,0,0,1.04196,1.04196
130_bNAb_Combinations|1313920|sample|10|nan|1798,0.0003648,0.782696,1,10,1,0.895886,0.835042,0.822799,0.824178,-0.338176,-0.349236
130_bNAb_Combinations|1313920|sample|10|nan|1798,0.001824,0.776855,2,10,1,0.895886,0.81325,0.779028,0.779231,-0.019336,-0.0211412
130_bNAb_Combinations|1313920|sample|10|nan|1798,0.00912,0.694879,3,10,1,0.89588,0.75522,0.658545,0.657969,0.381171,0.387543
130_bNAb_Combinations|1313920|sample|10|nan|1798,0.0456,0.420198,4,10,1,0.895821,0.61396,0.393409,0.395494,0.463655,0.425391
130_bNAb_Combinations|1313920|sample|10|nan|1798,0.228,0.0873778,5,10,1,0.8952,0.344552,0.0825767,0.0869643,0.348971,0.0287607
130_bNAb_Combinations|1313920|sample|10|nan|1798,1.14,0.00264861,6,10,1,0.888694,0.0702256,0.00272375,0.00294107,-0.0306781,-0.117916
130_bNAb_Combinations|1313920|sample|10|nan|1798,5.7,0.000629372,7,10,1,0.823127,0.00284396,0.00203859,0.00203514,-0.599041,-0.597699
130_bNAb_Combinations|1313920|sample|10|nan|1798,28.5,7.86715e-05,8,10,1,0.369024,0.00203514,0.00203859,0.00203514,-0.833137,-0.831843
130_bNAb_Combinations|1313920|sample|11|nan|1798,0.0003712,0.869963,1,11,1,0.895886,0.834904,0.836789,0.839631,0.275148,0.25074
130_bNAb_Combinations|1313920|sample|11|nan|1798,0.001856,0.691286,2,11,1,0.895886,0.812876,0.82145,0.824667,-1.09942,-1.12227
130_bNAb_Combinations|1313920|sample|11|nan|1798,0.00928,0.783024,3,11,1,0.89588,0.754248,0.777781,0.782018,0.0467257,0.00891816
130_bNAb_Combinations|1313920|sample|11|nan|1798,0.0464,0.669481,4,11,1,0.895819,0.611753,0.661998,0.668592,0.0781056,0.00919669
130_bNAb_Combinations|1313920|sample|11|nan|1798,0.2319999999999999,0.434162,5,11,1,0.895182,0.341116,0.411862,0.421447,0.369267,0.205912
130_bNAb_Combinations|1313920|sample|11|nan|1798,1.16,0.115116,6,11,1,0.88851,0.068346,0.103214,0.109627,0.71353,0.312105
130_bNAb_Combinations|1313920|sample|11|nan|1798,5.8,0.00319931,7,11,1,0.821335,0.00278444,0.00378254,0.00410367,-0.224369,-0.341927
130_bNAb_Combinations|1313920|sample|11|nan|1798,29,0.000760491,8,11,1,0.360733,0.00203488,0.00203834,0.00203491,-0.543206,-0.54186
130_bNAb_Combinations|1313920|sample|12|nan|1798,0.0003712,0.815542,1,12,1,0.895886,0.834904,0.838375,0.839901,-0.189038,-0.20131
130_bNAb_Combinations|1313920|sample|12|nan|1798,0.001856,0.74085,2,12,1,0.895886,0.812876,0.824925,0.825282,-0.707196,-0.709897
130_bNAb_Combinations|1313920|sample|12|nan|1798,0.00928,0.723103,3,12,1,0.89588,0.754248,0.784157,0.783263,-0.539768,-0.53246
130_bNAb_Combinations|1313920|sample|12|nan|1798,0.0464,0.623072,4,12,1,0.895819,0.611753,0.66907,0.670518,-0.475121,-0.489039
130_bNAb_Combinations|1313920|sample|12|nan|1798,0.2319999999999999,0.462477,5,12,1,0.895182,0.341116,0.407469,0.422748,0.920361,0.641498
130_bNAb_Combinations|1313920|sample|12|nan|1798,1.16,0.11273,6,12,1,0.88851,0.068346,0.0880429,0.10889,1.6988,0.21963
130_bNAb_Combinations|1313920|sample|12|nan|1798,5.8,0.00295018,7,12,1,0.821335,0.00278444,0.00277225,0.00397141,0.0724375,-0.388866
130_bNAb_Combinations|1313920|sample|12|nan|1798,29,0,8,12,1,0.360733,0.00203488,0.00203832,0.0020349,-0.866479,-0.865204
130_bNAb_Combinations|1313920|sample|3|nan|1798,0.000064,0.927104,1,3,1,0.895886,0.843319,0.839098,0.842108,0.727971,0.700604
130_bNAb_Combinations|1313920|sample|3|nan|1798,0.00032,0.90564,2,3,1,0.895886,0.836028,0.831873,0.835308,0.615395,0.584368
130_bNAb_Combinations|1313920|sample|3|nan|1798,0.0016,0.884681,3,3,1,0.895886,0.815944,0.81558,0.819909,0.587779,0.548102
130_bNAb_Combinations|1313920|sample|3|nan|1798,0.008,0.948877,4,3,1,0.895881,0.762244,0.779508,0.785636,1.50611,1.44051
130_bNAb_Combinations|1313920|sample|3|nan|1798,0.04,0.855769,5,3,1,0.895832,0.630057,0.702924,0.712334,1.50425,1.39337
130_bNAb_Combinations|1313920|sample|3|nan|1798,0.2,0.458209,6,3,1,0.895319,0.370296,0.555048,0.569105,-1.20048,-1.34163
130_bNAb_Combinations|1313920|sample|3|nan|1798,1,0.22622,7,3,1,0.889944,0.0854056,0.324059,0.340622,-2.04021,-2.27435
130_bNAb_Combinations|1313920|sample|3|nan|1798,5,0.122223,8,3,1,0.835366,0.00343339,0.0961507,0.10635,1.66274,0.926894
130_bNAb_Combinations|1313920|sample|4|nan|1798,0.000064,0.895872,1,4,1,0.895886,0.843319,0.840054,0.840672,0.461195,0.455764
130_bNAb_Combinations|1313920|sample|4|nan|1798,0.00032,0.93585,2,4,1,0.895886,0.836028,0.833729,0.832559,0.850072,0.861001
130_bNAb_Combinations|1313920|sample|4|nan|1798,0.0016,0.876977,3,4,1,0.895886,0.815944,0.819021,0.81485,0.490954,0.528934
130_bNAb_Combinations|1313920|sample|4|nan|1798,0.008,0.971855,4,4,1,0.895881,0.762244,0.785406,0.776925,1.64579,1.73908
130_bNAb_Combinations|1313920|sample|4|nan|1798,0.04,0.784276,5,4,1,0.895832,0.630057,0.711631,0.699062,0.706386,0.843194
130_bNAb_Combinations|1313920|sample|4|nan|1798,0.2,0.443294,6,4,1,0.895319,0.370296,0.564307,0.553326,-1.47616,-1.36816
130_bNAb_Combinations|1313920|sample|4|nan|1798,1,0.218818,7,4,1,0.889944,0.0854056,0.327504,0.330159,-2.24356,-2.28068
130_bNAb_Combinations|1313920|sample|4|nan|1798,5,0.123534,8,4,1,0.835366,0.00343339,0.0925118,0.106508,2.04567,0.992978
130_bNAb_Combinations|1313920|sample|5|nan|1798,0.0006144,0.907764,1,5,1,0.895886,0.8302,0.825899,0.791006,0.687807,1.02346
130_bNAb_Combinations|1313920|sample|5|nan|1798,0.003072,0.859919,2,5,1,0.895885,0.800116,0.807272,0.753092,0.452348,0.982651
130_bNAb_Combinations|1313920|sample|5|nan|1798,0.01536,0.783712,3,5,1,0.895873,0.721579,0.771089,0.692333,0.113461,0.912809
130_bNAb_Combinations|1313920|sample|5|nan|1798,0.0768,0.672202,4,5,1,0.895746,0.540558,0.703205,0.599482,-0.304999,0.836258
130_bNAb_Combinations|1313920|sample|5|nan|1798,0.384,0.368891,5,5,1,0.894416,0.241883,0.584395,0.468611,-2.54064,-1.45734
130_bNAb_Combinations|1313920|sample|5|nan|1798,1.92,0.184222,6,5,1,0.880549,0.0274783,0.403215,0.307742,-3.70139,-2.70612
130_bNAb_Combinations|1313920|sample|5|nan|1798,9.6,0.127972,7,5,1,0.74726,0.0020904,0.192158,0.150557,-2.19241,-0.965788
130_bNAb_Combinations|1313920|sample|5|nan|1798,48,0.0587283,8,5,1,0.135614,0.0020344,0.0448438,0.0454711,1.65011,1.55909
130_bNAb_Combinations|1313920|sample|6|nan|1798,0.0006144,0.830286,1,6,1,0.895886,0.8302,0.792724,0.771752,0.328553,0.525654
130_bNAb_Combinations|1313920|sample|6|nan|1798,0.003072,0.853841,2,6,1,0.895885,0.800116,0.756212,0.726689,0.894412,1.21128
130_bNAb_Combinations|1313920|sample|6|nan|1798,0.01536,0.751916,3,6,1,0.895873,0.721579,0.696608,0.658305,0.549155,0.982388
130_bNAb_Combinations|1313920|sample|6|nan|1798,0.0768,0.612799,4,6,1,0.895746,0.540558,0.603863,0.559702,0.102025,0.652885
130_bNAb_Combinations|1313920|sample|6|nan|1798,0.384,0.297509,5,6,1,0.894416,0.241883,0.471029,0.428909,-2.52325,-2.09222
130_bNAb_Combinations|1313920|sample|6|nan|1798,1.92,0.174251,6,6,1,0.880549,0.0274783,0.30605,0.277402,-2.90275,-2.49471
130_bNAb_Combinations|1313920|sample|6|nan|1798,9.6,0.113582,7,6,1,0.74726,0.0020904,0.145298,0.136338,-1.40089,-1.0648
130_bNAb_Combinations|1313920|sample|6|nan|1798,48,0.057994,8,6,1,0.135614,0.0020344,0.0409925,0.0435829,2.16059,1.74982
130_bNAb_Combinations|1313920|sample|7|nan|1798,0.0000768,0.81364,1,7,1,0.895886,0.842816,0.842195,0.843641,-0.235345,-0.246847
130_bNAb_Combinations|1313920|sample|7|nan|1798,0.000384,0.811293,2,7,1,0.895886,0.834632,0.835235,0.834777,-0.198943,-0.19524
130_bNAb_Combinations|1313920|sample|7|nan|1798,0.00192,0.832548,3,7,1,0.895886,0.812135,0.809738,0.805515,0.195396,0.232769
130_bNAb_Combinations|1313920|sample|7|nan|1798,0.0096,0.838533,4,7,1,0.895879,0.752325,0.721218,0.714081,1.12588,1.20607
130_bNAb_Combinations|1313920|sample|7|nan|1798,0.048,0.504533,5,7,1,0.895816,0.607404,0.468473,0.475758,0.527156,0.414405
130_bNAb_Combinations|1313920|sample|7|nan|1798,0.24,0.121528,6,7,1,0.895146,0.33441,0.0955054,0.122506,1.66931,-0.0503695
130_bNAb_Combinations|1313920|sample|7|nan|1798,1.2,0.00317308,7,7,1,0.888137,0.0647746,0.00230358,0.00332061,0.36381,-0.0582172
130_bNAb_Combinations|1313920|sample|7|nan|1798,6,0.000773603,8,7,1,0.817719,0.00267985,0.00203859,0.00203514,-0.53773,-0.536374
130_bNAb_Combinations|1313920|sample|8|nan|1798,0.0000768,0.853369,1,8,1,0.895886,0.842816,0.838888,0.842833,0.119814,0.0867783
130_bNAb_Combinations|1313920|sample|8|nan|1798,0.000384,0.858752,2,8,1,0.895886,0.834632,0.826656,0.832533,0.269415,0.218559
130_bNAb_Combinations|1313920|sample|8|nan|1798,0.00192,0.804488,3,8,1,0.895886,0.812135,0.789767,0.799657,0.129243,0.0418968
130_bNAb_Combinations|1313920|sample|8|nan|1798,0.0096,0.786951,4,8,1,0.895879,0.752325,0.685356,0.700809,1.02497,0.850286
130_bNAb_Combinations|1313920|sample|8|nan|1798,0.048,0.487829,5,8,1,0.895816,0.607404,0.441579,0.455297,0.715972,0.488909
130_bNAb_Combinations|1313920|sample|8|nan|1798,0.24,0.111628,6,8,1,0.895146,0.33441,0.114419,0.112651,-0.152758,-0.0567463
130_bNAb_Combinations|1313920|sample|8|nan|1798,1.2,0.0031862,7,8,1,0.888137,0.0647746,0.00378208,0.00322054,-0.229243,-0.0136289
130_bNAb_Combinations|1313920|sample|8|nan|1798,6,0.000694932,8,8,1,0.817719,0.00267985,0.0020386,0.00203514,-0.571176,-0.569824
130_bNAb_Combinations|1313920|sample|9|nan|1798,0.0003648,0.799965,1,9,1,0.895886,0.835042,0.820174,0.826303,-0.170957,-0.221183
130_bNAb_Combinations|1313920|sample|9|nan|1798,0.001824,0.747006,2,9,1,0.895886,0.81325,0.773385,0.784751,-0.236401,-0.333449
130_bNAb_Combinations|1313920|sample|9|nan|1798,0.00912,0.676214,3,9,1,0.89588,0.75522,0.648932,0.670664,0.29036,0.0571979
130_bNAb_Combinations|1313920|sample|9|nan|1798,0.0456,0.461861,4,9,1,0.895821,0.61396,0.384728,0.416119,1.36404,0.749962
130_bNAb_Combinations|1313920|sample|9|nan|1798,0.228,0.0981493,5,9,1,0.8952,0.344552,0.0825106,0.0990317,1.13748,-0.0548508
130_bNAb_Combinations|1313920|sample|9|nan|1798,1.14,0.00317308,6,9,1,0.888694,0.0702256,0.00287003,0.00329638,0.122682,-0.0487224
130_bNAb_Combinations|1313920|sample|9|nan|1798,5.7,0.000485141,7,9,1,0.823127,0.00284396,0.00203859,0.00203514,-0.660353,-0.659023
130_bNAb_Combinations|1313920|sample|9|nan|1798,28.5,0.000563812,8,9,1,0.369024,0.00203514,0.00203859,0.00203514,-0.62691,-0.625572
130_bNAb_Combinations|1313920|vc|1|2|nan|1798,0,0.838599,1,2,1,0.895886,0.847396,0.844753,0.847396,-0.0505684,-0.0720643
130_bNAb_Combinations|1313920|vc|2|2|nan|1798,0,0.91969,2,2,1,0.895886,0.847396,0.844753,0.847396,0.615784,0.592245
130_bNAb_Combinations|1313920|vc|3|2|nan|1798,0,0.872133,3,2,1,0.895886,0.847396,0.844753,0.847396,0.224991,0.20265
130_bNAb_Combinations|1313920|vc|4|2|nan|1798,0,0.947723,4,2,1,0.895886,0.847396,0.844753,0.847396,0.846144,0.821898
130_bNAb_Combinations|1313920|vc|5|2|nan|1798,0,1,5,2,1,0.895886,0.847396,0.844753,0.847396,1.27573,1.25016
130_bNAb_Combinations|1313920|vc|6|2|nan|1798,0,0.938505,6,2,1,0.895886,0.847396,0.844753,0.847396,0.770399,0.746386
130_bNAb_Combinations|1313920|vc|7|2|nan|1798,0,0.844873,7,2,1,0.895886,0.847396,0.844753,0.847396,0.000987821,-0.0206662
130_bNAb_Combinations|1313920|vc|8|2|nan|1798,0,0.756315,8,2,1,0.895886,0.847396,0.844753,0.847396,-0.726726,-0.746148
130_bNAb_Combinations|1313938|cc|1|1|TRO.11|8301,0,0.000314857,1,1,0,0,0,0,0,0.152565,0.152565
130_bNAb_Combinations|1313938|cc|2|1|TRO.11|8301,0,0.000558156,2,1,0,0,0,0,0,0.270456,0.270456
130_bNAb_Combinations|1313938|cc|3|1|TRO.11|8301,0,0.000586779,3,1,0,0,0,0,0,0.284325,0.284325
130_bNAb_Combinations|1313938|cc|4|1|TRO.11|8301,0,0.000686961,4,1,0,0,0,0,0,0.332869,0.332869
130_bNAb_Combinations|1313938|cc|5|1|TRO.11|8301,0,0.000615402,5,1,0,0,0,0,0,0.298195,0.298195
130_bNAb_Combinations|1313938|cc|6|1|TRO.11|8301,0,0.001102,6,1,0,0,0,0,0,0.533977,0.533977
130_bNAb_Combinations|1313938|cc|7|1|TRO.11|8301,0,0.00120218,7,1,0,0,0,0,0,0.58252,0.58252
130_bNAb_Combinations|1313938|cc|8|1|TRO.11|8301,0,0.000457974,8,1,0,0,0,0,0,0.221912,0.221912
130_bNAb_Combinations|1313938|sample|10|TRO.11|8301,0.0003648,0.972099,1,10,1,0.895886,0.882818,0.851552,0.853519,0.982804,0.964576
130_bNAb_Combinations|1313938|sample|10|TRO.11|8301,0.001824,0.800331,2,10,1,0.895886,0.859779,0.761826,0.767791,0.350199,0.293692
130_bNAb_Combinations|1313938|sample|10|TRO.11|8301,0.00912,0.620841,3,10,1,0.89588,0.798429,0.534543,0.548337,1.10976,0.909516
130_bNAb_Combinations|1313938|sample|10|TRO.11|8301,0.0456,0.181823,4,10,1,0.895821,0.649087,0.174401,0.189206,0.277335,-0.255852
130_bNAb_Combinations|1313938|sample|10|TRO.11|8301,0.228,0.00905929,5,10,1,0.8952,0.364265,0.00713,0.00860307,0.627725,0.139004
130_bNAb_Combinations|1313938|sample|10|TRO.11|8301,1.14,0.000415039,6,10,1,0.888694,0.0742432,0.00216197,0.00215139,-0.737125,-0.733122
130_bNAb_Combinations|1313938|sample|10|TRO.11|8301,5.7,0.000314857,7,10,1,0.823127,0.00300626,0.00216187,0.00215116,-0.77936,-0.775337
130_bNAb_Combinations|1313938|sample|10|TRO.11|8301,28.5,0.000887324,8,10,1,0.369024,0.00215117,0.00216187,0.00215116,-0.537803,-0.533626
130_bNAb_Combinations|1313938|sample|11|TRO.11|8301,0.0003712,0.957351,1,11,1,0.895886,0.882672,0.88897,0.887079,0.534416,0.55035
130_bNAb_Combinations|1313938|sample|11|TRO.11|8301,0.001856,0.926724,2,11,1,0.895886,0.859384,0.870373,0.865625,0.449655,0.490172
130_bNAb_Combinations|1313938|sample|11|TRO.11|8301,0.00928,0.826421,3,11,1,0.89588,0.797401,0.805282,0.794953,0.182065,0.274494
130_bNAb_Combinations|1313938|sample|11|TRO.11|8301,0.0464,0.657393,4,11,1,0.895819,0.646753,0.605331,0.59133,0.593046,0.769922
130_bNAb_Combinations|1313938|sample|11|TRO.11|8301,0.2319999999999999,0.217337,5,11,1,0.895182,0.360632,0.213522,0.212738,0.11811,0.142868
130_bNAb_Combinations|1313938|sample|11|TRO.11|8301,1.16,0.00788574,6,11,1,0.88851,0.072256,0.00689895,0.00832626,0.324521,-0.135843
130_bNAb_Combinations|1313938|sample|11|TRO.11|8301,5.8,4.2935e-05,7,11,1,0.821335,0.00294333,0.0021616,0.00215093,-0.893999,-0.890065
130_bNAb_Combinations|1313938|sample|11|TRO.11|8301,29,0.00034348,8,11,1,0.360733,0.00215089,0.00216159,0.00215088,-0.767177,-0.763146
130_bNAb_Combinations|1313938|sample|12|TRO.11|8301,0.0003712,0.867789,1,12,1,0.895886,0.882672,0.890196,0.883304,-0.174883,-0.122021
130_bNAb_Combinations|1313938|sample|12|TRO.11|8301,0.001856,0.853241,2,12,1,0.895886,0.859384,0.873425,0.855799,-0.160507,-0.0207533
130_bNAb_Combinations|1313938|sample|12|TRO.11|8301,0.00928,0.83694,3,12,1,0.89588,0.797401,0.810716,0.772516,0.224378,0.577984
130_bNAb_Combinations|1313938|sample|12|TRO.11|8301,0.0464,0.620225,4,12,1,0.895819,0.646753,0.60573,0.554889,0.165014,0.810178
130_bNAb_Combinations|1313938|sample|12|TRO.11|8301,0.2319999999999999,0.188106,5,12,1,0.895182,0.360632,0.195069,0.191686,-0.234541,-0.122583
130_bNAb_Combinations|1313938|sample|12|TRO.11|8301,1.16,0.00864425,6,12,1,0.88851,0.072256,0.00454855,0.00836972,1.5125,0.0844975
130_bNAb_Combinations|1313938|sample|12|TRO.11|8301,5.8,0,7,12,1,0.821335,0.00294333,0.00216159,0.00215104,-0.912113,-0.908233
130_bNAb_Combinations|1313938|sample|12|TRO.11|8301,29,0.000143117,8,12,1,0.360733,0.00215089,0.00216159,0.00215088,-0.851723,-0.847746
130_bNAb_Combinations|1313938|sample|3|TRO.11|8301,0.000064,0.999256,1,3,1,0.895886,0.891569,0.89403,0.894951,0.817787,0.80981
130_bNAb_Combinations|1313938|sample|3|TRO.11|8301,0.00032,1,2,3,1,0.895886,0.883861,0.890406,0.892956,0.855146,0.832901
130_bNAb_Combinations|1313938|sample|3|TRO.11|8301,0.0016,0.897106,3,3,1,0.895886,0.862628,0.88023,0.886695,0.13318,0.0815723
130_bNAb_Combinations|1313938|sample|3|TRO.11|8301,0.008,0.970361,4,3,1,0.895881,0.805855,0.852063,0.86724,0.963897,0.825772
130_bNAb_Combinations|1313938|sample|3|TRO.11|8301,0.04,0.880483,5,3,1,0.895832,0.666105,0.777178,0.808664,0.92135,0.616032
130_bNAb_Combinations|1313938|sample|3|TRO.11|8301,0.2,0.715899,6,3,1,0.895319,0.391482,0.599296,0.648819,1.34129,0.714026
130_bNAb_Combinations|1313938|sample|3|TRO.11|8301,1,0.31236,7,3,1,0.889944,0.0902917,0.288323,0.325037,0.560366,-0.263604
130_bNAb_Combinations|1313938|sample|3|TRO.11|8301,5,0.0404162,8,3,1,0.835366,0.00362948,0.0385121,0.0390057,0.253283,0.18589
130_bNAb_Combinations|1313938|sample|4|TRO.11|8301,0.000064,0.979763,1,4,1,0.895886,0.891569,0.894127,0.894392,0.665474,0.663214
130_bNAb_Combinations|1313938|sample|4|TRO.11|8301,0.00032,0.958596,2,4,1,0.895886,0.883861,0.8906,0.891517,0.530451,0.522764
130_bNAb_Combinations|1313938|sample|4|TRO.11|8301,0.0016,0.947948,3,4,1,0.895886,0.862628,0.880549,0.883121,0.531694,0.509943
130_bNAb_Combinations|1313938|sample|4|TRO.11|8301,0.008,0.949609,4,4,1,0.895881,0.805855,0.852316,0.858901,0.792511,0.733307
130_bNAb_Combinations|1313938|sample|4|TRO.11|8301,0.04,0.862629,5,4,1,0.895832,0.666105,0.776206,0.79152,0.77173,0.622918
130_bNAb_Combinations|1313938|sample|4|TRO.11|8301,0.2,0.698095,6,4,1,0.895319,0.391482,0.593614,0.622771,1.21309,0.834542
130_bNAb_Combinations|1313938|sample|4|TRO.11|8301,1,0.273174,7,4,1,0.889944,0.0902917,0.27597,0.308861,-0.067942,-0.779129
130_bNAb_Combinations|1313938|sample|4|TRO.11|8301,5,0.0442374,8,4,1,0.835366,0.00362948,0.0327698,0.0414942,1.71045,0.345489
130_bNAb_Combinations|1313938|sample|5|TRO.11|8301,0.0006144,0.941673,1,5,1,0.895886,0.877699,0.880603,0.883667,0.481733,0.456001
130_bNAb_Combinations|1313938|sample|5|TRO.11|8301,0.003072,0.958739,2,5,1,0.895885,0.845894,0.857685,0.86464,0.818094,0.755764
130_bNAb_Combinations|1313938|sample|5|TRO.11|8301,0.01536,0.915761,3,5,1,0.895873,0.762863,0.80256,0.81732,0.978249,0.835604
130_bNAb_Combinations|1313938|sample|5|TRO.11|8301,0.0768,0.82456,4,5,1,0.895746,0.571486,0.678969,0.706694,1.48235,1.15395
130_bNAb_Combinations|1313938|sample|5|TRO.11|8301,0.384,0.514634,5,5,1,0.894416,0.255722,0.446017,0.485605,1.05198,0.409824
130_bNAb_Combinations|1313938|sample|5|TRO.11|8301,1.92,0.141399,6,5,1,0.880549,0.0290501,0.156211,0.185445,-0.612433,-1.55498
130_bNAb_Combinations|1313938|sample|5|TRO.11|8301,9.6,0.0210382,7,5,1,0.74726,0.00220966,0.0132015,0.0174835,1.9924,0.783027
130_bNAb_Combinations|1313938|sample|5|TRO.11|8301,48,0.00739914,8,5,1,0.135614,0.00215045,0.00217855,0.00218031,2.20067,2.1997
130_bNAb_Combinations|1313938|sample|6|TRO.11|8301,0.0006144,0.9722,1,6,1,0.895886,0.877699,0.885813,0.883246,0.677502,0.699626
130_bNAb_Combinations|1313938|sample|6|TRO.11|8301,0.003072,0.899854,2,6,1,0.895885,0.845894,0.868661,0.863746,0.249386,0.290294
130_bNAb_Combinations|1313938|sample|6|TRO.11|8301,0.01536,0.850665,3,6,1,0.895873,0.762863,0.823888,0.81556,0.225514,0.298615
130_bNAb_Combinations|1313938|sample|6|TRO.11|8301,0.0768,0.801476,4,6,1,0.895746,0.571486,0.714004,0.7037,0.847776,0.961236
130_bNAb_Combinations|1313938|sample|6|TRO.11|8301,0.384,0.527478,5,6,1,0.894416,0.255722,0.485088,0.481956,0.599075,0.647405
130_bNAb_Combinations|1313938|sample|6|TRO.11|8301,1.92,0.143947,6,6,1,0.880549,0.0290501,0.171887,0.183483,-1.05813,-1.40961
130_bNAb_Combinations|1313938|sample|6|TRO.11|8301,9.6,0.0206374,7,6,1,0.74726,0.00220966,0.0125161,0.017402,2.11702,0.714531
130_bNAb_Combinations|1313938|sample|6|TRO.11|8301,48,0.00800023,8,6,1,0.135614,0.00215045,0.00216793,0.00218157,2.46009,2.45234
130_bNAb_Combinations|1313938|sample|7|TRO.11|8301,0.0000768,0.947047,1,7,1,0.895886,0.891037,0.881173,0.882796,0.519297,0.505594
130_bNAb_Combinations|1313938|sample|7|TRO.11|8301,0.000384,0.922266,2,7,1,0.895886,0.882385,0.850896,0.854899,0.582309,0.547118
130_bNAb_Combinations|1313938|sample|7|TRO.11|8301,0.00192,0.797075,3,7,1,0.895886,0.8586,0.763715,0.771884,0.302676,0.226178
130_bNAb_Combinations|1313938|sample|7|TRO.11|8301,0.0096,0.572639,4,7,1,0.895879,0.795368,0.547018,0.557984,0.322151,0.18074
130_bNAb_Combinations|1313938|sample|7|TRO.11|8301,0.048,0.211555,5,7,1,0.895816,0.642155,0.196412,0.200212,0.506826,0.372945
130_bNAb_Combinations|1313938|sample|7|TRO.11|8301,0.24,0.00928828,6,7,1,0.895146,0.353542,0.0104976,0.00990526,-0.340619,-0.177983
130_bNAb_Combinations|1313938|sample|7|TRO.11|8301,1.2,0.000157428,7,7,1,0.888137,0.0684803,0.00216259,0.00215156,-0.846054,-0.841954
130_bNAb_Combinations|1313938|sample|7|TRO.11|8301,6,0.001102,8,7,1,0.817719,0.00283277,0.00216187,0.00215116,-0.44722,-0.442985
130_bNAb_Combinations|1313938|sample|8|TRO.11|8301,0.0000768,0.992465,1,8,1,0.895886,0.891037,0.876505,0.883009,0.918933,0.861101
130_bNAb_Combinations|1313938|sample|8|TRO.11|8301,0.000384,0.918846,2,8,1,0.895886,0.882385,0.840765,0.855819,0.64461,0.511327
130_bNAb_Combinations|1313938|sample|8|TRO.11|8301,0.00192,0.798592,3,8,1,0.895886,0.8586,0.745482,0.775274,0.493425,0.208468
130_bNAb_Combinations|1313938|sample|8|TRO.11|8301,0.0096,0.614093,4,8,1,0.895879,0.795368,0.526906,0.567514,1.137,0.565052
130_bNAb_Combinations|1313938|sample|8|TRO.11|8301,0.048,0.216235,5,8,1,0.895816,0.642155,0.194718,0.21316,0.725983,0.0953444
130_bNAb_Combinations|1313938|sample|8|TRO.11|8301,0.24,0.0118501,6,8,1,0.895146,0.353542,0.0131528,0.0118833,-0.331786,-0.00887421
130_bNAb_Combinations|1313938|sample|8|TRO.11|8301,1.2,0.000787142,7,8,1,0.888137,0.0684803,0.00216557,0.00215201,-0.581507,-0.576254
130_bNAb_Combinations|1313938|sample|8|TRO.11|8301,6,0.000543844,8,8,1,0.817719,0.00283277,0.00216187,0.00215116,-0.682737,-0.678653
130_bNAb_Combinations|1313938|sample|9|TRO.11|8301,0.0003648,0.965087,1,9,1,0.895886,0.882818,0.862884,0.855084,0.822487,0.893193
130_bNAb_Combinations|1313938|sample|9|TRO.11|8301,0.001824,0.834471,2,9,1,0.895886,0.859779,0.785555,0.770507,0.4317,0.575324
130_bNAb_Combinations|1313938|sample|9|TRO.11|8301,0.00912,0.637786,3,9,1,0.89588,0.798429,0.56626,0.550422,0.869563,1.09188
130_bNAb_Combinations|1313938|sample|9|TRO.11|8301,0.0456,0.173393,4,9,1,0.895821,0.649087,0.182232,0.186995,-0.31715,-0.476518
130_bNAb_Combinations|1313938|sample|9|TRO.11|8301,0.228,0.00868719,5,9,1,0.8952,0.364265,0.0057161,0.00791419,1.03406,0.242735
130_bNAb_Combinations|1313938|sample|9|TRO.11|8301,1.14,0.00025761,6,9,1,0.888694,0.0742432,0.00216188,0.00215129,-0.803518,-0.799556
130_bNAb_Combinations|1313938|sample|9|TRO.11|8301,5.7,0.000543844,7,9,1,0.823127,0.00300626,0.00216187,0.00215116,-0.682737,-0.678653
130_bNAb_Combinations|1313938|sample|9|TRO.11|8301,28.5,0.00104475,8,9,1,0.369024,0.00215117,0.00216187,0.00215116,-0.471375,-0.467156
130_bNAb_Combinations|1313938|vc|1|2|TRO.11|8301,0,0.914116,1,2,1,0.895886,0.895878,0.896016,0.895878,0.140357,0.141446
130_bNAb_Combinations|1313938|vc|2|2|TRO.11|8301,0,0.902924,2,2,1,0.895886,0.895878,0.896016,0.895878,0.0535673,0.0546441
130_bNAb_Combinations|1313938|vc|3|2|TRO.11|8301,0,0.968414,3,2,1,0.895886,0.895878,0.896016,0.895878,0.561428,0.562582
130_bNAb_Combinations|1313938|vc|4|2|TRO.11|8301,0,0.926266,4,2,1,0.895886,0.895878,0.896016,0.895878,0.234582,0.235686
130_bNAb_Combinations|1313938|vc|5|2|TRO.11|8301,0,0.902967,5,2,1,0.895886,0.895878,0.896016,0.895878,0.0539003,0.0549771
130_bNAb_Combinations|1313938|vc|6|2|TRO.11|8301,0,0.92744,6,2,1,0.895886,0.895878,0.896016,0.895878,0.243682,0.244788
130_bNAb_Combinations|1313938|vc|7|2|TRO.11|8301,0,0.886129,7,2,1,0.895886,0.895878,0.896016,0.895878,-0.076672,-0.0756149
130_bNAb_Combinations|1313938|vc|8|2|TRO.11|8301,0,0.777732,8,2,1,0.895886,0.895878,0.896016,0.895878,-0.917262,-0.916332
130_bNAb_Combinations|1313956|cc|1|1|Ce1176_A3|7023,0,0.000508745,1,1,0,0,0,0,0,0.246514,0.246514
130_bNAb_Combinations|1313956|cc|2|1|Ce1176_A3|7023,0,0.000481245,2,1,0,0,0,0,0,0.233189,0.233189
130_bNAb_Combinations|1313956|cc|3|1|Ce1176_A3|7023,0,0.000632494,3,1,0,0,0,0,0,0.306476,0.306476
130_bNAb_Combinations|1313956|cc|4|1|Ce1176_A3|7023,0,0.00112749,4,1,0,0,0,0,0,0.546328,0.546328
130_bNAb_Combinations|1313956|cc|5|1|Ce1176_A3|7023,0,0.00140249,5,1,0,0,0,0,0,0.679578,0.679578
130_bNAb_Combinations|1313956|cc|6|1|Ce1176_A3|7023,0,0.00147124,6,1,0,0,0,0,0,0.712891,0.712891
130_bNAb_Combinations|1313956|cc|7|1|Ce1176_A3|7023,0,0.00120999,7,1,0,0,0,0,0,0.586303,0.586303
130_bNAb_Combinations|1313956|cc|8|1|Ce1176_A3|7023,0,0.00149874,8,1,0,0,0,0,0,0.726216,0.726216
130_bNAb_Combinations|1313956|sample|10|Ce1176_A3|7023,0.0003648,0.703622,1,10,1,0.895886,0.882825,0.848665,0.843379,-1.18647,-1.15028
130_bNAb_Combinations|1313956|sample|10|Ce1176_A3|7023,0.001824,0.749608,2,10,1,0.895886,0.859787,0.755772,0.748939,-0.0565005,0.00618596
130_bNAb_Combinations|1313956|sample|10|Ce1176_A3|7023,0.00912,0.514314,3,10,1,0.89588,0.798436,0.525831,0.526884,-0.150498,-0.163934
130_bNAb_Combinations|1313956|sample|10|Ce1176_A3|7023,0.0456,0.208599,4,10,1,0.895821,0.649092,0.170267,0.187117,1.4644,0.75211
130_bNAb_Combinations|1313956|sample|10|Ce1176_A3|7023,0.228,0.00944616,5,10,1,0.8952,0.364268,0.00717961,0.0108703,0.735774,-0.395245
130_bNAb_Combinations|1313956|sample|10|Ce1176_A3|7023,1.14,0.000343747,6,10,1,0.888694,0.0742435,0.0021617,0.00215227,-0.767106,-0.763555
130_bNAb_Combinations|1313956|sample|10|Ce1176_A3|7023,5.7,0.000233748,7,10,1,0.823127,0.00300596,0.00216157,0.00215086,-0.813471,-0.80947
130_bNAb_Combinations|1313956|sample|10|Ce1176_A3|7023,28.5,0.000398746,8,10,1,0.369024,0.00215087,0.00216157,0.00215086,-0.743848,-0.739802
130_bNAb_Combinations|1313956|sample|11|Ce1176_A3|7023,0.0003712,0.688607,1,11,1,0.895886,0.88268,0.887055,0.886119,-1.55422,-1.54849
130_bNAb_Combinations|1313956|sample|11|Ce1176_A3|7023,0.001856,0.732462,2,11,1,0.895886,0.859391,0.869199,0.867311,-1.09254,-1.07976
130_bNAb_Combinations|1313956|sample|11|Ce1176_A3|7023,0.00928,0.765771,3,11,1,0.89588,0.797408,0.817415,0.814012,-0.43832,-0.411119
130_bNAb_Combinations|1313956|sample|11|Ce1176_A3|7023,0.0464,0.662853,4,11,1,0.895819,0.646759,0.679084,0.674943,-0.165224,-0.123815
130_bNAb_Combinations|1313956|sample|11|Ce1176_A3|7023,0.2319999999999999,0.428576,5,11,1,0.895182,0.360635,0.388617,0.388633,0.699841,0.699532
130_bNAb_Combinations|1313956|sample|11|Ce1176_A3|7023,1.16,0.0788005,6,11,1,0.88851,0.0722566,0.0740584,0.0780205,0.377808,0.0594822
130_bNAb_Combinations|1313956|sample|11|Ce1176_A3|7023,5.8,0.00151248,7,11,1,0.821335,0.00294341,0.00265812,0.00282836,-0.469487,-0.533977
130_bNAb_Combinations|1313956|sample|11|Ce1176_A3|7023,29,0.000233748,8,11,1,0.360733,0.00215096,0.00216167,0.00215096,-0.813508,-0.809508
130_bNAb_Combinations|1313956|sample|12|Ce1176_A3|7023,0.0003712,0.632164,1,12,1,0.895886,0.88268,0.867771,0.864684,-1.88557,-1.86739
130_bNAb_Combinations|1313956|sample|12|Ce1176_A3|7023,0.001856,0.613698,2,12,1,0.895886,0.859391,0.828464,0.823305,-1.79892,-1.76651
130_bNAb_Combinations|1313956|sample|12|Ce1176_A3|7023,0.00928,0.591375,3,12,1,0.89588,0.797408,0.739675,0.732539,-1.38841,-1.33422
130_bNAb_Combinations|1313956|sample|12|Ce1176_A3|7023,0.0464,0.519222,4,12,1,0.895819,0.646759,0.560757,0.554784,-0.509783,-0.441052
130_bNAb_Combinations|1313956|sample|12|Ce1176_A3|7023,0.2319999999999999,0.330526,5,12,1,0.895182,0.360635,0.285736,0.286975,1.05317,1.01984
130_bNAb_Combinations|1313956|sample|12|Ce1176_A3|7023,1.16,0.0625069,6,12,1,0.88851,0.0722566,0.056788,0.0614725,0.565905,0.0960496
130_bNAb_Combinations|1313956|sample|12|Ce1176_A3|7023,5.8,0.00237873,7,12,1,0.821335,0.00294341,0.00320356,0.00365003,-0.327647,-0.492629
130_bNAb_Combinations|1313956|sample|12|Ce1176_A3|7023,29,0.000769992,8,12,1,0.360733,0.00215096,0.00216176,0.00215128,-0.587271,-0.583214
130_bNAb_Combinations|1313956|sample|3|Ce1176_A3|7023,0.000064,0.742974,1,3,1,0.895886,0.891577,0.882503,0.890978,-1.09831,-1.15412
130_bNAb_Combinations|1313956|sample|3|Ce1176_A3|7023,0.00032,0.893054,2,3,1,0.895886,0.883869,0.870058,0.884895,0.183559,0.0640488
130_bNAb_Combinations|1313956|sample|3|Ce1176_A3|7023,0.0016,0.908543,3,3,1,0.895886,0.862635,0.846488,0.871379,0.508899,0.296208
130_bNAb_Combinations|1313956|sample|3|Ce1176_A3|7023,0.008,0.937844,4,3,1,0.895881,0.805862,0.802713,0.841763,1.16754,0.792284
130_bNAb_Combinations|1313956|sample|3|Ce1176_A3|7023,0.04,0.777115,5,3,1,0.895832,0.666111,0.724418,0.778866,0.503542,-0.0155879
130_bNAb_Combinations|1313956|sample|3|Ce1176_A3|7023,0.2,0.561758,6,3,1,0.895319,0.391485,0.594163,0.654282,-0.375906,-0.976818
130_bNAb_Combinations|1313956|sample|3|Ce1176_A3|7023,1,0.368964,7,3,1,0.889944,0.0902928,0.405419,0.442736,-0.612928,-1.13913
130_bNAb_Combinations|1313956|sample|3|Ce1176_A3|7023,5,0.208888,8,3,1,0.835366,0.0036299,0.194574,0.185336,0.483292,0.831937
130_bNAb_Combinations|1313956|sample|4|Ce1176_A3|7023,0.000064,0.71326,1,4,1,0.895886,0.891577,0.894099,0.891494,-1.40532,-1.38906
130_bNAb_Combinations|1313956|sample|4|Ce1176_A3|7023,0.00032,0.883119,2,4,1,0.895886,0.883869,0.891037,0.885878,-0.0617379,-0.0216363
130_bNAb_Combinations|1313956|sample|4|Ce1176_A3|7023,0.0016,0.934819,3,4,1,0.895886,0.862635,0.883139,0.873174,0.406512,0.490339
130_bNAb_Combinations|1313956|sample|4|Ce1176_A3|7023,0.008,0.950487,4,4,1,0.895881,0.805862,0.862969,0.844819,0.704237,0.868242
130_bNAb_Combinations|1313956|sample|4|Ce1176_A3|7023,0.04,0.817519,5,4,1,0.895832,0.666111,0.812762,0.78344,0.0405998,0.301553
130_bNAb_Combinations|1313956|sample|4|Ce1176_A3|7023,0.2,0.59253,6,4,1,0.895319,0.391485,0.695773,0.659489,-1.02632,-0.701461
130_bNAb_Combinations|1313956|sample|4|Ce1176_A3|7023,1,0.33859,7,4,1,0.889944,0.0902928,0.465338,0.44535,-1.86497,-1.63913
130_bNAb_Combinations|1313956|sample|4|Ce1176_A3|7023,5,0.207004,8,4,1,0.835366,0.0036299,0.165349,0.182814,1.63485,0.865397
130_bNAb_Combinations|1313956|sample|5|Ce1176_A3|7023,0.0006144,0.687672,1,5,1,0.895886,0.877707,0.884407,0.863027,-1.54534,-1.41096
130_bNAb_Combinations|1313956|sample|5|Ce1176_A3|7023,0.003072,0.893274,2,5,1,0.895885,0.845901,0.871533,0.837214,0.17325,0.464736
130_bNAb_Combinations|1313956|sample|5|Ce1176_A3|7023,0.01536,0.886089,3,5,1,0.895873,0.76287,0.844815,0.792388,0.339137,0.819943
130_bNAb_Combinations|1313956|sample|5|Ce1176_A3|7023,0.0768,0.71535,4,5,1,0.895746,0.571491,0.790781,0.717204,-0.661383,-0.017889
130_bNAb_Combinations|1313956|sample|5|Ce1176_A3|7023,0.384,0.488319,5,5,1,0.894416,0.255724,0.687305,0.598767,-2.00194,-1.27159
130_bNAb_Combinations|1313956|sample|5|Ce1176_A3|7023,1.92,0.393054,6,5,1,0.880549,0.0290508,0.510588,0.432037,-1.58039,-0.616377
130_bNAb_Combinations|1313956|sample|5|Ce1176_A3|7023,9.6,0.204928,7,5,1,0.74726,0.00221007,0.272492,0.239867,-1.66198,-0.969658
130_bNAb_Combinations|1313956|sample|5|Ce1176_A3|7023,48,0.100326,8,5,1,0.135614,0.00215086,0.0734292,0.083822,2.15822,1.18442
130_bNAb_Combinations|1313956|sample|6|Ce1176_A3|7023,0.0006144,0.700267,1,6,1,0.895886,0.877707,0.857558,0.85265,-1.27355,-1.24079
130_bNAb_Combinations|1313956|sample|6|Ce1176_A3|7023,0.003072,0.779562,2,6,1,0.895885,0.845901,0.828459,0.821518,-0.409568,-0.354349
130_bNAb_Combinations|1313956|sample|6|Ce1176_A3|7023,0.01536,0.830994,3,6,1,0.895873,0.76287,0.778915,0.769706,0.463461,0.551813
130_bNAb_Combinations|1313956|sample|6|Ce1176_A3|7023,0.0768,0.671062,4,6,1,0.895746,0.571491,0.697699,0.686737,-0.264081,-0.157831
130_bNAb_Combinations|1313956|sample|6|Ce1176_A3|7023,0.384,0.520893,5,6,1,0.894416,0.255724,0.573237,0.562503,-0.628816,-0.509158
130_bNAb_Combinations|1313956|sample|6|Ce1176_A3|7023,1.92,0.352251,6,6,1,0.880549,0.0290508,0.403897,0.396915,-0.871494,-0.766466
130_bNAb_Combinations|1313956|sample|6|Ce1176_A3|7023,9.6,0.186758,7,6,1,0.74726,0.00221007,0.21685,0.216239,-0.918207,-0.901955
130_bNAb_Combinations|1313956|sample|6|Ce1176_A3|7023,48,0.0915191,8,6,1,0.135614,0.00215086,0.0726592,0.0758423,1.5267,1.22435
130_bNAb_Combinations|1313956|sample|7|Ce1176_A3|7023,0.0000768,0.644896,1,7,1,0.895886,0.891045,0.886766,0.887373,-1.89489,-1.89837
130_bNAb_Combinations|1313956|sample|7|Ce1176_A3|7023,0.000384,0.807536,2,7,1,0.895886,0.882393,0.864966,0.866913,-0.461079,-0.475652
130_bNAb_Combinations|1313956|sample|7|Ce1176_A3|7023,0.00192,0.874608,3,7,1,0.895886,0.858608,0.794876,0.800033,0.695557,0.646457
130_bNAb_Combinations|1313956|sample|7|Ce1176_A3|7023,0.0096,0.712752,4,7,1,0.895879,0.795375,0.596835,0.607077,1.33878,1.20038
130_bNAb_Combinations|1313956|sample|7|Ce1176_A3|7023,0.048,0.234181,5,7,1,0.895816,0.642161,0.227027,0.236193,0.209089,-0.0566559
130_bNAb_Combinations|1313956|sample|7|Ce1176_A3|7023,0.24,0.0112199,6,7,1,0.895146,0.353545,0.0108001,0.0114396,0.11683,-0.0596389
130_bNAb_Combinations|1313956|sample|7|Ce1176_A3|7023,1.2,0.000769992,7,7,1,0.888137,0.0684806,0.00216179,0.00215108,-0.587279,-0.583136
130_bNAb_Combinations|1313956|sample|7|Ce1176_A3|7023,6,0.000536245,8,7,1,0.817719,0.00283247,0.00216157,0.00215086,-0.685828,-0.681745
130_bNAb_Combinations|1313956|sample|8|Ce1176_A3|7023,0.0000768,0.696355,1,8,1,0.895886,0.891045,0.889188,0.888613,-1.50667,-1.50313
130_bNAb_Combinations|1313956|sample|8|Ce1176_A3|7023,0.000384,0.873701,2,8,1,0.895886,0.882393,0.871754,0.87035,0.0155097,0.0267382
130_bNAb_Combinations|1313956|sample|8|Ce1176_A3|7023,0.00192,0.872793,3,8,1,0.895886,0.858608,0.812022,0.80856,0.51915,0.551037
130_bNAb_Combinations|1313956|sample|8|Ce1176_A3|7023,0.0096,0.757666,4,8,1,0.895879,0.795375,0.629786,0.622912,1.40141,1.49267
130_bNAb_Combinations|1313956|sample|8|Ce1176_A3|7023,0.048,0.240416,5,8,1,0.895816,0.642161,0.254603,0.248366,-0.372165,-0.213484
130_bNAb_Combinations|1313956|sample|8|Ce1176_A3|7023,0.24,0.0117424,6,8,1,0.895146,0.353545,0.0122143,0.0118173,-0.12439,-0.0200444
130_bNAb_Combinations|1313956|sample|8|Ce1176_A3|7023,1.2,0.000178748,7,8,1,0.888137,0.0684806,0.00216173,0.00215102,-0.836739,-0.832754
130_bNAb_Combinations|1313956|sample|8|Ce1176_A3|7023,6,0.000316247,8,8,1,0.817719,0.00283247,0.00216157,0.00215086,-0.778659,-0.774636
130_bNAb_Combinations|1313956|sample|9|Ce1176_A3|7023,0.0003648,0.758106,1,9,1,0.895886,0.882825,0.862327,0.859411,-0.839264,-0.818502
130_bNAb_Combinations|1313956|sample|9|Ce1176_A3|7023,0.001824,0.682688,2,9,1,0.895886,0.859787,0.7872,0.781522,-0.920467,-0.876663
130_bNAb_Combinations|1313956|sample|9|Ce1176_A3|7023,0.00912,0.715818,3,9,1,0.89588,0.798436,0.578839,0.572239,1.63001,1.72776
130_bNAb_Combinations|1313956|sample|9|Ce1176_A3|7023,0.0456,0.196719,4,9,1,0.895821,0.649092,0.206418,0.207008,-0.309915,-0.327872
130_bNAb_Combinations|1313956|sample|9|Ce1176_A3|7023,0.228,0.00966615,5,9,1,0.8952,0.364268,0.00859635,0.00957147,0.326047,0.0276925
130_bNAb_Combinations|1313956|sample|9|Ce1176_A3|7023,1.14,0.000756242,6,9,1,0.888694,0.0742435,0.00216166,0.00215108,-0.593033,-0.588939
130_bNAb_Combinations|1313956|sample|9|Ce1176_A3|7023,5.7,0.000439996,7,9,1,0.823127,0.00300596,0.00216157,0.00215086,-0.726442,-0.722385
130_bNAb_Combinations|1313956|sample|9|Ce1176_A3|7023,28.5,0,8,9,1,0.369024,0.00215087,0.00216157,0.00215086,-0.912104,-0.908166
130_bNAb_Combinations|1313956|vc|1|2|Ce1176_A3|7023,0,0.749127,1,2,1,0.895886,0.895886,0.896024,0.895886,-1.13914,-1.13825
130_bNAb_Combinations|1313956|vc|2|2|Ce1176_A3|7023,0,0.930921,2,2,1,0.895886,0.895886,0.896024,0.895886,0.270614,0.271723
130_bNAb_Combinations|1313956|vc|3|2|Ce1176_A3|7023,0,1,3,2,1,0.895886,0.895886,0.896024,0.895886,0.806303,0.807493
130_bNAb_Combinations|1313956|vc|4|2|Ce1176_A3|7023,0,0.968987,4,2,1,0.895886,0.895886,0.896024,0.895886,0.565808,0.566962
130_bNAb_Combinations|1313956|vc|5|2|Ce1176_A3|7023,0,0.924369,5,2,1,0.895886,0.895886,0.896024,0.895886,0.219807,0.220908
130_bNAb_Combinations|1313956|vc|6|2|Ce1176_A3|7023,0,0.980379,6,2,1,0.895886,0.895886,0.896024,0.895886,0.654148,0.655315
130_bNAb_Combinations|1313956|vc|7|2|Ce1176_A3|7023,0,0.892036,7,2,1,0.895886,0.895886,0.896024,0.895886,-0.0309244,-0.0298606
130_bNAb_Combinations|1313956|vc|8|2|Ce1176_A3|7023,0,0.653015,8,2,1,0.895886,0.895886,0.896024,0.895886,-1.88446,-1.88367
130_bNAb_Combinations|1313974|cc|1|1|nan|1176,0,0,1,1,0,0,0,0,0,0,0
130_bNAb_Combinations|1313974|cc|2|1|nan|1176,0,0.00187935,2,1,0,0,0,0,0,0.910642,0.910642
130_bNAb_Combinations|1313974|cc|3|1|nan|1176,0,0.00338282,3,1,0,0,0,0,0,1.63916,1.63916
130_bNAb_Combinations|1313974|cc|4|1|nan|1176,0,0.00250579,4,1,0,0,0,0,0,1.21419,1.21419
130_bNAb_Combinations|1313974|cc|5|1|nan|1176,0,0.00425985,5,1,0,0,0,0,0,2.06412,2.06412
130_bNAb_Combinations|1313974|cc|6|1|nan|1176,0,0.00200464,6,1,0,0,0,0,0,0.971351,0.971351
130_bNAb_Combinations|1313974|cc|7|1|nan|1176,0,0.00701623,7,1,0,0,0,0,0,3.39973,3.39973
130_bNAb_Combinations|1313974|cc|8|1|nan|1176,0,0.00275637,8,1,0,0,0,0,0,1.33561,1.33561
130_bNAb_Combinations|1313974|sample|10|nan|1176,0.0003648,0.564806,1,10,1,0.895886,0.882825,0.884517,0.881332,-2.51099,-2.49482
130_bNAb_Combinations|1313974|sample|10|nan|1176,0.001824,0.969555,2,10,1,0.895886,0.859787,0.871227,0.865873,0.783845,0.831554
130_bNAb_Combinations|1313974|sample|10|nan|1176,0.00912,0.987972,3,10,1,0.89588,0.798436,0.843059,0.834579,1.19315,1.27559
130_bNAb_Combinations|1313974|sample|10|nan|1176,0.0456,0.768277,4,10,1,0.895821,0.649092,0.785019,0.773075,-0.147858,-0.0430195
130_bNAb_Combinations|1313974|sample|10|nan|1176,0.228,0.6812,5,10,1,0.8952,0.364268,0.67249,0.659364,0.0895221,0.228794
130_bNAb_Combinations|1313974|sample|10|nan|1176,1.14,0.388273,6,10,1,0.888694,0.0742436,0.480985,0.473924,-1.3211,-1.23812
130_bNAb_Combinations|1313974|sample|10|nan|1176,5.7,0.221387,7,10,1,0.823127,0.00300601,0.233359,0.239369,-0.340976,-0.500018
130_bNAb_Combinations|1313974|sample|10|nan|1176,28.5,0.0676565,8,10,1,0.369024,0.00215091,0.0502899,0.0594372,1.89064,0.784209
130_bNAb_Combinations|1313974|sample|11|nan|1176,0.0003712,0.686964,1,11,1,0.895886,0.88268,0.842071,0.855107,-1.27856,-1.36525
130_bNAb_Combinations|1313974|sample|11|nan|1176,0.001856,0.787446,2,11,1,0.895886,0.859391,0.77202,0.795479,0.138479,-0.0700274
130_bNAb_Combinations|1313974|sample|11|nan|1176,0.00928,0.683957,3,11,1,0.89588,0.797408,0.626969,0.661607,0.627257,0.233402
130_bNAb_Combinations|1313974|sample|11|nan|1176,0.0464,0.431373,4,11,1,0.895819,0.646759,0.381205,0.414002,0.895076,0.28621
130_bNAb_Combinations|1313974|sample|11|nan|1176,0.2319999999999999,0.127921,5,11,1,0.895182,0.360635,0.117152,0.126795,0.577275,0.0562227
130_bNAb_Combinations|1313974|sample|11|nan|1176,1.16,0.00889557,6,11,1,0.88851,0.0722566,0.00897627,0.00829435,-0.0241979,0.185656
130_bNAb_Combinations|1313974|sample|11|nan|1176,5.8,0.00664036,7,11,1,0.821335,0.00294332,0.00217103,0.0021545,1.88483,1.89367
130_bNAb_Combinations|1313974|sample|11|nan|1176,29,0.0085197,8,11,1,0.360733,0.00215087,0.00216157,0.00215086,2.6829,2.68914
130_bNAb_Combinations|1313974|sample|12|nan|1176,0.0003712,0.62507,1,12,1,0.895886,0.88268,0.798579,0.807121,-1.50674,-1.56449
130_bNAb_Combinations|1313974|sample|12|nan|1176,0.001856,0.659149,2,12,1,0.895886,0.859391,0.687748,0.707511,-0.287546,-0.47294
130_bNAb_Combinations|1313974|sample|12|nan|1176,0.00928,0.546764,3,12,1,0.89588,0.797408,0.488192,0.525413,0.822655,0.279213
130_bNAb_Combinations|1313974|sample|12|nan|1176,0.0464,0.27877,4,12,1,0.895819,0.646759,0.223158,0.268857,1.65185,0.246956
130_bNAb_Combinations|1313974|sample|12|nan|1176,0.2319999999999999,0.0630207,5,12,1,0.895182,0.360635,0.0387906,0.0607721,3.20627,0.210741
130_bNAb_Combinations|1313974|sample|12|nan|1176,1.16,0.00413456,6,12,1,0.88851,0.0722566,0.00279569,0.0041532,0.544329,-0.00702718
130_bNAb_Combinations|1313974|sample|12|nan|1176,5.8,0.0072668,7,12,1,0.821335,0.00294332,0.00216166,0.0021521,2.15418,2.15944
130_bNAb_Combinations|1313974|sample|12|nan|1176,29,0.00375869,8,12,1,0.360733,0.00215087,0.00216157,0.00215086,0.673926,0.67888
130_bNAb_Combinations|1313974|sample|3|nan|1176,0.000064,0.544885,1,3,1,0.895886,0.891577,0.822752,0.813568,-2.34333,-2.29101
130_bNAb_Combinations|1313974|sample|3|nan|1176,0.00032,0.833553,2,3,1,0.895886,0.883869,0.769825,0.758201,0.573697,0.688541
130_bNAb_Combinations|1313974|sample|3|nan|1176,0.0016,0.76765,3,3,1,0.895886,0.862635,0.68397,0.671155,0.845901,0.993672
130_bNAb_Combinations|1313974|sample|3|nan|1176,0.008,0.763766,4,3,1,0.895881,0.805862,0.554338,0.543567,2.59946,2.78589
130_bNAb_Combinations|1313974|sample|3|nan|1176,0.04,0.33966,5,3,1,0.895832,0.666111,0.381797,0.377707,-0.750665,-0.684868
130_bNAb_Combinations|1313974|sample|3|nan|1176,0.2,0.074798,6,3,1,0.895319,0.391485,0.197464,0.201879,-4.08511,-4.14581
130_bNAb_Combinations|1313974|sample|3|nan|1176,1,0.0275637,7,3,1,0.889944,0.0902928,0.0624052,0.0694652,-3.19609,-3.52081
130_bNAb_Combinations|1313974|sample|3|nan|1176,5,0.0219257,8,3,1,0.835366,0.00362991,0.00974843,0.0125685,3.5355,2.43445
130_bNAb_Combinations|1313974|sample|4|nan|1176,0.000064,0.596254,1,4,1,0.895886,0.891577,0.841512,0.839397,-2.02301,-2.01053
130_bNAb_Combinations|1313974|sample|4|nan|1176,0.00032,0.751363,2,4,1,0.895886,0.883869,0.793336,0.789702,-0.36686,-0.336616
130_bNAb_Combinations|1313974|sample|4|nan|1176,0.0016,0.81952,3,4,1,0.895886,0.862635,0.707673,0.701702,1.09353,1.16151
130_bNAb_Combinations|1313974|sample|4|nan|1176,0.008,0.746852,4,4,1,0.895881,0.805862,0.567189,0.558344,2.18074,2.32342
130_bNAb_Combinations|1313974|sample|4|nan|1176,0.04,0.327758,5,4,1,0.895832,0.666111,0.369781,0.359153,-0.772049,-0.593194
130_bNAb_Combinations|1313974|sample|4|nan|1176,0.2,0.106747,6,4,1,0.895319,0.391485,0.162393,0.153899,-2.22042,-1.97636
130_bNAb_Combinations|1313974|sample|4|nan|1176,1,0.0308213,7,4,1,0.889944,0.0902928,0.034562,0.0314553,-0.53759,-0.0972711
130_bNAb_Combinations|1313974|sample|4|nan|1176,5,0.0120278,8,4,1,0.835366,0.00362991,0.00368821,0.00342156,3.22482,3.37725
130_bNAb_Combinations|1313974|sample|5|nan|1176,0.0006144,0.585729,1,5,1,0.895886,0.877707,0.623381,0.627362,-0.416755,-0.457963
130_bNAb_Combinations|1313974|sample|5|nan|1176,0.003072,0.613794,2,5,1,0.895885,0.845901,0.521023,0.524868,1.22311,1.16407
130_bNAb_Combinations|1313974|sample|5|nan|1176,0.01536,0.526467,3,5,1,0.895873,0.76287,0.398683,0.401765,2.18348,2.11504
130_bNAb_Combinations|1313974|sample|5|nan|1176,0.0768,0.174278,4,5,1,0.895746,0.571491,0.267602,0.269359,-2.33542,-2.36466
130_bNAb_Combinations|1313974|sample|5|nan|1176,0.384,0.0800601,5,5,1,0.894416,0.255724,0.148076,0.148422,-2.9529,-2.96163
130_bNAb_Combinations|1313974|sample|5|nan|1176,1.92,0.03458,6,5,1,0.880549,0.0290508,0.0620374,0.0615783,-2.53083,-2.50352
130_bNAb_Combinations|1313974|sample|5|nan|1176,9.6,0.0281902,7,5,1,0.74726,0.00221008,0.0181097,0.017662,2.17798,2.30631
130_bNAb_Combinations|1313974|sample|5|nan|1176,48,0.00826912,8,5,1,0.135614,0.00215086,0.00441214,0.00425824,1.43458,1.50401
130_bNAb_Combinations|1313974|sample|6|nan|1176,0.0006144,0.51469,1,6,1,0.895886,0.877707,0.70281,0.658128,-1.85172,-1.50567
130_bNAb_Combinations|1313974|sample|6|nan|1176,0.003072,0.808369,2,6,1,0.895885,0.845901,0.603333,0.555521,2.34314,3.13188
130_bNAb_Combinations|1313974|sample|6|nan|1176,0.01536,0.47986,3,6,1,0.895873,0.76287,0.470727,0.427368,0.132892,0.83872
130_bNAb_Combinations|1313974|sample|6|nan|1176,0.0768,0.164756,4,6,1,0.895746,0.571491,0.314607,0.285009,-3.21452,-2.83446
130_bNAb_Combinations|1313974|sample|6|nan|1176,0.384,0.0816889,5,6,1,0.894416,0.255724,0.163951,0.152781,-3.25382,-2.99969
130_bNAb_Combinations|1313974|sample|6|nan|1176,1.92,0.045856,6,6,1,0.880549,0.0290508,0.0578457,0.0591251,-1.16909,-1.27138
130_bNAb_Combinations|1313974|sample|6|nan|1176,9.6,0.023805,7,6,1,0.74726,0.00221008,0.0121055,0.0149149,3.09669,2.12889
130_bNAb_Combinations|1313974|sample|6|nan|1176,48,0.00789325,8,6,1,0.135614,0.00215086,0.00278624,0.0034406,2.07743,1.74546
130_bNAb_Combinations|1313974|sample|7|nan|1176,0.0000768,0.626699,1,7,1,0.895886,0.891045,0.893598,0.894045,-2.07525,-2.0777
130_bNAb_Combinations|1313974|sample|7|nan|1176,0.000384,0.800727,2,7,1,0.895886,0.882393,0.889817,0.89097,-0.695611,-0.703713
130_bNAb_Combinations|1313974|sample|7|nan|1176,0.00192,0.993736,3,7,1,0.895886,0.858608,0.880196,0.882797,0.896041,0.872973
130_bNAb_Combinations|1313974|sample|7|nan|1176,0.0096,1,4,7,1,0.895879,0.795375,0.856002,0.861309,1.16799,1.11813
130_bNAb_Combinations|1313974|sample|7|nan|1176,0.048,0.854476,5,7,1,0.895816,0.642161,0.796988,0.806394,0.500204,0.41357
130_bNAb_Combinations|1313974|sample|7|nan|1176,0.24,0.743344,6,7,1,0.895146,0.353545,0.663739,0.67625,0.828703,0.685814
130_bNAb_Combinations|1313974|sample|7|nan|1176,1.2,0.326505,7,7,1,0.888137,0.0684806,0.415843,0.422977,-1.46568,-1.55692
130_bNAb_Combinations|1313974|sample|7|nan|1176,6,0.132932,8,7,1,0.817719,0.00283251,0.127063,0.122327,0.292644,0.547017
130_bNAb_Combinations|1313974|sample|8|nan|1176,0.0000768,0.625321,1,8,1,0.895886,0.891045,0.8947,0.89434,-2.09199,-2.09002
130_bNAb_Combinations|1313974|sample|8|nan|1176,0.000384,0.783938,2,8,1,0.895886,0.882393,0.892231,0.891602,-0.843296,-0.838975
130_bNAb_Combinations|1313974|sample|8|nan|1176,0.00192,0.983211,3,8,1,0.895886,0.858608,0.885188,0.884047,0.769297,0.779234
130_bNAb_Combinations|1313974|sample|8|nan|1176,0.0096,0.927081,4,8,1,0.895879,0.795375,0.865291,0.86342,0.495904,0.512006
130_bNAb_Combinations|1313974|sample|8|nan|1176,0.048,0.862056,5,8,1,0.895816,0.642161,0.810681,0.808686,0.439598,0.457771
130_bNAb_Combinations|1313974|sample|8|nan|1176,0.24,0.641108,6,8,1,0.895146,0.353545,0.672551,0.674438,-0.323132,-0.341588
130_bNAb_Combinations|1313974|sample|8|nan|1176,1.2,0.408069,7,8,1,0.888137,0.0684806,0.394315,0.408233,0.237528,-0.0027495
130_bNAb_Combinations|1313974|sample|8|nan|1176,6,0.107499,8,8,1,0.817719,0.00283251,0.0872333,0.103238,1.40562,0.255374
130_bNAb_Combinations|1313974|sample|9|nan|1176,0.0003648,0.584727,1,9,1,0.895886,0.882825,0.882828,0.881695,-2.34567,-2.33971
130_bNAb_Combinations|1313974|sample|9|nan|1176,0.001824,0.879471,2,9,1,0.895886,0.859787,0.868562,0.866696,0.0872269,0.102366
130_bNAb_Combinations|1313974|sample|9|nan|1176,0.00912,0.847836,3,9,1,0.89588,0.798436,0.839383,0.836391,0.0698953,0.0949696
130_bNAb_Combinations|1313974|sample|9|nan|1176,0.0456,0.917183,4,9,1,0.895821,0.649092,0.781335,0.77688,1.20526,1.25179
130_bNAb_Combinations|1313974|sample|9|nan|1176,0.228,0.733697,5,9,1,0.8952,0.364268,0.672365,0.666678,0.630464,0.694676
130_bNAb_Combinations|1313974|sample|9|nan|1176,1.14,0.394788,6,9,1,0.888694,0.0742436,0.490966,0.485722,-1.34342,-1.28348
130_bNAb_Combinations|1313974|sample|9|nan|1176,5.7,0.20109,7,9,1,0.823127,0.00300601,0.254761,0.252714,-1.40715,-1.36384
130_bNAb_Combinations|1313974|sample|9|nan|1176,28.5,0.0780555,8,9,1,0.369024,0.00215091,0.065955,0.0667537,1.06108,0.98131
130_bNAb_Combinations|1313974|vc|1|2|nan|1176,0,0.615047,1,2,1,0.895886,0.895886,0.896024,0.895886,-2.17889,-2.17815
130_bNAb_Combinations|1313974|vc|2|2|nan|1176,0,0.671678,2,2,1,0.895886,0.895886,0.896024,0.895886,-1.73973,-1.73893
130_bNAb_Combinations|1313974|vc|3|2|nan|1176,0,0.718411,3,2,1,0.895886,0.895886,0.896024,0.895886,-1.37733,-1.37647
130_bNAb_Combinations|1313974|vc|4|2|nan|1176,0,0.81739,4,2,1,0.895886,0.895886,0.896024,0.895886,-0.609781,-0.608805
130_bNAb_Combinations|1313974|vc|5|2|nan|1176,0,0.786068,5,2,1,0.895886,0.895886,0.896024,0.895886,-0.852677,-0.851738
130_bNAb_Combinations|1313974|vc|6|2|nan|1176,0,0.718662,6,2,1,0.895886,0.895886,0.896024,0.895886,-1.37539,-1.37453
130_bNAb_Combinations|1313974|vc|7|2|nan|1176,0,0.706008,7,2,1,0.895886,0.895886,0.896024,0.895886,-1.47352,-1.47267
130_bNAb_Combinations|1313974|vc|8|2|nan|1176,0,0.513437,8,2,1,0.895886,0.895886,0.896024,0.895886,-2.96684,-2.96622
130_bNAb_Combinations|1313992|cc|1|1|RHPA4259.7|5371,0,0.000660826,1,1,0,0,0,0,0,0.320205,0.320205
130_bNAb_Combinations|1313992|cc|2|1|RHPA4259.7|5371,0,0.00171458,2,1,0,0,0,0,0,0.830803,0.830803
130_bNAb_Combinations|1313992|cc|3|1|RHPA4259.7|5371,0,0.00114305,3,1,0,0,0,0,0,0.553868,0.553868
130_bNAb_Combinations|1313992|cc|4|1|RHPA4259.7|5371,0,0.00148239,4,1,0,0,0,0,0,0.718298,0.718298
130_bNAb_Combinations|1313992|cc|5|1|RHPA4259.7|5371,0,0.00150025,5,1,0,0,0,0,0,0.726952,0.726952
130_bNAb_Combinations|1313992|cc|6|1|RHPA4259.7|5371,0,0.00133951,6,1,0,0,0,0,0,0.649064,0.649064
130_bNAb_Combinations|1313992|cc|7|1|RHPA4259.7|5371,0,0.001661,7,1,0,0,0,0,0,0.80484,0.80484
130_bNAb_Combinations|1313992|cc|8|1|RHPA4259.7|5371,0,0.00142881,8,1,0,0,0,0,0,0.692335,0.692335
130_bNAb_Combinations|1313992|sample|10|RHPA4259.7|5371,0.0003648,0.6759,1,10,1,0.895886,0.882825,0.830894,0.840957,-1.29452,-1.36235
130_bNAb_Combinations|1313992|sample|10|RHPA4259.7|5371,0.001824,0.701074,2,10,1,0.895886,0.859787,0.727138,0.748501,-0.248142,-0.438883
130_bNAb_Combinations|1313992|sample|10|RHPA4259.7|5371,0.00912,0.541985,3,10,1,0.89588,0.798436,0.503023,0.53794,0.53154,0.05169
130_bNAb_Combinations|1313992|sample|10|RHPA4259.7|5371,0.0456,0.23562,4,10,1,0.895821,0.649092,0.182848,0.211808,1.88757,0.742761
130_bNAb_Combinations|1313992|sample|10|RHPA4259.7|5371,0.228,0.0160206,5,10,1,0.8952,0.364268,0.0132664,0.0171634,0.698593,-0.254288
130_bNAb_Combinations|1313992|sample|10|RHPA4259.7|5371,1.14,0.00158956,6,10,1,0.888694,0.074244,0.00216836,0.00216189,-0.244135,-0.241501
130_bNAb_Combinations|1313992|sample|10|RHPA4259.7|5371,5.7,0.000392924,7,10,1,0.823127,0.00300646,0.00216207,0.00215135,-0.746494,-0.742446
130_bNAb_Combinations|1313992|sample|10|RHPA4259.7|5371,28.5,0.000928729,8,10,1,0.369024,0.00215136,0.00216207,0.00215135,-0.52041,-0.516218
130_bNAb_Combinations|1313992|sample|11|RHPA4259.7|5371,0.0003712,0.650289,1,11,1,0.895886,0.88268,0.800402,0.796131,-1.30066,-1.27032
130_bNAb_Combinations|1313992|sample|11|RHPA4259.7|5371,0.001856,0.618283,2,11,1,0.895886,0.859391,0.669217,0.668691,-0.525983,-0.520952
130_bNAb_Combinations|1313992|sample|11|RHPA4259.7|5371,0.00928,0.451639,3,11,1,0.89588,0.797408,0.421689,0.434441,0.484775,0.270465
130_bNAb_Combinations|1313992|sample|11|RHPA4259.7|5371,0.0464,0.163215,4,11,1,0.895819,0.646759,0.129281,0.150638,1.66574,0.53756
130_bNAb_Combinations|1313992|sample|11|RHPA4259.7|5371,0.2319999999999999,0.0123414,5,11,1,0.895182,0.360635,0.00818782,0.0129734,1.28861,-0.162008
130_bNAb_Combinations|1313992|sample|11|RHPA4259.7|5371,1.16,0,6,11,1,0.88851,0.0722569,0.00216482,0.00217081,-0.913299,-0.915499
130_bNAb_Combinations|1313992|sample|11|RHPA4259.7|5371,5.8,0.000839428,7,11,1,0.821335,0.00294363,0.00216189,0.00215118,-0.55802,-0.553854
130_bNAb_Combinations|1313992|sample|11|RHPA4259.7|5371,29,0.000500085,8,11,1,0.360733,0.00215118,0.00216189,0.00215118,-0.701208,-0.697134
130_bNAb_Combinations|1313992|sample|12|RHPA4259.7|5371,0.0003712,0.617105,1,12,1,0.895886,0.88268,0.794687,0.806218,-1.54954,-1.62697
130_bNAb_Combinations|1313992|sample|12|RHPA4259.7|5371,0.001856,0.643716,2,12,1,0.895886,0.859391,0.664396,0.690023,-0.215073,-0.464082
130_bNAb_Combinations|1313992|sample|12|RHPA4259.7|5371,0.00928,0.450916,3,12,1,0.89588,0.797408,0.425665,0.469737,0.405023,-0.274426
130_bNAb_Combinations|1313992|sample|12|RHPA4259.7|5371,0.0464,0.208089,4,12,1,0.895819,0.646759,0.141801,0.182571,2.99337,0.913994
130_bNAb_Combinations|1313992|sample|12|RHPA4259.7|5371,0.2319999999999999,0.0184138,5,12,1,0.895182,0.360635,0.0112364,0.0196218,1.96374,-0.249454
130_bNAb_Combinations|1313992|sample|12|RHPA4259.7|5371,1.16,0.000125021,6,12,1,0.88851,0.0722569,0.00217401,0.00221328,-0.863959,-0.878457
130_bNAb_Combinations|1313992|sample|12|RHPA4259.7|5371,5.8,0.000500085,7,12,1,0.821335,0.00294363,0.00216189,0.00215118,-0.701208,-0.697134
130_bNAb_Combinations|1313992|sample|12|RHPA4259.7|5371,29,0.000285763,8,12,1,0.360733,0.00215118,0.00216189,0.00215118,-0.791643,-0.787626
130_bNAb_Combinations|1313992|sample|3|RHPA4259.7|5371,0.000064,0.754539,1,3,1,0.895886,0.891577,0.895009,0.894808,-1.09052,-1.0892
130_bNAb_Combinations|1313992|sample|3|RHPA4259.7|5371,0.00032,0.910976,2,3,1,0.895886,0.883869,0.892723,0.892421,0.142061,0.144462
130_bNAb_Combinations|1313992|sample|3|RHPA4259.7|5371,0.0016,0.927479,3,3,1,0.895886,0.862635,0.885315,0.884784,0.330859,0.33522
130_bNAb_Combinations|1313992|sample|3|RHPA4259.7|5371,0.008,0.944785,4,3,1,0.895881,0.805862,0.861608,0.860659,0.670352,0.67873
130_bNAb_Combinations|1313992|sample|3|RHPA4259.7|5371,0.04,0.905162,5,3,1,0.895832,0.666111,0.788725,0.78745,1.02355,1.0364
130_bNAb_Combinations|1313992|sample|3|RHPA4259.7|5371,0.2,0.651807,6,3,1,0.895319,0.391485,0.591691,0.59186,0.700201,0.698027
130_bNAb_Combinations|1313992|sample|3|RHPA4259.7|5371,1,0.224351,7,3,1,0.889944,0.0902927,0.233428,0.237618,-0.258458,-0.371499
130_bNAb_Combinations|1313992|sample|3|RHPA4259.7|5371,5,0.0158956,8,3,1,0.835366,0.00362983,0.0135546,0.0148763,0.587696,0.244388
130_bNAb_Combinations|1313992|sample|4|RHPA4259.7|5371,0.000064,0.699119,1,4,1,0.895886,0.891577,0.894434,0.894563,-1.51726,-1.51805
130_bNAb_Combinations|1313992|sample|4|RHPA4259.7|5371,0.00032,0.930694,2,4,1,0.895886,0.883869,0.891233,0.891775,0.307623,0.303216
130_bNAb_Combinations|1313992|sample|4|RHPA4259.7|5371,0.0016,0.969602,3,4,1,0.895886,0.862635,0.881641,0.883155,0.693062,0.679977
130_bNAb_Combinations|1313992|sample|4|RHPA4259.7|5371,0.008,1,4,4,1,0.895881,0.805862,0.853311,0.856865,1.19351,1.15984
130_bNAb_Combinations|1313992|sample|4|RHPA4259.7|5371,0.04,0.855217,5,4,1,0.895832,0.666111,0.773242,0.779998,0.734763,0.668469
130_bNAb_Combinations|1313992|sample|4|RHPA4259.7|5371,0.2,0.614506,6,4,1,0.895319,0.391485,0.574619,0.582503,0.478038,0.378485
130_bNAb_Combinations|1313992|sample|4|RHPA4259.7|5371,1,0.229173,7,4,1,0.889944,0.0902927,0.235905,0.236229,-0.189788,-0.198656
130_bNAb_Combinations|1313992|sample|4|RHPA4259.7|5371,5,0.0174851,8,4,1,0.835366,0.00362983,0.0182943,0.0164925,-0.173843,0.225631
130_bNAb_Combinations|1313992|sample|5|RHPA4259.7|5371,0.0006144,0.682232,1,5,1,0.895886,0.877707,0.890498,0.890975,-1.6249,-1.62777
130_bNAb_Combinations|1313992|sample|5|RHPA4259.7|5371,0.003072,0.897884,2,5,1,0.895885,0.845901,0.877911,0.879351,0.158033,0.146406
130_bNAb_Combinations|1313992|sample|5|RHPA4259.7|5371,0.01536,0.905895,3,5,1,0.895873,0.76287,0.837614,0.841076,0.565786,0.534927
130_bNAb_Combinations|1313992|sample|5|RHPA4259.7|5371,0.0768,0.832025,4,5,1,0.895746,0.571491,0.717356,0.723415,1.10629,1.03923
130_bNAb_Combinations|1313992|sample|5|RHPA4259.7|5371,0.384,0.471151,5,5,1,0.894416,0.255724,0.430763,0.434784,0.640408,0.571492
130_bNAb_Combinations|1313992|sample|5|RHPA4259.7|5371,1.92,0.0757807,6,5,1,0.880549,0.0290507,0.0821437,0.0796113,-0.464571,-0.287192
130_bNAb_Combinations|1313992|sample|5|RHPA4259.7|5371,9.6,0.0066797,7,5,1,0.74726,0.00220999,0.00251608,0.00241147,1.72045,1.77454
130_bNAb_Combinations|1313992|sample|5|RHPA4259.7|5371,48,0.00155384,8,5,1,0.135614,0.00215078,0.00216149,0.00215078,-0.256409,-0.252052
130_bNAb_Combinations|1313992|sample|6|RHPA4259.7|5371,0.0006144,0.679213,1,6,1,0.895886,0.877707,0.888395,0.88637,-1.63584,-1.62365
130_bNAb_Combinations|1313992|sample|6|RHPA4259.7|5371,0.003072,0.909244,2,6,1,0.895885,0.845901,0.872336,0.868233,0.293852,0.328035
130_bNAb_Combinations|1313992|sample|6|RHPA4259.7|5371,0.01536,0.882409,3,6,1,0.895873,0.76287,0.823884,0.817115,0.492886,0.554372
130_bNAb_Combinations|1313992|sample|6|RHPA4259.7|5371,0.0768,0.759665,4,6,1,0.895746,0.571491,0.688939,0.683896,0.709899,0.766002
130_bNAb_Combinations|1313992|sample|6|RHPA4259.7|5371,0.384,0.442039,5,6,1,0.894416,0.255724,0.394128,0.406288,0.827786,0.59985
130_bNAb_Combinations|1313992|sample|6|RHPA4259.7|5371,1.92,0.0812102,6,6,1,0.880549,0.0290507,0.0706422,0.0900676,0.875724,-0.59772
130_bNAb_Combinations|1313992|sample|6|RHPA4259.7|5371,9.6,0.00728695,7,6,1,0.74726,0.00220999,0.00248822,0.00323542,1.98612,1.60651
130_bNAb_Combinations|1313992|sample|6|RHPA4259.7|5371,48,0.000660826,8,6,1,0.135614,0.00215078,0.00216149,0.00215078,-0.633229,-0.629114
130_bNAb_Combinations|1313992|sample|7|RHPA4259.7|5371,0.0000768,0.658728,1,7,1,0.895886,0.891045,0.880966,0.881442,-1.75236,-1.75518
130_bNAb_Combinations|1313992|sample|7|RHPA4259.7|5371,0.000384,0.835624,2,7,1,0.895886,0.882393,0.851014,0.852538,-0.125552,-0.137744
130_bNAb_Combinations|1313992|sample|7|RHPA4259.7|5371,0.00192,0.789589,3,7,1,0.895886,0.858608,0.766086,0.770114,0.212596,0.175257
130_bNAb_Combinations|1313992|sample|7|RHPA4259.7|5371,0.0096,0.635402,4,7,1,0.895879,0.795375,0.556788,0.565017,0.97159,0.857541
130_bNAb_Combinations|1313992|sample|7|RHPA4259.7|5371,0.048,0.221618,5,7,1,0.895816,0.642161,0.212457,0.221067,0.284927,0.0165
130_bNAb_Combinations|1313992|sample|7|RHPA4259.7|5371,0.24,0.0149132,6,7,1,0.895146,0.353546,0.0135806,0.0148496,0.334258,0.0152762
130_bNAb_Combinations|1313992|sample|7|RHPA4259.7|5371,1.2,0.00198248,7,7,1,0.888137,0.068481,0.00216429,0.00215426,-0.0767071,-0.0725149
130_bNAb_Combinations|1313992|sample|7|RHPA4259.7|5371,6,0.00167886,8,7,1,0.817719,0.00283296,0.00216207,0.00215135,-0.203892,-0.199498
130_bNAb_Combinations|1313992|sample|8|RHPA4259.7|5371,0.0000768,0.639796,1,8,1,0.895886,0.891045,0.882884,0.88547,-1.91267,-1.92747
130_bNAb_Combinations|1313992|sample|8|RHPA4259.7|5371,0.000384,0.832418,2,8,1,0.895886,0.882393,0.856458,0.862912,-0.194894,-0.245396
130_bNAb_Combinations|1313992|sample|8|RHPA4259.7|5371,0.00192,0.855234,3,8,1,0.895886,0.858608,0.780508,0.794406,0.663667,0.530954
130_bNAb_Combinations|1313992|sample|8|RHPA4259.7|5371,0.0096,0.694582,4,8,1,0.895879,0.795375,0.587884,0.609568,1.25061,0.961835
130_bNAb_Combinations|1313992|sample|8|RHPA4259.7|5371,0.048,0.261848,5,8,1,0.895816,0.642161,0.248499,0.262036,0.358319,-0.00481166
130_bNAb_Combinations|1313992|sample|8|RHPA4259.7|5371,0.24,0.0198069,6,8,1,0.895146,0.353546,0.0201134,0.0197549,-0.062385,0.0107018
130_bNAb_Combinations|1313992|sample|8|RHPA4259.7|5371,1.2,0.00117877,7,8,1,0.888137,0.068481,0.00216982,0.00215557,-0.417981,-0.412323
130_bNAb_Combinations|1313992|sample|8|RHPA4259.7|5371,6,0.000464364,8,8,1,0.817719,0.00283296,0.00216207,0.00215135,-0.716349,-0.712283
130_bNAb_Combinations|1313992|sample|9|RHPA4259.7|5371,0.0003648,0.59653,1,9,1,0.895886,0.882825,0.842585,0.855027,-2.02704,-2.09907
130_bNAb_Combinations|1313992|sample|9|RHPA4259.7|5371,0.001824,0.754182,2,9,1,0.895886,0.859787,0.752752,0.776413,0.0131554,-0.198467
130_bNAb_Combinations|1313992|sample|9|RHPA4259.7|5371,0.00912,0.593958,3,9,1,0.89588,0.798436,0.54719,0.577883,0.587875,0.19159
130_bNAb_Combinations|1313992|sample|9|RHPA4259.7|5371,0.0456,0.260651,4,9,1,0.895821,0.649092,0.222939,0.234982,1.1212,0.726325
130_bNAb_Combinations|1313992|sample|9|RHPA4259.7|5371,0.228,0.0158598,5,9,1,0.8952,0.364268,0.0196798,0.0171099,-0.787498,-0.278621
130_bNAb_Combinations|1313992|sample|9|RHPA4259.7|5371,1.14,0.000964449,6,9,1,0.888694,0.074244,0.00217854,0.00215574,-0.511784,-0.502858
130_bNAb_Combinations|1313992|sample|9|RHPA4259.7|5371,5.7,0.000267903,7,9,1,0.823127,0.00300646,0.00216207,0.00215135,-0.799246,-0.795233
130_bNAb_Combinations|1313992|sample|9|RHPA4259.7|5371,28.5,0.000839428,8,9,1,0.369024,0.00215136,0.00216207,0.00215135,-0.55809,-0.553923
130_bNAb_Combinations|1313992|vc|1|2|RHPA4259.7|5371,0,0.779132,1,2,1,0.895886,0.895886,0.896024,0.895886,-0.90646,-0.905529
130_bNAb_Combinations|1313992|vc|2|2|RHPA4259.7|5371,0,0.953474,2,2,1,0.895886,0.895886,0.896024,0.895886,0.445509,0.446645
130_bNAb_Combinations|1313992|vc|3|2|RHPA4259.7|5371,0,0.91795,3,2,1,0.895886,0.895886,0.896024,0.895886,0.170032,0.171127
130_bNAb_Combinations|1313992|vc|4|2|RHPA4259.7|5371,0,0.938007,4,2,1,0.895886,0.895886,0.896024,0.895886,0.325568,0.326686
130_bNAb_Combinations|1313992|vc|5|2|RHPA4259.7|5371,0,0.961699,5,2,1,0.895886,0.895886,0.896024,0.895886,0.509289,0.510434
130_bNAb_Combinations|1313992|vc|6|2|RHPA4259.7|5371,0,0.866995,6,2,1,0.895886,0.895886,0.896024,0.895886,-0.225109,-0.224074
130_bNAb_Combinations|1313992|vc|7|2|RHPA4259.7|5371,0,0.852279,7,2,1,0.895886,0.895886,0.896024,0.895886,-0.339233,-0.338216
130_bNAb_Combinations|1313992|vc|8|2|RHPA4259.7|5371,0,0.715353,8,2,1,0.895886,0.895886,0.896024,0.895886,-1.40104,-1.40019
130_bNAb_Combinations|1314016|cc|1|1|nan|3430,0,0.0013549,1,1,0,0,0,0,0,0.656518,0.656518
130_bNAb_Combinations|1314016|cc|2|1|nan|3430,0,0.00201049,2,1,0,0,0,0,0,0.974188,0.974188
130_bNAb_Combinations|1314016|cc|3|1|nan|3430,0,0.00170455,3,1,0,0,0,0,0,0.825942,0.825942
130_bNAb_Combinations|1314016|cc|4|1|nan|3430,0,0.00253497,4,1,0,0,0,0,0,1.22832,1.22832
130_bNAb_Combinations|1314016|cc|5|1|nan|3430,0,0.00104895,5,1,0,0,0,0,0,0.508272,0.508272
130_bNAb_Combinations|1314016|cc|6|1|nan|3430,0,0.000743007,6,1,0,0,0,0,0,0.360026,0.360026
130_bNAb_Combinations|1314016|cc|7|1|nan|3430,0,0,7,1,0,0,0,0,0,0,0
130_bNAb_Combinations|1314016|cc|8|1|nan|3430,0,0.00187937,8,1,0,0,0,0,0,0.910654,0.910654
130_bNAb_Combinations|1314016|sample|10|nan|3430,0.0003648,0.774781,1,10,1,0.895886,0.948794,0.809196,0.851793,-0.295005,-0.62769
130_bNAb_Combinations|1314016|sample|10|nan|3430,0.001824,0.738134,2,10,1,0.895886,0.924034,0.70022,0.753452,0.374548,-0.140838
130_bNAb_Combinations|1314016|sample|10|nan|3430,0.00912,0.636976,3,10,1,0.89588,0.858099,0.535959,0.589609,1.29569,0.553596
130_bNAb_Combinations|1314016|sample|10|nan|3430,0.0456,0.400415,4,10,1,0.895821,0.697596,0.327356,0.361555,1.50879,0.729561
130_bNAb_Combinations|1314016|sample|10|nan|3430,0.228,0.120367,5,10,1,0.8952,0.391488,0.132622,0.137194,-0.587904,-0.7829
130_bNAb_Combinations|1314016|sample|10|nan|3430,1.14,0.0218531,6,10,1,0.888694,0.0797912,0.0266264,0.0216306,-0.818114,0.0434148
130_bNAb_Combinations|1314016|sample|10|nan|3430,5.7,0.0119318,7,10,1,0.823127,0.00323044,0.00345056,0.0027349,3.32285,3.75222
130_bNAb_Combinations|1314016|sample|10|nan|3430,28.5,0.00895979,8,10,1,0.369024,0.00231145,0.00231832,0.0023117,2.77645,2.78031
130_bNAb_Combinations|1314016|sample|11|nan|3430,0.0003712,1,1,11,1,0.895886,0.948639,0.89899,0.913396,0.78076,0.659013
130_bNAb_Combinations|1314016|sample|11|nan|3430,0.001856,0.764248,2,11,1,0.895886,0.923609,0.812394,0.835814,-0.411113,-0.594268
130_bNAb_Combinations|1314016|sample|11|nan|3430,0.00928,0.669886,3,11,1,0.89588,0.856994,0.626846,0.658806,0.473832,0.11619
130_bNAb_Combinations|1314016|sample|11|nan|3430,0.0464,0.36392,4,11,1,0.895819,0.695088,0.323467,0.34875,0.845045,0.29484
130_bNAb_Combinations|1314016|sample|11|nan|3430,0.2319999999999999,0.066521,5,11,1,0.895182,0.387584,0.0614116,0.0653724,0.474825,0.101451
130_bNAb_Combinations|1314016|sample|11|nan|3430,1.16,0.00305944,6,11,1,0.88851,0.0776563,0.00314954,0.00302301,-0.0358999,0.0146216
130_bNAb_Combinations|1314016|sample|11|nan|3430,5.8,0.000437063,7,11,1,0.821335,0.00316369,0.00231437,0.00231203,-0.784989,-0.784119
130_bNAb_Combinations|1314016|sample|11|nan|3430,29,0.00227273,8,11,1,0.360733,0.00231203,0.00231435,0.00231202,-0.0174027,-0.0164336
130_bNAb_Combinations|1314016|sample|12|nan|3430,0.0003712,0.984091,1,12,1,0.895886,0.948639,0.909842,0.920977,0.567168,0.476376
130_bNAb_Combinations|1314016|sample|12|nan|3430,0.001856,0.80153,2,12,1,0.895886,0.923609,0.825532,0.848333,-0.201749,-0.383003
130_bNAb_Combinations|1314016|sample|12|nan|3430,0.00928,0.693553,3,12,1,0.89588,0.856994,0.626437,0.671474,0.739363,0.22726
130_bNAb_Combinations|1314016|sample|12|nan|3430,0.0464,0.359899,4,12,1,0.895819,0.695088,0.287129,0.345962,1.70321,0.272979
130_bNAb_Combinations|1314016|sample|12|nan|3430,0.2319999999999999,0.0557255,5,12,1,0.895182,0.387584,0.033582,0.0545539,3.24711,0.119683
130_bNAb_Combinations|1314016|sample|12|nan|3430,1.16,0.000305944,6,12,1,0.88851,0.0776563,0.00238331,0.00258679,-0.865109,-0.938587
130_bNAb_Combinations|1314016|sample|12|nan|3430,5.8,0.00104895,7,12,1,0.821335,0.00316369,0.00231435,0.00231202,-0.529121,-0.528222
130_bNAb_Combinations|1314016|sample|12|nan|3430,29,0.00161713,8,12,1,0.360733,0.00231203,0.00231435,0.00231202,-0.291537,-0.290606
130_bNAb_Combinations|1314016|sample|3|nan|3430,0.000064,0.934375,1,3,1,0.895886,0.958234,0.892333,0.898056,0.327349,0.281014
130_bNAb_Combinations|1314016|sample|3|nan|3430,0.00032,0.84434,2,3,1,0.895886,0.950011,0.787757,0.795772,0.497999,0.423229
130_bNAb_Combinations|1314016|sample|3|nan|3430,0.0016,0.64458,3,3,1,0.895886,0.92736,0.561491,0.572231,1.01851,0.870625
130_bNAb_Combinations|1314016|sample|3|nan|3430,0.008,0.217177,4,3,1,0.895881,0.866795,0.226496,0.235401,-0.272993,-0.514811
130_bNAb_Combinations|1314016|sample|3|nan|3430,0.04,0.0300699,5,3,1,0.895832,0.717713,0.0269175,0.0284801,0.536527,0.260766
130_bNAb_Combinations|1314016|sample|3|nan|3430,0.2,0.0116259,6,3,1,0.895319,0.424748,0.00946518,0.00944104,0.634721,0.642458
130_bNAb_Combinations|1314016|sample|3|nan|3430,1,0.00983392,7,3,1,0.889944,0.103442,0.00944316,0.00941458,0.114894,0.123442
130_bNAb_Combinations|1314016|sample|3|nan|3430,5,0.00957168,8,3,1,0.835366,0.0109924,0.00944316,0.00941458,0.0377889,0.0462456
130_bNAb_Combinations|1314016|sample|4|nan|3430,0.000064,0.986801,1,4,1,0.895886,0.958234,0.907577,0.914179,0.606656,0.552154
130_bNAb_Combinations|1314016|sample|4|nan|3430,0.00032,0.92017,2,4,1,0.895886,0.950011,0.817565,0.826042,0.870699,0.790708
130_bNAb_Combinations|1314016|sample|4|nan|3430,0.0016,0.701202,3,4,1,0.895886,0.92736,0.60514,0.612725,1.09459,0.995978
130_bNAb_Combinations|1314016|sample|4|nan|3430,0.008,0.233566,4,4,1,0.895881,0.866795,0.256877,0.256657,-0.606404,-0.60115
130_bNAb_Combinations|1314016|sample|4|nan|3430,0.04,0.0290647,5,4,1,0.895832,0.717713,0.0294848,0.0276087,-0.0673314,0.243733
130_bNAb_Combinations|1314016|sample|4|nan|3430,0.2,0.0108392,6,4,1,0.895319,0.424748,0.00946054,0.00942491,0.405057,0.416143
130_bNAb_Combinations|1314016|sample|4|nan|3430,1,0.0083042,7,4,1,0.889944,0.103442,0.00944316,0.00941458,-0.334885,-0.326872
130_bNAb_Combinations|1314016|sample|4|nan|3430,5,0.00472028,8,4,1,0.835366,0.0109924,0.00944316,0.00941458,-1.38865,-1.38189
130_bNAb_Combinations|1314016|sample|5|nan|3430,0.0006144,0.749082,1,5,1,0.895886,0.943438,0.626095,0.637598,1.35555,1.2071
130_bNAb_Combinations|1314016|sample|5|nan|3430,0.003072,0.389576,2,5,1,0.895885,0.909508,0.361925,0.373352,0.518599,0.29533
130_bNAb_Combinations|1314016|sample|5|nan|3430,0.01536,0.0907343,3,5,1,0.895873,0.820932,0.107599,0.113167,-0.974748,-1.24007
130_bNAb_Combinations|1314016|sample|5|nan|3430,0.0768,0.0207168,4,5,1,0.895746,0.616774,0.0148408,0.0153318,1.41065,1.27154
130_bNAb_Combinations|1314016|sample|5|nan|3430,0.384,0.0156906,5,5,1,0.894416,0.279921,0.00945149,0.00942413,1.83382,1.84396
130_bNAb_Combinations|1314016|sample|5|nan|3430,1.92,0.00690559,6,5,1,0.880549,0.0381108,0.00944316,0.00941458,-0.746111,-0.738588
130_bNAb_Combinations|1314016|sample|5|nan|3430,9.6,0.00743007,7,5,1,0.74726,0.00947775,0.00944316,0.00941458,-0.591901,-0.584195
130_bNAb_Combinations|1314016|sample|5|nan|3430,48,0.0101836,8,5,1,0.135614,0.00941458,0.00944316,0.00941458,0.2177,0.226371
130_bNAb_Combinations|1314016|sample|6|nan|3430,0.0006144,0.677579,1,6,1,0.895886,0.943438,0.595617,0.604515,0.948497,0.833378
130_bNAb_Combinations|1314016|sample|6|nan|3430,0.003072,0.36038,2,6,1,0.895885,0.909508,0.331611,0.345267,0.586832,0.296588
130_bNAb_Combinations|1314016|sample|6|nan|3430,0.01536,0.088243,3,6,1,0.895873,0.820932,0.0942006,0.104555,-0.386758,-0.966882
130_bNAb_Combinations|1314016|sample|6|nan|3430,0.0768,0.0203234,4,6,1,0.895746,0.616774,0.0138501,0.0154256,1.60822,1.15291
130_bNAb_Combinations|1314016|sample|6|nan|3430,0.384,0.0114948,5,6,1,0.894416,0.279921,0.00945018,0.00943013,0.600983,0.607384
130_bNAb_Combinations|1314016|sample|6|nan|3430,1.92,0.00655594,6,6,1,0.880549,0.0381108,0.00944316,0.00941458,-0.848917,-0.841517
130_bNAb_Combinations|1314016|sample|6|nan|3430,9.6,0.0083479,7,6,1,0.74726,0.00947775,0.00944316,0.00941458,-0.322034,-0.314006
130_bNAb_Combinations|1314016|sample|6|nan|3430,48,0.00467657,8,6,1,0.135614,0.00941458,0.00944316,0.00941458,-1.4015,-1.39476
130_bNAb_Combinations|1314016|sample|7|nan|3430,0.0000768,0.664773,1,7,1,0.895886,0.957628,0.934511,0.938224,-2.00691,-2.02661
130_bNAb_Combinations|1314016|sample|7|nan|3430,0.000384,0.829917,2,7,1,0.895886,0.94833,0.902625,0.90661,-0.559774,-0.587899
130_bNAb_Combinations|1314016|sample|7|nan|3430,0.00192,0.764467,3,7,1,0.895886,0.922767,0.832432,0.837222,-0.566621,-0.60314
130_bNAb_Combinations|1314016|sample|7|nan|3430,0.0096,0.770411,4,7,1,0.895879,0.85481,0.689318,0.695931,0.813521,0.740228
130_bNAb_Combinations|1314016|sample|7|nan|3430,0.048,0.49139,5,7,1,0.895816,0.690146,0.444495,0.453483,0.721343,0.571885
130_bNAb_Combinations|1314016|sample|7|nan|3430,0.24,0.156862,6,7,1,0.895146,0.379964,0.16124,0.169107,-0.175829,-0.470737
130_bNAb_Combinations|1314016|sample|7|nan|3430,1.2,0.0207168,7,7,1,0.888137,0.0735976,0.0172901,0.0192226,0.759417,0.312201
130_bNAb_Combinations|1314016|sample|7|nan|3430,6,0.00895979,8,7,1,0.817719,0.00304398,0.00238298,0.00240524,2.73894,2.72609
130_bNAb_Combinations|1314016|sample|8|nan|3430,0.0000768,0.754545,1,8,1,0.895886,0.957628,0.91055,0.921984,-1.19077,-1.26244
130_bNAb_Combinations|1314016|sample|8|nan|3430,0.000384,0.798864,2,8,1,0.895886,0.94833,0.863326,0.879692,-0.518505,-0.638246
130_bNAb_Combinations|1314016|sample|8|nan|3430,0.00192,0.800874,3,8,1,0.895886,0.922767,0.775158,0.797752,0.229943,0.0271377
130_bNAb_Combinations|1314016|sample|8|nan|3430,0.0096,0.751836,4,8,1,0.895879,0.85481,0.623495,0.650905,1.42033,1.07097
130_bNAb_Combinations|1314016|sample|8|nan|3430,0.048,0.501442,5,8,1,0.895816,0.690146,0.401865,0.4266,1.68849,1.19793
130_bNAb_Combinations|1314016|sample|8|nan|3430,0.24,0.11875,6,8,1,0.895146,0.379964,0.166476,0.178192,-1.86143,-2.17748
130_bNAb_Combinations|1314016|sample|8|nan|3430,1.2,0.0323427,7,8,1,0.888137,0.0735976,0.029851,0.0308323,0.396061,0.234893
130_bNAb_Combinations|1314016|sample|8|nan|3430,6,0.010271,8,8,1,0.817719,0.00304398,0.00310229,0.00299972,2.86394,2.92187
130_bNAb_Combinations|1314016|sample|9|nan|3430,0.0003648,0.854218,1,9,1,0.895886,0.948794,0.831526,0.828408,0.189379,0.216203
130_bNAb_Combinations|1314016|sample|9|nan|3430,0.001824,0.730004,2,9,1,0.895886,0.924034,0.731201,0.72509,-0.011331,0.0469134
130_bNAb_Combinations|1314016|sample|9|nan|3430,0.00912,0.572749,3,9,1,0.89588,0.858099,0.572865,0.564194,-0.0013982,0.104382
130_bNAb_Combinations|1314016|sample|9|nan|3430,0.0456,0.403955,4,9,1,0.895821,0.697596,0.360824,0.352061,0.811329,0.99949
130_bNAb_Combinations|1314016|sample|9|nan|3430,0.228,0.124956,5,9,1,0.8952,0.391488,0.151056,0.145836,-1.11273,-0.91914
130_bNAb_Combinations|1314016|sample|9|nan|3430,1.14,0.0266608,6,9,1,0.888694,0.0797912,0.0306136,0.0294058,-0.617707,-0.440747
130_bNAb_Combinations|1314016|sample|9|nan|3430,5.7,0.0117133,7,9,1,0.823127,0.00323044,0.00357877,0.00353364,3.16448,3.18997
130_bNAb_Combinations|1314016|sample|9|nan|3430,28.5,0.00231643,8,9,1,0.369024,0.00231145,0.00231781,0.00231559,-0.000575894,0.000353916
130_bNAb_Combinations|1314016|vc|1|2|nan|3430,0,0.961123,1,2,1,0.895886,0.962831,0.959172,0.962831,0.0141509,-0.0123408
130_bNAb_Combinations|1314016|vc|2|2|nan|3430,0,0.986976,2,2,1,0.895886,0.962831,0.959172,0.962831,0.201626,0.174433
130_bNAb_Combinations|1314016|vc|3|2|nan|3430,0,0.934987,3,2,1,0.895886,0.962831,0.959172,0.962831,-0.175385,-0.201167
130_bNAb_Combinations|1314016|vc|4|2|nan|3430,0,0.886582,4,2,1,0.895886,0.962831,0.959172,0.962831,-0.526406,-0.550874
130_bNAb_Combinations|1314016|vc|5|2|nan|3430,0,0.904633,5,2,1,0.895886,0.962831,0.959172,0.962831,-0.395506,-0.420464
130_bNAb_Combinations|1314016|vc|6|2|nan|3430,0,0.928955,6,2,1,0.895886,0.962831,0.959172,0.962831,-0.219124,-0.244742
130_bNAb_Combinations|1314016|vc|7|2|nan|3430,0,0.883566,7,2,1,0.895886,0.962831,0.959172,0.962831,-0.548275,-0.572661
130_bNAb_Combinations|1314016|vc|8|2|nan|3430,0,0.902404,8,2,1,0.895886,0.962831,0.959172,0.962831,-0.41167,-0.436568
130_bNAb_Combinations|1314040|cc|1|1|nan|4166,0,0.000767291,1,1,0,0,0,0,0,0.371793,0.371793
130_bNAb_Combinations|1314040|cc|2|1|nan|4166,0,0.000630275,2,1,0,0,0,0,0,0.305401,0.305401
130_bNAb_Combinations|1314040|cc|3|1|nan|4166,0,0,3,1,0,0,0,0,0,0,0
130_bNAb_Combinations|1314040|cc|4|1|nan|4166,0,0.00104132,4,1,0,0,0,0,0,0.504576,0.504576
130_bNAb_Combinations|1314040|cc|5|1|nan|4166,0,0.00117834,5,1,0,0,0,0,0,0.570968,0.570968
130_bNAb_Combinations|1314040|cc|6|1|nan|4166,0,0.00202784,6,1,0,0,0,0,0,0.982596,0.982596
130_bNAb_Combinations|1314040|cc|7|1|nan|4166,0,0.001699,7,1,0,0,0,0,0,0.823256,0.823256
130_bNAb_Combinations|1314040|cc|8|1|nan|4166,0,0.00219226,8,1,0,0,0,0,0,1.06227,1.06227
130_bNAb_Combinations|1314040|sample|10|nan|4166,0.0003648,0.809588,1,10,1,0.895886,0.882814,0.845758,0.834277,-0.296876,-0.205383
130_bNAb_Combinations|1314040|sample|10|nan|4166,0.001824,0.790529,2,10,1,0.895886,0.859756,0.731329,0.709351,0.560451,0.791843
130_bNAb_Combinations|1314040|sample|10|nan|4166,0.00912,0.456991,3,10,1,0.89588,0.798353,0.439039,0.417398,0.279456,0.647224
130_bNAb_Combinations|1314040|sample|10|nan|4166,0.0456,0.0730023,4,10,1,0.895821,0.648883,0.0746557,0.07508,-0.130848,-0.163649
130_bNAb_Combinations|1314040|sample|10|nan|4166,0.228,0.0016442,5,10,1,0.8952,0.363818,0.00157692,0.00168281,0.0294172,-0.0167738
130_bNAb_Combinations|1314040|sample|10|nan|4166,1.14,0.00145237,6,10,1,0.888694,0.0735487,0.00141846,0.00139509,0.0149745,0.0253305
130_bNAb_Combinations|1314040|sample|10|nan|4166,5.7,0.000876905,7,10,1,0.823127,0.00225092,0.00141846,0.00139509,-0.239136,-0.229152
130_bNAb_Combinations|1314040|sample|10|nan|4166,28.5,0.00142497,8,10,1,0.369024,0.0013951,0.00141846,0.00139509,0.00287401,0.0132123
130_bNAb_Combinations|1314040|sample|11|nan|4166,0.0003712,0.722789,1,11,1,0.895886,0.88268,0.849411,0.845883,-1.0349,-1.01019
130_bNAb_Combinations|1314040|sample|11|nan|4166,0.001856,0.682835,2,11,1,0.895886,0.859391,0.759333,0.753775,-0.697999,-0.651966
130_bNAb_Combinations|1314040|sample|11|nan|4166,0.00928,0.694111,3,11,1,0.89588,0.797408,0.53683,0.533233,2.01417,2.07378
130_bNAb_Combinations|1314040|sample|11|nan|4166,0.0464,0.1565,4,11,1,0.895819,0.646759,0.184873,0.189777,-1.00454,-1.14989
130_bNAb_Combinations|1314040|sample|11|nan|4166,0.2319999999999999,0.0120848,5,11,1,0.895182,0.360635,0.0090178,0.0106897,0.918052,0.389966
130_bNAb_Combinations|1314040|sample|11|nan|4166,1.16,0.000876905,6,11,1,0.88851,0.0722567,0.00216215,0.00215216,-0.542308,-0.538414
130_bNAb_Combinations|1314040|sample|11|nan|4166,5.8,0.000959114,7,11,1,0.821335,0.0029435,0.00216175,0.00215105,-0.507465,-0.503269
130_bNAb_Combinations|1314040|sample|11|nan|4166,6,0.00120574,8,11,1,0.817719,0.00283266,0.00216175,0.00215105,-0.403398,-0.399135
130_bNAb_Combinations|1314040|sample|12|nan|4166,0.0003712,0.634577,1,12,1,0.895886,0.88268,0.788751,0.78301,-1.35522,-1.31415
130_bNAb_Combinations|1314040|sample|12|nan|4166,0.001856,0.570344,2,12,1,0.895886,0.859391,0.65327,0.644312,-0.876814,-0.792725
130_bNAb_Combinations|1314040|sample|12|nan|4166,0.00928,0.44666,3,12,1,0.89588,0.797408,0.409989,0.400275,0.60991,0.789542
130_bNAb_Combinations|1314040|sample|12|nan|4166,0.0464,0.130275,4,12,1,0.895819,0.646759,0.130741,0.126316,-0.0226317,0.19842
130_bNAb_Combinations|1314040|sample|12|nan|4166,0.2319999999999999,0.00937192,5,12,1,0.895182,0.360635,0.00977406,0.00956232,-0.116635,-0.0557062
130_bNAb_Combinations|1314040|sample|12|nan|4166,1.16,0.000685082,6,12,1,0.88851,0.0722567,0.00217024,0.00216018,-0.626359,-0.622489
130_bNAb_Combinations|1314040|sample|12|nan|4166,5.8,0.000959114,7,12,1,0.821335,0.0029435,0.00216175,0.00215105,-0.507465,-0.503269
130_bNAb_Combinations|1314040|sample|12|nan|4166,29,0.00142497,8,12,1,0.360733,0.00215105,0.00216175,0.00215105,-0.310893,-0.306571
130_bNAb_Combinations|1314040|sample|3|nan|4166,0.000064,0.931259,1,3,1,0.895886,0.891613,0.863065,0.857571,0.548686,0.596626
130_bNAb_Combinations|1314040|sample|3|nan|4166,0.00032,0.9236,2,3,1,0.895886,0.88397,0.801437,0.794453,1.05715,1.12723
130_bNAb_Combinations|1314040|sample|3|nan|4166,0.0016,0.710882,3,3,1,0.895886,0.862916,0.643133,0.64415,0.727384,0.715359
130_bNAb_Combinations|1314040|sample|3|nan|4166,0.008,0.333703,4,3,1,0.895881,0.806622,0.336199,0.363722,-0.050242,-0.560342
130_bNAb_Combinations|1314040|sample|3|nan|4166,0.04,0.08358,5,3,1,0.895832,0.668051,0.0556525,0.0816171,2.8082,0.144093
130_bNAb_Combinations|1314040|sample|3|nan|4166,0.2,0.0126329,6,3,1,0.895319,0.395743,0.00963803,0.0106685,0.873487,0.549562
130_bNAb_Combinations|1314040|sample|3|nan|4166,1,0.0107147,7,3,1,0.889944,0.0970933,0.00948176,0.00969543,0.361927,0.296571
130_bNAb_Combinations|1314040|sample|3|nan|4166,5,0.00452154,8,3,1,0.835366,0.011162,0.00948176,0.00969542,-1.4561,-1.50545
130_bNAb_Combinations|1314040|sample|4|nan|4166,0.000064,0.849679,1,4,1,0.895886,0.891613,0.858917,0.85419,-0.0746819,-0.036665
130_bNAb_Combinations|1314040|sample|4|nan|4166,0.00032,0.922147,2,4,1,0.895886,0.88397,0.802142,0.794884,1.03758,1.11019
130_bNAb_Combinations|1314040|sample|4|nan|4166,0.0016,0.857325,3,4,1,0.895886,0.862916,0.670906,0.663758,1.92038,2.01502
130_bNAb_Combinations|1314040|sample|4|nan|4166,0.008,0.429779,4,4,1,0.895881,0.806622,0.421649,0.423437,0.13161,0.10224
130_bNAb_Combinations|1314040|sample|4|nan|4166,0.04,0.0907322,5,4,1,0.895832,0.668051,0.12974,0.141449,-1.90869,-2.29541
130_bNAb_Combinations|1314040|sample|4|nan|4166,0.2,0.0240601,6,4,1,0.895319,0.395743,0.01448,0.0174109,2.32847,1.46801
130_bNAb_Combinations|1314040|sample|4|nan|4166,1,0.0110435,7,4,1,0.889944,0.0970933,0.00948338,0.00970312,0.457954,0.389892
130_bNAb_Combinations|1314040|sample|4|nan|4166,5,0.00460375,8,4,1,0.835366,0.011162,0.00948176,0.00969542,-1.43196,-1.48152
130_bNAb_Combinations|1314040|sample|5|nan|4166,0.0006144,0.779376,1,5,1,0.895886,0.87786,0.737153,0.731134,0.396624,0.456827
130_bNAb_Combinations|1314040|sample|5|nan|4166,0.003072,0.614409,2,5,1,0.895885,0.846323,0.532996,0.530153,1.04989,1.09223
130_bNAb_Combinations|1314040|sample|5|nan|4166,0.01536,0.200195,3,5,1,0.895873,0.763993,0.227515,0.23378,-0.796914,-0.954938
130_bNAb_Combinations|1314040|sample|5|nan|4166,0.0768,0.0378713,4,5,1,0.895746,0.574229,0.0310093,0.035486,1.06303,0.336479
130_bNAb_Combinations|1314040|sample|5|nan|4166,0.384,0.0177847,5,5,1,0.894416,0.261128,0.00953403,0.00980447,2.41678,2.31163
130_bNAb_Combinations|1314040|sample|5|nan|4166,1.92,0.0106325,6,5,1,0.880549,0.0363682,0.00948176,0.00969542,0.337794,0.272654
130_bNAb_Combinations|1314040|sample|5|nan|4166,9.6,0.00548065,7,5,1,0.74726,0.00975413,0.00948176,0.00969542,-1.17455,-1.22637
130_bNAb_Combinations|1314040|sample|5|nan|4166,48,0.00260331,8,5,1,0.135614,0.00969542,0.00948176,0.00969542,-2.0192,-2.06359
130_bNAb_Combinations|1314040|sample|6|nan|4166,0.0006144,0.836677,1,6,1,0.895886,0.87786,0.760812,0.747076,0.690896,0.830706
130_bNAb_Combinations|1314040|sample|6|nan|4166,0.003072,0.59672,2,6,1,0.895885,0.846323,0.56984,0.551436,0.324788,0.564957
130_bNAb_Combinations|1314040|sample|6|nan|4166,0.01536,0.231763,3,6,1,0.895873,0.763993,0.258535,0.247515,-0.692206,-0.424407
130_bNAb_Combinations|1314040|sample|6|nan|4166,0.0768,0.0379261,4,6,1,0.895746,0.574229,0.0363029,0.0364386,0.225301,0.205908
130_bNAb_Combinations|1314040|sample|6|nan|4166,0.384,0.0173463,5,6,1,0.894416,0.261128,0.00954671,0.00978394,2.28343,2.19242
130_bNAb_Combinations|1314040|sample|6|nan|4166,1.92,0.00800175,6,6,1,0.880549,0.0363682,0.00948176,0.00969542,-0.434464,-0.492805
130_bNAb_Combinations|1314040|sample|6|nan|4166,9.6,0.00649457,7,6,1,0.74726,0.00975413,0.00948176,0.00969542,-0.876904,-0.93135
130_bNAb_Combinations|1314040|sample|6|nan|4166,48,0.00227447,8,6,1,0.135614,0.00969542,0.00948176,0.00969542,-2.11574,-2.15928
130_bNAb_Combinations|1314040|sample|7|nan|4166,0.0000768,0.895881,1,7,1,0.895886,0.891041,0.884719,0.882738,0.0876499,0.103433
130_bNAb_Combinations|1314040|sample|7|nan|4166,0.000384,1,2,7,1,0.895886,0.882381,0.855521,0.851469,1.17254,1.21107
130_bNAb_Combinations|1314040|sample|7|nan|4166,0.00192,0.885057,3,7,1,0.895886,0.858576,0.757115,0.752186,1.17074,1.22366
130_bNAb_Combinations|1314040|sample|7|nan|4166,0.0096,0.541804,4,7,1,0.895879,0.79529,0.485591,0.491523,0.793627,0.701544
130_bNAb_Combinations|1314040|sample|7|nan|4166,0.048,0.108462,5,7,1,0.895816,0.641946,0.0980513,0.115428,0.652747,-0.378384
130_bNAb_Combinations|1314040|sample|7|nan|4166,0.24,0.00367204,6,7,1,0.895146,0.353087,0.00173037,0.00223149,0.840981,0.605329
130_bNAb_Combinations|1314040|sample|7|nan|4166,1.2,0.00134276,7,7,1,0.888137,0.0677809,0.00141846,0.00139509,-0.0334276,-0.0231425
130_bNAb_Combinations|1314040|sample|7|nan|4166,6,0.00120574,8,7,1,0.817719,0.00207728,0.00141846,0.00139509,-0.0939302,-0.0837336
130_bNAb_Combinations|1314040|sample|8|nan|4166,0.0000768,0.844966,1,8,1,0.895886,0.891041,0.883816,0.881492,-0.305366,-0.287839
130_bNAb_Combinations|1314040|sample|8|nan|4166,0.000384,0.936,2,8,1,0.895886,0.882381,0.854399,0.849199,0.663097,0.709598
130_bNAb_Combinations|1314040|sample|8|nan|4166,0.00192,0.95599,3,8,1,0.895886,0.858576,0.759814,0.750726,1.78887,1.89397
130_bNAb_Combinations|1314040|sample|8|nan|4166,0.0096,0.549326,4,8,1,0.895879,0.79529,0.506275,0.500019,0.58366,0.676607
130_bNAb_Combinations|1314040|sample|8|nan|4166,0.048,0.117697,5,8,1,0.895816,0.641946,0.12552,0.132139,-0.394294,-0.695093
130_bNAb_Combinations|1314040|sample|8|nan|4166,0.24,0.00523402,6,8,1,0.895146,0.353087,0.00246907,0.00309217,1.14566,0.856173
130_bNAb_Combinations|1314040|sample|8|nan|4166,1.2,0.00183602,7,8,1,0.888137,0.0677809,0.00141846,0.00139509,0.184382,0.194985
130_bNAb_Combinations|1314040|sample|8|nan|4166,29,0.00120574,8,8,1,0.360733,0.0013951,0.00141846,0.00139509,-0.0939302,-0.0837336
130_bNAb_Combinations|1314040|sample|9|nan|4166,0.0003648,0.860586,1,9,1,0.895886,0.882814,0.857913,0.839496,0.0216317,0.174369
130_bNAb_Combinations|1314040|sample|9|nan|4166,0.001824,0.800655,2,9,1,0.895886,0.859756,0.762233,0.730171,0.349268,0.668306
130_bNAb_Combinations|1314040|sample|9|nan|4166,0.00912,0.529856,3,9,1,0.89588,0.798353,0.491327,0.471137,0.537788,0.853672
130_bNAb_Combinations|1314040|sample|9|nan|4166,0.0456,0.113285,4,9,1,0.895821,0.648883,0.0976201,0.120217,0.985949,-0.363144
130_bNAb_Combinations|1314040|sample|9|nan|4166,0.228,0.00408309,5,9,1,0.8952,0.363818,0.00167792,0.00308959,1.0451,0.397194
130_bNAb_Combinations|1314040|sample|9|nan|4166,1.14,0.000959114,6,9,1,0.888694,0.0735487,0.00141846,0.0013951,-0.202835,-0.1928
130_bNAb_Combinations|1314040|sample|9|nan|4166,5.7,0.00134276,7,9,1,0.823127,0.00225092,0.00141846,0.00139509,-0.0334276,-0.0231424
130_bNAb_Combinations|1314040|sample|9|nan|4166,28.5,0.00109613,8,9,1,0.369024,0.0013951,0.00141846,0.00139509,-0.142332,-0.132207
130_bNAb_Combinations|1314040|vc|1|2|nan|4166,0,0.872575,1,2,1,0.895886,0.895886,0.896024,0.895886,-0.181841,-0.1808
130_bNAb_Combinations|1314040|vc|2|2|nan|4166,0,0.811123,2,2,1,0.895886,0.895886,0.896024,0.895886,-0.658381,-0.657412
130_bNAb_Combinations|1314040|vc|3|2|nan|4166,0,0.8264,3,2,1,0.895886,0.895886,0.896024,0.895886,-0.53991,-0.538923
130_bNAb_Combinations|1314040|vc|4|2|nan|4166,0,0.88503,4,2,1,0.895886,0.895886,0.896024,0.895886,-0.085258,-0.0842024
130_bNAb_Combinations|1314040|vc|5|2|nan|4166,0,0.762811,5,2,1,0.895886,0.895886,0.896024,0.895886,-1.03303,-1.03211
130_bNAb_Combinations|1314040|vc|6|2|nan|4166,0,0.755714,6,2,1,0.895886,0.895886,0.896024,0.895886,-1.08806,-1.08716
130_bNAb_Combinations|1314040|vc|7|2|nan|4166,0,0.742903,7,2,1,0.895886,0.895886,0.896024,0.895886,-1.18741,-1.18652
130_bNAb_Combinations|1314040|vc|8|2|nan|4166,0,0.592911,8,2,1,0.895886,0.895886,0.896024,0.895886,-2.35055,-2.34984
130_bNAb_Combinations|1314058|cc|1|1|nan|2944,0,0.00196858,1,1,0,0,0,0,0,0.953882,0.953882
130_bNAb_Combinations|1314058|cc|2|1|nan|2944,0,0.000401752,2,1,0,0,0,0,0,0.19467,0.19467
130_bNAb_Combinations|1314058|cc|3|1|nan|2944,0,0.00192841,3,1,0,0,0,0,0,0.934415,0.934415
130_bNAb_Combinations|1314058|cc|4|1|nan|2944,0,0.00156683,4,1,0,0,0,0,0,0.759212,0.759212
130_bNAb_Combinations|1314058|cc|5|1|nan|2944,0,0.00192841,5,1,0,0,0,0,0,0.934415,0.934415
130_bNAb_Combinations|1314058|cc|6|1|nan|2944,0,0.00273191,6,1,0,0,0,0,0,1.32375,1.32375
130_bNAb_Combinations|1314058|cc|7|1|nan|2944,0,0.00228998,7,1,0,0,0,0,0,1.10962,1.10962
130_bNAb_Combinations|1314058|cc|8|1|nan|2944,0,0,8,1,0,0,0,0,0,0,0
130_bNAb_Combinations|1314058|sample|10|nan|2944,0.0003648,0.569001,1,10,1,0.895886,0.882825,0.841154,0.846929,-2.24579,-2.27807
130_bNAb_Combinations|1314058|sample|10|nan|2944,0.001824,0.774678,2,10,1,0.895886,0.859787,0.733288,0.743592,0.390804,0.289522
130_bNAb_Combinations|1314058|sample|10|nan|2944,0.00912,0.604516,3,10,1,0.89588,0.798436,0.474945,0.483466,1.86909,1.71629
130_bNAb_Combinations|1314058|sample|10|nan|2944,0.0456,0.103933,4,10,1,0.895821,0.649092,0.121625,0.117919,-0.917263,-0.745414
130_bNAb_Combinations|1314058|sample|10|nan|2944,0.228,0.00494155,5,10,1,0.8952,0.364268,0.00380227,0.00327254,0.437809,0.660417
130_bNAb_Combinations|1314058|sample|10|nan|2944,1.14,0.00176771,6,10,1,0.888694,0.0742435,0.00216159,0.00215088,-0.166205,-0.161788
130_bNAb_Combinations|1314058|sample|10|nan|2944,5.7,0.00212928,7,10,1,0.823127,0.00300598,0.00216159,0.00215088,-0.0136313,-0.00911755
130_bNAb_Combinations|1314058|sample|10|nan|2944,28.5,0.00152666,8,10,1,0.369024,0.00215088,0.00216159,0.00215088,-0.267918,-0.263567
130_bNAb_Combinations|1314058|sample|11|nan|2944,0.0003712,0.654956,1,11,1,0.895886,0.88268,0.874489,0.877772,-1.74365,-1.76322
130_bNAb_Combinations|1314058|sample|11|nan|2944,0.001856,0.910209,2,11,1,0.895886,0.859391,0.834307,0.841856,0.631386,0.563575
130_bNAb_Combinations|1314058|sample|11|nan|2944,0.00928,0.826323,3,11,1,0.89588,0.797408,0.726835,0.741338,0.947555,0.793891
130_bNAb_Combinations|1314058|sample|11|nan|2944,0.0464,0.531096,4,11,1,0.895819,0.646759,0.485476,0.503769,0.644215,0.372269
130_bNAb_Combinations|1314058|sample|11|nan|2944,0.2319999999999999,0.155357,5,11,1,0.895182,0.360636,0.150301,0.15705,0.216548,-0.0696589
130_bNAb_Combinations|1314058|sample|11|nan|2944,1.16,0.00719135,6,11,1,0.88851,0.0722573,0.00701162,0.00670922,0.0588016,0.159971
130_bNAb_Combinations|1314058|sample|11|nan|2944,5.8,0.000964204,7,11,1,0.821335,0.00294405,0.00216263,0.00215175,-0.505661,-0.501397
130_bNAb_Combinations|1314058|sample|11|nan|2944,29,0.00116508,8,11,1,0.360733,0.0021516,0.00216231,0.0021516,-0.420777,-0.416522
130_bNAb_Combinations|1314058|sample|12|nan|2944,0.0003712,0.691174,1,12,1,0.895886,0.88268,0.855515,0.856967,-1.33375,-1.3433
130_bNAb_Combinations|1314058|sample|12|nan|2944,0.001856,0.787493,2,12,1,0.895886,0.859391,0.795688,0.799965,-0.0714133,-0.108115
130_bNAb_Combinations|1314058|sample|12|nan|2944,0.00928,0.705837,3,12,1,0.89588,0.797408,0.660679,0.67129,0.472238,0.355688
130_bNAb_Combinations|1314058|sample|12|nan|2944,0.0464,0.438512,4,12,1,0.895819,0.646759,0.410506,0.429788,0.465241,0.13863
130_bNAb_Combinations|1314058|sample|12|nan|2944,0.2319999999999999,0.141899,5,12,1,0.895182,0.360636,0.122654,0.139438,0.990294,0.112835
130_bNAb_Combinations|1314058|sample|12|nan|2944,1.16,0.0106062,6,12,1,0.88851,0.0722573,0.00763676,0.0100029,0.94412,0.173361
130_bNAb_Combinations|1314058|sample|12|nan|2944,5.8,0.000763328,7,12,1,0.821335,0.00294405,0.00216486,0.00215826,-0.591281,-0.588729
130_bNAb_Combinations|1314058|sample|12|nan|2944,29,0.000682978,8,12,1,0.360733,0.0021516,0.00216231,0.0021516,-0.624198,-0.620073
130_bNAb_Combinations|1314058|sample|3|nan|2944,0.000064,0.7568,1,3,1,0.895886,0.89159,0.840208,0.835272,-0.689044,-0.652032
130_bNAb_Combinations|1314058|sample|3|nan|2944,0.00032,0.711502,2,3,1,0.895886,0.883905,0.729015,0.720264,-0.166312,-0.0841993
130_bNAb_Combinations|1314058|sample|3|nan|2944,0.0016,0.556567,3,3,1,0.895886,0.862735,0.463079,0.454755,1.38209,1.53184
130_bNAb_Combinations|1314058|sample|3|nan|2944,0.008,0.0999156,4,3,1,0.895881,0.806131,0.111208,0.111727,-0.633938,-0.660371
130_bNAb_Combinations|1314058|sample|3|nan|2944,0.04,0.00779398,5,3,1,0.895832,0.666799,0.00582287,0.00614018,0.682433,0.563801
130_bNAb_Combinations|1314058|sample|3|nan|2944,0.2,0.0069503,6,3,1,0.895319,0.392995,0.00474906,0.00482497,0.804461,0.773679
130_bNAb_Combinations|1314058|sample|3|nan|2944,1,0.00361576,7,3,1,0.889944,0.0927032,0.00474906,0.00482497,-0.414171,-0.440183
130_bNAb_Combinations|1314058|sample|3|nan|2944,5,0.00610662,8,3,1,0.835366,0.00629959,0.00474906,0.00482497,0.496132,0.466558
130_bNAb_Combinations|1314058|sample|4|nan|2944,0.000064,0.636756,1,4,1,0.895886,0.89159,0.802099,0.798033,-1.42965,-1.40147
130_bNAb_Combinations|1314058|sample|4|nan|2944,0.00032,0.746153,2,4,1,0.895886,0.883905,0.671792,0.66785,0.765039,0.810243
130_bNAb_Combinations|1314058|sample|4|nan|2944,0.0016,0.537845,3,4,1,0.895886,0.862735,0.424293,0.425526,1.82707,1.80216
130_bNAb_Combinations|1314058|sample|4|nan|2944,0.008,0.0750874,4,4,1,0.895881,0.806131,0.130986,0.137942,-2.71176,-2.91016
130_bNAb_Combinations|1314058|sample|4|nan|2944,0.04,0.0161906,5,4,1,0.895832,0.666799,0.010522,0.0122353,1.59505,1.04184
130_bNAb_Combinations|1314058|sample|4|nan|2944,0.2,0.00445944,6,4,1,0.895319,0.392995,0.00475152,0.004831,-0.106728,-0.135214
130_bNAb_Combinations|1314058|sample|4|nan|2944,1,0.0061468,7,4,1,0.889944,0.0927032,0.00474906,0.00482497,0.510815,0.481183
130_bNAb_Combinations|1314058|sample|4|nan|2944,5,0.00337471,8,4,1,0.835366,0.00629959,0.00474906,0.00482497,-0.502265,-0.527932
130_bNAb_Combinations|1314058|sample|5|nan|2944,0.0006144,0.421638,1,5,1,0.895886,0.877761,0.435182,0.462096,-0.212641,-0.599341
130_bNAb_Combinations|1314058|sample|5|nan|2944,0.003072,0.241091,2,5,1,0.895885,0.846051,0.202181,0.210841,1.26761,0.94763
130_bNAb_Combinations|1314058|sample|5|nan|2944,0.01536,0.0357559,3,5,1,0.895873,0.763268,0.0443804,0.0409639,-1.03304,-0.662189
130_bNAb_Combinations|1314058|sample|5|nan|2944,0.0768,0.0111687,4,5,1,0.895746,0.572461,0.00623714,0.00566301,1.6734,1.92122
130_bNAb_Combinations|1314058|sample|5|nan|2944,0.384,0.00397734,5,5,1,0.894416,0.25764,0.00475108,0.00482525,-0.282738,-0.308659
130_bNAb_Combinations|1314058|sample|5|nan|2944,1.92,0.0050219,6,5,1,0.880549,0.0316444,0.00474906,0.00482497,0.0997101,0.0716873
130_bNAb_Combinations|1314058|sample|5|nan|2944,9.6,0.00289261,7,5,1,0.74726,0.004884,0.00474906,0.00482497,-0.678452,-0.70343
130_bNAb_Combinations|1314058|sample|5|nan|2944,48,0.00337471,8,5,1,0.135614,0.00482497,0.00474906,0.00482497,-0.502265,-0.527932
130_bNAb_Combinations|1314058|sample|6|nan|2944,0.0006144,0.459122,1,6,1,0.895886,0.877761,0.411451,0.452044,0.790155,0.107108
130_bNAb_Combinations|1314058|sample|6|nan|2944,0.003072,0.181552,2,6,1,0.895885,0.846051,0.159573,0.176216,0.891194,0.197474
130_bNAb_Combinations|1314058|sample|6|nan|2944,0.01536,0.0224981,3,6,1,0.895873,0.763268,0.0229637,0.0224092,-0.0875877,0.0169662
130_bNAb_Combinations|1314058|sample|6|nan|2944,0.0768,0.00879836,4,6,1,0.895746,0.572461,0.00491701,0.00491008,1.40625,1.40926
130_bNAb_Combinations|1314058|sample|6|nan|2944,0.384,0.00377647,5,6,1,0.894416,0.25764,0.00474907,0.00482497,-0.355444,-0.381683
130_bNAb_Combinations|1314058|sample|6|nan|2944,1.92,0.00425857,6,6,1,0.880549,0.0316444,0.00474906,0.00482497,-0.179254,-0.206185
130_bNAb_Combinations|1314058|sample|6|nan|2944,9.6,0.00349524,7,6,1,0.74726,0.004884,0.00474906,0.00482497,-0.458218,-0.484057
130_bNAb_Combinations|1314058|sample|6|nan|2944,48,0.00317384,8,6,1,0.135614,0.00482497,0.00474906,0.00482497,-0.575676,-0.601056
130_bNAb_Combinations|1314058|sample|7|nan|2944,0.0000768,0.772267,1,7,1,0.895886,0.891045,0.863476,0.856202,-0.733518,-0.680653
130_bNAb_Combinations|1314058|sample|7|nan|2944,0.000384,0.792997,2,7,1,0.895886,0.882393,0.809173,0.796257,-0.138659,-0.0283828
130_bNAb_Combinations|1314058|sample|7|nan|2944,0.00192,0.847113,3,7,1,0.895886,0.858608,0.676668,0.659327,1.74119,1.9677
130_bNAb_Combinations|1314058|sample|7|nan|2944,0.0096,0.388996,4,7,1,0.895879,0.795375,0.414021,0.404124,-0.412312,-0.255135
130_bNAb_Combinations|1314058|sample|7|nan|2944,0.048,0.102889,5,7,1,0.895816,0.642161,0.108749,0.114774,-0.335548,-0.648867
130_bNAb_Combinations|1314058|sample|7|nan|2944,0.24,0.00903941,6,7,1,0.895146,0.353545,0.00488584,0.00645575,1.50728,0.867585
130_bNAb_Combinations|1314058|sample|7|nan|2944,1.2,0.00305331,7,7,1,0.888137,0.0684806,0.00216176,0.00215207,0.3762,0.380508
130_bNAb_Combinations|1314058|sample|7|nan|2944,6,0.00325419,8,7,1,0.817719,0.00283249,0.00216159,0.00215088,0.461037,0.465855
130_bNAb_Combinations|1314058|sample|8|nan|2944,0.0000768,0.84412,1,8,1,0.895886,0.891045,0.879689,0.883791,-0.280864,-0.311825
130_bNAb_Combinations|1314058|sample|8|nan|2944,0.000384,0.940119,2,8,1,0.895886,0.882393,0.844416,0.855118,0.786738,0.690161
130_bNAb_Combinations|1314058|sample|8|nan|2944,0.00192,0.824917,3,8,1,0.895886,0.858608,0.740092,0.763786,0.793708,0.554587
130_bNAb_Combinations|1314058|sample|8|nan|2944,0.0096,0.591097,4,8,1,0.895879,0.795375,0.484271,0.519115,1.51217,0.952413
130_bNAb_Combinations|1314058|sample|8|nan|2944,0.048,0.135872,5,8,1,0.895816,0.642161,0.125287,0.140151,0.534426,-0.195268
130_bNAb_Combinations|1314058|sample|8|nan|2944,0.24,0.00361576,6,8,1,0.895146,0.353545,0.00379431,0.00377262,-0.0686434,-0.0603763
130_bNAb_Combinations|1314058|sample|8|nan|2944,1.2,0.00329436,7,8,1,0.888137,0.0684806,0.00216159,0.00215088,0.477989,0.482818
130_bNAb_Combinations|1314058|sample|8|nan|2944,6,0.00289261,8,8,1,0.817719,0.00283249,0.00216159,0.00215088,0.308465,0.313185
130_bNAb_Combinations|1314058|sample|9|nan|2944,0.0003648,0.631373,1,9,1,0.895886,0.882825,0.85407,0.843543,-1.81036,-1.74594
130_bNAb_Combinations|1314058|sample|9|nan|2944,0.001824,0.855028,2,9,1,0.895886,0.859787,0.753543,0.733545,0.932966,1.14667
130_bNAb_Combinations|1314058|sample|9|nan|2944,0.00912,0.528323,3,9,1,0.89588,0.798436,0.479884,0.461717,0.691766,0.987496
130_bNAb_Combinations|1314058|sample|9|nan|2944,0.0456,0.0948536,4,9,1,0.895821,0.649092,0.0961673,0.101237,-0.0837711,-0.389249
130_bNAb_Combinations|1314058|sample|9|nan|2944,0.228,0.00401752,5,9,1,0.8952,0.364268,0.00246434,0.00282285,0.64374,0.484944
130_bNAb_Combinations|1314058|sample|9|nan|2944,1.14,0.00309349,6,9,1,0.888694,0.0742435,0.00216159,0.00215088,0.393228,0.398002
130_bNAb_Combinations|1314058|sample|9|nan|2944,5.7,0.00200876,7,9,1,0.823127,0.00300598,0.00216159,0.00215088,-0.0644887,-0.0600075
130_bNAb_Combinations|1314058|sample|9|nan|2944,28.5,0.00369612,8,9,1,0.369024,0.00215088,0.00216159,0.00215088,0.647515,0.652452
130_bNAb_Combinations|1314058|vc|1|2|nan|2944,0,0.691535,1,2,1,0.895886,0.895886,0.896024,0.895886,-1.58575,-1.58492
130_bNAb_Combinations|1314058|vc|2|2|nan|2944,0,0.932385,2,2,1,0.895886,0.895886,0.896024,0.895886,0.281969,0.28308
130_bNAb_Combinations|1314058|vc|3|2|nan|2944,0,1,3,2,1,0.895886,0.895886,0.896024,0.895886,0.806301,0.807491
130_bNAb_Combinations|1314058|vc|4|2|nan|2944,0,0.97479,4,2,1,0.895886,0.895886,0.896024,0.895886,0.610805,0.611966
130_bNAb_Combinations|1314058|vc|5|2|nan|2944,0,0.982805,5,2,1,0.895886,0.895886,0.896024,0.895886,0.672959,0.674129
130_bNAb_Combinations|1314058|vc|6|2|nan|2944,0,0.897594,6,2,1,0.895886,0.895886,0.896024,0.895886,0.0121697,0.01324
130_bNAb_Combinations|1314058|vc|7|2|nan|2944,0,0.932385,7,2,1,0.895886,0.895886,0.896024,0.895886,0.281969,0.28308
130_bNAb_Combinations|1314058|vc|8|2|nan|2944,0,0.756117,8,2,1,0.895886,0.895886,0.896024,0.895886,-1.08494,-1.08404
130_bNAb_Combinations|1342240|cc|1|1|nan|1798,0,0.000747678,1,1,0,0,0,0,0,0.362289,0.362289
130_bNAb_Combinations|1342240|cc|2|1|nan|1798,0,0.000889479,2,1,0,0,0,0,0,0.430999,0.430999
130_bNAb_Combinations|1342240|cc|3|1|nan|1798,0,0.00106995,3,1,0,0,0,0,0,0.518449,0.518449
130_bNAb_Combinations|1342240|cc|4|1|nan|1798,0,0.0011473,4,1,0,0,0,0,0,0.555927,0.555927
130_bNAb_Combinations|1342240|cc|5|1|nan|1798,0,0.00125043,5,1,0,0,0,0,0,0.605898,0.605898
130_bNAb_Combinations|1342240|cc|6|1|nan|1798,0,0.00109574,6,1,0,0,0,0,0,0.530941,0.530941
130_bNAb_Combinations|1342240|cc|7|1|nan|1798,0,0.00113441,7,1,0,0,0,0,0,0.54968,0.54968
130_bNAb_Combinations|1342240|cc|8|1|nan|1798,0,0.00134066,8,1,0,0,0,0,0,0.649622,0.649622
130_bNAb_Combinations|1342240|sample|3|nan|1798,0.0010624,0.835221,1,3,1,0.895886,0.870188,0.888381,0.892158,-0.415731,-0.443416
130_bNAb_Combinations|1342240|sample|3|nan|1798,0.005312,0.877793,2,3,1,0.895883,0.825769,0.870906,0.881455,0.054925,-0.0288583
130_bNAb_Combinations|1342240|sample|3|nan|1798,0.02656,0.931355,3,3,1,0.895857,0.713156,0.815347,0.840991,0.987058,0.745822
130_bNAb_Combinations|1342240|sample|3|nan|1798,0.1328,0.830071,4,3,1,0.895575,0.473502,0.655297,0.700472,1.84236,1.27984
130_bNAb_Combinations|1342240|sample|3|nan|1798,0.664,0.362418,5,3,1,0.892615,0.152043,0.318384,0.34479,0.933864,0.346369
130_bNAb_Combinations|1342240|sample|3|nan|1798,3.32,0.0234358,6,3,1,0.862096,0.00847741,0.031312,0.0242175,-1.21208,-0.1423
130_bNAb_Combinations|1342240|sample|3|nan|1798,83,0.000966825,8,3,1,0.0155099,0.00215132,0.00216203,0.00215132,-0.504321,-0.500121
130_bNAb_Combinations|1342240|sample|4|nan|1798,0.0010624,0.808053,1,4,1,0.895886,0.870188,0.889387,0.892379,-0.635351,-0.656551
130_bNAb_Combinations|1342240|sample|4|nan|1798,0.005312,0.88955,2,4,1,0.895883,0.825769,0.873438,0.882047,0.128119,0.0590886
130_bNAb_Combinations|1342240|sample|4|nan|1798,0.02656,0.902873,3,4,1,0.895857,0.713156,0.820833,0.842216,0.693452,0.499913
130_bNAb_Combinations|1342240|sample|4|nan|1798,0.1328,0.803702,4,4,1,0.895575,0.473502,0.663331,0.701223,1.46218,1.01097
130_bNAb_Combinations|1342240|sample|4|nan|1798,0.664,0.370758,5,4,1,0.892615,0.152043,0.320287,0.340021,1.06431,0.612096
130_bNAb_Combinations|1342240|sample|4|nan|1798,3.32,0.0203936,6,4,1,0.862096,0.00847741,0.0286255,0.021634,-1.34563,-0.241913
130_bNAb_Combinations|1342240|sample|4|nan|1798,16.6,3.8673e-05,7,4,1,0.598432,0.00215256,0.00216893,0.0021517,-0.898497,-0.892149
130_bNAb_Combinations|1342240|sample|4|nan|1798,83,0.000747678,8,4,1,0.0155099,0.00215132,0.00216203,0.00215132,-0.596791,-0.59265
130_bNAb_Combinations|1342240|sample|8|nan|1798,16.6,0.000721896,7,8,1,0.598432,0.00215256,0.00216203,0.00215231,-0.607669,-0.603917
130_bNAb_Combinations|1342240|vc|1|2|nan|1798,0,0.862537,1,2,1,0.895886,0.895886,0.896024,0.895886,-0.259684,-0.258655
130_bNAb_Combinations|1342240|vc|2|2|nan|1798,0,0.923324,2,2,1,0.895886,0.895886,0.896024,0.895886,0.211704,0.212805
130_bNAb_Combinations|1342240|vc|3|2|nan|1798,0,0.944627,3,2,1,0.895886,0.895886,0.896024,0.895886,0.376897,0.378023
130_bNAb_Combinations|1342240|vc|4|2|nan|1798,0,1,4,2,1,0.895886,0.895886,0.896024,0.895886,0.8063,0.807491
130_bNAb_Combinations|1342240|vc|5|2|nan|1798,0,0.995817,5,2,1,0.895886,0.895886,0.896024,0.895886,0.773861,0.775047
130_bNAb_Combinations|1342240|vc|6|2|nan|1798,0,0.979742,6,2,1,0.895886,0.895886,0.896024,0.895886,0.649204,0.650371
130_bNAb_Combinations|1342240|vc|7|2|nan|1798,0,0.912625,7,2,1,0.895886,0.895886,0.896024,0.895886,0.128732,0.12982
130_bNAb_Combinations|1342240|vc|8|2|nan|1798,0,0.732654,8,2,1,0.895886,0.895886,0.896024,0.895886,-1.26689,-1.26601
130_bNAb_Combinations|1342258|cc|1|1|TRO.11|8301,0,0.000586773,1,1,0,0,0,0,0,0.284322,0.284322
130_bNAb_Combinations|1342258|cc|2|1|TRO.11|8301,0,0.000602214,2,1,0,0,0,0,0,0.291804,0.291804
130_bNAb_Combinations|1342258|cc|3|1|TRO.11|8301,0,0.000756628,3,1,0,0,0,0,0,0.366626,0.366626
130_bNAb_Combinations|1342258|cc|4|1|TRO.11|8301,0,0.000694863,4,1,0,0,0,0,0,0.336697,0.336697
130_bNAb_Combinations|1342258|cc|5|1|TRO.11|8301,0,0.000957366,5,1,0,0,0,0,0,0.463894,0.463894
130_bNAb_Combinations|1342258|cc|6|1|TRO.11|8301,0,0.000648538,6,1,0,0,0,0,0,0.314251,0.314251
130_bNAb_Combinations|1342258|cc|7|1|TRO.11|8301,0,0.00103457,7,1,0,0,0,0,0,0.501305,0.501305
130_bNAb_Combinations|1342258|cc|8|1|TRO.11|8301,0,0.00112722,8,1,0,0,0,0,0,0.546198,0.546198
130_bNAb_Combinations|1342258|sample|3|TRO.11|8301,0.0010624,1,1,3,1,0.895886,0.870188,0.876179,0.882906,0.981587,0.9213
130_bNAb_Combinations|1342258|sample|3|TRO.11|8301,0.005312,0.977008,2,3,1,0.895883,0.825769,0.829454,0.846803,1.23448,1.0674
130_bNAb_Combinations|1342258|sample|3|TRO.11|8301,0.02656,0.852774,3,3,1,0.895857,0.713155,0.686794,0.720825,1.67109,1.26699
130_bNAb_Combinations|1342258|sample|3|TRO.11|8301,0.1328,0.409135,4,3,1,0.895575,0.473501,0.359274,0.387934,0.941798,0.371936
130_bNAb_Combinations|1342258|sample|3|TRO.11|8301,0.664,0.0368586,5,3,1,0.892615,0.152043,0.0408123,0.0378733,-0.504082,-0.136613
130_bNAb_Combinations|1342258|sample|3|TRO.11|8301,3.32,0.000988249,6,3,1,0.862096,0.00847699,0.00218445,0.00215595,-0.504064,-0.492893
130_bNAb_Combinations|1342258|sample|3|TRO.11|8301,16.6,0.000617656,7,3,1,0.598432,0.00215214,0.00216161,0.0021509,-0.651492,-0.647387
130_bNAb_Combinations|1342258|sample|3|TRO.11|8301,83,0.0017912,8,3,1,0.0155099,0.0021509,0.00216161,0.0021509,-0.156299,-0.151877
130_bNAb_Combinations|1342258|sample|4|TRO.11|8301,0.0010624,0.951962,1,4,1,0.895886,0.870188,0.887207,0.881294,0.507066,0.557016
130_bNAb_Combinations|1342258|sample|4|TRO.11|8301,0.005312,0.975433,2,4,1,0.895883,0.825769,0.858755,0.843493,0.943414,1.08579
130_bNAb_Combinations|1342258|sample|4|TRO.11|8301,0.02656,0.81302,3,4,1,0.895857,0.713155,0.746613,0.718236,0.616054,0.913347
130_bNAb_Combinations|1342258|sample|4|TRO.11|8301,0.1328,0.42409,4,4,1,0.895575,0.473501,0.410127,0.399003,0.232159,0.428337
130_bNAb_Combinations|1342258|sample|4|TRO.11|8301,0.664,0.0475286,5,4,1,0.892615,0.152043,0.0337486,0.0484913,2.01371,-0.107799
130_bNAb_Combinations|1342258|sample|4|TRO.11|8301,3.32,0.000586773,6,4,1,0.862096,0.00847699,0.00216244,0.00217318,-0.664842,-0.668943
130_bNAb_Combinations|1342258|sample|4|TRO.11|8301,16.6,0.00101913,7,4,1,0.598432,0.00215214,0.00216161,0.0021509,-0.482084,-0.477871
130_bNAb_Combinations|1342258|sample|4|TRO.11|8301,83,0.00205371,8,4,1,0.0155099,0.0021509,0.00216161,0.0021509,-0.0455321,-0.0410394
130_bNAb_Combinations|1342258|vc|1|2|TRO.11|8301,0,0.96755,1,2,1,0.895886,0.895886,0.896024,0.895886,0.554661,0.555814
130_bNAb_Combinations|1342258|vc|2|2|TRO.11|8301,0,0.984057,2,2,1,0.895886,0.895886,0.896024,0.895886,0.682667,0.683839
130_bNAb_Combinations|1342258|vc|3|2|TRO.11|8301,0,0.968554,3,2,1,0.895886,0.895886,0.896024,0.895886,0.562445,0.563598
130_bNAb_Combinations|1342258|vc|4|2|TRO.11|8301,0,0.996418,4,2,1,0.895886,0.895886,0.896024,0.895886,0.778521,0.779708
130_bNAb_Combinations|1342258|vc|5|2|TRO.11|8301,0,0.95952,5,2,1,0.895886,0.895886,0.896024,0.895886,0.492395,0.493538
130_bNAb_Combinations|1342258|vc|6|2|TRO.11|8301,0,0.92514,6,2,1,0.895886,0.895886,0.896024,0.895886,0.225787,0.226889
130_bNAb_Combinations|1342258|vc|7|2|TRO.11|8301,0,0.920917,7,2,1,0.895886,0.895886,0.896024,0.895886,0.193037,0.194134
130_bNAb_Combinations|1342258|vc|8|2|TRO.11|8301,0,0.827859,8,2,1,0.895886,0.895886,0.896024,0.895886,-0.528596,-0.527608
130_bNAb_Combinations|1342276|cc|1|1|Ce1176_A3|7023,0,0.00106045,1,1,0,0,0,0,0,0.513845,0.513845
130_bNAb_Combinations|1342276|cc|2|1|Ce1176_A3|7023,0,0.000899371,2,1,0,0,0,0,0,0.435793,0.435793
130_bNAb_Combinations|1342276|cc|3|1|Ce1176_A3|7023,0,0.00139604,3,1,0,0,0,0,0,0.676454,0.676454
130_bNAb_Combinations|1342276|cc|4|1|Ce1176_A3|7023,0,0.000885948,4,1,0,0,0,0,0,0.429288,0.429288
130_bNAb_Combinations|1342276|cc|5|1|Ce1176_A3|7023,0,0.000939641,5,1,0,0,0,0,0,0.455306,0.455306
130_bNAb_Combinations|1342276|cc|6|1|Ce1176_A3|7023,0,0.00115442,6,1,0,0,0,0,0,0.559376,0.559376
130_bNAb_Combinations|1342276|cc|7|1|Ce1176_A3|7023,0,0.00167793,7,1,0,0,0,0,0,0.813046,0.813046
130_bNAb_Combinations|1342276|cc|8|1|Ce1176_A3|7023,0,0.0012618,8,1,0,0,0,0,0,0.611411,0.611411
130_bNAb_Combinations|1342276|sample|3|Ce1176_A3|7023,0.0010624,0.725068,1,3,1,0.895886,0.870212,0.889306,0.887797,-1.28309,-1.27342
130_bNAb_Combinations|1342276|sample|3|Ce1176_A3|7023,0.005312,0.881934,2,3,1,0.895883,0.825792,0.871714,0.868103,0.0814263,0.110647
130_bNAb_Combinations|1342276|sample|3|Ce1176_A3|7023,0.02656,0.891317,3,3,1,0.895857,0.713175,0.810503,0.80319,0.691646,0.760984
130_bNAb_Combinations|1342276|sample|3|Ce1176_A3|7023,0.1328,0.705718,4,3,1,0.895575,0.473515,0.621823,0.613781,0.930895,1.03317
130_bNAb_Combinations|1342276|sample|3|Ce1176_A3|7023,0.664,0.239233,5,3,1,0.892615,0.152047,0.238188,0.243106,0.0291842,-0.106143
130_bNAb_Combinations|1342276|sample|3|Ce1176_A3|7023,3.32,0.012269,6,3,1,0.862096,0.00847729,0.00951006,0.0121044,0.808959,0.0435872
130_bNAb_Combinations|1342276|sample|3|Ce1176_A3|7023,16.6,0.00138262,7,3,1,0.598432,0.00215226,0.00216177,0.00215127,-0.328772,-0.324546
130_bNAb_Combinations|1342276|sample|3|Ce1176_A3|7023,83,0.00073829,8,3,1,0.0155099,0.00215102,0.00216173,0.00215102,-0.600634,-0.596497
130_bNAb_Combinations|1342276|sample|4|Ce1176_A3|7023,0.0010624,0.749337,1,4,1,0.895886,0.870212,0.885982,0.888562,-1.07145,-1.08857
130_bNAb_Combinations|1342276|sample|4|Ce1176_A3|7023,0.005312,0.874437,2,4,1,0.895883,0.825792,0.863721,0.870583,0.0861569,0.0307454
130_bNAb_Combinations|1342276|sample|4|Ce1176_A3|7023,0.02656,0.920365,3,4,1,0.895857,0.713175,0.795144,0.810792,1.09203,0.937451
130_bNAb_Combinations|1342276|sample|4|Ce1176_A3|7023,0.1328,0.749364,4,4,1,0.895575,0.473515,0.607827,0.633093,1.6058,1.26768
130_bNAb_Combinations|1342276|sample|4|Ce1176_A3|7023,0.664,0.256838,5,4,1,0.892615,0.152047,0.25507,0.268871,0.0462775,-0.299783
130_bNAb_Combinations|1342276|sample|4|Ce1176_A3|7023,3.32,0.0164035,6,4,1,0.862096,0.00847729,0.0174274,0.0159455,-0.225947,0.105956
130_bNAb_Combinations|1342276|sample|4|Ce1176_A3|7023,16.6,0.000402703,7,4,1,0.598432,0.00215226,0.00216403,0.00215171,-0.743107,-0.738454
130_bNAb_Combinations|1342276|sample|4|Ce1176_A3|7023,83,0.000617479,8,4,1,0.0155099,0.00215102,0.00216173,0.00215102,-0.651611,-0.647507
130_bNAb_Combinations|1342276|vc|1|2|Ce1176_A3|7023,0,0.763009,1,2,1,0.895886,0.895911,0.896049,0.895911,-1.03166,-1.03074
130_bNAb_Combinations|1342276|vc|2|2|Ce1176_A3|7023,0,0.910553,2,2,1,0.895886,0.895911,0.896049,0.895911,0.11247,0.113554
130_bNAb_Combinations|1342276|vc|3|2|Ce1176_A3|7023,0,1,3,2,1,0.895886,0.895911,0.896049,0.895911,0.806087,0.807276
130_bNAb_Combinations|1342276|vc|4|2|Ce1176_A3|7023,0,0.978623,4,2,1,0.895886,0.895911,0.896049,0.895911,0.64032,0.641484
130_bNAb_Combinations|1342276|vc|5|2|Ce1176_A3|7023,0,0.915016,5,2,1,0.895886,0.895911,0.896049,0.895911,0.147081,0.14817
130_bNAb_Combinations|1342276|vc|6|2|Ce1176_A3|7023,0,0.948528,6,2,1,0.895886,0.895911,0.896049,0.895911,0.406946,0.408075
130_bNAb_Combinations|1342276|vc|7|2|Ce1176_A3|7023,0,0.841536,7,2,1,0.895886,0.895911,0.896049,0.895911,-0.422718,-0.421715
130_bNAb_Combinations|1342276|vc|8|2|Ce1176_A3|7023,0,0.749606,8,2,1,0.895886,0.895911,0.896049,0.895911,-1.13559,-1.1347
130_bNAb_Combinations|1342294|cc|1|1|nan|1176,0,0.00986891,1,1,0,0,0,0,0,4.782,4.782
130_bNAb_Combinations|1342294|cc|2|1|nan|1176,0,0.00692296,2,1,0,0,0,0,0,3.35454,3.35454
130_bNAb_Combinations|1342294|cc|3|1|nan|1176,0,0.00368243,3,1,0,0,0,0,0,1.78433,1.78433
130_bNAb_Combinations|1342294|cc|4|1|nan|1176,0,0.0107527,4,1,0,0,0,0,0,5.21024,5.21024
130_bNAb_Combinations|1342294|cc|5|1|nan|1176,0,0.000736485,5,1,0,0,0,0,0,0.356866,0.356866
130_bNAb_Combinations|1342294|cc|6|1|nan|1176,0,0,6,1,0,0,0,0,0,0,0
130_bNAb_Combinations|1342294|cc|7|1|nan|1176,0,0.00618648,7,1,0,0,0,0,0,2.99767,2.99767
130_bNAb_Combinations|1342294|cc|8|1|nan|1176,0,0.0048608,8,1,0,0,0,0,0,2.35532,2.35532
130_bNAb_Combinations|1342294|sample|3|nan|1176,0.0010624,0.7384,1,3,1,0.895886,0.870165,0.801472,0.821109,-0.545768,-0.698878
130_bNAb_Combinations|1342294|sample|3|nan|1176,0.005312,0.840477,2,3,1,0.895883,0.825748,0.68036,0.713018,1.627,1.23701
130_bNAb_Combinations|1342294|sample|3|nan|1176,0.02656,0.51554,3,3,1,0.895857,0.713137,0.454359,0.492935,0.921288,0.314516
130_bNAb_Combinations|1342294|sample|3|nan|1176,0.1328,0.173221,4,3,1,0.895575,0.473489,0.16898,0.188731,0.163154,-0.538697
130_bNAb_Combinations|1342294|sample|3|nan|1176,0.664,0.0191486,5,3,1,0.892615,0.152039,0.0167358,0.0173497,0.544188,0.397932
130_bNAb_Combinations|1342294|sample|3|nan|1176,3.32,0.00559729,6,3,1,0.862096,0.00847673,0.00220277,0.0021763,1.42885,1.44226
130_bNAb_Combinations|1342294|sample|3|nan|1176,83,0.0050081,8,3,1,0.0155099,0.00215081,0.00216151,0.00215081,1.20116,1.20645
130_bNAb_Combinations|1342294|sample|4|nan|1176,0.0010624,0.680071,1,4,1,0.895886,0.870165,0.861346,0.855238,-1.46139,-1.42206
130_bNAb_Combinations|1342294|sample|4|nan|1176,0.005312,0.847842,2,4,1,0.895883,0.825748,0.789717,0.777126,0.510321,0.63074
130_bNAb_Combinations|1342294|sample|4|nan|1176,0.02656,0.692444,3,4,1,0.895857,0.713137,0.598306,0.57973,1.08462,1.33925
130_bNAb_Combinations|1342294|sample|4|nan|1176,0.1328,0.216085,4,4,1,0.895575,0.473489,0.247359,0.237516,-0.843105,-0.600311
130_bNAb_Combinations|1342294|sample|4|nan|1176,0.664,0.0187067,5,4,1,0.892615,0.152039,0.0168961,0.0176532,0.406291,0.23086
130_bNAb_Combinations|1342294|sample|4|nan|1176,3.32,0.00456621,6,4,1,0.862096,0.00847673,0.00216402,0.00215572,1.01349,1.01749
130_bNAb_Combinations|1342294|sample|4|nan|1176,16.6,0.00618648,7,4,1,0.598432,0.00215204,0.00216151,0.00215081,1.6984,1.704
130_bNAb_Combinations|1342294|sample|4|nan|1176,83,0.00265135,8,4,1,0.0155099,0.00215081,0.00216151,0.00215081,0.206693,0.211346
130_bNAb_Combinations|1342294|sample|8|nan|1176,16.6,0.00883783,7,8,1,0.598432,0.00215204,0.00216151,0.00831807,2.81717,0.160333
130_bNAb_Combinations|1342294|vc|1|2|nan|1176,0,0.903962,1,2,1,0.895886,0.895863,0.895999,0.895863,0.0617509,0.06282
130_bNAb_Combinations|1342294|vc|2|2|nan|1176,0,0.772868,2,2,1,0.895886,0.895863,0.895999,0.895863,-0.954874,-0.953957
130_bNAb_Combinations|1342294|vc|3|2|nan|1176,0,0.798792,3,2,1,0.895886,0.895863,0.895999,0.895863,-0.753833,-0.752887
130_bNAb_Combinations|1342294|vc|4|2|nan|1176,0,1,4,2,1,0.895886,0.895863,0.895999,0.895863,0.806514,0.807695
130_bNAb_Combinations|1342294|vc|5|2|nan|1176,0,0.928708,5,2,1,0.895886,0.895863,0.895999,0.895863,0.253653,0.254751
130_bNAb_Combinations|1342294|vc|6|2|nan|1176,0,0.843276,6,2,1,0.895886,0.895863,0.895999,0.895863,-0.408866,-0.407868
130_bNAb_Combinations|1342294|vc|7|2|nan|1176,0,0.868906,7,2,1,0.895886,0.895863,0.895999,0.895863,-0.21011,-0.209082
130_bNAb_Combinations|1342294|vc|8|2|nan|1176,0,0.751657,8,2,1,0.895886,0.895863,0.895999,0.895863,-1.11936,-1.11847
130_bNAb_Combinations|1342312|cc|1|1|RHPA4259.7|5371,0,0.00173044,1,1,0,0,0,0,0,0.838488,0.838488
130_bNAb_Combinations|1342312|cc|2|1|RHPA4259.7|5371,0,0.00228271,2,1,0,0,0,0,0,1.10609,1.10609
130_bNAb_Combinations|1342312|cc|3|1|RHPA4259.7|5371,0,0.00237475,3,1,0,0,0,0,0,1.15069,1.15069
130_bNAb_Combinations|1342312|cc|4|1|RHPA4259.7|5371,0,0.00189612,4,1,0,0,0,0,0,0.918769,0.918769
130_bNAb_Combinations|1342312|cc|5|1|RHPA4259.7|5371,0,0.00136226,5,1,0,0,0,0,0,0.660087,0.660087
130_bNAb_Combinations|1342312|cc|6|1|RHPA4259.7|5371,0,0.00187771,6,1,0,0,0,0,0,0.909849,0.909849
130_bNAb_Combinations|1342312|cc|7|1|RHPA4259.7|5371,0,0.00250361,7,1,0,0,0,0,0,1.21313,1.21313
130_bNAb_Combinations|1342312|cc|8|1|RHPA4259.7|5371,0,0.0020618,8,1,0,0,0,0,0,0.99905,0.99905
130_bNAb_Combinations|1342312|sample|3|RHPA4259.7|5371,0.0010624,0.763952,1,3,1,0.895886,0.870187,0.851574,0.849198,-0.714353,-0.6969
130_bNAb_Combinations|1342312|sample|3|RHPA4259.7|5371,0.005312,0.818875,2,3,1,0.895883,0.825769,0.746947,0.741517,0.666972,0.722471
130_bNAb_Combinations|1342312|sample|3|RHPA4259.7|5371,0.02656,0.538378,3,3,1,0.895857,0.713155,0.467886,0.459757,1.03174,1.17044
130_bNAb_Combinations|1342312|sample|3|RHPA4259.7|5371,0.1328,0.0814411,4,3,1,0.895575,0.473501,0.0899403,0.0870338,-0.57425,-0.388682
130_bNAb_Combinations|1342312|sample|3|RHPA4259.7|5371,0.664,0.00397633,5,3,1,0.892615,0.152043,0.00241951,0.00240404,0.646948,0.653971
130_bNAb_Combinations|1342312|sample|3|RHPA4259.7|5371,3.32,0.00173044,6,3,1,0.862096,0.00847726,0.00216189,0.00215117,-0.182053,-0.177646
130_bNAb_Combinations|1342312|sample|3|RHPA4259.7|5371,16.6,0.00147271,7,3,1,0.598432,0.00215241,0.00216189,0.00215117,-0.290801,-0.286464
130_bNAb_Combinations|1342312|sample|3|RHPA4259.7|5371,83,0.0012334,8,3,1,0.0155099,0.00215117,0.00216189,0.00215117,-0.391782,-0.38751
130_bNAb_Combinations|1342312|sample|4|RHPA4259.7|5371,0.0010624,0.732077,1,4,1,0.895886,0.870187,0.853723,0.852269,-0.989287,-0.979103
130_bNAb_Combinations|1342312|sample|4|RHPA4259.7|5371,0.005312,0.824591,2,4,1,0.895883,0.825769,0.74615,0.744874,0.728122,0.741207
130_bNAb_Combinations|1342312|sample|4|RHPA4259.7|5371,0.02656,0.536592,3,4,1,0.895857,0.713155,0.448743,0.45318,1.33891,1.25923
130_bNAb_Combinations|1342312|sample|4|RHPA4259.7|5371,0.1328,0.0694384,4,4,1,0.895575,0.473501,0.067754,0.0743361,0.144482,-0.388985
130_bNAb_Combinations|1342312|sample|4|RHPA4259.7|5371,0.664,0.00323997,5,4,1,0.892615,0.152043,0.00221822,0.00224925,0.429687,0.41587
130_bNAb_Combinations|1342312|sample|4|RHPA4259.7|5371,3.32,0.00138067,6,4,1,0.862096,0.00847726,0.00216189,0.00215117,-0.32964,-0.325328
130_bNAb_Combinations|1342312|sample|4|RHPA4259.7|5371,16.6,0.00134385,7,4,1,0.598432,0.00215241,0.00216189,0.00215117,-0.345176,-0.340873
130_bNAb_Combinations|1342312|sample|4|RHPA4259.7|5371,83,0.00163839,8,4,1,0.0155099,0.00215117,0.00216189,0.00215117,-0.220892,-0.21651
130_bNAb_Combinations|1342312|vc|1|2|RHPA4259.7|5371,0,0.805648,1,2,1,0.895886,0.895886,0.896024,0.895886,-0.700836,-0.699874
130_bNAb_Combinations|1342312|vc|2|2|RHPA4259.7|5371,0,0.988964,2,2,1,0.895886,0.895886,0.896024,0.895886,0.720724,0.721902
130_bNAb_Combinations|1342312|vc|3|2|RHPA4259.7|5371,0,0.95037,3,2,1,0.895886,0.895886,0.896024,0.895886,0.421437,0.422569
130_bNAb_Combinations|1342312|vc|4|2|RHPA4259.7|5371,0,0.951677,4,2,1,0.895886,0.895886,0.896024,0.895886,0.431572,0.432706
130_bNAb_Combinations|1342312|vc|5|2|RHPA4259.7|5371,0,1,5,2,1,0.895886,0.895886,0.896024,0.895886,0.806306,0.807496
130_bNAb_Combinations|1342312|vc|6|2|RHPA4259.7|5371,0,0.952339,6,2,1,0.895886,0.895886,0.896024,0.895886,0.436712,0.437846
130_bNAb_Combinations|1342312|vc|7|2|RHPA4259.7|5371,0,0.995186,7,2,1,0.895886,0.895886,0.896024,0.895886,0.768975,0.77016
130_bNAb_Combinations|1342312|vc|8|2|RHPA4259.7|5371,0,0.750412,8,2,1,0.895886,0.895886,0.896024,0.895886,-1.12917,-1.12828
130_bNAb_Combinations|1342336|cc|1|1|nan|3430,0,0,1,1,0,0,0,0,0,0,0
130_bNAb_Combinations|1342336|cc|2|1|nan|3430,0,0,2,1,0,0,0,0,0,0,0
130_bNAb_Combinations|1342336|cc|3|1|nan|3430,0,0.00041405,3,1,0,0,0,0,0,0.200629,0.200629
130_bNAb_Combinations|1342336|cc|4|1|nan|3430,0,0.00119614,4,1,0,0,0,0,0,0.579595,0.579595
130_bNAb_Combinations|1342336|cc|5|1|nan|3430,0,0.00174821,5,1,0,0,0,0,0,0.8471,0.8471
130_bNAb_Combinations|1342336|cc|6|1|nan|3430,0,0.00207025,6,1,0,0,0,0,0,1.00315,1.00315
130_bNAb_Combinations|1342336|cc|7|1|nan|3430,0,0.00110413,7,1,0,0,0,0,0,0.535011,0.535011
130_bNAb_Combinations|1342336|cc|8|1|nan|3430,0,0.0016562,8,1,0,0,0,0,0,0.802516,0.802516
130_bNAb_Combinations|1342336|sample|3|nan|3430,0.0010624,0.85338,1,3,1,0.895886,0.870188,0.859778,0.849364,-0.0516682,0.0328271
130_bNAb_Combinations|1342336|sample|3|nan|3430,0.005312,0.846134,2,3,1,0.895883,0.825769,0.775867,0.756819,0.62773,0.817605
130_bNAb_Combinations|1342336|sample|3|nan|3430,0.02656,0.598923,3,3,1,0.895857,0.713156,0.542678,0.52575,0.712729,0.956299
130_bNAb_Combinations|1342336|sample|3|nan|3430,0.1328,0.155913,4,3,1,0.895575,0.473502,0.157822,0.167708,-0.078206,-0.456921
130_bNAb_Combinations|1342336|sample|3|nan|3430,0.664,0.00768293,5,3,1,0.892615,0.152043,0.00434444,0.00672175,1.24617,0.318729
130_bNAb_Combinations|1342336|sample|3|nan|3430,16.6,0.00115014,7,3,1,0.598432,0.00215251,0.00216198,0.00215127,-0.42695,-0.422701
130_bNAb_Combinations|1342336|sample|3|nan|3430,83,0.00276033,8,3,1,0.0155099,0.00215127,0.00216198,0.00215127,0.252478,0.257161
130_bNAb_Combinations|1342336|sample|4|nan|3430,0.0010624,0.773193,1,4,1,0.895886,0.870188,0.861049,0.855836,-0.708514,-0.670465
130_bNAb_Combinations|1342336|sample|4|nan|3430,0.005312,0.819405,2,4,1,0.895883,0.825769,0.780883,0.77048,0.341969,0.440068
130_bNAb_Combinations|1342336|sample|4|nan|3430,0.02656,0.59009,3,4,1,0.895857,0.713156,0.557452,0.545206,0.402912,0.566195
130_bNAb_Combinations|1342336|sample|4|nan|3430,0.1328,0.181814,4,4,1,0.895575,0.473502,0.175695,0.17595,0.227077,0.217327
130_bNAb_Combinations|1342336|sample|4|nan|3430,0.664,0.00570469,5,4,1,0.892615,0.152043,0.00548719,0.00644421,0.0765609,-0.248465
130_bNAb_Combinations|1342336|sample|4|nan|3430,3.32,0.000966117,6,4,1,0.862096,0.00847736,0.00216199,0.00215131,-0.504602,-0.500415
130_bNAb_Combinations|1342336|sample|4|nan|3430,16.6,0.0008281,7,4,1,0.598432,0.00215251,0.00216198,0.00215127,-0.562835,-0.558674
130_bNAb_Combinations|1342336|sample|4|nan|3430,83,0.00289835,8,4,1,0.0155099,0.00215127,0.00216198,0.00215127,0.310714,0.315435
130_bNAb_Combinations|1342336|sample|5|nan|3430,3.32,0.00156419,6,5,1,0.862096,0.00847736,0.00216198,0.00224065,-0.25224,-0.284099
130_bNAb_Combinations|1342336|vc|1|2|nan|3430,0,0.92255,1,2,1,0.895886,0.895887,0.896024,0.895887,0.205695,0.206795
130_bNAb_Combinations|1342336|vc|2|2|nan|3430,0,0.992179,2,2,1,0.895886,0.895887,0.896024,0.895887,0.74565,0.746831
130_bNAb_Combinations|1342336|vc|3|2|nan|3430,0,1,3,2,1,0.895886,0.895887,0.896024,0.895887,0.806299,0.80749
130_bNAb_Combinations|1342336|vc|4|2|nan|3430,0,0.999402,4,2,1,0.895886,0.895887,0.896024,0.895887,0.801661,0.802851
130_bNAb_Combinations|1342336|vc|5|2|nan|3430,0,0.95802,5,2,1,0.895886,0.895887,0.896024,0.895887,0.480756,0.481898
130_bNAb_Combinations|1342336|vc|6|2|nan|3430,0,0.951441,6,2,1,0.895886,0.895887,0.896024,0.895887,0.42974,0.430874
130_bNAb_Combinations|1342336|vc|7|2|nan|3430,0,0.88701,7,2,1,0.895886,0.895887,0.896024,0.895887,-0.069901,-0.068843
130_bNAb_Combinations|1342336|vc|8|2|nan|3430,0,0.926598,8,2,1,0.895886,0.895887,0.896024,0.895887,0.23709,0.238195
130_bNAb_Combinations|1342348|cc|1|1|nan|4166,0,0.000451154,1,1,0,0,0,0,0,0.218608,0.218608
130_bNAb_Combinations|1342348|cc|2|1|nan|4166,0,0.000773408,2,1,0,0,0,0,0,0.374757,0.374757
130_bNAb_Combinations|1342348|cc|3|1|nan|4166,0,0.00125679,3,1,0,0,0,0,0,0.60898,0.60898
130_bNAb_Combinations|1342348|cc|4|1|nan|4166,0,0.00128901,4,1,0,0,0,0,0,0.624594,0.624594
130_bNAb_Combinations|1342348|cc|5|1|nan|4166,0,0.000998985,5,1,0,0,0,0,0,0.484061,0.484061
130_bNAb_Combinations|1342348|cc|6|1|nan|4166,0,0.000773408,6,1,0,0,0,0,0,0.374757,0.374757
130_bNAb_Combinations|1342348|cc|7|1|nan|4166,0,0.000386704,7,1,0,0,0,0,0,0.187378,0.187378
130_bNAb_Combinations|1342348|cc|8|1|nan|4166,0,0.000644506,8,1,0,0,0,0,0,0.312297,0.312297
130_bNAb_Combinations|1342348|sample|3|nan|4166,0.0010624,0.836295,1,3,1,0.895886,0.870188,0.831132,0.83239,0.0431107,0.0325628
130_bNAb_Combinations|1342348|sample|3|nan|4166,0.005312,0.838358,2,3,1,0.895883,0.825769,0.69431,0.699222,1.43491,1.37643
130_bNAb_Combinations|1342348|sample|3|nan|4166,0.02656,0.39555,3,3,1,0.895857,0.713155,0.377889,0.389155,0.317766,0.111842
130_bNAb_Combinations|1342348|sample|3|nan|4166,0.1328,0.0558787,4,3,1,0.895575,0.473501,0.0502006,0.0561523,0.619008,-0.0273148
130_bNAb_Combinations|1342348|sample|3|nan|4166,0.664,0.00054783,5,3,1,0.892615,0.152043,0.0022158,0.0022348,-0.701549,-0.708738
130_bNAb_Combinations|1342348|sample|3|nan|4166,3.32,0,6,3,1,0.862096,0.00847713,0.00216175,0.00215105,-0.912172,-0.908236
130_bNAb_Combinations|1342348|sample|3|nan|4166,16.6,0.000515605,7,3,1,0.598432,0.00215228,0.00216175,0.00215105,-0.694608,-0.690532
130_bNAb_Combinations|1342348|sample|3|nan|4166,83,0.000676732,8,3,1,0.0155099,0.00215105,0.00216175,0.00215105,-0.626619,-0.622499
130_bNAb_Combinations|1342348|sample|4|nan|4166,0.0010624,0.820247,1,4,1,0.895886,0.870188,0.832267,0.829763,-0.100224,-0.0795823
130_bNAb_Combinations|1342348|sample|4|nan|4166,0.005312,0.753734,2,4,1,0.895883,0.825769,0.69263,0.690093,0.610124,0.637742
130_bNAb_Combinations|1342348|sample|4|nan|4166,0.02656,0.405797,3,4,1,0.895857,0.713155,0.365769,0.36925,0.743172,0.672391
130_bNAb_Combinations|1342348|sample|4|nan|4166,0.1328,0.0446321,4,4,1,0.895575,0.473501,0.0417111,0.0461678,0.366463,-0.178536
130_bNAb_Combinations|1342348|sample|4|nan|4166,0.664,0.00161127,5,4,1,0.892615,0.152043,0.00218344,0.00219045,-0.24112,-0.243972
130_bNAb_Combinations|1342348|sample|4|nan|4166,3.32,0.000934534,6,4,1,0.862096,0.00847713,0.00216175,0.00215105,-0.517837,-0.513648
130_bNAb_Combinations|1342348|sample|4|nan|4166,16.6,0.00174017,7,4,1,0.598432,0.00215228,0.00216175,0.00215105,-0.177893,-0.173485
130_bNAb_Combinations|1342348|sample|4|nan|4166,83,0.00157904,8,4,1,0.0155099,0.00215105,0.00216175,0.00215105,-0.245881,-0.241518
130_bNAb_Combinations|1342348|vc|1|2|nan|4166,0,0.800445,1,2,1,0.895886,0.895886,0.896024,0.895886,-0.741187,-0.740231
130_bNAb_Combinations|1342348|vc|2|2|nan|4166,0,0.905725,2,2,1,0.895886,0.895886,0.896024,0.895886,0.0752279,0.0763077
130_bNAb_Combinations|1342348|vc|3|2|nan|4166,0,1,3,2,1,0.895886,0.895886,0.896024,0.895886,0.806303,0.807494
130_bNAb_Combinations|1342348|vc|4|2|nan|4166,0,0.920162,4,2,1,0.895886,0.895886,0.896024,0.895886,0.187182,0.188279
130_bNAb_Combinations|1342348|vc|5|2|nan|4166,0,0.841097,5,2,1,0.895886,0.895886,0.896024,0.895886,-0.425942,-0.424938
130_bNAb_Combinations|1342348|vc|6|2|nan|4166,0,0.905435,6,2,1,0.895886,0.895886,0.896024,0.895886,0.0729788,0.0740583
130_bNAb_Combinations|1342348|vc|7|2|nan|4166,0,0.801959,7,2,1,0.895886,0.895886,0.896024,0.895886,-0.729442,-0.728484
130_bNAb_Combinations|1342348|vc|8|2|nan|4166,0,0.723716,8,2,1,0.895886,0.895886,0.896024,0.895886,-1.33619,-1.33533
130_bNAb_Combinations|1342372|cc|1|1|nan|2944,0,0.00214128,1,1,0,0,0,0,0,1.03756,1.03756
130_bNAb_Combinations|1342372|cc|2|1|nan|2944,0,0.00406844,2,1,0,0,0,0,0,1.97137,1.97137
130_bNAb_Combinations|1342372|cc|3|1|nan|2944,0,0.00282649,3,1,0,0,0,0,0,1.36958,1.36958
130_bNAb_Combinations|1342372|cc|4|1|nan|2944,0,0.00355453,4,1,0,0,0,0,0,1.72236,1.72236
130_bNAb_Combinations|1342372|cc|5|1|nan|2944,0,0.00321192,5,1,0,0,0,0,0,1.55635,1.55635
130_bNAb_Combinations|1342372|cc|6|1|nan|2944,0,0.0020128,6,1,0,0,0,0,0,0.97531,0.97531
130_bNAb_Combinations|1342372|cc|7|1|nan|2944,0,0.00111347,7,1,0,0,0,0,0,0.539533,0.539533
130_bNAb_Combinations|1342372|cc|8|1|nan|2944,0,0.000642385,8,1,0,0,0,0,0,0.311269,0.311269
130_bNAb_Combinations|1342372|sample|3|nan|2944,0.0010624,0.787264,1,3,1,0.895886,0.870185,0.852078,0.858799,-0.528103,-0.578381
130_bNAb_Combinations|1342372|sample|3|nan|2944,0.005312,0.896555,2,3,1,0.895883,0.825766,0.774608,0.790125,1.09115,0.933947
130_bNAb_Combinations|1342372|sample|3|nan|2944,0.02656,0.630907,3,3,1,0.895857,0.713153,0.587988,0.616969,0.502972,0.155845
130_bNAb_Combinations|1342372|sample|3|nan|2944,0.1328,0.303313,4,3,1,0.895575,0.4735,0.265822,0.296866,0.944167,0.146169
130_bNAb_Combinations|1342372|sample|3|nan|2944,0.664,0.0365731,5,3,1,0.892615,0.152043,0.0288578,0.0359445,1.25443,0.0878722
130_bNAb_Combinations|1342372|sample|3|nan|2944,3.32,0.00179868,6,3,1,0.862096,0.00847765,0.0022044,0.00221569,-0.170762,-0.175399
130_bNAb_Combinations|1342372|sample|3|nan|2944,16.6,0.000942164,7,3,1,0.598432,0.00215282,0.0021623,0.00215159,-0.514832,-0.510637
130_bNAb_Combinations|1342372|sample|3|nan|2944,83,0.0014989,8,3,1,0.0155099,0.00215159,0.0021623,0.00215159,-0.279921,-0.275576
130_bNAb_Combinations|1342372|sample|4|nan|2944,0.0010624,0.711912,1,4,1,0.895886,0.870185,0.856214,0.856695,-1.17018,-1.17343
130_bNAb_Combinations|1342372|sample|4|nan|2944,0.005312,0.776814,2,4,1,0.895883,0.825766,0.781095,0.783443,-0.0379891,-0.0586562
130_bNAb_Combinations|1342372|sample|4|nan|2944,0.02656,0.656731,3,4,1,0.895857,0.713153,0.592107,0.599461,0.752183,0.658612
130_bNAb_Combinations|1342372|sample|4|nan|2944,0.1328,0.279309,4,4,1,0.895575,0.4735,0.257662,0.269818,0.561497,0.235649
130_bNAb_Combinations|1342372|sample|4|nan|2944,0.664,0.0268517,5,4,1,0.892615,0.152043,0.0230912,0.0268383,0.705034,0.00227323
130_bNAb_Combinations|1342372|sample|4|nan|2944,3.32,0.00239824,6,4,1,0.862096,0.00847765,0.00217605,0.00217548,0.0936748,0.0939156
130_bNAb_Combinations|1342372|sample|4|nan|2944,16.6,0.00145607,7,4,1,0.598432,0.00215282,0.0021623,0.00215159,-0.297991,-0.293657
130_bNAb_Combinations|1342372|sample|4|nan|2944,83,0.0033404,8,4,1,0.0155099,0.00215159,0.0021623,0.00215159,0.497093,0.501936
130_bNAb_Combinations|1342372|vc|1|2|nan|2944,0,0.866191,1,2,1,0.895886,0.895883,0.89602,0.895883,-0.231317,-0.230284
130_bNAb_Combinations|1342372|vc|2|2|nan|2944,0,0.961949,2,2,1,0.895886,0.895883,0.89602,0.895883,0.511261,0.512406
130_bNAb_Combinations|1342372|vc|3|2|nan|2944,0,0.934862,3,2,1,0.895886,0.895883,0.89602,0.895883,0.301207,0.30232
130_bNAb_Combinations|1342372|vc|4|2|nan|2944,0,1,4,2,1,0.895886,0.895883,0.89602,0.895883,0.806333,0.807522
130_bNAb_Combinations|1342372|vc|5|2|nan|2944,0,0.921672,5,2,1,0.895886,0.895883,0.89602,0.895883,0.19892,0.200018
130_bNAb_Combinations|1342372|vc|6|2|nan|2944,0,0.914177,6,2,1,0.895886,0.895883,0.89602,0.895883,0.140802,0.141891
130_bNAb_Combinations|1342372|vc|7|2|nan|2944,0,0.942057,7,2,1,0.895886,0.895883,0.89602,0.895883,0.357,0.358122
130_bNAb_Combinations|1342372|vc|8|2|nan|2944,0,0.751547,8,2,1,0.895886,0.895883,0.89602,0.895883,-1.12035,-1.11945
130_bNAb_Combinations|1342384|cc|1|1|nan|2946,0,0.000377127,1,1,0,0,0,0,0,0.182738,0.182738
130_bNAb_Combinations|1342384|cc|2|1|nan|2946,0,0.0014378,2,1,0,0,0,0,0,0.696689,0.696689
130_bNAb_Combinations|1342384|cc|3|1|nan|2946,0,0.00120209,3,1,0,0,0,0,0,0.582477,0.582477
130_bNAb_Combinations|1342384|cc|4|1|nan|2946,0,0.0012728,4,1,0,0,0,0,0,0.616741,0.616741
130_bNAb_Combinations|1342384|cc|5|1|nan|2946,0,0.000966389,5,1,0,0,0,0,0,0.468266,0.468266
130_bNAb_Combinations|1342384|cc|6|1|nan|2946,0,0.00162636,6,1,0,0,0,0,0,0.788058,0.788058
130_bNAb_Combinations|1342384|cc|7|1|nan|2946,0,0.000848536,7,1,0,0,0,0,0,0.41116,0.41116
130_bNAb_Combinations|1342384|cc|8|1|nan|2946,0,0.00219205,8,1,0,0,0,0,0,1.06216,1.06216
130_bNAb_Combinations|1342384|sample|3|nan|2946,0.0010624,0.852284,1,3,1,0.895886,0.870172,0.888789,0.891085,-0.285353,-0.302529
130_bNAb_Combinations|1342384|sample|3|nan|2946,0.005312,0.967355,2,3,1,0.895883,0.825754,0.872846,0.879265,0.752034,0.69592
130_bNAb_Combinations|1342384|sample|3|nan|2946,0.02656,0.934439,3,3,1,0.895857,0.713143,0.823177,0.839201,0.937831,0.787694
130_bNAb_Combinations|1342384|sample|3|nan|2946,0.1328,0.7873,4,3,1,0.895575,0.473493,0.681087,0.713148,1.07813,0.719535
130_bNAb_Combinations|1342384|sample|3|nan|2946,0.664,0.423797,5,3,1,0.892615,0.15204,0.369691,0.404702,0.994262,0.321586
130_bNAb_Combinations|1342384|sample|3|nan|2946,3.32,0.0580305,6,3,1,0.862096,0.00847678,0.0533748,0.0582224,0.48383,-0.0186219
130_bNAb_Combinations|1342384|sample|3|nan|2946,16.6,0.00157922,7,3,1,0.598432,0.00215204,0.00226369,0.00221992,-0.287072,-0.269414
130_bNAb_Combinations|1342384|sample|3|nan|2946,83,0.00113138,8,3,1,0.0155099,0.0021508,0.00216151,0.0021508,-0.43468,-0.430436
130_bNAb_Combinations|1342384|sample|4|nan|2946,0.0010624,0.86071,1,4,1,0.895886,0.870172,0.892279,0.891323,-0.245814,-0.238621
130_bNAb_Combinations|1342384|sample|4|nan|2946,0.005312,0.945269,2,4,1,0.895883,0.825754,0.882431,0.880044,0.494674,0.514835
130_bNAb_Combinations|1342384|sample|4|nan|2946,0.02656,0.912624,3,4,1,0.895857,0.713143,0.847309,0.841666,0.535129,0.585192
130_bNAb_Combinations|1342384|sample|4|nan|2946,0.1328,0.777,4,4,1,0.895575,0.473493,0.73034,0.720076,0.442309,0.547151
130_bNAb_Combinations|1342384|sample|4|nan|2946,0.664,0.449052,5,4,1,0.892615,0.15204,0.424764,0.417701,0.39039,0.512141
130_bNAb_Combinations|1342384|sample|4|nan|2946,3.32,0.0637345,6,4,1,0.862096,0.00847678,0.0607457,0.0642952,0.280207,-0.0501979
130_bNAb_Combinations|1342384|sample|4|nan|2946,16.6,0.000824966,7,4,1,0.598432,0.00215204,0.0022134,0.00224614,-0.584062,-0.596668
130_bNAb_Combinations|1342384|sample|4|nan|2946,83,0.00122566,8,4,1,0.0155099,0.0021508,0.00216151,0.0021508,-0.394896,-0.390627
130_bNAb_Combinations|1342384|vc|1|2|nan|2946,0,0.93029,1,2,1,0.895886,0.89587,0.896008,0.89587,0.265851,0.266962
130_bNAb_Combinations|1342384|vc|2|2|nan|2946,0,0.910809,2,2,1,0.895886,0.89587,0.896008,0.89587,0.11478,0.115868
130_bNAb_Combinations|1342384|vc|3|2|nan|2946,0,1,3,2,1,0.895886,0.89587,0.896008,0.89587,0.806437,0.80763
130_bNAb_Combinations|1342384|vc|4|2|nan|2946,0,0.996582,4,2,1,0.895886,0.89587,0.896008,0.89587,0.779933,0.781122
130_bNAb_Combinations|1342384|vc|5|2|nan|2946,0,0.999953,5,2,1,0.895886,0.89587,0.896008,0.89587,0.806072,0.807265
130_bNAb_Combinations|1342384|vc|6|2|nan|2946,0,0.889549,6,2,1,0.895886,0.89587,0.896008,0.89587,-0.0500924,-0.0490291
130_bNAb_Combinations|1342384|vc|7|2|nan|2946,0,0.878541,7,2,1,0.895886,0.89587,0.896008,0.89587,-0.135453,-0.134403
130_bNAb_Combinations|1342384|vc|8|2|nan|2946,0,0.78624,8,2,1,0.895886,0.89587,0.896008,0.89587,-0.851238,-0.850296
130_bNAb_Combinations|1342396|cc|1|1|PVO.4|5024,0,0.000406233,1,1,0,0,0,0,0,0.196841,0.196841
130_bNAb_Combinations|1342396|cc|2|1|PVO.4|5024,0,0.00130897,2,1,0,0,0,0,0,0.634267,0.634267
130_bNAb_Combinations|1342396|cc|3|1|PVO.4|5024,0,0.00155723,3,1,0,0,0,0,0,0.754559,0.754559
130_bNAb_Combinations|1342396|cc|4|1|PVO.4|5024,0,0.000835035,4,1,0,0,0,0,0,0.404619,0.404619
130_bNAb_Combinations|1342396|cc|5|1|PVO.4|5024,0,0.000654487,5,1,0,0,0,0,0,0.317133,0.317133
130_bNAb_Combinations|1342396|cc|6|1|PVO.4|5024,0,0.000631919,6,1,0,0,0,0,0,0.306198,0.306198
130_bNAb_Combinations|1342396|cc|7|1|PVO.4|5024,0,0.000880172,7,1,0,0,0,0,0,0.42649,0.42649
130_bNAb_Combinations|1342396|cc|8|1|PVO.4|5024,0,0.00139925,8,1,0,0,0,0,0,0.678009,0.678009
130_bNAb_Combinations|1342396|sample|3|PVO.4|5024,0.0010624,0.997833,1,3,1,0.895886,0.870116,0.873116,0.878509,0.9921,0.943468
130_bNAb_Combinations|1342396|sample|3|PVO.4|5024,0.005312,0.936549,2,3,1,0.895883,0.825599,0.824975,0.837239,0.93844,0.823267
130_bNAb_Combinations|1342396|sample|3|PVO.4|5024,0.02656,0.845349,3,3,1,0.895857,0.712736,0.688462,0.708942,1.5758,1.33131
130_bNAb_Combinations|1342396|sample|3|PVO.4|5024,0.1328,0.395513,4,3,1,0.895575,0.47255,0.38703,0.399329,0.14917,-0.0650921
130_bNAb_Combinations|1342396|sample|3|PVO.4|5024,0.664,0.0558345,5,3,1,0.892615,0.150379,0.0625123,0.0558134,-0.611721,0.00212323
130_bNAb_Combinations|1342396|sample|3|PVO.4|5024,3.32,0.00187319,6,3,1,0.862096,0.00649541,0.000345073,0.000228691,0.723324,0.784533
130_bNAb_Combinations|1342396|sample|3|PVO.4|5024,16.6,0.000383665,7,3,1,0.598432,0.00015654,0.00013374,0.000155301,0.120001,0.109487
130_bNAb_Combinations|1342396|sample|3|PVO.4|5024,83,4.5137e-05,8,3,1,0.0155099,0.000155301,0.00013374,0.000155301,-0.0425423,-0.0528176
130_bNAb_Combinations|1342396|sample|4|PVO.4|5024,0.0010624,1,1,4,1,0.895886,0.870116,0.882076,0.878956,0.928694,0.956585
130_bNAb_Combinations|1342396|sample|4|PVO.4|5024,0.005312,0.917851,2,4,1,0.895883,0.825599,0.846874,0.839823,0.581809,0.644885
130_bNAb_Combinations|1342396|sample|4|PVO.4|5024,0.02656,0.813708,3,4,1,0.895857,0.712736,0.731479,0.719748,0.778303,0.903541
130_bNAb_Combinations|1342396|sample|4|PVO.4|5024,0.1328,0.442377,4,4,1,0.895575,0.47255,0.432266,0.427113,0.159777,0.244035
130_bNAb_Combinations|1342396|sample|4|PVO.4|5024,0.664,0.0734831,5,4,1,0.892615,0.150379,0.066126,0.0738508,0.643774,-0.0293631
130_bNAb_Combinations|1342396|sample|4|PVO.4|5024,3.32,0.000744761,6,4,1,0.862096,0.00649541,0.000225006,0.000375465,0.248019,0.174449
130_bNAb_Combinations|1342396|sample|4|PVO.4|5024,16.6,0,7,4,1,0.598432,0.00015654,0.00013374,0.000155301,-0.0642146,-0.0744583
130_bNAb_Combinations|1342396|sample|4|PVO.4|5024,83,0.00128641,8,4,1,0.0155099,0.000155301,0.00013374,0.000155301,0.553448,0.5423
130_bNAb_Combinations|1342396|vc|1|2|PVO.4|5024,0,0.943804,1,2,1,0.895886,0.895871,0.896009,0.895871,0.370642,0.371768
130_bNAb_Combinations|1342396|vc|2|2|PVO.4|5024,0,0.908609,2,2,1,0.895886,0.895871,0.896009,0.895871,0.0977065,0.0987914
130_bNAb_Combinations|1342396|vc|3|2|PVO.4|5024,0,0.910922,3,2,1,0.895886,0.895871,0.896009,0.895871,0.115646,0.116733
130_bNAb_Combinations|1342396|vc|4|2|PVO.4|5024,0,0.912705,4,2,1,0.895886,0.895871,0.896009,0.895871,0.129472,0.130561
130_bNAb_Combinations|1342396|vc|5|2|PVO.4|5024,0,0.907345,5,2,1,0.895886,0.895871,0.896009,0.895871,0.0879057,0.0889891
130_bNAb_Combinations|1342396|vc|6|2|PVO.4|5024,0,0.878886,6,2,1,0.895886,0.895871,0.896009,0.895871,-0.132788,-0.131738
130_bNAb_Combinations|1342396|vc|7|2|PVO.4|5024,0,0.860549,7,2,1,0.895886,0.895871,0.896009,0.895871,-0.274988,-0.273959
130_bNAb_Combinations|1342396|vc|8|2|PVO.4|5024,0,0.761022,8,2,1,0.895886,0.895871,0.896009,0.895871,-1.0468,-1.04589
130_bNAb_Combinations|1342408|cc|1|1|nan|4168,0,0.0014393,1,1,0,0,0,0,0,0.697417,0.697417
130_bNAb_Combinations|1342408|cc|2|1|nan|4168,0,0.0014393,2,1,0,0,0,0,0,0.697417,0.697417
130_bNAb_Combinations|1342408|cc|3|1|nan|4168,0,0.000729786,3,1,0,0,0,0,0,0.35362,0.35362
130_bNAb_Combinations|1342408|cc|4|1|nan|4168,0,0.00152039,4,1,0,0,0,0,0,0.736708,0.736708
130_bNAb_Combinations|1342408|cc|5|1|nan|4168,0,0.000973049,5,1,0,0,0,0,0,0.471493,0.471493
130_bNAb_Combinations|1342408|cc|6|1|nan|4168,0,0.00105414,6,1,0,0,0,0,0,0.510784,0.510784
130_bNAb_Combinations|1342408|cc|7|1|nan|4168,0,0.00154066,7,1,0,0,0,0,0,0.746531,0.746531
130_bNAb_Combinations|1342408|cc|8|1|nan|4168,0,0.00145957,8,1,0,0,0,0,0,0.70724,0.70724
130_bNAb_Combinations|1342408|sample|3|nan|4168,0.0010624,0.884744,1,3,1,0.895886,0.870188,0.858269,0.855606,0.214186,0.236455
130_bNAb_Combinations|1342408|sample|3|nan|4168,0.005312,0.890796,2,3,1,0.895883,0.825769,0.805717,0.801559,0.732388,0.772098
130_bNAb_Combinations|1342408|sample|3|nan|4168,0.02656,0.776077,3,3,1,0.895857,0.713156,0.689469,0.684625,0.868664,0.923604
130_bNAb_Combinations|1342408|sample|3|nan|4168,0.1328,0.462381,4,3,1,0.895575,0.473501,0.469809,0.467974,-0.108293,-0.0818574
130_bNAb_Combinations|1342408|sample|3|nan|4168,0.664,0.16701,5,3,1,0.892615,0.152042,0.183654,0.187775,-0.592915,-0.724671
130_bNAb_Combinations|1342408|sample|3|nan|4168,3.32,0.0252587,6,3,1,0.862096,0.00847669,0.0201349,0.0226411,1.04246,0.496695
130_bNAb_Combinations|1342408|sample|3|nan|4168,16.6,0.00823037,7,3,1,0.598432,0.00215183,0.00223003,0.00226286,2.52161,2.50293
130_bNAb_Combinations|1342408|sample|3|nan|4168,83,0.0027367,8,3,1,0.0155099,0.0021506,0.0021613,0.0021506,0.2428,0.247476
130_bNAb_Combinations|1342408|sample|4|nan|4168,0.0010624,0.931106,1,4,1,0.895886,0.870188,0.867738,0.860985,0.507154,0.565526
130_bNAb_Combinations|1342408|sample|4|nan|4168,0.005312,0.912324,2,4,1,0.895883,0.825769,0.824686,0.812656,0.737379,0.850788
130_bNAb_Combinations|1342408|sample|4|nan|4168,0.02656,0.764897,3,4,1,0.895857,0.713156,0.723041,0.705315,0.400702,0.584441
130_bNAb_Combinations|1342408|sample|4|nan|4168,0.1328,0.50485,4,4,1,0.895575,0.473501,0.51489,0.498578,-0.133904,0.0863072
130_bNAb_Combinations|1342408|sample|4|nan|4168,0.664,0.189005,5,4,1,0.892615,0.152042,0.215249,0.214061,-0.806372,-0.773867
130_bNAb_Combinations|1342408|sample|4|nan|4168,3.32,0.0320092,6,4,1,0.862096,0.00847669,0.0246423,0.028888,1.32654,0.507125
130_bNAb_Combinations|1342408|sample|4|nan|4168,16.6,0.00490579,7,4,1,0.598432,0.00215183,0.00223855,0.00233653,1.12033,1.07292
130_bNAb_Combinations|1342408|sample|4|nan|4168,83,0.00336513,8,4,1,0.0155099,0.0021506,0.0021613,0.0021506,0.507978,0.512824
130_bNAb_Combinations|1342408|vc|1|2|nan|4168,0,0.949635,1,2,1,0.895886,0.895886,0.896024,0.895886,0.415732,0.416863
130_bNAb_Combinations|1342408|vc|2|2|nan|4168,0,0.965274,2,2,1,0.895886,0.895886,0.896024,0.895886,0.537013,0.538163
130_bNAb_Combinations|1342408|vc|3|2|nan|4168,0,1,3,2,1,0.895886,0.895886,0.896024,0.895886,0.8063,0.80749
130_bNAb_Combinations|1342408|vc|4|2|nan|4168,0,0.969906,4,2,1,0.895886,0.895886,0.896024,0.895886,0.572934,0.574089
130_bNAb_Combinations|1342408|vc|5|2|nan|4168,0,0.940482,5,2,1,0.895886,0.895886,0.896024,0.895886,0.344755,0.345876
130_bNAb_Combinations|1342408|vc|6|2|nan|4168,0,0.930052,6,2,1,0.895886,0.895886,0.896024,0.895886,0.263875,0.264983
130_bNAb_Combinations|1342408|vc|7|2|nan|4168,0,0.924538,7,2,1,0.895886,0.895886,0.896024,0.895886,0.221116,0.222218
130_bNAb_Combinations|1342408|vc|8|2|nan|4168,0,0.903212,8,2,1,0.895886,0.895886,0.896024,0.895886,0.0557394,0.0568163
704_VRC01_Concordance|1200432|cc|1|1|PVO.4|5024,0,0.00146144,1,1,0,0,0,0,0,0.708146,0.708146
704_VRC01_Concordance|1200432|cc|2|1|PVO.4|5024,0,0.00217593,2,1,0,0,0,0,0,1.05435,1.05435
704_VRC01_Concordance|1200432|cc|3|1|PVO.4|5024,0,0.0011042,3,1,0,0,0,0,0,0.535043,0.535043
704_VRC01_Concordance|1200432|cc|4|1|PVO.4|5024,0,0.00198107,4,1,0,0,0,0,0,0.959931,0.959931
704_VRC01_Concordance|1200432|cc|5|1|PVO.4|5024,0,0.00298784,5,1,0,0,0,0,0,1.44776,1.44776
704_VRC01_Concordance|1200432|cc|6|1|PVO.4|5024,0,0.00175373,6,1,0,0,0,0,0,0.849775,0.849775
704_VRC01_Concordance|1200432|cc|7|1|PVO.4|5024,0,0.00233831,7,1,0,0,0,0,0,1.13303,1.13303
704_VRC01_Concordance|1200432|cc|8|1|PVO.4|5024,0,0.00334508,8,1,0,0,0,0,0,1.62087,1.62087
704_VRC01_Concordance|1200432|sample|10|PVO.4|5024,0.002286236854138,0.850689,1,10,1,0.895885,0.854306,0.887244,0.886388,-0.286231,-0.279796
704_VRC01_Concordance|1200432|sample|10|PVO.4|5024,0.0068587105624142,0.988097,2,10,1,0.895882,0.813904,0.875965,0.874511,0.889141,0.902136
704_VRC01_Concordance|1200432|sample|10|PVO.4|5024,0.0205761316872428,0.866635,3,10,1,0.895866,0.738077,0.850574,0.848192,0.131093,0.150954
704_VRC01_Concordance|1200432|sample|10|PVO.4|5024,0.0617283950617284,0.879642,4,10,1,0.895784,0.605947,0.79497,0.791474,0.738569,0.772396
704_VRC01_Concordance|1200432|sample|10|PVO.4|5024,0.1851851851851852,0.740724,5,10,1,0.895379,0.407307,0.680621,0.676713,0.610497,0.653867
704_VRC01_Concordance|1200432|sample|10|PVO.4|5024,0.5555555555555556,0.485621,6,10,1,0.893365,0.183693,0.476657,0.474944,0.128857,0.154025
704_VRC01_Concordance|1200432|sample|10|PVO.4|5024,1.66666666666667,0.212201,7,10,1,0.883394,0.0384699,0.211322,0.214098,0.0274851,-0.0585711
704_VRC01_Concordance|1200432|sample|10|PVO.4|5024,5,0.0380949,8,10,1,0.835366,0.00362991,0.0344761,0.0370841,0.520982,0.138177
704_VRC01_Concordance|1200432|sample|11|PVO.4|5024,0.0457247370827617,0.868454,1,11,1,0.895821,0.648727,0.751252,0.755901,1.08068,1.03155
704_VRC01_Concordance|1200432|sample|11|PVO.4|5024,0.1371742112482853,0.719452,2,11,1,0.895559,0.467237,0.621412,0.628652,1.08855,0.996811
704_VRC01_Concordance|1200432|sample|11|PVO.4|5024,0.411522633744856,0.42653,3,11,1,0.894259,0.241718,0.419372,0.428388,0.116473,-0.0296117
704_VRC01_Concordance|1200432|sample|11|PVO.4|5024,1.23456790123457,0.188591,4,11,1,0.88781,0.0654163,0.186337,0.19354,0.0792194,-0.167931
704_VRC01_Concordance|1200432|sample|11|PVO.4|5024,3.7037037037037,0.036601,5,11,1,0.85637,0.00659576,0.0362757,0.0386219,0.0451776,-0.268264
704_VRC01_Concordance|1200432|sample|11|PVO.4|5024,11.1111111111111,0.00789179,6,11,1,0.715687,0.00217463,0.00324659,0.00336304,1.84076,1.78296
704_VRC01_Concordance|1200432|sample|11|PVO.4|5024,33.3333333333333,0.00133154,7,11,1,0.294138,0.00215086,0.00216263,0.00215211,-0.350669,-0.34645
704_VRC01_Concordance|1200432|sample|11|PVO.4|5024,100,0.000389718,8,11,1,0.0058168,0.00215086,0.00216157,0.00215086,-0.747658,-0.743615
704_VRC01_Concordance|1200432|sample|12|PVO.4|5024,0.0457247370827617,0.755582,1,12,1,0.895821,0.648727,0.706753,0.726902,0.478011,0.273135
704_VRC01_Concordance|1200432|sample|12|PVO.4|5024,0.1371742112482853,0.635256,2,12,1,0.895559,0.467237,0.559242,0.587546,0.935442,0.559523
704_VRC01_Concordance|1200432|sample|12|PVO.4|5024,0.411522633744856,0.416203,3,12,1,0.894259,0.241718,0.351684,0.382757,1.2439,0.594405
704_VRC01_Concordance|1200432|sample|12|PVO.4|5024,1.23456790123457,0.135362,4,12,1,0.88781,0.0654163,0.141041,0.162215,-0.257681,-1.07257
704_VRC01_Concordance|1200432|sample|12|PVO.4|5024,3.7037037037037,0.0341003,5,12,1,0.85637,0.00659576,0.0246714,0.0303714,1.69657,0.585865
704_VRC01_Concordance|1200432|sample|12|PVO.4|5024,11.1111111111111,0.00308527,6,12,1,0.715687,0.00217463,0.00280328,0.00304775,0.114594,0.0150364
704_VRC01_Concordance|1200432|sample|12|PVO.4|5024,33.3333333333333,0.000292288,7,12,1,0.294138,0.00215086,0.00216225,0.00215192,-0.789026,-0.785149
704_VRC01_Concordance|1200432|sample|12|PVO.4|5024,100,0.000292288,8,12,1,0.0058168,0.00215086,0.00216157,0.00215086,-0.78877,-0.784753
704_VRC01_Concordance|1200432|sample|3|PVO.4|5024,0.0457247370827617,0.931426,1,3,1,0.895821,0.648727,0.739598,0.746758,1.79611,1.71281
704_VRC01_Concordance|1200432|sample|3|PVO.4|5024,0.1371742112482853,0.65242,2,3,1,0.895559,0.467237,0.596201,0.604344,0.649976,0.548514
704_VRC01_Concordance|1200432|sample|3|PVO.4|5024,0.411522633744856,0.404284,3,3,1,0.894259,0.241718,0.377685,0.382895,0.478818,0.379994
704_VRC01_Concordance|1200432|sample|3|PVO.4|5024,1.23456790123457,0.116071,4,3,1,0.88781,0.0654163,0.14446,0.143956,-1.26055,-1.2421
704_VRC01_Concordance|1200432|sample|3|PVO.4|5024,3.7037037037037,0.0223763,5,3,1,0.85637,0.00659576,0.0206104,0.0192297,0.354425,0.657318
704_VRC01_Concordance|1200432|sample|3|PVO.4|5024,11.1111111111111,0.00337756,6,3,1,0.715687,0.00217463,0.0024231,0.00234331,0.396548,0.431725
704_VRC01_Concordance|1200432|sample|3|PVO.4|5024,33.3333333333333,0.00295536,7,3,1,0.294138,0.00215086,0.00216162,0.00215088,0.334931,0.339679
704_VRC01_Concordance|1200432|sample|3|PVO.4|5024,100,0.00168878,8,3,1,0.0058168,0.00215086,0.00216157,0.00215086,-0.199502,-0.195108
704_VRC01_Concordance|1200432|sample|4|PVO.4|5024,0.0457247370827617,0.855821,1,4,1,0.895821,0.648727,0.795479,0.787839,0.52601,0.59825
704_VRC01_Concordance|1200432|sample|4|PVO.4|5024,0.1371742112482853,0.721108,2,4,1,0.895559,0.467237,0.689158,0.679954,0.320595,0.418418
704_VRC01_Concordance|1200432|sample|4|PVO.4|5024,0.411522633744856,0.572009,3,4,1,0.894259,0.241718,0.502475,0.495965,0.949623,1.05179
704_VRC01_Concordance|1200432|sample|4|PVO.4|5024,1.23456790123457,0.23966,4,4,1,0.88781,0.0654163,0.251223,0.252848,-0.30718,-0.348238
704_VRC01_Concordance|1200432|sample|4|PVO.4|5024,3.7037037037037,0.0572236,5,4,1,0.85637,0.00659576,0.0561711,0.0611982,0.105056,-0.370409
704_VRC01_Concordance|1200432|sample|4|PVO.4|5024,11.1111111111111,0.00779436,6,4,1,0.715687,0.00217463,0.0041108,0.00491759,1.39217,1.04224
704_VRC01_Concordance|1200432|sample|4|PVO.4|5024,33.3333333333333,0.0027605,7,4,1,0.294138,0.00215086,0.00216319,0.00215556,0.252019,0.255355
704_VRC01_Concordance|1200432|sample|4|PVO.4|5024,100,0.00116915,8,4,1,0.0058168,0.00215086,0.00216157,0.00215086,-0.418765,-0.414511
704_VRC01_Concordance|1200432|sample|5|PVO.4|5024,0.002286236854138,0.883215,1,5,1,0.895885,0.854306,0.885775,0.885022,-0.0200848,-0.0141904
704_VRC01_Concordance|1200432|sample|5|PVO.4|5024,0.0068587105624142,0.89653,2,5,1,0.895882,0.813904,0.872989,0.871826,0.187289,0.1968
704_VRC01_Concordance|1200432|sample|5|PVO.4|5024,0.0205761316872428,0.878603,3,5,1,0.895866,0.738077,0.844724,0.84309,0.278409,0.292388
704_VRC01_Concordance|1200432|sample|5|PVO.4|5024,0.0617283950617284,0.790088,4,5,1,0.895784,0.605947,0.784091,0.782363,0.0530245,0.0684497
704_VRC01_Concordance|1200432|sample|5|PVO.4|5024,0.1851851851851852,0.721465,5,5,1,0.895379,0.407307,0.662535,0.662281,0.614571,0.617449
704_VRC01_Concordance|1200432|sample|5|PVO.4|5024,0.5555555555555556,0.483543,6,5,1,0.893365,0.183693,0.45292,0.457075,0.46254,0.396265
704_VRC01_Concordance|1200432|sample|5|PVO.4|5024,1.66666666666667,0.199503,7,5,1,0.883394,0.0384699,0.192678,0.20099,0.232553,-0.0487023
704_VRC01_Concordance|1200432|sample|5|PVO.4|5024,5,0.0347498,8,5,1,0.835366,0.00362991,0.0297424,0.0340054,0.797913,0.108211
704_VRC01_Concordance|1200432|sample|6|PVO.4|5024,0.002286236854138,0.994382,1,6,1,0.895885,0.854306,0.881023,0.884312,0.893786,0.864678
704_VRC01_Concordance|1200432|sample|6|PVO.4|5024,0.0068587105624142,0.986474,2,6,1,0.895882,0.813904,0.864784,0.870832,0.977194,0.922279
704_VRC01_Concordance|1200432|sample|6|PVO.4|5024,0.0205761316872428,0.991621,3,6,1,0.895866,0.738077,0.831625,0.842141,1.33515,1.23207
704_VRC01_Concordance|1200432|sample|6|PVO.4|5024,0.0617283950617284,0.869396,4,6,1,0.895784,0.605947,0.766043,0.78282,0.93492,0.766684
704_VRC01_Concordance|1200432|sample|6|PVO.4|5024,0.1851851851851852,0.779355,5,6,1,0.895379,0.407307,0.644691,0.667627,1.44239,1.15649
704_VRC01_Concordance|1200432|sample|6|PVO.4|5024,0.5555555555555556,0.468051,6,6,1,0.893365,0.183693,0.449076,0.472183,0.288989,-0.0599363
704_VRC01_Concordance|1200432|sample|6|PVO.4|5024,1.66666666666667,0.186123,7,6,1,0.883394,0.0384699,0.211077,0.222887,-0.780915,-1.09327
704_VRC01_Concordance|1200432|sample|6|PVO.4|5024,5,0.0497215,8,6,1,0.835366,0.00362991,0.0449081,0.0451277,0.571427,0.543356
704_VRC01_Concordance|1200432|sample|7|PVO.4|5024,0.0457247370827617,0.822711,1,7,1,0.895821,0.648727,0.764654,0.773121,0.526114,0.444554
704_VRC01_Concordance|1200432|sample|7|PVO.4|5024,0.1371742112482853,0.758505,2,7,1,0.895559,0.467237,0.628993,0.646967,1.42105,1.19057
704_VRC01_Concordance|1200432|sample|7|PVO.4|5024,0.411522633744856,0.445919,3,7,1,0.894259,0.241718,0.407168,0.436867,0.648815,0.141579
704_VRC01_Concordance|1200432|sample|7|PVO.4|5024,1.23456790123457,0.173424,4,7,1,0.88781,0.0654163,0.155486,0.184629,0.744867,-0.397167
704_VRC01_Concordance|1200432|sample|7|PVO.4|5024,3.7037037037037,0.0308202,5,7,1,0.85637,0.00659576,0.0200486,0.0293871,2.19698,0.230197
704_VRC01_Concordance|1200432|sample|7|PVO.4|5024,11.1111111111111,0.00402709,6,7,1,0.715687,0.00217463,0.00232488,0.00259118,0.711328,0.590735
704_VRC01_Concordance|1200432|sample|7|PVO.4|5024,33.3333333333333,0.00243574,7,7,1,0.294138,0.00215086,0.00216158,0.00215093,0.115685,0.120254
704_VRC01_Concordance|1200432|sample|7|PVO.4|5024,100,0.00113668,8,7,1,0.0058168,0.00215086,0.00216157,0.00215086,-0.432468,-0.428223
704_VRC01_Concordance|1200432|sample|8|PVO.4|5024,0.0457247370827617,0.796746,1,8,1,0.895821,0.648727,0.771496,0.770693,0.22682,0.234274
704_VRC01_Concordance|1200432|sample|8|PVO.4|5024,0.1371742112482853,0.73569,2,8,1,0.895559,0.467237,0.646492,0.647176,0.952799,0.944517
704_VRC01_Concordance|1200432|sample|8|PVO.4|5024,0.411522633744856,0.466265,3,8,1,0.894259,0.241718,0.43998,0.44407,0.408332,0.341715
704_VRC01_Concordance|1200432|sample|8|PVO.4|5024,1.23456790123457,0.184954,4,8,1,0.88781,0.0654163,0.191116,0.197848,-0.211568,-0.428648
704_VRC01_Concordance|1200432|sample|8|PVO.4|5024,3.7037037037037,0.0379325,5,8,1,0.85637,0.00659576,0.0328063,0.0362623,0.764017,0.232013
704_VRC01_Concordance|1200432|sample|8|PVO.4|5024,11.1111111111111,0.00399461,6,8,1,0.715687,0.00217463,0.00278206,0.00298401,0.493359,0.406462
704_VRC01_Concordance|1200432|sample|8|PVO.4|5024,33.3333333333333,0.00168878,7,8,1,0.294138,0.00215086,0.00216174,0.00215122,-0.199572,-0.195257
704_VRC01_Concordance|1200432|sample|8|PVO.4|5024,100,0,8,8,1,0.0058168,0.00215086,0.00216157,0.00215086,-0.912105,-0.908167
704_VRC01_Concordance|1200432|sample|9|PVO.4|5024,0.002286236854138,0.844113,1,9,1,0.895885,0.854306,0.880732,0.883779,-0.288821,-0.311793
704_VRC01_Concordance|1200432|sample|9|PVO.4|5024,0.0068587105624142,0.938782,2,9,1,0.895882,0.813904,0.864043,0.869466,0.600674,0.55367
704_VRC01_Concordance|1200432|sample|9|PVO.4|5024,0.0205761316872428,0.856568,3,9,1,0.895866,0.738077,0.829843,0.838792,0.223482,0.147088
704_VRC01_Concordance|1200432|sample|9|PVO.4|5024,0.0617283950617284,0.895653,4,9,1,0.895784,0.605947,0.762047,0.775091,1.21481,1.0781
704_VRC01_Concordance|1200432|sample|9|PVO.4|5024,0.1851851851851852,0.785119,5,9,1,0.895379,0.407307,0.636679,0.651583,1.60951,1.41551
704_VRC01_Concordance|1200432|sample|9|PVO.4|5024,0.5555555555555556,0.449345,6,9,1,0.893365,0.183693,0.436064,0.445214,0.208108,0.0634331
704_VRC01_Concordance|1200432|sample|9|PVO.4|5024,1.66666666666667,0.160499,7,9,1,0.883394,0.0384699,0.197226,0.193796,-1.2245,-1.1284
704_VRC01_Concordance|1200432|sample|9|PVO.4|5024,5,0.0365685,8,9,1,0.835366,0.00362991,0.0387004,0.0329438,-0.282578,0.538669
704_VRC01_Concordance|1200432|vc|1|2|PVO.4|5024,0,0.927366,1,2,1,0.895886,0.895886,0.896024,0.895886,0.243051,0.244156
704_VRC01_Concordance|1200432|vc|2|2|PVO.4|5024,0,0.913369,2,2,1,0.895886,0.895886,0.896024,0.895886,0.134505,0.135594
704_VRC01_Concordance|1200432|vc|3|2|PVO.4|5024,0,1,3,2,1,0.895886,0.895886,0.896024,0.895886,0.806303,0.807493
704_VRC01_Concordance|1200432|vc|4|2|PVO.4|5024,0,0.936054,4,2,1,0.895886,0.895886,0.896024,0.895886,0.310419,0.311535
704_VRC01_Concordance|1200432|vc|5|2|PVO.4|5024,0,0.990712,5,2,1,0.895886,0.895886,0.896024,0.895886,0.734275,0.735454
704_VRC01_Concordance|1200432|vc|6|2|PVO.4|5024,0,0.919832,6,2,1,0.895886,0.895886,0.896024,0.895886,0.184622,0.185719
704_VRC01_Concordance|1200432|vc|7|2|PVO.4|5024,0,0.864589,7,2,1,0.895886,0.895886,0.896024,0.895886,-0.243766,-0.242735
704_VRC01_Concordance|1200432|vc|8|2|PVO.4|5024,0,0.869461,8,2,1,0.895886,0.895886,0.896024,0.895886,-0.20599,-0.204952
