id,time,rlu_norm,plate_row,plate_col,virus_cc,popPred_medianCOV,popPred,indivPred_SAEM,indivPred_mode,indWRes_SAEM,indWRes_mode
130_bNAb_Combinations|1313842|cc|1|1|nan|2946,0,0.00107969,1,1,0,0,0,0,0,0.597824,0.597824
130_bNAb_Combinations|1313842|cc|2|1|nan|2946,0,0.000918885,2,1,0,0,0,0,0,0.508786,0.508786
130_bNAb_Combinations|1313842|cc|3|1|nan|2946,0,0.00110266,3,1,0,0,0,0,0,0.610544,0.610544
130_bNAb_Combinations|1313842|cc|4|1|nan|2946,0,0.00133238,4,1,0,0,0,0,0,0.73774,0.73774
130_bNAb_Combinations|1313842|cc|5|1|nan|2946,0,0.00153913,5,1,0,0,0,0,0,0.852217,0.852217
130_bNAb_Combinations|1313842|cc|6|1|nan|2946,0,0.00149319,6,1,0,0,0,0,0,0.826778,0.826778
130_bNAb_Combinations|1313842|cc|7|1|nan|2946,0,0.00149319,7,1,0,0,0,0,0,0.826778,0.826778
130_bNAb_Combinations|1313842|cc|8|1|nan|2946,0,0.000826997,8,1,0,0,0,0,0,0.457908,0.457908
130_bNAb_Combinations|1313842|sample|10|nan|2946,0.0003648,0.782305,1,10,1,0.758349,0.758355,0.759086,0.758355,0.14706,0.151833
130_bNAb_Combinations|1313842|sample|10|nan|2946,0.001824,0.882187,2,10,1,0.797424,0.797435,0.796987,0.797433,0.514258,0.51128
130_bNAb_Combinations|1313842|sample|10|nan|2946,0.00912,0.889573,3,10,1,0.83018,0.830194,0.828884,0.830151,0.352364,0.344487
130_bNAb_Combinations|1313842|sample|10|nan|2946,0.0456,0.751223,4,10,1,0.83018,0.830194,0.827459,0.828732,-0.44338,-0.4501
130_bNAb_Combinations|1313842|sample|10|nan|2946,0.228,0.542866,5,10,1,0.83018,0.830194,0.780943,0.782415,-1.46619,-1.47252
130_bNAb_Combinations|1313842|sample|10|nan|2946,1.14,0.150628,6,10,1,0.83018,0.830194,0.142449,0.143894,0.263032,0.214506
130_bNAb_Combinations|1313842|sample|10|nan|2946,5.7,0.0141738,7,10,1,0.797424,0.797435,0.0103086,0.00949086,0.984617,1.2463
130_bNAb_Combinations|1313842|sample|10|nan|2946,28.5,0.000252693,8,10,1,0.758349,0.758355,0.00981834,0.00902573,-2.50095,-2.3958
130_bNAb_Combinations|1313842|sample|11|nan|2946,0.0003712,0.787795,1,11,1,0.758349,0.758355,0.759086,0.758355,0.181835,0.186641
130_bNAb_Combinations|1313842|sample|11|nan|2946,0.001856,0.899692,2,11,1,0.797424,0.797435,0.796988,0.797435,0.619907,0.61687
130_bNAb_Combinations|1313842|sample|11|nan|2946,0.00928,0.943259,3,11,1,0.797424,0.797435,0.796984,0.79743,0.882895,0.879723
130_bNAb_Combinations|1313842|sample|11|nan|2946,0.0464,0.770876,4,11,1,0.797424,0.797435,0.796763,0.797125,-0.156292,-0.158411
130_bNAb_Combinations|1313842|sample|11|nan|2946,0.2319999999999999,0.591682,5,11,1,0.797424,0.797435,0.783599,0.779139,-1.17796,-1.15709
130_bNAb_Combinations|1313842|sample|11|nan|2946,1.16,0.238543,6,11,1,0.797424,0.797435,0.31869,0.229083,-1.19032,0.193425
130_bNAb_Combinations|1313842|sample|11|nan|2946,5.8,0.0150238,7,11,1,0.797424,0.797435,0.008792,0.0101654,1.72445,1.24698
130_bNAb_Combinations|1313842|sample|11|nan|2946,29,0,8,11,1,0.758349,0.758355,0.0083717,0.00966718,-2.37336,-2.5482
130_bNAb_Combinations|1313842|sample|12|nan|2946,0.0003712,0.726907,1,12,1,0.758349,0.758355,0.759086,0.758355,-0.203814,-0.199376
130_bNAb_Combinations|1313842|sample|12|nan|2946,0.001856,0.725805,2,12,1,0.758349,0.758355,0.759086,0.758355,-0.210798,-0.206366
130_bNAb_Combinations|1313842|sample|12|nan|2946,0.00928,0.699823,3,12,1,0.758349,0.758355,0.75908,0.75835,-0.375325,-0.37105
130_bNAb_Combinations|1313842|sample|12|nan|2946,0.0464,0.628667,4,12,1,0.758349,0.758355,0.758733,0.757998,-0.824187,-0.820317
130_bNAb_Combinations|1313842|sample|12|nan|2946,0.2319999999999999,0.46638,5,12,1,0.758349,0.758355,0.738215,0.737256,-1.76985,-1.76587
130_bNAb_Combinations|1313842|sample|12|nan|2946,1.16,0.173084,6,12,1,0.758349,0.758355,0.168408,0.166141,0.128331,0.193033
130_bNAb_Combinations|1313842|sample|12|nan|2946,5.8,0.0100848,7,12,1,0.758349,0.758355,0.0049884,0.00639097,1.79975,1.18387
130_bNAb_Combinations|1313842|sample|12|nan|2946,29,0.00119455,8,12,1,0.758349,0.758355,0.0049884,0.00639097,-1.33977,-1.66547
130_bNAb_Combinations|1313842|sample|3|nan|2946,0.000064,0.866394,1,3,1,0.758349,0.758355,0.759086,0.758355,0.679665,0.684945
130_bNAb_Combinations|1313842|sample|3|nan|2946,0.00032,0.944316,2,3,1,0.797424,0.797435,0.796988,0.797435,0.889247,0.886061
130_bNAb_Combinations|1313842|sample|3|nan|2946,0.0016,0.961051,3,3,1,0.83018,0.830194,0.828927,0.830194,0.767073,0.758572
130_bNAb_Combinations|1313842|sample|3|nan|2946,0.008,0.986159,4,3,1,0.83018,0.830194,0.828927,0.830194,0.912847,0.904125
130_bNAb_Combinations|1313842|sample|3|nan|2946,0.04,0.882578,5,3,1,0.83018,0.830194,0.828927,0.830194,0.311482,0.303668
130_bNAb_Combinations|1313842|sample|3|nan|2946,0.2,0.77709,6,3,1,0.83018,0.830194,0.828818,0.83008,-0.300358,-0.307221
130_bNAb_Combinations|1313842|sample|3|nan|2946,1,0.473111,7,3,1,0.797424,0.797435,0.56395,0.554578,-0.771386,-0.703308
130_bNAb_Combinations|1313842|sample|3|nan|2946,5,0.151731,8,3,1,0.758349,0.758355,0.160601,0.143258,-0.254695,0.271017
130_bNAb_Combinations|1313842|sample|4|nan|2946,0.000064,0.844789,1,4,1,0.758349,0.758355,0.759086,0.758355,0.542822,0.547971
130_bNAb_Combinations|1313842|sample|4|nan|2946,0.00032,0.96429,2,4,1,0.797424,0.797435,0.796988,0.797435,1.00981,1.00656
130_bNAb_Combinations|1313842|sample|4|nan|2946,0.0016,0.942363,3,4,1,0.83018,0.830194,0.828927,0.830194,0.658577,0.650239
130_bNAb_Combinations|1313842|sample|4|nan|2946,0.008,0.926512,4,4,1,0.85764,0.857655,0.855841,0.857655,0.397523,0.386509
130_bNAb_Combinations|1313842|sample|4|nan|2946,0.04,0.878374,5,4,1,0.85764,0.857655,0.855841,0.857655,0.126746,0.116299
130_bNAb_Combinations|1313842|sample|4|nan|2946,0.2,0.73798,6,4,1,0.83018,0.830194,0.82882,0.830066,-0.527459,-0.533904
130_bNAb_Combinations|1313842|sample|4|nan|2946,1,0.443512,7,4,1,0.797424,0.797435,0.566308,0.532422,-1.03848,-0.798989
130_bNAb_Combinations|1313842|sample|4|nan|2946,5,0.140934,8,4,1,0.758349,0.758355,0.154523,0.132772,-0.40469,0.280431
130_bNAb_Combinations|1313842|sample|5|nan|2946,0.0006144,0.829983,1,5,1,0.758349,0.758355,0.759086,0.758355,0.449047,0.454107
130_bNAb_Combinations|1313842|sample|5|nan|2946,0.003072,0.89357,2,5,1,0.797424,0.797435,0.796988,0.797435,0.582954,0.579938
130_bNAb_Combinations|1313842|sample|5|nan|2946,0.01536,0.91946,3,5,1,0.83018,0.830194,0.828927,0.830194,0.525607,0.51747
130_bNAb_Combinations|1313842|sample|5|nan|2946,0.0768,0.844513,4,5,1,0.85764,0.857655,0.855841,0.857655,-0.063721,-0.0737693
130_bNAb_Combinations|1313842|sample|5|nan|2946,0.384,0.634686,5,5,1,0.85764,0.857655,0.855358,0.857154,-1.24198,-1.24949
130_bNAb_Combinations|1313842|sample|5|nan|2946,1.92,0.273162,6,5,1,0.83018,0.830194,0.273761,0.262458,-0.0103156,0.191926
130_bNAb_Combinations|1313842|sample|5|nan|2946,9.6,0.101927,7,5,1,0.797424,0.797435,0.0895341,0.0804585,0.613064,1.17001
130_bNAb_Combinations|1313842|sample|5|nan|2946,48,0.049482,8,5,1,0.758349,0.758355,0.0852761,0.0765155,-1.8508,-1.54138
130_bNAb_Combinations|1313842|sample|6|nan|2946,0.0006144,0.807137,1,6,1,0.758349,0.758355,0.759086,0.758355,0.304346,0.309269
130_bNAb_Combinations|1313842|sample|6|nan|2946,0.003072,0.913073,2,6,1,0.797424,0.797435,0.796988,0.797435,0.700674,0.697592
130_bNAb_Combinations|1313842|sample|6|nan|2946,0.01536,0.905757,3,6,1,0.83018,0.830194,0.828927,0.830194,0.446052,0.438035
130_bNAb_Combinations|1313842|sample|6|nan|2946,0.0768,0.884312,4,6,1,0.85764,0.857655,0.855841,0.857655,0.160149,0.149632
130_bNAb_Combinations|1313842|sample|6|nan|2946,0.384,0.63016,5,6,1,0.85764,0.857655,0.855791,0.857607,-1.26925,-1.27679
130_bNAb_Combinations|1313842|sample|6|nan|2946,1.92,0.318692,6,6,1,0.83018,0.830194,0.728145,0.7347,-2.70227,-2.72133
130_bNAb_Combinations|1313842|sample|6|nan|2946,9.6,0.14291,7,6,1,0.797424,0.797435,0.119606,0.133149,0.882776,0.334466
130_bNAb_Combinations|1313842|sample|6|nan|2946,48,0.0423376,8,6,1,0.758349,0.758355,0.0393027,0.0408356,0.306957,0.147225
130_bNAb_Combinations|1313842|sample|7|nan|2946,0.0000768,0.796949,1,7,1,0.758349,0.758355,0.759086,0.758355,0.239817,0.244678
130_bNAb_Combinations|1313842|sample|7|nan|2946,0.000384,1,2,7,1,0.797424,0.797435,0.796988,0.797435,1.22535,1.22198
130_bNAb_Combinations|1313842|sample|7|nan|2946,0.00192,0.911982,3,7,1,0.83018,0.830194,0.828926,0.830193,0.482201,0.474131
130_bNAb_Combinations|1313842|sample|7|nan|2946,0.0096,0.8727,4,7,1,0.85764,0.857655,0.855807,0.857617,0.0950276,0.084669
130_bNAb_Combinations|1313842|sample|7|nan|2946,0.048,0.846259,5,7,1,0.85764,0.857655,0.854673,0.856354,-0.0473954,-0.0567528
130_bNAb_Combinations|1313842|sample|7|nan|2946,0.24,0.530266,6,7,1,0.83018,0.830194,0.79173,0.788892,-1.58852,-1.57687
130_bNAb_Combinations|1313842|sample|7|nan|2946,1.2,0.187832,7,7,1,0.797424,0.797435,0.206462,0.179206,-0.420966,0.22316
130_bNAb_Combinations|1313842|sample|7|nan|2946,6,0.0118536,8,7,1,0.758349,0.758355,0.0101072,0.0111366,0.449615,0.175057
130_bNAb_Combinations|1313842|sample|8|nan|2946,0.0000768,0.807666,1,8,1,0.758349,0.758355,0.759086,0.758355,0.307693,0.312618
130_bNAb_Combinations|1313842|sample|8|nan|2946,0.000384,0.9013,2,8,1,0.797424,0.797435,0.796988,0.797435,0.629613,0.62657
130_bNAb_Combinations|1313842|sample|8|nan|2946,0.00192,0.96043,3,8,1,0.83018,0.830194,0.828926,0.830193,0.763481,0.754985
130_bNAb_Combinations|1313842|sample|8|nan|2946,0.0096,0.907296,4,8,1,0.85764,0.857655,0.855799,0.857613,0.289687,0.278897
130_bNAb_Combinations|1313842|sample|8|nan|2946,0.048,0.786233,5,8,1,0.85764,0.857655,0.854396,0.856221,-0.384059,-0.393514
130_bNAb_Combinations|1313842|sample|8|nan|2946,0.24,0.560359,6,8,1,0.83018,0.830194,0.783137,0.784793,-1.36817,-1.37547
130_bNAb_Combinations|1313842|sample|8|nan|2946,1.2,0.163389,7,8,1,0.797424,0.797435,0.154309,0.155953,0.270777,0.21955
130_bNAb_Combinations|1313842|sample|8|nan|2946,6,0.0142427,8,8,1,0.758349,0.758355,0.0156904,0.0134316,-0.287687,0.177584
130_bNAb_Combinations|1313842|sample|9|nan|2946,0.0003648,0.848418,1,9,1,0.758349,0.758355,0.759086,0.758355,0.565811,0.570983
130_bNAb_Combinations|1313842|sample|9|nan|2946,0.001824,0.929671,2,9,1,0.797424,0.797435,0.796987,0.797433,0.800861,0.797724
130_bNAb_Combinations|1313842|sample|9|nan|2946,0.00912,0.902196,3,9,1,0.83018,0.830194,0.828887,0.830151,0.425634,0.417661
130_bNAb_Combinations|1313842|sample|9|nan|2946,0.0456,0.850118,4,9,1,0.85764,0.857655,0.854435,0.856175,-0.0243222,-0.0340579
130_bNAb_Combinations|1313842|sample|9|nan|2946,0.228,0.545806,5,9,1,0.85764,0.857655,0.809787,0.809255,-1.56844,-1.56629
130_bNAb_Combinations|1313842|sample|9|nan|2946,1.14,0.154396,6,9,1,0.83018,0.830194,0.159052,0.147467,-0.134917,0.215661
130_bNAb_Combinations|1313842|sample|9|nan|2946,5.7,0.0108658,7,9,1,0.797424,0.797435,0.0063702,0.00695487,1.44284,1.20856
130_bNAb_Combinations|1313842|sample|9|nan|2946,28.5,0.000413498,8,9,1,0.758349,0.758355,0.00606722,0.00661402,-1.85154,-1.9585
130_bNAb_Combinations|1313842|vc|1|2|nan|2946,0,0.842836,1,2,1,0.758349,0.758355,0.759086,0.758355,0.530454,0.535592
130_bNAb_Combinations|1313842|vc|2|2|nan|2946,0,0.947647,2,2,1,0.797424,0.797435,0.796988,0.797435,0.909352,0.906155
130_bNAb_Combinations|1313842|vc|3|2|nan|2946,0,0.949806,3,2,1,0.797424,0.797435,0.796988,0.797435,0.922385,0.919181
130_bNAb_Combinations|1313842|vc|4|2|nan|2946,0,0.93376,4,2,1,0.797424,0.797435,0.796988,0.797435,0.825534,0.822383
130_bNAb_Combinations|1313842|vc|5|2|nan|2946,0,0.949576,5,2,1,0.797424,0.797435,0.796988,0.797435,0.920999,0.917795
130_bNAb_Combinations|1313842|vc|6|2|nan|2946,0,0.978843,6,2,1,0.797424,0.797435,0.796988,0.797435,1.09765,1.09435
130_bNAb_Combinations|1313842|vc|7|2|nan|2946,0,0.900864,7,2,1,0.797424,0.797435,0.796988,0.797435,0.626978,0.623937
130_bNAb_Combinations|1313842|vc|8|2|nan|2946,0,0.690864,8,2,1,0.758349,0.758355,0.759086,0.758355,-0.432105,-0.427884
130_bNAb_Combinations|1313860|cc|1|1|PVO.4|5024,0,0.000722109,1,1,0,0,0,0,0,0.399831,0.399831
130_bNAb_Combinations|1313860|cc|2|1|PVO.4|5024,0,0.000902636,2,1,0,0,0,0,0,0.499789,0.499789
130_bNAb_Combinations|1313860|cc|3|1|PVO.4|5024,0,0.0011634,3,1,0,0,0,0,0,0.644172,0.644172
130_bNAb_Combinations|1313860|cc|4|1|PVO.4|5024,0,0.00162474,4,1,0,0,0,0,0,0.89962,0.89962
130_bNAb_Combinations|1313860|cc|5|1|PVO.4|5024,0,0.00138404,5,1,0,0,0,0,0,0.766343,0.766343
130_bNAb_Combinations|1313860|cc|6|1|PVO.4|5024,0,0.0016448,6,1,0,0,0,0,0,0.910727,0.910727
130_bNAb_Combinations|1313860|cc|7|1|PVO.4|5024,0,0.00178521,7,1,0,0,0,0,0,0.988471,0.988471
130_bNAb_Combinations|1313860|cc|8|1|PVO.4|5024,0,0.00148433,8,1,0,0,0,0,0,0.821875,0.821875
130_bNAb_Combinations|1313860|sample|10|PVO.4|5024,0.0003648,0.940566,1,10,1,0.758349,0.80901,0.807123,0.808793,0.795444,0.783884
130_bNAb_Combinations|1313860|sample|10|PVO.4|5024,0.001824,0.927278,2,10,1,0.797424,0.80901,0.805877,0.807529,0.724765,0.71345
130_bNAb_Combinations|1313860|sample|10|PVO.4|5024,0.00912,0.889708,3,10,1,0.83018,0.80901,0.797452,0.798989,0.556525,0.546212
130_bNAb_Combinations|1313860|sample|10|PVO.4|5024,0.0456,0.686274,4,10,1,0.83018,0.80901,0.742661,0.743473,-0.364949,-0.369807
130_bNAb_Combinations|1313860|sample|10|PVO.4|5024,0.228,0.317477,5,10,1,0.83018,0.80901,0.464732,0.462752,-1.51247,-1.4984
130_bNAb_Combinations|1313860|sample|10|PVO.4|5024,1.14,0.0365267,6,10,1,0.83018,0.80901,0.0337042,0.0327972,0.323084,0.436214
130_bNAb_Combinations|1313860|sample|10|PVO.4|5024,5.7,0.000641874,7,10,1,0.797424,0.80901,0.000373243,0.000561997,0.142678,0.0415684
130_bNAb_Combinations|1313860|sample|10|PVO.4|5024,28.5,0.000441289,8,10,1,0.758349,0.80901,0.00036749,0.000556847,0.0392213,-0.06017
130_bNAb_Combinations|1313860|sample|11|PVO.4|5024,0.0003712,0.89049,1,11,1,0.758349,0.80901,0.807327,0.809,0.495602,0.484638
130_bNAb_Combinations|1313860|sample|11|PVO.4|5024,0.001856,0.925934,2,11,1,0.797424,0.80901,0.807204,0.808877,0.707661,0.696262
130_bNAb_Combinations|1313860|sample|11|PVO.4|5024,0.00928,0.859359,3,11,1,0.797424,0.80901,0.805615,0.807286,0.320955,0.31034
130_bNAb_Combinations|1313860|sample|11|PVO.4|5024,0.0464,0.674941,4,11,1,0.797424,0.80901,0.785306,0.786952,-0.675948,-0.684611
130_bNAb_Combinations|1313860|sample|11|PVO.4|5024,0.2319999999999999,0.244805,5,11,1,0.797424,0.80901,0.566594,0.567951,-2.72,-2.72505
130_bNAb_Combinations|1313860|sample|11|PVO.4|5024,1.16,0.0178521,6,11,1,0.797424,0.80901,0.0160889,0.0160864,0.344787,0.345301
130_bNAb_Combinations|1313860|sample|11|PVO.4|5024,5.8,0.00070205,7,11,1,0.797424,0.80901,0.000668154,0.000503713,0.0174414,0.103863
130_bNAb_Combinations|1313860|sample|11|PVO.4|5024,29,0.000160469,8,11,1,0.758349,0.80901,0.000668154,0.000503713,-0.261234,-0.179746
130_bNAb_Combinations|1313860|sample|12|PVO.4|5024,0.0003712,0.939283,1,12,1,0.758349,0.80901,0.807324,0.808998,0.786397,0.774829
130_bNAb_Combinations|1313860|sample|12|PVO.4|5024,0.001856,0.916777,2,12,1,0.758349,0.80901,0.807163,0.808854,0.653363,0.641953
130_bNAb_Combinations|1313860|sample|12|PVO.4|5024,0.00928,0.891313,3,12,1,0.758349,0.80901,0.805081,0.806987,0.515308,0.502741
130_bNAb_Combinations|1313860|sample|12|PVO.4|5024,0.0464,0.651633,4,12,1,0.758349,0.80901,0.778582,0.783177,-0.78416,-0.807828
130_bNAb_Combinations|1313860|sample|12|PVO.4|5024,0.2319999999999999,0.224295,5,12,1,0.758349,0.80901,0.507555,0.534057,-2.6681,-2.77528
130_bNAb_Combinations|1313860|sample|12|PVO.4|5024,1.16,0.00968829,6,12,1,0.758349,0.80901,0.00508549,0.00832181,1.61407,0.388525
130_bNAb_Combinations|1313860|sample|12|PVO.4|5024,5.8,0.000661933,7,12,1,0.758349,0.80901,0.000574243,0.000480702,0.0455744,0.0951405
130_bNAb_Combinations|1313860|sample|12|PVO.4|5024,29,0,8,12,1,0.758349,0.80901,0.000574243,0.000480702,-0.298447,-0.252354
130_bNAb_Combinations|1313860|sample|3|PVO.4|5024,0.000064,0.942953,1,3,1,0.758349,0.80901,0.807337,0.80901,0.808179,0.796576
130_bNAb_Combinations|1313860|sample|3|PVO.4|5024,0.00032,0.869078,2,3,1,0.797424,0.80901,0.807337,0.80901,0.36793,0.357228
130_bNAb_Combinations|1313860|sample|3|PVO.4|5024,0.0016,0.85281,3,3,1,0.83018,0.80901,0.807337,0.80901,0.270987,0.260483
130_bNAb_Combinations|1313860|sample|3|PVO.4|5024,0.008,0.886438,4,3,1,0.83018,0.80901,0.807337,0.80901,0.471388,0.460474
130_bNAb_Combinations|1313860|sample|3|PVO.4|5024,0.04,0.784701,5,3,1,0.83018,0.80901,0.807333,0.809005,-0.134867,-0.14454
130_bNAb_Combinations|1313860|sample|3|PVO.4|5024,0.2,0.757893,6,3,1,0.83018,0.80901,0.805919,0.807519,-0.286698,-0.295671
130_bNAb_Combinations|1313860|sample|3|PVO.4|5024,1,0.495868,7,3,1,0.797424,0.80901,0.498048,0.486659,-0.0209195,0.0903957
130_bNAb_Combinations|1313860|sample|3|PVO.4|5024,5,0.0938942,8,3,1,0.758349,0.80901,0.101742,0.0898367,-0.345313,0.200095
130_bNAb_Combinations|1313860|sample|4|PVO.4|5024,0.000064,0.963754,1,4,1,0.758349,0.80901,0.807337,0.80901,0.932137,0.920281
130_bNAb_Combinations|1313860|sample|4|PVO.4|5024,0.00032,0.848879,2,4,1,0.797424,0.80901,0.807337,0.80901,0.247558,0.237102
130_bNAb_Combinations|1313860|sample|4|PVO.4|5024,0.0016,0.847455,3,4,1,0.83018,0.80901,0.807337,0.80901,0.239071,0.228632
130_bNAb_Combinations|1313860|sample|4|PVO.4|5024,0.008,0.867142,4,4,1,0.85764,0.80901,0.807337,0.80901,0.356395,0.345716
130_bNAb_Combinations|1313860|sample|4|PVO.4|5024,0.04,0.805653,5,4,1,0.85764,0.80901,0.807333,0.809005,-0.0100128,-0.0199406
130_bNAb_Combinations|1313860|sample|4|PVO.4|5024,0.2,0.707095,6,4,1,0.83018,0.80901,0.805964,0.807564,-0.590185,-0.598562
130_bNAb_Combinations|1313860|sample|4|PVO.4|5024,1,0.503972,7,4,1,0.797424,0.80901,0.504992,0.494324,-0.00965543,0.0932603
130_bNAb_Combinations|1313860|sample|4|PVO.4|5024,5,0.0983672,8,4,1,0.758349,0.80901,0.0977888,0.0941315,0.0263993,0.20017
130_bNAb_Combinations|1313860|sample|5|PVO.4|5024,0.0006144,0.899286,1,5,1,0.758349,0.80901,0.807337,0.80901,0.547951,0.53688
130_bNAb_Combinations|1313860|sample|5|PVO.4|5024,0.003072,0.907339,2,5,1,0.797424,0.80901,0.807337,0.80901,0.595944,0.584775
130_bNAb_Combinations|1313860|sample|5|PVO.4|5024,0.01536,0.855779,3,5,1,0.83018,0.80901,0.807337,0.80901,0.288679,0.278138
130_bNAb_Combinations|1313860|sample|5|PVO.4|5024,0.0768,0.837576,4,5,1,0.85764,0.80901,0.807333,0.809007,0.180225,0.169904
130_bNAb_Combinations|1313860|sample|5|PVO.4|5024,0.384,0.66436,5,5,1,0.85764,0.80901,0.806141,0.80793,-0.846158,-0.85496
130_bNAb_Combinations|1313860|sample|5|PVO.4|5024,1.92,0.280479,6,5,1,0.83018,0.80901,0.577543,0.598812,-2.46412,-2.54811
130_bNAb_Combinations|1313860|sample|5|PVO.4|5024,9.6,0.0437879,7,5,1,0.797424,0.80901,0.0298458,0.0396895,1.75533,0.411207
130_bNAb_Combinations|1313860|sample|5|PVO.4|5024,48,0.00302884,8,5,1,0.758349,0.80901,0.00481787,0.00301147,-0.639705,0.00716601
130_bNAb_Combinations|1313860|sample|6|PVO.4|5024,0.0006144,0.902947,1,6,1,0.758349,0.80901,0.807337,0.80901,0.569766,0.55865
130_bNAb_Combinations|1313860|sample|6|PVO.4|5024,0.003072,1,2,6,1,0.797424,0.80901,0.807337,0.80901,1.14814,1.13584
130_bNAb_Combinations|1313860|sample|6|PVO.4|5024,0.01536,0.888003,3,6,1,0.83018,0.80901,0.807337,0.80901,0.480712,0.469779
130_bNAb_Combinations|1313860|sample|6|PVO.4|5024,0.0768,0.842731,4,6,1,0.85764,0.80901,0.807333,0.809006,0.210947,0.200565
130_bNAb_Combinations|1313860|sample|6|PVO.4|5024,0.384,0.660529,5,6,1,0.85764,0.80901,0.806094,0.807782,-0.86879,-0.877051
130_bNAb_Combinations|1313860|sample|6|PVO.4|5024,1.92,0.278232,6,6,1,0.83018,0.80901,0.569757,0.574561,-2.45071,-2.47058
130_bNAb_Combinations|1313860|sample|6|PVO.4|5024,9.6,0.029446,7,6,1,0.797424,0.80901,0.0232986,0.0265288,0.931906,0.401771
130_bNAb_Combinations|1313860|sample|6|PVO.4|5024,48,0.00204597,8,6,1,0.758349,0.80901,0.000921632,0.00205535,0.56343,-0.00420891
130_bNAb_Combinations|1313860|sample|7|PVO.4|5024,0.0000768,0.964978,1,7,1,0.758349,0.80901,0.807306,0.808978,0.939655,0.927788
130_bNAb_Combinations|1313860|sample|7|PVO.4|5024,0.000384,0.899587,2,7,1,0.797424,0.80901,0.807121,0.808789,0.551181,0.540135
130_bNAb_Combinations|1313860|sample|7|PVO.4|5024,0.00192,0.93161,3,7,1,0.83018,0.80901,0.805864,0.807501,0.750715,0.739455
130_bNAb_Combinations|1313860|sample|7|PVO.4|5024,0.0096,0.845689,4,7,1,0.85764,0.80901,0.79737,0.798802,0.291511,0.282371
130_bNAb_Combinations|1313860|sample|7|PVO.4|5024,0.048,0.647902,5,7,1,0.85764,0.80901,0.742162,0.742314,-0.61048,-0.611337
130_bNAb_Combinations|1313860|sample|7|PVO.4|5024,0.24,0.298712,6,7,1,0.83018,0.80901,0.463139,0.458515,-1.69454,-1.66319
130_bNAb_Combinations|1313860|sample|7|PVO.4|5024,1.2,0.0363862,7,7,1,0.797424,0.80901,0.0340937,0.032465,0.260036,0.462347
130_bNAb_Combinations|1313860|sample|7|PVO.4|5024,6,0.00108316,8,7,1,0.758349,0.80901,0.000545524,0.00114472,0.280283,-0.0301521
130_bNAb_Combinations|1313860|sample|8|PVO.4|5024,0.0000768,0.950786,1,8,1,0.758349,0.80901,0.807305,0.808978,0.855086,0.843388
130_bNAb_Combinations|1313860|sample|8|PVO.4|5024,0.000384,0.92461,2,8,1,0.797424,0.80901,0.807115,0.808787,0.700379,0.689002
130_bNAb_Combinations|1313860|sample|8|PVO.4|5024,0.00192,0.843312,3,8,1,0.83018,0.80901,0.805826,0.807491,0.223806,0.213434
130_bNAb_Combinations|1313860|sample|8|PVO.4|5024,0.0096,0.847094,4,8,1,0.85764,0.80901,0.797115,0.798728,0.301617,0.291297
130_bNAb_Combinations|1313860|sample|8|PVO.4|5024,0.048,0.634433,5,8,1,0.85764,0.80901,0.740555,0.741851,-0.688778,-0.695985
130_bNAb_Combinations|1313860|sample|8|PVO.4|5024,0.24,0.29454,6,8,1,0.83018,0.80901,0.456557,0.456635,-1.69333,-1.69386
130_bNAb_Combinations|1313860|sample|8|PVO.4|5024,1.2,0.0356641,7,8,1,0.797424,0.80901,0.0314488,0.0317642,0.509572,0.467773
130_bNAb_Combinations|1313860|sample|8|PVO.4|5024,6,0.00112328,8,8,1,0.758349,0.80901,0.000536611,0.00117921,0.306136,-0.0273029
130_bNAb_Combinations|1313860|sample|9|PVO.4|5024,0.0003648,0.996159,1,9,1,0.758349,0.80901,0.807129,0.808789,1.12678,1.11462
130_bNAb_Combinations|1313860|sample|9|PVO.4|5024,0.001824,0.900911,2,9,1,0.797424,0.80901,0.80592,0.807503,0.567065,0.556533
130_bNAb_Combinations|1313860|sample|9|PVO.4|5024,0.00912,0.872167,3,9,1,0.83018,0.80901,0.797744,0.798811,0.448785,0.441765
130_bNAb_Combinations|1313860|sample|9|PVO.4|5024,0.0456,0.672464,4,9,1,0.85764,0.80901,0.744506,0.742354,-0.465136,-0.452531
130_bNAb_Combinations|1313860|sample|9|PVO.4|5024,0.228,0.315531,5,9,1,0.85764,0.80901,0.472408,0.458191,-1.58559,-1.48579
130_bNAb_Combinations|1313860|sample|9|PVO.4|5024,1.14,0.0348417,6,9,1,0.83018,0.80901,0.0368811,0.0312091,-0.217207,0.44177
130_bNAb_Combinations|1313860|sample|9|PVO.4|5024,5.7,0.0010631,7,9,1,0.797424,0.80901,0.000208307,0.000815447,0.462336,0.125479
130_bNAb_Combinations|1313860|sample|9|PVO.4|5024,28.5,0.000762226,8,9,1,0.758349,0.80901,0.000200103,0.000811304,0.304315,-0.0248768
130_bNAb_Combinations|1313860|vc|1|2|PVO.4|5024,0,0.954858,1,2,1,0.758349,0.80901,0.807337,0.80901,0.879123,0.867375
130_bNAb_Combinations|1313860|vc|2|2|PVO.4|5024,0,0.902094,2,2,1,0.797424,0.80901,0.807337,0.80901,0.564686,0.553581
130_bNAb_Combinations|1313860|vc|3|2|PVO.4|5024,0,0.86299,3,2,1,0.797424,0.80901,0.807337,0.80901,0.331651,0.321023
130_bNAb_Combinations|1313860|vc|4|2|PVO.4|5024,0,0.843613,4,2,1,0.797424,0.80901,0.807337,0.80901,0.21618,0.205788
130_bNAb_Combinations|1313860|vc|5|2|PVO.4|5024,0,0.869359,5,2,1,0.797424,0.80901,0.807337,0.80901,0.369604,0.358898
130_bNAb_Combinations|1313860|vc|6|2|PVO.4|5024,0,0.81162,6,2,1,0.797424,0.80901,0.807337,0.80901,0.0255214,0.0155194
130_bNAb_Combinations|1313860|vc|7|2|PVO.4|5024,0,0.761714,7,2,1,0.797424,0.80901,0.807337,0.80901,-0.271883,-0.281276
130_bNAb_Combinations|1313860|vc|8|2|PVO.4|5024,0,0.747362,8,2,1,0.758349,0.80901,0.807337,0.80901,-0.35741,-0.366629
130_bNAb_Combinations|1313884|cc|1|1|nan|4168,0,0.000363452,1,1,0,0,0,0,0,0.201243,0.201243
130_bNAb_Combinations|1313884|cc|2|1|nan|4168,0,0.000879936,2,1,0,0,0,0,0,0.48722,0.48722
130_bNAb_Combinations|1313884|cc|3|1|nan|4168,0,0.000248678,3,1,0,0,0,0,0,0.137693,0.137693
130_bNAb_Combinations|1313884|cc|4|1|nan|4168,0,5.73872e-05,4,1,0,0,0,0,0,0.0317752,0.0317752
130_bNAb_Combinations|1313884|cc|5|1|nan|4168,0,0,5,1,0,0,0,0,0,0,0
130_bNAb_Combinations|1313884|cc|6|1|nan|4168,0,0.000325194,6,1,0,0,0,0,0,0.18006,0.18006
130_bNAb_Combinations|1313884|cc|7|1|nan|4168,0,0.000554743,7,1,0,0,0,0,0,0.307161,0.307161
130_bNAb_Combinations|1313884|cc|8|1|nan|4168,0,0.000248678,8,1,0,0,0,0,0,0.137693,0.137693
130_bNAb_Combinations|1313884|sample|10|nan|4168,0.0003648,0.774009,1,10,1,0.758349,0.758349,0.752988,0.747575,0.134209,0.169979
130_bNAb_Combinations|1313884|sample|10|nan|4168,0.001824,0.732346,2,10,1,0.797424,0.797424,0.776077,0.760713,-0.270983,-0.179288
130_bNAb_Combinations|1313884|sample|10|nan|4168,0.00912,0.69975,3,10,1,0.83018,0.830181,0.759753,0.711848,-0.379712,-0.0816468
130_bNAb_Combinations|1313884|sample|10|nan|4168,0.0456,0.452067,4,10,1,0.83018,0.830181,0.626495,0.511029,-1.33537,-0.551665
130_bNAb_Combinations|1313884|sample|10|nan|4168,0.228,0.221036,5,10,1,0.83018,0.830181,0.357605,0.219383,-1.81284,0.0352306
130_bNAb_Combinations|1313884|sample|10|nan|4168,1.14,0.135271,6,10,1,0.83018,0.830181,0.115889,0.0989949,0.756083,1.63697
130_bNAb_Combinations|1313884|sample|10|nan|4168,5.7,0.0867311,7,10,1,0.797424,0.797424,0.0625594,0.0901226,1.64781,-0.16677
130_bNAb_Combinations|1313884|sample|10|nan|4168,28.5,0.0454124,8,10,1,0.758349,0.758349,0.0581511,0.0856992,-0.925606,-2.07377
130_bNAb_Combinations|1313884|sample|11|nan|4168,0.0003712,0.771905,1,11,1,0.758349,0.758349,0.759041,0.758306,0.0814807,0.0862216
130_bNAb_Combinations|1313884|sample|11|nan|4168,0.001856,0.762522,2,11,1,0.797424,0.797424,0.796616,0.797018,-0.205881,-0.208202
130_bNAb_Combinations|1313884|sample|11|nan|4168,0.00928,0.738841,3,11,1,0.797424,0.797424,0.793768,0.793814,-0.332864,-0.333126
130_bNAb_Combinations|1313884|sample|11|nan|4168,0.0464,0.560166,4,11,1,0.797424,0.797424,0.768931,0.765943,-1.30554,-1.29181
130_bNAb_Combinations|1313884|sample|11|nan|4168,0.2319999999999999,0.294645,5,11,1,0.797424,0.797424,0.583612,0.561813,-2.3724,-2.27723
130_bNAb_Combinations|1313884|sample|11|nan|4168,1.16,0.069228,6,11,1,0.797424,0.797424,0.0817026,0.0630861,-0.670492,0.415632
130_bNAb_Combinations|1313884|sample|11|nan|4168,5.8,0.0138494,7,11,1,0.797424,0.797424,0.0097852,0.00940804,1.0645,1.1874
130_bNAb_Combinations|1313884|sample|11|nan|4168,29,0.00181726,8,11,1,0.758349,0.758349,0.00929898,0.00894113,-2.01229,-1.95472
130_bNAb_Combinations|1313884|sample|12|nan|4168,0.0003712,0.813233,1,12,1,0.758349,0.758349,0.759033,0.758303,0.343319,0.348271
130_bNAb_Combinations|1313884|sample|12|nan|4168,0.001856,0.742858,2,12,1,0.758349,0.758349,0.75866,0.757939,-0.100143,-0.0956644
130_bNAb_Combinations|1313884|sample|12|nan|4168,0.00928,0.718258,3,12,1,0.758349,0.758349,0.755348,0.754704,-0.236073,-0.232169
130_bNAb_Combinations|1313884|sample|12|nan|4168,0.0464,0.538636,4,12,1,0.758349,0.758349,0.726583,0.726593,-1.24303,-1.24308
130_bNAb_Combinations|1313884|sample|12|nan|4168,0.2319999999999999,0.244077,5,12,1,0.758349,0.758349,0.518791,0.522696,-2.53249,-2.54962
130_bNAb_Combinations|1313884|sample|12|nan|4168,1.16,0.0551873,6,12,1,0.758349,0.758349,0.0477809,0.0501239,0.636815,0.418045
130_bNAb_Combinations|1313884|sample|12|nan|4168,5.8,0.00767075,7,12,1,0.758349,0.758349,0.00693183,0.00631989,0.228676,0.434993
130_bNAb_Combinations|1313884|sample|12|nan|4168,29,0.00585349,8,12,1,0.758349,0.758349,0.00692969,0.0063169,-0.333098,-0.149253
130_bNAb_Combinations|1313884|sample|3|nan|4168,0.000064,0.896254,1,3,1,0.758349,0.758349,0.75908,0.758349,0.868834,0.874294
130_bNAb_Combinations|1313884|sample|3|nan|4168,0.00032,0.883198,2,3,1,0.797424,0.797424,0.796978,0.797424,0.520421,0.517438
130_bNAb_Combinations|1313884|sample|3|nan|4168,0.0016,0.945425,3,3,1,0.83018,0.830181,0.828914,0.830181,0.676443,0.668077
130_bNAb_Combinations|1313884|sample|3|nan|4168,0.008,0.973478,4,3,1,0.83018,0.830181,0.828914,0.830181,0.839312,0.8307
130_bNAb_Combinations|1313884|sample|3|nan|4168,0.04,0.977246,5,3,1,0.83018,0.830181,0.828914,0.830181,0.861192,0.852546
130_bNAb_Combinations|1313884|sample|3|nan|4168,0.2,0.815472,6,3,1,0.83018,0.830181,0.828778,0.8301,-0.0772684,-0.0848087
130_bNAb_Combinations|1313884|sample|3|nan|4168,1,0.719559,7,3,1,0.797424,0.797424,0.66844,0.716265,0.367111,0.0220894
130_bNAb_Combinations|1313884|sample|3|nan|4168,5,0.315142,8,3,1,0.758349,0.758349,0.294005,0.301871,0.339506,0.207767
130_bNAb_Combinations|1313884|sample|4|nan|4168,0.000064,0.855298,1,4,1,0.758349,0.758349,0.75908,0.758349,0.60943,0.614643
130_bNAb_Combinations|1313884|sample|4|nan|4168,0.00032,0.910725,2,4,1,0.797424,0.797424,0.796978,0.797424,0.68657,0.683495
130_bNAb_Combinations|1313884|sample|4|nan|4168,0.0016,0.951039,3,4,1,0.83018,0.830181,0.828914,0.830181,0.709039,0.700624
130_bNAb_Combinations|1313884|sample|4|nan|4168,0.008,1,4,4,1,0.85764,0.85764,0.855826,0.85764,0.810993,0.799111
130_bNAb_Combinations|1313884|sample|4|nan|4168,0.04,0.93895,5,4,1,0.85764,0.85764,0.855826,0.85764,0.467579,0.456416
130_bNAb_Combinations|1313884|sample|4|nan|4168,0.2,0.839584,6,4,1,0.83018,0.830181,0.82878,0.83012,0.0627336,0.0548671
130_bNAb_Combinations|1313884|sample|4|nan|4168,1,0.743183,7,4,1,0.797424,0.797424,0.671292,0.735206,0.514121,0.0521438
130_bNAb_Combinations|1313884|sample|4|nan|4168,5,0.341148,8,4,1,0.758349,0.758349,0.324102,0.327041,0.249045,0.204298
130_bNAb_Combinations|1313884|sample|5|nan|4168,0.0006144,0.922661,1,5,1,0.758349,0.758349,0.75908,0.758349,1.0361,1.04171
130_bNAb_Combinations|1313884|sample|5|nan|4168,0.003072,0.913852,2,5,1,0.797424,0.797424,0.796978,0.797424,0.705448,0.702363
130_bNAb_Combinations|1313884|sample|5|nan|4168,0.01536,0.961512,3,5,1,0.83018,0.830181,0.828914,0.830181,0.769844,0.761337
130_bNAb_Combinations|1313884|sample|5|nan|4168,0.0768,0.95651,4,5,1,0.85764,0.85764,0.855826,0.85764,0.566359,0.554989
130_bNAb_Combinations|1313884|sample|5|nan|4168,0.384,0.877392,5,5,1,0.85764,0.85764,0.855724,0.857535,0.121901,0.111479
130_bNAb_Combinations|1313884|sample|5|nan|4168,1.92,0.606372,6,5,1,0.83018,0.830181,0.743996,0.743177,-0.889156,-0.884829
130_bNAb_Combinations|1313884|sample|5|nan|4168,9.6,0.20403,7,5,1,0.797424,0.797424,0.18498,0.182486,0.478176,0.547827
130_bNAb_Combinations|1313884|sample|5|nan|4168,48,0.0395206,8,5,1,0.758349,0.758349,0.0397457,0.039577,-0.0225587,-0.00567032
130_bNAb_Combinations|1313884|sample|6|nan|4168,0.0006144,0.914177,1,6,1,0.758349,0.758349,0.75908,0.758349,0.982361,0.987929
130_bNAb_Combinations|1313884|sample|6|nan|4168,0.003072,0.90533,2,6,1,0.797424,0.797424,0.796978,0.797424,0.65401,0.650953
130_bNAb_Combinations|1313884|sample|6|nan|4168,0.01536,0.984926,3,6,1,0.83018,0.830181,0.828914,0.830181,0.905782,0.897069
130_bNAb_Combinations|1313884|sample|6|nan|4168,0.0768,0.925091,4,6,1,0.85764,0.85764,0.855826,0.85764,0.389621,0.378621
130_bNAb_Combinations|1313884|sample|6|nan|4168,0.384,0.830947,5,6,1,0.85764,0.85764,0.855724,0.857539,-0.139392,-0.149287
130_bNAb_Combinations|1313884|sample|6|nan|4168,1.92,0.605607,6,6,1,0.83018,0.830181,0.744346,0.746193,-0.895941,-0.905651
130_bNAb_Combinations|1313884|sample|6|nan|4168,9.6,0.219678,7,6,1,0.797424,0.797424,0.18509,0.19196,0.867677,0.671552
130_bNAb_Combinations|1313884|sample|6|nan|4168,48,0.0417587,8,6,1,0.758349,0.758349,0.038278,0.0427337,0.359713,-0.0920433
130_bNAb_Combinations|1313884|sample|7|nan|4168,0.0000768,0.836418,1,7,1,0.758349,0.758349,0.756153,0.755639,0.510331,0.513942
130_bNAb_Combinations|1313884|sample|7|nan|4168,0.000384,0.922776,2,7,1,0.797424,0.797424,0.786875,0.788051,0.830702,0.822299
130_bNAb_Combinations|1313884|sample|7|nan|4168,0.00192,0.897153,3,7,1,0.83018,0.830181,0.794848,0.798485,0.619144,0.59444
130_bNAb_Combinations|1313884|sample|7|nan|4168,0.0096,0.78389,4,7,1,0.85764,0.85764,0.746715,0.755462,0.239314,0.180908
130_bNAb_Combinations|1313884|sample|7|nan|4168,0.048,0.503936,5,7,1,0.85764,0.85764,0.559814,0.575562,-0.477958,-0.596147
130_bNAb_Combinations|1313884|sample|7|nan|4168,0.24,0.280795,6,7,1,0.83018,0.830181,0.272693,0.279032,0.140004,0.0297928
130_bNAb_Combinations|1313884|sample|7|nan|4168,1.2,0.161478,7,7,1,0.797424,0.797424,0.148258,0.129884,0.409431,1.10809
130_bNAb_Combinations|1313884|sample|7|nan|4168,6,0.0913986,8,7,1,0.758349,0.758349,0.135778,0.114317,-1.49307,-0.905481
130_bNAb_Combinations|1313884|sample|8|nan|4168,0.0000768,0.913412,1,8,1,0.758349,0.758349,0.755617,0.755481,1.00398,1.00502
130_bNAb_Combinations|1313884|sample|8|nan|4168,0.000384,0.818351,2,8,1,0.797424,0.797424,0.785036,0.787508,0.204109,0.188376
130_bNAb_Combinations|1313884|sample|8|nan|4168,0.00192,0.894723,3,8,1,0.83018,0.830181,0.788757,0.796673,0.646201,0.592051
130_bNAb_Combinations|1313884|sample|8|nan|4168,0.0096,0.810594,4,8,1,0.85764,0.85764,0.728339,0.749871,0.542715,0.389277
130_bNAb_Combinations|1313884|sample|8|nan|4168,0.048,0.521984,5,8,1,0.85764,0.85764,0.518801,0.562176,0.0293395,-0.342365
130_bNAb_Combinations|1313884|sample|8|nan|4168,0.24,0.263512,6,8,1,0.83018,0.830181,0.230141,0.261968,0.679298,0.0277359
130_bNAb_Combinations|1313884|sample|8|nan|4168,1.2,0.145199,7,8,1,0.797424,0.797424,0.130325,0.120182,0.520015,0.943452
130_bNAb_Combinations|1313884|sample|8|nan|4168,6,0.0915325,8,8,1,0.758349,0.758349,0.121486,0.106618,-1.1183,-0.635784
130_bNAb_Combinations|1313884|sample|9|nan|4168,0.0003648,0.835442,1,9,1,0.758349,0.758349,0.750439,0.752429,0.544523,0.53039
130_bNAb_Combinations|1313884|sample|9|nan|4168,0.001824,0.770136,2,9,1,0.797424,0.797424,0.767471,0.777075,0.016695,-0.0429488
130_bNAb_Combinations|1313884|sample|9|nan|4168,0.00912,0.72326,3,9,1,0.83018,0.830181,0.732751,0.762745,-0.0622494,-0.248903
130_bNAb_Combinations|1313884|sample|9|nan|4168,0.0456,0.460312,4,9,1,0.85764,0.85764,0.578355,0.653401,-0.977803,-1.41817
130_bNAb_Combinations|1313884|sample|9|nan|4168,0.228,0.270179,5,9,1,0.85764,0.85764,0.279835,0.379989,-0.162715,-1.37372
130_bNAb_Combinations|1313884|sample|9|nan|4168,1.14,0.154668,6,9,1,0.83018,0.830181,0.104949,0.125755,2.12615,1.04521
130_bNAb_Combinations|1313884|sample|9|nan|4168,5.7,0.0824654,7,9,1,0.797424,0.797424,0.0873489,0.0700906,-0.247066,0.763049
130_bNAb_Combinations|1313884|sample|9|nan|4168,28.5,0.0480713,8,9,1,0.758349,0.758349,0.0831212,0.0650653,-1.85481,-1.11919
130_bNAb_Combinations|1313884|vc|1|2|nan|4168,0,0.9016,1,2,1,0.758349,0.758349,0.75908,0.758349,0.902698,0.90819
130_bNAb_Combinations|1313884|vc|2|2|nan|4168,0,0.943493,2,2,1,0.797424,0.797424,0.796978,0.797424,0.884356,0.881172
130_bNAb_Combinations|1313884|vc|3|2|nan|4168,0,0.895508,3,2,1,0.797424,0.797424,0.796978,0.797424,0.59472,0.591696
130_bNAb_Combinations|1313884|vc|4|2|nan|4168,0,0.872534,4,2,1,0.797424,0.797424,0.796978,0.797424,0.456051,0.453104
130_bNAb_Combinations|1313884|vc|5|2|nan|4168,0,0.872572,5,2,1,0.797424,0.797424,0.796978,0.797424,0.456282,0.453334
130_bNAb_Combinations|1313884|vc|6|2|nan|4168,0,0.86009,6,2,1,0.797424,0.797424,0.796978,0.797424,0.380943,0.378037
130_bNAb_Combinations|1313884|vc|7|2|nan|4168,0,0.851932,7,2,1,0.797424,0.797424,0.796978,0.797424,0.331698,0.32882
130_bNAb_Combinations|1313884|vc|8|2|nan|4168,0,0.811301,8,2,1,0.758349,0.758349,0.75908,0.758349,0.330761,0.335709
130_bNAb_Combinations|1313920|cc|1|1|nan|1798,0,0.00106207,1,1,0,0,0,0,0,0.588065,0.588065
130_bNAb_Combinations|1313920|cc|2|1|nan|1798,0,0.00146853,2,1,0,0,0,0,0,0.813127,0.813127
130_bNAb_Combinations|1313920|cc|3|1|nan|1798,0,0.00173077,3,1,0,0,0,0,0,0.958328,0.958328
130_bNAb_Combinations|1313920|cc|4|1|nan|1798,0,0.00124563,4,1,0,0,0,0,0,0.689706,0.689706
130_bNAb_Combinations|1313920|cc|5|1|nan|1798,0,0.0014292,5,1,0,0,0,0,0,0.791347,0.791347
130_bNAb_Combinations|1313920|cc|6|1|nan|1798,0,0.0014292,6,1,0,0,0,0,0,0.791347,0.791347
130_bNAb_Combinations|1313920|cc|7|1|nan|1798,0,0.0012063,7,1,0,0,0,0,0,0.667926,0.667926
130_bNAb_Combinations|1313920|cc|8|1|nan|1798,0,0.00215035,8,1,0,0,0,0,0,1.19065,1.19065
130_bNAb_Combinations|1313920|sample|10|nan|1798,0.0003648,0.782696,1,10,1,0.758349,0.758349,0.745229,0.744073,0.241672,0.249507
130_bNAb_Combinations|1313920|sample|10|nan|1798,0.001824,0.776855,2,10,1,0.797424,0.797424,0.748982,0.747916,0.178897,0.185999
130_bNAb_Combinations|1313920|sample|10|nan|1798,0.00912,0.694879,3,10,1,0.83018,0.83018,0.672804,0.669363,0.157515,0.182997
130_bNAb_Combinations|1313920|sample|10|nan|1798,0.0456,0.420198,4,10,1,0.83018,0.83018,0.414983,0.406599,0.0598436,0.159221
130_bNAb_Combinations|1313920|sample|10|nan|1798,0.228,0.0873778,5,10,1,0.83018,0.83018,0.0916663,0.0858183,-0.207639,0.0801734
130_bNAb_Combinations|1313920|sample|10|nan|1798,1.14,0.00264861,6,10,1,0.83018,0.83018,0.00179105,0.00180513,0.394408,0.387417
130_bNAb_Combinations|1313920|sample|10|nan|1798,5.7,0.000629372,7,10,1,0.797424,0.797424,0.000275692,0.000548839,0.189873,0.0419688
130_bNAb_Combinations|1313920|sample|10|nan|1798,28.5,7.86715e-05,8,10,1,0.758349,0.758349,0.000262291,0.000521761,-0.098722,-0.231582
130_bNAb_Combinations|1313920|sample|11|nan|1798,0.0003712,0.869963,1,11,1,0.758349,0.758349,0.75908,0.758349,0.702314,0.707615
130_bNAb_Combinations|1313920|sample|11|nan|1798,0.001856,0.691286,2,11,1,0.797424,0.797424,0.796977,0.797424,-0.637943,-0.640284
130_bNAb_Combinations|1313920|sample|11|nan|1798,0.00928,0.783024,3,11,1,0.797424,0.797424,0.796974,0.797421,-0.0842045,-0.0868504
130_bNAb_Combinations|1313920|sample|11|nan|1798,0.0464,0.669481,4,11,1,0.797424,0.797424,0.796751,0.79717,-0.768405,-0.770537
130_bNAb_Combinations|1313920|sample|11|nan|1798,0.2319999999999999,0.434162,5,11,1,0.797424,0.797424,0.778515,0.776793,-2.12724,-2.12124
130_bNAb_Combinations|1313920|sample|11|nan|1798,1.16,0.115116,6,11,1,0.797424,0.797424,0.135531,0.110942,-0.687993,0.169559
130_bNAb_Combinations|1313920|sample|11|nan|1798,5.8,0.00319931,7,11,1,0.797424,0.797424,0.000629196,0.00184864,1.32795,0.617832
130_bNAb_Combinations|1313920|sample|11|nan|1798,29,0.000760491,8,11,1,0.758349,0.758349,0.000599277,0.00175806,0.083563,-0.460235
130_bNAb_Combinations|1313920|sample|12|nan|1798,0.0003712,0.815542,1,12,1,0.758349,0.758349,0.75908,0.758349,0.35762,0.362593
130_bNAb_Combinations|1313920|sample|12|nan|1798,0.001856,0.74085,2,12,1,0.758349,0.758349,0.75908,0.758349,-0.115467,-0.110944
130_bNAb_Combinations|1313920|sample|12|nan|1798,0.00928,0.723103,3,12,1,0.758349,0.758349,0.759077,0.758346,-0.227857,-0.223441
130_bNAb_Combinations|1313920|sample|12|nan|1798,0.0464,0.623072,4,12,1,0.758349,0.758349,0.758851,0.758112,-0.860261,-0.8564
130_bNAb_Combinations|1313920|sample|12|nan|1798,0.2319999999999999,0.462477,5,12,1,0.758349,0.758349,0.740481,0.739038,-1.80454,-1.79864
130_bNAb_Combinations|1313920|sample|12|nan|1798,1.16,0.11273,6,12,1,0.758349,0.758349,0.11643,0.108636,-0.143742,0.169565
130_bNAb_Combinations|1313920|sample|12|nan|1798,5.8,0.00295018,7,12,1,0.758349,0.758349,0.00060113,0.00140483,1.21736,0.737676
130_bNAb_Combinations|1313920|sample|12|nan|1798,29,0,8,12,1,0.758349,0.758349,0.00060113,0.00140483,-0.311525,-0.670602
130_bNAb_Combinations|1313920|sample|3|nan|1798,0.000064,0.927104,1,3,1,0.758349,0.758349,0.75908,0.758349,1.06424,1.06989
130_bNAb_Combinations|1313920|sample|3|nan|1798,0.00032,0.90564,2,3,1,0.797424,0.797424,0.796977,0.797424,0.655884,0.652826
130_bNAb_Combinations|1313920|sample|3|nan|1798,0.0016,0.884681,3,3,1,0.83018,0.83018,0.828907,0.830176,0.323812,0.315968
130_bNAb_Combinations|1313920|sample|3|nan|1798,0.008,0.948877,4,3,1,0.83018,0.83018,0.828769,0.830076,0.697447,0.68878
130_bNAb_Combinations|1313920|sample|3|nan|1798,0.04,0.855769,5,3,1,0.83018,0.83018,0.825366,0.827621,0.177266,0.163673
130_bNAb_Combinations|1313920|sample|3|nan|1798,0.2,0.458209,6,3,1,0.83018,0.83018,0.747262,0.770198,-1.85943,-1.94788
130_bNAb_Combinations|1313920|sample|3|nan|1798,1,0.22622,7,3,1,0.797424,0.797424,0.18119,0.215401,1.15281,0.234716
130_bNAb_Combinations|1313920|sample|3|nan|1798,5,0.122223,8,3,1,0.758349,0.758349,0.136713,0.117249,-0.484352,0.191931
130_bNAb_Combinations|1313920|sample|4|nan|1798,0.000064,0.895872,1,4,1,0.758349,0.758349,0.75908,0.758349,0.866419,0.871876
130_bNAb_Combinations|1313920|sample|4|nan|1798,0.00032,0.93585,2,4,1,0.797424,0.797424,0.796977,0.797424,0.838229,0.835069
130_bNAb_Combinations|1313920|sample|4|nan|1798,0.0016,0.876977,3,4,1,0.83018,0.83018,0.828905,0.830176,0.279102,0.271313
130_bNAb_Combinations|1313920|sample|4|nan|1798,0.008,0.971855,4,4,1,0.85764,0.85764,0.855619,0.857527,0.653999,0.641844
130_bNAb_Combinations|1313920|sample|4|nan|1798,0.04,0.784276,5,4,1,0.85764,0.85764,0.850761,0.854877,-0.376188,-0.397572
130_bNAb_Combinations|1313920|sample|4|nan|1798,0.2,0.443294,6,4,1,0.83018,0.83018,0.719152,0.76761,-1.84307,-2.03159
130_bNAb_Combinations|1313920|sample|4|nan|1798,1,0.218818,7,4,1,0.797424,0.797424,0.192076,0.208275,0.647534,0.236244
130_bNAb_Combinations|1313920|sample|4|nan|1798,5,0.123534,8,4,1,0.758349,0.758349,0.174211,0.118516,-1.34687,0.191704
130_bNAb_Combinations|1313920|sample|5|nan|1798,0.0006144,0.907764,1,5,1,0.758349,0.758349,0.759078,0.758347,0.941755,0.947285
130_bNAb_Combinations|1313920|sample|5|nan|1798,0.003072,0.859919,2,5,1,0.797424,0.797424,0.79694,0.797383,0.380154,0.377271
130_bNAb_Combinations|1313920|sample|5|nan|1798,0.01536,0.783712,3,5,1,0.83018,0.83018,0.827964,0.829142,-0.257209,-0.263683
130_bNAb_Combinations|1313920|sample|5|nan|1798,0.0768,0.672202,4,5,1,0.85764,0.85764,0.832152,0.831762,-0.925066,-0.923236
130_bNAb_Combinations|1313920|sample|5|nan|1798,0.384,0.368891,5,5,1,0.85764,0.85764,0.458032,0.435557,-0.928717,-0.729698
130_bNAb_Combinations|1313920|sample|5|nan|1798,1.92,0.184222,6,5,1,0.83018,0.83018,0.138857,0.136757,1.4944,1.58614
130_bNAb_Combinations|1313920|sample|5|nan|1798,9.6,0.127972,7,5,1,0.797424,0.797424,0.133507,0.131361,-0.189183,-0.117605
130_bNAb_Combinations|1313920|sample|5|nan|1798,48,0.0587283,8,5,1,0.758349,0.758349,0.127159,0.124924,-2.44819,-2.40783
130_bNAb_Combinations|1313920|sample|6|nan|1798,0.0006144,0.830286,1,6,1,0.758349,0.758349,0.759078,0.758347,0.451021,0.456084
130_bNAb_Combinations|1313920|sample|6|nan|1798,0.003072,0.853841,2,6,1,0.797424,0.797424,0.79693,0.797374,0.343532,0.340664
130_bNAb_Combinations|1313920|sample|6|nan|1798,0.01536,0.751916,3,6,1,0.83018,0.83018,0.827715,0.828916,-0.440708,-0.447045
130_bNAb_Combinations|1313920|sample|6|nan|1798,0.0768,0.612799,4,6,1,0.85764,0.85764,0.826071,0.826237,-1.24244,-1.24316
130_bNAb_Combinations|1313920|sample|6|nan|1798,0.384,0.297509,5,6,1,0.85764,0.85764,0.396273,0.38056,-1.18585,-1.03744
130_bNAb_Combinations|1313920|sample|6|nan|1798,1.92,0.174251,6,6,1,0.83018,0.83018,0.135148,0.126378,1.32132,1.72259
130_bNAb_Combinations|1313920|sample|6|nan|1798,9.6,0.113582,7,6,1,0.797424,0.797424,0.129941,0.121392,-0.573519,-0.291786
130_bNAb_Combinations|1313920|sample|6|nan|1798,48,0.057994,8,6,1,0.758349,0.758349,0.123762,0.115443,-2.41323,-2.24916
130_bNAb_Combinations|1313920|sample|7|nan|1798,0.0000768,0.81364,1,7,1,0.758349,0.758349,0.755459,0.754647,0.370256,0.375821
130_bNAb_Combinations|1313920|sample|7|nan|1798,0.000384,0.811293,2,7,1,0.797424,0.797424,0.784214,0.784357,0.16608,0.165174
130_bNAb_Combinations|1313920|sample|7|nan|1798,0.00192,0.832548,3,7,1,0.83018,0.83018,0.784988,0.785186,0.291406,0.290119
130_bNAb_Combinations|1313920|sample|7|nan|1798,0.0096,0.838533,4,7,1,0.85764,0.85764,0.712796,0.71126,0.847479,0.859667
130_bNAb_Combinations|1313920|sample|7|nan|1798,0.048,0.504533,5,7,1,0.85764,0.85764,0.466926,0.461365,0.384493,0.446559
130_bNAb_Combinations|1313920|sample|7|nan|1798,0.24,0.121528,6,7,1,0.83018,0.83018,0.121069,0.116061,0.0171795,0.212984
130_bNAb_Combinations|1313920|sample|7|nan|1798,1.2,0.00317308,7,7,1,0.797424,0.797424,0.00377374,0.00350944,-0.232634,-0.133072
130_bNAb_Combinations|1313920|sample|7|nan|1798,6,0.000773603,8,7,1,0.758349,0.758349,0.000463906,0.000579118,0.162877,0.101026
130_bNAb_Combinations|1313920|sample|8|nan|1798,0.0000768,0.853369,1,8,1,0.758349,0.758349,0.755355,0.754517,0.623832,0.629857
130_bNAb_Combinations|1313920|sample|8|nan|1798,0.000384,0.858752,2,8,1,0.797424,0.797424,0.78385,0.7839,0.459591,0.459258
130_bNAb_Combinations|1313920|sample|8|nan|1798,0.00192,0.804488,3,8,1,0.83018,0.83018,0.783759,0.783644,0.127206,0.127934
130_bNAb_Combinations|1313920|sample|8|nan|1798,0.0096,0.786951,4,8,1,0.85764,0.85764,0.709054,0.70658,0.527769,0.546418
130_bNAb_Combinations|1313920|sample|8|nan|1798,0.048,0.487829,5,8,1,0.85764,0.85764,0.458832,0.451396,0.301587,0.385047
130_bNAb_Combinations|1313920|sample|8|nan|1798,0.24,0.111628,6,8,1,0.83018,0.83018,0.114434,0.108351,-0.11075,0.13606
130_bNAb_Combinations|1313920|sample|8|nan|1798,1.2,0.0031862,7,8,1,0.797424,0.797424,0.00307915,0.00306743,0.0438876,0.0487384
130_bNAb_Combinations|1313920|sample|8|nan|1798,6,0.000694932,8,8,1,0.758349,0.758349,0.000254251,0.000655866,0.237141,0.0201278
130_bNAb_Combinations|1313920|sample|9|nan|1798,0.0003648,0.799965,1,9,1,0.758349,0.758349,0.745814,0.744665,0.349008,0.356957
130_bNAb_Combinations|1313920|sample|9|nan|1798,0.001824,0.747006,2,9,1,0.797424,0.797424,0.750969,0.749925,-0.0253687,-0.0187123
130_bNAb_Combinations|1313920|sample|9|nan|1798,0.00912,0.676214,3,9,1,0.83018,0.83018,0.67882,0.675423,-0.0184277,0.00562791
130_bNAb_Combinations|1313920|sample|9|nan|1798,0.0456,0.461861,4,9,1,0.85764,0.85764,0.441292,0.432794,0.222262,0.320136
130_bNAb_Combinations|1313920|sample|9|nan|1798,0.228,0.0981493,5,9,1,0.85764,0.85764,0.10397,0.0975183,-0.251056,0.0288689
130_bNAb_Combinations|1313920|sample|9|nan|1798,1.14,0.00317308,6,9,1,0.83018,0.83018,0.00229284,0.00228635,0.386503,0.389581
130_bNAb_Combinations|1313920|sample|9|nan|1798,5.7,0.000485141,7,9,1,0.797424,0.797424,0.000312133,0.000641347,0.092507,-0.0806059
130_bNAb_Combinations|1313920|sample|9|nan|1798,28.5,0.000563812,8,9,1,0.758349,0.758349,0.000296744,0.000609573,0.143043,-0.0236933
130_bNAb_Combinations|1313920|vc|1|2|nan|1798,0,0.838599,1,2,1,0.758349,0.758349,0.75908,0.758349,0.503662,0.508774
130_bNAb_Combinations|1313920|vc|2|2|nan|1798,0,0.91969,2,2,1,0.797424,0.797424,0.796977,0.797424,0.740684,0.737579
130_bNAb_Combinations|1313920|vc|3|2|nan|1798,0,0.872133,3,2,1,0.797424,0.797424,0.796977,0.797424,0.453633,0.450687
130_bNAb_Combinations|1313920|vc|4|2|nan|1798,0,0.947723,4,2,1,0.797424,0.797424,0.796977,0.797424,0.909891,0.906692
130_bNAb_Combinations|1313920|vc|5|2|nan|1798,0,1,5,2,1,0.797424,0.797424,0.796977,0.797424,1.22543,1.22206
130_bNAb_Combinations|1313920|vc|6|2|nan|1798,0,0.938505,6,2,1,0.797424,0.797424,0.796977,0.797424,0.854253,0.851086
130_bNAb_Combinations|1313920|vc|7|2|nan|1798,0,0.844873,7,2,1,0.797424,0.797424,0.796977,0.797424,0.289095,0.286241
130_bNAb_Combinations|1313920|vc|8|2|nan|1798,0,0.756315,8,2,1,0.758349,0.758349,0.75908,0.758349,-0.0175109,-0.0128953
130_bNAb_Combinations|1313938|cc|1|1|TRO.11|8301,0,0.000314857,1,1,0,0,0,0,0,0.174336,0.174336
130_bNAb_Combinations|1313938|cc|2|1|TRO.11|8301,0,0.000558156,2,1,0,0,0,0,0,0.30905,0.30905
130_bNAb_Combinations|1313938|cc|3|1|TRO.11|8301,0,0.000586779,3,1,0,0,0,0,0,0.324899,0.324899
130_bNAb_Combinations|1313938|cc|4|1|TRO.11|8301,0,0.000686961,4,1,0,0,0,0,0,0.38037,0.38037
130_bNAb_Combinations|1313938|cc|5|1|TRO.11|8301,0,0.000615402,5,1,0,0,0,0,0,0.340748,0.340748
130_bNAb_Combinations|1313938|cc|6|1|TRO.11|8301,0,0.001102,6,1,0,0,0,0,0,0.610177,0.610177
130_bNAb_Combinations|1313938|cc|7|1|TRO.11|8301,0,0.00120218,7,1,0,0,0,0,0,0.665647,0.665647
130_bNAb_Combinations|1313938|cc|8|1|TRO.11|8301,0,0.000457974,8,1,0,0,0,0,0,0.25358,0.25358
130_bNAb_Combinations|1313938|sample|10|TRO.11|8301,0.0003648,0.972099,1,10,1,0.758349,0.859645,0.804119,0.799594,1.00501,1.03786
130_bNAb_Combinations|1313938|sample|10|TRO.11|8301,0.001824,0.800331,2,10,1,0.797424,0.88234,0.724313,0.716876,0.50432,0.559327
130_bNAb_Combinations|1313938|sample|10|TRO.11|8301,0.00912,0.620841,3,10,1,0.83018,0.901365,0.511759,0.498616,1.01917,1.17154
130_bNAb_Combinations|1313938|sample|10|TRO.11|8301,0.0456,0.181823,4,10,1,0.83018,0.901365,0.183993,0.171315,-0.0547531,0.283751
130_bNAb_Combinations|1313938|sample|10|TRO.11|8301,0.228,0.00905929,5,10,1,0.83018,0.901365,0.0126539,0.0106586,-0.81551,-0.40006
130_bNAb_Combinations|1313938|sample|10|TRO.11|8301,1.14,0.000415039,6,10,1,0.83018,0.901365,0.000204913,0.000393657,0.113694,0.0113314
130_bNAb_Combinations|1313938|sample|10|TRO.11|8301,5.7,0.000314857,7,10,1,0.797424,0.88234,0.000176461,0.000370171,0.0751208,-0.029389
130_bNAb_Combinations|1313938|sample|10|TRO.11|8301,28.5,0.000887324,8,10,1,0.758349,0.859645,0.000172119,0.00036065,0.388398,0.280118
130_bNAb_Combinations|1313938|sample|11|TRO.11|8301,0.0003712,0.957351,1,11,1,0.758349,0.859645,0.861815,0.859644,0.533702,0.547198
130_bNAb_Combinations|1313938|sample|11|TRO.11|8301,0.001856,0.926724,2,11,1,0.797424,0.88234,0.883531,0.88232,0.23542,0.242354
130_bNAb_Combinations|1313938|sample|11|TRO.11|8301,0.00928,0.826421,3,11,1,0.797424,0.88234,0.88308,0.88189,-0.308976,-0.302887
130_bNAb_Combinations|1313938|sample|11|TRO.11|8301,0.0464,0.657393,4,11,1,0.797424,0.88234,0.873119,0.872391,-1.18969,-1.18665
130_bNAb_Combinations|1313938|sample|11|TRO.11|8301,0.2319999999999999,0.217337,5,11,1,0.797424,0.88234,0.679791,0.686992,-3.26639,-3.28292
130_bNAb_Combinations|1313938|sample|11|TRO.11|8301,1.16,0.00788574,6,11,1,0.797424,0.88234,0.00563956,0.00709364,0.75741,0.242633
130_bNAb_Combinations|1313938|sample|11|TRO.11|8301,5.8,4.2935e-05,7,11,1,0.797424,0.88234,0.000339397,0.000386029,-0.158044,-0.181973
130_bNAb_Combinations|1313938|sample|11|TRO.11|8301,29,0.00034348,8,11,1,0.758349,0.859645,0.000331047,0.0003761,0.0066343,-0.0173197
130_bNAb_Combinations|1313938|sample|12|TRO.11|8301,0.0003712,0.867789,1,12,1,0.758349,0.859645,0.861815,0.859644,0.0333699,0.0456137
130_bNAb_Combinations|1313938|sample|12|TRO.11|8301,0.001856,0.853241,2,12,1,0.758349,0.859645,0.861794,0.859626,-0.0477817,-0.0357576
130_bNAb_Combinations|1313938|sample|12|TRO.11|8301,0.00928,0.83694,3,12,1,0.758349,0.859645,0.861318,0.859218,-0.136263,-0.124829
130_bNAb_Combinations|1313938|sample|12|TRO.11|8301,0.0464,0.620225,4,12,1,0.758349,0.859645,0.850812,0.850224,-1.30464,-1.30221
130_bNAb_Combinations|1313938|sample|12|TRO.11|8301,0.2319999999999999,0.188106,5,12,1,0.758349,0.859645,0.648998,0.674071,-3.40776,-3.46121
130_bNAb_Combinations|1313938|sample|12|TRO.11|8301,1.16,0.00864425,6,12,1,0.758349,0.859645,0.00413293,0.00783909,1.69866,0.235575
130_bNAb_Combinations|1313938|sample|12|TRO.11|8301,5.8,0,7,12,1,0.758349,0.859645,0.000743164,0.000335884,-0.379391,-0.179129
130_bNAb_Combinations|1313938|sample|12|TRO.11|8301,29,0.000143117,8,12,1,0.758349,0.859645,0.000743164,0.000335884,-0.306328,-0.102804
130_bNAb_Combinations|1313938|sample|3|TRO.11|8301,0.000064,0.999256,1,3,1,0.758349,0.859645,0.861816,0.859645,0.767792,0.781873
130_bNAb_Combinations|1313938|sample|3|TRO.11|8301,0.00032,1,2,3,1,0.797424,0.88234,0.883553,0.88234,0.634675,0.642159
130_bNAb_Combinations|1313938|sample|3|TRO.11|8301,0.0016,0.897106,3,3,1,0.83018,0.901365,0.90187,0.901365,-0.0254423,-0.0227588
130_bNAb_Combinations|1313938|sample|3|TRO.11|8301,0.008,0.970361,4,3,1,0.83018,0.901365,0.90187,0.901365,0.365787,0.368687
130_bNAb_Combinations|1313938|sample|3|TRO.11|8301,0.04,0.880483,5,3,1,0.83018,0.901365,0.901866,0.901362,-0.114202,-0.111568
130_bNAb_Combinations|1313938|sample|3|TRO.11|8301,0.2,0.715899,6,3,1,0.83018,0.901365,0.900038,0.899497,-0.985412,-0.983103
130_bNAb_Combinations|1313938|sample|3|TRO.11|8301,1,0.31236,7,3,1,0.797424,0.88234,0.328476,0.321023,-0.232408,-0.127757
130_bNAb_Combinations|1313938|sample|3|TRO.11|8301,5,0.0404162,8,3,1,0.758349,0.859645,0.0415402,0.0383206,-0.108629,0.216373
130_bNAb_Combinations|1313938|sample|4|TRO.11|8301,0.000064,0.979763,1,4,1,0.758349,0.859645,0.861816,0.859645,0.658899,0.672708
130_bNAb_Combinations|1313938|sample|4|TRO.11|8301,0.00032,0.958596,2,4,1,0.797424,0.88234,0.883553,0.88234,0.409012,0.416188
130_bNAb_Combinations|1313938|sample|4|TRO.11|8301,0.0016,0.947948,3,4,1,0.83018,0.901365,0.90187,0.901365,0.246091,0.248925
130_bNAb_Combinations|1313938|sample|4|TRO.11|8301,0.008,0.949609,4,4,1,0.85764,0.917314,0.917306,0.917314,0.169643,0.169598
130_bNAb_Combinations|1313938|sample|4|TRO.11|8301,0.04,0.862629,5,4,1,0.85764,0.917314,0.917302,0.91731,-0.287123,-0.287164
130_bNAb_Combinations|1313938|sample|4|TRO.11|8301,0.2,0.698095,6,4,1,0.83018,0.901365,0.899762,0.899253,-1.07954,-1.07742
130_bNAb_Combinations|1313938|sample|4|TRO.11|8301,1,0.273174,7,4,1,0.797424,0.88234,0.286277,0.284675,-0.215979,-0.190601
130_bNAb_Combinations|1313938|sample|4|TRO.11|8301,5,0.0442374,8,4,1,0.758349,0.859645,0.0432829,0.041821,0.0891632,0.232237
130_bNAb_Combinations|1313938|sample|5|TRO.11|8301,0.0006144,0.941673,1,5,1,0.758349,0.859645,0.861816,0.859645,0.44611,0.459387
130_bNAb_Combinations|1313938|sample|5|TRO.11|8301,0.003072,0.958739,2,5,1,0.797424,0.88234,0.883553,0.88234,0.409792,0.416969
130_bNAb_Combinations|1313938|sample|5|TRO.11|8301,0.01536,0.915761,3,5,1,0.83018,0.901365,0.90187,0.901365,0.0741899,0.0769287
130_bNAb_Combinations|1313938|sample|5|TRO.11|8301,0.0768,0.82456,4,5,1,0.85764,0.917314,0.917298,0.917305,-0.487032,-0.487068
130_bNAb_Combinations|1313938|sample|5|TRO.11|8301,0.384,0.514634,5,5,1,0.85764,0.917314,0.913115,0.912785,-2.10221,-2.10122
130_bNAb_Combinations|1313938|sample|5|TRO.11|8301,1.92,0.141399,6,5,1,0.83018,0.901365,0.154623,0.135595,-0.393573,0.195527
130_bNAb_Combinations|1313938|sample|5|TRO.11|8301,9.6,0.0210382,7,5,1,0.797424,0.88234,0.0163106,0.0153053,0.916251,1.15744
130_bNAb_Combinations|1313938|sample|5|TRO.11|8301,48,0.00739914,8,5,1,0.758349,0.859645,0.0159093,0.0149117,-1.67616,-1.54196
130_bNAb_Combinations|1313938|sample|6|TRO.11|8301,0.0006144,0.9722,1,6,1,0.758349,0.859645,0.861816,0.859645,0.616645,0.630349
130_bNAb_Combinations|1313938|sample|6|TRO.11|8301,0.003072,0.899854,2,6,1,0.797424,0.88234,0.883553,0.88234,0.0888472,0.0955877
130_bNAb_Combinations|1313938|sample|6|TRO.11|8301,0.01536,0.850665,3,6,1,0.83018,0.901365,0.90187,0.901365,-0.273471,-0.270926
130_bNAb_Combinations|1313938|sample|6|TRO.11|8301,0.0768,0.801476,4,6,1,0.85764,0.917314,0.917297,0.917306,-0.608264,-0.608302
130_bNAb_Combinations|1313938|sample|6|TRO.11|8301,0.384,0.527478,5,6,1,0.85764,0.917314,0.912813,0.912833,-2.03352,-2.03358
130_bNAb_Combinations|1313938|sample|6|TRO.11|8301,1.92,0.143947,6,6,1,0.83018,0.901365,0.136327,0.138043,0.255381,0.195572
130_bNAb_Combinations|1313938|sample|6|TRO.11|8301,9.6,0.0206374,7,6,1,0.797424,0.88234,0.0147209,0.0151386,1.22425,1.11795
130_bNAb_Combinations|1313938|sample|6|TRO.11|8301,48,0.00800023,8,6,1,0.758349,0.859645,0.0143587,0.0147492,-1.33628,-1.3948
130_bNAb_Combinations|1313938|sample|7|TRO.11|8301,0.0000768,0.947047,1,7,1,0.758349,0.859645,0.841129,0.838646,0.606103,0.622131
130_bNAb_Combinations|1313938|sample|7|TRO.11|8301,0.000384,0.922266,2,7,1,0.797424,0.88234,0.823966,0.82181,0.574103,0.588217
130_bNAb_Combinations|1313938|sample|7|TRO.11|8301,0.00192,0.797075,3,7,1,0.83018,0.901365,0.73823,0.735187,0.383118,0.404573
130_bNAb_Combinations|1313938|sample|7|TRO.11|8301,0.0096,0.572639,4,7,1,0.85764,0.917314,0.518416,0.513191,0.500214,0.553907
130_bNAb_Combinations|1313938|sample|7|TRO.11|8301,0.048,0.211555,5,7,1,0.85764,0.917314,0.185331,0.180211,0.657054,0.806613
130_bNAb_Combinations|1313938|sample|7|TRO.11|8301,0.24,0.00928828,6,7,1,0.83018,0.901365,0.0125689,0.0117851,-0.747237,-0.590367
130_bNAb_Combinations|1313938|sample|7|TRO.11|8301,1.2,0.000157428,7,7,1,0.797424,0.88234,0.000353645,0.000467502,-0.10444,-0.163011
130_bNAb_Combinations|1313938|sample|7|TRO.11|8301,6,0.001102,8,7,1,0.758349,0.859645,0.000321371,0.000435884,0.416978,0.35139
130_bNAb_Combinations|1313938|sample|8|TRO.11|8301,0.0000768,0.992465,1,8,1,0.758349,0.859645,0.841717,0.839415,0.862039,0.877579
130_bNAb_Combinations|1313938|sample|8|TRO.11|8301,0.000384,0.918846,2,8,1,0.797424,0.88234,0.825623,0.823979,0.543366,0.554042
130_bNAb_Combinations|1313938|sample|8|TRO.11|8301,0.00192,0.798592,3,8,1,0.83018,0.901365,0.742495,0.740765,0.363154,0.375216
130_bNAb_Combinations|1313938|sample|8|TRO.11|8301,0.0096,0.614093,4,8,1,0.85764,0.917314,0.526993,0.524367,0.790652,0.8185
130_bNAb_Combinations|1313938|sample|8|TRO.11|8301,0.048,0.216235,5,8,1,0.85764,0.917314,0.194023,0.191426,0.532678,0.60266
130_bNAb_Combinations|1313938|sample|8|TRO.11|8301,0.24,0.0118501,6,8,1,0.83018,0.901365,0.0141217,0.0138191,-0.482344,-0.423674
130_bNAb_Combinations|1313938|sample|8|TRO.11|8301,1.2,0.000787142,7,8,1,0.797424,0.88234,0.000299743,0.000517604,0.260967,0.140938
130_bNAb_Combinations|1313938|sample|8|TRO.11|8301,6,0.000543844,8,8,1,0.758349,0.859645,0.000260447,0.000475182,0.152398,0.0360669
130_bNAb_Combinations|1313938|sample|9|TRO.11|8301,0.0003648,0.965087,1,9,1,0.758349,0.859645,0.800483,0.798704,0.989235,1.00213
130_bNAb_Combinations|1313938|sample|9|TRO.11|8301,0.001824,0.834471,2,9,1,0.797424,0.88234,0.71496,0.714592,0.803111,0.80599
130_bNAb_Combinations|1313938|sample|9|TRO.11|8301,0.00912,0.637786,3,9,1,0.83018,0.901365,0.493151,0.494104,1.40144,1.38958
130_bNAb_Combinations|1313938|sample|9|TRO.11|8301,0.0456,0.173393,4,9,1,0.85764,0.917314,0.168718,0.169977,0.128089,0.0929509
130_bNAb_Combinations|1313938|sample|9|TRO.11|8301,0.228,0.00868719,5,9,1,0.85764,0.917314,0.00986224,0.0101878,-0.306495,-0.384701
130_bNAb_Combinations|1313938|sample|9|TRO.11|8301,1.14,0.00025761,6,9,1,0.83018,0.901365,0.00028687,0.000428819,-0.0156885,-0.0903857
130_bNAb_Combinations|1313938|sample|9|TRO.11|8301,5.7,0.000543844,7,9,1,0.797424,0.88234,0.000268838,0.000406953,0.147749,0.0724399
130_bNAb_Combinations|1313938|sample|9|TRO.11|8301,28.5,0.00104475,8,9,1,0.758349,0.859645,0.000262224,0.000396486,0.420725,0.343442
130_bNAb_Combinations|1313938|vc|1|2|TRO.11|8301,0,0.914116,1,2,1,0.758349,0.859645,0.861816,0.859645,0.292165,0.305057
130_bNAb_Combinations|1313938|vc|2|2|TRO.11|8301,0,0.902924,2,2,1,0.797424,0.88234,0.883553,0.88234,0.105579,0.112342
130_bNAb_Combinations|1313938|vc|3|2|TRO.11|8301,0,0.968414,3,2,1,0.797424,0.88234,0.883553,0.88234,0.462522,0.469771
130_bNAb_Combinations|1313938|vc|4|2|TRO.11|8301,0,0.926266,4,2,1,0.797424,0.88234,0.883553,0.88234,0.232802,0.239739
130_bNAb_Combinations|1313938|vc|5|2|TRO.11|8301,0,0.902967,5,2,1,0.797424,0.88234,0.883553,0.88234,0.105813,0.112577
130_bNAb_Combinations|1313938|vc|6|2|TRO.11|8301,0,0.92744,6,2,1,0.797424,0.88234,0.883553,0.88234,0.239199,0.246144
130_bNAb_Combinations|1313938|vc|7|2|TRO.11|8301,0,0.886129,7,2,1,0.797424,0.88234,0.883553,0.88234,0.014042,0.0206807
130_bNAb_Combinations|1313938|vc|8|2|TRO.11|8301,0,0.777732,8,2,1,0.758349,0.859645,0.861816,0.859645,-0.469726,-0.45874
130_bNAb_Combinations|1313956|cc|1|1|Ce1176_A3|7023,0,0.000508745,1,1,0,0,0,0,0,0.281692,0.281692
130_bNAb_Combinations|1313956|cc|2|1|Ce1176_A3|7023,0,0.000481245,2,1,0,0,0,0,0,0.266465,0.266465
130_bNAb_Combinations|1313956|cc|3|1|Ce1176_A3|7023,0,0.000632494,3,1,0,0,0,0,0,0.350211,0.350211
130_bNAb_Combinations|1313956|cc|4|1|Ce1176_A3|7023,0,0.00112749,4,1,0,0,0,0,0,0.62429,0.62429
130_bNAb_Combinations|1313956|cc|5|1|Ce1176_A3|7023,0,0.00140249,5,1,0,0,0,0,0,0.776556,0.776556
130_bNAb_Combinations|1313956|cc|6|1|Ce1176_A3|7023,0,0.00147124,6,1,0,0,0,0,0,0.814622,0.814622
130_bNAb_Combinations|1313956|cc|7|1|Ce1176_A3|7023,0,0.00120999,7,1,0,0,0,0,0,0.66997,0.66997
130_bNAb_Combinations|1313956|cc|8|1|Ce1176_A3|7023,0,0.00149874,8,1,0,0,0,0,0,0.829849,0.829849
130_bNAb_Combinations|1313956|sample|10|Ce1176_A3|7023,0.0003648,0.703622,1,10,1,0.758349,0.758455,0.72066,0.720246,-0.113605,-0.110902
130_bNAb_Combinations|1313956|sample|10|Ce1176_A3|7023,0.001824,0.749608,2,10,1,0.797424,0.797513,0.678144,0.679342,0.505971,0.496626
130_bNAb_Combinations|1313956|sample|10|Ce1176_A3|7023,0.00912,0.514314,3,10,1,0.83018,0.830255,0.503374,0.506034,0.10388,0.0782207
130_bNAb_Combinations|1313956|sample|10|Ce1176_A3|7023,0.0456,0.208599,4,10,1,0.83018,0.830255,0.181732,0.184143,0.685868,0.616509
130_bNAb_Combinations|1313956|sample|10|Ce1176_A3|7023,0.228,0.00944616,5,10,1,0.83018,0.830255,0.0100423,0.0104873,-0.153997,-0.262748
130_bNAb_Combinations|1313956|sample|10|Ce1176_A3|7023,1.14,0.000343747,6,10,1,0.83018,0.830255,0.000217248,0.00031166,0.0683517,0.0171575
130_bNAb_Combinations|1313956|sample|10|Ce1176_A3|7023,5.7,0.000233748,7,10,1,0.797424,0.797513,0.000202392,0.00029224,0.0169706,-0.0313443
130_bNAb_Combinations|1313956|sample|10|Ce1176_A3|7023,28.5,0.000398746,8,10,1,0.758349,0.758455,0.000192773,0.000277928,0.111598,0.0648453
130_bNAb_Combinations|1313956|sample|11|Ce1176_A3|7023,0.0003712,0.688607,1,11,1,0.758349,0.758455,0.759186,0.758455,-0.446975,-0.442766
130_bNAb_Combinations|1313956|sample|11|Ce1176_A3|7023,0.001856,0.732462,2,11,1,0.797424,0.797513,0.797067,0.797512,-0.389906,-0.392379
130_bNAb_Combinations|1313956|sample|11|Ce1176_A3|7023,0.00928,0.765771,3,11,1,0.797424,0.797513,0.797056,0.797502,-0.188817,-0.1914
130_bNAb_Combinations|1313956|sample|11|Ce1176_A3|7023,0.0464,0.662853,4,11,1,0.797424,0.797513,0.796458,0.796892,-0.80695,-0.809133
130_bNAb_Combinations|1313956|sample|11|Ce1176_A3|7023,0.2319999999999999,0.428576,5,11,1,0.797424,0.797513,0.762656,0.762425,-2.1062,-2.10537
130_bNAb_Combinations|1313956|sample|11|Ce1176_A3|7023,1.16,0.0788005,6,11,1,0.797424,0.797513,0.0786009,0.0756636,0.0111071,0.180661
130_bNAb_Combinations|1313956|sample|11|Ce1176_A3|7023,5.8,0.00151248,7,11,1,0.797424,0.797513,0.000337355,0.000799917,0.626603,0.361617
130_bNAb_Combinations|1313956|sample|11|Ce1176_A3|7023,29,0.000233748,8,11,1,0.758349,0.758455,0.000321322,0.000760741,-0.0467788,-0.268538
130_bNAb_Combinations|1313956|sample|12|Ce1176_A3|7023,0.0003712,0.632164,1,12,1,0.758349,0.758455,0.759186,0.758455,-0.804427,-0.800559
130_bNAb_Combinations|1313956|sample|12|Ce1176_A3|7023,0.001856,0.613698,2,12,1,0.758349,0.758455,0.759186,0.758455,-0.921371,-0.917615
130_bNAb_Combinations|1313956|sample|12|Ce1176_A3|7023,0.00928,0.591375,3,12,1,0.758349,0.758455,0.759175,0.758444,-1.06269,-1.05907
130_bNAb_Combinations|1313956|sample|12|Ce1176_A3|7023,0.0464,0.519222,4,12,1,0.758349,0.758455,0.758556,0.757817,-1.51694,-1.51371
130_bNAb_Combinations|1313956|sample|12|Ce1176_A3|7023,0.2319999999999999,0.330526,5,12,1,0.758349,0.758455,0.723659,0.722455,-2.61046,-2.60675
130_bNAb_Combinations|1313956|sample|12|Ce1176_A3|7023,1.16,0.0625069,6,12,1,0.758349,0.758455,0.0616726,0.0600092,0.0575895,0.176578
130_bNAb_Combinations|1313956|sample|12|Ce1176_A3|7023,5.8,0.00237873,7,12,1,0.758349,0.758455,0.000733299,0.00136274,0.840873,0.486996
130_bNAb_Combinations|1313956|sample|12|Ce1176_A3|7023,29,0.000769992,8,12,1,0.758349,0.758455,0.000733299,0.00136274,0.0187516,-0.284125
130_bNAb_Combinations|1313956|sample|3|Ce1176_A3|7023,0.000064,0.742974,1,3,1,0.758349,0.758455,0.759186,0.758455,-0.102671,-0.0981342
130_bNAb_Combinations|1313956|sample|3|Ce1176_A3|7023,0.00032,0.893054,2,3,1,0.797424,0.797513,0.797067,0.797513,0.579306,0.576296
130_bNAb_Combinations|1313956|sample|3|Ce1176_A3|7023,0.0016,0.908543,3,3,1,0.83018,0.830255,0.828989,0.830255,0.461835,0.453801
130_bNAb_Combinations|1313956|sample|3|Ce1176_A3|7023,0.008,0.937844,4,3,1,0.83018,0.830255,0.828982,0.83025,0.631983,0.623676
130_bNAb_Combinations|1313956|sample|3|Ce1176_A3|7023,0.04,0.777115,5,3,1,0.83018,0.830255,0.828572,0.829981,-0.298874,-0.306544
130_bNAb_Combinations|1313956|sample|3|Ce1176_A3|7023,0.2,0.561758,6,3,1,0.83018,0.830255,0.805644,0.81482,-1.45642,-1.49438
130_bNAb_Combinations|1313956|sample|3|Ce1176_A3|7023,1,0.368964,7,3,1,0.797424,0.797513,0.318998,0.359534,0.741372,0.124517
130_bNAb_Combinations|1313956|sample|3|Ce1176_A3|7023,5,0.208888,8,3,1,0.758349,0.758455,0.25376,0.19893,-0.831242,0.233153
130_bNAb_Combinations|1313956|sample|4|Ce1176_A3|7023,0.000064,0.71326,1,4,1,0.758349,0.758455,0.759186,0.758455,-0.290845,-0.286488
130_bNAb_Combinations|1313956|sample|4|Ce1176_A3|7023,0.00032,0.883119,2,4,1,0.797424,0.797513,0.797067,0.797513,0.51935,0.516374
130_bNAb_Combinations|1313956|sample|4|Ce1176_A3|7023,0.0016,0.934819,3,4,1,0.83018,0.830255,0.828989,0.830255,0.614375,0.606111
130_bNAb_Combinations|1313956|sample|4|Ce1176_A3|7023,0.008,0.950487,4,4,1,0.85764,0.857702,0.855884,0.857697,0.532114,0.520826
130_bNAb_Combinations|1313956|sample|4|Ce1176_A3|7023,0.04,0.817519,5,4,1,0.85764,0.857702,0.855584,0.85738,-0.214179,-0.223823
130_bNAb_Combinations|1313956|sample|4|Ce1176_A3|7023,0.2,0.59253,6,4,1,0.83018,0.830255,0.812263,0.81266,-1.3016,-1.30332
130_bNAb_Combinations|1313956|sample|4|Ce1176_A3|7023,1,0.33859,7,4,1,0.797424,0.797513,0.338321,0.331849,0.00377909,0.0962517
130_bNAb_Combinations|1313956|sample|4|Ce1176_A3|7023,5,0.207004,8,4,1,0.758349,0.758455,0.189885,0.196414,0.4191,0.251006
130_bNAb_Combinations|1313956|sample|5|Ce1176_A3|7023,0.0006144,0.687672,1,5,1,0.758349,0.758455,0.759186,0.758455,-0.452896,-0.448693
130_bNAb_Combinations|1313956|sample|5|Ce1176_A3|7023,0.003072,0.893274,2,5,1,0.797424,0.797513,0.797067,0.797513,0.580634,0.577624
130_bNAb_Combinations|1313956|sample|5|Ce1176_A3|7023,0.01536,0.886089,3,5,1,0.83018,0.830255,0.828984,0.830249,0.331513,0.323681
130_bNAb_Combinations|1313956|sample|5|Ce1176_A3|7023,0.0768,0.71535,4,5,1,0.85764,0.857702,0.855626,0.857376,-0.789247,-0.797482
130_bNAb_Combinations|1313956|sample|5|Ce1176_A3|7023,0.384,0.488319,5,5,1,0.85764,0.857702,0.841034,0.839398,-2.01859,-2.01311
130_bNAb_Combinations|1313956|sample|5|Ce1176_A3|7023,1.92,0.393054,6,5,1,0.83018,0.830255,0.422028,0.376119,-0.327103,0.213984
130_bNAb_Combinations|1313956|sample|5|Ce1176_A3|7023,9.6,0.204928,7,5,1,0.797424,0.797513,0.149314,0.162815,1.71085,1.19357
130_bNAb_Combinations|1313956|sample|5|Ce1176_A3|7023,48,0.100326,8,5,1,0.758349,0.758455,0.140956,0.154581,-1.31966,-1.61522
130_bNAb_Combinations|1313956|sample|6|Ce1176_A3|7023,0.0006144,0.700267,1,6,1,0.758349,0.758455,0.759186,0.758455,-0.373133,-0.368854
130_bNAb_Combinations|1313956|sample|6|Ce1176_A3|7023,0.003072,0.779562,2,6,1,0.797424,0.797513,0.797066,0.797512,-0.105642,-0.108275
130_bNAb_Combinations|1313956|sample|6|Ce1176_A3|7023,0.01536,0.830994,3,6,1,0.83018,0.830255,0.82896,0.830248,0.0118082,0.00431974
130_bNAb_Combinations|1313956|sample|6|Ce1176_A3|7023,0.0768,0.671062,4,6,1,0.85764,0.857702,0.854162,0.857326,-1.03194,-1.04594
130_bNAb_Combinations|1313956|sample|6|Ce1176_A3|7023,0.384,0.520893,5,6,1,0.85764,0.857702,0.764602,0.836576,-1.53259,-1.81619
130_bNAb_Combinations|1313956|sample|6|Ce1176_A3|7023,1.92,0.352251,6,6,1,0.83018,0.830255,0.206214,0.336105,3.30354,0.227678
130_bNAb_Combinations|1313956|sample|6|Ce1176_A3|7023,9.6,0.186758,7,6,1,0.797424,0.797513,0.197418,0.148407,-0.251444,1.18659
130_bNAb_Combinations|1313956|sample|6|Ce1176_A3|7023,48,0.0915191,8,6,1,0.758349,0.758455,0.188036,0.141042,-2.38498,-1.60757
130_bNAb_Combinations|1313956|sample|7|Ce1176_A3|7023,0.0000768,0.644896,1,7,1,0.758349,0.758455,0.747621,0.746737,-0.6605,-0.655583
130_bNAb_Combinations|1313956|sample|7|Ce1176_A3|7023,0.000384,0.807536,2,7,1,0.797424,0.797513,0.759939,0.759846,0.301134,0.301761
130_bNAb_Combinations|1313956|sample|7|Ce1176_A3|7023,0.00192,0.874608,3,7,1,0.83018,0.830255,0.714962,0.714541,1.07281,1.07627
130_bNAb_Combinations|1313956|sample|7|Ce1176_A3|7023,0.0096,0.712752,4,7,1,0.85764,0.857702,0.542083,0.539696,1.50681,1.53453
130_bNAb_Combinations|1313956|sample|7|Ce1176_A3|7023,0.048,0.234181,5,7,1,0.85764,0.857702,0.213635,0.209873,0.449258,0.54068
130_bNAb_Combinations|1313956|sample|7|Ce1176_A3|7023,0.24,0.0112199,6,7,1,0.83018,0.830255,0.015007,0.0141379,-0.774204,-0.61914
130_bNAb_Combinations|1313956|sample|7|Ce1176_A3|7023,1.2,0.000769992,7,7,1,0.797424,0.797513,0.000575942,0.000474305,0.100834,0.155334
130_bNAb_Combinations|1313956|sample|7|Ce1176_A3|7023,6,0.000536245,8,7,1,0.758349,0.758455,0.000530686,0.000435599,0.0029026,0.0530941
130_bNAb_Combinations|1313956|sample|8|Ce1176_A3|7023,0.0000768,0.696355,1,8,1,0.758349,0.758455,0.747945,0.746984,-0.331573,-0.325811
130_bNAb_Combinations|1313956|sample|8|Ce1176_A3|7023,0.000384,0.873701,2,8,1,0.797424,0.797513,0.760963,0.760628,0.712312,0.714744
130_bNAb_Combinations|1313956|sample|8|Ce1176_A3|7023,0.00192,0.872793,3,8,1,0.83018,0.830255,0.717952,0.716823,1.03624,1.04542
130_bNAb_Combinations|1313956|sample|8|Ce1176_A3|7023,0.0096,0.757666,4,8,1,0.85764,0.857702,0.549085,0.545024,1.81841,1.86741
130_bNAb_Combinations|1313956|sample|8|Ce1176_A3|7023,0.048,0.240416,5,8,1,0.85764,0.857702,0.221984,0.216174,0.388464,0.524105
130_bNAb_Combinations|1313956|sample|8|Ce1176_A3|7023,0.24,0.0117424,6,8,1,0.83018,0.830255,0.0163511,0.0152352,-0.891772,-0.707251
130_bNAb_Combinations|1313956|sample|8|Ce1176_A3|7023,1.2,0.000178748,7,8,1,0.797424,0.797513,0.000152222,0.000321235,0.0144374,-0.0761114
130_bNAb_Combinations|1313956|sample|8|Ce1176_A3|7023,6,0.000316247,8,8,1,0.758349,0.758455,0.000120674,0.000285987,0.106821,0.0162263
130_bNAb_Combinations|1313956|sample|9|Ce1176_A3|7023,0.0003648,0.758106,1,9,1,0.758349,0.758455,0.722247,0.720644,0.238566,0.249781
130_bNAb_Combinations|1313956|sample|9|Ce1176_A3|7023,0.001824,0.682688,2,9,1,0.797424,0.797513,0.682787,0.680507,-0.000697596,0.0153842
130_bNAb_Combinations|1313956|sample|9|Ce1176_A3|7023,0.00912,0.715818,3,9,1,0.83018,0.830255,0.51409,0.508719,1.87638,1.94632
130_bNAb_Combinations|1313956|sample|9|Ce1176_A3|7023,0.0456,0.196719,4,9,1,0.85764,0.857702,0.200042,0.193324,-0.0773778,0.0817018
130_bNAb_Combinations|1313956|sample|9|Ce1176_A3|7023,0.228,0.00966615,5,9,1,0.85764,0.857702,0.0124625,0.0113608,-0.640122,-0.409134
130_bNAb_Combinations|1313956|sample|9|Ce1176_A3|7023,1.14,0.000756242,6,9,1,0.83018,0.830255,0.00022602,0.000333802,0.286219,0.225342
130_bNAb_Combinations|1313956|sample|9|Ce1176_A3|7023,5.7,0.000439996,7,9,1,0.797424,0.797513,0.000206673,0.000312568,0.126221,0.0681322
130_bNAb_Combinations|1313956|sample|9|Ce1176_A3|7023,28.5,0,8,9,1,0.758349,0.758455,0.00019685,0.00029726,-0.106607,-0.159205
130_bNAb_Combinations|1313956|vc|1|2|Ce1176_A3|7023,0,0.749127,1,2,1,0.758349,0.758455,0.759186,0.758455,-0.0637038,-0.0591299
130_bNAb_Combinations|1313956|vc|2|2|Ce1176_A3|7023,0,0.930921,2,2,1,0.797424,0.797513,0.797067,0.797513,0.807844,0.804708
130_bNAb_Combinations|1313956|vc|3|2|Ce1176_A3|7023,0,1,3,2,1,0.797424,0.797513,0.797067,0.797513,1.22476,1.22139
130_bNAb_Combinations|1313956|vc|4|2|Ce1176_A3|7023,0,0.968987,4,2,1,0.797424,0.797513,0.797067,0.797513,1.03759,1.03432
130_bNAb_Combinations|1313956|vc|5|2|Ce1176_A3|7023,0,0.924369,5,2,1,0.797424,0.797513,0.797067,0.797513,0.768302,0.765188
130_bNAb_Combinations|1313956|vc|6|2|Ce1176_A3|7023,0,0.980379,6,2,1,0.797424,0.797513,0.797067,0.797513,1.10634,1.10304
130_bNAb_Combinations|1313956|vc|7|2|Ce1176_A3|7023,0,0.892036,7,2,1,0.797424,0.797513,0.797067,0.797513,0.573165,0.570159
130_bNAb_Combinations|1313956|vc|8|2|Ce1176_A3|7023,0,0.653015,8,2,1,0.758349,0.758455,0.759186,0.758455,-0.672375,-0.668381
130_bNAb_Combinations|1313974|cc|1|1|nan|1176,0,0,1,1,0,0,0,0,0,0,0
130_bNAb_Combinations|1313974|cc|2|1|nan|1176,0,0.00187935,2,1,0,0,0,0,0,1.04059,1.04059
130_bNAb_Combinations|1313974|cc|3|1|nan|1176,0,0.00338282,3,1,0,0,0,0,0,1.87307,1.87307
130_bNAb_Combinations|1313974|cc|4|1|nan|1176,0,0.00250579,4,1,0,0,0,0,0,1.38746,1.38746
130_bNAb_Combinations|1313974|cc|5|1|nan|1176,0,0.00425985,5,1,0,0,0,0,0,2.35868,2.35868
130_bNAb_Combinations|1313974|cc|6|1|nan|1176,0,0.00200464,6,1,0,0,0,0,0,1.10997,1.10997
130_bNAb_Combinations|1313974|cc|7|1|nan|1176,0,0.00701623,7,1,0,0,0,0,0,3.88488,3.88488
130_bNAb_Combinations|1313974|cc|8|1|nan|1176,0,0.00275637,8,1,0,0,0,0,0,1.5262,1.5262
130_bNAb_Combinations|1313974|sample|10|nan|1176,0.0003648,0.564806,1,10,1,0.758349,0.758349,0.75908,0.758349,-1.2305,-1.22704
130_bNAb_Combinations|1313974|sample|10|nan|1176,0.001824,0.969555,2,10,1,0.797424,0.797424,0.796975,0.79742,1.04168,1.03842
130_bNAb_Combinations|1313974|sample|10|nan|1176,0.00912,0.987972,3,10,1,0.83018,0.83018,0.828869,0.830095,0.923772,0.915317
130_bNAb_Combinations|1313974|sample|10|nan|1176,0.0456,0.768277,4,10,1,0.83018,0.83018,0.827942,0.828301,-0.34681,-0.348748
130_bNAb_Combinations|1313974|sample|10|nan|1176,0.228,0.6812,5,10,1,0.83018,0.83018,0.80795,0.790262,-0.754776,-0.663822
130_bNAb_Combinations|1313974|sample|10|nan|1176,1.14,0.388273,6,10,1,0.83018,0.83018,0.515213,0.370503,-1.17821,0.227856
130_bNAb_Combinations|1313974|sample|10|nan|1176,5.7,0.221387,7,10,1,0.797424,0.797424,0.117939,0.173735,3.97027,1.26976
130_bNAb_Combinations|1313974|sample|10|nan|1176,28.5,0.0676565,8,10,1,0.758349,0.758349,0.104967,0.165178,-1.59523,-2.72645
130_bNAb_Combinations|1313974|sample|11|nan|1176,0.0003712,0.686964,1,11,1,0.758349,0.758349,0.749542,0.748416,-0.401347,-0.394712
130_bNAb_Combinations|1313974|sample|11|nan|1176,0.001856,0.787446,2,11,1,0.797424,0.797424,0.761994,0.760961,0.160602,0.16734
130_bNAb_Combinations|1313974|sample|11|nan|1176,0.00928,0.683957,3,11,1,0.797424,0.797424,0.679994,0.675794,0.0279811,0.0579904
130_bNAb_Combinations|1313974|sample|11|nan|1176,0.0464,0.431373,4,11,1,0.797424,0.797424,0.458086,0.447794,-0.278283,-0.174928
130_bNAb_Combinations|1313974|sample|11|nan|1176,0.2319999999999999,0.127921,5,11,1,0.797424,0.797424,0.126864,0.118234,0.0378976,0.370911
130_bNAb_Combinations|1313974|sample|11|nan|1176,1.16,0.00889557,6,11,1,0.797424,0.797424,0.00874211,0.00911662,0.0425858,-0.060058
130_bNAb_Combinations|1313974|sample|11|nan|1176,5.8,0.00664036,7,11,1,0.797424,0.797424,0.00593227,0.00691661,0.234018,-0.0855749
130_bNAb_Combinations|1313974|sample|11|nan|1176,29,0.0085197,8,11,1,0.758349,0.758349,0.00564927,0.00657717,0.96726,0.615039
130_bNAb_Combinations|1313974|sample|12|nan|1176,0.0003712,0.62507,1,12,1,0.758349,0.758349,0.74554,0.744744,-0.776729,-0.772413
130_bNAb_Combinations|1313974|sample|12|nan|1176,0.001856,0.659149,2,12,1,0.758349,0.758349,0.712095,0.711147,-0.357206,-0.35127
130_bNAb_Combinations|1313974|sample|12|nan|1176,0.00928,0.546764,3,12,1,0.758349,0.758349,0.605553,0.604199,-0.465415,-0.455696
130_bNAb_Combinations|1313974|sample|12|nan|1176,0.0464,0.27877,4,12,1,0.758349,0.758349,0.345125,0.343422,-0.911878,-0.892769
130_bNAb_Combinations|1313974|sample|12|nan|1176,0.2319999999999999,0.0630207,5,12,1,0.758349,0.758349,0.0562285,0.0561213,0.508124,0.516994
130_bNAb_Combinations|1313974|sample|12|nan|1176,1.16,0.00413456,6,12,1,0.758349,0.758349,0.00399496,0.00494062,0.0531334,-0.285645
130_bNAb_Combinations|1313974|sample|12|nan|1176,5.8,0.0072668,7,12,1,0.758349,0.758349,0.00374353,0.00470229,1.36787,0.924856
130_bNAb_Combinations|1313974|sample|12|nan|1176,29,0.00375869,8,12,1,0.758349,0.758349,0.00374352,0.00470229,0.00588914,-0.340294
130_bNAb_Combinations|1313974|sample|3|nan|1176,0.000064,0.544885,1,3,1,0.758349,0.758349,0.732245,0.73013,-1.22968,-1.21928
130_bNAb_Combinations|1313974|sample|3|nan|1176,0.00032,0.833553,2,3,1,0.797424,0.797424,0.733296,0.730443,0.65707,0.67838
130_bNAb_Combinations|1313974|sample|3|nan|1176,0.0016,0.76765,3,3,1,0.83018,0.83018,0.684239,0.678306,0.585366,0.632418
130_bNAb_Combinations|1313974|sample|3|nan|1176,0.008,0.763766,4,3,1,0.83018,0.83018,0.535392,0.523957,2.04108,2.18928
130_bNAb_Combinations|1313974|sample|3|nan|1176,0.04,0.33966,5,3,1,0.83018,0.83018,0.313885,0.299081,0.388515,0.641064
130_bNAb_Combinations|1313974|sample|3|nan|1176,0.2,0.074798,6,3,1,0.83018,0.83018,0.110478,0.101217,-1.45504,-1.16808
130_bNAb_Combinations|1313974|sample|3|nan|1176,1,0.0275637,7,3,1,0.797424,0.797424,0.0285367,0.027379,-0.126792,0.0248482
130_bNAb_Combinations|1313974|sample|3|nan|1176,5,0.0219257,8,3,1,0.758349,0.758349,0.0185841,0.0192603,0.593843,0.462243
130_bNAb_Combinations|1313974|sample|4|nan|1176,0.000064,0.596254,1,4,1,0.758349,0.758349,0.737119,0.733578,-0.918487,-0.89967
130_bNAb_Combinations|1313974|sample|4|nan|1176,0.00032,0.751363,2,4,1,0.797424,0.797424,0.744621,0.738432,0.0435178,0.0841641
130_bNAb_Combinations|1313974|sample|4|nan|1176,0.0016,0.81952,3,4,1,0.83018,0.83018,0.708723,0.695417,0.751024,0.857107
130_bNAb_Combinations|1313974|sample|4|nan|1176,0.008,0.746852,4,4,1,0.85764,0.85764,0.59838,0.572427,1.18929,1.45957
130_bNAb_Combinations|1313974|sample|4|nan|1176,0.04,0.327758,5,4,1,0.85764,0.85764,0.384309,0.347849,-0.69968,-0.273988
130_bNAb_Combinations|1313974|sample|4|nan|1176,0.2,0.106747,6,4,1,0.83018,0.83018,0.150098,0.123186,-1.32703,-0.605826
130_bNAb_Combinations|1313974|sample|4|nan|1176,1,0.0308213,7,4,1,0.797424,0.797424,0.0316182,0.0260951,-0.0959318,0.659019
130_bNAb_Combinations|1313974|sample|4|nan|1176,5,0.0120278,8,4,1,0.758349,0.758349,0.0100418,0.0122586,0.513083,-0.0533359
130_bNAb_Combinations|1313974|sample|5|nan|1176,0.0006144,0.585729,1,5,1,0.758349,0.758349,0.676941,0.676066,-0.646917,-0.641534
130_bNAb_Combinations|1313974|sample|5|nan|1176,0.003072,0.613794,2,5,1,0.797424,0.797424,0.612801,0.612679,0.00777562,0.00872639
130_bNAb_Combinations|1313974|sample|5|nan|1176,0.01536,0.526467,3,5,1,0.83018,0.83018,0.457891,0.457799,0.714678,0.715778
130_bNAb_Combinations|1313974|sample|5|nan|1176,0.0768,0.174278,4,5,1,0.85764,0.85764,0.236034,0.235616,-1.22683,-1.22062
130_bNAb_Combinations|1313974|sample|5|nan|1176,0.384,0.0800601,5,5,1,0.85764,0.85764,0.0714899,0.0710346,0.519244,0.549945
130_bNAb_Combinations|1313974|sample|5|nan|1176,1.92,0.03458,6,5,1,0.83018,0.83018,0.0280384,0.027716,0.86402,0.914617
130_bNAb_Combinations|1313974|sample|5|nan|1176,9.6,0.0281902,7,5,1,0.797424,0.797424,0.0243049,0.0239937,0.571084,0.622672
130_bNAb_Combinations|1313974|sample|5|nan|1176,48,0.00826912,8,5,1,0.758349,0.758349,0.0231116,0.022781,-2.26324,-2.23601
130_bNAb_Combinations|1313974|sample|6|nan|1176,0.0006144,0.51469,1,6,1,0.758349,0.758349,0.671629,0.67796,-1.12178,-1.15628
130_bNAb_Combinations|1313974|sample|6|nan|1176,0.003072,0.808369,2,6,1,0.797424,0.797424,0.602102,0.616666,1.64218,1.49069
130_bNAb_Combinations|1313974|sample|6|nan|1176,0.01536,0.47986,3,6,1,0.83018,0.83018,0.441287,0.464732,0.416826,0.15538
130_bNAb_Combinations|1313974|sample|6|nan|1176,0.0768,0.164756,4,6,1,0.85764,0.85764,0.222226,0.243978,-1.20993,-1.52435
130_bNAb_Combinations|1313974|sample|6|nan|1176,0.384,0.0816889,5,6,1,0.85764,0.85764,0.073378,0.0768413,0.491961,0.275343
130_bNAb_Combinations|1313974|sample|6|nan|1176,1.92,0.045856,6,6,1,0.83018,0.83018,0.0390394,0.0311671,0.693237,1.7882
130_bNAb_Combinations|1313974|sample|6|nan|1176,9.6,0.023805,7,6,1,0.797424,0.797424,0.0359252,0.0270022,-1.31845,-0.434508
130_bNAb_Combinations|1313974|sample|6|nan|1176,48,0.00789325,8,6,1,0.758349,0.758349,0.0342011,0.025634,-2.97661,-2.50692
130_bNAb_Combinations|1313974|sample|7|nan|1176,0.0000768,0.626699,1,7,1,0.758349,0.758349,0.75908,0.758349,-0.838476,-0.834643
130_bNAb_Combinations|1313974|sample|7|nan|1176,0.000384,0.800727,2,7,1,0.797424,0.797424,0.796977,0.797424,0.022633,0.0199257
130_bNAb_Combinations|1313974|sample|7|nan|1176,0.00192,0.993736,3,7,1,0.83018,0.83018,0.828908,0.830176,0.956967,0.94817
130_bNAb_Combinations|1313974|sample|7|nan|1176,0.0096,1,4,7,1,0.85764,0.85764,0.855701,0.857539,0.811816,0.799776
130_bNAb_Combinations|1313974|sample|7|nan|1176,0.048,0.854476,5,7,1,0.85764,0.85764,0.853076,0.855411,0.00789867,-0.0052615
130_bNAb_Combinations|1313974|sample|7|nan|1176,0.24,0.743344,6,7,1,0.83018,0.83018,0.773098,0.784475,-0.185081,-0.252177
130_bNAb_Combinations|1313974|sample|7|nan|1176,1.2,0.326505,7,7,1,0.797424,0.797424,0.287807,0.312555,0.634581,0.211136
130_bNAb_Combinations|1313974|sample|7|nan|1176,6,0.132932,8,7,1,0.758349,0.758349,0.171829,0.127527,-1.04741,0.192855
130_bNAb_Combinations|1313974|sample|8|nan|1176,0.0000768,0.625321,1,8,1,0.758349,0.758349,0.75908,0.758349,-0.847205,-0.84338
130_bNAb_Combinations|1313974|sample|8|nan|1176,0.000384,0.783938,2,8,1,0.797424,0.797424,0.796977,0.797424,-0.0787043,-0.0813548
130_bNAb_Combinations|1313974|sample|8|nan|1176,0.00192,0.983211,3,8,1,0.83018,0.83018,0.828912,0.830177,0.895838,0.88715
130_bNAb_Combinations|1313974|sample|8|nan|1176,0.0096,0.927081,4,8,1,0.85764,0.85764,0.855787,0.857568,0.401055,0.390235
130_bNAb_Combinations|1313974|sample|8|nan|1176,0.048,0.862056,5,8,1,0.85764,0.85764,0.854977,0.856051,0.0398578,0.0337728
130_bNAb_Combinations|1313974|sample|8|nan|1176,0.24,0.641108,6,8,1,0.83018,0.83018,0.811124,0.797256,-1.0085,-0.942176
130_bNAb_Combinations|1313974|sample|8|nan|1176,1.2,0.408069,7,8,1,0.797424,0.797424,0.528435,0.388127,-1.0897,0.244354
130_bNAb_Combinations|1313974|sample|8|nan|1176,6,0.107499,8,8,1,0.758349,0.758349,0.0686626,0.103144,2.43885,0.189195
130_bNAb_Combinations|1313974|sample|9|nan|1176,0.0003648,0.584727,1,9,1,0.758349,0.758349,0.75908,0.758349,-1.10432,-1.10074
130_bNAb_Combinations|1313974|sample|9|nan|1176,0.001824,0.879471,2,9,1,0.797424,0.797424,0.796974,0.79742,0.497951,0.494982
130_bNAb_Combinations|1313974|sample|9|nan|1176,0.00912,0.847836,3,9,1,0.83018,0.83018,0.828837,0.830099,0.110315,0.102827
130_bNAb_Combinations|1313974|sample|9|nan|1176,0.0456,0.917183,4,9,1,0.85764,0.85764,0.854084,0.855803,0.355659,0.345283
130_bNAb_Combinations|1313974|sample|9|nan|1176,0.228,0.733697,5,9,1,0.85764,0.85764,0.818711,0.818511,-0.499662,-0.498609
130_bNAb_Combinations|1313974|sample|9|nan|1176,1.14,0.394788,6,9,1,0.83018,0.83018,0.396261,0.377979,-0.0176877,0.211371
130_bNAb_Combinations|1313974|sample|9|nan|1176,5.7,0.20109,7,9,1,0.797424,0.797424,0.178594,0.157465,0.583914,1.27623
130_bNAb_Combinations|1313974|sample|9|nan|1176,28.5,0.0780555,8,9,1,0.758349,0.758349,0.169999,0.149654,-2.50119,-2.19785
130_bNAb_Combinations|1313974|vc|1|2|nan|1176,0,0.615047,1,2,1,0.758349,0.758349,0.75908,0.758349,-0.912278,-0.908514
130_bNAb_Combinations|1313974|vc|2|2|nan|1176,0,0.671678,2,2,1,0.797424,0.797424,0.796977,0.797424,-0.756297,-0.758572
130_bNAb_Combinations|1313974|vc|3|2|nan|1176,0,0.718411,3,2,1,0.797424,0.797424,0.796977,0.797424,-0.474219,-0.476651
130_bNAb_Combinations|1313974|vc|4|2|nan|1176,0,0.81739,4,2,1,0.797424,0.797424,0.796977,0.797424,0.123212,0.120449
130_bNAb_Combinations|1313974|vc|5|2|nan|1176,0,0.786068,5,2,1,0.797424,0.797424,0.796977,0.797424,-0.0658487,-0.0685066
130_bNAb_Combinations|1313974|vc|6|2|nan|1176,0,0.718662,6,2,1,0.797424,0.797424,0.796977,0.797424,-0.472706,-0.475139
130_bNAb_Combinations|1313974|vc|7|2|nan|1176,0,0.706008,7,2,1,0.797424,0.797424,0.796977,0.797424,-0.549087,-0.551477
130_bNAb_Combinations|1313974|vc|8|2|nan|1176,0,0.513437,8,2,1,0.758349,0.758349,0.75908,0.758349,-1.55586,-1.55271
130_bNAb_Combinations|1313992|cc|1|1|RHPA4259.7|5371,0,0.000660826,1,1,0,0,0,0,0,0.365899,0.365899
130_bNAb_Combinations|1313992|cc|2|1|RHPA4259.7|5371,0,0.00171458,2,1,0,0,0,0,0,0.94936,0.94936
130_bNAb_Combinations|1313992|cc|3|1|RHPA4259.7|5371,0,0.00114305,3,1,0,0,0,0,0,0.632907,0.632907
130_bNAb_Combinations|1313992|cc|4|1|RHPA4259.7|5371,0,0.00148239,4,1,0,0,0,0,0,0.820801,0.820801
130_bNAb_Combinations|1313992|cc|5|1|RHPA4259.7|5371,0,0.00150025,5,1,0,0,0,0,0,0.83069,0.83069
130_bNAb_Combinations|1313992|cc|6|1|RHPA4259.7|5371,0,0.00133951,6,1,0,0,0,0,0,0.741688,0.741688
130_bNAb_Combinations|1313992|cc|7|1|RHPA4259.7|5371,0,0.001661,7,1,0,0,0,0,0,0.919693,0.919693
130_bNAb_Combinations|1313992|cc|8|1|RHPA4259.7|5371,0,0.00142881,8,1,0,0,0,0,0,0.791134,0.791134
130_bNAb_Combinations|1313992|sample|10|RHPA4259.7|5371,0.0003648,0.6759,1,10,1,0.758349,0.758351,0.727517,0.726957,-0.340948,-0.337505
130_bNAb_Combinations|1313992|sample|10|RHPA4259.7|5371,0.001824,0.701074,2,10,1,0.797424,0.797425,0.696158,0.69698,0.033917,0.0282164
130_bNAb_Combinations|1313992|sample|10|RHPA4259.7|5371,0.00912,0.541985,3,10,1,0.83018,0.830182,0.539907,0.541811,0.0184206,0.00153206
130_bNAb_Combinations|1313992|sample|10|RHPA4259.7|5371,0.0456,0.23562,4,10,1,0.83018,0.830182,0.21718,0.21896,0.396899,0.355795
130_bNAb_Combinations|1313992|sample|10|RHPA4259.7|5371,0.228,0.0160206,5,10,1,0.83018,0.830182,0.0153465,0.0158755,0.135862,0.0286051
130_bNAb_Combinations|1313992|sample|10|RHPA4259.7|5371,1.14,0.00158956,6,10,1,0.83018,0.830182,0.000548406,0.00078651,0.542606,0.408103
130_bNAb_Combinations|1313992|sample|10|RHPA4259.7|5371,5.7,0.000392924,7,10,1,0.797424,0.797425,0.000512595,0.00073998,-0.0626084,-0.177234
130_bNAb_Combinations|1313992|sample|10|RHPA4259.7|5371,28.5,0.000928729,8,10,1,0.758349,0.758351,0.000488221,0.00070372,0.231066,0.115346
130_bNAb_Combinations|1313992|sample|11|RHPA4259.7|5371,0.0003712,0.650289,1,11,1,0.758349,0.758351,0.722841,0.721727,-0.482295,-0.475612
130_bNAb_Combinations|1313992|sample|11|RHPA4259.7|5371,0.001856,0.618283,2,11,1,0.797424,0.797425,0.683632,0.682777,-0.459005,-0.453559
130_bNAb_Combinations|1313992|sample|11|RHPA4259.7|5371,0.00928,0.451639,3,11,1,0.797424,0.797425,0.493767,0.491277,-0.4077,-0.385515
130_bNAb_Combinations|1313992|sample|11|RHPA4259.7|5371,0.0464,0.163215,4,11,1,0.797424,0.797425,0.182842,0.179905,-0.498132,-0.430176
130_bNAb_Combinations|1313992|sample|11|RHPA4259.7|5371,0.2319999999999999,0.0123414,5,11,1,0.797424,0.797425,0.0105692,0.010267,0.445354,0.529574
130_bNAb_Combinations|1313992|sample|11|RHPA4259.7|5371,1.16,0,6,11,1,0.797424,0.797425,0.0002643,0.000475145,-0.142068,-0.249586
130_bNAb_Combinations|1313992|sample|11|RHPA4259.7|5371,5.8,0.000839428,7,11,1,0.797424,0.797425,0.000256906,0.000468668,0.313376,0.194891
130_bNAb_Combinations|1313992|sample|11|RHPA4259.7|5371,29,0.000500085,8,11,1,0.758349,0.758351,0.00024469,0.000445702,0.137579,0.0286574
130_bNAb_Combinations|1313992|sample|12|RHPA4259.7|5371,0.0003712,0.617105,1,12,1,0.758349,0.758351,0.727973,0.726363,-0.731868,-0.722825
130_bNAb_Combinations|1313992|sample|12|RHPA4259.7|5371,0.001856,0.643716,2,12,1,0.758349,0.758351,0.66573,0.66249,-0.158725,-0.136017
130_bNAb_Combinations|1313992|sample|12|RHPA4259.7|5371,0.00928,0.450916,3,12,1,0.758349,0.758351,0.504,0.497407,-0.503481,-0.446693
130_bNAb_Combinations|1313992|sample|12|RHPA4259.7|5371,0.0464,0.208089,4,12,1,0.758349,0.758351,0.215459,0.207355,-0.159852,0.0165082
130_bNAb_Combinations|1313992|sample|12|RHPA4259.7|5371,0.2319999999999999,0.0184138,5,12,1,0.758349,0.758351,0.0187125,0.0168114,-0.0528318,0.3045
130_bNAb_Combinations|1313992|sample|12|RHPA4259.7|5371,1.16,0.000125021,6,12,1,0.758349,0.758351,0.000340564,0.000366267,-0.114891,-0.128231
130_bNAb_Combinations|1313992|sample|12|RHPA4259.7|5371,5.8,0.000500085,7,12,1,0.758349,0.758351,0.000302979,0.000338161,0.105498,0.0863336
130_bNAb_Combinations|1313992|sample|12|RHPA4259.7|5371,29,0.000285763,8,12,1,0.758349,0.758351,0.000302979,0.000338161,-0.0092146,-0.0279371
130_bNAb_Combinations|1313992|sample|3|RHPA4259.7|5371,0.000064,0.754539,1,3,1,0.758349,0.758351,0.759082,0.758351,-0.028776,-0.0241667
130_bNAb_Combinations|1313992|sample|3|RHPA4259.7|5371,0.00032,0.910976,2,3,1,0.797424,0.797425,0.796979,0.797425,0.688074,0.685003
130_bNAb_Combinations|1313992|sample|3|RHPA4259.7|5371,0.0016,0.927479,3,3,1,0.83018,0.830182,0.828916,0.830182,0.572239,0.564034
130_bNAb_Combinations|1313992|sample|3|RHPA4259.7|5371,0.008,0.944785,4,3,1,0.83018,0.830182,0.828914,0.830181,0.672725,0.664369
130_bNAb_Combinations|1313992|sample|3|RHPA4259.7|5371,0.04,0.905162,5,3,1,0.83018,0.830182,0.828804,0.830061,0.443381,0.435427
130_bNAb_Combinations|1313992|sample|3|RHPA4259.7|5371,0.2,0.651807,6,3,1,0.83018,0.830182,0.818064,0.818448,-0.977926,-0.979729
130_bNAb_Combinations|1313992|sample|3|RHPA4259.7|5371,1,0.224351,7,3,1,0.797424,0.797425,0.238936,0.218428,-0.286354,0.126774
130_bNAb_Combinations|1313992|sample|3|RHPA4259.7|5371,5,0.0158956,8,3,1,0.758349,0.758351,0.0134929,0.014988,0.524558,0.185686
130_bNAb_Combinations|1313992|sample|4|RHPA4259.7|5371,0.000064,0.699119,1,4,1,0.758349,0.758351,0.759082,0.758351,-0.379797,-0.375522
130_bNAb_Combinations|1313992|sample|4|RHPA4259.7|5371,0.00032,0.930694,2,4,1,0.797424,0.797425,0.796979,0.797425,0.807088,0.803951
130_bNAb_Combinations|1313992|sample|4|RHPA4259.7|5371,0.0016,0.969602,3,4,1,0.83018,0.830182,0.828916,0.830182,0.816799,0.808225
130_bNAb_Combinations|1313992|sample|4|RHPA4259.7|5371,0.008,1,4,4,1,0.85764,0.857642,0.855827,0.85764,0.81099,0.799111
130_bNAb_Combinations|1313992|sample|4|RHPA4259.7|5371,0.04,0.855217,5,4,1,0.85764,0.857642,0.855703,0.857519,-0.00273955,-0.0129264
130_bNAb_Combinations|1313992|sample|4|RHPA4259.7|5371,0.2,0.614506,6,4,1,0.83018,0.830182,0.817173,0.818616,-1.19338,-1.19978
130_bNAb_Combinations|1313992|sample|4|RHPA4259.7|5371,1,0.229173,7,4,1,0.797424,0.797425,0.218271,0.223033,0.233523,0.128807
130_bNAb_Combinations|1313992|sample|4|RHPA4259.7|5371,5,0.0174851,8,4,1,0.758349,0.758351,0.0168493,0.0165132,0.120643,0.186853
130_bNAb_Combinations|1313992|sample|5|RHPA4259.7|5371,0.0006144,0.682232,1,5,1,0.758349,0.758351,0.759082,0.758351,-0.486755,-0.482582
130_bNAb_Combinations|1313992|sample|5|RHPA4259.7|5371,0.003072,0.897884,2,5,1,0.797424,0.797425,0.796979,0.797425,0.609055,0.606027
130_bNAb_Combinations|1313992|sample|5|RHPA4259.7|5371,0.01536,0.905895,3,5,1,0.83018,0.830182,0.828913,0.830179,0.446943,0.438929
130_bNAb_Combinations|1313992|sample|5|RHPA4259.7|5371,0.0768,0.832025,4,5,1,0.85764,0.857642,0.855566,0.857346,-0.132459,-0.142182
130_bNAb_Combinations|1313992|sample|5|RHPA4259.7|5371,0.384,0.471151,5,5,1,0.85764,0.857642,0.830563,0.829185,-2.08258,-2.07801
130_bNAb_Combinations|1313992|sample|5|RHPA4259.7|5371,1.92,0.0757807,6,5,1,0.83018,0.830182,0.0926435,0.0722483,-0.808585,0.212017
130_bNAb_Combinations|1313992|sample|5|RHPA4259.7|5371,9.6,0.0066797,7,5,1,0.797424,0.797425,0.00304738,0.00423512,1.49318,0.913238
130_bNAb_Combinations|1313992|sample|5|RHPA4259.7|5371,48,0.00155384,8,5,1,0.758349,0.758351,0.00290245,0.0040276,-0.561264,-0.939109
130_bNAb_Combinations|1313992|sample|6|RHPA4259.7|5371,0.0006144,0.679213,1,6,1,0.758349,0.758351,0.759082,0.758351,-0.505873,-0.501718
130_bNAb_Combinations|1313992|sample|6|RHPA4259.7|5371,0.003072,0.909244,2,6,1,0.797424,0.797425,0.796979,0.797425,0.677617,0.674552
130_bNAb_Combinations|1313992|sample|6|RHPA4259.7|5371,0.01536,0.882409,3,6,1,0.83018,0.830182,0.828913,0.830179,0.310587,0.302778
130_bNAb_Combinations|1313992|sample|6|RHPA4259.7|5371,0.0768,0.759665,4,6,1,0.85764,0.857642,0.855552,0.857354,-0.539546,-0.548546
130_bNAb_Combinations|1313992|sample|6|RHPA4259.7|5371,0.384,0.442039,5,6,1,0.85764,0.857642,0.829224,0.829992,-2.24709,-2.24949
130_bNAb_Combinations|1313992|sample|6|RHPA4259.7|5371,1.92,0.0812102,6,6,1,0.83018,0.830182,0.083951,0.0774448,-0.143744,0.212381
130_bNAb_Combinations|1313992|sample|6|RHPA4259.7|5371,9.6,0.00728695,7,6,1,0.797424,0.797425,0.00503665,0.00441758,0.791906,1.05711
130_bNAb_Combinations|1313992|sample|6|RHPA4259.7|5371,48,0.000660826,8,6,1,0.758349,0.758351,0.00479714,0.00420111,-1.48128,-1.32603
130_bNAb_Combinations|1313992|sample|7|RHPA4259.7|5371,0.0000768,0.658728,1,7,1,0.758349,0.758351,0.749107,0.748045,-0.579978,-0.57397
130_bNAb_Combinations|1313992|sample|7|RHPA4259.7|5371,0.000384,0.835624,2,7,1,0.797424,0.797425,0.764058,0.76338,0.45037,0.455036
130_bNAb_Combinations|1313992|sample|7|RHPA4259.7|5371,0.00192,0.789589,3,7,1,0.83018,0.830182,0.724723,0.722499,0.430095,0.446194
130_bNAb_Combinations|1313992|sample|7|RHPA4259.7|5371,0.0096,0.635402,4,7,1,0.85764,0.857642,0.559139,0.552266,0.653101,0.720679
130_bNAb_Combinations|1313992|sample|7|RHPA4259.7|5371,0.048,0.221618,5,7,1,0.85764,0.857642,0.226664,0.217399,-0.104224,0.0907181
130_bNAb_Combinations|1313992|sample|7|RHPA4259.7|5371,0.24,0.0149132,6,7,1,0.83018,0.830182,0.0161265,0.0149465,-0.23688,-0.00681508
130_bNAb_Combinations|1313992|sample|7|RHPA4259.7|5371,1.2,0.00198248,7,7,1,0.797424,0.797425,0.00071936,0.00150172,0.646446,0.227332
130_bNAb_Combinations|1313992|sample|7|RHPA4259.7|5371,6,0.00167886,8,7,1,0.758349,0.758351,0.000668824,0.0014169,0.519684,0.124898
130_bNAb_Combinations|1313992|sample|8|RHPA4259.7|5371,0.0000768,0.639796,1,8,1,0.758349,0.758351,0.749806,0.749021,-0.705306,-0.700994
130_bNAb_Combinations|1313992|sample|8|RHPA4259.7|5371,0.000384,0.832418,2,8,1,0.797424,0.797425,0.766336,0.766558,0.414638,0.413122
130_bNAb_Combinations|1313992|sample|8|RHPA4259.7|5371,0.00192,0.855234,3,8,1,0.83018,0.830182,0.731623,0.732116,0.811971,0.808191
130_bNAb_Combinations|1313992|sample|8|RHPA4259.7|5371,0.0096,0.694582,4,8,1,0.85764,0.857642,0.576155,0.575845,0.984677,0.987769
130_bNAb_Combinations|1313992|sample|8|RHPA4259.7|5371,0.048,0.261848,5,8,1,0.85764,0.857642,0.248719,0.24735,0.247977,0.275301
130_bNAb_Combinations|1313992|sample|8|RHPA4259.7|5371,0.24,0.0198069,6,8,1,0.83018,0.830182,0.0206456,0.0206252,-0.138602,-0.135329
130_bNAb_Combinations|1313992|sample|8|RHPA4259.7|5371,1.2,0.00117877,7,8,1,0.797424,0.797425,0.000215083,0.000692152,0.52084,0.24976
130_bNAb_Combinations|1313992|sample|8|RHPA4259.7|5371,6,0.000464364,8,8,1,0.758349,0.758351,0.000169739,0.000625474,0.160041,-0.0832764
130_bNAb_Combinations|1313992|sample|9|RHPA4259.7|5371,0.0003648,0.59653,1,9,1,0.758349,0.758351,0.728388,0.727372,-0.86994,-0.864427
130_bNAb_Combinations|1313992|sample|9|RHPA4259.7|5371,0.001824,0.754182,2,9,1,0.797424,0.797425,0.698813,0.698245,0.380565,0.38478
130_bNAb_Combinations|1313992|sample|9|RHPA4259.7|5371,0.00912,0.593958,3,9,1,0.83018,0.830182,0.546444,0.544921,0.416194,0.430719
130_bNAb_Combinations|1313992|sample|9|RHPA4259.7|5371,0.0456,0.260651,4,9,1,0.85764,0.857642,0.232725,0.230199,0.562393,0.619738
130_bNAb_Combinations|1313992|sample|9|RHPA4259.7|5371,0.228,0.0158598,5,9,1,0.85764,0.857642,0.0173954,0.0170273,-0.285284,-0.219975
130_bNAb_Combinations|1313992|sample|9|RHPA4259.7|5371,1.14,0.000964449,6,9,1,0.83018,0.830182,0.000248003,0.000532529,0.385803,0.225484
130_bNAb_Combinations|1313992|sample|9|RHPA4259.7|5371,5.7,0.000267903,7,9,1,0.797424,0.797425,0.000218403,0.000493513,0.0267427,-0.118275
130_bNAb_Combinations|1313992|sample|9|RHPA4259.7|5371,28.5,0.000839428,8,9,1,0.758349,0.758351,0.000208018,0.00046933,0.341523,0.194529
130_bNAb_Combinations|1313992|vc|1|2|RHPA4259.7|5371,0,0.779132,1,2,1,0.758349,0.758351,0.759082,0.758351,0.126995,0.131752
130_bNAb_Combinations|1313992|vc|2|2|RHPA4259.7|5371,0,0.953474,2,2,1,0.797424,0.797425,0.796979,0.797425,0.94459,0.941377
130_bNAb_Combinations|1313992|vc|3|2|RHPA4259.7|5371,0,0.91795,3,2,1,0.797424,0.797425,0.796979,0.797425,0.730171,0.727076
130_bNAb_Combinations|1313992|vc|4|2|RHPA4259.7|5371,0,0.938007,4,2,1,0.797424,0.797425,0.796979,0.797425,0.851233,0.848072
130_bNAb_Combinations|1313992|vc|5|2|RHPA4259.7|5371,0,0.961699,5,2,1,0.797424,0.797425,0.796979,0.797425,0.994233,0.990993
130_bNAb_Combinations|1313992|vc|6|2|RHPA4259.7|5371,0,0.866995,6,2,1,0.797424,0.797425,0.796979,0.797425,0.42261,0.419686
130_bNAb_Combinations|1313992|vc|7|2|RHPA4259.7|5371,0,0.852279,7,2,1,0.797424,0.797425,0.796979,0.797425,0.333781,0.330905
130_bNAb_Combinations|1313992|vc|8|2|RHPA4259.7|5371,0,0.715353,8,2,1,0.758349,0.758351,0.759082,0.758351,-0.276968,-0.272595
130_bNAb_Combinations|1314016|cc|1|1|nan|3430,0,0.0013549,1,1,0,0,0,0,0,0.750205,0.750205
130_bNAb_Combinations|1314016|cc|2|1|nan|3430,0,0.00201049,2,1,0,0,0,0,0,1.11321,1.11321
130_bNAb_Combinations|1314016|cc|3|1|nan|3430,0,0.00170455,3,1,0,0,0,0,0,0.943806,0.943806
130_bNAb_Combinations|1314016|cc|4|1|nan|3430,0,0.00253497,4,1,0,0,0,0,0,1.40361,1.40361
130_bNAb_Combinations|1314016|cc|5|1|nan|3430,0,0.00104895,5,1,0,0,0,0,0,0.580804,0.580804
130_bNAb_Combinations|1314016|cc|6|1|nan|3430,0,0.000743007,6,1,0,0,0,0,0,0.411403,0.411403
130_bNAb_Combinations|1314016|cc|7|1|nan|3430,0,0,7,1,0,0,0,0,0,0,0
130_bNAb_Combinations|1314016|cc|8|1|nan|3430,0,0.00187937,8,1,0,0,0,0,0,1.04061,1.04061
130_bNAb_Combinations|1314016|sample|10|nan|3430,0.0003648,0.774781,1,10,1,0.758349,0.844865,0.834876,0.837439,-0.346432,-0.360116
130_bNAb_Combinations|1314016|sample|10|nan|3430,0.001824,0.738134,2,10,1,0.797424,0.869951,0.836935,0.839631,-0.568181,-0.581833
130_bNAb_Combinations|1314016|sample|10|nan|3430,0.00912,0.636976,3,10,1,0.83018,0.89098,0.770672,0.772972,-0.834219,-0.846072
130_bNAb_Combinations|1314016|sample|10|nan|3430,0.0456,0.400415,4,10,1,0.83018,0.89098,0.507245,0.50819,-1.00686,-1.01391
130_bNAb_Combinations|1314016|sample|10|nan|3430,0.228,0.120367,5,10,1,0.83018,0.89098,0.112254,0.112081,0.32598,0.333432
130_bNAb_Combinations|1314016|sample|10|nan|3430,1.14,0.0218531,6,10,1,0.83018,0.89098,0.0149179,0.0149445,1.42309,1.41604
130_bNAb_Combinations|1314016|sample|10|nan|3430,5.7,0.0119318,7,10,1,0.797424,0.869951,0.0140625,0.0140935,-0.453585,-0.459553
130_bNAb_Combinations|1314016|sample|10|nan|3430,28.5,0.00895979,8,10,1,0.758349,0.844865,0.0136601,0.0136871,-1.01854,-1.02316
130_bNAb_Combinations|1314016|sample|11|nan|3430,0.0003712,1,1,11,1,0.758349,0.844865,0.828688,0.831112,0.994876,0.977968
130_bNAb_Combinations|1314016|sample|11|nan|3430,0.001856,0.764248,2,11,1,0.797424,0.869951,0.817367,0.819577,-0.31271,-0.324852
130_bNAb_Combinations|1314016|sample|11|nan|3430,0.00928,0.669886,3,11,1,0.797424,0.869951,0.700156,0.700932,-0.207657,-0.212746
130_bNAb_Combinations|1314016|sample|11|nan|3430,0.0464,0.36392,4,11,1,0.797424,0.869951,0.403422,0.401691,-0.466073,-0.44753
130_bNAb_Combinations|1314016|sample|11|nan|3430,0.2319999999999999,0.066521,5,11,1,0.797424,0.869951,0.0629333,0.0619985,0.243297,0.310743
130_bNAb_Combinations|1314016|sample|11|nan|3430,1.16,0.00305944,6,11,1,0.797424,0.869951,0.00118661,0.00184466,0.913572,0.555881
130_bNAb_Combinations|1314016|sample|11|nan|3430,5.8,0.000437063,7,11,1,0.797424,0.869951,0.000923527,0.00160241,-0.243729,-0.545701
130_bNAb_Combinations|1314016|sample|11|nan|3430,29,0.00227273,8,11,1,0.758349,0.844865,0.000897096,0.00155621,0.691103,0.337027
130_bNAb_Combinations|1314016|sample|12|nan|3430,0.0003712,0.984091,1,12,1,0.758349,0.844865,0.827948,0.830443,0.907581,0.890425
130_bNAb_Combinations|1314016|sample|12|nan|3430,0.001856,0.80153,2,12,1,0.758349,0.844865,0.791404,0.793619,0.0615441,0.0479466
130_bNAb_Combinations|1314016|sample|12|nan|3430,0.00928,0.693553,3,12,1,0.758349,0.844865,0.672162,0.673533,0.152786,0.142705
130_bNAb_Combinations|1314016|sample|12|nan|3430,0.0464,0.359899,4,12,1,0.758349,0.844865,0.375627,0.375469,-0.19898,-0.197071
130_bNAb_Combinations|1314016|sample|12|nan|3430,0.2319999999999999,0.0557255,5,12,1,0.758349,0.844865,0.0525053,0.0524179,0.25554,0.262844
130_bNAb_Combinations|1314016|sample|12|nan|3430,1.16,0.000305944,6,12,1,0.758349,0.844865,0.000406037,0.000924544,-0.0529724,-0.309899
130_bNAb_Combinations|1314016|sample|12|nan|3430,5.8,0.00104895,7,12,1,0.758349,0.844865,0.000241062,0.000765615,0.435379,0.144305
130_bNAb_Combinations|1314016|sample|12|nan|3430,29,0.00161713,8,12,1,0.758349,0.844865,0.000241061,0.000765615,0.741578,0.433684
130_bNAb_Combinations|1314016|sample|3|nan|3430,0.000064,0.934375,1,3,1,0.758349,0.844865,0.753226,0.753918,1.15618,1.15072
130_bNAb_Combinations|1314016|sample|3|nan|3430,0.00032,0.84434,2,3,1,0.797424,0.869951,0.667451,0.66628,1.2722,1.28284
130_bNAb_Combinations|1314016|sample|3|nan|3430,0.0016,0.64458,3,3,1,0.83018,0.89098,0.482623,0.478619,1.60292,1.65603
130_bNAb_Combinations|1314016|sample|3|nan|3430,0.008,0.217177,4,3,1,0.83018,0.89098,0.218755,0.213888,-0.033742,0.0718335
130_bNAb_Combinations|1314016|sample|3|nan|3430,0.04,0.0300699,5,3,1,0.83018,0.89098,0.0426391,0.0410557,-1.18878,-1.07204
130_bNAb_Combinations|1314016|sample|3|nan|3430,0.2,0.0116259,6,3,1,0.83018,0.89098,0.00955089,0.00990056,0.55042,0.4491
130_bNAb_Combinations|1314016|sample|3|nan|3430,1,0.00983392,7,3,1,0.797424,0.869951,0.00864678,0.00907505,0.331239,0.206663
130_bNAb_Combinations|1314016|sample|3|nan|3430,5,0.00957168,8,3,1,0.758349,0.844865,0.00839896,0.00881309,0.331938,0.209665
130_bNAb_Combinations|1314016|sample|4|nan|3430,0.000064,0.986801,1,4,1,0.758349,0.844865,0.758576,0.758369,1.44648,1.44819
130_bNAb_Combinations|1314016|sample|4|nan|3430,0.00032,0.92017,2,4,1,0.797424,0.869951,0.678563,0.675484,1.70957,1.73914
130_bNAb_Combinations|1314016|sample|4|nan|3430,0.0016,0.701202,3,4,1,0.83018,0.89098,0.501337,0.493949,1.90552,2.00501
130_bNAb_Combinations|1314016|sample|4|nan|3430,0.008,0.233566,4,4,1,0.85764,0.908608,0.242591,0.233621,-0.17461,-0.00110262
130_bNAb_Combinations|1314016|sample|4|nan|3430,0.04,0.0290647,5,4,1,0.85764,0.908608,0.049544,0.0460862,-1.70762,-1.50874
130_bNAb_Combinations|1314016|sample|4|nan|3430,0.2,0.0108392,6,4,1,0.83018,0.89098,0.00770795,0.00796018,0.923422,0.836245
130_bNAb_Combinations|1314016|sample|4|nan|3430,1,0.0083042,7,4,1,0.797424,0.869951,0.00643643,0.00689171,0.596836,0.438245
130_bNAb_Combinations|1314016|sample|4|nan|3430,5,0.00472028,8,4,1,0.758349,0.844865,0.00625124,0.00669234,-0.495239,-0.619744
130_bNAb_Combinations|1314016|sample|5|nan|3430,0.0006144,0.749082,1,5,1,0.758349,0.844865,0.581138,0.575162,1.38459,1.44853
130_bNAb_Combinations|1314016|sample|5|nan|3430,0.003072,0.389576,2,5,1,0.797424,0.869951,0.366541,0.356604,0.298487,0.438876
130_bNAb_Combinations|1314016|sample|5|nan|3430,0.01536,0.0907343,3,5,1,0.83018,0.89098,0.126377,0.118742,-1.28255,-1.06815
130_bNAb_Combinations|1314016|sample|5|nan|3430,0.0768,0.0207168,4,5,1,0.85764,0.908608,0.0194694,0.0184065,0.214729,0.41324
130_bNAb_Combinations|1314016|sample|5|nan|3430,0.384,0.0156906,5,5,1,0.85764,0.908608,0.00993384,0.0102986,1.49582,1.37425
130_bNAb_Combinations|1314016|sample|5|nan|3430,1.92,0.00690559,6,5,1,0.83018,0.89098,0.00968725,0.0100613,-0.732428,-0.814419
130_bNAb_Combinations|1314016|sample|5|nan|3430,9.6,0.00743007,7,5,1,0.797424,0.869951,0.00945913,0.0098238,-0.540946,-0.62566
130_bNAb_Combinations|1314016|sample|5|nan|3430,48,0.0101836,8,5,1,0.758349,0.844865,0.00918843,0.00954053,0.269298,0.170672
130_bNAb_Combinations|1314016|sample|6|nan|3430,0.0006144,0.677579,1,6,1,0.758349,0.844865,0.559505,0.574812,1.0105,0.856427
130_bNAb_Combinations|1314016|sample|6|nan|3430,0.003072,0.36038,2,6,1,0.797424,0.869951,0.335931,0.355781,0.34495,0.0613596
130_bNAb_Combinations|1314016|sample|6|nan|3430,0.01536,0.088243,3,6,1,0.83018,0.89098,0.104821,0.117134,-0.709726,-1.1159
130_bNAb_Combinations|1314016|sample|6|nan|3430,0.0768,0.0203234,4,6,1,0.85764,0.908608,0.0163236,0.0162162,0.774813,0.799038
130_bNAb_Combinations|1314016|sample|6|nan|3430,0.384,0.0114948,5,6,1,0.85764,0.908608,0.0103422,0.00803066,0.293091,1.00198
130_bNAb_Combinations|1314016|sample|6|nan|3430,1.92,0.00655594,6,6,1,0.83018,0.89098,0.0101214,0.00783665,-0.917245,-0.374766
130_bNAb_Combinations|1314016|sample|6|nan|3430,9.6,0.0083479,7,6,1,0.797424,0.869951,0.00988304,0.00765168,-0.399973,0.206023
130_bNAb_Combinations|1314016|sample|6|nan|3430,48,0.00467657,8,6,1,0.758349,0.844865,0.00960022,0.00743105,-1.30257,-0.82619
130_bNAb_Combinations|1314016|sample|7|nan|3430,0.0000768,0.664773,1,7,1,0.758349,0.844865,0.840755,0.843307,-1.00748,-1.01903
130_bNAb_Combinations|1314016|sample|7|nan|3430,0.000384,0.829917,2,7,1,0.797424,0.869951,0.860863,0.863515,-0.173065,-0.187326
130_bNAb_Combinations|1314016|sample|7|nan|3430,0.00192,0.764467,3,7,1,0.83018,0.89098,0.862706,0.864789,-0.548246,-0.558532
130_bNAb_Combinations|1314016|sample|7|nan|3430,0.0096,0.770411,4,7,1,0.85764,0.908608,0.806691,0.806264,-0.216375,-0.213944
130_bNAb_Combinations|1314016|sample|7|nan|3430,0.048,0.49139,5,7,1,0.85764,0.908608,0.573276,0.566517,-0.684217,-0.635117
130_bNAb_Combinations|1314016|sample|7|nan|3430,0.24,0.156862,6,7,1,0.83018,0.89098,0.161631,0.153415,-0.136105,0.103349
130_bNAb_Combinations|1314016|sample|7|nan|3430,1.2,0.0207168,7,7,1,0.797424,0.869951,0.0164553,0.0155255,0.821187,1.03863
130_bNAb_Combinations|1314016|sample|7|nan|3430,6,0.00895979,8,7,1,0.758349,0.844865,0.013965,0.0134024,-1.07008,-0.973879
130_bNAb_Combinations|1314016|sample|8|nan|3430,0.0000768,0.754545,1,8,1,0.758349,0.844865,0.840492,0.842973,-0.492187,-0.50492
130_bNAb_Combinations|1314016|sample|8|nan|3430,0.000384,0.798864,2,8,1,0.797424,0.869951,0.859782,0.862141,-0.341112,-0.353363
130_bNAb_Combinations|1314016|sample|8|nan|3430,0.00192,0.800874,3,8,1,0.83018,0.89098,0.858368,0.859282,-0.322461,-0.32724
130_bNAb_Combinations|1314016|sample|8|nan|3430,0.0096,0.751836,4,8,1,0.85764,0.908608,0.790647,0.785991,-0.236121,-0.209012
130_bNAb_Combinations|1314016|sample|8|nan|3430,0.048,0.501442,5,8,1,0.85764,0.908608,0.530568,0.513474,-0.262635,-0.112046
130_bNAb_Combinations|1314016|sample|8|nan|3430,0.24,0.11875,6,8,1,0.83018,0.89098,0.128464,0.114509,-0.344237,0.167314
130_bNAb_Combinations|1314016|sample|8|nan|3430,1.2,0.0323427,7,8,1,0.797424,0.869951,0.0247338,0.0238788,1.10407,1.26029
130_bNAb_Combinations|1314016|sample|8|nan|3430,6,0.010271,8,8,1,0.758349,0.844865,0.0233833,0.0227887,-1.98253,-1.92828
130_bNAb_Combinations|1314016|sample|9|nan|3430,0.0003648,0.854218,1,9,1,0.758349,0.844865,0.83567,0.837483,0.10682,0.0961767
130_bNAb_Combinations|1314016|sample|9|nan|3430,0.001824,0.730004,2,9,1,0.797424,0.869951,0.84014,0.839806,-0.630972,-0.629307
130_bNAb_Combinations|1314016|sample|9|nan|3430,0.00912,0.572749,3,9,1,0.83018,0.89098,0.782562,0.773631,-1.28949,-1.24869
130_bNAb_Combinations|1314016|sample|9|nan|3430,0.0456,0.403955,4,9,1,0.85764,0.908608,0.549554,0.520163,-1.26827,-1.0685
130_bNAb_Combinations|1314016|sample|9|nan|3430,0.228,0.124956,5,9,1,0.85764,0.908608,0.142196,0.116891,-0.555335,0.312131
130_bNAb_Combinations|1314016|sample|9|nan|3430,1.14,0.0266608,6,9,1,0.83018,0.89098,0.0173619,0.0169585,1.72975,1.83308
130_bNAb_Combinations|1314016|sample|9|nan|3430,5.7,0.0117133,7,9,1,0.797424,0.869951,0.0158454,0.0160477,-0.815965,-0.848946
130_bNAb_Combinations|1314016|sample|9|nan|3430,28.5,0.00231643,8,9,1,0.758349,0.844865,0.0153919,0.015585,-2.63046,-2.64815
130_bNAb_Combinations|1314016|vc|1|2|nan|3430,0,0.961123,1,2,1,0.758349,0.844865,0.842259,0.844865,0.679286,0.662359
130_bNAb_Combinations|1314016|vc|2|2|nan|3430,0,0.986976,2,2,1,0.797424,0.869951,0.867072,0.869951,0.665811,0.647697
130_bNAb_Combinations|1314016|vc|3|2|nan|3430,0,0.934987,3,2,1,0.797424,0.869951,0.867072,0.869951,0.377125,0.359956
130_bNAb_Combinations|1314016|vc|4|2|nan|3430,0,0.886582,4,2,1,0.797424,0.869951,0.867072,0.869951,0.108339,0.0920505
130_bNAb_Combinations|1314016|vc|5|2|nan|3430,0,0.904633,5,2,1,0.797424,0.869951,0.867072,0.869951,0.208572,0.191955
130_bNAb_Combinations|1314016|vc|6|2|nan|3430,0,0.928955,6,2,1,0.797424,0.869951,0.867072,0.869951,0.343633,0.326573
130_bNAb_Combinations|1314016|vc|7|2|nan|3430,0,0.883566,7,2,1,0.797424,0.869951,0.867072,0.869951,0.0915929,0.0753593
130_bNAb_Combinations|1314016|vc|8|2|nan|3430,0,0.902404,8,2,1,0.758349,0.844865,0.842259,0.844865,0.343718,0.327815
130_bNAb_Combinations|1314040|cc|1|1|nan|4166,0,0.000767291,1,1,0,0,0,0,0,0.424849,0.424849
130_bNAb_Combinations|1314040|cc|2|1|nan|4166,0,0.000630275,2,1,0,0,0,0,0,0.348983,0.348983
130_bNAb_Combinations|1314040|cc|3|1|nan|4166,0,0,3,1,0,0,0,0,0,0,0
130_bNAb_Combinations|1314040|cc|4|1|nan|4166,0,0.00104132,4,1,0,0,0,0,0,0.576581,0.576581
130_bNAb_Combinations|1314040|cc|5|1|nan|4166,0,0.00117834,5,1,0,0,0,0,0,0.652447,0.652447
130_bNAb_Combinations|1314040|cc|6|1|nan|4166,0,0.00202784,6,1,0,0,0,0,0,1.12281,1.12281
130_bNAb_Combinations|1314040|cc|7|1|nan|4166,0,0.001699,7,1,0,0,0,0,0,0.940737,0.940737
130_bNAb_Combinations|1314040|cc|8|1|nan|4166,0,0.00219226,8,1,0,0,0,0,0,1.21385,1.21385
130_bNAb_Combinations|1314040|sample|10|nan|4166,0.0003648,0.809588,1,10,1,0.758349,0.841765,0.76765,0.764982,0.262696,0.280377
130_bNAb_Combinations|1314040|sample|10|nan|4166,0.001824,0.790529,2,10,1,0.797424,0.913141,0.689791,0.686282,0.701347,0.729445
130_bNAb_Combinations|1314040|sample|10|nan|4166,0.00912,0.456991,3,10,1,0.83018,0.952321,0.412524,0.407836,0.513315,0.573824
130_bNAb_Combinations|1314040|sample|10|nan|4166,0.0456,0.0730023,4,10,1,0.83018,0.952321,0.082484,0.0802108,-0.505267,-0.393943
130_bNAb_Combinations|1314040|sample|10|nan|4166,0.228,0.0016442,5,10,1,0.83018,0.952321,0.00141216,0.00177182,0.110682,-0.0588047
130_bNAb_Combinations|1314040|sample|10|nan|4166,1.14,0.00145237,6,10,1,0.83018,0.952321,0.000434521,0.000878928,0.537019,0.288635
130_bNAb_Combinations|1314040|sample|10|nan|4166,5.7,0.000876905,7,10,1,0.797424,0.913141,0.000416842,0.00084275,0.243195,0.0172558
130_bNAb_Combinations|1314040|sample|10|nan|4166,28.5,0.00142497,8,10,1,0.758349,0.841765,0.000384549,0.000776876,0.551917,0.32969
130_bNAb_Combinations|1314040|sample|11|nan|4166,0.0003712,0.722789,1,11,1,0.758349,0.841765,0.806437,0.80297,-0.499038,-0.480398
130_bNAb_Combinations|1314040|sample|11|nan|4166,0.001856,0.682835,2,11,1,0.797424,0.913141,0.791405,0.785087,-0.659888,-0.626432
130_bNAb_Combinations|1314040|sample|11|nan|4166,0.00928,0.694111,3,11,1,0.797424,0.913141,0.576769,0.56414,0.974624,1.10332
130_bNAb_Combinations|1314040|sample|11|nan|4166,0.0464,0.1565,4,11,1,0.797424,0.913141,0.214832,0.201293,-1.26869,-1.03701
130_bNAb_Combinations|1314040|sample|11|nan|4166,0.2319999999999999,0.0120848,5,11,1,0.797424,0.913141,0.0118038,0.0103218,0.0664021,0.448816
130_bNAb_Combinations|1314040|sample|11|nan|4166,1.16,0.000876905,6,11,1,0.797424,0.913141,0.000256125,0.000871264,0.333986,0.00284142
130_bNAb_Combinations|1314040|sample|11|nan|4166,5.8,0.000959114,7,11,1,0.797424,0.913141,0.000249835,0.000867586,0.381866,0.0461234
130_bNAb_Combinations|1314040|sample|11|nan|4166,6,0.00120574,8,11,1,0.758349,0.841765,0.000230481,0.000799771,0.526196,0.206028
130_bNAb_Combinations|1314040|sample|12|nan|4166,0.0003712,0.634577,1,12,1,0.758349,0.841765,0.800162,0.799315,-0.995521,-0.991468
130_bNAb_Combinations|1314040|sample|12|nan|4166,0.001856,0.570344,2,12,1,0.758349,0.841765,0.712063,0.713226,-0.956171,-0.962463
130_bNAb_Combinations|1314040|sample|12|nan|4166,0.00928,0.44666,3,12,1,0.758349,0.841765,0.491365,0.496412,-0.434724,-0.478966
130_bNAb_Combinations|1314040|sample|12|nan|4166,0.0464,0.130275,4,12,1,0.758349,0.841765,0.154606,0.160497,-0.724236,-0.868302
130_bNAb_Combinations|1314040|sample|12|nan|4166,0.2319999999999999,0.00937192,5,12,1,0.758349,0.841765,0.00585892,0.00664837,1.16684,0.858346
130_bNAb_Combinations|1314040|sample|12|nan|4166,1.16,0.000685082,6,12,1,0.758349,0.841765,0.000880253,0.00105758,-0.0982227,-0.184086
130_bNAb_Combinations|1314040|sample|12|nan|4166,5.8,0.000959114,7,12,1,0.758349,0.841765,0.000879519,0.00105656,0.0400605,-0.0481631
130_bNAb_Combinations|1314040|sample|12|nan|4166,29,0.00142497,8,12,1,0.758349,0.841765,0.000879519,0.00105656,0.274527,0.182085
130_bNAb_Combinations|1314040|sample|3|nan|4166,0.000064,0.931259,1,3,1,0.758349,0.841765,0.791347,0.789835,0.850441,0.861262
130_bNAb_Combinations|1314040|sample|3|nan|4166,0.00032,0.9236,2,3,1,0.797424,0.913141,0.778108,0.777648,0.899237,0.902611
130_bNAb_Combinations|1314040|sample|3|nan|4166,0.0016,0.710882,3,3,1,0.83018,0.952321,0.635149,0.636043,0.571997,0.564458
130_bNAb_Combinations|1314040|sample|3|nan|4166,0.008,0.333703,4,3,1,0.83018,0.952321,0.347007,0.348911,-0.181858,-0.206773
130_bNAb_Combinations|1314040|sample|3|nan|4166,0.04,0.08358,5,3,1,0.83018,0.952321,0.0838387,0.085538,-0.0135882,-0.100963
130_bNAb_Combinations|1314040|sample|3|nan|4166,0.2,0.0126329,6,3,1,0.83018,0.952321,0.00994472,0.0109329,0.698086,0.419339
130_bNAb_Combinations|1314040|sample|3|nan|4166,1,0.0107147,7,3,1,0.797424,0.913141,0.00717399,0.00805163,1.07912,0.769324
130_bNAb_Combinations|1314040|sample|3|nan|4166,5,0.00452154,8,3,1,0.758349,0.841765,0.00661639,0.00742031,-0.66158,-0.870047
130_bNAb_Combinations|1314040|sample|4|nan|4166,0.000064,0.849679,1,4,1,0.758349,0.841765,0.800738,0.800109,0.294037,0.298044
130_bNAb_Combinations|1314040|sample|4|nan|4166,0.00032,0.922147,2,4,1,0.797424,0.913141,0.801611,0.803412,0.723389,0.711002
130_bNAb_Combinations|1314040|sample|4|nan|4166,0.0016,0.857325,3,4,1,0.83018,0.952321,0.684478,0.690299,1.21259,1.162
130_bNAb_Combinations|1314040|sample|4|nan|4166,0.008,0.429779,4,4,1,0.85764,0.973828,0.427223,0.4371,0.0285111,-0.0798577
130_bNAb_Combinations|1314040|sample|4|nan|4166,0.04,0.0907322,5,4,1,0.85764,0.973828,0.133007,0.140476,-1.45005,-1.62086
130_bNAb_Combinations|1314040|sample|4|nan|4166,0.2,0.0240601,6,4,1,0.83018,0.952321,0.0168196,0.0179905,1.37539,1.10254
130_bNAb_Combinations|1314040|sample|4|nan|4166,1,0.0110435,7,4,1,0.797424,0.913141,0.00916265,0.00924767,0.50972,0.484386
130_bNAb_Combinations|1314040|sample|4|nan|4166,5,0.00460375,8,4,1,0.758349,0.841765,0.00843309,0.00849799,-1.08174,-1.09594
130_bNAb_Combinations|1314040|sample|5|nan|4166,0.0006144,0.779376,1,5,1,0.758349,0.841765,0.67709,0.66801,0.725314,0.80029
130_bNAb_Combinations|1314040|sample|5|nan|4166,0.003072,0.614409,2,5,1,0.797424,0.913141,0.526999,0.511716,0.793453,0.959554
130_bNAb_Combinations|1314040|sample|5|nan|4166,0.01536,0.200195,3,5,1,0.83018,0.952321,0.244774,0.22877,-0.855084,-0.585043
130_bNAb_Combinations|1314040|sample|5|nan|4166,0.0768,0.0378713,4,5,1,0.85764,0.973828,0.0425354,0.0380279,-0.442012,-0.0162641
130_bNAb_Combinations|1314040|sample|5|nan|4166,0.384,0.0177847,5,5,1,0.85764,0.973828,0.00968248,0.010426,2.13393,1.8631
130_bNAb_Combinations|1314040|sample|5|nan|4166,1.92,0.0106325,6,5,1,0.83018,0.952321,0.00906952,0.00992693,0.425773,0.183393
130_bNAb_Combinations|1314040|sample|5|nan|4166,9.6,0.00548065,7,5,1,0.797424,0.913141,0.0087009,0.00951849,-0.895746,-1.07299
130_bNAb_Combinations|1314040|sample|5|nan|4166,48,0.00260331,8,5,1,0.758349,0.841765,0.00802685,0.00877447,-1.56911,-1.70938
130_bNAb_Combinations|1314040|sample|6|nan|4166,0.0006144,0.836677,1,6,1,0.758349,0.841765,0.6771,0.672827,1.13154,1.16913
130_bNAb_Combinations|1314040|sample|6|nan|4166,0.003072,0.59672,2,6,1,0.797424,0.913141,0.526962,0.520926,0.633263,0.695899
130_bNAb_Combinations|1314040|sample|6|nan|4166,0.01536,0.231763,3,6,1,0.83018,0.952321,0.24449,0.238655,-0.244393,-0.13547
130_bNAb_Combinations|1314040|sample|6|nan|4166,0.0768,0.0379261,4,6,1,0.85764,0.973828,0.0418208,0.0406104,-0.374314,-0.264307
130_bNAb_Combinations|1314040|sample|6|nan|4166,0.384,0.0173463,5,6,1,0.85764,0.973828,0.00882168,0.00971783,2.35494,2.0053
130_bNAb_Combinations|1314040|sample|6|nan|4166,1.92,0.00800175,6,6,1,0.83018,0.952321,0.00822372,0.00915391,-0.0634741,-0.312391
130_bNAb_Combinations|1314040|sample|6|nan|4166,9.6,0.00649457,7,6,1,0.797424,0.913141,0.00788946,0.00877725,-0.406886,-0.632189
130_bNAb_Combinations|1314040|sample|6|nan|4166,48,0.00227447,8,6,1,0.758349,0.841765,0.00727828,0.00809117,-1.51514,-1.67644
130_bNAb_Combinations|1314040|sample|7|nan|4166,0.0000768,0.895881,1,7,1,0.758349,0.841765,0.821438,0.819142,0.436095,0.450793
130_bNAb_Combinations|1314040|sample|7|nan|4166,0.000384,1,2,7,1,0.797424,0.913141,0.844269,0.841674,0.887868,0.905418
130_bNAb_Combinations|1314040|sample|7|nan|4166,0.00192,0.885057,3,7,1,0.83018,0.952321,0.750848,0.746637,0.859268,0.891169
130_bNAb_Combinations|1314040|sample|7|nan|4166,0.0096,0.541804,4,7,1,0.85764,0.973828,0.479695,0.472916,0.618382,0.695527
130_bNAb_Combinations|1314040|sample|7|nan|4166,0.048,0.108462,5,7,1,0.85764,0.973828,0.123017,0.118435,-0.537092,-0.381273
130_bNAb_Combinations|1314040|sample|7|nan|4166,0.24,0.00367204,6,7,1,0.83018,0.952321,0.00338456,0.00356119,0.114901,0.0436714
130_bNAb_Combinations|1314040|sample|7|nan|4166,1.2,0.00134276,7,7,1,0.797424,0.913141,0.000499397,0.000969078,0.441848,0.186348
130_bNAb_Combinations|1314040|sample|7|nan|4166,6,0.00120574,8,7,1,0.758349,0.841765,0.000460374,0.000893078,0.392157,0.157145
130_bNAb_Combinations|1314040|sample|8|nan|4166,0.0000768,0.844966,1,8,1,0.758349,0.841765,0.822874,0.820198,0.129191,0.145308
130_bNAb_Combinations|1314040|sample|8|nan|4166,0.000384,0.936,2,8,1,0.797424,0.913141,0.848693,0.844926,0.495194,0.518838
130_bNAb_Combinations|1314040|sample|8|nan|4166,0.00192,0.95599,3,8,1,0.83018,0.952321,0.762656,0.755288,1.21887,1.27753
130_bNAb_Combinations|1314040|sample|8|nan|4166,0.0096,0.549326,4,8,1,0.85764,0.973828,0.502445,0.489398,0.445995,0.585045
130_bNAb_Combinations|1314040|sample|8|nan|4166,0.048,0.117697,5,8,1,0.85764,0.973828,0.140838,0.130995,-0.752206,-0.462702
130_bNAb_Combinations|1314040|sample|8|nan|4166,0.24,0.00523402,6,8,1,0.83018,0.952321,0.00477718,0.00471825,0.163844,0.185788
130_bNAb_Combinations|1314040|sample|8|nan|4166,1.2,0.00183602,7,8,1,0.797424,0.913141,0.000569244,0.00129576,0.658723,0.260684
130_bNAb_Combinations|1314040|sample|8|nan|4166,29,0.00120574,8,8,1,0.758349,0.841765,0.000524266,0.00119397,0.356081,0.00573924
130_bNAb_Combinations|1314040|sample|9|nan|4166,0.0003648,0.860586,1,9,1,0.758349,0.841765,0.779228,0.776941,0.502131,0.51775
130_bNAb_Combinations|1314040|sample|9|nan|4166,0.001824,0.800655,2,9,1,0.797424,0.913141,0.721327,0.718814,0.528432,0.547051
130_bNAb_Combinations|1314040|sample|9|nan|4166,0.00912,0.529856,3,9,1,0.83018,0.952321,0.47111,0.467936,0.595365,0.631714
130_bNAb_Combinations|1314040|sample|9|nan|4166,0.0456,0.113285,4,9,1,0.85764,0.973828,0.124302,0.122282,-0.402607,-0.333851
130_bNAb_Combinations|1314040|sample|9|nan|4166,0.228,0.00408309,5,9,1,0.85764,0.973828,0.00365598,0.00373742,0.166984,0.134265
130_bNAb_Combinations|1314040|sample|9|nan|4166,1.14,0.000959114,6,9,1,0.83018,0.952321,0.000671776,0.000889487,0.147796,0.0350077
130_bNAb_Combinations|1314040|sample|9|nan|4166,5.7,0.00134276,7,9,1,0.797424,0.913141,0.000644123,0.000852577,0.360406,0.2474
130_bNAb_Combinations|1314040|sample|9|nan|4166,28.5,0.00109613,8,9,1,0.758349,0.841765,0.000594224,0.000785935,0.260296,0.157649
130_bNAb_Combinations|1314040|vc|1|2|nan|4166,0,0.872575,1,2,1,0.758349,0.841765,0.843686,0.841765,0.164816,0.176171
130_bNAb_Combinations|1314040|vc|2|2|nan|4166,0,0.811123,2,2,1,0.797424,0.913141,0.914534,0.913141,-0.544712,-0.538187
130_bNAb_Combinations|1314040|vc|3|2|nan|4166,0,0.8264,3,2,1,0.797424,0.913141,0.914534,0.913141,-0.46424,-0.457593
130_bNAb_Combinations|1314040|vc|4|2|nan|4166,0,0.88503,4,2,1,0.797424,0.913141,0.914534,0.913141,-0.155413,-0.1483
130_bNAb_Combinations|1314040|vc|5|2|nan|4166,0,0.762811,5,2,1,0.797424,0.913141,0.914534,0.913141,-0.799192,-0.793052
130_bNAb_Combinations|1314040|vc|6|2|nan|4166,0,0.755714,6,2,1,0.797424,0.913141,0.914534,0.913141,-0.836578,-0.830493
130_bNAb_Combinations|1314040|vc|7|2|nan|4166,0,0.742903,7,2,1,0.797424,0.913141,0.914534,0.913141,-0.904059,-0.898077
130_bNAb_Combinations|1314040|vc|8|2|nan|4166,0,0.592911,8,2,1,0.758349,0.841765,0.843686,0.841765,-1.43073,-1.42297
130_bNAb_Combinations|1314058|cc|1|1|nan|2944,0,0.00196858,1,1,0,0,0,0,0,1.09,1.09
130_bNAb_Combinations|1314058|cc|2|1|nan|2944,0,0.000401752,2,1,0,0,0,0,0,0.22245,0.22245
130_bNAb_Combinations|1314058|cc|3|1|nan|2944,0,0.00192841,3,1,0,0,0,0,0,1.06776,1.06776
130_bNAb_Combinations|1314058|cc|4|1|nan|2944,0,0.00156683,4,1,0,0,0,0,0,0.867554,0.867554
130_bNAb_Combinations|1314058|cc|5|1|nan|2944,0,0.00192841,5,1,0,0,0,0,0,1.06776,1.06776
130_bNAb_Combinations|1314058|cc|6|1|nan|2944,0,0.00273191,6,1,0,0,0,0,0,1.51266,1.51266
130_bNAb_Combinations|1314058|cc|7|1|nan|2944,0,0.00228998,7,1,0,0,0,0,0,1.26796,1.26796
130_bNAb_Combinations|1314058|cc|8|1|nan|2944,0,0,8,1,0,0,0,0,0,0,0
130_bNAb_Combinations|1314058|sample|10|nan|2944,0.0003648,0.569001,1,10,1,0.758349,0.847081,0.772924,0.775938,-1.26874,-1.28255
130_bNAb_Combinations|1314058|sample|10|nan|2944,0.001824,0.774678,2,10,1,0.797424,0.91888,0.706554,0.712826,0.463165,0.41687
130_bNAb_Combinations|1314058|sample|10|nan|2944,0.00912,0.604516,3,10,1,0.83018,0.956968,0.451477,0.460922,1.61714,1.48683
130_bNAb_Combinations|1314058|sample|10|nan|2944,0.0456,0.103933,4,10,1,0.83018,0.956968,0.114852,0.121505,-0.42952,-0.65595
130_bNAb_Combinations|1314058|sample|10|nan|2944,0.228,0.00494155,5,10,1,0.83018,0.956968,0.00401385,0.0048649,0.352557,0.0273121
130_bNAb_Combinations|1314058|sample|10|nan|2944,1.14,0.00176771,6,10,1,0.83018,0.956968,0.00106496,0.00146045,0.347033,0.145872
130_bNAb_Combinations|1314058|sample|10|nan|2944,5.7,0.00212928,7,10,1,0.797424,0.91888,0.00102165,0.00140152,0.549395,0.347513
130_bNAb_Combinations|1314058|sample|10|nan|2944,28.5,0.00152666,8,10,1,0.758349,0.847081,0.000942498,0.00129201,0.292105,0.113263
130_bNAb_Combinations|1314058|sample|11|nan|2944,0.0003712,0.654956,1,11,1,0.758349,0.847081,0.844664,0.845721,-1.08109,-1.08576
130_bNAb_Combinations|1314058|sample|11|nan|2944,0.001856,0.910209,2,11,1,0.797424,0.91888,0.910321,0.910271,-0.000596459,-0.000329973
130_bNAb_Combinations|1314058|sample|11|nan|2944,0.00928,0.826323,3,11,1,0.797424,0.91888,0.88003,0.869624,-0.293882,-0.239748
130_bNAb_Combinations|1314058|sample|11|nan|2944,0.0464,0.531096,4,11,1,0.797424,0.91888,0.722782,0.666791,-1.27435,-0.976883
130_bNAb_Combinations|1314058|sample|11|nan|2944,0.2319999999999999,0.155357,5,11,1,0.797424,0.91888,0.239241,0.151296,-1.64488,0.123381
130_bNAb_Combinations|1314058|sample|11|nan|2944,1.16,0.00719135,6,11,1,0.797424,0.91888,0.00247792,0.00344173,2.03558,1.49168
130_bNAb_Combinations|1314058|sample|11|nan|2944,5.8,0.000964204,7,11,1,0.797424,0.91888,0.00129613,0.0033279,-0.160153,-0.949165
130_bNAb_Combinations|1314058|sample|11|nan|2944,29,0.00116508,8,11,1,0.758349,0.847081,0.00119571,0.00306787,-0.0149269,-0.780847
130_bNAb_Combinations|1314058|sample|12|nan|2944,0.0003712,0.691174,1,12,1,0.758349,0.847081,0.844751,0.846351,-0.875098,-0.88256
130_bNAb_Combinations|1314058|sample|12|nan|2944,0.001856,0.787493,2,12,1,0.758349,0.847081,0.840299,0.842812,-0.302467,-0.315925
130_bNAb_Combinations|1314058|sample|12|nan|2944,0.00928,0.705837,3,12,1,0.758349,0.847081,0.814712,0.822395,-0.643006,-0.68202
130_bNAb_Combinations|1314058|sample|12|nan|2944,0.0464,0.438512,4,12,1,0.758349,0.847081,0.680601,0.713065,-1.70791,-1.84983
130_bNAb_Combinations|1314058|sample|12|nan|2944,0.2319999999999999,0.141899,5,12,1,0.758349,0.847081,0.247992,0.319842,-2.00949,-2.63349
130_bNAb_Combinations|1314058|sample|12|nan|2944,1.16,0.0106062,6,12,1,0.758349,0.847081,0.00382305,0.00780623,2.61687,0.820855
130_bNAb_Combinations|1314058|sample|12|nan|2944,5.8,0.000763328,7,12,1,0.758349,0.847081,0.00189969,0.000945034,-0.517319,-0.0908375
130_bNAb_Combinations|1314058|sample|12|nan|2944,29,0.000682978,8,12,1,0.758349,0.847081,0.00189969,0.000944951,-0.553898,-0.130965
130_bNAb_Combinations|1314058|sample|3|nan|2944,0.000064,0.7568,1,3,1,0.758349,0.847081,0.670333,0.663447,0.619237,0.675397
130_bNAb_Combinations|1314058|sample|3|nan|2944,0.00032,0.711502,2,3,1,0.797424,0.91888,0.572946,0.560602,1.15839,1.28894
130_bNAb_Combinations|1314058|sample|3|nan|2944,0.0016,0.556567,3,3,1,0.83018,0.956968,0.371286,0.354573,2.37092,2.70368
130_bNAb_Combinations|1314058|sample|3|nan|2944,0.008,0.0999156,4,3,1,0.83018,0.956968,0.146746,0.134149,-1.46441,-1.16485
130_bNAb_Combinations|1314058|sample|3|nan|2944,0.04,0.00779398,5,3,1,0.83018,0.956968,0.0272557,0.0239451,-2.62637,-2.40007
130_bNAb_Combinations|1314058|sample|3|nan|2944,0.2,0.0069503,6,3,1,0.83018,0.956968,0.00476254,0.00529385,0.785477,0.572273
130_bNAb_Combinations|1314058|sample|3|nan|2944,1,0.00361576,7,3,1,0.797424,0.91888,0.00374692,0.00451042,-0.0509044,-0.327301
130_bNAb_Combinations|1314058|sample|3|nan|2944,5,0.00610662,8,3,1,0.758349,0.847081,0.00345363,0.00415643,1.05439,0.732978
130_bNAb_Combinations|1314058|sample|4|nan|2944,0.000064,0.636756,1,4,1,0.758349,0.847081,0.657069,0.660957,-0.14837,-0.175743
130_bNAb_Combinations|1314058|sample|4|nan|2944,0.00032,0.746153,2,4,1,0.797424,0.91888,0.550296,0.556326,1.7038,1.63372
130_bNAb_Combinations|1314058|sample|4|nan|2944,0.0016,0.537845,3,4,1,0.83018,0.956968,0.342539,0.349064,2.70372,2.56572
130_bNAb_Combinations|1314058|sample|4|nan|2944,0.008,0.0750874,4,4,1,0.85764,0.977172,0.128293,0.132574,-1.88774,-1.97787
130_bNAb_Combinations|1314058|sample|4|nan|2944,0.04,0.0161906,5,4,1,0.85764,0.977172,0.0218598,0.0226582,-0.899778,-1.00043
130_bNAb_Combinations|1314058|sample|4|nan|2944,0.2,0.00445944,6,4,1,0.83018,0.956968,0.00494639,0.00452621,-0.172488,-0.0243952
130_bNAb_Combinations|1314058|sample|4|nan|2944,1,0.0061468,7,4,1,0.797424,0.91888,0.00429865,0.00383105,0.687071,0.892822
130_bNAb_Combinations|1314058|sample|4|nan|2944,5,0.00337471,8,4,1,0.758349,0.847081,0.00396461,0.00353041,-0.225047,-0.0614946
130_bNAb_Combinations|1314058|sample|5|nan|2944,0.0006144,0.421638,1,5,1,0.758349,0.847081,0.401913,0.404018,0.233596,0.207603
130_bNAb_Combinations|1314058|sample|5|nan|2944,0.003072,0.241091,2,5,1,0.797424,0.91888,0.207046,0.209067,0.76717,0.71493
130_bNAb_Combinations|1314058|sample|5|nan|2944,0.01536,0.0357559,3,5,1,0.83018,0.956968,0.0524454,0.0533869,-1.32567,-1.37925
130_bNAb_Combinations|1314058|sample|5|nan|2944,0.0768,0.0111687,4,5,1,0.85764,0.977172,0.00702859,0.00730018,1.27341,1.16978
130_bNAb_Combinations|1314058|sample|5|nan|2944,0.384,0.00397734,5,5,1,0.85764,0.977172,0.00395125,0.00413532,0.00996449,-0.0594715
130_bNAb_Combinations|1314058|sample|5|nan|2944,1.92,0.0050219,6,5,1,0.83018,0.956968,0.00384504,0.00402618,0.453226,0.378042
130_bNAb_Combinations|1314058|sample|5|nan|2944,9.6,0.00289261,7,5,1,0.797424,0.91888,0.00369068,0.00386593,-0.311152,-0.374221
130_bNAb_Combinations|1314058|sample|5|nan|2944,48,0.00337471,8,5,1,0.758349,0.847081,0.00340474,0.00356386,-0.0119824,-0.0745002
130_bNAb_Combinations|1314058|sample|6|nan|2944,0.0006144,0.459122,1,6,1,0.758349,0.847081,0.358508,0.362014,1.33228,1.2737
130_bNAb_Combinations|1314058|sample|6|nan|2944,0.003072,0.181552,2,6,1,0.797424,0.91888,0.164966,0.168114,0.464252,0.369455
130_bNAb_Combinations|1314058|sample|6|nan|2944,0.01536,0.0224981,3,6,1,0.83018,0.956968,0.0344088,0.0357014,-1.34116,-1.44351
130_bNAb_Combinations|1314058|sample|6|nan|2944,0.0768,0.00879836,4,6,1,0.85764,0.977172,0.00499136,0.00533981,1.34413,1.19098
130_bNAb_Combinations|1314058|sample|6|nan|2944,0.384,0.00377647,5,6,1,0.85764,0.977172,0.00371384,0.00398086,0.0243711,-0.0778766
130_bNAb_Combinations|1314058|sample|6|nan|2944,1.92,0.00425857,6,6,1,0.83018,0.956968,0.00363071,0.00389365,0.245972,0.139997
130_bNAb_Combinations|1314058|sample|6|nan|2944,9.6,0.00349524,7,6,1,0.797424,0.91888,0.00348496,0.00373868,0.00407404,-0.0945494
130_bNAb_Combinations|1314058|sample|6|nan|2944,48,0.00317384,8,6,1,0.758349,0.847081,0.00321496,0.00344655,-0.0166697,-0.108447
130_bNAb_Combinations|1314058|sample|7|nan|2944,0.0000768,0.772267,1,7,1,0.758349,0.847081,0.819616,0.820117,-0.277984,-0.280757
130_bNAb_Combinations|1314058|sample|7|nan|2944,0.000384,0.792997,2,7,1,0.797424,0.91888,0.837155,0.836592,-0.253871,-0.250805
130_bNAb_Combinations|1314058|sample|7|nan|2944,0.00192,0.847113,3,7,1,0.83018,0.956968,0.734426,0.729464,0.737422,0.775066
130_bNAb_Combinations|1314058|sample|7|nan|2944,0.0096,0.388996,4,7,1,0.85764,0.977172,0.458562,0.447945,-0.723949,-0.627728
130_bNAb_Combinations|1314058|sample|7|nan|2944,0.048,0.102889,5,7,1,0.85764,0.977172,0.116496,0.10952,-0.528243,-0.272623
130_bNAb_Combinations|1314058|sample|7|nan|2944,0.24,0.00903941,6,7,1,0.83018,0.956968,0.00557444,0.00624573,1.17369,0.904038
130_bNAb_Combinations|1314058|sample|7|nan|2944,1.2,0.00305331,7,7,1,0.797424,0.91888,0.0026474,0.00378628,0.172701,-0.283596
130_bNAb_Combinations|1314058|sample|7|nan|2944,6,0.00325419,8,7,1,0.758349,0.847081,0.0024418,0.00349013,0.351973,-0.0934913
130_bNAb_Combinations|1314058|sample|8|nan|2944,0.0000768,0.84412,1,8,1,0.758349,0.847081,0.822411,0.822465,0.127026,0.126703
130_bNAb_Combinations|1314058|sample|8|nan|2944,0.000384,0.940119,2,8,1,0.797424,0.91888,0.845458,0.843552,0.538939,0.55102
130_bNAb_Combinations|1314058|sample|8|nan|2944,0.00192,0.824917,3,8,1,0.83018,0.956968,0.755674,0.747125,0.440522,0.500514
130_bNAb_Combinations|1314058|sample|8|nan|2944,0.0096,0.591097,4,8,1,0.85764,0.977172,0.497531,0.47956,0.898771,1.11082
130_bNAb_Combinations|1314058|sample|8|nan|2944,0.048,0.135872,5,8,1,0.85764,0.977172,0.145497,0.131374,-0.303417,0.156086
130_bNAb_Combinations|1314058|sample|8|nan|2944,0.24,0.00361576,6,8,1,0.83018,0.956968,0.00654679,0.00621405,-0.929855,-0.842581
130_bNAb_Combinations|1314058|sample|8|nan|2944,1.2,0.00329436,7,8,1,0.797424,0.91888,0.00113881,0.00215766,1.05654,0.505273
130_bNAb_Combinations|1314058|sample|8|nan|2944,6,0.00289261,8,8,1,0.758349,0.847081,0.00104818,0.00198792,0.912383,0.408479
130_bNAb_Combinations|1314058|sample|9|nan|2944,0.0003648,0.631373,1,9,1,0.758349,0.847081,0.766724,0.770295,-0.84884,-0.867244
130_bNAb_Combinations|1314058|sample|9|nan|2944,0.001824,0.855028,2,9,1,0.797424,0.91888,0.690287,0.697945,1.14612,1.081
130_bNAb_Combinations|1314058|sample|9|nan|2944,0.00912,0.528323,3,9,1,0.83018,0.956968,0.422318,0.433927,1.19591,1.03702
130_bNAb_Combinations|1314058|sample|9|nan|2944,0.0456,0.0948536,4,9,1,0.85764,0.977172,0.0976236,0.105269,-0.126608,-0.444149
130_bNAb_Combinations|1314058|sample|9|nan|2944,0.228,0.00401752,5,9,1,0.85764,0.977172,0.00353823,0.00463013,0.189176,-0.222117
130_bNAb_Combinations|1314058|sample|9|nan|2944,1.14,0.00309349,6,9,1,0.83018,0.956968,0.00171459,0.00242021,0.6388,0.292266
130_bNAb_Combinations|1314058|sample|9|nan|2944,5.7,0.00200876,7,9,1,0.797424,0.91888,0.00164561,0.00232363,0.16935,-0.137873
130_bNAb_Combinations|1314058|sample|9|nan|2944,28.5,0.00369612,8,9,1,0.758349,0.847081,0.00151811,0.00214207,1.02824,0.691772
130_bNAb_Combinations|1314058|vc|1|2|nan|2944,0,0.691535,1,2,1,0.758349,0.847081,0.84567,0.847081,-0.87733,-0.883901
130_bNAb_Combinations|1314058|vc|2|2|nan|2944,0,0.932385,2,2,1,0.797424,0.91888,0.916691,0.91888,0.082476,0.0708058
130_bNAb_Combinations|1314058|vc|3|2|nan|2944,0,1,3,2,1,0.797424,0.91888,0.916691,0.91888,0.437803,0.425294
130_bNAb_Combinations|1314058|vc|4|2|nan|2944,0,0.97479,4,2,1,0.797424,0.91888,0.916691,0.91888,0.305321,0.293125
130_bNAb_Combinations|1314058|vc|5|2|nan|2944,0,0.982805,5,2,1,0.797424,0.91888,0.916691,0.91888,0.347441,0.335145
130_bNAb_Combinations|1314058|vc|6|2|nan|2944,0,0.897594,6,2,1,0.797424,0.91888,0.916691,0.91888,-0.10036,-0.111599
130_bNAb_Combinations|1314058|vc|7|2|nan|2944,0,0.932385,7,2,1,0.797424,0.91888,0.916691,0.91888,0.082476,0.0708058
130_bNAb_Combinations|1314058|vc|8|2|nan|2944,0,0.756117,8,2,1,0.758349,0.847081,0.84567,0.847081,-0.509734,-0.516911
130_bNAb_Combinations|1342240|cc|1|1|nan|1798,0,0.000747678,1,1,0,0,0,0,0,0.413989,0.413989
130_bNAb_Combinations|1342240|cc|2|1|nan|1798,0,0.000889479,2,1,0,0,0,0,0,0.492504,0.492504
130_bNAb_Combinations|1342240|cc|3|1|nan|1798,0,0.00106995,3,1,0,0,0,0,0,0.592432,0.592432
130_bNAb_Combinations|1342240|cc|4|1|nan|1798,0,0.0011473,4,1,0,0,0,0,0,0.635259,0.635259
130_bNAb_Combinations|1342240|cc|5|1|nan|1798,0,0.00125043,5,1,0,0,0,0,0,0.692361,0.692361
130_bNAb_Combinations|1342240|cc|6|1|nan|1798,0,0.00109574,6,1,0,0,0,0,0,0.606708,0.606708
130_bNAb_Combinations|1342240|cc|7|1|nan|1798,0,0.00113441,7,1,0,0,0,0,0,0.628121,0.628121
130_bNAb_Combinations|1342240|cc|8|1|nan|1798,0,0.00134066,8,1,0,0,0,0,0,0.742325,0.742325
130_bNAb_Combinations|1342240|sample|3|nan|1798,0.0010624,0.835221,1,3,1,0.758349,0.758206,0.758943,0.758206,0.483219,0.488358
130_bNAb_Combinations|1342240|sample|3|nan|1798,0.005312,0.877793,2,3,1,0.797424,0.797209,0.796771,0.797208,0.489172,0.486267
130_bNAb_Combinations|1342240|sample|3|nan|1798,0.02656,0.931355,3,3,1,0.83018,0.829922,0.828633,0.829822,0.596591,0.588846
130_bNAb_Combinations|1342240|sample|3|nan|1798,0.1328,0.830071,4,3,1,0.83018,0.829922,0.826123,0.821752,0.0229957,0.0487153
130_bNAb_Combinations|1342240|sample|3|nan|1798,0.664,0.362418,5,3,1,0.83018,0.829922,0.646595,0.376255,-2.10886,-0.174784
130_bNAb_Combinations|1342240|sample|3|nan|1798,3.32,0.0234358,6,3,1,0.83018,0.829922,0.00404463,0.0169558,7.35168,1.22442
130_bNAb_Combinations|1342240|sample|3|nan|1798,83,0.000966825,8,3,1,0.758349,0.758206,0.00363005,0.0154906,-1.04341,-2.90994
130_bNAb_Combinations|1342240|sample|4|nan|1798,0.0010624,0.808053,1,4,1,0.758349,0.758206,0.758943,0.758206,0.311112,0.316085
130_bNAb_Combinations|1342240|sample|4|nan|1798,0.005312,0.88955,2,4,1,0.797424,0.797209,0.796771,0.797209,0.560151,0.557201
130_bNAb_Combinations|1342240|sample|4|nan|1798,0.02656,0.902873,3,4,1,0.83018,0.829922,0.828651,0.829909,0.431056,0.423113
130_bNAb_Combinations|1342240|sample|4|nan|1798,0.1328,0.803702,4,4,1,0.85764,0.857357,0.854458,0.856262,-0.285957,-0.295503
130_bNAb_Combinations|1342240|sample|4|nan|1798,0.664,0.370758,5,4,1,0.85764,0.857357,0.771522,0.77318,-2.4979,-2.50291
130_bNAb_Combinations|1342240|sample|4|nan|1798,3.32,0.0203936,6,4,1,0.83018,0.829922,0.0182357,0.018974,0.388422,0.248734
130_bNAb_Combinations|1342240|sample|4|nan|1798,16.6,3.8673e-05,7,4,1,0.797424,0.797209,0.000149572,0.000476583,-0.0603766,-0.229992
130_bNAb_Combinations|1342240|sample|4|nan|1798,83,0.000747678,8,4,1,0.758349,0.758206,0.000142143,0.00045289,0.329945,0.155221
130_bNAb_Combinations|1342240|sample|8|nan|1798,16.6,0.000721896,7,8,1,0.797424,0.797209,0.000631971,0.000820238,0.0464493,-0.0498013
130_bNAb_Combinations|1342240|vc|1|2|nan|1798,0,0.862537,1,2,1,0.758349,0.758206,0.758943,0.758206,0.656265,0.66157
130_bNAb_Combinations|1342240|vc|2|2|nan|1798,0,0.923324,2,2,1,0.797424,0.797209,0.796771,0.797209,0.764062,0.761002
130_bNAb_Combinations|1342240|vc|3|2|nan|1798,0,0.944627,3,2,1,0.797424,0.797209,0.796771,0.797209,0.892675,0.889545
130_bNAb_Combinations|1342240|vc|4|2|nan|1798,0,1,4,2,1,0.797424,0.797209,0.796771,0.797209,1.22699,1.22368
130_bNAb_Combinations|1342240|vc|5|2|nan|1798,0,0.995817,5,2,1,0.797424,0.797209,0.796771,0.797209,1.20173,1.19844
130_bNAb_Combinations|1342240|vc|6|2|nan|1798,0,0.979742,6,2,1,0.797424,0.797209,0.796771,0.797209,1.10468,1.10144
130_bNAb_Combinations|1342240|vc|7|2|nan|1798,0,0.912625,7,2,1,0.797424,0.797209,0.796771,0.797209,0.699464,0.696439
130_bNAb_Combinations|1342240|vc|8|2|nan|1798,0,0.732654,8,2,1,0.758349,0.758206,0.758943,0.758206,-0.166541,-0.162027
130_bNAb_Combinations|1342258|cc|1|1|TRO.11|8301,0,0.000586773,1,1,0,0,0,0,0,0.324896,0.324896
130_bNAb_Combinations|1342258|cc|2|1|TRO.11|8301,0,0.000602214,2,1,0,0,0,0,0,0.333446,0.333446
130_bNAb_Combinations|1342258|cc|3|1|TRO.11|8301,0,0.000756628,3,1,0,0,0,0,0,0.418945,0.418945
130_bNAb_Combinations|1342258|cc|4|1|TRO.11|8301,0,0.000694863,4,1,0,0,0,0,0,0.384745,0.384745
130_bNAb_Combinations|1342258|cc|5|1|TRO.11|8301,0,0.000957366,5,1,0,0,0,0,0,0.530093,0.530093
130_bNAb_Combinations|1342258|cc|6|1|TRO.11|8301,0,0.000648538,6,1,0,0,0,0,0,0.359095,0.359095
130_bNAb_Combinations|1342258|cc|7|1|TRO.11|8301,0,0.00103457,7,1,0,0,0,0,0,0.572843,0.572843
130_bNAb_Combinations|1342258|cc|8|1|TRO.11|8301,0,0.00112722,8,1,0,0,0,0,0,0.624142,0.624142
130_bNAb_Combinations|1342258|sample|3|TRO.11|8301,0.0010624,1,1,3,1,0.758349,0.758257,0.758978,0.758247,1.5268,1.53289
130_bNAb_Combinations|1342258|sample|3|TRO.11|8301,0.005312,0.977008,2,3,1,0.797424,0.797347,0.796664,0.797107,1.08897,1.0857
130_bNAb_Combinations|1342258|sample|3|TRO.11|8301,0.02656,0.852774,3,3,1,0.83018,0.830116,0.823417,0.824581,0.171566,0.164534
130_bNAb_Combinations|1342258|sample|3|TRO.11|8301,0.1328,0.409135,4,3,1,0.83018,0.830116,0.716454,0.715724,-2.06091,-2.05809
130_bNAb_Combinations|1342258|sample|3|TRO.11|8301,0.664,0.0368586,5,3,1,0.83018,0.830116,0.0381593,0.0367179,-0.134761,0.0150385
130_bNAb_Combinations|1342258|sample|3|TRO.11|8301,3.32,0.000988249,6,3,1,0.83018,0.830116,0.000361779,0.000911353,0.333154,0.0385748
130_bNAb_Combinations|1342258|sample|3|TRO.11|8301,16.6,0.000617656,7,3,1,0.797424,0.797347,0.000347834,0.000875377,0.143709,-0.129768
130_bNAb_Combinations|1342258|sample|3|TRO.11|8301,83,0.0017912,8,3,1,0.758349,0.758257,0.000331286,0.000832462,0.778974,0.484898
130_bNAb_Combinations|1342258|sample|4|TRO.11|8301,0.0010624,0.951962,1,4,1,0.758349,0.758257,0.758979,0.758247,1.22248,1.22829
130_bNAb_Combinations|1342258|sample|4|TRO.11|8301,0.005312,0.975433,2,4,1,0.797424,0.797347,0.796684,0.797123,1.07931,1.07607
130_bNAb_Combinations|1342258|sample|4|TRO.11|8301,0.02656,0.81302,3,4,1,0.83018,0.830116,0.823879,0.824965,-0.0634283,-0.0696776
130_bNAb_Combinations|1342258|sample|4|TRO.11|8301,0.1328,0.42409,4,4,1,0.85764,0.857586,0.748987,0.747075,-2.08525,-2.07822
130_bNAb_Combinations|1342258|sample|4|TRO.11|8301,0.664,0.0475286,5,4,1,0.85764,0.857586,0.0512665,0.0470438,-0.302732,0.0422391
130_bNAb_Combinations|1342258|sample|4|TRO.11|8301,3.32,0.000586773,6,4,1,0.83018,0.830116,0.000484417,0.00100136,0.0537124,-0.206065
130_bNAb_Combinations|1342258|sample|4|TRO.11|8301,16.6,0.00101913,7,4,1,0.797424,0.797347,0.000465745,0.000961831,0.290981,0.0285962
130_bNAb_Combinations|1342258|sample|4|TRO.11|8301,83,0.00205371,8,4,1,0.758349,0.758257,0.000443587,0.000914677,0.848663,0.571198
130_bNAb_Combinations|1342258|vc|1|2|TRO.11|8301,0,0.96755,1,2,1,0.758349,0.758257,0.758988,0.758257,1.32116,1.32705
130_bNAb_Combinations|1342258|vc|2|2|TRO.11|8301,0,0.984057,2,2,1,0.797424,0.797347,0.7969,0.797347,1.12978,1.12645
130_bNAb_Combinations|1342258|vc|3|2|TRO.11|8301,0,0.968554,3,2,1,0.797424,0.797347,0.7969,0.797347,1.03619,1.03292
130_bNAb_Combinations|1342258|vc|4|2|TRO.11|8301,0,0.996418,4,2,1,0.797424,0.797347,0.7969,0.797347,1.20439,1.20103
130_bNAb_Combinations|1342258|vc|5|2|TRO.11|8301,0,0.95952,5,2,1,0.797424,0.797347,0.7969,0.797347,0.981661,0.978422
130_bNAb_Combinations|1342258|vc|6|2|TRO.11|8301,0,0.92514,6,2,1,0.797424,0.797347,0.7969,0.797347,0.774124,0.771
130_bNAb_Combinations|1342258|vc|7|2|TRO.11|8301,0,0.920917,7,2,1,0.797424,0.797347,0.7969,0.797347,0.748631,0.74552
130_bNAb_Combinations|1342258|vc|8|2|TRO.11|8301,0,0.827859,8,2,1,0.758349,0.758257,0.758988,0.758257,0.436272,0.441323
130_bNAb_Combinations|1342276|cc|1|1|Ce1176_A3|7023,0,0.00106045,1,1,0,0,0,0,0,0.587172,0.587172
130_bNAb_Combinations|1342276|cc|2|1|Ce1176_A3|7023,0,0.000899371,2,1,0,0,0,0,0,0.497981,0.497981
130_bNAb_Combinations|1342276|cc|3|1|Ce1176_A3|7023,0,0.00139604,3,1,0,0,0,0,0,0.772986,0.772986
130_bNAb_Combinations|1342276|cc|4|1|Ce1176_A3|7023,0,0.000885948,4,1,0,0,0,0,0,0.490549,0.490549
130_bNAb_Combinations|1342276|cc|5|1|Ce1176_A3|7023,0,0.000939641,5,1,0,0,0,0,0,0.520279,0.520279
130_bNAb_Combinations|1342276|cc|6|1|Ce1176_A3|7023,0,0.00115442,6,1,0,0,0,0,0,0.6392,0.6392
130_bNAb_Combinations|1342276|cc|7|1|Ce1176_A3|7023,0,0.00167793,7,1,0,0,0,0,0,0.92907,0.92907
130_bNAb_Combinations|1342276|cc|8|1|Ce1176_A3|7023,0,0.0012618,8,1,0,0,0,0,0,0.69866,0.69866
130_bNAb_Combinations|1342276|sample|3|Ce1176_A3|7023,0.0010624,0.725068,1,3,1,0.758349,0.758349,0.75908,0.758349,-0.215427,-0.210999
130_bNAb_Combinations|1342276|sample|3|Ce1176_A3|7023,0.005312,0.881934,2,3,1,0.797424,0.797424,0.796973,0.797418,0.512825,0.509852
130_bNAb_Combinations|1342276|sample|3|Ce1176_A3|7023,0.02656,0.891317,3,3,1,0.83018,0.83018,0.828648,0.829868,0.36396,0.356355
130_bNAb_Combinations|1342276|sample|3|Ce1176_A3|7023,0.1328,0.705718,4,3,1,0.83018,0.83018,0.813729,0.812338,-0.638671,-0.631515
130_bNAb_Combinations|1342276|sample|3|Ce1176_A3|7023,0.664,0.239233,5,3,1,0.83018,0.83018,0.293486,0.245815,-0.872932,-0.125743
130_bNAb_Combinations|1342276|sample|3|Ce1176_A3|7023,3.32,0.012269,6,3,1,0.83018,0.83018,0.00556194,0.00634352,2.27387,1.9051
130_bNAb_Combinations|1342276|sample|3|Ce1176_A3|7023,16.6,0.00138262,7,3,1,0.797424,0.797424,0.00534765,0.00609323,-1.36463,-1.53998
130_bNAb_Combinations|1342276|sample|3|Ce1176_A3|7023,83,0.00073829,8,3,1,0.758349,0.758349,0.00509336,0.00579465,-1.52633,-1.68687
130_bNAb_Combinations|1342276|sample|4|Ce1176_A3|7023,0.0010624,0.749337,1,4,1,0.758349,0.758349,0.75908,0.758349,-0.0617075,-0.0571338
130_bNAb_Combinations|1342276|sample|4|Ce1176_A3|7023,0.005312,0.874437,2,4,1,0.797424,0.797424,0.796976,0.797423,0.467548,0.464595
130_bNAb_Combinations|1342276|sample|4|Ce1176_A3|7023,0.02656,0.920365,3,4,1,0.83018,0.83018,0.828878,0.830142,0.53118,0.523053
130_bNAb_Combinations|1342276|sample|4|Ce1176_A3|7023,0.1328,0.749364,4,4,1,0.85764,0.85764,0.853763,0.855383,-0.58866,-0.596673
130_bNAb_Combinations|1342276|sample|4|Ce1176_A3|7023,0.664,0.256838,5,4,1,0.85764,0.85764,0.746865,0.739163,-3.15393,-3.13632
130_bNAb_Combinations|1342276|sample|4|Ce1176_A3|7023,3.32,0.0164035,6,4,1,0.83018,0.83018,0.0204315,0.0150877,-0.670558,0.268064
130_bNAb_Combinations|1342276|sample|4|Ce1176_A3|7023,16.6,0.000402703,7,4,1,0.797424,0.797424,0.000389491,0.000541373,0.00700503,-0.0723238
130_bNAb_Combinations|1342276|sample|4|Ce1176_A3|7023,83,0.000617479,8,4,1,0.758349,0.758349,0.000370213,0.000514603,0.131374,0.0538095
130_bNAb_Combinations|1342276|vc|1|2|Ce1176_A3|7023,0,0.763009,1,2,1,0.758349,0.758349,0.75908,0.758349,0.0248873,0.0295435
130_bNAb_Combinations|1342276|vc|2|2|Ce1176_A3|7023,0,0.910553,2,2,1,0.797424,0.797424,0.796977,0.797424,0.685537,0.682463
130_bNAb_Combinations|1342276|vc|3|2|Ce1176_A3|7023,0,1,3,2,1,0.797424,0.797424,0.796977,0.797424,1.22543,1.22206
130_bNAb_Combinations|1342276|vc|4|2|Ce1176_A3|7023,0,0.978623,4,2,1,0.797424,0.797424,0.796977,0.797424,1.09641,1.0931
130_bNAb_Combinations|1342276|vc|5|2|Ce1176_A3|7023,0,0.915016,5,2,1,0.797424,0.797424,0.796977,0.797424,0.712477,0.709388
130_bNAb_Combinations|1342276|vc|6|2|Ce1176_A3|7023,0,0.948528,6,2,1,0.797424,0.797424,0.796977,0.797424,0.914751,0.91155
130_bNAb_Combinations|1342276|vc|7|2|Ce1176_A3|7023,0,0.841536,7,2,1,0.797424,0.797424,0.796977,0.797424,0.268956,0.266113
130_bNAb_Combinations|1342276|vc|8|2|Ce1176_A3|7023,0,0.749606,8,2,1,0.758349,0.758349,0.75908,0.758349,-0.0600071,-0.0554318
130_bNAb_Combinations|1342294|cc|1|1|nan|1176,0,0.00986891,1,1,0,0,0,0,0,5.46441,5.46441
130_bNAb_Combinations|1342294|cc|2|1|nan|1176,0,0.00692296,2,1,0,0,0,0,0,3.83324,3.83324
130_bNAb_Combinations|1342294|cc|3|1|nan|1176,0,0.00368243,3,1,0,0,0,0,0,2.03896,2.03896
130_bNAb_Combinations|1342294|cc|4|1|nan|1176,0,0.0107527,4,1,0,0,0,0,0,5.95376,5.95376
130_bNAb_Combinations|1342294|cc|5|1|nan|1176,0,0.000736485,5,1,0,0,0,0,0,0.407792,0.407792
130_bNAb_Combinations|1342294|cc|6|1|nan|1176,0,0,6,1,0,0,0,0,0,0,0
130_bNAb_Combinations|1342294|cc|7|1|nan|1176,0,0.00618648,7,1,0,0,0,0,0,3.42545,3.42545
130_bNAb_Combinations|1342294|cc|8|1|nan|1176,0,0.0048608,8,1,0,0,0,0,0,2.69142,2.69142
130_bNAb_Combinations|1342294|sample|3|nan|1176,0.0010624,0.7384,1,3,1,0.758349,0.758366,0.733576,0.734097,0.0316066,0.0281758
130_bNAb_Combinations|1342294|sample|3|nan|1176,0.005312,0.840477,2,3,1,0.797424,0.797453,0.706058,0.71065,0.914537,0.877656
130_bNAb_Combinations|1342294|sample|3|nan|1176,0.02656,0.51554,3,3,1,0.83018,0.830216,0.541697,0.553891,-0.231101,-0.331488
130_bNAb_Combinations|1342294|sample|3|nan|1176,0.1328,0.173221,4,3,1,0.83018,0.830216,0.195312,0.209562,-0.526413,-0.809457
130_bNAb_Combinations|1342294|sample|3|nan|1176,0.664,0.0191486,5,3,1,0.83018,0.830216,0.0139847,0.0155178,1.10306,0.726636
130_bNAb_Combinations|1342294|sample|3|nan|1176,3.32,0.00559729,6,3,1,0.83018,0.830216,0.00604899,0.00548523,-0.148111,0.0381947
130_bNAb_Combinations|1342294|sample|3|nan|1176,83,0.0050081,8,3,1,0.758349,0.758366,0.00553553,0.00500358,-0.17914,0.00159364
130_bNAb_Combinations|1342294|sample|4|nan|1176,0.0010624,0.680071,1,4,1,0.758349,0.758366,0.735429,0.735331,-0.361775,-0.361178
130_bNAb_Combinations|1342294|sample|4|nan|1176,0.005312,0.847842,2,4,1,0.797424,0.797453,0.712397,0.714886,0.913423,0.893548
130_bNAb_Combinations|1342294|sample|4|nan|1176,0.02656,0.692444,3,4,1,0.83018,0.830216,0.558938,0.565506,1.14371,1.075
130_bNAb_Combinations|1342294|sample|4|nan|1176,0.1328,0.216085,4,4,1,0.85764,0.85768,0.224023,0.231805,-0.165836,-0.317787
130_bNAb_Combinations|1342294|sample|4|nan|1176,0.664,0.0187067,5,4,1,0.85764,0.85768,0.0177496,0.0175665,0.175441,0.210455
130_bNAb_Combinations|1342294|sample|4|nan|1176,3.32,0.00456621,6,4,1,0.83018,0.830216,0.00601611,0.00431638,-0.476466,0.092753
130_bNAb_Combinations|1342294|sample|4|nan|1176,16.6,0.00618648,7,4,1,0.797424,0.797453,0.00577461,0.00413253,0.137593,0.773401
130_bNAb_Combinations|1342294|sample|4|nan|1176,83,0.00265135,8,4,1,0.758349,0.758366,0.00549994,0.00392998,-0.969936,-0.489132
130_bNAb_Combinations|1342294|sample|8|nan|1176,16.6,0.00883783,7,8,1,0.797424,0.797453,0.0082341,0.00825382,0.172538,0.166711
130_bNAb_Combinations|1342294|vc|1|2|nan|1176,0,0.903962,1,2,1,0.758349,0.758366,0.759097,0.758366,0.91753,0.92304
130_bNAb_Combinations|1342294|vc|2|2|nan|1176,0,0.772868,2,2,1,0.797424,0.797453,0.797007,0.797453,-0.145697,-0.148304
130_bNAb_Combinations|1342294|vc|3|2|nan|1176,0,0.798792,3,2,1,0.797424,0.797453,0.797007,0.797453,0.0107749,0.00808077
130_bNAb_Combinations|1342294|vc|4|2|nan|1176,0,1,4,2,1,0.797424,0.797453,0.797007,0.797453,1.22521,1.22184
130_bNAb_Combinations|1342294|vc|5|2|nan|1176,0,0.928708,5,2,1,0.797424,0.797453,0.797007,0.797453,0.794911,0.791784
130_bNAb_Combinations|1342294|vc|6|2|nan|1176,0,0.843276,6,2,1,0.797424,0.797453,0.797007,0.797453,0.279266,0.276423
130_bNAb_Combinations|1342294|vc|7|2|nan|1176,0,0.868906,7,2,1,0.797424,0.797453,0.797007,0.797453,0.43396,0.431031
130_bNAb_Combinations|1342294|vc|8|2|nan|1176,0,0.751657,8,2,1,0.758349,0.758366,0.759097,0.758366,-0.0471241,-0.0425336
130_bNAb_Combinations|1342312|cc|1|1|RHPA4259.7|5371,0,0.00173044,1,1,0,0,0,0,0,0.958143,0.958143
130_bNAb_Combinations|1342312|cc|2|1|RHPA4259.7|5371,0,0.00228271,2,1,0,0,0,0,0,1.26393,1.26393
130_bNAb_Combinations|1342312|cc|3|1|RHPA4259.7|5371,0,0.00237475,3,1,0,0,0,0,0,1.3149,1.3149
130_bNAb_Combinations|1342312|cc|4|1|RHPA4259.7|5371,0,0.00189612,4,1,0,0,0,0,0,1.04988,1.04988
130_bNAb_Combinations|1342312|cc|5|1|RHPA4259.7|5371,0,0.00136226,5,1,0,0,0,0,0,0.754283,0.754283
130_bNAb_Combinations|1342312|cc|6|1|RHPA4259.7|5371,0,0.00187771,6,1,0,0,0,0,0,1.03969,1.03969
130_bNAb_Combinations|1342312|cc|7|1|RHPA4259.7|5371,0,0.00250361,7,1,0,0,0,0,0,1.38625,1.38625
130_bNAb_Combinations|1342312|cc|8|1|RHPA4259.7|5371,0,0.0020618,8,1,0,0,0,0,0,1.14162,1.14162
130_bNAb_Combinations|1342312|sample|3|RHPA4259.7|5371,0.0010624,0.763952,1,3,1,0.758349,0.758343,0.708477,0.705171,0.37616,0.40042
130_bNAb_Combinations|1342312|sample|3|RHPA4259.7|5371,0.005312,0.818875,2,3,1,0.797424,0.797413,0.642287,0.63524,1.31912,1.38677
130_bNAb_Combinations|1342312|sample|3|RHPA4259.7|5371,0.02656,0.538378,3,3,1,0.83018,0.830167,0.4249,0.41066,1.27259,1.48091
130_bNAb_Combinations|1342312|sample|3|RHPA4259.7|5371,0.1328,0.0814411,4,3,1,0.83018,0.830167,0.111209,0.100566,-1.20656,-0.850627
130_bNAb_Combinations|1342312|sample|3|RHPA4259.7|5371,0.664,0.00397633,5,3,1,0.83018,0.830167,0.00338377,0.00346513,0.236852,0.202974
130_bNAb_Combinations|1342312|sample|3|RHPA4259.7|5371,3.32,0.00173044,6,3,1,0.83018,0.830167,0.000333013,0.00121567,0.74549,0.250374
130_bNAb_Combinations|1342312|sample|3|RHPA4259.7|5371,16.6,0.00147271,7,3,1,0.797424,0.797413,0.000318941,0.0011671,0.616459,0.149369
130_bNAb_Combinations|1342312|sample|3|RHPA4259.7|5371,83,0.0012334,8,3,1,0.758349,0.758343,0.000303776,0.00110992,0.497524,0.0606992
130_bNAb_Combinations|1342312|sample|4|RHPA4259.7|5371,0.0010624,0.732077,1,4,1,0.758349,0.758343,0.705278,0.702252,0.182531,0.204002
130_bNAb_Combinations|1342312|sample|4|RHPA4259.7|5371,0.005312,0.824591,2,4,1,0.797424,0.797413,0.633258,0.627052,1.44936,1.51098
130_bNAb_Combinations|1342312|sample|4|RHPA4259.7|5371,0.02656,0.536592,3,4,1,0.83018,0.830167,0.406673,0.394498,1.5209,1.71364
130_bNAb_Combinations|1342312|sample|4|RHPA4259.7|5371,0.1328,0.0694384,4,4,1,0.85764,0.857625,0.100641,0.0921486,-1.38684,-1.09431
130_bNAb_Combinations|1342312|sample|4|RHPA4259.7|5371,0.664,0.00323997,5,4,1,0.85764,0.857625,0.00248091,0.00285072,0.327724,0.162717
130_bNAb_Combinations|1342312|sample|4|RHPA4259.7|5371,3.32,0.00138067,6,4,1,0.83018,0.830167,0.000289541,0.00115276,0.584877,0.111551
130_bNAb_Combinations|1342312|sample|4|RHPA4259.7|5371,16.6,0.00134385,7,4,1,0.797424,0.797413,0.000277869,0.00110701,0.572134,0.11646
130_bNAb_Combinations|1342312|sample|4|RHPA4259.7|5371,83,0.00163839,8,4,1,0.758349,0.758343,0.000264657,0.00105277,0.738389,0.289554
130_bNAb_Combinations|1342312|vc|1|2|RHPA4259.7|5371,0,0.805648,1,2,1,0.758349,0.758343,0.759073,0.758343,0.294999,0.299912
130_bNAb_Combinations|1342312|vc|2|2|RHPA4259.7|5371,0,0.988964,2,2,1,0.797424,0.797413,0.796966,0.797413,1.1589,1.15556
130_bNAb_Combinations|1342312|vc|3|2|RHPA4259.7|5371,0,0.95037,3,2,1,0.797424,0.797413,0.796966,0.797413,0.925945,0.922737
130_bNAb_Combinations|1342312|vc|4|2|RHPA4259.7|5371,0,0.951677,4,2,1,0.797424,0.797413,0.796966,0.797413,0.933835,0.930622
130_bNAb_Combinations|1342312|vc|5|2|RHPA4259.7|5371,0,1,5,2,1,0.797424,0.797413,0.796966,0.797413,1.22552,1.22214
130_bNAb_Combinations|1342312|vc|6|2|RHPA4259.7|5371,0,0.952339,6,2,1,0.797424,0.797413,0.796966,0.797413,0.937835,0.93462
130_bNAb_Combinations|1342312|vc|7|2|RHPA4259.7|5371,0,0.995186,7,2,1,0.797424,0.797413,0.796966,0.797413,1.19646,1.1931
130_bNAb_Combinations|1342312|vc|8|2|RHPA4259.7|5371,0,0.750412,8,2,1,0.758349,0.758343,0.759073,0.758343,-0.0548595,-0.0502797
130_bNAb_Combinations|1342336|cc|1|1|nan|3430,0,0,1,1,0,0,0,0,0,0,0
130_bNAb_Combinations|1342336|cc|2|1|nan|3430,0,0,2,1,0,0,0,0,0,0,0
130_bNAb_Combinations|1342336|cc|3|1|nan|3430,0,0.00041405,3,1,0,0,0,0,0,0.229259,0.229259
130_bNAb_Combinations|1342336|cc|4|1|nan|3430,0,0.00119614,4,1,0,0,0,0,0,0.662305,0.662305
130_bNAb_Combinations|1342336|cc|5|1|nan|3430,0,0.00174821,5,1,0,0,0,0,0,0.967984,0.967984
130_bNAb_Combinations|1342336|cc|6|1|nan|3430,0,0.00207025,6,1,0,0,0,0,0,1.1463,1.1463
130_bNAb_Combinations|1342336|cc|7|1|nan|3430,0,0.00110413,7,1,0,0,0,0,0,0.611358,0.611358
130_bNAb_Combinations|1342336|cc|8|1|nan|3430,0,0.0016562,8,1,0,0,0,0,0,0.917037,0.917037
130_bNAb_Combinations|1342336|sample|3|nan|3430,0.0010624,0.85338,1,3,1,0.758349,0.845833,0.810899,0.814376,0.252057,0.23045
130_bNAb_Combinations|1342336|sample|3|nan|3430,0.005312,0.846134,2,3,1,0.797424,0.917549,0.798555,0.799683,0.286623,0.27944
130_bNAb_Combinations|1342336|sample|3|nan|3430,0.02656,0.598923,3,3,1,0.83018,0.955904,0.590346,0.582812,0.0696329,0.132454
130_bNAb_Combinations|1342336|sample|3|nan|3430,0.1328,0.155913,4,3,1,0.83018,0.955904,0.179266,0.169583,-0.603991,-0.372747
130_bNAb_Combinations|1342336|sample|3|nan|3430,0.664,0.00768293,5,3,1,0.83018,0.955904,0.00563285,0.00572567,0.691609,0.656073
130_bNAb_Combinations|1342336|sample|3|nan|3430,16.6,0.00115014,7,3,1,0.797424,0.917549,0.00135464,0.00219868,-0.0981047,-0.464347
130_bNAb_Combinations|1342336|sample|3|nan|3430,83,0.00276033,8,3,1,0.758349,0.845833,0.00124977,0.00202683,0.732217,0.329993
130_bNAb_Combinations|1342336|sample|4|nan|3430,0.0010624,0.773193,1,4,1,0.758349,0.845833,0.810035,0.814703,-0.218834,-0.245159
130_bNAb_Combinations|1342336|sample|4|nan|3430,0.005312,0.819405,2,4,1,0.797424,0.917549,0.79547,0.800841,0.144744,0.11152
130_bNAb_Combinations|1342336|sample|4|nan|3430,0.02656,0.59009,3,4,1,0.83018,0.955904,0.582141,0.585792,0.0654238,0.0351583
130_bNAb_Combinations|1342336|sample|4|nan|3430,0.1328,0.181814,4,4,1,0.85764,0.976417,0.1744,0.175924,0.196842,0.155085
130_bNAb_Combinations|1342336|sample|4|nan|3430,0.664,0.00570469,5,4,1,0.85764,0.976417,0.00456753,0.00515681,0.414241,0.191144
130_bNAb_Combinations|1342336|sample|4|nan|3430,3.32,0.000966117,6,4,1,0.83018,0.955904,0.000848594,0.00137986,0.0593397,-0.197988
130_bNAb_Combinations|1342336|sample|4|nan|3430,16.6,0.0008281,7,4,1,0.797424,0.917549,0.000813277,0.00132419,0.00751215,-0.238698
130_bNAb_Combinations|1342336|sample|4|nan|3430,83,0.00289835,8,4,1,0.758349,0.845833,0.000750314,0.00122069,1.09577,0.815579
130_bNAb_Combinations|1342336|sample|5|nan|3430,3.32,0.00156419,6,5,1,0.83018,0.955904,0.000711504,0.00152764,0.436753,0.0172415
130_bNAb_Combinations|1342336|vc|1|2|nan|3430,0,0.92255,1,2,1,0.758349,0.845833,0.841043,0.845833,0.466461,0.436588
130_bNAb_Combinations|1342336|vc|2|2|nan|3430,0,0.992179,2,2,1,0.797424,0.917549,0.911619,0.917549,0.425689,0.39183
130_bNAb_Combinations|1342336|vc|3|2|nan|3430,0,1,3,2,1,0.797424,0.917549,0.911619,0.917549,0.467016,0.432893
130_bNAb_Combinations|1342336|vc|4|2|nan|3430,0,0.999402,4,2,1,0.797424,0.917549,0.911619,0.917549,0.463855,0.429753
130_bNAb_Combinations|1342336|vc|5|2|nan|3430,0,0.95802,5,2,1,0.797424,0.917549,0.911619,0.917549,0.245188,0.212485
130_bNAb_Combinations|1342336|vc|6|2|nan|3430,0,0.951441,6,2,1,0.797424,0.917549,0.911619,0.917549,0.210425,0.177944
130_bNAb_Combinations|1342336|vc|7|2|nan|3430,0,0.88701,7,2,1,0.797424,0.917549,0.911619,0.917549,-0.130036,-0.160337
130_bNAb_Combinations|1342336|vc|8|2|nan|3430,0,0.926598,8,2,1,0.758349,0.845833,0.841043,0.845833,0.48963,0.459627
130_bNAb_Combinations|1342348|cc|1|1|nan|4166,0,0.000451154,1,1,0,0,0,0,0,0.249804,0.249804
130_bNAb_Combinations|1342348|cc|2|1|nan|4166,0,0.000773408,2,1,0,0,0,0,0,0.428235,0.428235
130_bNAb_Combinations|1342348|cc|3|1|nan|4166,0,0.00125679,3,1,0,0,0,0,0,0.695883,0.695883
130_bNAb_Combinations|1342348|cc|4|1|nan|4166,0,0.00128901,4,1,0,0,0,0,0,0.713726,0.713726
130_bNAb_Combinations|1342348|cc|5|1|nan|4166,0,0.000998985,5,1,0,0,0,0,0,0.553137,0.553137
130_bNAb_Combinations|1342348|cc|6|1|nan|4166,0,0.000773408,6,1,0,0,0,0,0,0.428235,0.428235
130_bNAb_Combinations|1342348|cc|7|1|nan|4166,0,0.000386704,7,1,0,0,0,0,0,0.214118,0.214118
130_bNAb_Combinations|1342348|cc|8|1|nan|4166,0,0.000644506,8,1,0,0,0,0,0,0.356863,0.356863
130_bNAb_Combinations|1342348|sample|3|nan|4166,0.0010624,0.836295,1,3,1,0.758349,0.873729,0.810461,0.799231,0.153367,0.223092
130_bNAb_Combinations|1342348|sample|3|nan|4166,0.005312,0.838358,2,3,1,0.797424,0.894143,0.677373,0.672598,1.14107,1.18315
130_bNAb_Combinations|1342348|sample|3|nan|4166,0.02656,0.39555,3,3,1,0.83018,0.911257,0.367719,0.370189,0.359502,0.325468
130_bNAb_Combinations|1342348|sample|3|nan|4166,0.1328,0.0558787,4,3,1,0.83018,0.911257,0.0550839,0.0573511,0.0605217,-0.108277
130_bNAb_Combinations|1342348|sample|3|nan|4166,0.664,0.00054783,5,3,1,0.83018,0.911257,0.000637279,0.000653917,-0.0461772,-0.05467
130_bNAb_Combinations|1342348|sample|3|nan|4166,3.32,0,6,3,1,0.83018,0.911257,0.000337294,0.000309892,-0.179853,-0.16574
130_bNAb_Combinations|1342348|sample|3|nan|4166,16.6,0.000515605,7,3,1,0.797424,0.894143,0.000331821,0.000304068,0.0980568,0.113209
130_bNAb_Combinations|1342348|sample|3|nan|4166,83,0.000676732,8,3,1,0.758349,0.873729,0.000325331,0.000297126,0.187621,0.20331
130_bNAb_Combinations|1342348|sample|4|nan|4166,0.0010624,0.820247,1,4,1,0.758349,0.873729,0.805833,0.794102,0.0860572,0.158375
130_bNAb_Combinations|1342348|sample|4|nan|4166,0.005312,0.753734,2,4,1,0.797424,0.894143,0.665091,0.658926,0.639757,0.690573
130_bNAb_Combinations|1342348|sample|4|nan|4166,0.02656,0.405797,3,4,1,0.83018,0.911257,0.347026,0.347054,0.803337,0.802888
130_bNAb_Combinations|1342348|sample|4|nan|4166,0.1328,0.0446321,4,4,1,0.85764,0.925604,0.0467248,0.04837,-0.183359,-0.318081
130_bNAb_Combinations|1342348|sample|4|nan|4166,0.664,0.00161127,5,4,1,0.85764,0.925604,0.00045092,0.00130494,0.611111,0.147673
130_bNAb_Combinations|1342348|sample|4|nan|4166,3.32,0.000934534,6,4,1,0.83018,0.911257,0.00026397,0.00109168,0.360459,-0.0773946
130_bNAb_Combinations|1342348|sample|4|nan|4166,16.6,0.00174017,7,4,1,0.797424,0.894143,0.000259688,0.00107118,0.796201,0.330155
130_bNAb_Combinations|1342348|sample|4|nan|4166,83,0.00157904,8,4,1,0.758349,0.873729,0.000254609,0.00104672,0.712679,0.263359
130_bNAb_Combinations|1342348|vc|1|2|nan|4166,0,0.800445,1,2,1,0.758349,0.873729,0.887433,0.873729,-0.47206,-0.403868
130_bNAb_Combinations|1342348|vc|2|2|nan|4166,0,0.905725,2,2,1,0.797424,0.894143,0.905136,0.894143,0.00313092,0.0623852
130_bNAb_Combinations|1342348|vc|3|2|nan|4166,0,1,3,2,1,0.797424,0.894143,0.905136,0.894143,0.504826,0.570189
130_bNAb_Combinations|1342348|vc|4|2|nan|4166,0,0.920162,4,2,1,0.797424,0.894143,0.905136,0.894143,0.0799586,0.140148
130_bNAb_Combinations|1342348|vc|5|2|nan|4166,0,0.841097,5,2,1,0.797424,0.894143,0.905136,0.894143,-0.340793,-0.285726
130_bNAb_Combinations|1342348|vc|6|2|nan|4166,0,0.905435,6,2,1,0.797424,0.894143,0.905136,0.894143,0.00158751,0.060823
130_bNAb_Combinations|1342348|vc|7|2|nan|4166,0,0.801959,7,2,1,0.797424,0.894143,0.905136,0.894143,-0.549068,-0.496537
130_bNAb_Combinations|1342348|vc|8|2|nan|4166,0,0.723716,8,2,1,0.758349,0.873729,0.887433,0.873729,-0.888444,-0.826719
130_bNAb_Combinations|1342372|cc|1|1|nan|2944,0,0.00214128,1,1,0,0,0,0,0,1.18563,1.18563
130_bNAb_Combinations|1342372|cc|2|1|nan|2944,0,0.00406844,2,1,0,0,0,0,0,2.25269,2.25269
130_bNAb_Combinations|1342372|cc|3|1|nan|2944,0,0.00282649,3,1,0,0,0,0,0,1.56503,1.56503
130_bNAb_Combinations|1342372|cc|4|1|nan|2944,0,0.00355453,4,1,0,0,0,0,0,1.96814,1.96814
130_bNAb_Combinations|1342372|cc|5|1|nan|2944,0,0.00321192,5,1,0,0,0,0,0,1.77844,1.77844
130_bNAb_Combinations|1342372|cc|6|1|nan|2944,0,0.0020128,6,1,0,0,0,0,0,1.11449,1.11449
130_bNAb_Combinations|1342372|cc|7|1|nan|2944,0,0.00111347,7,1,0,0,0,0,0,0.616526,0.616526
130_bNAb_Combinations|1342372|cc|8|1|nan|2944,0,0.000642385,8,1,0,0,0,0,0,0.355688,0.355688
130_bNAb_Combinations|1342372|sample|3|nan|2944,0.0010624,0.787264,1,3,1,0.758349,0.758349,0.756809,0.755973,0.193465,0.198998
130_bNAb_Combinations|1342372|sample|3|nan|2944,0.005312,0.896555,2,3,1,0.797424,0.797424,0.783118,0.782901,0.696678,0.698205
130_bNAb_Combinations|1342372|sample|3|nan|2944,0.02656,0.630907,3,3,1,0.83018,0.83018,0.748197,0.745689,-0.753574,-0.73991
130_bNAb_Combinations|1342372|sample|3|nan|2944,0.1328,0.303313,4,3,1,0.83018,0.83018,0.459991,0.448079,-1.62554,-1.54111
130_bNAb_Combinations|1342372|sample|3|nan|2944,0.664,0.0365731,5,3,1,0.83018,0.83018,0.0367902,0.0327189,-0.0231719,0.451663
130_bNAb_Combinations|1342372|sample|3|nan|2944,3.32,0.00179868,6,3,1,0.83018,0.83018,0.000151019,0.00122085,0.896887,0.280901
130_bNAb_Combinations|1342372|sample|3|nan|2944,16.6,0.000942164,7,3,1,0.797424,0.797424,0.000141592,0.00117066,0.436244,-0.111641
130_bNAb_Combinations|1342372|sample|3|nan|2944,83,0.0014989,8,3,1,0.758349,0.758349,0.000134859,0.0011133,0.743847,0.189489
130_bNAb_Combinations|1342372|sample|4|nan|2944,0.0010624,0.711912,1,4,1,0.758349,0.758349,0.756428,0.755669,-0.282934,-0.278385
130_bNAb_Combinations|1342372|sample|4|nan|2944,0.005312,0.776814,2,4,1,0.797424,0.797424,0.78081,0.78106,-0.024613,-0.0261447
130_bNAb_Combinations|1342372|sample|4|nan|2944,0.02656,0.656731,3,4,1,0.83018,0.83018,0.735419,0.735515,-0.514242,-0.514801
130_bNAb_Combinations|1342372|sample|4|nan|2944,0.1328,0.279309,4,4,1,0.85764,0.85764,0.430386,0.427933,-1.67308,-1.65516
130_bNAb_Combinations|1342372|sample|4|nan|2944,0.664,0.0268517,5,4,1,0.85764,0.85764,0.0240817,0.0235876,0.409903,0.490394
130_bNAb_Combinations|1342372|sample|4|nan|2944,3.32,0.00239824,6,4,1,0.83018,0.83018,0.00185167,0.00223056,0.249942,0.0740408
130_bNAb_Combinations|1342372|sample|4|nan|2944,16.6,0.00145607,7,4,1,0.797424,0.797424,0.00177989,0.00214217,-0.149088,-0.305408
130_bNAb_Combinations|1342372|sample|4|nan|2944,83,0.0033404,8,4,1,0.758349,0.758349,0.00169525,0.0020372,0.76355,0.585733
130_bNAb_Combinations|1342372|vc|1|2|nan|2944,0,0.866191,1,2,1,0.758349,0.758349,0.75908,0.758349,0.678428,0.683706
130_bNAb_Combinations|1342372|vc|2|2|nan|2944,0,0.961949,2,2,1,0.797424,0.797424,0.796977,0.797424,0.995762,0.992516
130_bNAb_Combinations|1342372|vc|3|2|nan|2944,0,0.934862,3,2,1,0.797424,0.797424,0.796977,0.797424,0.832265,0.82911
130_bNAb_Combinations|1342372|vc|4|2|nan|2944,0,1,4,2,1,0.797424,0.797424,0.796977,0.797424,1.22543,1.22206
130_bNAb_Combinations|1342372|vc|5|2|nan|2944,0,0.921672,5,2,1,0.797424,0.797424,0.796977,0.797424,0.75265,0.749538
130_bNAb_Combinations|1342372|vc|6|2|nan|2944,0,0.914177,6,2,1,0.797424,0.797424,0.796977,0.797424,0.707413,0.704327
130_bNAb_Combinations|1342372|vc|7|2|nan|2944,0,0.942057,7,2,1,0.797424,0.797424,0.796977,0.797424,0.875692,0.872513
130_bNAb_Combinations|1342372|vc|8|2|nan|2944,0,0.751547,8,2,1,0.758349,0.758349,0.75908,0.758349,-0.0477101,-0.0431233
130_bNAb_Combinations|1342384|cc|1|1|nan|2946,0,0.000377127,1,1,0,0,0,0,0,0.208815,0.208815
130_bNAb_Combinations|1342384|cc|2|1|nan|2946,0,0.0014378,2,1,0,0,0,0,0,0.796108,0.796108
130_bNAb_Combinations|1342384|cc|3|1|nan|2946,0,0.00120209,3,1,0,0,0,0,0,0.665598,0.665598
130_bNAb_Combinations|1342384|cc|4|1|nan|2946,0,0.0012728,4,1,0,0,0,0,0,0.704751,0.704751
130_bNAb_Combinations|1342384|cc|5|1|nan|2946,0,0.000966389,5,1,0,0,0,0,0,0.535089,0.535089
130_bNAb_Combinations|1342384|cc|6|1|nan|2946,0,0.00162636,6,1,0,0,0,0,0,0.900515,0.900515
130_bNAb_Combinations|1342384|cc|7|1|nan|2946,0,0.000848536,7,1,0,0,0,0,0,0.469834,0.469834
130_bNAb_Combinations|1342384|cc|8|1|nan|2946,0,0.00219205,8,1,0,0,0,0,0,1.21374,1.21374
130_bNAb_Combinations|1342384|sample|3|nan|2946,0.0010624,0.852284,1,3,1,0.758349,0.758348,0.759079,0.758348,0.590345,0.59554
130_bNAb_Combinations|1342384|sample|3|nan|2946,0.005312,0.967355,2,3,1,0.797424,0.797423,0.796976,0.797423,1.0284,1.02513
130_bNAb_Combinations|1342384|sample|3|nan|2946,0.02656,0.934439,3,3,1,0.83018,0.830179,0.828891,0.830156,0.612806,0.604549
130_bNAb_Combinations|1342384|sample|3|nan|2946,0.1328,0.7873,4,3,1,0.83018,0.830179,0.827647,0.828794,-0.234601,-0.24094
130_bNAb_Combinations|1342384|sample|3|nan|2946,0.664,0.423797,5,3,1,0.83018,0.830179,0.758063,0.752948,-2.12,-2.10157
130_bNAb_Combinations|1342384|sample|3|nan|2946,3.32,0.0580305,6,3,1,0.83018,0.830179,0.0673921,0.0547587,-0.597703,0.250423
130_bNAb_Combinations|1342384|sample|3|nan|2946,16.6,0.00157922,7,3,1,0.797424,0.797423,0.000567582,0.00118189,0.526145,0.193908
130_bNAb_Combinations|1342384|sample|3|nan|2946,83,0.00113138,8,3,1,0.758349,0.758348,0.00047615,0.00109478,0.344146,0.0180217
130_bNAb_Combinations|1342384|sample|4|nan|2946,0.0010624,0.86071,1,4,1,0.758349,0.758348,0.759079,0.758348,0.643717,0.648963
130_bNAb_Combinations|1342384|sample|4|nan|2946,0.005312,0.945269,2,4,1,0.797424,0.797423,0.796976,0.797423,0.89509,0.891901
130_bNAb_Combinations|1342384|sample|4|nan|2946,0.02656,0.912624,3,4,1,0.83018,0.830179,0.828892,0.830157,0.486146,0.478081
130_bNAb_Combinations|1342384|sample|4|nan|2946,0.1328,0.777,4,4,1,0.85764,0.857639,0.854574,0.85626,-0.436997,-0.445622
130_bNAb_Combinations|1342384|sample|4|nan|2946,0.664,0.449052,5,4,1,0.85764,0.857639,0.785682,0.780613,-2.06076,-2.04277
130_bNAb_Combinations|1342384|sample|4|nan|2946,3.32,0.0637345,6,4,1,0.83018,0.830179,0.0750031,0.0601389,-0.654102,0.253724
130_bNAb_Combinations|1342384|sample|4|nan|2946,16.6,0.000824966,7,4,1,0.797424,0.797423,0.000578976,0.000913156,0.127782,-0.0442323
130_bNAb_Combinations|1342384|sample|4|nan|2946,83,0.00122566,8,4,1,0.758349,0.758348,0.000455089,0.000826027,0.405649,0.202258
130_bNAb_Combinations|1342384|vc|1|2|nan|2946,0,0.93029,1,2,1,0.758349,0.758348,0.759079,0.758348,1.08443,1.09009
130_bNAb_Combinations|1342384|vc|2|2|nan|2946,0,0.910809,2,2,1,0.797424,0.797423,0.796976,0.797423,0.687089,0.684015
130_bNAb_Combinations|1342384|vc|3|2|nan|2946,0,1,3,2,1,0.797424,0.797423,0.796976,0.797423,1.22544,1.22207
130_bNAb_Combinations|1342384|vc|4|2|nan|2946,0,0.996582,4,2,1,0.797424,0.797423,0.796976,0.797423,1.20481,1.20145
130_bNAb_Combinations|1342384|vc|5|2|nan|2946,0,0.999953,5,2,1,0.797424,0.797423,0.796976,0.797423,1.22515,1.22178
130_bNAb_Combinations|1342384|vc|6|2|nan|2946,0,0.889549,6,2,1,0.797424,0.797423,0.796976,0.797423,0.558762,0.555758
130_bNAb_Combinations|1342384|vc|7|2|nan|2946,0,0.878541,7,2,1,0.797424,0.797423,0.796976,0.797423,0.492322,0.489355
130_bNAb_Combinations|1342384|vc|8|2|nan|2946,0,0.78624,8,2,1,0.758349,0.758348,0.759079,0.758348,0.172031,0.176827
130_bNAb_Combinations|1342396|cc|1|1|PVO.4|5024,0,0.000406233,1,1,0,0,0,0,0,0.224931,0.224931
130_bNAb_Combinations|1342396|cc|2|1|PVO.4|5024,0,0.00130897,2,1,0,0,0,0,0,0.724778,0.724778
130_bNAb_Combinations|1342396|cc|3|1|PVO.4|5024,0,0.00155723,3,1,0,0,0,0,0,0.862236,0.862236
130_bNAb_Combinations|1342396|cc|4|1|PVO.4|5024,0,0.000835035,4,1,0,0,0,0,0,0.462359,0.462359
130_bNAb_Combinations|1342396|cc|5|1|PVO.4|5024,0,0.000654487,5,1,0,0,0,0,0,0.362389,0.362389
130_bNAb_Combinations|1342396|cc|6|1|PVO.4|5024,0,0.000631919,6,1,0,0,0,0,0,0.349893,0.349893
130_bNAb_Combinations|1342396|cc|7|1|PVO.4|5024,0,0.000880172,7,1,0,0,0,0,0,0.487351,0.487351
130_bNAb_Combinations|1342396|cc|8|1|PVO.4|5024,0,0.00139925,8,1,0,0,0,0,0,0.774763,0.774763
130_bNAb_Combinations|1342396|sample|3|PVO.4|5024,0.0010624,0.997833,1,3,1,0.758349,0.83344,0.83373,0.83335,0.94731,0.94993
130_bNAb_Combinations|1342396|sample|3|PVO.4|5024,0.005312,0.936549,2,3,1,0.797424,0.860372,0.858811,0.859175,0.435781,0.433553
130_bNAb_Combinations|1342396|sample|3|PVO.4|5024,0.02656,0.845349,3,3,1,0.83018,0.88295,0.866862,0.867157,-0.119489,-0.121083
130_bNAb_Combinations|1342396|sample|3|PVO.4|5024,0.1328,0.395513,4,3,1,0.83018,0.88295,0.705615,0.699575,-2.11113,-2.08766
130_bNAb_Combinations|1342396|sample|3|PVO.4|5024,0.664,0.0558345,5,3,1,0.83018,0.88295,0.0591481,0.0530081,-0.23723,0.22246
130_bNAb_Combinations|1342396|sample|3|PVO.4|5024,3.32,0.00187319,6,3,1,0.83018,0.88295,0.000326753,0.000675837,0.825549,0.615606
130_bNAb_Combinations|1342396|sample|3|PVO.4|5024,16.6,0.000383665,7,3,1,0.797424,0.860372,0.000318591,0.000658554,0.0347701,-0.141591
130_bNAb_Combinations|1342396|sample|3|PVO.4|5024,83,4.5137e-05,8,3,1,0.758349,0.83344,0.000308907,0.000637939,-0.141087,-0.30601
130_bNAb_Combinations|1342396|sample|4|PVO.4|5024,0.0010624,1,1,4,1,0.758349,0.83344,0.833736,0.833358,0.959771,0.962386
130_bNAb_Combinations|1342396|sample|4|PVO.4|5024,0.005312,0.917851,2,4,1,0.797424,0.860372,0.858898,0.859285,0.330443,0.328128
130_bNAb_Combinations|1342396|sample|4|PVO.4|5024,0.02656,0.813708,3,4,1,0.83018,0.88295,0.868003,0.868587,-0.301174,-0.304207
130_bNAb_Combinations|1342396|sample|4|PVO.4|5024,0.1328,0.442377,4,4,1,0.85764,0.901877,0.732795,0.729914,-1.90466,-1.89312
130_bNAb_Combinations|1342396|sample|4|PVO.4|5024,0.664,0.0734831,5,4,1,0.85764,0.901877,0.0741933,0.0697905,-0.0416263,0.228564
130_bNAb_Combinations|1342396|sample|4|PVO.4|5024,3.32,0.000744761,6,4,1,0.83018,0.88295,0.000424388,0.000571057,0.169215,0.0903088
130_bNAb_Combinations|1342396|sample|4|PVO.4|5024,16.6,0,7,4,1,0.797424,0.860372,0.000413784,0.000556452,-0.218805,-0.289751
130_bNAb_Combinations|1342396|sample|4|PVO.4|5024,83,0.00128641,8,4,1,0.758349,0.83344,0.000401206,0.000539033,0.468725,0.389893
130_bNAb_Combinations|1342396|vc|1|2|PVO.4|5024,0,0.943804,1,2,1,0.758349,0.83344,0.833816,0.83344,0.63486,0.637316
130_bNAb_Combinations|1342396|vc|2|2|PVO.4|5024,0,0.908609,2,2,1,0.797424,0.860372,0.859957,0.860372,0.27237,0.269916
130_bNAb_Combinations|1342396|vc|3|2|PVO.4|5024,0,0.910922,3,2,1,0.797424,0.860372,0.859957,0.860372,0.285321,0.282861
130_bNAb_Combinations|1342396|vc|4|2|PVO.4|5024,0,0.912705,4,2,1,0.797424,0.860372,0.859957,0.860372,0.295302,0.292837
130_bNAb_Combinations|1342396|vc|5|2|PVO.4|5024,0,0.907345,5,2,1,0.797424,0.860372,0.859957,0.860372,0.265295,0.262844
130_bNAb_Combinations|1342396|vc|6|2|PVO.4|5024,0,0.878886,6,2,1,0.797424,0.860372,0.859957,0.860372,0.105972,0.103597
130_bNAb_Combinations|1342396|vc|7|2|PVO.4|5024,0,0.860549,7,2,1,0.797424,0.860372,0.859957,0.860372,0.00331484,0.000989454
130_bNAb_Combinations|1342396|vc|8|2|PVO.4|5024,0,0.761022,8,2,1,0.758349,0.83344,0.833816,0.83344,-0.420169,-0.418184
130_bNAb_Combinations|1342408|cc|1|1|nan|4168,0,0.0014393,1,1,0,0,0,0,0,0.79694,0.79694
130_bNAb_Combinations|1342408|cc|2|1|nan|4168,0,0.0014393,2,1,0,0,0,0,0,0.79694,0.79694
130_bNAb_Combinations|1342408|cc|3|1|nan|4168,0,0.000729786,3,1,0,0,0,0,0,0.404082,0.404082
130_bNAb_Combinations|1342408|cc|4|1|nan|4168,0,0.00152039,4,1,0,0,0,0,0,0.841838,0.841838
130_bNAb_Combinations|1342408|cc|5|1|nan|4168,0,0.000973049,5,1,0,0,0,0,0,0.538777,0.538777
130_bNAb_Combinations|1342408|cc|6|1|nan|4168,0,0.00105414,6,1,0,0,0,0,0,0.583675,0.583675
130_bNAb_Combinations|1342408|cc|7|1|nan|4168,0,0.00154066,7,1,0,0,0,0,0,0.853063,0.853063
130_bNAb_Combinations|1342408|cc|8|1|nan|4168,0,0.00145957,8,1,0,0,0,0,0,0.808165,0.808165
130_bNAb_Combinations|1342408|sample|3|nan|4168,0.0010624,0.884744,1,3,1,0.758349,0.82586,0.820629,0.825603,0.375959,0.344726
130_bNAb_Combinations|1342408|sample|3|nan|4168,0.005312,0.890796,2,3,1,0.797424,0.854019,0.846924,0.851655,0.249352,0.221238
130_bNAb_Combinations|1342408|sample|3|nan|4168,0.02656,0.776077,3,3,1,0.83018,0.877624,0.853646,0.856266,-0.437438,-0.450842
130_bNAb_Combinations|1342408|sample|3|nan|4168,0.1328,0.462381,4,3,1,0.83018,0.877624,0.718101,0.706649,-1.711,-1.66054
130_bNAb_Combinations|1342408|sample|3|nan|4168,0.664,0.16701,5,3,1,0.83018,0.877624,0.18299,0.156532,-0.405284,0.308248
130_bNAb_Combinations|1342408|sample|3|nan|4168,3.32,0.0252587,6,3,1,0.83018,0.877624,0.0146243,0.0154635,2.20955,1.96474
130_bNAb_Combinations|1342408|sample|3|nan|4168,16.6,0.00823037,7,3,1,0.797424,0.854019,0.0141311,0.0150122,-1.25239,-1.38611
130_bNAb_Combinations|1342408|sample|3|nan|4168,83,0.0027367,8,3,1,0.758349,0.82586,0.0136621,0.0145172,-2.3673,-2.45891
130_bNAb_Combinations|1342408|sample|4|nan|4168,0.0010624,0.931106,1,4,1,0.758349,0.82586,0.820772,0.825767,0.646867,0.613886
130_bNAb_Combinations|1342408|sample|4|nan|4168,0.005312,0.912324,2,4,1,0.797424,0.854019,0.848237,0.853161,0.363692,0.333827
130_bNAb_Combinations|1342408|sample|4|nan|4168,0.02656,0.764897,3,4,1,0.83018,0.877624,0.865482,0.869822,-0.559552,-0.580811
130_bNAb_Combinations|1342408|sample|4|nan|4168,0.1328,0.50485,4,4,1,0.85764,0.897412,0.829083,0.829519,-1.88206,-1.88361
130_bNAb_Combinations|1342408|sample|4|nan|4168,0.664,0.189005,5,4,1,0.85764,0.897412,0.487103,0.471708,-2.92367,-2.86152
130_bNAb_Combinations|1342408|sample|4|nan|4168,3.32,0.0320092,6,4,1,0.83018,0.877624,0.0321669,0.027825,-0.0187195,0.555882
130_bNAb_Combinations|1342408|sample|4|nan|4168,16.6,0.00490579,7,4,1,0.797424,0.854019,0.00296354,0.00396554,0.804117,0.358682
130_bNAb_Combinations|1342408|sample|4|nan|4168,83,0.00336513,8,4,1,0.758349,0.82586,0.00279187,0.00379255,0.240856,-0.165296
130_bNAb_Combinations|1342408|vc|1|2|nan|4168,0,0.949635,1,2,1,0.758349,0.82586,0.820859,0.82586,0.754905,0.721241
130_bNAb_Combinations|1342408|vc|2|2|nan|4168,0,0.965274,2,2,1,0.797424,0.854019,0.849039,0.854019,0.659011,0.627137
130_bNAb_Combinations|1342408|vc|3|2|nan|4168,0,1,3,2,1,0.797424,0.854019,0.849039,0.854019,0.855893,0.822882
130_bNAb_Combinations|1342408|vc|4|2|nan|4168,0,0.969906,4,2,1,0.797424,0.854019,0.849039,0.854019,0.685274,0.653248
130_bNAb_Combinations|1342408|vc|5|2|nan|4168,0,0.940482,5,2,1,0.797424,0.854019,0.849039,0.854019,0.518448,0.487384
130_bNAb_Combinations|1342408|vc|6|2|nan|4168,0,0.930052,6,2,1,0.797424,0.854019,0.849039,0.854019,0.459314,0.428592
130_bNAb_Combinations|1342408|vc|7|2|nan|4168,0,0.924538,7,2,1,0.797424,0.854019,0.849039,0.854019,0.428052,0.397511
130_bNAb_Combinations|1342408|vc|8|2|nan|4168,0,0.903212,8,2,1,0.758349,0.82586,0.820859,0.82586,0.482768,0.450734
704_VRC01_Concordance|1200432|cc|1|1|PVO.4|5024,0,0.00146144,1,1,0,0,0,0,0,0.8092,0.8092
704_VRC01_Concordance|1200432|cc|2|1|PVO.4|5024,0,0.00217593,2,1,0,0,0,0,0,1.20481,1.20481
704_VRC01_Concordance|1200432|cc|3|1|PVO.4|5024,0,0.0011042,3,1,0,0,0,0,0,0.611395,0.611395
704_VRC01_Concordance|1200432|cc|4|1|PVO.4|5024,0,0.00198107,4,1,0,0,0,0,0,1.09692,1.09692
704_VRC01_Concordance|1200432|cc|5|1|PVO.4|5024,0,0.00298784,5,1,0,0,0,0,0,1.65436,1.65436
704_VRC01_Concordance|1200432|cc|6|1|PVO.4|5024,0,0.00175373,6,1,0,0,0,0,0,0.97104,0.97104
704_VRC01_Concordance|1200432|cc|7|1|PVO.4|5024,0,0.00233831,7,1,0,0,0,0,0,1.29472,1.29472
704_VRC01_Concordance|1200432|cc|8|1|PVO.4|5024,0,0.00334508,8,1,0,0,0,0,0,1.85217,1.85217
704_VRC01_Concordance|1200432|sample|10|PVO.4|5024,0.002286236854138,0.850689,1,10,1,0.758349,0.758349,0.75908,0.758349,0.580241,0.585426
704_VRC01_Concordance|1200432|sample|10|PVO.4|5024,0.0068587105624142,0.988097,2,10,1,0.797424,0.797424,0.796977,0.797424,1.15359,1.15026
704_VRC01_Concordance|1200432|sample|10|PVO.4|5024,0.0205761316872428,0.866635,3,10,1,0.83018,0.83018,0.828913,0.83018,0.219007,0.211331
704_VRC01_Concordance|1200432|sample|10|PVO.4|5024,0.0617283950617284,0.879642,4,10,1,0.83018,0.83018,0.828913,0.83018,0.294526,0.286736
704_VRC01_Concordance|1200432|sample|10|PVO.4|5024,0.1851851851851852,0.740724,5,10,1,0.83018,0.83018,0.828838,0.830103,-0.511619,-0.518181
704_VRC01_Concordance|1200432|sample|10|PVO.4|5024,0.5555555555555556,0.485621,6,10,1,0.83018,0.83018,0.81883,0.819838,-1.95812,-1.96166
704_VRC01_Concordance|1200432|sample|10|PVO.4|5024,1.66666666666667,0.212201,7,10,1,0.797424,0.797424,0.207799,0.203644,0.0988687,0.195933
704_VRC01_Concordance|1200432|sample|10|PVO.4|5024,5,0.0380949,8,10,1,0.758349,0.758349,0.0338235,0.0363507,0.487571,0.187957
704_VRC01_Concordance|1200432|sample|11|PVO.4|5024,0.0457247370827617,0.868454,1,11,1,0.758349,0.758349,0.75908,0.758349,0.692759,0.698051
704_VRC01_Concordance|1200432|sample|11|PVO.4|5024,0.1371742112482853,0.719452,2,11,1,0.797424,0.797424,0.796973,0.797419,-0.467913,-0.470347
704_VRC01_Concordance|1200432|sample|11|PVO.4|5024,0.411522633744856,0.42653,3,11,1,0.797424,0.797424,0.796359,0.796762,-2.23398,-2.23529
704_VRC01_Concordance|1200432|sample|11|PVO.4|5024,1.23456790123457,0.188591,4,11,1,0.797424,0.797424,0.721306,0.716777,-3.5487,-3.5405
704_VRC01_Concordance|1200432|sample|11|PVO.4|5024,3.7037037037037,0.036601,5,11,1,0.797424,0.797424,0.0404872,0.0347522,-0.383609,0.206538
704_VRC01_Concordance|1200432|sample|11|PVO.4|5024,11.1111111111111,0.00789179,6,11,1,0.797424,0.797424,0.00359548,0.0037034,1.68793,1.63131
704_VRC01_Concordance|1200432|sample|11|PVO.4|5024,33.3333333333333,0.00133154,7,11,1,0.797424,0.797424,0.00348758,0.00363537,-0.854514,-0.902223
704_VRC01_Concordance|1200432|sample|11|PVO.4|5024,100,0.000389718,8,11,1,0.758349,0.758349,0.00332147,0.00345711,-1.1779,-1.21874
704_VRC01_Concordance|1200432|sample|12|PVO.4|5024,0.0457247370827617,0.755582,1,12,1,0.758349,0.758349,0.75908,0.758349,-0.0221541,-0.017543
704_VRC01_Concordance|1200432|sample|12|PVO.4|5024,0.1371742112482853,0.635256,2,12,1,0.758349,0.758349,0.759075,0.758344,-0.784251,-0.780366
704_VRC01_Concordance|1200432|sample|12|PVO.4|5024,0.411522633744856,0.416203,3,12,1,0.758349,0.758349,0.758449,0.757728,-2.16952,-2.16698
704_VRC01_Concordance|1200432|sample|12|PVO.4|5024,1.23456790123457,0.135362,4,12,1,0.758349,0.758349,0.68219,0.682557,-3.84893,-3.84947
704_VRC01_Concordance|1200432|sample|12|PVO.4|5024,3.7037037037037,0.0341003,5,12,1,0.758349,0.758349,0.029438,0.0323032,0.593258,0.212734
704_VRC01_Concordance|1200432|sample|12|PVO.4|5024,11.1111111111111,0.00308527,6,12,1,0.758349,0.758349,0.000648252,0.00114297,1.25663,0.951621
704_VRC01_Concordance|1200432|sample|12|PVO.4|5024,33.3333333333333,0.000292288,7,12,1,0.758349,0.758349,0.000591127,0.0010678,-0.155033,-0.382858
704_VRC01_Concordance|1200432|sample|12|PVO.4|5024,100,0.000292288,8,12,1,0.758349,0.758349,0.000591025,0.00106764,-0.154982,-0.382783
704_VRC01_Concordance|1200432|sample|3|PVO.4|5024,0.0457247370827617,0.931426,1,3,1,0.758349,0.758349,0.75908,0.758349,1.09161,1.09729
704_VRC01_Concordance|1200432|sample|3|PVO.4|5024,0.1371742112482853,0.65242,2,3,1,0.797424,0.797424,0.796972,0.797418,-0.872509,-0.874719
704_VRC01_Concordance|1200432|sample|3|PVO.4|5024,0.411522633744856,0.404284,3,3,1,0.83018,0.83018,0.828148,0.82937,-2.46313,-2.46663
704_VRC01_Concordance|1200432|sample|3|PVO.4|5024,1.23456790123457,0.116071,4,3,1,0.83018,0.83018,0.736161,0.732364,-4.04838,-4.04421
704_VRC01_Concordance|1200432|sample|3|PVO.4|5024,3.7037037037037,0.0223763,5,3,1,0.83018,0.83018,0.0234333,0.0209172,-0.159567,0.238925
704_VRC01_Concordance|1200432|sample|3|PVO.4|5024,11.1111111111111,0.00337756,6,3,1,0.83018,0.83018,0.001681,0.00245171,0.788485,0.400775
704_VRC01_Concordance|1200432|sample|3|PVO.4|5024,33.3333333333333,0.00295536,7,3,1,0.797424,0.797424,0.00159564,0.00234157,0.637136,0.268325
704_VRC01_Concordance|1200432|sample|3|PVO.4|5024,100,0.00168878,8,3,1,0.758349,0.758349,0.00151975,0.00222682,0.0797877,-0.237663
704_VRC01_Concordance|1200432|sample|4|PVO.4|5024,0.0457247370827617,0.855821,1,4,1,0.758349,0.758349,0.75908,0.758349,0.612742,0.617958
704_VRC01_Concordance|1200432|sample|4|PVO.4|5024,0.1371742112482853,0.721108,2,4,1,0.797424,0.797424,0.796973,0.79742,-0.45792,-0.460359
704_VRC01_Concordance|1200432|sample|4|PVO.4|5024,0.411522633744856,0.572009,3,4,1,0.83018,0.83018,0.828377,0.829581,-1.48939,-1.49423
704_VRC01_Concordance|1200432|sample|4|PVO.4|5024,1.23456790123457,0.23966,4,4,1,0.85764,0.85764,0.787567,0.78173,-3.34621,-3.33501
704_VRC01_Concordance|1200432|sample|4|PVO.4|5024,3.7037037037037,0.0572236,5,4,1,0.85764,0.85764,0.0703535,0.0552101,-0.806923,0.153024
704_VRC01_Concordance|1200432|sample|4|PVO.4|5024,11.1111111111111,0.00779436,6,4,1,0.83018,0.83018,0.00458614,0.00424414,1.16705,1.32536
704_VRC01_Concordance|1200432|sample|4|PVO.4|5024,33.3333333333333,0.0027605,7,4,1,0.797424,0.797424,0.00393748,0.00384627,-0.44998,-0.418105
704_VRC01_Concordance|1200432|sample|4|PVO.4|5024,100,0.00116915,8,4,1,0.758349,0.758349,0.00374705,0.00365682,-1.00055,-0.972534
704_VRC01_Concordance|1200432|sample|5|PVO.4|5024,0.002286236854138,0.883215,1,5,1,0.758349,0.758349,0.75908,0.758349,0.78625,0.791631
704_VRC01_Concordance|1200432|sample|5|PVO.4|5024,0.0068587105624142,0.89653,2,5,1,0.797424,0.797424,0.796977,0.797424,0.600894,0.597866
704_VRC01_Concordance|1200432|sample|5|PVO.4|5024,0.0205761316872428,0.878603,3,5,1,0.83018,0.83018,0.828913,0.83018,0.288489,0.280708
704_VRC01_Concordance|1200432|sample|5|PVO.4|5024,0.0617283950617284,0.790088,4,5,1,0.85764,0.85764,0.855825,0.857639,-0.369779,-0.379188
704_VRC01_Concordance|1200432|sample|5|PVO.4|5024,0.1851851851851852,0.721465,5,5,1,0.85764,0.85764,0.855749,0.857556,-0.755427,-0.763997
704_VRC01_Concordance|1200432|sample|5|PVO.4|5024,0.5555555555555556,0.483543,6,5,1,0.83018,0.83018,0.819007,0.819391,-1.97096,-1.9723
704_VRC01_Concordance|1200432|sample|5|PVO.4|5024,1.66666666666667,0.199503,7,5,1,0.797424,0.797424,0.213117,0.191456,-0.298384,0.195453
704_VRC01_Concordance|1200432|sample|5|PVO.4|5024,5,0.0347498,8,5,1,0.758349,0.758349,0.0354394,0.0331341,-0.0758345,0.187462
704_VRC01_Concordance|1200432|sample|6|PVO.4|5024,0.002286236854138,0.994382,1,6,1,0.758349,0.758349,0.75908,0.758349,1.49036,1.49642
704_VRC01_Concordance|1200432|sample|6|PVO.4|5024,0.0068587105624142,0.986474,2,6,1,0.797424,0.797424,0.796977,0.797424,1.14379,1.14046
704_VRC01_Concordance|1200432|sample|6|PVO.4|5024,0.0205761316872428,0.991621,3,6,1,0.83018,0.83018,0.828913,0.83018,0.944653,0.935881
704_VRC01_Concordance|1200432|sample|6|PVO.4|5024,0.0617283950617284,0.869396,4,6,1,0.85764,0.85764,0.855825,0.857639,0.076336,0.0659924
704_VRC01_Concordance|1200432|sample|6|PVO.4|5024,0.1851851851851852,0.779355,5,6,1,0.85764,0.85764,0.855739,0.857549,-0.429715,-0.438975
704_VRC01_Concordance|1200432|sample|6|PVO.4|5024,0.5555555555555556,0.468051,6,6,1,0.83018,0.83018,0.817795,0.818437,-2.05786,-2.06004
704_VRC01_Concordance|1200432|sample|6|PVO.4|5024,1.66666666666667,0.186123,7,6,1,0.797424,0.797424,0.190369,0.178683,-0.103694,0.193022
704_VRC01_Concordance|1200432|sample|6|PVO.4|5024,5,0.0497215,8,6,1,0.758349,0.758349,0.0476159,0.0475136,0.181575,0.19074
704_VRC01_Concordance|1200432|sample|7|PVO.4|5024,0.0457247370827617,0.822711,1,7,1,0.758349,0.758349,0.75908,0.758349,0.40303,0.408046
704_VRC01_Concordance|1200432|sample|7|PVO.4|5024,0.1371742112482853,0.758505,2,7,1,0.797424,0.797424,0.796971,0.797419,-0.232183,-0.234753
704_VRC01_Concordance|1200432|sample|7|PVO.4|5024,0.411522633744856,0.445919,3,7,1,0.83018,0.83018,0.828092,0.82944,-2.22101,-2.22526
704_VRC01_Concordance|1200432|sample|7|PVO.4|5024,1.23456790123457,0.173424,4,7,1,0.85764,0.85764,0.753423,0.764845,-3.70088,-3.71805
704_VRC01_Concordance|1200432|sample|7|PVO.4|5024,3.7037037037037,0.0308202,5,7,1,0.85764,0.85764,0.0201244,0.0289858,1.79947,0.236207
704_VRC01_Concordance|1200432|sample|7|PVO.4|5024,11.1111111111111,0.00402709,6,7,1,0.83018,0.83018,0.00299977,0.00239818,0.424015,0.708489
704_VRC01_Concordance|1200432|sample|7|PVO.4|5024,33.3333333333333,0.00243574,7,7,1,0.797424,0.797424,0.00287496,0.00226882,-0.183226,0.07345
704_VRC01_Concordance|1200432|sample|7|PVO.4|5024,100,0.00113668,8,7,1,0.758349,0.758349,0.00273825,0.0021576,-0.676038,-0.453813
704_VRC01_Concordance|1200432|sample|8|PVO.4|5024,0.0457247370827617,0.796746,1,8,1,0.758349,0.758349,0.75908,0.758349,0.238572,0.243431
704_VRC01_Concordance|1200432|sample|8|PVO.4|5024,0.1371742112482853,0.73569,2,8,1,0.797424,0.797424,0.796972,0.797419,-0.369897,-0.372388
704_VRC01_Concordance|1200432|sample|8|PVO.4|5024,0.411522633744856,0.466265,3,8,1,0.83018,0.83018,0.828194,0.829493,-2.1031,-2.10738
704_VRC01_Concordance|1200432|sample|8|PVO.4|5024,1.23456790123457,0.184954,4,8,1,0.85764,0.85764,0.765424,0.771055,-3.64648,-3.65526
704_VRC01_Concordance|1200432|sample|8|PVO.4|5024,3.7037037037037,0.0379325,5,8,1,0.85764,0.85764,0.0293497,0.0359178,1.09466,0.219202
704_VRC01_Concordance|1200432|sample|8|PVO.4|5024,11.1111111111111,0.00399461,6,8,1,0.83018,0.83018,0.00141315,0.00191367,1.23126,0.946092
704_VRC01_Concordance|1200432|sample|8|PVO.4|5024,33.3333333333333,0.00168878,7,8,1,0.797424,0.797424,0.00132007,0.00176717,0.177481,-0.036135
704_VRC01_Concordance|1200432|sample|8|PVO.4|5024,100,0,8,8,1,0.758349,0.758349,0.00125725,0.00168044,-0.608973,-0.781035
704_VRC01_Concordance|1200432|sample|9|PVO.4|5024,0.002286236854138,0.844113,1,9,1,0.758349,0.758349,0.75908,0.758349,0.538586,0.543731
704_VRC01_Concordance|1200432|sample|9|PVO.4|5024,0.0068587105624142,0.938782,2,9,1,0.797424,0.797424,0.796977,0.797424,0.855924,0.852755
704_VRC01_Concordance|1200432|sample|9|PVO.4|5024,0.0205761316872428,0.856568,3,9,1,0.83018,0.83018,0.828913,0.83018,0.160555,0.152968
704_VRC01_Concordance|1200432|sample|9|PVO.4|5024,0.0617283950617284,0.895653,4,9,1,0.85764,0.85764,0.855825,0.857639,0.224036,0.213383
704_VRC01_Concordance|1200432|sample|9|PVO.4|5024,0.1851851851851852,0.785119,5,9,1,0.85764,0.85764,0.855741,0.857541,-0.397296,-0.406575
704_VRC01_Concordance|1200432|sample|9|PVO.4|5024,0.5555555555555556,0.449345,6,9,1,0.83018,0.83018,0.818049,0.817488,-2.16876,-2.16693
704_VRC01_Concordance|1200432|sample|9|PVO.4|5024,1.66666666666667,0.160499,7,9,1,0.797424,0.797424,0.187822,0.154055,-0.675897,0.192473
704_VRC01_Concordance|1200432|sample|9|PVO.4|5024,5,0.0365685,8,9,1,0.758349,0.758349,0.031539,0.0348732,0.606644,0.188862
704_VRC01_Concordance|1200432|vc|1|2|PVO.4|5024,0,0.927366,1,2,1,0.758349,0.758349,0.75908,0.758349,1.0659,1.07155
704_VRC01_Concordance|1200432|vc|2|2|PVO.4|5024,0,0.913369,2,2,1,0.797424,0.797424,0.796977,0.797424,0.702533,0.69945
704_VRC01_Concordance|1200432|vc|3|2|PVO.4|5024,0,1,3,2,1,0.797424,0.797424,0.796977,0.797424,1.22543,1.22206
704_VRC01_Concordance|1200432|vc|4|2|PVO.4|5024,0,0.936054,4,2,1,0.797424,0.797424,0.796977,0.797424,0.839457,0.836298
704_VRC01_Concordance|1200432|vc|5|2|PVO.4|5024,0,0.990712,5,2,1,0.797424,0.797424,0.796977,0.797424,1.16937,1.16603
704_VRC01_Concordance|1200432|vc|6|2|PVO.4|5024,0,0.919832,6,2,1,0.797424,0.797424,0.796977,0.797424,0.741542,0.738437
704_VRC01_Concordance|1200432|vc|7|2|PVO.4|5024,0,0.864589,7,2,1,0.797424,0.797424,0.796977,0.797424,0.408102,0.405181
704_VRC01_Concordance|1200432|vc|8|2|PVO.4|5024,0,0.869461,8,2,1,0.758349,0.758349,0.75908,0.758349,0.699136,0.704434
