id,time,rlu_norm,plate_row,plate_col,virus_cc,popPred_medianCOV,popPred,indivPred_SAEM,indivPred_mode,indWRes_SAEM,indWRes_mode
130_bNAb_Combinations|1313842|cc|1|1|nan|2946,0,0.00107969,1,1,0,0,0,0,0,0.468624,0.468624
130_bNAb_Combinations|1313842|cc|2|1|nan|2946,0,0.000918885,2,1,0,0,0,0,0,0.398829,0.398829
130_bNAb_Combinations|1313842|cc|3|1|nan|2946,0,0.00110266,3,1,0,0,0,0,0,0.478595,0.478595
130_bNAb_Combinations|1313842|cc|4|1|nan|2946,0,0.00133238,4,1,0,0,0,0,0,0.578302,0.578302
130_bNAb_Combinations|1313842|cc|5|1|nan|2946,0,0.00153913,5,1,0,0,0,0,0,0.668039,0.668039
130_bNAb_Combinations|1313842|cc|6|1|nan|2946,0,0.00149319,6,1,0,0,0,0,0,0.648097,0.648097
130_bNAb_Combinations|1313842|cc|7|1|nan|2946,0,0.00149319,7,1,0,0,0,0,0,0.648097,0.648097
130_bNAb_Combinations|1313842|cc|8|1|nan|2946,0,0.000826997,8,1,0,0,0,0,0,0.358946,0.358946
130_bNAb_Combinations|1313842|sample|10|nan|2946,0.0003648,0.782305,1,10,1,0.83168,0.83168,0.831128,0.831656,-0.305667,-0.308776
130_bNAb_Combinations|1313842|sample|10|nan|2946,0.001824,0.882187,2,10,1,0.831693,0.831693,0.830932,0.831485,0.320966,0.317297
130_bNAb_Combinations|1313842|sample|10|nan|2946,0.00912,0.889573,3,10,1,0.831706,0.831705,0.829157,0.829925,0.379132,0.373965
130_bNAb_Combinations|1313842|sample|10|nan|2946,0.0456,0.751223,4,10,1,0.831706,0.831705,0.814025,0.816607,-0.40132,-0.416517
130_bNAb_Combinations|1313842|sample|10|nan|2946,0.228,0.542866,5,10,1,0.831706,0.831705,0.697785,0.713277,-1.15206,-1.2402
130_bNAb_Combinations|1313842|sample|10|nan|2946,1.14,0.150628,6,10,1,0.831706,0.831705,0.232427,0.272226,-1.76565,-2.2574
130_bNAb_Combinations|1313842|sample|10|nan|2946,5.7,0.0141738,7,10,1,0.831693,0.831693,0.00610446,0.00952111,2.33204,1.13277
130_bNAb_Combinations|1313842|sample|10|nan|2946,28.5,0.000252693,8,10,1,0.83168,0.83168,0.00285187,0.00287164,-0.913873,-0.919615
130_bNAb_Combinations|1313842|sample|11|nan|2946,0.0003712,0.787795,1,11,1,0.83168,0.83168,0.831153,0.831676,-0.271439,-0.274549
130_bNAb_Combinations|1313842|sample|11|nan|2946,0.001856,0.899692,2,11,1,0.831693,0.831693,0.83113,0.831653,0.429239,0.425704
130_bNAb_Combinations|1313842|sample|11|nan|2946,0.00928,0.943259,3,11,1,0.831693,0.831693,0.830708,0.831214,0.704993,0.701401
130_bNAb_Combinations|1313842|sample|11|nan|2946,0.0464,0.770876,4,11,1,0.831693,0.831693,0.825612,0.825922,-0.344938,-0.346766
130_bNAb_Combinations|1313842|sample|11|nan|2946,0.2319999999999999,0.591682,5,11,1,0.831693,0.831693,0.767203,0.765379,-1.18901,-1.17941
130_bNAb_Combinations|1313842|sample|11|nan|2946,1.16,0.238543,6,11,1,0.831693,0.831693,0.361808,0.351748,-1.7402,-1.64236
130_bNAb_Combinations|1313842|sample|11|nan|2946,5.8,0.0150238,7,11,1,0.831693,0.831693,0.0125619,0.0114881,0.52566,0.789216
130_bNAb_Combinations|1313842|sample|11|nan|2946,29,0,8,11,1,0.83168,0.83168,0.00287432,0.00287564,-1.00911,-1.00948
130_bNAb_Combinations|1313842|sample|12|nan|2946,0.0003712,0.726907,1,12,1,0.83168,0.83168,0.83115,0.831674,-0.65261,-0.655482
130_bNAb_Combinations|1313842|sample|12|nan|2946,0.001856,0.725805,2,12,1,0.83168,0.83168,0.831086,0.831607,-0.659165,-0.662013
130_bNAb_Combinations|1313842|sample|12|nan|2946,0.00928,0.699823,3,12,1,0.83168,0.83168,0.830317,0.830794,-0.817762,-0.820288
130_bNAb_Combinations|1313842|sample|12|nan|2946,0.0464,0.628667,4,12,1,0.83168,0.83168,0.821064,0.821029,-1.21908,-1.21891
130_bNAb_Combinations|1313842|sample|12|nan|2946,0.2319999999999999,0.46638,5,12,1,0.83168,0.83168,0.718381,0.71311,-1.82118,-1.79604
130_bNAb_Combinations|1313842|sample|12|nan|2946,1.16,0.173084,6,12,1,0.83168,0.83168,0.183507,0.169876,-0.281241,0.0930282
130_bNAb_Combinations|1313842|sample|12|nan|2946,5.8,0.0100848,7,12,1,0.83168,0.83168,0.00310092,0.00303232,2.41547,2.45021
130_bNAb_Combinations|1313842|sample|12|nan|2946,29,0.00119455,8,12,1,0.83168,0.83168,0.00284859,0.00285509,-0.58169,-0.583722
130_bNAb_Combinations|1313842|sample|3|nan|2946,0.000064,0.866394,1,3,1,0.83168,0.83168,0.831156,0.83168,0.220607,0.217192
130_bNAb_Combinations|1313842|sample|3|nan|2946,0.00032,0.944316,2,3,1,0.831693,0.831693,0.831169,0.831693,0.708339,0.704621
130_bNAb_Combinations|1313842|sample|3|nan|2946,0.0016,0.961051,3,3,1,0.831706,0.831705,0.831181,0.831705,0.813015,0.809232
130_bNAb_Combinations|1313842|sample|3|nan|2946,0.008,0.986159,4,3,1,0.831706,0.831705,0.831181,0.831705,0.970201,0.96632
130_bNAb_Combinations|1313842|sample|3|nan|2946,0.04,0.882578,5,3,1,0.831706,0.831705,0.83118,0.831704,0.321766,0.318288
130_bNAb_Combinations|1313842|sample|3|nan|2946,0.2,0.77709,6,3,1,0.831706,0.831705,0.830904,0.831434,-0.336999,-0.340109
130_bNAb_Combinations|1313842|sample|3|nan|2946,1,0.473111,7,3,1,0.831693,0.831693,0.786175,0.787836,-2.07034,-2.07701
130_bNAb_Combinations|1313842|sample|3|nan|2946,5,0.151731,8,3,1,0.83168,0.83168,0.131695,0.14495,0.735304,0.22786
130_bNAb_Combinations|1313842|sample|4|nan|2946,0.000064,0.844789,1,4,1,0.83168,0.83168,0.831156,0.83168,0.0853488,0.0820172
130_bNAb_Combinations|1313842|sample|4|nan|2946,0.00032,0.96429,2,4,1,0.831693,0.831693,0.831169,0.831693,0.833385,0.829589
130_bNAb_Combinations|1313842|sample|4|nan|2946,0.0016,0.942363,3,4,1,0.831706,0.831705,0.831181,0.831705,0.696025,0.692314
130_bNAb_Combinations|1313842|sample|4|nan|2946,0.008,0.926512,4,4,1,0.831718,0.831718,0.831194,0.831718,0.596706,0.593056
130_bNAb_Combinations|1313842|sample|4|nan|2946,0.04,0.878374,5,4,1,0.831718,0.831718,0.831192,0.831717,0.295365,0.291902
130_bNAb_Combinations|1313842|sample|4|nan|2946,0.2,0.73798,6,4,1,0.831706,0.831705,0.830883,0.831423,-0.581805,-0.584809
130_bNAb_Combinations|1313842|sample|4|nan|2946,1,0.443512,7,4,1,0.831693,0.831693,0.782965,0.786001,-2.25393,-2.26544
130_bNAb_Combinations|1313842|sample|4|nan|2946,5,0.140934,8,4,1,0.83168,0.83168,0.115221,0.134563,1.06568,0.229262
130_bNAb_Combinations|1313842|sample|5|nan|2946,0.0006144,0.829983,1,5,1,0.83168,0.83168,0.831156,0.83168,-0.00734042,-0.0106144
130_bNAb_Combinations|1313842|sample|5|nan|2946,0.003072,0.89357,2,5,1,0.831693,0.831693,0.831169,0.831693,0.390655,0.387134
130_bNAb_Combinations|1313842|sample|5|nan|2946,0.01536,0.91946,3,5,1,0.831706,0.831705,0.831181,0.831705,0.552645,0.549023
130_bNAb_Combinations|1313842|sample|5|nan|2946,0.0768,0.844513,4,5,1,0.831718,0.831718,0.831188,0.831712,0.083417,0.0800884
130_bNAb_Combinations|1313842|sample|5|nan|2946,0.384,0.634686,5,5,1,0.831718,0.831718,0.830153,0.830628,-1.22517,-1.22745
130_bNAb_Combinations|1313842|sample|5|nan|2946,1.92,0.273162,6,5,1,0.831706,0.831705,0.704694,0.700858,-3.17817,-3.16687
130_bNAb_Combinations|1313842|sample|5|nan|2946,9.6,0.101927,7,5,1,0.831693,0.831693,0.188199,0.185018,-2.27325,-2.22476
130_bNAb_Combinations|1313842|sample|5|nan|2946,48,0.049482,8,5,1,0.83168,0.83168,0.0402186,0.0393944,0.933645,1.03297
130_bNAb_Combinations|1313842|sample|6|nan|2946,0.0006144,0.807137,1,6,1,0.83168,0.83168,0.831156,0.83168,-0.150365,-0.15355
130_bNAb_Combinations|1313842|sample|6|nan|2946,0.003072,0.913073,2,6,1,0.831693,0.831693,0.831169,0.831693,0.512753,0.509156
130_bNAb_Combinations|1313842|sample|6|nan|2946,0.01536,0.905757,3,6,1,0.831706,0.831705,0.831181,0.831705,0.466862,0.463293
130_bNAb_Combinations|1313842|sample|6|nan|2946,0.0768,0.884312,4,6,1,0.831718,0.831718,0.831188,0.831712,0.332569,0.329087
130_bNAb_Combinations|1313842|sample|6|nan|2946,0.384,0.63016,5,6,1,0.831718,0.831718,0.830127,0.830585,-1.25341,-1.2556
130_bNAb_Combinations|1313842|sample|6|nan|2946,1.92,0.318692,6,6,1,0.831706,0.831705,0.701783,0.696172,-2.83291,-2.81353
130_bNAb_Combinations|1313842|sample|6|nan|2946,9.6,0.14291,7,6,1,0.831693,0.831693,0.181369,0.174514,-1.04916,-0.89383
130_bNAb_Combinations|1313842|sample|6|nan|2946,48,0.0423376,8,6,1,0.83168,0.83168,0.0374246,0.0351861,0.523076,0.797406
130_bNAb_Combinations|1313842|sample|7|nan|2946,0.0000768,0.796949,1,7,1,0.83168,0.83168,0.831152,0.831677,-0.214128,-0.217274
130_bNAb_Combinations|1313842|sample|7|nan|2946,0.000384,1,2,7,1,0.831693,0.831693,0.83114,0.831666,1.05716,1.05321
130_bNAb_Combinations|1313842|sample|7|nan|2946,0.00192,0.911982,3,7,1,0.831706,0.831705,0.830939,0.831476,0.507496,0.503817
130_bNAb_Combinations|1313842|sample|7|nan|2946,0.0096,0.8727,4,7,1,0.831718,0.831718,0.82912,0.82975,0.273488,0.269332
130_bNAb_Combinations|1313842|sample|7|nan|2946,0.048,0.846259,5,7,1,0.831718,0.831718,0.813629,0.815043,0.208614,0.19923
130_bNAb_Combinations|1313842|sample|7|nan|2946,0.24,0.530266,6,7,1,0.831706,0.831705,0.69504,0.702,-1.2301,-1.26957
130_bNAb_Combinations|1313842|sample|7|nan|2946,1.2,0.187832,7,7,1,0.831693,0.831693,0.228661,0.245428,-0.895087,-1.18049
130_bNAb_Combinations|1313842|sample|7|nan|2946,6,0.0118536,8,7,1,0.83168,0.83168,0.00628835,0.00764402,1.59234,1.12202
130_bNAb_Combinations|1313842|sample|8|nan|2946,0.0000768,0.807666,1,8,1,0.83168,0.83168,0.831152,0.831677,-0.147036,-0.150227
130_bNAb_Combinations|1313842|sample|8|nan|2946,0.000384,0.9013,2,8,1,0.831693,0.831693,0.831138,0.831668,0.439253,0.435666
130_bNAb_Combinations|1313842|sample|8|nan|2946,0.00192,0.96043,3,8,1,0.831706,0.831705,0.830923,0.831492,0.810997,0.806893
130_bNAb_Combinations|1313842|sample|8|nan|2946,0.0096,0.907296,4,8,1,0.831718,0.831718,0.828983,0.829887,0.49154,0.485342
130_bNAb_Combinations|1313842|sample|8|nan|2946,0.048,0.786233,5,8,1,0.831718,0.831718,0.812478,0.816195,-0.168031,-0.190966
130_bNAb_Combinations|1313842|sample|8|nan|2946,0.24,0.560359,6,8,1,0.831706,0.831705,0.686854,0.710346,-0.95539,-1.09599
130_bNAb_Combinations|1313842|sample|8|nan|2946,1.2,0.163389,7,8,1,0.831693,0.831693,0.210029,0.267128,-1.10821,-1.96101
130_bNAb_Combinations|1313842|sample|8|nan|2946,6,0.0142427,8,8,1,0.83168,0.83168,0.00524046,0.00971484,2.73081,1.09262
130_bNAb_Combinations|1313842|sample|9|nan|2946,0.0003648,0.848418,1,9,1,0.83168,0.83168,0.831125,0.831649,0.108267,0.104924
130_bNAb_Combinations|1313842|sample|9|nan|2946,0.001824,0.929671,2,9,1,0.831693,0.831693,0.830907,0.831426,0.61849,0.614856
130_bNAb_Combinations|1313842|sample|9|nan|2946,0.00912,0.902196,3,9,1,0.831706,0.831705,0.828939,0.829427,0.459831,0.456505
130_bNAb_Combinations|1313842|sample|9|nan|2946,0.0456,0.850118,4,9,1,0.831718,0.831718,0.812212,0.812433,0.242762,0.241285
130_bNAb_Combinations|1313842|sample|9|nan|2946,0.228,0.545806,5,9,1,0.831718,0.831718,0.684784,0.683209,-1.05279,-1.04321
130_bNAb_Combinations|1313842|sample|9|nan|2946,1.14,0.154396,6,9,1,0.831706,0.831705,0.202809,0.199366,-1.18899,-1.12241
130_bNAb_Combinations|1313842|sample|9|nan|2946,5.7,0.0108658,7,9,1,0.831693,0.831693,0.00464226,0.00457765,1.9551,1.98302
130_bNAb_Combinations|1313842|sample|9|nan|2946,28.5,0.000413498,8,9,1,0.83168,0.83168,0.00284956,0.00285604,-0.856655,-0.858562
130_bNAb_Combinations|1313842|vc|1|2|nan|2946,0,0.842836,1,2,1,0.83168,0.83168,0.831156,0.83168,0.0731245,0.0698005
130_bNAb_Combinations|1313842|vc|2|2|nan|2946,0,0.947647,2,2,1,0.831693,0.831693,0.831169,0.831693,0.729192,0.725461
130_bNAb_Combinations|1313842|vc|3|2|nan|2946,0,0.949806,3,2,1,0.831693,0.831693,0.831169,0.831693,0.742711,0.738971
130_bNAb_Combinations|1313842|vc|4|2|nan|2946,0,0.93376,4,2,1,0.831693,0.831693,0.831169,0.831693,0.642257,0.63858
130_bNAb_Combinations|1313842|vc|5|2|nan|2946,0,0.949576,5,2,1,0.831693,0.831693,0.831169,0.831693,0.741273,0.737534
130_bNAb_Combinations|1313842|vc|6|2|nan|2946,0,0.978843,6,2,1,0.831693,0.831693,0.831169,0.831693,0.924491,0.920639
130_bNAb_Combinations|1313842|vc|7|2|nan|2946,0,0.900864,7,2,1,0.831693,0.831693,0.831169,0.831693,0.436316,0.432767
130_bNAb_Combinations|1313842|vc|8|2|nan|2946,0,0.690864,8,2,1,0.83168,0.83168,0.831156,0.83168,-0.878288,-0.881022
130_bNAb_Combinations|1313860|cc|1|1|PVO.4|5024,0,0.000722109,1,1,0,0,0,0,0,0.313421,0.313421
130_bNAb_Combinations|1313860|cc|2|1|PVO.4|5024,0,0.000902636,2,1,0,0,0,0,0,0.391776,0.391776
130_bNAb_Combinations|1313860|cc|3|1|PVO.4|5024,0,0.0011634,3,1,0,0,0,0,0,0.504956,0.504956
130_bNAb_Combinations|1313860|cc|4|1|PVO.4|5024,0,0.00162474,4,1,0,0,0,0,0,0.705197,0.705197
130_bNAb_Combinations|1313860|cc|5|1|PVO.4|5024,0,0.00138404,5,1,0,0,0,0,0,0.600723,0.600723
130_bNAb_Combinations|1313860|cc|6|1|PVO.4|5024,0,0.0016448,6,1,0,0,0,0,0,0.713903,0.713903
130_bNAb_Combinations|1313860|cc|7|1|PVO.4|5024,0,0.00178521,7,1,0,0,0,0,0,0.774846,0.774846
130_bNAb_Combinations|1313860|cc|8|1|PVO.4|5024,0,0.00148433,8,1,0,0,0,0,0,0.644254,0.644254
130_bNAb_Combinations|1313860|sample|10|PVO.4|5024,0.0003648,0.940566,1,10,1,0.83168,0.831762,0.828843,0.829285,0.701361,0.698221
130_bNAb_Combinations|1313860|sample|10|PVO.4|5024,0.001824,0.927278,2,10,1,0.831693,0.831775,0.82112,0.821299,0.672596,0.67132
130_bNAb_Combinations|1313860|sample|10|PVO.4|5024,0.00912,0.889708,3,10,1,0.831706,0.831788,0.789148,0.788267,0.662556,0.66909
130_bNAb_Combinations|1313860|sample|10|PVO.4|5024,0.0456,0.686274,4,10,1,0.831706,0.831788,0.66815,0.663708,0.14065,0.176274
130_bNAb_Combinations|1313860|sample|10|PVO.4|5024,0.228,0.317477,5,10,1,0.831706,0.831788,0.343399,0.333801,-0.384902,-0.249113
130_bNAb_Combinations|1313860|sample|10|PVO.4|5024,1.14,0.0365267,6,10,1,0.831706,0.831788,0.0369552,0.033749,-0.04606,0.319409
130_bNAb_Combinations|1313860|sample|10|PVO.4|5024,5.7,0.000641874,7,10,1,0.831693,0.831775,0.00298499,0.00296178,-0.816603,-0.809754
130_bNAb_Combinations|1313860|sample|10|PVO.4|5024,28.5,0.000441289,8,10,1,0.83168,0.831762,0.00284899,0.00285548,-0.846713,-0.848628
130_bNAb_Combinations|1313860|sample|11|PVO.4|5024,0.0003712,0.89049,1,11,1,0.83168,0.831762,0.828548,0.829134,0.388987,0.385042
130_bNAb_Combinations|1313860|sample|11|PVO.4|5024,0.001856,0.925934,2,11,1,0.831693,0.831775,0.819467,0.820259,0.6759,0.670229
130_bNAb_Combinations|1313860|sample|11|PVO.4|5024,0.00928,0.859359,3,11,1,0.831693,0.831775,0.780679,0.782331,0.523932,0.51187
130_bNAb_Combinations|1313860|sample|11|PVO.4|5024,0.0464,0.674941,4,11,1,0.831693,0.831775,0.632354,0.636876,0.348849,0.309637
130_bNAb_Combinations|1313860|sample|11|PVO.4|5024,0.2319999999999999,0.244805,5,11,1,0.831693,0.831775,0.263876,0.271476,-0.364755,-0.496442
130_bNAb_Combinations|1313860|sample|11|PVO.4|5024,1.16,0.0178521,6,11,1,0.831693,0.831775,0.0142547,0.01561,0.71892,0.426218
130_bNAb_Combinations|1313860|sample|11|PVO.4|5024,5.8,0.00070205,7,11,1,0.831693,0.831775,0.00285442,0.00286313,-0.756646,-0.759268
130_bNAb_Combinations|1313860|sample|11|PVO.4|5024,29,0.000160469,8,11,1,0.83168,0.831762,0.00284899,0.00285549,-0.945469,-0.947345
130_bNAb_Combinations|1313860|sample|12|PVO.4|5024,0.0003712,0.939283,1,12,1,0.83168,0.831762,0.82818,0.82868,0.698014,0.69446
130_bNAb_Combinations|1313860|sample|12|PVO.4|5024,0.001856,0.916777,2,12,1,0.83168,0.831762,0.817852,0.818271,0.629243,0.626257
130_bNAb_Combinations|1313860|sample|12|PVO.4|5024,0.00928,0.891313,3,12,1,0.83168,0.831762,0.77398,0.774071,0.78798,0.787272
130_bNAb_Combinations|1313860|sample|12|PVO.4|5024,0.0464,0.651633,4,12,1,0.83168,0.831762,0.609091,0.608145,0.361524,0.370128
130_bNAb_Combinations|1313860|sample|12|PVO.4|5024,0.2319999999999999,0.224295,5,12,1,0.83168,0.831762,0.225653,0.223908,-0.0301542,0.00866215
130_bNAb_Combinations|1313860|sample|12|PVO.4|5024,1.16,0.00968829,6,12,1,0.83168,0.831762,0.00918747,0.00905162,0.123839,0.158437
130_bNAb_Combinations|1313860|sample|12|PVO.4|5024,5.8,0.000661933,7,12,1,0.83168,0.831762,0.00285004,0.00285651,-0.769434,-0.771379
130_bNAb_Combinations|1313860|sample|12|PVO.4|5024,29,0,8,12,1,0.83168,0.831762,0.00284899,0.00285549,-1.0019,-1.00375
130_bNAb_Combinations|1313860|sample|3|PVO.4|5024,0.000064,0.942953,1,3,1,0.83168,0.831762,0.831238,0.831762,0.699318,0.695607
130_bNAb_Combinations|1313860|sample|3|PVO.4|5024,0.00032,0.869078,2,3,1,0.831693,0.831775,0.831251,0.831775,0.236785,0.233361
130_bNAb_Combinations|1313860|sample|3|PVO.4|5024,0.0016,0.85281,3,3,1,0.831706,0.831788,0.831264,0.831788,0.134873,0.131512
130_bNAb_Combinations|1313860|sample|3|PVO.4|5024,0.008,0.886438,4,3,1,0.831706,0.831788,0.831264,0.831788,0.345373,0.341882
130_bNAb_Combinations|1313860|sample|3|PVO.4|5024,0.04,0.784701,5,3,1,0.831706,0.831788,0.831264,0.831787,-0.291463,-0.294559
130_bNAb_Combinations|1313860|sample|3|PVO.4|5024,0.2,0.757893,6,3,1,0.831706,0.831788,0.831195,0.831712,-0.45888,-0.461833
130_bNAb_Combinations|1313860|sample|3|PVO.4|5024,1,0.495868,7,3,1,0.831693,0.831775,0.810154,0.808646,-2.01782,-2.01183
130_bNAb_Combinations|1313860|sample|3|PVO.4|5024,5,0.0938942,8,3,1,0.83168,0.831762,0.101102,0.0899879,-0.335972,0.201892
130_bNAb_Combinations|1313860|sample|4|PVO.4|5024,0.000064,0.963754,1,4,1,0.83168,0.831762,0.831238,0.831762,0.829527,0.825736
130_bNAb_Combinations|1313860|sample|4|PVO.4|5024,0.00032,0.848879,2,4,1,0.831693,0.831775,0.831251,0.831775,0.110345,0.107
130_bNAb_Combinations|1313860|sample|4|PVO.4|5024,0.0016,0.847455,3,4,1,0.831706,0.831788,0.831264,0.831788,0.101348,0.0980086
130_bNAb_Combinations|1313860|sample|4|PVO.4|5024,0.008,0.867142,4,4,1,0.831718,0.8318,0.831277,0.8318,0.224501,0.221085
130_bNAb_Combinations|1313860|sample|4|PVO.4|5024,0.04,0.805653,5,4,1,0.831718,0.8318,0.831276,0.8318,-0.160394,-0.163571
130_bNAb_Combinations|1313860|sample|4|PVO.4|5024,0.2,0.707095,6,4,1,0.831706,0.831788,0.831193,0.831713,-0.776878,-0.779652
130_bNAb_Combinations|1313860|sample|4|PVO.4|5024,1,0.503972,7,4,1,0.831693,0.831775,0.809714,0.809136,-1.96402,-1.96168
130_bNAb_Combinations|1313860|sample|4|PVO.4|5024,5,0.0983672,8,4,1,0.83168,0.831762,0.0967776,0.0943016,0.0770371,0.201613
130_bNAb_Combinations|1313860|sample|5|PVO.4|5024,0.0006144,0.899286,1,5,1,0.83168,0.831762,0.831238,0.831762,0.425967,0.422426
130_bNAb_Combinations|1313860|sample|5|PVO.4|5024,0.003072,0.907339,2,5,1,0.831693,0.831775,0.831251,0.831775,0.476293,0.472721
130_bNAb_Combinations|1313860|sample|5|PVO.4|5024,0.01536,0.855779,3,5,1,0.831706,0.831788,0.831264,0.831788,0.153455,0.150083
130_bNAb_Combinations|1313860|sample|5|PVO.4|5024,0.0768,0.837576,4,5,1,0.831718,0.8318,0.831275,0.831799,0.0394407,0.0361393
130_bNAb_Combinations|1313860|sample|5|PVO.4|5024,0.384,0.66436,5,5,1,0.831718,0.8318,0.830721,0.831254,-1.04203,-1.04471
130_bNAb_Combinations|1313860|sample|5|PVO.4|5024,1.92,0.280479,6,5,1,0.831706,0.831788,0.691307,0.694729,-3.08327,-3.0939
130_bNAb_Combinations|1313860|sample|5|PVO.4|5024,9.6,0.0437879,7,5,1,0.831693,0.831775,0.0332674,0.0403667,1.22258,0.343842
130_bNAb_Combinations|1313860|sample|5|PVO.4|5024,48,0.00302884,8,5,1,0.83168,0.831762,0.00330554,0.00362931,-0.0944334,-0.200733
130_bNAb_Combinations|1313860|sample|6|PVO.4|5024,0.0006144,0.902947,1,6,1,0.83168,0.831762,0.831238,0.831762,0.448882,0.445327
130_bNAb_Combinations|1313860|sample|6|PVO.4|5024,0.003072,1,2,6,1,0.831693,0.831775,0.831251,0.831775,1.05632,1.05239
130_bNAb_Combinations|1313860|sample|6|PVO.4|5024,0.01536,0.888003,3,6,1,0.831706,0.831788,0.831264,0.831788,0.355167,0.351669
130_bNAb_Combinations|1313860|sample|6|PVO.4|5024,0.0768,0.842731,4,6,1,0.831718,0.8318,0.831275,0.831798,0.0717094,0.0683892
130_bNAb_Combinations|1313860|sample|6|PVO.4|5024,0.384,0.660529,5,6,1,0.831718,0.8318,0.830706,0.831175,-1.06595,-1.0683
130_bNAb_Combinations|1313860|sample|6|PVO.4|5024,1.92,0.278232,6,6,1,0.831706,0.831788,0.687693,0.677029,-3.08887,-3.05497
130_bNAb_Combinations|1313860|sample|6|PVO.4|5024,9.6,0.029446,7,6,1,0.831693,0.831775,0.0305387,0.0269208,-0.135102,0.341098
130_bNAb_Combinations|1313860|sample|6|PVO.4|5024,48,0.00204597,8,6,1,0.83168,0.831762,0.00321792,0.00314047,-0.402252,-0.37757
130_bNAb_Combinations|1313860|sample|7|PVO.4|5024,0.0000768,0.964978,1,7,1,0.83168,0.831762,0.830658,0.831168,0.841398,0.837697
130_bNAb_Combinations|1313860|sample|7|PVO.4|5024,0.000384,0.899587,2,7,1,0.831693,0.831775,0.828786,0.829251,0.444491,0.441327
130_bNAb_Combinations|1313860|sample|7|PVO.4|5024,0.00192,0.93161,3,7,1,0.831706,0.831788,0.820841,0.821117,0.702053,0.700068
130_bNAb_Combinations|1313860|sample|7|PVO.4|5024,0.0096,0.845689,4,7,1,0.831718,0.8318,0.787976,0.787495,0.380809,0.384216
130_bNAb_Combinations|1313860|sample|7|PVO.4|5024,0.048,0.647902,5,7,1,0.831718,0.8318,0.664043,0.661032,-0.126026,-0.102973
130_bNAb_Combinations|1313860|sample|7|PVO.4|5024,0.24,0.298712,6,7,1,0.831706,0.831788,0.335576,0.329033,-0.559683,-0.469166
130_bNAb_Combinations|1313860|sample|7|PVO.4|5024,1.2,0.0363862,7,7,1,0.831693,0.831775,0.0348757,0.032808,0.169533,0.420078
130_bNAb_Combinations|1313860|sample|7|PVO.4|5024,6,0.00108316,8,7,1,0.83168,0.831762,0.00297475,0.00296295,-0.659684,-0.656083
130_bNAb_Combinations|1313860|sample|8|PVO.4|5024,0.0000768,0.950786,1,8,1,0.83168,0.831762,0.830664,0.831163,0.752459,0.748889
130_bNAb_Combinations|1313860|sample|8|PVO.4|5024,0.000384,0.92461,2,8,1,0.831693,0.831775,0.828811,0.82923,0.601415,0.598484
130_bNAb_Combinations|1313860|sample|8|PVO.4|5024,0.00192,0.843312,3,8,1,0.831706,0.831788,0.820945,0.821029,0.141747,0.141201
130_bNAb_Combinations|1313860|sample|8|PVO.4|5024,0.0096,0.847094,4,8,1,0.831718,0.8318,0.7884,0.787135,0.387074,0.396039
130_bNAb_Combinations|1313860|sample|8|PVO.4|5024,0.048,0.634433,5,8,1,0.831718,0.8318,0.665543,0.659766,-0.242359,-0.199055
130_bNAb_Combinations|1313860|sample|8|PVO.4|5024,0.24,0.29454,6,8,1,0.831706,0.831788,0.338639,0.326504,-0.663687,-0.498291
130_bNAb_Combinations|1313860|sample|8|PVO.4|5024,1.2,0.0356641,7,8,1,0.831693,0.831775,0.0359397,0.0319895,-0.0302387,0.43939
130_bNAb_Combinations|1313860|sample|8|PVO.4|5024,6,0.00112328,8,8,1,0.83168,0.831762,0.00298636,0.00295522,-0.649247,-0.639709
130_bNAb_Combinations|1313860|sample|9|PVO.4|5024,0.0003648,0.996159,1,9,1,0.83168,0.831762,0.828799,0.829246,1.05068,1.04732
130_bNAb_Combinations|1313860|sample|9|PVO.4|5024,0.001824,0.900911,2,9,1,0.831693,0.831775,0.820935,0.821136,0.506825,0.505431
130_bNAb_Combinations|1313860|sample|9|PVO.4|5024,0.00912,0.872167,3,9,1,0.831706,0.831788,0.788393,0.787604,0.552473,0.558229
130_bNAb_Combinations|1313860|sample|9|PVO.4|5024,0.0456,0.672464,4,9,1,0.831718,0.8318,0.665482,0.661375,0.054392,0.086915
130_bNAb_Combinations|1313860|sample|9|PVO.4|5024,0.228,0.315531,5,9,1,0.831718,0.8318,0.337881,0.329078,-0.33709,-0.209594
130_bNAb_Combinations|1313860|sample|9|PVO.4|5024,1.14,0.0348417,6,9,1,0.831706,0.831788,0.0350115,0.0321967,-0.0189972,0.314797
130_bNAb_Combinations|1313860|sample|9|PVO.4|5024,5.7,0.0010631,7,9,1,0.831693,0.831775,0.00296485,0.00294785,-0.663662,-0.658471
130_bNAb_Combinations|1313860|sample|9|PVO.4|5024,28.5,0.000762226,8,9,1,0.83168,0.831762,0.00284898,0.00285547,-0.733847,-0.735812
130_bNAb_Combinations|1313860|vc|1|2|PVO.4|5024,0,0.954858,1,2,1,0.83168,0.831762,0.831238,0.831762,0.77384,0.770083
130_bNAb_Combinations|1313860|vc|2|2|PVO.4|5024,0,0.902094,2,2,1,0.831693,0.831775,0.831251,0.831775,0.443459,0.439907
130_bNAb_Combinations|1313860|vc|3|2|PVO.4|5024,0,0.86299,3,2,1,0.831693,0.831775,0.831251,0.831775,0.198677,0.195277
130_bNAb_Combinations|1313860|vc|4|2|PVO.4|5024,0,0.843613,4,2,1,0.831693,0.831775,0.831251,0.831775,0.0773849,0.0740601
130_bNAb_Combinations|1313860|vc|5|2|PVO.4|5024,0,0.869359,5,2,1,0.831693,0.831775,0.831251,0.831775,0.238543,0.235118
130_bNAb_Combinations|1313860|vc|6|2|PVO.4|5024,0,0.81162,6,2,1,0.831693,0.831775,0.831251,0.831775,-0.122885,-0.126086
130_bNAb_Combinations|1313860|vc|7|2|PVO.4|5024,0,0.761714,7,2,1,0.831693,0.831775,0.831251,0.831775,-0.435282,-0.438289
130_bNAb_Combinations|1313860|vc|8|2|PVO.4|5024,0,0.747362,8,2,1,0.83168,0.831762,0.831238,0.831762,-0.525049,-0.528
130_bNAb_Combinations|1313884|cc|1|1|nan|4168,0,0.000363452,1,1,0,0,0,0,0,0.157751,0.157751
130_bNAb_Combinations|1313884|cc|2|1|nan|4168,0,0.000879936,2,1,0,0,0,0,0,0.381924,0.381924
130_bNAb_Combinations|1313884|cc|3|1|nan|4168,0,0.000248678,3,1,0,0,0,0,0,0.107935,0.107935
130_bNAb_Combinations|1313884|cc|4|1|nan|4168,0,5.73872e-05,4,1,0,0,0,0,0,0.0249081,0.0249081
130_bNAb_Combinations|1313884|cc|5|1|nan|4168,0,0,5,1,0,0,0,0,0,0,0
130_bNAb_Combinations|1313884|cc|6|1|nan|4168,0,0.000325194,6,1,0,0,0,0,0,0.141146,0.141146
130_bNAb_Combinations|1313884|cc|7|1|nan|4168,0,0.000554743,7,1,0,0,0,0,0,0.240778,0.240778
130_bNAb_Combinations|1313884|cc|8|1|nan|4168,0,0.000248678,8,1,0,0,0,0,0,0.107935,0.107935
130_bNAb_Combinations|1313884|sample|10|nan|4168,0.0003648,0.774009,1,10,1,0.83168,0.831758,0.761697,0.7605,0.083998,0.0923081
130_bNAb_Combinations|1313884|sample|10|nan|4168,0.001824,0.732346,2,10,1,0.831693,0.831771,0.708783,0.706392,0.172559,0.190698
130_bNAb_Combinations|1313884|sample|10|nan|4168,0.00912,0.69975,3,10,1,0.831706,0.831783,0.623645,0.619567,0.631955,0.670117
130_bNAb_Combinations|1313884|sample|10|nan|4168,0.0456,0.452067,4,10,1,0.831706,0.831783,0.500208,0.494259,-0.496051,-0.439853
130_bNAb_Combinations|1313884|sample|10|nan|4168,0.228,0.221036,5,10,1,0.831706,0.831783,0.348311,0.3412,-1.86408,-1.79535
130_bNAb_Combinations|1313884|sample|10|nan|4168,1.14,0.135271,6,10,1,0.831706,0.831783,0.200338,0.193761,-1.61657,-1.49958
130_bNAb_Combinations|1313884|sample|10|nan|4168,5.7,0.0867311,7,10,1,0.831693,0.831771,0.0927356,0.0882125,-0.302205,-0.0779165
130_bNAb_Combinations|1313884|sample|10|nan|4168,28.5,0.0454124,8,10,1,0.83168,0.831758,0.0355654,0.0332444,1.08922,1.41475
130_bNAb_Combinations|1313884|sample|11|nan|4168,0.0003712,0.771905,1,11,1,0.83168,0.831758,0.827734,0.828303,-0.350935,-0.354271
130_bNAb_Combinations|1313884|sample|11|nan|4168,0.001856,0.762522,2,11,1,0.831693,0.831771,0.818376,0.819059,-0.355049,-0.359093
130_bNAb_Combinations|1313884|sample|11|nan|4168,0.00928,0.738841,3,11,1,0.831693,0.831771,0.784767,0.785848,-0.304253,-0.310993
130_bNAb_Combinations|1313884|sample|11|nan|4168,0.0464,0.560166,4,11,1,0.831693,0.831771,0.673976,0.676256,-0.87572,-0.890309
130_bNAb_Combinations|1313884|sample|11|nan|4168,0.2319999999999999,0.294645,5,11,1,0.831693,0.831771,0.398871,0.403134,-1.33874,-1.37919
130_bNAb_Combinations|1313884|sample|11|nan|4168,1.16,0.069228,6,11,1,0.831693,0.831771,0.0853239,0.0882985,-0.871686,-1.0022
130_bNAb_Combinations|1313884|sample|11|nan|4168,5.8,0.0138494,7,11,1,0.831693,0.831771,0.00553976,0.00582837,2.4781,2.35366
130_bNAb_Combinations|1313884|sample|11|nan|4168,29,0.00181726,8,11,1,0.83168,0.831758,0.00286486,0.0028751,-0.36802,-0.371362
130_bNAb_Combinations|1313884|sample|12|nan|4168,0.0003712,0.813233,1,12,1,0.83168,0.831758,0.826782,0.827375,-0.0852612,-0.0889318
130_bNAb_Combinations|1313884|sample|12|nan|4168,0.001856,0.742858,2,12,1,0.83168,0.831758,0.814887,0.815659,-0.459808,-0.464298
130_bNAb_Combinations|1313884|sample|12|nan|4168,0.00928,0.718258,3,12,1,0.83168,0.831758,0.772533,0.773918,-0.365171,-0.373829
130_bNAb_Combinations|1313884|sample|12|nan|4168,0.0464,0.538636,4,12,1,0.83168,0.831758,0.636502,0.639627,-0.796541,-0.818032
130_bNAb_Combinations|1313884|sample|12|nan|4168,0.2319999999999999,0.244077,5,12,1,0.83168,0.831758,0.326639,0.331917,-1.28655,-1.34781
130_bNAb_Combinations|1313884|sample|12|nan|4168,1.16,0.0551873,6,12,1,0.83168,0.831758,0.0467986,0.0492111,0.751137,0.514086
130_bNAb_Combinations|1313884|sample|12|nan|4168,5.8,0.00767075,7,12,1,0.83168,0.831758,0.00341252,0.00350874,1.44331,1.40204
130_bNAb_Combinations|1313884|sample|12|nan|4168,29,0.00585349,8,12,1,0.83168,0.831758,0.00284977,0.00285657,1.05626,1.05339
130_bNAb_Combinations|1313884|sample|3|nan|4168,0.000064,0.896254,1,3,1,0.83168,0.831758,0.831232,0.831758,0.407029,0.403484
130_bNAb_Combinations|1313884|sample|3|nan|4168,0.00032,0.883198,2,3,1,0.831693,0.831771,0.831244,0.831771,0.325218,0.321724
130_bNAb_Combinations|1313884|sample|3|nan|4168,0.0016,0.945425,3,3,1,0.831706,0.831783,0.831257,0.831783,0.714653,0.710916
130_bNAb_Combinations|1313884|sample|3|nan|4168,0.008,0.973478,4,3,1,0.831706,0.831783,0.831257,0.831783,0.890255,0.886408
130_bNAb_Combinations|1313884|sample|3|nan|4168,0.04,0.977246,5,3,1,0.831706,0.831783,0.831257,0.831783,0.913844,0.909983
130_bNAb_Combinations|1313884|sample|3|nan|4168,0.2,0.815472,6,3,1,0.831706,0.831783,0.831256,0.831782,-0.0988077,-0.102038
130_bNAb_Combinations|1313884|sample|3|nan|4168,1,0.719559,7,3,1,0.831693,0.831771,0.8273,0.827942,-0.677609,-0.681123
130_bNAb_Combinations|1313884|sample|3|nan|4168,5,0.315142,8,3,1,0.83168,0.831758,0.278354,0.303976,0.668529,0.186459
130_bNAb_Combinations|1313884|sample|4|nan|4168,0.000064,0.855298,1,4,1,0.83168,0.831758,0.831232,0.831758,0.150654,0.147269
130_bNAb_Combinations|1313884|sample|4|nan|4168,0.00032,0.910725,2,4,1,0.831693,0.831771,0.831244,0.831771,0.497529,0.493927
130_bNAb_Combinations|1313884|sample|4|nan|4168,0.0016,0.951039,3,4,1,0.831706,0.831783,0.831257,0.831783,0.749797,0.746039
130_bNAb_Combinations|1313884|sample|4|nan|4168,0.008,1,4,4,1,0.831718,0.831796,0.83127,0.831796,1.05618,1.05223
130_bNAb_Combinations|1313884|sample|4|nan|4168,0.04,0.93895,5,4,1,0.831718,0.831796,0.83127,0.831796,0.67403,0.670319
130_bNAb_Combinations|1313884|sample|4|nan|4168,0.2,0.839584,6,4,1,0.831706,0.831783,0.831256,0.831783,0.0521262,0.0488026
130_bNAb_Combinations|1313884|sample|4|nan|4168,1,0.743183,7,4,1,0.831693,0.831771,0.827906,0.828244,-0.532457,-0.534367
130_bNAb_Combinations|1313884|sample|4|nan|4168,5,0.341148,8,4,1,0.83168,0.831758,0.329238,0.329127,0.18418,0.185947
130_bNAb_Combinations|1313884|sample|5|nan|4168,0.0006144,0.922661,1,5,1,0.83168,0.831758,0.831232,0.831758,0.572338,0.56869
130_bNAb_Combinations|1313884|sample|5|nan|4168,0.003072,0.913852,2,5,1,0.831693,0.831771,0.831244,0.831771,0.517107,0.513493
130_bNAb_Combinations|1313884|sample|5|nan|4168,0.01536,0.961512,3,5,1,0.831706,0.831783,0.831257,0.831783,0.815356,0.811556
130_bNAb_Combinations|1313884|sample|5|nan|4168,0.0768,0.95651,4,5,1,0.831718,0.831796,0.83127,0.831796,0.783952,0.780171
130_bNAb_Combinations|1313884|sample|5|nan|4168,0.384,0.877392,5,5,1,0.831718,0.831796,0.831249,0.831773,0.288848,0.285388
130_bNAb_Combinations|1313884|sample|5|nan|4168,1.92,0.606372,6,5,1,0.831706,0.831783,0.76301,0.759301,-1.06683,-1.04658
130_bNAb_Combinations|1313884|sample|5|nan|4168,9.6,0.20403,7,5,1,0.831693,0.831771,0.189753,0.185537,0.373307,0.493867
130_bNAb_Combinations|1313884|sample|5|nan|4168,48,0.0395206,8,5,1,0.83168,0.831758,0.0406745,0.0394272,-0.115295,0.00956523
130_bNAb_Combinations|1313884|sample|6|nan|4168,0.0006144,0.914177,1,6,1,0.83168,0.831758,0.831232,0.831758,0.519231,0.515616
130_bNAb_Combinations|1313884|sample|6|nan|4168,0.003072,0.90533,2,6,1,0.831693,0.831771,0.831244,0.831771,0.463761,0.460181
130_bNAb_Combinations|1313884|sample|6|nan|4168,0.01536,0.984926,3,6,1,0.831706,0.831783,0.831257,0.831783,0.96192,0.958029
130_bNAb_Combinations|1313884|sample|6|nan|4168,0.0768,0.925091,4,6,1,0.831718,0.831796,0.83127,0.831796,0.587279,0.583621
130_bNAb_Combinations|1313884|sample|6|nan|4168,0.384,0.830947,5,6,1,0.831718,0.831796,0.831249,0.831774,-0.00189175,-0.00517212
130_bNAb_Combinations|1313884|sample|6|nan|4168,1.92,0.605607,6,6,1,0.831706,0.831783,0.764765,0.761346,-1.08155,-1.06299
130_bNAb_Combinations|1313884|sample|6|nan|4168,9.6,0.219678,7,6,1,0.831693,0.831771,0.197367,0.193875,0.562159,0.661193
130_bNAb_Combinations|1313884|sample|6|nan|4168,48,0.0417587,8,6,1,0.83168,0.831758,0.0439388,0.0429552,-0.205156,-0.114599
130_bNAb_Combinations|1313884|sample|7|nan|4168,0.0000768,0.836418,1,7,1,0.83168,0.831758,0.792981,0.790531,0.284828,0.301812
130_bNAb_Combinations|1313884|sample|7|nan|4168,0.000384,0.922776,2,7,1,0.831693,0.831771,0.762358,0.757641,1.09349,1.13255
130_bNAb_Combinations|1313884|sample|7|nan|4168,0.00192,0.897153,3,7,1,0.831706,0.831783,0.709927,0.70158,1.3689,1.44665
130_bNAb_Combinations|1313884|sample|7|nan|4168,0.0096,0.78389,4,7,1,0.831718,0.831796,0.62554,0.612065,1.31098,1.45324
130_bNAb_Combinations|1313884|sample|7|nan|4168,0.048,0.503936,5,7,1,0.831718,0.831796,0.503091,0.483943,0.00865663,0.21276
130_bNAb_Combinations|1313884|sample|7|nan|4168,0.24,0.280795,6,7,1,0.831706,0.831783,0.352107,0.32948,-1.03355,-0.752342
130_bNAb_Combinations|1313884|sample|7|nan|4168,1.2,0.161478,7,7,1,0.831693,0.831771,0.204373,0.183496,-1.04585,-0.594121
130_bNAb_Combinations|1313884|sample|7|nan|4168,6,0.0913986,8,7,1,0.83168,0.831758,0.0959923,0.0815733,-0.224238,0.553389
130_bNAb_Combinations|1313884|sample|8|nan|4168,0.0000768,0.913412,1,8,1,0.83168,0.831758,0.788469,0.790111,0.823904,0.811409
130_bNAb_Combinations|1313884|sample|8|nan|4168,0.000384,0.818351,2,8,1,0.831693,0.831771,0.754412,0.756903,0.440354,0.421831
130_bNAb_Combinations|1313884|sample|8|nan|4168,0.00192,0.894723,3,8,1,0.831706,0.831783,0.696492,0.700334,1.47684,1.4404
130_bNAb_Combinations|1313884|sample|8|nan|4168,0.0096,0.810594,4,8,1,0.831718,0.831796,0.604375,0.610109,1.7659,1.70097
130_bNAb_Combinations|1313884|sample|8|nan|4168,0.048,0.521984,5,8,1,0.831718,0.831796,0.47344,0.481218,0.527783,0.436226
130_bNAb_Combinations|1313884|sample|8|nan|4168,0.24,0.263512,6,8,1,0.831706,0.831783,0.317413,0.326319,-0.863446,-0.979646
130_bNAb_Combinations|1313884|sample|8|nan|4168,1.2,0.145199,7,8,1,0.831693,0.831771,0.172658,0.180645,-0.784381,-0.970597
130_bNAb_Combinations|1313884|sample|8|nan|4168,6,0.0915325,8,8,1,0.83168,0.831758,0.0743292,0.0796621,1.05009,0.682493
130_bNAb_Combinations|1313884|sample|9|nan|4168,0.0003648,0.835442,1,9,1,0.83168,0.831758,0.766405,0.761899,0.468148,0.501605
130_bNAb_Combinations|1313884|sample|9|nan|4168,0.001824,0.770136,2,9,1,0.831693,0.831771,0.716794,0.708765,0.386331,0.449438
130_bNAb_Combinations|1313884|sample|9|nan|4168,0.00912,0.72326,3,9,1,0.831706,0.831783,0.636409,0.623322,0.706989,0.830272
130_bNAb_Combinations|1313884|sample|9|nan|4168,0.0456,0.460312,4,9,1,0.831718,0.831796,0.518443,0.499569,-0.578405,-0.405019
130_bNAb_Combinations|1313884|sample|9|nan|4168,0.228,0.270179,5,9,1,0.831718,0.831796,0.370303,0.347487,-1.38211,-1.13486
130_bNAb_Combinations|1313884|sample|9|nan|4168,1.14,0.154668,6,9,1,0.831706,0.831783,0.221359,0.199604,-1.50777,-1.12028
130_bNAb_Combinations|1313884|sample|9|nan|4168,5.7,0.0824654,7,9,1,0.831693,0.831771,0.107982,0.0922903,-1.12127,-0.496596
130_bNAb_Combinations|1313884|sample|9|nan|4168,28.5,0.0480713,8,9,1,0.83168,0.831758,0.0439425,0.0353785,0.388513,1.40953
130_bNAb_Combinations|1313884|vc|1|2|nan|4168,0,0.9016,1,2,1,0.83168,0.831758,0.831232,0.831758,0.440498,0.436932
130_bNAb_Combinations|1313884|vc|2|2|nan|4168,0,0.943493,2,2,1,0.831693,0.831771,0.831244,0.831771,0.70265,0.698921
130_bNAb_Combinations|1313884|vc|3|2|nan|4168,0,0.895508,3,2,1,0.831693,0.831771,0.831244,0.831771,0.402273,0.398731
130_bNAb_Combinations|1313884|vc|4|2|nan|4168,0,0.872534,4,2,1,0.831693,0.831771,0.831244,0.831771,0.258461,0.255008
130_bNAb_Combinations|1313884|vc|5|2|nan|4168,0,0.872572,5,2,1,0.831693,0.831771,0.831244,0.831771,0.2587,0.255247
130_bNAb_Combinations|1313884|vc|6|2|nan|4168,0,0.86009,6,2,1,0.831693,0.831771,0.831244,0.831771,0.180567,0.177163
130_bNAb_Combinations|1313884|vc|7|2|nan|4168,0,0.851932,7,2,1,0.831693,0.831771,0.831244,0.831771,0.129497,0.126124
130_bNAb_Combinations|1313884|vc|8|2|nan|4168,0,0.811301,8,2,1,0.83168,0.831758,0.831232,0.831758,-0.124761,-0.127974
130_bNAb_Combinations|1313920|cc|1|1|nan|1798,0,0.00106207,1,1,0,0,0,0,0,0.460974,0.460974
130_bNAb_Combinations|1313920|cc|2|1|nan|1798,0,0.00146853,2,1,0,0,0,0,0,0.637396,0.637396
130_bNAb_Combinations|1313920|cc|3|1|nan|1798,0,0.00173077,3,1,0,0,0,0,0,0.751217,0.751217
130_bNAb_Combinations|1313920|cc|4|1|nan|1798,0,0.00124563,4,1,0,0,0,0,0,0.540649,0.540649
130_bNAb_Combinations|1313920|cc|5|1|nan|1798,0,0.0014292,5,1,0,0,0,0,0,0.620323,0.620323
130_bNAb_Combinations|1313920|cc|6|1|nan|1798,0,0.0014292,6,1,0,0,0,0,0,0.620323,0.620323
130_bNAb_Combinations|1313920|cc|7|1|nan|1798,0,0.0012063,7,1,0,0,0,0,0,0.523576,0.523576
130_bNAb_Combinations|1313920|cc|8|1|nan|1798,0,0.00215035,8,1,0,0,0,0,0,0.93333,0.93333
130_bNAb_Combinations|1313920|sample|10|nan|1798,0.0003648,0.782696,1,10,1,0.83168,0.831669,0.820344,0.820838,-0.23875,-0.24174
130_bNAb_Combinations|1313920|sample|10|nan|1798,0.001824,0.776855,2,10,1,0.831693,0.831682,0.791744,0.792161,-0.0977805,-0.100466
130_bNAb_Combinations|1313920|sample|10|nan|1798,0.00912,0.694879,3,10,1,0.831706,0.831695,0.694363,0.694539,0.00385675,0.0025379
130_bNAb_Combinations|1313920|sample|10|nan|1798,0.0456,0.420198,4,10,1,0.831706,0.831695,0.430565,0.430293,-0.123636,-0.120458
130_bNAb_Combinations|1313920|sample|10|nan|1798,0.228,0.0873778,5,10,1,0.831706,0.831695,0.083608,0.0834052,0.207819,0.219461
130_bNAb_Combinations|1313920|sample|10|nan|1798,1.14,0.00264861,6,10,1,0.831706,0.831695,0.00339831,0.00340535,-0.25434,-0.256612
130_bNAb_Combinations|1313920|sample|10|nan|1798,5.7,0.000629372,7,10,1,0.831693,0.831682,0.00284865,0.00285515,-0.780469,-0.782417
130_bNAb_Combinations|1313920|sample|10|nan|1798,28.5,7.86715e-05,8,10,1,0.83168,0.831669,0.0028486,0.0028551,-0.974122,-0.975986
130_bNAb_Combinations|1313920|sample|11|nan|1798,0.0003712,0.869963,1,11,1,0.83168,0.831669,0.831012,0.831538,0.243889,0.240444
130_bNAb_Combinations|1313920|sample|11|nan|1798,0.001856,0.691286,2,11,1,0.831693,0.831682,0.830234,0.830773,-0.870823,-0.873642
130_bNAb_Combinations|1313920|sample|11|nan|1798,0.00928,0.783024,3,11,1,0.831693,0.831682,0.824762,0.825389,-0.263297,-0.267049
130_bNAb_Combinations|1313920|sample|11|nan|1798,0.0464,0.669481,4,11,1,0.831693,0.831682,0.787915,0.789117,-0.781517,-0.788268
130_bNAb_Combinations|1313920|sample|11|nan|1798,0.2319999999999999,0.434162,5,11,1,0.831693,0.831682,0.579578,0.583546,-1.29741,-1.32394
130_bNAb_Combinations|1313920|sample|11|nan|1798,1.16,0.115116,6,11,1,0.831693,0.831682,0.101708,0.105942,0.621644,0.410081
130_bNAb_Combinations|1313920|sample|11|nan|1798,5.8,0.00319931,7,11,1,0.831693,0.831682,0.00313636,0.00320424,0.0217199,-0.00169491
130_bNAb_Combinations|1313920|sample|11|nan|1798,29,0.000760491,8,11,1,0.83168,0.831669,0.00284834,0.00285486,-0.734264,-0.736236
130_bNAb_Combinations|1313920|sample|12|nan|1798,0.0003712,0.815542,1,12,1,0.83168,0.831669,0.831021,0.831537,-0.0969252,-0.100093
130_bNAb_Combinations|1313920|sample|12|nan|1798,0.001856,0.74085,2,12,1,0.83168,0.831669,0.830285,0.830751,-0.560483,-0.563096
130_bNAb_Combinations|1313920|sample|12|nan|1798,0.00928,0.723103,3,12,1,0.83168,0.831669,0.82519,0.825319,-0.643668,-0.644378
130_bNAb_Combinations|1313920|sample|12|nan|1798,0.0464,0.623072,4,12,1,0.83168,0.831669,0.790819,0.788726,-1.10292,-1.09201
130_bNAb_Combinations|1313920|sample|12|nan|1798,0.2319999999999999,0.462477,5,12,1,0.83168,0.831669,0.594187,0.581647,-1.14681,-1.05954
130_bNAb_Combinations|1313920|sample|12|nan|1798,1.16,0.11273,6,12,1,0.83168,0.831669,0.117359,0.103991,-0.188696,0.397203
130_bNAb_Combinations|1313920|sample|12|nan|1798,5.8,0.00295018,7,12,1,0.83168,0.831669,0.00334783,0.00318018,-0.135344,-0.0791384
130_bNAb_Combinations|1313920|sample|12|nan|1798,29,0,8,12,1,0.83168,0.831669,0.0028484,0.00285485,-1.00173,-1.00357
130_bNAb_Combinations|1313920|sample|3|nan|1798,0.000064,0.927104,1,3,1,0.83168,0.831669,0.830902,0.831417,0.602452,0.598859
130_bNAb_Combinations|1313920|sample|3|nan|1798,0.00032,0.90564,2,3,1,0.831693,0.831682,0.830153,0.830641,0.473144,0.469813
130_bNAb_Combinations|1313920|sample|3|nan|1798,0.0016,0.884681,3,3,1,0.831706,0.831695,0.827035,0.827412,0.36266,0.360128
130_bNAb_Combinations|1313920|sample|3|nan|1798,0.008,0.948877,4,3,1,0.831706,0.831695,0.814335,0.814271,0.859435,0.859909
130_bNAb_Combinations|1313920|sample|3|nan|1798,0.04,0.855769,5,3,1,0.831706,0.831695,0.765552,0.763957,0.612443,0.624553
130_bNAb_Combinations|1313920|sample|3|nan|1798,0.2,0.458209,6,3,1,0.831706,0.831695,0.611582,0.606791,-1.29819,-1.26737
130_bNAb_Combinations|1313920|sample|3|nan|1798,1,0.22622,7,3,1,0.831693,0.831682,0.326142,0.321465,-1.55937,-1.50722
130_bNAb_Combinations|1313920|sample|3|nan|1798,5,0.122223,8,3,1,0.83168,0.831669,0.104307,0.103684,0.812131,0.844884
130_bNAb_Combinations|1313920|sample|4|nan|1798,0.000064,0.895872,1,4,1,0.83168,0.831669,0.830878,0.831417,0.407022,0.403388
130_bNAb_Combinations|1313920|sample|4|nan|1798,0.00032,0.93585,2,4,1,0.831693,0.831682,0.830056,0.830643,0.663179,0.659045
130_bNAb_Combinations|1313920|sample|4|nan|1798,0.0016,0.876977,3,4,1,0.831706,0.831695,0.826638,0.827418,0.316848,0.311647
130_bNAb_Combinations|1313920|sample|4|nan|1798,0.008,0.971855,4,4,1,0.831718,0.831708,0.812743,0.814307,1.01835,1.00643
130_bNAb_Combinations|1313920|sample|4|nan|1798,0.04,0.784276,5,4,1,0.831718,0.831708,0.759522,0.764059,0.169356,0.137507
130_bNAb_Combinations|1313920|sample|4|nan|1798,0.2,0.443294,6,4,1,0.831706,0.831695,0.593781,0.607059,-1.31118,-1.39627
130_bNAb_Combinations|1313920|sample|4|nan|1798,1,0.218818,7,4,1,0.831693,0.831682,0.298124,0.321892,-1.34939,-1.62902
130_bNAb_Combinations|1313920|sample|4|nan|1798,5,0.123534,8,4,1,0.83168,0.831669,0.0857232,0.103982,2.03933,0.888773
130_bNAb_Combinations|1313920|sample|5|nan|1798,0.0006144,0.907764,1,5,1,0.83168,0.831669,0.829934,0.830371,0.487959,0.484966
130_bNAb_Combinations|1313920|sample|5|nan|1798,0.003072,0.859919,2,5,1,0.831693,0.831682,0.826181,0.82635,0.212466,0.211357
130_bNAb_Combinations|1313920|sample|5|nan|1798,0.01536,0.783712,3,5,1,0.831706,0.831695,0.811047,0.810165,-0.175306,-0.169831
130_bNAb_Combinations|1313920|sample|5|nan|1798,0.0768,0.672202,4,5,1,0.831718,0.831708,0.754681,0.750264,-0.567848,-0.540553
130_bNAb_Combinations|1313920|sample|5|nan|1798,0.384,0.368891,5,5,1,0.831718,0.831708,0.592566,0.58118,-1.95278,-1.88894
130_bNAb_Combinations|1313920|sample|5|nan|1798,1.92,0.184222,6,5,1,0.831706,0.831695,0.333224,0.319841,-2.27762,-2.15661
130_bNAb_Combinations|1313920|sample|5|nan|1798,9.6,0.127972,7,5,1,0.831693,0.831682,0.137716,0.12976,-0.343222,-0.0664847
130_bNAb_Combinations|1313920|sample|5|nan|1798,48,0.0587283,8,5,1,0.83168,0.831669,0.0504371,0.0469669,0.699252,1.05013
130_bNAb_Combinations|1313920|sample|6|nan|1798,0.0006144,0.830286,1,6,1,0.83168,0.831669,0.829891,0.830345,0.00247315,-0.000367864
130_bNAb_Combinations|1313920|sample|6|nan|1798,0.003072,0.853841,2,6,1,0.831693,0.831682,0.826007,0.826241,0.175327,0.173802
130_bNAb_Combinations|1313920|sample|6|nan|1798,0.01536,0.751916,3,6,1,0.831706,0.831695,0.810348,0.809729,-0.375067,-0.37137
130_bNAb_Combinations|1313920|sample|6|nan|1798,0.0768,0.612799,4,6,1,0.831718,0.831708,0.752124,0.74868,-0.962436,-0.942889
130_bNAb_Combinations|1313920|sample|6|nan|1798,0.384,0.297509,5,6,1,0.831718,0.831708,0.585565,0.576925,-2.54431,-2.50419
130_bNAb_Combinations|1313920|sample|6|nan|1798,1.92,0.174251,6,6,1,0.831706,0.831695,0.322721,0.31365,-2.34067,-2.25885
130_bNAb_Combinations|1313920|sample|6|nan|1798,9.6,0.113582,7,6,1,0.831693,0.831682,0.12938,0.124966,-0.589264,-0.438278
130_bNAb_Combinations|1313920|sample|6|nan|1798,48,0.057994,8,6,1,0.83168,0.831669,0.0458905,0.0443901,1.10071,1.26999
130_bNAb_Combinations|1313920|sample|7|nan|1798,0.0000768,0.81364,1,7,1,0.83168,0.831669,0.828635,0.829175,-0.094153,-0.0974837
130_bNAb_Combinations|1313920|sample|7|nan|1798,0.000384,0.811293,2,7,1,0.831693,0.831682,0.821864,0.822449,-0.0669174,-0.0705676
130_bNAb_Combinations|1313920|sample|7|nan|1798,0.00192,0.832548,3,7,1,0.831706,0.831695,0.797177,0.797919,0.230734,0.225688
130_bNAb_Combinations|1313920|sample|7|nan|1798,0.0096,0.838533,4,7,1,0.831718,0.831708,0.712152,0.713397,0.921196,0.910553
130_bNAb_Combinations|1313920|sample|7|nan|1798,0.048,0.504533,5,7,1,0.831718,0.831708,0.472402,0.474678,0.350084,0.323767
130_bNAb_Combinations|1313920|sample|7|nan|1798,0.24,0.121528,6,7,1,0.831706,0.831695,0.115508,0.117389,0.248921,0.168655
130_bNAb_Combinations|1313920|sample|7|nan|1798,1.2,0.00317308,7,7,1,0.831693,0.831682,0.00446883,0.00457434,-0.411295,-0.441982
130_bNAb_Combinations|1313920|sample|7|nan|1798,6,0.000773603,8,7,1,0.83168,0.831669,0.00284876,0.0028553,-0.72978,-0.731759
130_bNAb_Combinations|1313920|sample|8|nan|1798,0.0000768,0.853369,1,8,1,0.83168,0.831669,0.828538,0.82907,0.155943,0.1525
130_bNAb_Combinations|1313920|sample|8|nan|1798,0.000384,0.858752,2,8,1,0.831693,0.831682,0.821506,0.822063,0.235873,0.232193
130_bNAb_Combinations|1313920|sample|8|nan|1798,0.00192,0.804488,3,8,1,0.831706,0.831695,0.795887,0.796529,0.0561952,0.0519626
130_bNAb_Combinations|1313920|sample|8|nan|1798,0.0096,0.786951,4,8,1,0.831718,0.831708,0.707898,0.70881,0.579619,0.57221
130_bNAb_Combinations|1313920|sample|8|nan|1798,0.048,0.487829,5,8,1,0.831718,0.831708,0.462181,0.46363,0.285465,0.26852
130_bNAb_Combinations|1313920|sample|8|nan|1798,0.24,0.111628,6,8,1,0.831706,0.831695,0.107122,0.108242,0.199425,0.14846
130_bNAb_Combinations|1313920|sample|8|nan|1798,1.2,0.0031862,7,8,1,0.831693,0.831682,0.00412082,0.00418098,-0.303007,-0.321325
130_bNAb_Combinations|1313920|sample|8|nan|1798,6,0.000694932,8,8,1,0.83168,0.831669,0.00284869,0.0028552,-0.757424,-0.759386
130_bNAb_Combinations|1313920|sample|9|nan|1798,0.0003648,0.799965,1,9,1,0.83168,0.831669,0.821139,0.821446,-0.134154,-0.136052
130_bNAb_Combinations|1313920|sample|9|nan|1798,0.001824,0.747006,2,9,1,0.831693,0.831682,0.794598,0.794345,-0.31145,-0.30989
130_bNAb_Combinations|1313920|sample|9|nan|1798,0.00912,0.676214,3,9,1,0.831706,0.831695,0.703672,0.701652,-0.202509,-0.188143
130_bNAb_Combinations|1313920|sample|9|nan|1798,0.0456,0.461861,4,9,1,0.831718,0.831708,0.452034,0.446611,0.111767,0.175492
130_bNAb_Combinations|1313920|sample|9|nan|1798,0.228,0.0981493,5,9,1,0.831718,0.831708,0.0988083,0.0947579,-0.0313536,0.167459
130_bNAb_Combinations|1313920|sample|9|nan|1798,1.14,0.00317308,6,9,1,0.831706,0.831695,0.00379379,0.00368737,-0.205359,-0.171292
130_bNAb_Combinations|1313920|sample|9|nan|1798,5.7,0.000485141,7,9,1,0.831693,0.831682,0.00284868,0.00285517,-0.8312,-0.833123
130_bNAb_Combinations|1313920|sample|9|nan|1798,28.5,0.000563812,8,9,1,0.83168,0.831669,0.0028486,0.0028551,-0.803509,-0.805446
130_bNAb_Combinations|1313920|vc|1|2|nan|1798,0,0.838599,1,2,1,0.83168,0.831669,0.831145,0.831669,0.046664,0.0433564
130_bNAb_Combinations|1313920|vc|2|2|nan|1798,0,0.91969,2,2,1,0.831693,0.831682,0.831158,0.831682,0.554245,0.550622
130_bNAb_Combinations|1313920|vc|3|2|nan|1798,0,0.872133,3,2,1,0.831693,0.831682,0.831158,0.831682,0.256519,0.253081
130_bNAb_Combinations|1313920|vc|4|2|nan|1798,0,0.947723,4,2,1,0.831693,0.831682,0.831158,0.831682,0.729745,0.726013
130_bNAb_Combinations|1313920|vc|5|2|nan|1798,0,1,5,2,1,0.831693,0.831682,0.831158,0.831682,1.05702,1.05309
130_bNAb_Combinations|1313920|vc|6|2|nan|1798,0,0.938505,6,2,1,0.831693,0.831682,0.831158,0.831682,0.672039,0.668343
130_bNAb_Combinations|1313920|vc|7|2|nan|1798,0,0.844873,7,2,1,0.831693,0.831682,0.831158,0.831682,0.0858614,0.0825294
130_bNAb_Combinations|1313920|vc|8|2|nan|1798,0,0.756315,8,2,1,0.83168,0.831669,0.831145,0.831669,-0.468476,-0.471463
130_bNAb_Combinations|1313938|cc|1|1|TRO.11|8301,0,0.000314857,1,1,0,0,0,0,0,0.136659,0.136659
130_bNAb_Combinations|1313938|cc|2|1|TRO.11|8301,0,0.000558156,2,1,0,0,0,0,0,0.242259,0.242259
130_bNAb_Combinations|1313938|cc|3|1|TRO.11|8301,0,0.000586779,3,1,0,0,0,0,0,0.254683,0.254683
130_bNAb_Combinations|1313938|cc|4|1|TRO.11|8301,0,0.000686961,4,1,0,0,0,0,0,0.298165,0.298165
130_bNAb_Combinations|1313938|cc|5|1|TRO.11|8301,0,0.000615402,5,1,0,0,0,0,0,0.267107,0.267107
130_bNAb_Combinations|1313938|cc|6|1|TRO.11|8301,0,0.001102,6,1,0,0,0,0,0,0.478307,0.478307
130_bNAb_Combinations|1313938|cc|7|1|TRO.11|8301,0,0.00120218,7,1,0,0,0,0,0,0.521789,0.521789
130_bNAb_Combinations|1313938|cc|8|1|TRO.11|8301,0,0.000457974,8,1,0,0,0,0,0,0.198777,0.198777
130_bNAb_Combinations|1313938|sample|10|TRO.11|8301,0.0003648,0.972099,1,10,1,0.83168,0.883377,0.827037,0.825747,0.912612,0.922144
130_bNAb_Combinations|1313938|sample|10|TRO.11|8301,0.001824,0.800331,2,10,1,0.831693,0.883386,0.728011,0.725491,0.515844,0.535645
130_bNAb_Combinations|1313938|sample|10|TRO.11|8301,0.00912,0.620841,3,10,1,0.831706,0.883394,0.50346,0.498981,1.20187,1.25867
130_bNAb_Combinations|1313938|sample|10|TRO.11|8301,0.0456,0.181823,4,10,1,0.831706,0.883394,0.178026,0.173825,0.105409,0.227037
130_bNAb_Combinations|1313938|sample|10|TRO.11|8301,0.228,0.00905929,5,10,1,0.831706,0.883394,0.0135105,0.0128707,-0.915317,-0.803781
130_bNAb_Combinations|1313938|sample|10|TRO.11|8301,1.14,0.000415039,6,10,1,0.831706,0.883394,0.00304348,0.0030449,-0.91252,-0.912926
130_bNAb_Combinations|1313938|sample|10|TRO.11|8301,5.7,0.000314857,7,10,1,0.831693,0.883386,0.00302955,0.00303284,-0.943327,-0.944266
130_bNAb_Combinations|1313938|sample|10|TRO.11|8301,28.5,0.000887324,8,10,1,0.83168,0.883377,0.00302952,0.00303281,-0.744392,-0.745374
130_bNAb_Combinations|1313938|sample|11|TRO.11|8301,0.0003712,0.957351,1,11,1,0.83168,0.883377,0.880501,0.880072,0.45452,0.457279
130_bNAb_Combinations|1313938|sample|11|TRO.11|8301,0.001856,0.926724,2,11,1,0.831693,0.883386,0.868882,0.868689,0.346609,0.347843
130_bNAb_Combinations|1313938|sample|11|TRO.11|8301,0.00928,0.826421,3,11,1,0.831693,0.883386,0.818816,0.819605,0.0483194,0.0432651
130_bNAb_Combinations|1313938|sample|11|TRO.11|8301,0.0464,0.657393,4,11,1,0.831693,0.883386,0.629999,0.633942,0.225217,0.191627
130_bNAb_Combinations|1313938|sample|11|TRO.11|8301,0.2319999999999999,0.217337,5,11,1,0.831693,0.883386,0.208799,0.214948,0.204006,0.0555507
130_bNAb_Combinations|1313938|sample|11|TRO.11|8301,1.16,0.00788574,6,11,1,0.831693,0.883386,0.0066942,0.00717178,0.333586,0.194944
130_bNAb_Combinations|1313938|sample|11|TRO.11|8301,5.8,4.2935e-05,7,11,1,0.831693,0.883386,0.00302945,0.00303282,-1.03779,-1.03873
130_bNAb_Combinations|1313938|sample|11|TRO.11|8301,29,0.00034348,8,11,1,0.83168,0.883377,0.00302924,0.00303253,-0.933294,-0.934235
130_bNAb_Combinations|1313938|sample|12|TRO.11|8301,0.0003712,0.867789,1,12,1,0.83168,0.883377,0.880327,0.879914,-0.0741726,-0.0717585
130_bNAb_Combinations|1313938|sample|12|TRO.11|8301,0.001856,0.853241,2,12,1,0.83168,0.883377,0.868107,0.867982,-0.0891596,-0.0884231
130_bNAb_Combinations|1313938|sample|12|TRO.11|8301,0.00928,0.83694,3,12,1,0.83168,0.883377,0.815583,0.816656,0.136218,0.129208
130_bNAb_Combinations|1313938|sample|12|TRO.11|8301,0.0464,0.620225,4,12,1,0.83168,0.883377,0.619088,0.623933,0.00950788,-0.0307742
130_bNAb_Combinations|1313938|sample|12|TRO.11|8301,0.2319999999999999,0.188106,5,12,1,0.83168,0.883377,0.193921,0.200953,-0.148985,-0.318261
130_bNAb_Combinations|1313938|sample|12|TRO.11|8301,1.16,0.00864425,6,12,1,0.83168,0.883377,0.00579108,0.00623334,0.83896,0.691876
130_bNAb_Combinations|1313938|sample|12|TRO.11|8301,5.8,0,7,12,1,0.83168,0.883377,0.00302932,0.00303266,-1.05267,-1.0536
130_bNAb_Combinations|1313938|sample|12|TRO.11|8301,29,0.000143117,8,12,1,0.83168,0.883377,0.00302924,0.00303253,-1.00292,-1.00385
130_bNAb_Combinations|1313938|sample|3|TRO.11|8301,0.000064,0.999256,1,3,1,0.83168,0.883377,0.883875,0.883377,0.679836,0.683152
130_bNAb_Combinations|1313938|sample|3|TRO.11|8301,0.00032,1,2,3,1,0.831693,0.883386,0.883883,0.883385,0.684165,0.687482
130_bNAb_Combinations|1313938|sample|3|TRO.11|8301,0.0016,0.897106,3,3,1,0.831706,0.883394,0.883887,0.883389,0.0778855,0.0808663
130_bNAb_Combinations|1313938|sample|3|TRO.11|8301,0.008,0.970361,4,3,1,0.831706,0.883394,0.883805,0.883304,0.510035,0.513274
130_bNAb_Combinations|1313938|sample|3|TRO.11|8301,0.04,0.880483,5,3,1,0.831706,0.883394,0.882398,0.881852,-0.0112991,-0.0080854
130_bNAb_Combinations|1313938|sample|3|TRO.11|8301,0.2,0.715899,6,3,1,0.831706,0.883394,0.858912,0.85764,-0.866797,-0.860342
130_bNAb_Combinations|1313938|sample|3|TRO.11|8301,1,0.31236,7,3,1,0.831693,0.883386,0.57067,0.563017,-2.33988,-2.30077
130_bNAb_Combinations|1313938|sample|3|TRO.11|8301,5,0.0404162,8,3,1,0.83168,0.883377,0.0384532,0.0362688,0.204743,0.452094
130_bNAb_Combinations|1313938|sample|4|TRO.11|8301,0.000064,0.979763,1,4,1,0.83168,0.883377,0.883875,0.883377,0.564984,0.568236
130_bNAb_Combinations|1313938|sample|4|TRO.11|8301,0.00032,0.958596,2,4,1,0.831693,0.883386,0.883883,0.883385,0.440212,0.443394
130_bNAb_Combinations|1313938|sample|4|TRO.11|8301,0.0016,0.947948,3,4,1,0.831706,0.883394,0.883887,0.883389,0.377449,0.380596
130_bNAb_Combinations|1313938|sample|4|TRO.11|8301,0.008,0.949609,4,4,1,0.831718,0.883403,0.883815,0.883316,0.387688,0.390849
130_bNAb_Combinations|1313938|sample|4|TRO.11|8301,0.04,0.862629,5,4,1,0.831718,0.883403,0.882433,0.881909,-0.116874,-0.113847
130_bNAb_Combinations|1313938|sample|4|TRO.11|8301,0.2,0.698095,6,4,1,0.831706,0.883394,0.859352,0.858426,-0.976877,-0.972301
130_bNAb_Combinations|1313938|sample|4|TRO.11|8301,1,0.273174,7,4,1,0.831693,0.883386,0.57514,0.57092,-2.71451,-2.69595
130_bNAb_Combinations|1313938|sample|4|TRO.11|8301,5,0.0442374,8,4,1,0.83168,0.883377,0.0405446,0.0398192,0.369894,0.448729
130_bNAb_Combinations|1313938|sample|5|TRO.11|8301,0.0006144,0.941673,1,5,1,0.83168,0.883377,0.883874,0.883376,0.340556,0.343683
130_bNAb_Combinations|1313938|sample|5|TRO.11|8301,0.003072,0.958739,2,5,1,0.831693,0.883386,0.883871,0.883372,0.441135,0.44432
130_bNAb_Combinations|1313938|sample|5|TRO.11|8301,0.01536,0.915761,3,5,1,0.831706,0.883394,0.883675,0.883168,0.1891,0.192195
130_bNAb_Combinations|1313938|sample|5|TRO.11|8301,0.0768,0.82456,4,5,1,0.831718,0.883403,0.880201,0.879555,-0.329188,-0.325607
130_bNAb_Combinations|1313938|sample|5|TRO.11|8301,0.384,0.514634,5,5,1,0.831718,0.883403,0.824151,0.82139,-1.95394,-1.94293
130_bNAb_Combinations|1313938|sample|5|TRO.11|8301,1.92,0.141399,6,5,1,0.831706,0.883394,0.362975,0.351883,-3.11837,-3.05252
130_bNAb_Combinations|1313938|sample|5|TRO.11|8301,9.6,0.0210382,7,5,1,0.831693,0.883386,0.0185676,0.0171006,0.424436,0.71037
130_bNAb_Combinations|1313938|sample|5|TRO.11|8301,48,0.00739914,8,5,1,0.83168,0.883377,0.00328004,0.00324446,1.40813,1.42357
130_bNAb_Combinations|1313938|sample|6|TRO.11|8301,0.0006144,0.9722,1,6,1,0.83168,0.883377,0.883874,0.883376,0.520423,0.52365
130_bNAb_Combinations|1313938|sample|6|TRO.11|8301,0.003072,0.899854,2,6,1,0.831693,0.883386,0.883869,0.883372,0.0941835,0.0971672
130_bNAb_Combinations|1313938|sample|6|TRO.11|8301,0.01536,0.850665,3,6,1,0.831706,0.883394,0.883649,0.883167,-0.194395,-0.191656
130_bNAb_Combinations|1313938|sample|6|TRO.11|8301,0.0768,0.801476,4,6,1,0.831718,0.883403,0.87976,0.879533,-0.46339,-0.462161
130_bNAb_Combinations|1313938|sample|6|TRO.11|8301,0.384,0.527478,5,6,1,0.831718,0.883403,0.817303,0.821037,-1.84473,-1.86012
130_bNAb_Combinations|1313938|sample|6|TRO.11|8301,1.92,0.143947,6,6,1,0.831706,0.883394,0.326546,0.349979,-2.84622,-3.00367
130_bNAb_Combinations|1313938|sample|6|TRO.11|8301,9.6,0.0206374,7,6,1,0.831693,0.883386,0.0126308,0.0167608,1.70486,0.70759
130_bNAb_Combinations|1313938|sample|6|TRO.11|8301,48,0.00800023,8,6,1,0.83168,0.883377,0.00312409,0.00323428,1.68393,1.6341
130_bNAb_Combinations|1313938|sample|7|TRO.11|8301,0.0000768,0.947047,1,7,1,0.83168,0.883377,0.864373,0.863851,0.497958,0.501404
130_bNAb_Combinations|1313938|sample|7|TRO.11|8301,0.000384,0.922266,2,7,1,0.831693,0.883386,0.828046,0.827481,0.592044,0.595996
130_bNAb_Combinations|1313938|sample|7|TRO.11|8301,0.00192,0.797075,3,7,1,0.831706,0.883394,0.730606,0.729944,0.472457,0.477582
130_bNAb_Combinations|1313938|sample|7|TRO.11|8301,0.0096,0.572639,4,7,1,0.831718,0.883403,0.50875,0.507982,0.647522,0.656272
130_bNAb_Combinations|1313938|sample|7|TRO.11|8301,0.048,0.211555,5,7,1,0.831718,0.883403,0.183592,0.183062,0.754162,0.770558
130_bNAb_Combinations|1313938|sample|7|TRO.11|8301,0.24,0.00928828,6,7,1,0.831706,0.883394,0.0145512,0.0144997,-1.04008,-1.03189
130_bNAb_Combinations|1313938|sample|7|TRO.11|8301,1.2,0.000157428,7,7,1,0.831693,0.883386,0.00304796,0.00305127,-1.00321,-1.00414
130_bNAb_Combinations|1313938|sample|7|TRO.11|8301,6,0.001102,8,7,1,0.83168,0.883377,0.00302952,0.00303281,-0.669794,-0.670792
130_bNAb_Combinations|1313938|sample|8|TRO.11|8301,0.0000768,0.992465,1,8,1,0.83168,0.883377,0.865539,0.864497,0.763484,0.770665
130_bNAb_Combinations|1313938|sample|8|TRO.11|8301,0.000384,0.918846,2,8,1,0.831693,0.883386,0.831316,0.829293,0.547871,0.56188
130_bNAb_Combinations|1313938|sample|8|TRO.11|8301,0.00192,0.798592,3,8,1,0.831706,0.883394,0.739056,0.734619,0.418412,0.45227
130_bNAb_Combinations|1313938|sample|8|TRO.11|8301,0.0096,0.614093,4,8,1,0.831718,0.883403,0.525989,0.517465,0.864344,0.963228
130_bNAb_Combinations|1313938|sample|8|TRO.11|8301,0.048,0.216235,5,8,1,0.831718,0.883403,0.201732,0.192884,0.357991,0.601251
130_bNAb_Combinations|1313938|sample|8|TRO.11|8301,0.24,0.0118501,6,8,1,0.831706,0.883394,0.0180014,0.0162927,-1.07661,-0.824238
130_bNAb_Combinations|1313938|sample|8|TRO.11|8301,1.2,0.000787142,7,8,1,0.831693,0.883386,0.00306485,0.00305927,-0.789645,-0.787999
130_bNAb_Combinations|1313938|sample|8|TRO.11|8301,6,0.000543844,8,8,1,0.83168,0.883377,0.00302952,0.00303281,-0.863748,-0.864704
130_bNAb_Combinations|1313938|sample|9|TRO.11|8301,0.0003648,0.965087,1,9,1,0.83168,0.883377,0.826688,0.825248,0.871055,0.881627
130_bNAb_Combinations|1313938|sample|9|TRO.11|8301,0.001824,0.834471,2,9,1,0.831693,0.883386,0.727114,0.724212,0.766694,0.790518
130_bNAb_Combinations|1313938|sample|9|TRO.11|8301,0.00912,0.637786,3,9,1,0.831706,0.883394,0.501664,0.496437,1.39864,1.46727
130_bNAb_Combinations|1313938|sample|9|TRO.11|8301,0.0456,0.173393,4,9,1,0.831718,0.883403,0.176238,0.171335,-0.0797103,0.0592211
130_bNAb_Combinations|1313938|sample|9|TRO.11|8301,0.228,0.00868719,5,9,1,0.831718,0.883403,0.0132193,0.0124824,-0.942654,-0.812993
130_bNAb_Combinations|1313938|sample|9|TRO.11|8301,1.14,0.00025761,6,9,1,0.831706,0.883394,0.00304254,0.00304375,-0.966907,-0.967249
130_bNAb_Combinations|1313938|sample|9|TRO.11|8301,5.7,0.000543844,7,9,1,0.831693,0.883386,0.00302955,0.00303284,-0.863757,-0.864713
130_bNAb_Combinations|1313938|sample|9|TRO.11|8301,28.5,0.00104475,8,9,1,0.83168,0.883377,0.00302952,0.00303281,-0.689687,-0.690681
130_bNAb_Combinations|1313938|vc|1|2|TRO.11|8301,0,0.914116,1,2,1,0.83168,0.883377,0.883875,0.883377,0.178181,0.181218
130_bNAb_Combinations|1313938|vc|2|2|TRO.11|8301,0,0.902924,2,2,1,0.831693,0.883386,0.883884,0.883386,0.112186,0.115185
130_bNAb_Combinations|1313938|vc|3|2|TRO.11|8301,0,0.968414,3,2,1,0.831693,0.883386,0.883884,0.883386,0.498057,0.501271
130_bNAb_Combinations|1313938|vc|4|2|TRO.11|8301,0,0.926266,4,2,1,0.831693,0.883386,0.883884,0.883386,0.24972,0.252796
130_bNAb_Combinations|1313938|vc|5|2|TRO.11|8301,0,0.902967,5,2,1,0.831693,0.883386,0.883884,0.883386,0.112439,0.115438
130_bNAb_Combinations|1313938|vc|6|2|TRO.11|8301,0,0.92744,6,2,1,0.831693,0.883386,0.883884,0.883386,0.256634,0.259714
130_bNAb_Combinations|1313938|vc|7|2|TRO.11|8301,0,0.886129,7,2,1,0.831693,0.883386,0.883884,0.883386,0.0132301,0.0161744
130_bNAb_Combinations|1313938|vc|8|2|TRO.11|8301,0,0.777732,8,2,1,0.83168,0.883377,0.883875,0.883377,-0.625402,-0.622813
130_bNAb_Combinations|1313956|cc|1|1|Ce1176_A3|7023,0,0.000508745,1,1,0,0,0,0,0,0.220813,0.220813
130_bNAb_Combinations|1313956|cc|2|1|Ce1176_A3|7023,0,0.000481245,2,1,0,0,0,0,0,0.208878,0.208878
130_bNAb_Combinations|1313956|cc|3|1|Ce1176_A3|7023,0,0.000632494,3,1,0,0,0,0,0,0.274525,0.274525
130_bNAb_Combinations|1313956|cc|4|1|Ce1176_A3|7023,0,0.00112749,4,1,0,0,0,0,0,0.48937,0.48937
130_bNAb_Combinations|1313956|cc|5|1|Ce1176_A3|7023,0,0.00140249,5,1,0,0,0,0,0,0.608729,0.608729
130_bNAb_Combinations|1313956|cc|6|1|Ce1176_A3|7023,0,0.00147124,6,1,0,0,0,0,0,0.638569,0.638569
130_bNAb_Combinations|1313956|cc|7|1|Ce1176_A3|7023,0,0.00120999,7,1,0,0,0,0,0,0.525178,0.525178
130_bNAb_Combinations|1313956|cc|8|1|Ce1176_A3|7023,0,0.00149874,8,1,0,0,0,0,0,0.650504,0.650504
130_bNAb_Combinations|1313956|sample|10|Ce1176_A3|7023,0.0003648,0.703622,1,10,1,0.83168,0.83168,0.785141,0.786616,-0.539798,-0.548552
130_bNAb_Combinations|1313956|sample|10|Ce1176_A3|7023,0.001824,0.749608,2,10,1,0.831693,0.831693,0.698962,0.702062,0.376011,0.351458
130_bNAb_Combinations|1313956|sample|10|Ce1176_A3|7023,0.00912,0.514314,3,10,1,0.831706,0.831706,0.492191,0.498202,0.231575,0.166671
130_bNAb_Combinations|1313956|sample|10|Ce1176_A3|7023,0.0456,0.208599,4,10,1,0.831706,0.831706,0.175239,0.181464,0.939824,0.739869
130_bNAb_Combinations|1313956|sample|10|Ce1176_A3|7023,0.228,0.00944616,5,10,1,0.831706,0.831706,0.0121311,0.0131403,-0.583461,-0.770761
130_bNAb_Combinations|1313956|sample|10|Ce1176_A3|7023,1.14,0.000343747,6,10,1,0.831706,0.831706,0.00285598,0.0028648,-0.883063,-0.885642
130_bNAb_Combinations|1313956|sample|10|Ce1176_A3|7023,5.7,0.000233748,7,10,1,0.831693,0.831693,0.00284872,0.00285522,-0.919621,-0.921508
130_bNAb_Combinations|1313956|sample|10|Ce1176_A3|7023,28.5,0.000398746,8,10,1,0.83168,0.83168,0.00284868,0.00285518,-0.861582,-0.863494
130_bNAb_Combinations|1313956|sample|11|Ce1176_A3|7023,0.0003712,0.688607,1,11,1,0.83168,0.83168,0.830705,0.831198,-0.890071,-0.892638
130_bNAb_Combinations|1313956|sample|11|Ce1176_A3|7023,0.001856,0.732462,2,11,1,0.831693,0.831693,0.828663,0.829016,-0.604045,-0.606009
130_bNAb_Combinations|1313956|sample|11|Ce1176_A3|7023,0.00928,0.765771,3,11,1,0.831693,0.831693,0.81735,0.81694,-0.32828,-0.325832
130_bNAb_Combinations|1313956|sample|11|Ce1176_A3|7023,0.0464,0.662853,4,11,1,0.831693,0.831693,0.757692,0.753455,-0.650392,-0.624774
130_bNAb_Combinations|1313956|sample|11|Ce1176_A3|7023,0.2319999999999999,0.428576,5,11,1,0.831693,0.831693,0.506367,0.490192,-0.79205,-0.647555
130_bNAb_Combinations|1313956|sample|11|Ce1176_A3|7023,1.16,0.0788005,6,11,1,0.831693,0.831693,0.0833715,0.0721416,-0.252607,0.417005
130_bNAb_Combinations|1313956|sample|11|Ce1176_A3|7023,5.8,0.00151248,7,11,1,0.831693,0.831693,0.0032784,0.00312683,-0.603749,-0.557398
130_bNAb_Combinations|1313956|sample|11|Ce1176_A3|7023,29,0.000233748,8,11,1,0.83168,0.83168,0.00284832,0.00285476,-0.919506,-0.921374
130_bNAb_Combinations|1313956|sample|12|Ce1176_A3|7023,0.0003712,0.632164,1,12,1,0.83168,0.83168,0.830623,0.831145,-1.24323,-1.24573
130_bNAb_Combinations|1313956|sample|12|Ce1176_A3|7023,0.001856,0.613698,2,12,1,0.83168,0.83168,0.828199,0.82871,-1.3476,-1.34999
130_bNAb_Combinations|1313956|sample|12|Ce1176_A3|7023,0.00928,0.591375,3,12,1,0.83168,0.83168,0.814872,0.815326,-1.42674,-1.42885
130_bNAb_Combinations|1313956|sample|12|Ce1176_A3|7023,0.0464,0.519222,4,12,1,0.83168,0.83168,0.745154,0.745328,-1.57506,-1.57591
130_bNAb_Combinations|1313956|sample|12|Ce1176_A3|7023,0.2319999999999999,0.330526,5,12,1,0.83168,0.83168,0.463171,0.462619,-1.47329,-1.46887
130_bNAb_Combinations|1313956|sample|12|Ce1176_A3|7023,1.16,0.0625069,6,12,1,0.83168,0.83168,0.0557592,0.055635,0.524483,0.535119
130_bNAb_Combinations|1313956|sample|12|Ce1176_A3|7023,5.8,0.00237873,7,12,1,0.83168,0.83168,0.00295833,0.00296762,-0.202355,-0.205471
130_bNAb_Combinations|1313956|sample|12|Ce1176_A3|7023,29,0.000769992,8,12,1,0.83168,0.83168,0.00284822,0.00285472,-0.730884,-0.732854
130_bNAb_Combinations|1313956|sample|3|Ce1176_A3|7023,0.000064,0.742974,1,3,1,0.83168,0.83168,0.831156,0.83168,-0.55206,-0.554996
130_bNAb_Combinations|1313956|sample|3|Ce1176_A3|7023,0.00032,0.893054,2,3,1,0.831693,0.831693,0.831169,0.831693,0.387419,0.3839
130_bNAb_Combinations|1313956|sample|3|Ce1176_A3|7023,0.0016,0.908543,3,3,1,0.831706,0.831706,0.831182,0.831706,0.484301,0.480721
130_bNAb_Combinations|1313956|sample|3|Ce1176_A3|7023,0.008,0.937844,4,3,1,0.831706,0.831706,0.831177,0.831701,0.667764,0.664069
130_bNAb_Combinations|1313956|sample|3|Ce1176_A3|7023,0.04,0.777115,5,3,1,0.831706,0.831706,0.831037,0.831571,-0.337626,-0.340755
130_bNAb_Combinations|1313956|sample|3|Ce1176_A3|7023,0.2,0.561758,6,3,1,0.831706,0.831706,0.826804,0.827638,-1.66792,-1.6715
130_bNAb_Combinations|1313956|sample|3|Ce1176_A3|7023,1,0.368964,7,3,1,0.831693,0.831693,0.717432,0.725711,-2.52161,-2.55256
130_bNAb_Combinations|1313956|sample|3|Ce1176_A3|7023,5,0.208888,8,3,1,0.83168,0.83168,0.171229,0.196124,1.08413,0.323529
130_bNAb_Combinations|1313956|sample|4|Ce1176_A3|7023,0.000064,0.71326,1,4,1,0.83168,0.83168,0.831156,0.83168,-0.738079,-0.740899
130_bNAb_Combinations|1313956|sample|4|Ce1176_A3|7023,0.00032,0.883119,2,4,1,0.831693,0.831693,0.831169,0.831693,0.325227,0.321747
130_bNAb_Combinations|1313956|sample|4|Ce1176_A3|7023,0.0016,0.934819,3,4,1,0.831706,0.831706,0.831182,0.831706,0.648795,0.645113
130_bNAb_Combinations|1313956|sample|4|Ce1176_A3|7023,0.008,0.950487,4,4,1,0.831718,0.831719,0.831191,0.831714,0.746816,0.743077
130_bNAb_Combinations|1313956|sample|4|Ce1176_A3|7023,0.04,0.817519,5,4,1,0.831718,0.831719,0.831073,0.831583,-0.0848642,-0.0880068
130_bNAb_Combinations|1313956|sample|4|Ce1176_A3|7023,0.2,0.59253,6,4,1,0.831706,0.831706,0.8275,0.827613,-1.47742,-1.47793
130_bNAb_Combinations|1313956|sample|4|Ce1176_A3|7023,1,0.33859,7,4,1,0.831693,0.831693,0.734442,0.725089,-2.79923,-2.76776
130_bNAb_Combinations|1313956|sample|4|Ce1176_A3|7023,5,0.207004,8,4,1,0.83168,0.83168,0.219865,0.194361,-0.292632,0.323196
130_bNAb_Combinations|1313956|sample|5|Ce1176_A3|7023,0.0006144,0.687672,1,5,1,0.83168,0.83168,0.831156,0.83168,-0.898274,-0.900995
130_bNAb_Combinations|1313956|sample|5|Ce1176_A3|7023,0.003072,0.893274,2,5,1,0.831693,0.831693,0.831169,0.831693,0.388798,0.385278
130_bNAb_Combinations|1313956|sample|5|Ce1176_A3|7023,0.01536,0.886089,3,5,1,0.831706,0.831706,0.831174,0.831697,0.34379,0.340298
130_bNAb_Combinations|1313956|sample|5|Ce1176_A3|7023,0.0768,0.71535,4,5,1,0.831718,0.831719,0.830945,0.831465,-0.723855,-0.726661
130_bNAb_Combinations|1313956|sample|5|Ce1176_A3|7023,0.384,0.488319,5,5,1,0.831718,0.831719,0.823726,0.824121,-2.11846,-2.11995
130_bNAb_Combinations|1313956|sample|5|Ce1176_A3|7023,1.92,0.393054,6,5,1,0.831706,0.831706,0.677106,0.67615,-2.17574,-2.17143
130_bNAb_Combinations|1313956|sample|5|Ce1176_A3|7023,9.6,0.204928,7,5,1,0.831693,0.831693,0.268487,0.269597,-1.19566,-1.21174
130_bNAb_Combinations|1313956|sample|5|Ce1176_A3|7023,48,0.100326,8,5,1,0.83168,0.83168,0.0835559,0.084981,0.924969,0.83395
130_bNAb_Combinations|1313956|sample|6|Ce1176_A3|7023,0.0006144,0.700267,1,6,1,0.83168,0.83168,0.831156,0.83168,-0.819425,-0.822195
130_bNAb_Combinations|1313956|sample|6|Ce1176_A3|7023,0.003072,0.779562,2,6,1,0.831693,0.831693,0.831169,0.831693,-0.323074,-0.326152
130_bNAb_Combinations|1313956|sample|6|Ce1176_A3|7023,0.01536,0.830994,3,6,1,0.831706,0.831706,0.831174,0.831697,-0.00112854,-0.00440128
130_bNAb_Combinations|1313956|sample|6|Ce1176_A3|7023,0.0768,0.671062,4,6,1,0.831718,0.831719,0.830955,0.831453,-1.00124,-1.00377
130_bNAb_Combinations|1313956|sample|6|Ce1176_A3|7023,0.384,0.520893,5,6,1,0.831718,0.831719,0.824008,0.823775,-1.91386,-1.91292
130_bNAb_Combinations|1313956|sample|6|Ce1176_A3|7023,1.92,0.352251,6,6,1,0.831706,0.831706,0.682394,0.669771,-2.50952,-2.45825
130_bNAb_Combinations|1313956|sample|6|Ce1176_A3|7023,9.6,0.186758,7,6,1,0.831693,0.831693,0.280205,0.2561,-1.68746,-1.36469
130_bNAb_Combinations|1313956|sample|6|Ce1176_A3|7023,48,0.0915191,8,6,1,0.83168,0.83168,0.0910141,0.0767307,0.025841,0.8783
130_bNAb_Combinations|1313956|sample|7|Ce1176_A3|7023,0.0000768,0.644896,1,7,1,0.83168,0.83168,0.817754,0.817991,-1.09964,-1.10083
130_bNAb_Combinations|1313956|sample|7|Ce1176_A3|7023,0.000384,0.807536,2,7,1,0.831693,0.831693,0.791,0.790678,0.108702,0.110861
130_bNAb_Combinations|1313956|sample|7|Ce1176_A3|7023,0.00192,0.874608,3,7,1,0.831706,0.831706,0.714932,0.713134,1.15943,1.1754
130_bNAb_Combinations|1313956|sample|7|Ce1176_A3|7023,0.0096,0.712752,4,7,1,0.831718,0.831719,0.527019,0.522374,1.81865,1.88033
130_bNAb_Combinations|1313956|sample|7|Ce1176_A3|7023,0.048,0.234181,5,7,1,0.831718,0.831719,0.214689,0.208948,0.453627,0.602499
130_bNAb_Combinations|1313956|sample|7|Ce1176_A3|7023,0.24,0.0112199,6,7,1,0.831706,0.831706,0.0197226,0.0184703,-1.40782,-1.24956
130_bNAb_Combinations|1313956|sample|7|Ce1176_A3|7023,1.2,0.000769992,7,7,1,0.831693,0.831693,0.00288427,0.00288464,-0.741783,-0.741894
130_bNAb_Combinations|1313956|sample|7|Ce1176_A3|7023,6,0.000536245,8,7,1,0.83168,0.83168,0.00284868,0.00285518,-0.813227,-0.81516
130_bNAb_Combinations|1313956|sample|8|Ce1176_A3|7023,0.0000768,0.696355,1,8,1,0.83168,0.83168,0.817853,0.818322,-0.772825,-0.775366
130_bNAb_Combinations|1313956|sample|8|Ce1176_A3|7023,0.000384,0.873701,2,8,1,0.831693,0.831693,0.791293,0.791653,0.541502,0.538897
130_bNAb_Combinations|1313956|sample|8|Ce1176_A3|7023,0.00192,0.872793,3,8,1,0.831706,0.831706,0.71574,0.715811,1.13912,1.1385
130_bNAb_Combinations|1313956|sample|8|Ce1176_A3|7023,0.0096,0.757666,4,8,1,0.831718,0.831719,0.528819,0.528322,2.23335,2.24026
130_bNAb_Combinations|1313956|sample|8|Ce1176_A3|7023,0.048,0.240416,5,8,1,0.831718,0.831719,0.216864,0.216057,0.542917,0.56351
130_bNAb_Combinations|1313956|sample|8|Ce1176_A3|7023,0.24,0.0117424,6,8,1,0.831706,0.831706,0.0202221,0.0200573,-1.38236,-1.36243
130_bNAb_Combinations|1313956|sample|8|Ce1176_A3|7023,1.2,0.000178748,7,8,1,0.831693,0.831693,0.00288705,0.00289298,-0.950018,-0.951723
130_bNAb_Combinations|1313956|sample|8|Ce1176_A3|7023,6,0.000316247,8,8,1,0.83168,0.83168,0.00284868,0.00285518,-0.890595,-0.892495
130_bNAb_Combinations|1313956|sample|9|Ce1176_A3|7023,0.0003648,0.758106,1,9,1,0.83168,0.83168,0.787391,0.787949,-0.193373,-0.196924
130_bNAb_Combinations|1313956|sample|9|Ce1176_A3|7023,0.001824,0.682688,2,9,1,0.831693,0.831693,0.705071,0.705687,-0.164763,-0.169156
130_bNAb_Combinations|1313956|sample|9|Ce1176_A3|7023,0.00912,0.715818,3,9,1,0.831706,0.831706,0.505307,0.506016,2.14776,2.1376
130_bNAb_Combinations|1313956|sample|9|Ce1176_A3|7023,0.0456,0.196719,4,9,1,0.831718,0.831719,0.18939,0.19,0.191985,0.175484
130_bNAb_Combinations|1313956|sample|9|Ce1176_A3|7023,0.228,0.00966615,5,9,1,0.831718,0.831719,0.0144814,0.0146089,-0.954108,-0.974705
130_bNAb_Combinations|1313956|sample|9|Ce1176_A3|7023,1.14,0.000756242,6,9,1,0.831706,0.831706,0.00286172,0.00286873,-0.739805,-0.741921
130_bNAb_Combinations|1313956|sample|9|Ce1176_A3|7023,5.7,0.000439996,7,9,1,0.831693,0.831693,0.00284872,0.00285522,-0.847088,-0.849007
130_bNAb_Combinations|1313956|sample|9|Ce1176_A3|7023,28.5,0,8,9,1,0.83168,0.83168,0.00284868,0.00285518,-1.00181,-1.00366
130_bNAb_Combinations|1313956|vc|1|2|Ce1176_A3|7023,0,0.749127,1,2,1,0.83168,0.83168,0.831156,0.83168,-0.513539,-0.516499
130_bNAb_Combinations|1313956|vc|2|2|Ce1176_A3|7023,0,0.930921,2,2,1,0.831693,0.831693,0.831169,0.831693,0.62448,0.620814
130_bNAb_Combinations|1313956|vc|3|2|Ce1176_A3|7023,0,1,3,2,1,0.831693,0.831693,0.831169,0.831693,1.05694,1.05301
130_bNAb_Combinations|1313956|vc|4|2|Ce1176_A3|7023,0,0.968987,4,2,1,0.831693,0.831693,0.831169,0.831693,0.86279,0.858975
130_bNAb_Combinations|1313956|vc|5|2|Ce1176_A3|7023,0,0.924369,5,2,1,0.831693,0.831693,0.831169,0.831693,0.583464,0.579823
130_bNAb_Combinations|1313956|vc|6|2|Ce1176_A3|7023,0,0.980379,6,2,1,0.831693,0.831693,0.831169,0.831693,0.934106,0.930247
130_bNAb_Combinations|1313956|vc|7|2|Ce1176_A3|7023,0,0.892036,7,2,1,0.831693,0.831693,0.831169,0.831693,0.381049,0.377534
130_bNAb_Combinations|1313956|vc|8|2|Ce1176_A3|7023,0,0.653015,8,2,1,0.83168,0.83168,0.831156,0.83168,-1.11524,-1.11783
130_bNAb_Combinations|1313974|cc|1|1|nan|1176,0,0,1,1,0,0,0,0,0,0,0
130_bNAb_Combinations|1313974|cc|2|1|nan|1176,0,0.00187935,2,1,0,0,0,0,0,0.815703,0.815703
130_bNAb_Combinations|1313974|cc|3|1|nan|1176,0,0.00338282,3,1,0,0,0,0,0,1.46827,1.46827
130_bNAb_Combinations|1313974|cc|4|1|nan|1176,0,0.00250579,4,1,0,0,0,0,0,1.0876,1.0876
130_bNAb_Combinations|1313974|cc|5|1|nan|1176,0,0.00425985,5,1,0,0,0,0,0,1.84893,1.84893
130_bNAb_Combinations|1313974|cc|6|1|nan|1176,0,0.00200464,6,1,0,0,0,0,0,0.870083,0.870083
130_bNAb_Combinations|1313974|cc|7|1|nan|1176,0,0.00701623,7,1,0,0,0,0,0,3.04529,3.04529
130_bNAb_Combinations|1313974|cc|8|1|nan|1176,0,0.00275637,8,1,0,0,0,0,0,1.19636,1.19636
130_bNAb_Combinations|1313974|sample|10|nan|1176,0.0003648,0.564806,1,10,1,0.83168,0.831685,0.831161,0.831685,-1.66749,-1.66973
130_bNAb_Combinations|1313974|sample|10|nan|1176,0.001824,0.969555,2,10,1,0.831693,0.831698,0.831174,0.831698,0.866308,0.862492
130_bNAb_Combinations|1313974|sample|10|nan|1176,0.00912,0.987972,3,10,1,0.831706,0.831711,0.831177,0.831702,0.981579,0.977689
130_bNAb_Combinations|1313974|sample|10|nan|1176,0.0456,0.768277,4,10,1,0.831706,0.831711,0.830771,0.831308,-0.391423,-0.39453
130_bNAb_Combinations|1313974|sample|10|nan|1176,0.228,0.6812,5,10,1,0.831706,0.831711,0.812534,0.8136,-0.84077,-0.846502
130_bNAb_Combinations|1313974|sample|10|nan|1176,1.14,0.388273,6,10,1,0.831706,0.831711,0.367917,0.376407,0.282755,0.161226
130_bNAb_Combinations|1313974|sample|10|nan|1176,5.7,0.221387,7,10,1,0.831693,0.831698,0.154809,0.154855,2.10516,2.10313
130_bNAb_Combinations|1313974|sample|10|nan|1176,28.5,0.0676565,8,10,1,0.83168,0.831685,0.154806,0.154851,-2.75564,-2.75633
130_bNAb_Combinations|1313974|sample|11|nan|1176,0.0003712,0.686964,1,11,1,0.83168,0.831685,0.814951,0.815234,-0.816957,-0.818484
130_bNAb_Combinations|1313974|sample|11|nan|1176,0.001856,0.787446,2,11,1,0.831693,0.831698,0.780171,0.779955,0.0484726,0.0499286
130_bNAb_Combinations|1313974|sample|11|nan|1176,0.00928,0.683957,3,11,1,0.831693,0.831698,0.678723,0.677192,0.0399947,0.0518088
130_bNAb_Combinations|1313974|sample|11|nan|1176,0.0464,0.431373,4,11,1,0.831693,0.831698,0.438954,0.435324,-0.0887225,-0.0466156
130_bNAb_Combinations|1313974|sample|11|nan|1176,0.2319999999999999,0.127921,5,11,1,0.831693,0.831698,0.122616,0.119683,0.207781,0.329873
130_bNAb_Combinations|1313974|sample|11|nan|1176,1.16,0.00889557,6,11,1,0.831693,0.831698,0.00920141,0.00903294,-0.0755749,-0.0342159
130_bNAb_Combinations|1313974|sample|11|nan|1176,5.8,0.00664036,7,11,1,0.831693,0.831698,0.00518938,0.00527466,0.441446,0.413468
130_bNAb_Combinations|1313974|sample|11|nan|1176,29,0.0085197,8,11,1,0.83168,0.831685,0.00518446,0.00527031,1.015,0.984005
130_bNAb_Combinations|1313974|sample|12|nan|1176,0.0003712,0.62507,1,12,1,0.83168,0.831685,0.808493,0.808512,-1.18002,-1.18011
130_bNAb_Combinations|1313974|sample|12|nan|1176,0.001856,0.659149,2,12,1,0.83168,0.831685,0.76046,0.759458,-0.692282,-0.686328
130_bNAb_Combinations|1313974|sample|12|nan|1176,0.00928,0.546764,3,12,1,0.83168,0.831685,0.625421,0.621944,-0.651321,-0.625941
130_bNAb_Combinations|1313974|sample|12|nan|1176,0.0464,0.27877,4,12,1,0.83168,0.831685,0.339572,0.333315,-0.912641,-0.833554
130_bNAb_Combinations|1313974|sample|12|nan|1176,0.2319999999999999,0.0630207,5,12,1,0.83168,0.831685,0.0585825,0.0556824,0.331213,0.571044
130_bNAb_Combinations|1313974|sample|12|nan|1176,1.16,0.00413456,6,12,1,0.83168,0.831685,0.00565157,0.0056729,-0.44956,-0.455338
130_bNAb_Combinations|1313974|sample|12|nan|1176,5.8,0.0072668,7,12,1,0.83168,0.831685,0.00518449,0.00527034,0.633701,0.604584
130_bNAb_Combinations|1313974|sample|12|nan|1176,29,0.00375869,8,12,1,0.83168,0.831685,0.00518446,0.00527031,-0.433897,-0.45776
130_bNAb_Combinations|1313974|sample|3|nan|1176,0.000064,0.544885,1,3,1,0.83168,0.831685,0.81778,0.818685,-1.73598,-1.73984
130_bNAb_Combinations|1313974|sample|3|nan|1176,0.00032,0.833553,2,3,1,0.831693,0.831698,0.799315,0.800736,0.222752,0.213132
130_bNAb_Combinations|1313974|sample|3|nan|1176,0.0016,0.76765,3,3,1,0.831706,0.831711,0.756761,0.759327,0.0747673,0.0569604
130_bNAb_Combinations|1313974|sample|3|nan|1176,0.008,0.763766,4,3,1,0.831706,0.831711,0.664789,0.669599,0.771919,0.72923
130_bNAb_Combinations|1313974|sample|3|nan|1176,0.04,0.33966,5,3,1,0.831706,0.831711,0.492977,0.500983,-1.60241,-1.65978
130_bNAb_Combinations|1313974|sample|3|nan|1176,0.2,0.074798,6,3,1,0.831706,0.831711,0.25682,0.266188,-3.57269,-3.63013
130_bNAb_Combinations|1313974|sample|3|nan|1176,1,0.0275637,7,3,1,0.831693,0.831698,0.0722593,0.0778258,-2.79512,-2.9488
130_bNAb_Combinations|1313974|sample|3|nan|1176,5,0.0219257,8,3,1,0.83168,0.831685,0.0106689,0.0119318,2.60287,2.18975
130_bNAb_Combinations|1313974|sample|4|nan|1176,0.000064,0.596254,1,4,1,0.83168,0.831685,0.812513,0.812853,-1.38448,-1.38609
130_bNAb_Combinations|1313974|sample|4|nan|1176,0.00032,0.751363,2,4,1,0.831693,0.831698,0.786973,0.787069,-0.235261,-0.235872
130_bNAb_Combinations|1313974|sample|4|nan|1176,0.0016,0.81952,3,4,1,0.831706,0.831711,0.729021,0.728597,0.64464,0.648029
130_bNAb_Combinations|1313974|sample|4|nan|1176,0.008,0.746852,4,4,1,0.831718,0.831723,0.608253,0.606902,1.17944,1.19353
130_bNAb_Combinations|1313974|sample|4|nan|1176,0.04,0.327758,5,4,1,0.831718,0.831723,0.400558,0.398213,-0.931265,-0.906414
130_bNAb_Combinations|1313974|sample|4|nan|1176,0.2,0.106747,6,4,1,0.831706,0.831711,0.161461,0.159355,-1.66374,-1.61933
130_bNAb_Combinations|1313974|sample|4|nan|1176,1,0.0308213,7,4,1,0.831693,0.831698,0.0287099,0.0280488,0.272723,0.363997
130_bNAb_Combinations|1313974|sample|4|nan|1176,5,0.0120278,8,4,1,0.83168,0.831685,0.00407013,0.00402522,2.58796,2.60979
130_bNAb_Combinations|1313974|sample|5|nan|1176,0.0006144,0.585729,1,5,1,0.83168,0.831685,0.799636,0.80013,-1.39115,-1.39351
130_bNAb_Combinations|1313974|sample|5|nan|1176,0.003072,0.613794,2,5,1,0.831693,0.831698,0.757674,0.758131,-0.986725,-0.989275
130_bNAb_Combinations|1313974|sample|5|nan|1176,0.01536,0.526467,3,5,1,0.831706,0.831711,0.667533,0.667932,-1.09573,-1.09818
130_bNAb_Combinations|1313974|sample|5|nan|1176,0.0768,0.174278,4,5,1,0.831718,0.831723,0.500852,0.501203,-3.36084,-3.36215
130_bNAb_Combinations|1313974|sample|5|nan|1176,0.384,0.0800601,5,5,1,0.831718,0.831723,0.273452,0.273838,-3.57481,-3.57711
130_bNAb_Combinations|1313974|sample|5|nan|1176,1.92,0.03458,6,5,1,0.831706,0.831711,0.0898193,0.0901913,-2.85968,-2.86847
130_bNAb_Combinations|1313974|sample|5|nan|1176,9.6,0.0281902,7,5,1,0.831693,0.831698,0.0176078,0.0177817,1.87662,1.83506
130_bNAb_Combinations|1313974|sample|5|nan|1176,48,0.00826912,8,5,1,0.83168,0.831685,0.00429402,0.00433504,1.27518,1.25888
130_bNAb_Combinations|1313974|sample|6|nan|1176,0.0006144,0.51469,1,6,1,0.83168,0.831685,0.796604,0.79772,-1.84031,-1.84504
130_bNAb_Combinations|1313974|sample|6|nan|1176,0.003072,0.808369,2,6,1,0.831693,0.831698,0.750814,0.752676,0.398264,0.384439
130_bNAb_Combinations|1313974|sample|6|nan|1176,0.01536,0.47986,3,6,1,0.831706,0.831711,0.653313,0.656611,-1.37609,-1.39534
130_bNAb_Combinations|1313974|sample|6|nan|1176,0.0768,0.164756,4,6,1,0.831718,0.831723,0.476568,0.481817,-3.36837,-3.38868
130_bNAb_Combinations|1313974|sample|6|nan|1176,0.384,0.0816889,5,6,1,0.831718,0.831723,0.245284,0.251212,-3.35489,-3.39821
130_bNAb_Combinations|1313974|sample|6|nan|1176,1.92,0.045856,6,6,1,0.831706,0.831711,0.0725441,0.0761341,-1.66337,-1.8104
130_bNAb_Combinations|1313974|sample|6|nan|1176,9.6,0.023805,7,6,1,0.831693,0.831698,0.0127847,0.0137674,2.33209,2.04365
130_bNAb_Combinations|1313974|sample|6|nan|1176,48,0.00789325,8,6,1,0.83168,0.831685,0.00362313,0.00375863,1.42803,1.37095
130_bNAb_Combinations|1313974|sample|7|nan|1176,0.0000768,0.626699,1,7,1,0.83168,0.831685,0.831161,0.831685,-1.28001,-1.2825
130_bNAb_Combinations|1313974|sample|7|nan|1176,0.000384,0.800727,2,7,1,0.831693,0.831698,0.831174,0.831698,-0.190608,-0.193768
130_bNAb_Combinations|1313974|sample|7|nan|1176,0.00192,0.993736,3,7,1,0.831706,0.831711,0.831186,0.83171,1.01759,1.01368
130_bNAb_Combinations|1313974|sample|7|nan|1176,0.0096,1,4,7,1,0.831718,0.831723,0.831188,0.831712,1.0568,1.05286
130_bNAb_Combinations|1313974|sample|7|nan|1176,0.048,0.854476,5,7,1,0.831718,0.831723,0.830674,0.831202,0.149093,0.145695
130_bNAb_Combinations|1313974|sample|7|nan|1176,0.24,0.743344,6,7,1,0.831706,0.831711,0.807701,0.808397,-0.414429,-0.418555
130_bNAb_Combinations|1313974|sample|7|nan|1176,1.2,0.326505,7,7,1,0.831693,0.831698,0.31467,0.317483,0.191184,0.144493
130_bNAb_Combinations|1313974|sample|7|nan|1176,6,0.132932,8,7,1,0.83168,0.831685,0.154806,0.154851,-0.691629,-0.692874
130_bNAb_Combinations|1313974|sample|8|nan|1176,0.0000768,0.625321,1,8,1,0.83168,0.831685,0.831161,0.831685,-1.28864,-1.29112
130_bNAb_Combinations|1313974|sample|8|nan|1176,0.000384,0.783938,2,8,1,0.831693,0.831698,0.831174,0.831698,-0.295711,-0.298806
130_bNAb_Combinations|1313974|sample|8|nan|1176,0.00192,0.983211,3,8,1,0.831706,0.831711,0.831186,0.83171,0.951708,0.947838
130_bNAb_Combinations|1313974|sample|8|nan|1176,0.0096,0.927081,4,8,1,0.831718,0.831723,0.831191,0.831715,0.600294,0.59664
130_bNAb_Combinations|1313974|sample|8|nan|1176,0.048,0.862056,5,8,1,0.831718,0.831723,0.830799,0.831344,0.195763,0.192231
130_bNAb_Combinations|1313974|sample|8|nan|1176,0.24,0.641108,6,8,1,0.831706,0.831711,0.813215,0.814632,-1.10089,-1.10805
130_bNAb_Combinations|1313974|sample|8|nan|1176,1.2,0.408069,7,8,1,0.831693,0.831698,0.380139,0.394161,0.375872,0.180706
130_bNAb_Combinations|1313974|sample|8|nan|1176,6,0.107499,8,8,1,0.83168,0.831685,0.154809,0.154858,-1.49591,-1.49703
130_bNAb_Combinations|1313974|sample|9|nan|1176,0.0003648,0.584727,1,9,1,0.83168,0.831685,0.831161,0.831685,-1.54277,-1.5451
130_bNAb_Combinations|1313974|sample|9|nan|1176,0.001824,0.879471,2,9,1,0.831693,0.831698,0.831174,0.831698,0.302359,0.298892
130_bNAb_Combinations|1313974|sample|9|nan|1176,0.00912,0.847836,3,9,1,0.831706,0.831711,0.831178,0.831702,0.10428,0.100938
130_bNAb_Combinations|1313974|sample|9|nan|1176,0.0456,0.917183,4,9,1,0.831718,0.831723,0.830821,0.831331,0.540882,0.537361
130_bNAb_Combinations|1313974|sample|9|nan|1176,0.228,0.733697,5,9,1,0.831718,0.831723,0.814186,0.814097,-0.514248,-0.513735
130_bNAb_Combinations|1313974|sample|9|nan|1176,1.14,0.394788,6,9,1,0.831706,0.831711,0.391004,0.383221,0.0495541,0.154453
130_bNAb_Combinations|1313974|sample|9|nan|1176,5.7,0.20109,7,9,1,0.831693,0.831698,0.15481,0.154855,1.46332,1.46151
130_bNAb_Combinations|1313974|sample|9|nan|1176,28.5,0.0780555,8,9,1,0.83168,0.831685,0.154806,0.154851,-2.42683,-2.4276
130_bNAb_Combinations|1313974|vc|1|2|nan|1176,0,0.615047,1,2,1,0.83168,0.831685,0.831161,0.831685,-1.35296,-1.3554
130_bNAb_Combinations|1313974|vc|2|2|nan|1176,0,0.671678,2,2,1,0.831693,0.831698,0.831174,0.831698,-0.998491,-1.00115
130_bNAb_Combinations|1313974|vc|3|2|nan|1176,0,0.718411,3,2,1,0.831693,0.831698,0.831174,0.831698,-0.705927,-0.708768
130_bNAb_Combinations|1313974|vc|4|2|nan|1176,0,0.81739,4,2,1,0.831693,0.831698,0.831174,0.831698,-0.086289,-0.089514
130_bNAb_Combinations|1313974|vc|5|2|nan|1176,0,0.786068,5,2,1,0.831693,0.831698,0.831174,0.831698,-0.282377,-0.28548
130_bNAb_Combinations|1313974|vc|6|2|nan|1176,0,0.718662,6,2,1,0.831693,0.831698,0.831174,0.831698,-0.704359,-0.7072
130_bNAb_Combinations|1313974|vc|7|2|nan|1176,0,0.706008,7,2,1,0.831693,0.831698,0.831174,0.831698,-0.783578,-0.78637
130_bNAb_Combinations|1313974|vc|8|2|nan|1176,0,0.513437,8,2,1,0.83168,0.831685,0.831161,0.831685,-1.98908,-1.99112
130_bNAb_Combinations|1313992|cc|1|1|RHPA4259.7|5371,0,0.000660826,1,1,0,0,0,0,0,0.286822,0.286822
130_bNAb_Combinations|1313992|cc|2|1|RHPA4259.7|5371,0,0.00171458,2,1,0,0,0,0,0,0.744187,0.744187
130_bNAb_Combinations|1313992|cc|3|1|RHPA4259.7|5371,0,0.00114305,3,1,0,0,0,0,0,0.496125,0.496125
130_bNAb_Combinations|1313992|cc|4|1|RHPA4259.7|5371,0,0.00148239,4,1,0,0,0,0,0,0.643412,0.643412
130_bNAb_Combinations|1313992|cc|5|1|RHPA4259.7|5371,0,0.00150025,5,1,0,0,0,0,0,0.651164,0.651164
130_bNAb_Combinations|1313992|cc|6|1|RHPA4259.7|5371,0,0.00133951,6,1,0,0,0,0,0,0.581396,0.581396
130_bNAb_Combinations|1313992|cc|7|1|RHPA4259.7|5371,0,0.001661,7,1,0,0,0,0,0,0.720932,0.720932
130_bNAb_Combinations|1313992|cc|8|1|RHPA4259.7|5371,0,0.00142881,8,1,0,0,0,0,0,0.620156,0.620156
130_bNAb_Combinations|1313992|sample|10|RHPA4259.7|5371,0.0003648,0.6759,1,10,1,0.83168,0.831709,0.796882,0.795742,-0.789486,-0.783147
130_bNAb_Combinations|1313992|sample|10|RHPA4259.7|5371,0.001824,0.701074,2,10,1,0.831693,0.831722,0.727693,0.72343,-0.189946,-0.160455
130_bNAb_Combinations|1313992|sample|10|RHPA4259.7|5371,0.00912,0.541985,3,10,1,0.831706,0.831735,0.547498,0.536792,-0.0520046,0.0499424
130_bNAb_Combinations|1313992|sample|10|RHPA4259.7|5371,0.0456,0.23562,4,10,1,0.831706,0.831735,0.228919,0.215215,0.146763,0.473798
130_bNAb_Combinations|1313992|sample|10|RHPA4259.7|5371,0.228,0.0160206,5,10,1,0.831706,0.831735,0.0203012,0.01736,-0.696133,-0.239518
130_bNAb_Combinations|1313992|sample|10|RHPA4259.7|5371,1.14,0.00158956,6,10,1,0.831706,0.831735,0.00287515,0.00287166,-0.451317,-0.450195
130_bNAb_Combinations|1313992|sample|10|RHPA4259.7|5371,5.7,0.000392924,7,10,1,0.831693,0.831722,0.0028491,0.0028556,-0.863753,-0.865665
130_bNAb_Combinations|1313992|sample|10|RHPA4259.7|5371,28.5,0.000928729,8,10,1,0.83168,0.831709,0.00284905,0.00285556,-0.675315,-0.677308
130_bNAb_Combinations|1313992|sample|11|RHPA4259.7|5371,0.0003712,0.650289,1,11,1,0.83168,0.831709,0.756883,0.759159,-0.731775,-0.745195
130_bNAb_Combinations|1313992|sample|11|RHPA4259.7|5371,0.001856,0.618283,2,11,1,0.831693,0.831722,0.646064,0.650615,-0.222822,-0.257546
130_bNAb_Combinations|1313992|sample|11|RHPA4259.7|5371,0.00928,0.451639,3,11,1,0.831693,0.831722,0.424062,0.431649,0.333761,0.237806
130_bNAb_Combinations|1313992|sample|11|RHPA4259.7|5371,0.0464,0.163215,4,11,1,0.831693,0.831722,0.142948,0.149584,0.68984,0.444947
130_bNAb_Combinations|1313992|sample|11|RHPA4259.7|5371,0.2319999999999999,0.0123414,5,11,1,0.831693,0.831722,0.0122531,0.013435,0.0190879,-0.225556
130_bNAb_Combinations|1313992|sample|11|RHPA4259.7|5371,1.16,0,6,11,1,0.831693,0.831722,0.00287562,0.00289077,-1.00948,-1.01377
130_bNAb_Combinations|1313992|sample|11|RHPA4259.7|5371,5.8,0.000839428,7,11,1,0.831693,0.831722,0.00284895,0.00285546,-0.706689,-0.708668
130_bNAb_Combinations|1313992|sample|11|RHPA4259.7|5371,29,0.000500085,8,11,1,0.83168,0.831709,0.00284891,0.00285541,-0.826012,-0.82794
130_bNAb_Combinations|1313992|sample|12|RHPA4259.7|5371,0.0003712,0.617105,1,12,1,0.83168,0.831709,0.765661,0.766839,-1.00834,-1.0148
130_bNAb_Combinations|1313992|sample|12|RHPA4259.7|5371,0.001856,0.643716,2,12,1,0.83168,0.831709,0.666406,0.668461,-0.176535,-0.191942
130_bNAb_Combinations|1313992|sample|12|RHPA4259.7|5371,0.00928,0.450916,3,12,1,0.83168,0.831709,0.460638,0.463974,-0.108565,-0.144795
130_bNAb_Combinations|1313992|sample|12|RHPA4259.7|5371,0.0464,0.208089,4,12,1,0.83168,0.831709,0.177219,0.180458,0.860575,0.757343
130_bNAb_Combinations|1313992|sample|12|RHPA4259.7|5371,0.2319999999999999,0.0184138,5,12,1,0.83168,0.831709,0.0191729,0.0199701,-0.127881,-0.255698
130_bNAb_Combinations|1313992|sample|12|RHPA4259.7|5371,1.16,0.000125021,6,12,1,0.83168,0.831709,0.00294424,0.00296258,-0.98518,-0.990386
130_bNAb_Combinations|1313992|sample|12|RHPA4259.7|5371,5.8,0.000500085,7,12,1,0.83168,0.831709,0.00284892,0.00285542,-0.826015,-0.827944
130_bNAb_Combinations|1313992|sample|12|RHPA4259.7|5371,29,0.000285763,8,12,1,0.83168,0.831709,0.00284891,0.00285541,-0.901383,-0.903278
130_bNAb_Combinations|1313992|sample|3|RHPA4259.7|5371,0.000064,0.754539,1,3,1,0.83168,0.831709,0.831183,0.831707,-0.479813,-0.482794
130_bNAb_Combinations|1313992|sample|3|RHPA4259.7|5371,0.00032,0.910976,2,3,1,0.831693,0.831722,0.83118,0.831704,0.499542,0.495954
130_bNAb_Combinations|1313992|sample|3|RHPA4259.7|5371,0.0016,0.927479,3,3,1,0.831706,0.831735,0.831054,0.831577,0.603732,0.600091
130_bNAb_Combinations|1313992|sample|3|RHPA4259.7|5371,0.008,0.944785,4,3,1,0.831706,0.831735,0.829838,0.830345,0.720749,0.717138
130_bNAb_Combinations|1313992|sample|3|RHPA4259.7|5371,0.04,0.905162,5,3,1,0.831706,0.831735,0.819255,0.819632,0.545514,0.542877
130_bNAb_Combinations|1313992|sample|3|RHPA4259.7|5371,0.2,0.651807,6,3,1,0.831706,0.831735,0.733575,0.732986,-0.578885,-0.575169
130_bNAb_Combinations|1313992|sample|3|RHPA4259.7|5371,1,0.224351,7,3,1,0.831693,0.831722,0.319846,0.317229,-1.51855,-1.48867
130_bNAb_Combinations|1313992|sample|3|RHPA4259.7|5371,5,0.0158956,8,3,1,0.83168,0.831709,0.0123837,0.0122551,0.755306,0.7871
130_bNAb_Combinations|1313992|sample|4|RHPA4259.7|5371,0.000064,0.699119,1,4,1,0.83168,0.831709,0.831183,0.831707,-0.826756,-0.829522
130_bNAb_Combinations|1313992|sample|4|RHPA4259.7|5371,0.00032,0.930694,2,4,1,0.831693,0.831722,0.83118,0.831705,0.622983,0.619311
130_bNAb_Combinations|1313992|sample|4|RHPA4259.7|5371,0.0016,0.969602,3,4,1,0.831706,0.831735,0.83105,0.831582,0.867505,0.863631
130_bNAb_Combinations|1313992|sample|4|RHPA4259.7|5371,0.008,1,4,4,1,0.831718,0.831748,0.829814,0.830403,1.06714,1.0627
130_bNAb_Combinations|1313992|sample|4|RHPA4259.7|5371,0.04,0.855217,5,4,1,0.831718,0.831748,0.818951,0.820042,0.230375,0.223151
130_bNAb_Combinations|1313992|sample|4|RHPA4259.7|5371,0.2,0.614506,6,4,1,0.831706,0.831735,0.731127,0.736052,-0.828353,-0.857654
130_bNAb_Combinations|1313992|sample|4|RHPA4259.7|5371,1,0.229173,7,4,1,0.831693,0.831722,0.311804,0.327463,-1.3466,-1.52794
130_bNAb_Combinations|1313992|sample|4|RHPA4259.7|5371,5,0.0174851,8,4,1,0.83168,0.831709,0.0113103,0.0137546,1.38878,0.759892
130_bNAb_Combinations|1313992|sample|5|RHPA4259.7|5371,0.0006144,0.682232,1,5,1,0.83168,0.831709,0.831129,0.831654,-0.932189,-0.934898
130_bNAb_Combinations|1313992|sample|5|RHPA4259.7|5371,0.003072,0.897884,2,5,1,0.831693,0.831722,0.8307,0.831238,0.420831,0.417193
130_bNAb_Combinations|1313992|sample|5|RHPA4259.7|5371,0.01536,0.905895,3,5,1,0.831706,0.831735,0.826852,0.827499,0.497384,0.492931
130_bNAb_Combinations|1313992|sample|5|RHPA4259.7|5371,0.0768,0.832025,4,5,1,0.831718,0.831748,0.7939,0.79546,0.24971,0.23903
130_bNAb_Combinations|1313992|sample|5|RHPA4259.7|5371,0.384,0.471151,5,5,1,0.831718,0.831748,0.564656,0.571536,-0.855833,-0.907974
130_bNAb_Combinations|1313992|sample|5|RHPA4259.7|5371,1.92,0.0757807,6,5,1,0.831706,0.831735,0.0657666,0.0714722,0.678425,0.271975
130_bNAb_Combinations|1313992|sample|5|RHPA4259.7|5371,9.6,0.0066797,7,5,1,0.831693,0.831722,0.00296086,0.00301436,1.29813,1.27494
130_bNAb_Combinations|1313992|sample|5|RHPA4259.7|5371,48,0.00155384,8,5,1,0.83168,0.831709,0.00284858,0.00285511,-0.455334,-0.457431
130_bNAb_Combinations|1313992|sample|6|RHPA4259.7|5371,0.0006144,0.679213,1,6,1,0.83168,0.831709,0.831133,0.831656,-0.951108,-0.953791
130_bNAb_Combinations|1313992|sample|6|RHPA4259.7|5371,0.003072,0.909244,2,6,1,0.831693,0.831722,0.830738,0.831252,0.491726,0.488205
130_bNAb_Combinations|1313992|sample|6|RHPA4259.7|5371,0.01536,0.882409,3,6,1,0.831706,0.831735,0.827178,0.827619,0.347406,0.344454
130_bNAb_Combinations|1313992|sample|6|RHPA4259.7|5371,0.0768,0.759665,4,6,1,0.831718,0.831748,0.796644,0.796467,-0.241384,-0.240282
130_bNAb_Combinations|1313992|sample|6|RHPA4259.7|5371,0.384,0.442039,5,6,1,0.831718,0.831748,0.581279,0.577644,-1.23874,-1.21384
130_bNAb_Combinations|1313992|sample|6|RHPA4259.7|5371,1.92,0.0812102,6,6,1,0.831706,0.831735,0.0792037,0.0764953,0.115944,0.280769
130_bNAb_Combinations|1313992|sample|6|RHPA4259.7|5371,9.6,0.00728695,7,6,1,0.831693,0.831722,0.00306771,0.00305809,1.46247,1.46673
130_bNAb_Combinations|1313992|sample|6|RHPA4259.7|5371,48,0.000660826,8,6,1,0.83168,0.831709,0.00284864,0.00285514,-0.769404,-0.771355
130_bNAb_Combinations|1313992|sample|7|RHPA4259.7|5371,0.0000768,0.658728,1,7,1,0.83168,0.831709,0.819379,0.820028,-1.01999,-1.02331
130_bNAb_Combinations|1313992|sample|7|RHPA4259.7|5371,0.000384,0.835624,2,7,1,0.831693,0.831722,0.794453,0.795362,0.269475,0.263232
130_bNAb_Combinations|1313992|sample|7|RHPA4259.7|5371,0.00192,0.789589,3,7,1,0.831706,0.831735,0.720701,0.722325,0.496267,0.483499
130_bNAb_Combinations|1313992|sample|7|RHPA4259.7|5371,0.0096,0.635402,4,7,1,0.831718,0.831748,0.531208,0.534266,1.01239,0.977171
130_bNAb_Combinations|1313992|sample|7|RHPA4259.7|5371,0.048,0.221618,5,7,1,0.831718,0.831748,0.208838,0.212333,0.305293,0.218346
130_bNAb_Combinations|1313992|sample|7|RHPA4259.7|5371,0.24,0.0149132,6,7,1,0.831706,0.831735,0.0161998,0.0169027,-0.239471,-0.361362
130_bNAb_Combinations|1313992|sample|7|RHPA4259.7|5371,1.2,0.00198248,7,7,1,0.831693,0.831722,0.00286242,0.00287105,-0.309171,-0.312025
130_bNAb_Combinations|1313992|sample|7|RHPA4259.7|5371,6,0.00167886,8,7,1,0.83168,0.831709,0.00284905,0.00285556,-0.411519,-0.413627
130_bNAb_Combinations|1313992|sample|8|RHPA4259.7|5371,0.0000768,0.639796,1,8,1,0.83168,0.831709,0.820736,0.821098,-1.14693,-1.14873
130_bNAb_Combinations|1313992|sample|8|RHPA4259.7|5371,0.000384,0.832418,2,8,1,0.831693,0.831722,0.798619,0.798646,0.220087,0.219902
130_bNAb_Combinations|1313992|sample|8|RHPA4259.7|5371,0.00192,0.855234,3,8,1,0.831706,0.831735,0.732691,0.731778,0.868588,0.87614
130_bNAb_Combinations|1313992|sample|8|RHPA4259.7|5371,0.0096,0.694582,4,8,1,0.831718,0.831748,0.559421,0.556501,1.24844,1.28196
130_bNAb_Combinations|1313992|sample|8|RHPA4259.7|5371,0.048,0.261848,5,8,1,0.831718,0.831748,0.24482,0.240659,0.349838,0.442486
130_bNAb_Combinations|1313992|sample|8|RHPA4259.7|5371,0.24,0.0198069,6,8,1,0.831706,0.831735,0.0243716,0.023314,-0.659616,-0.521902
130_bNAb_Combinations|1313992|sample|8|RHPA4259.7|5371,1.2,0.00117877,7,8,1,0.831693,0.831722,0.00289687,0.00289778,-0.602282,-0.602563
130_bNAb_Combinations|1313992|sample|8|RHPA4259.7|5371,6,0.000464364,8,8,1,0.83168,0.831709,0.00284905,0.00285556,-0.838617,-0.840539
130_bNAb_Combinations|1313992|sample|9|RHPA4259.7|5371,0.0003648,0.59653,1,9,1,0.83168,0.831709,0.796245,0.796925,-1.3043,-1.30764
130_bNAb_Combinations|1313992|sample|9|RHPA4259.7|5371,0.001824,0.754182,2,9,1,0.831693,0.831722,0.725857,0.726829,0.202622,0.195417
130_bNAb_Combinations|1313992|sample|9|RHPA4259.7|5371,0.00912,0.593958,3,9,1,0.831706,0.831735,0.543177,0.544741,0.482766,0.46658
130_bNAb_Combinations|1313992|sample|9|RHPA4259.7|5371,0.0456,0.260651,4,9,1,0.831718,0.831748,0.223414,0.225162,0.834523,0.789498
130_bNAb_Combinations|1313992|sample|9|RHPA4259.7|5371,0.228,0.0158598,5,9,1,0.831718,0.831748,0.0190678,0.0194724,-0.542293,-0.60288
130_bNAb_Combinations|1313992|sample|9|RHPA4259.7|5371,1.14,0.000964449,6,9,1,0.831706,0.831735,0.0028705,0.0028787,-0.669339,-0.671853
130_bNAb_Combinations|1313992|sample|9|RHPA4259.7|5371,5.7,0.000267903,7,9,1,0.831693,0.831722,0.0028491,0.0028556,-0.907718,-0.909612
130_bNAb_Combinations|1313992|sample|9|RHPA4259.7|5371,28.5,0.000839428,8,9,1,0.83168,0.831709,0.00284905,0.00285556,-0.706719,-0.708699
130_bNAb_Combinations|1313992|vc|1|2|RHPA4259.7|5371,0,0.779132,1,2,1,0.83168,0.831709,0.831185,0.831709,-0.325864,-0.328941
130_bNAb_Combinations|1313992|vc|2|2|RHPA4259.7|5371,0,0.953474,2,2,1,0.831693,0.831722,0.831198,0.831722,0.765465,0.76171
130_bNAb_Combinations|1313992|vc|3|2|RHPA4259.7|5371,0,0.91795,3,2,1,0.831693,0.831722,0.831198,0.831722,0.543081,0.539464
130_bNAb_Combinations|1313992|vc|4|2|RHPA4259.7|5371,0,0.938007,4,2,1,0.831693,0.831722,0.831198,0.831722,0.66864,0.664945
130_bNAb_Combinations|1313992|vc|5|2|RHPA4259.7|5371,0,0.961699,5,2,1,0.831693,0.831722,0.831198,0.831722,0.816952,0.813165
130_bNAb_Combinations|1313992|vc|6|2|RHPA4259.7|5371,0,0.866995,6,2,1,0.831693,0.831722,0.831198,0.831722,0.224095,0.220677
130_bNAb_Combinations|1313992|vc|7|2|RHPA4259.7|5371,0,0.852279,7,2,1,0.831693,0.831722,0.831198,0.831722,0.131966,0.128605
130_bNAb_Combinations|1313992|vc|8|2|RHPA4259.7|5371,0,0.715353,8,2,1,0.83168,0.831709,0.831185,0.831709,-0.725133,-0.727961
130_bNAb_Combinations|1314016|cc|1|1|nan|3430,0,0.0013549,1,1,0,0,0,0,0,0.588073,0.588073
130_bNAb_Combinations|1314016|cc|2|1|nan|3430,0,0.00201049,2,1,0,0,0,0,0,0.872624,0.872624
130_bNAb_Combinations|1314016|cc|3|1|nan|3430,0,0.00170455,3,1,0,0,0,0,0,0.739834,0.739834
130_bNAb_Combinations|1314016|cc|4|1|nan|3430,0,0.00253497,4,1,0,0,0,0,0,1.10027,1.10027
130_bNAb_Combinations|1314016|cc|5|1|nan|3430,0,0.00104895,5,1,0,0,0,0,0,0.455282,0.455282
130_bNAb_Combinations|1314016|cc|6|1|nan|3430,0,0.000743007,6,1,0,0,0,0,0,0.322492,0.322492
130_bNAb_Combinations|1314016|cc|7|1|nan|3430,0,0,7,1,0,0,0,0,0,0,0
130_bNAb_Combinations|1314016|cc|8|1|nan|3430,0,0.00187937,8,1,0,0,0,0,0,0.815714,0.815714
130_bNAb_Combinations|1314016|sample|10|nan|3430,0.0003648,0.774781,1,10,1,0.83168,0.942027,0.887445,0.891228,-0.661191,-0.680531
130_bNAb_Combinations|1314016|sample|10|nan|3430,0.001824,0.738134,2,10,1,0.831693,0.942031,0.816374,0.820656,-0.498557,-0.523136
130_bNAb_Combinations|1314016|sample|10|nan|3430,0.00912,0.636976,3,10,1,0.831706,0.942036,0.665088,0.6702,-0.219153,-0.25706
130_bNAb_Combinations|1314016|sample|10|nan|3430,0.0456,0.400415,4,10,1,0.831706,0.942036,0.407562,0.413139,-0.0898911,-0.157946
130_bNAb_Combinations|1314016|sample|10|nan|3430,0.228,0.120367,5,10,1,0.831706,0.942036,0.136001,0.13978,-0.55709,-0.674546
130_bNAb_Combinations|1314016|sample|10|nan|3430,1.14,0.0218531,6,10,1,0.831706,0.942036,0.0172344,0.0181101,0.829463,0.65275
130_bNAb_Combinations|1314016|sample|10|nan|3430,5.7,0.0119318,7,10,1,0.831693,0.942031,0.00352593,0.00358192,2.82855,2.79971
130_bNAb_Combinations|1314016|sample|10|nan|3430,28.5,0.00895979,8,10,1,0.83168,0.942027,0.00321849,0.00323578,1.97054,1.9624
130_bNAb_Combinations|1314016|sample|11|nan|3430,0.0003712,1,1,11,1,0.83168,0.942027,0.914314,0.9175,0.488281,0.468518
130_bNAb_Combinations|1314016|sample|11|nan|3430,0.001856,0.764248,2,11,1,0.831693,0.942031,0.861507,0.864269,-0.58773,-0.602517
130_bNAb_Combinations|1314016|sample|11|nan|3430,0.00928,0.669886,3,11,1,0.831693,0.942031,0.710282,0.711932,-0.295209,-0.306567
130_bNAb_Combinations|1314016|sample|11|nan|3430,0.0464,0.36392,4,11,1,0.831693,0.942031,0.384384,0.384263,-0.272452,-0.270918
130_bNAb_Combinations|1314016|sample|11|nan|3430,0.2319999999999999,0.066521,5,11,1,0.831693,0.942031,0.0622108,0.0618124,0.305964,0.336043
130_bNAb_Combinations|1314016|sample|11|nan|3430,1.16,0.00305944,6,11,1,0.831693,0.942031,0.00365838,0.00366817,-0.199854,-0.202993
130_bNAb_Combinations|1314016|sample|11|nan|3430,5.8,0.000437063,7,11,1,0.831693,0.942031,0.00321713,0.00323407,-0.954264,-0.959021
130_bNAb_Combinations|1314016|sample|11|nan|3430,29,0.00227273,8,11,1,0.83168,0.942027,0.0032171,0.00323403,-0.324157,-0.329607
130_bNAb_Combinations|1314016|sample|12|nan|3430,0.0003712,0.984091,1,12,1,0.83168,0.942027,0.91321,0.916019,0.404398,0.387194
130_bNAb_Combinations|1314016|sample|12|nan|3430,0.001856,0.80153,2,12,1,0.83168,0.942027,0.858109,0.859719,-0.343242,-0.352359
130_bNAb_Combinations|1314016|sample|12|nan|3430,0.00928,0.693553,3,12,1,0.83168,0.942027,0.701228,0.699835,-0.0567982,-0.0465763
130_bNAb_Combinations|1314016|sample|12|nan|3430,0.0464,0.359899,4,12,1,0.83168,0.942027,0.368952,0.363797,-0.125403,-0.054735
130_bNAb_Combinations|1314016|sample|12|nan|3430,0.2319999999999999,0.0557255,5,12,1,0.83168,0.942027,0.0551637,0.0526623,0.0440578,0.249474
130_bNAb_Combinations|1314016|sample|12|nan|3430,1.16,0.000305944,6,12,1,0.83168,0.942027,0.00352726,0.00350533,-1.08387,-1.07799
130_bNAb_Combinations|1314016|sample|12|nan|3430,5.8,0.00104895,7,12,1,0.83168,0.942027,0.00321711,0.00323404,-0.744224,-0.749211
130_bNAb_Combinations|1314016|sample|12|nan|3430,29,0.00161713,8,12,1,0.83168,0.942027,0.0032171,0.00323403,-0.549191,-0.554394
130_bNAb_Combinations|1314016|sample|3|nan|3430,0.000064,0.934375,1,3,1,0.83168,0.942027,0.830045,0.832595,0.65401,0.636101
130_bNAb_Combinations|1314016|sample|3|nan|3430,0.00032,0.84434,2,3,1,0.831693,0.942031,0.711539,0.713252,0.968811,0.954056
130_bNAb_Combinations|1314016|sample|3|nan|3430,0.0016,0.64458,3,3,1,0.831706,0.942036,0.504279,0.504759,1.43429,1.42806
130_bNAb_Combinations|1314016|sample|3|nan|3430,0.008,0.217177,4,3,1,0.831706,0.942036,0.236393,0.235896,-0.408169,-0.398422
130_bNAb_Combinations|1314016|sample|3|nan|3430,0.04,0.0300699,5,3,1,0.831706,0.942036,0.0482001,0.0478402,-1.5857,-1.56355
130_bNAb_Combinations|1314016|sample|3|nan|3430,0.2,0.0116259,6,3,1,0.831706,0.942036,0.00478798,0.00477529,2.12962,2.13517
130_bNAb_Combinations|1314016|sample|3|nan|3430,1,0.00983392,7,3,1,0.831693,0.942031,0.00322019,0.00323703,2.26972,2.26147
130_bNAb_Combinations|1314016|sample|3|nan|3430,5,0.00957168,8,3,1,0.83168,0.942027,0.00321704,0.00323398,2.18125,2.17305
130_bNAb_Combinations|1314016|sample|4|nan|3430,0.000064,0.986801,1,4,1,0.83168,0.942027,0.83508,0.837719,0.94544,0.926112
130_bNAb_Combinations|1314016|sample|4|nan|3430,0.00032,0.92017,2,4,1,0.831693,0.942031,0.721296,0.723175,1.43153,1.41438
130_bNAb_Combinations|1314016|sample|4|nan|3430,0.0016,0.701202,3,4,1,0.831706,0.942036,0.519905,0.520629,1.79896,1.78933
130_bNAb_Combinations|1314016|sample|4|nan|3430,0.008,0.233566,4,4,1,0.831718,0.94204,0.252886,0.252598,-0.384823,-0.379503
130_bNAb_Combinations|1314016|sample|4|nan|3430,0.04,0.0290647,5,4,1,0.831718,0.94204,0.0554426,0.0551317,-2.05991,-2.04504
130_bNAb_Combinations|1314016|sample|4|nan|3430,0.2,0.0108392,6,4,1,0.831706,0.942036,0.00536811,0.00535362,1.64754,1.65327
130_bNAb_Combinations|1314016|sample|4|nan|3430,1,0.0083042,7,4,1,0.831693,0.942031,0.00322289,0.00323968,1.74352,1.73586
130_bNAb_Combinations|1314016|sample|4|nan|3430,5,0.00472028,8,4,1,0.83168,0.942027,0.00321704,0.00323398,0.515991,0.509617
130_bNAb_Combinations|1314016|sample|5|nan|3430,0.0006144,0.749082,1,5,1,0.83168,0.942027,0.643085,0.638477,0.854051,0.897496
130_bNAb_Combinations|1314016|sample|5|nan|3430,0.003072,0.389576,2,5,1,0.831693,0.942031,0.402999,0.39485,-0.170697,-0.0684119
130_bNAb_Combinations|1314016|sample|5|nan|3430,0.01536,0.0907343,3,5,1,0.831706,0.942036,0.145878,0.138973,-1.84213,-1.68508
130_bNAb_Combinations|1314016|sample|5|nan|3430,0.0768,0.0207168,4,5,1,0.831718,0.94204,0.0193779,0.0177069,0.224106,0.531985
130_bNAb_Combinations|1314016|sample|5|nan|3430,0.384,0.0156906,5,5,1,0.831718,0.94204,0.00343726,0.00340958,4.14662,4.16337
130_bNAb_Combinations|1314016|sample|5|nan|3430,1.92,0.00690559,6,5,1,0.831706,0.942036,0.00321719,0.00323408,1.26605,1.25886
130_bNAb_Combinations|1314016|sample|5|nan|3430,9.6,0.00743007,7,5,1,0.831693,0.942031,0.00321706,0.00323399,1.44613,1.43873
130_bNAb_Combinations|1314016|sample|5|nan|3430,48,0.0101836,8,5,1,0.83168,0.942027,0.00321704,0.00323398,2.39128,2.38285
130_bNAb_Combinations|1314016|sample|6|nan|3430,0.0006144,0.677579,1,6,1,0.83168,0.942027,0.627,0.630049,0.417787,0.390738
130_bNAb_Combinations|1314016|sample|6|nan|3430,0.003072,0.36038,2,6,1,0.831693,0.942031,0.38085,0.383315,-0.274985,-0.306176
130_bNAb_Combinations|1314016|sample|6|nan|3430,0.01536,0.088243,3,6,1,0.831706,0.942036,0.128978,0.130287,-1.52374,-1.55824
130_bNAb_Combinations|1314016|sample|6|nan|3430,0.0768,0.0203234,4,6,1,0.831718,0.94204,0.015528,0.0157826,0.914269,0.857846
130_bNAb_Combinations|1314016|sample|6|nan|3430,0.384,0.0114948,5,6,1,0.831718,0.94204,0.00334284,0.00336492,2.77547,2.76402
130_bNAb_Combinations|1314016|sample|6|nan|3430,1.92,0.00655594,6,6,1,0.831706,0.942036,0.00321711,0.00323405,1.14606,1.13899
130_bNAb_Combinations|1314016|sample|6|nan|3430,9.6,0.0083479,7,6,1,0.831693,0.942031,0.00321706,0.00323399,1.76118,1.75344
130_bNAb_Combinations|1314016|sample|6|nan|3430,48,0.00467657,8,6,1,0.83168,0.942027,0.00321704,0.00323398,0.500989,0.494632
130_bNAb_Combinations|1314016|sample|7|nan|3430,0.0000768,0.664773,1,7,1,0.83168,0.942027,0.919159,0.922423,-1.44208,-1.45549
130_bNAb_Combinations|1314016|sample|7|nan|3430,0.000384,0.829917,2,7,1,0.831693,0.942031,0.890764,0.893853,-0.355783,-0.372569
130_bNAb_Combinations|1314016|sample|7|nan|3430,0.00192,0.764467,3,7,1,0.831706,0.942036,0.824003,0.826693,-0.37591,-0.391638
130_bNAb_Combinations|1314016|sample|7|nan|3430,0.0096,0.770411,4,7,1,0.831718,0.94204,0.680606,0.682509,0.684397,0.668055
130_bNAb_Combinations|1314016|sample|7|nan|3430,0.048,0.49139,5,7,1,0.831718,0.94204,0.431221,0.432012,0.716451,0.705775
130_bNAb_Combinations|1314016|sample|7|nan|3430,0.24,0.156862,6,7,1,0.831706,0.942036,0.155301,0.155368,0.0492072,0.0470751
130_bNAb_Combinations|1314016|sample|7|nan|3430,1.2,0.0207168,7,7,1,0.831693,0.942031,0.0222265,0.0222418,-0.231764,-0.234017
130_bNAb_Combinations|1314016|sample|7|nan|3430,6,0.00895979,8,7,1,0.83168,0.942027,0.00378739,0.00380716,1.71196,1.70331
130_bNAb_Combinations|1314016|sample|8|nan|3430,0.0000768,0.754545,1,8,1,0.83168,0.942027,0.920787,0.923868,-0.94076,-0.955041
130_bNAb_Combinations|1314016|sample|8|nan|3430,0.000384,0.798864,2,8,1,0.831693,0.942031,0.894708,0.897353,-0.557981,-0.571709
130_bNAb_Combinations|1314016|sample|8|nan|3430,0.00192,0.800874,3,8,1,0.831706,0.942036,0.833109,0.834769,-0.20134,-0.211291
130_bNAb_Combinations|1314016|sample|8|nan|3430,0.0096,0.751836,4,8,1,0.831718,0.94204,0.699311,0.699072,0.389766,0.391672
130_bNAb_Combinations|1314016|sample|8|nan|3430,0.048,0.501442,5,8,1,0.831718,0.94204,0.460415,0.457772,0.458349,0.490624
130_bNAb_Combinations|1314016|sample|8|nan|3430,0.24,0.11875,6,8,1,0.831706,0.942036,0.180498,0.177441,-1.69209,-1.63425
130_bNAb_Combinations|1314016|sample|8|nan|3430,1.2,0.0323427,7,8,1,0.831693,0.942031,0.0296266,0.0286448,0.343128,0.478406
130_bNAb_Combinations|1314016|sample|8|nan|3430,6,0.010271,8,8,1,0.83168,0.942027,0.00428233,0.00422846,1.92248,1.94614
130_bNAb_Combinations|1314016|sample|9|nan|3430,0.0003648,0.854218,1,9,1,0.83168,0.942027,0.890284,0.89397,-0.210995,-0.231616
130_bNAb_Combinations|1314016|sample|9|nan|3430,0.001824,0.730004,2,9,1,0.831693,0.942031,0.822886,0.826952,-0.58724,-0.609973
130_bNAb_Combinations|1314016|sample|9|nan|3430,0.00912,0.572749,3,9,1,0.831706,0.942036,0.678256,0.682957,-0.806795,-0.837046
130_bNAb_Combinations|1314016|sample|9|nan|3430,0.0456,0.403955,4,9,1,0.831718,0.94204,0.427344,0.432406,-0.280957,-0.337864
130_bNAb_Combinations|1314016|sample|9|nan|3430,0.228,0.124956,5,9,1,0.831718,0.94204,0.151616,0.155179,-0.859382,-0.95351
130_bNAb_Combinations|1314016|sample|9|nan|3430,1.14,0.0266608,6,9,1,0.831706,0.942036,0.0210225,0.0219518,0.896997,0.728744
130_bNAb_Combinations|1314016|sample|9|nan|3430,5.7,0.0117133,7,9,1,0.831693,0.942031,0.00370463,0.0037731,2.66453,2.6304
130_bNAb_Combinations|1314016|sample|9|nan|3430,28.5,0.00231643,8,9,1,0.83168,0.942027,0.00322021,0.00323778,-0.310161,-0.315828
130_bNAb_Combinations|1314016|vc|1|2|nan|3430,0,0.961123,1,2,1,0.83168,0.942027,0.938641,0.942027,0.124839,0.105662
130_bNAb_Combinations|1314016|vc|2|2|nan|3430,0,0.986976,2,2,1,0.831693,0.942031,0.938645,0.942031,0.268363,0.248677
130_bNAb_Combinations|1314016|vc|3|2|nan|3430,0,0.934987,3,2,1,0.831693,0.942031,0.938645,0.942031,-0.0203145,-0.0389755
130_bNAb_Combinations|1314016|vc|4|2|nan|3430,0,0.886582,4,2,1,0.831693,0.942031,0.938645,0.942031,-0.289091,-0.306798
130_bNAb_Combinations|1314016|vc|5|2|nan|3430,0,0.904633,5,2,1,0.831693,0.942031,0.938645,0.942031,-0.188861,-0.206924
130_bNAb_Combinations|1314016|vc|6|2|nan|3430,0,0.928955,6,2,1,0.831693,0.942031,0.938645,0.942031,-0.0538054,-0.0723476
130_bNAb_Combinations|1314016|vc|7|2|nan|3430,0,0.883566,7,2,1,0.831693,0.942031,0.938645,0.942031,-0.305837,-0.323484
130_bNAb_Combinations|1314016|vc|8|2|nan|3430,0,0.902404,8,2,1,0.83168,0.942027,0.938641,0.942027,-0.201213,-0.219234
130_bNAb_Combinations|1314040|cc|1|1|nan|4166,0,0.000767291,1,1,0,0,0,0,0,0.333032,0.333032
130_bNAb_Combinations|1314040|cc|2|1|nan|4166,0,0.000630275,2,1,0,0,0,0,0,0.273562,0.273562
130_bNAb_Combinations|1314040|cc|3|1|nan|4166,0,0,3,1,0,0,0,0,0,0,0
130_bNAb_Combinations|1314040|cc|4|1|nan|4166,0,0.00104132,4,1,0,0,0,0,0,0.451972,0.451972
130_bNAb_Combinations|1314040|cc|5|1|nan|4166,0,0.00117834,5,1,0,0,0,0,0,0.511442,0.511442
130_bNAb_Combinations|1314040|cc|6|1|nan|4166,0,0.00202784,6,1,0,0,0,0,0,0.880156,0.880156
130_bNAb_Combinations|1314040|cc|7|1|nan|4166,0,0.001699,7,1,0,0,0,0,0,0.737428,0.737428
130_bNAb_Combinations|1314040|cc|8|1|nan|4166,0,0.00219226,8,1,0,0,0,0,0,0.95152,0.95152
130_bNAb_Combinations|1314040|sample|10|nan|4166,0.0003648,0.809588,1,10,1,0.83168,0.83168,0.749772,0.747756,0.414473,0.429583
130_bNAb_Combinations|1314040|sample|10|nan|4166,0.001824,0.790529,2,10,1,0.831693,0.831693,0.623334,0.617973,1.38902,1.44575
130_bNAb_Combinations|1314040|sample|10|nan|4166,0.00912,0.456991,3,10,1,0.831706,0.831706,0.374269,0.365046,1.13017,1.28688
130_bNAb_Combinations|1314040|sample|10|nan|4166,0.0456,0.0730023,4,10,1,0.831706,0.831706,0.0955146,0.0893158,-1.1038,-0.848723
130_bNAb_Combinations|1314040|sample|10|nan|4166,0.228,0.0016442,5,10,1,0.831706,0.831706,0.00551649,0.00508457,-1.15631,-1.05306
130_bNAb_Combinations|1314040|sample|10|nan|4166,1.14,0.00145237,6,10,1,0.831706,0.831706,0.0028497,0.00285589,-0.491372,-0.493347
130_bNAb_Combinations|1314040|sample|10|nan|4166,5.7,0.000876905,7,10,1,0.831693,0.831693,0.00284876,0.00285526,-0.693449,-0.695434
130_bNAb_Combinations|1314040|sample|10|nan|4166,28.5,0.00142497,8,10,1,0.83168,0.83168,0.00284871,0.00285521,-0.500695,-0.502763
130_bNAb_Combinations|1314040|sample|11|nan|4166,0.0003712,0.722789,1,11,1,0.83168,0.83168,0.781726,0.781334,-0.39195,-0.389531
130_bNAb_Combinations|1314040|sample|11|nan|4166,0.001856,0.682835,2,11,1,0.831693,0.831693,0.693823,0.691952,-0.0821755,-0.06836
130_bNAb_Combinations|1314040|sample|11|nan|4166,0.00928,0.694111,3,11,1,0.831693,0.831693,0.489793,0.485369,2.149,2.21506
130_bNAb_Combinations|1314040|sample|11|nan|4166,0.0464,0.1565,4,11,1,0.831693,0.831693,0.181768,0.17697,-0.687877,-0.571395
130_bNAb_Combinations|1314040|sample|11|nan|4166,0.2319999999999999,0.0120848,5,11,1,0.831693,0.831693,0.0147935,0.0139469,-0.530491,-0.376508
130_bNAb_Combinations|1314040|sample|11|nan|4166,1.16,0.000876905,6,11,1,0.831693,0.831693,0.00286836,0.00287171,-0.699429,-0.700452
130_bNAb_Combinations|1314040|sample|11|nan|4166,5.8,0.000959114,7,11,1,0.831693,0.831693,0.0028488,0.0028553,-0.664551,-0.666549
130_bNAb_Combinations|1314040|sample|11|nan|4166,6,0.00120574,8,11,1,0.83168,0.83168,0.00284875,0.00285526,-0.577805,-0.57984
130_bNAb_Combinations|1314040|sample|12|nan|4166,0.0003712,0.634577,1,12,1,0.83168,0.83168,0.772457,0.772898,-0.927763,-0.930208
130_bNAb_Combinations|1314040|sample|12|nan|4166,0.001856,0.570344,2,12,1,0.83168,0.83168,0.669863,0.670172,-0.770372,-0.772413
130_bNAb_Combinations|1314040|sample|12|nan|4166,0.00928,0.44666,3,12,1,0.83168,0.83168,0.441966,0.442047,0.0545704,0.0536195
130_bNAb_Combinations|1314040|sample|12|nan|4166,0.0464,0.130275,4,12,1,0.83168,0.83168,0.135634,0.1356,-0.191431,-0.190259
130_bNAb_Combinations|1314040|sample|12|nan|4166,0.2319999999999999,0.00937192,5,12,1,0.83168,0.83168,0.00808416,0.00809458,0.335775,0.332885
130_bNAb_Combinations|1314040|sample|12|nan|4166,1.16,0.000685082,6,12,1,0.83168,0.83168,0.00285122,0.00285775,-0.761649,-0.763615
130_bNAb_Combinations|1314040|sample|12|nan|4166,5.8,0.000959114,7,12,1,0.83168,0.83168,0.00284875,0.00285526,-0.664538,-0.666536
130_bNAb_Combinations|1314040|sample|12|nan|4166,29,0.00142497,8,12,1,0.83168,0.83168,0.00284875,0.00285526,-0.500708,-0.502777
130_bNAb_Combinations|1314040|sample|3|nan|4166,0.000064,0.931259,1,3,1,0.83168,0.83168,0.777506,0.777135,1.02796,1.03092
130_bNAb_Combinations|1314040|sample|3|nan|4166,0.00032,0.9236,2,3,1,0.831693,0.831693,0.709027,0.707607,1.5708,1.58432
130_bNAb_Combinations|1314040|sample|3|nan|4166,0.0016,0.710882,3,3,1,0.831706,0.831706,0.570006,0.566821,1.27757,1.31364
130_bNAb_Combinations|1314040|sample|3|nan|4166,0.008,0.333703,4,3,1,0.831706,0.831706,0.342236,0.337507,-0.127119,-0.0574284
130_bNAb_Combinations|1314040|sample|3|nan|4166,0.04,0.08358,5,3,1,0.831706,0.831706,0.10793,0.104537,-1.07047,-0.948091
130_bNAb_Combinations|1314040|sample|3|nan|4166,0.2,0.0126329,6,3,1,0.831706,0.831706,0.0111735,0.0106017,0.330147,0.471061
130_bNAb_Combinations|1314040|sample|3|nan|4166,1,0.0107147,7,3,1,0.831693,0.831693,0.00290767,0.00290632,2.73479,2.73551
130_bNAb_Combinations|1314040|sample|3|nan|4166,5,0.00452154,8,3,1,0.83168,0.83168,0.00284875,0.00285525,0.588276,0.585737
130_bNAb_Combinations|1314040|sample|4|nan|4166,0.000064,0.849679,1,4,1,0.83168,0.83168,0.788227,0.787708,0.405354,0.409039
130_bNAb_Combinations|1314040|sample|4|nan|4166,0.00032,0.922147,2,4,1,0.831693,0.831693,0.732534,0.730752,1.34427,1.36016
130_bNAb_Combinations|1314040|sample|4|nan|4166,0.0016,0.857325,3,4,1,0.831706,0.831706,0.61586,0.61179,2.0299,2.07758
130_bNAb_Combinations|1314040|sample|4|nan|4166,0.008,0.429779,4,4,1,0.831718,0.831719,0.410456,0.403795,0.241399,0.329809
130_bNAb_Combinations|1314040|sample|4|nan|4166,0.04,0.0907322,5,4,1,0.831718,0.831719,0.163388,0.157312,-2.18505,-2.07411
130_bNAb_Combinations|1314040|sample|4|nan|4166,0.2,0.0240601,6,4,1,0.831706,0.831706,0.02425,0.0225088,-0.0275383,0.236209
130_bNAb_Combinations|1314040|sample|4|nan|4166,1,0.0110435,7,4,1,0.831693,0.831693,0.00326703,0.00320753,2.66066,2.6914
130_bNAb_Combinations|1314040|sample|4|nan|4166,5,0.00460375,8,4,1,0.83168,0.83168,0.00284932,0.00285567,0.616964,0.614472
130_bNAb_Combinations|1314040|sample|5|nan|4166,0.0006144,0.779376,1,5,1,0.83168,0.83168,0.695783,0.700873,0.6234,0.581265
130_bNAb_Combinations|1314040|sample|5|nan|4166,0.003072,0.614409,2,5,1,0.831693,0.831693,0.545646,0.554672,0.650828,0.556393
130_bNAb_Combinations|1314040|sample|5|nan|4166,0.01536,0.200195,3,5,1,0.831706,0.831706,0.310605,0.322499,-1.806,-1.92944
130_bNAb_Combinations|1314040|sample|5|nan|4166,0.0768,0.0378713,4,5,1,0.831718,0.831719,0.0890041,0.0967908,-2.66842,-2.85503
130_bNAb_Combinations|1314040|sample|5|nan|4166,0.384,0.0177847,5,5,1,0.831718,0.831719,0.00887762,0.0101453,2.23489,1.80791
130_bNAb_Combinations|1314040|sample|5|nan|4166,1.92,0.0106325,6,5,1,0.831706,0.831706,0.00289355,0.00292117,2.71348,2.69885
130_bNAb_Combinations|1314040|sample|5|nan|4166,9.6,0.00548065,7,5,1,0.831693,0.831693,0.0028488,0.00285533,0.925551,0.922855
130_bNAb_Combinations|1314040|sample|5|nan|4166,48,0.00260331,8,5,1,0.83168,0.83168,0.00284874,0.00285524,-0.0863107,-0.0885589
130_bNAb_Combinations|1314040|sample|6|nan|4166,0.0006144,0.836677,1,6,1,0.83168,0.83168,0.693166,0.699893,1.07421,1.01418
130_bNAb_Combinations|1314040|sample|6|nan|4166,0.003072,0.59672,2,6,1,0.831693,0.831693,0.540802,0.552839,0.533888,0.410039
130_bNAb_Combinations|1314040|sample|6|nan|4166,0.01536,0.231763,3,6,1,0.831706,0.831706,0.304211,0.320017,-1.20898,-1.40267
130_bNAb_Combinations|1314040|sample|6|nan|4166,0.0768,0.0379261,4,6,1,0.831718,0.831719,0.0849665,0.0951325,-2.55689,-2.81486
130_bNAb_Combinations|1314040|sample|6|nan|4166,0.384,0.0173463,5,6,1,0.831718,0.831719,0.00827994,0.00986839,2.34135,1.79191
130_bNAb_Combinations|1314040|sample|6|nan|4166,1.92,0.00800175,6,6,1,0.831706,0.831706,0.00288513,0.00291627,1.79503,1.78043
130_bNAb_Combinations|1314040|sample|6|nan|4166,9.6,0.00649457,7,6,1,0.831693,0.831693,0.0028488,0.00285532,1.28212,1.27927
130_bNAb_Combinations|1314040|sample|6|nan|4166,48,0.00227447,8,6,1,0.83168,0.83168,0.00284874,0.00285524,-0.201955,-0.204153
130_bNAb_Combinations|1314040|sample|7|nan|4166,0.0000768,0.895881,1,7,1,0.83168,0.83168,0.805486,0.805159,0.58368,0.586025
130_bNAb_Combinations|1314040|sample|7|nan|4166,0.000384,1,2,7,1,0.831693,0.831693,0.761292,0.759566,1.62941,1.64485
130_bNAb_Combinations|1314040|sample|7|nan|4166,0.00192,0.885057,3,7,1,0.831706,0.831706,0.650436,0.645605,1.86944,1.92195
130_bNAb_Combinations|1314040|sample|7|nan|4166,0.0096,0.541804,4,7,1,0.831718,0.831719,0.421156,0.412118,1.46996,1.61374
130_bNAb_Combinations|1314040|sample|7|nan|4166,0.048,0.108462,5,7,1,0.831718,0.831719,0.131253,0.123745,-0.838993,-0.593691
130_bNAb_Combinations|1314040|sample|7|nan|4166,0.24,0.00367204,6,7,1,0.831706,0.831706,0.00917939,0.00827144,-1.36232,-1.18828
130_bNAb_Combinations|1314040|sample|7|nan|4166,1.2,0.00134276,7,7,1,0.831693,0.831693,0.00285618,0.00286044,-0.531969,-0.533313
130_bNAb_Combinations|1314040|sample|7|nan|4166,6,0.00120574,8,7,1,0.83168,0.83168,0.00284871,0.00285521,-0.577791,-0.579826
130_bNAb_Combinations|1314040|sample|8|nan|4166,0.0000768,0.844966,1,8,1,0.83168,0.83168,0.80563,0.806159,0.253944,0.250369
130_bNAb_Combinations|1314040|sample|8|nan|4166,0.000384,0.936,2,8,1,0.831693,0.831693,0.761674,0.762209,1.18935,1.18487
130_bNAb_Combinations|1314040|sample|8|nan|4166,0.00192,0.95599,3,8,1,0.831706,0.831706,0.651347,0.651896,2.42404,2.41768
130_bNAb_Combinations|1314040|sample|8|nan|4166,0.0096,0.549326,4,8,1,0.831718,0.831719,0.422792,0.423331,1.53589,1.52745
130_bNAb_Combinations|1314040|sample|8|nan|4166,0.048,0.117697,5,8,1,0.831718,0.831719,0.132628,0.132996,-0.544413,-0.556436
130_bNAb_Combinations|1314040|sample|8|nan|4166,0.24,0.00523402,6,8,1,0.831706,0.831706,0.00935809,0.00942234,-1.01168,-1.02438
130_bNAb_Combinations|1314040|sample|8|nan|4166,1.2,0.00183602,7,8,1,0.831693,0.831693,0.00285669,0.00286345,-0.358755,-0.360969
130_bNAb_Combinations|1314040|sample|8|nan|4166,29,0.00120574,8,8,1,0.83168,0.83168,0.00284871,0.00285521,-0.577791,-0.579826
130_bNAb_Combinations|1314040|sample|9|nan|4166,0.0003648,0.860586,1,9,1,0.83168,0.83168,0.761478,0.759209,0.676338,0.693858
130_bNAb_Combinations|1314040|sample|9|nan|4166,0.001824,0.800655,2,9,1,0.831693,0.831693,0.650881,0.644758,1.19259,1.25292
130_bNAb_Combinations|1314040|sample|9|nan|4166,0.00912,0.529856,3,9,1,0.831706,0.831706,0.421876,0.410541,1.31343,1.49023
130_bNAb_Combinations|1314040|sample|9|nan|4166,0.0456,0.113285,4,9,1,0.831718,0.831719,0.131663,0.12229,-0.674619,-0.353595
130_bNAb_Combinations|1314040|sample|9|nan|4166,0.228,0.00408309,5,9,1,0.831718,0.831719,0.00917088,0.00804977,-1.25904,-1.03605
130_bNAb_Combinations|1314040|sample|9|nan|4166,1.14,0.000959114,6,9,1,0.831706,0.831706,0.00285587,0.00285977,-0.666725,-0.667922
130_bNAb_Combinations|1314040|sample|9|nan|4166,5.7,0.00134276,7,9,1,0.831693,0.831693,0.00284876,0.00285526,-0.52962,-0.531676
130_bNAb_Combinations|1314040|sample|9|nan|4166,28.5,0.00109613,8,9,1,0.83168,0.83168,0.00284871,0.00285521,-0.616339,-0.618358
130_bNAb_Combinations|1314040|vc|1|2|nan|4166,0,0.872575,1,2,1,0.83168,0.83168,0.831156,0.83168,0.259297,0.255858
130_bNAb_Combinations|1314040|vc|2|2|nan|4166,0,0.811123,2,2,1,0.831693,0.831693,0.831169,0.831693,-0.125496,-0.128697
130_bNAb_Combinations|1314040|vc|3|2|nan|4166,0,0.8264,3,2,1,0.831693,0.831693,0.831169,0.831693,-0.0298548,-0.0331149
130_bNAb_Combinations|1314040|vc|4|2|nan|4166,0,0.88503,4,2,1,0.831693,0.831693,0.831169,0.831693,0.337185,0.333697
130_bNAb_Combinations|1314040|vc|5|2|nan|4166,0,0.762811,5,2,1,0.831693,0.831693,0.831169,0.831693,-0.427945,-0.430958
130_bNAb_Combinations|1314040|vc|6|2|nan|4166,0,0.755714,6,2,1,0.831693,0.831693,0.831169,0.831693,-0.472378,-0.475363
130_bNAb_Combinations|1314040|vc|7|2|nan|4166,0,0.742903,7,2,1,0.831693,0.831693,0.831169,0.831693,-0.552579,-0.555515
130_bNAb_Combinations|1314040|vc|8|2|nan|4166,0,0.592911,8,2,1,0.83168,0.83168,0.831156,0.83168,-1.49152,-1.49387
130_bNAb_Combinations|1314058|cc|1|1|nan|2944,0,0.00196858,1,1,0,0,0,0,0,0.854435,0.854435
130_bNAb_Combinations|1314058|cc|2|1|nan|2944,0,0.000401752,2,1,0,0,0,0,0,0.174375,0.174375
130_bNAb_Combinations|1314058|cc|3|1|nan|2944,0,0.00192841,3,1,0,0,0,0,0,0.836998,0.836998
130_bNAb_Combinations|1314058|cc|4|1|nan|2944,0,0.00156683,4,1,0,0,0,0,0,0.680061,0.680061
130_bNAb_Combinations|1314058|cc|5|1|nan|2944,0,0.00192841,5,1,0,0,0,0,0,0.836998,0.836998
130_bNAb_Combinations|1314058|cc|6|1|nan|2944,0,0.00273191,6,1,0,0,0,0,0,1.18575,1.18575
130_bNAb_Combinations|1314058|cc|7|1|nan|2944,0,0.00228998,7,1,0,0,0,0,0,0.993935,0.993935
130_bNAb_Combinations|1314058|cc|8|1|nan|2944,0,0,8,1,0,0,0,0,0,0,0
130_bNAb_Combinations|1314058|sample|10|nan|2944,0.0003648,0.569001,1,10,1,0.83168,0.928349,0.831599,0.834674,-1.64312,-1.65632
130_bNAb_Combinations|1314058|sample|10|nan|2944,0.001824,0.774678,2,10,1,0.831693,0.928354,0.691742,0.693487,0.62205,0.607451
130_bNAb_Combinations|1314058|sample|10|nan|2944,0.00912,0.604516,3,10,1,0.831706,0.92836,0.421685,0.421494,2.22488,2.22819
130_bNAb_Combinations|1314058|sample|10|nan|2944,0.0456,0.103933,4,10,1,0.831706,0.92836,0.118539,0.117719,-0.58997,-0.560358
130_bNAb_Combinations|1314058|sample|10|nan|2944,0.228,0.00494155,5,10,1,0.831706,0.92836,0.00773022,0.00763307,-0.740066,-0.71779
130_bNAb_Combinations|1314058|sample|10|nan|2944,1.14,0.00176771,6,10,1,0.831706,0.92836,0.00189533,0.00189744,-0.047924,-0.0487121
130_bNAb_Combinations|1314058|sample|10|nan|2944,5.7,0.00212928,7,10,1,0.831693,0.928354,0.00187822,0.00188068,0.0943953,0.093454
130_bNAb_Combinations|1314058|sample|10|nan|2944,28.5,0.00152666,8,10,1,0.83168,0.928349,0.00187821,0.00188067,-0.132176,-0.133078
130_bNAb_Combinations|1314058|sample|11|nan|2944,0.0003712,0.654956,1,11,1,0.83168,0.928349,0.914522,0.918296,-1.47881,-1.49423
130_bNAb_Combinations|1314058|sample|11|nan|2944,0.001856,0.910209,2,11,1,0.831693,0.928354,0.888964,0.892012,0.124468,0.106251
130_bNAb_Combinations|1314058|sample|11|nan|2944,0.00928,0.826323,3,11,1,0.831693,0.928354,0.801551,0.802268,0.160723,0.155933
130_bNAb_Combinations|1314058|sample|11|nan|2944,0.0464,0.531096,4,11,1,0.831693,0.928354,0.552525,0.548069,-0.200356,-0.159951
130_bNAb_Combinations|1314058|sample|11|nan|2944,0.2319999999999999,0.155357,5,11,1,0.831693,0.928354,0.156101,0.150386,-0.0233369,0.161464
130_bNAb_Combinations|1314058|sample|11|nan|2944,1.16,0.00719135,6,11,1,0.831693,0.928354,0.0066916,0.00631375,0.139933,0.250756
130_bNAb_Combinations|1314058|sample|11|nan|2944,5.8,0.000964204,7,11,1,0.831693,0.928354,0.00316893,0.00318784,-0.759153,-0.764724
130_bNAb_Combinations|1314058|sample|11|nan|2944,29,0.00116508,8,11,1,0.83168,0.928349,0.00316792,0.00318707,-0.689684,-0.695411
130_bNAb_Combinations|1314058|sample|12|nan|2944,0.0003712,0.691174,1,12,1,0.83168,0.928349,0.914464,0.918306,-1.27222,-1.28876
130_bNAb_Combinations|1314058|sample|12|nan|2944,0.001856,0.787493,2,12,1,0.83168,0.928349,0.888749,0.892041,-0.593383,-0.610443
130_bNAb_Combinations|1314058|sample|12|nan|2944,0.00928,0.705837,3,12,1,0.83168,0.928349,0.800858,0.802377,-0.617037,-0.625736
130_bNAb_Combinations|1314058|sample|12|nan|2944,0.0464,0.438512,4,12,1,0.83168,0.928349,0.550812,0.548346,-1.05314,-1.03455
130_bNAb_Combinations|1314058|sample|12|nan|2944,0.2319999999999999,0.141899,5,12,1,0.83168,0.928349,0.154453,0.150649,-0.397795,-0.283735
130_bNAb_Combinations|1314058|sample|12|nan|2944,1.16,0.0106062,6,12,1,0.83168,0.928349,0.00657521,0.00633106,1.1357,1.22039
130_bNAb_Combinations|1314058|sample|12|nan|2944,5.8,0.000763328,7,12,1,0.83168,0.928349,0.00316883,0.00318784,-0.828293,-0.833804
130_bNAb_Combinations|1314058|sample|12|nan|2944,29,0.000682978,8,12,1,0.83168,0.928349,0.00316792,0.00318707,-0.855698,-0.861217
130_bNAb_Combinations|1314058|sample|3|nan|2944,0.000064,0.7568,1,3,1,0.83168,0.928349,0.740143,0.735049,0.11689,0.153681
130_bNAb_Combinations|1314058|sample|3|nan|2944,0.00032,0.711502,2,3,1,0.831693,0.928354,0.589209,0.578432,1.07363,1.18957
130_bNAb_Combinations|1314058|sample|3|nan|2944,0.0016,0.556567,3,3,1,0.831706,0.92836,0.373161,0.357999,2.51294,2.83213
130_bNAb_Combinations|1314058|sample|3|nan|2944,0.008,0.0999156,4,3,1,0.831706,0.92836,0.152234,0.139724,-1.68018,-1.38373
130_bNAb_Combinations|1314058|sample|3|nan|2944,0.04,0.00779398,5,3,1,0.831706,0.92836,0.0291732,0.0250096,-2.73054,-2.44505
130_bNAb_Combinations|1314058|sample|3|nan|2944,0.2,0.0069503,6,3,1,0.831706,0.92836,0.00424214,0.00395681,0.871504,0.980376
130_bNAb_Combinations|1314058|sample|3|nan|2944,1,0.00361576,7,3,1,0.831693,0.928354,0.00317308,0.00318997,0.15239,0.146413
130_bNAb_Combinations|1314058|sample|3|nan|2944,5,0.00610662,8,3,1,0.83168,0.928349,0.00316802,0.00318717,1.01191,1.00406
130_bNAb_Combinations|1314058|sample|4|nan|2944,0.000064,0.636756,1,4,1,0.83168,0.928349,0.733506,0.732649,-0.685016,-0.67973
130_bNAb_Combinations|1314058|sample|4|nan|2944,0.00032,0.746153,2,4,1,0.831693,0.928354,0.578558,0.574613,1.49788,1.54344
130_bNAb_Combinations|1314058|sample|4|nan|2944,0.0016,0.537845,3,4,1,0.831706,0.92836,0.359722,0.353265,2.52875,2.66673
130_bNAb_Combinations|1314058|sample|4|nan|2944,0.008,0.0750874,4,4,1,0.831718,0.928365,0.14162,0.136112,-2.28413,-2.17287
130_bNAb_Combinations|1314058|sample|4|nan|2944,0.04,0.0161906,5,4,1,0.831718,0.928365,0.02567,0.0238933,-1.32281,-1.12785
130_bNAb_Combinations|1314058|sample|4|nan|2944,0.2,0.00445944,6,4,1,0.831706,0.92836,0.00398474,0.00388399,0.155196,0.189317
130_bNAb_Combinations|1314058|sample|4|nan|2944,1,0.0061468,7,4,1,0.831693,0.928354,0.00317112,0.00318952,1.02447,1.01692
130_bNAb_Combinations|1314058|sample|4|nan|2944,5,0.00337471,8,4,1,0.83168,0.928349,0.00316802,0.00318717,0.0711754,0.0644993
130_bNAb_Combinations|1314058|sample|5|nan|2944,0.0006144,0.421638,1,5,1,0.83168,0.928349,0.462026,0.44742,-0.449666,-0.296176
130_bNAb_Combinations|1314058|sample|5|nan|2944,0.003072,0.241091,2,5,1,0.831693,0.928354,0.230109,0.214908,0.239325,0.608761
130_bNAb_Combinations|1314058|sample|5|nan|2944,0.01536,0.0357559,3,5,1,0.831706,0.92836,0.0603505,0.0528202,-1.79066,-1.38637
130_bNAb_Combinations|1314058|sample|5|nan|2944,0.0768,0.0111687,4,5,1,0.831718,0.928365,0.00740781,0.0064021,1.01452,1.35546
130_bNAb_Combinations|1314058|sample|5|nan|2944,0.384,0.00397734,5,5,1,0.831718,0.928365,0.00321017,0.00321242,0.263453,0.262639
130_bNAb_Combinations|1314058|sample|5|nan|2944,1.92,0.0050219,6,5,1,0.831706,0.92836,0.00316808,0.00318722,0.63836,0.630982
130_bNAb_Combinations|1314058|sample|5|nan|2944,9.6,0.00289261,7,5,1,0.831693,0.928354,0.00316804,0.00318719,-0.0948434,-0.101312
130_bNAb_Combinations|1314058|sample|5|nan|2944,48,0.00337471,8,5,1,0.83168,0.928349,0.00316802,0.00318717,0.0711756,0.0644994
130_bNAb_Combinations|1314058|sample|6|nan|2944,0.0006144,0.459122,1,6,1,0.83168,0.928349,0.406812,0.399166,0.659155,0.769555
130_bNAb_Combinations|1314058|sample|6|nan|2944,0.003072,0.181552,2,6,1,0.831693,0.928354,0.178548,0.171214,0.0831611,0.297635
130_bNAb_Combinations|1314058|sample|6|nan|2944,0.01536,0.0224981,3,6,1,0.831706,0.92836,0.0374599,0.034566,-1.59181,-1.36344
130_bNAb_Combinations|1314058|sample|6|nan|2944,0.0768,0.00879836,4,6,1,0.831718,0.928365,0.00474346,0.00451072,1.2662,1.35756
130_bNAb_Combinations|1314058|sample|6|nan|2944,0.384,0.00377647,5,6,1,0.831718,0.928365,0.00317477,0.00319208,0.207103,0.200919
130_bNAb_Combinations|1314058|sample|6|nan|2944,1.92,0.00425857,6,6,1,0.831706,0.92836,0.00316806,0.00318721,0.375517,0.368462
130_bNAb_Combinations|1314058|sample|6|nan|2944,9.6,0.00349524,7,6,1,0.831693,0.928354,0.00316804,0.00318719,0.112672,0.105944
130_bNAb_Combinations|1314058|sample|6|nan|2944,48,0.00317384,8,6,1,0.83168,0.928349,0.00316802,0.00318717,0.00200381,-0.00458607
130_bNAb_Combinations|1314058|sample|7|nan|2944,0.0000768,0.772267,1,7,1,0.83168,0.928349,0.887817,0.891881,-0.677848,-0.698534
130_bNAb_Combinations|1314058|sample|7|nan|2944,0.000384,0.792997,2,7,1,0.831693,0.928354,0.827246,0.831311,-0.21541,-0.239817
130_bNAb_Combinations|1314058|sample|7|nan|2944,0.00192,0.847113,3,7,1,0.831706,0.92836,0.6819,0.685896,1.25673,1.21931
130_bNAb_Combinations|1314058|sample|7|nan|2944,0.0096,0.388996,4,7,1,0.831718,0.928365,0.405855,0.409338,-0.212926,-0.254796
130_bNAb_Combinations|1314058|sample|7|nan|2944,0.048,0.102889,5,7,1,0.831718,0.928365,0.107681,0.109469,-0.211113,-0.285622
130_bNAb_Combinations|1314058|sample|7|nan|2944,0.24,0.00903941,6,7,1,0.831706,0.92836,0.00656356,0.00676384,0.69798,0.634732
130_bNAb_Combinations|1314058|sample|7|nan|2944,1.2,0.00305331,7,7,1,0.831693,0.928354,0.00188942,0.00189314,0.437252,0.435741
130_bNAb_Combinations|1314058|sample|7|nan|2944,6,0.00325419,8,7,1,0.83168,0.928349,0.00187821,0.00188067,0.517343,0.516327
130_bNAb_Combinations|1314058|sample|8|nan|2944,0.0000768,0.84412,1,8,1,0.83168,0.928349,0.892181,0.894872,-0.28058,-0.295409
130_bNAb_Combinations|1314058|sample|8|nan|2944,0.000384,0.940119,2,8,1,0.831693,0.928354,0.838499,0.839015,0.630694,0.627109
130_bNAb_Combinations|1314058|sample|8|nan|2944,0.00192,0.824917,3,8,1,0.831706,0.92836,0.707629,0.70346,0.860281,0.896053
130_bNAb_Combinations|1314058|sample|8|nan|2944,0.0096,0.591097,4,8,1,0.831718,0.928365,0.448597,0.438289,1.63281,1.791
130_bNAb_Combinations|1314058|sample|8|nan|2944,0.048,0.135872,5,8,1,0.831718,0.928365,0.139615,0.130676,-0.130188,0.192074
130_bNAb_Combinations|1314058|sample|8|nan|2944,0.24,0.00361576,6,8,1,0.831706,0.92836,0.0107947,0.00945008,-1.65087,-1.42513
130_bNAb_Combinations|1314058|sample|8|nan|2944,1.2,0.00329436,7,8,1,0.831693,0.928354,0.00192269,0.00191249,0.514093,0.518294
130_bNAb_Combinations|1314058|sample|8|nan|2944,6,0.00289261,8,8,1,0.83168,0.928349,0.00187822,0.00188067,0.381392,0.380403
130_bNAb_Combinations|1314058|sample|9|nan|2944,0.0003648,0.631373,1,9,1,0.83168,0.928349,0.82661,0.829539,-1.22889,-1.24299
130_bNAb_Combinations|1314058|sample|9|nan|2944,0.001824,0.855028,2,9,1,0.831693,0.928354,0.680422,0.681854,1.33102,1.31737
130_bNAb_Combinations|1314058|sample|9|nan|2944,0.00912,0.528323,3,9,1,0.831706,0.92836,0.403279,0.402647,1.58909,1.59957
130_bNAb_Combinations|1314058|sample|9|nan|2944,0.0456,0.0948536,4,9,1,0.831718,0.928365,0.105579,0.104555,-0.48093,-0.438825
130_bNAb_Combinations|1314058|sample|9|nan|2944,0.228,0.00401752,5,9,1,0.831718,0.928365,0.00626502,0.00616422,-0.64387,-0.618374
130_bNAb_Combinations|1314058|sample|9|nan|2944,1.14,0.00309349,6,9,1,0.831706,0.92836,0.00188742,0.00188958,0.453161,0.45228
130_bNAb_Combinations|1314058|sample|9|nan|2944,5.7,0.00200876,7,9,1,0.831693,0.928354,0.00187822,0.00188068,0.0490806,0.0481473
130_bNAb_Combinations|1314058|sample|9|nan|2944,28.5,0.00369612,8,9,1,0.83168,0.928349,0.00187821,0.00188067,0.683499,0.682455
130_bNAb_Combinations|1314058|vc|1|2|nan|2944,0,0.691535,1,2,1,0.83168,0.928349,0.924293,0.928349,-1.31224,-1.32935
130_bNAb_Combinations|1314058|vc|2|2|nan|2944,0,0.932385,2,2,1,0.831693,0.928354,0.924299,0.928354,0.0455894,0.0226283
130_bNAb_Combinations|1314058|vc|3|2|nan|2944,0,1,3,2,1,0.831693,0.928354,0.924299,0.928354,0.426786,0.402181
130_bNAb_Combinations|1314058|vc|4|2|nan|2944,0,0.97479,4,2,1,0.831693,0.928354,0.924299,0.928354,0.284658,0.260666
130_bNAb_Combinations|1314058|vc|5|2|nan|2944,0,0.982805,5,2,1,0.831693,0.928354,0.924299,0.928354,0.329844,0.305658
130_bNAb_Combinations|1314058|vc|6|2|nan|2944,0,0.897594,6,2,1,0.831693,0.928354,0.924299,0.928354,-0.150558,-0.172673
130_bNAb_Combinations|1314058|vc|7|2|nan|2944,0,0.932385,7,2,1,0.831693,0.928354,0.924299,0.928354,0.0455894,0.0226283
130_bNAb_Combinations|1314058|vc|8|2|nan|2944,0,0.756117,8,2,1,0.83168,0.928349,0.924293,0.928349,-0.948144,-0.966822
130_bNAb_Combinations|1342240|cc|1|1|nan|1798,0,0.000747678,1,1,0,0,0,0,0,0.324519,0.324519
130_bNAb_Combinations|1342240|cc|2|1|nan|1798,0,0.000889479,2,1,0,0,0,0,0,0.386066,0.386066
130_bNAb_Combinations|1342240|cc|3|1|nan|1798,0,0.00106995,3,1,0,0,0,0,0,0.464398,0.464398
130_bNAb_Combinations|1342240|cc|4|1|nan|1798,0,0.0011473,4,1,0,0,0,0,0,0.497969,0.497969
130_bNAb_Combinations|1342240|cc|5|1|nan|1798,0,0.00125043,5,1,0,0,0,0,0,0.54273,0.54273
130_bNAb_Combinations|1342240|cc|6|1|nan|1798,0,0.00109574,6,1,0,0,0,0,0,0.475588,0.475588
130_bNAb_Combinations|1342240|cc|7|1|nan|1798,0,0.00113441,7,1,0,0,0,0,0,0.492374,0.492374
130_bNAb_Combinations|1342240|cc|8|1|nan|1798,0,0.00134066,8,1,0,0,0,0,0,0.581896,0.581896
130_bNAb_Combinations|1342240|sample|3|nan|1798,0.0010624,0.835221,1,3,1,0.83168,0.831623,0.830775,0.831292,0.027845,0.0245947
130_bNAb_Combinations|1342240|sample|3|nan|1798,0.005312,0.877793,2,3,1,0.831693,0.831636,0.828866,0.829337,0.307143,0.304014
130_bNAb_Combinations|1342240|sample|3|nan|1798,0.02656,0.931355,3,3,1,0.831706,0.831649,0.81568,0.815845,0.737714,0.736521
130_bNAb_Combinations|1342240|sample|3|nan|1798,0.1328,0.830071,4,3,1,0.831706,0.831649,0.731002,0.729341,0.703797,0.717205
130_bNAb_Combinations|1342240|sample|3|nan|1798,0.664,0.362418,5,3,1,0.831706,0.831649,0.369533,0.36347,-0.0984245,-0.0147988
130_bNAb_Combinations|1342240|sample|3|nan|1798,3.32,0.0234358,6,3,1,0.831706,0.831649,0.0233187,0.022096,0.0174246,0.206478
130_bNAb_Combinations|1342240|sample|3|nan|1798,83,0.000966825,8,3,1,0.83168,0.831623,0.00284822,0.00285471,-0.661661,-0.663657
130_bNAb_Combinations|1342240|sample|4|nan|1798,0.0010624,0.808053,1,4,1,0.83168,0.831623,0.830752,0.83128,-0.142172,-0.145387
130_bNAb_Combinations|1342240|sample|4|nan|1798,0.005312,0.88955,2,4,1,0.831693,0.831636,0.828704,0.829254,0.382031,0.378333
130_bNAb_Combinations|1342240|sample|4|nan|1798,0.02656,0.902873,3,4,1,0.831706,0.831649,0.81458,0.815278,0.563832,0.558908
130_bNAb_Combinations|1342240|sample|4|nan|1798,0.1328,0.803702,4,4,1,0.831718,0.831661,0.724294,0.725892,0.569268,0.556606
130_bNAb_Combinations|1342240|sample|4|nan|1798,0.664,0.370758,5,4,1,0.831718,0.831661,0.348656,0.352764,0.323407,0.26033
130_bNAb_Combinations|1342240|sample|4|nan|1798,3.32,0.0203936,6,4,1,0.831706,0.831649,0.0185332,0.0196433,0.319968,0.124536
130_bNAb_Combinations|1342240|sample|4|nan|1798,16.6,3.8673e-05,7,4,1,0.831693,0.831636,0.00287919,0.00289323,-0.996916,-1.00091
130_bNAb_Combinations|1342240|sample|4|nan|1798,83,0.000747678,8,4,1,0.83168,0.831623,0.00284818,0.00285469,-0.73872,-0.740688
130_bNAb_Combinations|1342240|sample|8|nan|1798,16.6,0.000721896,7,8,1,0.831693,0.831636,0.0028482,0.00288749,-0.747795,-0.759623
130_bNAb_Combinations|1342240|vc|1|2|nan|1798,0,0.862537,1,2,1,0.83168,0.831623,0.831099,0.831623,0.196829,0.193427
130_bNAb_Combinations|1342240|vc|2|2|nan|1798,0,0.923324,2,2,1,0.831693,0.831636,0.831112,0.831636,0.577323,0.573684
130_bNAb_Combinations|1342240|vc|3|2|nan|1798,0,0.944627,3,2,1,0.831693,0.831636,0.831112,0.831636,0.710692,0.706971
130_bNAb_Combinations|1342240|vc|4|2|nan|1798,0,1,4,2,1,0.831693,0.831636,0.831112,0.831636,1.05737,1.05343
130_bNAb_Combinations|1342240|vc|5|2|nan|1798,0,0.995817,5,2,1,0.831693,0.831636,0.831112,0.831636,1.03118,1.02726
130_bNAb_Combinations|1342240|vc|6|2|nan|1798,0,0.979742,6,2,1,0.831693,0.831636,0.831112,0.831636,0.930539,0.926681
130_bNAb_Combinations|1342240|vc|7|2|nan|1798,0,0.912625,7,2,1,0.831693,0.831636,0.831112,0.831636,0.510335,0.506738
130_bNAb_Combinations|1342240|vc|8|2|nan|1798,0,0.732654,8,2,1,0.83168,0.831623,0.831099,0.831623,-0.616352,-0.619249
130_bNAb_Combinations|1342258|cc|1|1|TRO.11|8301,0,0.000586773,1,1,0,0,0,0,0,0.25468,0.25468
130_bNAb_Combinations|1342258|cc|2|1|TRO.11|8301,0,0.000602214,2,1,0,0,0,0,0,0.261382,0.261382
130_bNAb_Combinations|1342258|cc|3|1|TRO.11|8301,0,0.000756628,3,1,0,0,0,0,0,0.328404,0.328404
130_bNAb_Combinations|1342258|cc|4|1|TRO.11|8301,0,0.000694863,4,1,0,0,0,0,0,0.301595,0.301595
130_bNAb_Combinations|1342258|cc|5|1|TRO.11|8301,0,0.000957366,5,1,0,0,0,0,0,0.415531,0.415531
130_bNAb_Combinations|1342258|cc|6|1|TRO.11|8301,0,0.000648538,6,1,0,0,0,0,0,0.281489,0.281489
130_bNAb_Combinations|1342258|cc|7|1|TRO.11|8301,0,0.00103457,7,1,0,0,0,0,0,0.449042,0.449042
130_bNAb_Combinations|1342258|cc|8|1|TRO.11|8301,0,0.00112722,8,1,0,0,0,0,0,0.489254,0.489254
130_bNAb_Combinations|1342258|sample|3|TRO.11|8301,0.0010624,1,1,3,1,0.83168,0.83168,0.823799,0.82413,1.11281,1.11027
130_bNAb_Combinations|1342258|sample|3|TRO.11|8301,0.005312,0.977008,2,3,1,0.831693,0.831693,0.79877,0.798461,1.16041,1.16286
130_bNAb_Combinations|1342258|sample|3|TRO.11|8301,0.02656,0.852774,3,3,1,0.831706,0.831706,0.696436,0.693739,1.16482,1.18945
130_bNAb_Combinations|1342258|sample|3|TRO.11|8301,0.1328,0.409135,4,3,1,0.831706,0.831706,0.38519,0.378061,0.318157,0.420414
130_bNAb_Combinations|1342258|sample|3|TRO.11|8301,0.664,0.0368586,5,3,1,0.831706,0.831706,0.0403205,0.0376723,-0.348246,-0.0862041
130_bNAb_Combinations|1342258|sample|3|TRO.11|8301,3.32,0.000988249,6,3,1,0.831706,0.831706,0.00289394,0.00289196,-0.668172,-0.667564
130_bNAb_Combinations|1342258|sample|3|TRO.11|8301,16.6,0.000617656,7,3,1,0.831693,0.831693,0.00284861,0.00285511,-0.784576,-0.786522
130_bNAb_Combinations|1342258|sample|3|TRO.11|8301,83,0.0017912,8,3,1,0.83168,0.83168,0.00284856,0.00285507,-0.371852,-0.373976
130_bNAb_Combinations|1342258|sample|4|TRO.11|8301,0.0010624,0.951962,1,4,1,0.83168,0.83168,0.824289,0.824699,0.805849,0.802867
130_bNAb_Combinations|1342258|sample|4|TRO.11|8301,0.005312,0.975433,2,4,1,0.831693,0.831693,0.800899,0.800928,1.13332,1.13309
130_bNAb_Combinations|1342258|sample|4|TRO.11|8301,0.02656,0.81302,3,4,1,0.831706,0.831706,0.704727,0.703323,0.797531,0.809456
130_bNAb_Combinations|1342258|sample|4|TRO.11|8301,0.1328,0.42409,4,4,1,0.831718,0.831718,0.405499,0.401258,0.235001,0.291581
130_bNAb_Combinations|1342258|sample|4|TRO.11|8301,0.664,0.0475286,5,4,1,0.831718,0.831718,0.048948,0.0471111,-0.122621,0.0371907
130_bNAb_Combinations|1342258|sample|4|TRO.11|8301,3.32,0.000586773,6,4,1,0.831706,0.831706,0.002936,0.00293372,-0.821389,-0.820716
130_bNAb_Combinations|1342258|sample|4|TRO.11|8301,16.6,0.00101913,7,4,1,0.831693,0.831693,0.00284861,0.00285511,-0.643386,-0.645393
130_bNAb_Combinations|1342258|sample|4|TRO.11|8301,83,0.00205371,8,4,1,0.83168,0.83168,0.00284856,0.00285507,-0.279535,-0.281699
130_bNAb_Combinations|1342258|vc|1|2|TRO.11|8301,0,0.96755,1,2,1,0.83168,0.83168,0.831156,0.83168,0.853886,0.850077
130_bNAb_Combinations|1342258|vc|2|2|TRO.11|8301,0,0.984057,2,2,1,0.831693,0.831693,0.831169,0.831693,0.957131,0.953258
130_bNAb_Combinations|1342258|vc|3|2|TRO.11|8301,0,0.968554,3,2,1,0.831693,0.831693,0.831169,0.831693,0.860076,0.856264
130_bNAb_Combinations|1342258|vc|4|2|TRO.11|8301,0,0.996418,4,2,1,0.831693,0.831693,0.831169,0.831693,1.03451,1.03059
130_bNAb_Combinations|1342258|vc|5|2|TRO.11|8301,0,0.95952,5,2,1,0.831693,0.831693,0.831169,0.831693,0.803525,0.799748
130_bNAb_Combinations|1342258|vc|6|2|TRO.11|8301,0,0.92514,6,2,1,0.831693,0.831693,0.831169,0.831693,0.588293,0.584649
130_bNAb_Combinations|1342258|vc|7|2|TRO.11|8301,0,0.920917,7,2,1,0.831693,0.831693,0.831169,0.831693,0.561854,0.558227
130_bNAb_Combinations|1342258|vc|8|2|TRO.11|8301,0,0.827859,8,2,1,0.83168,0.83168,0.831156,0.83168,-0.0206384,-0.0239041
130_bNAb_Combinations|1342276|cc|1|1|Ce1176_A3|7023,0,0.00106045,1,1,0,0,0,0,0,0.460274,0.460274
130_bNAb_Combinations|1342276|cc|2|1|Ce1176_A3|7023,0,0.000899371,2,1,0,0,0,0,0,0.390359,0.390359
130_bNAb_Combinations|1342276|cc|3|1|Ce1176_A3|7023,0,0.00139604,3,1,0,0,0,0,0,0.605931,0.605931
130_bNAb_Combinations|1342276|cc|4|1|Ce1176_A3|7023,0,0.000885948,4,1,0,0,0,0,0,0.384533,0.384533
130_bNAb_Combinations|1342276|cc|5|1|Ce1176_A3|7023,0,0.000939641,5,1,0,0,0,0,0,0.407838,0.407838
130_bNAb_Combinations|1342276|cc|6|1|Ce1176_A3|7023,0,0.00115442,6,1,0,0,0,0,0,0.501058,0.501058
130_bNAb_Combinations|1342276|cc|7|1|Ce1176_A3|7023,0,0.00167793,7,1,0,0,0,0,0,0.728282,0.728282
130_bNAb_Combinations|1342276|cc|8|1|Ce1176_A3|7023,0,0.0012618,8,1,0,0,0,0,0,0.547668,0.547668
130_bNAb_Combinations|1342276|sample|3|Ce1176_A3|7023,0.0010624,0.725068,1,3,1,0.83168,0.831707,0.830004,0.830491,-0.657849,-0.660517
130_bNAb_Combinations|1342276|sample|3|Ce1176_A3|7023,0.005312,0.881934,2,3,1,0.831693,0.83172,0.824669,0.824987,0.361282,0.359143
130_bNAb_Combinations|1342276|sample|3|Ce1176_A3|7023,0.02656,0.891317,3,3,1,0.831706,0.831733,0.795703,0.795126,0.624857,0.629074
130_bNAb_Combinations|1342276|sample|3|Ce1176_A3|7023,0.1328,0.705718,4,3,1,0.831706,0.831733,0.655397,0.651039,0.397969,0.435279
130_bNAb_Combinations|1342276|sample|3|Ce1176_A3|7023,0.664,0.239233,5,3,1,0.831706,0.831733,0.253398,0.244901,-0.281622,-0.116411
130_bNAb_Combinations|1342276|sample|3|Ce1176_A3|7023,3.32,0.012269,6,3,1,0.831706,0.831733,0.0118638,0.0108798,0.0890467,0.318299
130_bNAb_Combinations|1342276|sample|3|Ce1176_A3|7023,16.6,0.00138262,7,3,1,0.831693,0.83172,0.00286439,0.00286746,-0.520559,-0.521533
130_bNAb_Combinations|1342276|sample|3|Ce1176_A3|7023,83,0.00073829,8,3,1,0.83168,0.831707,0.00284831,0.00285481,-0.742062,-0.744025
130_bNAb_Combinations|1342276|sample|4|Ce1176_A3|7023,0.0010624,0.749337,1,4,1,0.83168,0.831707,0.830048,0.830593,-0.505951,-0.509035
130_bNAb_Combinations|1342276|sample|4|Ce1176_A3|7023,0.005312,0.874437,2,4,1,0.831693,0.83172,0.824911,0.825548,0.312369,0.308114
130_bNAb_Combinations|1342276|sample|4|Ce1176_A3|7023,0.02656,0.920365,3,4,1,0.831706,0.831733,0.796995,0.798128,0.804961,0.796456
130_bNAb_Combinations|1342276|sample|4|Ce1176_A3|7023,0.1328,0.749364,4,4,1,0.831718,0.831745,0.66122,0.664531,0.691078,0.661868
130_bNAb_Combinations|1342276|sample|4|Ce1176_A3|7023,0.664,0.256838,5,4,1,0.831718,0.831745,0.264791,0.271178,-0.151608,-0.267202
130_bNAb_Combinations|1342276|sample|4|Ce1176_A3|7023,3.32,0.0164035,6,4,1,0.831706,0.831733,0.0135134,0.0146865,0.594227,0.33761
130_bNAb_Combinations|1342276|sample|4|Ce1176_A3|7023,16.6,0.000402703,7,4,1,0.831693,0.83172,0.00287236,0.00288678,-0.867151,-0.871377
130_bNAb_Combinations|1342276|sample|4|Ce1176_A3|7023,83,0.000617479,8,4,1,0.83168,0.831707,0.00284832,0.00285483,-0.784551,-0.7865
130_bNAb_Combinations|1342276|vc|1|2|Ce1176_A3|7023,0,0.763009,1,2,1,0.83168,0.831707,0.831183,0.831707,-0.426786,-0.429799
130_bNAb_Combinations|1342276|vc|2|2|Ce1176_A3|7023,0,0.910553,2,2,1,0.831693,0.83172,0.831196,0.83172,0.496786,0.4932
130_bNAb_Combinations|1342276|vc|3|2|Ce1176_A3|7023,0,1,3,2,1,0.831693,0.83172,0.831196,0.83172,1.05674,1.0528
130_bNAb_Combinations|1342276|vc|4|2|Ce1176_A3|7023,0,0.978623,4,2,1,0.831693,0.83172,0.831196,0.83172,0.922915,0.919065
130_bNAb_Combinations|1342276|vc|5|2|Ce1176_A3|7023,0,0.915016,5,2,1,0.831693,0.83172,0.831196,0.83172,0.524726,0.521123
130_bNAb_Combinations|1342276|vc|6|2|Ce1176_A3|7023,0,0.948528,6,2,1,0.831693,0.83172,0.831196,0.83172,0.734514,0.730781
130_bNAb_Combinations|1342276|vc|7|2|Ce1176_A3|7023,0,0.841536,7,2,1,0.831693,0.83172,0.831196,0.83172,0.0647314,0.0614138
130_bNAb_Combinations|1342276|vc|8|2|Ce1176_A3|7023,0,0.749606,8,2,1,0.83168,0.831707,0.831183,0.831707,-0.510694,-0.513655
130_bNAb_Combinations|1342294|cc|1|1|nan|1176,0,0.00986891,1,1,0,0,0,0,0,4.28346,4.28346
130_bNAb_Combinations|1342294|cc|2|1|nan|1176,0,0.00692296,2,1,0,0,0,0,0,3.00481,3.00481
130_bNAb_Combinations|1342294|cc|3|1|nan|1176,0,0.00368243,3,1,0,0,0,0,0,1.5983,1.5983
130_bNAb_Combinations|1342294|cc|4|1|nan|1176,0,0.0107527,4,1,0,0,0,0,0,4.66705,4.66705
130_bNAb_Combinations|1342294|cc|5|1|nan|1176,0,0.000736485,5,1,0,0,0,0,0,0.319661,0.319661
130_bNAb_Combinations|1342294|cc|6|1|nan|1176,0,0,6,1,0,0,0,0,0,0,0
130_bNAb_Combinations|1342294|cc|7|1|nan|1176,0,0.00618648,7,1,0,0,0,0,0,2.68515,2.68515
130_bNAb_Combinations|1342294|cc|8|1|nan|1176,0,0.0048608,8,1,0,0,0,0,0,2.10976,2.10976
130_bNAb_Combinations|1342294|sample|3|nan|1176,0.0010624,0.7384,1,3,1,0.83168,0.83168,0.793374,0.793069,-0.3603,-0.358439
130_bNAb_Combinations|1342294|sample|3|nan|1176,0.005312,0.840477,2,3,1,0.831693,0.831693,0.715963,0.714093,0.90284,0.918753
130_bNAb_Combinations|1342294|sample|3|nan|1176,0.02656,0.51554,3,3,1,0.831706,0.831706,0.517644,0.51271,-0.0209696,0.0284635
130_bNAb_Combinations|1342294|sample|3|nan|1176,0.1328,0.173221,4,3,1,0.831706,0.831706,0.194344,0.188671,-0.540009,-0.406135
130_bNAb_Combinations|1342294|sample|3|nan|1176,0.664,0.0191486,5,3,1,0.831706,0.831706,0.0174252,0.0165116,0.307509,0.485513
130_bNAb_Combinations|1342294|sample|3|nan|1176,3.32,0.00559729,6,3,1,0.831706,0.831706,0.00521377,0.00529456,0.116519,0.0915465
130_bNAb_Combinations|1342294|sample|3|nan|1176,83,0.0050081,8,3,1,0.83168,0.83168,0.00518442,0.00527028,-0.0536598,-0.0793953
130_bNAb_Combinations|1342294|sample|4|nan|1176,0.0010624,0.680071,1,4,1,0.83168,0.83168,0.795541,0.79591,-0.754773,-0.756838
130_bNAb_Combinations|1342294|sample|4|nan|1176,0.005312,0.847842,2,4,1,0.831693,0.831693,0.722253,0.722327,0.902831,0.902211
130_bNAb_Combinations|1342294|sample|4|nan|1176,0.02656,0.692444,3,4,1,0.831706,0.831706,0.532196,0.531677,1.55418,1.56071
130_bNAb_Combinations|1342294|sample|4|nan|1176,0.1328,0.216085,4,4,1,0.831718,0.831718,0.211429,0.210669,0.109931,0.128327
130_bNAb_Combinations|1342294|sample|4|nan|1176,0.664,0.0187067,5,4,1,0.831718,0.831718,0.0208558,0.0208029,-0.343624,-0.33569
130_bNAb_Combinations|1342294|sample|4|nan|1176,3.32,0.00456621,6,4,1,0.831706,0.831706,0.00523783,0.00532336,-0.203764,-0.22859
130_bNAb_Combinations|1342294|sample|4|nan|1176,16.6,0.00618648,7,4,1,0.831693,0.831693,0.00518451,0.00527037,0.304925,0.277423
130_bNAb_Combinations|1342294|sample|4|nan|1176,83,0.00265135,8,4,1,0.83168,0.83168,0.00518442,0.00527028,-0.770883,-0.793087
130_bNAb_Combinations|1342294|sample|8|nan|1176,16.6,0.00883783,7,8,1,0.831693,0.831693,0.0051845,0.00819033,1.1118,0.167949
130_bNAb_Combinations|1342294|vc|1|2|nan|1176,0,0.903962,1,2,1,0.83168,0.83168,0.831156,0.83168,0.4558,0.452238
130_bNAb_Combinations|1342294|vc|2|2|nan|1176,0,0.772868,2,2,1,0.831693,0.831693,0.831169,0.831693,-0.364983,-0.368035
130_bNAb_Combinations|1342294|vc|3|2|nan|1176,0,0.798792,3,2,1,0.831693,0.831693,0.831169,0.831693,-0.202688,-0.205841
130_bNAb_Combinations|1342294|vc|4|2|nan|1176,0,1,4,2,1,0.831693,0.831693,0.831169,0.831693,1.05694,1.05301
130_bNAb_Combinations|1342294|vc|5|2|nan|1176,0,0.928708,5,2,1,0.831693,0.831693,0.831169,0.831693,0.610631,0.606973
130_bNAb_Combinations|1342294|vc|6|2|nan|1176,0,0.843276,6,2,1,0.831693,0.831693,0.831169,0.831693,0.0757951,0.0724694
130_bNAb_Combinations|1342294|vc|7|2|nan|1176,0,0.868906,7,2,1,0.831693,0.831693,0.831169,0.831693,0.236246,0.23282
130_bNAb_Combinations|1342294|vc|8|2|nan|1176,0,0.751657,8,2,1,0.83168,0.83168,0.831156,0.83168,-0.497698,-0.500667
130_bNAb_Combinations|1342312|cc|1|1|RHPA4259.7|5371,0,0.00173044,1,1,0,0,0,0,0,0.751072,0.751072
130_bNAb_Combinations|1342312|cc|2|1|RHPA4259.7|5371,0,0.00228271,2,1,0,0,0,0,0,0.990776,0.990776
130_bNAb_Combinations|1342312|cc|3|1|RHPA4259.7|5371,0,0.00237475,3,1,0,0,0,0,0,1.03073,1.03073
130_bNAb_Combinations|1342312|cc|4|1|RHPA4259.7|5371,0,0.00189612,4,1,0,0,0,0,0,0.822983,0.822983
130_bNAb_Combinations|1342312|cc|5|1|RHPA4259.7|5371,0,0.00136226,5,1,0,0,0,0,0,0.591269,0.591269
130_bNAb_Combinations|1342312|cc|6|1|RHPA4259.7|5371,0,0.00187771,6,1,0,0,0,0,0,0.814993,0.814993
130_bNAb_Combinations|1342312|cc|7|1|RHPA4259.7|5371,0,0.00250361,7,1,0,0,0,0,0,1.08666,1.08666
130_bNAb_Combinations|1342312|cc|8|1|RHPA4259.7|5371,0,0.0020618,8,1,0,0,0,0,0,0.894894,0.894894
130_bNAb_Combinations|1342312|sample|3|RHPA4259.7|5371,0.0010624,0.763952,1,3,1,0.83168,0.831673,0.73973,0.741624,0.170073,0.156386
130_bNAb_Combinations|1342312|sample|3|RHPA4259.7|5371,0.005312,0.818875,2,3,1,0.831693,0.831686,0.608169,0.611713,1.79328,1.75311
130_bNAb_Combinations|1342312|sample|3|RHPA4259.7|5371,0.02656,0.538378,3,3,1,0.831706,0.831698,0.363808,0.369098,2.45139,2.34411
130_bNAb_Combinations|1342312|sample|3|RHPA4259.7|5371,0.1328,0.0814411,4,3,1,0.831706,0.831698,0.10105,0.104773,-0.914445,-1.0534
130_bNAb_Combinations|1342312|sample|3|RHPA4259.7|5371,0.664,0.00397633,5,3,1,0.831706,0.831698,0.00785745,0.00834708,-1.02344,-1.12504
130_bNAb_Combinations|1342312|sample|3|RHPA4259.7|5371,3.32,0.00173044,6,3,1,0.831706,0.831698,0.00286543,0.00287575,-0.398704,-0.402052
130_bNAb_Combinations|1342312|sample|3|RHPA4259.7|5371,16.6,0.00147271,7,3,1,0.831693,0.831686,0.00284883,0.00285533,-0.483942,-0.486018
130_bNAb_Combinations|1342312|sample|3|RHPA4259.7|5371,83,0.0012334,8,3,1,0.83168,0.831673,0.00284878,0.00285528,-0.568088,-0.570128
130_bNAb_Combinations|1342312|sample|4|RHPA4259.7|5371,0.0010624,0.732077,1,4,1,0.83168,0.831673,0.741284,0.739379,-0.0645169,-0.0512993
130_bNAb_Combinations|1342312|sample|4|RHPA4259.7|5371,0.005312,0.824591,2,4,1,0.831693,0.831686,0.611597,0.606765,1.80279,1.85809
130_bNAb_Combinations|1342312|sample|4|RHPA4259.7|5371,0.02656,0.536592,3,4,1,0.831706,0.831698,0.369247,0.36127,2.31642,2.47869
130_bNAb_Combinations|1342312|sample|4|RHPA4259.7|5371,0.1328,0.0694384,4,4,1,0.831718,0.831711,0.104896,0.0992768,-1.59918,-1.41361
130_bNAb_Combinations|1342312|sample|4|RHPA4259.7|5371,0.664,0.00323997,5,4,1,0.831718,0.831711,0.00834014,0.00766461,-1.31324,-1.17811
130_bNAb_Combinations|1342312|sample|4|RHPA4259.7|5371,3.32,0.00138067,6,4,1,0.831706,0.831698,0.00286899,0.00287076,-0.522699,-0.523259
130_bNAb_Combinations|1342312|sample|4|RHPA4259.7|5371,16.6,0.00134385,7,4,1,0.831693,0.831686,0.00284883,0.00285533,-0.52926,-0.531316
130_bNAb_Combinations|1342312|sample|4|RHPA4259.7|5371,83,0.00163839,8,4,1,0.83168,0.831673,0.00284878,0.00285528,-0.425662,-0.427763
130_bNAb_Combinations|1342312|vc|1|2|RHPA4259.7|5371,0,0.805648,1,2,1,0.83168,0.831673,0.831149,0.831673,-0.159648,-0.162827
130_bNAb_Combinations|1342312|vc|2|2|RHPA4259.7|5371,0,0.988964,2,2,1,0.831693,0.831686,0.831162,0.831686,0.987906,0.984014
130_bNAb_Combinations|1342312|vc|3|2|RHPA4259.7|5371,0,0.95037,3,2,1,0.831693,0.831686,0.831162,0.831686,0.74629,0.742548
130_bNAb_Combinations|1342312|vc|4|2|RHPA4259.7|5371,0,0.951677,4,2,1,0.831693,0.831686,0.831162,0.831686,0.754473,0.750725
130_bNAb_Combinations|1342312|vc|5|2|RHPA4259.7|5371,0,1,5,2,1,0.831693,0.831686,0.831162,0.831686,1.057,1.05306
130_bNAb_Combinations|1342312|vc|6|2|RHPA4259.7|5371,0,0.952339,6,2,1,0.831693,0.831686,0.831162,0.831686,0.758621,0.754872
130_bNAb_Combinations|1342312|vc|7|2|RHPA4259.7|5371,0,0.995186,7,2,1,0.831693,0.831686,0.831162,0.831686,1.02686,1.02294
130_bNAb_Combinations|1342312|vc|8|2|RHPA4259.7|5371,0,0.750412,8,2,1,0.83168,0.831673,0.831149,0.831673,-0.505452,-0.508417
130_bNAb_Combinations|1342336|cc|1|1|nan|3430,0,0,1,1,0,0,0,0,0,0,0
130_bNAb_Combinations|1342336|cc|2|1|nan|3430,0,0,2,1,0,0,0,0,0,0,0
130_bNAb_Combinations|1342336|cc|3|1|nan|3430,0,0.00041405,3,1,0,0,0,0,0,0.179713,0.179713
130_bNAb_Combinations|1342336|cc|4|1|nan|3430,0,0.00119614,4,1,0,0,0,0,0,0.519169,0.519169
130_bNAb_Combinations|1342336|cc|5|1|nan|3430,0,0.00174821,5,1,0,0,0,0,0,0.758786,0.758786
130_bNAb_Combinations|1342336|cc|6|1|nan|3430,0,0.00207025,6,1,0,0,0,0,0,0.898563,0.898563
130_bNAb_Combinations|1342336|cc|7|1|nan|3430,0,0.00110413,7,1,0,0,0,0,0,0.479233,0.479233
130_bNAb_Combinations|1342336|cc|8|1|nan|3430,0,0.0016562,8,1,0,0,0,0,0,0.71885,0.71885
130_bNAb_Combinations|1342336|sample|3|nan|3430,0.0010624,0.85338,1,3,1,0.83168,0.831719,0.790459,0.790454,0.413888,0.413926
130_bNAb_Combinations|1342336|sample|3|nan|3430,0.005312,0.846134,2,3,1,0.831693,0.831732,0.705674,0.70466,1.03306,1.04199
130_bNAb_Combinations|1342336|sample|3|nan|3430,0.02656,0.598923,3,3,1,0.831706,0.831745,0.490125,0.487209,1.14358,1.18109
130_bNAb_Combinations|1342336|sample|3|nan|3430,0.1328,0.155913,4,3,1,0.831706,0.831745,0.159529,0.1565,-0.111195,-0.0183801
130_bNAb_Combinations|1342336|sample|3|nan|3430,0.664,0.00768293,5,3,1,0.831706,0.831745,0.00944081,0.0091058,-0.429574,-0.353185
130_bNAb_Combinations|1342336|sample|3|nan|3430,16.6,0.00115014,7,3,1,0.831693,0.831732,0.00284888,0.00285538,-0.597398,-0.599426
130_bNAb_Combinations|1342336|sample|3|nan|3430,83,0.00276033,8,3,1,0.83168,0.831719,0.00284884,0.00285534,-0.0311238,-0.0333962
130_bNAb_Combinations|1342336|sample|4|nan|3430,0.0010624,0.773193,1,4,1,0.83168,0.831719,0.791836,0.791391,-0.122426,-0.119567
130_bNAb_Combinations|1342336|sample|4|nan|3430,0.005312,0.819405,2,4,1,0.831693,0.831732,0.709687,0.707385,0.802466,0.82193
130_bNAb_Combinations|1342336|sample|4|nan|3430,0.02656,0.59009,3,4,1,0.831706,0.831745,0.499167,0.493306,0.938801,1.01089
130_bNAb_Combinations|1342336|sample|4|nan|3430,0.1328,0.181814,4,4,1,0.831718,0.831758,0.168837,0.162652,0.378511,0.578693
130_bNAb_Combinations|1342336|sample|4|nan|3430,0.664,0.00570469,5,4,1,0.831718,0.831758,0.0106427,0.00985933,-1.14312,-0.995979
130_bNAb_Combinations|1342336|sample|4|nan|3430,3.32,0.000966117,6,4,1,0.831706,0.831745,0.00285733,0.00286201,-0.664712,-0.66615
130_bNAb_Combinations|1342336|sample|4|nan|3430,16.6,0.0008281,7,4,1,0.831693,0.831732,0.00284888,0.00285538,-0.71065,-0.712629
130_bNAb_Combinations|1342336|sample|4|nan|3430,83,0.00289835,8,4,1,0.83168,0.831719,0.00284884,0.00285534,0.0174128,0.0151195
130_bNAb_Combinations|1342336|sample|5|nan|3430,3.32,0.00156419,6,5,1,0.831706,0.831745,0.00285116,0.00313629,-0.452524,-0.542477
130_bNAb_Combinations|1342336|vc|1|2|nan|3430,0,0.92255,1,2,1,0.83168,0.831719,0.831195,0.831719,0.571893,0.568258
130_bNAb_Combinations|1342336|vc|2|2|nan|3430,0,0.992179,2,2,1,0.831693,0.831732,0.831208,0.831732,1.00769,1.00378
130_bNAb_Combinations|1342336|vc|3|2|nan|3430,0,1,3,2,1,0.831693,0.831732,0.831208,0.831732,1.05665,1.05271
130_bNAb_Combinations|1342336|vc|4|2|nan|3430,0,0.999402,4,2,1,0.831693,0.831732,0.831208,0.831732,1.0529,1.04897
130_bNAb_Combinations|1342336|vc|5|2|nan|3430,0,0.95802,5,2,1,0.831693,0.831732,0.831208,0.831732,0.79385,0.790077
130_bNAb_Combinations|1342336|vc|6|2|nan|3430,0,0.951441,6,2,1,0.831693,0.831732,0.831208,0.831732,0.752667,0.748919
130_bNAb_Combinations|1342336|vc|7|2|nan|3430,0,0.88701,7,2,1,0.831693,0.831732,0.831208,0.831732,0.349327,0.34583
130_bNAb_Combinations|1342336|vc|8|2|nan|3430,0,0.926598,8,2,1,0.83168,0.831719,0.831195,0.831719,0.597237,0.593587
130_bNAb_Combinations|1342348|cc|1|1|nan|4166,0,0.000451154,1,1,0,0,0,0,0,0.195817,0.195817
130_bNAb_Combinations|1342348|cc|2|1|nan|4166,0,0.000773408,2,1,0,0,0,0,0,0.335687,0.335687
130_bNAb_Combinations|1342348|cc|3|1|nan|4166,0,0.00125679,3,1,0,0,0,0,0,0.545491,0.545491
130_bNAb_Combinations|1342348|cc|4|1|nan|4166,0,0.00128901,4,1,0,0,0,0,0,0.559478,0.559478
130_bNAb_Combinations|1342348|cc|5|1|nan|4166,0,0.000998985,5,1,0,0,0,0,0,0.433595,0.433595
130_bNAb_Combinations|1342348|cc|6|1|nan|4166,0,0.000773408,6,1,0,0,0,0,0,0.335687,0.335687
130_bNAb_Combinations|1342348|cc|7|1|nan|4166,0,0.000386704,7,1,0,0,0,0,0,0.167843,0.167843
130_bNAb_Combinations|1342348|cc|8|1|nan|4166,0,0.000644506,8,1,0,0,0,0,0,0.279739,0.279739
130_bNAb_Combinations|1342348|sample|3|nan|4166,0.0010624,0.836295,1,3,1,0.83168,0.831766,0.74726,0.747334,0.618978,0.618406
130_bNAb_Combinations|1342348|sample|3|nan|4166,0.005312,0.838358,2,3,1,0.831693,0.831778,0.607991,0.607435,1.96118,1.96768
130_bNAb_Combinations|1342348|sample|3|nan|4166,0.02656,0.39555,3,3,1,0.831706,0.831791,0.335458,0.334217,0.912642,0.934842
130_bNAb_Combinations|1342348|sample|3|nan|4166,0.1328,0.0558787,4,3,1,0.831706,0.831791,0.0660685,0.0654005,-0.687667,-0.648116
130_bNAb_Combinations|1342348|sample|3|nan|4166,0.664,0.00054783,5,3,1,0.831706,0.831791,0.00383116,0.00381521,-1.08374,-1.07956
130_bNAb_Combinations|1342348|sample|3|nan|4166,3.32,0,6,3,1,0.831706,0.831791,0.00284932,0.00285582,-1.00199,-1.00384
130_bNAb_Combinations|1342348|sample|3|nan|4166,16.6,0.000515605,7,3,1,0.831693,0.831778,0.00284909,0.00285559,-0.820608,-0.822539
130_bNAb_Combinations|1342348|sample|3|nan|4166,83,0.000676732,8,3,1,0.83168,0.831766,0.00284904,0.00285555,-0.763932,-0.765887
130_bNAb_Combinations|1342348|sample|4|nan|4166,0.0010624,0.820247,1,4,1,0.83168,0.831766,0.744164,0.743381,0.531097,0.537117
130_bNAb_Combinations|1342348|sample|4|nan|4166,0.005312,0.753734,2,4,1,0.831693,0.831778,0.600627,0.598054,1.3191,1.34693
130_bNAb_Combinations|1342348|sample|4|nan|4166,0.02656,0.405797,3,4,1,0.831706,0.831791,0.323833,0.319499,1.28791,1.37373
130_bNAb_Combinations|1342348|sample|4|nan|4166,0.1328,0.0446321,4,4,1,0.831718,0.831804,0.0600358,0.0578843,-1.12639,-0.998827
130_bNAb_Combinations|1342348|sample|4|nan|4166,0.664,0.00161127,5,4,1,0.831718,0.831804,0.00360436,0.0035421,-0.667333,-0.649049
130_bNAb_Combinations|1342348|sample|4|nan|4166,3.32,0.000934534,6,4,1,0.831706,0.831791,0.00284923,0.00285572,-0.673329,-0.675318
130_bNAb_Combinations|1342348|sample|4|nan|4166,16.6,0.00174017,7,4,1,0.831693,0.831778,0.00284909,0.00285559,-0.38997,-0.392088
130_bNAb_Combinations|1342348|sample|4|nan|4166,83,0.00157904,8,4,1,0.83168,0.831766,0.00284904,0.00285555,-0.446619,-0.448712
130_bNAb_Combinations|1342348|vc|1|2|nan|4166,0,0.800445,1,2,1,0.83168,0.831766,0.831241,0.831766,-0.192779,-0.19594
130_bNAb_Combinations|1342348|vc|2|2|nan|4166,0,0.905725,2,2,1,0.831693,0.831778,0.831254,0.831778,0.466168,0.462596
130_bNAb_Combinations|1342348|vc|3|2|nan|4166,0,1,3,2,1,0.831693,0.831778,0.831254,0.831778,1.0563,1.05237
130_bNAb_Combinations|1342348|vc|4|2|nan|4166,0,0.920162,4,2,1,0.831693,0.831778,0.831254,0.831778,0.556539,0.552911
130_bNAb_Combinations|1342348|vc|5|2|nan|4166,0,0.841097,5,2,1,0.831693,0.831778,0.831254,0.831778,0.0616157,0.0582957
130_bNAb_Combinations|1342348|vc|6|2|nan|4166,0,0.905435,6,2,1,0.831693,0.831778,0.831254,0.831778,0.464352,0.460782
130_bNAb_Combinations|1342348|vc|7|2|nan|4166,0,0.801959,7,2,1,0.831693,0.831778,0.831254,0.831778,-0.183375,-0.186543
130_bNAb_Combinations|1342348|vc|8|2|nan|4166,0,0.723716,8,2,1,0.83168,0.831766,0.831241,0.831766,-0.673084,-0.675948
130_bNAb_Combinations|1342372|cc|1|1|nan|2944,0,0.00214128,1,1,0,0,0,0,0,0.929393,0.929393
130_bNAb_Combinations|1342372|cc|2|1|nan|2944,0,0.00406844,2,1,0,0,0,0,0,1.76585,1.76585
130_bNAb_Combinations|1342372|cc|3|1|nan|2944,0,0.00282649,3,1,0,0,0,0,0,1.2268,1.2268
130_bNAb_Combinations|1342372|cc|4|1|nan|2944,0,0.00355453,4,1,0,0,0,0,0,1.54279,1.54279
130_bNAb_Combinations|1342372|cc|5|1|nan|2944,0,0.00321192,5,1,0,0,0,0,0,1.39409,1.39409
130_bNAb_Combinations|1342372|cc|6|1|nan|2944,0,0.0020128,6,1,0,0,0,0,0,0.873629,0.873629
130_bNAb_Combinations|1342372|cc|7|1|nan|2944,0,0.00111347,7,1,0,0,0,0,0,0.483284,0.483284
130_bNAb_Combinations|1342372|cc|8|1|nan|2944,0,0.000642385,8,1,0,0,0,0,0,0.278818,0.278818
130_bNAb_Combinations|1342372|sample|3|nan|2944,0.0010624,0.787264,1,3,1,0.83168,0.83168,0.813472,0.814231,-0.167588,-0.172285
130_bNAb_Combinations|1342372|sample|3|nan|2944,0.005312,0.896555,2,3,1,0.831693,0.831693,0.768226,0.769564,0.868181,0.857657
130_bNAb_Combinations|1342372|sample|3|nan|2944,0.02656,0.630907,3,3,1,0.831706,0.831706,0.624359,0.627296,0.0543168,0.0298159
130_bNAb_Combinations|1342372|sample|3|nan|2944,0.1328,0.303313,4,3,1,0.831706,0.831706,0.302367,0.307036,0.0158757,-0.0615907
130_bNAb_Combinations|1342372|sample|3|nan|2944,0.664,0.0365731,5,3,1,0.831706,0.831706,0.0327713,0.0343915,0.446684,0.2474
130_bNAb_Combinations|1342372|sample|3|nan|2944,3.32,0.00179868,6,3,1,0.831706,0.831706,0.0029539,0.0029785,-0.403435,-0.411359
130_bNAb_Combinations|1342372|sample|3|nan|2944,16.6,0.000942164,7,3,1,0.831693,0.831693,0.00284875,0.00285526,-0.670498,-0.672494
130_bNAb_Combinations|1342372|sample|3|nan|2944,83,0.0014989,8,3,1,0.83168,0.83168,0.0028487,0.0028552,-0.474693,-0.476773
130_bNAb_Combinations|1342372|sample|4|nan|2944,0.0010624,0.711912,1,4,1,0.83168,0.83168,0.811815,0.812497,-0.640117,-0.643955
130_bNAb_Combinations|1342372|sample|4|nan|2944,0.005312,0.776814,2,4,1,0.831693,0.831693,0.762513,0.763581,0.0974679,0.0900621
130_bNAb_Combinations|1342372|sample|4|nan|2944,0.02656,0.656731,3,4,1,0.831706,0.831706,0.607661,0.609768,0.417969,0.398671
130_bNAb_Combinations|1342372|sample|4|nan|2944,0.1328,0.279309,4,4,1,0.831718,0.831718,0.274835,0.277878,0.0822962,0.0260466
130_bNAb_Combinations|1342372|sample|4|nan|2944,0.664,0.0268517,5,4,1,0.831718,0.831718,0.0246901,0.0255581,0.309657,0.181042
130_bNAb_Combinations|1342372|sample|4|nan|2944,3.32,0.00239824,6,4,1,0.831706,0.831706,0.00289369,0.00290608,-0.173717,-0.177917
130_bNAb_Combinations|1342372|sample|4|nan|2944,16.6,0.00145607,7,4,1,0.831693,0.831693,0.00284875,0.00285525,-0.489768,-0.491841
130_bNAb_Combinations|1342372|sample|4|nan|2944,83,0.0033404,8,4,1,0.83168,0.83168,0.0028487,0.0028552,0.172919,0.170558
130_bNAb_Combinations|1342372|vc|1|2|nan|2944,0,0.866191,1,2,1,0.83168,0.83168,0.831156,0.83168,0.219337,0.215922
130_bNAb_Combinations|1342372|vc|2|2|nan|2944,0,0.961949,2,2,1,0.831693,0.831693,0.831169,0.831693,0.818733,0.814945
130_bNAb_Combinations|1342372|vc|3|2|nan|2944,0,0.934862,3,2,1,0.831693,0.831693,0.831169,0.831693,0.649157,0.645475
130_bNAb_Combinations|1342372|vc|4|2|nan|2944,0,1,4,2,1,0.831693,0.831693,0.831169,0.831693,1.05694,1.05301
130_bNAb_Combinations|1342372|vc|5|2|nan|2944,0,0.921672,5,2,1,0.831693,0.831693,0.831169,0.831693,0.566581,0.562951
130_bNAb_Combinations|1342372|vc|6|2|nan|2944,0,0.914177,6,2,1,0.831693,0.831693,0.831169,0.831693,0.519663,0.516062
130_bNAb_Combinations|1342372|vc|7|2|nan|2944,0,0.942057,7,2,1,0.831693,0.831693,0.831169,0.831693,0.694199,0.690489
130_bNAb_Combinations|1342372|vc|8|2|nan|2944,0,0.751547,8,2,1,0.83168,0.83168,0.831156,0.83168,-0.498386,-0.501355
130_bNAb_Combinations|1342384|cc|1|1|nan|2946,0,0.000377127,1,1,0,0,0,0,0,0.163687,0.163687
130_bNAb_Combinations|1342384|cc|2|1|nan|2946,0,0.0014378,2,1,0,0,0,0,0,0.624055,0.624055
130_bNAb_Combinations|1342384|cc|3|1|nan|2946,0,0.00120209,3,1,0,0,0,0,0,0.521751,0.521751
130_bNAb_Combinations|1342384|cc|4|1|nan|2946,0,0.0012728,4,1,0,0,0,0,0,0.552443,0.552443
130_bNAb_Combinations|1342384|cc|5|1|nan|2946,0,0.000966389,5,1,0,0,0,0,0,0.419447,0.419447
130_bNAb_Combinations|1342384|cc|6|1|nan|2946,0,0.00162636,6,1,0,0,0,0,0,0.705899,0.705899
130_bNAb_Combinations|1342384|cc|7|1|nan|2946,0,0.000848536,7,1,0,0,0,0,0,0.368295,0.368295
130_bNAb_Combinations|1342384|cc|8|1|nan|2946,0,0.00219205,8,1,0,0,0,0,0,0.951429,0.951429
130_bNAb_Combinations|1342384|sample|3|nan|2946,0.0010624,0.852284,1,3,1,0.83168,0.831672,0.831133,0.831656,0.13242,0.129065
130_bNAb_Combinations|1342384|sample|3|nan|2946,0.005312,0.967355,2,3,1,0.831693,0.831685,0.830977,0.831488,0.85397,0.850253
130_bNAb_Combinations|1342384|sample|3|nan|2946,0.02656,0.934439,3,3,1,0.831706,0.831698,0.828948,0.829316,0.662154,0.659551
130_bNAb_Combinations|1342384|sample|3|nan|2946,0.1328,0.7873,4,3,1,0.831706,0.831698,0.804771,0.803483,-0.112904,-0.10475
130_bNAb_Combinations|1342384|sample|3|nan|2946,0.664,0.423797,5,3,1,0.831706,0.831698,0.577299,0.563602,-1.37485,-1.28196
130_bNAb_Combinations|1342384|sample|3|nan|2946,3.32,0.0580305,6,3,1,0.831706,0.831698,0.0617638,0.05308,-0.26662,0.400595
130_bNAb_Combinations|1342384|sample|3|nan|2946,16.6,0.00157922,7,3,1,0.831693,0.831685,0.0031876,0.00307801,-0.55314,-0.519156
130_bNAb_Combinations|1342384|sample|3|nan|2946,83,0.00113138,8,3,1,0.83168,0.831672,0.00284943,0.00285549,-0.604167,-0.606053
130_bNAb_Combinations|1342384|sample|4|nan|2946,0.0010624,0.86071,1,4,1,0.83168,0.831672,0.831131,0.831656,0.185183,0.181783
130_bNAb_Combinations|1342384|sample|4|nan|2946,0.005312,0.945269,2,4,1,0.831693,0.831685,0.83096,0.831495,0.715791,0.711993
130_bNAb_Combinations|1342384|sample|4|nan|2946,0.02656,0.912624,3,4,1,0.831706,0.831698,0.828751,0.8294,0.526587,0.522106
130_bNAb_Combinations|1342384|sample|4|nan|2946,0.1328,0.777,4,4,1,0.831718,0.83171,0.802484,0.804475,-0.165159,-0.177627
130_bNAb_Combinations|1342384|sample|4|nan|2946,0.664,0.449052,5,4,1,0.831718,0.83171,0.558977,0.571402,-1.01613,-1.1069
130_bNAb_Combinations|1342384|sample|4|nan|2946,3.32,0.0637345,6,4,1,0.831706,0.831698,0.0494617,0.0583062,1.22277,0.406687
130_bNAb_Combinations|1342384|sample|4|nan|2946,16.6,0.000824966,7,4,1,0.831693,0.831685,0.00301842,0.00315308,-0.762761,-0.80247
130_bNAb_Combinations|1342384|sample|4|nan|2946,83,0.00122566,8,4,1,0.83168,0.831672,0.00284882,0.00285578,-0.570819,-0.573002
130_bNAb_Combinations|1342384|vc|1|2|nan|2946,0,0.93029,1,2,1,0.83168,0.831672,0.831148,0.831672,0.620681,0.617017
130_bNAb_Combinations|1342384|vc|2|2|nan|2946,0,0.910809,2,2,1,0.831693,0.831685,0.831161,0.831685,0.498633,0.495044
130_bNAb_Combinations|1342384|vc|3|2|nan|2946,0,1,3,2,1,0.831693,0.831685,0.831161,0.831685,1.057,1.05307
130_bNAb_Combinations|1342384|vc|4|2|nan|2946,0,0.996582,4,2,1,0.831693,0.831685,0.831161,0.831685,1.03561,1.03168
130_bNAb_Combinations|1342384|vc|5|2|nan|2946,0,0.999953,5,2,1,0.831693,0.831685,0.831161,0.831685,1.05671,1.05277
130_bNAb_Combinations|1342384|vc|6|2|nan|2946,0,0.889549,6,2,1,0.831693,0.831685,0.831161,0.831685,0.365533,0.362027
130_bNAb_Combinations|1342384|vc|7|2|nan|2946,0,0.878541,7,2,1,0.831693,0.831685,0.831161,0.831685,0.296623,0.293159
130_bNAb_Combinations|1342384|vc|8|2|nan|2946,0,0.78624,8,2,1,0.83168,0.831672,0.831148,0.831672,-0.281149,-0.284253
130_bNAb_Combinations|1342396|cc|1|1|PVO.4|5024,0,0.000406233,1,1,0,0,0,0,0,0.17632,0.17632
130_bNAb_Combinations|1342396|cc|2|1|PVO.4|5024,0,0.00130897,2,1,0,0,0,0,0,0.568142,0.568142
130_bNAb_Combinations|1342396|cc|3|1|PVO.4|5024,0,0.00155723,3,1,0,0,0,0,0,0.675893,0.675893
130_bNAb_Combinations|1342396|cc|4|1|PVO.4|5024,0,0.000835035,4,1,0,0,0,0,0,0.362435,0.362435
130_bNAb_Combinations|1342396|cc|5|1|PVO.4|5024,0,0.000654487,5,1,0,0,0,0,0,0.284071,0.284071
130_bNAb_Combinations|1342396|cc|6|1|PVO.4|5024,0,0.000631919,6,1,0,0,0,0,0,0.274275,0.274275
130_bNAb_Combinations|1342396|cc|7|1|PVO.4|5024,0,0.000880172,7,1,0,0,0,0,0,0.382026,0.382026
130_bNAb_Combinations|1342396|cc|8|1|PVO.4|5024,0,0.00139925,8,1,0,0,0,0,0,0.607324,0.607324
130_bNAb_Combinations|1342396|sample|3|PVO.4|5024,0.0010624,0.997833,1,3,1,0.83168,0.83168,0.824217,0.82458,1.09594,1.09316
130_bNAb_Combinations|1342396|sample|3|PVO.4|5024,0.005312,0.936549,2,3,1,0.831693,0.831693,0.801059,0.800899,0.879618,0.880831
130_bNAb_Combinations|1342396|sample|3|PVO.4|5024,0.02656,0.845349,3,3,1,0.831706,0.831706,0.707214,0.705103,1.01378,1.0323
130_bNAb_Combinations|1342396|sample|3|PVO.4|5024,0.1328,0.395513,4,3,1,0.831706,0.831706,0.416511,0.410481,-0.258612,-0.186968
130_bNAb_Combinations|1342396|sample|3|PVO.4|5024,0.664,0.0558345,5,3,1,0.831706,0.831706,0.0566003,0.0536593,-0.0587975,0.174475
130_bNAb_Combinations|1342396|sample|3|PVO.4|5024,3.32,0.00187319,6,3,1,0.831706,0.831706,0.00300766,0.00299136,-0.394787,-0.389532
130_bNAb_Combinations|1342396|sample|3|PVO.4|5024,16.6,0.000383665,7,3,1,0.831693,0.831693,0.00284876,0.00285526,-0.86691,-0.86882
130_bNAb_Combinations|1342396|sample|3|PVO.4|5024,83,4.5137e-05,8,3,1,0.83168,0.83168,0.00284871,0.00285521,-0.985948,-0.987806
130_bNAb_Combinations|1342396|sample|4|PVO.4|5024,0.0010624,1,1,4,1,0.83168,0.83168,0.824747,0.825296,1.10556,1.10137
130_bNAb_Combinations|1342396|sample|4|PVO.4|5024,0.005312,0.917851,2,4,1,0.831693,0.831693,0.80333,0.803964,0.741409,0.736739
130_bNAb_Combinations|1342396|sample|4|PVO.4|5024,0.02656,0.813708,3,4,1,0.831706,0.831706,0.716032,0.716987,0.708166,0.70033
130_bNAb_Combinations|1342396|sample|4|PVO.4|5024,0.1328,0.442377,4,4,1,0.831718,0.831719,0.43916,0.440852,0.0376341,0.0177743
130_bNAb_Combinations|1342396|sample|4|PVO.4|5024,0.664,0.0734831,5,4,1,0.831718,0.831719,0.0691554,0.0702556,0.280974,0.206747
130_bNAb_Combinations|1342396|sample|4|PVO.4|5024,3.32,0.000744761,6,4,1,0.831706,0.831706,0.00315521,0.00318406,-0.830735,-0.839097
130_bNAb_Combinations|1342396|sample|4|PVO.4|5024,16.6,0,7,4,1,0.831693,0.831693,0.00284878,0.00285528,-1.00184,-1.00369
130_bNAb_Combinations|1342396|sample|4|PVO.4|5024,83,0.00128641,8,4,1,0.83168,0.83168,0.00284871,0.00285521,-0.549424,-0.551472
130_bNAb_Combinations|1342396|vc|1|2|PVO.4|5024,0,0.943804,1,2,1,0.83168,0.83168,0.831156,0.83168,0.705225,0.701509
130_bNAb_Combinations|1342396|vc|2|2|PVO.4|5024,0,0.908609,2,2,1,0.831693,0.831693,0.831169,0.831693,0.484798,0.481218
130_bNAb_Combinations|1342396|vc|3|2|PVO.4|5024,0,0.910922,3,2,1,0.831693,0.831693,0.831169,0.831693,0.49928,0.495691
130_bNAb_Combinations|1342396|vc|4|2|PVO.4|5024,0,0.912705,4,2,1,0.831693,0.831693,0.831169,0.831693,0.510441,0.506846
130_bNAb_Combinations|1342396|vc|5|2|PVO.4|5024,0,0.907345,5,2,1,0.831693,0.831693,0.831169,0.831693,0.476886,0.473311
130_bNAb_Combinations|1342396|vc|6|2|PVO.4|5024,0,0.878886,6,2,1,0.831693,0.831693,0.831169,0.831693,0.298723,0.295259
130_bNAb_Combinations|1342396|vc|7|2|PVO.4|5024,0,0.860549,7,2,1,0.831693,0.831693,0.831169,0.831693,0.183928,0.180535
130_bNAb_Combinations|1342396|vc|8|2|PVO.4|5024,0,0.761022,8,2,1,0.83168,0.83168,0.831156,0.83168,-0.439073,-0.442079
130_bNAb_Combinations|1342408|cc|1|1|nan|4168,0,0.0014393,1,1,0,0,0,0,0,0.624708,0.624708
130_bNAb_Combinations|1342408|cc|2|1|nan|4168,0,0.0014393,2,1,0,0,0,0,0,0.624708,0.624708
130_bNAb_Combinations|1342408|cc|3|1|nan|4168,0,0.000729786,3,1,0,0,0,0,0,0.316753,0.316753
130_bNAb_Combinations|1342408|cc|4|1|nan|4168,0,0.00152039,4,1,0,0,0,0,0,0.659903,0.659903
130_bNAb_Combinations|1342408|cc|5|1|nan|4168,0,0.000973049,5,1,0,0,0,0,0,0.422338,0.422338
130_bNAb_Combinations|1342408|cc|6|1|nan|4168,0,0.00105414,6,1,0,0,0,0,0,0.457533,0.457533
130_bNAb_Combinations|1342408|cc|7|1|nan|4168,0,0.00154066,7,1,0,0,0,0,0,0.668701,0.668701
130_bNAb_Combinations|1342408|cc|8|1|nan|4168,0,0.00145957,8,1,0,0,0,0,0,0.633507,0.633507
130_bNAb_Combinations|1342408|sample|3|nan|4168,0.0010624,0.884744,1,3,1,0.83168,0.831689,0.823913,0.824384,0.384132,0.380939
130_bNAb_Combinations|1342408|sample|3|nan|4168,0.005312,0.890796,2,3,1,0.831693,0.831702,0.804703,0.805038,0.556433,0.554037
130_bNAb_Combinations|1342408|sample|3|nan|4168,0.02656,0.776077,3,3,1,0.831706,0.831715,0.738173,0.73807,0.266707,0.267464
130_bNAb_Combinations|1342408|sample|3|nan|4168,0.1328,0.462381,4,3,1,0.831706,0.831715,0.544067,0.543005,-0.77534,-0.766723
130_bNAb_Combinations|1342408|sample|3|nan|4168,0.664,0.16701,5,3,1,0.831706,0.831715,0.206782,0.205483,-0.959043,-0.933266
130_bNAb_Combinations|1342408|sample|3|nan|4168,3.32,0.0252587,6,3,1,0.831706,0.831715,0.02114,0.0209537,0.652929,0.686296
130_bNAb_Combinations|1342408|sample|3|nan|4168,16.6,0.00823037,7,3,1,0.831693,0.831702,0.0031546,0.0031596,1.74938,1.74708
130_bNAb_Combinations|1342408|sample|3|nan|4168,83,0.0027367,8,3,1,0.83168,0.831689,0.00285058,0.00285711,-0.0400458,-0.0423213
130_bNAb_Combinations|1342408|sample|4|nan|4168,0.0010624,0.931106,1,4,1,0.83168,0.831689,0.824489,0.824935,0.672787,0.669615
130_bNAb_Combinations|1342408|sample|4|nan|4168,0.005312,0.912324,2,4,1,0.831693,0.831702,0.806784,0.807027,0.680392,0.678624
130_bNAb_Combinations|1342408|sample|4|nan|4168,0.02656,0.764897,3,4,1,0.831706,0.831715,0.745195,0.744775,0.137343,0.140348
130_bNAb_Combinations|1342408|sample|4|nan|4168,0.1328,0.50485,4,4,1,0.831718,0.831727,0.562772,0.560816,-0.531892,-0.515682
130_bNAb_Combinations|1342408|sample|4|nan|4168,0.664,0.189005,5,4,1,0.831718,0.831727,0.230919,0.228297,-0.910348,-0.862708
130_bNAb_Combinations|1342408|sample|4|nan|4168,3.32,0.0320092,6,4,1,0.831706,0.831715,0.027645,0.0270329,0.578796,0.670285
130_bNAb_Combinations|1342408|sample|4|nan|4168,16.6,0.00490579,7,4,1,0.831693,0.831702,0.00342343,0.00340924,0.502089,0.507357
130_bNAb_Combinations|1342408|sample|4|nan|4168,83,0.00336513,8,4,1,0.83168,0.831689,0.00285399,0.00286027,0.179691,0.177407
130_bNAb_Combinations|1342408|vc|1|2|nan|4168,0,0.949635,1,2,1,0.83168,0.831689,0.831165,0.831689,0.741663,0.737925
130_bNAb_Combinations|1342408|vc|2|2|nan|4168,0,0.965274,2,2,1,0.831693,0.831702,0.831178,0.831702,0.839481,0.835682
130_bNAb_Combinations|1342408|vc|3|2|nan|4168,0,1,3,2,1,0.831693,0.831702,0.831178,0.831702,1.05687,1.05294
130_bNAb_Combinations|1342408|vc|4|2|nan|4168,0,0.969906,4,2,1,0.831693,0.831702,0.831178,0.831702,0.868479,0.864662
130_bNAb_Combinations|1342408|vc|5|2|nan|4168,0,0.940482,5,2,1,0.831693,0.831702,0.831178,0.831702,0.684273,0.68057
130_bNAb_Combinations|1342408|vc|6|2|nan|4168,0,0.930052,6,2,1,0.831693,0.831702,0.831178,0.831702,0.61898,0.615317
130_bNAb_Combinations|1342408|vc|7|2|nan|4168,0,0.924538,7,2,1,0.831693,0.831702,0.831178,0.831702,0.584461,0.58082
130_bNAb_Combinations|1342408|vc|8|2|nan|4168,0,0.903212,8,2,1,0.83168,0.831689,0.831165,0.831689,0.451041,0.447483
704_VRC01_Concordance|1200432|cc|1|1|PVO.4|5024,0,0.00146144,1,1,0,0,0,0,0,0.634318,0.634318
704_VRC01_Concordance|1200432|cc|2|1|PVO.4|5024,0,0.00217593,2,1,0,0,0,0,0,0.944429,0.944429
704_VRC01_Concordance|1200432|cc|3|1|PVO.4|5024,0,0.0011042,3,1,0,0,0,0,0,0.479263,0.479263
704_VRC01_Concordance|1200432|cc|4|1|PVO.4|5024,0,0.00198107,4,1,0,0,0,0,0,0.859853,0.859853
704_VRC01_Concordance|1200432|cc|5|1|PVO.4|5024,0,0.00298784,5,1,0,0,0,0,0,1.29683,1.29683
704_VRC01_Concordance|1200432|cc|6|1|PVO.4|5024,0,0.00175373,6,1,0,0,0,0,0,0.761182,0.761182
704_VRC01_Concordance|1200432|cc|7|1|PVO.4|5024,0,0.00233831,7,1,0,0,0,0,0,1.01491,1.01491
704_VRC01_Concordance|1200432|cc|8|1|PVO.4|5024,0,0.00334508,8,1,0,0,0,0,0,1.45188,1.45188
704_VRC01_Concordance|1200432|sample|10|PVO.4|5024,0.002286236854138,0.850689,1,10,1,0.83168,0.83168,0.831067,0.831589,0.122856,0.119514
704_VRC01_Concordance|1200432|sample|10|PVO.4|5024,0.0068587105624142,0.988097,2,10,1,0.831693,0.831693,0.830731,0.831245,0.985679,0.981862
704_VRC01_Concordance|1200432|sample|10|PVO.4|5024,0.0205761316872428,0.866635,3,10,1,0.831706,0.831706,0.829027,0.829501,0.236041,0.232936
704_VRC01_Concordance|1200432|sample|10|PVO.4|5024,0.0617283950617284,0.879642,4,10,1,0.831706,0.831706,0.820637,0.820917,0.374062,0.372166
704_VRC01_Concordance|1200432|sample|10|PVO.4|5024,0.1851851851851852,0.740724,5,10,1,0.831706,0.831706,0.781029,0.780428,-0.268272,-0.264476
704_VRC01_Concordance|1200432|sample|10|PVO.4|5024,0.5555555555555556,0.485621,6,10,1,0.831706,0.831706,0.62131,0.617826,-1.13087,-1.10793
704_VRC01_Concordance|1200432|sample|10|PVO.4|5024,1.66666666666667,0.212201,7,10,1,0.831693,0.831693,0.260116,0.254825,-0.929065,-0.842861
704_VRC01_Concordance|1200432|sample|10|PVO.4|5024,5,0.0380949,8,10,1,0.83168,0.83168,0.0334864,0.0322007,0.532984,0.70143
704_VRC01_Concordance|1200432|sample|11|PVO.4|5024,0.0457247370827617,0.868454,1,11,1,0.83168,0.83168,0.822145,0.82269,0.293046,0.289409
704_VRC01_Concordance|1200432|sample|11|PVO.4|5024,0.1371742112482853,0.719452,2,11,1,0.831693,0.831693,0.787989,0.788616,-0.452223,-0.456003
704_VRC01_Concordance|1200432|sample|11|PVO.4|5024,0.411522633744856,0.42653,3,11,1,0.831693,0.831693,0.644768,0.645789,-1.75391,-1.75938
704_VRC01_Concordance|1200432|sample|11|PVO.4|5024,1.23456790123457,0.188591,4,11,1,0.831693,0.831693,0.282808,0.284855,-1.68634,-1.7111
704_VRC01_Concordance|1200432|sample|11|PVO.4|5024,3.7037037037037,0.036601,5,11,1,0.831693,0.831693,0.0300976,0.0311507,0.812449,0.664329
704_VRC01_Concordance|1200432|sample|11|PVO.4|5024,11.1111111111111,0.00789179,6,11,1,0.831693,0.831693,0.00343912,0.00351416,1.50664,1.47416
704_VRC01_Concordance|1200432|sample|11|PVO.4|5024,33.3333333333333,0.00133154,7,11,1,0.831693,0.831693,0.00285555,0.0028636,-0.535714,-0.538255
704_VRC01_Concordance|1200432|sample|11|PVO.4|5024,100,0.000389718,8,11,1,0.83168,0.83168,0.00284877,0.00285529,-0.864784,-0.866702
704_VRC01_Concordance|1200432|sample|12|PVO.4|5024,0.0457247370827617,0.755582,1,12,1,0.83168,0.83168,0.821927,0.822262,-0.419945,-0.421897
704_VRC01_Concordance|1200432|sample|12|PVO.4|5024,0.1371742112482853,0.635256,2,12,1,0.83168,0.83168,0.786956,0.786601,-1.00223,-1.00033
704_VRC01_Concordance|1200432|sample|12|PVO.4|5024,0.411522633744856,0.416203,3,12,1,0.83168,0.83168,0.640792,0.638015,-1.81594,-1.80115
704_VRC01_Concordance|1200432|sample|12|PVO.4|5024,1.23456790123457,0.135362,4,12,1,0.83168,0.83168,0.275516,0.270676,-2.57213,-2.5258
704_VRC01_Concordance|1200432|sample|12|PVO.4|5024,3.7037037037037,0.0341003,5,12,1,0.83168,0.83168,0.0279262,0.0269292,0.813079,0.968471
704_VRC01_Concordance|1200432|sample|12|PVO.4|5024,11.1111111111111,0.00308527,6,12,1,0.83168,0.83168,0.0033437,0.00332353,-0.0879819,-0.0812221
704_VRC01_Concordance|1200432|sample|12|PVO.4|5024,33.3333333333333,0.000292288,7,12,1,0.83168,0.83168,0.00285382,0.00286002,-0.900521,-0.902328
704_VRC01_Concordance|1200432|sample|12|PVO.4|5024,100,0.000292288,8,12,1,0.83168,0.83168,0.00284875,0.00285525,-0.899041,-0.900937
704_VRC01_Concordance|1200432|sample|3|PVO.4|5024,0.0457247370827617,0.931426,1,3,1,0.83168,0.83168,0.82034,0.82072,0.70448,0.701753
704_VRC01_Concordance|1200432|sample|3|PVO.4|5024,0.1371742112482853,0.65242,2,3,1,0.831693,0.831693,0.779561,0.77942,-0.847829,-0.847037
704_VRC01_Concordance|1200432|sample|3|PVO.4|5024,0.411522633744856,0.404284,3,3,1,0.831706,0.831706,0.612622,0.610768,-1.76049,-1.75002
704_VRC01_Concordance|1200432|sample|3|PVO.4|5024,1.23456790123457,0.116071,4,3,1,0.831706,0.831706,0.227823,0.225171,-2.45847,-2.42695
704_VRC01_Concordance|1200432|sample|3|PVO.4|5024,3.7037037037037,0.0223763,5,3,1,0.831706,0.831706,0.0165396,0.0162883,1.07357,1.12969
704_VRC01_Concordance|1200432|sample|3|PVO.4|5024,11.1111111111111,0.00337756,6,3,1,0.831706,0.831706,0.00298579,0.00299178,0.136527,0.134388
704_VRC01_Concordance|1200432|sample|3|PVO.4|5024,33.3333333333333,0.00295536,7,3,1,0.831693,0.831693,0.00284939,0.00285591,0.0372663,0.0349584
704_VRC01_Concordance|1200432|sample|3|PVO.4|5024,100,0.00168878,8,3,1,0.83168,0.83168,0.0028487,0.00285521,-0.407918,-0.410027
704_VRC01_Concordance|1200432|sample|4|PVO.4|5024,0.0457247370827617,0.855821,1,4,1,0.83168,0.83168,0.823474,0.824132,0.204367,0.200052
704_VRC01_Concordance|1200432|sample|4|PVO.4|5024,0.1371742112482853,0.721108,2,4,1,0.831693,0.831693,0.794242,0.795403,-0.47881,-0.485712
704_VRC01_Concordance|1200432|sample|4|PVO.4|5024,0.411522633744856,0.572009,3,4,1,0.831706,0.831706,0.66949,0.672658,-0.755014,-0.775946
704_VRC01_Concordance|1200432|sample|4|PVO.4|5024,1.23456790123457,0.23966,4,4,1,0.831718,0.831718,0.331632,0.338369,-1.41238,-1.4867
704_VRC01_Concordance|1200432|sample|4|PVO.4|5024,3.7037037037037,0.0572236,5,4,1,0.831718,0.831718,0.0480418,0.0516172,0.805171,0.464073
704_VRC01_Concordance|1200432|sample|4|PVO.4|5024,11.1111111111111,0.00779436,6,4,1,0.831706,0.831706,0.00457632,0.00493645,1.01491,0.882351
704_VRC01_Concordance|1200432|sample|4|PVO.4|5024,33.3333333333333,0.0027605,7,4,1,0.831693,0.831693,0.00288732,0.00290857,-0.0444845,-0.0518662
704_VRC01_Concordance|1200432|sample|4|PVO.4|5024,100,0.00116915,8,4,1,0.83168,0.83168,0.00284945,0.00285641,-0.590891,-0.593061
704_VRC01_Concordance|1200432|sample|5|PVO.4|5024,0.002286236854138,0.883215,1,5,1,0.83168,0.83168,0.831063,0.831586,0.326529,0.323053
704_VRC01_Concordance|1200432|sample|5|PVO.4|5024,0.0068587105624142,0.89653,2,5,1,0.831693,0.831693,0.830709,0.831229,0.412283,0.408777
704_VRC01_Concordance|1200432|sample|5|PVO.4|5024,0.0205761316872428,0.878603,3,5,1,0.831706,0.831706,0.828921,0.829423,0.311858,0.308522
704_VRC01_Concordance|1200432|sample|5|PVO.4|5024,0.0617283950617284,0.790088,4,5,1,0.831718,0.831718,0.820133,0.820551,-0.190585,-0.193139
704_VRC01_Concordance|1200432|sample|5|PVO.4|5024,0.1851851851851852,0.721465,5,5,1,0.831718,0.831718,0.778646,0.778689,-0.381747,-0.382015
704_VRC01_Concordance|1200432|sample|5|PVO.4|5024,0.5555555555555556,0.483543,6,5,1,0.831706,0.831706,0.612457,0.611381,-1.08964,-1.08241
704_VRC01_Concordance|1200432|sample|5|PVO.4|5024,1.66666666666667,0.199503,7,5,1,0.831693,0.831693,0.245693,0.244454,-0.945718,-0.924803
704_VRC01_Concordance|1200432|sample|5|PVO.4|5024,5,0.0347498,8,5,1,0.83168,0.83168,0.0288863,0.0289363,0.754121,0.746785
704_VRC01_Concordance|1200432|sample|6|PVO.4|5024,0.002286236854138,0.994382,1,6,1,0.83168,0.83168,0.831078,0.831596,1.02244,1.01857
704_VRC01_Concordance|1200432|sample|6|PVO.4|5024,0.0068587105624142,0.986474,2,6,1,0.831693,0.831693,0.830786,0.831281,0.975098,0.97143
704_VRC01_Concordance|1200432|sample|6|PVO.4|5024,0.0205761316872428,0.991621,3,6,1,0.831706,0.831706,0.829299,0.829678,1.01845,1.01561
704_VRC01_Concordance|1200432|sample|6|PVO.4|5024,0.0617283950617284,0.869396,4,6,1,0.831718,0.831718,0.821974,0.821794,0.300147,0.301354
704_VRC01_Concordance|1200432|sample|6|PVO.4|5024,0.1851851851851852,0.779355,5,6,1,0.831718,0.831718,0.787204,0.784455,-0.0518442,-0.0337991
704_VRC01_Concordance|1200432|sample|6|PVO.4|5024,0.5555555555555556,0.468051,6,6,1,0.831706,0.831706,0.644561,0.632804,-1.419,-1.34863
704_VRC01_Concordance|1200432|sample|6|PVO.4|5024,1.66666666666667,0.186123,7,6,1,0.831693,0.831693,0.301062,0.280215,-1.93735,-1.69905
704_VRC01_Concordance|1200432|sample|6|PVO.4|5024,5,0.0497215,8,6,1,0.83168,0.83168,0.049314,0.0412726,0.0349966,0.834755
704_VRC01_Concordance|1200432|sample|7|PVO.4|5024,0.0457247370827617,0.822711,1,7,1,0.83168,0.83168,0.821599,0.822,0.00703715,0.00449767
704_VRC01_Concordance|1200432|sample|7|PVO.4|5024,0.1371742112482853,0.758505,2,7,1,0.831693,0.831693,0.785434,0.785387,-0.178255,-0.177955
704_VRC01_Concordance|1200432|sample|7|PVO.4|5024,0.411522633744856,0.445919,3,7,1,0.831706,0.831706,0.634892,0.633322,-1.5419,-1.53281
704_VRC01_Concordance|1200432|sample|7|PVO.4|5024,1.23456790123457,0.173424,4,7,1,0.831718,0.831718,0.264924,0.262354,-1.74341,-1.7103
704_VRC01_Concordance|1200432|sample|7|PVO.4|5024,3.7037037037037,0.0308202,5,7,1,0.831718,0.831718,0.0249839,0.0246606,0.829465,0.883109
704_VRC01_Concordance|1200432|sample|7|PVO.4|5024,11.1111111111111,0.00402709,6,7,1,0.831706,0.831706,0.00322857,0.0032352,0.273887,0.271498
704_VRC01_Concordance|1200432|sample|7|PVO.4|5024,33.3333333333333,0.00243574,7,7,1,0.831693,0.831693,0.00285208,0.00285869,-0.146385,-0.148642
704_VRC01_Concordance|1200432|sample|7|PVO.4|5024,100,0.00113668,8,7,1,0.83168,0.83168,0.00284873,0.00285523,-0.602085,-0.60411
704_VRC01_Concordance|1200432|sample|8|PVO.4|5024,0.0457247370827617,0.796746,1,8,1,0.83168,0.83168,0.822411,0.822679,-0.162357,-0.164001
704_VRC01_Concordance|1200432|sample|8|PVO.4|5024,0.1371742112482853,0.73569,2,8,1,0.831693,0.831693,0.789237,0.788565,-0.352763,-0.348629
704_VRC01_Concordance|1200432|sample|8|PVO.4|5024,0.411522633744856,0.466265,3,8,1,0.831706,0.831706,0.649651,0.6456,-1.46294,-1.43943
704_VRC01_Concordance|1200432|sample|8|PVO.4|5024,1.23456790123457,0.184954,4,8,1,0.831718,0.831718,0.291971,0.284493,-1.85774,-1.77148
704_VRC01_Concordance|1200432|sample|8|PVO.4|5024,3.7037037037037,0.0379325,5,8,1,0.831718,0.831718,0.0330027,0.0310353,0.576254,0.842943
704_VRC01_Concordance|1200432|sample|8|PVO.4|5024,11.1111111111111,0.00399461,6,8,1,0.831706,0.831706,0.00358073,0.0035085,0.138782,0.163756
704_VRC01_Concordance|1200432|sample|8|PVO.4|5024,33.3333333333333,0.00168878,7,8,1,0.831693,0.831693,0.00285838,0.00286348,-0.411054,-0.412709
704_VRC01_Concordance|1200432|sample|8|PVO.4|5024,100,0,8,8,1,0.83168,0.83168,0.00284881,0.00285529,-1.00185,-1.0037
704_VRC01_Concordance|1200432|sample|9|PVO.4|5024,0.002286236854138,0.844113,1,9,1,0.83168,0.83168,0.831062,0.831586,0.0817112,0.0783812
704_VRC01_Concordance|1200432|sample|9|PVO.4|5024,0.0068587105624142,0.938782,2,9,1,0.831693,0.831693,0.830707,0.831231,0.676955,0.673253
704_VRC01_Concordance|1200432|sample|9|PVO.4|5024,0.0205761316872428,0.856568,3,9,1,0.831706,0.831706,0.828909,0.829434,0.173616,0.170212
704_VRC01_Concordance|1200432|sample|9|PVO.4|5024,0.0617283950617284,0.895653,4,9,1,0.831718,0.831718,0.820077,0.820607,0.479437,0.47577
704_VRC01_Concordance|1200432|sample|9|PVO.4|5024,0.1851851851851852,0.785119,5,9,1,0.831718,0.831718,0.778387,0.77895,0.0449574,0.0411698
704_VRC01_Concordance|1200432|sample|9|PVO.4|5024,0.5555555555555556,0.449345,6,9,1,0.831706,0.831706,0.611507,0.612337,-1.37275,-1.37794
704_VRC01_Concordance|1200432|sample|9|PVO.4|5024,1.66666666666667,0.160499,7,9,1,0.831693,0.831693,0.24418,0.245973,-1.72347,-1.74816
704_VRC01_Concordance|1200432|sample|9|PVO.4|5024,5,0.0365685,8,9,1,0.83168,0.83168,0.0284317,0.0293988,1.05822,0.910739
704_VRC01_Concordance|1200432|vc|1|2|PVO.4|5024,0,0.927366,1,2,1,0.83168,0.83168,0.831156,0.83168,0.602319,0.598667
704_VRC01_Concordance|1200432|vc|2|2|PVO.4|5024,0,0.913369,2,2,1,0.831693,0.831693,0.831169,0.831693,0.514602,0.511004
704_VRC01_Concordance|1200432|vc|3|2|PVO.4|5024,0,1,3,2,1,0.831693,0.831693,0.831169,0.831693,1.05694,1.05301
704_VRC01_Concordance|1200432|vc|4|2|PVO.4|5024,0,0.936054,4,2,1,0.831693,0.831693,0.831169,0.831693,0.656617,0.65293
704_VRC01_Concordance|1200432|vc|5|2|PVO.4|5024,0,0.990712,5,2,1,0.831693,0.831693,0.831169,0.831693,0.998794,0.994895
704_VRC01_Concordance|1200432|vc|6|2|PVO.4|5024,0,0.919832,6,2,1,0.831693,0.831693,0.831169,0.831693,0.555061,0.551438
704_VRC01_Concordance|1200432|vc|7|2|PVO.4|5024,0,0.864589,7,2,1,0.831693,0.831693,0.831169,0.831693,0.209224,0.205815
704_VRC01_Concordance|1200432|vc|8|2|PVO.4|5024,0,0.869461,8,2,1,0.83168,0.83168,0.831156,0.83168,0.239805,0.236377
