id,time,rlu_norm,plate_row,plate_col,virus_cc,popPred_medianCOV,popPred,indivPred_SAEM,indivPred_mode,indWRes_SAEM,indWRes_mode
130_bNAb_Combinations|1313842|cc|1|1|nan|2946,0,0.00107969,1,1,0,0,0,0,0,0.609474,0.609474
130_bNAb_Combinations|1313842|cc|2|1|nan|2946,0,0.000918885,2,1,0,0,0,0,0,0.518701,0.518701
130_bNAb_Combinations|1313842|cc|3|1|nan|2946,0,0.00110266,3,1,0,0,0,0,0,0.622442,0.622442
130_bNAb_Combinations|1313842|cc|4|1|nan|2946,0,0.00133238,4,1,0,0,0,0,0,0.752117,0.752117
130_bNAb_Combinations|1313842|cc|5|1|nan|2946,0,0.00153913,5,1,0,0,0,0,0,0.868825,0.868825
130_bNAb_Combinations|1313842|cc|6|1|nan|2946,0,0.00149319,6,1,0,0,0,0,0,0.84289,0.84289
130_bNAb_Combinations|1313842|cc|7|1|nan|2946,0,0.00149319,7,1,0,0,0,0,0,0.84289,0.84289
130_bNAb_Combinations|1313842|cc|8|1|nan|2946,0,0.000826997,8,1,0,0,0,0,0,0.466831,0.466831
130_bNAb_Combinations|1313842|sample|10|nan|2946,0.0003648,0.782305,1,10,1,0.799528,0.799487,0.799756,0.799487,-0.0641454,-0.0631786
130_bNAb_Combinations|1313842|sample|10|nan|2946,0.001824,0.882187,2,10,1,0.799528,0.799487,0.799712,0.799459,0.303177,0.304203
130_bNAb_Combinations|1313842|sample|10|nan|2946,0.00912,0.889573,3,10,1,0.799528,0.799487,0.798259,0.798345,0.336275,0.335922
130_bNAb_Combinations|1313842|sample|10|nan|2946,0.0456,0.751223,4,10,1,0.799527,0.797497,0.754699,0.757998,-0.013534,-0.0262663
130_bNAb_Combinations|1313842|sample|10|nan|2946,0.228,0.542866,5,10,1,0.0198176,0.130964,0.387708,0.376898,1.16836,1.28512
130_bNAb_Combinations|1313842|sample|10|nan|2946,1.14,0.150628,6,10,1,0.0130677,0.00343437,0.104188,0.0944141,1.25576,1.66911
130_bNAb_Combinations|1313842|sample|10|nan|2946,5.7,0.0141738,7,10,1,0.0130674,0.000555624,0.0266535,0.0224722,-1.15776,-0.886004
130_bNAb_Combinations|1313842|sample|10|nan|2946,28.5,0.000252693,8,10,1,0.0130674,0.000490902,0.00720372,0.00552114,-1.65263,-1.44841
130_bNAb_Combinations|1313842|sample|11|nan|2946,0.0003712,0.787795,1,11,1,0.799528,0.799487,0.799743,0.799478,-0.0439183,-0.0429587
130_bNAb_Combinations|1313842|sample|11|nan|2946,0.001856,0.899692,2,11,1,0.799528,0.799487,0.799514,0.799303,0.36834,0.369215
130_bNAb_Combinations|1313842|sample|11|nan|2946,0.00928,0.943259,3,11,1,0.799528,0.799487,0.795597,0.795949,0.545586,0.544047
130_bNAb_Combinations|1313842|sample|11|nan|2946,0.0464,0.770876,4,11,1,0.799527,0.797279,0.737022,0.739615,0.134956,0.124185
130_bNAb_Combinations|1313842|sample|11|nan|2946,0.2319999999999999,0.591682,5,11,1,0.0191272,0.12577,0.424698,0.417498,1.14923,1.2192
130_bNAb_Combinations|1313842|sample|11|nan|2946,1.16,0.238543,6,11,1,0.0130677,0.00331605,0.150477,0.141395,1.67342,1.96035
130_bNAb_Combinations|1313842|sample|11|nan|2946,5.8,0.0150238,7,11,1,0.0130674,0.000552964,0.0500568,0.0446515,-1.87458,-1.7571
130_bNAb_Combinations|1313842|sample|11|nan|2946,29,0,8,11,1,0.0130674,0.000490842,0.0172773,0.0142208,-2.2702,-2.16204
130_bNAb_Combinations|1313842|sample|12|nan|2946,0.0003712,0.726907,1,12,1,0.799528,0.799487,0.799755,0.799486,-0.267772,-0.266872
130_bNAb_Combinations|1313842|sample|12|nan|2946,0.001856,0.725805,2,12,1,0.799528,0.799487,0.799708,0.799442,-0.271669,-0.270779
130_bNAb_Combinations|1313842|sample|12|nan|2946,0.00928,0.699823,3,12,1,0.799528,0.799487,0.798173,0.797959,-0.362221,-0.36153
130_bNAb_Combinations|1313842|sample|12|nan|2946,0.0464,0.628667,4,12,1,0.799527,0.797279,0.752872,0.753022,-0.484781,-0.485271
130_bNAb_Combinations|1313842|sample|12|nan|2946,0.2319999999999999,0.46638,5,12,1,0.0191272,0.12577,0.38357,0.382133,0.630211,0.643524
130_bNAb_Combinations|1313842|sample|12|nan|2946,1.16,0.173084,6,12,1,0.0130677,0.00331605,0.103328,0.102387,1.90111,1.94363
130_bNAb_Combinations|1313842|sample|12|nan|2946,5.8,0.0100848,7,12,1,0.0130674,0.000552964,0.0265209,0.0259927,-1.53117,-1.50702
130_bNAb_Combinations|1313842|sample|12|nan|2946,29,0.00119455,8,12,1,0.0130674,0.000490842,0.007163,0.00676584,-1.42368,-1.37289
130_bNAb_Combinations|1313842|sample|3|nan|2946,0.000064,0.866394,1,3,1,0.799528,0.799487,0.799561,0.799201,0.245721,0.247154
130_bNAb_Combinations|1313842|sample|3|nan|2946,0.00032,0.944316,2,3,1,0.799528,0.799487,0.798787,0.798182,0.535573,0.538204
130_bNAb_Combinations|1313842|sample|3|nan|2946,0.0016,0.961051,3,3,1,0.799528,0.799487,0.794981,0.793579,0.614074,0.620345
130_bNAb_Combinations|1313842|sample|3|nan|2946,0.008,0.986159,4,3,1,0.799528,0.799487,0.776989,0.773668,0.791236,0.807228
130_bNAb_Combinations|1313842|sample|3|nan|2946,0.04,0.882578,5,3,1,0.799528,0.798579,0.704928,0.700794,0.740192,0.761851
130_bNAb_Combinations|1313842|sample|3|nan|2946,0.2,0.77709,6,3,1,0.0282858,0.177374,0.527662,0.531921,1.38496,1.35052
130_bNAb_Combinations|1313842|sample|3|nan|2946,1,0.473111,7,3,1,0.0130681,0.00450047,0.319494,0.332652,1.39975,1.23002
130_bNAb_Combinations|1313842|sample|3|nan|2946,5,0.151731,8,3,1,0.0130674,0.000579593,0.176229,0.189671,-0.39945,-0.575966
130_bNAb_Combinations|1313842|sample|4|nan|2946,0.000064,0.844789,1,4,1,0.799528,0.799487,0.799493,0.799313,0.166549,0.167249
130_bNAb_Combinations|1313842|sample|4|nan|2946,0.00032,0.96429,2,4,1,0.799528,0.799487,0.798533,0.798602,0.610209,0.609903
130_bNAb_Combinations|1313842|sample|4|nan|2946,0.0016,0.942363,3,4,1,0.799528,0.799487,0.794116,0.795013,0.548762,0.544834
130_bNAb_Combinations|1313842|sample|4|nan|2946,0.008,0.926512,4,4,1,0.799528,0.799487,0.77464,0.777577,0.576224,0.562957
130_bNAb_Combinations|1313842|sample|4|nan|2946,0.04,0.878374,5,4,1,0.799528,0.798579,0.701937,0.705814,0.738247,0.718087
130_bNAb_Combinations|1313842|sample|4|nan|2946,0.2,0.73798,6,4,1,0.0282858,0.177374,0.531201,0.52616,1.14057,1.17947
130_bNAb_Combinations|1313842|sample|4|nan|2946,1,0.443512,7,4,1,0.0130681,0.00450047,0.329993,0.315432,1.00198,1.18184
130_bNAb_Combinations|1313842|sample|4|nan|2946,5,0.140934,8,4,1,0.0130674,0.000579593,0.187173,0.171792,-0.711067,-0.515762
130_bNAb_Combinations|1313842|sample|5|nan|2946,0.0006144,0.829983,1,5,1,0.799528,0.799487,0.798872,0.798661,0.114481,0.115289
130_bNAb_Combinations|1313842|sample|5|nan|2946,0.003072,0.89357,2,5,1,0.799528,0.799487,0.794276,0.794253,0.367482,0.367577
130_bNAb_Combinations|1313842|sample|5|nan|2946,0.01536,0.91946,3,5,1,0.799528,0.799485,0.767478,0.767953,0.581984,0.579807
130_bNAb_Combinations|1313842|sample|5|nan|2946,0.0768,0.844513,4,5,1,0.797601,0.757975,0.650388,0.650562,0.876119,0.875104
130_bNAb_Combinations|1313842|sample|5|nan|2946,0.384,0.634686,5,5,1,0.0133333,0.0387999,0.414159,0.411858,1.55587,1.58078
130_bNAb_Combinations|1313842|sample|5|nan|2946,1.92,0.273162,6,5,1,0.0130675,0.00135089,0.21577,0.212524,0.76838,0.823939
130_bNAb_Combinations|1313842|sample|5|nan|2946,9.6,0.101927,7,5,1,0.0130674,0.000508782,0.106956,0.103925,-0.132617,-0.0541352
130_bNAb_Combinations|1313842|sample|5|nan|2946,48,0.049482,8,5,1,0.0130674,0.000489849,0.0531317,0.0504582,-0.185007,-0.0518578
130_bNAb_Combinations|1313842|sample|6|nan|2946,0.0006144,0.807137,1,6,1,0.799528,0.799487,0.797998,0.798184,0.0336682,0.0329741
130_bNAb_Combinations|1313842|sample|6|nan|2946,0.003072,0.913073,2,6,1,0.799528,0.799487,0.791011,0.792353,0.4536,0.447859
130_bNAb_Combinations|1313842|sample|6|nan|2946,0.01536,0.905757,3,6,1,0.799528,0.799485,0.758746,0.762535,0.569382,0.551971
130_bNAb_Combinations|1313842|sample|6|nan|2946,0.0768,0.884312,4,6,1,0.797601,0.757975,0.64558,0.64757,1.0854,1.07307
130_bNAb_Combinations|1313842|sample|6|nan|2946,0.384,0.63016,5,6,1,0.0133333,0.0387999,0.436548,0.427026,1.29675,1.3905
130_bNAb_Combinations|1313842|sample|6|nan|2946,1.92,0.318692,6,6,1,0.0130675,0.00135089,0.248586,0.234138,0.817261,1.04518
130_bNAb_Combinations|1313842|sample|6|nan|2946,9.6,0.14291,7,6,1,0.0130674,0.000508782,0.133838,0.121389,0.192992,0.50287
130_bNAb_Combinations|1313842|sample|6|nan|2946,48,0.0423376,8,6,1,0.0130674,0.000489849,0.0714068,0.0623155,-1.1222,-0.87502
130_bNAb_Combinations|1313842|sample|7|nan|2946,0.0000768,0.796949,1,7,1,0.799528,0.799487,0.799756,0.799487,-0.0103181,-0.00933151
130_bNAb_Combinations|1313842|sample|7|nan|2946,0.000384,1,2,7,1,0.799528,0.799487,0.799747,0.79948,0.736088,0.737315
130_bNAb_Combinations|1313842|sample|7|nan|2946,0.00192,0.911982,3,7,1,0.799528,0.799487,0.799568,0.799329,0.413305,0.414305
130_bNAb_Combinations|1313842|sample|7|nan|2946,0.0096,0.8727,4,7,1,0.799528,0.799487,0.796083,0.796177,0.282915,0.282538
130_bNAb_Combinations|1313842|sample|7|nan|2946,0.048,0.846259,5,7,1,0.799527,0.796784,0.737085,0.73858,0.435175,0.428356
130_bNAb_Combinations|1313842|sample|7|nan|2946,0.24,0.530266,6,7,1,0.0179777,0.11622,0.408343,0.403533,0.872292,0.917369
130_bNAb_Combinations|1313842|sample|7|nan|2946,1.2,0.187832,7,7,1,0.0130677,0.00309888,0.136683,0.131269,1.06639,1.22605
130_bNAb_Combinations|1313842|sample|7|nan|2946,6,0.0118536,8,7,1,0.0130674,0.000548082,0.0433183,0.0401179,-1.91728,-1.84378
130_bNAb_Combinations|1313842|sample|8|nan|2946,0.0000768,0.807666,1,8,1,0.799528,0.799487,0.799757,0.799487,0.0290719,0.0300721
130_bNAb_Combinations|1313842|sample|8|nan|2946,0.000384,0.9013,2,8,1,0.799528,0.799487,0.799753,0.799484,0.373265,0.374379
130_bNAb_Combinations|1313842|sample|8|nan|2946,0.00192,0.96043,3,8,1,0.799528,0.799487,0.799653,0.799391,0.591053,0.592211
130_bNAb_Combinations|1313842|sample|8|nan|2946,0.0096,0.907296,4,8,1,0.799528,0.799487,0.797189,0.797022,0.40602,0.406722
130_bNAb_Combinations|1313842|sample|8|nan|2946,0.048,0.786233,5,8,1,0.799527,0.796784,0.743319,0.743575,0.169631,0.168565
130_bNAb_Combinations|1313842|sample|8|nan|2946,0.24,0.560359,6,8,1,0.0179777,0.11622,0.39277,0.390426,1.24592,1.27084
130_bNAb_Combinations|1313842|sample|8|nan|2946,1.2,0.163389,7,8,1,0.0130677,0.00309888,0.11928,0.116834,1.04815,1.12846
130_bNAb_Combinations|1313842|sample|8|nan|2946,6,0.0142427,8,8,1,0.0130674,0.000548082,0.0349959,0.0330501,-1.52613,-1.45332
130_bNAb_Combinations|1313842|sample|9|nan|2946,0.0003648,0.848418,1,9,1,0.799528,0.799487,0.799756,0.799487,0.17887,0.179921
130_bNAb_Combinations|1313842|sample|9|nan|2946,0.001824,0.929671,2,9,1,0.799528,0.799487,0.79973,0.799458,0.477648,0.478809
130_bNAb_Combinations|1313842|sample|9|nan|2946,0.00912,0.902196,3,9,1,0.799528,0.799487,0.798653,0.798323,0.381122,0.382494
130_bNAb_Combinations|1313842|sample|9|nan|2946,0.0456,0.850118,4,9,1,0.799527,0.797497,0.758819,0.757752,0.353576,0.358207
130_bNAb_Combinations|1313842|sample|9|nan|2946,0.228,0.545806,5,9,1,0.0198176,0.130964,0.37558,0.377645,1.32266,1.29956
130_bNAb_Combinations|1313842|sample|9|nan|2946,1.14,0.154396,6,9,1,0.0130677,0.00343437,0.092795,0.0950913,1.85925,1.74898
130_bNAb_Combinations|1313842|sample|9|nan|2946,5.7,0.0108658,7,9,1,0.0130674,0.000555624,0.0220026,0.022741,-1.20954,-1.25571
130_bNAb_Combinations|1313842|sample|9|nan|2946,28.5,0.000413498,8,9,1,0.0130674,0.000490902,0.0056118,0.00560958,-1.41718,-1.41687
130_bNAb_Combinations|1313842|vc|1|2|nan|2946,0,0.842836,1,2,1,0.799528,0.799487,0.799757,0.799487,0.158349,0.159392
130_bNAb_Combinations|1313842|vc|2|2|nan|2946,0,0.947647,2,2,1,0.799528,0.799487,0.799757,0.799487,0.543606,0.544778
130_bNAb_Combinations|1313842|vc|3|2|nan|2946,0,0.949806,3,2,1,0.799528,0.799487,0.799757,0.799487,0.551543,0.552718
130_bNAb_Combinations|1313842|vc|4|2|nan|2946,0,0.93376,4,2,1,0.799528,0.799487,0.799757,0.799487,0.492562,0.493717
130_bNAb_Combinations|1313842|vc|5|2|nan|2946,0,0.949576,5,2,1,0.799528,0.799487,0.799757,0.799487,0.550698,0.551873
130_bNAb_Combinations|1313842|vc|6|2|nan|2946,0,0.978843,6,2,1,0.799528,0.799487,0.799757,0.799487,0.658275,0.659486
130_bNAb_Combinations|1313842|vc|7|2|nan|2946,0,0.900864,7,2,1,0.799528,0.799487,0.799757,0.799487,0.371644,0.372759
130_bNAb_Combinations|1313842|vc|8|2|nan|2946,0,0.690864,8,2,1,0.799528,0.799487,0.799757,0.799487,-0.400263,-0.399407
130_bNAb_Combinations|1313860|cc|1|1|PVO.4|5024,0,0.000722109,1,1,0,0,0,0,0,0.407623,0.407623
130_bNAb_Combinations|1313860|cc|2|1|PVO.4|5024,0,0.000902636,2,1,0,0,0,0,0,0.509529,0.509529
130_bNAb_Combinations|1313860|cc|3|1|PVO.4|5024,0,0.0011634,3,1,0,0,0,0,0,0.656726,0.656726
130_bNAb_Combinations|1313860|cc|4|1|PVO.4|5024,0,0.00162474,4,1,0,0,0,0,0,0.917151,0.917151
130_bNAb_Combinations|1313860|cc|5|1|PVO.4|5024,0,0.00138404,5,1,0,0,0,0,0,0.781277,0.781277
130_bNAb_Combinations|1313860|cc|6|1|PVO.4|5024,0,0.0016448,6,1,0,0,0,0,0,0.928474,0.928474
130_bNAb_Combinations|1313860|cc|7|1|PVO.4|5024,0,0.00178521,7,1,0,0,0,0,0,1.00773,1.00773
130_bNAb_Combinations|1313860|cc|8|1|PVO.4|5024,0,0.00148433,8,1,0,0,0,0,0,0.837891,0.837891
130_bNAb_Combinations|1313860|sample|10|PVO.4|5024,0.0003648,0.940566,1,10,1,0.799528,0.799527,0.799799,0.799527,0.517399,0.518574
130_bNAb_Combinations|1313860|sample|10|PVO.4|5024,0.001824,0.927278,2,10,1,0.799528,0.799527,0.799799,0.799527,0.468556,0.469715
130_bNAb_Combinations|1313860|sample|10|PVO.4|5024,0.00912,0.889708,3,10,1,0.799528,0.799527,0.799753,0.799481,0.330652,0.331767
130_bNAb_Combinations|1313860|sample|10|PVO.4|5024,0.0456,0.686274,4,10,1,0.799527,0.797536,0.785317,0.784865,-0.370707,-0.369226
130_bNAb_Combinations|1313860|sample|10|PVO.4|5024,0.228,0.317477,5,10,1,0.0198176,0.13097,0.264139,0.264143,0.585889,0.585828
130_bNAb_Combinations|1313860|sample|10|PVO.4|5024,1.14,0.0365267,6,10,1,0.0130677,0.00343454,0.0279776,0.0280526,0.761493,0.753111
130_bNAb_Combinations|1313860|sample|10|PVO.4|5024,5.7,0.000641874,7,10,1,0.0130674,0.000555652,0.0034385,0.00312701,-0.953319,-0.878668
130_bNAb_Combinations|1313860|sample|10|PVO.4|5024,28.5,0.000441289,8,10,1,0.0130674,0.000490926,0.000957386,0.000564939,-0.24634,-0.0630087
130_bNAb_Combinations|1313860|sample|11|PVO.4|5024,0.0003712,0.89049,1,11,1,0.799528,0.799527,0.799799,0.799527,0.333341,0.334454
130_bNAb_Combinations|1313860|sample|11|PVO.4|5024,0.001856,0.925934,2,11,1,0.799528,0.799527,0.799799,0.799527,0.463616,0.464773
130_bNAb_Combinations|1313860|sample|11|PVO.4|5024,0.00928,0.859359,3,11,1,0.799528,0.799527,0.799791,0.799517,0.218951,0.220031
130_bNAb_Combinations|1313860|sample|11|PVO.4|5024,0.0464,0.674941,4,11,1,0.799527,0.797318,0.791187,0.790353,-0.431889,-0.429241
130_bNAb_Combinations|1313860|sample|11|PVO.4|5024,0.2319999999999999,0.244805,5,11,1,0.0191272,0.125776,0.208768,0.212619,0.498263,0.437147
130_bNAb_Combinations|1313860|sample|11|PVO.4|5024,1.16,0.0178521,6,11,1,0.0130677,0.00331621,0.0138878,0.0148603,0.613204,0.440381
130_bNAb_Combinations|1313860|sample|11|PVO.4|5024,5.8,0.00070205,7,11,1,0.0130674,0.000552991,0.00123265,0.0012644,-0.242495,-0.255752
130_bNAb_Combinations|1313860|sample|11|PVO.4|5024,29,0.000160469,8,11,1,0.0130674,0.000490866,0.000422548,0.000343295,-0.136905,-0.0968603
130_bNAb_Combinations|1313860|sample|12|PVO.4|5024,0.0003712,0.939283,1,12,1,0.799528,0.799527,0.799799,0.799527,0.512681,0.513854
130_bNAb_Combinations|1313860|sample|12|PVO.4|5024,0.001856,0.916777,2,12,1,0.799528,0.799527,0.799799,0.799527,0.42996,0.431105
130_bNAb_Combinations|1313860|sample|12|PVO.4|5024,0.00928,0.891313,3,12,1,0.799528,0.799527,0.799796,0.799524,0.336376,0.337488
130_bNAb_Combinations|1313860|sample|12|PVO.4|5024,0.0464,0.651633,4,12,1,0.799527,0.797318,0.79382,0.793662,-0.526527,-0.526047
130_bNAb_Combinations|1313860|sample|12|PVO.4|5024,0.2319999999999999,0.224295,5,12,1,0.0191272,0.125776,0.182717,0.180305,0.654556,0.70153
130_bNAb_Combinations|1313860|sample|12|PVO.4|5024,1.16,0.00968829,6,12,1,0.0130677,0.00331621,0.00928667,0.0089602,0.0817969,0.151695
130_bNAb_Combinations|1313860|sample|12|PVO.4|5024,5.8,0.000661933,7,12,1,0.0130674,0.000552991,0.000848059,0.000690744,-0.0904354,-0.0143699
130_bNAb_Combinations|1313860|sample|12|PVO.4|5024,29,0,8,12,1,0.0130674,0.000490866,0.000441551,0.000295372,-0.229886,-0.15784
130_bNAb_Combinations|1313860|sample|3|PVO.4|5024,0.000064,0.942953,1,3,1,0.799528,0.799527,0.799758,0.799245,0.526352,0.528573
130_bNAb_Combinations|1313860|sample|3|PVO.4|5024,0.00032,0.869078,2,3,1,0.799528,0.799527,0.799514,0.798236,0.255775,0.26089
130_bNAb_Combinations|1313860|sample|3|PVO.4|5024,0.0016,0.85281,3,3,1,0.799528,0.799527,0.797845,0.793665,0.202518,0.219059
130_bNAb_Combinations|1313860|sample|3|PVO.4|5024,0.008,0.886438,4,3,1,0.799528,0.799527,0.786683,0.773827,0.372728,0.427706
130_bNAb_Combinations|1313860|sample|3|PVO.4|5024,0.04,0.784701,5,3,1,0.799528,0.798618,0.722764,0.700976,0.251743,0.350799
130_bNAb_Combinations|1313860|sample|3|PVO.4|5024,0.2,0.757893,6,3,1,0.0282858,0.177383,0.522955,0.531781,1.31613,1.24587
130_bNAb_Combinations|1313860|sample|3|PVO.4|5024,1,0.495868,7,3,1,0.0130681,0.00450069,0.294291,0.33216,1.9913,1.4357
130_bNAb_Combinations|1313860|sample|3|PVO.4|5024,5,0.0938942,8,3,1,0.0130674,0.000579622,0.160018,0.189138,-1.18394,-1.44986
130_bNAb_Combinations|1313860|sample|4|PVO.4|5024,0.000064,0.963754,1,4,1,0.799528,0.799527,0.799553,0.799234,0.603715,0.60513
130_bNAb_Combinations|1313860|sample|4|PVO.4|5024,0.00032,0.848879,2,4,1,0.799528,0.799527,0.79864,0.798196,0.184921,0.18666
130_bNAb_Combinations|1313860|sample|4|PVO.4|5024,0.0016,0.847455,3,4,1,0.799528,0.799527,0.794376,0.793535,0.196417,0.199738
130_bNAb_Combinations|1313860|sample|4|PVO.4|5024,0.008,0.867142,4,4,1,0.799528,0.799527,0.775265,0.773493,0.348316,0.355842
130_bNAb_Combinations|1313860|sample|4|PVO.4|5024,0.04,0.805653,5,4,1,0.799528,0.798618,0.70275,0.70057,0.430069,0.440535
130_bNAb_Combinations|1313860|sample|4|PVO.4|5024,0.2,0.707095,6,4,1,0.0282858,0.177383,0.530618,0.532236,0.97449,0.962648
130_bNAb_Combinations|1313860|sample|4|PVO.4|5024,1,0.503972,7,4,1,0.0130681,0.00450069,0.32792,0.33355,1.5636,1.48844
130_bNAb_Combinations|1313860|sample|4|PVO.4|5024,5,0.0983672,8,4,1,0.0130674,0.000579622,0.185067,0.190622,-1.34803,-1.39372
130_bNAb_Combinations|1313860|sample|5|PVO.4|5024,0.0006144,0.899286,1,5,1,0.799528,0.799527,0.799262,0.799125,0.367889,0.368458
130_bNAb_Combinations|1313860|sample|5|PVO.4|5024,0.003072,0.907339,2,5,1,0.799528,0.799527,0.795899,0.796323,0.4116,0.409818
130_bNAb_Combinations|1313860|sample|5|PVO.4|5024,0.01536,0.855779,3,5,1,0.799528,0.799524,0.77272,0.775058,0.315914,0.306102
130_bNAb_Combinations|1313860|sample|5|PVO.4|5024,0.0768,0.837576,4,5,1,0.797601,0.758012,0.653718,0.655232,0.825591,0.816912
130_bNAb_Combinations|1313860|sample|5|PVO.4|5024,0.384,0.66436,5,5,1,0.0133333,0.0388018,0.397893,0.388418,1.95584,2.07414
130_bNAb_Combinations|1313860|sample|5|PVO.4|5024,1.92,0.280479,6,5,1,0.0130675,0.00135096,0.194074,0.182096,1.28274,1.55393
130_bNAb_Combinations|1313860|sample|5|PVO.4|5024,9.6,0.0437879,7,5,1,0.0130674,0.000508807,0.0904985,0.0812766,-1.44365,-1.28213
130_bNAb_Combinations|1313860|sample|5|PVO.4|5024,48,0.00302884,8,5,1,0.0130674,0.000489873,0.0425925,0.0361621,-2.44736,-2.3679
130_bNAb_Combinations|1313860|sample|6|PVO.4|5024,0.0006144,0.902947,1,6,1,0.799528,0.799527,0.799354,0.799126,0.38097,0.381919
130_bNAb_Combinations|1313860|sample|6|PVO.4|5024,0.003072,1,2,6,1,0.799528,0.799527,0.79637,0.796329,0.751657,0.751843
130_bNAb_Combinations|1313860|sample|6|PVO.4|5024,0.01536,0.888003,3,6,1,0.799528,0.799524,0.774456,0.775085,0.430915,0.428182
130_bNAb_Combinations|1313860|sample|6|PVO.4|5024,0.0768,0.842731,4,6,1,0.797601,0.758012,0.654801,0.655253,0.842491,0.83989
130_bNAb_Combinations|1313860|sample|6|PVO.4|5024,0.384,0.660529,5,6,1,0.0133333,0.0388018,0.391336,0.388319,2.00852,2.0466
130_bNAb_Combinations|1313860|sample|6|PVO.4|5024,1.92,0.278232,6,6,1,0.0130675,0.00135096,0.185703,0.181976,1.43388,1.52134
130_bNAb_Combinations|1313860|sample|6|PVO.4|5024,9.6,0.029446,7,6,1,0.0130674,0.000508807,0.0841596,0.081192,-1.81089,-1.77147
130_bNAb_Combinations|1313860|sample|6|PVO.4|5024,48,0.00204597,8,6,1,0.0130674,0.000489873,0.0383611,0.0361121,-2.46441,-2.43751
130_bNAb_Combinations|1313860|sample|7|PVO.4|5024,0.0000768,0.964978,1,7,1,0.799528,0.799527,0.799799,0.799527,0.607124,0.60833
130_bNAb_Combinations|1313860|sample|7|PVO.4|5024,0.000384,0.899587,2,7,1,0.799528,0.799527,0.799799,0.799527,0.366776,0.3679
130_bNAb_Combinations|1313860|sample|7|PVO.4|5024,0.00192,0.93161,3,7,1,0.799528,0.799527,0.799799,0.799527,0.484482,0.485645
130_bNAb_Combinations|1313860|sample|7|PVO.4|5024,0.0096,0.845689,4,7,1,0.799528,0.799527,0.799708,0.799459,0.169028,0.169993
130_bNAb_Combinations|1313860|sample|7|PVO.4|5024,0.048,0.647902,5,7,1,0.799527,0.796823,0.779442,0.780892,-0.496026,-0.50057
130_bNAb_Combinations|1313860|sample|7|PVO.4|5024,0.24,0.298712,6,7,1,0.0179777,0.116225,0.262931,0.252887,0.394802,0.525299
130_bNAb_Combinations|1313860|sample|7|PVO.4|5024,1.2,0.0363862,7,7,1,0.0130677,0.00309904,0.0317193,0.028251,0.37362,0.718725
130_bNAb_Combinations|1313860|sample|7|PVO.4|5024,6,0.00108316,8,7,1,0.0130674,0.000548109,0.00421314,0.00335244,-0.979537,-0.781301
130_bNAb_Combinations|1313860|sample|8|PVO.4|5024,0.0000768,0.950786,1,8,1,0.799528,0.799527,0.799799,0.799527,0.554963,0.556151
130_bNAb_Combinations|1313860|sample|8|PVO.4|5024,0.000384,0.92461,2,8,1,0.799528,0.799527,0.799799,0.799527,0.45875,0.459905
130_bNAb_Combinations|1313860|sample|8|PVO.4|5024,0.00192,0.843312,3,8,1,0.799528,0.799527,0.799799,0.799527,0.159938,0.160991
130_bNAb_Combinations|1313860|sample|8|PVO.4|5024,0.0096,0.847094,4,8,1,0.799528,0.799527,0.799727,0.799462,0.174115,0.175144
130_bNAb_Combinations|1313860|sample|8|PVO.4|5024,0.048,0.634433,5,8,1,0.799527,0.796823,0.780922,0.781168,-0.551359,-0.552112
130_bNAb_Combinations|1313860|sample|8|PVO.4|5024,0.24,0.29454,6,8,1,0.0179777,0.116225,0.255506,0.251383,0.442961,0.497617
130_bNAb_Combinations|1313860|sample|8|PVO.4|5024,1.2,0.0356641,7,8,1,0.0130677,0.00309904,0.0293211,0.027734,0.543035,0.711586
130_bNAb_Combinations|1313860|sample|8|PVO.4|5024,6,0.00112328,8,8,1,0.0130674,0.000548109,0.00410316,0.00326068,-0.943539,-0.743839
130_bNAb_Combinations|1313860|sample|9|PVO.4|5024,0.0003648,0.996159,1,9,1,0.799528,0.799527,0.799799,0.799527,0.721732,0.722976
130_bNAb_Combinations|1313860|sample|9|PVO.4|5024,0.001824,0.900911,2,9,1,0.799528,0.799527,0.799799,0.799527,0.371643,0.372768
130_bNAb_Combinations|1313860|sample|9|PVO.4|5024,0.00912,0.872167,3,9,1,0.799528,0.799527,0.799749,0.799484,0.266192,0.267255
130_bNAb_Combinations|1313860|sample|9|PVO.4|5024,0.0456,0.672464,4,9,1,0.799527,0.797536,0.78486,0.785213,-0.420931,-0.422064
130_bNAb_Combinations|1313860|sample|9|PVO.4|5024,0.228,0.315531,5,9,1,0.0198176,0.13097,0.266977,0.261967,0.527783,0.59315
130_bNAb_Combinations|1313860|sample|9|PVO.4|5024,1.14,0.0348417,6,9,1,0.0130677,0.00343454,0.0289664,0.0273226,0.508205,0.683231
130_bNAb_Combinations|1313860|sample|9|PVO.4|5024,5.7,0.0010631,7,9,1,0.0130674,0.000555652,0.00361051,0.00302157,-0.851491,-0.701289
130_bNAb_Combinations|1313860|sample|9|PVO.4|5024,28.5,0.000762226,8,9,1,0.0130674,0.000490926,0.000984262,0.000569747,-0.105523,0.0980006
130_bNAb_Combinations|1313860|vc|1|2|PVO.4|5024,0,0.954858,1,2,1,0.799528,0.799527,0.799799,0.799527,0.569929,0.571122
130_bNAb_Combinations|1313860|vc|2|2|PVO.4|5024,0,0.902094,2,2,1,0.799528,0.799527,0.799799,0.799527,0.375992,0.377119
130_bNAb_Combinations|1313860|vc|3|2|PVO.4|5024,0,0.86299,3,2,1,0.799528,0.799527,0.799799,0.799527,0.232262,0.233341
130_bNAb_Combinations|1313860|vc|4|2|PVO.4|5024,0,0.843613,4,2,1,0.799528,0.799527,0.799799,0.799527,0.161043,0.162097
130_bNAb_Combinations|1313860|vc|5|2|PVO.4|5024,0,0.869359,5,2,1,0.799528,0.799527,0.799799,0.799527,0.25567,0.256757
130_bNAb_Combinations|1313860|vc|6|2|PVO.4|5024,0,0.81162,6,2,1,0.799528,0.799527,0.799799,0.799527,0.0434488,0.0444635
130_bNAb_Combinations|1313860|vc|7|2|PVO.4|5024,0,0.761714,7,2,1,0.799528,0.799527,0.799799,0.799527,-0.139983,-0.13903
130_bNAb_Combinations|1313860|vc|8|2|PVO.4|5024,0,0.747362,8,2,1,0.799528,0.799527,0.799799,0.799527,-0.192734,-0.191799
130_bNAb_Combinations|1313884|cc|1|1|nan|4168,0,0.000363452,1,1,0,0,0,0,0,0.205165,0.205165
130_bNAb_Combinations|1313884|cc|2|1|nan|4168,0,0.000879936,2,1,0,0,0,0,0,0.496715,0.496715
130_bNAb_Combinations|1313884|cc|3|1|nan|4168,0,0.000248678,3,1,0,0,0,0,0,0.140376,0.140376
130_bNAb_Combinations|1313884|cc|4|1|nan|4168,0,5.73872e-05,4,1,0,0,0,0,0,0.0323945,0.0323945
130_bNAb_Combinations|1313884|cc|5|1|nan|4168,0,0,5,1,0,0,0,0,0,0,0
130_bNAb_Combinations|1313884|cc|6|1|nan|4168,0,0.000325194,6,1,0,0,0,0,0,0.183569,0.183569
130_bNAb_Combinations|1313884|cc|7|1|nan|4168,0,0.000554743,7,1,0,0,0,0,0,0.313146,0.313146
130_bNAb_Combinations|1313884|cc|8|1|nan|4168,0,0.000248678,8,1,0,0,0,0,0,0.140376,0.140376
130_bNAb_Combinations|1313884|sample|10|nan|4168,0.0003648,0.774009,1,10,1,0.799528,0.799469,0.799738,0.799381,-0.0945736,-0.0933044
130_bNAb_Combinations|1313884|sample|10|nan|4168,0.001824,0.732346,2,10,1,0.799528,0.799469,0.799723,0.798573,-0.247671,-0.243792
130_bNAb_Combinations|1313884|sample|10|nan|4168,0.00912,0.69975,3,10,1,0.799528,0.799469,0.798985,0.790506,-0.365113,-0.337472
130_bNAb_Combinations|1313884|sample|10|nan|4168,0.0456,0.452067,4,10,1,0.799527,0.797479,0.764549,0.721931,-1.20114,-1.09812
130_bNAb_Combinations|1313884|sample|10|nan|4168,0.228,0.221036,5,10,1,0.0198176,0.130961,0.381204,0.462936,-1.22639,-1.52885
130_bNAb_Combinations|1313884|sample|10|nan|4168,1.14,0.135271,6,10,1,0.0130677,0.0034343,0.112515,0.205791,0.57182,-0.988785
130_bNAb_Combinations|1313884|sample|10|nan|4168,5.7,0.0867311,7,10,1,0.0130674,0.000555612,0.0514603,0.0839321,1.84059,0.0928786
130_bNAb_Combinations|1313884|sample|10|nan|4168,28.5,0.0454124,8,10,1,0.0130674,0.000490891,0.0385228,0.034075,0.465812,0.85325
130_bNAb_Combinations|1313884|sample|11|nan|4168,0.0003712,0.771905,1,11,1,0.799528,0.799469,0.799738,0.799469,-0.102309,-0.101355
130_bNAb_Combinations|1313884|sample|11|nan|4168,0.001856,0.762522,2,11,1,0.799528,0.799469,0.799733,0.799465,-0.136781,-0.135841
130_bNAb_Combinations|1313884|sample|11|nan|4168,0.00928,0.738841,3,11,1,0.799528,0.799469,0.799331,0.799088,-0.222466,-0.221638
130_bNAb_Combinations|1313884|sample|11|nan|4168,0.0464,0.560166,4,11,1,0.799527,0.797261,0.769096,0.769328,-0.798384,-0.799031
130_bNAb_Combinations|1313884|sample|11|nan|4168,0.2319999999999999,0.294645,5,11,1,0.0191272,0.125767,0.330286,0.327769,-0.314313,-0.294324
130_bNAb_Combinations|1313884|sample|11|nan|4168,1.16,0.069228,6,11,1,0.0130677,0.00331597,0.0613135,0.0601278,0.35187,0.411924
130_bNAb_Combinations|1313884|sample|11|nan|4168,5.8,0.0138494,7,11,1,0.0130674,0.000552952,0.0113321,0.0108438,0.449429,0.552886
130_bNAb_Combinations|1313884|sample|11|nan|4168,29,0.00181726,8,11,1,0.0130674,0.000490831,0.00252241,0.00221726,-0.268734,-0.158679
130_bNAb_Combinations|1313884|sample|12|nan|4168,0.0003712,0.813233,1,12,1,0.799528,0.799469,0.799738,0.799469,0.0496069,0.0506114
130_bNAb_Combinations|1313884|sample|12|nan|4168,0.001856,0.742858,2,12,1,0.799528,0.799469,0.799737,0.799469,-0.209078,-0.208162
130_bNAb_Combinations|1313884|sample|12|nan|4168,0.00928,0.718258,3,12,1,0.799528,0.799469,0.799545,0.799325,-0.29887,-0.298144
130_bNAb_Combinations|1313884|sample|12|nan|4168,0.0464,0.538636,4,12,1,0.799527,0.797261,0.775628,0.777435,-0.89804,-0.902799
130_bNAb_Combinations|1313884|sample|12|nan|4168,0.2319999999999999,0.244077,5,12,1,0.0191272,0.125767,0.304363,0.29466,-0.576167,-0.499075
130_bNAb_Combinations|1313884|sample|12|nan|4168,1.16,0.0551873,6,12,1,0.0130677,0.00331597,0.0475288,0.0437345,0.429433,0.69194
130_bNAb_Combinations|1313884|sample|12|nan|4168,5.8,0.00767075,7,12,1,0.0130674,0.000552952,0.0086922,0.00834943,-0.21691,-0.147756
130_bNAb_Combinations|1313884|sample|12|nan|4168,29,0.00585349,8,12,1,0.0130674,0.000490831,0.00305572,0.00353759,0.997705,0.780539
130_bNAb_Combinations|1313884|sample|3|nan|4168,0.000064,0.896254,1,3,1,0.799528,0.799469,0.79852,0.790625,0.359798,0.392721
130_bNAb_Combinations|1313884|sample|3|nan|4168,0.00032,0.883198,2,3,1,0.799528,0.799469,0.795764,0.780773,0.322986,0.385581
130_bNAb_Combinations|1313884|sample|3|nan|4168,0.0016,0.945425,3,3,1,0.799528,0.799469,0.786967,0.760882,0.591853,0.712755
130_bNAb_Combinations|1313884|sample|3|nan|4168,0.008,0.973478,4,3,1,0.799528,0.799469,0.760493,0.72335,0.82302,1.01583
130_bNAb_Combinations|1313884|sample|3|nan|4168,0.04,0.977246,5,3,1,0.799528,0.798561,0.692627,0.660338,1.20679,1.40888
130_bNAb_Combinations|1313884|sample|3|nan|4168,0.2,0.815472,6,3,1,0.0282858,0.17737,0.567549,0.571052,1.28074,1.25497
130_bNAb_Combinations|1313884|sample|3|nan|4168,1,0.719559,7,3,1,0.0130681,0.00450037,0.418961,0.467091,2.09678,1.58161
130_bNAb_Combinations|1313884|sample|3|nan|4168,5,0.315142,8,3,1,0.0130674,0.00057958,0.295206,0.36566,0.196342,-0.403026
130_bNAb_Combinations|1313884|sample|4|nan|4168,0.000064,0.855298,1,4,1,0.799528,0.799469,0.772364,0.787471,0.315584,0.253181
130_bNAb_Combinations|1313884|sample|4|nan|4168,0.00032,0.910725,2,4,1,0.799528,0.799469,0.755607,0.775867,0.603259,0.510866
130_bNAb_Combinations|1313884|sample|4|nan|4168,0.0016,0.951039,3,4,1,0.799528,0.799469,0.730174,0.75416,0.88866,0.767131
130_bNAb_Combinations|1313884|sample|4|nan|4168,0.008,1,4,4,1,0.799528,0.799469,0.693547,0.716138,1.29766,1.16435
130_bNAb_Combinations|1313884|sample|4|nan|4168,0.04,0.93895,5,4,1,0.799528,0.798561,0.644363,0.656202,1.34185,1.26487
130_bNAb_Combinations|1313884|sample|4|nan|4168,0.2,0.839584,6,4,1,0.0282858,0.17737,0.583672,0.574498,1.28582,1.35299
130_bNAb_Combinations|1313884|sample|4|nan|4168,1,0.743183,7,4,1,0.0130681,0.00450037,0.515293,0.480033,1.29544,1.60456
130_bNAb_Combinations|1313884|sample|4|nan|4168,5,0.341148,8,4,1,0.0130674,0.00057958,0.444636,0.386094,-0.680675,-0.339853
130_bNAb_Combinations|1313884|sample|5|nan|4168,0.0006144,0.922661,1,5,1,0.799528,0.799469,0.786847,0.787191,0.507358,0.505851
130_bNAb_Combinations|1313884|sample|5|nan|4168,0.003072,0.913852,2,5,1,0.799528,0.799469,0.766712,0.767433,0.564003,0.560715
130_bNAb_Combinations|1313884|sample|5|nan|4168,0.01536,0.961512,3,5,1,0.799528,0.799467,0.720551,0.721272,0.98237,0.978463
130_bNAb_Combinations|1313884|sample|5|nan|4168,0.0768,0.95651,4,5,1,0.797601,0.757957,0.63283,0.632184,1.50103,1.50554
130_bNAb_Combinations|1313884|sample|5|nan|4168,0.384,0.877392,5,5,1,0.0133333,0.038799,0.507756,0.50426,2.13207,2.16699
130_bNAb_Combinations|1313884|sample|5|nan|4168,1.92,0.606372,6,5,1,0.0130675,0.00135086,0.376579,0.370359,1.78082,1.8593
130_bNAb_Combinations|1313884|sample|5|nan|4168,9.6,0.20403,7,5,1,0.0130674,0.00050877,0.266858,0.259074,-0.683224,-0.616206
130_bNAb_Combinations|1313884|sample|5|nan|4168,48,0.0395206,8,5,1,0.0130674,0.000489838,0.185663,0.177273,-2.26517,-2.23328
130_bNAb_Combinations|1313884|sample|6|nan|4168,0.0006144,0.914177,1,6,1,0.799528,0.799469,0.789045,0.787542,0.466158,0.472654
130_bNAb_Combinations|1313884|sample|6|nan|4168,0.003072,0.90533,2,6,1,0.799528,0.799469,0.770641,0.768037,0.513663,0.525355
130_bNAb_Combinations|1313884|sample|6|nan|4168,0.01536,0.984926,3,6,1,0.799528,0.799467,0.725718,0.721997,1.04929,1.0698
130_bNAb_Combinations|1313884|sample|6|nan|4168,0.0768,0.925091,4,6,1,0.797601,0.757957,0.635837,0.632391,1.33509,1.35829
130_bNAb_Combinations|1313884|sample|6|nan|4168,0.384,0.830947,5,6,1,0.0133333,0.038799,0.504735,0.503242,1.89274,1.90698
130_bNAb_Combinations|1313884|sample|6|nan|4168,1.92,0.605607,6,6,1,0.0130675,0.00135086,0.368571,0.368271,1.87629,1.88017
130_bNAb_Combinations|1313884|sample|6|nan|4168,9.6,0.219678,7,6,1,0.0130674,0.00050877,0.257692,0.256588,-0.427801,-0.417122
130_bNAb_Combinations|1313884|sample|6|nan|4168,48,0.0417587,8,6,1,0.0130674,0.000489838,0.178008,0.174886,-2.20005,-2.18689
130_bNAb_Combinations|1313884|sample|7|nan|4168,0.0000768,0.836418,1,7,1,0.799528,0.799469,0.799738,0.799464,0.13483,0.135883
130_bNAb_Combinations|1313884|sample|7|nan|4168,0.000384,0.922776,2,7,1,0.799528,0.799469,0.799731,0.799408,0.452297,0.453668
130_bNAb_Combinations|1313884|sample|7|nan|4168,0.00192,0.897153,3,7,1,0.799528,0.799469,0.799589,0.798759,0.358696,0.362121
130_bNAb_Combinations|1313884|sample|7|nan|4168,0.0096,0.78389,4,7,1,0.799528,0.799469,0.796576,0.791417,-0.0468187,-0.0279601
130_bNAb_Combinations|1313884|sample|7|nan|4168,0.048,0.503936,5,7,1,0.799527,0.796766,0.740792,0.721045,-0.939438,-0.884528
130_bNAb_Combinations|1313884|sample|7|nan|4168,0.24,0.280795,6,7,1,0.0179777,0.116217,0.412549,0.44437,-0.933138,-1.07651
130_bNAb_Combinations|1313884|sample|7|nan|4168,1.2,0.161478,7,7,1,0.0130677,0.00309881,0.146669,0.186408,0.288462,-0.384904
130_bNAb_Combinations|1313884|sample|7|nan|4168,6,0.0913986,8,7,1,0.0130674,0.000548069,0.0587313,0.0723014,1.51098,0.728732
130_bNAb_Combinations|1313884|sample|8|nan|4168,0.0000768,0.913412,1,8,1,0.799528,0.799469,0.799738,0.799469,0.417848,0.418975
130_bNAb_Combinations|1313884|sample|8|nan|4168,0.000384,0.818351,2,8,1,0.799528,0.799469,0.799738,0.799469,0.0684162,0.0694272
130_bNAb_Combinations|1313884|sample|8|nan|4168,0.00192,0.894723,3,8,1,0.799528,0.799469,0.799738,0.799465,0.349152,0.350275
130_bNAb_Combinations|1313884|sample|8|nan|4168,0.0096,0.810594,4,8,1,0.799528,0.799469,0.799647,0.799068,0.0402441,0.0424033
130_bNAb_Combinations|1313884|sample|8|nan|4168,0.048,0.521984,5,8,1,0.799527,0.796766,0.78022,0.76888,-0.972821,-0.943726
130_bNAb_Combinations|1313884|sample|8|nan|4168,0.24,0.263512,6,8,1,0.0179777,0.116217,0.297137,0.358366,-0.329043,-0.771901
130_bNAb_Combinations|1313884|sample|8|nan|4168,1.2,0.145199,7,8,1,0.0130677,0.00309881,0.0786181,0.119925,2.34929,0.597476
130_bNAb_Combinations|1313884|sample|8|nan|4168,6,0.0915325,8,8,1,0.0130674,0.000548069,0.0521671,0.0756628,2.02897,0.580412
130_bNAb_Combinations|1313884|sample|9|nan|4168,0.0003648,0.835442,1,9,1,0.799528,0.799469,0.799686,0.799372,0.131443,0.132648
130_bNAb_Combinations|1313884|sample|9|nan|4168,0.001824,0.770136,2,9,1,0.799528,0.799469,0.799123,0.798508,-0.106635,-0.104451
130_bNAb_Combinations|1313884|sample|9|nan|4168,0.00912,0.72326,3,9,1,0.799528,0.799469,0.792594,0.790123,-0.257144,-0.248747
130_bNAb_Combinations|1313884|sample|9|nan|4168,0.0456,0.460312,4,9,1,0.799527,0.797479,0.727548,0.720974,-1.07909,-1.06207
130_bNAb_Combinations|1313884|sample|9|nan|4168,0.228,0.270179,5,9,1,0.0198176,0.130961,0.455392,0.464761,-1.18976,-1.22502
130_bNAb_Combinations|1313884|sample|9|nan|4168,1.14,0.154668,6,9,1,0.0130677,0.0034343,0.192728,0.20905,-0.568871,-0.750911
130_bNAb_Combinations|1313884|sample|9|nan|4168,5.7,0.0824654,7,9,1,0.0130674,0.000555612,0.0772135,0.086233,0.188467,-0.121874
130_bNAb_Combinations|1313884|sample|9|nan|4168,28.5,0.0480713,8,9,1,0.0130674,0.000490891,0.0330418,0.0353861,1.16165,0.923876
130_bNAb_Combinations|1313884|vc|1|2|nan|4168,0,0.9016,1,2,1,0.799528,0.799469,0.799738,0.799469,0.374428,0.375541
130_bNAb_Combinations|1313884|vc|2|2|nan|4168,0,0.943493,2,2,1,0.799528,0.799469,0.799738,0.799469,0.528419,0.529583
130_bNAb_Combinations|1313884|vc|3|2|nan|4168,0,0.895508,3,2,1,0.799528,0.799469,0.799738,0.799469,0.352033,0.353138
130_bNAb_Combinations|1313884|vc|4|2|nan|4168,0,0.872534,4,2,1,0.799528,0.799469,0.799738,0.799469,0.267584,0.268662
130_bNAb_Combinations|1313884|vc|5|2|nan|4168,0,0.872572,5,2,1,0.799528,0.799469,0.799738,0.799469,0.267725,0.268802
130_bNAb_Combinations|1313884|vc|6|2|nan|4168,0,0.86009,6,2,1,0.799528,0.799469,0.799738,0.799469,0.221844,0.222906
130_bNAb_Combinations|1313884|vc|7|2|nan|4168,0,0.851932,7,2,1,0.799528,0.799469,0.799738,0.799469,0.191855,0.192907
130_bNAb_Combinations|1313884|vc|8|2|nan|4168,0,0.811301,8,2,1,0.799528,0.799469,0.799738,0.799469,0.042505,0.0435071
130_bNAb_Combinations|1313920|cc|1|1|nan|1798,0,0.00106207,1,1,0,0,0,0,0,0.599525,0.599525
130_bNAb_Combinations|1313920|cc|2|1|nan|1798,0,0.00146853,2,1,0,0,0,0,0,0.828973,0.828973
130_bNAb_Combinations|1313920|cc|3|1|nan|1798,0,0.00173077,3,1,0,0,0,0,0,0.977004,0.977004
130_bNAb_Combinations|1313920|cc|4|1|nan|1798,0,0.00124563,4,1,0,0,0,0,0,0.703147,0.703147
130_bNAb_Combinations|1313920|cc|5|1|nan|1798,0,0.0014292,5,1,0,0,0,0,0,0.806768,0.806768
130_bNAb_Combinations|1313920|cc|6|1|nan|1798,0,0.0014292,6,1,0,0,0,0,0,0.806768,0.806768
130_bNAb_Combinations|1313920|cc|7|1|nan|1798,0,0.0012063,7,1,0,0,0,0,0,0.680942,0.680942
130_bNAb_Combinations|1313920|cc|8|1|nan|1798,0,0.00215035,8,1,0,0,0,0,0,1.21385,1.21385
130_bNAb_Combinations|1313920|sample|10|nan|1798,0.0003648,0.782696,1,10,1,0.799528,0.799527,0.799799,0.799527,-0.0628635,-0.0618847
130_bNAb_Combinations|1313920|sample|10|nan|1798,0.001824,0.776855,2,10,1,0.799528,0.799527,0.799799,0.799527,-0.0843337,-0.0833622
130_bNAb_Combinations|1313920|sample|10|nan|1798,0.00912,0.694879,3,10,1,0.799528,0.799527,0.799799,0.799527,-0.38564,-0.38477
130_bNAb_Combinations|1313920|sample|10|nan|1798,0.0456,0.420198,4,10,1,0.799527,0.797537,0.79919,0.798932,-1.39406,-1.39356
130_bNAb_Combinations|1313920|sample|10|nan|1798,0.228,0.0873778,5,10,1,0.0198176,0.13097,0.0870513,0.0852434,0.0104684,0.0697981
130_bNAb_Combinations|1313920|sample|10|nan|1798,1.14,0.00264861,6,10,1,0.0130677,0.00343454,0.00139699,0.00115573,0.557851,0.690479
130_bNAb_Combinations|1313920|sample|10|nan|1798,5.7,0.000629372,7,10,1,0.0130674,0.000555652,0.000612761,0.000392767,0.00839518,0.124251
130_bNAb_Combinations|1313920|sample|10|nan|1798,28.5,7.86715e-05,8,10,1,0.0130674,0.000490926,0.000605591,0.000385853,-0.266636,-0.161512
130_bNAb_Combinations|1313920|sample|11|nan|1798,0.0003712,0.869963,1,11,1,0.799528,0.799527,0.799799,0.799527,0.25789,0.258977
130_bNAb_Combinations|1313920|sample|11|nan|1798,0.001856,0.691286,2,11,1,0.799528,0.799527,0.79979,0.799517,-0.398816,-0.397946
130_bNAb_Combinations|1313920|sample|11|nan|1798,0.00928,0.783024,3,11,1,0.799528,0.799527,0.79922,0.798884,-0.059572,-0.0583591
130_bNAb_Combinations|1313920|sample|11|nan|1798,0.0464,0.669481,4,11,1,0.799527,0.797319,0.765518,0.763979,-0.368688,-0.363504
130_bNAb_Combinations|1313920|sample|11|nan|1798,0.2319999999999999,0.434162,5,11,1,0.0191272,0.125776,0.34352,0.347592,0.769026,0.726003
130_bNAb_Combinations|1313920|sample|11|nan|1798,1.16,0.115116,6,11,1,0.0130677,0.00331621,0.0699985,0.0734053,1.77434,1.5693
130_bNAb_Combinations|1313920|sample|11|nan|1798,5.8,0.00319931,7,11,1,0.0130674,0.000552992,0.0138642,0.0149543,-1.65168,-1.72224
130_bNAb_Combinations|1313920|sample|11|nan|1798,29,0.000760491,8,11,1,0.0130674,0.000490866,0.00301048,0.00322768,-0.806761,-0.861954
130_bNAb_Combinations|1313920|sample|12|nan|1798,0.0003712,0.815542,1,12,1,0.799528,0.799527,0.799799,0.799527,0.0578622,0.0588817
130_bNAb_Combinations|1313920|sample|12|nan|1798,0.001856,0.74085,2,12,1,0.799528,0.799527,0.799788,0.799517,-0.216635,-0.215712
130_bNAb_Combinations|1313920|sample|12|nan|1798,0.00928,0.723103,3,12,1,0.799528,0.799527,0.799142,0.798903,-0.279716,-0.278921
130_bNAb_Combinations|1313920|sample|12|nan|1798,0.0464,0.623072,4,12,1,0.799527,0.797319,0.764142,0.764326,-0.542541,-0.543119
130_bNAb_Combinations|1313920|sample|12|nan|1798,0.2319999999999999,0.462477,5,12,1,0.0191272,0.125776,0.348614,0.346375,0.952127,0.97704
130_bNAb_Combinations|1313920|sample|12|nan|1798,1.16,0.11273,6,12,1,0.0130677,0.00331621,0.0738542,0.072519,1.45433,1.5301
130_bNAb_Combinations|1313920|sample|12|nan|1798,5.8,0.00295018,7,12,1,0.0130674,0.000552992,0.0154084,0.0146521,-1.78514,-1.74051
130_bNAb_Combinations|1313920|sample|12|nan|1798,29,0,8,12,1,0.0130674,0.000490866,0.00372625,0.00313727,-1.22945,-1.10788
130_bNAb_Combinations|1313920|sample|3|nan|1798,0.000064,0.927104,1,3,1,0.799528,0.799527,0.799789,0.799515,0.46796,0.469127
130_bNAb_Combinations|1313920|sample|3|nan|1798,0.00032,0.90564,2,3,1,0.799528,0.799527,0.799704,0.799416,0.38942,0.390619
130_bNAb_Combinations|1313920|sample|3|nan|1798,0.0016,0.884681,3,3,1,0.799528,0.799527,0.798902,0.79852,0.315636,0.317193
130_bNAb_Combinations|1313920|sample|3|nan|1798,0.008,0.948877,4,3,1,0.799528,0.799527,0.791476,0.790566,0.584579,0.588631
130_bNAb_Combinations|1313920|sample|3|nan|1798,0.04,0.855769,5,3,1,0.799528,0.798618,0.731667,0.729323,0.498317,0.50935
130_bNAb_Combinations|1313920|sample|3|nan|1798,0.2,0.458209,6,3,1,0.0282858,0.177383,0.495462,0.495185,-0.220153,-0.218637
130_bNAb_Combinations|1313920|sample|3|nan|1798,1,0.22622,7,3,1,0.0130681,0.0045007,0.234389,0.235085,-0.100878,-0.109149
130_bNAb_Combinations|1313920|sample|3|nan|1798,5,0.122223,8,3,1,0.0130674,0.000579622,0.102734,0.100762,0.534078,0.599061
130_bNAb_Combinations|1313920|sample|4|nan|1798,0.000064,0.895872,1,4,1,0.799528,0.799527,0.799794,0.799515,0.35314,0.35429
130_bNAb_Combinations|1313920|sample|4|nan|1798,0.00032,0.93585,2,4,1,0.799528,0.799527,0.799744,0.799415,0.5003,0.501715
130_bNAb_Combinations|1313920|sample|4|nan|1798,0.0016,0.876977,3,4,1,0.799528,0.799527,0.799194,0.798513,0.286113,0.288861
130_bNAb_Combinations|1313920|sample|4|nan|1798,0.008,0.971855,4,4,1,0.799528,0.799527,0.793255,0.79053,0.661837,0.674235
130_bNAb_Combinations|1313920|sample|4|nan|1798,0.04,0.784276,5,4,1,0.799528,0.798618,0.737039,0.72923,0.188303,0.221764
130_bNAb_Combinations|1313920|sample|4|nan|1798,0.2,0.443294,6,4,1,0.0282858,0.177383,0.488704,0.495324,-0.272028,-0.307561
130_bNAb_Combinations|1313920|sample|4|nan|1798,1,0.218818,7,4,1,0.0130681,0.0045007,0.219462,0.2354,-0.00847763,-0.203891
130_bNAb_Combinations|1313920|sample|4|nan|1798,5,0.123534,8,4,1,0.0130674,0.000579622,0.0931011,0.101002,0.915673,0.627519
130_bNAb_Combinations|1313920|sample|5|nan|1798,0.0006144,0.907764,1,5,1,0.799528,0.799527,0.79907,0.798687,0.399873,0.401475
130_bNAb_Combinations|1313920|sample|5|nan|1798,0.003072,0.859919,2,5,1,0.799528,0.799527,0.795003,0.794232,0.240034,0.243119
130_bNAb_Combinations|1313920|sample|5|nan|1798,0.01536,0.783712,3,5,1,0.799528,0.799524,0.76974,0.767803,0.0533497,0.0608964
130_bNAb_Combinations|1313920|sample|5|nan|1798,0.0768,0.672202,4,5,1,0.797601,0.758012,0.652467,0.650487,0.0887847,0.09799
130_bNAb_Combinations|1313920|sample|5|nan|1798,0.384,0.368891,5,5,1,0.0133333,0.0388018,0.410131,0.412455,-0.29378,-0.30861
130_bNAb_Combinations|1313920|sample|5|nan|1798,1.92,0.184222,6,5,1,0.0130675,0.00135096,0.210556,0.213329,-0.361077,-0.394039
130_bNAb_Combinations|1313920|sample|5|nan|1798,9.6,0.127972,7,5,1,0.0130674,0.000508807,0.104208,0.104558,0.642472,0.630992
130_bNAb_Combinations|1313920|sample|5|nan|1798,48,0.0587283,8,5,1,0.0130674,0.000489873,0.0529251,0.0508829,0.295209,0.413616
130_bNAb_Combinations|1313920|sample|6|nan|1798,0.0006144,0.830286,1,6,1,0.799528,0.799527,0.799208,0.79882,0.114313,0.115796
130_bNAb_Combinations|1313920|sample|6|nan|1798,0.003072,0.853841,2,6,1,0.799528,0.799527,0.795632,0.794818,0.215066,0.218296
130_bNAb_Combinations|1313920|sample|6|nan|1798,0.01536,0.751916,3,6,1,0.799528,0.799524,0.771767,0.769661,-0.0755955,-0.0677599
130_bNAb_Combinations|1313920|sample|6|nan|1798,0.0768,0.612799,4,6,1,0.797601,0.758012,0.653012,0.651609,-0.180767,-0.174833
130_bNAb_Combinations|1313920|sample|6|nan|1798,0.384,0.297509,5,6,1,0.0133333,0.0388018,0.400818,0.406785,-0.752816,-0.784764
130_bNAb_Combinations|1313920|sample|6|nan|1798,1.92,0.174251,6,6,1,0.0130675,0.00135096,0.197802,0.205628,-0.343215,-0.440296
130_bNAb_Combinations|1313920|sample|6|nan|1798,9.6,0.113582,7,6,1,0.0130674,0.000508807,0.0931128,0.0986018,0.615809,0.426852
130_bNAb_Combinations|1313920|sample|6|nan|1798,48,0.057994,8,6,1,0.0130674,0.000489873,0.0440651,0.0469965,0.835893,0.62294
130_bNAb_Combinations|1313920|sample|7|nan|1798,0.0000768,0.81364,1,7,1,0.799528,0.799527,0.799799,0.799527,0.0508734,0.0518907
130_bNAb_Combinations|1313920|sample|7|nan|1798,0.000384,0.811293,2,7,1,0.799528,0.799527,0.799799,0.799527,0.0422468,0.0432611
130_bNAb_Combinations|1313920|sample|7|nan|1798,0.00192,0.832548,3,7,1,0.799528,0.799527,0.799799,0.799527,0.120369,0.121409
130_bNAb_Combinations|1313920|sample|7|nan|1798,0.0096,0.838533,4,7,1,0.799528,0.799527,0.799799,0.799527,0.142369,0.143418
130_bNAb_Combinations|1313920|sample|7|nan|1798,0.048,0.504533,5,7,1,0.799527,0.796823,0.797454,0.797254,-1.07979,-1.07932
130_bNAb_Combinations|1313920|sample|7|nan|1798,0.24,0.121528,6,7,1,0.0179777,0.116226,0.110968,0.108283,0.268867,0.345219
130_bNAb_Combinations|1313920|sample|7|nan|1798,1.2,0.00317308,7,7,1,0.0130677,0.00309904,0.00302408,0.00251872,0.0533407,0.249496
130_bNAb_Combinations|1313920|sample|7|nan|1798,6,0.000773603,8,7,1,0.0130674,0.000548109,0.000868579,0.00044523,-0.0459922,0.170852
130_bNAb_Combinations|1313920|sample|8|nan|1798,0.0000768,0.853369,1,8,1,0.799528,0.799527,0.799799,0.799527,0.1969,0.197967
130_bNAb_Combinations|1313920|sample|8|nan|1798,0.000384,0.858752,2,8,1,0.799528,0.799527,0.799799,0.799527,0.216684,0.217757
130_bNAb_Combinations|1313920|sample|8|nan|1798,0.00192,0.804488,3,8,1,0.799528,0.799527,0.799799,0.799527,0.0172343,0.0182401
130_bNAb_Combinations|1313920|sample|8|nan|1798,0.0096,0.786951,4,8,1,0.799528,0.799527,0.799799,0.799527,-0.0472244,-0.0462403
130_bNAb_Combinations|1313920|sample|8|nan|1798,0.048,0.487829,5,8,1,0.799527,0.796823,0.797901,0.797524,-1.14238,-1.14153
130_bNAb_Combinations|1313920|sample|8|nan|1798,0.24,0.111628,6,8,1,0.0179777,0.116226,0.101591,0.10291,0.277995,0.238537
130_bNAb_Combinations|1313920|sample|8|nan|1798,1.2,0.0031862,7,8,1,0.0130677,0.00309904,0.00213175,0.00223813,0.423142,0.375042
130_bNAb_Combinations|1313920|sample|8|nan|1798,6,0.000694932,8,8,1,0.0130674,0.000548109,0.000457628,0.000455357,0.1232,0.124428
130_bNAb_Combinations|1313920|sample|9|nan|1798,0.0003648,0.799965,1,9,1,0.799528,0.799527,0.799799,0.799527,0.000607498,0.00160774
130_bNAb_Combinations|1313920|sample|9|nan|1798,0.001824,0.747006,2,9,1,0.799528,0.799527,0.799799,0.799527,-0.194046,-0.193112
130_bNAb_Combinations|1313920|sample|9|nan|1798,0.00912,0.676214,3,9,1,0.799528,0.799527,0.799799,0.799527,-0.454244,-0.453397
130_bNAb_Combinations|1313920|sample|9|nan|1798,0.0456,0.461861,4,9,1,0.799527,0.797537,0.798831,0.798654,-1.24004,-1.23967
130_bNAb_Combinations|1313920|sample|9|nan|1798,0.228,0.0981493,5,9,1,0.0198176,0.13097,0.102373,0.0977281,-0.116147,0.0121033
130_bNAb_Combinations|1313920|sample|9|nan|1798,1.14,0.00317308,6,9,1,0.0130677,0.00343454,0.00179636,0.00159497,0.578795,0.683008
130_bNAb_Combinations|1313920|sample|9|nan|1798,5.7,0.000485141,7,9,1,0.0130674,0.000555652,0.000490401,0.000430198,-0.00271528,0.0286624
130_bNAb_Combinations|1313920|sample|9|nan|1798,28.5,0.000563812,8,9,1,0.0130674,0.000490926,0.000473481,0.000416112,0.0467669,0.0772437
130_bNAb_Combinations|1313920|vc|1|2|nan|1798,0,0.838599,1,2,1,0.799528,0.799527,0.799799,0.799527,0.14261,0.143658
130_bNAb_Combinations|1313920|vc|2|2|nan|1798,0,0.91969,2,2,1,0.799528,0.799527,0.799799,0.799527,0.440663,0.441812
130_bNAb_Combinations|1313920|vc|3|2|nan|1798,0,0.872133,3,2,1,0.799528,0.799527,0.799799,0.799527,0.265865,0.266955
130_bNAb_Combinations|1313920|vc|4|2|nan|1798,0,0.947723,4,2,1,0.799528,0.799527,0.799799,0.799527,0.543701,0.544885
130_bNAb_Combinations|1313920|vc|5|2|nan|1798,0,1,5,2,1,0.799528,0.799527,0.799799,0.799527,0.735849,0.737098
130_bNAb_Combinations|1313920|vc|6|2|nan|1798,0,0.938505,6,2,1,0.799528,0.799527,0.799799,0.799527,0.509821,0.510993
130_bNAb_Combinations|1313920|vc|7|2|nan|1798,0,0.844873,7,2,1,0.799528,0.799527,0.799799,0.799527,0.165671,0.166727
130_bNAb_Combinations|1313920|vc|8|2|nan|1798,0,0.756315,8,2,1,0.799528,0.799527,0.799799,0.799527,-0.159829,-0.158883
130_bNAb_Combinations|1313938|cc|1|1|TRO.11|8301,0,0.000314857,1,1,0,0,0,0,0,0.177734,0.177734
130_bNAb_Combinations|1313938|cc|2|1|TRO.11|8301,0,0.000558156,2,1,0,0,0,0,0,0.315073,0.315073
130_bNAb_Combinations|1313938|cc|3|1|TRO.11|8301,0,0.000586779,3,1,0,0,0,0,0,0.331231,0.331231
130_bNAb_Combinations|1313938|cc|4|1|TRO.11|8301,0,0.000686961,4,1,0,0,0,0,0,0.387782,0.387782
130_bNAb_Combinations|1313938|cc|5|1|TRO.11|8301,0,0.000615402,5,1,0,0,0,0,0,0.347388,0.347388
130_bNAb_Combinations|1313938|cc|6|1|TRO.11|8301,0,0.001102,6,1,0,0,0,0,0,0.622067,0.622067
130_bNAb_Combinations|1313938|cc|7|1|TRO.11|8301,0,0.00120218,7,1,0,0,0,0,0,0.678619,0.678619
130_bNAb_Combinations|1313938|cc|8|1|TRO.11|8301,0,0.000457974,8,1,0,0,0,0,0,0.258521,0.258521
130_bNAb_Combinations|1313938|sample|10|TRO.11|8301,0.0003648,0.972099,1,10,1,0.799528,0.799527,0.799799,0.799527,0.633298,0.634512
130_bNAb_Combinations|1313938|sample|10|TRO.11|8301,0.001824,0.800331,2,10,1,0.799528,0.799527,0.799799,0.799527,0.00195251,0.00295316
130_bNAb_Combinations|1313938|sample|10|TRO.11|8301,0.00912,0.620841,3,10,1,0.799528,0.799527,0.799799,0.799527,-0.657773,-0.656995
130_bNAb_Combinations|1313938|sample|10|TRO.11|8301,0.0456,0.181823,4,10,1,0.799527,0.797537,0.799797,0.799526,-2.27141,-2.27117
130_bNAb_Combinations|1313938|sample|10|TRO.11|8301,0.228,0.00905929,5,10,1,0.0198176,0.13097,0.0116197,0.0101286,-0.44931,-0.205846
130_bNAb_Combinations|1313938|sample|10|TRO.11|8301,1.14,0.000415039,6,10,1,0.0130677,0.00343455,0.000420338,0.000289636,-0.00276919,0.0670822
130_bNAb_Combinations|1313938|sample|10|TRO.11|8301,5.7,0.000314857,7,10,1,0.0130674,0.000555652,0.000418976,0.000288669,-0.054424,0.0140111
130_bNAb_Combinations|1313938|sample|10|TRO.11|8301,28.5,0.000887324,8,10,1,0.0130674,0.000490926,0.000418976,0.000288669,0.24481,0.320296
130_bNAb_Combinations|1313938|sample|11|TRO.11|8301,0.0003712,0.957351,1,11,1,0.799528,0.799527,0.799799,0.799527,0.579091,0.580286
130_bNAb_Combinations|1313938|sample|11|TRO.11|8301,0.001856,0.926724,2,11,1,0.799528,0.799527,0.799799,0.799527,0.466519,0.467677
130_bNAb_Combinations|1313938|sample|11|TRO.11|8301,0.00928,0.826421,3,11,1,0.799528,0.799527,0.799798,0.799526,0.097854,0.0988878
130_bNAb_Combinations|1313938|sample|11|TRO.11|8301,0.0464,0.657393,4,11,1,0.799527,0.797319,0.795017,0.794499,-0.50887,-0.507282
130_bNAb_Combinations|1313938|sample|11|TRO.11|8301,0.2319999999999999,0.217337,5,11,1,0.0191272,0.125776,0.168514,0.170331,0.831439,0.792215
130_bNAb_Combinations|1313938|sample|11|TRO.11|8301,1.16,0.00788574,6,11,1,0.0130677,0.00331621,0.00747665,0.00753853,0.0951733,0.0803862
130_bNAb_Combinations|1313938|sample|11|TRO.11|8301,5.8,4.2935e-05,7,11,1,0.0130674,0.000552992,0.000899982,0.000575196,-0.412902,-0.270747
130_bNAb_Combinations|1313938|sample|11|TRO.11|8301,29,0.00034348,8,11,1,0.0130674,0.000490867,0.000633549,0.000279737,-0.146085,0.0341596
130_bNAb_Combinations|1313938|sample|12|TRO.11|8301,0.0003712,0.867789,1,12,1,0.799528,0.799527,0.799799,0.799527,0.249899,0.250983
130_bNAb_Combinations|1313938|sample|12|TRO.11|8301,0.001856,0.853241,2,12,1,0.799528,0.799527,0.799799,0.799527,0.196427,0.197494
130_bNAb_Combinations|1313938|sample|12|TRO.11|8301,0.00928,0.83694,3,12,1,0.799528,0.799527,0.799797,0.799526,0.13652,0.137564
130_bNAb_Combinations|1313938|sample|12|TRO.11|8301,0.0464,0.620225,4,12,1,0.799527,0.797319,0.794464,0.794744,-0.644696,-0.645507
130_bNAb_Combinations|1313938|sample|12|TRO.11|8301,0.2319999999999999,0.188106,5,12,1,0.0191272,0.125776,0.175304,0.167214,0.209801,0.358452
130_bNAb_Combinations|1313938|sample|12|TRO.11|8301,1.16,0.00864425,6,12,1,0.0130677,0.00331621,0.00826482,0.00713273,0.0831241,0.361431
130_bNAb_Combinations|1313938|sample|12|TRO.11|8301,5.8,0,7,12,1,0.0130674,0.000552992,0.000832297,0.000547828,-0.405447,-0.279982
130_bNAb_Combinations|1313938|sample|12|TRO.11|8301,29,0.000143117,8,12,1,0.0130674,0.000490867,0.000504532,0.000279033,-0.186103,-0.0728454
130_bNAb_Combinations|1313938|sample|3|TRO.11|8301,0.000064,0.999256,1,3,1,0.799528,0.799527,0.799787,0.799522,0.73317,0.734386
130_bNAb_Combinations|1313938|sample|3|TRO.11|8301,0.00032,1,2,3,1,0.799528,0.799527,0.799687,0.799469,0.736364,0.737367
130_bNAb_Combinations|1313938|sample|3|TRO.11|8301,0.0016,0.897106,3,3,1,0.799528,0.799527,0.798787,0.798893,0.361834,0.361394
130_bNAb_Combinations|1313938|sample|3|TRO.11|8301,0.008,0.970361,4,3,1,0.799528,0.799527,0.790815,0.792759,0.667378,0.658544
130_bNAb_Combinations|1313938|sample|3|TRO.11|8301,0.04,0.880483,5,3,1,0.799528,0.798618,0.729571,0.735512,0.6077,0.579093
130_bNAb_Combinations|1313938|sample|3|TRO.11|8301,0.2,0.715899,6,3,1,0.0282858,0.177383,0.495453,0.485543,1.30278,1.38883
130_bNAb_Combinations|1313938|sample|3|TRO.11|8301,1,0.31236,7,3,1,0.0130681,0.0045007,0.235308,0.214089,0.9478,1.32575
130_bNAb_Combinations|1313938|sample|3|TRO.11|8301,5,0.0404162,8,3,1,0.0130674,0.000579622,0.101332,0.0853457,-1.6913,-1.46759
130_bNAb_Combinations|1313938|sample|4|TRO.11|8301,0.000064,0.979763,1,4,1,0.799528,0.799527,0.799797,0.799525,0.661479,0.6627
130_bNAb_Combinations|1313938|sample|4|TRO.11|8301,0.00032,0.958596,2,4,1,0.799528,0.799527,0.799767,0.7995,0.58381,0.584985
130_bNAb_Combinations|1313938|sample|4|TRO.11|8301,0.0016,0.947948,3,4,1,0.799528,0.799527,0.799386,0.799161,0.54633,0.547311
130_bNAb_Combinations|1313938|sample|4|TRO.11|8301,0.008,0.949609,4,4,1,0.799528,0.799527,0.794592,0.79468,0.573483,0.573094
130_bNAb_Combinations|1313938|sample|4|TRO.11|8301,0.04,0.862629,5,4,1,0.799528,0.798618,0.741247,0.742235,0.48114,0.476593
130_bNAb_Combinations|1313938|sample|4|TRO.11|8301,0.2,0.698095,6,4,1,0.0282858,0.177383,0.477448,0.474138,1.35261,1.38238
130_bNAb_Combinations|1313938|sample|4|TRO.11|8301,1,0.273174,7,4,1,0.0130681,0.0045007,0.19733,0.191458,1.10785,1.22926
130_bNAb_Combinations|1313938|sample|4|TRO.11|8301,5,0.0442374,8,4,1,0.0130674,0.000579622,0.0749593,0.0701165,-1.13347,-1.01615
130_bNAb_Combinations|1313938|sample|5|TRO.11|8301,0.0006144,0.941673,1,5,1,0.799528,0.799527,0.799747,0.799502,0.52169,0.522752
130_bNAb_Combinations|1313938|sample|5|TRO.11|8301,0.003072,0.958739,2,5,1,0.799528,0.799527,0.799007,0.799039,0.587686,0.587545
130_bNAb_Combinations|1313938|sample|5|TRO.11|8301,0.01536,0.915761,3,5,1,0.799528,0.799524,0.788084,0.790467,0.476216,0.465926
130_bNAb_Combinations|1313938|sample|5|TRO.11|8301,0.0768,0.82456,4,5,1,0.797601,0.758012,0.668213,0.672054,0.686944,0.666271
130_bNAb_Combinations|1313938|sample|5|TRO.11|8301,0.384,0.514634,5,5,1,0.0133333,0.0388018,0.32592,0.306391,1.68618,1.97727
130_bNAb_Combinations|1313938|sample|5|TRO.11|8301,1.92,0.141399,6,5,1,0.0130675,0.00135096,0.116569,0.100126,0.603155,1.15907
130_bNAb_Combinations|1313938|sample|5|TRO.11|8301,9.6,0.0210382,7,5,1,0.0130674,0.000508807,0.0407086,0.0318671,-1.26667,-0.863471
130_bNAb_Combinations|1313938|sample|5|TRO.11|8301,48,0.00739914,8,5,1,0.0130674,0.000489873,0.0147078,0.0102968,-1.08404,-0.551793
130_bNAb_Combinations|1313938|sample|6|TRO.11|8301,0.0006144,0.9722,1,6,1,0.799528,0.799527,0.79975,0.799499,0.633889,0.63501
130_bNAb_Combinations|1313938|sample|6|TRO.11|8301,0.003072,0.899854,2,6,1,0.799528,0.799527,0.799034,0.799001,0.370923,0.371058
130_bNAb_Combinations|1313938|sample|6|TRO.11|8301,0.01536,0.850665,3,6,1,0.799528,0.799524,0.788297,0.790104,0.23256,0.225308
130_bNAb_Combinations|1313938|sample|6|TRO.11|8301,0.0768,0.801476,4,6,1,0.797601,0.758012,0.66843,0.671423,0.584376,0.568704
130_bNAb_Combinations|1313938|sample|6|TRO.11|8301,0.384,0.527478,5,6,1,0.0133333,0.0388018,0.324058,0.309346,1.82787,2.05173
130_bNAb_Combinations|1313938|sample|6|TRO.11|8301,1.92,0.143947,6,6,1,0.0130675,0.00135096,0.114721,0.102506,0.720873,1.13804
130_bNAb_Combinations|1313938|sample|6|TRO.11|8301,9.6,0.0206374,7,6,1,0.0130674,0.000508807,0.0394156,0.0330519,-1.24423,-0.959269
130_bNAb_Combinations|1313938|sample|6|TRO.11|8301,48,0.00800023,8,6,1,0.0130674,0.000489873,0.0137742,0.0108091,-0.89845,-0.517815
130_bNAb_Combinations|1313938|sample|7|TRO.11|8301,0.0000768,0.947047,1,7,1,0.799528,0.799527,0.799799,0.799527,0.541216,0.542399
130_bNAb_Combinations|1313938|sample|7|TRO.11|8301,0.000384,0.922266,2,7,1,0.799528,0.799527,0.799799,0.799527,0.450133,0.451286
130_bNAb_Combinations|1313938|sample|7|TRO.11|8301,0.00192,0.797075,3,7,1,0.799528,0.799527,0.799799,0.799527,-0.0100148,-0.00901816
130_bNAb_Combinations|1313938|sample|7|TRO.11|8301,0.0096,0.572639,4,7,1,0.799528,0.799527,0.799799,0.799527,-0.834941,-0.834223
130_bNAb_Combinations|1313938|sample|7|TRO.11|8301,0.048,0.211555,5,7,1,0.799527,0.796823,0.799793,0.799522,-2.16212,-2.16185
130_bNAb_Combinations|1313938|sample|7|TRO.11|8301,0.24,0.00928828,6,7,1,0.0179777,0.116226,0.0103624,0.00990765,-0.203686,-0.120975
130_bNAb_Combinations|1313938|sample|7|TRO.11|8301,1.2,0.000157428,7,7,1,0.0130677,0.00309904,0.000533142,0.000337682,-0.192507,-0.0955932
130_bNAb_Combinations|1313938|sample|7|TRO.11|8301,6,0.001102,8,7,1,0.0130674,0.000548109,0.000531511,0.000336095,0.292387,0.406295
130_bNAb_Combinations|1313938|sample|8|TRO.11|8301,0.0000768,0.992465,1,8,1,0.799528,0.799527,0.799799,0.799527,0.708153,0.709392
130_bNAb_Combinations|1313938|sample|8|TRO.11|8301,0.000384,0.918846,2,8,1,0.799528,0.799527,0.799799,0.799527,0.437561,0.438709
130_bNAb_Combinations|1313938|sample|8|TRO.11|8301,0.00192,0.798592,3,8,1,0.799528,0.799527,0.799799,0.799527,-0.00443881,-0.00344032
130_bNAb_Combinations|1313938|sample|8|TRO.11|8301,0.0096,0.614093,4,8,1,0.799528,0.799527,0.799799,0.799527,-0.682575,-0.681806
130_bNAb_Combinations|1313938|sample|8|TRO.11|8301,0.048,0.216235,5,8,1,0.799527,0.796823,0.799785,0.799518,-2.14491,-2.14464
130_bNAb_Combinations|1313938|sample|8|TRO.11|8301,0.24,0.0118501,6,8,1,0.0179777,0.116226,0.0146317,0.0121456,-0.414152,-0.0502984
130_bNAb_Combinations|1313938|sample|8|TRO.11|8301,1.2,0.000787142,7,8,1,0.0130677,0.00309904,0.000648512,0.000346167,0.0696397,0.233506
130_bNAb_Combinations|1313938|sample|8|TRO.11|8301,6,0.000543844,8,8,1,0.0130674,0.000548109,0.000643849,0.000343211,-0.0502764,0.106296
130_bNAb_Combinations|1313938|sample|9|TRO.11|8301,0.0003648,0.965087,1,9,1,0.799528,0.799527,0.799799,0.799527,0.607523,0.608728
130_bNAb_Combinations|1313938|sample|9|TRO.11|8301,0.001824,0.834471,2,9,1,0.799528,0.799527,0.799799,0.799527,0.127438,0.128481
130_bNAb_Combinations|1313938|sample|9|TRO.11|8301,0.00912,0.637786,3,9,1,0.799528,0.799527,0.799799,0.799527,-0.595491,-0.594692
130_bNAb_Combinations|1313938|sample|9|TRO.11|8301,0.0456,0.173393,4,9,1,0.799527,0.797537,0.799797,0.799526,-2.30239,-2.30217
130_bNAb_Combinations|1313938|sample|9|TRO.11|8301,0.228,0.00868719,5,9,1,0.0198176,0.13097,0.0117904,0.00981821,-0.539112,-0.222221
130_bNAb_Combinations|1313938|sample|9|TRO.11|8301,1.14,0.00025761,6,9,1,0.0130677,0.00343455,0.000473022,0.000305039,-0.111533,-0.0253009
130_bNAb_Combinations|1313938|sample|9|TRO.11|8301,5.7,0.000543844,7,9,1,0.0130674,0.000555652,0.000471615,0.000304169,0.0374071,0.127874
130_bNAb_Combinations|1313938|sample|9|TRO.11|8301,28.5,0.00104475,8,9,1,0.0130674,0.000490926,0.000471614,0.000304169,0.296825,0.395124
130_bNAb_Combinations|1313938|vc|1|2|TRO.11|8301,0,0.914116,1,2,1,0.799528,0.799527,0.799799,0.799527,0.420176,0.421318
130_bNAb_Combinations|1313938|vc|2|2|TRO.11|8301,0,0.902924,2,2,1,0.799528,0.799527,0.799799,0.799527,0.37904,0.380168
130_bNAb_Combinations|1313938|vc|3|2|TRO.11|8301,0,0.968414,3,2,1,0.799528,0.799527,0.799799,0.799527,0.619753,0.620963
130_bNAb_Combinations|1313938|vc|4|2|TRO.11|8301,0,0.926266,4,2,1,0.799528,0.799527,0.799799,0.799527,0.464836,0.465993
130_bNAb_Combinations|1313938|vc|5|2|TRO.11|8301,0,0.902967,5,2,1,0.799528,0.799527,0.799799,0.799527,0.379198,0.380326
130_bNAb_Combinations|1313938|vc|6|2|TRO.11|8301,0,0.92744,6,2,1,0.799528,0.799527,0.799799,0.799527,0.46915,0.470308
130_bNAb_Combinations|1313938|vc|7|2|TRO.11|8301,0,0.886129,7,2,1,0.799528,0.799527,0.799799,0.799527,0.31731,0.318417
130_bNAb_Combinations|1313938|vc|8|2|TRO.11|8301,0,0.777732,8,2,1,0.799528,0.799527,0.799799,0.799527,-0.0811083,-0.0801357
130_bNAb_Combinations|1313956|cc|1|1|Ce1176_A3|7023,0,0.000508745,1,1,0,0,0,0,0,0.287181,0.287181
130_bNAb_Combinations|1313956|cc|2|1|Ce1176_A3|7023,0,0.000481245,2,1,0,0,0,0,0,0.271658,0.271658
130_bNAb_Combinations|1313956|cc|3|1|Ce1176_A3|7023,0,0.000632494,3,1,0,0,0,0,0,0.357036,0.357036
130_bNAb_Combinations|1313956|cc|4|1|Ce1176_A3|7023,0,0.00112749,4,1,0,0,0,0,0,0.636456,0.636456
130_bNAb_Combinations|1313956|cc|5|1|Ce1176_A3|7023,0,0.00140249,5,1,0,0,0,0,0,0.791689,0.791689
130_bNAb_Combinations|1313956|cc|6|1|Ce1176_A3|7023,0,0.00147124,6,1,0,0,0,0,0,0.830497,0.830497
130_bNAb_Combinations|1313956|cc|7|1|Ce1176_A3|7023,0,0.00120999,7,1,0,0,0,0,0,0.683026,0.683026
130_bNAb_Combinations|1313956|cc|8|1|Ce1176_A3|7023,0,0.00149874,8,1,0,0,0,0,0,0.846021,0.846021
130_bNAb_Combinations|1313956|sample|10|Ce1176_A3|7023,0.0003648,0.703622,1,10,1,0.799528,0.732689,0.731971,0.732689,-0.113787,-0.116553
130_bNAb_Combinations|1313956|sample|10|Ce1176_A3|7023,0.001824,0.749608,2,10,1,0.799528,0.732689,0.731971,0.732689,0.0707904,0.0678443
130_bNAb_Combinations|1313956|sample|10|Ce1176_A3|7023,0.00912,0.514314,3,10,1,0.799528,0.732689,0.731971,0.732689,-0.873619,-0.875646
130_bNAb_Combinations|1313956|sample|10|Ce1176_A3|7023,0.0456,0.208599,4,10,1,0.799527,0.730864,0.731966,0.732687,-2.10067,-2.10151
130_bNAb_Combinations|1313956|sample|10|Ce1176_A3|7023,0.228,0.00944616,5,10,1,0.0198176,0.120021,0.0150238,0.0103511,-0.814388,-0.171726
130_bNAb_Combinations|1313956|sample|10|Ce1176_A3|7023,1.14,0.000343747,6,10,1,0.0130677,0.00314742,0.00043576,0.000243814,-0.047954,0.0539037
130_bNAb_Combinations|1313956|sample|10|Ce1176_A3|7023,5.7,0.000233748,7,10,1,0.0130674,0.000509201,0.000432019,0.000242552,-0.1034,-0.00475041
130_bNAb_Combinations|1313956|sample|10|Ce1176_A3|7023,28.5,0.000398746,8,10,1,0.0130674,0.000449886,0.000432018,0.000242552,-0.0173518,0.0842704
130_bNAb_Combinations|1313956|sample|11|Ce1176_A3|7023,0.0003712,0.688607,1,11,1,0.799528,0.732689,0.731971,0.732689,-0.174052,-0.17676
130_bNAb_Combinations|1313956|sample|11|Ce1176_A3|7023,0.001856,0.732462,2,11,1,0.799528,0.732689,0.731968,0.732685,0.00198295,-0.000892373
130_bNAb_Combinations|1313956|sample|11|Ce1176_A3|7023,0.00928,0.765771,3,11,1,0.799528,0.732688,0.73168,0.732345,0.136887,0.134096
130_bNAb_Combinations|1313956|sample|11|Ce1176_A3|7023,0.0464,0.662853,4,11,1,0.799527,0.730665,0.706038,0.705211,-0.179652,-0.176417
130_bNAb_Combinations|1313956|sample|11|Ce1176_A3|7023,0.2319999999999999,0.428576,5,11,1,0.0191272,0.115261,0.293918,0.299743,1.33189,1.24995
130_bNAb_Combinations|1313956|sample|11|Ce1176_A3|7023,1.16,0.0788005,6,11,1,0.0130677,0.00303898,0.0509611,0.0546484,1.46568,1.19327
130_bNAb_Combinations|1313956|sample|11|Ce1176_A3|7023,5.8,0.00151248,7,11,1,0.0130674,0.000506763,0.00881176,0.00973175,-1.53685,-1.62423
130_bNAb_Combinations|1313956|sample|11|Ce1176_A3|7023,29,0.000233748,8,11,1,0.0130674,0.000449831,0.0018463,0.00190487,-0.673166,-0.691899
130_bNAb_Combinations|1313956|sample|12|Ce1176_A3|7023,0.0003712,0.632164,1,12,1,0.799528,0.732689,0.731971,0.732689,-0.4006,-0.403088
130_bNAb_Combinations|1313956|sample|12|Ce1176_A3|7023,0.001856,0.613698,2,12,1,0.799528,0.732689,0.731968,0.732687,-0.474708,-0.477128
130_bNAb_Combinations|1313956|sample|12|Ce1176_A3|7023,0.00928,0.591375,3,12,1,0.799528,0.732688,0.731681,0.732494,-0.563375,-0.566012
130_bNAb_Combinations|1313956|sample|12|Ce1176_A3|7023,0.0464,0.519222,4,12,1,0.799527,0.730665,0.70608,0.709758,-0.777296,-0.788518
130_bNAb_Combinations|1313956|sample|12|Ce1176_A3|7023,0.2319999999999999,0.330526,5,12,1,0.0191272,0.115261,0.29379,0.280894,0.363513,0.513258
130_bNAb_Combinations|1313956|sample|12|Ce1176_A3|7023,1.16,0.0625069,6,12,1,0.0130677,0.00303898,0.0509182,0.043962,0.610584,1.11524
130_bNAb_Combinations|1313956|sample|12|Ce1176_A3|7023,5.8,0.00237873,7,12,1,0.0130674,0.000506763,0.00884053,0.00683653,-1.35775,-1.09208
130_bNAb_Combinations|1313956|sample|12|Ce1176_A3|7023,29,0.000769992,8,12,1,0.0130674,0.000449831,0.00189573,0.00125559,-0.466689,-0.221145
130_bNAb_Combinations|1313956|sample|3|Ce1176_A3|7023,0.000064,0.742974,1,3,1,0.799528,0.732689,0.731708,0.732305,0.0452339,0.0428037
130_bNAb_Combinations|1313956|sample|3|Ce1176_A3|7023,0.00032,0.893054,2,3,1,0.799528,0.732689,0.730774,0.731077,0.652404,0.650918
130_bNAb_Combinations|1313956|sample|3|Ce1176_A3|7023,0.0016,0.908543,3,3,1,0.799528,0.732689,0.72657,0.725991,0.735781,0.738708
130_bNAb_Combinations|1313956|sample|3|Ce1176_A3|7023,0.008,0.937844,4,3,1,0.799528,0.732689,0.708434,0.705876,0.951159,0.965224
130_bNAb_Combinations|1313956|sample|3|Ce1176_A3|7023,0.04,0.777115,5,3,1,0.799528,0.731856,0.642222,0.638584,0.616473,0.636675
130_bNAb_Combinations|1313956|sample|3|Ce1176_A3|7023,0.2,0.561758,6,3,1,0.0282858,0.162554,0.488981,0.491516,0.435723,0.418397
130_bNAb_Combinations|1313956|sample|3|Ce1176_A3|7023,1,0.368964,7,3,1,0.0130681,0.00412445,0.30821,0.317373,0.573509,0.473184
130_bNAb_Combinations|1313956|sample|3|Ce1176_A3|7023,5,0.208888,8,3,1,0.0130674,0.000531167,0.178645,0.18747,0.486645,0.328864
130_bNAb_Combinations|1313956|sample|4|Ce1176_A3|7023,0.000064,0.71326,1,4,1,0.799528,0.732689,0.731693,0.732377,-0.0740128,-0.0766857
130_bNAb_Combinations|1313956|sample|4|Ce1176_A3|7023,0.00032,0.883119,2,4,1,0.799528,0.732689,0.73072,0.731319,0.61273,0.609827
130_bNAb_Combinations|1313956|sample|4|Ce1176_A3|7023,0.0016,0.934819,3,4,1,0.799528,0.732689,0.726381,0.726723,0.843004,0.841227
130_bNAb_Combinations|1313956|sample|4|Ce1176_A3|7023,0.008,0.950487,4,4,1,0.799528,0.732689,0.707866,0.707639,1.00673,1.008
130_bNAb_Combinations|1313956|sample|4|Ce1176_A3|7023,0.04,0.817519,5,4,1,0.799528,0.731856,0.640996,0.640591,0.808259,0.810617
130_bNAb_Combinations|1313956|sample|4|Ce1176_A3|7023,0.2,0.59253,6,4,1,0.0282858,0.162554,0.487321,0.489317,0.632022,0.617526
130_bNAb_Combinations|1313956|sample|4|Ce1176_A3|7023,1,0.33859,7,4,1,0.0130681,0.00412445,0.305955,0.310509,0.310306,0.263155
130_bNAb_Combinations|1313956|sample|4|Ce1176_A3|7023,5,0.207004,8,4,1,0.0130674,0.000531167,0.17535,0.179913,0.518649,0.432945
130_bNAb_Combinations|1313956|sample|5|Ce1176_A3|7023,0.0006144,0.687672,1,5,1,0.799528,0.732689,0.721919,0.727916,-0.139359,-0.162424
130_bNAb_Combinations|1313956|sample|5|Ce1176_A3|7023,0.003072,0.893274,2,5,1,0.799528,0.732689,0.704704,0.71606,0.785938,0.726976
130_bNAb_Combinations|1313956|sample|5|Ce1176_A3|7023,0.01536,0.886089,3,5,1,0.799528,0.732686,0.662819,0.678531,0.988909,0.898193
130_bNAb_Combinations|1313956|sample|5|Ce1176_A3|7023,0.0768,0.71535,4,5,1,0.797601,0.694644,0.579243,0.584898,0.689047,0.654089
130_bNAb_Combinations|1313956|sample|5|Ce1176_A3|7023,0.384,0.488319,5,5,1,0.0133333,0.0355581,0.457483,0.434699,0.19719,0.360645
130_bNAb_Combinations|1313956|sample|5|Ce1176_A3|7023,1.92,0.393054,6,5,1,0.0130675,0.00123802,0.330954,0.286122,0.546561,1.08595
130_bNAb_Combinations|1313956|sample|5|Ce1176_A3|7023,9.6,0.204928,7,5,1,0.0130674,0.000466272,0.227776,0.178061,-0.290133,0.433699
130_bNAb_Combinations|1313956|sample|5|Ce1176_A3|7023,48,0.100326,8,5,1,0.0130674,0.000448921,0.153513,0.108805,-0.991341,-0.219988
130_bNAb_Combinations|1313956|sample|6|Ce1176_A3|7023,0.0006144,0.700267,1,6,1,0.799528,0.732689,0.727138,0.728994,-0.108566,-0.115771
130_bNAb_Combinations|1313956|sample|6|Ce1176_A3|7023,0.003072,0.779562,2,6,1,0.799528,0.732689,0.715202,0.718677,0.264337,0.248862
130_bNAb_Combinations|1313956|sample|6|Ce1176_A3|7023,0.01536,0.830994,3,6,1,0.799528,0.732686,0.677583,0.682954,0.664796,0.636512
130_bNAb_Combinations|1313956|sample|6|Ce1176_A3|7023,0.0768,0.671062,4,6,1,0.797601,0.694644,0.584059,0.58651,0.436858,0.422789
130_bNAb_Combinations|1313956|sample|6|Ce1176_A3|7023,0.384,0.520893,5,6,1,0.0133333,0.0355581,0.434269,0.426589,0.583191,0.646186
130_bNAb_Combinations|1313956|sample|6|Ce1176_A3|7023,1.92,0.352251,6,6,1,0.0130675,0.00123802,0.28611,0.271567,0.671727,0.862476
130_bNAb_Combinations|1313956|sample|6|Ce1176_A3|7023,9.6,0.186758,7,6,1,0.0130674,0.000466272,0.178384,0.163301,0.134932,0.411813
130_bNAb_Combinations|1313956|sample|6|Ce1176_A3|7023,48,0.0915191,8,6,1,0.0130674,0.000448921,0.109413,0.0965626,-0.461804,-0.146592
130_bNAb_Combinations|1313956|sample|7|Ce1176_A3|7023,0.0000768,0.644896,1,7,1,0.799528,0.732689,0.731971,0.732689,-0.349496,-0.352033
130_bNAb_Combinations|1313956|sample|7|Ce1176_A3|7023,0.000384,0.807536,2,7,1,0.799528,0.732689,0.731971,0.732689,0.303299,0.300126
130_bNAb_Combinations|1313956|sample|7|Ce1176_A3|7023,0.00192,0.874608,3,7,1,0.799528,0.732689,0.731971,0.732689,0.572507,0.569073
130_bNAb_Combinations|1313956|sample|7|Ce1176_A3|7023,0.0096,0.712752,4,7,1,0.799528,0.732688,0.731971,0.732689,-0.0771418,-0.079944
130_bNAb_Combinations|1313956|sample|7|Ce1176_A3|7023,0.048,0.234181,5,7,1,0.799527,0.730211,0.731957,0.732679,-1.99798,-1.99892
130_bNAb_Combinations|1313956|sample|7|Ce1176_A3|7023,0.24,0.0112199,6,7,1,0.0179777,0.106509,0.0139336,0.0115081,-0.418748,-0.0509134
130_bNAb_Combinations|1313956|sample|7|Ce1176_A3|7023,1.2,0.000769992,7,7,1,0.0130677,0.00283997,0.0005159,0.000325553,0.130581,0.236211
130_bNAb_Combinations|1313956|sample|7|Ce1176_A3|7023,6,0.000536245,8,7,1,0.0130674,0.000502288,0.000510986,0.00032256,0.0129918,0.11363
130_bNAb_Combinations|1313956|sample|8|Ce1176_A3|7023,0.0000768,0.696355,1,8,1,0.799528,0.732689,0.731971,0.732689,-0.142954,-0.145692
130_bNAb_Combinations|1313956|sample|8|Ce1176_A3|7023,0.000384,0.873701,2,8,1,0.799528,0.732689,0.731971,0.732689,0.568864,0.565434
130_bNAb_Combinations|1313956|sample|8|Ce1176_A3|7023,0.00192,0.872793,3,8,1,0.799528,0.732689,0.731971,0.732689,0.565222,0.561795
130_bNAb_Combinations|1313956|sample|8|Ce1176_A3|7023,0.0096,0.757666,4,8,1,0.799528,0.732688,0.731971,0.732689,0.103131,0.100153
130_bNAb_Combinations|1313956|sample|8|Ce1176_A3|7023,0.048,0.240416,5,8,1,0.799527,0.730211,0.73196,0.732678,-1.97295,-1.97391
130_bNAb_Combinations|1313956|sample|8|Ce1176_A3|7023,0.24,0.0117424,6,8,1,0.0179777,0.106509,0.0125667,0.0119489,-0.136967,-0.0355457
130_bNAb_Combinations|1313956|sample|8|Ce1176_A3|7023,1.2,0.000178748,7,8,1,0.0130677,0.00283997,0.000372769,0.000269762,-0.102251,-0.0488619
130_bNAb_Combinations|1313956|sample|8|Ce1176_A3|7023,6,0.000316247,8,8,1,0.0130674,0.000502288,0.000369076,0.000266358,-0.0278598,0.0268001
130_bNAb_Combinations|1313956|sample|9|Ce1176_A3|7023,0.0003648,0.758106,1,9,1,0.799528,0.732689,0.731971,0.732689,0.104897,0.101918
130_bNAb_Combinations|1313956|sample|9|Ce1176_A3|7023,0.001824,0.682688,2,9,1,0.799528,0.732689,0.731971,0.732689,-0.197811,-0.200496
130_bNAb_Combinations|1313956|sample|9|Ce1176_A3|7023,0.00912,0.715818,3,9,1,0.799528,0.732689,0.731971,0.732689,-0.0648348,-0.0676489
130_bNAb_Combinations|1313956|sample|9|Ce1176_A3|7023,0.0456,0.196719,4,9,1,0.799527,0.730864,0.731968,0.732687,-2.14835,-2.14914
130_bNAb_Combinations|1313956|sample|9|Ce1176_A3|7023,0.228,0.00966615,5,9,1,0.0198176,0.120021,0.0121712,0.010546,-0.425676,-0.164899
130_bNAb_Combinations|1313956|sample|9|Ce1176_A3|7023,1.14,0.000756242,6,9,1,0.0130677,0.00314742,0.000412665,0.000256507,0.179792,0.268935
130_bNAb_Combinations|1313956|sample|9|Ce1176_A3|7023,5.7,0.000439996,7,9,1,0.0130674,0.000509201,0.000410754,0.000255174,0.0153074,0.0994868
130_bNAb_Combinations|1313956|sample|9|Ce1176_A3|7023,28.5,0,8,9,1,0.0130674,0.000449886,0.000410753,0.000255174,-0.215017,-0.137357
130_bNAb_Combinations|1313956|vc|1|2|Ce1176_A3|7023,0,0.749127,1,2,1,0.799528,0.732689,0.731971,0.732689,0.0688588,0.0659146
130_bNAb_Combinations|1313956|vc|2|2|Ce1176_A3|7023,0,0.930921,2,2,1,0.799528,0.732689,0.731971,0.732689,0.79853,0.794877
130_bNAb_Combinations|1313956|vc|3|2|Ce1176_A3|7023,0,1,3,2,1,0.799528,0.732689,0.731971,0.732689,1.0758,1.07187
130_bNAb_Combinations|1313956|vc|4|2|Ce1176_A3|7023,0,0.968987,4,2,1,0.799528,0.732689,0.731971,0.732689,0.951319,0.947517
130_bNAb_Combinations|1313956|vc|5|2|Ce1176_A3|7023,0,0.924369,5,2,1,0.799528,0.732689,0.731971,0.732689,0.772233,0.768605
130_bNAb_Combinations|1313956|vc|6|2|Ce1176_A3|7023,0,0.980379,6,2,1,0.799528,0.732689,0.731971,0.732689,0.997043,0.993196
130_bNAb_Combinations|1313956|vc|7|2|Ce1176_A3|7023,0,0.892036,7,2,1,0.799528,0.732689,0.731971,0.732689,0.642458,0.638956
130_bNAb_Combinations|1313956|vc|8|2|Ce1176_A3|7023,0,0.653015,8,2,1,0.799528,0.732689,0.731971,0.732689,-0.316907,-0.319476
130_bNAb_Combinations|1313974|cc|1|1|nan|1176,0,0,1,1,0,0,0,0,0,0,0
130_bNAb_Combinations|1313974|cc|2|1|nan|1176,0,0.00187935,2,1,0,0,0,0,0,1.06087,1.06087
130_bNAb_Combinations|1313974|cc|3|1|nan|1176,0,0.00338282,3,1,0,0,0,0,0,1.90957,1.90957
130_bNAb_Combinations|1313974|cc|4|1|nan|1176,0,0.00250579,4,1,0,0,0,0,0,1.4145,1.4145
130_bNAb_Combinations|1313974|cc|5|1|nan|1176,0,0.00425985,5,1,0,0,0,0,0,2.40464,2.40464
130_bNAb_Combinations|1313974|cc|6|1|nan|1176,0,0.00200464,6,1,0,0,0,0,0,1.1316,1.1316
130_bNAb_Combinations|1313974|cc|7|1|nan|1176,0,0.00701623,7,1,0,0,0,0,0,3.96059,3.96059
130_bNAb_Combinations|1313974|cc|8|1|nan|1176,0,0.00275637,8,1,0,0,0,0,0,1.55594,1.55594
130_bNAb_Combinations|1313974|sample|10|nan|1176,0.0003648,0.564806,1,10,1,0.799528,0.799528,0.798047,0.798378,-0.859161,-0.860024
130_bNAb_Combinations|1313974|sample|10|nan|1176,0.001824,0.969555,2,10,1,0.799528,0.799528,0.792263,0.793936,0.657804,0.650231
130_bNAb_Combinations|1313974|sample|10|nan|1176,0.00912,0.987972,3,10,1,0.799528,0.799528,0.768689,0.773331,0.838388,0.815744
130_bNAb_Combinations|1313974|sample|10|nan|1176,0.0456,0.768277,4,10,1,0.799527,0.797537,0.688739,0.693867,0.33913,0.314937
130_bNAb_Combinations|1313974|sample|10|nan|1176,0.228,0.6812,5,10,1,0.0198176,0.13097,0.518139,0.510541,0.92188,0.97905
130_bNAb_Combinations|1313974|sample|10|nan|1176,1.14,0.388273,6,10,1,0.0130677,0.00343455,0.326214,0.306749,0.554011,0.773187
130_bNAb_Combinations|1313974|sample|10|nan|1176,5.7,0.221387,7,10,1,0.0130674,0.000555652,0.189152,0.169072,0.490659,0.888052
130_bNAb_Combinations|1313974|sample|10|nan|1176,28.5,0.0676565,8,10,1,0.0130674,0.000490927,0.107393,0.0912441,-1.0439,-0.723372
130_bNAb_Combinations|1313974|sample|11|nan|1176,0.0003712,0.686964,1,11,1,0.799528,0.799528,0.7998,0.799528,-0.414736,-0.413876
130_bNAb_Combinations|1313974|sample|11|nan|1176,0.001856,0.787446,2,11,1,0.799528,0.799528,0.7998,0.799528,-0.0454081,-0.0444224
130_bNAb_Combinations|1313974|sample|11|nan|1176,0.00928,0.683957,3,11,1,0.799528,0.799528,0.7998,0.799528,-0.425788,-0.424931
130_bNAb_Combinations|1313974|sample|11|nan|1176,0.0464,0.431373,4,11,1,0.799527,0.797319,0.797766,0.797977,-1.35011,-1.35053
130_bNAb_Combinations|1313974|sample|11|nan|1176,0.2319999999999999,0.127921,5,11,1,0.0191272,0.125776,0.12797,0.115249,-0.00108188,0.311191
130_bNAb_Combinations|1313974|sample|11|nan|1176,1.16,0.00889557,6,11,1,0.0130677,0.00331621,0.00859294,0.00776161,0.0647265,0.258036
130_bNAb_Combinations|1313974|sample|11|nan|1176,5.8,0.00664036,7,11,1,0.0130674,0.000552992,0.00607183,0.00590626,0.148692,0.194846
130_bNAb_Combinations|1313974|sample|11|nan|1176,29,0.0085197,8,11,1,0.0130674,0.000490867,0.00601878,0.00587432,0.657173,0.704165
130_bNAb_Combinations|1313974|sample|12|nan|1176,0.0003712,0.62507,1,12,1,0.799528,0.799528,0.7998,0.799528,-0.642228,-0.641444
130_bNAb_Combinations|1313974|sample|12|nan|1176,0.001856,0.659149,2,12,1,0.799528,0.799528,0.7998,0.799528,-0.516969,-0.516143
130_bNAb_Combinations|1313974|sample|12|nan|1176,0.00928,0.546764,3,12,1,0.799528,0.799528,0.7998,0.799528,-0.930046,-0.92936
130_bNAb_Combinations|1313974|sample|12|nan|1176,0.0464,0.27877,4,12,1,0.799527,0.797319,0.799449,0.799292,-1.91462,-1.91442
130_bNAb_Combinations|1313974|sample|12|nan|1176,0.2319999999999999,0.0630207,5,12,1,0.0191272,0.125776,0.0677401,0.0581849,-0.19134,0.225601
130_bNAb_Combinations|1313974|sample|12|nan|1176,1.16,0.00413456,6,12,1,0.0130677,0.00331621,0.00438878,0.00416596,-0.0781067,-0.0098766
130_bNAb_Combinations|1313974|sample|12|nan|1176,5.8,0.0072668,7,12,1,0.0130674,0.000552992,0.00404369,0.00394743,1.02709,1.06885
130_bNAb_Combinations|1313974|sample|12|nan|1176,29,0.00375869,8,12,1,0.0130674,0.000490867,0.00404181,0.00394655,-0.0902388,-0.0604963
130_bNAb_Combinations|1313974|sample|3|nan|1176,0.000064,0.544885,1,3,1,0.799528,0.799528,0.7998,0.799528,-0.936954,-0.93627
130_bNAb_Combinations|1313974|sample|3|nan|1176,0.00032,0.833553,2,3,1,0.799528,0.799528,0.7998,0.799528,0.124059,0.125102
130_bNAb_Combinations|1313974|sample|3|nan|1176,0.0016,0.76765,3,3,1,0.799528,0.799528,0.7998,0.799528,-0.118169,-0.117207
130_bNAb_Combinations|1313974|sample|3|nan|1176,0.008,0.763766,4,3,1,0.799528,0.799528,0.7998,0.799528,-0.132444,-0.131488
130_bNAb_Combinations|1313974|sample|3|nan|1176,0.04,0.33966,5,3,1,0.799528,0.798619,0.799792,0.799518,-1.69125,-1.69082
130_bNAb_Combinations|1313974|sample|3|nan|1176,0.2,0.074798,6,3,1,0.0282858,0.177383,0.0774615,0.0747845,-0.0952968,0.000496332
130_bNAb_Combinations|1313974|sample|3|nan|1176,1,0.0275637,7,3,1,0.0130681,0.0045007,0.0244909,0.0207313,0.305805,0.778388
130_bNAb_Combinations|1313974|sample|3|nan|1176,5,0.0219257,8,3,1,0.0130674,0.000579623,0.0244343,0.0206679,-0.25013,0.14365
130_bNAb_Combinations|1313974|sample|4|nan|1176,0.000064,0.596254,1,4,1,0.799528,0.799528,0.7998,0.799528,-0.748145,-0.747397
130_bNAb_Combinations|1313974|sample|4|nan|1176,0.00032,0.751363,2,4,1,0.799528,0.799528,0.7998,0.799528,-0.178035,-0.177094
130_bNAb_Combinations|1313974|sample|4|nan|1176,0.0016,0.81952,3,4,1,0.799528,0.799528,0.7998,0.799528,0.0724823,0.0735079
130_bNAb_Combinations|1313974|sample|4|nan|1176,0.008,0.746852,4,4,1,0.799528,0.799528,0.7998,0.799528,-0.194613,-0.193678
130_bNAb_Combinations|1313974|sample|4|nan|1176,0.04,0.327758,5,4,1,0.799528,0.798619,0.799651,0.799476,-1.73479,-1.73452
130_bNAb_Combinations|1313974|sample|4|nan|1176,0.2,0.106747,6,4,1,0.0282858,0.177383,0.130259,0.10383,-0.513445,0.0791397
130_bNAb_Combinations|1313974|sample|4|nan|1176,1,0.0308213,7,4,1,0.0130681,0.0045007,0.020089,0.0202454,1.25367,1.22782
130_bNAb_Combinations|1313974|sample|4|nan|1176,5,0.0120278,8,4,1,0.0130674,0.000579623,0.0193213,0.0199479,-0.878606,-0.930348
130_bNAb_Combinations|1313974|sample|5|nan|1176,0.0006144,0.585729,1,5,1,0.799528,0.799528,0.7998,0.799528,-0.786828,-0.786093
130_bNAb_Combinations|1313974|sample|5|nan|1176,0.003072,0.613794,2,5,1,0.799528,0.799528,0.799798,0.799528,-0.683669,-0.682904
130_bNAb_Combinations|1313974|sample|5|nan|1176,0.01536,0.526467,3,5,1,0.799528,0.799525,0.799362,0.799513,-1.00359,-1.00395
130_bNAb_Combinations|1313974|sample|5|nan|1176,0.0768,0.174278,4,5,1,0.797601,0.758013,0.715864,0.747887,-2.22234,-2.25366
130_bNAb_Combinations|1313974|sample|5|nan|1176,0.384,0.0800601,5,5,1,0.0133333,0.0388018,0.154272,0.0791384,-1.37662,0.0323222
130_bNAb_Combinations|1313974|sample|5|nan|1176,1.92,0.03458,6,5,1,0.0130675,0.00135096,0.0307665,0.0240377,0.313371,1.06539
130_bNAb_Combinations|1313974|sample|5|nan|1176,9.6,0.0281902,7,5,1,0.0130674,0.000508807,0.0164252,0.0219165,1.60669,0.683539
130_bNAb_Combinations|1313974|sample|5|nan|1176,48,0.00826912,8,5,1,0.0130674,0.000489873,0.0147693,0.0218348,-0.961161,-1.48248
130_bNAb_Combinations|1313974|sample|6|nan|1176,0.0006144,0.51469,1,6,1,0.799528,0.799528,0.799799,0.799527,-1.04793,-1.04729
130_bNAb_Combinations|1313974|sample|6|nan|1176,0.003072,0.808369,2,6,1,0.799528,0.799528,0.799759,0.799478,0.0316502,0.0326925
130_bNAb_Combinations|1313974|sample|6|nan|1176,0.01536,0.47986,3,6,1,0.799528,0.799525,0.797427,0.796902,-1.17069,-1.16952
130_bNAb_Combinations|1313974|sample|6|nan|1176,0.0768,0.164756,4,6,1,0.797601,0.758013,0.693336,0.691277,-2.23891,-2.23678
130_bNAb_Combinations|1313974|sample|6|nan|1176,0.384,0.0816889,5,6,1,0.0133333,0.0388018,0.223695,0.229083,-1.83541,-1.86124
130_bNAb_Combinations|1313974|sample|6|nan|1176,1.92,0.045856,6,6,1,0.0130675,0.00135096,0.0506661,0.0529813,-0.254576,-0.362117
130_bNAb_Combinations|1313974|sample|6|nan|1176,9.6,0.023805,7,6,1,0.0130674,0.000508807,0.0152431,0.0153492,1.23675,1.21512
130_bNAb_Combinations|1313974|sample|6|nan|1176,48,0.00789325,8,6,1,0.0130674,0.000489873,0.00812346,0.00746177,-0.0509656,0.100503
130_bNAb_Combinations|1313974|sample|7|nan|1176,0.0000768,0.626699,1,7,1,0.799528,0.799528,0.799506,0.799426,-0.635393,-0.635162
130_bNAb_Combinations|1313974|sample|7|nan|1176,0.000384,0.800727,2,7,1,0.799528,0.799528,0.798415,0.79892,0.00850963,0.00664618
130_bNAb_Combinations|1313974|sample|7|nan|1176,0.00192,0.993736,3,7,1,0.799528,0.799528,0.793335,0.795918,0.742546,0.730612
130_bNAb_Combinations|1313974|sample|7|nan|1176,0.0096,1,4,7,1,0.799528,0.799528,0.770796,0.778751,0.873936,0.835046
130_bNAb_Combinations|1313974|sample|7|nan|1176,0.048,0.854476,5,7,1,0.799527,0.796824,0.688259,0.697656,0.709202,0.660161
130_bNAb_Combinations|1313974|sample|7|nan|1176,0.24,0.743344,6,7,1,0.0179777,0.116226,0.506443,0.489846,1.36995,1.51507
130_bNAb_Combinations|1313974|sample|7|nan|1176,1.2,0.326505,7,7,1,0.0130677,0.00309904,0.30772,0.270251,0.177609,0.604208
130_bNAb_Combinations|1313974|sample|7|nan|1176,6,0.132932,8,7,1,0.0130674,0.000548109,0.172573,0.136918,-0.659651,-0.0829629
130_bNAb_Combinations|1313974|sample|8|nan|1176,0.0000768,0.625321,1,8,1,0.799528,0.799528,0.799482,0.799385,-0.640391,-0.640111
130_bNAb_Combinations|1313974|sample|8|nan|1176,0.000384,0.783938,2,8,1,0.799528,0.799528,0.798329,0.798737,-0.0529933,-0.0544653
130_bNAb_Combinations|1313974|sample|8|nan|1176,0.00192,0.983211,3,8,1,0.799528,0.799528,0.793057,0.795174,0.704825,0.695135
130_bNAb_Combinations|1313974|sample|8|nan|1176,0.0096,0.927081,4,8,1,0.799528,0.799528,0.770117,0.776387,0.599018,0.570474
130_bNAb_Combinations|1313974|sample|8|nan|1176,0.048,0.862056,5,8,1,0.799527,0.796824,0.687704,0.694626,0.74451,0.707878
130_bNAb_Combinations|1313974|sample|8|nan|1176,0.24,0.641108,6,8,1,0.0179777,0.116226,0.508213,0.495131,0.765857,0.863237
130_bNAb_Combinations|1313974|sample|8|nan|1176,1.2,0.408069,7,8,1,0.0130677,0.00309904,0.311584,0.281813,0.901115,1.30145
130_bNAb_Combinations|1313974|sample|8|nan|1176,6,0.107499,8,8,1,0.0130674,0.000548109,0.176686,0.147375,-1.1253,-0.773128
130_bNAb_Combinations|1313974|sample|9|nan|1176,0.0003648,0.584727,1,9,1,0.799528,0.799528,0.798222,0.798427,-0.786252,-0.786808
130_bNAb_Combinations|1313974|sample|9|nan|1176,0.001824,0.879471,2,9,1,0.799528,0.799528,0.792802,0.794109,0.321352,0.315988
130_bNAb_Combinations|1313974|sample|9|nan|1176,0.00912,0.847836,3,9,1,0.799528,0.799528,0.769987,0.773801,0.297139,0.281201
130_bNAb_Combinations|1313974|sample|9|nan|1176,0.0456,0.917183,4,9,1,0.799527,0.797537,0.690096,0.69441,0.96636,0.942156
130_bNAb_Combinations|1313974|sample|9|nan|1176,0.228,0.733697,5,9,1,0.0198176,0.13097,0.516266,0.509724,1.23368,1.28694
130_bNAb_Combinations|1313974|sample|9|nan|1176,1.14,0.394788,6,9,1,0.0130677,0.00343455,0.321276,0.304716,0.666184,0.859859
130_bNAb_Combinations|1313974|sample|9|nan|1176,5.7,0.20109,7,9,1,0.0130674,0.000555652,0.184016,0.167062,0.26695,0.584369
130_bNAb_Combinations|1313974|sample|9|nan|1176,28.5,0.0780555,8,9,1,0.0130674,0.000490927,0.103312,0.0897065,-0.688451,-0.363093
130_bNAb_Combinations|1313974|vc|1|2|nan|1176,0,0.615047,1,2,1,0.799528,0.799528,0.7998,0.799528,-0.679069,-0.678297
130_bNAb_Combinations|1313974|vc|2|2|nan|1176,0,0.671678,2,2,1,0.799528,0.799528,0.7998,0.799528,-0.470919,-0.470077
130_bNAb_Combinations|1313974|vc|3|2|nan|1176,0,0.718411,3,2,1,0.799528,0.799528,0.7998,0.799528,-0.299149,-0.298249
130_bNAb_Combinations|1313974|vc|4|2|nan|1176,0,0.81739,4,2,1,0.799528,0.799528,0.7998,0.799528,0.0646536,0.0656766
130_bNAb_Combinations|1313974|vc|5|2|nan|1176,0,0.786068,5,2,1,0.799528,0.799528,0.7998,0.799528,-0.0504737,-0.0494897
130_bNAb_Combinations|1313974|vc|6|2|nan|1176,0,0.718662,6,2,1,0.799528,0.799528,0.7998,0.799528,-0.298228,-0.297327
130_bNAb_Combinations|1313974|vc|7|2|nan|1176,0,0.706008,7,2,1,0.799528,0.799528,0.7998,0.799528,-0.344739,-0.343855
130_bNAb_Combinations|1313974|vc|8|2|nan|1176,0,0.513437,8,2,1,0.799528,0.799528,0.7998,0.799528,-1.05254,-1.0519
130_bNAb_Combinations|1313992|cc|1|1|RHPA4259.7|5371,0,0.000660826,1,1,0,0,0,0,0,0.37303,0.37303
130_bNAb_Combinations|1313992|cc|2|1|RHPA4259.7|5371,0,0.00171458,2,1,0,0,0,0,0,0.967861,0.967861
130_bNAb_Combinations|1313992|cc|3|1|RHPA4259.7|5371,0,0.00114305,3,1,0,0,0,0,0,0.645241,0.645241
130_bNAb_Combinations|1313992|cc|4|1|RHPA4259.7|5371,0,0.00148239,4,1,0,0,0,0,0,0.836796,0.836796
130_bNAb_Combinations|1313992|cc|5|1|RHPA4259.7|5371,0,0.00150025,5,1,0,0,0,0,0,0.846878,0.846878
130_bNAb_Combinations|1313992|cc|6|1|RHPA4259.7|5371,0,0.00133951,6,1,0,0,0,0,0,0.756141,0.756141
130_bNAb_Combinations|1313992|cc|7|1|RHPA4259.7|5371,0,0.001661,7,1,0,0,0,0,0,0.937615,0.937615
130_bNAb_Combinations|1313992|cc|8|1|RHPA4259.7|5371,0,0.00142881,8,1,0,0,0,0,0,0.806551,0.806551
130_bNAb_Combinations|1313992|sample|10|RHPA4259.7|5371,0.0003648,0.6759,1,10,1,0.799528,0.799542,0.799814,0.799542,-0.455443,-0.454596
130_bNAb_Combinations|1313992|sample|10|RHPA4259.7|5371,0.001824,0.701074,2,10,1,0.799528,0.799542,0.799814,0.799542,-0.362916,-0.362038
130_bNAb_Combinations|1313992|sample|10|RHPA4259.7|5371,0.00912,0.541985,3,10,1,0.799528,0.799541,0.799814,0.799542,-0.947648,-0.946968
130_bNAb_Combinations|1313992|sample|10|RHPA4259.7|5371,0.0456,0.23562,4,10,1,0.799527,0.797551,0.799805,0.799536,-2.07368,-2.07338
130_bNAb_Combinations|1313992|sample|10|RHPA4259.7|5371,0.228,0.0160206,5,10,1,0.0198176,0.130972,0.0192129,0.016305,-0.386265,-0.0390613
130_bNAb_Combinations|1313992|sample|10|RHPA4259.7|5371,1.14,0.00158956,6,10,1,0.0130677,0.00343461,0.000435826,0.00043564,0.601276,0.601393
130_bNAb_Combinations|1313992|sample|10|RHPA4259.7|5371,5.7,0.000392924,7,10,1,0.0130674,0.000555662,0.000429021,0.000431386,-0.0188347,-0.0200608
130_bNAb_Combinations|1313992|sample|10|RHPA4259.7|5371,28.5,0.000928729,8,10,1,0.0130674,0.000490935,0.000429018,0.000431385,0.260741,0.259398
130_bNAb_Combinations|1313992|sample|11|RHPA4259.7|5371,0.0003712,0.650289,1,11,1,0.799528,0.799542,0.799814,0.799542,-0.549577,-0.548763
130_bNAb_Combinations|1313992|sample|11|RHPA4259.7|5371,0.001856,0.618283,2,11,1,0.799528,0.799542,0.799814,0.799542,-0.667213,-0.666438
130_bNAb_Combinations|1313992|sample|11|RHPA4259.7|5371,0.00928,0.451639,3,11,1,0.799528,0.799541,0.799814,0.799542,-1.27971,-1.27914
130_bNAb_Combinations|1313992|sample|11|RHPA4259.7|5371,0.0464,0.163215,4,11,1,0.799527,0.797333,0.799807,0.799537,-2.33981,-2.3396
130_bNAb_Combinations|1313992|sample|11|RHPA4259.7|5371,0.2319999999999999,0.0123414,5,11,1,0.0191272,0.125778,0.0149024,0.0128238,-0.376188,-0.0790195
130_bNAb_Combinations|1313992|sample|11|RHPA4259.7|5371,1.16,0,6,11,1,0.0130677,0.00331627,0.000459955,0.000282789,-0.238695,-0.15146
130_bNAb_Combinations|1313992|sample|11|RHPA4259.7|5371,5.8,0.000839428,7,11,1,0.0130674,0.000553001,0.000456323,0.000280302,0.198941,0.2996
130_bNAb_Combinations|1313992|sample|11|RHPA4259.7|5371,29,0.000500085,8,11,1,0.0130674,0.000490875,0.000456322,0.000280301,0.0227254,0.117768
130_bNAb_Combinations|1313992|sample|12|RHPA4259.7|5371,0.0003712,0.617105,1,12,1,0.799528,0.799542,0.799814,0.799542,-0.671546,-0.670772
130_bNAb_Combinations|1313992|sample|12|RHPA4259.7|5371,0.001856,0.643716,2,12,1,0.799528,0.799542,0.799814,0.799542,-0.573735,-0.572928
130_bNAb_Combinations|1313992|sample|12|RHPA4259.7|5371,0.00928,0.450916,3,12,1,0.799528,0.799541,0.799814,0.799542,-1.28237,-1.2818
130_bNAb_Combinations|1313992|sample|12|RHPA4259.7|5371,0.0464,0.208089,4,12,1,0.799527,0.797333,0.799792,0.799529,-2.17486,-2.1746
130_bNAb_Combinations|1313992|sample|12|RHPA4259.7|5371,0.2319999999999999,0.0184138,5,12,1,0.0191272,0.125778,0.0231359,0.0182407,-0.492371,0.0218182
130_bNAb_Combinations|1313992|sample|12|RHPA4259.7|5371,1.16,0.000125021,6,12,1,0.0130677,0.00331627,0.000371524,0.000267465,-0.129938,-0.0765042
130_bNAb_Combinations|1313992|sample|12|RHPA4259.7|5371,5.8,0.000500085,7,12,1,0.0130674,0.000553001,0.000356862,0.000260001,0.0756945,0.12912
130_bNAb_Combinations|1313992|sample|12|RHPA4259.7|5371,29,0.000285763,8,12,1,0.0130674,0.000490875,0.000356853,0.000259998,-0.0375718,0.0138564
130_bNAb_Combinations|1313992|sample|3|RHPA4259.7|5371,0.000064,0.754539,1,3,1,0.799528,0.799542,0.799813,0.799541,-0.166406,-0.165462
130_bNAb_Combinations|1313992|sample|3|RHPA4259.7|5371,0.00032,0.910976,2,3,1,0.799528,0.799542,0.799804,0.799535,0.408615,0.409744
130_bNAb_Combinations|1313992|sample|3|RHPA4259.7|5371,0.0016,0.927479,3,3,1,0.799528,0.799542,0.799646,0.799405,0.469944,0.470974
130_bNAb_Combinations|1313992|sample|3|RHPA4259.7|5371,0.008,0.944785,4,3,1,0.799528,0.799542,0.796816,0.79689,0.545893,0.54557
130_bNAb_Combinations|1313992|sample|3|RHPA4259.7|5371,0.04,0.905162,5,3,1,0.799528,0.798633,0.751183,0.752809,0.602333,0.594699
130_bNAb_Combinations|1313992|sample|3|RHPA4259.7|5371,0.2,0.651807,6,3,1,0.0282858,0.177386,0.458369,0.453699,1.23461,1.27728
130_bNAb_Combinations|1313992|sample|3|RHPA4259.7|5371,1,0.224351,7,3,1,0.0130681,0.00450078,0.163368,0.156291,1.07019,1.24673
130_bNAb_Combinations|1313992|sample|3|RHPA4259.7|5371,5,0.0158956,8,3,1,0.0130674,0.000579633,0.0538851,0.0492399,-1.90117,-1.81098
130_bNAb_Combinations|1313992|sample|4|RHPA4259.7|5371,0.000064,0.699119,1,4,1,0.799528,0.799542,0.799813,0.799541,-0.3701,-0.369227
130_bNAb_Combinations|1313992|sample|4|RHPA4259.7|5371,0.00032,0.930694,2,4,1,0.799528,0.799542,0.799796,0.799534,0.481125,0.482243
130_bNAb_Combinations|1313992|sample|4|RHPA4259.7|5371,0.0016,0.969602,3,4,1,0.799528,0.799542,0.799543,0.7994,0.625263,0.625896
130_bNAb_Combinations|1313992|sample|4|RHPA4259.7|5371,0.008,1,4,4,1,0.799528,0.799542,0.795787,0.796835,0.754355,0.749504
130_bNAb_Combinations|1313992|sample|4|RHPA4259.7|5371,0.04,0.855217,5,4,1,0.799528,0.798633,0.746098,0.752482,0.42974,0.401185
130_bNAb_Combinations|1313992|sample|4|RHPA4259.7|5371,0.2,0.614506,6,4,1,0.0282858,0.177386,0.468634,0.454386,0.910851,1.03081
130_bNAb_Combinations|1313992|sample|4|RHPA4259.7|5371,1,0.229173,7,4,1,0.0130681,0.00450078,0.180937,0.15737,0.766629,1.30657
130_bNAb_Combinations|1313992|sample|4|RHPA4259.7|5371,5,0.0174851,8,4,1,0.0130674,0.000579633,0.0645019,0.0498301,-1.99475,-1.73787
130_bNAb_Combinations|1313992|sample|5|RHPA4259.7|5371,0.0006144,0.682232,1,5,1,0.799528,0.799542,0.799811,0.799538,-0.432163,-0.431307
130_bNAb_Combinations|1313992|sample|5|RHPA4259.7|5371,0.003072,0.897884,2,5,1,0.799528,0.799542,0.799712,0.799426,0.360878,0.362058
130_bNAb_Combinations|1313992|sample|5|RHPA4259.7|5371,0.01536,0.905895,3,5,1,0.799528,0.799539,0.795928,0.79537,0.406143,0.408489
130_bNAb_Combinations|1313992|sample|5|RHPA4259.7|5371,0.0768,0.832025,4,5,1,0.797601,0.758026,0.685483,0.683994,0.627766,0.635518
130_bNAb_Combinations|1313992|sample|5|RHPA4259.7|5371,0.384,0.471151,5,5,1,0.0133333,0.0388025,0.247856,0.252881,2.61055,2.50213
130_bNAb_Combinations|1313992|sample|5|RHPA4259.7|5371,1.92,0.0757807,6,5,1,0.0130675,0.00135098,0.0599066,0.0631189,0.720984,0.548063
130_bNAb_Combinations|1313992|sample|5|RHPA4259.7|5371,9.6,0.0066797,7,5,1,0.0130674,0.000508816,0.0143571,0.015605,-1.15911,-1.26684
130_bNAb_Combinations|1313992|sample|5|RHPA4259.7|5371,48,0.00155384,8,5,1,0.0130674,0.000489882,0.00360065,0.0040225,-0.684928,-0.788476
130_bNAb_Combinations|1313992|sample|6|RHPA4259.7|5371,0.0006144,0.679213,1,6,1,0.799528,0.799542,0.79981,0.799539,-0.443255,-0.442405
130_bNAb_Combinations|1313992|sample|6|RHPA4259.7|5371,0.003072,0.909244,2,6,1,0.799528,0.799542,0.799695,0.79943,0.402705,0.403813
130_bNAb_Combinations|1313992|sample|6|RHPA4259.7|5371,0.01536,0.882409,3,6,1,0.799528,0.799539,0.795586,0.795442,0.3208,0.321391
130_bNAb_Combinations|1313992|sample|6|RHPA4259.7|5371,0.0768,0.759665,4,6,1,0.797601,0.758026,0.684319,0.68425,0.323315,0.323643
130_bNAb_Combinations|1313992|sample|6|RHPA4259.7|5371,0.384,0.442039,5,6,1,0.0133333,0.0388025,0.253713,0.251777,2.15194,2.19042
130_bNAb_Combinations|1313992|sample|6|RHPA4259.7|5371,1.92,0.0812102,6,6,1,0.0130675,0.00135098,0.0637044,0.0624667,0.751298,0.81912
130_bNAb_Combinations|1313992|sample|6|RHPA4259.7|5371,9.6,0.00728695,7,6,1,0.0130674,0.000508816,0.016255,0.0153543,-1.23442,-1.15901
130_bNAb_Combinations|1313992|sample|6|RHPA4259.7|5371,48,0.000660826,8,6,1,0.0130674,0.000489882,0.00472736,0.00393581,-1.20699,-1.05589
130_bNAb_Combinations|1313992|sample|7|RHPA4259.7|5371,0.0000768,0.658728,1,7,1,0.799528,0.799542,0.799814,0.799542,-0.51856,-0.517735
130_bNAb_Combinations|1313992|sample|7|RHPA4259.7|5371,0.000384,0.835624,2,7,1,0.799528,0.799542,0.799814,0.799542,0.13162,0.132665
130_bNAb_Combinations|1313992|sample|7|RHPA4259.7|5371,0.00192,0.789589,3,7,1,0.799528,0.799542,0.799814,0.799542,-0.03758,-0.0365919
130_bNAb_Combinations|1313992|sample|7|RHPA4259.7|5371,0.0096,0.635402,4,7,1,0.799528,0.799541,0.799814,0.799542,-0.604292,-0.603496
130_bNAb_Combinations|1313992|sample|7|RHPA4259.7|5371,0.048,0.221618,5,7,1,0.799527,0.796838,0.799791,0.799526,-2.12513,-2.12486
130_bNAb_Combinations|1313992|sample|7|RHPA4259.7|5371,0.24,0.0149132,6,7,1,0.0179777,0.116228,0.0177777,0.0149843,-0.368202,-0.0103981
130_bNAb_Combinations|1313992|sample|7|RHPA4259.7|5371,1.2,0.00198248,7,7,1,0.0130677,0.00309909,0.000826278,0.00087017,0.563793,0.538495
130_bNAb_Combinations|1313992|sample|7|RHPA4259.7|5371,6,0.00167886,8,7,1,0.0130674,0.000548119,0.000817997,0.000865133,0.42035,0.394267
130_bNAb_Combinations|1313992|sample|8|RHPA4259.7|5371,0.0000768,0.639796,1,8,1,0.799528,0.799542,0.799814,0.799542,-0.588144,-0.587342
130_bNAb_Combinations|1313992|sample|8|RHPA4259.7|5371,0.000384,0.832418,2,8,1,0.799528,0.799542,0.799814,0.799542,0.119837,0.120878
130_bNAb_Combinations|1313992|sample|8|RHPA4259.7|5371,0.00192,0.855234,3,8,1,0.799528,0.799542,0.799814,0.799542,0.203698,0.204768
130_bNAb_Combinations|1313992|sample|8|RHPA4259.7|5371,0.0096,0.694582,4,8,1,0.799528,0.799541,0.799814,0.799542,-0.386778,-0.385908
130_bNAb_Combinations|1313992|sample|8|RHPA4259.7|5371,0.048,0.261848,5,8,1,0.799527,0.796838,0.799773,0.79951,-1.97724,-1.97692
130_bNAb_Combinations|1313992|sample|8|RHPA4259.7|5371,0.24,0.0198069,6,8,1,0.0179777,0.116228,0.0219925,0.0192759,-0.237461,0.0640885
130_bNAb_Combinations|1313992|sample|8|RHPA4259.7|5371,1.2,0.00117877,7,8,1,0.0130677,0.00309909,0.00049332,0.000404813,0.353648,0.405571
130_bNAb_Combinations|1313992|sample|8|RHPA4259.7|5371,6,0.000464364,8,8,1,0.0130674,0.000548119,0.000476514,0.000392895,-0.00628664,0.0375307
130_bNAb_Combinations|1313992|sample|9|RHPA4259.7|5371,0.0003648,0.59653,1,9,1,0.799528,0.799542,0.799814,0.799542,-0.747169,-0.746421
130_bNAb_Combinations|1313992|sample|9|RHPA4259.7|5371,0.001824,0.754182,2,9,1,0.799528,0.799542,0.799814,0.799542,-0.167721,-0.166777
130_bNAb_Combinations|1313992|sample|9|RHPA4259.7|5371,0.00912,0.593958,3,9,1,0.799528,0.799541,0.799814,0.799542,-0.756622,-0.755877
130_bNAb_Combinations|1313992|sample|9|RHPA4259.7|5371,0.0456,0.260651,4,9,1,0.799527,0.797551,0.799805,0.799536,-1.98168,-1.98135
130_bNAb_Combinations|1313992|sample|9|RHPA4259.7|5371,0.228,0.0158598,5,9,1,0.0198176,0.130972,0.0198876,0.0161311,-0.474271,-0.0375556
130_bNAb_Combinations|1313992|sample|9|RHPA4259.7|5371,1.14,0.000964449,6,9,1,0.0130677,0.00343461,0.000415405,0.000338117,0.287172,0.332134
130_bNAb_Combinations|1313992|sample|9|RHPA4259.7|5371,5.7,0.000267903,7,9,1,0.0130674,0.000555662,0.000407784,0.000333928,-0.0732622,-0.0350386
130_bNAb_Combinations|1313992|sample|9|RHPA4259.7|5371,28.5,0.000839428,8,9,1,0.0130674,0.000490935,0.000407781,0.000333927,0.226073,0.268261
130_bNAb_Combinations|1313992|vc|1|2|RHPA4259.7|5371,0,0.779132,1,2,1,0.799528,0.799542,0.799814,0.799542,-0.0760151,-0.07504
130_bNAb_Combinations|1313992|vc|2|2|RHPA4259.7|5371,0,0.953474,2,2,1,0.799528,0.799542,0.799814,0.799542,0.564778,0.56597
130_bNAb_Combinations|1313992|vc|3|2|RHPA4259.7|5371,0,0.91795,3,2,1,0.799528,0.799542,0.799814,0.799542,0.43421,0.435358
130_bNAb_Combinations|1313992|vc|4|2|RHPA4259.7|5371,0,0.938007,4,2,1,0.799528,0.799542,0.799814,0.799542,0.507929,0.509102
130_bNAb_Combinations|1313992|vc|5|2|RHPA4259.7|5371,0,0.961699,5,2,1,0.799528,0.799542,0.799814,0.799542,0.595007,0.596209
130_bNAb_Combinations|1313992|vc|6|2|RHPA4259.7|5371,0,0.866995,6,2,1,0.799528,0.799542,0.799814,0.799542,0.246925,0.248009
130_bNAb_Combinations|1313992|vc|7|2|RHPA4259.7|5371,0,0.852279,7,2,1,0.799528,0.799542,0.799814,0.799542,0.192834,0.1939
130_bNAb_Combinations|1313992|vc|8|2|RHPA4259.7|5371,0,0.715353,8,2,1,0.799528,0.799542,0.799814,0.799542,-0.310433,-0.309537
130_bNAb_Combinations|1314016|cc|1|1|nan|3430,0,0.0013549,1,1,0,0,0,0,0,0.764824,0.764824
130_bNAb_Combinations|1314016|cc|2|1|nan|3430,0,0.00201049,2,1,0,0,0,0,0,1.1349,1.1349
130_bNAb_Combinations|1314016|cc|3|1|nan|3430,0,0.00170455,3,1,0,0,0,0,0,0.962198,0.962198
130_bNAb_Combinations|1314016|cc|4|1|nan|3430,0,0.00253497,4,1,0,0,0,0,0,1.43096,1.43096
130_bNAb_Combinations|1314016|cc|5|1|nan|3430,0,0.00104895,5,1,0,0,0,0,0,0.592122,0.592122
130_bNAb_Combinations|1314016|cc|6|1|nan|3430,0,0.000743007,6,1,0,0,0,0,0,0.41942,0.41942
130_bNAb_Combinations|1314016|cc|7|1|nan|3430,0,0,7,1,0,0,0,0,0,0,0
130_bNAb_Combinations|1314016|cc|8|1|nan|3430,0,0.00187937,8,1,0,0,0,0,0,1.06089,1.06089
130_bNAb_Combinations|1314016|sample|10|nan|3430,0.0003648,0.774781,1,10,1,0.799528,0.799525,0.799797,0.799525,-0.091948,-0.0909788
130_bNAb_Combinations|1314016|sample|10|nan|3430,0.001824,0.738134,2,10,1,0.799528,0.799525,0.799797,0.799525,-0.226649,-0.225725
130_bNAb_Combinations|1314016|sample|10|nan|3430,0.00912,0.636976,3,10,1,0.799528,0.799525,0.799797,0.799525,-0.598463,-0.597663
130_bNAb_Combinations|1314016|sample|10|nan|3430,0.0456,0.400415,4,10,1,0.799527,0.797535,0.79817,0.796132,-1.46494,-1.46114
130_bNAb_Combinations|1314016|sample|10|nan|3430,0.228,0.120367,5,10,1,0.0198176,0.13097,0.134436,0.166157,-0.298047,-0.790497
130_bNAb_Combinations|1314016|sample|10|nan|3430,1.14,0.0218531,6,10,1,0.0130677,0.00343454,0.0156071,0.0149706,0.886464,1.00757
130_bNAb_Combinations|1314016|sample|10|nan|3430,5.7,0.0119318,7,10,1,0.0130674,0.000555651,0.0132952,0.00980704,-0.217623,0.417782
130_bNAb_Combinations|1314016|sample|10|nan|3430,28.5,0.00895979,8,10,1,0.0130674,0.000490925,0.0132503,0.00963186,-0.686539,-0.133702
130_bNAb_Combinations|1314016|sample|11|nan|3430,0.0003712,1,1,11,1,0.799528,0.799525,0.799797,0.799525,0.735858,0.737107
130_bNAb_Combinations|1314016|sample|11|nan|3430,0.001856,0.764248,2,11,1,0.799528,0.799525,0.799797,0.799525,-0.130664,-0.129707
130_bNAb_Combinations|1314016|sample|11|nan|3430,0.00928,0.669886,3,11,1,0.799528,0.799525,0.799797,0.799525,-0.477497,-0.476658
130_bNAb_Combinations|1314016|sample|11|nan|3430,0.0464,0.36392,4,11,1,0.799527,0.797317,0.799274,0.799184,-1.60121,-1.60106
130_bNAb_Combinations|1314016|sample|11|nan|3430,0.2319999999999999,0.066521,5,11,1,0.0191272,0.125776,0.0747508,0.063496,-0.304426,0.130217
130_bNAb_Combinations|1314016|sample|11|nan|3430,1.16,0.00305944,6,11,1,0.0130677,0.0033162,0.0012234,0.00136404,0.840308,0.75942
130_bNAb_Combinations|1314016|sample|11|nan|3430,5.8,0.000437063,7,11,1,0.0130674,0.00055299,0.000680664,0.0010305,-0.121706,-0.279953
130_bNAb_Combinations|1314016|sample|11|nan|3430,29,0.00227273,8,11,1,0.0130674,0.000490865,0.000676662,0.00102871,0.797956,0.587031
130_bNAb_Combinations|1314016|sample|12|nan|3430,0.0003712,0.984091,1,12,1,0.799528,0.799525,0.799797,0.799525,0.677383,0.678612
130_bNAb_Combinations|1314016|sample|12|nan|3430,0.001856,0.80153,2,12,1,0.799528,0.799525,0.799797,0.799525,0.00636697,0.00736941
130_bNAb_Combinations|1314016|sample|12|nan|3430,0.00928,0.693553,3,12,1,0.799528,0.799525,0.799797,0.799525,-0.390507,-0.389639
130_bNAb_Combinations|1314016|sample|12|nan|3430,0.0464,0.359899,4,12,1,0.799527,0.797317,0.799555,0.799331,-1.61647,-1.6161
130_bNAb_Combinations|1314016|sample|12|nan|3430,0.2319999999999999,0.0557255,5,12,1,0.0191272,0.125776,0.0562383,0.051132,-0.0246798,0.241107
130_bNAb_Combinations|1314016|sample|12|nan|3430,1.16,0.000305944,6,12,1,0.0130677,0.0033162,0.000773292,0.000625826,-0.229898,-0.161311
130_bNAb_Combinations|1314016|sample|12|nan|3430,5.8,0.00104895,7,12,1,0.0130674,0.00055299,0.000546545,0.000449676,0.256825,0.311558
130_bNAb_Combinations|1314016|sample|12|nan|3430,29,0.00161713,8,12,1,0.0130674,0.000490865,0.000545619,0.000449062,0.547835,0.607335
130_bNAb_Combinations|1314016|sample|3|nan|3430,0.000064,0.934375,1,3,1,0.799528,0.799525,0.799797,0.799525,0.494649,0.495816
130_bNAb_Combinations|1314016|sample|3|nan|3430,0.00032,0.84434,2,3,1,0.799528,0.799525,0.799797,0.799525,0.163719,0.164775
130_bNAb_Combinations|1314016|sample|3|nan|3430,0.0016,0.64458,3,3,1,0.799528,0.799525,0.799797,0.799525,-0.570511,-0.569703
130_bNAb_Combinations|1314016|sample|3|nan|3430,0.008,0.217177,4,3,1,0.799528,0.799525,0.799797,0.799525,-2.14146,-2.14119
130_bNAb_Combinations|1314016|sample|3|nan|3430,0.04,0.0300699,5,3,1,0.799528,0.798616,0.799797,0.799525,-2.82918,-2.82914
130_bNAb_Combinations|1314016|sample|3|nan|3430,0.2,0.0116259,6,3,1,0.0282858,0.177383,0.0218875,0.0198192,-1.11923,-0.967391
130_bNAb_Combinations|1314016|sample|3|nan|3430,1,0.00983392,7,3,1,0.0130681,0.00450069,0.00826117,0.00710647,0.344643,0.653566
130_bNAb_Combinations|1314016|sample|3|nan|3430,5,0.00957168,8,3,1,0.0130674,0.000579621,0.00826074,0.00710611,0.287281,0.590831
130_bNAb_Combinations|1314016|sample|4|nan|3430,0.000064,0.986801,1,4,1,0.799528,0.799525,0.799797,0.799525,0.687343,0.688575
130_bNAb_Combinations|1314016|sample|4|nan|3430,0.00032,0.92017,2,4,1,0.799528,0.799525,0.799797,0.799525,0.442439,0.443589
130_bNAb_Combinations|1314016|sample|4|nan|3430,0.0016,0.701202,3,4,1,0.799528,0.799525,0.799797,0.799525,-0.362394,-0.361517
130_bNAb_Combinations|1314016|sample|4|nan|3430,0.008,0.233566,4,4,1,0.799528,0.799525,0.799797,0.799525,-2.08122,-2.08092
130_bNAb_Combinations|1314016|sample|4|nan|3430,0.04,0.0290647,5,4,1,0.799528,0.798616,0.799797,0.799525,-2.83288,-2.83284
130_bNAb_Combinations|1314016|sample|4|nan|3430,0.2,0.0108392,6,4,1,0.0282858,0.177383,0.0189738,0.0169179,-0.993989,-0.811685
130_bNAb_Combinations|1314016|sample|4|nan|3430,1,0.0083042,7,4,1,0.0130681,0.00450069,0.00509791,0.00472013,0.917558,1.06456
130_bNAb_Combinations|1314016|sample|4|nan|3430,5,0.00472028,8,4,1,0.0130674,0.000579621,0.00509745,0.00471982,-0.107941,0.000135815
130_bNAb_Combinations|1314016|sample|5|nan|3430,0.0006144,0.749082,1,5,1,0.799528,0.799525,0.799797,0.799525,-0.186407,-0.18547
130_bNAb_Combinations|1314016|sample|5|nan|3430,0.003072,0.389576,2,5,1,0.799528,0.799525,0.799797,0.799525,-1.5078,-1.50731
130_bNAb_Combinations|1314016|sample|5|nan|3430,0.01536,0.0907343,3,5,1,0.799528,0.799523,0.799797,0.799525,-2.60621,-2.60609
130_bNAb_Combinations|1314016|sample|5|nan|3430,0.0768,0.0207168,4,5,1,0.797601,0.758011,0.789157,0.783128,-2.86228,-2.86154
130_bNAb_Combinations|1314016|sample|5|nan|3430,0.384,0.0156906,5,5,1,0.0133333,0.0388017,0.0115985,0.014714,0.719007,0.144793
130_bNAb_Combinations|1314016|sample|5|nan|3430,1.92,0.00690559,6,5,1,0.0130675,0.00135096,0.00734998,0.00661221,-0.104428,0.0732329
130_bNAb_Combinations|1314016|sample|5|nan|3430,9.6,0.00743007,7,5,1,0.0130674,0.000508806,0.00734394,0.00658571,0.0202488,0.211238
130_bNAb_Combinations|1314016|sample|5|nan|3430,48,0.0101836,8,5,1,0.0130674,0.000489872,0.00734393,0.00658563,0.66761,0.900125
130_bNAb_Combinations|1314016|sample|6|nan|3430,0.0006144,0.677579,1,6,1,0.799528,0.799525,0.799797,0.799525,-0.449223,-0.448375
130_bNAb_Combinations|1314016|sample|6|nan|3430,0.003072,0.36038,2,6,1,0.799528,0.799525,0.799797,0.799525,-1.61511,-1.61465
130_bNAb_Combinations|1314016|sample|6|nan|3430,0.01536,0.088243,3,6,1,0.799528,0.799523,0.799797,0.799525,-2.61537,-2.61525
130_bNAb_Combinations|1314016|sample|6|nan|3430,0.0768,0.0203234,4,6,1,0.797601,0.758011,0.78972,0.786043,-2.86382,-2.86337
130_bNAb_Combinations|1314016|sample|6|nan|3430,0.384,0.0114948,5,6,1,0.0133333,0.0388017,0.00927035,0.0110355,0.453547,0.083487
130_bNAb_Combinations|1314016|sample|6|nan|3430,1.92,0.00655594,6,6,1,0.0130675,0.00135096,0.00537916,0.00514606,0.327847,0.401601
130_bNAb_Combinations|1314016|sample|6|nan|3430,9.6,0.0083479,7,6,1,0.0130674,0.000508806,0.00537422,0.00513318,0.828841,0.916843
130_bNAb_Combinations|1314016|sample|6|nan|3430,48,0.00467657,8,6,1,0.0130674,0.000489872,0.00537422,0.00513315,-0.194451,-0.130217
130_bNAb_Combinations|1314016|sample|7|nan|3430,0.0000768,0.664773,1,7,1,0.799528,0.799525,0.799797,0.799525,-0.496292,-0.49546
130_bNAb_Combinations|1314016|sample|7|nan|3430,0.000384,0.829917,2,7,1,0.799528,0.799525,0.799797,0.799525,0.110706,0.111744
130_bNAb_Combinations|1314016|sample|7|nan|3430,0.00192,0.764467,3,7,1,0.799528,0.799525,0.799797,0.799525,-0.12986,-0.128904
130_bNAb_Combinations|1314016|sample|7|nan|3430,0.0096,0.770411,4,7,1,0.799528,0.799525,0.799793,0.799521,-0.107998,-0.107034
130_bNAb_Combinations|1314016|sample|7|nan|3430,0.048,0.49139,5,7,1,0.799527,0.796822,0.792308,0.791981,-1.11643,-1.11568
130_bNAb_Combinations|1314016|sample|7|nan|3430,0.24,0.156862,6,7,1,0.0179777,0.116225,0.181155,0.181368,-0.385645,-0.388584
130_bNAb_Combinations|1314016|sample|7|nan|3430,1.2,0.0207168,7,7,1,0.0130677,0.00309903,0.0150656,0.0159155,0.823419,0.671493
130_bNAb_Combinations|1314016|sample|7|nan|3430,6,0.00895979,8,7,1,0.0130674,0.000548108,0.0064965,0.00726433,0.620938,0.401147
130_bNAb_Combinations|1314016|sample|8|nan|3430,0.0000768,0.754545,1,8,1,0.799528,0.799525,0.799797,0.799525,-0.166327,-0.165383
130_bNAb_Combinations|1314016|sample|8|nan|3430,0.000384,0.798864,2,8,1,0.799528,0.799525,0.799797,0.799525,-0.00343241,-0.00243328
130_bNAb_Combinations|1314016|sample|8|nan|3430,0.00192,0.800874,3,8,1,0.799528,0.799525,0.799797,0.799525,0.00395731,0.00495908
130_bNAb_Combinations|1314016|sample|8|nan|3430,0.0096,0.751836,4,8,1,0.799528,0.799525,0.799788,0.799499,-0.176254,-0.175255
130_bNAb_Combinations|1314016|sample|8|nan|3430,0.048,0.501442,5,8,1,0.799527,0.796822,0.790073,0.785817,-1.07385,-1.06371
130_bNAb_Combinations|1314016|sample|8|nan|3430,0.24,0.11875,6,8,1,0.0179777,0.116225,0.204062,0.22864,-1.20608,-1.39028
130_bNAb_Combinations|1314016|sample|8|nan|3430,1.2,0.0323427,7,8,1,0.0130677,0.00309903,0.0226564,0.0254753,1.02736,0.66153
130_bNAb_Combinations|1314016|sample|8|nan|3430,6,0.010271,8,8,1,0.0130674,0.000548108,0.0109921,0.00802421,-0.131446,0.501137
130_bNAb_Combinations|1314016|sample|9|nan|3430,0.0003648,0.854218,1,9,1,0.799528,0.799525,0.799797,0.799525,0.200025,0.201093
130_bNAb_Combinations|1314016|sample|9|nan|3430,0.001824,0.730004,2,9,1,0.799528,0.799525,0.799797,0.799525,-0.256529,-0.255616
130_bNAb_Combinations|1314016|sample|9|nan|3430,0.00912,0.572749,3,9,1,0.799528,0.799525,0.799788,0.799512,-0.834505,-0.833777
130_bNAb_Combinations|1314016|sample|9|nan|3430,0.0456,0.403955,4,9,1,0.799527,0.797535,0.791221,0.789829,-1.43875,-1.43609
130_bNAb_Combinations|1314016|sample|9|nan|3430,0.228,0.124956,5,9,1,0.0198176,0.13097,0.224809,0.232827,-1.28433,-1.34073
130_bNAb_Combinations|1314016|sample|9|nan|3430,1.14,0.0266608,6,9,1,0.0130677,0.00343454,0.021185,0.0227324,0.613123,0.415527
130_bNAb_Combinations|1314016|sample|9|nan|3430,5.7,0.0117133,7,9,1,0.0130674,0.000555651,0.00712982,0.00667013,1.09624,1.25273
130_bNAb_Combinations|1314016|sample|9|nan|3430,28.5,0.00231643,8,9,1,0.0130674,0.000490925,0.00617564,0.00546399,-1.00016,-0.869949
130_bNAb_Combinations|1314016|vc|1|2|nan|3430,0,0.961123,1,2,1,0.799528,0.799525,0.799797,0.799525,0.592963,0.594164
130_bNAb_Combinations|1314016|vc|2|2|nan|3430,0,0.986976,2,2,1,0.799528,0.799525,0.799797,0.799525,0.687985,0.689218
130_bNAb_Combinations|1314016|vc|3|2|nan|3430,0,0.934987,3,2,1,0.799528,0.799525,0.799797,0.799525,0.496898,0.498066
130_bNAb_Combinations|1314016|vc|4|2|nan|3430,0,0.886582,4,2,1,0.799528,0.799525,0.799797,0.799525,0.318983,0.320091
130_bNAb_Combinations|1314016|vc|5|2|nan|3430,0,0.904633,5,2,1,0.799528,0.799525,0.799797,0.799525,0.385329,0.38646
130_bNAb_Combinations|1314016|vc|6|2|nan|3430,0,0.928955,6,2,1,0.799528,0.799525,0.799797,0.799525,0.474728,0.475889
130_bNAb_Combinations|1314016|vc|7|2|nan|3430,0,0.883566,7,2,1,0.799528,0.799525,0.799797,0.799525,0.307898,0.309003
130_bNAb_Combinations|1314016|vc|8|2|nan|3430,0,0.902404,8,2,1,0.799528,0.799525,0.799797,0.799525,0.377136,0.378264
130_bNAb_Combinations|1314040|cc|1|1|nan|4166,0,0.000767291,1,1,0,0,0,0,0,0.433128,0.433128
130_bNAb_Combinations|1314040|cc|2|1|nan|4166,0,0.000630275,2,1,0,0,0,0,0,0.355784,0.355784
130_bNAb_Combinations|1314040|cc|3|1|nan|4166,0,0,3,1,0,0,0,0,0,0,0
130_bNAb_Combinations|1314040|cc|4|1|nan|4166,0,0.00104132,4,1,0,0,0,0,0,0.587817,0.587817
130_bNAb_Combinations|1314040|cc|5|1|nan|4166,0,0.00117834,5,1,0,0,0,0,0,0.665161,0.665161
130_bNAb_Combinations|1314040|cc|6|1|nan|4166,0,0.00202784,6,1,0,0,0,0,0,1.1447,1.1447
130_bNAb_Combinations|1314040|cc|7|1|nan|4166,0,0.001699,7,1,0,0,0,0,0,0.959069,0.959069
130_bNAb_Combinations|1314040|cc|8|1|nan|4166,0,0.00219226,8,1,0,0,0,0,0,1.23751,1.23751
130_bNAb_Combinations|1314040|sample|10|nan|4166,0.0003648,0.809588,1,10,1,0.799528,0.649889,0.650713,0.649889,0.716677,0.721302
130_bNAb_Combinations|1314040|sample|10|nan|4166,0.001824,0.790529,2,10,1,0.799528,0.649889,0.650713,0.649889,0.630703,0.63522
130_bNAb_Combinations|1314040|sample|10|nan|4166,0.00912,0.456991,3,10,1,0.799528,0.649889,0.650713,0.649889,-0.873871,-0.871248
130_bNAb_Combinations|1314040|sample|10|nan|4166,0.0456,0.0730023,4,10,1,0.799527,0.648271,0.650713,0.649889,-2.60602,-2.60558
130_bNAb_Combinations|1314040|sample|10|nan|4166,0.228,0.0016442,5,10,1,0.0198176,0.106458,0.00480495,0.00471379,-0.930901,-0.912331
130_bNAb_Combinations|1314040|sample|10|nan|4166,1.14,0.00145237,6,10,1,0.0130677,0.00279174,0.000431394,0.000399363,0.532508,0.552333
130_bNAb_Combinations|1314040|sample|10|nan|4166,5.7,0.000876905,7,10,1,0.0130674,0.000451657,0.000431281,0.000399247,0.232427,0.25055
130_bNAb_Combinations|1314040|sample|10|nan|4166,28.5,0.00142497,8,10,1,0.0130674,0.000399045,0.000431281,0.000399247,0.518285,0.538031
130_bNAb_Combinations|1314040|sample|11|nan|4166,0.0003712,0.722789,1,11,1,0.799528,0.649889,0.650713,0.649889,0.325128,0.32926
130_bNAb_Combinations|1314040|sample|11|nan|4166,0.001856,0.682835,2,11,1,0.799528,0.649889,0.650713,0.649889,0.144898,0.148803
130_bNAb_Combinations|1314040|sample|11|nan|4166,0.00928,0.694111,3,11,1,0.799528,0.649889,0.650713,0.649889,0.195765,0.199735
130_bNAb_Combinations|1314040|sample|11|nan|4166,0.0464,0.1565,4,11,1,0.799527,0.648094,0.650706,0.649883,-2.22936,-2.22844
130_bNAb_Combinations|1314040|sample|11|nan|4166,0.2319999999999999,0.0120848,5,11,1,0.0191272,0.102236,0.0138481,0.0124202,-0.273305,-0.0561903
130_bNAb_Combinations|1314040|sample|11|nan|4166,1.16,0.000876905,6,11,1,0.0130677,0.00269555,0.000416503,0.000389487,0.240762,0.256112
130_bNAb_Combinations|1314040|sample|11|nan|4166,5.8,0.000959114,7,11,1,0.0130674,0.000449494,0.000412049,0.000386133,0.286307,0.301251
130_bNAb_Combinations|1314040|sample|11|nan|4166,6,0.00120574,8,11,1,0.0130674,0.000445526,0.000412049,0.000386132,0.415381,0.430919
130_bNAb_Combinations|1314040|sample|12|nan|4166,0.0003712,0.634577,1,12,1,0.799528,0.649889,0.650713,0.649889,-0.0727874,-0.0691557
130_bNAb_Combinations|1314040|sample|12|nan|4166,0.001856,0.570344,2,12,1,0.799528,0.649889,0.650713,0.649889,-0.36254,-0.359273
130_bNAb_Combinations|1314040|sample|12|nan|4166,0.00928,0.44666,3,12,1,0.799528,0.649889,0.650713,0.649889,-0.920474,-0.917909
130_bNAb_Combinations|1314040|sample|12|nan|4166,0.0464,0.130275,4,12,1,0.799527,0.648094,0.65071,0.649886,-2.34766,-2.34689
130_bNAb_Combinations|1314040|sample|12|nan|4166,0.2319999999999999,0.00937192,5,12,1,0.0191272,0.102236,0.0101066,0.0100681,-0.141632,-0.134548
130_bNAb_Combinations|1314040|sample|12|nan|4166,1.16,0.000685082,6,12,1,0.0130677,0.00269555,0.000545265,0.000386608,0.0714885,0.156912
130_bNAb_Combinations|1314040|sample|12|nan|4166,5.8,0.000959114,7,12,1,0.0130674,0.000449494,0.000543694,0.00038488,0.212464,0.301977
130_bNAb_Combinations|1314040|sample|12|nan|4166,29,0.00142497,8,12,1,0.0130674,0.000398997,0.000543694,0.00038488,0.450722,0.54696
130_bNAb_Combinations|1314040|sample|3|nan|4166,0.000064,0.931259,1,3,1,0.799528,0.649889,0.650713,0.649889,1.26553,1.27084
130_bNAb_Combinations|1314040|sample|3|nan|4166,0.00032,0.9236,2,3,1,0.799528,0.649889,0.650713,0.649889,1.23098,1.23625
130_bNAb_Combinations|1314040|sample|3|nan|4166,0.0016,0.710882,3,3,1,0.799528,0.649889,0.650713,0.649889,0.271417,0.275482
130_bNAb_Combinations|1314040|sample|3|nan|4166,0.008,0.333703,4,3,1,0.799528,0.649889,0.650713,0.649889,-1.43001,-1.42809
130_bNAb_Combinations|1314040|sample|3|nan|4166,0.04,0.08358,5,3,1,0.799528,0.64915,0.650713,0.649889,-2.5583,-2.5578
130_bNAb_Combinations|1314040|sample|3|nan|4166,0.2,0.0126329,6,3,1,0.0282858,0.144184,0.022198,0.0184136,-1.03145,-0.723084
130_bNAb_Combinations|1314040|sample|3|nan|4166,1,0.0107147,7,3,1,0.0130681,0.00365835,0.00636243,0.00594545,1.10978,1.26143
130_bNAb_Combinations|1314040|sample|3|nan|4166,5,0.00452154,8,3,1,0.0130674,0.000471141,0.00636118,0.00594487,-0.469141,-0.376482
130_bNAb_Combinations|1314040|sample|4|nan|4166,0.000064,0.849679,1,4,1,0.799528,0.649889,0.650713,0.649889,0.897525,0.902378
130_bNAb_Combinations|1314040|sample|4|nan|4166,0.00032,0.922147,2,4,1,0.799528,0.649889,0.650713,0.649889,1.22442,1.22969
130_bNAb_Combinations|1314040|sample|4|nan|4166,0.0016,0.857325,3,4,1,0.799528,0.649889,0.650713,0.649889,0.932013,0.936909
130_bNAb_Combinations|1314040|sample|4|nan|4166,0.008,0.429779,4,4,1,0.799528,0.649889,0.650713,0.649889,-0.996621,-0.994151
130_bNAb_Combinations|1314040|sample|4|nan|4166,0.04,0.0907322,5,4,1,0.799528,0.64915,0.650713,0.649888,-2.52604,-2.5255
130_bNAb_Combinations|1314040|sample|4|nan|4166,0.2,0.0240601,6,4,1,0.0282858,0.144184,0.0296307,0.0269813,-0.472673,-0.268252
130_bNAb_Combinations|1314040|sample|4|nan|4166,1,0.0110435,7,4,1,0.0130681,0.00365835,0.00785392,0.00640472,0.720684,1.17855
130_bNAb_Combinations|1314040|sample|4|nan|4166,5,0.00460375,8,4,1,0.0130674,0.000471141,0.00785005,0.00640134,-0.733715,-0.456835
130_bNAb_Combinations|1314040|sample|5|nan|4166,0.0006144,0.779376,1,5,1,0.799528,0.649889,0.650713,0.649889,0.580392,0.584845
130_bNAb_Combinations|1314040|sample|5|nan|4166,0.003072,0.614409,2,5,1,0.799528,0.649889,0.650713,0.649889,-0.163768,-0.160251
130_bNAb_Combinations|1314040|sample|5|nan|4166,0.01536,0.200195,3,5,1,0.799528,0.649886,0.650713,0.649889,-2.03226,-2.0311
130_bNAb_Combinations|1314040|sample|5|nan|4166,0.0768,0.0378713,4,5,1,0.797601,0.616144,0.635135,0.631636,-2.75976,-2.75867
130_bNAb_Combinations|1314040|sample|5|nan|4166,0.384,0.0177847,5,5,1,0.0133333,0.0315397,0.0147649,0.0165472,0.446633,0.168055
130_bNAb_Combinations|1314040|sample|5|nan|4166,1.92,0.0106325,6,5,1,0.0130675,0.00109812,0.00590684,0.00553099,1.25423,1.40122
130_bNAb_Combinations|1314040|sample|5|nan|4166,9.6,0.00548065,7,5,1,0.0130674,0.000413579,0.00586569,0.00546219,-0.10257,0.00510316
130_bNAb_Combinations|1314040|sample|5|nan|4166,48,0.00260331,8,5,1,0.0130674,0.000398189,0.00586549,0.00546176,-0.869039,-0.790208
130_bNAb_Combinations|1314040|sample|6|nan|4166,0.0006144,0.836677,1,6,1,0.799528,0.649889,0.650713,0.649889,0.83887,0.843649
130_bNAb_Combinations|1314040|sample|6|nan|4166,0.003072,0.59672,2,6,1,0.799528,0.649889,0.650713,0.649889,-0.243561,-0.240144
130_bNAb_Combinations|1314040|sample|6|nan|4166,0.01536,0.231763,3,6,1,0.799528,0.649886,0.650713,0.649889,-1.88986,-1.88851
130_bNAb_Combinations|1314040|sample|6|nan|4166,0.0768,0.0379261,4,6,1,0.797601,0.616144,0.630159,0.631332,-2.75795,-2.75832
130_bNAb_Combinations|1314040|sample|6|nan|4166,0.384,0.0173463,5,6,1,0.0133333,0.0315397,0.019003,0.0159768,-0.202201,0.190969
130_bNAb_Combinations|1314040|sample|6|nan|4166,1.92,0.00800175,6,6,1,0.0130675,0.00109812,0.00512628,0.00466798,0.820634,0.995432
130_bNAb_Combinations|1314040|sample|6|nan|4166,9.6,0.00649457,7,6,1,0.0130674,0.000413579,0.00501275,0.0045951,0.427582,0.571364
130_bNAb_Combinations|1314040|sample|6|nan|4166,48,0.00227447,8,6,1,0.0130674,0.000398189,0.00501182,0.00459463,-0.789936,-0.697942
130_bNAb_Combinations|1314040|sample|7|nan|4166,0.0000768,0.895881,1,7,1,0.799528,0.649889,0.650713,0.649889,1.10594,1.11105
130_bNAb_Combinations|1314040|sample|7|nan|4166,0.000384,1,2,7,1,0.799528,0.649889,0.650713,0.649889,1.57561,1.58132
130_bNAb_Combinations|1314040|sample|7|nan|4166,0.00192,0.885057,3,7,1,0.799528,0.649889,0.650713,0.649889,1.05711,1.06216
130_bNAb_Combinations|1314040|sample|7|nan|4166,0.0096,0.541804,4,7,1,0.799528,0.649889,0.650713,0.649889,-0.491284,-0.488179
130_bNAb_Combinations|1314040|sample|7|nan|4166,0.048,0.108462,5,7,1,0.799527,0.647691,0.650711,0.649887,-2.44606,-2.44542
130_bNAb_Combinations|1314040|sample|7|nan|4166,0.24,0.00367204,6,7,1,0.0179777,0.0944729,0.00590154,0.00532607,-0.592014,-0.463121
130_bNAb_Combinations|1314040|sample|7|nan|4166,1.2,0.00134276,7,7,1,0.0130677,0.00251903,0.000534132,0.000398486,0.414251,0.495375
130_bNAb_Combinations|1314040|sample|7|nan|4166,6,0.00120574,8,7,1,0.0130674,0.000445526,0.000533728,0.000398153,0.34429,0.423695
130_bNAb_Combinations|1314040|sample|8|nan|4166,0.0000768,0.844966,1,8,1,0.799528,0.649889,0.650713,0.649889,0.876263,0.881089
130_bNAb_Combinations|1314040|sample|8|nan|4166,0.000384,0.936,2,8,1,0.799528,0.649889,0.650713,0.649889,1.28691,1.29225
130_bNAb_Combinations|1314040|sample|8|nan|4166,0.00192,0.95599,3,8,1,0.799528,0.649889,0.650713,0.649889,1.37709,1.38254
130_bNAb_Combinations|1314040|sample|8|nan|4166,0.0096,0.549326,4,8,1,0.799528,0.649889,0.650713,0.649889,-0.457352,-0.454204
130_bNAb_Combinations|1314040|sample|8|nan|4166,0.048,0.117697,5,8,1,0.799527,0.647691,0.650709,0.649886,-2.4044,-2.4037
130_bNAb_Combinations|1314040|sample|8|nan|4166,0.24,0.00523402,6,8,1,0.0179777,0.0944729,0.00829882,0.00650744,-0.669734,-0.320701
130_bNAb_Combinations|1314040|sample|8|nan|4166,1.2,0.00183602,7,8,1,0.0130677,0.00251903,0.000670706,0.000527699,0.583187,0.670985
130_bNAb_Combinations|1314040|sample|8|nan|4166,29,0.00120574,8,8,1,0.0130674,0.000398997,0.000669552,0.000527108,0.268392,0.348081
130_bNAb_Combinations|1314040|sample|9|nan|4166,0.0003648,0.860586,1,9,1,0.799528,0.649889,0.650713,0.649889,0.946724,0.951638
130_bNAb_Combinations|1314040|sample|9|nan|4166,0.001824,0.800655,2,9,1,0.799528,0.649889,0.650713,0.649889,0.676379,0.680953
130_bNAb_Combinations|1314040|sample|9|nan|4166,0.00912,0.529856,3,9,1,0.799528,0.649889,0.650713,0.649889,-0.54518,-0.542143
130_bNAb_Combinations|1314040|sample|9|nan|4166,0.0456,0.113285,4,9,1,0.799527,0.648271,0.650713,0.649888,-2.42431,-2.42363
130_bNAb_Combinations|1314040|sample|9|nan|4166,0.228,0.00408309,5,9,1,0.0198176,0.106458,0.00614348,0.00605755,-0.535482,-0.517051
130_bNAb_Combinations|1314040|sample|9|nan|4166,1.14,0.000959114,6,9,1,0.0130677,0.00279174,0.000475433,0.000383017,0.250328,0.303057
130_bNAb_Combinations|1314040|sample|9|nan|4166,5.7,0.00134276,7,9,1,0.0130674,0.000451657,0.00047518,0.000382746,0.449034,0.505041
130_bNAb_Combinations|1314040|sample|9|nan|4166,28.5,0.00109613,8,9,1,0.0130674,0.000399045,0.00047518,0.000382746,0.321386,0.375295
130_bNAb_Combinations|1314040|vc|1|2|nan|4166,0,0.872575,1,2,1,0.799528,0.649889,0.650713,0.649889,1.0008,1.00579
130_bNAb_Combinations|1314040|vc|2|2|nan|4166,0,0.811123,2,2,1,0.799528,0.649889,0.650713,0.649889,0.723599,0.728233
130_bNAb_Combinations|1314040|vc|3|2|nan|4166,0,0.8264,3,2,1,0.799528,0.649889,0.650713,0.649889,0.792514,0.797235
130_bNAb_Combinations|1314040|vc|4|2|nan|4166,0,0.88503,4,2,1,0.799528,0.649889,0.650713,0.649889,1.05699,1.06204
130_bNAb_Combinations|1314040|vc|5|2|nan|4166,0,0.762811,5,2,1,0.799528,0.649889,0.650713,0.649889,0.505667,0.510026
130_bNAb_Combinations|1314040|vc|6|2|nan|4166,0,0.755714,6,2,1,0.799528,0.649889,0.650713,0.649889,0.473651,0.47797
130_bNAb_Combinations|1314040|vc|7|2|nan|4166,0,0.742903,7,2,1,0.799528,0.649889,0.650713,0.649889,0.415861,0.420107
130_bNAb_Combinations|1314040|vc|8|2|nan|4166,0,0.592911,8,2,1,0.799528,0.649889,0.650713,0.649889,-0.260743,-0.257348
130_bNAb_Combinations|1314058|cc|1|1|nan|2944,0,0.00196858,1,1,0,0,0,0,0,1.11124,1.11124
130_bNAb_Combinations|1314058|cc|2|1|nan|2944,0,0.000401752,2,1,0,0,0,0,0,0.226785,0.226785
130_bNAb_Combinations|1314058|cc|3|1|nan|2944,0,0.00192841,3,1,0,0,0,0,0,1.08857,1.08857
130_bNAb_Combinations|1314058|cc|4|1|nan|2944,0,0.00156683,4,1,0,0,0,0,0,0.88446,0.88446
130_bNAb_Combinations|1314058|cc|5|1|nan|2944,0,0.00192841,5,1,0,0,0,0,0,1.08857,1.08857
130_bNAb_Combinations|1314058|cc|6|1|nan|2944,0,0.00273191,6,1,0,0,0,0,0,1.54214,1.54214
130_bNAb_Combinations|1314058|cc|7|1|nan|2944,0,0.00228998,7,1,0,0,0,0,0,1.29267,1.29267
130_bNAb_Combinations|1314058|cc|8|1|nan|2944,0,0,8,1,0,0,0,0,0,0,0
130_bNAb_Combinations|1314058|sample|10|nan|2944,0.0003648,0.569001,1,10,1,0.799528,0.799537,0.799808,0.799537,-0.848336,-0.847624
130_bNAb_Combinations|1314058|sample|10|nan|2944,0.001824,0.774678,2,10,1,0.799528,0.799537,0.799808,0.799537,-0.0923679,-0.0914004
130_bNAb_Combinations|1314058|sample|10|nan|2944,0.00912,0.604516,3,10,1,0.799528,0.799536,0.799808,0.799537,-0.717801,-0.717044
130_bNAb_Combinations|1314058|sample|10|nan|2944,0.0456,0.103933,4,10,1,0.799527,0.797546,0.799808,0.799536,-2.5577,-2.55756
130_bNAb_Combinations|1314058|sample|10|nan|2944,0.228,0.00494155,5,10,1,0.0198176,0.130972,0.00809686,0.00717972,-0.699954,-0.533162
130_bNAb_Combinations|1314058|sample|10|nan|2944,1.14,0.00176771,6,10,1,0.0130677,0.00343458,0.000646831,0.000827561,0.563223,0.458342
130_bNAb_Combinations|1314058|sample|10|nan|2944,5.7,0.00212928,7,10,1,0.0130674,0.000555658,0.000646448,0.000827312,0.74515,0.634766
130_bNAb_Combinations|1314058|sample|10|nan|2944,28.5,0.00152666,8,10,1,0.0130674,0.000490932,0.000646448,0.000827312,0.44232,0.34096
130_bNAb_Combinations|1314058|sample|11|nan|2944,0.0003712,0.654956,1,11,1,0.799528,0.799537,0.799808,0.799537,-0.532408,-0.531589
130_bNAb_Combinations|1314058|sample|11|nan|2944,0.001856,0.910209,2,11,1,0.799528,0.799537,0.799808,0.799537,0.405778,0.406914
130_bNAb_Combinations|1314058|sample|11|nan|2944,0.00928,0.826323,3,11,1,0.799528,0.799536,0.799808,0.799536,0.097457,0.0984888
130_bNAb_Combinations|1314058|sample|11|nan|2944,0.0464,0.531096,4,11,1,0.799527,0.797328,0.796309,0.795891,-0.979053,-0.978018
130_bNAb_Combinations|1314058|sample|11|nan|2944,0.2319999999999999,0.155357,5,11,1,0.0191272,0.125777,0.150369,0.151415,0.0948628,0.0744672
130_bNAb_Combinations|1314058|sample|11|nan|2944,1.16,0.00719135,6,11,1,0.0130677,0.00331625,0.00553407,0.00550499,0.455075,0.464313
130_bNAb_Combinations|1314058|sample|11|nan|2944,5.8,0.000964204,7,11,1,0.0130674,0.000552998,0.000898729,0.000647879,0.0315505,0.15892
130_bNAb_Combinations|1314058|sample|11|nan|2944,29,0.00116508,8,11,1,0.0130674,0.000490872,0.000751258,0.000487142,0.204316,0.350149
130_bNAb_Combinations|1314058|sample|12|nan|2944,0.0003712,0.691174,1,12,1,0.799528,0.799537,0.799808,0.799537,-0.399289,-0.398425
130_bNAb_Combinations|1314058|sample|12|nan|2944,0.001856,0.787493,2,12,1,0.799528,0.799537,0.799808,0.799537,-0.0452629,-0.0442795
130_bNAb_Combinations|1314058|sample|12|nan|2944,0.00928,0.705837,3,12,1,0.799528,0.799536,0.799806,0.799535,-0.345385,-0.344503
130_bNAb_Combinations|1314058|sample|12|nan|2944,0.0464,0.438512,4,12,1,0.799527,0.797328,0.794503,0.794472,-1.31713,-1.31707
130_bNAb_Combinations|1314058|sample|12|nan|2944,0.2319999999999999,0.141899,5,12,1,0.0191272,0.125777,0.174983,0.170886,-0.543187,-0.486987
130_bNAb_Combinations|1314058|sample|12|nan|2944,1.16,0.0106062,6,12,1,0.0130677,0.00331625,0.00826407,0.00771332,0.513141,0.660746
130_bNAb_Combinations|1314058|sample|12|nan|2944,5.8,0.000763328,7,12,1,0.0130674,0.000552998,0.000878563,0.000693427,-0.0557115,0.0348485
130_bNAb_Combinations|1314058|sample|12|nan|2944,29,0.000682978,8,12,1,0.0130674,0.000490872,0.000554295,0.000393866,0.0656937,0.151795
130_bNAb_Combinations|1314058|sample|3|nan|2944,0.000064,0.7568,1,3,1,0.799528,0.799537,0.799808,0.799537,-0.158079,-0.157133
130_bNAb_Combinations|1314058|sample|3|nan|2944,0.00032,0.711502,2,3,1,0.799528,0.799537,0.799808,0.799537,-0.32457,-0.323681
130_bNAb_Combinations|1314058|sample|3|nan|2944,0.0016,0.556567,3,3,1,0.799528,0.799537,0.799808,0.799537,-0.894038,-0.893341
130_bNAb_Combinations|1314058|sample|3|nan|2944,0.008,0.0999156,4,3,1,0.799528,0.799537,0.799808,0.799537,-2.57247,-2.57234
130_bNAb_Combinations|1314058|sample|3|nan|2944,0.04,0.00779398,5,3,1,0.799528,0.798628,0.799808,0.799537,-2.91106,-2.91105
130_bNAb_Combinations|1314058|sample|3|nan|2944,0.2,0.0069503,6,3,1,0.0282858,0.177385,0.0143945,0.0133106,-1.12176,-1.01442
130_bNAb_Combinations|1314058|sample|3|nan|2944,1,0.00361576,7,3,1,0.0130681,0.00450075,0.00268081,0.00321705,0.349187,0.139472
130_bNAb_Combinations|1314058|sample|3|nan|2944,5,0.00610662,8,3,1,0.0130674,0.000579629,0.00268057,0.00321689,1.27961,1.01086
130_bNAb_Combinations|1314058|sample|4|nan|2944,0.000064,0.636756,1,4,1,0.799528,0.799537,0.799808,0.799537,-0.5993,-0.598504
130_bNAb_Combinations|1314058|sample|4|nan|2944,0.00032,0.746153,2,4,1,0.799528,0.799537,0.799808,0.799537,-0.19721,-0.196278
130_bNAb_Combinations|1314058|sample|4|nan|2944,0.0016,0.537845,3,4,1,0.799528,0.799537,0.799808,0.799537,-0.96285,-0.962176
130_bNAb_Combinations|1314058|sample|4|nan|2944,0.008,0.0750874,4,4,1,0.799528,0.799537,0.799808,0.799537,-2.66372,-2.66362
130_bNAb_Combinations|1314058|sample|4|nan|2944,0.04,0.0161906,5,4,1,0.799528,0.798628,0.799808,0.799537,-2.8802,-2.88017
130_bNAb_Combinations|1314058|sample|4|nan|2944,0.2,0.00445944,6,4,1,0.0282858,0.177385,0.0174104,0.0123924,-1.69173,-1.33113
130_bNAb_Combinations|1314058|sample|4|nan|2944,1,0.0061468,7,4,1,0.0130681,0.00450075,0.00355982,0.00311928,0.869697,1.07143
130_bNAb_Combinations|1314058|sample|4|nan|2944,5,0.00337471,8,4,1,0.0130674,0.000579629,0.00355937,0.00311916,-0.0620828,0.0904412
130_bNAb_Combinations|1314058|sample|5|nan|2944,0.0006144,0.421638,1,5,1,0.799528,0.799537,0.799808,0.799537,-1.38997,-1.38944
130_bNAb_Combinations|1314058|sample|5|nan|2944,0.003072,0.241091,2,5,1,0.799528,0.799537,0.799808,0.799537,-2.05357,-2.05327
130_bNAb_Combinations|1314058|sample|5|nan|2944,0.01536,0.0357559,3,5,1,0.799528,0.799534,0.799808,0.799537,-2.80829,-2.80824
130_bNAb_Combinations|1314058|sample|5|nan|2944,0.0768,0.0111687,4,5,1,0.797601,0.758021,0.793255,0.791917,-2.89816,-2.89806
130_bNAb_Combinations|1314058|sample|5|nan|2944,0.384,0.00397734,5,5,1,0.0133333,0.0388023,0.00447202,0.00483385,-0.150687,-0.251534
130_bNAb_Combinations|1314058|sample|5|nan|2944,1.92,0.0050219,6,5,1,0.0130675,0.00135097,0.00250729,0.0024883,0.960188,0.969816
130_bNAb_Combinations|1314058|sample|5|nan|2944,9.6,0.00289261,7,5,1,0.0130674,0.000508813,0.00250624,0.00248669,0.147554,0.155413
130_bNAb_Combinations|1314058|sample|5|nan|2944,48,0.00337471,8,5,1,0.0130674,0.000489879,0.00250624,0.00248669,0.331667,0.339993
130_bNAb_Combinations|1314058|sample|6|nan|2944,0.0006144,0.459122,1,6,1,0.799528,0.799537,0.799808,0.799537,-1.2522,-1.25162
130_bNAb_Combinations|1314058|sample|6|nan|2944,0.003072,0.181552,2,6,1,0.799528,0.799537,0.799808,0.799537,-2.27241,-2.27218
130_bNAb_Combinations|1314058|sample|6|nan|2944,0.01536,0.0224981,3,6,1,0.799528,0.799534,0.799808,0.799537,-2.85702,-2.85698
130_bNAb_Combinations|1314058|sample|6|nan|2944,0.0768,0.00879836,4,6,1,0.797601,0.758021,0.79584,0.792016,-2.90711,-2.90687
130_bNAb_Combinations|1314058|sample|6|nan|2944,0.384,0.00377647,5,6,1,0.0133333,0.0388023,0.00318621,0.00462947,0.207232,-0.255692
130_bNAb_Combinations|1314058|sample|6|nan|2944,1.92,0.00425857,6,6,1,0.0130675,0.00135097,0.00229382,0.00233264,0.771481,0.752365
130_bNAb_Combinations|1314058|sample|6|nan|2944,9.6,0.00349524,7,6,1,0.0130674,0.000508813,0.00229364,0.0023311,0.471832,0.454865
130_bNAb_Combinations|1314058|sample|6|nan|2944,48,0.00317384,8,6,1,0.0130674,0.000489879,0.00229364,0.00233109,0.345626,0.329285
130_bNAb_Combinations|1314058|sample|7|nan|2944,0.0000768,0.772267,1,7,1,0.799528,0.799537,0.799808,0.799537,-0.101228,-0.100263
130_bNAb_Combinations|1314058|sample|7|nan|2944,0.000384,0.792997,2,7,1,0.799528,0.799537,0.799808,0.799537,-0.0250329,-0.0240427
130_bNAb_Combinations|1314058|sample|7|nan|2944,0.00192,0.847113,3,7,1,0.799528,0.799537,0.799808,0.799537,0.173871,0.174929
130_bNAb_Combinations|1314058|sample|7|nan|2944,0.0096,0.388996,4,7,1,0.799528,0.799536,0.799808,0.799537,-1.50995,-1.50946
130_bNAb_Combinations|1314058|sample|7|nan|2944,0.048,0.102889,5,7,1,0.799527,0.796833,0.799803,0.799532,-2.56154,-2.5614
130_bNAb_Combinations|1314058|sample|7|nan|2944,0.24,0.00903941,6,7,1,0.0179777,0.116227,0.0112116,0.0102723,-0.390639,-0.235146
130_bNAb_Combinations|1314058|sample|7|nan|2944,1.2,0.00305331,7,7,1,0.0130677,0.00309907,0.00183491,0.0018343,0.509445,0.509746
130_bNAb_Combinations|1314058|sample|7|nan|2944,6,0.00325419,8,7,1,0.0130674,0.000548115,0.00183349,0.0018332,0.59415,0.594295
130_bNAb_Combinations|1314058|sample|8|nan|2944,0.0000768,0.84412,1,8,1,0.799528,0.799537,0.799808,0.799537,0.16287,0.163924
130_bNAb_Combinations|1314058|sample|8|nan|2944,0.000384,0.940119,2,8,1,0.799528,0.799537,0.799808,0.799537,0.515714,0.516887
130_bNAb_Combinations|1314058|sample|8|nan|2944,0.00192,0.824917,3,8,1,0.799528,0.799537,0.799808,0.799537,0.0922865,0.0933164
130_bNAb_Combinations|1314058|sample|8|nan|2944,0.0096,0.591097,4,8,1,0.799528,0.799536,0.799808,0.799537,-0.767121,-0.766381
130_bNAb_Combinations|1314058|sample|8|nan|2944,0.048,0.135872,5,8,1,0.799527,0.796833,0.799807,0.799535,-2.44031,-2.44013
130_bNAb_Combinations|1314058|sample|8|nan|2944,0.24,0.00361576,6,8,1,0.0179777,0.116227,0.00654067,0.00645118,-0.734538,-0.717514
130_bNAb_Combinations|1314058|sample|8|nan|2944,1.2,0.00329436,7,8,1,0.0130677,0.00309907,0.00148051,0.00160483,0.798402,0.730174
130_bNAb_Combinations|1314058|sample|8|nan|2944,6,0.00289261,8,8,1,0.0130674,0.000548115,0.00148028,0.00160462,0.621684,0.556655
130_bNAb_Combinations|1314058|sample|9|nan|2944,0.0003648,0.631373,1,9,1,0.799528,0.799537,0.799808,0.799537,-0.619087,-0.618297
130_bNAb_Combinations|1314058|sample|9|nan|2944,0.001824,0.855028,2,9,1,0.799528,0.799537,0.799808,0.799537,0.202961,0.204028
130_bNAb_Combinations|1314058|sample|9|nan|2944,0.00912,0.528323,3,9,1,0.799528,0.799536,0.799808,0.799537,-0.997847,-0.997185
130_bNAb_Combinations|1314058|sample|9|nan|2944,0.0456,0.0948536,4,9,1,0.799527,0.797546,0.799808,0.799536,-2.59107,-2.59095
130_bNAb_Combinations|1314058|sample|9|nan|2944,0.228,0.00401752,5,9,1,0.0198176,0.130972,0.00934455,0.00738694,-1.08063,-0.789469
130_bNAb_Combinations|1314058|sample|9|nan|2944,1.14,0.00309349,6,9,1,0.0130677,0.00343458,0.00177721,0.00172247,0.554893,0.582514
130_bNAb_Combinations|1314058|sample|9|nan|2944,5.7,0.00200876,7,9,1,0.0130674,0.000555658,0.00177681,0.00172229,0.0977872,0.121716
130_bNAb_Combinations|1314058|sample|9|nan|2944,28.5,0.00369612,8,9,1,0.0130674,0.000490932,0.00177681,0.00172229,0.809154,0.838652
130_bNAb_Combinations|1314058|vc|1|2|nan|2944,0,0.691535,1,2,1,0.799528,0.799537,0.799808,0.799537,-0.39796,-0.397095
130_bNAb_Combinations|1314058|vc|2|2|nan|2944,0,0.932385,2,2,1,0.799528,0.799537,0.799808,0.799537,0.487289,0.488452
130_bNAb_Combinations|1314058|vc|3|2|nan|2944,0,1,3,2,1,0.799528,0.799537,0.799808,0.799537,0.735808,0.737055
130_bNAb_Combinations|1314058|vc|4|2|nan|2944,0,0.97479,4,2,1,0.799528,0.799537,0.799808,0.799537,0.643149,0.644365
130_bNAb_Combinations|1314058|vc|5|2|nan|2944,0,0.982805,5,2,1,0.799528,0.799537,0.799808,0.799537,0.672608,0.673834
130_bNAb_Combinations|1314058|vc|6|2|nan|2944,0,0.897594,6,2,1,0.799528,0.799537,0.799808,0.799537,0.359412,0.360532
130_bNAb_Combinations|1314058|vc|7|2|nan|2944,0,0.932385,7,2,1,0.799528,0.799537,0.799808,0.799537,0.487289,0.488452
130_bNAb_Combinations|1314058|vc|8|2|nan|2944,0,0.756117,8,2,1,0.799528,0.799537,0.799808,0.799537,-0.160589,-0.159644
130_bNAb_Combinations|1342240|cc|1|1|nan|1798,0,0.000747678,1,1,0,0,0,0,0,0.422057,0.422057
130_bNAb_Combinations|1342240|cc|2|1|nan|1798,0,0.000889479,2,1,0,0,0,0,0,0.502102,0.502102
130_bNAb_Combinations|1342240|cc|3|1|nan|1798,0,0.00106995,3,1,0,0,0,0,0,0.603977,0.603977
130_bNAb_Combinations|1342240|cc|4|1|nan|1798,0,0.0011473,4,1,0,0,0,0,0,0.647639,0.647639
130_bNAb_Combinations|1342240|cc|5|1|nan|1798,0,0.00125043,5,1,0,0,0,0,0,0.705853,0.705853
130_bNAb_Combinations|1342240|cc|6|1|nan|1798,0,0.00109574,6,1,0,0,0,0,0,0.618531,0.618531
130_bNAb_Combinations|1342240|cc|7|1|nan|1798,0,0.00113441,7,1,0,0,0,0,0,0.640362,0.640362
130_bNAb_Combinations|1342240|cc|8|1|nan|1798,0,0.00134066,8,1,0,0,0,0,0,0.756791,0.756791
130_bNAb_Combinations|1342240|sample|3|nan|1798,0.0010624,0.835221,1,3,1,0.799528,0.967007,0.957343,0.966986,-0.375402,-0.401027
130_bNAb_Combinations|1342240|sample|3|nan|1798,0.005312,0.877793,2,3,1,0.799528,0.967007,0.956784,0.966357,-0.242956,-0.269717
130_bNAb_Combinations|1342240|sample|3|nan|1798,0.02656,0.931355,3,3,1,0.799528,0.966913,0.939198,0.947701,-0.02457,-0.0507533
130_bNAb_Combinations|1342240|sample|3|nan|1798,0.1328,0.830071,4,3,1,0.204051,0.518569,0.654795,0.662544,0.785771,0.742314
130_bNAb_Combinations|1342240|sample|3|nan|1798,0.664,0.362418,5,3,1,0.0130763,0.0133328,0.198841,0.206982,2.37167,2.16719
130_bNAb_Combinations|1342240|sample|3|nan|1798,3.32,0.0234358,6,3,1,0.0130674,0.000878413,0.0509962,0.0545532,-1.45009,-1.53985
130_bNAb_Combinations|1342240|sample|3|nan|1798,83,0.000966825,8,3,1,0.0130674,0.000592107,0.00383481,0.00402714,-0.934957,-0.976956
130_bNAb_Combinations|1342240|sample|4|nan|1798,0.0010624,0.808053,1,4,1,0.799528,0.967007,0.957344,0.966995,-0.458919,-0.483735
130_bNAb_Combinations|1342240|sample|4|nan|1798,0.005312,0.88955,2,4,1,0.799528,0.967007,0.956814,0.966552,-0.206881,-0.234461
130_bNAb_Combinations|1342240|sample|4|nan|1798,0.02656,0.902873,3,4,1,0.799528,0.966913,0.939628,0.950554,-0.115103,-0.147613
130_bNAb_Combinations|1342240|sample|4|nan|1798,0.1328,0.803702,4,4,1,0.204051,0.518569,0.654223,0.658167,0.670701,0.649124
130_bNAb_Combinations|1342240|sample|4|nan|1798,0.664,0.370758,5,4,1,0.0130763,0.0133328,0.1965,0.19016,2.55586,2.73481
130_bNAb_Combinations|1342240|sample|4|nan|1798,3.32,0.0203936,6,4,1,0.0130674,0.000878413,0.0499643,0.04641,-1.58495,-1.4904
130_bNAb_Combinations|1342240|sample|4|nan|1798,16.6,3.8673e-05,7,4,1,0.0130674,0.000598402,0.0130704,0.0114327,-2.10572,-2.02192
130_bNAb_Combinations|1342240|sample|4|nan|1798,83,0.000747678,8,4,1,0.0130674,0.000592107,0.0038647,0.00298814,-1.01281,-0.805526
130_bNAb_Combinations|1342240|sample|8|nan|1798,16.6,0.000721896,7,8,1,0.0130674,0.000598402,0.000688104,0.000478327,0.0168618,0.125995
130_bNAb_Combinations|1342240|vc|1|2|nan|1798,0,0.862537,1,2,1,0.799528,0.967007,0.957361,0.967007,-0.291482,-0.317949
130_bNAb_Combinations|1342240|vc|2|2|nan|1798,0,0.923324,2,2,1,0.799528,0.967007,0.957361,0.967007,-0.104626,-0.132946
130_bNAb_Combinations|1342240|vc|3|2|nan|1798,0,0.944627,3,2,1,0.799528,0.967007,0.957361,0.967007,-0.0391436,-0.0681136
130_bNAb_Combinations|1342240|vc|4|2|nan|1798,0,1,4,2,1,0.799528,0.967007,0.957361,0.967007,0.13107,0.100411
130_bNAb_Combinations|1342240|vc|5|2|nan|1798,0,0.995817,5,2,1,0.799528,0.967007,0.957361,0.967007,0.118211,0.0876803
130_bNAb_Combinations|1342240|vc|6|2|nan|1798,0,0.979742,6,2,1,0.799528,0.967007,0.957361,0.967007,0.0687978,0.0387568
130_bNAb_Combinations|1342240|vc|7|2|nan|1798,0,0.912625,7,2,1,0.799528,0.967007,0.957361,0.967007,-0.137515,-0.165509
130_bNAb_Combinations|1342240|vc|8|2|nan|1798,0,0.732654,8,2,1,0.799528,0.967007,0.957361,0.967007,-0.690735,-0.71324
130_bNAb_Combinations|1342258|cc|1|1|TRO.11|8301,0,0.000586773,1,1,0,0,0,0,0,0.331227,0.331227
130_bNAb_Combinations|1342258|cc|2|1|TRO.11|8301,0,0.000602214,2,1,0,0,0,0,0,0.339944,0.339944
130_bNAb_Combinations|1342258|cc|3|1|TRO.11|8301,0,0.000756628,3,1,0,0,0,0,0,0.427109,0.427109
130_bNAb_Combinations|1342258|cc|4|1|TRO.11|8301,0,0.000694863,4,1,0,0,0,0,0,0.392243,0.392243
130_bNAb_Combinations|1342258|cc|5|1|TRO.11|8301,0,0.000957366,5,1,0,0,0,0,0,0.540423,0.540423
130_bNAb_Combinations|1342258|cc|6|1|TRO.11|8301,0,0.000648538,6,1,0,0,0,0,0,0.366093,0.366093
130_bNAb_Combinations|1342258|cc|7|1|TRO.11|8301,0,0.00103457,7,1,0,0,0,0,0,0.584006,0.584006
130_bNAb_Combinations|1342258|cc|8|1|TRO.11|8301,0,0.00112722,8,1,0,0,0,0,0,0.636305,0.636305
130_bNAb_Combinations|1342258|sample|3|TRO.11|8301,0.0010624,1,1,3,1,0.799528,0.79935,0.799608,0.79935,0.736728,0.73791
130_bNAb_Combinations|1342258|sample|3|TRO.11|8301,0.005312,0.977008,2,3,1,0.799528,0.79935,0.799607,0.79935,0.6522,0.653355
130_bNAb_Combinations|1342258|sample|3|TRO.11|8301,0.02656,0.852774,3,3,1,0.799528,0.799272,0.798973,0.79881,0.19795,0.19859
130_bNAb_Combinations|1342258|sample|3|TRO.11|8301,0.1328,0.409135,4,3,1,0.204051,0.428661,0.477084,0.471595,-0.416855,-0.38759
130_bNAb_Combinations|1342258|sample|3|TRO.11|8301,0.664,0.0368586,5,3,1,0.0130763,0.0110212,0.0317137,0.0293155,0.411943,0.645881
130_bNAb_Combinations|1342258|sample|3|TRO.11|8301,3.32,0.000988249,6,3,1,0.0130674,0.000726117,0.00223093,0.00198507,-0.492061,-0.408135
130_bNAb_Combinations|1342258|sample|3|TRO.11|8301,16.6,0.000617656,7,3,1,0.0130674,0.000494653,0.000522066,0.000495928,0.049072,0.0627751
130_bNAb_Combinations|1342258|sample|3|TRO.11|8301,83,0.0017912,8,3,1,0.0130674,0.000489449,0.000423029,0.000414797,0.714646,0.719992
130_bNAb_Combinations|1342258|sample|4|TRO.11|8301,0.0010624,0.951962,1,4,1,0.799528,0.79935,0.799608,0.79935,0.560119,0.561245
130_bNAb_Combinations|1342258|sample|4|TRO.11|8301,0.005312,0.975433,2,4,1,0.799528,0.79935,0.799607,0.79935,0.646411,0.647565
130_bNAb_Combinations|1342258|sample|4|TRO.11|8301,0.02656,0.81302,3,4,1,0.799528,0.799272,0.79882,0.798541,0.0522588,0.0533031
130_bNAb_Combinations|1342258|sample|4|TRO.11|8301,0.1328,0.42409,4,4,1,0.204051,0.428661,0.481878,0.480719,-0.351027,-0.344811
130_bNAb_Combinations|1342258|sample|4|TRO.11|8301,0.664,0.0475286,5,4,1,0.0130763,0.0110212,0.035521,0.0361947,0.871631,0.809351
130_bNAb_Combinations|1342258|sample|4|TRO.11|8301,3.32,0.000586773,6,4,1,0.0130674,0.000726117,0.0027102,0.00282481,-0.79013,-0.820945
130_bNAb_Combinations|1342258|sample|4|TRO.11|8301,16.6,0.00101913,7,4,1,0.0130674,0.000494653,0.000608763,0.0006358,0.207546,0.19298
130_bNAb_Combinations|1342258|sample|4|TRO.11|8301,83,0.00205371,8,4,1,0.0130674,0.000489449,0.000474194,0.000492227,0.817651,0.805774
130_bNAb_Combinations|1342258|vc|1|2|TRO.11|8301,0,0.96755,1,2,1,0.799528,0.79935,0.799608,0.79935,0.617427,0.618572
130_bNAb_Combinations|1342258|vc|2|2|TRO.11|8301,0,0.984057,2,2,1,0.799528,0.79935,0.799608,0.79935,0.678113,0.679277
130_bNAb_Combinations|1342258|vc|3|2|TRO.11|8301,0,0.968554,3,2,1,0.799528,0.79935,0.799608,0.79935,0.621117,0.622263
130_bNAb_Combinations|1342258|vc|4|2|TRO.11|8301,0,0.996418,4,2,1,0.799528,0.79935,0.799608,0.79935,0.723557,0.724736
130_bNAb_Combinations|1342258|vc|5|2|TRO.11|8301,0,0.95952,5,2,1,0.799528,0.79935,0.799608,0.79935,0.587907,0.589042
130_bNAb_Combinations|1342258|vc|6|2|TRO.11|8301,0,0.92514,6,2,1,0.799528,0.79935,0.799608,0.79935,0.46151,0.462605
130_bNAb_Combinations|1342258|vc|7|2|TRO.11|8301,0,0.920917,7,2,1,0.799528,0.79935,0.799608,0.79935,0.445984,0.447074
130_bNAb_Combinations|1342258|vc|8|2|TRO.11|8301,0,0.827859,8,2,1,0.799528,0.79935,0.799608,0.79935,0.103864,0.104845
130_bNAb_Combinations|1342276|cc|1|1|Ce1176_A3|7023,0,0.00106045,1,1,0,0,0,0,0,0.598615,0.598615
130_bNAb_Combinations|1342276|cc|2|1|Ce1176_A3|7023,0,0.000899371,2,1,0,0,0,0,0,0.507686,0.507686
130_bNAb_Combinations|1342276|cc|3|1|Ce1176_A3|7023,0,0.00139604,3,1,0,0,0,0,0,0.78805,0.78805
130_bNAb_Combinations|1342276|cc|4|1|Ce1176_A3|7023,0,0.000885948,4,1,0,0,0,0,0,0.500108,0.500108
130_bNAb_Combinations|1342276|cc|5|1|Ce1176_A3|7023,0,0.000939641,5,1,0,0,0,0,0,0.530418,0.530418
130_bNAb_Combinations|1342276|cc|6|1|Ce1176_A3|7023,0,0.00115442,6,1,0,0,0,0,0,0.651656,0.651656
130_bNAb_Combinations|1342276|cc|7|1|Ce1176_A3|7023,0,0.00167793,7,1,0,0,0,0,0,0.947175,0.947175
130_bNAb_Combinations|1342276|cc|8|1|Ce1176_A3|7023,0,0.0012618,8,1,0,0,0,0,0,0.712276,0.712276
130_bNAb_Combinations|1342276|sample|3|Ce1176_A3|7023,0.0010624,0.725068,1,3,1,0.799528,0.878074,0.873109,0.878072,-0.49872,-0.512542
130_bNAb_Combinations|1342276|sample|3|Ce1176_A3|7023,0.005312,0.881934,2,3,1,0.799528,0.878074,0.872948,0.877928,0.0302784,0.0134232
130_bNAb_Combinations|1342276|sample|3|Ce1176_A3|7023,0.02656,0.891317,3,3,1,0.799528,0.877988,0.863324,0.868726,0.0953643,0.0764865
130_bNAb_Combinations|1342276|sample|3|Ce1176_A3|7023,0.1328,0.705718,4,3,1,0.204051,0.470877,0.584499,0.586055,0.608207,0.598817
130_bNAb_Combinations|1342276|sample|3|Ce1176_A3|7023,0.664,0.239233,5,3,1,0.0130763,0.0121066,0.137348,0.134858,2.11428,2.20444
130_bNAb_Combinations|1342276|sample|3|Ce1176_A3|7023,3.32,0.012269,6,3,1,0.0130674,0.000797628,0.0275011,0.0264357,-1.37652,-1.3233
130_bNAb_Combinations|1342276|sample|3|Ce1176_A3|7023,16.6,0.00138262,7,3,1,0.0130674,0.000543368,0.00577401,0.00534029,-1.17957,-1.10664
130_bNAb_Combinations|1342276|sample|3|Ce1176_A3|7023,83,0.00073829,8,3,1,0.0130674,0.000537652,0.00149547,0.00125222,-0.332545,-0.234167
130_bNAb_Combinations|1342276|sample|4|Ce1176_A3|7023,0.0010624,0.749337,1,4,1,0.799528,0.878074,0.873108,0.878071,-0.416957,-0.431239
130_bNAb_Combinations|1342276|sample|4|Ce1176_A3|7023,0.005312,0.874437,2,4,1,0.799528,0.878074,0.872894,0.877891,0.00519815,-0.0115742
130_bNAb_Combinations|1342276|sample|4|Ce1176_A3|7023,0.02656,0.920365,3,4,1,0.799528,0.877988,0.861992,0.867742,0.199169,0.178368
130_bNAb_Combinations|1342276|sample|4|Ce1176_A3|7023,0.1328,0.749364,4,4,1,0.204051,0.470877,0.587626,0.588524,0.807228,0.801531
130_bNAb_Combinations|1342276|sample|4|Ce1176_A3|7023,0.664,0.256838,5,4,1,0.0130763,0.0121066,0.147057,0.142148,2.13291,2.30249
130_bNAb_Combinations|1342276|sample|4|Ce1176_A3|7023,3.32,0.0164035,6,4,1,0.0130674,0.000797628,0.031377,0.0291817,-1.20993,-1.09839
130_bNAb_Combinations|1342276|sample|4|Ce1176_A3|7023,16.6,0.000402703,7,4,1,0.0130674,0.000543368,0.00706206,0.00613731,-1.60151,-1.49119
130_bNAb_Combinations|1342276|sample|4|Ce1176_A3|7023,83,0.000617479,8,4,1,0.0130674,0.000537652,0.0019782,0.00145803,-0.557661,-0.371227
130_bNAb_Combinations|1342276|vc|1|2|Ce1176_A3|7023,0,0.763009,1,2,1,0.799528,0.878074,0.873112,0.878074,-0.370912,-0.38545
130_bNAb_Combinations|1342276|vc|2|2|Ce1176_A3|7023,0,0.910553,2,2,1,0.799528,0.878074,0.873112,0.878074,0.12613,0.1088
130_bNAb_Combinations|1342276|vc|3|2|Ce1176_A3|7023,0,1,3,2,1,0.799528,0.878074,0.873112,0.878074,0.427458,0.408434
130_bNAb_Combinations|1342276|vc|4|2|Ce1176_A3|7023,0,0.978623,4,2,1,0.799528,0.878074,0.873112,0.878074,0.355444,0.336825
130_bNAb_Combinations|1342276|vc|5|2|Ce1176_A3|7023,0,0.915016,5,2,1,0.799528,0.878074,0.873112,0.878074,0.141166,0.123751
130_bNAb_Combinations|1342276|vc|6|2|Ce1176_A3|7023,0,0.948528,6,2,1,0.799528,0.878074,0.873112,0.878074,0.254059,0.23601
130_bNAb_Combinations|1342276|vc|7|2|Ce1176_A3|7023,0,0.841536,7,2,1,0.799528,0.878074,0.873112,0.878074,-0.106371,-0.122396
130_bNAb_Combinations|1342276|vc|8|2|Ce1176_A3|7023,0,0.749606,8,2,1,0.799528,0.878074,0.873112,0.878074,-0.416064,-0.430349
130_bNAb_Combinations|1342294|cc|1|1|nan|1176,0,0.00986891,1,1,0,0,0,0,0,5.5709,5.5709
130_bNAb_Combinations|1342294|cc|2|1|nan|1176,0,0.00692296,2,1,0,0,0,0,0,3.90794,3.90794
130_bNAb_Combinations|1342294|cc|3|1|nan|1176,0,0.00368243,3,1,0,0,0,0,0,2.07869,2.07869
130_bNAb_Combinations|1342294|cc|4|1|nan|1176,0,0.0107527,4,1,0,0,0,0,0,6.06978,6.06978
130_bNAb_Combinations|1342294|cc|5|1|nan|1176,0,0.000736485,5,1,0,0,0,0,0,0.415738,0.415738
130_bNAb_Combinations|1342294|cc|6|1|nan|1176,0,0,6,1,0,0,0,0,0,0,0
130_bNAb_Combinations|1342294|cc|7|1|nan|1176,0,0.00618648,7,1,0,0,0,0,0,3.4922,3.4922
130_bNAb_Combinations|1342294|cc|8|1|nan|1176,0,0.0048608,8,1,0,0,0,0,0,2.74387,2.74387
130_bNAb_Combinations|1342294|sample|3|nan|1176,0.0010624,0.7384,1,3,1,0.799528,0.799528,0.7998,0.799528,-0.225677,-0.224753
130_bNAb_Combinations|1342294|sample|3|nan|1176,0.005312,0.840477,2,3,1,0.799528,0.799528,0.7998,0.799528,0.149512,0.150563
130_bNAb_Combinations|1342294|sample|3|nan|1176,0.02656,0.51554,3,3,1,0.799528,0.79945,0.799743,0.799423,-1.04468,-1.04392
130_bNAb_Combinations|1342294|sample|3|nan|1176,0.1328,0.173221,4,3,1,0.204051,0.428756,0.426594,0.436792,-1.73613,-1.76434
130_bNAb_Combinations|1342294|sample|3|nan|1176,0.664,0.0191486,5,3,1,0.0130763,0.0110236,0.0129635,0.0160444,1.00529,0.431515
130_bNAb_Combinations|1342294|sample|3|nan|1176,3.32,0.00559729,6,3,1,0.0130674,0.000726278,0.00426465,0.0041102,0.414796,0.470512
130_bNAb_Combinations|1342294|sample|3|nan|1176,83,0.0050081,8,3,1,0.0130674,0.000489558,0.00409441,0.0037949,0.289581,0.397246
130_bNAb_Combinations|1342294|sample|4|nan|1176,0.0010624,0.680071,1,4,1,0.799528,0.799528,0.7998,0.799528,-0.440071,-0.439219
130_bNAb_Combinations|1342294|sample|4|nan|1176,0.005312,0.847842,2,4,1,0.799528,0.799528,0.7998,0.799528,0.176582,0.177642
130_bNAb_Combinations|1342294|sample|4|nan|1176,0.02656,0.692444,3,4,1,0.799528,0.79945,0.799707,0.799425,-0.394298,-0.393399
130_bNAb_Combinations|1342294|sample|4|nan|1176,0.1328,0.216085,4,4,1,0.204051,0.428756,0.436601,0.436204,-1.47677,-1.47544
130_bNAb_Combinations|1342294|sample|4|nan|1176,0.664,0.0187067,5,4,1,0.0130763,0.0110236,0.0146878,0.0155438,0.596693,0.450268
130_bNAb_Combinations|1342294|sample|4|nan|1176,3.32,0.00456621,6,4,1,0.0130674,0.000726278,0.00351903,0.00371722,0.353684,0.280402
130_bNAb_Combinations|1342294|sample|4|nan|1176,16.6,0.00618648,7,4,1,0.0130674,0.000494763,0.00325097,0.00341521,1.02276,0.947216
130_bNAb_Combinations|1342294|sample|4|nan|1176,83,0.00265135,8,4,1,0.0130674,0.000489558,0.00324454,0.0034075,-0.206829,-0.258682
130_bNAb_Combinations|1342294|sample|8|nan|1176,16.6,0.00883783,7,8,1,0.0130674,0.000494763,0.00627559,0.00653662,0.658269,0.578106
130_bNAb_Combinations|1342294|vc|1|2|nan|1176,0,0.903962,1,2,1,0.799528,0.799528,0.7998,0.799528,0.382855,0.383985
130_bNAb_Combinations|1342294|vc|2|2|nan|1176,0,0.772868,2,2,1,0.799528,0.799528,0.7998,0.799528,-0.0989895,-0.098023
130_bNAb_Combinations|1342294|vc|3|2|nan|1176,0,0.798792,3,2,1,0.799528,0.799528,0.7998,0.799528,-0.00370338,-0.00270463
130_bNAb_Combinations|1342294|vc|4|2|nan|1176,0,1,4,2,1,0.799528,0.799528,0.7998,0.799528,0.735847,0.737096
130_bNAb_Combinations|1342294|vc|5|2|nan|1176,0,0.928708,5,2,1,0.799528,0.799528,0.7998,0.799528,0.47381,0.47497
130_bNAb_Combinations|1342294|vc|6|2|nan|1176,0,0.843276,6,2,1,0.799528,0.799528,0.7998,0.799528,0.159799,0.160853
130_bNAb_Combinations|1342294|vc|7|2|nan|1176,0,0.868906,7,2,1,0.799528,0.799528,0.7998,0.799528,0.254002,0.255088
130_bNAb_Combinations|1342294|vc|8|2|nan|1176,0,0.751657,8,2,1,0.799528,0.799528,0.7998,0.799528,-0.176951,-0.176011
130_bNAb_Combinations|1342312|cc|1|1|RHPA4259.7|5371,0,0.00173044,1,1,0,0,0,0,0,0.976815,0.976815
130_bNAb_Combinations|1342312|cc|2|1|RHPA4259.7|5371,0,0.00228271,2,1,0,0,0,0,0,1.28856,1.28856
130_bNAb_Combinations|1342312|cc|3|1|RHPA4259.7|5371,0,0.00237475,3,1,0,0,0,0,0,1.34052,1.34052
130_bNAb_Combinations|1342312|cc|4|1|RHPA4259.7|5371,0,0.00189612,4,1,0,0,0,0,0,1.07034,1.07034
130_bNAb_Combinations|1342312|cc|5|1|RHPA4259.7|5371,0,0.00136226,5,1,0,0,0,0,0,0.768982,0.768982
130_bNAb_Combinations|1342312|cc|6|1|RHPA4259.7|5371,0,0.00187771,6,1,0,0,0,0,0,1.05995,1.05995
130_bNAb_Combinations|1342312|cc|7|1|RHPA4259.7|5371,0,0.00250361,7,1,0,0,0,0,0,1.41326,1.41326
130_bNAb_Combinations|1342312|cc|8|1|RHPA4259.7|5371,0,0.0020618,8,1,0,0,0,0,0,1.16386,1.16386
130_bNAb_Combinations|1342312|sample|3|RHPA4259.7|5371,0.0010624,0.763952,1,3,1,0.799528,0.799557,0.799828,0.799557,-0.131859,-0.130908
130_bNAb_Combinations|1342312|sample|3|RHPA4259.7|5371,0.005312,0.818875,2,3,1,0.799528,0.799557,0.799828,0.799557,0.0700061,0.0710254
130_bNAb_Combinations|1342312|sample|3|RHPA4259.7|5371,0.02656,0.538378,3,3,1,0.799528,0.799479,0.799828,0.799554,-0.960939,-0.96026
130_bNAb_Combinations|1342312|sample|3|RHPA4259.7|5371,0.1328,0.0814411,4,3,1,0.204051,0.428771,0.299339,0.359763,-2.11686,-2.25626
130_bNAb_Combinations|1342312|sample|3|RHPA4259.7|5371,0.664,0.00397633,5,3,1,0.0130763,0.011024,0.0011627,0.00269165,1.29993,0.479148
130_bNAb_Combinations|1342312|sample|3|RHPA4259.7|5371,3.32,0.00173044,6,3,1,0.0130674,0.000726304,0.000853829,0.000799579,0.425525,0.455916
130_bNAb_Combinations|1342312|sample|3|RHPA4259.7|5371,16.6,0.00147271,7,3,1,0.0130674,0.000494781,0.00085352,0.000790093,0.300585,0.33486
130_bNAb_Combinations|1342312|sample|3|RHPA4259.7|5371,83,0.0012334,8,3,1,0.0130674,0.000489575,0.000853519,0.000790045,0.18441,0.217488
130_bNAb_Combinations|1342312|sample|4|RHPA4259.7|5371,0.0010624,0.732077,1,4,1,0.799528,0.799557,0.799828,0.799557,-0.249014,-0.248102
130_bNAb_Combinations|1342312|sample|4|RHPA4259.7|5371,0.005312,0.824591,2,4,1,0.799528,0.799557,0.799828,0.799557,0.0910147,0.0920411
130_bNAb_Combinations|1342312|sample|4|RHPA4259.7|5371,0.02656,0.536592,3,4,1,0.799528,0.799479,0.799828,0.799555,-0.967502,-0.966829
130_bNAb_Combinations|1342312|sample|4|RHPA4259.7|5371,0.1328,0.0694384,4,4,1,0.204051,0.428771,0.254779,0.343646,-2.10913,-2.3256
130_bNAb_Combinations|1342312|sample|4|RHPA4259.7|5371,0.664,0.00323997,5,4,1,0.0130763,0.011024,0.000889932,0.00202743,1.13404,0.493566
130_bNAb_Combinations|1342312|sample|4|RHPA4259.7|5371,3.32,0.00138067,6,4,1,0.0130674,0.000726304,0.000816232,0.00078827,0.27569,0.290689
130_bNAb_Combinations|1342312|sample|4|RHPA4259.7|5371,16.6,0.00134385,7,4,1,0.0130674,0.000494781,0.000816211,0.000783989,0.257718,0.274919
130_bNAb_Combinations|1342312|sample|4|RHPA4259.7|5371,83,0.00163839,8,4,1,0.0130674,0.000489575,0.000816211,0.000783974,0.401583,0.419561
130_bNAb_Combinations|1342312|vc|1|2|RHPA4259.7|5371,0,0.805648,1,2,1,0.799528,0.799557,0.799828,0.799557,0.0213919,0.0223949
130_bNAb_Combinations|1342312|vc|2|2|RHPA4259.7|5371,0,0.988964,2,2,1,0.799528,0.799557,0.799828,0.799557,0.695157,0.696386
130_bNAb_Combinations|1342312|vc|3|2|RHPA4259.7|5371,0,0.95037,3,2,1,0.799528,0.799557,0.799828,0.799557,0.553306,0.554488
130_bNAb_Combinations|1342312|vc|4|2|RHPA4259.7|5371,0,0.951677,4,2,1,0.799528,0.799557,0.799828,0.799557,0.55811,0.559294
130_bNAb_Combinations|1342312|vc|5|2|RHPA4259.7|5371,0,1,5,2,1,0.799528,0.799557,0.799828,0.799557,0.735719,0.736963
130_bNAb_Combinations|1342312|vc|6|2|RHPA4259.7|5371,0,0.952339,6,2,1,0.799528,0.799557,0.799828,0.799557,0.560546,0.56173
130_bNAb_Combinations|1342312|vc|7|2|RHPA4259.7|5371,0,0.995186,7,2,1,0.799528,0.799557,0.799828,0.799557,0.718026,0.719263
130_bNAb_Combinations|1342312|vc|8|2|RHPA4259.7|5371,0,0.750412,8,2,1,0.799528,0.799557,0.799828,0.799557,-0.181624,-0.180689
130_bNAb_Combinations|1342336|cc|1|1|nan|3430,0,0,1,1,0,0,0,0,0,0,0
130_bNAb_Combinations|1342336|cc|2|1|nan|3430,0,0,2,1,0,0,0,0,0,0,0
130_bNAb_Combinations|1342336|cc|3|1|nan|3430,0,0.00041405,3,1,0,0,0,0,0,0.233727,0.233727
130_bNAb_Combinations|1342336|cc|4|1|nan|3430,0,0.00119614,4,1,0,0,0,0,0,0.675211,0.675211
130_bNAb_Combinations|1342336|cc|5|1|nan|3430,0,0.00174821,5,1,0,0,0,0,0,0.986847,0.986847
130_bNAb_Combinations|1342336|cc|6|1|nan|3430,0,0.00207025,6,1,0,0,0,0,0,1.16864,1.16864
130_bNAb_Combinations|1342336|cc|7|1|nan|3430,0,0.00110413,7,1,0,0,0,0,0,0.623272,0.623272
130_bNAb_Combinations|1342336|cc|8|1|nan|3430,0,0.0016562,8,1,0,0,0,0,0,0.934908,0.934908
130_bNAb_Combinations|1342336|sample|3|nan|3430,0.0010624,0.85338,1,3,1,0.799528,0.79952,0.799791,0.79952,0.196972,0.198037
130_bNAb_Combinations|1342336|sample|3|nan|3430,0.005312,0.846134,2,3,1,0.799528,0.79952,0.799791,0.79952,0.170339,0.171395
130_bNAb_Combinations|1342336|sample|3|nan|3430,0.02656,0.598923,3,3,1,0.799528,0.799442,0.79979,0.799503,-0.738306,-0.737512
130_bNAb_Combinations|1342336|sample|3|nan|3430,0.1328,0.155913,4,3,1,0.204051,0.428751,0.333519,0.396248,-1.55134,-1.77127
130_bNAb_Combinations|1342336|sample|3|nan|3430,0.664,0.00768293,5,3,1,0.0130763,0.0110235,0.00293294,0.00591264,1.71932,0.469607
130_bNAb_Combinations|1342336|sample|3|nan|3430,16.6,0.00115014,7,3,1,0.0130674,0.000494758,0.00211803,0.0011558,-0.389132,-0.00261933
130_bNAb_Combinations|1342336|sample|3|nan|3430,83,0.00276033,8,3,1,0.0130674,0.000489553,0.00211803,0.00115521,0.258233,0.742452
130_bNAb_Combinations|1342336|sample|4|nan|3430,0.0010624,0.773193,1,4,1,0.799528,0.79952,0.799791,0.79952,-0.0977652,-0.0968
130_bNAb_Combinations|1342336|sample|4|nan|3430,0.005312,0.819405,2,4,1,0.799528,0.79952,0.799791,0.79952,0.0720936,0.073116
130_bNAb_Combinations|1342336|sample|4|nan|3430,0.02656,0.59009,3,4,1,0.799528,0.799442,0.799791,0.799512,-0.770774,-0.770015
130_bNAb_Combinations|1342336|sample|4|nan|3430,0.1328,0.181814,4,4,1,0.204051,0.428751,0.308843,0.379751,-1.19673,-1.5213
130_bNAb_Combinations|1342336|sample|4|nan|3430,0.664,0.00570469,5,4,1,0.0130763,0.0110235,0.00165854,0.00410611,1.73504,0.506009
130_bNAb_Combinations|1342336|sample|4|nan|3430,3.32,0.000966117,6,4,1,0.0130674,0.00072627,0.00125149,0.000966674,-0.130043,-0.000265542
130_bNAb_Combinations|1342336|sample|4|nan|3430,16.6,0.0008281,7,4,1,0.0130674,0.000494758,0.00125097,0.000942071,-0.192715,-0.0545342
130_bNAb_Combinations|1342336|sample|4|nan|3430,83,0.00289835,8,4,1,0.0130674,0.000489553,0.00125097,0.000941878,0.750759,0.936191
130_bNAb_Combinations|1342336|sample|5|nan|3430,3.32,0.00156419,6,5,1,0.0130674,0.00072627,0.00106116,0.000859402,0.236148,0.341806
130_bNAb_Combinations|1342336|vc|1|2|nan|3430,0,0.92255,1,2,1,0.799528,0.79952,0.799791,0.79952,0.451211,0.452361
130_bNAb_Combinations|1342336|vc|2|2|nan|3430,0,0.992179,2,2,1,0.799528,0.79952,0.799791,0.79952,0.707141,0.708377
130_bNAb_Combinations|1342336|vc|3|2|nan|3430,0,1,3,2,1,0.799528,0.79952,0.799791,0.79952,0.735887,0.737134
130_bNAb_Combinations|1342336|vc|4|2|nan|3430,0,0.999402,4,2,1,0.799528,0.79952,0.799791,0.79952,0.733689,0.734935
130_bNAb_Combinations|1342336|vc|5|2|nan|3430,0,0.95802,5,2,1,0.799528,0.79952,0.799791,0.79952,0.581585,0.58278
130_bNAb_Combinations|1342336|vc|6|2|nan|3430,0,0.951441,6,2,1,0.799528,0.79952,0.799791,0.79952,0.557404,0.558591
130_bNAb_Combinations|1342336|vc|7|2|nan|3430,0,0.88701,7,2,1,0.799528,0.79952,0.799791,0.79952,0.320583,0.321689
130_bNAb_Combinations|1342336|vc|8|2|nan|3430,0,0.926598,8,2,1,0.799528,0.79952,0.799791,0.79952,0.466092,0.467247
130_bNAb_Combinations|1342348|cc|1|1|nan|4166,0,0.000451154,1,1,0,0,0,0,0,0.254672,0.254672
130_bNAb_Combinations|1342348|cc|2|1|nan|4166,0,0.000773408,2,1,0,0,0,0,0,0.436581,0.436581
130_bNAb_Combinations|1342348|cc|3|1|nan|4166,0,0.00125679,3,1,0,0,0,0,0,0.709444,0.709444
130_bNAb_Combinations|1342348|cc|4|1|nan|4166,0,0.00128901,4,1,0,0,0,0,0,0.727634,0.727634
130_bNAb_Combinations|1342348|cc|5|1|nan|4166,0,0.000998985,5,1,0,0,0,0,0,0.563917,0.563917
130_bNAb_Combinations|1342348|cc|6|1|nan|4166,0,0.000773408,6,1,0,0,0,0,0,0.436581,0.436581
130_bNAb_Combinations|1342348|cc|7|1|nan|4166,0,0.000386704,7,1,0,0,0,0,0,0.21829,0.21829
130_bNAb_Combinations|1342348|cc|8|1|nan|4166,0,0.000644506,8,1,0,0,0,0,0,0.363817,0.363817
130_bNAb_Combinations|1342348|sample|3|nan|4166,0.0010624,0.836295,1,3,1,0.799528,0.799528,0.7998,0.799528,0.13414,0.135185
130_bNAb_Combinations|1342348|sample|3|nan|4166,0.005312,0.838358,2,3,1,0.799528,0.799528,0.7998,0.799528,0.14172,0.142768
130_bNAb_Combinations|1342348|sample|3|nan|4166,0.02656,0.39555,3,3,1,0.799528,0.79945,0.7998,0.799528,-1.48584,-1.48535
130_bNAb_Combinations|1342348|sample|3|nan|4166,0.1328,0.0558787,4,3,1,0.204051,0.428756,0.21939,0.2632,-2.15386,-2.28526
130_bNAb_Combinations|1342348|sample|3|nan|4166,0.664,0.00054783,5,3,1,0.0130763,0.0110236,0.000334316,0.000377581,0.113301,0.0896467
130_bNAb_Combinations|1342348|sample|3|nan|4166,3.32,0,6,3,1,0.0130674,0.000726278,0.000313926,0.000259803,-0.167195,-0.139731
130_bNAb_Combinations|1342348|sample|3|nan|4166,16.6,0.000515605,7,3,1,0.0130674,0.000494763,0.000313925,0.000259751,0.107414,0.137608
130_bNAb_Combinations|1342348|sample|3|nan|4166,83,0.000676732,8,3,1,0.0130674,0.000489558,0.000313925,0.000259751,0.193229,0.224268
130_bNAb_Combinations|1342348|sample|4|nan|4166,0.0010624,0.820247,1,4,1,0.799528,0.799528,0.7998,0.799528,0.0751538,0.0761791
130_bNAb_Combinations|1342348|sample|4|nan|4166,0.005312,0.753734,2,4,1,0.799528,0.799528,0.7998,0.799528,-0.169318,-0.168376
130_bNAb_Combinations|1342348|sample|4|nan|4166,0.02656,0.405797,3,4,1,0.799528,0.79945,0.7998,0.799528,-1.44818,-1.44767
130_bNAb_Combinations|1342348|sample|4|nan|4166,0.1328,0.0446321,4,4,1,0.204051,0.428756,0.242224,0.289327,-2.36263,-2.45799
130_bNAb_Combinations|1342348|sample|4|nan|4166,0.664,0.00161127,5,4,1,0.0130763,0.0110236,0.000556758,0.000960281,0.538105,0.310578
130_bNAb_Combinations|1342348|sample|4|nan|4166,3.32,0.000934534,6,4,1,0.0130674,0.000726278,0.000508986,0.000694513,0.218957,0.119638
130_bNAb_Combinations|1342348|sample|4|nan|4166,16.6,0.00174017,7,4,1,0.0130674,0.000494763,0.000508977,0.000694275,0.633484,0.521344
130_bNAb_Combinations|1342348|sample|4|nan|4166,83,0.00157904,8,4,1,0.0130674,0.000489558,0.000508977,0.000694275,0.550579,0.441028
130_bNAb_Combinations|1342348|vc|1|2|nan|4166,0,0.800445,1,2,1,0.799528,0.799528,0.7998,0.799528,0.00236881,0.00336947
130_bNAb_Combinations|1342348|vc|2|2|nan|4166,0,0.905725,2,2,1,0.799528,0.799528,0.7998,0.799528,0.389331,0.390463
130_bNAb_Combinations|1342348|vc|3|2|nan|4166,0,1,3,2,1,0.799528,0.799528,0.7998,0.799528,0.735845,0.737093
130_bNAb_Combinations|1342348|vc|4|2|nan|4166,0,0.920162,4,2,1,0.799528,0.799528,0.7998,0.799528,0.442395,0.443545
130_bNAb_Combinations|1342348|vc|5|2|nan|4166,0,0.841097,5,2,1,0.799528,0.799528,0.7998,0.799528,0.151788,0.152839
130_bNAb_Combinations|1342348|vc|6|2|nan|4166,0,0.905435,6,2,1,0.799528,0.799528,0.7998,0.799528,0.388265,0.389397
130_bNAb_Combinations|1342348|vc|7|2|nan|4166,0,0.801959,7,2,1,0.799528,0.799528,0.7998,0.799528,0.00793576,0.00893831
130_bNAb_Combinations|1342348|vc|8|2|nan|4166,0,0.723716,8,2,1,0.799528,0.799528,0.7998,0.799528,-0.279651,-0.278745
130_bNAb_Combinations|1342372|cc|1|1|nan|2944,0,0.00214128,1,1,0,0,0,0,0,1.20873,1.20873
130_bNAb_Combinations|1342372|cc|2|1|nan|2944,0,0.00406844,2,1,0,0,0,0,0,2.29659,2.29659
130_bNAb_Combinations|1342372|cc|3|1|nan|2944,0,0.00282649,3,1,0,0,0,0,0,1.59553,1.59553
130_bNAb_Combinations|1342372|cc|4|1|nan|2944,0,0.00355453,4,1,0,0,0,0,0,2.00649,2.00649
130_bNAb_Combinations|1342372|cc|5|1|nan|2944,0,0.00321192,5,1,0,0,0,0,0,1.8131,1.8131
130_bNAb_Combinations|1342372|cc|6|1|nan|2944,0,0.0020128,6,1,0,0,0,0,0,1.13621,1.13621
130_bNAb_Combinations|1342372|cc|7|1|nan|2944,0,0.00111347,7,1,0,0,0,0,0,0.62854,0.62854
130_bNAb_Combinations|1342372|cc|8|1|nan|2944,0,0.000642385,8,1,0,0,0,0,0,0.362619,0.362619
130_bNAb_Combinations|1342372|sample|3|nan|2944,0.0010624,0.787264,1,3,1,0.799528,0.799841,0.800114,0.799841,-0.0472152,-0.046227
130_bNAb_Combinations|1342372|sample|3|nan|2944,0.005312,0.896555,2,3,1,0.799528,0.799841,0.800114,0.799841,0.354335,0.355459
130_bNAb_Combinations|1342372|sample|3|nan|2944,0.02656,0.630907,3,3,1,0.799528,0.799763,0.799479,0.799289,-0.619842,-0.619288
130_bNAb_Combinations|1342372|sample|3|nan|2944,0.1328,0.303313,4,3,1,0.204051,0.428924,0.477406,0.472405,-1.06732,-1.04751
130_bNAb_Combinations|1342372|sample|3|nan|2944,0.664,0.0365731,5,3,1,0.0130763,0.0110279,0.0317465,0.0297094,0.386118,0.581081
130_bNAb_Combinations|1342372|sample|3|nan|2944,3.32,0.00179868,6,3,1,0.0130674,0.000726562,0.00223114,0.00205556,-0.171236,-0.104163
130_bNAb_Combinations|1342372|sample|3|nan|2944,16.6,0.000942164,7,3,1,0.0130674,0.000494957,0.000519642,0.000533138,0.216998,0.209576
130_bNAb_Combinations|1342372|sample|3|nan|2944,83,0.0014989,8,3,1,0.0130674,0.000489749,0.000420409,0.000449331,0.563594,0.545692
130_bNAb_Combinations|1342372|sample|4|nan|2944,0.0010624,0.711912,1,4,1,0.799528,0.799841,0.800114,0.799841,-0.324066,-0.323172
130_bNAb_Combinations|1342372|sample|4|nan|2944,0.005312,0.776814,2,4,1,0.799528,0.799841,0.800114,0.799841,-0.0856074,-0.0846323
130_bNAb_Combinations|1342372|sample|4|nan|2944,0.02656,0.656731,3,4,1,0.799528,0.799763,0.799809,0.799548,-0.525885,-0.525095
130_bNAb_Combinations|1342372|sample|4|nan|2944,0.1328,0.279309,4,4,1,0.204051,0.428924,0.461737,0.458639,-1.15594,-1.1439
130_bNAb_Combinations|1342372|sample|4|nan|2944,0.664,0.0268517,5,4,1,0.0130763,0.0110279,0.0227003,0.0223495,0.43961,0.482831
130_bNAb_Combinations|1342372|sample|4|nan|2944,3.32,0.00239824,6,4,1,0.0130674,0.000726562,0.00223512,0.00219356,0.0645505,0.0814533
130_bNAb_Combinations|1342372|sample|4|nan|2944,16.6,0.00145607,7,4,1,0.0130674,0.000494957,0.00138734,0.00136253,0.0306788,0.0419112
130_bNAb_Combinations|1342372|sample|4|nan|2944,83,0.0033404,8,4,1,0.0130674,0.000489749,0.00135222,0.00132826,0.892159,0.906202
130_bNAb_Combinations|1342372|vc|1|2|nan|2944,0,0.866191,1,2,1,0.799528,0.799841,0.800114,0.799841,0.242774,0.243861
130_bNAb_Combinations|1342372|vc|2|2|nan|2944,0,0.961949,2,2,1,0.799528,0.799841,0.800114,0.799841,0.594601,0.595807
130_bNAb_Combinations|1342372|vc|3|2|nan|2944,0,0.934862,3,2,1,0.799528,0.799841,0.800114,0.799841,0.495079,0.496252
130_bNAb_Combinations|1342372|vc|4|2|nan|2944,0,1,4,2,1,0.799528,0.799841,0.800114,0.799841,0.734403,0.735657
130_bNAb_Combinations|1342372|vc|5|2|nan|2944,0,0.921672,5,2,1,0.799528,0.799841,0.800114,0.799841,0.446617,0.447773
130_bNAb_Combinations|1342372|vc|6|2|nan|2944,0,0.914177,6,2,1,0.799528,0.799841,0.800114,0.799841,0.419081,0.420228
130_bNAb_Combinations|1342372|vc|7|2|nan|2944,0,0.942057,7,2,1,0.799528,0.799841,0.800114,0.799841,0.521514,0.522695
130_bNAb_Combinations|1342372|vc|8|2|nan|2944,0,0.751547,8,2,1,0.799528,0.799841,0.800114,0.799841,-0.178442,-0.177499
130_bNAb_Combinations|1342384|cc|1|1|nan|2946,0,0.000377127,1,1,0,0,0,0,0,0.212884,0.212884
130_bNAb_Combinations|1342384|cc|2|1|nan|2946,0,0.0014378,2,1,0,0,0,0,0,0.811622,0.811622
130_bNAb_Combinations|1342384|cc|3|1|nan|2946,0,0.00120209,3,1,0,0,0,0,0,0.678569,0.678569
130_bNAb_Combinations|1342384|cc|4|1|nan|2946,0,0.0012728,4,1,0,0,0,0,0,0.718485,0.718485
130_bNAb_Combinations|1342384|cc|5|1|nan|2946,0,0.000966389,5,1,0,0,0,0,0,0.545516,0.545516
130_bNAb_Combinations|1342384|cc|6|1|nan|2946,0,0.00162636,6,1,0,0,0,0,0,0.918064,0.918064
130_bNAb_Combinations|1342384|cc|7|1|nan|2946,0,0.000848536,7,1,0,0,0,0,0,0.47899,0.47899
130_bNAb_Combinations|1342384|cc|8|1|nan|2946,0,0.00219205,8,1,0,0,0,0,0,1.23739,1.23739
130_bNAb_Combinations|1342384|sample|3|nan|2946,0.0010624,0.852284,1,3,1,0.799528,0.799528,0.79973,0.799461,0.193182,0.194237
130_bNAb_Combinations|1342384|sample|3|nan|2946,0.005312,0.967355,2,3,1,0.799528,0.799528,0.798483,0.798242,0.621715,0.622788
130_bNAb_Combinations|1342384|sample|3|nan|2946,0.02656,0.934439,3,3,1,0.799528,0.79945,0.776085,0.776039,0.599704,0.599913
130_bNAb_Combinations|1342384|sample|3|nan|2946,0.1328,0.7873,4,3,1,0.204051,0.428756,0.556922,0.556542,1.21261,1.21543
130_bNAb_Combinations|1342384|sample|3|nan|2946,0.664,0.423797,5,3,1,0.0130763,0.0110236,0.210438,0.210018,2.92714,2.93861
130_bNAb_Combinations|1342384|sample|3|nan|2946,3.32,0.0580305,6,3,1,0.0130674,0.000726278,0.0670022,0.0667953,-0.367464,-0.360023
130_bNAb_Combinations|1342384|sample|3|nan|2946,16.6,0.00157922,7,3,1,0.0130674,0.000494763,0.0213523,0.0211393,-2.20003,-2.19391
130_bNAb_Combinations|1342384|sample|3|nan|2946,83,0.00113138,8,3,1,0.0130674,0.000489558,0.00707699,0.00683193,-1.42813,-1.39706
130_bNAb_Combinations|1342384|sample|4|nan|2946,0.0010624,0.86071,1,4,1,0.799528,0.799528,0.799684,0.799433,0.224338,0.22533
130_bNAb_Combinations|1342384|sample|4|nan|2946,0.005312,0.945269,2,4,1,0.799528,0.799528,0.79797,0.797922,0.542641,0.542851
130_bNAb_Combinations|1342384|sample|4|nan|2946,0.02656,0.912624,3,4,1,0.799528,0.79945,0.7724,0.77363,0.533561,0.528045
130_bNAb_Combinations|1342384|sample|4|nan|2946,0.1328,0.777,4,4,1,0.204051,0.428756,0.560139,0.558767,1.13496,1.14492
130_bNAb_Combinations|1342384|sample|4|nan|2946,0.664,0.449052,5,4,1,0.0130763,0.0110236,0.227194,0.221203,2.82431,2.97733
130_bNAb_Combinations|1342384|sample|4|nan|2946,3.32,0.0637345,6,4,1,0.0130674,0.000726278,0.0777279,0.0738602,-0.49905,-0.378773
130_bNAb_Combinations|1342384|sample|4|nan|2946,16.6,0.000824966,7,4,1,0.0130674,0.000494763,0.0264731,0.0244805,-2.39295,-2.355
130_bNAb_Combinations|1342384|sample|4|nan|2946,83,0.00122566,8,4,1,0.0130674,0.000489558,0.00927223,0.00825365,-1.64045,-1.54093
130_bNAb_Combinations|1342384|vc|1|2|nan|2946,0,0.93029,1,2,1,0.799528,0.799528,0.7998,0.799528,0.479626,0.480788
130_bNAb_Combinations|1342384|vc|2|2|nan|2946,0,0.910809,2,2,1,0.799528,0.799528,0.7998,0.799528,0.408022,0.40916
130_bNAb_Combinations|1342384|vc|3|2|nan|2946,0,1,3,2,1,0.799528,0.799528,0.7998,0.799528,0.735847,0.737096
130_bNAb_Combinations|1342384|vc|4|2|nan|2946,0,0.996582,4,2,1,0.799528,0.799528,0.7998,0.799528,0.723285,0.72453
130_bNAb_Combinations|1342384|vc|5|2|nan|2946,0,0.999953,5,2,1,0.799528,0.799528,0.7998,0.799528,0.735674,0.736923
130_bNAb_Combinations|1342384|vc|6|2|nan|2946,0,0.889549,6,2,1,0.799528,0.799528,0.7998,0.799528,0.329878,0.330989
130_bNAb_Combinations|1342384|vc|7|2|nan|2946,0,0.878541,7,2,1,0.799528,0.799528,0.7998,0.799528,0.28942,0.290517
130_bNAb_Combinations|1342384|vc|8|2|nan|2946,0,0.78624,8,2,1,0.799528,0.799528,0.7998,0.799528,-0.0498411,-0.048858
130_bNAb_Combinations|1342396|cc|1|1|PVO.4|5024,0,0.000406233,1,1,0,0,0,0,0,0.229315,0.229315
130_bNAb_Combinations|1342396|cc|2|1|PVO.4|5024,0,0.00130897,2,1,0,0,0,0,0,0.738903,0.738903
130_bNAb_Combinations|1342396|cc|3|1|PVO.4|5024,0,0.00155723,3,1,0,0,0,0,0,0.879039,0.879039
130_bNAb_Combinations|1342396|cc|4|1|PVO.4|5024,0,0.000835035,4,1,0,0,0,0,0,0.471369,0.471369
130_bNAb_Combinations|1342396|cc|5|1|PVO.4|5024,0,0.000654487,5,1,0,0,0,0,0,0.369451,0.369451
130_bNAb_Combinations|1342396|cc|6|1|PVO.4|5024,0,0.000631919,6,1,0,0,0,0,0,0.356712,0.356712
130_bNAb_Combinations|1342396|cc|7|1|PVO.4|5024,0,0.000880172,7,1,0,0,0,0,0,0.496848,0.496848
130_bNAb_Combinations|1342396|cc|8|1|PVO.4|5024,0,0.00139925,8,1,0,0,0,0,0,0.789861,0.789861
130_bNAb_Combinations|1342396|sample|3|PVO.4|5024,0.0010624,0.997833,1,3,1,0.799528,0.79952,0.799792,0.79952,0.727919,0.729165
130_bNAb_Combinations|1342396|sample|3|PVO.4|5024,0.005312,0.936549,2,3,1,0.799528,0.79952,0.79979,0.799519,0.502669,0.503837
130_bNAb_Combinations|1342396|sample|3|PVO.4|5024,0.02656,0.845349,3,3,1,0.799528,0.799442,0.798647,0.798422,0.171902,0.17278
130_bNAb_Combinations|1342396|sample|3|PVO.4|5024,0.1328,0.395513,4,3,1,0.204051,0.428752,0.490106,0.487571,-0.565054,-0.552738
130_bNAb_Combinations|1342396|sample|3|PVO.4|5024,0.664,0.0558345,5,3,1,0.0130763,0.0110235,0.0428789,0.0421302,0.796652,0.856006
130_bNAb_Combinations|1342396|sample|3|PVO.4|5024,3.32,0.00187319,6,3,1,0.0130674,0.000726271,0.00350821,0.0034,-0.55291,-0.522781
130_bNAb_Combinations|1342396|sample|3|PVO.4|5024,16.6,0.000383665,7,3,1,0.0130674,0.000494758,0.000515512,0.000478883,-0.0677621,-0.0492503
130_bNAb_Combinations|1342396|sample|3|PVO.4|5024,83,4.5137e-05,8,3,1,0.0130674,0.000489553,0.000288085,0.000258617,-0.129997,-0.114841
130_bNAb_Combinations|1342396|sample|4|PVO.4|5024,0.0010624,1,1,4,1,0.799528,0.79952,0.799792,0.79952,0.735883,0.737131
130_bNAb_Combinations|1342396|sample|4|PVO.4|5024,0.005312,0.917851,2,4,1,0.799528,0.79952,0.799788,0.799517,0.433952,0.435096
130_bNAb_Combinations|1342396|sample|4|PVO.4|5024,0.02656,0.813708,3,4,1,0.799528,0.799442,0.798075,0.797896,0.0575819,0.0582549
130_bNAb_Combinations|1342396|sample|4|PVO.4|5024,0.1328,0.442377,4,4,1,0.204051,0.428752,0.499059,0.496389,-0.332582,-0.318599
130_bNAb_Combinations|1342396|sample|4|PVO.4|5024,0.664,0.0734831,5,4,1,0.0130763,0.0110235,0.0530181,0.0516722,1.0394,1.13395
130_bNAb_Combinations|1342396|sample|4|PVO.4|5024,3.32,0.000744761,6,4,1,0.0130674,0.000726271,0.00518071,0.0049219,-1.25937,-1.21609
130_bNAb_Combinations|1342396|sample|4|PVO.4|5024,16.6,0,7,4,1,0.0130674,0.000494758,0.000798344,0.000702549,-0.391093,-0.349711
130_bNAb_Combinations|1342396|sample|4|PVO.4|5024,83,0.00128641,8,4,1,0.0130674,0.000489553,0.000397057,0.000321892,0.466678,0.512958
130_bNAb_Combinations|1342396|vc|1|2|PVO.4|5024,0,0.943804,1,2,1,0.799528,0.79952,0.799792,0.79952,0.529331,0.530509
130_bNAb_Combinations|1342396|vc|2|2|PVO.4|5024,0,0.908609,2,2,1,0.799528,0.79952,0.799792,0.79952,0.399966,0.401101
130_bNAb_Combinations|1342396|vc|3|2|PVO.4|5024,0,0.910922,3,2,1,0.799528,0.79952,0.799792,0.79952,0.408469,0.409606
130_bNAb_Combinations|1342396|vc|4|2|PVO.4|5024,0,0.912705,4,2,1,0.799528,0.79952,0.799792,0.79952,0.415022,0.416162
130_bNAb_Combinations|1342396|vc|5|2|PVO.4|5024,0,0.907345,5,2,1,0.799528,0.79952,0.799792,0.79952,0.395321,0.396454
130_bNAb_Combinations|1342396|vc|6|2|PVO.4|5024,0,0.878886,6,2,1,0.799528,0.79952,0.799792,0.79952,0.290717,0.291815
130_bNAb_Combinations|1342396|vc|7|2|PVO.4|5024,0,0.860549,7,2,1,0.799528,0.79952,0.799792,0.79952,0.223318,0.224393
130_bNAb_Combinations|1342396|vc|8|2|PVO.4|5024,0,0.761022,8,2,1,0.799528,0.79952,0.799792,0.79952,-0.142503,-0.141552
130_bNAb_Combinations|1342408|cc|1|1|nan|4168,0,0.0014393,1,1,0,0,0,0,0,0.812471,0.812471
130_bNAb_Combinations|1342408|cc|2|1|nan|4168,0,0.0014393,2,1,0,0,0,0,0,0.812471,0.812471
130_bNAb_Combinations|1342408|cc|3|1|nan|4168,0,0.000729786,3,1,0,0,0,0,0,0.411957,0.411957
130_bNAb_Combinations|1342408|cc|4|1|nan|4168,0,0.00152039,4,1,0,0,0,0,0,0.858244,0.858244
130_bNAb_Combinations|1342408|cc|5|1|nan|4168,0,0.000973049,5,1,0,0,0,0,0,0.549276,0.549276
130_bNAb_Combinations|1342408|cc|6|1|nan|4168,0,0.00105414,6,1,0,0,0,0,0,0.595049,0.595049
130_bNAb_Combinations|1342408|cc|7|1|nan|4168,0,0.00154066,7,1,0,0,0,0,0,0.869687,0.869687
130_bNAb_Combinations|1342408|cc|8|1|nan|4168,0,0.00145957,8,1,0,0,0,0,0,0.823914,0.823914
130_bNAb_Combinations|1342408|sample|3|nan|4168,0.0010624,0.884744,1,3,1,0.799528,0.799528,0.799795,0.799524,0.312239,0.313338
130_bNAb_Combinations|1342408|sample|3|nan|4168,0.005312,0.890796,2,3,1,0.799528,0.799528,0.799564,0.799346,0.335426,0.336317
130_bNAb_Combinations|1342408|sample|3|nan|4168,0.02656,0.776077,3,3,1,0.799528,0.79945,0.788803,0.789735,-0.0474212,-0.0508371
130_bNAb_Combinations|1342408|sample|3|nan|4168,0.1328,0.462381,4,3,1,0.204051,0.428756,0.54012,0.536908,-0.421791,-0.406758
130_bNAb_Combinations|1342408|sample|3|nan|4168,0.664,0.16701,5,3,1,0.0130763,0.0110236,0.14064,0.132523,0.534871,0.740726
130_bNAb_Combinations|1342408|sample|3|nan|4168,3.32,0.0252587,6,3,1,0.0130674,0.000726278,0.0314246,0.0280067,-0.497586,-0.244557
130_bNAb_Combinations|1342408|sample|3|nan|4168,16.6,0.00823037,7,3,1,0.0130674,0.000494763,0.00760693,0.00627268,0.143573,0.503083
130_bNAb_Combinations|1342408|sample|3|nan|4168,83,0.0027367,8,3,1,0.0130674,0.000489558,0.00244331,0.00177515,0.112962,0.405474
130_bNAb_Combinations|1342408|sample|4|nan|4168,0.0010624,0.931106,1,4,1,0.799528,0.799528,0.799794,0.799524,0.482647,0.483805
130_bNAb_Combinations|1342408|sample|4|nan|4168,0.005312,0.912324,2,4,1,0.799528,0.799528,0.799552,0.799316,0.414629,0.415617
130_bNAb_Combinations|1342408|sample|4|nan|4168,0.02656,0.764897,3,4,1,0.799528,0.79945,0.788561,0.789033,-0.0882096,-0.0899145
130_bNAb_Combinations|1342408|sample|4|nan|4168,0.1328,0.50485,4,4,1,0.204051,0.428756,0.540724,0.538428,-0.194427,-0.182754
130_bNAb_Combinations|1342408|sample|4|nan|4168,0.664,0.189005,5,4,1,0.0130763,0.0110236,0.142582,0.137343,0.929227,1.07211
130_bNAb_Combinations|1342408|sample|4|nan|4168,3.32,0.0320092,6,4,1,0.0130674,0.000726278,0.032457,0.0298735,-0.0351481,0.179967
130_bNAb_Combinations|1342408|sample|4|nan|4168,16.6,0.00490579,7,4,1,0.0130674,0.000494763,0.00818443,0.00677872,-0.72257,-0.461039
130_bNAb_Combinations|1342408|sample|4|nan|4168,83,0.00336513,8,4,1,0.0130674,0.000489558,0.00286699,0.00184241,0.181772,0.636011
130_bNAb_Combinations|1342408|vc|1|2|nan|4168,0,0.949635,1,2,1,0.799528,0.799528,0.7998,0.799528,0.550727,0.551913
130_bNAb_Combinations|1342408|vc|2|2|nan|4168,0,0.965274,2,2,1,0.799528,0.799528,0.7998,0.799528,0.608211,0.609417
130_bNAb_Combinations|1342408|vc|3|2|nan|4168,0,1,3,2,1,0.799528,0.799528,0.7998,0.799528,0.735847,0.737096
130_bNAb_Combinations|1342408|vc|4|2|nan|4168,0,0.969906,4,2,1,0.799528,0.799528,0.7998,0.799528,0.625237,0.626448
130_bNAb_Combinations|1342408|vc|5|2|nan|4168,0,0.940482,5,2,1,0.799528,0.799528,0.7998,0.799528,0.517085,0.51826
130_bNAb_Combinations|1342408|vc|6|2|nan|4168,0,0.930052,6,2,1,0.799528,0.799528,0.7998,0.799528,0.47875,0.479911
130_bNAb_Combinations|1342408|vc|7|2|nan|4168,0,0.924538,7,2,1,0.799528,0.799528,0.7998,0.799528,0.458483,0.459638
130_bNAb_Combinations|1342408|vc|8|2|nan|4168,0,0.903212,8,2,1,0.799528,0.799528,0.7998,0.799528,0.380098,0.381226
704_VRC01_Concordance|1200432|cc|1|1|PVO.4|5024,0,0.00146144,1,1,0,0,0,0,0,0.824969,0.824969
704_VRC01_Concordance|1200432|cc|2|1|PVO.4|5024,0,0.00217593,2,1,0,0,0,0,0,1.22829,1.22829
704_VRC01_Concordance|1200432|cc|3|1|PVO.4|5024,0,0.0011042,3,1,0,0,0,0,0,0.62331,0.62331
704_VRC01_Concordance|1200432|cc|4|1|PVO.4|5024,0,0.00198107,4,1,0,0,0,0,0,1.11829,1.11829
704_VRC01_Concordance|1200432|cc|5|1|PVO.4|5024,0,0.00298784,5,1,0,0,0,0,0,1.6866,1.6866
704_VRC01_Concordance|1200432|cc|6|1|PVO.4|5024,0,0.00175373,6,1,0,0,0,0,0,0.989963,0.989963
704_VRC01_Concordance|1200432|cc|7|1|PVO.4|5024,0,0.00233831,7,1,0,0,0,0,0,1.31995,1.31995
704_VRC01_Concordance|1200432|cc|8|1|PVO.4|5024,0,0.00334508,8,1,0,0,0,0,0,1.88826,1.88826
704_VRC01_Concordance|1200432|sample|10|PVO.4|5024,0.002286236854138,0.850689,1,10,1,0.799528,0.799528,0.797732,0.797833,0.19515,0.194753
704_VRC01_Concordance|1200432|sample|10|PVO.4|5024,0.0068587105624142,0.988097,2,10,1,0.799528,0.799528,0.791226,0.792069,0.7314,0.727497
704_VRC01_Concordance|1200432|sample|10|PVO.4|5024,0.0205761316872428,0.866635,3,10,1,0.799528,0.799511,0.765777,0.768061,0.387068,0.377185
704_VRC01_Concordance|1200432|sample|10|PVO.4|5024,0.0617283950617284,0.879642,4,10,1,0.799466,0.787545,0.683408,0.685477,0.843172,0.831787
704_VRC01_Concordance|1200432|sample|10|PVO.4|5024,0.1851851851851852,0.740724,5,10,1,0.0375989,0.211537,0.514663,0.510257,1.2866,1.32289
704_VRC01_Concordance|1200432|sample|10|PVO.4|5024,0.5555555555555556,0.485621,6,10,1,0.0130943,0.0165292,0.327543,0.31728,1.40556,1.54445
704_VRC01_Concordance|1200432|sample|10|PVO.4|5024,1.66666666666667,0.212201,7,10,1,0.0130675,0.00169217,0.192861,0.181952,0.288885,0.478159
704_VRC01_Concordance|1200432|sample|10|PVO.4|5024,5,0.0380949,8,10,1,0.0130674,0.000579623,0.111374,0.10207,-1.85936,-1.76403
704_VRC01_Concordance|1200432|sample|11|PVO.4|5024,0.0457247370827617,0.868454,1,11,1,0.799527,0.797504,0.748665,0.751128,0.470153,0.45899
704_VRC01_Concordance|1200432|sample|11|PVO.4|5024,0.1371742112482853,0.719452,2,11,1,0.16994,0.403029,0.542527,0.539757,0.955728,0.975619
704_VRC01_Concordance|1200432|sample|11|PVO.4|5024,0.411522633744856,0.42653,3,11,1,0.0132405,0.033034,0.265262,0.256125,1.76408,1.92918
704_VRC01_Concordance|1200432|sample|11|PVO.4|5024,1.23456790123457,0.188591,4,11,1,0.0130676,0.00293001,0.113033,0.105968,1.89028,2.19835
704_VRC01_Concordance|1200432|sample|11|PVO.4|5024,3.7037037037037,0.036601,5,11,1,0.0130674,0.00067244,0.0473297,0.0431494,-0.603859,-0.400415
704_VRC01_Concordance|1200432|sample|11|PVO.4|5024,11.1111111111111,0.00789179,6,11,1,0.0130674,0.00050316,0.0198773,0.017622,-1.41186,-1.25926
704_VRC01_Concordance|1200432|sample|11|PVO.4|5024,33.3333333333333,0.00133154,7,11,1,0.0130674,0.000490467,0.0084488,0.00727957,-1.53826,-1.4056
704_VRC01_Concordance|1200432|sample|11|PVO.4|5024,100,0.000389718,8,11,1,0.0130674,0.000489515,0.00369299,0.00309055,-1.09395,-0.959111
704_VRC01_Concordance|1200432|sample|12|PVO.4|5024,0.0457247370827617,0.755582,1,12,1,0.799527,0.797504,0.757103,0.757227,-0.00590473,-0.00638383
704_VRC01_Concordance|1200432|sample|12|PVO.4|5024,0.1371742112482853,0.635256,2,12,1,0.16994,0.403029,0.534515,0.533571,0.552271,0.558419
704_VRC01_Concordance|1200432|sample|12|PVO.4|5024,0.411522633744856,0.416203,3,12,1,0.0132405,0.033034,0.235472,0.234061,2.22163,2.25218
704_VRC01_Concordance|1200432|sample|12|PVO.4|5024,1.23456790123457,0.135362,4,12,1,0.0130676,0.00293001,0.090233,0.0893623,1.39865,1.43875
704_VRC01_Concordance|1200432|sample|12|PVO.4|5024,3.7037037037037,0.0341003,5,12,1,0.0130674,0.00067244,0.034267,0.0337058,-0.0124817,0.0299753
704_VRC01_Concordance|1200432|sample|12|PVO.4|5024,11.1111111111111,0.00308527,6,12,1,0.0130674,0.00050316,0.0132094,0.0127847,-1.62358,-1.59212
704_VRC01_Concordance|1200432|sample|12|PVO.4|5024,33.3333333333333,0.000292288,7,12,1,0.0130674,0.000490467,0.00530256,0.00493576,-1.40598,-1.35001
704_VRC01_Concordance|1200432|sample|12|PVO.4|5024,100,0.000292288,8,12,1,0.0130674,0.000489515,0.00233414,0.00199154,-0.797491,-0.695116
704_VRC01_Concordance|1200432|sample|3|PVO.4|5024,0.0457247370827617,0.931426,1,3,1,0.799527,0.797504,0.759988,0.760088,0.662914,0.662441
704_VRC01_Concordance|1200432|sample|3|PVO.4|5024,0.1371742112482853,0.65242,2,3,1,0.16994,0.403029,0.531357,0.530395,0.667581,0.674096
704_VRC01_Concordance|1200432|sample|3|PVO.4|5024,0.411522633744856,0.404284,3,3,1,0.0132405,0.033034,0.2247,0.223414,2.31095,2.34059
704_VRC01_Concordance|1200432|sample|3|PVO.4|5024,1.23456790123457,0.116071,4,3,1,0.0130676,0.00293001,0.0825929,0.0818973,1.12781,1.16043
704_VRC01_Concordance|1200432|sample|3|PVO.4|5024,3.7037037037037,0.0223763,5,3,1,0.0130674,0.00067244,0.0301257,0.0297321,-0.648339,-0.622337
704_VRC01_Concordance|1200432|sample|3|PVO.4|5024,11.1111111111111,0.00337756,6,3,1,0.0130674,0.00050316,0.0111589,0.0108901,-1.40389,-1.37798
704_VRC01_Concordance|1200432|sample|3|PVO.4|5024,33.3333333333333,0.00295536,7,3,1,0.0130674,0.000490467,0.00431372,0.00409495,-0.42063,-0.361152
704_VRC01_Concordance|1200432|sample|3|PVO.4|5024,100,0.00168878,8,3,1,0.0130674,0.000489515,0.00184355,0.00164461,-0.0646362,0.0189776
704_VRC01_Concordance|1200432|sample|4|PVO.4|5024,0.0457247370827617,0.855821,1,4,1,0.799527,0.797504,0.740538,0.740398,0.457399,0.45804
704_VRC01_Concordance|1200432|sample|4|PVO.4|5024,0.1371742112482853,0.721108,2,4,1,0.16994,0.403029,0.549352,0.549072,0.916385,0.918346
704_VRC01_Concordance|1200432|sample|4|PVO.4|5024,0.411522633744856,0.572009,3,4,1,0.0132405,0.033034,0.292945,0.292912,2.76921,2.76984
704_VRC01_Concordance|1200432|sample|4|PVO.4|5024,1.23456790123457,0.23966,4,4,1,0.0130676,0.00293001,0.136949,0.137098,2.13739,2.13208
704_VRC01_Concordance|1200432|sample|4|PVO.4|5024,3.7037037037037,0.0572236,5,4,1,0.0130674,0.00067244,0.0626918,0.062764,-0.238179,-0.241067
704_VRC01_Concordance|1200432|sample|4|PVO.4|5024,11.1111111111111,0.00779436,6,4,1,0.0130674,0.00050316,0.0287821,0.0287209,-1.82525,-1.82321
704_VRC01_Concordance|1200432|sample|4|PVO.4|5024,33.3333333333333,0.0027605,7,4,1,0.0130674,0.000490467,0.0133874,0.0132186,-1.68792,-1.6763
704_VRC01_Concordance|1200432|sample|4|PVO.4|5024,100,0.00116915,8,4,1,0.0130674,0.000489515,0.00640387,0.00616479,-1.33005,-1.29591
704_VRC01_Concordance|1200432|sample|5|PVO.4|5024,0.002286236854138,0.883215,1,5,1,0.799528,0.799528,0.797858,0.798029,0.314493,0.313795
704_VRC01_Concordance|1200432|sample|5|PVO.4|5024,0.0068587105624142,0.89653,2,5,1,0.799528,0.799528,0.791601,0.792688,0.389642,0.385078
704_VRC01_Concordance|1200432|sample|5|PVO.4|5024,0.0205761316872428,0.878603,3,5,1,0.799528,0.799511,0.76665,0.769571,0.429159,0.416389
704_VRC01_Concordance|1200432|sample|5|PVO.4|5024,0.0617283950617284,0.790088,4,5,1,0.799466,0.787545,0.684371,0.686984,0.453611,0.440728
704_VRC01_Concordance|1200432|sample|5|PVO.4|5024,0.1851851851851852,0.721465,5,5,1,0.0375989,0.211537,0.513936,0.507802,1.18278,1.2323
704_VRC01_Concordance|1200432|sample|5|PVO.4|5024,0.5555555555555556,0.483543,6,5,1,0.0130943,0.0165292,0.325311,0.311316,1.41642,1.60986
704_VRC01_Concordance|1200432|sample|5|PVO.4|5024,1.66666666666667,0.199503,7,5,1,0.0130675,0.00169217,0.190695,0.175874,0.13301,0.386038
704_VRC01_Concordance|1200432|sample|5|PVO.4|5024,5,0.0347498,8,5,1,0.0130674,0.000579623,0.109942,0.0972627,-1.93162,-1.80454
704_VRC01_Concordance|1200432|sample|6|PVO.4|5024,0.002286236854138,0.994382,1,6,1,0.799528,0.799528,0.798329,0.798323,0.721921,0.721949
704_VRC01_Concordance|1200432|sample|6|PVO.4|5024,0.0068587105624142,0.986474,2,6,1,0.799528,0.799528,0.793054,0.793665,0.71693,0.714121
704_VRC01_Concordance|1200432|sample|6|PVO.4|5024,0.0205761316872428,0.991621,3,6,1,0.799528,0.799511,0.770092,0.772086,0.845439,0.835681
704_VRC01_Concordance|1200432|sample|6|PVO.4|5024,0.0617283950617284,0.869396,4,6,1,0.799466,0.787545,0.687541,0.689625,0.776726,0.765523
704_VRC01_Concordance|1200432|sample|6|PVO.4|5024,0.1851851851851852,0.779355,5,6,1,0.0375989,0.211537,0.507585,0.503439,1.56809,1.60499
704_VRC01_Concordance|1200432|sample|6|PVO.4|5024,0.5555555555555556,0.468051,6,6,1,0.0130943,0.0165292,0.310323,0.300936,1.47899,1.61505
704_VRC01_Concordance|1200432|sample|6|PVO.4|5024,1.66666666666667,0.186123,7,6,1,0.0130675,0.00169217,0.174971,0.165556,0.183106,0.356307
704_VRC01_Concordance|1200432|sample|6|PVO.4|5024,5,0.0497215,8,6,1,0.0130674,0.000579623,0.096873,0.0892759,-1.36631,-1.23829
704_VRC01_Concordance|1200432|sample|7|PVO.4|5024,0.0457247370827617,0.822711,1,7,1,0.799527,0.797504,0.750477,0.752405,0.282827,0.274576
704_VRC01_Concordance|1200432|sample|7|PVO.4|5024,0.1371742112482853,0.758505,2,7,1,0.16994,0.403029,0.541007,0.538527,1.17817,1.19703
704_VRC01_Concordance|1200432|sample|7|PVO.4|5024,0.411522633744856,0.445919,3,7,1,0.0132405,0.033034,0.259218,0.251585,2.08894,2.23898
704_VRC01_Concordance|1200432|sample|7|PVO.4|5024,1.23456790123457,0.173424,4,7,1,0.0130676,0.00293001,0.108258,0.10243,1.69892,1.95101
704_VRC01_Concordance|1200432|sample|7|PVO.4|5024,3.7037037037037,0.0308202,5,7,1,0.0130674,0.00067244,0.0445798,0.0410785,-0.817202,-0.655308
704_VRC01_Concordance|1200432|sample|7|PVO.4|5024,11.1111111111111,0.00402709,6,7,1,0.0130674,0.00050316,0.018528,0.0165335,-1.80513,-1.69945
704_VRC01_Concordance|1200432|sample|7|PVO.4|5024,33.3333333333333,0.00243574,7,7,1,0.0130674,0.000490467,0.00790421,0.00674064,-1.23087,-1.06306
704_VRC01_Concordance|1200432|sample|7|PVO.4|5024,100,0.00113668,8,7,1,0.0130674,0.000489515,0.00357337,0.00283458,-0.817916,-0.622063
704_VRC01_Concordance|1200432|sample|8|PVO.4|5024,0.0457247370827617,0.796746,1,8,1,0.799527,0.797504,0.749329,0.750382,0.18594,0.181559
704_VRC01_Concordance|1200432|sample|8|PVO.4|5024,0.1371742112482853,0.73569,2,8,1,0.16994,0.403029,0.542012,0.540462,1.04721,1.05858
704_VRC01_Concordance|1200432|sample|8|PVO.4|5024,0.411522633744856,0.466265,3,8,1,0.0132405,0.033034,0.26314,0.258759,2.23949,2.32577
704_VRC01_Concordance|1200432|sample|8|PVO.4|5024,1.23456790123457,0.184954,4,8,1,0.0130676,0.00293001,0.111375,0.108051,1.86695,2.00854
704_VRC01_Concordance|1200432|sample|8|PVO.4|5024,3.7037037037037,0.0379325,5,8,1,0.0130674,0.00067244,0.04641,0.0443847,-0.485647,-0.38471
704_VRC01_Concordance|1200432|sample|8|PVO.4|5024,11.1111111111111,0.00399461,6,8,1,0.0130674,0.00050316,0.019471,0.0182803,-1.85306,-1.79707
704_VRC01_Concordance|1200432|sample|8|PVO.4|5024,33.3333333333333,0.00168878,7,8,1,0.0130674,0.000490467,0.00833922,0.00761054,-1.44896,-1.36335
704_VRC01_Concordance|1200432|sample|8|PVO.4|5024,100,0,8,8,1,0.0130674,0.000489515,0.00374102,0.00325084,-1.2323,-1.13264
704_VRC01_Concordance|1200432|sample|9|PVO.4|5024,0.002286236854138,0.844113,1,9,1,0.799528,0.799528,0.798757,0.798695,0.166926,0.167166
704_VRC01_Concordance|1200432|sample|9|PVO.4|5024,0.0068587105624142,0.938782,2,9,1,0.799528,0.799528,0.794508,0.795012,0.533794,0.531597
704_VRC01_Concordance|1200432|sample|9|PVO.4|5024,0.0205761316872428,0.856568,3,9,1,0.799528,0.799511,0.773939,0.77589,0.313785,0.30561
704_VRC01_Concordance|1200432|sample|9|PVO.4|5024,0.0617283950617284,0.895653,4,9,1,0.799466,0.787545,0.691733,0.693983,0.865735,0.853424
704_VRC01_Concordance|1200432|sample|9|PVO.4|5024,0.1851851851851852,0.785119,5,9,1,0.0375989,0.211537,0.500881,0.496058,1.66176,1.70622
704_VRC01_Concordance|1200432|sample|9|PVO.4|5024,0.5555555555555556,0.449345,6,9,1,0.0130943,0.0165292,0.294388,0.28401,1.53026,1.69134
704_VRC01_Concordance|1200432|sample|9|PVO.4|5024,1.66666666666667,0.160499,7,9,1,0.0130675,0.00169217,0.159391,0.149426,0.0199114,0.211838
704_VRC01_Concordance|1200432|sample|9|PVO.4|5024,5,0.0365685,8,9,1,0.0130674,0.000579623,0.085044,0.0772367,-1.58871,-1.459
704_VRC01_Concordance|1200432|vc|1|2|PVO.4|5024,0,0.927366,1,2,1,0.799528,0.799528,0.7998,0.799528,0.468878,0.470037
704_VRC01_Concordance|1200432|vc|2|2|PVO.4|5024,0,0.913369,2,2,1,0.799528,0.799528,0.7998,0.799528,0.41743,0.418571
704_VRC01_Concordance|1200432|vc|3|2|PVO.4|5024,0,1,3,2,1,0.799528,0.799528,0.7998,0.799528,0.735847,0.737096
704_VRC01_Concordance|1200432|vc|4|2|PVO.4|5024,0,0.936054,4,2,1,0.799528,0.799528,0.7998,0.799528,0.500809,0.501979
704_VRC01_Concordance|1200432|vc|5|2|PVO.4|5024,0,0.990712,5,2,1,0.799528,0.799528,0.7998,0.799528,0.701708,0.702945
704_VRC01_Concordance|1200432|vc|6|2|PVO.4|5024,0,0.919832,6,2,1,0.799528,0.799528,0.7998,0.799528,0.441184,0.442334
704_VRC01_Concordance|1200432|vc|7|2|PVO.4|5024,0,0.864589,7,2,1,0.799528,0.799528,0.7998,0.799528,0.238137,0.239218
704_VRC01_Concordance|1200432|vc|8|2|PVO.4|5024,0,0.869461,8,2,1,0.799528,0.799528,0.7998,0.799528,0.256043,0.257129
