id,U_SAEM,L_SAEM,m_SAEM,e_SAEM,s_SAEM,alpha_SAEM,k_SAEM,U_mode,L_mode,m_mode,e_mode,s_mode,alpha_mode,k_mode,goes_down,mab_virus,run_id
130_bNAb_Combinations|1313842|cc|1|1|nan|2946,1,0.00443208,0.523303,0.0825619,40.0413,0.140335,5.08424e-07,1,0.00441613,0.542477,0.0825619,40.0242,0.140567,5.26305e-07,False,nan|2946,1313842
130_bNAb_Combinations|1313842|cc|2|1|nan|2946,1,0.00443208,0.547893,0.0825619,40.0413,0.140335,5.08424e-07,1,0.00441613,0.542476,0.0825619,40.0242,0.140567,5.26305e-07,False,nan|2946,1313842
130_bNAb_Combinations|1313842|cc|3|1|nan|2946,1,0.00443208,0.525659,0.0825619,40.0413,0.140335,5.08424e-07,1,0.00441613,0.542477,0.0825619,40.0242,0.140567,5.26305e-07,False,nan|2946,1313842
130_bNAb_Combinations|1313842|cc|4|1|nan|2946,1,0.00443208,0.5293,0.0825619,40.0413,0.140335,5.08424e-07,1,0.00441613,0.542476,0.0825619,40.0242,0.140567,5.26305e-07,False,nan|2946,1313842
130_bNAb_Combinations|1313842|cc|5|1|nan|2946,1,0.00443208,0.555325,0.0825619,40.0413,0.140335,5.08424e-07,1,0.00441613,0.542476,0.0825619,40.0242,0.140567,5.26305e-07,False,nan|2946,1313842
130_bNAb_Combinations|1313842|cc|6|1|nan|2946,1,0.00443208,0.530116,0.0825619,40.0413,0.140335,5.08424e-07,1,0.00441613,0.542477,0.0825619,40.0242,0.140567,5.26305e-07,False,nan|2946,1313842
130_bNAb_Combinations|1313842|cc|7|1|nan|2946,1,0.00443208,0.554765,0.0825619,40.0413,0.140335,5.08424e-07,1,0.00441613,0.542476,0.0825619,40.0242,0.140567,5.26305e-07,False,nan|2946,1313842
130_bNAb_Combinations|1313842|cc|8|1|nan|2946,1,0.00443208,0.553032,0.0825619,40.0413,0.140335,5.08424e-07,1,0.00441613,0.542476,0.0825619,40.0242,0.140567,5.26305e-07,False,nan|2946,1313842
130_bNAb_Combinations|1313842|sample|10|nan|2946,1,0.0044312,0.715631,0.00981995,40.0413,0.140335,5.08424e-07,1,0.00441524,0.703774,0.00981995,40.0242,0.140567,5.26305e-07,True,PGT121|2946,1313842
130_bNAb_Combinations|1313842|sample|11|nan|2946,1,0.00443121,0.659036,0.00525567,40.0413,0.140335,5.08424e-07,1,0.00441525,0.652825,0.00525567,40.0242,0.140567,5.26305e-07,True,VRC07-523LS|2946,1313842
130_bNAb_Combinations|1313842|sample|12|nan|2946,1,0.00443121,0.609463,0.00525567,40.0413,0.140335,5.08424e-07,1,0.00441525,0.608777,0.00525567,40.0242,0.140567,5.26305e-07,True,VRC07-523LS|2946,1313842
130_bNAb_Combinations|1313842|sample|3|nan|2946,1,0.00442588,0.624277,0.00127417,40.0413,0.140335,5.08424e-07,1,0.00441004,0.619418,0.00127417,40.0242,0.140567,5.26305e-07,True,PGDM1400|2946,1313842
130_bNAb_Combinations|1313842|sample|4|nan|2946,1,0.00442588,0.622454,0.00127417,40.0413,0.140335,5.08424e-07,1,0.00441004,0.608096,0.00127417,40.0242,0.140567,5.26305e-07,True,PGDM1400|2946,1313842
130_bNAb_Combinations|1313842|sample|5|nan|2946,1,0.00442588,0.877601,0.00127417,40.0413,0.140335,5.08424e-07,1,0.00441004,0.8835,0.00127417,40.0242,0.140567,5.26305e-07,True,PGDM1400|2946,1313842
130_bNAb_Combinations|1313842|sample|6|nan|2946,1,0.00442588,0.868695,0.00127417,40.0413,0.140335,5.08424e-07,1,0.00441004,0.856976,0.00127417,40.0242,0.140567,5.26305e-07,True,PGDM1400|2946,1313842
130_bNAb_Combinations|1313842|sample|7|nan|2946,1,0.0044312,0.742004,0.00981995,40.0413,0.140335,5.08424e-07,1,0.00441524,0.726138,0.00981995,40.0242,0.140567,5.26305e-07,True,PGT121|2946,1313842
130_bNAb_Combinations|1313842|sample|8|nan|2946,1,0.0044312,0.730583,0.00981995,40.0413,0.140335,5.08424e-07,1,0.00441524,0.722184,0.00981995,40.0242,0.140567,5.26305e-07,True,PGT121|2946,1313842
130_bNAb_Combinations|1313842|sample|9|nan|2946,1,0.0044312,0.706073,0.00981995,40.0413,0.140335,5.08424e-07,1,0.00441524,0.701204,0.00981995,40.0242,0.140567,5.26305e-07,True,PGT121|2946,1313842
130_bNAb_Combinations|1313842|vc|1|2|nan|2946,1,0.00443208,0.565449,0.0825619,40.0413,0.140335,5.08424e-07,1,0.00441613,0.542476,0.0825619,40.0242,0.140567,5.26305e-07,False,nan|2946,1313842
130_bNAb_Combinations|1313842|vc|2|2|nan|2946,1,0.00443208,0.558182,0.0825619,40.0413,0.140335,5.08424e-07,1,0.00441613,0.542477,0.0825619,40.0242,0.140567,5.26305e-07,False,nan|2946,1313842
130_bNAb_Combinations|1313842|vc|3|2|nan|2946,1,0.00443208,0.540089,0.0825619,40.0413,0.140335,5.08424e-07,1,0.00441613,0.542476,0.0825619,40.0242,0.140567,5.26305e-07,False,nan|2946,1313842
130_bNAb_Combinations|1313842|vc|4|2|nan|2946,1,0.00443208,0.553632,0.0825619,40.0413,0.140335,5.08424e-07,1,0.00441613,0.542477,0.0825619,40.0242,0.140567,5.26305e-07,False,nan|2946,1313842
130_bNAb_Combinations|1313842|vc|5|2|nan|2946,1,0.00443208,0.530161,0.0825619,40.0413,0.140335,5.08424e-07,1,0.00441613,0.542476,0.0825619,40.0242,0.140567,5.26305e-07,False,nan|2946,1313842
130_bNAb_Combinations|1313842|vc|6|2|nan|2946,1,0.00443208,0.550692,0.0825619,40.0413,0.140335,5.08424e-07,1,0.00441613,0.542476,0.0825619,40.0242,0.140567,5.26305e-07,False,nan|2946,1313842
130_bNAb_Combinations|1313842|vc|7|2|nan|2946,1,0.00443208,0.564634,0.0825619,40.0413,0.140335,5.08424e-07,1,0.00441613,0.542476,0.0825619,40.0242,0.140567,5.26305e-07,False,nan|2946,1313842
130_bNAb_Combinations|1313842|vc|8|2|nan|2946,1,0.00443208,0.561041,0.0825619,40.0413,0.140335,5.08424e-07,1,0.00441613,0.542476,0.0825619,40.0242,0.140567,5.26305e-07,False,nan|2946,1313842
130_bNAb_Combinations|1313860|cc|1|1|PVO.4|5024,1,0.00443202,0.563382,0.053041,40.0413,0.140328,5.08423e-07,1,0.00441607,0.542477,0.053041,40.0242,0.14056,5.26304e-07,False,nan|PVO.4,1313860
130_bNAb_Combinations|1313860|cc|2|1|PVO.4|5024,1,0.00443202,0.530213,0.053041,40.0413,0.140328,5.08423e-07,1,0.00441607,0.542476,0.053041,40.0242,0.14056,5.26304e-07,False,nan|PVO.4,1313860
130_bNAb_Combinations|1313860|cc|3|1|PVO.4|5024,1,0.00443202,0.550469,0.053041,40.0413,0.140328,5.08423e-07,1,0.00441607,0.542477,0.053041,40.0242,0.14056,5.26304e-07,False,nan|PVO.4,1313860
130_bNAb_Combinations|1313860|cc|4|1|PVO.4|5024,1,0.00443202,0.498318,0.053041,40.0413,0.140328,5.08423e-07,1,0.00441607,0.542477,0.053041,40.0242,0.14056,5.26304e-07,False,nan|PVO.4,1313860
130_bNAb_Combinations|1313860|cc|5|1|PVO.4|5024,1,0.00443202,0.549424,0.053041,40.0413,0.140328,5.08423e-07,1,0.00441607,0.542476,0.053041,40.0242,0.14056,5.26304e-07,False,nan|PVO.4,1313860
130_bNAb_Combinations|1313860|cc|6|1|PVO.4|5024,1,0.00443202,0.509924,0.053041,40.0413,0.140328,5.08423e-07,1,0.00441607,0.542476,0.053041,40.0242,0.14056,5.26304e-07,False,nan|PVO.4,1313860
130_bNAb_Combinations|1313860|cc|7|1|PVO.4|5024,1,0.00443202,0.539404,0.053041,40.0413,0.140328,5.08423e-07,1,0.00441607,0.542477,0.053041,40.0242,0.14056,5.26304e-07,False,nan|PVO.4,1313860
130_bNAb_Combinations|1313860|cc|8|1|PVO.4|5024,1,0.00443202,0.550115,0.053041,40.0413,0.140328,5.08423e-07,1,0.00441607,0.542477,0.053041,40.0242,0.14056,5.26304e-07,False,nan|PVO.4,1313860
130_bNAb_Combinations|1313860|sample|10|PVO.4|5024,1,0.00443121,0.712087,0.0248249,40.0413,0.140328,5.08423e-07,1,0.00441525,0.697938,0.0248249,40.0242,0.14056,5.26304e-07,True,PGT121|PVO.4,1313860
130_bNAb_Combinations|1313860|sample|11|PVO.4|5024,1,0.00443121,0.698899,0.0303031,40.0413,0.140328,5.08423e-07,1,0.00441526,0.686268,0.0303031,40.0242,0.14056,5.26304e-07,True,VRC07-523LS|PVO.4,1313860
130_bNAb_Combinations|1313860|sample|12|PVO.4|5024,1,0.00443121,0.673774,0.0303031,40.0413,0.140328,5.08423e-07,1,0.00441526,0.669698,0.0303031,40.0242,0.14056,5.26304e-07,True,VRC07-523LS|PVO.4,1313860
130_bNAb_Combinations|1313860|sample|3|PVO.4|5024,1,0.00443117,0.686574,0.00278542,40.0413,0.140328,5.08423e-07,1,0.00441521,0.679739,0.00278542,40.0242,0.14056,5.26304e-07,True,PGDM1400|PVO.4,1313860
130_bNAb_Combinations|1313860|sample|4|PVO.4|5024,1,0.00443117,0.690412,0.00278542,40.0413,0.140328,5.08423e-07,1,0.00441521,0.682224,0.00278542,40.0242,0.14056,5.26304e-07,True,PGDM1400|PVO.4,1313860
130_bNAb_Combinations|1313860|sample|5|PVO.4|5024,1,0.00443117,0.696498,0.00278542,40.0413,0.140328,5.08423e-07,1,0.00441521,0.690548,0.00278542,40.0242,0.14056,5.26304e-07,True,PGDM1400|PVO.4,1313860
130_bNAb_Combinations|1313860|sample|6|PVO.4|5024,1,0.00443117,0.670491,0.00278542,40.0413,0.140328,5.08423e-07,1,0.00441521,0.669163,0.00278542,40.0242,0.14056,5.26304e-07,True,PGDM1400|PVO.4,1313860
130_bNAb_Combinations|1313860|sample|7|PVO.4|5024,1,0.00443121,0.705352,0.0248249,40.0413,0.140328,5.08423e-07,1,0.00441525,0.699749,0.0248249,40.0242,0.14056,5.26304e-07,True,PGT121|PVO.4,1313860
130_bNAb_Combinations|1313860|sample|8|PVO.4|5024,1,0.00443121,0.704468,0.0248249,40.0413,0.140328,5.08423e-07,1,0.00441525,0.696751,0.0248249,40.0242,0.14056,5.26304e-07,True,PGT121|PVO.4,1313860
130_bNAb_Combinations|1313860|sample|9|PVO.4|5024,1,0.00443121,0.702526,0.0248249,40.0413,0.140328,5.08423e-07,1,0.00441525,0.69427,0.0248249,40.0242,0.14056,5.26304e-07,True,PGT121|PVO.4,1313860
130_bNAb_Combinations|1313860|vc|1|2|PVO.4|5024,1,0.00443202,0.551115,0.053041,40.0413,0.140328,5.08423e-07,1,0.00441607,0.542476,0.053041,40.0242,0.14056,5.26304e-07,False,nan|PVO.4,1313860
130_bNAb_Combinations|1313860|vc|2|2|PVO.4|5024,1,0.00443202,0.518529,0.053041,40.0413,0.140328,5.08423e-07,1,0.00441607,0.542476,0.053041,40.0242,0.14056,5.26304e-07,False,nan|PVO.4,1313860
130_bNAb_Combinations|1313860|vc|3|2|PVO.4|5024,1,0.00443202,0.539936,0.053041,40.0413,0.140328,5.08423e-07,1,0.00441607,0.542477,0.053041,40.0242,0.14056,5.26304e-07,False,nan|PVO.4,1313860
130_bNAb_Combinations|1313860|vc|4|2|PVO.4|5024,1,0.00443202,0.557337,0.053041,40.0413,0.140328,5.08423e-07,1,0.00441607,0.542476,0.053041,40.0242,0.14056,5.26304e-07,False,nan|PVO.4,1313860
130_bNAb_Combinations|1313860|vc|5|2|PVO.4|5024,1,0.00443202,0.538818,0.053041,40.0413,0.140328,5.08423e-07,1,0.00441607,0.542476,0.053041,40.0242,0.14056,5.26304e-07,False,nan|PVO.4,1313860
130_bNAb_Combinations|1313860|vc|6|2|PVO.4|5024,1,0.00443202,0.560221,0.053041,40.0413,0.140328,5.08423e-07,1,0.00441607,0.542477,0.053041,40.0242,0.14056,5.26304e-07,False,nan|PVO.4,1313860
130_bNAb_Combinations|1313860|vc|7|2|PVO.4|5024,1,0.00443202,0.542482,0.053041,40.0413,0.140328,5.08423e-07,1,0.00441607,0.542477,0.053041,40.0242,0.14056,5.26304e-07,False,nan|PVO.4,1313860
130_bNAb_Combinations|1313860|vc|8|2|PVO.4|5024,1,0.00443202,0.544706,0.053041,40.0413,0.140328,5.08423e-07,1,0.00441607,0.542476,0.053041,40.0242,0.14056,5.26304e-07,False,nan|PVO.4,1313860
130_bNAb_Combinations|1313884|cc|1|1|nan|4168,1,0.00443207,0.535235,0.0024754,40.0413,0.140324,5.09385e-07,1,0.00441612,0.542476,0.0024754,40.0242,0.140556,5.27292e-07,False,nan|4168,1313884
130_bNAb_Combinations|1313884|cc|2|1|nan|4168,1,0.00443207,0.526386,0.0024754,40.0413,0.140324,5.09385e-07,1,0.00441612,0.542477,0.0024754,40.0242,0.140556,5.27292e-07,False,nan|4168,1313884
130_bNAb_Combinations|1313884|cc|3|1|nan|4168,1,0.00443207,0.54248,0.0024754,40.0413,0.140324,5.09385e-07,1,0.00441612,0.542477,0.0024754,40.0242,0.140556,5.27292e-07,False,nan|4168,1313884
130_bNAb_Combinations|1313884|cc|4|1|nan|4168,1,0.00443207,0.517713,0.0024754,40.0413,0.140324,5.09385e-07,1,0.00441612,0.542477,0.0024754,40.0242,0.140556,5.27292e-07,False,nan|4168,1313884
130_bNAb_Combinations|1313884|cc|5|1|nan|4168,1,0.00443207,0.532976,0.0024754,40.0413,0.140324,5.09385e-07,1,0.00441612,0.542476,0.0024754,40.0242,0.140556,5.27292e-07,False,nan|4168,1313884
130_bNAb_Combinations|1313884|cc|6|1|nan|4168,1,0.00443207,0.537978,0.0024754,40.0413,0.140324,5.09385e-07,1,0.00441612,0.542476,0.0024754,40.0242,0.140556,5.27292e-07,False,nan|4168,1313884
130_bNAb_Combinations|1313884|cc|7|1|nan|4168,1,0.00443207,0.545474,0.0024754,40.0413,0.140324,5.09385e-07,1,0.00441612,0.542477,0.0024754,40.0242,0.140556,5.27292e-07,False,nan|4168,1313884
130_bNAb_Combinations|1313884|cc|8|1|nan|4168,1,0.00443207,0.52835,0.0024754,40.0413,0.140324,5.09385e-07,1,0.00441612,0.542476,0.0024754,40.0242,0.140556,5.27292e-07,False,nan|4168,1313884
130_bNAb_Combinations|1313884|sample|10|nan|4168,1,0.00442959,1.73908,0.00921376,40.0413,0.140324,5.09385e-07,1,0.00441362,1.74463,0.00921376,40.0242,0.140556,5.27292e-07,True,PGT121|4168,1313884
130_bNAb_Combinations|1313884|sample|11|nan|4168,1,0.00443115,0.68383,0.0169699,40.0413,0.140324,5.09385e-07,1,0.00441519,0.675572,0.0169699,40.0242,0.140556,5.27292e-07,True,VRC07-523LS|4168,1313884
130_bNAb_Combinations|1313884|sample|12|nan|4168,1,0.00443115,0.647338,0.0169699,40.0413,0.140324,5.09385e-07,1,0.00441519,0.647714,0.0169699,40.0242,0.140556,5.27292e-07,True,VRC07-523LS|4168,1313884
130_bNAb_Combinations|1313884|sample|3|nan|4168,1,0.00442939,0.763499,0.00121307,40.0413,0.140324,5.09385e-07,1,0.00441351,0.72374,0.00121307,40.0242,0.140556,5.27292e-07,True,PGDM1400|4168,1313884
130_bNAb_Combinations|1313884|sample|4|nan|4168,1,0.00442939,0.7577,0.00121307,40.0413,0.140324,5.09385e-07,1,0.00441351,0.738969,0.00121307,40.0242,0.140556,5.27292e-07,True,PGDM1400|4168,1313884
130_bNAb_Combinations|1313884|sample|5|nan|4168,1,0.00442939,0.855786,0.00121307,40.0413,0.140324,5.09385e-07,1,0.00441351,0.839578,0.00121307,40.0242,0.140556,5.27292e-07,True,PGDM1400|4168,1313884
130_bNAb_Combinations|1313884|sample|6|nan|4168,1,0.00442939,0.854248,0.00121307,40.0413,0.140324,5.09385e-07,1,0.00441351,0.84714,0.00121307,40.0242,0.140556,5.27292e-07,True,PGDM1400|4168,1313884
130_bNAb_Combinations|1313884|sample|7|nan|4168,1,0.00442959,0.954976,0.00921376,40.0413,0.140324,5.09385e-07,1,0.00441362,0.943062,0.00921376,40.0242,0.140556,5.27292e-07,True,PGT121|4168,1313884
130_bNAb_Combinations|1313884|sample|8|nan|4168,1,0.00442959,0.951514,0.00921376,40.0413,0.140324,5.09385e-07,1,0.00441362,0.943912,0.00921376,40.0242,0.140556,5.27292e-07,True,PGT121|4168,1313884
130_bNAb_Combinations|1313884|sample|9|nan|4168,1,0.00442959,1.79053,0.00921376,40.0413,0.140324,5.09385e-07,1,0.00441362,1.76208,0.00921376,40.0242,0.140556,5.27292e-07,True,PGT121|4168,1313884
130_bNAb_Combinations|1313884|vc|1|2|nan|4168,1,0.00443207,0.546376,0.0024754,40.0413,0.140324,5.09385e-07,1,0.00441612,0.542477,0.0024754,40.0242,0.140556,5.27292e-07,False,nan|4168,1313884
130_bNAb_Combinations|1313884|vc|2|2|nan|4168,1,0.00443207,0.579025,0.0024754,40.0413,0.140324,5.09385e-07,1,0.00441612,0.542476,0.0024754,40.0242,0.140556,5.27292e-07,False,nan|4168,1313884
130_bNAb_Combinations|1313884|vc|3|2|nan|4168,1,0.00443207,0.534093,0.0024754,40.0413,0.140324,5.09385e-07,1,0.00441612,0.542476,0.0024754,40.0242,0.140556,5.27292e-07,False,nan|4168,1313884
130_bNAb_Combinations|1313884|vc|4|2|nan|4168,1,0.00443207,0.544964,0.0024754,40.0413,0.140324,5.09385e-07,1,0.00441612,0.542477,0.0024754,40.0242,0.140556,5.27292e-07,False,nan|4168,1313884
130_bNAb_Combinations|1313884|vc|5|2|nan|4168,1,0.00443207,0.509987,0.0024754,40.0413,0.140324,5.09385e-07,1,0.00441612,0.542476,0.0024754,40.0242,0.140556,5.27292e-07,False,nan|4168,1313884
130_bNAb_Combinations|1313884|vc|6|2|nan|4168,1,0.00443207,0.545652,0.0024754,40.0413,0.140324,5.09385e-07,1,0.00441612,0.542477,0.0024754,40.0242,0.140556,5.27292e-07,False,nan|4168,1313884
130_bNAb_Combinations|1313884|vc|7|2|nan|4168,1,0.00443207,0.541134,0.0024754,40.0413,0.140324,5.09385e-07,1,0.00441612,0.542476,0.0024754,40.0242,0.140556,5.27292e-07,False,nan|4168,1313884
130_bNAb_Combinations|1313884|vc|8|2|nan|4168,1,0.00443207,0.536388,0.0024754,40.0413,0.140324,5.09385e-07,1,0.00441612,0.542476,0.0024754,40.0242,0.140556,5.27292e-07,False,nan|4168,1313884
130_bNAb_Combinations|1313920|cc|1|1|nan|1798,1,0.00443208,0.531427,0.00668546,40.0413,0.197093,5.08405e-07,1,0.00441612,0.542476,0.00668546,40.0242,0.195808,5.26286e-07,False,nan|1798,1313920
130_bNAb_Combinations|1313920|cc|2|1|nan|1798,1,0.00443208,0.55106,0.00668546,40.0413,0.197093,5.08405e-07,1,0.00441612,0.542477,0.00668546,40.0242,0.195808,5.26286e-07,False,nan|1798,1313920
130_bNAb_Combinations|1313920|cc|3|1|nan|1798,1,0.00443208,0.560959,0.00668546,40.0413,0.197093,5.08405e-07,1,0.00441612,0.542476,0.00668546,40.0242,0.195808,5.26286e-07,False,nan|1798,1313920
130_bNAb_Combinations|1313920|cc|4|1|nan|1798,1,0.00443208,0.55831,0.00668546,40.0413,0.197093,5.08405e-07,1,0.00441612,0.542475,0.00668546,40.0242,0.195808,5.26286e-07,False,nan|1798,1313920
130_bNAb_Combinations|1313920|cc|5|1|nan|1798,1,0.00443208,0.546719,0.00668546,40.0413,0.197093,5.08405e-07,1,0.00441612,0.542477,0.00668546,40.0242,0.195808,5.26286e-07,False,nan|1798,1313920
130_bNAb_Combinations|1313920|cc|6|1|nan|1798,1,0.00443208,0.524165,0.00668546,40.0413,0.197093,5.08405e-07,1,0.00441612,0.542477,0.00668546,40.0242,0.195808,5.26286e-07,False,nan|1798,1313920
130_bNAb_Combinations|1313920|cc|7|1|nan|1798,1,0.00443208,0.535681,0.00668546,40.0413,0.197093,5.08405e-07,1,0.00441612,0.542477,0.00668546,40.0242,0.195808,5.26286e-07,False,nan|1798,1313920
130_bNAb_Combinations|1313920|cc|8|1|nan|1798,1,0.00443208,0.547984,0.00668546,40.0413,0.197093,5.08405e-07,1,0.00441612,0.542477,0.00668546,40.0242,0.195808,5.26286e-07,False,nan|1798,1313920
130_bNAb_Combinations|1313920|sample|10|nan|1798,1,0.00443192,0.676421,0.063003,40.0413,0.197093,5.08405e-07,1,0.00441599,0.67408,0.063003,40.0242,0.195808,5.26286e-07,True,PGT121|1798,1313920
130_bNAb_Combinations|1313920|sample|11|nan|1798,1,0.00443223,0.686171,0.0112509,40.0413,0.197093,5.08405e-07,1,0.00441629,0.68176,0.0112509,40.0242,0.195808,5.26286e-07,True,VRC07-523LS|1798,1313920
130_bNAb_Combinations|1313920|sample|12|nan|1798,1,0.00443223,0.695108,0.0112509,40.0413,0.197093,5.08405e-07,1,0.00441629,0.681476,0.0112509,40.0242,0.195808,5.26286e-07,True,VRC07-523LS|1798,1313920
130_bNAb_Combinations|1313920|sample|3|nan|1798,1,0.00442531,0.599741,0.00145915,40.0413,0.197093,5.08405e-07,1,0.00440952,0.595443,0.00145915,40.0242,0.195808,5.26286e-07,True,PGDM1400|1798,1313920
130_bNAb_Combinations|1313920|sample|4|nan|1798,1,0.00442531,0.604269,0.00145915,40.0413,0.197093,5.08405e-07,1,0.00440952,0.594962,0.00145915,40.0242,0.195808,5.26286e-07,True,PGDM1400|1798,1313920
130_bNAb_Combinations|1313920|sample|5|nan|1798,1,0.00442531,0.964942,0.00145915,40.0413,0.197093,5.08405e-07,1,0.00440952,0.96409,0.00145915,40.0242,0.195808,5.26286e-07,True,PGDM1400|1798,1313920
130_bNAb_Combinations|1313920|sample|6|nan|1798,1,0.00442531,0.97767,0.00145915,40.0413,0.197093,5.08405e-07,1,0.00440952,0.962836,0.00145915,40.0242,0.195808,5.26286e-07,True,PGDM1400|1798,1313920
130_bNAb_Combinations|1313920|sample|7|nan|1798,1,0.00443192,0.723163,0.063003,40.0413,0.197093,5.08405e-07,1,0.00441599,0.724239,0.063003,40.0242,0.195808,5.26286e-07,True,PGT121|1798,1313920
130_bNAb_Combinations|1313920|sample|8|nan|1798,1,0.00443192,0.719791,0.063003,40.0413,0.197093,5.08405e-07,1,0.00441599,0.71331,0.063003,40.0242,0.195808,5.26286e-07,True,PGT121|1798,1313920
130_bNAb_Combinations|1313920|sample|9|nan|1798,1,0.00443192,0.687843,0.063003,40.0413,0.197093,5.08405e-07,1,0.00441599,0.687478,0.063003,40.0242,0.195808,5.26286e-07,True,PGT121|1798,1313920
130_bNAb_Combinations|1313920|vc|1|2|nan|1798,1,0.00443208,0.521026,0.00668546,40.0413,0.197093,5.08405e-07,1,0.00441612,0.542477,0.00668546,40.0242,0.195808,5.26286e-07,False,nan|1798,1313920
130_bNAb_Combinations|1313920|vc|2|2|nan|1798,1,0.00443208,0.5373,0.00668546,40.0413,0.197093,5.08405e-07,1,0.00441612,0.542476,0.00668546,40.0242,0.195808,5.26286e-07,False,nan|1798,1313920
130_bNAb_Combinations|1313920|vc|3|2|nan|1798,1,0.00443208,0.545256,0.00668546,40.0413,0.197093,5.08405e-07,1,0.00441612,0.542477,0.00668546,40.0242,0.195808,5.26286e-07,False,nan|1798,1313920
130_bNAb_Combinations|1313920|vc|4|2|nan|1798,1,0.00443208,0.55482,0.00668546,40.0413,0.197093,5.08405e-07,1,0.00441612,0.542477,0.00668546,40.0242,0.195808,5.26286e-07,False,nan|1798,1313920
130_bNAb_Combinations|1313920|vc|5|2|nan|1798,1,0.00443208,0.554422,0.00668546,40.0413,0.197093,5.08405e-07,1,0.00441612,0.542476,0.00668546,40.0242,0.195808,5.26286e-07,False,nan|1798,1313920
130_bNAb_Combinations|1313920|vc|6|2|nan|1798,1,0.00443208,0.579569,0.00668546,40.0413,0.197093,5.08405e-07,1,0.00441612,0.542477,0.00668546,40.0242,0.195808,5.26286e-07,False,nan|1798,1313920
130_bNAb_Combinations|1313920|vc|7|2|nan|1798,1,0.00443208,0.546305,0.00668546,40.0413,0.197093,5.08405e-07,1,0.00441612,0.542477,0.00668546,40.0242,0.195808,5.26286e-07,False,nan|1798,1313920
130_bNAb_Combinations|1313920|vc|8|2|nan|1798,1,0.00443208,0.535014,0.00668546,40.0413,0.197093,5.08405e-07,1,0.00441612,0.542476,0.00668546,40.0242,0.195808,5.26286e-07,False,nan|1798,1313920
130_bNAb_Combinations|1313938|cc|1|1|TRO.11|8301,1,0.00443209,0.531852,0.0189299,40.0413,0.140331,5.08452e-07,1,0.00441614,0.542476,0.0189299,40.0242,0.140564,5.26336e-07,False,nan|TRO.11,1313938
130_bNAb_Combinations|1313938|cc|2|1|TRO.11|8301,1,0.00443209,0.539734,0.0189299,40.0413,0.140331,5.08452e-07,1,0.00441614,0.542477,0.0189299,40.0242,0.140564,5.26336e-07,False,nan|TRO.11,1313938
130_bNAb_Combinations|1313938|cc|3|1|TRO.11|8301,1,0.00443209,0.539802,0.0189299,40.0413,0.140331,5.08452e-07,1,0.00441614,0.542477,0.0189299,40.0242,0.140564,5.26336e-07,False,nan|TRO.11,1313938
130_bNAb_Combinations|1313938|cc|4|1|TRO.11|8301,1,0.00443209,0.532166,0.0189299,40.0413,0.140331,5.08452e-07,1,0.00441614,0.542476,0.0189299,40.0242,0.140564,5.26336e-07,False,nan|TRO.11,1313938
130_bNAb_Combinations|1313938|cc|5|1|TRO.11|8301,1,0.00443209,0.527089,0.0189299,40.0413,0.140331,5.08452e-07,1,0.00441614,0.542476,0.0189299,40.0242,0.140564,5.26336e-07,False,nan|TRO.11,1313938
130_bNAb_Combinations|1313938|cc|6|1|TRO.11|8301,1,0.00443209,0.563215,0.0189299,40.0413,0.140331,5.08452e-07,1,0.00441614,0.542476,0.0189299,40.0242,0.140564,5.26336e-07,False,nan|TRO.11,1313938
130_bNAb_Combinations|1313938|cc|7|1|TRO.11|8301,1,0.00443209,0.582702,0.0189299,40.0413,0.140331,5.08452e-07,1,0.00441614,0.542477,0.0189299,40.0242,0.140564,5.26336e-07,False,nan|TRO.11,1313938
130_bNAb_Combinations|1313938|cc|8|1|TRO.11|8301,1,0.00443209,0.534391,0.0189299,40.0413,0.140331,5.08452e-07,1,0.00441614,0.542476,0.0189299,40.0242,0.140564,5.26336e-07,False,nan|TRO.11,1313938
130_bNAb_Combinations|1313938|sample|10|TRO.11|8301,1,0.00443176,0.695101,0.205482,40.0413,0.140331,5.08452e-07,1,0.0044158,0.689735,0.205482,40.0242,0.140564,5.26336e-07,True,PGT121|TRO.11,1313938
130_bNAb_Combinations|1313938|sample|11|TRO.11|8301,1,0.00443146,0.697517,0.0373977,40.0413,0.140331,5.08452e-07,1,0.00441551,0.694317,0.0373977,40.0242,0.140564,5.26336e-07,True,VRC07-523LS|TRO.11,1313938
130_bNAb_Combinations|1313938|sample|12|TRO.11|8301,1,0.00443146,0.686039,0.0373977,40.0413,0.140331,5.08452e-07,1,0.00441551,0.680163,0.0373977,40.0242,0.140564,5.26336e-07,True,VRC07-523LS|TRO.11,1313938
130_bNAb_Combinations|1313938|sample|3|TRO.11|8301,1,0.00442912,0.710514,0.00532308,40.0413,0.140331,5.08452e-07,1,0.00441317,0.694326,0.00532308,40.0242,0.140564,5.26336e-07,True,PGDM1400|TRO.11,1313938
130_bNAb_Combinations|1313938|sample|4|TRO.11|8301,1,0.00442912,0.696026,0.00532308,40.0413,0.140331,5.08452e-07,1,0.00441317,0.692222,0.00532308,40.0242,0.140564,5.26336e-07,True,PGDM1400|TRO.11,1313938
130_bNAb_Combinations|1313938|sample|5|TRO.11|8301,1,0.00442912,0.711039,0.00532308,40.0413,0.140331,5.08452e-07,1,0.00441317,0.71347,0.00532308,40.0242,0.140564,5.26336e-07,True,PGDM1400|TRO.11,1313938
130_bNAb_Combinations|1313938|sample|6|TRO.11|8301,1,0.00442912,0.714938,0.00532308,40.0413,0.140331,5.08452e-07,1,0.00441317,0.711623,0.00532308,40.0242,0.140564,5.26336e-07,True,PGDM1400|TRO.11,1313938
130_bNAb_Combinations|1313938|sample|7|TRO.11|8301,1,0.00443176,0.716308,0.205482,40.0413,0.140331,5.08452e-07,1,0.0044158,0.705465,0.205482,40.0242,0.140564,5.26336e-07,True,PGT121|TRO.11,1313938
130_bNAb_Combinations|1313938|sample|8|TRO.11|8301,1,0.00443176,0.728401,0.205482,40.0413,0.140331,5.08452e-07,1,0.0044158,0.714619,0.205482,40.0242,0.140564,5.26336e-07,True,PGT121|TRO.11,1313938
130_bNAb_Combinations|1313938|sample|9|TRO.11|8301,1,0.00443176,0.696287,0.205482,40.0413,0.140331,5.08452e-07,1,0.0044158,0.688639,0.205482,40.0242,0.140564,5.26336e-07,True,PGT121|TRO.11,1313938
130_bNAb_Combinations|1313938|vc|1|2|TRO.11|8301,1,0.00443209,0.515581,0.0189299,40.0413,0.140331,5.08452e-07,1,0.00441614,0.542477,0.0189299,40.0242,0.140564,5.26336e-07,False,nan|TRO.11,1313938
130_bNAb_Combinations|1313938|vc|2|2|TRO.11|8301,1,0.00443209,0.542502,0.0189299,40.0413,0.140331,5.08452e-07,1,0.00441614,0.542477,0.0189299,40.0242,0.140564,5.26336e-07,False,nan|TRO.11,1313938
130_bNAb_Combinations|1313938|vc|3|2|TRO.11|8301,1,0.00443209,0.56958,0.0189299,40.0413,0.140331,5.08452e-07,1,0.00441614,0.542476,0.0189299,40.0242,0.140564,5.26336e-07,False,nan|TRO.11,1313938
130_bNAb_Combinations|1313938|vc|4|2|TRO.11|8301,1,0.00443209,0.528778,0.0189299,40.0413,0.140331,5.08452e-07,1,0.00441614,0.542476,0.0189299,40.0242,0.140564,5.26336e-07,False,nan|TRO.11,1313938
130_bNAb_Combinations|1313938|vc|5|2|TRO.11|8301,1,0.00443209,0.531576,0.0189299,40.0413,0.140331,5.08452e-07,1,0.00441614,0.542476,0.0189299,40.0242,0.140564,5.26336e-07,False,nan|TRO.11,1313938
130_bNAb_Combinations|1313938|vc|6|2|TRO.11|8301,1,0.00443209,0.537102,0.0189299,40.0413,0.140331,5.08452e-07,1,0.00441614,0.542477,0.0189299,40.0242,0.140564,5.26336e-07,False,nan|TRO.11,1313938
130_bNAb_Combinations|1313938|vc|7|2|TRO.11|8301,1,0.00443209,0.541671,0.0189299,40.0413,0.140331,5.08452e-07,1,0.00441614,0.542476,0.0189299,40.0242,0.140564,5.26336e-07,False,nan|TRO.11,1313938
130_bNAb_Combinations|1313938|vc|8|2|TRO.11|8301,1,0.00443209,0.553243,0.0189299,40.0413,0.140331,5.08452e-07,1,0.00441614,0.542476,0.0189299,40.0242,0.140564,5.26336e-07,False,nan|TRO.11,1313938
130_bNAb_Combinations|1313956|cc|1|1|Ce1176_A3|7023,1,0.00443208,0.551701,0.215778,40.0413,0.140328,5.08423e-07,1,0.00441613,0.542477,0.215778,40.0242,0.14056,5.26305e-07,False,nan|Ce1176_A3,1313956
130_bNAb_Combinations|1313956|cc|2|1|Ce1176_A3|7023,1,0.00443208,0.545269,0.215778,40.0413,0.140328,5.08423e-07,1,0.00441613,0.542476,0.215778,40.0242,0.14056,5.26305e-07,False,nan|Ce1176_A3,1313956
130_bNAb_Combinations|1313956|cc|3|1|Ce1176_A3|7023,1,0.00443208,0.538968,0.215778,40.0413,0.140328,5.08423e-07,1,0.00441613,0.542476,0.215778,40.0242,0.14056,5.26305e-07,False,nan|Ce1176_A3,1313956
130_bNAb_Combinations|1313956|cc|4|1|Ce1176_A3|7023,1,0.00443208,0.509866,0.215778,40.0413,0.140328,5.08423e-07,1,0.00441613,0.542476,0.215778,40.0242,0.14056,5.26305e-07,False,nan|Ce1176_A3,1313956
130_bNAb_Combinations|1313956|cc|5|1|Ce1176_A3|7023,1,0.00443208,0.53363,0.215778,40.0413,0.140328,5.08423e-07,1,0.00441613,0.542477,0.215778,40.0242,0.14056,5.26305e-07,False,nan|Ce1176_A3,1313956
130_bNAb_Combinations|1313956|cc|6|1|Ce1176_A3|7023,1,0.00443208,0.563185,0.215778,40.0413,0.140328,5.08423e-07,1,0.00441613,0.542477,0.215778,40.0242,0.14056,5.26305e-07,False,nan|Ce1176_A3,1313956
130_bNAb_Combinations|1313956|cc|7|1|Ce1176_A3|7023,1,0.00443208,0.558727,0.215778,40.0413,0.140328,5.08423e-07,1,0.00441613,0.542477,0.215778,40.0242,0.14056,5.26305e-07,False,nan|Ce1176_A3,1313956
130_bNAb_Combinations|1313956|cc|8|1|Ce1176_A3|7023,1,0.00443208,0.529993,0.215778,40.0413,0.140328,5.08423e-07,1,0.00441613,0.542477,0.215778,40.0242,0.14056,5.26305e-07,False,nan|Ce1176_A3,1313956
130_bNAb_Combinations|1313956|sample|10|Ce1176_A3|7023,1,0.00443121,0.689317,0.203446,40.0413,0.140328,5.08423e-07,1,0.00441525,0.688006,0.203446,40.0242,0.14056,5.26305e-07,True,PGT121|Ce1176_A3,1313956
130_bNAb_Combinations|1313956|sample|11|Ce1176_A3|7023,1,0.00443221,0.699243,0.0159063,40.0413,0.140328,5.08423e-07,1,0.00441625,0.692045,0.0159063,40.0242,0.14056,5.26305e-07,True,VRC07-523LS|Ce1176_A3,1313956
130_bNAb_Combinations|1313956|sample|12|Ce1176_A3|7023,1,0.00443221,0.65846,0.0159063,40.0413,0.140328,5.08423e-07,1,0.00441625,0.655652,0.0159063,40.0242,0.14056,5.26305e-07,True,VRC07-523LS|Ce1176_A3,1313956
130_bNAb_Combinations|1313956|sample|3|Ce1176_A3|7023,1,0.0044312,0.631658,0.00125352,40.0413,0.140328,5.08423e-07,1,0.00441524,0.632725,0.00125352,40.0242,0.14056,5.26305e-07,True,PGDM1400|Ce1176_A3,1313956
130_bNAb_Combinations|1313956|sample|4|Ce1176_A3|7023,1,0.0044312,0.637708,0.00125352,40.0413,0.140328,5.08423e-07,1,0.00441524,0.631435,0.00125352,40.0242,0.14056,5.26305e-07,True,PGDM1400|Ce1176_A3,1313956
130_bNAb_Combinations|1313956|sample|5|Ce1176_A3|7023,1,0.0044312,1.00024,0.00125352,40.0413,0.140328,5.08423e-07,1,0.00441524,0.985461,0.00125352,40.0242,0.14056,5.26305e-07,True,PGDM1400|Ce1176_A3,1313956
130_bNAb_Combinations|1313956|sample|6|Ce1176_A3|7023,1,0.0044312,0.975566,0.00125352,40.0413,0.140328,5.08423e-07,1,0.00441524,0.970585,0.00125352,40.0242,0.14056,5.26305e-07,True,PGDM1400|Ce1176_A3,1313956
130_bNAb_Combinations|1313956|sample|7|Ce1176_A3|7023,1,0.00443121,0.726856,0.203446,40.0413,0.140328,5.08423e-07,1,0.00441525,0.727108,0.203446,40.0242,0.14056,5.26305e-07,True,PGT121|Ce1176_A3,1313956
130_bNAb_Combinations|1313956|sample|8|Ce1176_A3|7023,1,0.00443121,0.738404,0.203446,40.0413,0.140328,5.08423e-07,1,0.00441525,0.734438,0.203446,40.0242,0.14056,5.26305e-07,True,PGT121|Ce1176_A3,1313956
130_bNAb_Combinations|1313956|sample|9|Ce1176_A3|7023,1,0.00443121,0.70544,0.203446,40.0413,0.140328,5.08423e-07,1,0.00441525,0.700385,0.203446,40.0242,0.14056,5.26305e-07,True,PGT121|Ce1176_A3,1313956
130_bNAb_Combinations|1313956|vc|1|2|Ce1176_A3|7023,1,0.00443208,0.584437,0.215778,40.0413,0.140328,5.08423e-07,1,0.00441613,0.542476,0.215778,40.0242,0.14056,5.26305e-07,False,nan|Ce1176_A3,1313956
130_bNAb_Combinations|1313956|vc|2|2|Ce1176_A3|7023,1,0.00443208,0.558115,0.215778,40.0413,0.140328,5.08423e-07,1,0.00441613,0.542476,0.215778,40.0242,0.14056,5.26305e-07,False,nan|Ce1176_A3,1313956
130_bNAb_Combinations|1313956|vc|3|2|Ce1176_A3|7023,1,0.00443208,0.516446,0.215778,40.0413,0.140328,5.08423e-07,1,0.00441613,0.542476,0.215778,40.0242,0.14056,5.26305e-07,False,nan|Ce1176_A3,1313956
130_bNAb_Combinations|1313956|vc|4|2|Ce1176_A3|7023,1,0.00443208,0.551611,0.215778,40.0413,0.140328,5.08423e-07,1,0.00441613,0.542476,0.215778,40.0242,0.14056,5.26305e-07,False,nan|Ce1176_A3,1313956
130_bNAb_Combinations|1313956|vc|5|2|Ce1176_A3|7023,1,0.00443208,0.498096,0.215778,40.0413,0.140328,5.08423e-07,1,0.00441613,0.542477,0.215778,40.0242,0.14056,5.26305e-07,False,nan|Ce1176_A3,1313956
130_bNAb_Combinations|1313956|vc|6|2|Ce1176_A3|7023,1,0.00443208,0.535366,0.215778,40.0413,0.140328,5.08423e-07,1,0.00441613,0.542476,0.215778,40.0242,0.14056,5.26305e-07,False,nan|Ce1176_A3,1313956
130_bNAb_Combinations|1313956|vc|7|2|Ce1176_A3|7023,1,0.00443208,0.531393,0.215778,40.0413,0.140328,5.08423e-07,1,0.00441613,0.542476,0.215778,40.0242,0.14056,5.26305e-07,False,nan|Ce1176_A3,1313956
130_bNAb_Combinations|1313956|vc|8|2|Ce1176_A3|7023,1,0.00443208,0.578658,0.215778,40.0413,0.140328,5.08423e-07,1,0.00441613,0.542476,0.215778,40.0242,0.14056,5.26305e-07,False,nan|Ce1176_A3,1313956
130_bNAb_Combinations|1313974|cc|1|1|nan|1176,1,0.00443208,0.564441,0.0267455,40.0413,0.140318,5.08423e-07,1,0.00441613,0.542476,0.0267455,40.0242,0.14055,5.26305e-07,False,nan|1176,1313974
130_bNAb_Combinations|1313974|cc|2|1|nan|1176,1,0.00443208,0.541372,0.0267455,40.0413,0.140318,5.08423e-07,1,0.00441613,0.542477,0.0267455,40.0242,0.14055,5.26305e-07,False,nan|1176,1313974
130_bNAb_Combinations|1313974|cc|3|1|nan|1176,1,0.00443208,0.532158,0.0267455,40.0413,0.140318,5.08423e-07,1,0.00441613,0.542476,0.0267455,40.0242,0.14055,5.26305e-07,False,nan|1176,1313974
130_bNAb_Combinations|1313974|cc|4|1|nan|1176,1,0.00443208,0.571246,0.0267455,40.0413,0.140318,5.08423e-07,1,0.00441613,0.542476,0.0267455,40.0242,0.14055,5.26305e-07,False,nan|1176,1313974
130_bNAb_Combinations|1313974|cc|5|1|nan|1176,1,0.00443208,0.553697,0.0267455,40.0413,0.140318,5.08423e-07,1,0.00441613,0.542477,0.0267455,40.0242,0.14055,5.26305e-07,False,nan|1176,1313974
130_bNAb_Combinations|1313974|cc|6|1|nan|1176,1,0.00443208,0.553817,0.0267455,40.0413,0.140318,5.08423e-07,1,0.00441613,0.542477,0.0267455,40.0242,0.14055,5.26305e-07,False,nan|1176,1313974
130_bNAb_Combinations|1313974|cc|7|1|nan|1176,1,0.00443208,0.550545,0.0267455,40.0413,0.140318,5.08423e-07,1,0.00441613,0.542476,0.0267455,40.0242,0.14055,5.26305e-07,False,nan|1176,1313974
130_bNAb_Combinations|1313974|cc|8|1|nan|1176,1,0.00443208,0.5234,0.0267455,40.0413,0.140318,5.08423e-07,1,0.00441613,0.542476,0.0267455,40.0242,0.14055,5.26305e-07,False,nan|1176,1313974
130_bNAb_Combinations|1313974|sample|10|nan|1176,1,0.0737198,0.70051,0.00211125,40.0413,0.140318,5.08423e-07,1,0.0736735,0.690822,0.00211125,40.0242,0.14055,5.26305e-07,True,PGT121|1176,1313974
130_bNAb_Combinations|1313974|sample|11|nan|1176,1,0.00443202,0.721603,0.069763,40.0413,0.140318,5.08423e-07,1,0.00441603,0.719263,0.069763,40.0242,0.14055,5.26305e-07,True,VRC07-523LS|1176,1313974
130_bNAb_Combinations|1313974|sample|12|nan|1176,1,0.00443202,0.641871,0.069763,40.0413,0.140318,5.08423e-07,1,0.00441603,0.632147,0.069763,40.0242,0.14055,5.26305e-07,True,VRC07-523LS|1176,1313974
130_bNAb_Combinations|1313974|sample|3|nan|1176,1,0.00443121,0.746012,0.0549352,40.0413,0.140318,5.08423e-07,1,0.00441526,0.755373,0.0549352,40.0242,0.14055,5.26305e-07,True,PGDM1400|1176,1313974
130_bNAb_Combinations|1313974|sample|4|nan|1176,1,0.00443121,0.783108,0.0549352,40.0413,0.140318,5.08423e-07,1,0.00441526,0.774137,0.0549352,40.0242,0.14055,5.26305e-07,True,PGDM1400|1176,1313974
130_bNAb_Combinations|1313974|sample|5|nan|1176,1,0.00443121,1.01778,0.0549352,40.0413,0.140318,5.08423e-07,1,0.00441526,1.03116,0.0549352,40.0242,0.14055,5.26305e-07,True,PGDM1400|1176,1313974
130_bNAb_Combinations|1313974|sample|6|nan|1176,1,0.00443121,1.09638,0.0549352,40.0413,0.140318,5.08423e-07,1,0.00441526,1.08369,0.0549352,40.0242,0.14055,5.26305e-07,True,PGDM1400|1176,1313974
130_bNAb_Combinations|1313974|sample|7|nan|1176,1,0.0737198,0.642288,0.00211125,40.0413,0.140318,5.08423e-07,1,0.0736735,0.628404,0.00211125,40.0242,0.14055,5.26305e-07,True,PGT121|1176,1313974
130_bNAb_Combinations|1313974|sample|8|nan|1176,1,0.0737198,0.637592,0.00211125,40.0413,0.140318,5.08423e-07,1,0.0736735,0.621576,0.00211125,40.0242,0.14055,5.26305e-07,True,PGT121|1176,1313974
130_bNAb_Combinations|1313974|sample|9|nan|1176,1,0.0737198,0.691577,0.00211125,40.0413,0.140318,5.08423e-07,1,0.0736735,0.682296,0.00211125,40.0242,0.14055,5.26305e-07,True,PGT121|1176,1313974
130_bNAb_Combinations|1313974|vc|1|2|nan|1176,1,0.00443208,0.585309,0.0267455,40.0413,0.140318,5.08423e-07,1,0.00441613,0.542476,0.0267455,40.0242,0.14055,5.26305e-07,False,nan|1176,1313974
130_bNAb_Combinations|1313974|vc|2|2|nan|1176,1,0.00443208,0.562813,0.0267455,40.0413,0.140318,5.08423e-07,1,0.00441613,0.542476,0.0267455,40.0242,0.14055,5.26305e-07,False,nan|1176,1313974
130_bNAb_Combinations|1313974|vc|3|2|nan|1176,1,0.00443208,0.548819,0.0267455,40.0413,0.140318,5.08423e-07,1,0.00441613,0.542476,0.0267455,40.0242,0.14055,5.26305e-07,False,nan|1176,1313974
130_bNAb_Combinations|1313974|vc|4|2|nan|1176,1,0.00443208,0.544812,0.0267455,40.0413,0.140318,5.08423e-07,1,0.00441613,0.542476,0.0267455,40.0242,0.14055,5.26305e-07,False,nan|1176,1313974
130_bNAb_Combinations|1313974|vc|5|2|nan|1176,1,0.00443208,0.534137,0.0267455,40.0413,0.140318,5.08423e-07,1,0.00441613,0.542476,0.0267455,40.0242,0.14055,5.26305e-07,False,nan|1176,1313974
130_bNAb_Combinations|1313974|vc|6|2|nan|1176,1,0.00443208,0.544154,0.0267455,40.0413,0.140318,5.08423e-07,1,0.00441613,0.542477,0.0267455,40.0242,0.14055,5.26305e-07,False,nan|1176,1313974
130_bNAb_Combinations|1313974|vc|7|2|nan|1176,1,0.00443208,0.533439,0.0267455,40.0413,0.140318,5.08423e-07,1,0.00441613,0.542477,0.0267455,40.0242,0.14055,5.26305e-07,False,nan|1176,1313974
130_bNAb_Combinations|1313974|vc|8|2|nan|1176,1,0.00443208,0.536087,0.0267455,40.0413,0.140318,5.08423e-07,1,0.00441613,0.542476,0.0267455,40.0242,0.14055,5.26305e-07,False,nan|1176,1313974
130_bNAb_Combinations|1313992|cc|1|1|RHPA4259.7|5371,1,0.004431,0.52462,0.00884815,40.0413,0.140301,5.10202e-07,1,0.00441505,0.542476,0.00884815,40.0242,0.140533,5.28167e-07,False,nan|RHPA4259.7,1313992
130_bNAb_Combinations|1313992|cc|2|1|RHPA4259.7|5371,1,0.004431,0.560957,0.00884815,40.0413,0.140301,5.10202e-07,1,0.00441505,0.542476,0.00884815,40.0242,0.140533,5.28167e-07,False,nan|RHPA4259.7,1313992
130_bNAb_Combinations|1313992|cc|3|1|RHPA4259.7|5371,1,0.004431,0.541401,0.00884815,40.0413,0.140301,5.10202e-07,1,0.00441505,0.542477,0.00884815,40.0242,0.140533,5.28167e-07,False,nan|RHPA4259.7,1313992
130_bNAb_Combinations|1313992|cc|4|1|RHPA4259.7|5371,1,0.004431,0.554126,0.00884815,40.0413,0.140301,5.10202e-07,1,0.00441505,0.542476,0.00884815,40.0242,0.140533,5.28167e-07,False,nan|RHPA4259.7,1313992
130_bNAb_Combinations|1313992|cc|5|1|RHPA4259.7|5371,1,0.004431,0.554899,0.00884815,40.0413,0.140301,5.10202e-07,1,0.00441505,0.542476,0.00884815,40.0242,0.140533,5.28167e-07,False,nan|RHPA4259.7,1313992
130_bNAb_Combinations|1313992|cc|6|1|RHPA4259.7|5371,1,0.004431,0.555108,0.00884815,40.0413,0.140301,5.10202e-07,1,0.00441505,0.542477,0.00884815,40.0242,0.140533,5.28167e-07,False,nan|RHPA4259.7,1313992
130_bNAb_Combinations|1313992|cc|7|1|RHPA4259.7|5371,1,0.004431,0.562103,0.00884815,40.0413,0.140301,5.10202e-07,1,0.00441505,0.542477,0.00884815,40.0242,0.140533,5.28167e-07,False,nan|RHPA4259.7,1313992
130_bNAb_Combinations|1313992|cc|8|1|RHPA4259.7|5371,1,0.004431,0.558123,0.00884815,40.0413,0.140301,5.10202e-07,1,0.00441505,0.542477,0.00884815,40.0242,0.140533,5.28167e-07,False,nan|RHPA4259.7,1313992
130_bNAb_Combinations|1313992|sample|10|RHPA4259.7|5371,1,0.00443171,0.689271,0.176651,40.0413,0.140301,5.10202e-07,1,0.00441575,0.687796,0.176651,40.0242,0.140533,5.28167e-07,True,PGT121|RHPA4259.7,1313992
130_bNAb_Combinations|1313992|sample|11|RHPA4259.7|5371,1,0.00443189,0.604901,0.134027,40.0413,0.140301,5.10202e-07,1,0.00441592,0.608609,0.134027,40.0242,0.140533,5.28167e-07,True,VRC07-523LS|RHPA4259.7,1313992
130_bNAb_Combinations|1313992|sample|12|RHPA4259.7|5371,1,0.00443189,0.636163,0.134027,40.0413,0.140301,5.10202e-07,1,0.00441592,0.636804,0.134027,40.0242,0.140533,5.28167e-07,True,VRC07-523LS|RHPA4259.7,1313992
130_bNAb_Combinations|1313992|sample|3|RHPA4259.7|5371,1,0.00443118,0.688941,0.00706093,40.0413,0.140301,5.10202e-07,1,0.00441523,0.677827,0.00706093,40.0242,0.140533,5.28167e-07,True,PGDM1400|RHPA4259.7,1313992
130_bNAb_Combinations|1313992|sample|4|RHPA4259.7|5371,1,0.00443118,0.693593,0.00706093,40.0413,0.140301,5.10202e-07,1,0.00441523,0.678137,0.00706093,40.0242,0.140533,5.28167e-07,True,PGDM1400|RHPA4259.7,1313992
130_bNAb_Combinations|1313992|sample|5|RHPA4259.7|5371,1,0.00443118,0.674255,0.00706093,40.0413,0.140301,5.10202e-07,1,0.00441523,0.666151,0.00706093,40.0242,0.140533,5.28167e-07,True,PGDM1400|RHPA4259.7,1313992
130_bNAb_Combinations|1313992|sample|6|RHPA4259.7|5371,1,0.00443118,0.668445,0.00706093,40.0413,0.140301,5.10202e-07,1,0.00441523,0.660994,0.00706093,40.0242,0.140533,5.28167e-07,True,PGDM1400|RHPA4259.7,1313992
130_bNAb_Combinations|1313992|sample|7|RHPA4259.7|5371,1,0.00443171,0.701948,0.176651,40.0413,0.140301,5.10202e-07,1,0.00441575,0.697655,0.176651,40.0242,0.140533,5.28167e-07,True,PGT121|RHPA4259.7,1313992
130_bNAb_Combinations|1313992|sample|8|RHPA4259.7|5371,1,0.00443171,0.735423,0.176651,40.0413,0.140301,5.10202e-07,1,0.00441575,0.724483,0.176651,40.0242,0.140533,5.28167e-07,True,PGT121|RHPA4259.7,1313992
130_bNAb_Combinations|1313992|sample|9|RHPA4259.7|5371,1,0.00443171,0.704665,0.176651,40.0413,0.140301,5.10202e-07,1,0.00441575,0.700137,0.176651,40.0242,0.140533,5.28167e-07,True,PGT121|RHPA4259.7,1313992
130_bNAb_Combinations|1313992|vc|1|2|RHPA4259.7|5371,1,0.004431,0.557614,0.00884815,40.0413,0.140301,5.10202e-07,1,0.00441505,0.542476,0.00884815,40.0242,0.140533,5.28167e-07,False,nan|RHPA4259.7,1313992
130_bNAb_Combinations|1313992|vc|2|2|RHPA4259.7|5371,1,0.004431,0.543585,0.00884815,40.0413,0.140301,5.10202e-07,1,0.00441505,0.542476,0.00884815,40.0242,0.140533,5.28167e-07,False,nan|RHPA4259.7,1313992
130_bNAb_Combinations|1313992|vc|3|2|RHPA4259.7|5371,1,0.004431,0.573713,0.00884815,40.0413,0.140301,5.10202e-07,1,0.00441505,0.542476,0.00884815,40.0242,0.140533,5.28167e-07,False,nan|RHPA4259.7,1313992
130_bNAb_Combinations|1313992|vc|4|2|RHPA4259.7|5371,1,0.004431,0.562356,0.00884815,40.0413,0.140301,5.10202e-07,1,0.00441505,0.542476,0.00884815,40.0242,0.140533,5.28167e-07,False,nan|RHPA4259.7,1313992
130_bNAb_Combinations|1313992|vc|5|2|RHPA4259.7|5371,1,0.004431,0.560466,0.00884815,40.0413,0.140301,5.10202e-07,1,0.00441505,0.542477,0.00884815,40.0242,0.140533,5.28167e-07,False,nan|RHPA4259.7,1313992
130_bNAb_Combinations|1313992|vc|6|2|RHPA4259.7|5371,1,0.004431,0.542398,0.00884815,40.0413,0.140301,5.10202e-07,1,0.00441505,0.542477,0.00884815,40.0242,0.140533,5.28167e-07,False,nan|RHPA4259.7,1313992
130_bNAb_Combinations|1313992|vc|7|2|RHPA4259.7|5371,1,0.004431,0.540615,0.00884815,40.0413,0.140301,5.10202e-07,1,0.00441505,0.542476,0.00884815,40.0242,0.140533,5.28167e-07,False,nan|RHPA4259.7,1313992
130_bNAb_Combinations|1313992|vc|8|2|RHPA4259.7|5371,1,0.004431,0.5543,0.00884815,40.0413,0.140301,5.10202e-07,1,0.00441505,0.542477,0.00884815,40.0242,0.140533,5.28167e-07,False,nan|RHPA4259.7,1313992
130_bNAb_Combinations|1314016|cc|1|1|nan|3430,1,0.00443203,0.515961,0.0312885,40.0413,0.140291,5.08385e-07,1,0.00441608,0.542477,0.0312885,40.0242,0.140524,5.26265e-07,False,nan|3430,1314016
130_bNAb_Combinations|1314016|cc|2|1|nan|3430,1,0.00443203,0.523799,0.0312885,40.0413,0.140291,5.08385e-07,1,0.00441608,0.542477,0.0312885,40.0242,0.140524,5.26265e-07,False,nan|3430,1314016
130_bNAb_Combinations|1314016|cc|3|1|nan|3430,1,0.00443203,0.531299,0.0312885,40.0413,0.140291,5.08385e-07,1,0.00441608,0.542477,0.0312885,40.0242,0.140524,5.26265e-07,False,nan|3430,1314016
130_bNAb_Combinations|1314016|cc|4|1|nan|3430,1,0.00443203,0.540131,0.0312885,40.0413,0.140291,5.08385e-07,1,0.00441608,0.542476,0.0312885,40.0242,0.140524,5.26265e-07,False,nan|3430,1314016
130_bNAb_Combinations|1314016|cc|5|1|nan|3430,1,0.00443203,0.549686,0.0312885,40.0413,0.140291,5.08385e-07,1,0.00441608,0.542477,0.0312885,40.0242,0.140524,5.26265e-07,False,nan|3430,1314016
130_bNAb_Combinations|1314016|cc|6|1|nan|3430,1,0.00443203,0.581955,0.0312885,40.0413,0.140291,5.08385e-07,1,0.00441608,0.542477,0.0312885,40.0242,0.140524,5.26265e-07,False,nan|3430,1314016
130_bNAb_Combinations|1314016|cc|7|1|nan|3430,1,0.00443203,0.507449,0.0312885,40.0413,0.140291,5.08385e-07,1,0.00441608,0.542477,0.0312885,40.0242,0.140524,5.26265e-07,False,nan|3430,1314016
130_bNAb_Combinations|1314016|cc|8|1|nan|3430,1,0.00443203,0.54943,0.0312885,40.0413,0.140291,5.08385e-07,1,0.00441608,0.542476,0.0312885,40.0242,0.140524,5.26265e-07,False,nan|3430,1314016
130_bNAb_Combinations|1314016|sample|10|nan|3430,1,0.00443116,0.639155,0.0334127,40.0413,0.140291,5.08385e-07,1,0.0044152,0.638139,0.0334127,40.0242,0.140524,5.26265e-07,True,PGT121|3430,1314016
130_bNAb_Combinations|1314016|sample|11|nan|3430,1,0.00443221,0.665175,0.0699248,40.0413,0.140291,5.08385e-07,1,0.00441622,0.654512,0.0699248,40.0242,0.140524,5.26265e-07,True,VRC07-523LS|3430,1314016
130_bNAb_Combinations|1314016|sample|12|nan|3430,1,0.00443221,0.65742,0.0699248,40.0413,0.140291,5.08385e-07,1,0.00441622,0.645029,0.0699248,40.0242,0.140524,5.26265e-07,True,VRC07-523LS|3430,1314016
130_bNAb_Combinations|1314016|sample|3|nan|3430,1,0.00443123,0.687112,0.805651,40.0413,0.140291,5.08385e-07,1,0.00441527,0.686005,0.805651,40.0242,0.140524,5.26265e-07,True,PGDM1400|3430,1314016
130_bNAb_Combinations|1314016|sample|4|nan|3430,1,0.00443123,0.69729,0.805651,40.0413,0.140291,5.08385e-07,1,0.00441527,0.692824,0.805651,40.0242,0.140524,5.26265e-07,True,PGDM1400|3430,1314016
130_bNAb_Combinations|1314016|sample|5|nan|3430,1,0.00443123,0.710338,0.805651,40.0413,0.140291,5.08385e-07,1,0.00441527,0.68966,0.805651,40.0242,0.140524,5.26265e-07,True,PGDM1400|3430,1314016
130_bNAb_Combinations|1314016|sample|6|nan|3430,1,0.00443123,0.67841,0.805651,40.0413,0.140291,5.08385e-07,1,0.00441527,0.666895,0.805651,40.0242,0.140524,5.26265e-07,True,PGDM1400|3430,1314016
130_bNAb_Combinations|1314016|sample|7|nan|3430,1,0.00443116,0.673507,0.0334127,40.0413,0.140291,5.08385e-07,1,0.0044152,0.668338,0.0334127,40.0242,0.140524,5.26265e-07,True,PGT121|3430,1314016
130_bNAb_Combinations|1314016|sample|8|nan|3430,1,0.00443116,0.703332,0.0334127,40.0413,0.140291,5.08385e-07,1,0.0044152,0.710642,0.0334127,40.0242,0.140524,5.26265e-07,True,PGT121|3430,1314016
130_bNAb_Combinations|1314016|sample|9|nan|3430,1,0.00443116,0.676273,0.0334127,40.0413,0.140291,5.08385e-07,1,0.0044152,0.663806,0.0334127,40.0242,0.140524,5.26265e-07,True,PGT121|3430,1314016
130_bNAb_Combinations|1314016|vc|1|2|nan|3430,1,0.00443203,0.525066,0.0312885,40.0413,0.140291,5.08385e-07,1,0.00441608,0.542476,0.0312885,40.0242,0.140524,5.26265e-07,False,nan|3430,1314016
130_bNAb_Combinations|1314016|vc|2|2|nan|3430,1,0.00443203,0.561742,0.0312885,40.0413,0.140291,5.08385e-07,1,0.00441608,0.542476,0.0312885,40.0242,0.140524,5.26265e-07,False,nan|3430,1314016
130_bNAb_Combinations|1314016|vc|3|2|nan|3430,1,0.00443203,0.516203,0.0312885,40.0413,0.140291,5.08385e-07,1,0.00441608,0.542476,0.0312885,40.0242,0.140524,5.26265e-07,False,nan|3430,1314016
130_bNAb_Combinations|1314016|vc|4|2|nan|3430,1,0.00443203,0.543423,0.0312885,40.0413,0.140291,5.08385e-07,1,0.00441608,0.542476,0.0312885,40.0242,0.140524,5.26265e-07,False,nan|3430,1314016
130_bNAb_Combinations|1314016|vc|5|2|nan|3430,1,0.00443203,0.540585,0.0312885,40.0413,0.140291,5.08385e-07,1,0.00441608,0.542477,0.0312885,40.0242,0.140524,5.26265e-07,False,nan|3430,1314016
130_bNAb_Combinations|1314016|vc|6|2|nan|3430,1,0.00443203,0.521759,0.0312885,40.0413,0.140291,5.08385e-07,1,0.00441608,0.542477,0.0312885,40.0242,0.140524,5.26265e-07,False,nan|3430,1314016
130_bNAb_Combinations|1314016|vc|7|2|nan|3430,1,0.00443203,0.561854,0.0312885,40.0413,0.140291,5.08385e-07,1,0.00441608,0.542476,0.0312885,40.0242,0.140524,5.26265e-07,False,nan|3430,1314016
130_bNAb_Combinations|1314016|vc|8|2|nan|3430,1,0.00443203,0.537507,0.0312885,40.0413,0.140291,5.08385e-07,1,0.00441608,0.542476,0.0312885,40.0242,0.140524,5.26265e-07,False,nan|3430,1314016
130_bNAb_Combinations|1314040|cc|1|1|nan|4166,1,0.00443202,0.538007,0.00359643,40.0413,0.140325,5.08438e-07,1,0.00441607,0.542477,0.00359643,40.0242,0.140558,5.2632e-07,False,nan|4166,1314040
130_bNAb_Combinations|1314040|cc|2|1|nan|4166,1,0.00443202,0.5175,0.00359643,40.0413,0.140325,5.08438e-07,1,0.00441607,0.542477,0.00359643,40.0242,0.140558,5.2632e-07,False,nan|4166,1314040
130_bNAb_Combinations|1314040|cc|3|1|nan|4166,1,0.00443202,0.557464,0.00359643,40.0413,0.140325,5.08438e-07,1,0.00441607,0.542476,0.00359643,40.0242,0.140558,5.2632e-07,False,nan|4166,1314040
130_bNAb_Combinations|1314040|cc|4|1|nan|4166,1,0.00443202,0.541782,0.00359643,40.0413,0.140325,5.08438e-07,1,0.00441607,0.542476,0.00359643,40.0242,0.140558,5.2632e-07,False,nan|4166,1314040
130_bNAb_Combinations|1314040|cc|5|1|nan|4166,1,0.00443202,0.541376,0.00359643,40.0413,0.140325,5.08438e-07,1,0.00441607,0.542477,0.00359643,40.0242,0.140558,5.2632e-07,False,nan|4166,1314040
130_bNAb_Combinations|1314040|cc|6|1|nan|4166,1,0.00443202,0.539257,0.00359643,40.0413,0.140325,5.08438e-07,1,0.00441607,0.542477,0.00359643,40.0242,0.140558,5.2632e-07,False,nan|4166,1314040
130_bNAb_Combinations|1314040|cc|7|1|nan|4166,1,0.00443202,0.550344,0.00359643,40.0413,0.140325,5.08438e-07,1,0.00441607,0.542476,0.00359643,40.0242,0.140558,5.2632e-07,False,nan|4166,1314040
130_bNAb_Combinations|1314040|cc|8|1|nan|4166,1,0.00443202,0.583893,0.00359643,40.0413,0.140325,5.08438e-07,1,0.00441607,0.542477,0.00359643,40.0242,0.140558,5.2632e-07,False,nan|4166,1314040
130_bNAb_Combinations|1314040|sample|10|nan|4166,1,0.000805841,0.688575,0.339958,40.0413,0.140325,5.08438e-07,1,0.000780806,0.675931,0.339958,40.0242,0.140558,5.2632e-07,True,PGT121|4166,1314040
130_bNAb_Combinations|1314040|sample|11|nan|4166,1,0.00443155,0.702535,0.212352,40.0413,0.140325,5.08438e-07,1,0.00441559,0.696976,0.212352,40.0242,0.140558,5.2632e-07,True,VRC07-523LS|4166,1314040
130_bNAb_Combinations|1314040|sample|12|nan|4166,1,0.00443155,0.651072,0.212352,40.0413,0.140325,5.08438e-07,1,0.00441559,0.64567,0.212352,40.0242,0.140558,5.2632e-07,True,VRC07-523LS|4166,1314040
130_bNAb_Combinations|1314040|sample|3|nan|4166,1,0.00443122,0.67967,0.406782,40.0413,0.140325,5.08438e-07,1,0.00441526,0.676653,0.406782,40.0242,0.140558,5.2632e-07,True,PGDM1400|4166,1314040
130_bNAb_Combinations|1314040|sample|4|nan|4166,1,0.00443122,0.828603,0.406782,40.0413,0.140325,5.08438e-07,1,0.00441526,0.845927,0.406782,40.0242,0.140558,5.2632e-07,True,PGDM1400|4166,1314040
130_bNAb_Combinations|1314040|sample|5|nan|4166,1,0.00443122,0.698618,0.406782,40.0413,0.140325,5.08438e-07,1,0.00441526,0.692542,0.406782,40.0242,0.140558,5.2632e-07,True,PGDM1400|4166,1314040
130_bNAb_Combinations|1314040|sample|6|nan|4166,1,0.00443122,0.704494,0.406782,40.0413,0.140325,5.08438e-07,1,0.00441526,0.696876,0.406782,40.0242,0.140558,5.2632e-07,True,PGDM1400|4166,1314040
130_bNAb_Combinations|1314040|sample|7|nan|4166,1,0.000805841,0.735897,0.339958,40.0413,0.140325,5.08438e-07,1,0.000780806,0.729353,0.339958,40.0242,0.140558,5.2632e-07,True,PGT121|4166,1314040
130_bNAb_Combinations|1314040|sample|8|nan|4166,1,0.000805841,0.744157,0.339958,40.0413,0.140325,5.08438e-07,1,0.000780806,0.74165,0.339958,40.0242,0.140558,5.2632e-07,True,PGT121|4166,1314040
130_bNAb_Combinations|1314040|sample|9|nan|4166,1,0.000805841,0.726471,0.339958,40.0413,0.140325,5.08438e-07,1,0.000780806,0.718294,0.339958,40.0242,0.140558,5.2632e-07,True,PGT121|4166,1314040
130_bNAb_Combinations|1314040|vc|1|2|nan|4166,1,0.00443202,0.566166,0.00359643,40.0413,0.140325,5.08438e-07,1,0.00441607,0.542477,0.00359643,40.0242,0.140558,5.2632e-07,False,nan|4166,1314040
130_bNAb_Combinations|1314040|vc|2|2|nan|4166,1,0.00443202,0.527389,0.00359643,40.0413,0.140325,5.08438e-07,1,0.00441607,0.542476,0.00359643,40.0242,0.140558,5.2632e-07,False,nan|4166,1314040
130_bNAb_Combinations|1314040|vc|3|2|nan|4166,1,0.00443202,0.577213,0.00359643,40.0413,0.140325,5.08438e-07,1,0.00441607,0.542476,0.00359643,40.0242,0.140558,5.2632e-07,False,nan|4166,1314040
130_bNAb_Combinations|1314040|vc|4|2|nan|4166,1,0.00443202,0.572013,0.00359643,40.0413,0.140325,5.08438e-07,1,0.00441607,0.542477,0.00359643,40.0242,0.140558,5.2632e-07,False,nan|4166,1314040
130_bNAb_Combinations|1314040|vc|5|2|nan|4166,1,0.00443202,0.563776,0.00359643,40.0413,0.140325,5.08438e-07,1,0.00441607,0.542477,0.00359643,40.0242,0.140558,5.2632e-07,False,nan|4166,1314040
130_bNAb_Combinations|1314040|vc|6|2|nan|4166,1,0.00443202,0.532621,0.00359643,40.0413,0.140325,5.08438e-07,1,0.00441607,0.542477,0.00359643,40.0242,0.140558,5.2632e-07,False,nan|4166,1314040
130_bNAb_Combinations|1314040|vc|7|2|nan|4166,1,0.00443202,0.536471,0.00359643,40.0413,0.140325,5.08438e-07,1,0.00441607,0.542477,0.00359643,40.0242,0.140558,5.2632e-07,False,nan|4166,1314040
130_bNAb_Combinations|1314040|vc|8|2|nan|4166,1,0.00443202,0.543436,0.00359643,40.0413,0.140325,5.08438e-07,1,0.00441607,0.542477,0.00359643,40.0242,0.140558,5.2632e-07,False,nan|4166,1314040
130_bNAb_Combinations|1314058|cc|1|1|nan|2944,1,0.00443096,0.566111,0.0430044,40.0413,0.140328,5.0905e-07,1,0.00441502,0.542477,0.0430044,40.0242,0.14056,5.26945e-07,False,nan|2944,1314058
130_bNAb_Combinations|1314058|cc|2|1|nan|2944,1,0.00443096,0.572624,0.0430044,40.0413,0.140328,5.0905e-07,1,0.00441502,0.542476,0.0430044,40.0242,0.14056,5.26945e-07,False,nan|2944,1314058
130_bNAb_Combinations|1314058|cc|3|1|nan|2944,1,0.00443096,0.550445,0.0430044,40.0413,0.140328,5.0905e-07,1,0.00441502,0.542476,0.0430044,40.0242,0.14056,5.26945e-07,False,nan|2944,1314058
130_bNAb_Combinations|1314058|cc|4|1|nan|2944,1,0.00443096,0.513794,0.0430044,40.0413,0.140328,5.0905e-07,1,0.00441502,0.542476,0.0430044,40.0242,0.14056,5.26945e-07,False,nan|2944,1314058
130_bNAb_Combinations|1314058|cc|5|1|nan|2944,1,0.00443096,0.564613,0.0430044,40.0413,0.140328,5.0905e-07,1,0.00441502,0.542477,0.0430044,40.0242,0.14056,5.26945e-07,False,nan|2944,1314058
130_bNAb_Combinations|1314058|cc|6|1|nan|2944,1,0.00443096,0.567433,0.0430044,40.0413,0.140328,5.0905e-07,1,0.00441502,0.542476,0.0430044,40.0242,0.14056,5.26945e-07,False,nan|2944,1314058
130_bNAb_Combinations|1314058|cc|7|1|nan|2944,1,0.00443096,0.532732,0.0430044,40.0413,0.140328,5.0905e-07,1,0.00441502,0.542476,0.0430044,40.0242,0.14056,5.26945e-07,False,nan|2944,1314058
130_bNAb_Combinations|1314058|cc|8|1|nan|2944,1,0.00443096,0.572481,0.0430044,40.0413,0.140328,5.0905e-07,1,0.00441502,0.542476,0.0430044,40.0242,0.14056,5.26945e-07,False,nan|2944,1314058
130_bNAb_Combinations|1314058|sample|10|nan|2944,1,0.00443286,0.70104,0.279322,40.0413,0.140328,5.0905e-07,1,0.00441687,0.688586,0.279322,40.0242,0.14056,5.26945e-07,True,PGT121|2944,1314058
130_bNAb_Combinations|1314058|sample|11|nan|2944,1,0.00443213,0.677563,0.0408197,40.0413,0.140328,5.0905e-07,1,0.00441616,0.668084,0.0408197,40.0242,0.14056,5.26945e-07,True,VRC07-523LS|2944,1314058
130_bNAb_Combinations|1314058|sample|12|nan|2944,1,0.00443213,0.656181,0.0408197,40.0413,0.140328,5.0905e-07,1,0.00441616,0.652318,0.0408197,40.0242,0.14056,5.26945e-07,True,VRC07-523LS|2944,1314058
130_bNAb_Combinations|1314058|sample|3|nan|2944,1,0.00443138,0.750404,2.31369,40.0413,0.140328,5.0905e-07,1,0.00441542,0.734975,2.31369,40.0242,0.14056,5.26945e-07,True,PGDM1400|2944,1314058
130_bNAb_Combinations|1314058|sample|4|nan|2944,1,0.00443138,0.750658,2.31369,40.0413,0.140328,5.0905e-07,1,0.00441542,0.726219,2.31369,40.0242,0.14056,5.26945e-07,True,PGDM1400|2944,1314058
130_bNAb_Combinations|1314058|sample|5|nan|2944,1,0.00443138,0.715713,2.31369,40.0413,0.140328,5.0905e-07,1,0.00441542,0.710272,2.31369,40.0242,0.14056,5.26945e-07,True,PGDM1400|2944,1314058
130_bNAb_Combinations|1314058|sample|6|nan|2944,1,0.00443138,0.672731,2.31369,40.0413,0.140328,5.0905e-07,1,0.00441542,0.660635,2.31369,40.0242,0.14056,5.26945e-07,True,PGDM1400|2944,1314058
130_bNAb_Combinations|1314058|sample|7|nan|2944,1,0.00443286,0.678478,0.279322,40.0413,0.140328,5.0905e-07,1,0.00441687,0.672938,0.279322,40.0242,0.14056,5.26945e-07,True,PGT121|2944,1314058
130_bNAb_Combinations|1314058|sample|8|nan|2944,1,0.00443286,0.722711,0.279322,40.0413,0.140328,5.0905e-07,1,0.00441687,0.713163,0.279322,40.0242,0.14056,5.26945e-07,True,PGT121|2944,1314058
130_bNAb_Combinations|1314058|sample|9|nan|2944,1,0.00443286,0.679378,0.279322,40.0413,0.140328,5.0905e-07,1,0.00441687,0.674,0.279322,40.0242,0.14056,5.26945e-07,True,PGT121|2944,1314058
130_bNAb_Combinations|1314058|vc|1|2|nan|2944,1,0.00443096,0.537808,0.0430044,40.0413,0.140328,5.0905e-07,1,0.00441502,0.542476,0.0430044,40.0242,0.14056,5.26945e-07,False,nan|2944,1314058
130_bNAb_Combinations|1314058|vc|2|2|nan|2944,1,0.00443096,0.549702,0.0430044,40.0413,0.140328,5.0905e-07,1,0.00441502,0.542476,0.0430044,40.0242,0.14056,5.26945e-07,False,nan|2944,1314058
130_bNAb_Combinations|1314058|vc|3|2|nan|2944,1,0.00443096,0.537839,0.0430044,40.0413,0.140328,5.0905e-07,1,0.00441502,0.542476,0.0430044,40.0242,0.14056,5.26945e-07,False,nan|2944,1314058
130_bNAb_Combinations|1314058|vc|4|2|nan|2944,1,0.00443096,0.536529,0.0430044,40.0413,0.140328,5.0905e-07,1,0.00441502,0.542477,0.0430044,40.0242,0.14056,5.26945e-07,False,nan|2944,1314058
130_bNAb_Combinations|1314058|vc|5|2|nan|2944,1,0.00443096,0.578846,0.0430044,40.0413,0.140328,5.0905e-07,1,0.00441502,0.542477,0.0430044,40.0242,0.14056,5.26945e-07,False,nan|2944,1314058
130_bNAb_Combinations|1314058|vc|6|2|nan|2944,1,0.00443096,0.54592,0.0430044,40.0413,0.140328,5.0905e-07,1,0.00441502,0.542477,0.0430044,40.0242,0.14056,5.26945e-07,False,nan|2944,1314058
130_bNAb_Combinations|1314058|vc|7|2|nan|2944,1,0.00443096,0.571328,0.0430044,40.0413,0.140328,5.0905e-07,1,0.00441502,0.542477,0.0430044,40.0242,0.14056,5.26945e-07,False,nan|2944,1314058
130_bNAb_Combinations|1314058|vc|8|2|nan|2944,1,0.00443096,0.566217,0.0430044,40.0413,0.140328,5.0905e-07,1,0.00441502,0.542476,0.0430044,40.0242,0.14056,5.26945e-07,False,nan|2944,1314058
130_bNAb_Combinations|1342240|cc|1|1|nan|1798,1,0.00443208,0.544702,0.00668546,40.0413,0.0855087,5.08421e-07,1,0.00441612,0.542477,0.00668546,40.0242,0.0889494,5.26303e-07,False,nan|1798,1342240
130_bNAb_Combinations|1342240|cc|2|1|nan|1798,1,0.00443208,0.558199,0.00668546,40.0413,0.0855087,5.08421e-07,1,0.00441612,0.542477,0.00668546,40.0242,0.0889494,5.26303e-07,False,nan|1798,1342240
130_bNAb_Combinations|1342240|cc|3|1|nan|1798,1,0.00443208,0.542183,0.00668546,40.0413,0.0855087,5.08421e-07,1,0.00441612,0.542477,0.00668546,40.0242,0.0889494,5.26303e-07,False,nan|1798,1342240
130_bNAb_Combinations|1342240|cc|4|1|nan|1798,1,0.00443208,0.527404,0.00668546,40.0413,0.0855087,5.08421e-07,1,0.00441612,0.542477,0.00668546,40.0242,0.0889494,5.26303e-07,False,nan|1798,1342240
130_bNAb_Combinations|1342240|cc|5|1|nan|1798,1,0.00443208,0.533576,0.00668546,40.0413,0.0855087,5.08421e-07,1,0.00441612,0.542477,0.00668546,40.0242,0.0889494,5.26303e-07,False,nan|1798,1342240
130_bNAb_Combinations|1342240|cc|6|1|nan|1798,1,0.00443208,0.542819,0.00668546,40.0413,0.0855087,5.08421e-07,1,0.00441612,0.542477,0.00668546,40.0242,0.0889494,5.26303e-07,False,nan|1798,1342240
130_bNAb_Combinations|1342240|cc|7|1|nan|1798,1,0.00443208,0.552903,0.00668546,40.0413,0.0855087,5.08421e-07,1,0.00441612,0.542476,0.00668546,40.0242,0.0889494,5.26303e-07,False,nan|1798,1342240
130_bNAb_Combinations|1342240|cc|8|1|nan|1798,1,0.00443208,0.536584,0.00668546,40.0413,0.0855087,5.08421e-07,1,0.00441612,0.542476,0.00668546,40.0242,0.0889494,5.26303e-07,False,nan|1798,1342240
130_bNAb_Combinations|1342240|sample|3|nan|1798,1,0.00443223,0.740829,0.0112509,40.0413,0.0855087,5.08421e-07,1,0.00441629,0.734737,0.0112509,40.0242,0.0889494,5.26303e-07,True,VRC07-523LS|1798,1342240
130_bNAb_Combinations|1342240|sample|4|nan|1798,1,0.00443223,0.731966,0.0112509,40.0413,0.0855087,5.08421e-07,1,0.00441629,0.731957,0.0112509,40.0242,0.0889494,5.26303e-07,True,VRC07-523LS|1798,1342240
130_bNAb_Combinations|1342240|sample|8|nan|1798,1,0.00443223,0.737659,0.0112509,40.0413,0.0855087,5.08421e-07,1,0.00441629,0.727984,0.0112509,40.0242,0.0889494,5.26303e-07,True,VRC07-523LS|1798,1342240
130_bNAb_Combinations|1342240|vc|1|2|nan|1798,1,0.00443208,0.530593,0.00668546,40.0413,0.0855087,5.08421e-07,1,0.00441612,0.542477,0.00668546,40.0242,0.0889494,5.26303e-07,False,nan|1798,1342240
130_bNAb_Combinations|1342240|vc|2|2|nan|1798,1,0.00443208,0.535745,0.00668546,40.0413,0.0855087,5.08421e-07,1,0.00441612,0.542476,0.00668546,40.0242,0.0889494,5.26303e-07,False,nan|1798,1342240
130_bNAb_Combinations|1342240|vc|3|2|nan|1798,1,0.00443208,0.539919,0.00668546,40.0413,0.0855087,5.08421e-07,1,0.00441612,0.542476,0.00668546,40.0242,0.0889494,5.26303e-07,False,nan|1798,1342240
130_bNAb_Combinations|1342240|vc|4|2|nan|1798,1,0.00443208,0.577197,0.00668546,40.0413,0.0855087,5.08421e-07,1,0.00441612,0.542477,0.00668546,40.0242,0.0889494,5.26303e-07,False,nan|1798,1342240
130_bNAb_Combinations|1342240|vc|5|2|nan|1798,1,0.00443208,0.516352,0.00668546,40.0413,0.0855087,5.08421e-07,1,0.00441612,0.542477,0.00668546,40.0242,0.0889494,5.26303e-07,False,nan|1798,1342240
130_bNAb_Combinations|1342240|vc|6|2|nan|1798,1,0.00443208,0.528364,0.00668546,40.0413,0.0855087,5.08421e-07,1,0.00441612,0.542476,0.00668546,40.0242,0.0889494,5.26303e-07,False,nan|1798,1342240
130_bNAb_Combinations|1342240|vc|7|2|nan|1798,1,0.00443208,0.536659,0.00668546,40.0413,0.0855087,5.08421e-07,1,0.00441612,0.542477,0.00668546,40.0242,0.0889494,5.26303e-07,False,nan|1798,1342240
130_bNAb_Combinations|1342240|vc|8|2|nan|1798,1,0.00443208,0.558621,0.00668546,40.0413,0.0855087,5.08421e-07,1,0.00441612,0.542477,0.00668546,40.0242,0.0889494,5.26303e-07,False,nan|1798,1342240
130_bNAb_Combinations|1342258|cc|1|1|TRO.11|8301,1,0.00443209,0.549214,0.0189299,40.0413,0.140327,5.08432e-07,1,0.00441614,0.542476,0.0189299,40.0242,0.140559,5.26314e-07,False,nan|TRO.11,1342258
130_bNAb_Combinations|1342258|cc|2|1|TRO.11|8301,1,0.00443209,0.555194,0.0189299,40.0413,0.140327,5.08432e-07,1,0.00441614,0.542476,0.0189299,40.0242,0.140559,5.26314e-07,False,nan|TRO.11,1342258
130_bNAb_Combinations|1342258|cc|3|1|TRO.11|8301,1,0.00443209,0.531313,0.0189299,40.0413,0.140327,5.08432e-07,1,0.00441614,0.542477,0.0189299,40.0242,0.140559,5.26314e-07,False,nan|TRO.11,1342258
130_bNAb_Combinations|1342258|cc|4|1|TRO.11|8301,1,0.00443209,0.524379,0.0189299,40.0413,0.140327,5.08432e-07,1,0.00441614,0.542476,0.0189299,40.0242,0.140559,5.26314e-07,False,nan|TRO.11,1342258
130_bNAb_Combinations|1342258|cc|5|1|TRO.11|8301,1,0.00443209,0.585241,0.0189299,40.0413,0.140327,5.08432e-07,1,0.00441614,0.542476,0.0189299,40.0242,0.140559,5.26314e-07,False,nan|TRO.11,1342258
130_bNAb_Combinations|1342258|cc|6|1|TRO.11|8301,1,0.00443209,0.519636,0.0189299,40.0413,0.140327,5.08432e-07,1,0.00441614,0.542477,0.0189299,40.0242,0.140559,5.26314e-07,False,nan|TRO.11,1342258
130_bNAb_Combinations|1342258|cc|7|1|TRO.11|8301,1,0.00443209,0.523303,0.0189299,40.0413,0.140327,5.08432e-07,1,0.00441614,0.542476,0.0189299,40.0242,0.140559,5.26314e-07,False,nan|TRO.11,1342258
130_bNAb_Combinations|1342258|cc|8|1|TRO.11|8301,1,0.00443209,0.54842,0.0189299,40.0413,0.140327,5.08432e-07,1,0.00441614,0.542476,0.0189299,40.0242,0.140559,5.26314e-07,False,nan|TRO.11,1342258
130_bNAb_Combinations|1342258|sample|3|TRO.11|8301,1,0.00443146,0.723246,0.0373977,40.0413,0.140327,5.08432e-07,1,0.00441551,0.710373,0.0373977,40.0242,0.140559,5.26314e-07,True,VRC07-523LS|TRO.11,1342258
130_bNAb_Combinations|1342258|sample|4|TRO.11|8301,1,0.00443146,0.727314,0.0373977,40.0413,0.140327,5.08432e-07,1,0.00441551,0.71904,0.0373977,40.0242,0.140559,5.26314e-07,True,VRC07-523LS|TRO.11,1342258
130_bNAb_Combinations|1342258|vc|1|2|TRO.11|8301,1,0.00443209,0.537072,0.0189299,40.0413,0.140327,5.08432e-07,1,0.00441614,0.542476,0.0189299,40.0242,0.140559,5.26314e-07,False,nan|TRO.11,1342258
130_bNAb_Combinations|1342258|vc|2|2|TRO.11|8301,1,0.00443209,0.554078,0.0189299,40.0413,0.140327,5.08432e-07,1,0.00441614,0.542477,0.0189299,40.0242,0.140559,5.26314e-07,False,nan|TRO.11,1342258
130_bNAb_Combinations|1342258|vc|3|2|TRO.11|8301,1,0.00443209,0.560999,0.0189299,40.0413,0.140327,5.08432e-07,1,0.00441614,0.542477,0.0189299,40.0242,0.140559,5.26314e-07,False,nan|TRO.11,1342258
130_bNAb_Combinations|1342258|vc|4|2|TRO.11|8301,1,0.00443209,0.562907,0.0189299,40.0413,0.140327,5.08432e-07,1,0.00441614,0.542477,0.0189299,40.0242,0.140559,5.26314e-07,False,nan|TRO.11,1342258
130_bNAb_Combinations|1342258|vc|5|2|TRO.11|8301,1,0.00443209,0.530325,0.0189299,40.0413,0.140327,5.08432e-07,1,0.00441614,0.542477,0.0189299,40.0242,0.140559,5.26314e-07,False,nan|TRO.11,1342258
130_bNAb_Combinations|1342258|vc|6|2|TRO.11|8301,1,0.00443209,0.535073,0.0189299,40.0413,0.140327,5.08432e-07,1,0.00441614,0.542477,0.0189299,40.0242,0.140559,5.26314e-07,False,nan|TRO.11,1342258
130_bNAb_Combinations|1342258|vc|7|2|TRO.11|8301,1,0.00443209,0.536058,0.0189299,40.0413,0.140327,5.08432e-07,1,0.00441614,0.542477,0.0189299,40.0242,0.140559,5.26314e-07,False,nan|TRO.11,1342258
130_bNAb_Combinations|1342258|vc|8|2|TRO.11|8301,1,0.00443209,0.525149,0.0189299,40.0413,0.140327,5.08432e-07,1,0.00441614,0.542476,0.0189299,40.0242,0.140559,5.26314e-07,False,nan|TRO.11,1342258
130_bNAb_Combinations|1342276|cc|1|1|Ce1176_A3|7023,1,0.00443208,0.532655,0.215778,40.0413,0.140326,5.08452e-07,1,0.00441613,0.542476,0.215778,40.0242,0.140558,5.26334e-07,False,nan|Ce1176_A3,1342276
130_bNAb_Combinations|1342276|cc|2|1|Ce1176_A3|7023,1,0.00443208,0.543829,0.215778,40.0413,0.140326,5.08452e-07,1,0.00441613,0.542476,0.215778,40.0242,0.140558,5.26334e-07,False,nan|Ce1176_A3,1342276
130_bNAb_Combinations|1342276|cc|3|1|Ce1176_A3|7023,1,0.00443208,0.539185,0.215778,40.0413,0.140326,5.08452e-07,1,0.00441613,0.542476,0.215778,40.0242,0.140558,5.26334e-07,False,nan|Ce1176_A3,1342276
130_bNAb_Combinations|1342276|cc|4|1|Ce1176_A3|7023,1,0.00443208,0.546353,0.215778,40.0413,0.140326,5.08452e-07,1,0.00441613,0.542476,0.215778,40.0242,0.140558,5.26334e-07,False,nan|Ce1176_A3,1342276
130_bNAb_Combinations|1342276|cc|5|1|Ce1176_A3|7023,1,0.00443208,0.556611,0.215778,40.0413,0.140326,5.08452e-07,1,0.00441613,0.542477,0.215778,40.0242,0.140558,5.26334e-07,False,nan|Ce1176_A3,1342276
130_bNAb_Combinations|1342276|cc|6|1|Ce1176_A3|7023,1,0.00443208,0.54917,0.215778,40.0413,0.140326,5.08452e-07,1,0.00441613,0.542476,0.215778,40.0242,0.140558,5.26334e-07,False,nan|Ce1176_A3,1342276
130_bNAb_Combinations|1342276|cc|7|1|Ce1176_A3|7023,1,0.00443208,0.528234,0.215778,40.0413,0.140326,5.08452e-07,1,0.00441613,0.542477,0.215778,40.0242,0.140558,5.26334e-07,False,nan|Ce1176_A3,1342276
130_bNAb_Combinations|1342276|cc|8|1|Ce1176_A3|7023,1,0.00443208,0.541044,0.215778,40.0413,0.140326,5.08452e-07,1,0.00441613,0.542476,0.215778,40.0242,0.140558,5.26334e-07,False,nan|Ce1176_A3,1342276
130_bNAb_Combinations|1342276|sample|3|Ce1176_A3|7023,1,0.00443221,0.756402,0.0159063,40.0413,0.140326,5.08452e-07,1,0.00441625,0.744003,0.0159063,40.0242,0.140558,5.26334e-07,True,VRC07-523LS|Ce1176_A3,1342276
130_bNAb_Combinations|1342276|sample|4|Ce1176_A3|7023,1,0.00443221,0.767649,0.0159063,40.0413,0.140326,5.08452e-07,1,0.00441625,0.761581,0.0159063,40.0242,0.140558,5.26334e-07,True,VRC07-523LS|Ce1176_A3,1342276
130_bNAb_Combinations|1342276|vc|1|2|Ce1176_A3|7023,1,0.00443208,0.549532,0.215778,40.0413,0.140326,5.08452e-07,1,0.00441613,0.542477,0.215778,40.0242,0.140558,5.26334e-07,False,nan|Ce1176_A3,1342276
130_bNAb_Combinations|1342276|vc|2|2|Ce1176_A3|7023,1,0.00443208,0.549253,0.215778,40.0413,0.140326,5.08452e-07,1,0.00441613,0.542476,0.215778,40.0242,0.140558,5.26334e-07,False,nan|Ce1176_A3,1342276
130_bNAb_Combinations|1342276|vc|3|2|Ce1176_A3|7023,1,0.00443208,0.528343,0.215778,40.0413,0.140326,5.08452e-07,1,0.00441613,0.542476,0.215778,40.0242,0.140558,5.26334e-07,False,nan|Ce1176_A3,1342276
130_bNAb_Combinations|1342276|vc|4|2|Ce1176_A3|7023,1,0.00443208,0.536402,0.215778,40.0413,0.140326,5.08452e-07,1,0.00441613,0.542476,0.215778,40.0242,0.140558,5.26334e-07,False,nan|Ce1176_A3,1342276
130_bNAb_Combinations|1342276|vc|5|2|Ce1176_A3|7023,1,0.00443208,0.548837,0.215778,40.0413,0.140326,5.08452e-07,1,0.00441613,0.542476,0.215778,40.0242,0.140558,5.26334e-07,False,nan|Ce1176_A3,1342276
130_bNAb_Combinations|1342276|vc|6|2|Ce1176_A3|7023,1,0.00443208,0.554209,0.215778,40.0413,0.140326,5.08452e-07,1,0.00441613,0.542477,0.215778,40.0242,0.140558,5.26334e-07,False,nan|Ce1176_A3,1342276
130_bNAb_Combinations|1342276|vc|7|2|Ce1176_A3|7023,1,0.00443208,0.531864,0.215778,40.0413,0.140326,5.08452e-07,1,0.00441613,0.542477,0.215778,40.0242,0.140558,5.26334e-07,False,nan|Ce1176_A3,1342276
130_bNAb_Combinations|1342276|vc|8|2|Ce1176_A3|7023,1,0.00443208,0.560742,0.215778,40.0413,0.140326,5.08452e-07,1,0.00441613,0.542476,0.215778,40.0242,0.140558,5.26334e-07,False,nan|Ce1176_A3,1342276
130_bNAb_Combinations|1342294|cc|1|1|nan|1176,1,0.00443208,0.506772,0.0267455,40.0413,0.140328,5.08423e-07,1,0.00441613,0.542477,0.0267455,40.0242,0.140561,5.26304e-07,False,nan|1176,1342294
130_bNAb_Combinations|1342294|cc|2|1|nan|1176,1,0.00443208,0.55544,0.0267455,40.0413,0.140328,5.08423e-07,1,0.00441613,0.542476,0.0267455,40.0242,0.140561,5.26304e-07,False,nan|1176,1342294
130_bNAb_Combinations|1342294|cc|3|1|nan|1176,1,0.00443208,0.524126,0.0267455,40.0413,0.140328,5.08423e-07,1,0.00441613,0.542476,0.0267455,40.0242,0.140561,5.26304e-07,False,nan|1176,1342294
130_bNAb_Combinations|1342294|cc|4|1|nan|1176,1,0.00443208,0.531816,0.0267455,40.0413,0.140328,5.08423e-07,1,0.00441613,0.542477,0.0267455,40.0242,0.140561,5.26304e-07,False,nan|1176,1342294
130_bNAb_Combinations|1342294|cc|5|1|nan|1176,1,0.00443208,0.556438,0.0267455,40.0413,0.140328,5.08423e-07,1,0.00441613,0.542476,0.0267455,40.0242,0.140561,5.26304e-07,False,nan|1176,1342294
130_bNAb_Combinations|1342294|cc|6|1|nan|1176,1,0.00443208,0.563087,0.0267455,40.0413,0.140328,5.08423e-07,1,0.00441613,0.542477,0.0267455,40.0242,0.140561,5.26304e-07,False,nan|1176,1342294
130_bNAb_Combinations|1342294|cc|7|1|nan|1176,1,0.00443208,0.545805,0.0267455,40.0413,0.140328,5.08423e-07,1,0.00441613,0.542476,0.0267455,40.0242,0.140561,5.26304e-07,False,nan|1176,1342294
130_bNAb_Combinations|1342294|cc|8|1|nan|1176,1,0.00443208,0.565143,0.0267455,40.0413,0.140328,5.08423e-07,1,0.00441613,0.542476,0.0267455,40.0242,0.140561,5.26304e-07,False,nan|1176,1342294
130_bNAb_Combinations|1342294|sample|3|nan|1176,1,0.00443202,0.7042,0.069763,40.0413,0.140328,5.08423e-07,1,0.00441603,0.697151,0.069763,40.0242,0.140561,5.26304e-07,True,VRC07-523LS|1176,1342294
130_bNAb_Combinations|1342294|sample|4|nan|1176,1,0.00443202,0.735651,0.069763,40.0413,0.140328,5.08423e-07,1,0.00441603,0.724037,0.069763,40.0242,0.140561,5.26304e-07,True,VRC07-523LS|1176,1342294
130_bNAb_Combinations|1342294|sample|8|nan|1176,1,0.00443202,0.722377,0.069763,40.0413,0.140328,5.08423e-07,1,0.00441603,0.730536,0.069763,40.0242,0.140561,5.26304e-07,True,VRC07-523LS|1176,1342294
130_bNAb_Combinations|1342294|vc|1|2|nan|1176,1,0.00443208,0.511431,0.0267455,40.0413,0.140328,5.08423e-07,1,0.00441613,0.542477,0.0267455,40.0242,0.140561,5.26304e-07,False,nan|1176,1342294
130_bNAb_Combinations|1342294|vc|2|2|nan|1176,1,0.00443208,0.546389,0.0267455,40.0413,0.140328,5.08423e-07,1,0.00441613,0.542476,0.0267455,40.0242,0.140561,5.26304e-07,False,nan|1176,1342294
130_bNAb_Combinations|1342294|vc|3|2|nan|1176,1,0.00443208,0.542694,0.0267455,40.0413,0.140328,5.08423e-07,1,0.00441613,0.542477,0.0267455,40.0242,0.140561,5.26304e-07,False,nan|1176,1342294
130_bNAb_Combinations|1342294|vc|4|2|nan|1176,1,0.00443208,0.544797,0.0267455,40.0413,0.140328,5.08423e-07,1,0.00441613,0.542476,0.0267455,40.0242,0.140561,5.26304e-07,False,nan|1176,1342294
130_bNAb_Combinations|1342294|vc|5|2|nan|1176,1,0.00443208,0.551604,0.0267455,40.0413,0.140328,5.08423e-07,1,0.00441613,0.542476,0.0267455,40.0242,0.140561,5.26304e-07,False,nan|1176,1342294
130_bNAb_Combinations|1342294|vc|6|2|nan|1176,1,0.00443208,0.569275,0.0267455,40.0413,0.140328,5.08423e-07,1,0.00441613,0.542476,0.0267455,40.0242,0.140561,5.26304e-07,False,nan|1176,1342294
130_bNAb_Combinations|1342294|vc|7|2|nan|1176,1,0.00443208,0.540032,0.0267455,40.0413,0.140328,5.08423e-07,1,0.00441613,0.542477,0.0267455,40.0242,0.140561,5.26304e-07,False,nan|1176,1342294
130_bNAb_Combinations|1342294|vc|8|2|nan|1176,1,0.00443208,0.528663,0.0267455,40.0413,0.140328,5.08423e-07,1,0.00441613,0.542476,0.0267455,40.0242,0.140561,5.26304e-07,False,nan|1176,1342294
130_bNAb_Combinations|1342312|cc|1|1|RHPA4259.7|5371,1,0.004431,0.522275,0.00884815,40.0413,0.140331,5.08434e-07,1,0.00441505,0.542476,0.00884815,40.0242,0.140563,5.26316e-07,False,nan|RHPA4259.7,1342312
130_bNAb_Combinations|1342312|cc|2|1|RHPA4259.7|5371,1,0.004431,0.514352,0.00884815,40.0413,0.140331,5.08434e-07,1,0.00441505,0.542477,0.00884815,40.0242,0.140563,5.26316e-07,False,nan|RHPA4259.7,1342312
130_bNAb_Combinations|1342312|cc|3|1|RHPA4259.7|5371,1,0.004431,0.526253,0.00884815,40.0413,0.140331,5.08434e-07,1,0.00441505,0.542476,0.00884815,40.0242,0.140563,5.26316e-07,False,nan|RHPA4259.7,1342312
130_bNAb_Combinations|1342312|cc|4|1|RHPA4259.7|5371,1,0.004431,0.562107,0.00884815,40.0413,0.140331,5.08434e-07,1,0.00441505,0.542477,0.00884815,40.0242,0.140563,5.26316e-07,False,nan|RHPA4259.7,1342312
130_bNAb_Combinations|1342312|cc|5|1|RHPA4259.7|5371,1,0.004431,0.543276,0.00884815,40.0413,0.140331,5.08434e-07,1,0.00441505,0.542477,0.00884815,40.0242,0.140563,5.26316e-07,False,nan|RHPA4259.7,1342312
130_bNAb_Combinations|1342312|cc|6|1|RHPA4259.7|5371,1,0.004431,0.525843,0.00884815,40.0413,0.140331,5.08434e-07,1,0.00441505,0.542477,0.00884815,40.0242,0.140563,5.26316e-07,False,nan|RHPA4259.7,1342312
130_bNAb_Combinations|1342312|cc|7|1|RHPA4259.7|5371,1,0.004431,0.533997,0.00884815,40.0413,0.140331,5.08434e-07,1,0.00441505,0.542476,0.00884815,40.0242,0.140563,5.26316e-07,False,nan|RHPA4259.7,1342312
130_bNAb_Combinations|1342312|cc|8|1|RHPA4259.7|5371,1,0.004431,0.564094,0.00884815,40.0413,0.140331,5.08434e-07,1,0.00441505,0.542476,0.00884815,40.0242,0.140563,5.26316e-07,False,nan|RHPA4259.7,1342312
130_bNAb_Combinations|1342312|sample|3|RHPA4259.7|5371,1,0.00443189,0.727898,0.134027,40.0413,0.140331,5.08434e-07,1,0.00441592,0.714372,0.134027,40.0242,0.140563,5.26316e-07,True,VRC07-523LS|RHPA4259.7,1342312
130_bNAb_Combinations|1342312|sample|4|RHPA4259.7|5371,1,0.00443189,0.713516,0.134027,40.0413,0.140331,5.08434e-07,1,0.00441592,0.706484,0.134027,40.0242,0.140563,5.26316e-07,True,VRC07-523LS|RHPA4259.7,1342312
130_bNAb_Combinations|1342312|vc|1|2|RHPA4259.7|5371,1,0.004431,0.545313,0.00884815,40.0413,0.140331,5.08434e-07,1,0.00441505,0.542476,0.00884815,40.0242,0.140563,5.26316e-07,False,nan|RHPA4259.7,1342312
130_bNAb_Combinations|1342312|vc|2|2|RHPA4259.7|5371,1,0.004431,0.560832,0.00884815,40.0413,0.140331,5.08434e-07,1,0.00441505,0.542477,0.00884815,40.0242,0.140563,5.26316e-07,False,nan|RHPA4259.7,1342312
130_bNAb_Combinations|1342312|vc|3|2|RHPA4259.7|5371,1,0.004431,0.527359,0.00884815,40.0413,0.140331,5.08434e-07,1,0.00441505,0.542476,0.00884815,40.0242,0.140563,5.26316e-07,False,nan|RHPA4259.7,1342312
130_bNAb_Combinations|1342312|vc|4|2|RHPA4259.7|5371,1,0.004431,0.554605,0.00884815,40.0413,0.140331,5.08434e-07,1,0.00441505,0.542476,0.00884815,40.0242,0.140563,5.26316e-07,False,nan|RHPA4259.7,1342312
130_bNAb_Combinations|1342312|vc|5|2|RHPA4259.7|5371,1,0.004431,0.563384,0.00884815,40.0413,0.140331,5.08434e-07,1,0.00441505,0.542477,0.00884815,40.0242,0.140563,5.26316e-07,False,nan|RHPA4259.7,1342312
130_bNAb_Combinations|1342312|vc|6|2|RHPA4259.7|5371,1,0.004431,0.525822,0.00884815,40.0413,0.140331,5.08434e-07,1,0.00441505,0.542477,0.00884815,40.0242,0.140563,5.26316e-07,False,nan|RHPA4259.7,1342312
130_bNAb_Combinations|1342312|vc|7|2|RHPA4259.7|5371,1,0.004431,0.558738,0.00884815,40.0413,0.140331,5.08434e-07,1,0.00441505,0.542476,0.00884815,40.0242,0.140563,5.26316e-07,False,nan|RHPA4259.7,1342312
130_bNAb_Combinations|1342312|vc|8|2|RHPA4259.7|5371,1,0.004431,0.537188,0.00884815,40.0413,0.140331,5.08434e-07,1,0.00441505,0.542476,0.00884815,40.0242,0.140563,5.26316e-07,False,nan|RHPA4259.7,1342312
130_bNAb_Combinations|1342336|cc|1|1|nan|3430,1,0.00443203,0.532641,0.0312885,40.0413,0.140328,5.08423e-07,1,0.00441608,0.542477,0.0312885,40.0242,0.14056,5.26304e-07,False,nan|3430,1342336
130_bNAb_Combinations|1342336|cc|2|1|nan|3430,1,0.00443203,0.522237,0.0312885,40.0413,0.140328,5.08423e-07,1,0.00441608,0.542476,0.0312885,40.0242,0.14056,5.26304e-07,False,nan|3430,1342336
130_bNAb_Combinations|1342336|cc|3|1|nan|3430,1,0.00443203,0.559016,0.0312885,40.0413,0.140328,5.08423e-07,1,0.00441608,0.542476,0.0312885,40.0242,0.14056,5.26304e-07,False,nan|3430,1342336
130_bNAb_Combinations|1342336|cc|4|1|nan|3430,1,0.00443203,0.53437,0.0312885,40.0413,0.140328,5.08423e-07,1,0.00441608,0.542477,0.0312885,40.0242,0.14056,5.26304e-07,False,nan|3430,1342336
130_bNAb_Combinations|1342336|cc|5|1|nan|3430,1,0.00443203,0.582389,0.0312885,40.0413,0.140328,5.08423e-07,1,0.00441608,0.542476,0.0312885,40.0242,0.14056,5.26304e-07,False,nan|3430,1342336
130_bNAb_Combinations|1342336|cc|6|1|nan|3430,1,0.00443203,0.569154,0.0312885,40.0413,0.140328,5.08423e-07,1,0.00441608,0.542477,0.0312885,40.0242,0.14056,5.26304e-07,False,nan|3430,1342336
130_bNAb_Combinations|1342336|cc|7|1|nan|3430,1,0.00443203,0.531996,0.0312885,40.0413,0.140328,5.08423e-07,1,0.00441608,0.542477,0.0312885,40.0242,0.14056,5.26304e-07,False,nan|3430,1342336
130_bNAb_Combinations|1342336|cc|8|1|nan|3430,1,0.00443203,0.512625,0.0312885,40.0413,0.140328,5.08423e-07,1,0.00441608,0.542476,0.0312885,40.0242,0.14056,5.26304e-07,False,nan|3430,1342336
130_bNAb_Combinations|1342336|sample|3|nan|3430,1,0.00443221,0.679564,0.0699248,40.0413,0.140328,5.08423e-07,1,0.00441622,0.67413,0.0699248,40.0242,0.14056,5.26304e-07,True,VRC07-523LS|3430,1342336
130_bNAb_Combinations|1342336|sample|4|nan|3430,1,0.00443221,0.688125,0.0699248,40.0413,0.140328,5.08423e-07,1,0.00441622,0.680335,0.0699248,40.0242,0.14056,5.26304e-07,True,VRC07-523LS|3430,1342336
130_bNAb_Combinations|1342336|sample|5|nan|3430,1,0.00443221,0.72458,0.0699248,40.0413,0.140328,5.08423e-07,1,0.00441622,0.730118,0.0699248,40.0242,0.14056,5.26304e-07,True,VRC07-523LS|3430,1342336
130_bNAb_Combinations|1342336|vc|1|2|nan|3430,1,0.00443203,0.532403,0.0312885,40.0413,0.140328,5.08423e-07,1,0.00441608,0.542477,0.0312885,40.0242,0.14056,5.26304e-07,False,nan|3430,1342336
130_bNAb_Combinations|1342336|vc|2|2|nan|3430,1,0.00443203,0.548215,0.0312885,40.0413,0.140328,5.08423e-07,1,0.00441608,0.542477,0.0312885,40.0242,0.14056,5.26304e-07,False,nan|3430,1342336
130_bNAb_Combinations|1342336|vc|3|2|nan|3430,1,0.00443203,0.541385,0.0312885,40.0413,0.140328,5.08423e-07,1,0.00441608,0.542477,0.0312885,40.0242,0.14056,5.26304e-07,False,nan|3430,1342336
130_bNAb_Combinations|1342336|vc|4|2|nan|3430,1,0.00443203,0.529579,0.0312885,40.0413,0.140328,5.08423e-07,1,0.00441608,0.542476,0.0312885,40.0242,0.14056,5.26304e-07,False,nan|3430,1342336
130_bNAb_Combinations|1342336|vc|5|2|nan|3430,1,0.00443203,0.556091,0.0312885,40.0413,0.140328,5.08423e-07,1,0.00441608,0.542476,0.0312885,40.0242,0.14056,5.26304e-07,False,nan|3430,1342336
130_bNAb_Combinations|1342336|vc|6|2|nan|3430,1,0.00443203,0.535079,0.0312885,40.0413,0.140328,5.08423e-07,1,0.00441608,0.542476,0.0312885,40.0242,0.14056,5.26304e-07,False,nan|3430,1342336
130_bNAb_Combinations|1342336|vc|7|2|nan|3430,1,0.00443203,0.532849,0.0312885,40.0413,0.140328,5.08423e-07,1,0.00441608,0.542477,0.0312885,40.0242,0.14056,5.26304e-07,False,nan|3430,1342336
130_bNAb_Combinations|1342336|vc|8|2|nan|3430,1,0.00443203,0.529684,0.0312885,40.0413,0.140328,5.08423e-07,1,0.00441608,0.542477,0.0312885,40.0242,0.14056,5.26304e-07,False,nan|3430,1342336
130_bNAb_Combinations|1342348|cc|1|1|nan|4166,1,0.00443202,0.578794,0.00359643,40.0413,0.140329,5.08429e-07,1,0.00441607,0.542477,0.00359643,40.0242,0.140561,5.26311e-07,False,nan|4166,1342348
130_bNAb_Combinations|1342348|cc|2|1|nan|4166,1,0.00443202,0.543061,0.00359643,40.0413,0.140329,5.08429e-07,1,0.00441607,0.542476,0.00359643,40.0242,0.140561,5.26311e-07,False,nan|4166,1342348
130_bNAb_Combinations|1342348|cc|3|1|nan|4166,1,0.00443202,0.538644,0.00359643,40.0413,0.140329,5.08429e-07,1,0.00441607,0.542477,0.00359643,40.0242,0.140561,5.26311e-07,False,nan|4166,1342348
130_bNAb_Combinations|1342348|cc|4|1|nan|4166,1,0.00443202,0.56224,0.00359643,40.0413,0.140329,5.08429e-07,1,0.00441607,0.542477,0.00359643,40.0242,0.140561,5.26311e-07,False,nan|4166,1342348
130_bNAb_Combinations|1342348|cc|5|1|nan|4166,1,0.00443202,0.55234,0.00359643,40.0413,0.140329,5.08429e-07,1,0.00441607,0.542476,0.00359643,40.0242,0.140561,5.26311e-07,False,nan|4166,1342348
130_bNAb_Combinations|1342348|cc|6|1|nan|4166,1,0.00443202,0.583152,0.00359643,40.0413,0.140329,5.08429e-07,1,0.00441607,0.542476,0.00359643,40.0242,0.140561,5.26311e-07,False,nan|4166,1342348
130_bNAb_Combinations|1342348|cc|7|1|nan|4166,1,0.00443202,0.52784,0.00359643,40.0413,0.140329,5.08429e-07,1,0.00441607,0.542476,0.00359643,40.0242,0.140561,5.26311e-07,False,nan|4166,1342348
130_bNAb_Combinations|1342348|cc|8|1|nan|4166,1,0.00443202,0.533272,0.00359643,40.0413,0.140329,5.08429e-07,1,0.00441607,0.542477,0.00359643,40.0242,0.140561,5.26311e-07,False,nan|4166,1342348
130_bNAb_Combinations|1342348|sample|3|nan|4166,1,0.00443155,0.749282,0.212352,40.0413,0.140329,5.08429e-07,1,0.00441559,0.741891,0.212352,40.0242,0.140561,5.26311e-07,True,VRC07-523LS|4166,1342348
130_bNAb_Combinations|1342348|sample|4|nan|4166,1,0.00443155,0.740625,0.212352,40.0413,0.140329,5.08429e-07,1,0.00441559,0.72694,0.212352,40.0242,0.140561,5.26311e-07,True,VRC07-523LS|4166,1342348
130_bNAb_Combinations|1342348|vc|1|2|nan|4166,1,0.00443202,0.562355,0.00359643,40.0413,0.140329,5.08429e-07,1,0.00441607,0.542476,0.00359643,40.0242,0.140561,5.26311e-07,False,nan|4166,1342348
130_bNAb_Combinations|1342348|vc|2|2|nan|4166,1,0.00443202,0.555198,0.00359643,40.0413,0.140329,5.08429e-07,1,0.00441607,0.542476,0.00359643,40.0242,0.140561,5.26311e-07,False,nan|4166,1342348
130_bNAb_Combinations|1342348|vc|3|2|nan|4166,1,0.00443202,0.554545,0.00359643,40.0413,0.140329,5.08429e-07,1,0.00441607,0.542477,0.00359643,40.0242,0.140561,5.26311e-07,False,nan|4166,1342348
130_bNAb_Combinations|1342348|vc|4|2|nan|4166,1,0.00443202,0.539941,0.00359643,40.0413,0.140329,5.08429e-07,1,0.00441607,0.542476,0.00359643,40.0242,0.140561,5.26311e-07,False,nan|4166,1342348
130_bNAb_Combinations|1342348|vc|5|2|nan|4166,1,0.00443202,0.517692,0.00359643,40.0413,0.140329,5.08429e-07,1,0.00441607,0.542476,0.00359643,40.0242,0.140561,5.26311e-07,False,nan|4166,1342348
130_bNAb_Combinations|1342348|vc|6|2|nan|4166,1,0.00443202,0.529284,0.00359643,40.0413,0.140329,5.08429e-07,1,0.00441607,0.542477,0.00359643,40.0242,0.140561,5.26311e-07,False,nan|4166,1342348
130_bNAb_Combinations|1342348|vc|7|2|nan|4166,1,0.00443202,0.535575,0.00359643,40.0413,0.140329,5.08429e-07,1,0.00441607,0.542477,0.00359643,40.0242,0.140561,5.26311e-07,False,nan|4166,1342348
130_bNAb_Combinations|1342348|vc|8|2|nan|4166,1,0.00443202,0.571818,0.00359643,40.0413,0.140329,5.08429e-07,1,0.00441607,0.542476,0.00359643,40.0242,0.140561,5.26311e-07,False,nan|4166,1342348
130_bNAb_Combinations|1342372|cc|1|1|nan|2944,1,0.00443096,0.551598,0.0430044,40.0413,0.140459,5.08711e-07,1,0.00441502,0.542477,0.0430044,40.0242,0.140686,5.26607e-07,False,nan|2944,1342372
130_bNAb_Combinations|1342372|cc|2|1|nan|2944,1,0.00443096,0.543341,0.0430044,40.0413,0.140459,5.08711e-07,1,0.00441502,0.542476,0.0430044,40.0242,0.140686,5.26607e-07,False,nan|2944,1342372
130_bNAb_Combinations|1342372|cc|3|1|nan|2944,1,0.00443096,0.542268,0.0430044,40.0413,0.140459,5.08711e-07,1,0.00441502,0.542477,0.0430044,40.0242,0.140686,5.26607e-07,False,nan|2944,1342372
130_bNAb_Combinations|1342372|cc|4|1|nan|2944,1,0.00443096,0.573413,0.0430044,40.0413,0.140459,5.08711e-07,1,0.00441502,0.542476,0.0430044,40.0242,0.140686,5.26607e-07,False,nan|2944,1342372
130_bNAb_Combinations|1342372|cc|5|1|nan|2944,1,0.00443096,0.545559,0.0430044,40.0413,0.140459,5.08711e-07,1,0.00441502,0.542477,0.0430044,40.0242,0.140686,5.26607e-07,False,nan|2944,1342372
130_bNAb_Combinations|1342372|cc|6|1|nan|2944,1,0.00443096,0.561978,0.0430044,40.0413,0.140459,5.08711e-07,1,0.00441502,0.542477,0.0430044,40.0242,0.140686,5.26607e-07,False,nan|2944,1342372
130_bNAb_Combinations|1342372|cc|7|1|nan|2944,1,0.00443096,0.59569,0.0430044,40.0413,0.140459,5.08711e-07,1,0.00441502,0.542477,0.0430044,40.0242,0.140686,5.26607e-07,False,nan|2944,1342372
130_bNAb_Combinations|1342372|cc|8|1|nan|2944,1,0.00443096,0.544517,0.0430044,40.0413,0.140459,5.08711e-07,1,0.00441502,0.542476,0.0430044,40.0242,0.140686,5.26607e-07,False,nan|2944,1342372
130_bNAb_Combinations|1342372|sample|3|nan|2944,1,0.00443213,0.688122,0.0408197,40.0413,0.140459,5.08711e-07,1,0.00441616,0.684984,0.0408197,40.0242,0.140686,5.26607e-07,True,VRC07-523LS|2944,1342372
130_bNAb_Combinations|1342372|sample|4|nan|2944,1,0.00443213,0.665161,0.0408197,40.0413,0.140459,5.08711e-07,1,0.00441616,0.665334,0.0408197,40.0242,0.140686,5.26607e-07,True,VRC07-523LS|2944,1342372
130_bNAb_Combinations|1342372|vc|1|2|nan|2944,1,0.00443096,0.56387,0.0430044,40.0413,0.140459,5.08711e-07,1,0.00441502,0.542477,0.0430044,40.0242,0.140686,5.26607e-07,False,nan|2944,1342372
130_bNAb_Combinations|1342372|vc|2|2|nan|2944,1,0.00443096,0.496541,0.0430044,40.0413,0.140459,5.08711e-07,1,0.00441502,0.542477,0.0430044,40.0242,0.140686,5.26607e-07,False,nan|2944,1342372
130_bNAb_Combinations|1342372|vc|3|2|nan|2944,1,0.00443096,0.551572,0.0430044,40.0413,0.140459,5.08711e-07,1,0.00441502,0.542477,0.0430044,40.0242,0.140686,5.26607e-07,False,nan|2944,1342372
130_bNAb_Combinations|1342372|vc|4|2|nan|2944,1,0.00443096,0.531125,0.0430044,40.0413,0.140459,5.08711e-07,1,0.00441502,0.542476,0.0430044,40.0242,0.140686,5.26607e-07,False,nan|2944,1342372
130_bNAb_Combinations|1342372|vc|5|2|nan|2944,1,0.00443096,0.550155,0.0430044,40.0413,0.140459,5.08711e-07,1,0.00441502,0.542476,0.0430044,40.0242,0.140686,5.26607e-07,False,nan|2944,1342372
130_bNAb_Combinations|1342372|vc|6|2|nan|2944,1,0.00443096,0.555997,0.0430044,40.0413,0.140459,5.08711e-07,1,0.00441502,0.542476,0.0430044,40.0242,0.140686,5.26607e-07,False,nan|2944,1342372
130_bNAb_Combinations|1342372|vc|7|2|nan|2944,1,0.00443096,0.53582,0.0430044,40.0413,0.140459,5.08711e-07,1,0.00441502,0.542476,0.0430044,40.0242,0.140686,5.26607e-07,False,nan|2944,1342372
130_bNAb_Combinations|1342372|vc|8|2|nan|2944,1,0.00443096,0.519882,0.0430044,40.0413,0.140459,5.08711e-07,1,0.00441502,0.542476,0.0430044,40.0242,0.140686,5.26607e-07,False,nan|2944,1342372
130_bNAb_Combinations|1342384|cc|1|1|nan|2946,1,0.00443208,0.547657,0.0825619,40.0413,0.140362,5.0883e-07,1,0.00441613,0.542476,0.0825619,40.0242,0.140594,5.2674e-07,False,nan|2946,1342384
130_bNAb_Combinations|1342384|cc|2|1|nan|2946,1,0.00443208,0.549463,0.0825619,40.0413,0.140362,5.0883e-07,1,0.00441613,0.542477,0.0825619,40.0242,0.140594,5.2674e-07,False,nan|2946,1342384
130_bNAb_Combinations|1342384|cc|3|1|nan|2946,1,0.00443208,0.544028,0.0825619,40.0413,0.140362,5.0883e-07,1,0.00441613,0.542476,0.0825619,40.0242,0.140594,5.2674e-07,False,nan|2946,1342384
130_bNAb_Combinations|1342384|cc|4|1|nan|2946,1,0.00443208,0.547095,0.0825619,40.0413,0.140362,5.0883e-07,1,0.00441613,0.542476,0.0825619,40.0242,0.140594,5.2674e-07,False,nan|2946,1342384
130_bNAb_Combinations|1342384|cc|5|1|nan|2946,1,0.00443208,0.546975,0.0825619,40.0413,0.140362,5.0883e-07,1,0.00441613,0.542477,0.0825619,40.0242,0.140594,5.2674e-07,False,nan|2946,1342384
130_bNAb_Combinations|1342384|cc|6|1|nan|2946,1,0.00443208,0.524719,0.0825619,40.0413,0.140362,5.0883e-07,1,0.00441613,0.542476,0.0825619,40.0242,0.140594,5.2674e-07,False,nan|2946,1342384
130_bNAb_Combinations|1342384|cc|7|1|nan|2946,1,0.00443208,0.543914,0.0825619,40.0413,0.140362,5.0883e-07,1,0.00441613,0.542476,0.0825619,40.0242,0.140594,5.2674e-07,False,nan|2946,1342384
130_bNAb_Combinations|1342384|cc|8|1|nan|2946,1,0.00443208,0.53863,0.0825619,40.0413,0.140362,5.0883e-07,1,0.00441613,0.542477,0.0825619,40.0242,0.140594,5.2674e-07,False,nan|2946,1342384
130_bNAb_Combinations|1342384|sample|3|nan|2946,1,0.00443121,0.678671,0.00525567,40.0413,0.140362,5.0883e-07,1,0.00441525,0.674877,0.00525567,40.0242,0.140594,5.2674e-07,True,VRC07-523LS|2946,1342384
130_bNAb_Combinations|1342384|sample|4|nan|2946,1,0.00443121,0.687106,0.00525567,40.0413,0.140362,5.0883e-07,1,0.00441525,0.682352,0.00525567,40.0242,0.140594,5.2674e-07,True,VRC07-523LS|2946,1342384
130_bNAb_Combinations|1342384|vc|1|2|nan|2946,1,0.00443208,0.533187,0.0825619,40.0413,0.140362,5.0883e-07,1,0.00441613,0.542477,0.0825619,40.0242,0.140594,5.2674e-07,False,nan|2946,1342384
130_bNAb_Combinations|1342384|vc|2|2|nan|2946,1,0.00443208,0.565628,0.0825619,40.0413,0.140362,5.0883e-07,1,0.00441613,0.542476,0.0825619,40.0242,0.140594,5.2674e-07,False,nan|2946,1342384
130_bNAb_Combinations|1342384|vc|3|2|nan|2946,1,0.00443208,0.5379,0.0825619,40.0413,0.140362,5.0883e-07,1,0.00441613,0.542476,0.0825619,40.0242,0.140594,5.2674e-07,False,nan|2946,1342384
130_bNAb_Combinations|1342384|vc|4|2|nan|2946,1,0.00443208,0.530763,0.0825619,40.0413,0.140362,5.0883e-07,1,0.00441613,0.542476,0.0825619,40.0242,0.140594,5.2674e-07,False,nan|2946,1342384
130_bNAb_Combinations|1342384|vc|5|2|nan|2946,1,0.00443208,0.556899,0.0825619,40.0413,0.140362,5.0883e-07,1,0.00441613,0.542476,0.0825619,40.0242,0.140594,5.2674e-07,False,nan|2946,1342384
130_bNAb_Combinations|1342384|vc|6|2|nan|2946,1,0.00443208,0.528611,0.0825619,40.0413,0.140362,5.0883e-07,1,0.00441613,0.542476,0.0825619,40.0242,0.140594,5.2674e-07,False,nan|2946,1342384
130_bNAb_Combinations|1342384|vc|7|2|nan|2946,1,0.00443208,0.580725,0.0825619,40.0413,0.140362,5.0883e-07,1,0.00441613,0.542477,0.0825619,40.0242,0.140594,5.2674e-07,False,nan|2946,1342384
130_bNAb_Combinations|1342384|vc|8|2|nan|2946,1,0.00443208,0.553449,0.0825619,40.0413,0.140362,5.0883e-07,1,0.00441613,0.542477,0.0825619,40.0242,0.140594,5.2674e-07,False,nan|2946,1342384
130_bNAb_Combinations|1342396|cc|1|1|PVO.4|5024,1,0.00443202,0.56657,0.053041,40.0413,0.140396,5.08525e-07,1,0.00441607,0.542476,0.053041,40.0242,0.140631,5.26415e-07,False,nan|PVO.4,1342396
130_bNAb_Combinations|1342396|cc|2|1|PVO.4|5024,1,0.00443202,0.5767,0.053041,40.0413,0.140396,5.08525e-07,1,0.00441607,0.542476,0.053041,40.0242,0.140631,5.26415e-07,False,nan|PVO.4,1342396
130_bNAb_Combinations|1342396|cc|3|1|PVO.4|5024,1,0.00443202,0.549715,0.053041,40.0413,0.140396,5.08525e-07,1,0.00441607,0.542477,0.053041,40.0242,0.140631,5.26415e-07,False,nan|PVO.4,1342396
130_bNAb_Combinations|1342396|cc|4|1|PVO.4|5024,1,0.00443202,0.535946,0.053041,40.0413,0.140396,5.08525e-07,1,0.00441607,0.542477,0.053041,40.0242,0.140631,5.26415e-07,False,nan|PVO.4,1342396
130_bNAb_Combinations|1342396|cc|5|1|PVO.4|5024,1,0.00443202,0.548476,0.053041,40.0413,0.140396,5.08525e-07,1,0.00441607,0.542477,0.053041,40.0242,0.140631,5.26415e-07,False,nan|PVO.4,1342396
130_bNAb_Combinations|1342396|cc|6|1|PVO.4|5024,1,0.00443202,0.554797,0.053041,40.0413,0.140396,5.08525e-07,1,0.00441607,0.542476,0.053041,40.0242,0.140631,5.26415e-07,False,nan|PVO.4,1342396
130_bNAb_Combinations|1342396|cc|7|1|PVO.4|5024,1,0.00443202,0.53753,0.053041,40.0413,0.140396,5.08525e-07,1,0.00441607,0.542477,0.053041,40.0242,0.140631,5.26415e-07,False,nan|PVO.4,1342396
130_bNAb_Combinations|1342396|cc|8|1|PVO.4|5024,1,0.00443202,0.54617,0.053041,40.0413,0.140396,5.08525e-07,1,0.00441607,0.542476,0.053041,40.0242,0.140631,5.26415e-07,False,nan|PVO.4,1342396
130_bNAb_Combinations|1342396|sample|3|PVO.4|5024,1,0.00443121,0.695417,0.0303031,40.0413,0.140396,5.08525e-07,1,0.00441526,0.691337,0.0303031,40.0242,0.140631,5.26415e-07,True,VRC07-523LS|PVO.4,1342396
130_bNAb_Combinations|1342396|sample|4|PVO.4|5024,1,0.00443121,0.715377,0.0303031,40.0413,0.140396,5.08525e-07,1,0.00441526,0.711595,0.0303031,40.0242,0.140631,5.26415e-07,True,VRC07-523LS|PVO.4,1342396
130_bNAb_Combinations|1342396|vc|1|2|PVO.4|5024,1,0.00443202,0.546233,0.053041,40.0413,0.140396,5.08525e-07,1,0.00441607,0.542476,0.053041,40.0242,0.140631,5.26415e-07,False,nan|PVO.4,1342396
130_bNAb_Combinations|1342396|vc|2|2|PVO.4|5024,1,0.00443202,0.53721,0.053041,40.0413,0.140396,5.08525e-07,1,0.00441607,0.542477,0.053041,40.0242,0.140631,5.26415e-07,False,nan|PVO.4,1342396
130_bNAb_Combinations|1342396|vc|3|2|PVO.4|5024,1,0.00443202,0.510182,0.053041,40.0413,0.140396,5.08525e-07,1,0.00441607,0.542476,0.053041,40.0242,0.140631,5.26415e-07,False,nan|PVO.4,1342396
130_bNAb_Combinations|1342396|vc|4|2|PVO.4|5024,1,0.00443202,0.532144,0.053041,40.0413,0.140396,5.08525e-07,1,0.00441607,0.542476,0.053041,40.0242,0.140631,5.26415e-07,False,nan|PVO.4,1342396
130_bNAb_Combinations|1342396|vc|5|2|PVO.4|5024,1,0.00443202,0.545448,0.053041,40.0413,0.140396,5.08525e-07,1,0.00441607,0.542476,0.053041,40.0242,0.140631,5.26415e-07,False,nan|PVO.4,1342396
130_bNAb_Combinations|1342396|vc|6|2|PVO.4|5024,1,0.00443202,0.53413,0.053041,40.0413,0.140396,5.08525e-07,1,0.00441607,0.542476,0.053041,40.0242,0.140631,5.26415e-07,False,nan|PVO.4,1342396
130_bNAb_Combinations|1342396|vc|7|2|PVO.4|5024,1,0.00443202,0.532866,0.053041,40.0413,0.140396,5.08525e-07,1,0.00441607,0.542476,0.053041,40.0242,0.140631,5.26415e-07,False,nan|PVO.4,1342396
130_bNAb_Combinations|1342396|vc|8|2|PVO.4|5024,1,0.00443202,0.56147,0.053041,40.0413,0.140396,5.08525e-07,1,0.00441607,0.542477,0.053041,40.0242,0.140631,5.26415e-07,False,nan|PVO.4,1342396
130_bNAb_Combinations|1342408|cc|1|1|nan|4168,1,0.00443207,0.526342,0.0024754,40.0413,0.140326,5.08426e-07,1,0.00441612,0.542477,0.0024754,40.0242,0.140559,5.26307e-07,False,nan|4168,1342408
130_bNAb_Combinations|1342408|cc|2|1|nan|4168,1,0.00443207,0.553443,0.0024754,40.0413,0.140326,5.08426e-07,1,0.00441612,0.542477,0.0024754,40.0242,0.140559,5.26307e-07,False,nan|4168,1342408
130_bNAb_Combinations|1342408|cc|3|1|nan|4168,1,0.00443207,0.502264,0.0024754,40.0413,0.140326,5.08426e-07,1,0.00441612,0.542476,0.0024754,40.0242,0.140559,5.26307e-07,False,nan|4168,1342408
130_bNAb_Combinations|1342408|cc|4|1|nan|4168,1,0.00443207,0.552221,0.0024754,40.0413,0.140326,5.08426e-07,1,0.00441612,0.542477,0.0024754,40.0242,0.140559,5.26307e-07,False,nan|4168,1342408
130_bNAb_Combinations|1342408|cc|5|1|nan|4168,1,0.00443207,0.518092,0.0024754,40.0413,0.140326,5.08426e-07,1,0.00441612,0.542477,0.0024754,40.0242,0.140559,5.26307e-07,False,nan|4168,1342408
130_bNAb_Combinations|1342408|cc|6|1|nan|4168,1,0.00443207,0.533877,0.0024754,40.0413,0.140326,5.08426e-07,1,0.00441612,0.542477,0.0024754,40.0242,0.140559,5.26307e-07,False,nan|4168,1342408
130_bNAb_Combinations|1342408|cc|7|1|nan|4168,1,0.00443207,0.549148,0.0024754,40.0413,0.140326,5.08426e-07,1,0.00441612,0.542477,0.0024754,40.0242,0.140559,5.26307e-07,False,nan|4168,1342408
130_bNAb_Combinations|1342408|cc|8|1|nan|4168,1,0.00443207,0.564515,0.0024754,40.0413,0.140326,5.08426e-07,1,0.00441612,0.542476,0.0024754,40.0242,0.140559,5.26307e-07,False,nan|4168,1342408
130_bNAb_Combinations|1342408|sample|3|nan|4168,1,0.00443115,0.755163,0.0169699,40.0413,0.140326,5.08426e-07,1,0.00441519,0.757488,0.0169699,40.0242,0.140559,5.26307e-07,True,VRC07-523LS|4168,1342408
130_bNAb_Combinations|1342408|sample|4|nan|4168,1,0.00443115,0.809521,0.0169699,40.0413,0.140326,5.08426e-07,1,0.00441519,0.795866,0.0169699,40.0242,0.140559,5.26307e-07,True,VRC07-523LS|4168,1342408
130_bNAb_Combinations|1342408|vc|1|2|nan|4168,1,0.00443207,0.565015,0.0024754,40.0413,0.140326,5.08426e-07,1,0.00441612,0.542476,0.0024754,40.0242,0.140559,5.26307e-07,False,nan|4168,1342408
130_bNAb_Combinations|1342408|vc|2|2|nan|4168,1,0.00443207,0.547295,0.0024754,40.0413,0.140326,5.08426e-07,1,0.00441612,0.542476,0.0024754,40.0242,0.140559,5.26307e-07,False,nan|4168,1342408
130_bNAb_Combinations|1342408|vc|3|2|nan|4168,1,0.00443207,0.531222,0.0024754,40.0413,0.140326,5.08426e-07,1,0.00441612,0.542477,0.0024754,40.0242,0.140559,5.26307e-07,False,nan|4168,1342408
130_bNAb_Combinations|1342408|vc|4|2|nan|4168,1,0.00443207,0.560178,0.0024754,40.0413,0.140326,5.08426e-07,1,0.00441612,0.542477,0.0024754,40.0242,0.140559,5.26307e-07,False,nan|4168,1342408
130_bNAb_Combinations|1342408|vc|5|2|nan|4168,1,0.00443207,0.536008,0.0024754,40.0413,0.140326,5.08426e-07,1,0.00441612,0.542476,0.0024754,40.0242,0.140559,5.26307e-07,False,nan|4168,1342408
130_bNAb_Combinations|1342408|vc|6|2|nan|4168,1,0.00443207,0.573048,0.0024754,40.0413,0.140326,5.08426e-07,1,0.00441612,0.542477,0.0024754,40.0242,0.140559,5.26307e-07,False,nan|4168,1342408
130_bNAb_Combinations|1342408|vc|7|2|nan|4168,1,0.00443207,0.562983,0.0024754,40.0413,0.140326,5.08426e-07,1,0.00441612,0.542476,0.0024754,40.0242,0.140559,5.26307e-07,False,nan|4168,1342408
130_bNAb_Combinations|1342408|vc|8|2|nan|4168,1,0.00443207,0.535861,0.0024754,40.0413,0.140326,5.08426e-07,1,0.00441612,0.542477,0.0024754,40.0242,0.140559,5.26307e-07,False,nan|4168,1342408
704_VRC01_Concordance|1200432|cc|1|1|PVO.4|5024,1,0.00443202,0.556047,0.053041,40.0413,0.140328,5.08423e-07,1,0.00441607,0.542477,0.053041,40.0242,0.14056,5.26305e-07,False,nan|PVO.4,1200432
704_VRC01_Concordance|1200432|cc|2|1|PVO.4|5024,1,0.00443202,0.547915,0.053041,40.0413,0.140328,5.08423e-07,1,0.00441607,0.542476,0.053041,40.0242,0.14056,5.26305e-07,False,nan|PVO.4,1200432
704_VRC01_Concordance|1200432|cc|3|1|PVO.4|5024,1,0.00443202,0.526453,0.053041,40.0413,0.140328,5.08423e-07,1,0.00441607,0.542476,0.053041,40.0242,0.14056,5.26305e-07,False,nan|PVO.4,1200432
704_VRC01_Concordance|1200432|cc|4|1|PVO.4|5024,1,0.00443202,0.540845,0.053041,40.0413,0.140328,5.08423e-07,1,0.00441607,0.542477,0.053041,40.0242,0.14056,5.26305e-07,False,nan|PVO.4,1200432
704_VRC01_Concordance|1200432|cc|5|1|PVO.4|5024,1,0.00443202,0.542444,0.053041,40.0413,0.140328,5.08423e-07,1,0.00441607,0.542476,0.053041,40.0242,0.14056,5.26305e-07,False,nan|PVO.4,1200432
704_VRC01_Concordance|1200432|cc|6|1|PVO.4|5024,1,0.00443202,0.540319,0.053041,40.0413,0.140328,5.08423e-07,1,0.00441607,0.542476,0.053041,40.0242,0.14056,5.26305e-07,False,nan|PVO.4,1200432
704_VRC01_Concordance|1200432|cc|7|1|PVO.4|5024,1,0.00443202,0.555366,0.053041,40.0413,0.140328,5.08423e-07,1,0.00441607,0.542477,0.053041,40.0242,0.14056,5.26305e-07,False,nan|PVO.4,1200432
704_VRC01_Concordance|1200432|cc|8|1|PVO.4|5024,1,0.00443202,0.579987,0.053041,40.0413,0.140328,5.08423e-07,1,0.00441607,0.542476,0.053041,40.0242,0.14056,5.26305e-07,False,nan|PVO.4,1200432
704_VRC01_Concordance|1200432|sample|10|PVO.4|5024,1,0.00443121,0.711517,0.00577824,40.0413,0.140328,5.08423e-07,1,0.00441526,0.711143,0.00577824,40.0242,0.14056,5.26305e-07,True,Clinical VRC01|PVO.4,1200432
704_VRC01_Concordance|1200432|sample|11|PVO.4|5024,1,0.00443121,0.656831,0.00577824,40.0413,0.140328,5.08423e-07,1,0.00441526,0.654489,0.00577824,40.0242,0.14056,5.26305e-07,True,Clinical VRC01|PVO.4,1200432
704_VRC01_Concordance|1200432|sample|12|PVO.4|5024,1,0.00443121,0.629834,0.00577824,40.0413,0.140328,5.08423e-07,1,0.00441526,0.631196,0.00577824,40.0242,0.14056,5.26305e-07,True,Clinical VRC01|PVO.4,1200432
704_VRC01_Concordance|1200432|sample|3|PVO.4|5024,1,0.00443121,0.623309,0.00577824,40.0413,0.140328,5.08423e-07,1,0.00441526,0.619994,0.00577824,40.0242,0.14056,5.26305e-07,True,Clinical VRC01|PVO.4,1200432
704_VRC01_Concordance|1200432|sample|4|PVO.4|5024,1,0.00443121,0.692572,0.00577824,40.0413,0.140328,5.08423e-07,1,0.00441526,0.693659,0.00577824,40.0242,0.14056,5.26305e-07,True,Clinical VRC01|PVO.4,1200432
704_VRC01_Concordance|1200432|sample|5|PVO.4|5024,1,0.00443121,0.715345,0.00577824,40.0413,0.140328,5.08423e-07,1,0.00441526,0.702147,0.00577824,40.0242,0.14056,5.26305e-07,True,Clinical VRC01|PVO.4,1200432
704_VRC01_Concordance|1200432|sample|6|PVO.4|5024,1,0.00443121,0.712966,0.00577824,40.0413,0.140328,5.08423e-07,1,0.00441526,0.719345,0.00577824,40.0242,0.14056,5.26305e-07,True,Clinical VRC01|PVO.4,1200432
704_VRC01_Concordance|1200432|sample|7|PVO.4|5024,1,0.00443121,0.651419,0.00577824,40.0413,0.140328,5.08423e-07,1,0.00441526,0.647109,0.00577824,40.0242,0.14056,5.26305e-07,True,Clinical VRC01|PVO.4,1200432
704_VRC01_Concordance|1200432|sample|8|PVO.4|5024,1,0.00443121,0.657626,0.00577824,40.0413,0.140328,5.08423e-07,1,0.00441526,0.655516,0.00577824,40.0242,0.14056,5.26305e-07,True,Clinical VRC01|PVO.4,1200432
704_VRC01_Concordance|1200432|sample|9|PVO.4|5024,1,0.00443121,0.701278,0.00577824,40.0413,0.140328,5.08423e-07,1,0.00441526,0.696129,0.00577824,40.0242,0.14056,5.26305e-07,True,Clinical VRC01|PVO.4,1200432
704_VRC01_Concordance|1200432|vc|1|2|PVO.4|5024,1,0.00443202,0.551725,0.053041,40.0413,0.140328,5.08423e-07,1,0.00441607,0.542477,0.053041,40.0242,0.14056,5.26305e-07,False,nan|PVO.4,1200432
704_VRC01_Concordance|1200432|vc|2|2|PVO.4|5024,1,0.00443202,0.554837,0.053041,40.0413,0.140328,5.08423e-07,1,0.00441607,0.542476,0.053041,40.0242,0.14056,5.26305e-07,False,nan|PVO.4,1200432
704_VRC01_Concordance|1200432|vc|3|2|PVO.4|5024,1,0.00443202,0.53484,0.053041,40.0413,0.140328,5.08423e-07,1,0.00441607,0.542477,0.053041,40.0242,0.14056,5.26305e-07,False,nan|PVO.4,1200432
704_VRC01_Concordance|1200432|vc|4|2|PVO.4|5024,1,0.00443202,0.548275,0.053041,40.0413,0.140328,5.08423e-07,1,0.00441607,0.542477,0.053041,40.0242,0.14056,5.26305e-07,False,nan|PVO.4,1200432
704_VRC01_Concordance|1200432|vc|5|2|PVO.4|5024,1,0.00443202,0.566235,0.053041,40.0413,0.140328,5.08423e-07,1,0.00441607,0.542476,0.053041,40.0242,0.14056,5.26305e-07,False,nan|PVO.4,1200432
704_VRC01_Concordance|1200432|vc|6|2|PVO.4|5024,1,0.00443202,0.546197,0.053041,40.0413,0.140328,5.08423e-07,1,0.00441607,0.542477,0.053041,40.0242,0.14056,5.26305e-07,False,nan|PVO.4,1200432
704_VRC01_Concordance|1200432|vc|7|2|PVO.4|5024,1,0.00443202,0.528841,0.053041,40.0413,0.140328,5.08423e-07,1,0.00441607,0.542476,0.053041,40.0242,0.14056,5.26305e-07,False,nan|PVO.4,1200432
704_VRC01_Concordance|1200432|vc|8|2|PVO.4|5024,1,0.00443202,0.582459,0.053041,40.0413,0.140328,5.08423e-07,1,0.00441607,0.542476,0.053041,40.0242,0.14056,5.26305e-07,False,nan|PVO.4,1200432
